time_sec,trial_id,goal_x,goal_y,goal_yaw,robot_x,robot_y,robot_yaw,target_error_m,nav_state,nav_success
1.5,1,nan,nan,nan,-2.0934221606438917e-20,2.808691786585286e-24,4.0601143545233094e-24,nan,BLOCKED mode=MANUAL estop=False external_stop=False,False
1.5,1,nan,nan,nan,1.8205026806102402e-20,4.370043756696918e-24,1.6407368029958414e-24,nan,BLOCKED mode=MANUAL estop=False external_stop=False,False
1.6,1,nan,nan,nan,-2.493094562382343e-19,1.761188619473493e-23,1.4403693186252289e-24,nan,BLOCKED mode=MANUAL estop=False external_stop=False,False
1.6,1,nan,nan,nan,-2.493094562382343e-19,1.761188619473493e-23,1.4403693186252289e-24,nan,BLOCKED mode=MANUAL estop=False external_stop=False,False
1.7000000000000002,1,nan,nan,nan,1.3476679122508813e-05,3.6134498233875747e-06,-4.1539039884302814e-05,nan,BLOCKED mode=MANUAL estop=False external_stop=False,False
1.7000000000000002,1,nan,nan,nan,1.3476679122508813e-05,3.6134498233875747e-06,-4.1539039884302814e-05,nan,BLOCKED mode=MANUAL estop=False external_stop=False,False
1.8,1,nan,nan,nan,1.4484621489324987e-05,3.641042656604987e-06,-6.30335344714692e-05,nan,BLOCKED mode=MANUAL estop=False external_stop=False,False
1.8,1,nan,nan,nan,1.4484621489324987e-05,3.641042656604987e-06,-6.30335344714692e-05,nan,BLOCKED mode=MANUAL estop=False external_stop=False,False
1.9000000000000001,1,nan,nan,nan,1.447072141935882e-05,3.550368180425638e-06,-6.288717862264598e-05,nan,BLOCKED mode=MANUAL estop=False external_stop=False,False
1.9000000000000001,1,nan,nan,nan,1.447072141935882e-05,3.550368180425638e-06,-6.288717862264598e-05,nan,BLOCKED mode=MANUAL estop=False external_stop=False,False
2.0,1,nan,nan,nan,1.4469152395071182e-05,3.55043214217449e-06,-6.29011158360385e-05,nan,BLOCKED mode=MANUAL estop=False external_stop=False,False
2.0,1,nan,nan,nan,1.4469152395071182e-05,3.55043214217449e-06,-6.29011158360385e-05,nan,BLOCKED mode=MANUAL estop=False external_stop=False,False
2.1,1,nan,nan,nan,1.4467553664478685e-05,3.5504894919163086e-06,-6.291572036045713e-05,nan,BLOCKED mode=MANUAL estop=False external_stop=False,False
2.1,1,nan,nan,nan,1.4467553664478685e-05,3.5504894919163086e-06,-6.291572036045713e-05,nan,BLOCKED mode=MANUAL estop=False external_stop=False,False
2.2,1,nan,nan,nan,1.4466035449145726e-05,3.5505444231171455e-06,-6.292953509982404e-05,nan,BLOCKED mode=MANUAL estop=False external_stop=False,False
2.2,1,nan,nan,nan,1.4466035449145726e-05,3.5505444231171455e-06,-6.292953509982404e-05,nan,BLOCKED mode=MANUAL estop=False external_stop=False,False
2.3000000000000003,1,nan,nan,nan,1.4464593060504827e-05,3.550596918294292e-06,-6.29426197853614e-05,nan,BLOCKED mode=MANUAL estop=False external_stop=False,False
2.3000000000000003,1,nan,nan,nan,1.4464593060504827e-05,3.550596918294292e-06,-6.29426197853614e-05,nan,BLOCKED mode=MANUAL estop=False external_stop=False,False
2.4000000000000004,1,nan,nan,nan,1.4463087934486009e-05,3.550651975934252e-06,-6.295623609159446e-05,nan,BLOCKED mode=MANUAL estop=False external_stop=False,False
2.4000000000000004,1,nan,nan,nan,1.4463087934486009e-05,3.550651975934252e-06,-6.295623609159446e-05,nan,BLOCKED mode=MANUAL estop=False external_stop=False,False
2.5,1,nan,nan,nan,1.446191610658309e-05,3.550695006395481e-06,-6.296681452679834e-05,nan,BLOCKED mode=MANUAL estop=False external_stop=False,False
2.5,1,nan,nan,nan,1.446191610658309e-05,3.550695006395481e-06,-6.296681452679834e-05,nan,BLOCKED mode=MANUAL estop=False external_stop=False,False
2.6,1,nan,nan,nan,1.4460673413059401e-05,3.550740770613057e-06,-6.297801442695984e-05,nan,BLOCKED mode=MANUAL estop=False external_stop=False,False
2.6,1,nan,nan,nan,1.4460673413059401e-05,3.550740770613057e-06,-6.297801442695984e-05,nan,BLOCKED mode=MANUAL estop=False external_stop=False,False
2.7,1,nan,nan,nan,1.4459489846559003e-05,3.5507844629492776e-06,-6.298866658322249e-05,nan,BLOCKED mode=MANUAL estop=False external_stop=False,False
2.7,1,nan,nan,nan,1.4459489846559003e-05,3.5507844629492776e-06,-6.298866658322249e-05,nan,BLOCKED mode=MANUAL estop=False external_stop=False,False
2.8000000000000003,1,nan,nan,nan,1.4458362246856695e-05,3.5508261690110634e-06,-6.299880360912145e-05,nan,BLOCKED mode=MANUAL estop=False external_stop=False,False
2.8000000000000003,1,nan,nan,nan,1.4458362246856695e-05,3.5508261690110634e-06,-6.299880360912145e-05,nan,BLOCKED mode=MANUAL estop=False external_stop=False,False
2.9000000000000004,1,nan,nan,nan,1.445728770321918e-05,3.5508659730019137e-06,-6.300845483302681e-05,nan,BLOCKED mode=MANUAL estop=False external_stop=False,False
2.9000000000000004,1,nan,nan,nan,1.445728770321918e-05,3.5508659730019137e-06,-6.300845483302681e-05,nan,BLOCKED mode=MANUAL estop=False external_stop=False,False
3.0,1,nan,nan,nan,1.4456263517475338e-05,3.5509039571761384e-06,-6.301764688751767e-05,nan,BLOCKED mode=MANUAL estop=False external_stop=False,False
3.0,1,nan,nan,nan,1.4456163770318196e-05,3.550907658600686e-06,-6.301854179504425e-05,nan,BLOCKED mode=MANUAL estop=False external_stop=False,False
3.1,1,nan,nan,nan,1.4455287175144777e-05,3.5509402014273563e-06,-6.302640416197686e-05,nan,BLOCKED mode=MANUAL estop=False external_stop=False,False
3.1,1,nan,nan,nan,1.4455287175144777e-05,3.5509402014273563e-06,-6.302640416197686e-05,nan,BLOCKED mode=MANUAL estop=False external_stop=False,False
3.2,1,nan,nan,nan,1.445435632248922e-05,3.5509747830766934e-06,-6.303474915534337e-05,nan,BLOCKED mode=MANUAL estop=False external_stop=False,False
3.2,1,nan,nan,nan,1.4454265652874673e-05,3.5509781526905164e-06,-6.303556179592648e-05,nan,BLOCKED mode=MANUAL estop=False external_stop=False,False
3.3000000000000003,1,nan,nan,nan,1.44534686077296e-05,3.5510073457862937e-06,-6.304270235578488e-05,nan,BLOCKED mode=MANUAL estop=False external_stop=False,False
3.3000000000000003,1,nan,nan,nan,1.44534686077296e-05,3.5510073457862937e-06,-6.304270235578488e-05,nan,BLOCKED mode=MANUAL estop=False external_stop=False,False
3.4000000000000004,1,nan,nan,nan,1.4452621910591445e-05,3.5510378564159826e-06,-6.305028319651039e-05,nan,BLOCKED mode=MANUAL estop=False external_stop=False,False
3.4000000000000004,1,nan,nan,nan,1.4452539428710726e-05,3.5510408295855392e-06,-6.305102155754383e-05,nan,BLOCKED mode=MANUAL estop=False external_stop=False,False
3.5,1,nan,nan,nan,1.4451814421976425e-05,3.5510669676262694e-06,-6.305751070264031e-05,nan,BLOCKED mode=MANUAL estop=False external_stop=False,False
3.5,1,nan,nan,nan,1.4451814421976425e-05,3.5510669676262694e-06,-6.305751070264031e-05,nan,BLOCKED mode=MANUAL estop=False external_stop=False,False
3.6,1,nan,nan,nan,1.4451044295051437e-05,3.55109476704235e-06,-6.306440186272119e-05,nan,BLOCKED mode=MANUAL estop=False external_stop=False,False
3.6,1,nan,nan,nan,1.4451044295051437e-05,3.55109476704235e-06,-6.306440186272119e-05,nan,BLOCKED mode=MANUAL estop=False external_stop=False,False
3.7,1,nan,nan,nan,1.4450309574463738e-05,3.55112153172622e-06,-6.307097281800456e-05,nan,BLOCKED mode=MANUAL estop=False external_stop=False,False
3.7,1,nan,nan,nan,1.4450309574463738e-05,3.55112153172622e-06,-6.307097281800456e-05,nan,BLOCKED mode=MANUAL estop=False external_stop=False,False
3.8000000000000003,1,nan,nan,nan,1.4449605801486893e-05,3.551149544565781e-06,-6.307724248915653e-05,nan,BLOCKED mode=MANUAL estop=False external_stop=False,False
3.8000000000000003,1,nan,nan,nan,1.4449605801486893e-05,3.551149544565781e-06,-6.307724248915653e-05,nan,BLOCKED mode=MANUAL estop=False external_stop=False,False
3.9000000000000004,1,nan,nan,nan,1.444893417648105e-05,3.551176288486201e-06,-6.308322409061055e-05,nan,BLOCKED mode=MANUAL estop=False external_stop=False,False
3.9000000000000004,1,nan,nan,nan,1.444893417648105e-05,3.551176288486201e-06,-6.308322409061055e-05,nan,BLOCKED mode=MANUAL estop=False external_stop=False,False
4.0,1,nan,nan,nan,1.444829190034442e-05,3.5512029341169903e-06,-6.308893274739263e-05,nan,BLOCKED mode=MANUAL estop=False external_stop=False,False
4.0,1,nan,nan,nan,1.444829190034442e-05,3.5512029341169903e-06,-6.308893274739263e-05,nan,BLOCKED mode=MANUAL estop=False external_stop=False,False
4.1000000000000005,1,nan,nan,nan,1.4447677888046893e-05,3.5512290206487766e-06,-6.30943825994011e-05,nan,BLOCKED mode=MANUAL estop=False external_stop=False,False
4.1000000000000005,1,nan,nan,nan,1.4447677888046893e-05,3.5512290206487766e-06,-6.30943825994011e-05,nan,BLOCKED mode=MANUAL estop=False external_stop=False,False
4.2,1,nan,nan,nan,1.4447091708768405e-05,3.551253925116548e-06,-6.309958447005311e-05,nan,BLOCKED mode=MANUAL estop=False external_stop=False,False
4.2,1,nan,nan,nan,1.4447091708768405e-05,3.551253925116548e-06,-6.309958447005311e-05,nan,BLOCKED mode=MANUAL estop=False external_stop=False,False
4.300000000000001,1,nan,nan,nan,1.4446532087792897e-05,3.5512777012657736e-06,-6.310454978045244e-05,nan,BLOCKED mode=MANUAL estop=False external_stop=False,False
4.300000000000001,1,nan,nan,nan,1.4446532087792897e-05,3.5512777012657736e-06,-6.310454978045244e-05,nan,BLOCKED mode=MANUAL estop=False external_stop=False,False
4.4,1,nan,nan,nan,1.444599781937684e-05,3.5513004002437964e-06,-6.310928924727046e-05,nan,BLOCKED mode=MANUAL estop=False external_stop=False,False
4.4,1,nan,nan,nan,1.444599781937684e-05,3.5513004002437964e-06,-6.310928924727046e-05,nan,BLOCKED mode=MANUAL estop=False external_stop=False,False
4.5,1,nan,nan,nan,1.4445487738400872e-05,3.5513220711526467e-06,-6.311381335680766e-05,nan,BLOCKED mode=MANUAL estop=False external_stop=False,False
4.5,1,nan,nan,nan,1.4445487738400872e-05,3.5513220711526467e-06,-6.311381335680766e-05,nan,BLOCKED mode=MANUAL estop=False external_stop=False,False
4.6000000000000005,1,nan,nan,nan,1.4444953267623278e-05,3.5513447775412946e-06,-6.311855292080162e-05,nan,BLOCKED mode=MANUAL estop=False external_stop=False,False
4.6000000000000005,1,nan,nan,nan,1.4444953267623278e-05,3.5513447775412946e-06,-6.311855292080162e-05,nan,BLOCKED mode=MANUAL estop=False external_stop=False,False
4.7,1,nan,nan,nan,1.444453577619917e-05,3.551362513450495e-06,-6.3122254418257e-05,nan,BLOCKED mode=MANUAL estop=False external_stop=False,False
4.7,1,nan,nan,nan,1.444453577619917e-05,3.551362513450495e-06,-6.3122254418257e-05,nan,BLOCKED mode=MANUAL estop=False external_stop=False,False
4.800000000000001,1,nan,nan,nan,1.4444091829697124e-05,3.551381372520176e-06,-6.312618986883877e-05,nan,BLOCKED mode=MANUAL estop=False external_stop=False,False
4.800000000000001,1,nan,nan,nan,1.4444091829697124e-05,3.551381372520176e-06,-6.312618986883877e-05,nan,BLOCKED mode=MANUAL estop=False external_stop=False,False
4.9,1,nan,nan,nan,1.4443667947131682e-05,3.5513993783798537e-06,-6.312994677306293e-05,nan,BLOCKED mode=MANUAL estop=False external_stop=False,False
4.9,1,nan,nan,nan,1.4443667947131682e-05,3.5513993783798537e-06,-6.312994677306293e-05,nan,BLOCKED mode=MANUAL estop=False external_stop=False,False
5.0,1,nan,nan,nan,1.4443263213765454e-05,3.5514165701548247e-06,-6.313353328800935e-05,nan,BLOCKED mode=MANUAL estop=False external_stop=False,False
5.0,1,nan,nan,nan,1.444322375967985e-05,3.5514182459866113e-06,-6.313388287085415e-05,nan,BLOCKED mode=MANUAL estop=False external_stop=False,False
5.1000000000000005,1,nan,nan,nan,1.4442876756876407e-05,3.551432984675296e-06,-6.313695719406414e-05,nan,BLOCKED mode=MANUAL estop=False external_stop=False,False
5.1000000000000005,1,nan,nan,nan,1.4442839083995506e-05,3.551434584752713e-06,-6.313729092997376e-05,nan,BLOCKED mode=MANUAL estop=False external_stop=False,False
5.2,1,nan,nan,nan,1.44425077437107e-05,3.5514486573136277e-06,-6.314022591378874e-05,nan,BLOCKED mode=MANUAL estop=False external_stop=False,False
5.2,1,nan,nan,nan,1.44425077437107e-05,3.5514486573136277e-06,-6.314022591378874e-05,nan,BLOCKED mode=MANUAL estop=False external_stop=False,False
5.300000000000001,1,nan,nan,nan,1.4442155379678985e-05,3.5514636218582895e-06,-6.314334652795405e-05,nan,BLOCKED mode=MANUAL estop=False external_stop=False,False
5.300000000000001,1,nan,nan,nan,1.4442155379678985e-05,3.5514636218582895e-06,-6.314334652795405e-05,nan,BLOCKED mode=MANUAL estop=False external_stop=False,False
5.4,1,nan,nan,nan,1.4441818906552576e-05,3.55147791055167e-06,-6.314632579274747e-05,nan,BLOCKED mode=MANUAL estop=False external_stop=False,False
5.4,1,nan,nan,nan,1.4441818906552576e-05,3.55147791055167e-06,-6.314632579274747e-05,nan,BLOCKED mode=MANUAL estop=False external_stop=False,False
5.5,1,nan,nan,nan,1.4441466277538185e-05,3.551492884192195e-06,-6.314944741046526e-05,nan,BLOCKED mode=MANUAL estop=False external_stop=False,False
5.5,1,nan,nan,nan,1.4441466277538185e-05,3.551492884192195e-06,-6.314944741046526e-05,nan,BLOCKED mode=MANUAL estop=False external_stop=False,False
5.6000000000000005,1,nan,nan,nan,1.444119077188849e-05,3.5515045820781664e-06,-6.315188576448053e-05,nan,BLOCKED mode=MANUAL estop=False external_stop=False,False
5.6000000000000005,1,nan,nan,nan,1.444119077188849e-05,3.5515045820781664e-06,-6.315188576448053e-05,nan,BLOCKED mode=MANUAL estop=False external_stop=False,False
5.7,1,nan,nan,nan,1.4440897761304207e-05,3.5515170223644375e-06,-6.315447848903157e-05,nan,BLOCKED mode=MANUAL estop=False external_stop=False,False
5.7,1,nan,nan,nan,1.4440897761304207e-05,3.5515170223644375e-06,-6.315447848903157e-05,nan,BLOCKED mode=MANUAL estop=False external_stop=False,False
5.800000000000001,1,nan,nan,nan,1.444061794886422e-05,3.5515289016046857e-06,-6.315695384018606e-05,nan,BLOCKED mode=MANUAL estop=False external_stop=False,False
5.800000000000001,1,nan,nan,nan,1.4440590669766784e-05,3.551530059669899e-06,-6.315719513204464e-05,nan,BLOCKED mode=MANUAL estop=False external_stop=False,False
5.9,1,nan,nan,nan,1.4440350727195081e-05,3.551540247491567e-06,-6.31593172418571e-05,nan,BLOCKED mode=MANUAL estop=False external_stop=False,False
5.9,1,nan,nan,nan,1.4440324675247862e-05,3.5515413538981647e-06,-6.315954762330136e-05,nan,BLOCKED mode=MANUAL estop=False external_stop=False,False
6.0,1,nan,nan,nan,1.44400955235587e-05,3.5515510853772997e-06,-6.316157379540147e-05,nan,BLOCKED mode=MANUAL estop=False external_stop=False,False
6.0,1,nan,nan,nan,1.44400955235587e-05,3.5515510853772997e-06,-6.316157379540147e-05,nan,BLOCKED mode=MANUAL estop=False external_stop=False,False
6.1000000000000005,1,nan,nan,nan,1.4439851791090986e-05,3.5515614352011466e-06,-6.316372836899132e-05,nan,BLOCKED mode=MANUAL estop=False external_stop=False,False
6.1000000000000005,1,nan,nan,nan,1.4439851791090986e-05,3.5515614352011466e-06,-6.316372836899132e-05,nan,BLOCKED mode=MANUAL estop=False external_stop=False,False
6.2,1,nan,nan,nan,1.4439619008077157e-05,3.55157131917605e-06,-6.316578560879679e-05,nan,BLOCKED mode=MANUAL estop=False external_stop=False,False
6.2,1,nan,nan,nan,1.4439619008077157e-05,3.55157131917605e-06,-6.316578560879679e-05,nan,BLOCKED mode=MANUAL estop=False external_stop=False,False
6.300000000000001,1,nan,nan,nan,1.4439396676630273e-05,3.5515807585038862e-06,-6.31677499485949e-05,nan,BLOCKED mode=MANUAL estop=False external_stop=False,False
6.300000000000001,1,nan,nan,nan,1.4439396676630273e-05,3.5515807585038862e-06,-6.31677499485949e-05,nan,BLOCKED mode=MANUAL estop=False external_stop=False,False
6.4,1,nan,nan,nan,1.4439184321607702e-05,3.551589773393219e-06,-6.316962561943925e-05,nan,BLOCKED mode=MANUAL estop=False external_stop=False,False
6.4,1,nan,nan,nan,1.4439184321607702e-05,3.551589773393219e-06,-6.316962561943925e-05,nan,BLOCKED mode=MANUAL estop=False external_stop=False,False
6.5,1,nan,nan,nan,1.443898148952494e-05,3.551598383157678e-06,-6.317141665943778e-05,nan,BLOCKED mode=MANUAL estop=False external_stop=False,False
6.5,1,nan,nan,nan,1.443898148952494e-05,3.551598383157678e-06,-6.317141665943778e-05,nan,BLOCKED mode=MANUAL estop=False external_stop=False,False
6.6000000000000005,1,nan,nan,nan,1.4438787747611499e-05,3.5516066062288463e-06,-6.317312692218272e-05,nan,BLOCKED mode=MANUAL estop=False external_stop=False,False
6.6000000000000005,1,nan,nan,nan,1.443876885731466e-05,3.5516074079514847e-06,-6.317329364873036e-05,nan,BLOCKED mode=MANUAL estop=False external_stop=False,False
6.7,1,nan,nan,nan,1.4438602682853107e-05,3.5516144601862007e-06,-6.31747600850187e-05,nan,BLOCKED mode=MANUAL estop=False external_stop=False,False
6.7,1,nan,nan,nan,1.4438584638287636e-05,3.5516152259336443e-06,-6.31749192973209e-05,nan,BLOCKED mode=MANUAL estop=False external_stop=False,False
6.800000000000001,1,nan,nan,nan,1.4438425901069377e-05,3.5516219618071766e-06,-6.317631965767714e-05,nan,BLOCKED mode=MANUAL estop=False external_stop=False,False
6.800000000000001,1,nan,nan,nan,1.4438408663823238e-05,3.551622693214184e-06,-6.317647169774748e-05,nan,BLOCKED mode=MANUAL estop=False external_stop=False,False
6.9,1,nan,nan,nan,1.4438257026078304e-05,3.551629127098349e-06,-6.317780898941456e-05,nan,BLOCKED mode=MANUAL estop=False external_stop=False,False
6.9,1,nan,nan,nan,1.4438257026078304e-05,3.551629127098349e-06,-6.317780898941456e-05,nan,BLOCKED mode=MANUAL estop=False external_stop=False,False
7.0,1,nan,nan,nan,1.4438095698856755e-05,3.551635971354028e-06,-6.317923127660815e-05,nan,BLOCKED mode=MANUAL estop=False external_stop=False,False
7.0,1,nan,nan,nan,1.4438079967930254e-05,3.5516366386894176e-06,-6.317936993656235e-05,nan,BLOCKED mode=MANUAL estop=False external_stop=False,False
7.1000000000000005,1,nan,nan,nan,1.4437941576745708e-05,3.551642509158504e-06,-6.318058957005332e-05,nan,BLOCKED mode=MANUAL estop=False external_stop=False,False
7.1000000000000005,1,nan,nan,nan,1.4437941576745708e-05,3.551642509158504e-06,-6.318058957005332e-05,nan,BLOCKED mode=MANUAL estop=False external_stop=False,False
7.2,1,nan,nan,nan,1.4437794340469941e-05,3.551648753529678e-06,-6.318188681135341e-05,nan,BLOCKED mode=MANUAL estop=False external_stop=False,False
7.2,1,nan,nan,nan,1.4437794340469941e-05,3.551648753529678e-06,-6.318188681135341e-05,nan,BLOCKED mode=MANUAL estop=False external_stop=False,False
7.300000000000001,1,nan,nan,nan,1.4437653797914729e-05,3.551654705778293e-06,-6.318312589610204e-05,nan,BLOCKED mode=MANUAL estop=False external_stop=False,False
7.300000000000001,1,nan,nan,nan,1.4437653797914729e-05,3.551654705778293e-06,-6.318312589610204e-05,nan,BLOCKED mode=MANUAL estop=False external_stop=False,False
7.4,1,nan,nan,nan,1.4437519532908223e-05,3.551660391360379e-06,-6.318430920591698e-05,nan,BLOCKED mode=MANUAL estop=False external_stop=False,False
7.4,1,nan,nan,nan,1.4437519532908223e-05,3.551660391360379e-06,-6.318430920591698e-05,nan,BLOCKED mode=MANUAL estop=False external_stop=False,False
7.500000000000001,1,nan,nan,nan,1.443739125771495e-05,3.551665822506374e-06,-6.318543928998716e-05,nan,BLOCKED mode=MANUAL estop=False external_stop=False,False
7.500000000000001,1,nan,nan,nan,1.443739125771495e-05,3.551665822506374e-06,-6.318543928998716e-05,nan,BLOCKED mode=MANUAL estop=False external_stop=False,False
7.6000000000000005,1,nan,nan,nan,1.443726870030775e-05,3.5516710107935508e-06,-6.318651857180517e-05,nan,BLOCKED mode=MANUAL estop=False external_stop=False,False
7.6000000000000005,1,nan,nan,nan,1.443726870030775e-05,3.5516710107935508e-06,-6.318651857180517e-05,nan,BLOCKED mode=MANUAL estop=False external_stop=False,False
7.7,1,nan,nan,nan,1.443715160108302e-05,3.5516759672518673e-06,-6.318754936400789e-05,nan,BLOCKED mode=MANUAL estop=False external_stop=False,False
7.7,1,nan,nan,nan,1.4437140181722464e-05,3.5516764505564703e-06,-6.318764986216479e-05,nan,BLOCKED mode=MANUAL estop=False external_stop=False,False
7.800000000000001,1,nan,nan,nan,1.443703971229484e-05,3.551680702425592e-06,-6.318853387358714e-05,nan,BLOCKED mode=MANUAL estop=False external_stop=False,False
7.800000000000001,1,nan,nan,nan,1.443703971229484e-05,3.551680702425592e-06,-6.318853387358714e-05,nan,BLOCKED mode=MANUAL estop=False external_stop=False,False
7.9,1,nan,nan,nan,1.4436932797502843e-05,3.551685226370168e-06,-6.318947420661241e-05,nan,BLOCKED mode=MANUAL estop=False external_stop=False,False
7.9,1,nan,nan,nan,1.4436932797502843e-05,3.551685226370168e-06,-6.318947420661241e-05,nan,BLOCKED mode=MANUAL estop=False external_stop=False,False
8.0,1,nan,nan,nan,1.4436830631066326e-05,3.551689548671351e-06,-6.319037237302564e-05,nan,BLOCKED mode=MANUAL estop=False external_stop=False,False
8.0,1,nan,nan,nan,1.4436820667203482e-05,3.551689970166517e-06,-6.319045994513764e-05,nan,BLOCKED mode=MANUAL estop=False external_stop=False,False
8.1,1,nan,nan,nan,1.4436732997640927e-05,3.5516936784898336e-06,-6.319123029097352e-05,nan,BLOCKED mode=MANUAL estop=False external_stop=False,False
8.1,1,nan,nan,nan,1.4436732997640927e-05,3.5516936784898336e-06,-6.319123029097352e-05,nan,BLOCKED mode=MANUAL estop=False external_stop=False,False
8.200000000000001,1,nan,nan,nan,1.4436630579539065e-05,3.55169801002347e-06,-6.319212990454781e-05,nan,BLOCKED mode=MANUAL estop=False external_stop=False,False
8.200000000000001,1,nan,nan,nan,1.4436630579539065e-05,3.55169801002347e-06,-6.319212990454781e-05,nan,BLOCKED mode=MANUAL estop=False external_stop=False,False
8.3,1,nan,nan,nan,1.4436550485334752e-05,3.5517013968510472e-06,-6.319283314183119e-05,nan,BLOCKED mode=MANUAL estop=False external_stop=False,False
8.3,1,nan,nan,nan,1.4436550485334752e-05,3.5517013968510472e-06,-6.319283314183119e-05,nan,BLOCKED mode=MANUAL estop=False external_stop=False,False
8.4,1,nan,nan,nan,1.4436465229821054e-05,3.551705001296391e-06,-6.319358133651716e-05,nan,BLOCKED mode=MANUAL estop=False external_stop=False,False
8.4,1,nan,nan,nan,1.4436465229821054e-05,3.551705001296391e-06,-6.319358133651716e-05,nan,BLOCKED mode=MANUAL estop=False external_stop=False,False
8.5,1,nan,nan,nan,1.4436383736930107e-05,3.551708446000161e-06,-6.3194296138184e-05,nan,BLOCKED mode=MANUAL estop=False external_stop=False,False
8.5,1,nan,nan,nan,1.4436383736930107e-05,3.551708446000161e-06,-6.3194296138184e-05,nan,BLOCKED mode=MANUAL estop=False external_stop=False,False
8.600000000000001,1,nan,nan,nan,1.4436305836466075e-05,3.5517117382049212e-06,-6.31949790626333e-05,nan,BLOCKED mode=MANUAL estop=False external_stop=False,False
8.600000000000001,1,nan,nan,nan,1.4436298237684982e-05,3.5517120593096173e-06,-6.319504565810744e-05,nan,BLOCKED mode=MANUAL estop=False external_stop=False,False
8.700000000000001,1,nan,nan,nan,1.4436231365992942e-05,3.5517148848232165e-06,-6.319563155668686e-05,nan,BLOCKED mode=MANUAL estop=False external_stop=False,False
8.700000000000001,1,nan,nan,nan,1.4436231365992942e-05,3.5517148848232165e-06,-6.319563155668686e-05,nan,BLOCKED mode=MANUAL estop=False external_stop=False,False
8.8,1,nan,nan,nan,1.4436160170486361e-05,3.5517178924361702e-06,-6.319625500079679e-05,nan,BLOCKED mode=MANUAL estop=False external_stop=False,False
8.8,1,nan,nan,nan,1.4436160170486361e-05,3.5517178924361702e-06,-6.319625500079679e-05,nan,BLOCKED mode=MANUAL estop=False external_stop=False,False
8.8,1,1.4436153225303771e-05,3.5517181857988817e-06,-0.15219861884420385,1.4436153225303771e-05,3.5517181857988817e-06,-6.319631579870032e-05,0.0,OBJECT_GOAL_PUBLISHED,
8.9,1,nan,nan,nan,1.4436092101963468e-05,3.5517207673325035e-06,-6.319685071287213e-05,nan,BLOCKED mode=MANUAL estop=False external_stop=False,False
8.9,1,nan,nan,nan,1.4436092101963468e-05,3.5517207673325035e-06,-6.319685071287213e-05,nan,BLOCKED mode=MANUAL estop=False external_stop=False,False
9.0,1,nan,nan,nan,1.4436027019208316e-05,3.5517235155222395e-06,-6.319741995038474e-05,nan,BLOCKED mode=MANUAL estop=False external_stop=False,False
9.0,1,nan,nan,nan,1.4436020669904389e-05,3.551723783593765e-06,-6.319747546474094e-05,nan,BLOCKED mode=MANUAL estop=False external_stop=False,False
9.100000000000001,1,nan,nan,nan,1.443596478743143e-05,3.5517261427263413e-06,-6.319796391341774e-05,nan,BLOCKED mode=MANUAL estop=False external_stop=False,False
9.100000000000001,1,nan,nan,nan,1.443596478743143e-05,3.5517261427263413e-06,-6.319796391341774e-05,nan,BLOCKED mode=MANUAL estop=False external_stop=False,False
9.200000000000001,1,nan,nan,nan,1.4435905277974425e-05,3.551728654430298e-06,-6.319848374766318e-05,nan,BLOCKED mode=MANUAL estop=False external_stop=False,False
9.200000000000001,1,nan,nan,nan,1.4435905277974425e-05,3.551728654430298e-06,-6.319848374766318e-05,nan,BLOCKED mode=MANUAL estop=False external_stop=False,False
9.3,1,nan,nan,nan,1.4435848368064826e-05,3.551731055838897e-06,-6.319898054596962e-05,nan,BLOCKED mode=MANUAL estop=False external_stop=False,False
9.3,1,nan,nan,nan,1.4435848368064826e-05,3.551731055838897e-06,-6.319898054596962e-05,nan,BLOCKED mode=MANUAL estop=False external_stop=False,False
9.4,1,nan,nan,nan,1.4435793940488853e-05,3.55173335194735e-06,-6.319945535202215e-05,nan,BLOCKED mode=MANUAL estop=False external_stop=False,False
9.4,1,nan,nan,nan,1.4435793940488853e-05,3.55173335194735e-06,-6.319945535202215e-05,nan,BLOCKED mode=MANUAL estop=False external_stop=False,False
9.5,1,nan,nan,nan,1.4435741883393509e-05,3.5517355474952175e-06,-6.319990916140189e-05,nan,BLOCKED mode=MANUAL estop=False external_stop=False,False
9.5,1,nan,nan,nan,1.4435736803904477e-05,3.551735761694432e-06,-6.319995342451598e-05,nan,BLOCKED mode=MANUAL estop=False external_stop=False,False
9.600000000000001,1,nan,nan,nan,1.443569208999757e-05,3.551737647033608e-06,-6.320034292469704e-05,nan,BLOCKED mode=MANUAL estop=False external_stop=False,False
9.600000000000001,1,nan,nan,nan,1.443569208999757e-05,3.551737647033608e-06,-6.320034292469704e-05,nan,BLOCKED mode=MANUAL estop=False external_stop=False,False
9.700000000000001,1,nan,nan,nan,1.4435644458275214e-05,3.5517396549020853e-06,-6.320075754907216e-05,nan,BLOCKED mode=MANUAL estop=False external_stop=False,False
9.700000000000001,1,nan,nan,nan,1.4435644458275214e-05,3.5517396549020853e-06,-6.320075754907216e-05,nan,BLOCKED mode=MANUAL estop=False external_stop=False,False
9.8,1,nan,nan,nan,1.443559889085613e-05,3.551741575236464e-06,-6.320115390074288e-05,nan,BLOCKED mode=MANUAL estop=False external_stop=False,False
9.8,1,nan,nan,nan,1.44355944440504e-05,3.5517417626061032e-06,-6.320119256302684e-05,nan,BLOCKED mode=MANUAL estop=False external_stop=False,False
9.9,1,nan,nan,nan,1.4435555295097539e-05,3.551743411967888e-06,-6.320153280548531e-05,nan,BLOCKED mode=MANUAL estop=False external_stop=False,False
9.9,1,nan,nan,nan,1.4435555295097539e-05,3.551743411967888e-06,-6.320153280548531e-05,nan,BLOCKED mode=MANUAL estop=False external_stop=False,False
10.0,1,nan,nan,nan,1.4435513582376297e-05,3.55174516886765e-06,-6.320189505191749e-05,nan,BLOCKED mode=MANUAL estop=False external_stop=False,False
10.0,1,nan,nan,nan,1.4435513582376297e-05,3.55174516886765e-06,-6.320189505191749e-05,nan,BLOCKED mode=MANUAL estop=False external_stop=False,False
10.100000000000001,1,nan,nan,nan,1.4435473668113702e-05,3.551746849515719e-06,-6.320224139257301e-05,nan,BLOCKED mode=MANUAL estop=False external_stop=False,False
10.100000000000001,1,nan,nan,nan,1.4435473668113702e-05,3.551746849515719e-06,-6.320224139257301e-05,nan,BLOCKED mode=MANUAL estop=False external_stop=False,False
10.200000000000001,1,nan,nan,nan,1.443543547156828e-05,3.5517484573612762e-06,-6.320257254586054e-05,nan,BLOCKED mode=MANUAL estop=False external_stop=False,False
10.200000000000001,1,nan,nan,nan,1.443543547156828e-05,3.5517484573612762e-06,-6.320257254586054e-05,nan,BLOCKED mode=MANUAL estop=False external_stop=False,False
10.3,1,nan,nan,nan,1.4435398915684907e-05,3.5517499956729694e-06,-6.320288919715269e-05,nan,BLOCKED mode=MANUAL estop=False external_stop=False,False
10.3,1,nan,nan,nan,1.4435398915684907e-05,3.5517499956729694e-06,-6.320288919715269e-05,nan,BLOCKED mode=MANUAL estop=False external_stop=False,False
10.4,1,nan,nan,nan,1.4435363926897949e-05,3.5517514675713087e-06,-6.320319200093269e-05,nan,BLOCKED mode=MANUAL estop=False external_stop=False,False
10.4,1,nan,nan,nan,1.4435363926897949e-05,3.5517514675713087e-06,-6.320319200093269e-05,nan,BLOCKED mode=MANUAL estop=False external_stop=False,False
10.5,1,nan,nan,nan,1.443533043499598e-05,3.5517528760470647e-06,-6.320348158165163e-05,nan,BLOCKED mode=MANUAL estop=False external_stop=False,False
10.5,1,nan,nan,nan,1.443533043499598e-05,3.5517528760470647e-06,-6.320348158165163e-05,nan,BLOCKED mode=MANUAL estop=False external_stop=False,False
10.600000000000001,1,nan,nan,nan,1.4435298372937982e-05,3.551754223941535e-06,-6.320375853570728e-05,nan,BLOCKED mode=MANUAL estop=False external_stop=False,False
10.600000000000001,1,nan,nan,nan,1.4435298372937982e-05,3.551754223941535e-06,-6.320375853570728e-05,nan,BLOCKED mode=MANUAL estop=False external_stop=False,False
10.700000000000001,1,nan,nan,nan,1.4435267676764299e-05,3.5517555139782323e-06,-6.32040234316914e-05,nan,BLOCKED mode=MANUAL estop=False external_stop=False,False
10.700000000000001,1,nan,nan,nan,1.4435267676764299e-05,3.5517555139782323e-06,-6.32040234316914e-05,nan,BLOCKED mode=MANUAL estop=False external_stop=False,False
10.8,1,nan,nan,nan,1.4435235415748688e-05,3.551756869280343e-06,-6.320430153779652e-05,nan,BLOCKED mode=MANUAL estop=False external_stop=False,False
10.8,1,nan,nan,nan,1.4435235415748688e-05,3.551756869280343e-06,-6.320430153779652e-05,nan,BLOCKED mode=MANUAL estop=False external_stop=False,False
10.9,1,nan,nan,nan,1.4435210140512786e-05,3.551757930731776e-06,-6.320451919750309e-05,nan,BLOCKED mode=MANUAL estop=False external_stop=False,False
10.9,1,nan,nan,nan,1.4435210140512786e-05,3.551757930731776e-06,-6.320451919750309e-05,nan,BLOCKED mode=MANUAL estop=False external_stop=False,False
11.0,1,nan,nan,nan,1.4435183186501158e-05,3.551759062295869e-06,-6.320475108020407e-05,nan,BLOCKED mode=MANUAL estop=False external_stop=False,False
11.0,1,nan,nan,nan,1.4435180554527375e-05,3.551759172767005e-06,-6.320477370929203e-05,nan,BLOCKED mode=MANUAL estop=False external_stop=False,False
11.100000000000001,1,nan,nan,nan,1.443515737020764e-05,3.551760145686715e-06,-6.320497293342382e-05,nan,BLOCKED mode=MANUAL estop=False external_stop=False,False
11.100000000000001,1,nan,nan,nan,1.443515737020764e-05,3.551760145686715e-06,-6.320497293342382e-05,nan,BLOCKED mode=MANUAL estop=False external_stop=False,False
11.200000000000001,1,nan,nan,nan,1.443513264092447e-05,3.551761183067645e-06,-6.32051852078171e-05,nan,BLOCKED mode=MANUAL estop=False external_stop=False,False
11.200000000000001,1,nan,nan,nan,1.443513264092447e-05,3.551761183067645e-06,-6.32051852078171e-05,nan,BLOCKED mode=MANUAL estop=False external_stop=False,False
11.3,1,nan,nan,nan,1.4435108950252804e-05,3.551762176491128e-06,-6.320538833341756e-05,nan,BLOCKED mode=MANUAL estop=False external_stop=False,False
11.3,1,nan,nan,nan,1.4435108950252804e-05,3.551762176491128e-06,-6.320538833341756e-05,nan,BLOCKED mode=MANUAL estop=False external_stop=False,False
11.4,1,nan,nan,nan,1.4435086251963044e-05,3.55176312792242e-06,-6.320558272110592e-05,nan,BLOCKED mode=MANUAL estop=False external_stop=False,False
11.4,1,nan,nan,nan,1.4435086251963044e-05,3.55176312792242e-06,-6.320558272110592e-05,nan,BLOCKED mode=MANUAL estop=False external_stop=False,False
11.5,1,nan,nan,nan,1.4435064501925898e-05,3.551764039232054e-06,-6.320576876303327e-05,nan,BLOCKED mode=MANUAL estop=False external_stop=False,False
11.5,1,nan,nan,nan,1.4435064501925898e-05,3.551764039232054e-06,-6.320576876303327e-05,nan,BLOCKED mode=MANUAL estop=False external_stop=False,False
11.600000000000001,1,nan,nan,nan,1.4435043658030436e-05,3.5517649122160097e-06,-6.320594683313441e-05,nan,BLOCKED mode=MANUAL estop=False external_stop=False,False
11.600000000000001,1,nan,nan,nan,1.4435043658030436e-05,3.5517649122160097e-06,-6.320594683313441e-05,nan,BLOCKED mode=MANUAL estop=False external_stop=False,False
11.700000000000001,1,nan,nan,nan,1.4435023680056795e-05,3.5517657485726827e-06,-6.320611728874263e-05,nan,BLOCKED mode=MANUAL estop=False external_stop=False,False
11.700000000000001,1,nan,nan,nan,1.4435023680056795e-05,3.5517657485726827e-06,-6.320611728874263e-05,nan,BLOCKED mode=MANUAL estop=False external_stop=False,False
11.8,1,nan,nan,nan,1.4435004529624065e-05,3.5517665499284973e-06,-6.320628047061851e-05,nan,BLOCKED mode=MANUAL estop=False external_stop=False,False
11.8,1,nan,nan,nan,1.4435004529624065e-05,3.5517665499284973e-06,-6.320628047061851e-05,nan,BLOCKED mode=MANUAL estop=False external_stop=False,False
11.9,1,nan,nan,nan,1.4434986170078178e-05,3.551767317849418e-06,-6.32064367042891e-05,nan,BLOCKED mode=MANUAL estop=False external_stop=False,False
11.9,1,nan,nan,nan,1.4434986170078178e-05,3.551767317849418e-06,-6.32064367042891e-05,nan,BLOCKED mode=MANUAL estop=False external_stop=False,False
12.0,1,nan,nan,nan,1.443496856643908e-05,3.5517680538351085e-06,-6.32065863002039e-05,nan,BLOCKED mode=MANUAL estop=False external_stop=False,False
12.0,1,nan,nan,nan,1.443496856643908e-05,3.5517680538351085e-06,-6.32065863002039e-05,nan,BLOCKED mode=MANUAL estop=False external_stop=False,False
12.100000000000001,1,nan,nan,nan,1.4434951685282805e-05,3.5517687592848228e-06,-6.320672955523959e-05,nan,BLOCKED mode=MANUAL estop=False external_stop=False,False
12.100000000000001,1,nan,nan,nan,1.4434951685282805e-05,3.5517687592848228e-06,-6.320672955523959e-05,nan,BLOCKED mode=MANUAL estop=False external_stop=False,False
12.200000000000001,1,nan,nan,nan,1.4434935494721558e-05,3.5517694355562573e-06,-6.320686675228686e-05,nan,BLOCKED mode=MANUAL estop=False external_stop=False,False
12.200000000000001,1,nan,nan,nan,1.4434933912465492e-05,3.5517695016292924e-06,-6.320688014931074e-05,nan,BLOCKED mode=MANUAL estop=False external_stop=False,False
12.3,1,nan,nan,nan,1.4434919964308365e-05,3.551770083943488e-06,-6.320699816152123e-05,nan,BLOCKED mode=MANUAL estop=False external_stop=False,False
12.3,1,nan,nan,nan,1.4434919964308365e-05,3.551770083943488e-06,-6.320699816152123e-05,nan,BLOCKED mode=MANUAL estop=False external_stop=False,False
12.4,1,nan,nan,nan,1.4434905064965782e-05,3.5517707056774086e-06,-6.320712404088604e-05,nan,BLOCKED mode=MANUAL estop=False external_stop=False,False
12.4,1,nan,nan,nan,1.4434905064965782e-05,3.5517707056774086e-06,-6.320712404088604e-05,nan,BLOCKED mode=MANUAL estop=False external_stop=False,False
12.5,1,nan,nan,nan,1.4434890768933161e-05,3.5517713019393866e-06,-6.320724463673786e-05,nan,BLOCKED mode=MANUAL estop=False external_stop=False,False
12.5,1,nan,nan,nan,1.4434890768933161e-05,3.5517713019393866e-06,-6.320724463673786e-05,nan,BLOCKED mode=MANUAL estop=False external_stop=False,False
12.600000000000001,1,nan,nan,nan,1.443487704969614e-05,3.551771873844107e-06,-6.320736018417291e-05,nan,BLOCKED mode=MANUAL estop=False external_stop=False,False
12.600000000000001,1,nan,nan,nan,1.443487704969614e-05,3.551771873844107e-06,-6.320736018417291e-05,nan,BLOCKED mode=MANUAL estop=False external_stop=False,False
12.700000000000001,1,nan,nan,nan,1.4434862594571122e-05,3.551772476096204e-06,-6.320748172291715e-05,nan,BLOCKED mode=MANUAL estop=False external_stop=False,False
12.700000000000001,1,nan,nan,nan,1.4434862594571122e-05,3.551772476096204e-06,-6.320748172291715e-05,nan,BLOCKED mode=MANUAL estop=False external_stop=False,False
12.8,1,nan,nan,nan,1.4434851241537624e-05,3.551772948856884e-06,-6.320757702115954e-05,nan,BLOCKED mode=MANUAL estop=False external_stop=False,False
12.8,1,nan,nan,nan,1.4434851241537624e-05,3.551772948856884e-06,-6.320757702115954e-05,nan,BLOCKED mode=MANUAL estop=False external_stop=False,False
12.9,1,nan,nan,nan,1.44348391053677e-05,3.551773453976477e-06,-6.320767872956041e-05,nan,BLOCKED mode=MANUAL estop=False external_stop=False,False
12.9,1,nan,nan,nan,1.44348391053677e-05,3.551773453976477e-06,-6.320767872956041e-05,nan,BLOCKED mode=MANUAL estop=False external_stop=False,False
13.0,1,nan,nan,nan,1.443482745139457e-05,3.551773938759504e-06,-6.320777622827975e-05,nan,BLOCKED mode=MANUAL estop=False external_stop=False,False
13.0,1,nan,nan,nan,1.443482745139457e-05,3.551773938759504e-06,-6.320777622827975e-05,nan,BLOCKED mode=MANUAL estop=False external_stop=False,False
13.100000000000001,1,nan,nan,nan,1.4434816258599535e-05,3.551774404107207e-06,-6.320786970336697e-05,nan,BLOCKED mode=MANUAL estop=False external_stop=False,False
13.100000000000001,1,nan,nan,nan,1.4434816258599535e-05,3.551774404107207e-06,-6.320786970336697e-05,nan,BLOCKED mode=MANUAL estop=False external_stop=False,False
13.200000000000001,1,nan,nan,nan,1.4434805506880706e-05,3.551774850860777e-06,-6.320795933288366e-05,nan,BLOCKED mode=MANUAL estop=False external_stop=False,False
13.200000000000001,1,nan,nan,nan,1.4434805506880706e-05,3.551774850860777e-06,-6.320795933288366e-05,nan,BLOCKED mode=MANUAL estop=False external_stop=False,False
13.3,1,nan,nan,nan,1.4434795177051747e-05,3.551775279837541e-06,-6.32080452867906e-05,nan,BLOCKED mode=MANUAL estop=False external_stop=False,False
13.3,1,nan,nan,nan,1.4434795177051747e-05,3.551775279837541e-06,-6.32080452867906e-05,nan,BLOCKED mode=MANUAL estop=False external_stop=False,False
13.4,1,nan,nan,nan,1.4434785250794443e-05,3.5517756918172445e-06,-6.320812772719747e-05,nan,BLOCKED mode=MANUAL estop=False external_stop=False,False
13.4,1,nan,nan,nan,1.4434785250794443e-05,3.5517756918172445e-06,-6.320812772719747e-05,nan,BLOCKED mode=MANUAL estop=False external_stop=False,False
13.5,1,nan,nan,nan,1.4434775710598668e-05,3.5517760875376535e-06,-6.320820680920284e-05,nan,BLOCKED mode=MANUAL estop=False external_stop=False,False
13.5,1,nan,nan,nan,1.4434775710598668e-05,3.5517760875376535e-06,-6.320820680920284e-05,nan,BLOCKED mode=MANUAL estop=False external_stop=False,False
13.600000000000001,1,nan,nan,nan,1.4434765642369044e-05,3.5517765049032e-06,-6.320829009658102e-05,nan,BLOCKED mode=MANUAL estop=False external_stop=False,False
13.600000000000001,1,nan,nan,nan,1.4434765642369044e-05,3.5517765049032e-06,-6.320829009658102e-05,nan,BLOCKED mode=MANUAL estop=False external_stop=False,False
13.700000000000001,1,nan,nan,nan,1.4434757722320209e-05,3.551776833019306e-06,-6.320835548240134e-05,nan,BLOCKED mode=MANUAL estop=False external_stop=False,False
13.700000000000001,1,nan,nan,nan,1.443475685941808e-05,3.551776868756227e-06,-6.320836259902936e-05,nan,BLOCKED mode=MANUAL estop=False external_stop=False,False
13.8,1,nan,nan,nan,1.4434749243022057e-05,3.5517771840981447e-06,-6.320842534979156e-05,nan,BLOCKED mode=MANUAL estop=False external_stop=False,False
13.8,1,nan,nan,nan,1.4434749243022057e-05,3.5517771840981447e-06,-6.320842534979156e-05,nan,BLOCKED mode=MANUAL estop=False external_stop=False,False
13.9,1,nan,nan,nan,1.4434740973428546e-05,3.551777527595076e-06,-6.320849245966515e-05,nan,BLOCKED mode=MANUAL estop=False external_stop=False,False
13.9,1,nan,nan,nan,1.4434740973428546e-05,3.551777527595076e-06,-6.320849245966515e-05,nan,BLOCKED mode=MANUAL estop=False external_stop=False,False
14.0,1,nan,nan,nan,1.4434732809248519e-05,3.5517778682556364e-06,-6.32085572231015e-05,nan,BLOCKED mode=MANUAL estop=False external_stop=False,False
14.0,1,nan,nan,nan,1.4434732007908322e-05,3.5517779016875945e-06,-6.320856357075995e-05,nan,BLOCKED mode=MANUAL estop=False external_stop=False,False
14.100000000000001,1,nan,nan,nan,1.443472491590719e-05,3.5517781975030364e-06,-6.320861967762301e-05,nan,BLOCKED mode=MANUAL estop=False external_stop=False,False
14.100000000000001,1,nan,nan,nan,1.443472491590719e-05,3.5517781975030364e-06,-6.320861967762301e-05,nan,BLOCKED mode=MANUAL estop=False external_stop=False,False
14.200000000000001,1,nan,nan,nan,1.4434717282559579e-05,3.551778515820287e-06,-6.320867991988607e-05,nan,BLOCKED mode=MANUAL estop=False external_stop=False,False
14.200000000000001,1,nan,nan,nan,1.4434717282559579e-05,3.551778515820287e-06,-6.320867991988607e-05,nan,BLOCKED mode=MANUAL estop=False external_stop=False,False
14.3,1,nan,nan,nan,1.4434709898652938e-05,3.551778823657466e-06,-6.320873804299495e-05,nan,BLOCKED mode=MANUAL estop=False external_stop=False,False
14.3,1,nan,nan,nan,1.4434709898652938e-05,3.551778823657466e-06,-6.320873804299495e-05,nan,BLOCKED mode=MANUAL estop=False external_stop=False,False
14.4,1,nan,nan,nan,1.443470275411583e-05,3.5517791214316133e-06,-6.320879413555324e-05,nan,BLOCKED mode=MANUAL estop=False external_stop=False,False
14.4,1,nan,nan,nan,1.443470275411583e-05,3.5517791214316133e-06,-6.320879413555324e-05,nan,BLOCKED mode=MANUAL estop=False external_stop=False,False
14.500000000000002,1,nan,nan,nan,1.4434695839323405e-05,3.5517794095412746e-06,-6.320884828218624e-05,nan,BLOCKED mode=MANUAL estop=False external_stop=False,False
14.500000000000002,1,nan,nan,nan,1.4434695839323405e-05,3.5517794095412746e-06,-6.320884828218624e-05,nan,BLOCKED mode=MANUAL estop=False external_stop=False,False
14.600000000000001,1,nan,nan,nan,1.4434689145080975e-05,3.551779688381461e-06,-6.320890056359998e-05,nan,BLOCKED mode=MANUAL estop=False external_stop=False,False
14.600000000000001,1,nan,nan,nan,1.4434688487443839e-05,3.5517797157696995e-06,-6.320890569217681e-05,nan,BLOCKED mode=MANUAL estop=False external_stop=False,False
14.700000000000001,1,nan,nan,nan,1.4434682662585265e-05,3.5517799583225323e-06,-6.320895105717691e-05,nan,BLOCKED mode=MANUAL estop=False external_stop=False,False
14.700000000000001,1,nan,nan,nan,1.4434682662585265e-05,3.5517799583225323e-06,-6.320895105717691e-05,nan,BLOCKED mode=MANUAL estop=False external_stop=False,False
14.8,1,nan,nan,nan,1.4434676383439183e-05,3.551780219725031e-06,-6.320899983648282e-05,nan,BLOCKED mode=MANUAL estop=False external_stop=False,False
14.8,1,nan,nan,nan,1.4434676383439183e-05,3.551780219725031e-06,-6.320899983648282e-05,nan,BLOCKED mode=MANUAL estop=False external_stop=False,False
14.9,1,nan,nan,nan,1.4434670299597644e-05,3.5517804729207023e-06,-6.320904697207145e-05,nan,BLOCKED mode=MANUAL estop=False external_stop=False,False
14.9,1,nan,nan,nan,1.4434670299597644e-05,3.5517804729207023e-06,-6.320904697207145e-05,nan,BLOCKED mode=MANUAL estop=False external_stop=False,False
15.000000000000002,1,nan,nan,nan,1.4434664403380348e-05,3.5517807182397427e-06,-6.320909253119338e-05,nan,BLOCKED mode=MANUAL estop=False external_stop=False,False
15.000000000000002,1,nan,nan,nan,1.443466382379265e-05,3.551780742351792e-06,-6.320909700290144e-05,nan,BLOCKED mode=MANUAL estop=False external_stop=False,False
15.100000000000001,1,nan,nan,nan,1.4434658687433401e-05,3.5517809559934723e-06,-6.320913657825349e-05,nan,BLOCKED mode=MANUAL estop=False external_stop=False,False
15.100000000000001,1,nan,nan,nan,1.4434658687433401e-05,3.5517809559934723e-06,-6.320913657825349e-05,nan,BLOCKED mode=MANUAL estop=False external_stop=False,False
15.200000000000001,1,nan,nan,nan,1.4434653144721382e-05,3.551781186483905e-06,-6.320917917483905e-05,nan,BLOCKED mode=MANUAL estop=False external_stop=False,False
15.200000000000001,1,nan,nan,nan,1.4434653144721382e-05,3.551781186483905e-06,-6.320917917483905e-05,nan,BLOCKED mode=MANUAL estop=False external_stop=False,False
15.3,1,nan,nan,nan,1.4434647768512242e-05,3.5517814099869753e-06,-6.320922037969e-05,nan,BLOCKED mode=MANUAL estop=False external_stop=False,False
15.3,1,nan,nan,nan,1.4434647768512242e-05,3.5517814099869753e-06,-6.320922037969e-05,nan,BLOCKED mode=MANUAL estop=False external_stop=False,False
15.4,1,nan,nan,nan,1.4434642552388587e-05,3.551781626776221e-06,-6.32092602489635e-05,nan,BLOCKED mode=MANUAL estop=False external_stop=False,False
15.4,1,nan,nan,nan,1.4434642552388587e-05,3.551781626776221e-06,-6.32092602489635e-05,nan,BLOCKED mode=MANUAL estop=False external_stop=False,False
15.500000000000002,1,nan,nan,nan,1.4434637490197623e-05,3.55178183712107e-06,-6.32092988361944e-05,nan,BLOCKED mode=MANUAL estop=False external_stop=False,False
15.500000000000002,1,nan,nan,nan,1.4434637490197623e-05,3.55178183712107e-06,-6.32092988361944e-05,nan,BLOCKED mode=MANUAL estop=False external_stop=False,False
15.600000000000001,1,nan,nan,nan,1.4434632576051415e-05,3.551782041261608e-06,-6.320933619280023e-05,nan,BLOCKED mode=MANUAL estop=False external_stop=False,False
15.600000000000001,1,nan,nan,nan,1.443463209255844e-05,3.5517820613434753e-06,-6.320933986270413e-05,nan,BLOCKED mode=MANUAL estop=False external_stop=False,False
15.700000000000001,1,nan,nan,nan,1.4434627804307082e-05,3.5517822394321584e-06,-6.320937236794649e-05,nan,BLOCKED mode=MANUAL estop=False external_stop=False,False
15.700000000000001,1,nan,nan,nan,1.4434627804307082e-05,3.5517822394321584e-06,-6.320937236794649e-05,nan,BLOCKED mode=MANUAL estop=False external_stop=False,False
15.8,1,nan,nan,nan,1.4434623169585737e-05,3.5517824318689854e-06,-6.32094074084442e-05,nan,BLOCKED mode=MANUAL estop=False external_stop=False,False
15.8,1,nan,nan,nan,1.4434622713448261e-05,3.5517824508072572e-06,-6.320941085183865e-05,nan,BLOCKED mode=MANUAL estop=False external_stop=False,False
15.9,1,nan,nan,nan,1.4434618666724532e-05,3.5517826187906285e-06,-6.320944135921768e-05,nan,BLOCKED mode=MANUAL estop=False external_stop=False,False
15.9,1,nan,nan,nan,1.4434618223497958e-05,3.5517826371863333e-06,-6.320944469601993e-05,nan,BLOCKED mode=MANUAL estop=False external_stop=False,False
16.0,1,nan,nan,nan,1.4434613859998522e-05,3.551782818277582e-06,-6.320947749744067e-05,nan,BLOCKED mode=MANUAL estop=False external_stop=False,False
16.0,1,nan,nan,nan,1.4434613859998522e-05,3.551782818277582e-06,-6.320947749744067e-05,nan,BLOCKED mode=MANUAL estop=False external_stop=False,False
16.1,1,nan,nan,nan,1.4434610037053312e-05,3.551782976903309e-06,-6.320950616120534e-05,nan,BLOCKED mode=MANUAL estop=False external_stop=False,False
16.1,1,nan,nan,nan,1.4434610037053312e-05,3.551782976903309e-06,-6.320950616120534e-05,nan,BLOCKED mode=MANUAL estop=False external_stop=False,False
16.2,1,nan,nan,nan,1.4434605900997707e-05,3.5517831484887057e-06,-6.32095370926614e-05,nan,BLOCKED mode=MANUAL estop=False external_stop=False,False
16.2,1,nan,nan,nan,1.4434605900997707e-05,3.5517831484887057e-06,-6.32095370926614e-05,nan,BLOCKED mode=MANUAL estop=False external_stop=False,False
16.3,1,nan,nan,nan,1.443460187829417e-05,3.5517833153436796e-06,-6.320956709491554e-05,nan,BLOCKED mode=MANUAL estop=False external_stop=False,False
16.3,1,nan,nan,nan,1.443460187829417e-05,3.5517833153436796e-06,-6.320956709491554e-05,nan,BLOCKED mode=MANUAL estop=False external_stop=False,False
16.400000000000002,1,nan,nan,nan,1.4434597964789601e-05,3.551783477634512e-06,-6.320959620406825e-05,nan,BLOCKED mode=MANUAL estop=False external_stop=False,False
16.400000000000002,1,nan,nan,nan,1.4434597964789601e-05,3.551783477634512e-06,-6.320959620406825e-05,nan,BLOCKED mode=MANUAL estop=False external_stop=False,False
16.5,1,nan,nan,nan,1.4434594156509912e-05,3.551783635526783e-06,-6.32096244544556e-05,nan,BLOCKED mode=MANUAL estop=False external_stop=False,False
16.5,1,nan,nan,nan,1.4434594156509912e-05,3.551783635526783e-06,-6.32096244544556e-05,nan,BLOCKED mode=MANUAL estop=False external_stop=False,False
16.6,1,nan,nan,nan,1.4434590449653491e-05,3.551783789188162e-06,-6.320965187897045e-05,nan,BLOCKED mode=MANUAL estop=False external_stop=False,False
16.6,1,nan,nan,nan,1.4434590449653491e-05,3.551783789188162e-06,-6.320965187897045e-05,nan,BLOCKED mode=MANUAL estop=False external_stop=False,False
16.7,1,nan,nan,nan,1.4434586840582069e-05,3.5517839387705696e-06,-6.320967850891704e-05,nan,BLOCKED mode=MANUAL estop=False external_stop=False,False
16.7,1,nan,nan,nan,1.4434586840582069e-05,3.5517839387705696e-06,-6.320967850891704e-05,nan,BLOCKED mode=MANUAL estop=False external_stop=False,False
16.8,1,nan,nan,nan,1.4434583325811675e-05,3.551784084422428e-06,-6.32097043743691e-05,nan,BLOCKED mode=MANUAL estop=False external_stop=False,False
16.8,1,nan,nan,nan,1.4434583325811675e-05,3.551784084422428e-06,-6.32097043743691e-05,nan,BLOCKED mode=MANUAL estop=False external_stop=False,False
16.900000000000002,1,nan,nan,nan,1.4434579564487213e-05,3.5517842402661725e-06,-6.320973197780851e-05,nan,BLOCKED mode=MANUAL estop=False external_stop=False,False
16.900000000000002,1,nan,nan,nan,1.4434579564487213e-05,3.5517842402661725e-06,-6.320973197780851e-05,nan,BLOCKED mode=MANUAL estop=False external_stop=False,False
17.0,1,nan,nan,nan,1.4434576237030496e-05,3.551784378115143e-06,-6.320975633008676e-05,nan,BLOCKED mode=MANUAL estop=False external_stop=False,False
17.0,1,nan,nan,nan,1.4434576237030496e-05,3.551784378115143e-06,-6.320975633008676e-05,nan,BLOCKED mode=MANUAL estop=False external_stop=False,False
17.1,1,nan,nan,nan,1.4434573314549793e-05,3.5517844991743747e-06,-6.320977766572397e-05,nan,BLOCKED mode=MANUAL estop=False external_stop=False,False
17.1,1,nan,nan,nan,1.4434573314549793e-05,3.5517844991743747e-06,-6.320977766572397e-05,nan,BLOCKED mode=MANUAL estop=False external_stop=False,False
17.200000000000003,1,nan,nan,nan,1.4434570144910917e-05,3.5517846304535514e-06,-6.320980074920038e-05,nan,BLOCKED mode=MANUAL estop=False external_stop=False,False
17.200000000000003,1,nan,nan,nan,1.4434570144910917e-05,3.5517846304535514e-06,-6.320980074920038e-05,nan,BLOCKED mode=MANUAL estop=False external_stop=False,False
17.3,1,nan,nan,nan,1.4434567054195496e-05,3.551784758448287e-06,-6.320982320035745e-05,nan,BLOCKED mode=MANUAL estop=False external_stop=False,False
17.3,1,nan,nan,nan,1.4434566749359426e-05,3.5517847710709335e-06,-6.320982541160823e-05,nan,BLOCKED mode=MANUAL estop=False external_stop=False,False
17.400000000000002,1,nan,nan,nan,1.443456403969993e-05,3.551784883276264e-06,-6.320984504235224e-05,nan,BLOCKED mode=MANUAL estop=False external_stop=False,False
17.400000000000002,1,nan,nan,nan,1.443456403969993e-05,3.551784883276264e-06,-6.320984504235224e-05,nan,BLOCKED mode=MANUAL estop=False external_stop=False,False
17.5,1,nan,nan,nan,1.4434561098834007e-05,3.5517850050465264e-06,-6.320986629733687e-05,nan,BLOCKED mode=MANUAL estop=False external_stop=False,False
17.5,1,nan,nan,nan,1.4434561098834007e-05,3.5517850050465264e-06,-6.320986629733687e-05,nan,BLOCKED mode=MANUAL estop=False external_stop=False,False
17.6,1,nan,nan,nan,1.4434558229108732e-05,3.5517851238581244e-06,-6.320988698658959e-05,nan,BLOCKED mode=MANUAL estop=False external_stop=False,False
17.6,1,nan,nan,nan,1.4434558229108732e-05,3.5517851238581244e-06,-6.320988698658959e-05,nan,BLOCKED mode=MANUAL estop=False external_stop=False,False
17.700000000000003,1,nan,nan,nan,1.4434555428144993e-05,3.5517852398133972e-06,-6.320990713038521e-05,nan,BLOCKED mode=MANUAL estop=False external_stop=False,False
17.700000000000003,1,nan,nan,nan,1.4434555428144993e-05,3.5517852398133972e-06,-6.320990713038521e-05,nan,BLOCKED mode=MANUAL estop=False external_stop=False,False
17.8,1,nan,nan,nan,1.443455269365974e-05,3.5517853530170242e-06,-6.320992674816681e-05,nan,BLOCKED mode=MANUAL estop=False external_stop=False,False
17.8,1,nan,nan,nan,1.443455269365974e-05,3.5517853530170242e-06,-6.320992674816681e-05,nan,BLOCKED mode=MANUAL estop=False external_stop=False,False
17.900000000000002,1,nan,nan,nan,1.4434550023450557e-05,3.551785463550318e-06,-6.320994585869433e-05,nan,BLOCKED mode=MANUAL estop=False external_stop=False,False
17.900000000000002,1,nan,nan,nan,1.4434550023450557e-05,3.551785463550318e-06,-6.320994585869433e-05,nan,BLOCKED mode=MANUAL estop=False external_stop=False,False
18.0,1,nan,nan,nan,1.443454741541433e-05,3.5517855715048527e-06,-6.320996447991623e-05,nan,BLOCKED mode=MANUAL estop=False external_stop=False,False
18.0,1,nan,nan,nan,1.44345471579527e-05,3.5517855821622454e-06,-6.32099663157827e-05,nan,BLOCKED mode=MANUAL estop=False external_stop=False,False
18.1,1,nan,nan,nan,1.4434544867535906e-05,3.5517856769653005e-06,-6.320998262879171e-05,nan,BLOCKED mode=MANUAL estop=False external_stop=False,False
18.1,1,nan,nan,nan,1.4434544615981434e-05,3.5517856873775542e-06,-6.320998441833234e-05,nan,BLOCKED mode=MANUAL estop=False external_stop=False,False
18.200000000000003,1,nan,nan,nan,1.4434542377878683e-05,3.5517857800134006e-06,-6.321000032173088e-05,nan,BLOCKED mode=MANUAL estop=False external_stop=False,False
18.200000000000003,1,nan,nan,nan,1.4434542132041834e-05,3.551785790189031e-06,-6.321000206655808e-05,nan,BLOCKED mode=MANUAL estop=False external_stop=False,False
18.3,1,nan,nan,nan,1.4434539944589283e-05,3.5517858807318907e-06,-6.32100175744101e-05,nan,BLOCKED mode=MANUAL estop=False external_stop=False,False
18.3,1,nan,nan,nan,1.4434539944589283e-05,3.5517858807318907e-06,-6.32100175744101e-05,nan,BLOCKED mode=MANUAL estop=False external_stop=False,False
18.400000000000002,1,nan,nan,nan,1.443453756586748e-05,3.551785979196403e-06,-6.321003440208962e-05,nan,BLOCKED mode=MANUAL estop=False external_stop=False,False
18.400000000000002,1,nan,nan,nan,1.443453756586748e-05,3.551785979196403e-06,-6.321003440208962e-05,nan,BLOCKED mode=MANUAL estop=False external_stop=False,False
18.5,1,nan,nan,nan,1.443453524001467e-05,3.551786075471432e-06,-6.321005081899934e-05,nan,BLOCKED mode=MANUAL estop=False external_stop=False,False
18.5,1,nan,nan,nan,1.443453524001467e-05,3.551786075471432e-06,-6.321005081899934e-05,nan,BLOCKED mode=MANUAL estop=False external_stop=False,False
18.6,1,nan,nan,nan,1.4434532965368542e-05,3.5517861696333898e-06,-6.321006683924917e-05,nan,BLOCKED mode=MANUAL estop=False external_stop=False,False
18.6,1,nan,nan,nan,1.4434532965368542e-05,3.5517861696333898e-06,-6.321006683924917e-05,nan,BLOCKED mode=MANUAL estop=False external_stop=False,False
18.700000000000003,1,nan,nan,nan,1.4434530740358694e-05,3.5517862617395005e-06,-6.321008247589612e-05,nan,BLOCKED mode=MANUAL estop=False external_stop=False,False
18.700000000000003,1,nan,nan,nan,1.4434530740358694e-05,3.5517862617395005e-06,-6.321008247589612e-05,nan,BLOCKED mode=MANUAL estop=False external_stop=False,False
18.8,1,nan,nan,nan,1.4434528563452685e-05,3.5517863518646463e-06,-6.321009774193332e-05,nan,BLOCKED mode=MANUAL estop=False external_stop=False,False
18.8,1,nan,nan,nan,1.44345283483504e-05,3.5517863607705223e-06,-6.321009924864098e-05,nan,BLOCKED mode=MANUAL estop=False external_stop=False,False
18.900000000000002,1,nan,nan,nan,1.4434526433193888e-05,3.5517864400630455e-06,-6.321011264958076e-05,nan,BLOCKED mode=MANUAL estop=False external_stop=False,False
18.900000000000002,1,nan,nan,nan,1.4434526433193888e-05,3.5517864400630455e-06,-6.321011264958076e-05,nan,BLOCKED mode=MANUAL estop=False external_stop=False,False
19.0,1,nan,nan,nan,1.443452434816743e-05,3.551786526392954e-06,-6.32101272106219e-05,nan,BLOCKED mode=MANUAL estop=False external_stop=False,False
19.0,1,nan,nan,nan,1.443452434816743e-05,3.551786526392954e-06,-6.32101272106219e-05,nan,BLOCKED mode=MANUAL estop=False external_stop=False,False
19.1,1,nan,nan,nan,1.4434522307038073e-05,3.551786610909496e-06,-6.321014143609169e-05,nan,BLOCKED mode=MANUAL estop=False external_stop=False,False
19.1,1,nan,nan,nan,1.4434522105288895e-05,3.5517866192637333e-06,-6.321014284060871e-05,nan,BLOCKED mode=MANUAL estop=False external_stop=False,False
19.200000000000003,1,nan,nan,nan,1.4434520308503825e-05,3.5517866936725284e-06,-6.321015533691844e-05,nan,BLOCKED mode=MANUAL estop=False external_stop=False,False
19.200000000000003,1,nan,nan,nan,1.4434520308503825e-05,3.5517866936725284e-06,-6.321015533691844e-05,nan,BLOCKED mode=MANUAL estop=False external_stop=False,False
19.3,1,nan,nan,nan,1.4434518351312615e-05,3.5517867747354797e-06,-6.321016892353509e-05,nan,BLOCKED mode=MANUAL estop=False external_stop=False,False
19.3,1,nan,nan,nan,1.4434518351312615e-05,3.5517867747354797e-06,-6.321016892353509e-05,nan,BLOCKED mode=MANUAL estop=False external_stop=False,False
19.400000000000002,1,nan,nan,nan,1.4434516434270435e-05,3.5517868541479178e-06,-6.32101822058094e-05,nan,BLOCKED mode=MANUAL estop=False external_stop=False,False
19.400000000000002,1,nan,nan,nan,1.4434516434270435e-05,3.5517868541479178e-06,-6.32101822058094e-05,nan,BLOCKED mode=MANUAL estop=False external_stop=False,False
19.5,1,nan,nan,nan,1.4434514556217162e-05,3.5517869319556134e-06,-6.321019519332624e-05,nan,BLOCKED mode=MANUAL estop=False external_stop=False,False
19.5,1,nan,nan,nan,1.4434514556217162e-05,3.5517869319556134e-06,-6.321019519332624e-05,nan,BLOCKED mode=MANUAL estop=False external_stop=False,False
19.6,1,nan,nan,nan,1.4434512716032253e-05,3.551787008202657e-06,-6.3210207895494e-05,nan,BLOCKED mode=MANUAL estop=False external_stop=False,False
19.6,1,nan,nan,nan,1.4434512716032253e-05,3.551787008202657e-06,-6.3210207895494e-05,nan,BLOCKED mode=MANUAL estop=False external_stop=False,False
19.700000000000003,1,nan,nan,nan,1.4434510912656387e-05,3.55178708293684e-06,-6.321022032089655e-05,nan,BLOCKED mode=MANUAL estop=False external_stop=False,False
19.700000000000003,1,nan,nan,nan,1.4434510912656387e-05,3.55178708293684e-06,-6.321022032089655e-05,nan,BLOCKED mode=MANUAL estop=False external_stop=False,False
19.8,1,nan,nan,nan,1.4434509145055197e-05,3.5517871562031126e-06,-6.321023247812686e-05,nan,BLOCKED mode=MANUAL estop=False external_stop=False,False
19.8,1,nan,nan,nan,1.4434509145055197e-05,3.5517871562031126e-06,-6.321023247812686e-05,nan,BLOCKED mode=MANUAL estop=False external_stop=False,False
19.900000000000002,1,nan,nan,nan,1.4434507412237552e-05,3.5517872280418e-06,-6.321024437528195e-05,nan,BLOCKED mode=MANUAL estop=False external_stop=False,False
19.900000000000002,1,nan,nan,nan,1.4434507412237552e-05,3.5517872280418e-06,-6.321024437528195e-05,nan,BLOCKED mode=MANUAL estop=False external_stop=False,False
20.0,1,nan,nan,nan,1.443450571324644e-05,3.5517872984949e-06,-6.321025602025042e-05,nan,BLOCKED mode=MANUAL estop=False external_stop=False,False
20.0,1,nan,nan,nan,1.443450571324644e-05,3.5517872984949e-06,-6.321025602025042e-05,nan,BLOCKED mode=MANUAL estop=False external_stop=False,False
20.1,1,nan,nan,nan,1.4434504047164602e-05,3.5517873676016535e-06,-6.32102674204486e-05,nan,BLOCKED mode=MANUAL estop=False external_stop=False,False
20.1,1,nan,nan,nan,1.4434504047164602e-05,3.5517873676016535e-06,-6.32102674204486e-05,nan,BLOCKED mode=MANUAL estop=False external_stop=False,False
20.200000000000003,1,nan,nan,nan,1.4434502413100073e-05,3.5517874353855998e-06,-6.321027858330845e-05,nan,BLOCKED mode=MANUAL estop=False external_stop=False,False
20.200000000000003,1,nan,nan,nan,1.4434502413100073e-05,3.5517874353855998e-06,-6.321027858330845e-05,nan,BLOCKED mode=MANUAL estop=False external_stop=False,False
20.3,1,nan,nan,nan,1.4434500810196823e-05,3.551787501892937e-06,-6.321028951568089e-05,nan,BLOCKED mode=MANUAL estop=False external_stop=False,False
20.3,1,nan,nan,nan,1.4434500810196823e-05,3.551787501892937e-06,-6.321028951568089e-05,nan,BLOCKED mode=MANUAL estop=False external_stop=False,False
20.400000000000002,1,nan,nan,nan,1.4434499237636577e-05,3.5517875671594983e-06,-6.321030022422763e-05,nan,BLOCKED mode=MANUAL estop=False external_stop=False,False
20.400000000000002,1,nan,nan,nan,1.4434499237636577e-05,3.5517875671594983e-06,-6.321030022422763e-05,nan,BLOCKED mode=MANUAL estop=False external_stop=False,False
20.5,1,nan,nan,nan,1.4434497694616369e-05,3.5517876312145786e-06,-6.32103107154954e-05,nan,BLOCKED mode=MANUAL estop=False external_stop=False,False
20.5,1,nan,nan,nan,1.4434497694616369e-05,3.5517876312145786e-06,-6.32103107154954e-05,nan,BLOCKED mode=MANUAL estop=False external_stop=False,False
20.6,1,nan,nan,nan,1.4434496180370829e-05,3.551787694090888e-06,-6.321032099577015e-05,nan,BLOCKED mode=MANUAL estop=False external_stop=False,False
20.6,1,nan,nan,nan,1.4434496030499825e-05,3.5517877003150157e-06,-6.32103220124158e-05,nan,BLOCKED mode=MANUAL estop=False external_stop=False,False
20.700000000000003,1,nan,nan,nan,1.4434494694164265e-05,3.5517877558207e-06,-6.321033107081756e-05,nan,BLOCKED mode=MANUAL estop=False external_stop=False,False
20.700000000000003,1,nan,nan,nan,1.4434494694164265e-05,3.5517877558207e-06,-6.321033107081756e-05,nan,BLOCKED mode=MANUAL estop=False external_stop=False,False
20.8,1,nan,nan,nan,1.4434493235278527e-05,3.5517878164386617e-06,-6.321034094655374e-05,nan,BLOCKED mode=MANUAL estop=False external_stop=False,False
20.8,1,nan,nan,nan,1.443449309086624e-05,3.551787822439292e-06,-6.32103419233553e-05,nan,BLOCKED mode=MANUAL estop=False external_stop=False,False
20.900000000000002,1,nan,nan,nan,1.4434491803028446e-05,3.551787875970087e-06,-6.32103506283655e-05,nan,BLOCKED mode=MANUAL estop=False external_stop=False,False
20.900000000000002,1,nan,nan,nan,1.4434491803028446e-05,3.551787875970087e-06,-6.32103506283655e-05,nan,BLOCKED mode=MANUAL estop=False external_stop=False,False
21.0,1,nan,nan,nan,1.4434490257523611e-05,3.5517879402216727e-06,-6.321036106079143e-05,nan,BLOCKED mode=MANUAL estop=False external_stop=False,False
21.0,1,nan,nan,nan,1.4434490257523611e-05,3.5517879402216727e-06,-6.321036106079143e-05,nan,BLOCKED mode=MANUAL estop=False external_stop=False,False
21.1,1,nan,nan,nan,1.4434489015792667e-05,3.551787991867831e-06,-6.321036943156654e-05,nan,BLOCKED mode=MANUAL estop=False external_stop=False,False
21.1,1,nan,nan,nan,1.4434488879065361e-05,3.5517879975527674e-06,-6.321037035265638e-05,nan,BLOCKED mode=MANUAL estop=False external_stop=False,False
21.200000000000003,1,nan,nan,nan,1.443448765954742e-05,3.5517880482926802e-06,-6.321037856295906e-05,nan,BLOCKED mode=MANUAL estop=False external_stop=False,False
21.200000000000003,1,nan,nan,nan,1.443448765954742e-05,3.5517880482926802e-06,-6.321037856295906e-05,nan,BLOCKED mode=MANUAL estop=False external_stop=False,False
21.3,1,nan,nan,nan,1.443448632740514e-05,3.551788103727219e-06,-6.32103875207264e-05,nan,BLOCKED mode=MANUAL estop=False external_stop=False,False
21.3,1,nan,nan,nan,1.443448632740514e-05,3.551788103727219e-06,-6.32103875207264e-05,nan,BLOCKED mode=MANUAL estop=False external_stop=False,False
21.400000000000002,1,nan,nan,nan,1.4434485018791253e-05,3.551788158208268e-06,-6.321039630939847e-05,nan,BLOCKED mode=MANUAL estop=False external_stop=False,False
21.400000000000002,1,nan,nan,nan,1.4434485018791253e-05,3.551788158208268e-06,-6.321039630939847e-05,nan,BLOCKED mode=MANUAL estop=False external_stop=False,False
21.5,1,nan,nan,nan,1.443448373314468e-05,3.5517882117540395e-06,-6.321040493342002e-05,nan,BLOCKED mode=MANUAL estop=False external_stop=False,False
21.5,1,nan,nan,nan,1.443448373314468e-05,3.5517882117540395e-06,-6.321040493342002e-05,nan,BLOCKED mode=MANUAL estop=False external_stop=False,False
21.6,1,nan,nan,nan,1.4434482469924082e-05,3.551788264387833e-06,-6.321041339712621e-05,nan,BLOCKED mode=MANUAL estop=False external_stop=False,False
21.6,1,nan,nan,nan,1.4434482469924082e-05,3.551788264387833e-06,-6.321041339712621e-05,nan,BLOCKED mode=MANUAL estop=False external_stop=False,False
21.700000000000003,1,nan,nan,nan,1.443448122860257e-05,3.5517883161235724e-06,-6.321042170453223e-05,nan,BLOCKED mode=MANUAL estop=False external_stop=False,False
21.700000000000003,1,nan,nan,nan,1.443448122860257e-05,3.5517883161235724e-06,-6.321042170453223e-05,nan,BLOCKED mode=MANUAL estop=False external_stop=False,False
21.8,1,nan,nan,nan,1.4434480008676125e-05,3.5517883669912695e-06,-6.321042985974072e-05,nan,BLOCKED mode=MANUAL estop=False external_stop=False,False
21.8,1,nan,nan,nan,1.4434480008676125e-05,3.5517883669912695e-06,-6.321042985974072e-05,nan,BLOCKED mode=MANUAL estop=False external_stop=False,False
21.900000000000002,1,nan,nan,nan,1.4434478809646873e-05,3.551788417004421e-06,-6.321043786662767e-05,nan,BLOCKED mode=MANUAL estop=False external_stop=False,False
21.900000000000002,1,nan,nan,nan,1.4434478690874856e-05,3.551788421958857e-06,-6.321043865927431e-05,nan,BLOCKED mode=MANUAL estop=False external_stop=False,False
22.0,1,nan,nan,nan,1.4434477631044019e-05,3.5517884661884173e-06,-6.321044572881837e-05,nan,BLOCKED mode=MANUAL estop=False external_stop=False,False
22.0,1,nan,nan,nan,1.4434477514287493e-05,3.5517884710611852e-06,-6.321044650723476e-05,nan,BLOCKED mode=MANUAL estop=False external_stop=False,False
22.1,1,nan,nan,nan,1.4434476472405413e-05,3.551788514559288e-06,-6.321045344993561e-05,nan,BLOCKED mode=MANUAL estop=False external_stop=False,False
22.1,1,nan,nan,nan,1.4434476472405413e-05,3.551788514559288e-06,-6.321045344993561e-05,nan,BLOCKED mode=MANUAL estop=False external_stop=False,False
22.200000000000003,1,nan,nan,nan,1.4434475220434299e-05,3.5517885668545527e-06,-6.321046178434576e-05,nan,BLOCKED mode=MANUAL estop=False external_stop=False,False
22.200000000000003,1,nan,nan,nan,1.4434475220434299e-05,3.5517885668545527e-06,-6.321046178434576e-05,nan,BLOCKED mode=MANUAL estop=False external_stop=False,False
22.3,1,nan,nan,nan,1.443447421327026e-05,3.551788608944848e-06,-6.321046848250272e-05,nan,BLOCKED mode=MANUAL estop=False external_stop=False,False
22.3,1,nan,nan,nan,1.443447421327026e-05,3.551788608944848e-06,-6.321046848250272e-05,nan,BLOCKED mode=MANUAL estop=False external_stop=False,False
22.400000000000002,1,nan,nan,nan,1.4434473002794221e-05,3.5517886595561157e-06,-6.321047652527841e-05,nan,BLOCKED mode=MANUAL estop=False external_stop=False,False
22.400000000000002,1,nan,nan,nan,1.4434473002794221e-05,3.5517886595561157e-06,-6.321047652527841e-05,nan,BLOCKED mode=MANUAL estop=False external_stop=False,False
22.5,1,nan,nan,nan,1.4434472028833605e-05,3.551788700294771e-06,-6.321048299071681e-05,nan,BLOCKED mode=MANUAL estop=False external_stop=False,False
22.5,1,nan,nan,nan,1.443447192151145e-05,3.5517887047827005e-06,-6.321048370285846e-05,nan,BLOCKED mode=MANUAL estop=False external_stop=False,False
22.6,1,nan,nan,nan,1.4434470963615633e-05,3.5517887448739236e-06,-6.321049005603374e-05,nan,BLOCKED mode=MANUAL estop=False external_stop=False,False
22.6,1,nan,nan,nan,1.4434470963615633e-05,3.5517887448739236e-06,-6.321049005603374e-05,nan,BLOCKED mode=MANUAL estop=False external_stop=False,False
22.700000000000003,1,nan,nan,nan,1.443446991589185e-05,3.55178878873655e-06,-6.32104969993505e-05,nan,BLOCKED mode=MANUAL estop=False external_stop=False,False
22.700000000000003,1,nan,nan,nan,1.4434469812066184e-05,3.551788793084801e-06,-6.321049768708048e-05,nan,BLOCKED mode=MANUAL estop=False external_stop=False,False
22.8,1,nan,nan,nan,1.4434468885293733e-05,3.5517888319208716e-06,-6.321050382342177e-05,nan,BLOCKED mode=MANUAL estop=False external_stop=False,False
22.8,1,nan,nan,nan,1.4434468885293733e-05,3.5517888319208716e-06,-6.321050382342177e-05,nan,BLOCKED mode=MANUAL estop=False external_stop=False,False
22.900000000000002,1,nan,nan,nan,1.4434467871460453e-05,3.5517888744146956e-06,-6.321051053103772e-05,nan,BLOCKED mode=MANUAL estop=False external_stop=False,False
22.900000000000002,1,nan,nan,nan,1.4434467871460453e-05,3.5517888744146956e-06,-6.321051053103772e-05,nan,BLOCKED mode=MANUAL estop=False external_stop=False,False
23.0,1,nan,nan,nan,1.4434466775192885e-05,3.551788920400669e-06,-6.321051777811044e-05,nan,BLOCKED mode=MANUAL estop=False external_stop=False,False
23.0,1,nan,nan,nan,1.4434466775192885e-05,3.551788920400669e-06,-6.321051777811044e-05,nan,BLOCKED mode=MANUAL estop=False external_stop=False,False
23.1,1,nan,nan,nan,1.4434465892706476e-05,3.5517889574313334e-06,-6.321052360746061e-05,nan,BLOCKED mode=MANUAL estop=False external_stop=False,False
23.1,1,nan,nan,nan,1.4434465892706476e-05,3.5517889574313334e-06,-6.321052360746061e-05,nan,BLOCKED mode=MANUAL estop=False external_stop=False,False
23.200000000000003,1,nan,nan,nan,1.4434464927116555e-05,3.551788997971456e-06,-6.321052998131617e-05,nan,BLOCKED mode=MANUAL estop=False external_stop=False,False
23.200000000000003,1,nan,nan,nan,1.4434464927116555e-05,3.551788997971456e-06,-6.321052998131617e-05,nan,BLOCKED mode=MANUAL estop=False external_stop=False,False
23.3,1,nan,nan,nan,1.4434463976952014e-05,3.5517890378909126e-06,-6.321053624889177e-05,nan,BLOCKED mode=MANUAL estop=False external_stop=False,False
23.3,1,nan,nan,nan,1.4434463882772558e-05,3.5517890418506354e-06,-6.321053686990097e-05,nan,BLOCKED mode=MANUAL estop=False external_stop=False,False
23.400000000000002,1,nan,nan,nan,1.443446294923192e-05,3.551789081093853e-06,-6.321054302309914e-05,nan,BLOCKED mode=MANUAL estop=False external_stop=False,False
23.400000000000002,1,nan,nan,nan,1.443446294923192e-05,3.551789081093853e-06,-6.321054302309914e-05,nan,BLOCKED mode=MANUAL estop=False external_stop=False,False
23.5,1,nan,nan,nan,1.443446212168856e-05,3.551789115896418e-06,-6.321054847425646e-05,nan,BLOCKED mode=MANUAL estop=False external_stop=False,False
23.5,1,nan,nan,nan,1.443446212168856e-05,3.551789115896418e-06,-6.321054847425646e-05,nan,BLOCKED mode=MANUAL estop=False external_stop=False,False
23.6,1,nan,nan,nan,1.4434461215993292e-05,3.5517891540173285e-06,-6.321055443648315e-05,nan,BLOCKED mode=MANUAL estop=False external_stop=False,False
23.6,1,nan,nan,nan,1.4434461215993292e-05,3.5517891540173285e-06,-6.321055443648315e-05,nan,BLOCKED mode=MANUAL estop=False external_stop=False,False
23.700000000000003,1,nan,nan,nan,1.4434460324530937e-05,3.5517891915553143e-06,-6.321056030138768e-05,nan,BLOCKED mode=MANUAL estop=False external_stop=False,False
23.700000000000003,1,nan,nan,nan,1.4434460324530937e-05,3.5517891915553143e-06,-6.321056030138768e-05,nan,BLOCKED mode=MANUAL estop=False external_stop=False,False
23.8,1,nan,nan,nan,1.443445944704138e-05,3.5517892285400186e-06,-6.32105660708289e-05,nan,BLOCKED mode=MANUAL estop=False external_stop=False,False
23.8,1,nan,nan,nan,1.443445936005138e-05,3.5517892322097266e-06,-6.321056664256119e-05,nan,BLOCKED mode=MANUAL estop=False external_stop=False,False
23.900000000000002,1,nan,nan,nan,1.4434458583236266e-05,3.5517892649628283e-06,-6.321057174703307e-05,nan,BLOCKED mode=MANUAL estop=False external_stop=False,False
23.900000000000002,1,nan,nan,nan,1.4434458583236266e-05,3.5517892649628283e-06,-6.321057174703307e-05,nan,BLOCKED mode=MANUAL estop=False external_stop=False,False
24.0,1,nan,nan,nan,1.4434457648559368e-05,3.551789304403227e-06,-6.321057788521788e-05,nan,BLOCKED mode=MANUAL estop=False external_stop=False,False
24.0,1,nan,nan,nan,1.4434457648559368e-05,3.551789304403227e-06,-6.321057788521788e-05,nan,BLOCKED mode=MANUAL estop=False external_stop=False,False
24.1,1,nan,nan,nan,1.4434456895671971e-05,3.5517893361932322e-06,-6.321058282693034e-05,nan,BLOCKED mode=MANUAL estop=False external_stop=False,False
24.1,1,nan,nan,nan,1.4434456812666305e-05,3.5517893396978683e-06,-6.321058337156953e-05,nan,BLOCKED mode=MANUAL estop=False external_stop=False,False
24.200000000000003,1,nan,nan,nan,1.4434456071398125e-05,3.551789371018983e-06,-6.321058823451105e-05,nan,BLOCKED mode=MANUAL estop=False external_stop=False,False
24.200000000000003,1,nan,nan,nan,1.4434456071398125e-05,3.551789371018983e-06,-6.321058823451105e-05,nan,BLOCKED mode=MANUAL estop=False external_stop=False,False
24.3,1,nan,nan,nan,1.4434455259817706e-05,3.5517894053399758e-06,-6.321059355599991e-05,nan,BLOCKED mode=MANUAL estop=False external_stop=False,False
24.3,1,nan,nan,nan,1.4434455259817706e-05,3.5517894053399758e-06,-6.321059355599991e-05,nan,BLOCKED mode=MANUAL estop=False external_stop=False,False
24.400000000000002,1,nan,nan,nan,1.443445446068073e-05,3.5517894391462444e-06,-6.321059879340943e-05,nan,BLOCKED mode=MANUAL estop=False external_stop=False,False
24.400000000000002,1,nan,nan,nan,1.443445446068073e-05,3.5517894391462444e-06,-6.321059879340943e-05,nan,BLOCKED mode=MANUAL estop=False external_stop=False,False
24.5,1,nan,nan,nan,1.443445367376327e-05,3.5517894724665275e-06,-6.32106039482757e-05,nan,BLOCKED mode=MANUAL estop=False external_stop=False,False
24.5,1,nan,nan,nan,1.443445367376327e-05,3.5517894724665275e-06,-6.32106039482757e-05,nan,BLOCKED mode=MANUAL estop=False external_stop=False,False
24.6,1,nan,nan,nan,1.4434452898852772e-05,3.551789505300594e-06,-6.321060902207267e-05,nan,BLOCKED mode=MANUAL estop=False external_stop=False,False
24.6,1,nan,nan,nan,1.4434452898852772e-05,3.551789505300594e-06,-6.321060902207267e-05,nan,BLOCKED mode=MANUAL estop=False external_stop=False,False
24.700000000000003,1,nan,nan,nan,1.443445213570082e-05,3.551789537657077e-06,-6.321061401683305e-05,nan,BLOCKED mode=MANUAL estop=False external_stop=False,False
24.700000000000003,1,nan,nan,nan,1.443445213570082e-05,3.551789537657077e-06,-6.321061401683305e-05,nan,BLOCKED mode=MANUAL estop=False external_stop=False,False
24.8,1,nan,nan,nan,1.4434451384117791e-05,3.5517895695587328e-06,-6.321061893369988e-05,nan,BLOCKED mode=MANUAL estop=False external_stop=False,False
24.8,1,nan,nan,nan,1.4434451384117791e-05,3.5517895695587328e-06,-6.321061893369988e-05,nan,BLOCKED mode=MANUAL estop=False external_stop=False,False
24.900000000000002,1,nan,nan,nan,1.4434450643887288e-05,3.551789600997604e-06,-6.321062377437028e-05,nan,BLOCKED mode=MANUAL estop=False external_stop=False,False
24.900000000000002,1,nan,nan,nan,1.4434450570483841e-05,3.551789604116473e-06,-6.321062425425212e-05,nan,BLOCKED mode=MANUAL estop=False external_stop=False,False
25.0,1,nan,nan,nan,1.4434449914801163e-05,3.5517896319750605e-06,-6.321062854036635e-05,nan,BLOCKED mode=MANUAL estop=False external_stop=False,False
25.0,1,nan,nan,nan,1.4434449914801163e-05,3.5517896319750605e-06,-6.321062854036635e-05,nan,BLOCKED mode=MANUAL estop=False external_stop=False,False
25.1,1,nan,nan,nan,1.4434449196684988e-05,3.5517896625223292e-06,-6.321063323276005e-05,nan,BLOCKED mode=MANUAL estop=False external_stop=False,False
25.1,1,nan,nan,nan,1.4434449125464244e-05,3.551789665549377e-06,-6.321063369803879e-05,nan,BLOCKED mode=MANUAL estop=False external_stop=False,False
25.200000000000003,1,nan,nan,nan,1.4434448489324948e-05,3.5517896926387055e-06,-6.32106378531716e-05,nan,BLOCKED mode=MANUAL estop=False external_stop=False,False
25.200000000000003,1,nan,nan,nan,1.4434448489324948e-05,3.5517896926387055e-06,-6.32106378531716e-05,nan,BLOCKED mode=MANUAL estop=False external_stop=False,False
25.3,1,nan,nan,nan,1.4434447792508568e-05,3.5517897223145146e-06,-6.321064240346162e-05,nan,BLOCKED mode=MANUAL estop=False external_stop=False,False
25.3,1,nan,nan,nan,1.4434447792508568e-05,3.5517897223145146e-06,-6.321064240346162e-05,nan,BLOCKED mode=MANUAL estop=False external_stop=False,False
25.400000000000002,1,nan,nan,nan,1.4434447106103064e-05,3.551789751584102e-06,-6.321064688401932e-05,nan,BLOCKED mode=MANUAL estop=False external_stop=False,False
25.400000000000002,1,nan,nan,nan,1.4434447038024107e-05,3.5517897544880683e-06,-6.321064732835968e-05,nan,BLOCKED mode=MANUAL estop=False external_stop=False,False
25.5,1,nan,nan,nan,1.4434446429893335e-05,3.5517897804489925e-06,-6.321065129674202e-05,nan,BLOCKED mode=MANUAL estop=False external_stop=False,False
25.5,1,nan,nan,nan,1.4434446429893335e-05,3.5517897804489925e-06,-6.321065129674202e-05,nan,BLOCKED mode=MANUAL estop=False external_stop=False,False
25.6,1,nan,nan,nan,1.4434445763704716e-05,3.551789808899359e-06,-6.321065564281356e-05,nan,BLOCKED mode=MANUAL estop=False external_stop=False,False
25.6,1,nan,nan,nan,1.4434445763704716e-05,3.551789808899359e-06,-6.321065564281356e-05,nan,BLOCKED mode=MANUAL estop=False external_stop=False,False
25.700000000000003,1,nan,nan,nan,1.4434445107391392e-05,3.5517898369581976e-06,-6.321065992303051e-05,nan,BLOCKED mode=MANUAL estop=False external_stop=False,False
25.700000000000003,1,nan,nan,nan,1.4434445107391392e-05,3.5517898369581976e-06,-6.321065992303051e-05,nan,BLOCKED mode=MANUAL estop=False external_stop=False,False
25.8,1,nan,nan,nan,1.4434444460753913e-05,3.5517898646224397e-06,-6.321066413917235e-05,nan,BLOCKED mode=MANUAL estop=False external_stop=False,False
25.8,1,nan,nan,nan,1.4434444460753913e-05,3.5517898646224397e-06,-6.321066413917235e-05,nan,BLOCKED mode=MANUAL estop=False external_stop=False,False
25.900000000000002,1,nan,nan,nan,1.4434443823661976e-05,3.5517898919072704e-06,-6.321066829171174e-05,nan,BLOCKED mode=MANUAL estop=False external_stop=False,False
25.900000000000002,1,nan,nan,nan,1.4434443823661976e-05,3.5517898919072704e-06,-6.321066829171174e-05,nan,BLOCKED mode=MANUAL estop=False external_stop=False,False
26.0,1,nan,nan,nan,1.4434443195909383e-05,3.5517899188059773e-06,-6.321067238264794e-05,nan,BLOCKED mode=MANUAL estop=False external_stop=False,False
26.0,1,nan,nan,nan,1.4434443195909383e-05,3.5517899188059773e-06,-6.321067238264794e-05,nan,BLOCKED mode=MANUAL estop=False external_stop=False,False
26.1,1,nan,nan,nan,1.4434442577384207e-05,3.551789945350159e-06,-6.32106764122586e-05,nan,BLOCKED mode=MANUAL estop=False external_stop=False,False
26.1,1,nan,nan,nan,1.4434442577384207e-05,3.551789945350159e-06,-6.32106764122586e-05,nan,BLOCKED mode=MANUAL estop=False external_stop=False,False
26.200000000000003,1,nan,nan,nan,1.4434441967904033e-05,3.551789971522937e-06,-6.321068038217863e-05,nan,BLOCKED mode=MANUAL estop=False external_stop=False,False
26.200000000000003,1,nan,nan,nan,1.4434441967904033e-05,3.551789971522937e-06,-6.321068038217863e-05,nan,BLOCKED mode=MANUAL estop=False external_stop=False,False
26.3,1,nan,nan,nan,1.4434441367333404e-05,3.5517899973357495e-06,-6.321068429312791e-05,nan,BLOCKED mode=MANUAL estop=False external_stop=False,False
26.3,1,nan,nan,nan,1.4434441367333404e-05,3.5517899973357495e-06,-6.321068429312791e-05,nan,BLOCKED mode=MANUAL estop=False external_stop=False,False
26.400000000000002,1,nan,nan,nan,1.4434440775506358e-05,3.551790022797099e-06,-6.321068814647487e-05,nan,BLOCKED mode=MANUAL estop=False external_stop=False,False
26.400000000000002,1,nan,nan,nan,1.4434440775506358e-05,3.551790022797099e-06,-6.321068814647487e-05,nan,BLOCKED mode=MANUAL estop=False external_stop=False,False
26.5,1,nan,nan,nan,1.4434440192306875e-05,3.5517900479189672e-06,-6.321069194272668e-05,nan,BLOCKED mode=MANUAL estop=False external_stop=False,False
26.5,1,nan,nan,nan,1.4434440192306875e-05,3.5517900479189672e-06,-6.321069194272668e-05,nan,BLOCKED mode=MANUAL estop=False external_stop=False,False
26.6,1,nan,nan,nan,1.4434439617598786e-05,3.551790072708284e-06,-6.321069568282152e-05,nan,BLOCKED mode=MANUAL estop=False external_stop=False,False
26.6,1,nan,nan,nan,1.4434439617598786e-05,3.551790072708284e-06,-6.321069568282152e-05,nan,BLOCKED mode=MANUAL estop=False external_stop=False,False
26.700000000000003,1,nan,nan,nan,1.4434439051187961e-05,3.5517900971319876e-06,-6.321069936874713e-05,nan,IDLE_NO_GOAL,False
26.700000000000003,1,nan,nan,nan,1.4434439051187961e-05,3.5517900971319876e-06,-6.321069936874713e-05,nan,IDLE_NO_GOAL,False
26.8,1,4.0,0.0,0.0,1.4434438437614657e-05,3.551790123639166e-06,-6.321070336065631e-05,3.9999855655631396,IDLE_NO_GOAL,False
26.8,1,4.0,0.0,0.0,1.4434438437614657e-05,3.551790123639166e-06,-6.321070336065631e-05,3.9999855655631396,GOAL_RECEIVED frame=odom x=4.000 y=0.000,False
26.8,1,4.0,0.0,0.0,1.4434438437614657e-05,3.551790123639166e-06,-6.321070336065631e-05,3.9999855655631396,TRACKING distance=4.000 heading_error=0.000 linear=0.350 angular=0.000 ,False
26.8,1,0.005969232645696386,-0.000909772142218996,-0.15219014440070613,1.4434438216927802e-05,3.551790133182842e-06,-6.321070479620272e-05,0.0060244321140840995,OBJECT_GOAL_PUBLISHED,
26.900000000000002,1,4.0,0.0,0.0,1.4434437942868033e-05,3.55179014503407e-06,-6.321070657886843e-05,3.9999855655636343,TRACKING distance=4.000 heading_error=0.000 linear=0.350 angular=0.000 ,False
26.900000000000002,1,4.0,0.0,0.0,1.4434437942868033e-05,3.55179014503407e-06,-6.321070657886843e-05,3.9999855655636343,TRACKING distance=4.000 heading_error=0.000 linear=0.350 angular=0.000 ,False
27.0,1,0.005969232645696386,-0.000909772142218996,-0.15219014440070613,1.4434437400670894e-05,3.551790168509028e-06,-6.321071010541949e-05,0.006024432114896277,TRACKING distance=4.000 heading_error=0.000 linear=0.350 angular=0.000 ,False
27.0,1,0.005969232645696386,-0.000909772142218996,-0.15219014440070613,1.4434437400670894e-05,3.551790168509028e-06,-6.321071010541949e-05,0.006024432114896277,TRACKING distance=4.000 heading_error=0.000 linear=0.350 angular=0.000 ,False
27.0,1,0.005969232645696386,-0.000909772142218996,-0.15219014440070613,1.4434437400670894e-05,3.551790168509028e-06,-6.321071010541949e-05,0.006024432114896277,GOAL_RECEIVED frame=odom x=0.006 y=-0.001,False
27.1,1,0.005969232645696386,-0.000909772142218996,-0.15219014440070613,0.007138616824749205,4.2460445733448655e-06,-6.396060247529795e-05,0.00148421312620735,ARRIVED distance=0.001 yaw_error=-0.152,True
27.1,1,0.005969232645696386,-0.000909772142218996,-0.15219014440070613,0.007138616824749205,4.2460445733448655e-06,-6.396060247529795e-05,0.00148421312620735,ARRIVED distance=0.001 yaw_error=-0.152,True
27.200000000000003,1,0.005969232645696386,-0.000909772142218996,-0.15219014440070613,0.025819054873123713,3.1547885512663562e-06,-7.573730504148233e-05,0.019870804665171302,ARRIVED distance=0.020 yaw_error=-0.152,True
27.200000000000003,1,0.005969232645696386,-0.000909772142218996,-0.15219014440070613,0.027734516354648082,2.934820109156464e-06,-7.465053123168132e-05,0.021784412062992208,ARRIVED distance=0.020 yaw_error=-0.152,True
27.3,1,0.005969232645696386,-0.000909772142218996,-0.15219014440070613,0.036995581550761006,1.6987874881083818e-06,-9.17131369774449e-05,0.03103973430354238,ARRIVED distance=0.031 yaw_error=-0.152,True
27.3,1,0.005969232645696386,-0.000909772142218996,-0.15219014440070613,0.036995581550761006,1.6987874881083818e-06,-9.17131369774449e-05,0.03103973430354238,ARRIVED distance=0.031 yaw_error=-0.152,True
27.400000000000002,1,0.005969232645696386,-0.000909772142218996,-0.15219014440070613,0.03739886895619441,2.918916530542061e-06,-9.162703410797828e-05,0.031442885420694094,ARRIVED distance=0.031 yaw_error=-0.152,True
27.400000000000002,1,0.005969232645696386,-0.000909772142218996,-0.15219014440070613,0.03739886895619441,2.918916530542061e-06,-9.162703410797828e-05,0.031442885420694094,ARRIVED distance=0.031 yaw_error=-0.152,True
27.5,1,0.005969232645696386,-0.000909772142218996,-0.15219014440070613,0.037400782008572726,2.8131073818126898e-06,-9.116257908085113e-05,0.03144479459606504,ARRIVED distance=0.031 yaw_error=-0.152,True
27.5,1,0.005969232645696386,-0.000909772142218996,-0.15219014440070613,0.037400782008572726,2.8131073818126898e-06,-9.116257908085113e-05,0.03144479459606504,ARRIVED distance=0.031 yaw_error=-0.152,True
27.6,1,0.005969232645696386,-0.000909772142218996,-0.15219014440070613,0.03740271888706172,2.80987599562691e-06,-9.121953192979564e-05,0.03144673056497404,ARRIVED distance=0.031 yaw_error=-0.152,True
27.6,1,0.005969232645696386,-0.000909772142218996,-0.15219014440070613,0.03740291325524553,2.8090266315209603e-06,-9.122386150567632e-05,0.03144692482664858,ARRIVED distance=0.031 yaw_error=-0.152,True
27.700000000000003,1,0.005969232645696386,-0.000909772142218996,-0.15219014440070613,0.03740467245975995,2.8130116435008637e-06,-9.126158891997102e-05,0.03144868340593392,ARRIVED distance=0.031 yaw_error=-0.152,True
27.700000000000003,1,0.005969232645696386,-0.000909772142218996,-0.15219014440070613,0.03740467245975995,2.8130116435008637e-06,-9.126158891997102e-05,0.03144868340593392,ARRIVED distance=0.031 yaw_error=-0.152,True
27.8,1,0.005969232645696386,-0.000909772142218996,-0.15219014440070613,0.03740663755406977,2.821095172444773e-06,-9.13031482343173e-05,0.03145064790731586,ARRIVED distance=0.031 yaw_error=-0.152,True
27.8,1,0.005969232645696386,-0.000909772142218996,-0.15219014440070613,0.03740683467986868,2.8191715847981755e-06,-9.130727273102666e-05,0.03145084489429536,ARRIVED distance=0.031 yaw_error=-0.152,True
27.900000000000002,1,0.005969232645696386,-0.000909772142218996,-0.15219014440070613,0.037408612460526194,2.823127224881071e-06,-9.134446997904801e-05,0.03145262204120571,ARRIVED distance=0.031 yaw_error=-0.152,True
27.900000000000002,1,0.005969232645696386,-0.000909772142218996,-0.15219014440070613,0.037408612460526194,2.823127224881071e-06,-9.134446997904801e-05,0.03145262204120571,ARRIVED distance=0.031 yaw_error=-0.152,True
28.0,1,0.005969232645696386,-0.000909772142218996,-0.15219014440070613,0.03741059341196498,2.8261355560740533e-06,-9.138369503488575e-05,0.03145460224595524,ARRIVED distance=0.031 yaw_error=-0.152,True
28.0,1,0.005969232645696386,-0.000909772142218996,-0.15219014440070613,0.03741059341196498,2.8261355560740533e-06,-9.138369503488575e-05,0.03145460224595524,ARRIVED distance=0.031 yaw_error=-0.152,True
28.1,1,0.005969232645696386,-0.000909772142218996,-0.15219014440070613,0.03741257995857732,2.8343483155791234e-06,-9.14228227455982e-05,0.03145658819460596,ARRIVED distance=0.031 yaw_error=-0.152,True
28.1,1,0.005969232645696386,-0.000909772142218996,-0.15219014440070613,0.037412778908265804,2.832399673684266e-06,-9.14262826412124e-05,0.031456787004019125,ARRIVED distance=0.031 yaw_error=-0.152,True
28.200000000000003,1,0.005969232645696386,-0.000909772142218996,-0.15219014440070613,0.03741456990308275,2.8364330771244004e-06,-9.145795059123212e-05,0.03145857736202442,ARRIVED distance=0.031 yaw_error=-0.152,True
28.200000000000003,1,0.005969232645696386,-0.000909772142218996,-0.15219014440070613,0.03741456990308275,2.8364330771244004e-06,-9.145795059123212e-05,0.03145857736202442,ARRIVED distance=0.031 yaw_error=-0.152,True
28.3,1,0.005969232645696386,-0.000909772142218996,-0.15219014440070613,0.03741656323172076,2.8393554548506437e-06,-9.149350305494103e-05,0.03146056993654741,ARRIVED distance=0.031 yaw_error=-0.152,True
28.3,1,0.005969232645696386,-0.000909772142218996,-0.15219014440070613,0.03741656323172076,2.8393554548506437e-06,-9.149350305494103e-05,0.03146056993654741,ARRIVED distance=0.031 yaw_error=-0.152,True
28.400000000000002,1,0.005969232645696386,-0.000909772142218996,-0.15219014440070613,0.03741856195290292,2.8475620494982887e-06,-9.152912701584697e-05,0.03146256805471764,ARRIVED distance=0.031 yaw_error=-0.152,True
28.400000000000002,1,0.005969232645696386,-0.000909772142218996,-0.15219014440070613,0.03741856195290292,2.8475620494982887e-06,-9.152912701584697e-05,0.03146256805471764,ARRIVED distance=0.031 yaw_error=-0.152,True
28.5,1,0.005969232645696386,-0.000909772142218996,-0.15219014440070613,0.03742056478814427,2.8495074342624575e-06,-9.156482697803917e-05,0.031464570103689506,ARRIVED distance=0.031 yaw_error=-0.152,True
28.5,1,0.005969232645696386,-0.000909772142218996,-0.15219014440070613,0.03742056478814427,2.8495074342624575e-06,-9.156482697803917e-05,0.031464570103689506,ARRIVED distance=0.031 yaw_error=-0.152,True
28.6,1,0.005969232645696386,-0.000909772142218996,-0.15219014440070613,0.03742257198875461,2.8524482350464574e-06,-9.160310935917934e-05,0.03146657654516417,ARRIVED distance=0.031 yaw_error=-0.152,True
28.6,1,0.005969232645696386,-0.000909772142218996,-0.15219014440070613,0.03742257198875461,2.8524482350464574e-06,-9.160310935917934e-05,0.03146657654516417,ARRIVED distance=0.031 yaw_error=-0.152,True
28.700000000000003,1,0.005969232645696386,-0.000909772142218996,-0.15219014440070613,0.03742458743888529,2.861231362478729e-06,-9.164412722525757e-05,0.03146859140222147,ARRIVED distance=0.031 yaw_error=-0.152,True
28.700000000000003,1,0.005969232645696386,-0.000909772142218996,-0.15219014440070613,0.03742458743888529,2.861231362478729e-06,-9.164412722525757e-05,0.03146859140222147,ARRIVED distance=0.031 yaw_error=-0.152,True
28.8,1,0.005969232645696386,-0.000909772142218996,-0.15219014440070613,0.037426608732624524,2.8640262536279854e-06,-9.168206489978614e-05,0.031470611926850786,ARRIVED distance=0.031 yaw_error=-0.152,True
28.8,1,0.005969232645696386,-0.000909772142218996,-0.15219014440070613,0.037426608732624524,2.8640262536279854e-06,-9.168206489978614e-05,0.031470611926850786,ARRIVED distance=0.031 yaw_error=-0.152,True
28.900000000000002,1,0.005969232645696386,-0.000909772142218996,-0.15219014440070613,0.037428634821902805,2.8671635167571755e-06,-9.171960093979144e-05,0.03147263725502957,ARRIVED distance=0.031 yaw_error=-0.152,True
28.900000000000002,1,0.005969232645696386,-0.000909772142218996,-0.15219014440070613,0.037428634821902805,2.8671635167571755e-06,-9.171960093979144e-05,0.03147263725502957,ARRIVED distance=0.031 yaw_error=-0.152,True
29.000000000000004,1,0.005969232645696386,-0.000909772142218996,-0.15219014440070613,0.037430667454376766,2.8755994185797316e-06,-9.175628667199762e-05,0.03147466927739133,ARRIVED distance=0.031 yaw_error=-0.152,True
29.000000000000004,1,0.005969232645696386,-0.000909772142218996,-0.15219014440070613,0.037430667454376766,2.8755994185797316e-06,-9.175628667199762e-05,0.03147466927739133,ARRIVED distance=0.031 yaw_error=-0.152,True
29.1,1,0.005969232645696386,-0.000909772142218996,-0.15219014440070613,0.0374327053257969,2.878469769915051e-06,-9.179208666428108e-05,0.03147670637520698,ARRIVED distance=0.031 yaw_error=-0.152,True
29.1,1,0.005969232645696386,-0.000909772142218996,-0.15219014440070613,0.0374327053257969,2.878469769915051e-06,-9.179208666428108e-05,0.03147670637520698,ARRIVED distance=0.031 yaw_error=-0.152,True
29.200000000000003,1,0.005969232645696386,-0.000909772142218996,-0.15219014440070613,0.03743474715702308,2.881211305593049e-06,-9.182686114660383e-05,0.03147874742752975,ARRIVED distance=0.031 yaw_error=-0.152,True
29.200000000000003,1,0.005969232645696386,-0.000909772142218996,-0.15219014440070613,0.037434951965711706,2.885303868252461e-06,-9.183015615050906e-05,0.0314789522687761,ARRIVED distance=0.031 yaw_error=-0.152,True
29.3,1,0.005969232645696386,-0.000909772142218996,-0.15219014440070613,0.0374367948053657,2.8893207757873867e-06,-9.186093112902492e-05,0.03148079445024678,ARRIVED distance=0.031 yaw_error=-0.152,True
29.3,1,0.005969232645696386,-0.000909772142218996,-0.15219014440070613,0.0374367948053657,2.8893207757873867e-06,-9.186093112902492e-05,0.03148079445024678,ARRIVED distance=0.031 yaw_error=-0.152,True
29.400000000000002,1,0.005969232645696386,-0.000909772142218996,-0.15219014440070613,0.0374388509386344,2.892090304821683e-06,-9.189672111447177e-05,0.03148284979960594,ARRIVED distance=0.031 yaw_error=-0.152,True
29.400000000000002,1,0.005969232645696386,-0.000909772142218996,-0.15219014440070613,0.0374388509386344,2.892090304821683e-06,-9.189672111447177e-05,0.03148284979960594,ARRIVED distance=0.031 yaw_error=-0.152,True
29.500000000000004,1,0.005969232645696386,-0.000909772142218996,-0.15219014440070613,0.03744091687087238,2.894301541415269e-06,-9.193413795776092e-05,0.03148491492773576,ARRIVED distance=0.031 yaw_error=-0.152,True
29.500000000000004,1,0.005969232645696386,-0.000909772142218996,-0.15219014440070613,0.03744091687087238,2.894301541415269e-06,-9.193413795776092e-05,0.03148491492773576,ARRIVED distance=0.031 yaw_error=-0.152,True
29.6,1,0.005969232645696386,-0.000909772142218996,-0.15219014440070613,0.037442994410494944,2.90193212021521e-06,-9.196876358301372e-05,0.03148699181556197,ARRIVED distance=0.031 yaw_error=-0.152,True
29.6,1,4.0,0.0,0.0,0.037442994410494944,2.90193212021521e-06,-9.196876358301372e-05,3.962557005590568,ARRIVED distance=0.031 yaw_error=-0.152,True
29.6,1,4.0,0.0,0.0,0.03744320305007378,2.9009352552750944e-06,-9.197226016638245e-05,3.962556796950988,GOAL_RECEIVED frame=odom x=4.000 y=0.000,False
29.700000000000003,1,4.0,0.0,0.0,0.03744508316646745,2.904630761869779e-06,-9.200177856461981e-05,3.962554916834597,TRACKING distance=3.963 heading_error=0.000 linear=0.350 angular=0.000 ,False
29.700000000000003,1,4.0,0.0,0.0,0.03744508316646745,2.904630761869779e-06,-9.200177856461981e-05,3.962554916834597,TRACKING distance=3.963 heading_error=0.000 linear=0.350 angular=0.000 ,False
29.8,1,4.0,0.0,0.0,0.03744719186266583,2.9067464168005413e-06,-9.202869117077087e-05,3.9625528081384003,TRACKING distance=3.963 heading_error=0.000 linear=0.350 angular=0.000 ,False
29.8,1,4.0,0.0,0.0,0.037447404425431735,2.9106661109065946e-06,-9.203121103272904e-05,3.9625525955756373,TRACKING distance=3.963 heading_error=0.000 linear=0.350 angular=0.000 ,False
29.900000000000002,1,4.0,0.0,0.0,0.043559767359306306,1.0131401682689728e-05,-6.884362233520845e-05,3.9564402326536654,TRACKING distance=3.956 heading_error=0.000 linear=0.350 angular=0.000 ,False
29.900000000000002,1,4.0,0.0,0.0,0.043559767359306306,1.0131401682689728e-05,-6.884362233520845e-05,3.9564402326536654,TRACKING distance=3.956 heading_error=0.000 linear=0.350 angular=0.000 ,False
30.000000000000004,1,4.0,0.0,0.0,0.06191331706083273,1.304990808182167e-05,-6.730765468563456e-05,3.9380866829607895,TRACKING distance=3.938 heading_error=0.000 linear=0.350 angular=0.000 ,False
30.000000000000004,1,4.0,0.0,0.0,0.06191331706083273,1.304990808182167e-05,-6.730765468563456e-05,3.9380866829607895,TRACKING distance=3.938 heading_error=0.000 linear=0.350 angular=0.000 ,False
30.1,1,4.0,0.0,0.0,0.08300981890400193,1.4036659888744875e-05,-6.76532222999717e-05,3.9169901811211485,TRACKING distance=3.919 heading_error=0.000 linear=0.350 angular=0.000 ,False
30.1,1,4.0,0.0,0.0,0.08300981890400193,1.4036659888744875e-05,-6.76532222999717e-05,3.9169901811211485,TRACKING distance=3.919 heading_error=0.000 linear=0.350 angular=0.000 ,False
30.200000000000003,1,4.0,0.0,0.0,0.10026700426460684,1.3020280406278467e-05,-7.241155156806184e-05,3.899732995757129,TRACKING distance=3.900 heading_error=0.000 linear=0.350 angular=0.000 ,False
30.200000000000003,1,4.0,0.0,0.0,0.10026700426460684,1.3020280406278467e-05,-7.241155156806184e-05,3.899732995757129,TRACKING distance=3.900 heading_error=0.000 linear=0.350 angular=0.000 ,False
30.3,1,4.0,0.0,0.0,0.11944260952330224,1.2155951763139378e-05,-7.140906925954011e-05,3.880557390495737,TRACKING distance=3.881 heading_error=0.000 linear=0.350 angular=0.000 ,False
30.3,1,4.0,0.0,0.0,0.11944260952330224,1.2155951763139378e-05,-7.140906925954011e-05,3.880557390495737,TRACKING distance=3.881 heading_error=0.000 linear=0.350 angular=0.000 ,False
30.400000000000002,1,4.0,0.0,0.0,0.13861938058753545,1.2147688997313427e-05,-7.390659225074863e-05,3.8613806194315723,TRACKING distance=3.861 heading_error=0.000 linear=0.350 angular=0.000 ,False
30.400000000000002,1,4.0,0.0,0.0,0.13861938058753545,1.2147688997313427e-05,-7.390659225074863e-05,3.8613806194315723,TRACKING distance=3.861 heading_error=0.000 linear=0.350 angular=0.000 ,False
30.500000000000004,1,4.0,0.0,0.0,0.15779659346662986,8.70029248468704e-06,-7.513267698740861e-05,3.8422034065432205,TRACKING distance=3.842 heading_error=0.000 linear=0.350 angular=0.000 ,False
30.500000000000004,1,4.0,0.0,0.0,0.15779659346662986,8.70029248468704e-06,-7.513267698740861e-05,3.8422034065432205,TRACKING distance=3.842 heading_error=0.000 linear=0.350 angular=0.000 ,False
30.6,1,4.0,0.0,0.0,0.17697237223719287,7.757085382064466e-06,-8.187670835823344e-05,3.823027627770677,TRACKING distance=3.823 heading_error=0.000 linear=0.350 angular=0.000 ,False
30.6,1,4.0,0.0,0.0,0.17888756000219114,8.611222792148932e-06,-8.382996412845165e-05,3.8211124400075116,TRACKING distance=3.823 heading_error=0.000 linear=0.350 angular=0.000 ,False
30.700000000000003,1,4.0,0.0,0.0,0.19614854501911974,6.720759864603233e-06,-8.811483081991581e-05,3.8038514549868174,TRACKING distance=3.804 heading_error=0.000 linear=0.350 angular=0.000 ,False
30.700000000000003,1,4.0,0.0,0.0,0.19614854501911974,6.720759864603233e-06,-8.811483081991581e-05,3.8038514549868174,TRACKING distance=3.804 heading_error=0.000 linear=0.350 angular=0.000 ,False
30.8,1,4.0,0.0,0.0,0.21532427973287127,4.32075120876978e-06,-8.865565831767722e-05,3.784675720269595,TRACKING distance=3.785 heading_error=0.000 linear=0.350 angular=0.000 ,False
30.8,1,4.0,0.0,0.0,0.21532427973287127,4.32075120876978e-06,-8.865565831767722e-05,3.784675720269595,TRACKING distance=3.785 heading_error=0.000 linear=0.350 angular=0.000 ,False
30.900000000000002,1,4.0,0.0,0.0,0.23449898601965355,4.5822882648606074e-06,-9.025200469732582e-05,3.7655010139831346,TRACKING distance=3.766 heading_error=0.000 linear=0.350 angular=0.000 ,False
30.900000000000002,1,4.0,0.0,0.0,0.23449898601965355,4.5822882648606074e-06,-9.025200469732582e-05,3.7655010139831346,TRACKING distance=3.766 heading_error=0.000 linear=0.350 angular=0.000 ,False
31.000000000000004,1,4.0,0.0,0.0,0.25367429553632465,2.178628392359804e-06,-0.00010018044753812767,3.746325704464309,TRACKING distance=3.746 heading_error=0.000 linear=0.350 angular=0.000 ,False
31.000000000000004,1,4.0,0.0,0.0,0.25367429553632465,2.178628392359804e-06,-0.00010018044753812767,3.746325704464309,TRACKING distance=3.746 heading_error=0.000 linear=0.350 angular=0.000 ,False
31.1,1,4.0,0.0,0.0,0.27285120176826433,2.9846787770664395e-06,-0.00012076367614204448,3.7271487982329305,TRACKING distance=3.727 heading_error=0.000 linear=0.350 angular=0.000 ,False
31.1,1,4.0,0.0,0.0,0.2747709520724541,2.8174584531879787e-06,-0.00012463530649109815,3.7252290479286114,TRACKING distance=3.727 heading_error=0.000 linear=0.350 angular=0.000 ,False
31.200000000000003,1,4.0,0.0,0.0,0.29202778338987123,1.2595354473885898e-06,-0.00012459634707110418,3.707972216610343,TRACKING distance=3.708 heading_error=0.000 linear=0.350 angular=0.000 ,False
31.200000000000003,1,4.0,0.0,0.0,0.29394716844489793,1.7708826941917792e-06,-0.00012384971998411347,3.7060528315555255,TRACKING distance=3.708 heading_error=0.000 linear=0.350 angular=0.000 ,False
31.3,1,4.0,0.0,0.0,0.3112050305002834,-2.2396042668001135e-07,-0.00013062817216334468,3.6887949694997233,TRACKING distance=3.689 heading_error=0.000 linear=0.350 angular=0.000 ,False
31.3,1,4.0,0.0,0.0,0.3112050305002834,-2.2396042668001135e-07,-0.00013062817216334468,3.6887949694997233,TRACKING distance=3.689 heading_error=0.000 linear=0.350 angular=0.000 ,False
31.400000000000002,1,4.0,0.0,0.0,0.33038271115315543,-1.1252052886398251e-06,-0.0001277324868972716,3.669617288847017,TRACKING distance=3.670 heading_error=0.000 linear=0.350 angular=0.000 ,False
31.400000000000002,1,4.0,0.0,0.0,0.33038271115315543,-1.1252052886398251e-06,-0.0001277324868972716,3.669617288847017,TRACKING distance=3.670 heading_error=0.000 linear=0.350 angular=0.000 ,False
31.500000000000004,1,4.0,0.0,0.0,0.3495612004932617,-4.117510388829053e-06,-0.00013278352670883207,3.6504387995090606,TRACKING distance=3.650 heading_error=0.000 linear=0.350 angular=0.000 ,False
31.500000000000004,1,4.0,0.0,0.0,0.3495612004932617,-4.117510388829053e-06,-0.00013278352670883207,3.6504387995090606,TRACKING distance=3.650 heading_error=0.000 linear=0.350 angular=0.000 ,False
31.6,1,4.0,0.0,0.0,0.36873873988062283,-8.724182127290943e-06,-0.00013150865700071413,3.631261260129857,TRACKING distance=3.631 heading_error=0.000 linear=0.350 angular=0.000 ,False
31.6,1,4.0,0.0,0.0,0.36873873988062283,-8.724182127290943e-06,-0.00013150865700071413,3.631261260129857,TRACKING distance=3.631 heading_error=0.000 linear=0.350 angular=0.000 ,False
31.700000000000003,1,4.0,0.0,0.0,0.38791401945789383,-1.0662519368072306e-05,-0.00013334906956228337,3.6120859805578434,TRACKING distance=3.612 heading_error=0.000 linear=0.350 angular=0.000 ,False
31.700000000000003,1,4.0,0.0,0.0,0.389830006267533,-1.0045572339039195e-05,-0.00012975442643281337,3.6101699937464433,TRACKING distance=3.612 heading_error=0.000 linear=0.350 angular=0.000 ,False
31.8,1,4.0,0.0,0.0,0.40709013808653643,-1.4241383260411324e-05,-0.0001311202841027648,3.592909861941688,TRACKING distance=3.593 heading_error=0.000 linear=0.350 angular=0.000 ,False
31.8,1,4.0,0.0,0.0,0.40709013808653643,-1.4241383260411324e-05,-0.0001311202841027648,3.592909861941688,TRACKING distance=3.593 heading_error=0.000 linear=0.350 angular=0.000 ,False
31.900000000000002,1,4.0,0.0,0.0,0.4262645285436636,-1.709369387315691e-05,-0.00013096123588610085,3.573735471497217,TRACKING distance=3.574 heading_error=0.000 linear=0.350 angular=0.000 ,False
31.900000000000002,1,4.0,0.0,0.0,0.4262645285436636,-1.709369387315691e-05,-0.00013096123588610085,3.573735471497217,TRACKING distance=3.574 heading_error=0.000 linear=0.350 angular=0.000 ,False
32.0,1,4.0,0.0,0.0,0.445438420177773,-1.8922946078054307e-05,-0.0001371218780085309,3.554561579872596,TRACKING distance=3.555 heading_error=0.000 linear=0.350 angular=0.000 ,False
32.0,1,4.0,0.0,0.0,0.445438420177773,-1.8922946078054307e-05,-0.0001371218780085309,3.554561579872596,TRACKING distance=3.555 heading_error=0.000 linear=0.350 angular=0.000 ,False
32.1,1,4.0,0.0,0.0,0.46461360329195495,-2.1875324227052216e-05,-0.00013862610511153347,3.535386396775722,TRACKING distance=3.535 heading_error=0.000 linear=0.350 angular=0.000 ,False
32.1,1,4.0,0.0,0.0,0.46461360329195495,-2.1875324227052216e-05,-0.00013862610511153347,3.535386396775722,TRACKING distance=3.535 heading_error=0.000 linear=0.350 angular=0.000 ,False
32.2,1,4.0,0.0,0.0,0.48378852621438684,-2.4548569830106948e-05,-0.00014209374897277717,3.5162114738713064,TRACKING distance=3.516 heading_error=0.000 linear=0.350 angular=0.000 ,False
32.2,1,4.0,0.0,0.0,0.4857078059534359,-2.475521646868802e-05,-0.0001419217801978358,3.5142921941337537,TRACKING distance=3.516 heading_error=0.000 linear=0.350 angular=0.000 ,False
32.300000000000004,1,4.0,0.0,0.0,0.5029636715709204,-2.7809488339979637e-05,-0.00014171679298282592,3.497036328539654,TRACKING distance=3.497 heading_error=0.000 linear=0.350 angular=0.000 ,False
32.300000000000004,1,4.0,0.0,0.0,0.5048822630505049,-2.8457810063903294e-05,-0.00014141282521787357,3.4951177370653492,TRACKING distance=3.497 heading_error=0.000 linear=0.350 angular=0.000 ,False
32.4,1,4.0,0.0,0.0,0.5221410302212328,-2.6315071675862814e-05,-0.00015669910435398,3.477858969878323,TRACKING distance=3.478 heading_error=0.000 linear=0.350 angular=0.000 ,False
32.4,1,4.0,0.0,0.0,0.524058500754409,-2.844825502039745e-05,-0.00015682971797757533,3.475941499362006,TRACKING distance=3.478 heading_error=0.000 linear=0.350 angular=0.000 ,False
32.5,1,4.0,0.0,0.0,0.5413187854234413,-3.0796602606305006e-05,-0.00016789131505960916,3.458681214713667,TRACKING distance=3.459 heading_error=0.000 linear=0.350 angular=0.000 ,False
32.5,1,4.0,0.0,0.0,0.5413187854234413,-3.0796602606305006e-05,-0.00016789131505960916,3.458681214713667,TRACKING distance=3.459 heading_error=0.000 linear=0.350 angular=0.000 ,False
32.6,1,4.0,0.0,0.0,0.5604969053783243,-3.2245476173344015e-05,-0.0001676515180053729,3.4395030947728267,TRACKING distance=3.440 heading_error=0.000 linear=0.350 angular=0.000 ,False
32.6,1,4.0,0.0,0.0,0.5604969053783243,-3.2245476173344015e-05,-0.0001676515180053729,3.4395030947728267,TRACKING distance=3.440 heading_error=0.000 linear=0.350 angular=0.000 ,False
32.7,1,4.0,0.0,0.0,0.5796730284061843,-3.626443681911223e-05,-0.00016338116048655323,3.4203269717860647,TRACKING distance=3.420 heading_error=0.000 linear=0.350 angular=0.000 ,False
32.7,1,4.0,0.0,0.0,0.5796730284061843,-3.626443681911223e-05,-0.00016338116048655323,3.4203269717860647,TRACKING distance=3.420 heading_error=0.000 linear=0.350 angular=0.000 ,False
32.800000000000004,1,4.0,0.0,0.0,0.5988506779221177,-3.907232161283882e-05,-0.00016590039323189105,3.4011493223023135,TRACKING distance=3.401 heading_error=0.000 linear=0.350 angular=0.000 ,False
32.800000000000004,1,4.0,0.0,0.0,0.5988506779221177,-3.907232161283882e-05,-0.00016590039323189105,3.4011493223023135,TRACKING distance=3.401 heading_error=0.000 linear=0.350 angular=0.000 ,False
32.9,1,4.0,0.0,0.0,0.6180271391487236,-4.463056168864162e-05,-0.00016718380730412497,3.381972861145762,TRACKING distance=3.382 heading_error=0.000 linear=0.350 angular=0.000 ,False
32.9,1,4.0,0.0,0.0,0.6199451815531214,-4.460239886272396e-05,-0.00016696674551647123,3.38005481874116,TRACKING distance=3.382 heading_error=0.000 linear=0.350 angular=0.000 ,False
33.0,1,4.0,0.0,0.0,0.6391186109457417,-4.729070981564452e-05,-0.00016987484768828608,3.3608813893869702,TRACKING distance=3.363 heading_error=0.000 linear=0.350 angular=0.000 ,False
33.0,1,4.0,0.0,0.0,0.6391186109457417,-4.729070981564452e-05,-0.00016987484768828608,3.3608813893869702,TRACKING distance=3.363 heading_error=0.000 linear=0.350 angular=0.000 ,False
33.1,1,4.0,0.0,0.0,0.6563752232878616,-5.10745047854177e-05,-0.00016191991171604872,3.3436247771022245,TRACKING distance=3.344 heading_error=0.000 linear=0.350 angular=0.000 ,False
33.1,1,4.0,0.0,0.0,0.6563752232878616,-5.10745047854177e-05,-0.00016191991171604872,3.3436247771022245,TRACKING distance=3.344 heading_error=0.000 linear=0.350 angular=0.000 ,False
33.2,1,4.0,0.0,0.0,0.6755498061500379,-5.4491654290933266e-05,-0.0001613496150754112,3.324450194296553,TRACKING distance=3.324 heading_error=0.000 linear=0.350 angular=0.000 ,False
33.2,1,4.0,0.0,0.0,0.6755498061500379,-5.4491654290933266e-05,-0.0001613496150754112,3.324450194296553,TRACKING distance=3.324 heading_error=0.000 linear=0.350 angular=0.000 ,False
33.4,1,4.0,0.0,0.0,0.7139003427909093,-5.8779600466201326e-05,-0.00017168642978935395,3.2860996577347965,TRACKING distance=3.286 heading_error=0.000 linear=0.350 angular=0.000 ,False
33.4,1,4.0,0.0,0.0,0.7139003427909093,-5.8779600466201326e-05,-0.00017168642978935395,3.2860996577347965,TRACKING distance=3.286 heading_error=0.000 linear=0.350 angular=0.000 ,False
33.5,1,4.0,0.0,0.0,0.7330770502460808,-6.2699966735854e-05,-0.0001794573494864572,3.266922950355599,TRACKING distance=3.267 heading_error=0.000 linear=0.350 angular=0.000 ,False
33.5,1,4.0,0.0,0.0,0.7330770502460808,-6.2699966735854e-05,-0.0001794573494864572,3.266922950355599,TRACKING distance=3.267 heading_error=0.000 linear=0.350 angular=0.000 ,False
33.6,1,4.0,0.0,0.0,0.7522533801467141,-6.715066025404349e-05,-0.00017971469043191843,3.247746620547492,TRACKING distance=3.248 heading_error=0.000 linear=0.350 angular=0.000 ,False
33.6,1,4.0,0.0,0.0,0.7522533801467141,-6.715066025404349e-05,-0.00017971469043191843,3.247746620547492,TRACKING distance=3.248 heading_error=0.000 linear=0.350 angular=0.000 ,False
33.7,1,4.0,0.0,0.0,0.7714292449171163,-6.949252669075162e-05,-0.0001904585788866896,3.2285707558307704,TRACKING distance=3.229 heading_error=0.000 linear=0.350 angular=0.000 ,False
33.7,1,4.0,0.0,0.0,0.7714292449171163,-6.949252669075162e-05,-0.0001904585788866896,3.2285707558307704,TRACKING distance=3.229 heading_error=0.000 linear=0.350 angular=0.000 ,False
33.800000000000004,1,4.0,0.0,0.0,0.7906069329328252,-7.116712012020895e-05,-0.0002089338374836382,3.2093930678562272,TRACKING distance=3.209 heading_error=0.000 linear=0.350 angular=0.000 ,False
33.800000000000004,1,4.0,0.0,0.0,0.7906069329328252,-7.116712012020895e-05,-0.0002089338374836382,3.2093930678562272,TRACKING distance=3.209 heading_error=0.000 linear=0.350 angular=0.000 ,False
33.9,1,4.0,0.0,0.0,0.8097837834714973,-7.330656090242412e-05,-0.00021079162965797438,3.1902162173707422,TRACKING distance=3.190 heading_error=0.000 linear=0.350 angular=0.000 ,False
33.9,1,4.0,0.0,0.0,0.8097837834714973,-7.330656090242412e-05,-0.00021079162965797438,3.1902162173707422,TRACKING distance=3.190 heading_error=0.000 linear=0.350 angular=0.000 ,False
34.0,1,4.0,0.0,0.0,0.8289607096027837,-7.817266632463777e-05,-0.00020594276760654758,3.1710392913607754,TRACKING distance=3.171 heading_error=0.000 linear=0.350 angular=0.000 ,False
34.0,1,4.0,0.0,0.0,0.8289607096027837,-7.817266632463777e-05,-0.00020594276760654758,3.1710392913607754,TRACKING distance=3.171 heading_error=0.000 linear=0.350 angular=0.000 ,False
34.1,1,4.0,0.0,0.0,0.8481386056721042,-8.10723102669346e-05,-0.00021788302604958706,3.1518613953705685,TRACKING distance=3.152 heading_error=0.000 linear=0.350 angular=0.000 ,False
34.1,1,4.0,0.0,0.0,0.8481386056721042,-8.10723102669346e-05,-0.00021788302604958706,3.1518613953705685,TRACKING distance=3.152 heading_error=0.000 linear=0.350 angular=0.000 ,False
34.2,1,4.0,0.0,0.0,0.8673154728034407,-8.709801802289211e-05,-0.00021996477637621983,3.1326845284073523,TRACKING distance=3.133 heading_error=0.000 linear=0.350 angular=0.000 ,False
34.2,1,4.0,0.0,0.0,0.8692351063688288,-8.774514260892136e-05,-0.00022022768494155508,3.1307648948607762,TRACKING distance=3.133 heading_error=0.000 linear=0.350 angular=0.000 ,False
34.300000000000004,1,4.0,0.0,0.0,0.8864856731662356,-9.072676360584335e-05,-0.00022144273401117768,3.113514328155638,TRACKING distance=3.114 heading_error=0.000 linear=0.350 angular=0.000 ,False
34.300000000000004,1,4.0,0.0,0.0,0.8864856731662356,-9.072676360584335e-05,-0.00022144273401117768,3.113514328155638,TRACKING distance=3.114 heading_error=0.000 linear=0.350 angular=0.000 ,False
34.400000000000006,1,4.0,0.0,0.0,0.905663465729365,-9.420217886382484e-05,-0.00021212964258752933,3.0943365357045534,TRACKING distance=3.094 heading_error=0.000 linear=0.350 angular=0.000 ,False
34.400000000000006,1,4.0,0.0,0.0,0.9075818861431514,-9.55815771912127e-05,-0.00021011409283923764,3.0924181153339836,TRACKING distance=3.094 heading_error=0.000 linear=0.350 angular=0.000 ,False
34.5,1,4.0,0.0,0.0,0.9248403945668249,-9.771759059746789e-05,-0.00021322029433413735,3.075159606985733,TRACKING distance=3.075 heading_error=0.000 linear=0.350 angular=0.000 ,False
34.5,1,4.0,0.0,0.0,0.9248403945668249,-9.771759059746789e-05,-0.00021322029433413735,3.075159606985733,TRACKING distance=3.075 heading_error=0.000 linear=0.350 angular=0.000 ,False
34.6,1,4.0,0.0,0.0,0.9440166533051572,-0.00010359573743745004,-0.00021271364666647165,3.0559833484507553,TRACKING distance=3.056 heading_error=0.000 linear=0.350 angular=0.000 ,False
34.6,1,4.0,0.0,0.0,0.945932231972588,-0.00010362174356732031,-0.00021336015859020496,3.054067769785308,TRACKING distance=3.056 heading_error=0.000 linear=0.350 angular=0.000 ,False
34.7,1,4.0,0.0,0.0,0.963191918211581,-0.00010641589788899473,-0.00021669238344071586,3.036808083652933,TRACKING distance=3.037 heading_error=0.000 linear=0.350 angular=0.000 ,False
34.7,1,4.0,0.0,0.0,0.963191918211581,-0.00010641589788899473,-0.00021669238344071586,3.036808083652933,TRACKING distance=3.037 heading_error=0.000 linear=0.350 angular=0.000 ,False
34.800000000000004,1,4.0,0.0,0.0,0.9842837489397996,-0.00011086475762685706,-0.00021997185594864617,3.0157162530980237,TRACKING distance=3.018 heading_error=0.000 linear=0.350 angular=0.000 ,False
34.800000000000004,1,4.0,0.0,0.0,0.9842837489397996,-0.00011086475762685706,-0.00021997185594864617,3.0157162530980237,TRACKING distance=3.018 heading_error=0.000 linear=0.350 angular=0.000 ,False
34.900000000000006,1,4.0,0.0,0.0,1.0015430516877595,-0.00011622451187144617,-0.00022054720239710708,2.998456950564755,TRACKING distance=2.998 heading_error=0.000 linear=0.350 angular=0.000 ,False
34.900000000000006,1,4.0,0.0,0.0,1.0034601817318414,-0.0001163050146145398,-0.00022098237189493536,2.996539820525238,TRACKING distance=2.998 heading_error=0.000 linear=0.350 angular=0.000 ,False
35.0,1,4.0,0.0,0.0,1.0207173658103665,-0.00012040134434565412,-0.00021907212624020295,2.979282636622515,TRACKING distance=2.979 heading_error=0.000 linear=0.350 angular=0.000 ,False
35.0,1,4.0,0.0,0.0,1.0207173658103665,-0.00012040134434565412,-0.00021907212624020295,2.979282636622515,TRACKING distance=2.979 heading_error=0.000 linear=0.350 angular=0.000 ,False
35.1,1,4.0,0.0,0.0,1.0398935996827983,-0.00012272213506428936,-0.00023408195288914159,2.9601064028611512,TRACKING distance=2.960 heading_error=0.000 linear=0.350 angular=0.000 ,False
35.1,1,4.0,0.0,0.0,1.041812964090154,-0.00012314233020586037,-0.0002351505497663953,2.9581870384729085,TRACKING distance=2.960 heading_error=0.000 linear=0.350 angular=0.000 ,False
35.2,1,4.0,0.0,0.0,1.0590701285391373,-0.00012602953668770632,-0.00023884971338199732,2.9409298741612746,TRACKING distance=2.941 heading_error=0.000 linear=0.350 angular=0.000 ,False
35.2,1,4.0,0.0,0.0,1.0609898569869174,-0.00012583600529570132,-0.00023980779371613755,2.939010145706966,TRACKING distance=2.941 heading_error=0.000 linear=0.350 angular=0.000 ,False
35.300000000000004,1,4.0,0.0,0.0,1.0782472865300619,-0.00013127780699481815,-0.00023580194416385566,2.9217527164191717,TRACKING distance=2.922 heading_error=0.000 linear=0.350 angular=0.000 ,False
35.300000000000004,1,4.0,0.0,0.0,1.0782472865300619,-0.00013127780699481815,-0.00023580194416385566,2.9217527164191717,TRACKING distance=2.922 heading_error=0.000 linear=0.350 angular=0.000 ,False
35.400000000000006,1,4.0,0.0,0.0,1.097422637325869,-0.00013596109358148616,-0.0002331818109560277,2.9025773658584417,TRACKING distance=2.903 heading_error=0.000 linear=0.350 angular=0.000 ,False
35.400000000000006,1,4.0,0.0,0.0,1.097422637325869,-0.00013596109358148616,-0.0002331818109560277,2.9025773658584417,TRACKING distance=2.903 heading_error=0.000 linear=0.350 angular=0.000 ,False
35.5,1,4.0,0.0,0.0,1.1166003637030217,-0.0001405355040410463,-0.00023601695530340853,2.883399639721795,TRACKING distance=2.883 heading_error=0.000 linear=0.350 angular=0.000 ,False
35.5,1,4.0,0.0,0.0,1.1166003637030217,-0.0001405355040410463,-0.00023601695530340853,2.883399639721795,TRACKING distance=2.883 heading_error=0.000 linear=0.350 angular=0.000 ,False
35.6,1,4.0,0.0,0.0,1.135770978190809,-0.00014571198763781642,-0.0002273017938566102,2.8642290255155953,TRACKING distance=2.864 heading_error=0.000 linear=0.350 angular=0.000 ,False
35.6,1,4.0,0.0,0.0,1.1376871700545408,-0.0001462645226921298,-0.00023601660245226676,2.8623128336825263,TRACKING distance=2.864 heading_error=0.000 linear=0.350 angular=0.000 ,False
35.7,1,4.0,0.0,0.0,1.1549473597269926,-0.00014937777029276487,-0.000229128811695776,2.845052644194502,TRACKING distance=2.845 heading_error=0.000 linear=0.350 angular=0.000 ,False
35.7,1,4.0,0.0,0.0,1.1549473597269926,-0.00014937777029276487,-0.000229128811695776,2.845052644194502,TRACKING distance=2.845 heading_error=0.000 linear=0.350 angular=0.000 ,False
35.800000000000004,1,4.0,0.0,0.0,1.1741246115153452,-0.000153739340403281,-0.00022675991236816077,2.825875392666684,TRACKING distance=2.826 heading_error=0.000 linear=0.350 angular=0.000 ,False
35.800000000000004,1,4.0,0.0,0.0,1.1741246115153452,-0.000153739340403281,-0.00022675991236816077,2.825875392666684,TRACKING distance=2.826 heading_error=0.000 linear=0.350 angular=0.000 ,False
35.900000000000006,1,4.0,0.0,0.0,1.1932997593977477,-0.00015983392658423852,-0.00022493835791174052,2.8067002451533054,TRACKING distance=2.807 heading_error=0.000 linear=0.350 angular=0.000 ,False
35.900000000000006,1,4.0,0.0,0.0,1.1952163786727197,-0.00015941191014188241,-0.00022536352456313825,2.804783625857426,TRACKING distance=2.807 heading_error=0.000 linear=0.350 angular=0.000 ,False
36.0,1,4.0,0.0,0.0,1.2124707035446967,-0.00016263087592952805,-0.00022681784293292464,2.787529301199433,TRACKING distance=2.788 heading_error=0.000 linear=0.350 angular=0.000 ,False
36.0,1,4.0,0.0,0.0,1.2124707035446967,-0.00016263087592952805,-0.00022681784293292464,2.787529301199433,TRACKING distance=2.788 heading_error=0.000 linear=0.350 angular=0.000 ,False
36.1,1,4.0,0.0,0.0,1.2316450229275704,-0.0001678611359571199,-0.00022523375001558637,2.7683549821616182,TRACKING distance=2.768 heading_error=0.000 linear=0.350 angular=0.000 ,False
36.1,1,4.0,0.0,0.0,1.2316450229275704,-0.0001678611359571199,-0.00022523375001558637,2.7683549821616182,TRACKING distance=2.768 heading_error=0.000 linear=0.350 angular=0.000 ,False
36.2,1,4.0,0.0,0.0,1.2508194156958474,-0.0001727836218679584,-0.00022455095072758036,2.749180589733803,TRACKING distance=2.749 heading_error=0.000 linear=0.350 angular=0.000 ,False
36.2,1,4.0,0.0,0.0,1.2508194156958474,-0.0001727836218679584,-0.00022455095072758036,2.749180589733803,TRACKING distance=2.749 heading_error=0.000 linear=0.350 angular=0.000 ,False
36.300000000000004,1,4.0,0.0,0.0,1.2699936969890282,-0.00017707325577852998,-0.00022346961745975752,2.7300063087536213,TRACKING distance=2.730 heading_error=0.000 linear=0.350 angular=0.000 ,False
36.300000000000004,1,4.0,0.0,0.0,1.2719130468101958,-0.00017753415121585445,-0.00022327723253816786,2.7280869589664483,TRACKING distance=2.730 heading_error=0.000 linear=0.350 angular=0.000 ,False
36.400000000000006,1,4.0,0.0,0.0,1.291084258698685,-0.00018163667340273664,-0.0002178099786484597,2.708915747390814,TRACKING distance=2.711 heading_error=0.000 linear=0.350 angular=0.000 ,False
36.400000000000006,1,4.0,0.0,0.0,1.291084258698685,-0.00018163667340273664,-0.0002178099786484597,2.708915747390814,TRACKING distance=2.709 heading_error=0.000 linear=0.350 angular=0.000 ,False
36.5,1,4.0,0.0,0.0,1.3083422221927064,-0.00018491990704924043,-0.00022195078634870303,2.691657784159396,TRACKING distance=2.692 heading_error=0.000 linear=0.350 angular=0.000 ,False
36.5,1,4.0,0.0,0.0,1.3083422221927064,-0.00018491990704924043,-0.00022195078634870303,2.691657784159396,TRACKING distance=2.692 heading_error=0.000 linear=0.350 angular=0.000 ,False
36.6,1,4.0,0.0,0.0,1.3275208421807845,-0.00018843030111845576,-0.00022215246950150973,2.672479164462107,TRACKING distance=2.672 heading_error=0.000 linear=0.350 angular=0.000 ,False
36.6,1,4.0,0.0,0.0,1.3275208421807845,-0.00018843030111845576,-0.00022215246950150973,2.672479164462107,TRACKING distance=2.672 heading_error=0.000 linear=0.350 angular=0.000 ,False
36.7,1,4.0,0.0,0.0,1.3466985975362187,-0.00019428724986552925,-0.0002204488612077372,2.653301409577096,TRACKING distance=2.653 heading_error=0.000 linear=0.350 angular=0.000 ,False
36.7,1,4.0,0.0,0.0,1.3466985975362187,-0.00019428724986552925,-0.0002204488612077372,2.653301409577096,TRACKING distance=2.653 heading_error=0.000 linear=0.350 angular=0.000 ,False
36.800000000000004,1,4.0,0.0,0.0,1.365875664992633,-0.00019750749505119595,-0.0002189959580412394,2.634124342411955,TRACKING distance=2.634 heading_error=0.000 linear=0.350 angular=0.000 ,False
36.800000000000004,1,4.0,0.0,0.0,1.3677908549408968,-0.0001986385867922421,-0.00021944703129975725,2.632209152554193,TRACKING distance=2.634 heading_error=0.000 linear=0.350 angular=0.000 ,False
36.900000000000006,1,4.0,0.0,0.0,1.3850518900166706,-0.00020368748052602978,-0.0002167859253341008,2.6149481179162954,TRACKING distance=2.615 heading_error=0.000 linear=0.350 angular=0.000 ,False
36.900000000000006,1,4.0,0.0,0.0,1.3869682190814934,-0.00020353687535906598,-0.00021917882968445866,2.613031788845555,TRACKING distance=2.615 heading_error=0.000 linear=0.350 angular=0.000 ,False
37.0,1,4.0,0.0,0.0,1.4042270003599786,-0.00020785059066216144,-0.00021961452513555242,2.595773007961602,TRACKING distance=2.596 heading_error=0.000 linear=0.350 angular=0.000 ,False
37.0,1,4.0,0.0,0.0,1.4061445893969537,-0.0002077314482797505,-0.0002191357090874397,2.593855418921234,TRACKING distance=2.596 heading_error=0.000 linear=0.350 angular=0.000 ,False
37.1,1,4.0,0.0,0.0,1.4233998920531719,-0.00021234292661793925,-0.00021168434065207126,2.5766001166966377,TRACKING distance=2.577 heading_error=0.000 linear=0.350 angular=0.000 ,False
37.1,1,4.0,0.0,0.0,1.4233998920531719,-0.00021234292661793925,-0.00021168434065207126,2.5766001166966377,TRACKING distance=2.577 heading_error=0.000 linear=0.350 angular=0.000 ,False
37.2,1,4.0,0.0,0.0,1.4425738171066498,-0.0002178878569684248,-0.00021763247250631017,2.557426192175166,TRACKING distance=2.557 heading_error=0.000 linear=0.350 angular=0.000 ,False
37.2,1,4.0,0.0,0.0,1.44449316331251,-0.00021839889142085693,-0.00021802429108739663,2.5555068460199,TRACKING distance=2.557 heading_error=0.000 linear=0.350 angular=0.000 ,False
37.300000000000004,1,4.0,0.0,0.0,1.4617474746414165,-0.00022120249536619136,-0.0002188637229901544,2.5382525349972114,TRACKING distance=2.538 heading_error=0.000 linear=0.350 angular=0.000 ,False
37.300000000000004,1,4.0,0.0,0.0,1.4617474746414165,-0.00022120249536619136,-0.0002188637229901544,2.5382525349972114,TRACKING distance=2.538 heading_error=0.000 linear=0.350 angular=0.000 ,False
37.400000000000006,1,4.0,0.0,0.0,1.480920632156189,-0.00022651606089409428,-0.00021026997567827834,2.519079378027993,TRACKING distance=2.519 heading_error=0.000 linear=0.350 angular=0.000 ,False
37.400000000000006,1,4.0,0.0,0.0,1.480920632156189,-0.00022651606089409428,-0.00021026997567827834,2.519079378027993,TRACKING distance=2.519 heading_error=0.000 linear=0.350 angular=0.000 ,False
37.5,1,4.0,0.0,0.0,1.5000952741457199,-0.00023072094250646238,-0.00021725957683121176,2.4999047365011164,TRACKING distance=2.500 heading_error=0.000 linear=0.350 angular=0.000 ,False
37.5,1,4.0,0.0,0.0,1.5000952741457199,-0.00023072094250646238,-0.00021725957683121176,2.4999047365011164,TRACKING distance=2.500 heading_error=0.000 linear=0.350 angular=0.000 ,False
37.6,1,4.0,0.0,0.0,1.5192704583454595,-0.0002338358424846986,-0.00021608925142906947,2.480729552675331,TRACKING distance=2.481 heading_error=0.000 linear=0.350 angular=0.000 ,False
37.6,1,4.0,0.0,0.0,1.5192704583454595,-0.0002338358424846986,-0.00021608925142906947,2.480729552675331,TRACKING distance=2.481 heading_error=0.000 linear=0.350 angular=0.000 ,False
37.7,1,4.0,0.0,0.0,1.538445872271052,-0.00024018100268855788,-0.00021516176829609873,2.4615541394465277,TRACKING distance=2.462 heading_error=0.000 linear=0.350 angular=0.000 ,False
37.7,1,4.0,0.0,0.0,1.538445872271052,-0.00024018100268855788,-0.00021516176829609873,2.4615541394465277,TRACKING distance=2.462 heading_error=0.000 linear=0.350 angular=0.000 ,False
37.800000000000004,1,4.0,0.0,0.0,1.5576205682918218,-0.00024244930605915382,-0.00021356398856786724,2.4423794437418667,TRACKING distance=2.442 heading_error=0.000 linear=0.350 angular=0.000 ,False
37.800000000000004,1,4.0,0.0,0.0,1.5576205682918218,-0.00024244930605915382,-0.00021356398856786724,2.4423794437418667,TRACKING distance=2.442 heading_error=0.000 linear=0.350 angular=0.000 ,False
37.900000000000006,1,4.0,0.0,0.0,1.5767982302556034,-0.00024549932991619944,-0.00021211995817731858,2.4232017821804064,TRACKING distance=2.423 heading_error=0.000 linear=0.350 angular=0.000 ,False
37.900000000000006,1,4.0,0.0,0.0,1.5767982302556034,-0.00024549932991619944,-0.00021211995817731858,2.4232017821804064,TRACKING distance=2.423 heading_error=0.000 linear=0.350 angular=0.000 ,False
38.0,1,4.0,0.0,0.0,1.5959755051798383,-0.00025175859928509007,-0.00021359942604393226,2.404024508002721,TRACKING distance=2.404 heading_error=0.000 linear=0.350 angular=0.000 ,False
38.0,1,4.0,0.0,0.0,1.5978929546203806,-0.0002516995576229979,-0.00021293681076649883,2.4021070585665143,TRACKING distance=2.404 heading_error=0.000 linear=0.350 angular=0.000 ,False
38.1,1,4.0,0.0,0.0,1.6170672633219714,-0.00025437541906146857,-0.00020719644184653396,2.382932750255175,TRACKING distance=2.385 heading_error=0.000 linear=0.350 angular=0.000 ,False
38.1,1,4.0,0.0,0.0,1.6170672633219714,-0.00025437541906146857,-0.00020719644184653396,2.382932750255175,TRACKING distance=2.385 heading_error=0.000 linear=0.350 angular=0.000 ,False
38.2,1,4.0,0.0,0.0,1.6343255067182574,-0.00025963412063693736,-0.00020841082926308896,2.365674507529239,TRACKING distance=2.366 heading_error=0.000 linear=0.350 angular=0.000 ,False
38.2,1,4.0,0.0,0.0,1.6362449095323466,-0.0002599278935990384,-0.00020989193456515617,2.363755104759005,TRACKING distance=2.366 heading_error=0.000 linear=0.350 angular=0.000 ,False
38.300000000000004,1,4.0,0.0,0.0,1.653501516774754,-0.0002636132633013383,-0.0002138514442548242,2.3464984980328314,TRACKING distance=2.346 heading_error=0.000 linear=0.350 angular=0.000 ,False
38.300000000000004,1,4.0,0.0,0.0,1.653501516774754,-0.0002636132633013383,-0.0002138514442548242,2.3464984980328314,TRACKING distance=2.346 heading_error=0.000 linear=0.350 angular=0.000 ,False
38.400000000000006,1,4.0,0.0,0.0,1.672675022535904,-0.00026798274814290467,-0.00020032803368157903,2.327324992892701,TRACKING distance=2.327 heading_error=0.000 linear=0.350 angular=0.000 ,False
38.400000000000006,1,4.0,0.0,0.0,1.672675022535904,-0.00026798274814290467,-0.00020032803368157903,2.327324992892701,TRACKING distance=2.327 heading_error=0.000 linear=0.350 angular=0.000 ,False
38.5,1,4.0,0.0,0.0,1.6918507840384545,-0.00027207479110820447,-0.00021337383123424,2.3081492319970542,TRACKING distance=2.308 heading_error=0.000 linear=0.350 angular=0.000 ,False
38.5,1,4.0,0.0,0.0,1.6918507840384545,-0.00027207479110820447,-0.00021337383123424,2.3081492319970542,TRACKING distance=2.308 heading_error=0.000 linear=0.350 angular=0.000 ,False
38.6,1,4.0,0.0,0.0,1.7110264092786114,-0.00027465898314879913,-0.00021519198768596965,2.2889736071998565,TRACKING distance=2.289 heading_error=0.000 linear=0.350 angular=0.000 ,False
38.6,1,4.0,0.0,0.0,1.7129436570396892,-0.00027639346400530504,-0.00021565443286161463,2.287056359661549,TRACKING distance=2.289 heading_error=0.000 linear=0.350 angular=0.000 ,False
38.7,1,4.0,0.0,0.0,1.7302025414580655,-0.00028074058770611584,-0.00021481213985523838,2.269797475903677,TRACKING distance=2.270 heading_error=0.000 linear=0.350 angular=0.000 ,False
38.7,1,4.0,0.0,0.0,1.7302025414580655,-0.00028074058770611584,-0.00021481213985523838,2.269797475903677,TRACKING distance=2.270 heading_error=0.000 linear=0.350 angular=0.000 ,False
38.800000000000004,1,4.0,0.0,0.0,1.7493771589564222,-0.00028450185002541154,-0.00021318298586424318,2.250622859025556,TRACKING distance=2.251 heading_error=0.000 linear=0.350 angular=0.000 ,False
38.800000000000004,1,4.0,0.0,0.0,1.7493771589564222,-0.00028450185002541154,-0.00021318298586424318,2.250622859025556,TRACKING distance=2.251 heading_error=0.000 linear=0.350 angular=0.000 ,False
38.900000000000006,1,4.0,0.0,0.0,1.768551924823896,-0.0002895090299565493,-0.00021428637940179592,2.2314480939566166,TRACKING distance=2.231 heading_error=0.000 linear=0.350 angular=0.000 ,False
38.900000000000006,1,4.0,0.0,0.0,1.768551924823896,-0.0002895090299565493,-0.00021428637940179592,2.2314480939566166,TRACKING distance=2.231 heading_error=0.000 linear=0.350 angular=0.000 ,False
39.0,1,4.0,0.0,0.0,1.7877261628730254,-0.00029493313646025205,-0.00021305038375297707,2.212273856786737,TRACKING distance=2.212 heading_error=0.000 linear=0.350 angular=0.000 ,False
39.0,1,4.0,0.0,0.0,1.7877261628730254,-0.00029493313646025205,-0.00021305038375297707,2.212273856786737,TRACKING distance=2.212 heading_error=0.000 linear=0.350 angular=0.000 ,False
39.1,1,4.0,0.0,0.0,1.8068992539663309,-0.00029731537288847144,-0.00020046812587668213,2.193100766186968,TRACKING distance=2.193 heading_error=0.000 linear=0.350 angular=0.000 ,False
39.1,1,4.0,0.0,0.0,1.8068992539663309,-0.00029731537288847144,-0.00020046812587668213,2.193100766186968,TRACKING distance=2.193 heading_error=0.000 linear=0.350 angular=0.000 ,False
39.2,1,4.0,0.0,0.0,1.8260751792955896,-0.0003008162747124336,-0.00020956449818368208,2.173924841517097,TRACKING distance=2.174 heading_error=0.000 linear=0.350 angular=0.000 ,False
39.2,1,4.0,0.0,0.0,1.827994481291552,-0.0003010536913616733,-0.0002099414233213269,2.17200553957242,TRACKING distance=2.174 heading_error=0.000 linear=0.350 angular=0.000 ,False
39.300000000000004,1,4.0,0.0,0.0,1.845251626343173,-0.0003071928987315498,-0.00020944559543653013,2.15474839555439,TRACKING distance=2.155 heading_error=0.000 linear=0.350 angular=0.000 ,False
39.300000000000004,1,4.0,0.0,0.0,1.845251626343173,-0.0003071928987315498,-0.00020944559543653013,2.15474839555439,TRACKING distance=2.155 heading_error=0.000 linear=0.350 angular=0.000 ,False
39.400000000000006,1,4.0,0.0,0.0,1.8644275562309682,-0.0003103413072040627,-0.0002094816042030904,2.1355724663184255,TRACKING distance=2.136 heading_error=0.000 linear=0.350 angular=0.000 ,False
39.400000000000006,1,4.0,0.0,0.0,1.8644275562309682,-0.0003103413072040627,-0.0002094816042030904,2.1355724663184255,TRACKING distance=2.136 heading_error=0.000 linear=0.350 angular=0.000 ,False
39.5,1,4.0,0.0,0.0,1.883602896260982,-0.0003156749564285005,-0.00020444932397648753,2.1163971272815463,TRACKING distance=2.116 heading_error=0.000 linear=0.350 angular=0.000 ,False
39.5,1,4.0,0.0,0.0,1.883602896260982,-0.0003156749564285005,-0.00020444932397648753,2.1163971272815463,TRACKING distance=2.116 heading_error=0.000 linear=0.350 angular=0.000 ,False
39.6,1,4.0,0.0,0.0,1.9027795163771537,-0.00031910230993243603,-0.0002072880074049022,2.0972205078993316,TRACKING distance=2.097 heading_error=0.000 linear=0.350 angular=0.000 ,False
39.6,1,4.0,0.0,0.0,1.9046971983891026,-0.00032045048565306394,-0.00020760447291961833,2.095302826115354,TRACKING distance=2.097 heading_error=0.000 linear=0.350 angular=0.000 ,False
39.7,1,4.0,0.0,0.0,1.9219557138126904,-0.0003239641753540191,-0.00020651676886439472,2.0780443114400886,TRACKING distance=2.078 heading_error=0.000 linear=0.350 angular=0.000 ,False
39.7,1,4.0,0.0,0.0,1.9219557138126904,-0.0003239641753540191,-0.00020651676886439472,2.0780443114400886,TRACKING distance=2.078 heading_error=0.000 linear=0.350 angular=0.000 ,False
39.800000000000004,1,4.0,0.0,0.0,1.9411294630495726,-0.00032756356790113764,-0.0002014872145177942,2.0588705630078916,TRACKING distance=2.059 heading_error=0.000 linear=0.350 angular=0.000 ,False
39.800000000000004,1,4.0,0.0,0.0,1.943044454112295,-0.00032921424545814457,-0.00020570643702270944,2.0569555722329556,TRACKING distance=2.059 heading_error=0.000 linear=0.350 angular=0.000 ,False
39.900000000000006,1,4.0,0.0,0.0,1.9603044978692603,-0.00033313612207849487,-0.00020485985119516502,2.039695529335701,TRACKING distance=2.040 heading_error=0.000 linear=0.350 angular=0.000 ,False
39.900000000000006,1,4.0,0.0,0.0,1.9603044978692603,-0.00033313612207849487,-0.00020485985119516502,2.039695529335701,TRACKING distance=2.040 heading_error=0.000 linear=0.350 angular=0.000 ,False
40.0,1,4.0,0.0,0.0,1.9794790187552675,-0.0003376072734500286,-0.00020473578700785146,2.0205210094500003,TRACKING distance=2.021 heading_error=0.000 linear=0.350 angular=0.000 ,False
40.0,1,4.0,0.0,0.0,1.981395272768011,-0.0003373333786158376,-0.00020486432728678738,2.018604755418242,TRACKING distance=2.021 heading_error=0.000 linear=0.350 angular=0.000 ,False
40.1,1,4.0,0.0,0.0,1.998652852624474,-0.0003407772973039374,-0.00020548981936681384,2.001347176388275,TRACKING distance=2.001 heading_error=0.000 linear=0.350 angular=0.000 ,False
40.1,1,4.0,0.0,0.0,1.998652852624474,-0.0003407772973039374,-0.00020548981936681384,2.001347176388275,TRACKING distance=2.001 heading_error=0.000 linear=0.350 angular=0.000 ,False
40.2,1,4.0,0.0,0.0,2.0178257505849753,-0.0003457509826987199,-0.0002049007970275562,1.982174279569725,TRACKING distance=1.982 heading_error=0.000 linear=0.350 angular=0.000 ,False
40.2,1,4.0,0.0,0.0,2.019744538027484,-0.0003458723088613969,-0.0002037944639895775,1.980255492177622,TRACKING distance=1.982 heading_error=0.000 linear=0.350 angular=0.000 ,False
40.300000000000004,1,4.0,0.0,0.0,2.036999753458498,-0.0003507714839502364,-0.00020255339911926854,1.9630002778814453,TRACKING distance=1.963 heading_error=0.000 linear=0.350 angular=0.000 ,False
40.300000000000004,1,4.0,0.0,0.0,2.036999753458498,-0.0003507714839502364,-0.00020255339911926854,1.9630002778814453,TRACKING distance=1.963 heading_error=0.000 linear=0.350 angular=0.000 ,False
40.400000000000006,1,4.0,0.0,0.0,2.0561746286901386,-0.00035315127424253965,-0.00020164794600879772,1.9438254033898577,TRACKING distance=1.944 heading_error=0.000 linear=0.350 angular=0.000 ,False
40.400000000000006,1,4.0,0.0,0.0,2.0561746286901386,-0.00035315127424253965,-0.00020164794600879772,1.9438254033898577,TRACKING distance=1.944 heading_error=0.000 linear=0.350 angular=0.000 ,False
40.5,1,4.0,0.0,0.0,2.0753479335200815,-0.00035753941037517864,-0.00020255641544969784,1.9246520996896688,TRACKING distance=1.925 heading_error=0.000 linear=0.350 angular=0.000 ,False
40.5,1,4.0,0.0,0.0,2.0753479335200815,-0.00035753941037517864,-0.00020255641544969784,1.9246520996896688,TRACKING distance=1.925 heading_error=0.000 linear=0.350 angular=0.000 ,False
40.6,1,4.0,0.0,0.0,2.094524756086533,-0.00036183880891747203,-0.00020005355974149597,1.9054752782690227,TRACKING distance=1.905 heading_error=0.000 linear=0.350 angular=0.000 ,False
40.6,1,4.0,0.0,0.0,2.094524756086533,-0.00036183880891747203,-0.00020005355974149597,1.9054752782690227,TRACKING distance=1.905 heading_error=0.000 linear=0.350 angular=0.000 ,False
40.7,1,4.0,0.0,0.0,2.1137020139506086,-0.00036601078929157264,-0.00019957064125522005,1.8862980215591298,TRACKING distance=1.886 heading_error=0.000 linear=0.350 angular=0.000 ,False
40.7,1,4.0,0.0,0.0,2.1137020139506086,-0.00036601078929157264,-0.00019957064125522005,1.8862980215591298,TRACKING distance=1.886 heading_error=0.000 linear=0.350 angular=0.000 ,False
40.800000000000004,1,4.0,0.0,0.0,2.134794494451115,-0.0003712034652602217,-0.0001962257095430547,1.8652055424863727,TRACKING distance=1.867 heading_error=0.000 linear=0.350 angular=0.000 ,False
40.800000000000004,1,4.0,0.0,0.0,2.134794494451115,-0.0003712034652602217,-0.0001962257095430547,1.8652055424863727,TRACKING distance=1.867 heading_error=0.000 linear=0.350 angular=0.000 ,False
40.900000000000006,1,4.0,0.0,0.0,2.1520546175144717,-0.00037512682397988756,-0.00019827949201340754,1.8479454205602825,TRACKING distance=1.848 heading_error=0.000 linear=0.350 angular=0.000 ,False
40.900000000000006,1,4.0,0.0,0.0,2.1520546175144717,-0.00037512682397988756,-0.00019827949201340754,1.8479454205602825,TRACKING distance=1.848 heading_error=0.000 linear=0.350 angular=0.000 ,False
41.0,1,4.0,0.0,0.0,2.171230117869044,-0.00037929184024959074,-0.0001977198634768797,1.8287699214640347,TRACKING distance=1.829 heading_error=0.000 linear=0.350 angular=0.000 ,False
41.0,1,4.0,0.0,0.0,2.1731461170536885,-0.00037891401591365505,-0.00019800165483287882,1.8268539222422375,TRACKING distance=1.829 heading_error=0.000 linear=0.350 angular=0.000 ,False
41.1,1,4.0,0.0,0.0,2.1904044573683406,-0.0003826795694730867,-0.00019780086781364997,1.8095955830947485,TRACKING distance=1.810 heading_error=0.000 linear=0.350 angular=0.000 ,False
41.1,1,4.0,0.0,0.0,2.1904044573683406,-0.0003826795694730867,-0.00019780086781364997,1.8095955830947485,TRACKING distance=1.810 heading_error=0.000 linear=0.350 angular=0.000 ,False
41.2,1,4.0,0.0,0.0,2.2095767175439676,-0.00038743617865029894,-0.00019790970330031351,1.7904233243753909,TRACKING distance=1.790 heading_error=0.000 linear=0.350 angular=0.000 ,False
41.2,1,4.0,0.0,0.0,2.2095767175439676,-0.00038743617865029894,-0.00019790970330031351,1.7904233243753909,TRACKING distance=1.790 heading_error=0.000 linear=0.350 angular=0.000 ,False
41.300000000000004,1,4.0,0.0,0.0,2.228753075696998,-0.000391321454284964,-0.00019660642875413977,1.7712469675303115,TRACKING distance=1.771 heading_error=0.000 linear=0.350 angular=0.001 ,False
41.300000000000004,1,4.0,0.0,0.0,2.230672481199946,-0.0003915581337714697,-0.0001959338555644483,1.7693275621266198,TRACKING distance=1.771 heading_error=0.000 linear=0.350 angular=0.001 ,False
41.400000000000006,1,4.0,0.0,0.0,2.249847592965904,-0.00039432460150446314,-0.0001975289184534568,1.7501524514564815,TRACKING distance=1.752 heading_error=0.000 linear=0.350 angular=0.001 ,False
41.400000000000006,1,4.0,0.0,0.0,2.249847592965904,-0.00039432460150446314,-0.0001975289184534568,1.7501524514564815,TRACKING distance=1.752 heading_error=0.000 linear=0.350 angular=0.001 ,False
41.5,1,4.0,0.0,0.0,2.2671030263456635,-0.000398665667981762,-0.00019652904595323197,1.7328970195123174,TRACKING distance=1.733 heading_error=0.000 linear=0.350 angular=0.001 ,False
41.5,1,4.0,0.0,0.0,2.2671030263456635,-0.000398665667981762,-0.00019652904595323197,1.7328970195123174,TRACKING distance=1.733 heading_error=0.000 linear=0.350 angular=0.001 ,False
41.6,1,4.0,0.0,0.0,2.2862770679953943,-0.00040247488641501083,-0.0001954851844356055,1.713722979266047,TRACKING distance=1.714 heading_error=0.000 linear=0.350 angular=0.001 ,False
41.6,1,4.0,0.0,0.0,2.2881954518832845,-0.00040385078256951573,-0.0001950946323732373,1.7118045957551717,TRACKING distance=1.714 heading_error=0.000 linear=0.350 angular=0.001 ,False
41.7,1,4.0,0.0,0.0,2.3054535481875282,-0.0004050665947047638,-0.00019466644232215917,1.6945465002262947,TRACKING distance=1.695 heading_error=0.000 linear=0.350 angular=0.001 ,False
41.7,1,4.0,0.0,0.0,2.3073706424084324,-0.0004058602002866039,-0.00019470366118440164,1.6926294062503302,TRACKING distance=1.695 heading_error=0.000 linear=0.350 angular=0.001 ,False
41.800000000000004,1,4.0,0.0,0.0,2.3246314471008684,-0.0004092538043661752,-0.00019201323831765824,1.6753686028847523,TRACKING distance=1.675 heading_error=0.000 linear=0.350 angular=0.001 ,False
41.800000000000004,1,4.0,0.0,0.0,2.3265471857133564,-0.0004097528963471316,-0.0001926908259090906,1.6734528644516176,TRACKING distance=1.675 heading_error=0.000 linear=0.350 angular=0.001 ,False
41.900000000000006,1,4.0,0.0,0.0,2.3438065131453807,-0.0004145304605680464,-0.00019256312892847237,1.6561935387312574,TRACKING distance=1.656 heading_error=0.000 linear=0.350 angular=0.001 ,False
41.900000000000006,1,4.0,0.0,0.0,2.3438065131453807,-0.0004145304605680464,-0.00019256312892847237,1.6561935387312574,TRACKING distance=1.656 heading_error=0.000 linear=0.350 angular=0.001 ,False
42.0,1,4.0,0.0,0.0,2.362983361287974,-0.00041827024855907593,-0.00019223110623240185,1.637016692147646,TRACKING distance=1.637 heading_error=0.000 linear=0.350 angular=0.001 ,False
42.0,1,4.0,0.0,0.0,2.362983361287974,-0.00041827024855907593,-0.00019223110623240185,1.637016692147646,TRACKING distance=1.637 heading_error=0.000 linear=0.350 angular=0.001 ,False
42.1,1,4.0,0.0,0.0,2.3840763397834634,-0.00042283187333176886,-0.00019095439908937013,1.6159237155368449,TRACKING distance=1.618 heading_error=0.000 linear=0.350 angular=0.001 ,False
42.1,1,4.0,0.0,0.0,2.3840763397834634,-0.00042283187333176886,-0.00019095439908937013,1.6159237155368449,TRACKING distance=1.618 heading_error=0.000 linear=0.350 angular=0.001 ,False
42.2,1,4.0,0.0,0.0,2.4013314388029845,-0.0004265455089443187,-0.0001961025839980109,1.5986686181009517,TRACKING distance=1.599 heading_error=0.000 linear=0.350 angular=0.001 ,False
42.2,1,4.0,0.0,0.0,2.4013314388029845,-0.0004265455089443187,-0.0001961025839980109,1.5986686181009517,TRACKING distance=1.599 heading_error=0.000 linear=0.350 angular=0.001 ,False
42.300000000000004,1,4.0,0.0,0.0,2.4205057999013944,-0.000430419684611114,-0.00019635805106176714,1.5794942587443106,TRACKING distance=1.579 heading_error=0.000 linear=0.350 angular=0.001 ,False
42.300000000000004,1,4.0,0.0,0.0,2.4205057999013944,-0.000430419684611114,-0.00019635805106176714,1.5794942587443106,TRACKING distance=1.579 heading_error=0.000 linear=0.350 angular=0.001 ,False
42.400000000000006,1,4.0,0.0,0.0,2.439680643386346,-0.00043381094076821856,-0.0001986395998634342,1.5603194169192343,TRACKING distance=1.560 heading_error=0.000 linear=0.350 angular=0.001 ,False
42.400000000000006,1,4.0,0.0,0.0,2.439680643386346,-0.00043381094076821856,-0.0001986395998634342,1.5603194169192343,TRACKING distance=1.560 heading_error=0.000 linear=0.350 angular=0.001 ,False
42.5,1,4.0,0.0,0.0,2.4588550761612002,-0.00043817302510232276,-0.0001980474850536108,1.5411449861287223,TRACKING distance=1.541 heading_error=0.000 linear=0.350 angular=0.001 ,False
42.5,1,4.0,0.0,0.0,2.4588550761612002,-0.00043817302510232276,-0.0001980474850536108,1.5411449861287223,TRACKING distance=1.541 heading_error=0.000 linear=0.350 angular=0.001 ,False
42.6,1,4.0,0.0,0.0,2.4780287343982224,-0.0004418792780480594,-0.0002027720807500735,1.5219713297479598,TRACKING distance=1.522 heading_error=0.000 linear=0.350 angular=0.001 ,False
42.6,1,4.0,0.0,0.0,2.4780287343982224,-0.0004418792780480594,-0.0002027720807500735,1.5219713297479598,TRACKING distance=1.522 heading_error=0.000 linear=0.350 angular=0.001 ,False
42.7,1,4.0,0.0,0.0,2.4972048479865148,-0.0004446474380590246,-0.00019716122283424593,1.5027952177946862,TRACKING distance=1.503 heading_error=0.000 linear=0.350 angular=0.001 ,False
42.7,1,4.0,0.0,0.0,2.4991223197749437,-0.00044573172275401673,-0.00019822631549243605,1.5008777464119172,TRACKING distance=1.503 heading_error=0.000 linear=0.350 angular=0.001 ,False
42.800000000000004,1,4.0,0.0,0.0,2.5163811886235505,-0.00044971498798446,-0.00019573175217540558,1.4836188795353202,TRACKING distance=1.484 heading_error=0.000 linear=0.350 angular=0.001 ,False
42.800000000000004,1,4.0,0.0,0.0,2.5163811886235505,-0.00044971498798446,-0.00019573175217540558,1.4836188795353202,TRACKING distance=1.484 heading_error=0.000 linear=0.350 angular=0.001 ,False
42.900000000000006,1,4.0,0.0,0.0,2.535556818265141,-0.00045362492138539655,-0.00019425243298980851,1.4644432519921304,TRACKING distance=1.464 heading_error=0.001 linear=0.350 angular=0.001 ,False
42.900000000000006,1,4.0,0.0,0.0,2.537470466966593,-0.0004547024462281928,-0.0001877502250126296,1.462529603717214,TRACKING distance=1.464 heading_error=0.001 linear=0.350 angular=0.001 ,False
43.0,1,4.0,0.0,0.0,2.5547314716378744,-0.00045630384658350927,-0.00019522684668121145,1.4452686003948279,TRACKING distance=1.445 heading_error=0.001 linear=0.350 angular=0.001 ,False
43.0,1,4.0,0.0,0.0,2.5547314716378744,-0.00045630384658350927,-0.00019522684668121145,1.4452686003948279,TRACKING distance=1.445 heading_error=0.001 linear=0.350 angular=0.001 ,False
43.1,1,4.0,0.0,0.0,2.573907949161496,-0.00046014062932867673,-0.00019027272591436896,1.42609212507263,TRACKING distance=1.426 heading_error=0.001 linear=0.350 angular=0.001 ,False
43.1,1,4.0,0.0,0.0,2.573907949161496,-0.00046014062932867673,-0.00019027272591436896,1.42609212507263,TRACKING distance=1.426 heading_error=0.001 linear=0.350 angular=0.001 ,False
43.2,1,4.0,0.0,0.0,2.5930845824578825,-0.00046570047310703997,-0.00019037753604949124,1.406915494617442,TRACKING distance=1.407 heading_error=0.001 linear=0.350 angular=0.001 ,False
43.2,1,4.0,0.0,0.0,2.5930845824578825,-0.00046570047310703997,-0.00019037753604949124,1.406915494617442,TRACKING distance=1.407 heading_error=0.001 linear=0.350 angular=0.001 ,False
43.300000000000004,1,4.0,0.0,0.0,2.612258689892429,-0.00046932828525196775,-0.00019569640425503605,1.3877413894699966,TRACKING distance=1.388 heading_error=0.001 linear=0.350 angular=0.001 ,False
43.300000000000004,1,4.0,0.0,0.0,2.612258689892429,-0.00046932828525196775,-0.00019569640425503605,1.3877413894699966,TRACKING distance=1.388 heading_error=0.001 linear=0.350 angular=0.001 ,False
43.400000000000006,1,4.0,0.0,0.0,2.6314346906616652,-0.000473696276656067,-0.00018911129118062323,1.3685653913176727,TRACKING distance=1.369 heading_error=0.001 linear=0.350 angular=0.001 ,False
43.400000000000006,1,4.0,0.0,0.0,2.6314346906616652,-0.000473696276656067,-0.00018911129118062323,1.3685653913176727,TRACKING distance=1.369 heading_error=0.001 linear=0.350 angular=0.001 ,False
43.5,1,4.0,0.0,0.0,2.6506101979775134,-0.0004771156107187057,-0.0001889256204178486,1.3493898863714637,TRACKING distance=1.349 heading_error=0.001 linear=0.350 angular=0.001 ,False
43.5,1,4.0,0.0,0.0,2.6525297639718524,-0.00047776526245716636,-0.00018830318981278747,1.3474703207274725,TRACKING distance=1.349 heading_error=0.001 linear=0.350 angular=0.001 ,False
43.6,1,4.0,0.0,0.0,2.6697812053505166,-0.00048078948156778995,-0.0001839387109756716,1.3302188815368883,TRACKING distance=1.330 heading_error=0.001 linear=0.350 angular=0.001 ,False
43.6,1,4.0,0.0,0.0,2.6697812053505166,-0.00048078948156778995,-0.0001839387109756716,1.3302188815368883,TRACKING distance=1.330 heading_error=0.001 linear=0.350 angular=0.001 ,False
43.7,1,4.0,0.0,0.0,2.688957894459786,-0.00048331074682801537,-0.0001911592356253556,1.3110421946255564,TRACKING distance=1.311 heading_error=0.001 linear=0.350 angular=0.001 ,False
43.7,1,4.0,0.0,0.0,2.688957894459786,-0.00048331074682801537,-0.0001911592356253556,1.3110421946255564,TRACKING distance=1.311 heading_error=0.001 linear=0.350 angular=0.001 ,False
43.800000000000004,1,4.0,0.0,0.0,2.7081343232643,-0.00048608739350059654,-0.00019136278610136373,1.291865768185202,TRACKING distance=1.292 heading_error=0.001 linear=0.350 angular=0.001 ,False
43.800000000000004,1,4.0,0.0,0.0,2.7100504988459186,-0.0004886687973875878,-0.00019221571138285716,1.2899495937147532,TRACKING distance=1.292 heading_error=0.001 linear=0.350 angular=0.001 ,False
43.900000000000006,1,4.0,0.0,0.0,2.7273104793423517,-0.0004920725700354518,-0.00019099371523549443,1.2726896157850935,TRACKING distance=1.273 heading_error=0.001 linear=0.350 angular=0.001 ,False
43.900000000000006,1,4.0,0.0,0.0,2.7273104793423517,-0.0004920725700354518,-0.00019099371523549443,1.2726896157850935,TRACKING distance=1.273 heading_error=0.001 linear=0.350 angular=0.001 ,False
44.0,1,4.0,0.0,0.0,2.74648495094948,-0.0004955829374479724,-0.0001918755496747841,1.2535151470160124,TRACKING distance=1.254 heading_error=0.001 linear=0.350 angular=0.001 ,False
44.0,1,4.0,0.0,0.0,2.74648495094948,-0.0004955829374479724,-0.0001918755496747841,1.2535151470160124,TRACKING distance=1.254 heading_error=0.001 linear=0.350 angular=0.001 ,False
44.1,1,4.0,0.0,0.0,2.7656600567894016,-0.0005001747988980129,-0.00018833625200007518,1.234340044550112,TRACKING distance=1.234 heading_error=0.001 linear=0.350 angular=0.001 ,False
44.1,1,4.0,0.0,0.0,2.7675763758203895,-0.0004985693599671923,-0.0001883194270916097,1.232423725026183,TRACKING distance=1.234 heading_error=0.001 linear=0.350 angular=0.001 ,False
44.2,1,4.0,0.0,0.0,2.78483433342296,-0.0005036215595815043,-0.00018754489919951066,1.2151657709392152,TRACKING distance=1.215 heading_error=0.001 linear=0.350 angular=0.001 ,False
44.2,1,4.0,0.0,0.0,2.78483433342296,-0.0005036215595815043,-0.00018754489919951066,1.2151657709392152,TRACKING distance=1.215 heading_error=0.001 linear=0.350 angular=0.001 ,False
44.300000000000004,1,4.0,0.0,0.0,2.804007892871665,-0.0005059111584480486,-0.00018029878528536426,1.1959922141299144,TRACKING distance=1.196 heading_error=0.001 linear=0.350 angular=0.001 ,False
44.300000000000004,1,4.0,0.0,0.0,2.804007892871665,-0.0005059111584480486,-0.00018029878528536426,1.1959922141299144,TRACKING distance=1.196 heading_error=0.001 linear=0.350 angular=0.001 ,False
44.400000000000006,1,4.0,0.0,0.0,2.8231839409073807,-0.0005096842818704489,-0.00018080156107667508,1.1768161694658816,TRACKING distance=1.177 heading_error=0.001 linear=0.350 angular=0.001 ,False
44.400000000000006,1,4.0,0.0,0.0,2.8231839409073807,-0.0005096842818704489,-0.00018080156107667508,1.1768161694658816,TRACKING distance=1.177 heading_error=0.001 linear=0.350 angular=0.001 ,False
44.5,1,4.0,0.0,0.0,2.842360482699563,-0.0005147950447266764,-0.0001817880562232497,1.1576396317634976,TRACKING distance=1.158 heading_error=0.001 linear=0.350 angular=0.001 ,False
44.5,1,4.0,0.0,0.0,2.842360482699563,-0.0005147950447266764,-0.0001817880562232497,1.1576396317634976,TRACKING distance=1.158 heading_error=0.001 linear=0.350 angular=0.001 ,False
44.6,1,4.0,0.0,0.0,2.861535090867399,-0.0005183306498010273,-0.00016946450893962135,1.1384650271277392,TRACKING distance=1.138 heading_error=0.001 linear=0.350 angular=0.001 ,False
44.6,1,4.0,0.0,0.0,2.861535090867399,-0.0005183306498010273,-0.00016946450893962135,1.1384650271277392,TRACKING distance=1.138 heading_error=0.001 linear=0.350 angular=0.001 ,False
44.7,1,4.0,0.0,0.0,2.880711826005966,-0.0005217271726643024,-0.00018062368718879814,1.119288295588827,TRACKING distance=1.119 heading_error=0.001 linear=0.350 angular=0.001 ,False
44.7,1,4.0,0.0,0.0,2.880711826005966,-0.0005217271726643024,-0.00018062368718879814,1.119288295588827,TRACKING distance=1.119 heading_error=0.001 linear=0.350 angular=0.001 ,False
44.800000000000004,1,4.0,0.0,0.0,2.899888623306545,-0.000523862736901523,-0.00017784566104676013,1.1001115014227132,TRACKING distance=1.100 heading_error=0.001 linear=0.350 angular=0.001 ,False
44.800000000000004,1,4.0,0.0,0.0,2.899888623306545,-0.000523862736901523,-0.00017784566104676013,1.1001115014227132,TRACKING distance=1.100 heading_error=0.001 linear=0.350 angular=0.001 ,False
44.900000000000006,1,4.0,0.0,0.0,2.919065001023474,-0.0005296410496955259,-0.00017803398125518084,1.080935128734386,TRACKING distance=1.081 heading_error=0.001 linear=0.350 angular=0.001 ,False
44.900000000000006,1,4.0,0.0,0.0,2.919065001023474,-0.0005296410496955259,-0.00017803398125518084,1.080935128734386,TRACKING distance=1.081 heading_error=0.001 linear=0.350 angular=0.001 ,False
45.0,1,4.0,0.0,0.0,2.9382382584746765,-0.0005332018578292789,-0.00018116022373309285,1.0617618754085631,TRACKING distance=1.062 heading_error=0.001 linear=0.350 angular=0.001 ,False
45.0,1,4.0,0.0,0.0,2.94015327233939,-0.0005325411874626969,-0.00017980604847753085,1.0598468614535872,TRACKING distance=1.062 heading_error=0.001 linear=0.350 angular=0.001 ,False
45.1,1,4.0,0.0,0.0,2.957413564723109,-0.0005359219599551872,-0.00017894532703379947,1.0425865730171868,TRACKING distance=1.043 heading_error=0.001 linear=0.350 angular=0.001 ,False
45.1,1,4.0,0.0,0.0,2.957413564723109,-0.0005359219599551872,-0.00017894532703379947,1.0425865730171868,TRACKING distance=1.043 heading_error=0.001 linear=0.350 angular=0.001 ,False
45.2,1,4.0,0.0,0.0,2.976588330997248,-0.0005407513217700782,-0.0001785382123721429,1.0234118118641151,TRACKING distance=1.023 heading_error=0.001 linear=0.350 angular=0.001 ,False
45.2,1,4.0,0.0,0.0,2.9785055823412323,-0.0005406589194227601,-0.00017819119707658217,1.021494560739357,TRACKING distance=1.023 heading_error=0.001 linear=0.350 angular=0.001 ,False
45.300000000000004,1,4.0,0.0,0.0,2.995760980774991,-0.0005440277590602665,-0.00016922315320178332,1.004239166583444,TRACKING distance=1.004 heading_error=0.001 linear=0.350 angular=0.001 ,False
45.300000000000004,1,4.0,0.0,0.0,2.995760980774991,-0.0005440277590602665,-0.00016922315320178332,1.004239166583444,TRACKING distance=1.004 heading_error=0.001 linear=0.350 angular=0.001 ,False
45.400000000000006,1,4.0,0.0,0.0,3.0149354376529027,-0.0005483567340367115,-0.00017756397997122038,0.985064714974192,TRACKING distance=0.985 heading_error=0.001 linear=0.350 angular=0.001 ,False
45.400000000000006,1,4.0,0.0,0.0,3.0149354376529027,-0.0005483567340367115,-0.00017756397997122038,0.985064714974192,TRACKING distance=0.985 heading_error=0.001 linear=0.350 angular=0.001 ,False
45.5,1,4.0,0.0,0.0,3.0341093444391767,-0.0005515950077125446,-0.00017665261196597238,0.9658908130615849,TRACKING distance=0.966 heading_error=0.001 linear=0.350 angular=0.001 ,False
45.5,1,4.0,0.0,0.0,3.03602878085377,-0.0005518001029824335,-0.000175507479839221,0.9639713770779829,TRACKING distance=0.966 heading_error=0.001 linear=0.350 angular=0.001 ,False
45.6,1,4.0,0.0,0.0,3.053283503192838,-0.0005542603691806165,-0.0001762366414661552,0.9467166590545357,TRACKING distance=0.947 heading_error=0.001 linear=0.350 angular=0.001 ,False
45.6,1,4.0,0.0,0.0,3.053283503192838,-0.0005542603691806165,-0.0001762366414661552,0.9467166590545357,TRACKING distance=0.947 heading_error=0.001 linear=0.350 angular=0.001 ,False
45.7,1,4.0,0.0,0.0,3.0724593596283616,-0.0005581286561266175,-0.0001709339918589788,0.927540808292889,TRACKING distance=0.928 heading_error=0.001 linear=0.350 angular=0.001 ,False
45.7,1,4.0,0.0,0.0,3.0724593596283616,-0.0005581286561266175,-0.0001709339918589788,0.927540808292889,TRACKING distance=0.928 heading_error=0.001 linear=0.350 angular=0.001 ,False
45.800000000000004,1,4.0,0.0,0.0,3.0916371063003996,-0.0005604043997040388,-0.00016855967319515477,0.9083630665672194,TRACKING distance=0.908 heading_error=0.001 linear=0.350 angular=0.001 ,False
45.800000000000004,1,4.0,0.0,0.0,3.093554490836462,-0.0005624478849271947,-0.00016951254828576924,0.9064456836624957,TRACKING distance=0.908 heading_error=0.001 linear=0.350 angular=0.001 ,False
45.900000000000006,1,4.0,0.0,0.0,3.110814959504061,-0.000564173062557001,-0.0001666488531886361,0.8891852194751154,TRACKING distance=0.889 heading_error=0.001 linear=0.350 angular=0.001 ,False
45.900000000000006,1,4.0,0.0,0.0,3.110814959504061,-0.000564173062557001,-0.0001666488531886361,0.8891852194751154,TRACKING distance=0.889 heading_error=0.001 linear=0.350 angular=0.001 ,False
46.0,1,4.0,0.0,0.0,3.1299905152348457,-0.0005692172182000245,-0.00016186780041983518,0.8700096709747374,TRACKING distance=0.870 heading_error=0.001 linear=0.350 angular=0.001 ,False
46.0,1,4.0,0.0,0.0,3.1299905152348457,-0.0005692172182000245,-0.00016186780041983518,0.8700096709747374,TRACKING distance=0.870 heading_error=0.001 linear=0.350 angular=0.001 ,False
46.1,1,4.0,0.0,0.0,3.1491661024998283,-0.0005718136640252444,-0.00016484024723224957,0.8508340896474464,TRACKING distance=0.851 heading_error=0.001 linear=0.350 angular=0.001 ,False
46.1,1,4.0,0.0,0.0,3.1491661024998283,-0.0005718136640252444,-0.00016484024723224957,0.8508340896474464,TRACKING distance=0.851 heading_error=0.001 linear=0.350 angular=0.001 ,False
46.2,1,4.0,0.0,0.0,3.168341388153833,-0.0005761715608601025,-0.00016431367953771584,0.8316588114314434,TRACKING distance=0.832 heading_error=0.001 linear=0.350 angular=0.001 ,False
46.2,1,4.0,0.0,0.0,3.1702581508744863,-0.0005760680939120515,-0.00016421557673338468,0.8297420491000053,TRACKING distance=0.832 heading_error=0.001 linear=0.350 angular=0.001 ,False
46.300000000000004,1,4.0,0.0,0.0,3.1875116040033014,-0.0005798226378528943,-0.00014870390507649487,0.8124886028884218,TRACKING distance=0.812 heading_error=0.001 linear=0.350 angular=0.001 ,False
46.300000000000004,1,4.0,0.0,0.0,3.1875116040033014,-0.0005798226378528943,-0.00014870390507649487,0.8124886028884218,TRACKING distance=0.812 heading_error=0.001 linear=0.350 angular=0.001 ,False
46.400000000000006,1,4.0,0.0,0.0,3.2066865461406855,-0.0005824447838895493,-0.00016124074302299873,0.7933136676725802,TRACKING distance=0.793 heading_error=0.001 linear=0.350 angular=0.001 ,False
46.400000000000006,1,4.0,0.0,0.0,3.2066865461406855,-0.0005824447838895493,-0.00016124074302299873,0.7933136676725802,TRACKING distance=0.793 heading_error=0.001 linear=0.350 angular=0.001 ,False
46.5,1,4.0,0.0,0.0,3.2258605271101946,-0.0005865476993299807,-0.00016026366533625203,0.7741396950966339,TRACKING distance=0.774 heading_error=0.001 linear=0.350 angular=0.001 ,False
46.5,1,4.0,0.0,0.0,3.2258605271101946,-0.0005865476993299807,-0.00016026366533625203,0.7741396950966339,TRACKING distance=0.774 heading_error=0.001 linear=0.350 angular=0.001 ,False
46.6,1,4.0,0.0,0.0,3.2450345145726236,-0.0005895486403876644,-0.00015928595814567706,0.7549657156150824,TRACKING distance=0.755 heading_error=0.001 linear=0.350 angular=0.001 ,False
46.6,1,4.0,0.0,0.0,3.2469538764704464,-0.000589713408696368,-0.0001585515169660305,0.7530463544329739,TRACKING distance=0.755 heading_error=0.001 linear=0.350 angular=0.001 ,False
46.7,1,4.0,0.0,0.0,3.264206846618917,-0.0005932724256441462,-0.0001572088297942025,0.7357933925597926,TRACKING distance=0.736 heading_error=0.001 linear=0.350 angular=0.001 ,False
46.7,1,4.0,0.0,0.0,3.264206846618917,-0.0005932724256441462,-0.0001572088297942025,0.7357933925597926,TRACKING distance=0.736 heading_error=0.001 linear=0.350 angular=0.001 ,False
46.800000000000004,1,4.0,0.0,0.0,3.283382024387602,-0.0005951398538396881,-0.0001545221813973842,0.7166182227394562,TRACKING distance=0.717 heading_error=0.001 linear=0.350 angular=0.001 ,False
46.800000000000004,1,4.0,0.0,0.0,3.2852994934190085,-0.0005968382085681701,-0.00015590103231880433,0.7147007557873246,TRACKING distance=0.717 heading_error=0.001 linear=0.350 angular=0.001 ,False
46.900000000000006,1,4.0,0.0,0.0,3.302557119119591,-0.0005992090925312791,-0.0001529864846199133,0.697443138286055,TRACKING distance=0.697 heading_error=0.001 linear=0.350 angular=0.001 ,False
46.900000000000006,1,4.0,0.0,0.0,3.302557119119591,-0.0005992090925312791,-0.0001529864846199133,0.697443138286055,TRACKING distance=0.697 heading_error=0.001 linear=0.350 angular=0.001 ,False
47.0,1,4.0,0.0,0.0,3.3217343676387787,-0.0006005597722420835,-0.00014968788964885756,0.6782658982393317,TRACKING distance=0.678 heading_error=0.001 linear=0.350 angular=0.001 ,False
47.0,1,4.0,0.0,0.0,3.3217343676387787,-0.0006005597722420835,-0.00014968788964885756,0.6782658982393317,TRACKING distance=0.678 heading_error=0.001 linear=0.350 angular=0.001 ,False
47.1,1,4.0,0.0,0.0,3.3409101907273606,-0.0006042967280373392,-0.00014572541930474384,0.6590900863020014,TRACKING distance=0.659 heading_error=0.001 linear=0.350 angular=0.001 ,False
47.1,1,4.0,0.0,0.0,3.3409101907273606,-0.0006042967280373392,-0.00014572541930474384,0.6590900863020014,TRACKING distance=0.659 heading_error=0.001 linear=0.350 angular=0.001 ,False
47.2,1,4.0,0.0,0.0,3.360086783528622,-0.0006071584431078451,-0.00014494545713984318,0.6399135045114456,TRACKING distance=0.640 heading_error=0.001 linear=0.350 angular=0.001 ,False
47.2,1,4.0,0.0,0.0,3.360086783528622,-0.0006071584431078451,-0.00014494545713984318,0.6399135045114456,TRACKING distance=0.640 heading_error=0.001 linear=0.350 angular=0.001 ,False
47.300000000000004,1,4.0,0.0,0.0,3.379262672743185,-0.0006123866295698964,-0.00014357142019696695,0.620737629330878,TRACKING distance=0.621 heading_error=0.001 linear=0.341 angular=0.001 ,False
47.300000000000004,1,4.0,0.0,0.0,3.379262672743185,-0.0006123866295698964,-0.00014357142019696695,0.620737629330878,TRACKING distance=0.621 heading_error=0.001 linear=0.341 angular=0.001 ,False
47.400000000000006,1,4.0,0.0,0.0,3.3984339913181234,-0.0006144442452624567,-0.0001448801703368414,0.6015663224808834,TRACKING distance=0.602 heading_error=0.001 linear=0.331 angular=0.001 ,False
47.400000000000006,1,4.0,0.0,0.0,3.4003531440961816,-0.0006142603269419602,-0.00014072608527457043,0.599647170518701,TRACKING distance=0.602 heading_error=0.001 linear=0.331 angular=0.001 ,False
47.5,1,4.0,0.0,0.0,3.417610329270094,-0.0006175580239192706,-0.00013923471612176374,0.5823899981548456,TRACKING distance=0.582 heading_error=0.001 linear=0.320 angular=0.001 ,False
47.5,1,4.0,0.0,0.0,3.417610329270094,-0.0006175580239192706,-0.00013923471612176374,0.5823899981548456,TRACKING distance=0.582 heading_error=0.001 linear=0.320 angular=0.001 ,False
47.6,1,4.0,0.0,0.0,3.436785419435502,-0.0006202706082262011,-0.00013876330222006614,0.5632149221177214,TRACKING distance=0.563 heading_error=0.001 linear=0.310 angular=0.001 ,False
47.6,1,4.0,0.0,0.0,3.43870499471166,-0.0006207047749974469,-0.00013766827966186197,0.5612953484895944,TRACKING distance=0.563 heading_error=0.001 linear=0.310 angular=0.001 ,False
47.7,1,4.0,0.0,0.0,3.455960227249078,-0.0006226676405372625,-0.0001369799956611755,0.5440401290804434,TRACKING distance=0.544 heading_error=0.001 linear=0.299 angular=0.002 ,False
47.7,1,4.0,0.0,0.0,3.455960227249078,-0.0006226676405372625,-0.0001369799956611755,0.5440401290804434,TRACKING distance=0.544 heading_error=0.001 linear=0.299 angular=0.002 ,False
47.800000000000004,1,4.0,0.0,0.0,3.475135152477567,-0.0006251782054572627,-0.0001354098465162156,0.5248652198541408,TRACKING distance=0.525 heading_error=0.001 linear=0.289 angular=0.002 ,False
47.800000000000004,1,4.0,0.0,0.0,3.477053198000174,-0.0006265768515537948,-0.0001375216661284541,0.5229471773710954,TRACKING distance=0.525 heading_error=0.001 linear=0.289 angular=0.002 ,False
47.900000000000006,1,4.0,0.0,0.0,3.4943107654981236,-0.0006277551135977204,-0.0001300580906325387,0.5056896241446688,TRACKING distance=0.506 heading_error=0.001 linear=0.278 angular=0.002 ,False
47.900000000000006,1,4.0,0.0,0.0,3.4943107654981236,-0.0006277551135977204,-0.0001300580906325387,0.5056896241446688,TRACKING distance=0.506 heading_error=0.001 linear=0.278 angular=0.002 ,False
48.0,1,4.0,0.0,0.0,3.515401380681228,-0.0006322303021459163,-0.00012818332082712588,0.484599031737389,TRACKING distance=0.487 heading_error=0.001 linear=0.268 angular=0.002 ,False
48.0,1,4.0,0.0,0.0,3.515401380681228,-0.0006322303021459163,-0.00012818332082712588,0.484599031737389,TRACKING distance=0.487 heading_error=0.001 linear=0.268 angular=0.002 ,False
48.0,1,3.515401380681228,-0.0006322303021459163,-1.6594129083433578,3.515401380681228,-0.0006322303021459163,-0.00012818332082712588,0.0,OBJECT_GOAL_PUBLISHED,
48.1,1,4.0,0.0,0.0,3.5326586608000086,-0.0006339949750200447,-0.0001234588631716295,0.4673417692383913,TRACKING distance=0.467 heading_error=0.001 linear=0.257 angular=0.002 ,False
48.1,1,4.0,0.0,0.0,3.5326586608000086,-0.0006339949750200447,-0.0001234588631716295,0.4673417692383913,TRACKING distance=0.467 heading_error=0.001 linear=0.257 angular=0.002 ,False
48.2,1,4.0,0.0,0.0,3.5518345694993165,-0.0006360155509839667,-0.00012309748716998924,0.44816588180231215,TRACKING distance=0.448 heading_error=0.002 linear=0.246 angular=0.002 ,False
48.2,1,4.0,0.0,0.0,3.553750572613637,-0.0006356713282388298,-0.0001229595255292476,0.4462498801352158,TRACKING distance=0.448 heading_error=0.002 linear=0.246 angular=0.002 ,False
48.300000000000004,1,4.0,0.0,0.0,3.5710098277609394,-0.0006368086284117123,-0.00011894229303705499,0.4289906448897552,TRACKING distance=0.429 heading_error=0.002 linear=0.236 angular=0.002 ,False
48.300000000000004,1,4.0,0.0,0.0,3.5710098277609394,-0.0006368086284117123,-0.00011894229303705499,0.4289906448897552,TRACKING distance=0.429 heading_error=0.002 linear=0.236 angular=0.002 ,False
48.400000000000006,1,4.0,0.0,0.0,3.5901856768307567,-0.0006399878560647077,-0.000113299210840466,0.40981482288848564,TRACKING distance=0.410 heading_error=0.002 linear=0.225 angular=0.002 ,False
48.400000000000006,1,4.0,0.0,0.0,3.592104464302711,-0.0006401792680429765,-0.00011178655281342544,0.40789603806763514,TRACKING distance=0.410 heading_error=0.002 linear=0.225 angular=0.002 ,False
48.5,1,4.0,0.0,0.0,3.6093612167978573,-0.0006422419128726199,-0.00011364433420586757,0.39063931115074085,TRACKING distance=0.391 heading_error=0.002 linear=0.215 angular=0.002 ,False
48.5,1,4.0,0.0,0.0,3.6093612167978573,-0.0006422419128726199,-0.00011364433420586757,0.39063931115074085,TRACKING distance=0.391 heading_error=0.002 linear=0.215 angular=0.002 ,False
48.6,1,4.0,0.0,0.0,3.6285365267621685,-0.0006464477283876876,-0.00011060433287130211,0.371464035735061,TRACKING distance=0.371 heading_error=0.002 linear=0.204 angular=0.002 ,False
48.6,1,4.0,0.0,0.0,3.6285365267621685,-0.0006464477283876876,-0.00011060433287130211,0.371464035735061,TRACKING distance=0.371 heading_error=0.002 linear=0.204 angular=0.002 ,False
48.7,1,4.0,0.0,0.0,3.647711483206297,-0.0006483312595919916,-0.00011181138385538342,0.352289113368735,TRACKING distance=0.352 heading_error=0.002 linear=0.194 angular=0.002 ,False
48.7,1,4.0,0.0,0.0,3.647711483206297,-0.0006483312595919916,-0.00011181138385538342,0.352289113368735,TRACKING distance=0.352 heading_error=0.002 linear=0.194 angular=0.002 ,False
48.800000000000004,1,4.0,0.0,0.0,3.6668851814999273,-0.0006501631998699086,-0.00010370144933762263,0.33311545298368084,TRACKING distance=0.333 heading_error=0.002 linear=0.183 angular=0.002 ,False
48.800000000000004,1,4.0,0.0,0.0,3.6668851814999273,-0.0006501631998699086,-0.00010370144933762263,0.33311545298368084,TRACKING distance=0.333 heading_error=0.002 linear=0.183 angular=0.002 ,False
48.900000000000006,1,4.0,0.0,0.0,3.686060522890108,-0.0006515203685682881,-9.49701289150635e-05,0.31394015316111296,TRACKING distance=0.314 heading_error=0.002 linear=0.173 angular=0.003 ,False
48.900000000000006,1,4.0,0.0,0.0,3.686060522890108,-0.0006515203685682881,-9.49701289150635e-05,0.31394015316111296,TRACKING distance=0.314 heading_error=0.002 linear=0.173 angular=0.003 ,False
49.0,1,4.0,0.0,0.0,3.7052358335772837,-0.0006554100318120151,-8.744869914701367e-05,0.29476489507603953,TRACKING distance=0.295 heading_error=0.002 linear=0.162 angular=0.003 ,False
49.0,1,4.0,0.0,0.0,3.7071510152208402,-0.0006553288704388158,-9.104730382479251e-05,0.2928497180161063,TRACKING distance=0.295 heading_error=0.002 linear=0.162 angular=0.003 ,False
49.1,1,4.0,0.0,0.0,3.72440984591359,-0.0006561654870937202,-8.244646227537347e-05,0.2755909352328514,TRACKING distance=0.276 heading_error=0.002 linear=0.152 angular=0.003 ,False
49.1,1,4.0,0.0,0.0,3.72440984591359,-0.0006561654870937202,-8.244646227537347e-05,0.2755909352328514,TRACKING distance=0.276 heading_error=0.002 linear=0.152 angular=0.003 ,False
49.2,1,4.0,0.0,0.0,3.7435845886759624,-0.0006590355661747873,-8.246494954562204e-05,0.2564162582449733,TRACKING distance=0.256 heading_error=0.003 linear=0.141 angular=0.003 ,False
49.2,1,4.0,0.0,0.0,3.7435845886759624,-0.0006590355661747873,-8.246494954562204e-05,0.2564162582449733,TRACKING distance=0.256 heading_error=0.003 linear=0.141 angular=0.003 ,False
49.300000000000004,1,4.0,0.0,0.0,3.762757858790829,-0.0006617719122679895,-7.074762453690992e-05,0.23724306419277297,ARRIVED distance=0.237 yaw_error=0.000,True
49.300000000000004,1,4.0,0.0,0.0,3.762757858790829,-0.0006617719122679895,-7.074762453690992e-05,0.23724306419277297,ARRIVED distance=0.237 yaw_error=0.000,True
49.400000000000006,1,4.0,0.0,0.0,3.7819310220626603,-0.000663034978130789,-6.6143334651459e-05,0.21806998590823584,ARRIVED distance=0.218 yaw_error=0.000,True
49.400000000000006,1,4.0,0.0,0.0,3.7819310220626603,-0.000663034978130789,-6.6143334651459e-05,0.21806998590823584,ARRIVED distance=0.218 yaw_error=0.000,True
49.400000000000006,1,4.0,0.0,0.0,3.7819310220626603,-0.000663034978130789,-6.6143334651459e-05,0.21806998590823584,GOAL_RECEIVED frame=odom x=4.000 y=0.000,False
49.5,1,4.0,0.0,0.0,3.793984077182146,-0.0006646205121954621,-0.00011131410321233832,0.20601699486915442,ARRIVED distance=0.206 yaw_error=0.000,True
49.5,1,4.0,0.0,0.0,3.793984077182146,-0.0006646205121954621,-0.00011131410321233832,0.20601699486915442,ARRIVED distance=0.206 yaw_error=0.000,True
49.6,1,4.0,0.0,0.0,3.7944860855466054,-0.0006646330348870272,-0.00011553008529059956,0.20551498916387648,ARRIVED distance=0.206 yaw_error=0.000,True
49.6,1,4.0,0.0,0.0,3.7944860855466054,-0.0006646330348870272,-0.00011553008529059956,0.20551498916387648,ARRIVED distance=0.206 yaw_error=0.000,True
49.7,1,4.0,0.0,0.0,3.794485684800268,-0.0006646259953321063,-0.00011481758854741838,0.20551538988535262,ARRIVED distance=0.206 yaw_error=0.000,True
49.7,1,4.0,0.0,0.0,3.794485684800268,-0.0006646259953321063,-0.00011481758854741838,0.20551538988535262,ARRIVED distance=0.206 yaw_error=0.000,True
49.800000000000004,1,4.0,0.0,0.0,3.7944851428982096,-0.0006646242327463342,-0.00011471485076369076,0.20551593177887714,ARRIVED distance=0.206 yaw_error=0.000,True
49.800000000000004,1,4.0,0.0,0.0,3.7944851428982096,-0.0006646242327463342,-0.00011471485076369076,0.20551593177887714,ARRIVED distance=0.206 yaw_error=0.000,True
49.900000000000006,1,4.0,0.0,0.0,3.794484614688026,-0.0006646217795001511,-0.00011463194559668001,0.20551645997836504,ARRIVED distance=0.206 yaw_error=0.000,True
49.900000000000006,1,4.0,0.0,0.0,3.794484614688026,-0.0006646217795001511,-0.00011463194559668001,0.20551645997836504,ARRIVED distance=0.206 yaw_error=0.000,True
50.0,1,4.0,0.0,0.0,3.7944841118061428,-0.000664620633892372,-0.00011455637562716738,0.2055169628539139,ARRIVED distance=0.206 yaw_error=0.000,True
50.0,1,4.0,0.0,0.0,3.7944841118061428,-0.000664620633892372,-0.00011455637562716738,0.2055169628539139,ARRIVED distance=0.206 yaw_error=0.000,True
50.1,1,4.0,0.0,0.0,3.7944836261096215,-0.0006646189487447921,-0.0001144878803977704,0.20551744854244583,ARRIVED distance=0.206 yaw_error=0.000,True
50.1,1,4.0,0.0,0.0,3.7944836261096215,-0.0006646189487447921,-0.0001144878803977704,0.20551744854244583,ARRIVED distance=0.206 yaw_error=0.000,True
50.2,1,11.0,0.0,0.0,3.79448316366752,-0.0006646186472079943,-0.00011442352735378683,7.205516866983851,ARRIVED distance=0.206 yaw_error=0.000,True
50.2,1,11.0,0.0,0.0,3.7944831180140097,-0.0006646176378001545,-0.0001144173061025398,7.205516912637268,ARRIVED distance=0.206 yaw_error=0.000,True
50.2,1,11.0,0.0,0.0,3.7944831180140097,-0.0006646176378001545,-0.0001144173061025398,7.205516912637268,GOAL_RECEIVED frame=odom x=11.000 y=0.000,False
50.300000000000004,1,11.0,0.0,0.0,3.794482715435425,-0.0006646171893835406,-0.0001143657063364616,7.20551731521581,TRACKING distance=7.206 heading_error=0.000 linear=0.350 angular=0.000 ,False
50.300000000000004,1,11.0,0.0,0.0,3.794482715435425,-0.0006646171893835406,-0.0001143657063364616,7.20551731521581,TRACKING distance=7.206 heading_error=0.000 linear=0.350 angular=0.000 ,False
50.400000000000006,1,11.0,0.0,0.0,3.7944822794978386,-0.000664616382754284,-0.00011431231750367022,7.20551775115332,TRACKING distance=7.206 heading_error=0.000 linear=0.350 angular=0.000 ,False
50.400000000000006,1,11.0,0.0,0.0,3.7944822369837716,-0.0006646161041922717,-0.00011430684344271164,7.205517793667362,TRACKING distance=7.206 heading_error=0.000 linear=0.350 angular=0.000 ,False
50.5,1,11.0,0.0,0.0,3.794481870143633,-0.0006646143177298192,-0.00011426342497490112,7.205518160507333,TRACKING distance=7.206 heading_error=0.000 linear=0.350 angular=0.000 ,False
50.5,1,11.0,0.0,0.0,3.794481870143633,-0.0006646143177298192,-0.00011426342497490112,7.205518160507333,TRACKING distance=7.206 heading_error=0.000 linear=0.350 angular=0.000 ,False
50.6,1,11.0,0.0,0.0,3.802321641582095,-0.0006623845496395512,-0.00012152358428904427,7.197678388896711,TRACKING distance=7.198 heading_error=0.000 linear=0.350 angular=0.000 ,False
50.6,1,11.0,0.0,0.0,3.802321641582095,-0.0006623845496395512,-0.00012152358428904427,7.197678388896711,TRACKING distance=7.198 heading_error=0.000 linear=0.350 angular=0.000 ,False
50.7,1,11.0,0.0,0.0,3.8211087079572845,-0.0006503366220164765,-0.00011277120575526753,7.178891321499751,TRACKING distance=7.179 heading_error=0.000 linear=0.350 angular=0.000 ,False
50.7,1,11.0,0.0,0.0,3.8211087079572845,-0.0006503366220164765,-0.00011277120575526753,7.178891321499751,TRACKING distance=7.179 heading_error=0.000 linear=0.350 angular=0.000 ,False
50.800000000000004,1,11.0,0.0,0.0,3.8402923943361023,-0.0006380471750483593,-7.564311910003304e-05,7.159707634094123,TRACKING distance=7.160 heading_error=0.000 linear=0.350 angular=0.000 ,False
50.800000000000004,1,11.0,0.0,0.0,3.8422127469703167,-0.0006366945367443052,-7.147014325264826e-05,7.1577872813470895,TRACKING distance=7.160 heading_error=0.000 linear=0.350 angular=0.000 ,False
50.900000000000006,1,11.0,0.0,0.0,3.8594760768975407,-0.0006325374479046434,-3.5360164151566485e-05,7.1405239511188645,TRACKING distance=7.141 heading_error=0.000 linear=0.350 angular=0.000 ,False
50.900000000000006,1,11.0,0.0,0.0,3.8594760768975407,-0.0006325374479046434,-3.5360164151566485e-05,7.1405239511188645,TRACKING distance=7.141 heading_error=0.000 linear=0.350 angular=0.000 ,False
51.0,1,11.0,0.0,0.0,3.880578566228482,-0.0006251176212902362,1.1311878646359174e-05,7.119421461215604,TRACKING distance=7.121 heading_error=0.000 linear=0.350 angular=0.000 ,False
51.0,1,11.0,0.0,0.0,3.880578566228482,-0.0006251176212902362,1.1311878646359174e-05,7.119421461215604,TRACKING distance=7.121 heading_error=0.000 linear=0.350 angular=0.000 ,False
51.1,1,11.0,0.0,0.0,3.8978436149710873,-0.0006240531800681447,3.8504555436488635e-05,7.102156412446105,TRACKING distance=7.102 heading_error=0.000 linear=0.350 angular=0.000 ,False
51.1,1,11.0,0.0,0.0,3.8978436149710873,-0.0006240531800681447,3.8504555436488635e-05,7.102156412446105,TRACKING distance=7.102 heading_error=0.000 linear=0.350 angular=0.000 ,False
51.2,1,11.0,0.0,0.0,3.9170281006006635,-0.0006215727443554134,6.76893634775124e-05,7.082971926672681,TRACKING distance=7.083 heading_error=0.000 linear=0.350 angular=0.000 ,False
51.2,1,11.0,0.0,0.0,3.9189449313973617,-0.0006219016339786995,7.091886505405547e-05,7.081055095912244,TRACKING distance=7.083 heading_error=0.000 linear=0.350 angular=0.000 ,False
51.300000000000004,1,11.0,0.0,0.0,3.9362128571746235,-0.0006190317179963619,8.503268478592101e-05,7.063787169949655,TRACKING distance=7.064 heading_error=0.000 linear=0.350 angular=0.000 ,False
51.300000000000004,1,11.0,0.0,0.0,3.9362128571746235,-0.0006190317179963619,8.503268478592101e-05,7.063787169949655,TRACKING distance=7.064 heading_error=0.000 linear=0.350 angular=0.000 ,False
51.400000000000006,1,11.0,0.0,0.0,3.955395649533292,-0.0006167402281638363,9.865052745668059e-05,7.04460437746386,TRACKING distance=7.045 heading_error=-0.000 linear=0.350 angular=-0.000 ,False
51.400000000000006,1,11.0,0.0,0.0,3.955395649533292,-0.0006167402281638363,9.865052745668059e-05,7.04460437746386,TRACKING distance=7.045 heading_error=-0.000 linear=0.350 angular=-0.000 ,False
51.5,1,11.0,0.0,0.0,3.974578076782516,-0.0006107642127913726,0.00010657465786457706,7.025421949766276,TRACKING distance=7.025 heading_error=-0.000 linear=0.350 angular=-0.000 ,False
51.5,1,11.0,0.0,0.0,3.974578076782516,-0.0006107642127913726,0.00010657465786457706,7.025421949766276,TRACKING distance=7.025 heading_error=-0.000 linear=0.350 angular=-0.000 ,False
51.6,1,11.0,0.0,0.0,3.9937596091962306,-0.0006090405248638126,0.00010986199284466492,7.006240417275197,TRACKING distance=7.006 heading_error=-0.000 linear=0.350 angular=-0.000 ,False
51.6,1,11.0,0.0,0.0,3.9937596091962306,-0.0006090405248638126,0.00010986199284466492,7.006240417275197,TRACKING distance=7.006 heading_error=-0.000 linear=0.350 angular=-0.000 ,False
51.7,1,11.0,0.0,0.0,4.012941698993155,-0.0006055105866852616,0.00011110011875346327,6.987058327244144,TRACKING distance=6.987 heading_error=-0.000 linear=0.350 angular=-0.000 ,False
51.7,1,11.0,0.0,0.0,4.012941698993155,-0.0006055105866852616,0.00011110011875346327,6.987058327244144,TRACKING distance=6.987 heading_error=-0.000 linear=0.350 angular=-0.000 ,False
51.800000000000004,1,11.0,0.0,0.0,4.032123747904288,-0.0006021747182955828,0.00010883189395758504,6.96787627811615,TRACKING distance=6.968 heading_error=-0.000 linear=0.350 angular=-0.000 ,False
51.800000000000004,1,11.0,0.0,0.0,4.032123747904288,-0.0006021747182955828,0.00010883189395758504,6.96787627811615,TRACKING distance=6.968 heading_error=-0.000 linear=0.350 angular=-0.000 ,False
51.900000000000006,1,11.0,0.0,0.0,4.051306808345521,-0.0005979168104691438,0.0001067739648207196,6.948693217379065,TRACKING distance=6.949 heading_error=-0.000 linear=0.350 angular=-0.000 ,False
51.900000000000006,1,11.0,0.0,0.0,4.053226762039497,-0.0005955937316762344,0.00010833608310845283,6.946773263492637,TRACKING distance=6.949 heading_error=-0.000 linear=0.350 angular=-0.000 ,False
52.0,1,11.0,0.0,0.0,4.070490498845027,-0.0005821281170366718,0.00010998323383368615,6.929509525606425,TRACKING distance=6.930 heading_error=-0.000 linear=0.350 angular=-0.000 ,False
52.0,1,11.0,0.0,0.0,4.070490498845027,-0.0005821281170366718,0.00010998323383368615,6.929509525606425,TRACKING distance=6.930 heading_error=-0.000 linear=0.350 angular=-0.000 ,False
52.1,1,11.0,0.0,0.0,4.089674582250509,-0.0005631258279024516,0.00011657707240577218,6.910325440694192,TRACKING distance=6.910 heading_error=-0.000 linear=0.350 angular=-0.000 ,False
52.1,1,11.0,0.0,0.0,4.089674582250509,-0.0005631258279024516,0.00011657707240577218,6.910325440694192,TRACKING distance=6.910 heading_error=-0.000 linear=0.350 angular=-0.000 ,False
52.2,1,11.0,0.0,0.0,4.108859499775669,-0.0005589224633057526,0.0001231877321348521,6.891140522890704,TRACKING distance=6.891 heading_error=-0.000 linear=0.350 angular=-0.000 ,False
52.2,1,11.0,0.0,0.0,4.110776559756144,-0.0005541976425099325,0.00012348070384766838,6.889223462534832,TRACKING distance=6.891 heading_error=-0.000 linear=0.350 angular=-0.000 ,False
52.300000000000004,1,11.0,0.0,0.0,4.128044488932135,-0.0005429977186245782,0.00014052972734885174,6.871955532520749,TRACKING distance=6.872 heading_error=-0.000 linear=0.350 angular=-0.000 ,False
52.300000000000004,1,11.0,0.0,0.0,4.128044488932135,-0.0005429977186245782,0.00014052972734885174,6.871955532520749,TRACKING distance=6.872 heading_error=-0.000 linear=0.350 angular=-0.000 ,False
52.400000000000006,1,11.0,0.0,0.0,4.149143857111358,-0.0005395727507941214,0.00013930646599639253,6.85085616413699,TRACKING distance=6.853 heading_error=-0.000 linear=0.350 angular=-0.000 ,False
52.400000000000006,1,11.0,0.0,0.0,4.149143857111358,-0.0005395727507941214,0.00013930646599639253,6.85085616413699,TRACKING distance=6.853 heading_error=-0.000 linear=0.350 angular=-0.000 ,False
52.5,1,11.0,0.0,0.0,4.168327454773368,-0.0005367038038053943,0.00014122920644633652,6.831672566308656,TRACKING distance=6.834 heading_error=-0.000 linear=0.350 angular=-0.000 ,False
52.5,1,11.0,0.0,0.0,4.168327454773368,-0.0005367038038053943,0.00014122920644633652,6.831672566308656,TRACKING distance=6.834 heading_error=-0.000 linear=0.350 angular=-0.000 ,False
52.6,1,11.0,0.0,0.0,4.185592732719165,-0.0005310188837446303,0.0001375298765202822,6.8144072879709,TRACKING distance=6.814 heading_error=-0.000 linear=0.350 angular=-0.000 ,False
52.6,1,11.0,0.0,0.0,4.185592732719165,-0.0005310188837446303,0.0001375298765202822,6.8144072879709,TRACKING distance=6.814 heading_error=-0.000 linear=0.350 angular=-0.000 ,False
52.7,1,11.0,0.0,0.0,4.204774363703358,-0.0005277809730378656,0.0001326951667393784,6.795225656792853,TRACKING distance=6.795 heading_error=-0.000 linear=0.350 angular=-0.000 ,False
52.7,1,11.0,0.0,0.0,4.206694612596428,-0.0005280482527980349,0.00013194290221373966,6.793305407926347,TRACKING distance=6.795 heading_error=-0.000 linear=0.350 angular=-0.000 ,False
52.800000000000004,1,11.0,0.0,0.0,4.223956273917024,-0.0005231393704824382,0.0001264173939422105,6.776043746277267,TRACKING distance=6.776 heading_error=-0.000 linear=0.350 angular=-0.000 ,False
52.800000000000004,1,11.0,0.0,0.0,4.225876624658394,-0.000521395114924381,0.00012655032081457042,6.774123395407145,TRACKING distance=6.776 heading_error=-0.000 linear=0.350 angular=-0.000 ,False
52.900000000000006,1,11.0,0.0,0.0,4.2431382794420305,-0.0005204948920156872,0.00011720228405309324,6.7568617406053635,TRACKING distance=6.757 heading_error=-0.000 linear=0.350 angular=-0.000 ,False
52.900000000000006,1,11.0,0.0,0.0,4.2431382794420305,-0.0005204948920156872,0.00011720228405309324,6.7568617406053635,TRACKING distance=6.757 heading_error=-0.000 linear=0.350 angular=-0.000 ,False
53.0,1,11.0,0.0,0.0,4.264239517501321,-0.0005157991260749378,0.00011218464563886676,6.735760502247655,TRACKING distance=6.738 heading_error=-0.000 linear=0.350 angular=-0.000 ,False
53.0,1,11.0,0.0,0.0,4.264239517501321,-0.0005157991260749378,0.00011218464563886676,6.735760502247655,TRACKING distance=6.738 heading_error=-0.000 linear=0.350 angular=-0.000 ,False
53.1,1,11.0,0.0,0.0,4.281502497346736,-0.0005132041345956969,0.00010578034434475707,6.71849752225426,TRACKING distance=6.718 heading_error=-0.000 linear=0.350 angular=-0.000 ,False
53.1,1,11.0,0.0,0.0,4.281502497346736,-0.0005132041345956969,0.00010578034434475707,6.71849752225426,TRACKING distance=6.718 heading_error=-0.000 linear=0.350 angular=-0.000 ,False
53.2,1,11.0,0.0,0.0,4.300685559622438,-0.0005071845998844034,0.00010752981553481627,6.699314459576259,TRACKING distance=6.699 heading_error=-0.000 linear=0.350 angular=-0.000 ,False
53.2,1,11.0,0.0,0.0,4.300685559622438,-0.0005071845998844034,0.00010752981553481627,6.699314459576259,TRACKING distance=6.699 heading_error=-0.000 linear=0.350 angular=-0.000 ,False
53.300000000000004,1,11.0,0.0,0.0,4.319870928751706,-0.0004976671060016926,0.00010938127323473513,6.6801290897863,TRACKING distance=6.680 heading_error=-0.000 linear=0.350 angular=-0.000 ,False
53.300000000000004,1,11.0,0.0,0.0,4.319870928751706,-0.0004976671060016926,0.00010938127323473513,6.6801290897863,TRACKING distance=6.680 heading_error=-0.000 linear=0.350 angular=-0.000 ,False
53.400000000000006,1,11.0,0.0,0.0,4.339054103861223,-0.00047735900399747564,0.00011427166587807564,6.660945913243827,TRACKING distance=6.661 heading_error=-0.000 linear=0.350 angular=-0.000 ,False
53.400000000000006,1,11.0,0.0,0.0,4.339054103861223,-0.00047735900399747564,0.00011427166587807564,6.660945913243827,TRACKING distance=6.661 heading_error=-0.000 linear=0.350 angular=-0.000 ,False
53.5,1,11.0,0.0,0.0,4.358236344647752,-0.00046799809699466763,0.00011471500756360136,6.641763671840506,TRACKING distance=6.642 heading_error=-0.000 linear=0.350 angular=-0.000 ,False
53.5,1,11.0,0.0,0.0,4.358236344647752,-0.00046799809699466763,0.00011471500756360136,6.641763671840506,TRACKING distance=6.642 heading_error=-0.000 linear=0.350 angular=-0.000 ,False
53.6,1,11.0,0.0,0.0,4.377417880254493,-0.00045574253297344806,0.00011535090210545094,6.622582135426796,TRACKING distance=6.623 heading_error=-0.000 linear=0.350 angular=-0.000 ,False
53.6,1,11.0,0.0,0.0,4.377417880254493,-0.00045574253297344806,0.00011535090210545094,6.622582135426796,TRACKING distance=6.623 heading_error=-0.000 linear=0.350 angular=-0.000 ,False
53.7,1,11.0,0.0,0.0,4.39659862133878,-0.00045454803966764155,0.00011177635524576467,6.603401394305727,TRACKING distance=6.603 heading_error=-0.000 linear=0.350 angular=-0.000 ,False
53.7,1,11.0,0.0,0.0,4.39659862133878,-0.00045454803966764155,0.00011177635524576467,6.603401394305727,TRACKING distance=6.603 heading_error=-0.000 linear=0.350 angular=-0.000 ,False
53.800000000000004,1,11.0,0.0,0.0,4.415779675858596,-0.0004497624667492217,0.000110435771043455,6.584220339502848,TRACKING distance=6.584 heading_error=-0.000 linear=0.350 angular=-0.000 ,False
53.800000000000004,1,11.0,0.0,0.0,4.415779675858596,-0.0004497624667492217,0.000110435771043455,6.584220339502848,TRACKING distance=6.584 heading_error=-0.000 linear=0.350 angular=-0.000 ,False
53.900000000000006,1,11.0,0.0,0.0,4.434960293041807,-0.00044578644591169753,0.00010870701890515754,6.5650397220933305,TRACKING distance=6.565 heading_error=-0.000 linear=0.350 angular=-0.000 ,False
53.900000000000006,1,11.0,0.0,0.0,4.436880509577978,-0.0004430404223145974,0.00010986904830315267,6.563119505375644,TRACKING distance=6.565 heading_error=-0.000 linear=0.350 angular=-0.000 ,False
54.0,1,11.0,0.0,0.0,4.454142133094727,-0.000441172520419352,0.00011042773131212134,6.54585788177217,TRACKING distance=6.546 heading_error=-0.000 linear=0.350 angular=-0.000 ,False
54.0,1,11.0,0.0,0.0,4.45606179184654,-0.0004412928227731971,0.00011024923079225906,6.543938223032829,TRACKING distance=6.546 heading_error=-0.000 linear=0.350 angular=-0.000 ,False
54.1,1,11.0,0.0,0.0,4.473323452722179,-0.00043648592634253173,0.00010536189427206455,6.526676561873302,TRACKING distance=6.527 heading_error=-0.000 linear=0.350 angular=-0.000 ,False
54.1,1,11.0,0.0,0.0,4.473323452722179,-0.00043648592634253173,0.00010536189427206455,6.526676561873302,TRACKING distance=6.527 heading_error=-0.000 linear=0.350 angular=-0.000 ,False
54.2,1,11.0,0.0,0.0,4.4925047034141015,-0.0004336357058390993,9.77229484850456e-05,6.507495311033848,TRACKING distance=6.507 heading_error=-0.000 linear=0.350 angular=-0.000 ,False
54.2,1,11.0,0.0,0.0,4.4925047034141015,-0.0004336357058390993,9.77229484850456e-05,6.507495311033848,TRACKING distance=6.507 heading_error=-0.000 linear=0.350 angular=-0.000 ,False
54.300000000000004,1,11.0,0.0,0.0,4.511687868860379,-0.0004309636820185787,9.288849155062347e-05,6.488312145452256,TRACKING distance=6.488 heading_error=-0.000 linear=0.350 angular=-0.000 ,False
54.300000000000004,1,11.0,0.0,0.0,4.511687868860379,-0.0004309636820185787,9.288849155062347e-05,6.488312145452256,TRACKING distance=6.488 heading_error=-0.000 linear=0.350 angular=-0.000 ,False
54.400000000000006,1,11.0,0.0,0.0,4.5308695868553714,-0.0004287215148794315,8.740161733970016e-05,6.469130427350722,TRACKING distance=6.469 heading_error=-0.000 linear=0.350 angular=-0.000 ,False
54.400000000000006,1,11.0,0.0,0.0,4.5308695868553714,-0.0004287215148794315,8.740161733970016e-05,6.469130427350722,TRACKING distance=6.469 heading_error=-0.000 linear=0.350 angular=-0.000 ,False
54.5,1,11.0,0.0,0.0,4.550050136728094,-0.0004274855950277531,8.102890174001466e-05,6.449949877438212,TRACKING distance=6.450 heading_error=-0.000 linear=0.350 angular=-0.000 ,False
54.5,1,11.0,0.0,0.0,4.550050136728094,-0.0004274855950277531,8.102890174001466e-05,6.449949877438212,TRACKING distance=6.450 heading_error=-0.000 linear=0.350 angular=-0.000 ,False
54.6,1,11.0,0.0,0.0,4.569231822047366,-0.00041526318852590113,7.98822795197063e-05,6.430768191360325,TRACKING distance=6.431 heading_error=-0.000 linear=0.350 angular=-0.000 ,False
54.6,1,11.0,0.0,0.0,4.571149860944978,-0.00041169052735462214,7.975811179962296e-05,6.428850152236936,TRACKING distance=6.431 heading_error=-0.000 linear=0.350 angular=-0.000 ,False
54.7,1,11.0,0.0,0.0,4.588413232123113,-0.0003952095419407131,9.389095292552896e-05,6.411586780057225,TRACKING distance=6.412 heading_error=-0.000 linear=0.350 angular=-0.000 ,False
54.7,1,11.0,0.0,0.0,4.588413232123113,-0.0003952095419407131,9.389095292552896e-05,6.411586780057225,TRACKING distance=6.412 heading_error=-0.000 linear=0.350 angular=-0.000 ,False
54.800000000000004,1,11.0,0.0,0.0,4.607594439264991,-0.00038592902379936046,9.874503512945425e-05,6.392405572384865,TRACKING distance=6.392 heading_error=-0.000 linear=0.350 angular=-0.000 ,False
54.800000000000004,1,11.0,0.0,0.0,4.607594439264991,-0.00038592902379936046,9.874503512945425e-05,6.392405572384865,TRACKING distance=6.392 heading_error=-0.000 linear=0.350 angular=-0.000 ,False
54.900000000000006,1,11.0,0.0,0.0,4.626774721509715,-0.00037619835206308204,0.00011092520277626096,6.373225289593392,TRACKING distance=6.373 heading_error=-0.000 linear=0.350 angular=-0.000 ,False
54.900000000000006,1,11.0,0.0,0.0,4.626774721509715,-0.00037619835206308204,0.00011092520277626096,6.373225289593392,TRACKING distance=6.373 heading_error=-0.000 linear=0.350 angular=-0.000 ,False
55.0,1,11.0,0.0,0.0,4.6459541535030136,-0.00037535691126168566,0.00011950576508397351,6.354045857583845,TRACKING distance=6.354 heading_error=-0.000 linear=0.350 angular=-0.000 ,False
55.0,1,11.0,0.0,0.0,4.6459541535030136,-0.00037535691126168566,0.00011950576508397351,6.354045857583845,TRACKING distance=6.354 heading_error=-0.000 linear=0.350 angular=-0.000 ,False
55.1,1,11.0,0.0,0.0,4.6651348696775585,-0.0003711721114022726,0.00010963527102703319,6.334865141196291,TRACKING distance=6.335 heading_error=-0.000 linear=0.350 angular=-0.000 ,False
55.1,1,11.0,0.0,0.0,4.6651348696775585,-0.0003711721114022726,0.00010963527102703319,6.334865141196291,TRACKING distance=6.335 heading_error=-0.000 linear=0.350 angular=-0.000 ,False
55.2,1,11.0,0.0,0.0,4.684315403444976,-0.00036681840511237906,0.00010475971387177855,6.3156846072075306,TRACKING distance=6.316 heading_error=-0.000 linear=0.350 angular=-0.000 ,False
55.2,1,11.0,0.0,0.0,4.684315403444976,-0.00036681840511237906,0.00010475971387177855,6.3156846072075306,TRACKING distance=6.316 heading_error=-0.000 linear=0.350 angular=-0.000 ,False
55.300000000000004,1,11.0,0.0,0.0,4.703497273844147,-0.00036216292224917885,0.00010392601344590434,6.296502736571316,TRACKING distance=6.297 heading_error=-0.000 linear=0.350 angular=-0.000 ,False
55.300000000000004,1,11.0,0.0,0.0,4.703497273844147,-0.00036216292224917885,0.00010392601344590434,6.296502736571316,TRACKING distance=6.297 heading_error=-0.000 linear=0.350 angular=-0.000 ,False
55.400000000000006,1,11.0,0.0,0.0,4.722678505100057,-0.0003600536592619001,0.00010082506698954013,6.277321505225895,TRACKING distance=6.277 heading_error=-0.000 linear=0.350 angular=-0.000 ,False
55.400000000000006,1,11.0,0.0,0.0,4.722678505100057,-0.0003600536592619001,0.00010082506698954013,6.277321505225895,TRACKING distance=6.277 heading_error=-0.000 linear=0.350 angular=-0.000 ,False
55.5,1,11.0,0.0,0.0,4.741858920610981,-0.0003583018619506944,9.372748935460743e-05,6.2581410896460765,TRACKING distance=6.258 heading_error=-0.000 linear=0.350 angular=-0.000 ,False
55.5,1,11.0,0.0,0.0,4.741858920610981,-0.0003583018619506944,9.372748935460743e-05,6.2581410896460765,TRACKING distance=6.258 heading_error=-0.000 linear=0.350 angular=-0.000 ,False
55.6,1,11.0,0.0,0.0,4.762955023457537,-0.0003535719338363636,9.021581329193602e-05,6.237044986564285,TRACKING distance=6.239 heading_error=-0.000 linear=0.350 angular=-0.000 ,False
55.6,1,11.0,0.0,0.0,4.762955023457537,-0.0003535719338363636,9.021581329193602e-05,6.237044986564285,TRACKING distance=6.239 heading_error=-0.000 linear=0.350 angular=-0.000 ,False
55.7,1,11.0,0.0,0.0,4.780217386445696,-0.00035096285637722615,8.608354767294135e-05,6.2197826234561715,TRACKING distance=6.220 heading_error=-0.000 linear=0.350 angular=-0.000 ,False
55.7,1,11.0,0.0,0.0,4.780217386445696,-0.00035096285637722615,8.608354767294135e-05,6.2197826234561715,TRACKING distance=6.220 heading_error=-0.000 linear=0.350 angular=-0.000 ,False
55.800000000000004,1,11.0,0.0,0.0,4.799395690658067,-0.00034935590796306577,8.242022903930762e-05,6.200604319183679,TRACKING distance=6.201 heading_error=-0.000 linear=0.350 angular=-0.000 ,False
55.800000000000004,1,11.0,0.0,0.0,4.799395690658067,-0.00034935590796306577,8.242022903930762e-05,6.200604319183679,TRACKING distance=6.201 heading_error=-0.000 linear=0.350 angular=-0.000 ,False
55.900000000000006,1,11.0,0.0,0.0,4.818575338910561,-0.00033907260074165775,8.083911709079141e-05,6.181424670389093,TRACKING distance=6.181 heading_error=-0.000 linear=0.350 angular=-0.000 ,False
55.900000000000006,1,11.0,0.0,0.0,4.818575338910561,-0.00033907260074165775,8.083911709079141e-05,6.181424670389093,TRACKING distance=6.181 heading_error=-0.000 linear=0.350 angular=-0.000 ,False
56.0,1,11.0,0.0,0.0,4.839675280388545,-0.00031826451309090073,8.457705220317736e-05,6.1603247278327995,TRACKING distance=6.162 heading_error=-0.000 linear=0.350 angular=-0.000 ,False
56.0,1,11.0,0.0,0.0,4.839675280388545,-0.00031826451309090073,8.457705220317736e-05,6.1603247278327995,TRACKING distance=6.162 heading_error=-0.000 linear=0.350 angular=-0.000 ,False
56.1,1,11.0,0.0,0.0,4.856935644854356,-0.00031080432929820456,9.0114175228644e-05,6.143064363008115,TRACKING distance=6.143 heading_error=-0.000 linear=0.350 angular=-0.000 ,False
56.1,1,11.0,0.0,0.0,4.858854739437261,-0.00031032945468951155,9.127223858238874e-05,6.141145268403652,TRACKING distance=6.143 heading_error=-0.000 linear=0.350 angular=-0.000 ,False
56.2,1,11.0,0.0,0.0,4.876115797109912,-0.0003011741211765251,9.797936741789626e-05,6.123884210295997,TRACKING distance=6.124 heading_error=-0.000 linear=0.350 angular=-0.000 ,False
56.2,1,11.0,0.0,0.0,4.878034483977841,-0.0003006220028582335,9.84933635283911e-05,6.121965523403251,TRACKING distance=6.124 heading_error=-0.000 linear=0.350 angular=-0.000 ,False
56.300000000000004,1,11.0,0.0,0.0,4.895296009862919,-0.00029734542062268736,9.693821087522829e-05,6.104703997378571,TRACKING distance=6.105 heading_error=-0.000 linear=0.350 angular=-0.000 ,False
56.300000000000004,1,11.0,0.0,0.0,4.895296009862919,-0.00029734542062268736,9.693821087522829e-05,6.104703997378571,TRACKING distance=6.105 heading_error=-0.000 linear=0.350 angular=-0.000 ,False
56.400000000000006,1,11.0,0.0,0.0,4.914478467724202,-0.00029495821835829374,9.825138145229093e-05,6.08552153942394,TRACKING distance=6.086 heading_error=-0.000 linear=0.350 angular=-0.000 ,False
56.400000000000006,1,11.0,0.0,0.0,4.916392608032594,-0.00029397289050161823,9.822083261663702e-05,6.083607399070105,TRACKING distance=6.086 heading_error=-0.000 linear=0.350 angular=-0.000 ,False
56.5,1,11.0,0.0,0.0,4.933657579813766,-0.00029246361884706075,8.862093089637671e-05,6.066342427236196,TRACKING distance=6.066 heading_error=-0.000 linear=0.350 angular=-0.000 ,False
56.5,1,11.0,0.0,0.0,4.933657579813766,-0.00029246361884706075,8.862093089637671e-05,6.066342427236196,TRACKING distance=6.066 heading_error=-0.000 linear=0.350 angular=-0.000 ,False
56.6,1,11.0,0.0,0.0,4.952836079674711,-0.00028449846751729023,8.605354954999092e-05,6.047163927017631,TRACKING distance=6.047 heading_error=-0.000 linear=0.350 angular=-0.000 ,False
56.6,1,11.0,0.0,0.0,4.952836079674711,-0.00028449846751729023,8.605354954999092e-05,6.047163927017631,TRACKING distance=6.047 heading_error=-0.000 linear=0.350 angular=-0.000 ,False
56.7,1,11.0,0.0,0.0,4.972015463025421,-0.0002832978789546736,7.519861735717072e-05,6.02798454363167,TRACKING distance=6.028 heading_error=-0.000 linear=0.350 angular=-0.000 ,False
56.7,1,11.0,0.0,0.0,4.972015463025421,-0.0002832978789546736,7.519861735717072e-05,6.02798454363167,TRACKING distance=6.028 heading_error=-0.000 linear=0.350 angular=-0.000 ,False
56.800000000000004,1,11.0,0.0,0.0,4.993113421623538,-0.00028162884753959723,5.2724952247498897e-05,6.006886584978452,TRACKING distance=6.009 heading_error=-0.000 linear=0.350 angular=-0.000 ,False
56.800000000000004,1,11.0,0.0,0.0,4.993113421623538,-0.00028162884753959723,5.2724952247498897e-05,6.006886584978452,TRACKING distance=6.009 heading_error=-0.000 linear=0.350 angular=-0.000 ,False
56.900000000000006,1,11.0,0.0,0.0,5.010370901580148,-0.0002795358943394389,4.760555022186697e-05,5.98962910494282,TRACKING distance=5.990 heading_error=-0.000 linear=0.350 angular=-0.000 ,False
56.900000000000006,1,11.0,0.0,0.0,5.012291303917278,-0.00027769426583781827,4.716238487008431e-05,5.987708702522088,TRACKING distance=5.990 heading_error=-0.000 linear=0.350 angular=-0.000 ,False
57.0,1,11.0,0.0,0.0,5.029548847999645,-0.0002779314268998896,3.9405662449299205e-05,5.970451158469371,TRACKING distance=5.970 heading_error=0.000 linear=0.350 angular=0.000 ,False
57.0,1,11.0,0.0,0.0,5.031469122344168,-0.00027590869324640354,4.145651358118056e-05,5.96853088403308,TRACKING distance=5.970 heading_error=0.000 linear=0.350 angular=0.000 ,False
57.1,1,11.0,0.0,0.0,5.048725755991478,-0.0002760462083123237,3.64193444349472e-05,5.951274250410639,TRACKING distance=5.951 heading_error=0.000 linear=0.350 angular=0.000 ,False
57.1,1,11.0,0.0,0.0,5.048725755991478,-0.0002760462083123237,3.64193444349472e-05,5.951274250410639,TRACKING distance=5.951 heading_error=0.000 linear=0.350 angular=0.000 ,False
57.2,1,11.0,0.0,0.0,5.067904620002504,-0.00026722470831210216,4.095975240999577e-05,5.932095386016368,TRACKING distance=5.932 heading_error=0.000 linear=0.350 angular=0.000 ,False
57.2,1,11.0,0.0,0.0,5.069823299834885,-0.00026664140571971886,4.1885891742283046e-05,5.930176706159678,TRACKING distance=5.932 heading_error=0.000 linear=0.350 angular=0.000 ,False
57.300000000000004,1,11.0,0.0,0.0,5.087084419271154,-0.00024834330951389226,5.988290544204723e-05,5.912915585944074,TRACKING distance=5.913 heading_error=-0.000 linear=0.350 angular=-0.000 ,False
57.300000000000004,1,11.0,0.0,0.0,5.089001804498453,-0.00025014550257725744,6.23215351649959e-05,5.910998200794458,TRACKING distance=5.913 heading_error=-0.000 linear=0.350 angular=-0.000 ,False
57.400000000000006,1,11.0,0.0,0.0,5.106265954964434,-0.00024207244848038228,7.285763955790612e-05,5.893734050006868,TRACKING distance=5.894 heading_error=-0.000 linear=0.350 angular=-0.000 ,False
57.400000000000006,1,11.0,0.0,0.0,5.106265954964434,-0.00024207244848038228,7.285763955790612e-05,5.893734050006868,TRACKING distance=5.894 heading_error=-0.000 linear=0.350 angular=-0.000 ,False
57.50000000000001,1,11.0,0.0,0.0,5.127357453001312,-0.00022958948524579514,8.945827219046888e-05,5.8726425514865594,TRACKING distance=5.875 heading_error=-0.000 linear=0.350 angular=-0.000 ,False
57.50000000000001,1,11.0,0.0,0.0,5.127357453001312,-0.00022958948524579514,8.945827219046888e-05,5.8726425514865594,TRACKING distance=5.875 heading_error=-0.000 linear=0.350 angular=-0.000 ,False
57.6,1,11.0,0.0,0.0,5.14462102708712,-0.00022708020691930393,9.556430170034702e-05,5.855378977316132,TRACKING distance=5.855 heading_error=-0.000 linear=0.350 angular=-0.000 ,False
57.6,1,11.0,0.0,0.0,5.14462102708712,-0.00022708020691930393,9.556430170034702e-05,5.855378977316132,TRACKING distance=5.855 heading_error=-0.000 linear=0.350 angular=-0.000 ,False
57.7,1,11.0,0.0,0.0,5.1637985466264045,-0.0002242051903778742,8.972547766659944e-05,5.836201457680161,TRACKING distance=5.836 heading_error=-0.000 linear=0.350 angular=-0.000 ,False
57.7,1,11.0,0.0,0.0,5.1637985466264045,-0.0002242051903778742,8.972547766659944e-05,5.836201457680161,TRACKING distance=5.836 heading_error=-0.000 linear=0.350 angular=-0.000 ,False
57.800000000000004,1,11.0,0.0,0.0,5.182975084049305,-0.0002216038182183478,8.601039714303417e-05,5.817024920171774,TRACKING distance=5.817 heading_error=-0.000 linear=0.350 angular=-0.000 ,False
57.800000000000004,1,11.0,0.0,0.0,5.1848945707913865,-0.0002213719214542174,8.46525084746895e-05,5.815105433422254,TRACKING distance=5.817 heading_error=-0.000 linear=0.350 angular=-0.000 ,False
57.900000000000006,1,11.0,0.0,0.0,5.202149186848582,-0.00021967373984136963,8.014644030798276e-05,5.797850817313007,TRACKING distance=5.798 heading_error=-0.000 linear=0.350 angular=-0.000 ,False
57.900000000000006,1,11.0,0.0,0.0,5.204068781673541,-0.0002169809974902515,8.0867094573737e-05,5.795931222387994,TRACKING distance=5.798 heading_error=-0.000 linear=0.350 angular=-0.000 ,False
58.00000000000001,1,11.0,0.0,0.0,5.223245903999339,-0.0002142337647303926,7.959675567813717e-05,5.776754099973143,TRACKING distance=5.779 heading_error=-0.000 linear=0.350 angular=-0.000 ,False
58.00000000000001,1,11.0,0.0,0.0,5.223245903999339,-0.0002142337647303926,7.959675567813717e-05,5.776754099973143,TRACKING distance=5.779 heading_error=-0.000 linear=0.350 angular=-0.000 ,False
58.1,1,11.0,0.0,0.0,5.242421800152824,-0.00021268362541337687,7.662515565908189e-05,5.757578203775418,TRACKING distance=5.759 heading_error=-0.000 linear=0.350 angular=-0.000 ,False
58.1,1,11.0,0.0,0.0,5.242421800152824,-0.00021268362541337687,7.662515565908189e-05,5.757578203775418,TRACKING distance=5.759 heading_error=-0.000 linear=0.350 angular=-0.000 ,False
58.2,1,11.0,0.0,0.0,5.2596773863421635,-0.00020713814594270342,7.410277841875707e-05,5.740322617395101,TRACKING distance=5.740 heading_error=-0.000 linear=0.350 angular=-0.000 ,False
58.2,1,11.0,0.0,0.0,5.261595899295233,-0.0002081984780574376,7.517965426247478e-05,5.7384041044816545,TRACKING distance=5.740 heading_error=-0.000 linear=0.350 angular=-0.000 ,False
58.300000000000004,1,11.0,0.0,0.0,5.278854709427992,-0.0002027848304738915,7.350441729257463e-05,5.721145294165842,TRACKING distance=5.721 heading_error=-0.000 linear=0.350 angular=-0.000 ,False
58.300000000000004,1,11.0,0.0,0.0,5.278854709427992,-0.0002027848304738915,7.350441729257463e-05,5.721145294165842,TRACKING distance=5.721 heading_error=-0.000 linear=0.350 angular=-0.000 ,False
58.400000000000006,1,11.0,0.0,0.0,5.29803285266434,-0.00020225489493241232,6.639477690289373e-05,5.701967150922759,TRACKING distance=5.702 heading_error=-0.000 linear=0.350 angular=-0.000 ,False
58.400000000000006,1,11.0,0.0,0.0,5.299948067407659,-0.00020316888366835422,6.591060582188381e-05,5.70005193621315,TRACKING distance=5.702 heading_error=-0.000 linear=0.350 angular=-0.000 ,False
58.50000000000001,1,11.0,0.0,0.0,5.317212232168238,-0.0001957038570140552,7.552788066564968e-05,5.682787771201587,TRACKING distance=5.683 heading_error=-0.000 linear=0.350 angular=-0.000 ,False
58.50000000000001,1,11.0,0.0,0.0,5.317212232168238,-0.0001957038570140552,7.552788066564968e-05,5.682787771201587,TRACKING distance=5.683 heading_error=-0.000 linear=0.350 angular=-0.000 ,False
58.6,1,11.0,0.0,0.0,5.336390211067564,-0.0001800965335213511,9.066844630088063e-05,5.663609791795872,TRACKING distance=5.664 heading_error=-0.000 linear=0.350 angular=-0.000 ,False
58.6,1,11.0,0.0,0.0,5.336390211067564,-0.0001800965335213511,9.066844630088063e-05,5.663609791795872,TRACKING distance=5.664 heading_error=-0.000 linear=0.350 angular=-0.000 ,False
58.7,1,11.0,0.0,0.0,5.355564349351993,-0.00016911206303359493,0.0001019369455225182,5.644435653181377,TRACKING distance=5.644 heading_error=-0.000 linear=0.350 angular=-0.000 ,False
58.7,1,11.0,0.0,0.0,5.355564349351993,-0.00016911206303359493,0.0001019369455225182,5.644435653181377,TRACKING distance=5.644 heading_error=-0.000 linear=0.350 angular=-0.000 ,False
58.800000000000004,1,11.0,0.0,0.0,5.374740290295871,-0.00015807502507543165,0.0001132044034721102,5.625259711925157,TRACKING distance=5.625 heading_error=-0.000 linear=0.350 angular=-0.000 ,False
58.800000000000004,1,11.0,0.0,0.0,5.374740290295871,-0.00015807502507543165,0.0001132044034721102,5.625259711925157,TRACKING distance=5.625 heading_error=-0.000 linear=0.350 angular=-0.000 ,False
58.900000000000006,1,11.0,0.0,0.0,5.393915225531233,-0.0001545656541199708,0.00010195431404153005,5.606084776599536,TRACKING distance=5.606 heading_error=-0.000 linear=0.350 angular=-0.000 ,False
58.900000000000006,1,11.0,0.0,0.0,5.393915225531233,-0.0001545656541199708,0.00010195431404153005,5.606084776599536,TRACKING distance=5.606 heading_error=-0.000 linear=0.350 angular=-0.000 ,False
59.00000000000001,1,11.0,0.0,0.0,5.413085431123464,-0.00015453103685331374,8.759486540819057e-05,5.586914571013659,TRACKING distance=5.587 heading_error=-0.000 linear=0.350 angular=-0.000 ,False
59.00000000000001,1,11.0,0.0,0.0,5.413085431123464,-0.00015453103685331374,8.759486540819057e-05,5.586914571013659,TRACKING distance=5.587 heading_error=-0.000 linear=0.350 angular=-0.000 ,False
59.1,1,11.0,0.0,0.0,5.432260533856933,-0.00015325176668111183,6.641708316776525e-05,5.56773946825219,TRACKING distance=5.568 heading_error=-0.000 linear=0.350 angular=-0.000 ,False
59.1,1,11.0,0.0,0.0,5.432260533856933,-0.00015325176668111183,6.641708316776525e-05,5.56773946825219,TRACKING distance=5.568 heading_error=-0.000 linear=0.350 angular=-0.000 ,False
59.2,1,11.0,0.0,0.0,5.451432505013363,-0.00015006483226095882,5.205294409518496e-05,5.548567497015941,TRACKING distance=5.549 heading_error=-0.000 linear=0.350 angular=-0.000 ,False
59.2,1,11.0,0.0,0.0,5.453351607981142,-0.0001511285009636969,5.112988542039771e-05,5.546648394077743,TRACKING distance=5.549 heading_error=-0.000 linear=0.350 angular=-0.000 ,False
59.300000000000004,1,11.0,0.0,0.0,5.470608388337983,-0.00014585393440985452,4.7664655855744744e-05,5.52939161358568,TRACKING distance=5.529 heading_error=-0.000 linear=0.350 angular=-0.000 ,False
59.300000000000004,1,11.0,0.0,0.0,5.470608388337983,-0.00014585393440985452,4.7664655855744744e-05,5.52939161358568,TRACKING distance=5.529 heading_error=-0.000 linear=0.350 angular=-0.000 ,False
59.400000000000006,1,11.0,0.0,0.0,5.489781622615297,-0.00014314983295262156,3.5956522362423484e-05,5.510218379244146,TRACKING distance=5.510 heading_error=-0.000 linear=0.350 angular=-0.000 ,False
59.400000000000006,1,11.0,0.0,0.0,5.489781622615297,-0.00014314983295262156,3.5956522362423484e-05,5.510218379244146,TRACKING distance=5.510 heading_error=-0.000 linear=0.350 angular=-0.000 ,False
59.50000000000001,1,11.0,0.0,0.0,5.508958187890534,-0.00014458870413737278,3.327966468110874e-05,5.491041814013102,TRACKING distance=5.491 heading_error=-0.000 linear=0.350 angular=-0.000 ,False
59.50000000000001,1,11.0,0.0,0.0,5.508958187890534,-0.00014458870413737278,3.327966468110874e-05,5.491041814013102,TRACKING distance=5.491 heading_error=-0.000 linear=0.350 angular=-0.000 ,False
59.6,1,11.0,0.0,0.0,5.528131653983802,-0.00014440206859877783,3.879179027915103e-05,5.471868347921576,TRACKING distance=5.472 heading_error=-0.000 linear=0.350 angular=-0.000 ,False
59.6,1,11.0,0.0,0.0,5.528131653983802,-0.00014440206859877783,3.879179027915103e-05,5.471868347921576,TRACKING distance=5.472 heading_error=-0.000 linear=0.350 angular=-0.000 ,False
59.7,1,11.0,0.0,0.0,5.549218894244664,-0.00013978649696469675,4.1798471801069474e-05,5.450781107547764,TRACKING distance=5.453 heading_error=-0.000 linear=0.350 angular=-0.000 ,False
59.7,1,11.0,0.0,0.0,5.549218894244664,-0.00013978649696469675,4.1798471801069474e-05,5.450781107547764,TRACKING distance=5.453 heading_error=-0.000 linear=0.350 angular=-0.000 ,False
59.800000000000004,1,11.0,0.0,0.0,5.566476145784603,-0.0001403633171292275,4.106519922374805e-05,5.433523856028389,TRACKING distance=5.434 heading_error=-0.000 linear=0.350 angular=-0.000 ,False
59.800000000000004,1,11.0,0.0,0.0,5.568393443689681,-0.000140545019104607,3.650276462073148e-05,5.431606558128649,TRACKING distance=5.434 heading_error=-0.000 linear=0.350 angular=-0.000 ,False
59.900000000000006,1,11.0,0.0,0.0,5.585647812006783,-0.0001326551128831182,5.235334441516436e-05,5.414352189618285,TRACKING distance=5.414 heading_error=-0.000 linear=0.350 angular=-0.000 ,False
59.900000000000006,1,11.0,0.0,0.0,5.5875678486546905,-0.0001307712768435349,5.3371406476840184e-05,5.41243215292511,TRACKING distance=5.414 heading_error=-0.000 linear=0.350 angular=-0.000 ,False
60.00000000000001,1,11.0,0.0,0.0,5.604822906717379,-0.00012190640301575507,3.903110434862354e-05,5.395177094659886,TRACKING distance=5.395 heading_error=-0.000 linear=0.350 angular=-0.000 ,False
60.00000000000001,1,11.0,0.0,0.0,5.606742364687021,-0.00012231371224842344,4.091647035814662e-05,5.393257636699956,TRACKING distance=5.395 heading_error=-0.000 linear=0.350 angular=-0.000 ,False
60.1,1,11.0,0.0,0.0,5.6239939311066545,-0.0001151904213527198,4.4882045880216816e-05,5.376006070127425,TRACKING distance=5.376 heading_error=-0.000 linear=0.350 angular=-0.000 ,False
60.1,1,11.0,0.0,0.0,5.625914265307399,-0.00011347085703753278,4.572914799366674e-05,5.374085735890538,TRACKING distance=5.376 heading_error=-0.000 linear=0.350 angular=-0.000 ,False
60.2,1,11.0,0.0,0.0,5.643169287275395,-0.00011261696610298564,3.595301168430314e-05,5.356830713908382,TRACKING distance=5.357 heading_error=-0.000 linear=0.350 angular=-0.000 ,False
60.2,1,11.0,0.0,0.0,5.643169287275395,-0.00011261696610298564,3.595301168430314e-05,5.356830713908382,TRACKING distance=5.357 heading_error=-0.000 linear=0.350 angular=-0.000 ,False
60.300000000000004,1,11.0,0.0,0.0,5.662340108466451,-0.00010791429985337482,3.055930179472444e-05,5.337659892624429,TRACKING distance=5.338 heading_error=-0.000 linear=0.350 angular=-0.000 ,False
60.300000000000004,1,11.0,0.0,0.0,5.662340108466451,-0.00010791429985337482,3.055930179472444e-05,5.337659892624429,TRACKING distance=5.338 heading_error=-0.000 linear=0.350 angular=-0.000 ,False
60.400000000000006,1,11.0,0.0,0.0,5.681514831761076,-0.00010597685859483106,3.2061258501749876e-05,5.318485169294779,TRACKING distance=5.318 heading_error=-0.000 linear=0.350 angular=-0.000 ,False
60.400000000000006,1,11.0,0.0,0.0,5.683431260802189,-0.0001065778151727327,3.374584067243727e-05,5.316568740266059,TRACKING distance=5.318 heading_error=-0.000 linear=0.350 angular=-0.000 ,False
60.50000000000001,1,11.0,0.0,0.0,5.70068914678849,-0.0001046397124918006,3.209767913548736e-05,5.299310854244613,TRACKING distance=5.299 heading_error=-0.000 linear=0.350 angular=-0.000 ,False
60.50000000000001,1,11.0,0.0,0.0,5.70068914678849,-0.0001046397124918006,3.209767913548736e-05,5.299310854244613,TRACKING distance=5.299 heading_error=-0.000 linear=0.350 angular=-0.000 ,False
60.6,1,11.0,0.0,0.0,5.7198624829792974,-9.95535524415294e-05,3.296596911140903e-05,5.280137517959211,TRACKING distance=5.280 heading_error=-0.000 linear=0.350 angular=-0.000 ,False
60.6,1,11.0,0.0,0.0,5.7198624829792974,-9.95535524415294e-05,3.296596911140903e-05,5.280137517959211,TRACKING distance=5.280 heading_error=-0.000 linear=0.350 angular=-0.000 ,False
60.7,1,11.0,0.0,0.0,5.73903513718206,-9.965231193326206e-05,3.5372142085357734e-05,5.260964863761739,TRACKING distance=5.261 heading_error=-0.000 linear=0.350 angular=-0.000 ,False
60.7,1,11.0,0.0,0.0,5.73903513718206,-9.965231193326206e-05,3.5372142085357734e-05,5.260964863761739,TRACKING distance=5.261 heading_error=-0.000 linear=0.350 angular=-0.000 ,False
60.800000000000004,1,11.0,0.0,0.0,5.75820673381042,-9.870893019503216e-05,3.7502223762287705e-05,5.241793267118981,TRACKING distance=5.242 heading_error=-0.000 linear=0.350 angular=-0.000 ,False
60.800000000000004,1,11.0,0.0,0.0,5.760125126903248,-9.837455547855079e-05,3.7182092740507294e-05,5.239874874020204,TRACKING distance=5.242 heading_error=-0.000 linear=0.350 angular=-0.000 ,False
60.900000000000006,1,11.0,0.0,0.0,5.777378460550686,-9.365765701971443e-05,5.57256063617235e-05,5.222621540289099,TRACKING distance=5.223 heading_error=-0.000 linear=0.350 angular=-0.000 ,False
60.900000000000006,1,11.0,0.0,0.0,5.777378460550686,-9.365765701971443e-05,5.57256063617235e-05,5.222621540289099,TRACKING distance=5.223 heading_error=-0.000 linear=0.350 angular=-0.000 ,False
61.00000000000001,1,11.0,0.0,0.0,5.796549607194032,-9.057392914355906e-05,6.35956097299879e-05,5.203450393594257,TRACKING distance=5.203 heading_error=-0.000 linear=0.350 angular=-0.000 ,False
61.00000000000001,1,11.0,0.0,0.0,5.7984699136029185,-8.964388391762657e-05,6.699663802942397e-05,5.201530087169549,TRACKING distance=5.203 heading_error=-0.000 linear=0.350 angular=-0.000 ,False
61.1,1,11.0,0.0,0.0,5.815722322763408,-8.628714803673887e-05,7.400162035552116e-05,5.1842776779546735,TRACKING distance=5.184 heading_error=-0.000 linear=0.350 angular=-0.000 ,False
61.1,1,11.0,0.0,0.0,5.815722322763408,-8.628714803673887e-05,7.400162035552116e-05,5.1842776779546735,TRACKING distance=5.184 heading_error=-0.000 linear=0.350 angular=-0.000 ,False
61.2,1,11.0,0.0,0.0,5.834895970116635,-7.22687754952791e-05,8.867492056920692e-05,5.165104030388948,TRACKING distance=5.165 heading_error=-0.000 linear=0.350 angular=-0.000 ,False
61.2,1,11.0,0.0,0.0,5.834895970116635,-7.22687754952791e-05,8.867492056920692e-05,5.165104030388948,TRACKING distance=5.165 heading_error=-0.000 linear=0.350 angular=-0.000 ,False
61.300000000000004,1,11.0,0.0,0.0,5.854070889248304,-5.92036003717147e-05,8.099443182787048e-05,5.145929111092262,TRACKING distance=5.146 heading_error=-0.000 linear=0.350 angular=-0.000 ,False
61.300000000000004,1,11.0,0.0,0.0,5.854070889248304,-5.92036003717147e-05,8.099443182787048e-05,5.145929111092262,TRACKING distance=5.146 heading_error=-0.000 linear=0.350 angular=-0.000 ,False
61.400000000000006,1,11.0,0.0,0.0,5.875162155481282,-5.336888148273265e-05,6.909666307106544e-05,5.124837844796604,TRACKING distance=5.127 heading_error=-0.000 linear=0.350 angular=-0.000 ,False
61.400000000000006,1,11.0,0.0,0.0,5.875162155481282,-5.336888148273265e-05,6.909666307106544e-05,5.124837844796604,TRACKING distance=5.127 heading_error=-0.000 linear=0.350 angular=-0.000 ,False
61.50000000000001,1,11.0,0.0,0.0,5.892421326724963,-5.022089411599985e-05,7.340963887261234e-05,5.107578673521938,TRACKING distance=5.108 heading_error=-0.000 linear=0.350 angular=-0.000 ,False
61.50000000000001,1,11.0,0.0,0.0,5.892421326724963,-5.022089411599985e-05,7.340963887261234e-05,5.107578673521938,TRACKING distance=5.108 heading_error=-0.000 linear=0.350 angular=-0.000 ,False
61.6,1,11.0,0.0,0.0,5.911595074974028,-4.9715804011910856e-05,5.4580862875014356e-05,5.0884049252688435,TRACKING distance=5.088 heading_error=-0.000 linear=0.350 angular=-0.000 ,False
61.6,1,11.0,0.0,0.0,5.913507766839769,-4.9083956939049076e-05,4.982015680224024e-05,5.086492233397058,TRACKING distance=5.088 heading_error=-0.000 linear=0.350 angular=-0.000 ,False
61.7,1,11.0,0.0,0.0,5.930767695143682,-4.889275904136646e-05,3.522518407673819e-05,5.069232305092104,TRACKING distance=5.069 heading_error=-0.000 linear=0.350 angular=-0.000 ,False
61.7,1,11.0,0.0,0.0,5.930767695143682,-4.889275904136646e-05,3.522518407673819e-05,5.069232305092104,TRACKING distance=5.069 heading_error=-0.000 linear=0.350 angular=-0.000 ,False
61.800000000000004,1,11.0,0.0,0.0,5.949940286938901,-4.741816572523085e-05,1.595428167468436e-05,5.050059713283718,TRACKING distance=5.050 heading_error=-0.000 linear=0.350 angular=-0.000 ,False
61.800000000000004,1,11.0,0.0,0.0,5.949940286938901,-4.741816572523085e-05,1.595428167468436e-05,5.050059713283718,TRACKING distance=5.050 heading_error=-0.000 linear=0.350 angular=-0.000 ,False
61.900000000000006,1,11.0,0.0,0.0,5.969111634849438,-4.423887494865474e-05,-4.627954948679391e-06,5.030888365345069,TRACKING distance=5.031 heading_error=0.000 linear=0.350 angular=0.000 ,False
61.900000000000006,1,11.0,0.0,0.0,5.969111634849438,-4.423887494865474e-05,-4.627954948679391e-06,5.030888365345069,TRACKING distance=5.031 heading_error=0.000 linear=0.350 angular=0.000 ,False
62.00000000000001,1,11.0,0.0,0.0,5.988281931495817,-4.4186721632473334e-05,-2.3437111188944786e-05,5.011718068698973,TRACKING distance=5.012 heading_error=0.000 linear=0.350 angular=0.000 ,False
62.00000000000001,1,11.0,0.0,0.0,5.990201440528267,-4.442967205078415e-05,-2.5778974014180135e-05,5.009798559668746,TRACKING distance=5.012 heading_error=0.000 linear=0.350 angular=0.000 ,False
62.1,1,11.0,0.0,0.0,6.0074528146993575,-4.251090743382419e-05,-2.5906136537065263e-05,4.99254718548163,TRACKING distance=4.993 heading_error=0.000 linear=0.350 angular=0.000 ,False
62.1,1,11.0,0.0,0.0,6.0093728555207155,-4.214265566527289e-05,-2.475788273793959e-05,4.990627144657219,TRACKING distance=4.993 heading_error=0.000 linear=0.350 angular=0.000 ,False
62.2,1,11.0,0.0,0.0,6.026622802187425,-4.055326810819808e-05,-1.952157320813904e-05,4.9733771979779124,TRACKING distance=4.973 heading_error=0.000 linear=0.350 angular=0.000 ,False
62.2,1,11.0,0.0,0.0,6.026622802187425,-4.055326810819808e-05,-1.952157320813904e-05,4.9733771979779124,TRACKING distance=4.973 heading_error=0.000 linear=0.350 angular=0.000 ,False
62.300000000000004,1,11.0,0.0,0.0,6.04579425579956,-3.836084344781326e-05,-4.042330489244339e-06,4.954205744348956,TRACKING distance=4.954 heading_error=0.000 linear=0.350 angular=0.000 ,False
62.300000000000004,1,11.0,0.0,0.0,6.04579425579956,-3.836084344781326e-05,-4.042330489244339e-06,4.954205744348956,TRACKING distance=4.954 heading_error=0.000 linear=0.350 angular=0.000 ,False
62.400000000000006,1,11.0,0.0,0.0,6.06496644160846,-3.471629553120824e-05,1.6113800226722163e-05,4.935033558513648,TRACKING distance=4.935 heading_error=-0.000 linear=0.350 angular=-0.000 ,False
62.400000000000006,1,11.0,0.0,0.0,6.06496644160846,-3.471629553120824e-05,1.6113800226722163e-05,4.935033558513648,TRACKING distance=4.935 heading_error=-0.000 linear=0.350 angular=-0.000 ,False
62.50000000000001,1,11.0,0.0,0.0,6.084140324058833,-3.083494350157926e-05,4.771573811340204e-05,4.915859676037874,TRACKING distance=4.916 heading_error=-0.000 linear=0.350 angular=-0.000 ,False
62.50000000000001,1,11.0,0.0,0.0,6.084140324058833,-3.083494350157926e-05,4.771573811340204e-05,4.915859676037874,TRACKING distance=4.916 heading_error=-0.000 linear=0.350 angular=-0.000 ,False
62.6,1,11.0,0.0,0.0,6.103314276533096,-2.9890235063281875e-05,6.036552304220293e-05,4.896685723558131,TRACKING distance=4.897 heading_error=-0.000 linear=0.350 angular=-0.000 ,False
62.6,1,11.0,0.0,0.0,6.103314276533096,-2.9890235063281875e-05,6.036552304220293e-05,4.896685723558131,TRACKING distance=4.897 heading_error=-0.000 linear=0.350 angular=-0.000 ,False
62.7,1,11.0,0.0,0.0,6.122486603187468,-2.7362285501659674e-05,8.260864924440301e-05,4.877513396889281,TRACKING distance=4.878 heading_error=-0.000 linear=0.350 angular=-0.000 ,False
62.7,1,11.0,0.0,0.0,6.122486603187468,-2.7362285501659674e-05,8.260864924440301e-05,4.877513396889281,TRACKING distance=4.878 heading_error=-0.000 linear=0.350 angular=-0.000 ,False
62.800000000000004,1,11.0,0.0,0.0,6.141660532066063,-2.5516562728206153e-05,0.00010503529766807044,4.858339468000945,TRACKING distance=4.858 heading_error=-0.000 linear=0.350 angular=-0.000 ,False
62.800000000000004,1,11.0,0.0,0.0,6.141660532066063,-2.5516562728206153e-05,0.00010503529766807044,4.858339468000945,TRACKING distance=4.858 heading_error=-0.000 linear=0.350 angular=-0.000 ,False
62.900000000000006,1,11.0,0.0,0.0,6.160831319884555,-2.1412306034039084e-05,0.00012294955892555497,4.8391686801628175,TRACKING distance=4.839 heading_error=-0.000 linear=0.350 angular=-0.000 ,False
62.900000000000006,1,11.0,0.0,0.0,6.162748739584402,-2.1099330753991777e-05,0.0001229434667768162,4.837251260461613,TRACKING distance=4.839 heading_error=-0.000 linear=0.350 angular=-0.000 ,False
63.00000000000001,1,11.0,0.0,0.0,6.180002823705847,-2.0751465230946075e-05,0.00011443197938860832,4.819997176338824,TRACKING distance=4.820 heading_error=-0.000 linear=0.350 angular=-0.000 ,False
63.00000000000001,1,11.0,0.0,0.0,6.180002823705847,-2.0751465230946075e-05,0.00011443197938860832,4.819997176338824,TRACKING distance=4.820 heading_error=-0.000 linear=0.350 angular=-0.000 ,False
63.1,1,11.0,0.0,0.0,6.199175790312632,-1.6724240447530824e-05,0.00012774193191334945,4.800824209716499,TRACKING distance=4.801 heading_error=-0.000 linear=0.350 angular=-0.000 ,False
63.1,1,11.0,0.0,0.0,6.199175790312632,-1.6724240447530824e-05,0.00012774193191334945,4.800824209716499,TRACKING distance=4.801 heading_error=-0.000 linear=0.350 angular=-0.000 ,False
63.2,1,11.0,0.0,0.0,6.218348580169103,-1.3622738819696595e-05,0.00014236640692575462,4.781651419850302,TRACKING distance=4.782 heading_error=-0.000 linear=0.350 angular=-0.000 ,False
63.2,1,11.0,0.0,0.0,6.220268366964063,-1.277680107737954e-05,0.00014634557777223707,4.779731633053014,TRACKING distance=4.782 heading_error=-0.000 linear=0.350 angular=-0.000 ,False
63.300000000000004,1,11.0,0.0,0.0,6.237521245209547,-9.937896532657463e-06,0.0001526891987005612,4.762478754800822,TRACKING distance=4.762 heading_error=-0.000 linear=0.350 angular=-0.000 ,False
63.300000000000004,1,11.0,0.0,0.0,6.237521245209547,-9.937896532657463e-06,0.0001526891987005612,4.762478754800822,TRACKING distance=4.762 heading_error=-0.000 linear=0.350 angular=-0.000 ,False
63.400000000000006,1,11.0,0.0,0.0,6.256694081037424,-3.869508570225698e-06,0.0001735481172976794,4.743305918964154,TRACKING distance=4.743 heading_error=-0.000 linear=0.350 angular=-0.000 ,False
63.400000000000006,1,11.0,0.0,0.0,6.258612672465034,-4.513641877229293e-06,0.00017742839511308196,4.741387327537114,TRACKING distance=4.743 heading_error=-0.000 linear=0.350 angular=-0.000 ,False
63.50000000000001,1,11.0,0.0,0.0,6.27586936530846,-9.494618243652289e-07,0.00019697122282139517,4.724130634691635,TRACKING distance=4.724 heading_error=-0.000 linear=0.350 angular=-0.000 ,False
63.50000000000001,1,11.0,0.0,0.0,6.27586936530846,-9.494618243652289e-07,0.00019697122282139517,4.724130634691635,TRACKING distance=4.724 heading_error=-0.000 linear=0.350 angular=-0.000 ,False
63.6,1,11.0,0.0,0.0,6.2950446597082,2.9878875151425962e-06,0.00020010383293816083,4.704955340292749,TRACKING distance=4.705 heading_error=-0.000 linear=0.350 angular=-0.000 ,False
63.6,1,11.0,0.0,0.0,6.296959889459725,4.628768668367366e-06,0.00019838089830369823,4.703040110542553,TRACKING distance=4.705 heading_error=-0.000 linear=0.350 angular=-0.000 ,False
63.7,1,11.0,0.0,0.0,6.314218994550559,9.715707377240607e-06,0.00023078703456306743,4.685781005459514,TRACKING distance=4.686 heading_error=-0.000 linear=0.350 angular=-0.000 ,False
63.7,1,11.0,0.0,0.0,6.31613243608936,1.2474041833596093e-05,0.00022726716673378538,4.683867563927251,TRACKING distance=4.686 heading_error=-0.000 linear=0.350 angular=-0.000 ,False
63.800000000000004,1,11.0,0.0,0.0,6.3333931822294005,1.9049241518240476e-05,0.00026991349521939527,4.6666068178094795,TRACKING distance=4.667 heading_error=-0.000 linear=0.350 angular=-0.000 ,False
63.800000000000004,1,11.0,0.0,0.0,6.3333931822294005,1.9049241518240476e-05,0.00026991349521939527,4.6666068178094795,TRACKING distance=4.667 heading_error=-0.000 linear=0.350 angular=-0.000 ,False
63.900000000000006,1,11.0,0.0,0.0,6.3525671133178205,2.2373312797051e-05,0.0002635978941204212,4.647432886736033,TRACKING distance=4.647 heading_error=-0.000 linear=0.350 angular=-0.000 ,False
63.900000000000006,1,11.0,0.0,0.0,6.3525671133178205,2.2373312797051e-05,0.0002635978941204212,4.647432886736033,TRACKING distance=4.647 heading_error=-0.000 linear=0.350 angular=-0.000 ,False
64.0,1,11.0,0.0,0.0,6.371741752743181,2.8373791433582127e-05,0.0002734312105494379,4.628258247343793,TRACKING distance=4.628 heading_error=-0.000 linear=0.350 angular=-0.000 ,False
64.0,1,11.0,0.0,0.0,6.371741752743181,2.8373791433582127e-05,0.0002734312105494379,4.628258247343793,TRACKING distance=4.628 heading_error=-0.000 linear=0.350 angular=-0.000 ,False
64.10000000000001,1,11.0,0.0,0.0,6.390915684347461,3.26656782842569e-05,0.00028091262563447264,4.6090843157682935,TRACKING distance=4.609 heading_error=-0.000 linear=0.350 angular=-0.000 ,False
64.10000000000001,1,11.0,0.0,0.0,6.392835042225071,3.3087389351676954e-05,0.0002863213398561711,4.607164957893741,TRACKING distance=4.609 heading_error=-0.000 linear=0.350 angular=-0.000 ,False
64.2,1,11.0,0.0,0.0,6.410088662849106,3.752255699526645e-05,0.0002810503446118546,4.589911337304267,TRACKING distance=4.590 heading_error=-0.000 linear=0.350 angular=-0.000 ,False
64.2,1,11.0,0.0,0.0,6.410088662849106,3.752255699526645e-05,0.0002810503446118546,4.589911337304267,TRACKING distance=4.590 heading_error=-0.000 linear=0.350 angular=-0.000 ,False
64.3,1,11.0,0.0,0.0,6.429263821879424,4.322747282040408e-05,0.0002808139976399833,4.570736178324987,TRACKING distance=4.571 heading_error=-0.000 linear=0.350 angular=-0.000 ,False
64.3,1,11.0,0.0,0.0,6.431183533254636,4.339051443053135e-05,0.00028197785640927047,4.568816466951406,TRACKING distance=4.571 heading_error=-0.000 linear=0.350 angular=-0.000 ,False
64.4,1,11.0,0.0,0.0,6.448438016325258,5.147509249007661e-05,0.00029628376767983213,4.551561983965816,TRACKING distance=4.552 heading_error=-0.000 linear=0.350 angular=-0.000 ,False
64.4,1,11.0,0.0,0.0,6.450356886717734,5.081986385792795e-05,0.00030055715181497066,4.549643113566097,TRACKING distance=4.552 heading_error=-0.000 linear=0.350 angular=-0.000 ,False
64.5,1,11.0,0.0,0.0,6.467612577997006,5.750438708050817e-05,0.00031386786233428233,4.532387422367786,TRACKING distance=4.532 heading_error=-0.000 linear=0.350 angular=-0.000 ,False
64.5,1,11.0,0.0,0.0,6.467612577997006,5.750438708050817e-05,0.00031386786233428233,4.532387422367786,TRACKING distance=4.532 heading_error=-0.000 linear=0.350 angular=-0.000 ,False
64.60000000000001,1,11.0,0.0,0.0,6.486788262999165,6.406613605267937e-05,0.000327468116638277,4.513211737455552,TRACKING distance=4.513 heading_error=-0.000 linear=0.350 angular=-0.000 ,False
64.60000000000001,1,11.0,0.0,0.0,6.486788262999165,6.406613605267937e-05,0.000327468116638277,4.513211737455552,TRACKING distance=4.513 heading_error=-0.000 linear=0.350 angular=-0.000 ,False
64.7,1,11.0,0.0,0.0,6.505964124086095,7.164252162346491e-05,0.000347104546476057,4.494035876484957,TRACKING distance=4.494 heading_error=-0.000 linear=0.350 angular=-0.000 ,False
64.7,1,11.0,0.0,0.0,6.505964124086095,7.164252162346491e-05,0.000347104546476057,4.494035876484957,TRACKING distance=4.494 heading_error=-0.000 linear=0.350 angular=-0.000 ,False
64.8,1,11.0,0.0,0.0,6.525138150431631,7.740825895965946e-05,0.00035129659297016507,4.474861850237891,TRACKING distance=4.475 heading_error=-0.000 linear=0.350 angular=-0.000 ,False
64.8,1,11.0,0.0,0.0,6.525138150431631,7.740825895965946e-05,0.00035129659297016507,4.474861850237891,TRACKING distance=4.475 heading_error=-0.000 linear=0.350 angular=-0.000 ,False
64.9,1,11.0,0.0,0.0,6.544311713586657,8.50217054728422e-05,0.0003611382455162216,4.455688287224518,TRACKING distance=4.456 heading_error=-0.000 linear=0.350 angular=-0.000 ,False
64.9,1,11.0,0.0,0.0,6.544311713586657,8.50217054728422e-05,0.0003611382455162216,4.455688287224518,TRACKING distance=4.456 heading_error=-0.000 linear=0.350 angular=-0.000 ,False
65.0,1,11.0,0.0,0.0,6.563485806940305,9.441043021857256e-05,0.00038446075625081733,4.436514194064237,TRACKING distance=4.437 heading_error=-0.000 linear=0.350 angular=-0.000 ,False
65.0,1,11.0,0.0,0.0,6.563485806940305,9.441043021857256e-05,0.00038446075625081733,4.436514194064237,TRACKING distance=4.437 heading_error=-0.000 linear=0.350 angular=-0.000 ,False
65.10000000000001,1,11.0,0.0,0.0,6.582660455217351,0.00010325297773302836,0.00039828721371131757,4.417339545989392,TRACKING distance=4.417 heading_error=-0.000 linear=0.350 angular=-0.001 ,False
65.10000000000001,1,11.0,0.0,0.0,6.5845797271013735,0.00010472267494965208,0.00039815938904201175,4.415420274140506,TRACKING distance=4.417 heading_error=-0.000 linear=0.350 angular=-0.001 ,False
65.2,1,11.0,0.0,0.0,6.601835061244589,0.00010939767706071218,0.0003938584474145318,4.3981649401159615,TRACKING distance=4.398 heading_error=-0.000 linear=0.350 angular=-0.001 ,False
65.2,1,11.0,0.0,0.0,6.601835061244589,0.00010939767706071218,0.0003938584474145318,4.3981649401159615,TRACKING distance=4.398 heading_error=-0.000 linear=0.350 angular=-0.001 ,False
65.3,1,11.0,0.0,0.0,6.621010919992507,0.00011856521170867032,0.00040431501155798887,4.378989081612625,TRACKING distance=4.379 heading_error=-0.000 linear=0.350 angular=-0.001 ,False
65.3,1,11.0,0.0,0.0,6.621010919992507,0.00011856521170867032,0.00040431501155798887,4.378989081612625,TRACKING distance=4.379 heading_error=-0.000 linear=0.350 angular=-0.001 ,False
65.4,1,11.0,0.0,0.0,6.6401862024391765,0.0001245150405126196,0.0004187778226031132,4.35981379933888,TRACKING distance=4.360 heading_error=-0.000 linear=0.350 angular=-0.001 ,False
65.4,1,11.0,0.0,0.0,6.6401862024391765,0.0001245150405126196,0.0004187778226031132,4.35981379933888,TRACKING distance=4.360 heading_error=-0.000 linear=0.350 angular=-0.001 ,False
65.5,1,11.0,0.0,0.0,6.6593609055492315,0.00013351853793671907,0.00041311144891880444,4.340639096504291,TRACKING distance=4.341 heading_error=-0.000 linear=0.350 angular=-0.001 ,False
65.5,1,11.0,0.0,0.0,6.6593609055492315,0.00013351853793671907,0.00041311144891880444,4.340639096504291,TRACKING distance=4.341 heading_error=-0.000 linear=0.350 angular=-0.001 ,False
65.60000000000001,1,11.0,0.0,0.0,6.678537794308559,0.00014349488264736335,0.00041775816053254473,4.321462208073827,TRACKING distance=4.321 heading_error=-0.000 linear=0.350 angular=-0.001 ,False
65.60000000000001,1,11.0,0.0,0.0,6.678537794308559,0.00014349488264736335,0.00041775816053254473,4.321462208073827,TRACKING distance=4.321 heading_error=-0.000 linear=0.350 angular=-0.001 ,False
65.7,1,11.0,0.0,0.0,6.6977140777263555,0.00015148937895753455,0.000433137113614087,4.302285924940719,TRACKING distance=4.302 heading_error=-0.000 linear=0.350 angular=-0.001 ,False
65.7,1,11.0,0.0,0.0,6.6977140777263555,0.00015148937895753455,0.000433137113614087,4.302285924940719,TRACKING distance=4.302 heading_error=-0.000 linear=0.350 angular=-0.001 ,False
65.8,1,11.0,0.0,0.0,6.716888116674105,0.00015781259716910454,0.00043620855862344416,4.283111886233222,TRACKING distance=4.283 heading_error=-0.000 linear=0.350 angular=-0.001 ,False
65.8,1,11.0,0.0,0.0,6.7188029580021,0.00016032228542385468,0.00043522930235737024,4.281197044999775,TRACKING distance=4.283 heading_error=-0.000 linear=0.350 angular=-0.001 ,False
65.9,1,11.0,0.0,0.0,6.736061636533533,0.0001686242371452661,0.00045318180287590566,4.2639383668007245,TRACKING distance=4.264 heading_error=-0.000 linear=0.350 angular=-0.001 ,False
65.9,1,11.0,0.0,0.0,6.736061636533533,0.0001686242371452661,0.00045318180287590566,4.2639383668007245,TRACKING distance=4.264 heading_error=-0.000 linear=0.350 angular=-0.001 ,False
66.0,1,11.0,0.0,0.0,6.755235891882013,0.00017796988243060248,0.0004674497983658186,4.244764111848852,TRACKING distance=4.245 heading_error=-0.001 linear=0.350 angular=-0.001 ,False
66.0,1,11.0,0.0,0.0,6.755235891882013,0.00017796988243060248,0.0004674497983658186,4.244764111848852,TRACKING distance=4.245 heading_error=-0.001 linear=0.350 angular=-0.001 ,False
66.10000000000001,1,11.0,0.0,0.0,6.774408563134491,0.00018659275863115187,0.00048487366904839457,4.22559144098527,TRACKING distance=4.226 heading_error=-0.001 linear=0.350 angular=-0.001 ,False
66.10000000000001,1,11.0,0.0,0.0,6.774408563134491,0.00018659275863115187,0.00048487366904839457,4.22559144098527,TRACKING distance=4.226 heading_error=-0.001 linear=0.350 angular=-0.001 ,False
66.2,1,11.0,0.0,0.0,6.793581655274473,0.00019702413611472698,0.000495772329399748,4.206418349339726,TRACKING distance=4.206 heading_error=-0.001 linear=0.350 angular=-0.001 ,False
66.2,1,11.0,0.0,0.0,6.793581655274473,0.00019702413611472698,0.000495772329399748,4.206418349339726,TRACKING distance=4.206 heading_error=-0.001 linear=0.350 angular=-0.001 ,False
66.3,1,11.0,0.0,0.0,6.812755222667606,0.000207941621638529,0.000498235041955014,4.18724478249566,TRACKING distance=4.187 heading_error=-0.001 linear=0.350 angular=-0.001 ,False
66.3,1,11.0,0.0,0.0,6.812755222667606,0.000207941621638529,0.000498235041955014,4.18724478249566,TRACKING distance=4.187 heading_error=-0.001 linear=0.350 angular=-0.001 ,False
66.4,1,11.0,0.0,0.0,6.831930611897274,0.0002181941011212228,0.0005192940485302005,4.168069393813843,TRACKING distance=4.168 heading_error=-0.001 linear=0.350 angular=-0.001 ,False
66.4,1,11.0,0.0,0.0,6.831930611897274,0.0002181941011212228,0.0005192940485302005,4.168069393813843,TRACKING distance=4.168 heading_error=-0.001 linear=0.350 angular=-0.001 ,False
66.5,1,11.0,0.0,0.0,6.851107065184298,0.00022848617352524793,0.0005192402784462589,4.148892941107252,TRACKING distance=4.149 heading_error=-0.001 linear=0.350 angular=-0.001 ,False
66.5,1,11.0,0.0,0.0,6.851107065184298,0.00022848617352524793,0.0005192402784462589,4.148892941107252,TRACKING distance=4.149 heading_error=-0.001 linear=0.350 angular=-0.001 ,False
66.60000000000001,1,11.0,0.0,0.0,6.87028430617707,0.00024018106803064317,0.0005307503031531076,4.129715700807302,TRACKING distance=4.130 heading_error=-0.001 linear=0.350 angular=-0.001 ,False
66.60000000000001,1,11.0,0.0,0.0,6.872200955939479,0.00024006416396779056,0.0005265831550947524,4.127799051041336,TRACKING distance=4.130 heading_error=-0.001 linear=0.350 angular=-0.001 ,False
66.7,1,11.0,0.0,0.0,6.88946182427847,0.0002498656394716235,0.0005340779703996046,4.1105381833157715,TRACKING distance=4.111 heading_error=-0.001 linear=0.350 angular=-0.001 ,False
66.7,1,11.0,0.0,0.0,6.88946182427847,0.0002498656394716235,0.0005340779703996046,4.1105381833157715,TRACKING distance=4.111 heading_error=-0.001 linear=0.350 angular=-0.001 ,False
66.8,1,11.0,0.0,0.0,6.908638187483763,0.0002582690750705331,0.0005389402947302279,4.091361820667914,TRACKING distance=4.091 heading_error=-0.001 linear=0.350 angular=-0.001 ,False
66.8,1,11.0,0.0,0.0,6.908638187483763,0.0002582690750705331,0.0005389402947302279,4.091361820667914,TRACKING distance=4.091 heading_error=-0.001 linear=0.350 angular=-0.001 ,False
66.9,1,11.0,0.0,0.0,6.927812862111093,0.00026950095930049656,0.0005504770407993667,4.072187146806813,TRACKING distance=4.072 heading_error=-0.001 linear=0.350 angular=-0.001 ,False
66.9,1,11.0,0.0,0.0,6.9297286794672805,0.0002717808127393618,0.0005466748573584291,4.070271329606416,TRACKING distance=4.072 heading_error=-0.001 linear=0.350 angular=-0.001 ,False
67.0,1,11.0,0.0,0.0,6.946988199211004,0.000280841171921637,0.0005592515127825722,4.053011810519014,TRACKING distance=4.053 heading_error=-0.001 linear=0.350 angular=-0.001 ,False
67.0,1,11.0,0.0,0.0,6.948905290176154,0.00028272070673819697,0.0005615806834214808,4.051094719689203,TRACKING distance=4.053 heading_error=-0.001 linear=0.350 angular=-0.001 ,False
67.10000000000001,1,11.0,0.0,0.0,6.966161283814451,0.0002904359235545818,0.0005727319150562111,4.033838726641226,TRACKING distance=4.034 heading_error=-0.001 linear=0.350 angular=-0.001 ,False
67.10000000000001,1,11.0,0.0,0.0,6.966161283814451,0.0002904359235545818,0.0005727319150562111,4.033838726641226,TRACKING distance=4.034 heading_error=-0.001 linear=0.350 angular=-0.001 ,False
67.2,1,11.0,0.0,0.0,6.985334418966262,0.0003039612038881342,0.0005879369112479311,4.014665592540601,TRACKING distance=4.015 heading_error=-0.001 linear=0.350 angular=-0.001 ,False
67.2,1,11.0,0.0,0.0,6.987253454316682,0.0003055374155565553,0.0005906556189988738,4.01274655731539,TRACKING distance=4.015 heading_error=-0.001 linear=0.350 angular=-0.001 ,False
67.3,1,11.0,0.0,0.0,7.004507883492189,0.00031534118264337364,0.0005963219288093935,3.9954921289518426,TRACKING distance=3.995 heading_error=-0.001 linear=0.350 angular=-0.001 ,False
67.3,1,11.0,0.0,0.0,7.004507883492189,0.00031534118264337364,0.0005963219288093935,3.9954921289518426,TRACKING distance=3.995 heading_error=-0.001 linear=0.350 angular=-0.001 ,False
67.4,1,11.0,0.0,0.0,7.023681445905816,0.0003265555788191041,0.0006090699093326984,3.9763185675033896,TRACKING distance=3.976 heading_error=-0.001 linear=0.350 angular=-0.001 ,False
67.4,1,11.0,0.0,0.0,7.023681445905816,0.0003265555788191041,0.0006090699093326984,3.9763185675033896,TRACKING distance=3.976 heading_error=-0.001 linear=0.350 angular=-0.001 ,False
67.5,1,11.0,0.0,0.0,7.042856739860179,0.00033909233699004203,0.0006084871694199795,3.957143274668435,TRACKING distance=3.957 heading_error=-0.001 linear=0.350 angular=-0.001 ,False
67.5,1,11.0,0.0,0.0,7.042856739860179,0.00033909233699004203,0.0006084871694199795,3.957143274668435,TRACKING distance=3.957 heading_error=-0.001 linear=0.350 angular=-0.001 ,False
67.60000000000001,1,11.0,0.0,0.0,7.062030764932294,0.00035258416036802,0.0006134835077330315,3.937969250851931,TRACKING distance=3.938 heading_error=-0.001 linear=0.350 angular=-0.001 ,False
67.60000000000001,1,11.0,0.0,0.0,7.062030764932294,0.00035258416036802,0.0006134835077330315,3.937969250851931,TRACKING distance=3.938 heading_error=-0.001 linear=0.350 angular=-0.001 ,False
67.7,1,11.0,0.0,0.0,7.081208943316462,0.0003657424149533181,0.0006222200313754379,3.918791073750985,TRACKING distance=3.919 heading_error=-0.001 linear=0.350 angular=-0.001 ,False
67.7,1,11.0,0.0,0.0,7.081208943316462,0.0003657424149533181,0.0006222200313754379,3.918791073750985,TRACKING distance=3.919 heading_error=-0.001 linear=0.350 angular=-0.001 ,False
67.8,1,11.0,0.0,0.0,7.100385361681957,0.0003782637522798378,0.0006279188569001917,3.8996146566638896,TRACKING distance=3.900 heading_error=-0.001 linear=0.350 angular=-0.001 ,False
67.8,1,11.0,0.0,0.0,7.100385361681957,0.0003782637522798378,0.0006279188569001917,3.8996146566638896,TRACKING distance=3.900 heading_error=-0.001 linear=0.350 angular=-0.001 ,False
67.9,1,11.0,0.0,0.0,7.119562676457733,0.00038834314022540744,0.0006336487308876028,3.8804373429744063,TRACKING distance=3.880 heading_error=-0.001 linear=0.350 angular=-0.001 ,False
67.9,1,11.0,0.0,0.0,7.119562676457733,0.00038834314022540744,0.0006336487308876028,3.8804373429744063,TRACKING distance=3.880 heading_error=-0.001 linear=0.350 angular=-0.001 ,False
68.0,1,11.0,0.0,0.0,7.138738715045638,0.00040177104833346677,0.0006309355435408694,3.8612613058568552,TRACKING distance=3.861 heading_error=-0.001 linear=0.350 angular=-0.001 ,False
68.0,1,11.0,0.0,0.0,7.138738715045638,0.00040177104833346677,0.0006309355435408694,3.8612613058568552,TRACKING distance=3.861 heading_error=-0.001 linear=0.350 angular=-0.001 ,False
68.10000000000001,1,11.0,0.0,0.0,7.1579141313011885,0.00041198870753349735,0.0006400748876488033,3.8420858907876845,TRACKING distance=3.842 heading_error=-0.001 linear=0.350 angular=-0.001 ,False
68.10000000000001,1,11.0,0.0,0.0,7.1579141313011885,0.00041198870753349735,0.0006400748876488033,3.8420858907876845,TRACKING distance=3.842 heading_error=-0.001 linear=0.350 angular=-0.001 ,False
68.2,1,11.0,0.0,0.0,7.177089538939629,0.0004247737989983433,0.0006433617044805476,3.8229104846592468,TRACKING distance=3.823 heading_error=-0.001 linear=0.350 angular=-0.001 ,False
68.2,1,11.0,0.0,0.0,7.177089538939629,0.0004247737989983433,0.0006433617044805476,3.8229104846592468,TRACKING distance=3.823 heading_error=-0.001 linear=0.350 angular=-0.001 ,False
68.3,1,11.0,0.0,0.0,7.196264604058422,0.000437423834218471,0.0006405437182030961,3.8037354210931182,TRACKING distance=3.804 heading_error=-0.001 linear=0.350 angular=-0.001 ,False
68.3,1,11.0,0.0,0.0,7.196264604058422,0.000437423834218471,0.0006405437182030961,3.8037354210931182,TRACKING distance=3.804 heading_error=-0.001 linear=0.350 angular=-0.001 ,False
68.4,1,11.0,0.0,0.0,7.217358049931673,0.0004500898188961737,0.000659824336447682,3.7826419768460195,TRACKING distance=3.785 heading_error=-0.001 linear=0.350 angular=-0.001 ,False
68.4,1,11.0,0.0,0.0,7.217358049931673,0.0004500898188961737,0.000659824336447682,3.7826419768460195,TRACKING distance=3.785 heading_error=-0.001 linear=0.350 angular=-0.001 ,False
68.5,1,11.0,0.0,0.0,7.234613764505362,0.0004638783843529155,0.0006635154553585006,3.7653862640684874,TRACKING distance=3.765 heading_error=-0.001 linear=0.350 angular=-0.001 ,False
68.5,1,11.0,0.0,0.0,7.234613764505362,0.0004638783843529155,0.0006635154553585006,3.7653862640684874,TRACKING distance=3.765 heading_error=-0.001 linear=0.350 angular=-0.001 ,False
68.60000000000001,1,11.0,0.0,0.0,7.255705943181085,0.0004771019126643641,0.0006652280535018074,3.74429408721533,TRACKING distance=3.746 heading_error=-0.001 linear=0.350 angular=-0.001 ,False
68.60000000000001,1,11.0,0.0,0.0,7.255705943181085,0.0004771019126643641,0.0006652280535018074,3.74429408721533,TRACKING distance=3.746 heading_error=-0.001 linear=0.350 angular=-0.001 ,False
68.7,1,11.0,0.0,0.0,7.272964589921735,0.0004895047661428584,0.0006755207547748224,3.7270354422237766,TRACKING distance=3.727 heading_error=-0.001 linear=0.350 angular=-0.001 ,False
68.7,1,11.0,0.0,0.0,7.272964589921735,0.0004895047661428584,0.0006755207547748224,3.7270354422237766,TRACKING distance=3.727 heading_error=-0.001 linear=0.350 angular=-0.001 ,False
68.80000000000001,1,11.0,0.0,0.0,7.292141108575704,0.0005018951111485347,0.0006824351582111281,3.707858925392512,TRACKING distance=3.708 heading_error=-0.001 linear=0.350 angular=-0.001 ,False
68.80000000000001,1,11.0,0.0,0.0,7.292141108575704,0.0005018951111485347,0.0006824351582111281,3.707858925392512,TRACKING distance=3.708 heading_error=-0.001 linear=0.350 angular=-0.001 ,False
68.9,1,11.0,0.0,0.0,7.313231030720535,0.0005179256937835016,0.0006812248901892716,3.6867690056591553,TRACKING distance=3.689 heading_error=-0.001 linear=0.350 angular=-0.001 ,False
68.9,1,11.0,0.0,0.0,7.313231030720535,0.0005179256937835016,0.0006812248901892716,3.6867690056591553,TRACKING distance=3.689 heading_error=-0.001 linear=0.350 angular=-0.001 ,False
69.0,1,11.0,0.0,0.0,7.330491473187632,0.0005292460738079899,0.0006852317839168656,3.669508564978434,TRACKING distance=3.670 heading_error=-0.001 linear=0.350 angular=-0.001 ,False
69.0,1,11.0,0.0,0.0,7.332408152607526,0.0005303811486465364,0.0006880123659488424,3.667591885742456,TRACKING distance=3.670 heading_error=-0.001 linear=0.350 angular=-0.001 ,False
69.10000000000001,1,11.0,0.0,0.0,7.349666520069055,0.0005429173723437414,0.0006945463465706904,3.6503335203052383,TRACKING distance=3.650 heading_error=-0.001 linear=0.350 angular=-0.001 ,False
69.10000000000001,1,11.0,0.0,0.0,7.349666520069055,0.0005429173723437414,0.0006945463465706904,3.6503335203052383,TRACKING distance=3.650 heading_error=-0.001 linear=0.350 angular=-0.001 ,False
69.2,1,11.0,0.0,0.0,7.368843665733169,0.0005541936994251086,0.0006946854254230077,3.631156376557857,TRACKING distance=3.631 heading_error=-0.001 linear=0.350 angular=-0.001 ,False
69.2,1,11.0,0.0,0.0,7.370762846914771,0.0005557835152349549,0.0006973051251421654,3.629237195641736,TRACKING distance=3.631 heading_error=-0.001 linear=0.350 angular=-0.001 ,False
69.30000000000001,1,11.0,0.0,0.0,7.374102024337031,0.000727592663951688,-0.0013842950516648217,3.625898048664345,TRACKING distance=3.626 heading_error=0.001 linear=0.350 angular=0.001 ,False
69.30000000000001,1,11.0,0.0,0.0,7.374102024337031,0.000727592663951688,-0.0013842950516648217,3.625898048664345,TRACKING distance=3.626 heading_error=0.001 linear=0.350 angular=0.001 ,False
69.4,1,11.0,0.0,0.0,7.3745180220371225,0.0011789991915805858,0.0031829782488750043,3.6254821696669137,TRACKING distance=3.625 heading_error=-0.004 linear=0.350 angular=-0.004 ,False
69.4,1,11.0,0.0,0.0,7.374679622219224,0.0011802374952039594,0.003326438230422261,3.6253205698962807,TRACKING distance=3.625 heading_error=-0.004 linear=0.350 angular=-0.004 ,False
69.5,1,11.0,0.0,0.0,7.375867221773306,0.0007900973469812652,-0.0018793590428946548,3.624132864351272,TRACKING distance=3.624 heading_error=0.002 linear=0.350 angular=0.002 ,False
69.5,1,11.0,0.0,0.0,7.375867221773306,0.0007900973469812652,-0.0018793590428946548,3.624132864351272,TRACKING distance=3.624 heading_error=0.002 linear=0.350 angular=0.002 ,False
69.60000000000001,1,11.0,0.0,0.0,7.377600433007305,0.0003806738264516031,-0.0055115133333109734,3.6223995869949834,TRACKING distance=3.622 heading_error=0.005 linear=0.350 angular=0.006 ,False
69.60000000000001,1,11.0,0.0,0.0,7.377842288979692,0.00033843645491612925,-0.005757915722050216,3.62215772683122,TRACKING distance=3.622 heading_error=0.005 linear=0.350 angular=0.006 ,False
69.7,1,11.0,0.0,0.0,7.380766706569745,0.000677639924671601,-0.0001406937711759324,3.6192333568685338,TRACKING distance=3.619 heading_error=-0.000 linear=0.350 angular=-0.000 ,False
69.7,1,11.0,0.0,0.0,7.380766706569745,0.000677639924671601,-0.0001406937711759324,3.6192333568685338,TRACKING distance=3.619 heading_error=-0.000 linear=0.350 angular=-0.000 ,False
69.80000000000001,1,11.0,0.0,0.0,7.384135406442993,0.0010938684383630711,0.0028830198277850884,3.615864759015102,TRACKING distance=3.616 heading_error=-0.003 linear=0.350 angular=-0.004 ,False
69.80000000000001,1,11.0,0.0,0.0,7.384135406442993,0.0010938684383630711,0.0028830198277850884,3.615864759015102,TRACKING distance=3.616 heading_error=-0.003 linear=0.350 angular=-0.004 ,False
69.9,1,11.0,0.0,0.0,7.389869342268033,0.001514831788211166,0.004985234281031398,3.610130975548061,TRACKING distance=3.610 heading_error=-0.005 linear=0.350 angular=-0.006 ,False
69.9,1,11.0,0.0,0.0,7.389869342268033,0.001514831788211166,0.004985234281031398,3.610130975548061,TRACKING distance=3.610 heading_error=-0.005 linear=0.350 angular=-0.006 ,False
70.0,1,11.0,0.0,0.0,7.3955203340937095,0.00030618071528682334,-0.007238787415082868,3.604479678910474,TRACKING distance=3.604 heading_error=0.007 linear=0.350 angular=0.009 ,False
70.0,1,11.0,0.0,0.0,7.396071717251343,0.00017679301111976002,-0.008542959144123698,3.6039282870850045,TRACKING distance=3.604 heading_error=0.007 linear=0.350 angular=0.009 ,False
70.10000000000001,1,11.0,0.0,0.0,7.402516598149067,-0.0007695569989180538,-0.016257824787261895,3.597483484160968,TRACKING distance=3.597 heading_error=0.016 linear=0.350 angular=0.020 ,False
70.10000000000001,1,11.0,0.0,0.0,7.402516598149067,-0.0007695569989180538,-0.016257824787261895,3.597483484160968,TRACKING distance=3.597 heading_error=0.016 linear=0.350 angular=0.020 ,False
70.2,1,11.0,0.0,0.0,7.4127036812711475,-0.0009037556903364797,-0.016614052995682242,3.5872964325714602,TRACKING distance=3.587 heading_error=0.017 linear=0.350 angular=0.020 ,False
70.2,1,11.0,0.0,0.0,7.4137799768217265,-0.0007639770536945,-0.015044523641501484,3.5862201045537785,TRACKING distance=3.587 heading_error=0.017 linear=0.350 angular=0.020 ,False
70.30000000000001,1,11.0,0.0,0.0,7.42350803801464,0.00039974377534495153,0.0021586315183955967,3.5764919843249996,TRACKING distance=3.576 heading_error=-0.002 linear=0.350 angular=-0.003 ,False
70.30000000000001,1,11.0,0.0,0.0,7.42350803801464,0.00039974377534495153,0.0021586315183955967,3.5764919843249996,TRACKING distance=3.576 heading_error=-0.002 linear=0.350 angular=-0.003 ,False
70.4,1,11.0,0.0,0.0,7.433710723493759,0.0004511621380848146,0.0018845269324226739,3.5662893050439255,TRACKING distance=3.566 heading_error=-0.002 linear=0.350 angular=-0.002 ,False
70.4,1,11.0,0.0,0.0,7.433710723493759,0.0004511621380848146,0.0018845269324226739,3.5662893050439255,TRACKING distance=3.566 heading_error=-0.002 linear=0.350 angular=-0.002 ,False
70.5,1,11.0,0.0,0.0,7.443435904079531,0.0005395964096361095,0.002525063987649333,3.556564136853835,TRACKING distance=3.557 heading_error=-0.003 linear=0.350 angular=-0.003 ,False
70.5,1,11.0,0.0,0.0,7.443435904079531,0.0005395964096361095,0.002525063987649333,3.556564136853835,TRACKING distance=3.557 heading_error=-0.003 linear=0.350 angular=-0.003 ,False
70.60000000000001,1,11.0,0.0,0.0,7.452846131321523,0.0007673353296158162,0.004669147484524179,3.5471539516750887,TRACKING distance=3.547 heading_error=-0.005 linear=0.350 angular=-0.006 ,False
70.60000000000001,1,11.0,0.0,0.0,7.452846131321523,0.0007673353296158162,0.004669147484524179,3.5471539516750887,TRACKING distance=3.547 heading_error=-0.005 linear=0.350 angular=-0.006 ,False
70.7,1,11.0,0.0,0.0,7.461736266269978,0.000890913194819781,0.004978432099940058,3.5382638458932707,TRACKING distance=3.538 heading_error=-0.005 linear=0.350 angular=-0.006 ,False
70.7,1,11.0,0.0,0.0,7.461736266269978,0.000890913194819781,0.004978432099940058,3.5382638458932707,TRACKING distance=3.538 heading_error=-0.005 linear=0.350 angular=-0.006 ,False
70.80000000000001,1,11.0,0.0,0.0,7.4699258057278675,0.0009791314232116015,0.005262696263268947,3.5300743300622424,TRACKING distance=3.530 heading_error=-0.006 linear=0.350 angular=-0.007 ,False
70.80000000000001,1,11.0,0.0,0.0,7.47069462713298,0.000997696492030852,0.0057731289226012495,3.5293055138860256,TRACKING distance=3.530 heading_error=-0.006 linear=0.350 angular=-0.007 ,False
70.9,1,11.0,0.0,0.0,7.477227237848845,0.0010683275437239814,0.006095571893100522,3.522772924143397,TRACKING distance=3.523 heading_error=-0.006 linear=0.350 angular=-0.008 ,False
70.9,1,11.0,0.0,0.0,7.477905056921811,0.0010793514127350173,0.006107332469313536,3.5220951084626355,TRACKING distance=3.523 heading_error=-0.006 linear=0.350 angular=-0.008 ,False
71.0,1,11.0,0.0,0.0,7.483363015185118,0.001105852306938855,0.0061275890480898395,3.516637158689709,TRACKING distance=3.517 heading_error=-0.006 linear=0.350 angular=-0.008 ,False
71.0,1,11.0,0.0,0.0,7.483905897414323,0.0010847399799006417,0.0025246571582067624,3.516094269910663,TRACKING distance=3.517 heading_error=-0.006 linear=0.350 angular=-0.008 ,False
71.10000000000001,1,11.0,0.0,0.0,7.48799863952833,0.001110874122510454,-3.134418174161103,3.512001536160851,TRACKING distance=3.512 heading_error=3.134 linear=0.000 angular=0.550 ,False
71.10000000000001,1,11.0,0.0,0.0,7.48799863952833,0.001110874122510454,-3.134418174161103,3.512001536160851,TRACKING distance=3.512 heading_error=3.134 linear=0.000 angular=0.550 ,False
71.2,1,11.0,0.0,0.0,7.4833675901409045,0.0013192791971778082,3.132592905229841,3.5166326573256113,TRACKING distance=3.517 heading_error=-3.133 linear=0.000 angular=-0.550 ,False
71.2,1,11.0,0.0,0.0,7.4833675901409045,0.0013192791971778082,3.132592905229841,3.5166326573256113,TRACKING distance=3.517 heading_error=-3.133 linear=0.000 angular=-0.550 ,False
71.30000000000001,1,11.0,0.0,0.0,7.468474888515022,0.00010246459033783745,-3.1358147206557065,3.531525112971445,TRACKING distance=3.532 heading_error=3.136 linear=0.000 angular=0.550 ,False
71.30000000000001,1,11.0,0.0,0.0,7.468474888515022,0.00010246459033783745,-3.1358147206557065,3.531525112971445,TRACKING distance=3.532 heading_error=3.136 linear=0.000 angular=0.550 ,False
71.4,1,11.0,0.0,0.0,7.451964469592578,-0.0005861076880346087,-3.11668201351252,3.5480355788176214,TRACKING distance=3.548 heading_error=3.117 linear=0.000 angular=0.550 ,False
71.4,1,11.0,0.0,0.0,7.451964469592578,-0.0005861076880346087,-3.11668201351252,3.5480355788176214,TRACKING distance=3.548 heading_error=3.117 linear=0.000 angular=0.550 ,False
71.5,1,11.0,0.0,0.0,7.430508582179248,0.0033806799559178073,-3.1174343027186397,3.5694930187483167,TRACKING distance=3.569 heading_error=3.116 linear=0.000 angular=0.550 ,False
71.5,1,11.0,0.0,0.0,7.430508582179248,0.0033806799559178073,-3.1174343027186397,3.5694930187483167,TRACKING distance=3.569 heading_error=3.116 linear=0.000 angular=0.550 ,False
71.60000000000001,1,11.0,0.0,0.0,7.4122261711751305,0.005863129865039803,-3.1163129584995,3.5877786195768095,TRACKING distance=3.588 heading_error=3.115 linear=0.000 angular=0.550 ,False
71.60000000000001,1,11.0,0.0,0.0,7.411146118685858,0.006195583337889714,-3.116097944534598,3.5888592291529737,TRACKING distance=3.588 heading_error=3.115 linear=0.000 angular=0.550 ,False
71.7,1,11.0,0.0,0.0,7.3952140638955175,0.00928419468275163,-3.1133426138858624,3.6047978918945756,TRACKING distance=3.605 heading_error=3.111 linear=0.000 angular=0.550 ,False
71.7,1,11.0,0.0,0.0,7.3952140638955175,0.00928419468275163,-3.1133426138858624,3.6047978918945756,TRACKING distance=3.605 heading_error=3.111 linear=0.000 angular=0.550 ,False
71.80000000000001,1,11.0,0.0,0.0,7.387941071599192,0.01232179389300926,-3.1089461324862477,3.6120799449686514,TRACKING distance=3.612 heading_error=3.106 linear=0.000 angular=0.550 ,False
71.80000000000001,1,11.0,0.0,0.0,7.387941071599192,0.01232179389300926,-3.1089461324862477,3.6120799449686514,TRACKING distance=3.612 heading_error=3.106 linear=0.000 angular=0.550 ,False
71.9,1,11.0,0.0,0.0,7.381746981742038,0.015619771546115236,-3.103706859569495,3.6182867328883717,TRACKING distance=3.618 heading_error=3.099 linear=0.000 angular=0.550 ,False
71.9,1,11.0,0.0,0.0,7.381550769608655,0.015977058263027148,-3.1031674328430343,3.618484503118738,TRACKING distance=3.618 heading_error=3.099 linear=0.000 angular=0.550 ,False
72.0,1,11.0,0.0,0.0,7.3857807680400684,0.019041195639988635,-3.0983845981390608,3.6142693900428116,TRACKING distance=3.614 heading_error=3.093 linear=0.000 angular=0.550 ,False
72.0,1,11.0,0.0,0.0,7.386338347790053,0.01935907741463696,-3.0978748264435914,3.613713506980191,TRACKING distance=3.614 heading_error=3.093 linear=0.000 angular=0.550 ,False
72.10000000000001,1,11.0,0.0,0.0,7.391708256161607,0.022911348989419156,-3.09366199776504,3.6083644824996304,TRACKING distance=3.608 heading_error=3.087 linear=0.000 angular=0.550 ,False
72.10000000000001,1,11.0,0.0,0.0,7.391708256161607,0.022911348989419156,-3.09366199776504,3.6083644824996304,TRACKING distance=3.608 heading_error=3.087 linear=0.000 angular=0.550 ,False
72.2,1,11.0,0.0,0.0,7.406277696415271,0.02716186346710327,-3.0903349788721703,3.5938249487293255,TRACKING distance=3.594 heading_error=3.083 linear=0.000 angular=0.550 ,False
72.2,1,11.0,0.0,0.0,7.406277696415271,0.02716186346710327,-3.0903349788721703,3.5938249487293255,TRACKING distance=3.594 heading_error=3.083 linear=0.000 angular=0.550 ,False
72.30000000000001,1,11.0,0.0,0.0,7.423115375636909,0.03225804213944739,-3.090311032687794,3.5770300805679227,TRACKING distance=3.577 heading_error=3.081 linear=0.000 angular=0.550 ,False
72.30000000000001,1,11.0,0.0,0.0,7.423115375636909,0.03225804213944739,-3.090311032687794,3.5770300805679227,TRACKING distance=3.577 heading_error=3.081 linear=0.000 angular=0.550 ,False
72.4,1,11.0,0.0,0.0,7.4327839452563715,0.03560202989256831,-3.1170639696691413,3.5673937105053555,TRACKING distance=3.567 heading_error=3.107 linear=0.000 angular=0.550 ,False
72.4,1,11.0,0.0,0.0,7.4327839452563715,0.03560202989256831,-3.1170639696691413,3.5673937105053555,TRACKING distance=3.567 heading_error=3.107 linear=0.000 angular=0.550 ,False
72.5,1,11.0,0.0,0.0,7.442558796432375,0.03893428560083124,3.1054804391398894,3.5576542546228294,TRACKING distance=3.558 heading_error=-3.116 linear=0.000 angular=-0.550 ,False
72.5,1,11.0,0.0,0.0,7.443458693607818,0.03902612950095957,3.1013141316998474,3.556755417913584,TRACKING distance=3.558 heading_error=-3.116 linear=0.000 angular=-0.550 ,False
72.60000000000001,1,11.0,0.0,0.0,7.450620306998448,0.037918063858019505,3.090462734807166,3.5495822267780377,TRACKING distance=3.550 heading_error=-3.101 linear=0.000 angular=-0.550 ,False
72.60000000000001,1,11.0,0.0,0.0,7.450620306998448,0.037918063858019505,3.090462734807166,3.5495822267780377,TRACKING distance=3.550 heading_error=-3.101 linear=0.000 angular=-0.550 ,False
72.7,1,11.0,0.0,0.0,7.456552042528008,0.03272636397784367,-3.1068404033987242,3.543599080343548,TRACKING distance=3.544 heading_error=3.098 linear=0.000 angular=0.550 ,False
72.7,1,11.0,0.0,0.0,7.456552042528008,0.03272636397784367,-3.1068404033987242,3.543599080343548,TRACKING distance=3.544 heading_error=3.098 linear=0.000 angular=0.550 ,False
72.80000000000001,1,11.0,0.0,0.0,7.4655508898148755,0.02589939800866079,-2.8736162187544103,3.534544000476671,TRACKING distance=3.535 heading_error=2.866 linear=0.000 angular=0.550 ,False
72.80000000000001,1,11.0,0.0,0.0,7.466572618671986,0.025391994637617318,-2.849800509139248,3.533518616409177,TRACKING distance=3.535 heading_error=2.866 linear=0.000 angular=0.550 ,False
72.9,1,11.0,0.0,0.0,7.473781044079469,0.02297162839016482,-2.6688920925064927,3.5262937797075526,TRACKING distance=3.526 heading_error=2.662 linear=0.000 angular=0.550 ,False
72.9,1,11.0,0.0,0.0,7.473781044079469,0.02297162839016482,-2.6688920925064927,3.5262937797075526,TRACKING distance=3.526 heading_error=2.662 linear=0.000 angular=0.550 ,False
73.0,1,11.0,0.0,0.0,7.476875429990377,0.023641556518814492,-2.6152944961465354,3.5232038912047257,TRACKING distance=3.523 heading_error=2.609 linear=0.000 angular=0.550 ,False
73.0,1,11.0,0.0,0.0,7.476875429990377,0.023641556518814492,-2.6152944961465354,3.5232038912047257,TRACKING distance=3.523 heading_error=2.609 linear=0.000 angular=0.550 ,False
73.10000000000001,1,11.0,0.0,0.0,7.477407126737967,0.028318216955936146,-2.8256566916345007,3.52270669686933,TRACKING distance=3.523 heading_error=2.787 linear=0.000 angular=0.550 ,False
73.10000000000001,1,11.0,0.0,0.0,7.477407126737967,0.028318216955936146,-2.8256566916345007,3.52270669686933,TRACKING distance=3.523 heading_error=2.787 linear=0.000 angular=0.550 ,False
73.10000000000001,1,6.138378253263774,-0.3154637940840612,-2.8864903320968756,7.475978233311901,0.033360944570641496,-3.087396608551432,1.3823358509863917,OBJECT_GOAL_PUBLISHED,
73.2,1,6.138378253263774,-0.3154637940840612,-2.8864903320968756,7.472843675391737,0.035154795666195025,3.1023183221830903,1.379757717258223,TRACKING distance=3.526 heading_error=-3.140 linear=0.000 angular=-0.550 ,False
73.2,1,6.138378253263774,-0.3154637940840612,-2.8864903320968756,7.472843675391737,0.035154795666195025,3.1023183221830903,1.379757717258223,TRACKING distance=3.526 heading_error=-3.140 linear=0.000 angular=-0.550 ,False
73.2,1,6.138378253263774,-0.3154637940840612,-2.8864903320968756,7.472843675391737,0.035154795666195025,3.1023183221830903,1.379757717258223,GOAL_RECEIVED frame=odom x=6.138 y=-0.315,False
73.30000000000001,1,6.138378253263774,-0.3154637940840612,-2.8864903320968756,7.462668706243193,0.03858222196335432,2.9661758960569395,1.370800417760179,TRACKING distance=1.371 heading_error=0.437 linear=0.350 angular=0.524 ,False
73.30000000000001,1,6.138378253263774,-0.3154637940840612,-2.8864903320968756,7.462668706243193,0.03858222196335432,2.9661758960569395,1.370800417760179,TRACKING distance=1.371 heading_error=0.437 linear=0.350 angular=0.524 ,False
73.4,1,6.138378253263774,-0.3154637940840612,-2.8864903320968756,7.449778425048769,0.038726875731768154,2.976805170432611,1.3583892818858299,TRACKING distance=1.358 heading_error=0.429 linear=0.350 angular=0.514 ,False
73.4,1,6.138378253263774,-0.3154637940840612,-2.8864903320968756,7.448392090366056,0.038526278082454055,2.983643347856228,1.3569986089130304,TRACKING distance=1.358 heading_error=0.429 linear=0.350 angular=0.514 ,False
73.5,1,6.138378253263774,-0.3154637940840612,-2.8864903320968756,7.437674071218577,0.03507233990100392,3.0737663286963883,1.3457507955725074,TRACKING distance=1.346 heading_error=0.331 linear=0.350 angular=0.398 ,False
73.5,1,6.138378253263774,-0.3154637940840612,-2.8864903320968756,7.437674071218577,0.03507233990100392,3.0737663286963883,1.3457507955725074,TRACKING distance=1.346 heading_error=0.331 linear=0.350 angular=0.398 ,False
73.60000000000001,1,6.138378253263774,-0.3154637940840612,-2.8864903320968756,7.431777346389777,0.02814331110858755,-3.0831686689659414,1.3382627009814025,TRACKING distance=1.338 heading_error=0.201 linear=0.350 angular=0.241 ,False
73.60000000000001,1,6.138378253263774,-0.3154637940840612,-2.8864903320968756,7.432281100666337,0.027497468876938623,-3.0737372099257962,1.3385839556816244,TRACKING distance=1.338 heading_error=0.201 linear=0.350 angular=0.241 ,False
73.7,1,6.138378253263774,-0.3154637940840612,-2.8864903320968756,7.439924466706405,0.023452917246073547,-3.0306683131205414,1.3449487287423576,TRACKING distance=1.345 heading_error=0.144 linear=0.350 angular=0.173 ,False
73.7,1,6.138378253263774,-0.3154637940840612,-2.8864903320968756,7.439924466706405,0.023452917246073547,-3.0306683131205414,1.3449487287423576,TRACKING distance=1.345 heading_error=0.144 linear=0.350 angular=0.173 ,False
73.80000000000001,1,6.138378253263774,-0.3154637940840612,-2.8864903320968756,7.429802125970743,0.019786415249848918,-3.016055979774563,1.33422948620389,TRACKING distance=1.334 heading_error=0.128 linear=0.350 angular=0.154 ,False
73.80000000000001,1,6.138378253263774,-0.3154637940840612,-2.8864903320968756,7.4280735684066075,0.019407357510164782,-3.014500139828246,1.3324611416740888,TRACKING distance=1.334 heading_error=0.128 linear=0.350 angular=0.154 ,False
73.9,1,6.138378253263774,-0.3154637940840612,-2.8864903320968756,7.419218426803974,0.016281508349291856,-3.001487849971635,1.323104869555353,TRACKING distance=1.323 heading_error=0.113 linear=0.350 angular=0.136 ,False
73.9,1,6.138378253263774,-0.3154637940840612,-2.8864903320968756,7.4198158678191675,0.016047059459345443,-2.999983893995754,1.3236244958501242,TRACKING distance=1.323 heading_error=0.113 linear=0.350 angular=0.136 ,False
74.0,1,6.138378253263774,-0.3154637940840612,-2.8864903320968756,7.416016543178001,0.012519766111974997,-2.9828473380835465,1.3190651294056022,TRACKING distance=1.319 heading_error=0.093 linear=0.350 angular=0.111 ,False
74.0,1,6.138378253263774,-0.3154637940840612,-2.8864903320968756,7.416016543178001,0.012519766111974997,-2.9828473380835465,1.3190651294056022,TRACKING distance=1.319 heading_error=0.093 linear=0.350 angular=0.111 ,False
74.10000000000001,1,6.138378253263774,-0.3154637940840612,-2.8864903320968756,7.420623500133254,0.009120250893052042,-2.9575146730197193,1.3226895612248093,TRACKING distance=1.323 heading_error=0.064 linear=0.350 angular=0.077 ,False
74.10000000000001,1,6.138378253263774,-0.3154637940840612,-2.8864903320968756,7.42142942301419,0.008814395690857667,-2.9544334041969984,1.3233958774915422,TRACKING distance=1.323 heading_error=0.064 linear=0.350 angular=0.077 ,False
74.2,1,6.138378253263774,-0.3154637940840612,-2.8864903320968756,7.427522467076097,0.005489149645421055,-2.9179235989113503,1.3284967429747099,TRACKING distance=1.328 heading_error=0.020 linear=0.350 angular=0.024 ,False
74.2,1,6.138378253263774,-0.3154637940840612,-2.8864903320968756,7.4287136168395955,0.005072033945730332,-2.9129526053483317,1.3295520176153666,TRACKING distance=1.328 heading_error=0.020 linear=0.350 angular=0.024 ,False
74.30000000000001,1,6.138378253263774,-0.3154637940840612,-2.8864903320968756,7.449403085298271,0.0037597328106423263,-2.8757953279531683,1.349329378000114,TRACKING distance=1.349 heading_error=-0.027 linear=0.350 angular=-0.032 ,False
74.30000000000001,1,6.138378253263774,-0.3154637940840612,-2.8864903320968756,7.449403085298271,0.0037597328106423263,-2.8757953279531683,1.349329378000114,TRACKING distance=1.349 heading_error=-0.027 linear=0.350 angular=-0.032 ,False
74.4,1,6.138378253263774,-0.3154637940840612,-2.8864903320968756,7.454886937946967,0.005731371738586613,-2.884286190875839,1.3551241461187644,TRACKING distance=1.355 heading_error=-0.018 linear=0.350 angular=-0.022 ,False
74.4,1,6.138378253263774,-0.3154637940840612,-2.8864903320968756,7.455109054434725,0.006025663837240113,-2.887518531689813,1.3554097071759623,TRACKING distance=1.355 heading_error=-0.018 linear=0.350 angular=-0.022 ,False
74.5,1,6.138378253263774,-0.3154637940840612,-2.8864903320968756,7.456077914704496,0.009045868080258358,-2.917214743358782,1.357069975572002,TRACKING distance=1.357 heading_error=0.017 linear=0.350 angular=0.021 ,False
74.5,1,6.138378253263774,-0.3154637940840612,-2.8864903320968756,7.456077914704496,0.009045868080258358,-2.917214743358782,1.357069975572002,TRACKING distance=1.357 heading_error=0.017 linear=0.350 angular=0.021 ,False
74.60000000000001,1,6.138378253263774,-0.3154637940840612,-2.8864903320968756,7.453677307607461,0.01547150462530573,-3.00364798306266,1.356292658053289,TRACKING distance=1.356 heading_error=0.109 linear=0.350 angular=0.130 ,False
74.60000000000001,1,6.138378253263774,-0.3154637940840612,-2.8864903320968756,7.453677307607461,0.01547150462530573,-3.00364798306266,1.356292658053289,TRACKING distance=1.356 heading_error=0.109 linear=0.350 angular=0.130 ,False
74.7,1,6.138378253263774,-0.3154637940840612,-2.8864903320968756,7.449198565223653,0.025057285312016897,-3.13694994413029,1.3543280606114843,TRACKING distance=1.354 heading_error=0.250 linear=0.350 angular=0.299 ,False
74.7,1,6.138378253263774,-0.3154637940840612,-2.8864903320968756,7.449198565223653,0.025057285312016897,-3.13694994413029,1.3543280606114843,TRACKING distance=1.354 heading_error=0.250 linear=0.350 angular=0.299 ,False
74.80000000000001,1,6.138378253263774,-0.3154637940840612,-2.8864903320968756,7.447984898738886,0.03555806583423758,3.007162887408412,1.3558340281955892,TRACKING distance=1.356 heading_error=0.396 linear=0.350 angular=0.476 ,False
74.80000000000001,1,6.138378253263774,-0.3154637940840612,-2.8864903320968756,7.448082712796214,0.036610625596913894,2.9939431169158706,1.3562013745431973,TRACKING distance=1.356 heading_error=0.396 linear=0.350 angular=0.476 ,False
74.9,1,6.138378253263774,-0.3154637940840612,-2.8864903320968756,7.445364435188846,0.04449224104472961,2.8906419111426365,1.3556478993340115,TRACKING distance=1.356 heading_error=0.520 linear=0.350 angular=0.550 ,False
74.9,1,6.138378253263774,-0.3154637940840612,-2.8864903320968756,7.445364435188846,0.04449224104472961,2.8906419111426365,1.3556478993340115,TRACKING distance=1.356 heading_error=0.520 linear=0.350 angular=0.550 ,False
75.0,1,6.138378253263774,-0.3154637940840612,-2.8864903320968756,7.441572875772067,0.05039968038189891,2.8244209836344503,1.3535775951465943,TRACKING distance=1.354 heading_error=0.591 linear=0.350 angular=0.550 ,False
75.0,1,6.138378253263774,-0.3154637940840612,-2.8864903320968756,7.441572875772067,0.05039968038189891,2.8244209836344503,1.3535775951465943,TRACKING distance=1.354 heading_error=0.591 linear=0.350 angular=0.550 ,False
75.10000000000001,1,6.138378253263774,-0.3154637940840612,-2.8864903320968756,7.438254701266646,0.05618144114799416,2.7882647881952294,1.3519611536369134,TRACKING distance=1.352 heading_error=0.632 linear=0.350 angular=0.550 ,False
75.10000000000001,1,6.138378253263774,-0.3154637940840612,-2.8864903320968756,7.438254701266646,0.05618144114799416,2.7882647881952294,1.3519611536369134,TRACKING distance=1.352 heading_error=0.632 linear=0.350 angular=0.550 ,False
75.2,1,6.138378253263774,-0.3154637940840612,-2.8864903320968756,7.435460350107166,0.06097766140118256,2.754816558979804,1.3506036188902726,TRACKING distance=1.351 heading_error=0.669 linear=0.350 angular=0.550 ,False
75.2,1,6.138378253263774,-0.3154637940840612,-2.8864903320968756,7.435460350107166,0.06097766140118256,2.754816558979804,1.3506036188902726,TRACKING distance=1.351 heading_error=0.669 linear=0.350 angular=0.550 ,False
75.30000000000001,1,6.138378253263774,-0.3154637940840612,-2.8864903320968756,7.435707956952366,0.06528495379214262,2.7144267496676924,1.3520480646345483,TRACKING distance=1.352 heading_error=0.713 linear=0.000 angular=0.550 ,False
75.30000000000001,1,6.138378253263774,-0.3154637940840612,-2.8864903320968756,7.435707956952366,0.06528495379214262,2.7144267496676924,1.3520480646345483,TRACKING distance=1.352 heading_error=0.713 linear=0.000 angular=0.550 ,False
75.4,1,6.138378253263774,-0.3154637940840612,-2.8864903320968756,7.434848342268005,0.06798288366985673,2.694238594090689,1.3519859638188392,TRACKING distance=1.352 heading_error=0.735 linear=0.000 angular=0.550 ,False
75.4,1,6.138378253263774,-0.3154637940840612,-2.8864903320968756,7.434604129885409,0.06810966677069803,2.6938972495976365,1.3517877507566138,TRACKING distance=1.352 heading_error=0.735 linear=0.000 angular=0.550 ,False
75.5,1,6.138378253263774,-0.3154637940840612,-2.8864903320968756,7.432921967567283,0.06881392146430482,2.6962635812897306,1.3503750556455771,TRACKING distance=1.350 heading_error=0.734 linear=0.000 angular=0.550 ,False
75.5,1,6.138378253263774,-0.3154637940840612,-2.8864903320968756,7.432921967567283,0.06881392146430482,2.6962635812897306,1.3503750556455771,TRACKING distance=1.350 heading_error=0.734 linear=0.000 angular=0.550 ,False
75.60000000000001,1,6.138378253263774,-0.3154637940840612,-2.8864903320968756,7.432719431261232,0.06961402572775426,2.690099678104059,1.3504088315657847,TRACKING distance=1.350 heading_error=0.741 linear=0.000 angular=0.550 ,False
75.60000000000001,1,6.138378253263774,-0.3154637940840612,-2.8864903320968756,7.432719431261232,0.06961402572775426,2.690099678104059,1.3504088315657847,TRACKING distance=1.350 heading_error=0.741 linear=0.000 angular=0.550 ,False
75.7,1,6.138378253263774,-0.3154637940840612,-2.8864903320968756,7.432316694168354,0.07080228523296249,2.673822849825034,1.350362237653853,TRACKING distance=1.350 heading_error=0.758 linear=0.000 angular=0.550 ,False
75.7,1,6.138378253263774,-0.3154637940840612,-2.8864903320968756,7.432267182263566,0.07088768594726803,2.672424197503337,1.3503392265318477,TRACKING distance=1.350 heading_error=0.758 linear=0.000 angular=0.550 ,False
75.80000000000001,1,6.138378253263774,-0.3154637940840612,-2.8864903320968756,7.430151131639752,0.07026187846425928,2.6732225790782835,1.3481325838991556,TRACKING distance=1.348 heading_error=0.759 linear=0.000 angular=0.550 ,False
75.80000000000001,1,6.138378253263774,-0.3154637940840612,-2.8864903320968756,7.430151131639752,0.07026187846425928,2.6732225790782835,1.3481325838991556,TRACKING distance=1.348 heading_error=0.759 linear=0.000 angular=0.550 ,False
75.9,1,6.138378253263774,-0.3154637940840612,-2.8864903320968756,7.424607092564647,0.06662391429541009,2.7035689307138493,1.3417807734290823,TRACKING distance=1.342 heading_error=0.727 linear=0.000 angular=0.550 ,False
75.9,1,6.138378253263774,-0.3154637940840612,-2.8864903320968756,7.424607092564647,0.06662391429541009,2.7035689307138493,1.3417807734290823,TRACKING distance=1.342 heading_error=0.727 linear=0.000 angular=0.550 ,False
76.0,1,6.138378253263774,-0.3154637940840612,-2.8864903320968756,7.425903797189903,0.06161685937975744,2.746006004489969,1.3416079328473636,TRACKING distance=1.341 heading_error=0.684 linear=0.350 angular=0.550 ,False
76.0,1,6.138378253263774,-0.3154637940840612,-2.8864903320968756,7.425903797189903,0.06161685937975744,2.746006004489969,1.3416079328473636,TRACKING distance=1.341 heading_error=0.684 linear=0.350 angular=0.550 ,False
76.10000000000001,1,6.138378253263774,-0.3154637940840612,-2.8864903320968756,7.428594009407046,0.05752885295926068,2.7690652018715523,1.3430488495020352,TRACKING distance=1.343 heading_error=0.654 linear=0.350 angular=0.550 ,False
76.10000000000001,1,6.138378253263774,-0.3154637940840612,-2.8864903320968756,7.428594009407046,0.05752885295926068,2.7690652018715523,1.3430488495020352,TRACKING distance=1.343 heading_error=0.654 linear=0.350 angular=0.550 ,False
76.2,1,6.138378253263774,-0.3154637940840612,-2.8864903320968756,7.430688173113906,0.05171493818988344,2.8035437806061925,1.343460140970828,TRACKING distance=1.343 heading_error=0.615 linear=0.350 angular=0.550 ,False
76.2,1,6.138378253263774,-0.3154637940840612,-2.8864903320968756,7.430688173113906,0.05171493818988344,2.8035437806061925,1.343460140970828,TRACKING distance=1.343 heading_error=0.615 linear=0.350 angular=0.550 ,False
76.30000000000001,1,6.138378253263774,-0.3154637940840612,-2.8864903320968756,7.436018756240331,0.042597352904948926,2.883607384552821,1.3461347109217328,TRACKING distance=1.346 heading_error=0.527 linear=0.350 angular=0.550 ,False
76.30000000000001,1,6.138378253263774,-0.3154637940840612,-2.8864903320968756,7.436018756240331,0.042597352904948926,2.883607384552821,1.3461347109217328,TRACKING distance=1.346 heading_error=0.527 linear=0.350 angular=0.550 ,False
76.4,1,6.138378253263774,-0.3154637940840612,-2.8864903320968756,7.446942340564584,0.03080602022332774,3.0068454271076703,1.3536036180780084,TRACKING distance=1.354 heading_error=0.393 linear=0.350 angular=0.472 ,False
76.4,1,6.138378253263774,-0.3154637940840612,-2.8864903320968756,7.446541689064353,0.02956098481314161,3.020501234207313,1.3528982492481243,TRACKING distance=1.354 heading_error=0.393 linear=0.350 angular=0.472 ,False
76.5,1,6.138378253263774,-0.3154637940840612,-2.8864903320968756,7.4497565705574385,0.015708101764693227,-3.1337193122707205,1.3525486740476371,TRACKING distance=1.353 heading_error=0.239 linear=0.350 angular=0.287 ,False
76.5,1,6.138378253263774,-0.3154637940840612,-2.8864903320968756,7.450562357789696,0.01464874223892335,-3.1182317741651886,1.3530711033822616,TRACKING distance=1.353 heading_error=0.239 linear=0.350 angular=0.287 ,False
76.60000000000001,1,6.138378253263774,-0.3154637940840612,-2.8864903320968756,7.453694712767108,0.005900188371787921,-2.9785691396255367,1.3540059814713779,TRACKING distance=1.354 heading_error=0.077 linear=0.350 angular=0.092 ,False
76.60000000000001,1,6.138378253263774,-0.3154637940840612,-2.8864903320968756,7.453942878202572,0.00501606697592271,-2.9650537417128096,1.35403752670869,TRACKING distance=1.354 heading_error=0.077 linear=0.350 angular=0.092 ,False
76.7,1,6.138378253263774,-0.3154637940840612,-2.8864903320968756,7.453958832190775,-0.001313073893881998,-2.869577184702478,1.3525690128957975,TRACKING distance=1.353 heading_error=-0.038 linear=0.350 angular=-0.045 ,False
76.7,1,6.138378253263774,-0.3154637940840612,-2.8864903320968756,7.453958832190775,-0.001313073893881998,-2.869577184702478,1.3525690128957975,TRACKING distance=1.353 heading_error=-0.038 linear=0.350 angular=-0.045 ,False
76.80000000000001,1,6.138378253263774,-0.3154637940840612,-2.8864903320968756,7.451229041281402,-0.005014040365291375,-2.825669211273547,1.3490575381289531,TRACKING distance=1.349 heading_error=-0.084 linear=0.350 angular=-0.100 ,False
76.80000000000001,1,6.138378253263774,-0.3154637940840612,-2.8864903320968756,7.450851617843361,-0.005170778834873439,-2.8248265165365902,1.348654176593575,TRACKING distance=1.349 heading_error=-0.084 linear=0.350 angular=-0.100 ,False
76.9,1,6.138378253263774,-0.3154637940840612,-2.8864903320968756,7.445215686517925,-0.005086316384185685,-2.841788780271963,1.3431895829024418,TRACKING distance=1.343 heading_error=-0.067 linear=0.350 angular=-0.080 ,False
76.9,1,6.138378253263774,-0.3154637940840612,-2.8864903320968756,7.445215686517925,-0.005086316384185685,-2.841788780271963,1.3431895829024418,TRACKING distance=1.343 heading_error=-0.067 linear=0.350 angular=-0.080 ,False
77.0,1,6.138378253263774,-0.3154637940840612,-2.8864903320968756,7.437858307745782,-0.0025219517493037915,-2.891184324138419,1.3366304682598087,TRACKING distance=1.337 heading_error=-0.014 linear=0.350 angular=-0.017 ,False
77.0,1,6.138378253263774,-0.3154637940840612,-2.8864903320968756,7.43721969442721,-0.0020060554141813703,-2.895593942060991,1.3361305487172823,TRACKING distance=1.337 heading_error=-0.014 linear=0.350 angular=-0.017 ,False
77.10000000000001,1,6.138378253263774,-0.3154637940840612,-2.8864903320968756,7.432379609985261,0.002096012989042291,-2.9289775288637805,1.3323977417668327,TRACKING distance=1.332 heading_error=0.028 linear=0.350 angular=0.034 ,False
77.10000000000001,1,6.138378253263774,-0.3154637940840612,-2.8864903320968756,7.432379609985261,0.002096012989042291,-2.9289775288637805,1.3323977417668327,TRACKING distance=1.332 heading_error=0.028 linear=0.350 angular=0.034 ,False
77.2,1,6.138378253263774,-0.3154637940840612,-2.8864903320968756,7.433305097328708,0.004850728428638163,-2.9576894437948966,1.3339553683735104,TRACKING distance=1.334 heading_error=0.059 linear=0.350 angular=0.070 ,False
77.2,1,6.138378253263774,-0.3154637940840612,-2.8864903320968756,7.433588509556716,0.005390284459480012,-2.960206275524116,1.334360126699106,TRACKING distance=1.334 heading_error=0.059 linear=0.350 angular=0.070 ,False
77.30000000000001,1,6.138378253263774,-0.3154637940840612,-2.8864903320968756,7.439449551641693,0.008811370165704456,-2.9820683355562423,1.34087318774447,TRACKING distance=1.341 heading_error=0.085 linear=0.350 angular=0.102 ,False
77.30000000000001,1,6.138378253263774,-0.3154637940840612,-2.8864903320968756,7.439449551641693,0.008811370165704456,-2.9820683355562423,1.34087318774447,TRACKING distance=1.341 heading_error=0.085 linear=0.350 angular=0.102 ,False
77.4,1,6.138378253263774,-0.3154637940840612,-2.8864903320968756,7.446394478809147,0.012063631095478426,-3.0222216867659517,1.3483992956593764,TRACKING distance=1.348 heading_error=0.126 linear=0.350 angular=0.151 ,False
77.4,1,6.138378253263774,-0.3154637940840612,-2.8864903320968756,7.447311570400224,0.012458700730836521,-3.0281163075082627,1.3493848936887716,TRACKING distance=1.348 heading_error=0.126 linear=0.350 angular=0.151 ,False
77.5,1,6.138378253263774,-0.3154637940840612,-2.8864903320968756,7.453401223731172,0.01907878918955179,-3.1205773938638606,1.3569097806708748,TRACKING distance=1.357 heading_error=0.228 linear=0.350 angular=0.274 ,False
77.5,1,6.138378253263774,-0.3154637940840612,-2.8864903320968756,7.453401223731172,0.01907878918955179,-3.1205773938638606,1.3569097806708748,TRACKING distance=1.357 heading_error=0.228 linear=0.350 angular=0.274 ,False
77.60000000000001,1,6.138378253263774,-0.3154637940840612,-2.8864903320968756,7.457648566219311,0.02723482497955879,3.0043449880160384,1.3630541083001488,TRACKING distance=1.363 heading_error=0.391 linear=0.350 angular=0.470 ,False
77.60000000000001,1,6.138378253263774,-0.3154637940840612,-2.8864903320968756,7.457300894838957,0.027904590564487835,2.9887700330543234,1.362886195555525,TRACKING distance=1.363 heading_error=0.391 linear=0.350 angular=0.470 ,False
77.7,1,6.138378253263774,-0.3154637940840612,-2.8864903320968756,7.452259604342965,0.03261348261687382,2.8810028069429263,1.3592063843542008,TRACKING distance=1.359 heading_error=0.520 linear=0.350 angular=0.550 ,False
77.7,1,6.138378253263774,-0.3154637940840612,-2.8864903320968756,7.452259604342965,0.03261348261687382,2.8810028069429263,1.3592063843542008,TRACKING distance=1.359 heading_error=0.520 linear=0.350 angular=0.550 ,False
77.80000000000001,1,6.138378253263774,-0.3154637940840612,-2.8864903320968756,7.443792268936181,0.03444089592652414,2.8299955571906263,1.3514951144585627,TRACKING distance=1.351 heading_error=0.573 linear=0.350 angular=0.550 ,False
77.80000000000001,1,6.138378253263774,-0.3154637940840612,-2.8864903320968756,7.443792268936181,0.03444089592652414,2.8299955571906263,1.3514951144585627,TRACKING distance=1.351 heading_error=0.573 linear=0.350 angular=0.550 ,False
77.9,1,6.138378253263774,-0.3154637940840612,-2.8864903320968756,7.432532681743535,0.032816193470777626,2.8354626466902744,1.3401994756322564,TRACKING distance=1.340 heading_error=0.569 linear=0.350 angular=0.550 ,False
77.9,1,6.138378253263774,-0.3154637940840612,-2.8864903320968756,7.432532681743535,0.032816193470777626,2.8354626466902744,1.3401994756322564,TRACKING distance=1.340 heading_error=0.569 linear=0.350 angular=0.550 ,False
78.0,1,6.138378253263774,-0.3154637940840612,-2.8864903320968756,7.425061166492515,0.021162973804208753,2.8570539675353377,1.3299889097483875,TRACKING distance=1.331 heading_error=0.543 linear=0.350 angular=0.550 ,False
78.0,1,6.138378253263774,-0.3154637940840612,-2.8864903320968756,7.425061166492515,0.021162973804208753,2.8570539675353377,1.3299889097483875,TRACKING distance=1.331 heading_error=0.543 linear=0.350 angular=0.550 ,False
78.10000000000001,1,6.138378253263774,-0.3154637940840612,-2.8864903320968756,7.4228617111472595,0.017954709997882307,2.872158780477627,1.3270514882402102,TRACKING distance=1.327 heading_error=0.523 linear=0.350 angular=0.550 ,False
78.10000000000001,1,6.138378253263774,-0.3154637940840612,-2.8864903320968756,7.4228617111472595,0.017954709997882307,2.872158780477627,1.3270514882402102,TRACKING distance=1.327 heading_error=0.523 linear=0.350 angular=0.550 ,False
78.2,1,6.138378253263774,-0.3154637940840612,-2.8864903320968756,7.423356221813703,0.00953831121045216,2.8973203580971663,1.3254413408765278,TRACKING distance=1.325 heading_error=0.492 linear=0.350 angular=0.550 ,False
78.2,1,6.138378253263774,-0.3154637940840612,-2.8864903320968756,7.423356221813703,0.00953831121045216,2.8973203580971663,1.3254413408765278,TRACKING distance=1.325 heading_error=0.492 linear=0.350 angular=0.550 ,False
78.30000000000001,1,6.138378253263774,-0.3154637940840612,-2.8864903320968756,7.425501526077934,0.0038463588671552008,2.9585557682194223,1.3261392435176496,TRACKING distance=1.326 heading_error=0.426 linear=0.350 angular=0.511 ,False
78.30000000000001,1,6.138378253263774,-0.3154637940840612,-2.8864903320968756,7.425501526077934,0.0038463588671552008,2.9585557682194223,1.3261392435176496,TRACKING distance=1.326 heading_error=0.426 linear=0.350 angular=0.511 ,False
78.4,1,6.138378253263774,-0.3154637940840612,-2.8864903320968756,7.428318722108565,-0.0030592731973044097,3.062468315307025,1.3272313279281813,TRACKING distance=1.327 heading_error=0.317 linear=0.350 angular=0.380 ,False
78.4,1,6.138378253263774,-0.3154637940840612,-2.8864903320968756,7.428318722108565,-0.0030592731973044097,3.062468315307025,1.3272313279281813,TRACKING distance=1.327 heading_error=0.317 linear=0.350 angular=0.380 ,False
78.5,1,6.138378253263774,-0.3154637940840612,-2.8864903320968756,7.432759016230927,-0.014488306136973045,-3.0901993683495212,1.3289122634261514,TRACKING distance=1.329 heading_error=0.177 linear=0.350 angular=0.212 ,False
78.5,1,6.138378253263774,-0.3154637940840612,-2.8864903320968756,7.433360249261107,-0.015491976379486074,-3.0764550495204213,1.329271026305104,TRACKING distance=1.329 heading_error=0.177 linear=0.350 angular=0.212 ,False
78.60000000000001,1,6.138378253263774,-0.3154637940840612,-2.8864903320968756,7.4389121739916755,-0.024288354763806922,-2.948883984801058,1.3327308863484897,TRACKING distance=1.333 heading_error=0.028 linear=0.350 angular=0.033 ,False
78.60000000000001,1,6.138378253263774,-0.3154637940840612,-2.8864903320968756,7.4389121739916755,-0.024288354763806922,-2.948883984801058,1.3327308863484897,TRACKING distance=1.333 heading_error=0.028 linear=0.350 angular=0.033 ,False
78.7,1,6.138378253263774,-0.3154637940840612,-2.8864903320968756,7.440671757901924,-0.03208349878334336,-2.8197821019337472,1.3327688336645027,TRACKING distance=1.333 heading_error=-0.108 linear=0.350 angular=-0.129 ,False
78.7,1,6.138378253263774,-0.3154637940840612,-2.8864903320968756,7.440671757901924,-0.03208349878334336,-2.8197821019337472,1.3327688336645027,TRACKING distance=1.333 heading_error=-0.108 linear=0.350 angular=-0.129 ,False
78.80000000000001,1,6.138378253263774,-0.3154637940840612,-2.8864903320968756,7.42916231203286,-0.031031908996909042,-2.7378885561882824,1.321750726735804,TRACKING distance=1.322 heading_error=-0.187 linear=0.350 angular=-0.224 ,False
78.80000000000001,1,6.138378253263774,-0.3154637940840612,-2.8864903320968756,7.42916231203286,-0.031031908996909042,-2.7378885561882824,1.321750726735804,TRACKING distance=1.322 heading_error=-0.187 linear=0.350 angular=-0.224 ,False
78.9,1,6.138378253263774,-0.3154637940840612,-2.8864903320968756,7.421629301559384,-0.036093907084399704,-2.691282727635794,1.3133090979331508,TRACKING distance=1.313 heading_error=-0.236 linear=0.350 angular=-0.283 ,False
78.9,1,6.138378253263774,-0.3154637940840612,-2.8864903320968756,7.421629301559384,-0.036093907084399704,-2.691282727635794,1.3133090979331508,TRACKING distance=1.313 heading_error=-0.236 linear=0.350 angular=-0.283 ,False
79.0,1,6.138378253263774,-0.3154637940840612,-2.8864903320968756,7.417320745503907,-0.0393820449775474,-2.671326913341249,1.30840170843939,TRACKING distance=1.308 heading_error=-0.258 linear=0.350 angular=-0.309 ,False
79.0,1,6.138378253263774,-0.3154637940840612,-2.8864903320968756,7.417320745503907,-0.0393820449775474,-2.671326913341249,1.30840170843939,TRACKING distance=1.308 heading_error=-0.258 linear=0.350 angular=-0.309 ,False
79.10000000000001,1,6.138378253263774,-0.3154637940840612,-2.8864903320968756,7.4155803804054035,-0.049656219214593594,-2.6437079150923393,1.3045684882109836,TRACKING distance=1.305 heading_error=-0.293 linear=0.350 angular=-0.351 ,False
79.10000000000001,1,6.138378253263774,-0.3154637940840612,-2.8864903320968756,7.4155803804054035,-0.049656219214593594,-2.6437079150923393,1.3045684882109836,TRACKING distance=1.305 heading_error=-0.293 linear=0.350 angular=-0.351 ,False
79.2,1,6.138378253263774,-0.3154637940840612,-2.8864903320968756,7.4197096427688285,-0.05824366852466261,-2.599392033324372,1.3068941513082637,TRACKING distance=1.307 heading_error=-0.344 linear=0.350 angular=-0.413 ,False
79.2,1,6.138378253263774,-0.3154637940840612,-2.8864903320968756,7.4197096427688285,-0.05824366852466261,-2.599392033324372,1.3068941513082637,TRACKING distance=1.307 heading_error=-0.344 linear=0.350 angular=-0.413 ,False
79.30000000000001,1,6.138378253263774,-0.3154637940840612,-2.8864903320968756,7.426287257349901,-0.06877355977360183,-2.5417513908544125,1.3113221093653034,TRACKING distance=1.311 heading_error=-0.411 linear=0.350 angular=-0.493 ,False
79.30000000000001,1,6.138378253263774,-0.3154637940840612,-2.8864903320968756,7.426287257349901,-0.06877355977360183,-2.5417513908544125,1.3113221093653034,TRACKING distance=1.311 heading_error=-0.411 linear=0.350 angular=-0.493 ,False
79.4,1,6.138378253263774,-0.3154637940840612,-2.8864903320968756,7.429952762574714,-0.07595955840609886,-2.5074127963181776,1.3135931607653415,TRACKING distance=1.314 heading_error=-0.451 linear=0.350 angular=-0.541 ,False
79.4,1,6.138378253263774,-0.3154637940840612,-2.8864903320968756,7.429952762574714,-0.07595955840609886,-2.5074127963181776,1.3135931607653415,TRACKING distance=1.314 heading_error=-0.451 linear=0.350 angular=-0.541 ,False
79.5,1,6.138378253263774,-0.3154637940840612,-2.8864903320968756,7.429313907384443,-0.08128267635650156,-2.50610755095617,1.3120044432013516,TRACKING distance=1.312 heading_error=-0.456 linear=0.350 angular=-0.547 ,False
79.5,1,6.138378253263774,-0.3154637940840612,-2.8864903320968756,7.4290335578058455,-0.08169981973557822,-2.5077036102114354,1.3116541887425153,TRACKING distance=1.312 heading_error=-0.456 linear=0.350 angular=-0.547 ,False
79.60000000000001,1,6.138378253263774,-0.3154637940840612,-2.8864903320968756,7.424305782183515,-0.08507548844974729,-2.5351481515442003,1.3064028402474794,TRACKING distance=1.306 heading_error=-0.429 linear=0.350 angular=-0.515 ,False
79.60000000000001,1,6.138378253263774,-0.3154637940840612,-2.8864903320968756,7.4235659798929685,-0.08529061190759488,-2.539456496023916,1.3056366977346947,TRACKING distance=1.306 heading_error=-0.429 linear=0.350 angular=-0.515 ,False
79.7,1,6.138378253263774,-0.3154637940840612,-2.8864903320968756,7.415691218669618,-0.08942392126955896,-2.580871540291615,1.2971593717411396,TRACKING distance=1.297 heading_error=-0.386 linear=0.350 angular=-0.463 ,False
79.7,1,6.138378253263774,-0.3154637940840612,-2.8864903320968756,7.415691218669618,-0.08942392126955896,-2.580871540291615,1.2971593717411396,TRACKING distance=1.297 heading_error=-0.386 linear=0.350 angular=-0.463 ,False
79.80000000000001,1,6.138378253263774,-0.3154637940840612,-2.8864903320968756,7.403346037284708,-0.10101088824365402,-2.602887787902813,1.2830173589761857,TRACKING distance=1.283 heading_error=-0.371 linear=0.350 angular=-0.445 ,False
79.80000000000001,1,6.138378253263774,-0.3154637940840612,-2.8864903320968756,7.403346037284708,-0.10101088824365402,-2.602887787902813,1.2830173589761857,TRACKING distance=1.283 heading_error=-0.371 linear=0.350 angular=-0.445 ,False
79.9,1,6.138378253263774,-0.3154637940840612,-2.8864903320968756,7.400733207131482,-0.11201701292699602,-2.6108553287913523,1.278644056146008,TRACKING distance=1.279 heading_error=-0.371 linear=0.350 angular=-0.445 ,False
79.9,1,6.138378253263774,-0.3154637940840612,-2.8864903320968756,7.400733207131482,-0.11201701292699602,-2.6108553287913523,1.278644056146008,TRACKING distance=1.279 heading_error=-0.371 linear=0.350 angular=-0.445 ,False
80.0,1,6.138378253263774,-0.3154637940840612,-2.8864903320968756,7.401941264330981,-0.1263993146014825,-2.6006627968257208,1.2776293908404133,TRACKING distance=1.278 heading_error=-0.392 linear=0.350 angular=-0.471 ,False
80.0,1,6.138378253263774,-0.3154637940840612,-2.8864903320968756,7.401941264330981,-0.1263993146014825,-2.6006627968257208,1.2776293908404133,TRACKING distance=1.278 heading_error=-0.392 linear=0.350 angular=-0.471 ,False
80.10000000000001,1,6.138378253263774,-0.3154637940840612,-2.8864903320968756,7.413735664789753,-0.13643720298891598,-2.5945523956172956,1.2878614240101278,TRACKING distance=1.288 heading_error=-0.408 linear=0.350 angular=-0.489 ,False
80.10000000000001,1,6.138378253263774,-0.3154637940840612,-2.8864903320968756,7.413735664789753,-0.13643720298891598,-2.5945523956172956,1.2878614240101278,TRACKING distance=1.288 heading_error=-0.408 linear=0.350 angular=-0.489 ,False
80.2,1,6.138378253263774,-0.3154637940840612,-2.8864903320968756,7.411067575588725,-0.146080654128282,-2.6001095041235693,1.283911507566321,TRACKING distance=1.284 heading_error=-0.409 linear=0.350 angular=-0.491 ,False
80.2,1,6.138378253263774,-0.3154637940840612,-2.8864903320968756,7.4106647353177735,-0.14696758056291434,-2.6011052749606316,1.2833954442759667,TRACKING distance=1.284 heading_error=-0.409 linear=0.350 angular=-0.491 ,False
80.30000000000001,1,6.138378253263774,-0.3154637940840612,-2.8864903320968756,7.405917853821102,-0.1543733527496825,-2.6131028013893802,1.2777350152791216,TRACKING distance=1.278 heading_error=-0.402 linear=0.350 angular=-0.482 ,False
80.30000000000001,1,6.138378253263774,-0.3154637940840612,-2.8864903320968756,7.405917853821102,-0.1543733527496825,-2.6131028013893802,1.2777350152791216,TRACKING distance=1.278 heading_error=-0.402 linear=0.350 angular=-0.482 ,False
80.4,1,6.138378253263774,-0.3154637940840612,-2.8864903320968756,7.398235735316929,-0.16148703806321155,-2.6317216830502703,1.2692319395918226,TRACKING distance=1.269 heading_error=-0.388 linear=0.350 angular=-0.466 ,False
80.4,1,6.138378253263774,-0.3154637940840612,-2.8864903320968756,7.398235735316929,-0.16148703806321155,-2.6317216830502703,1.2692319395918226,TRACKING distance=1.269 heading_error=-0.388 linear=0.350 angular=-0.466 ,False
80.5,1,6.138378253263774,-0.3154637940840612,-2.8864903320968756,7.386748698683102,-0.16810200163582806,-2.6566612903361837,1.257037893967405,TRACKING distance=1.258 heading_error=-0.370 linear=0.350 angular=-0.443 ,False
80.5,1,6.138378253263774,-0.3154637940840612,-2.8864903320968756,7.386748698683102,-0.16810200163582806,-2.6566612903361837,1.257037893967405,TRACKING distance=1.258 heading_error=-0.370 linear=0.350 angular=-0.443 ,False
80.60000000000001,1,6.138378253263774,-0.3154637940840612,-2.8864903320968756,7.374896803702348,-0.17263954368319429,-2.6789989564437895,1.2447396884816047,TRACKING distance=1.245 heading_error=-0.348 linear=0.350 angular=-0.417 ,False
80.60000000000001,1,6.138378253263774,-0.3154637940840612,-2.8864903320968756,7.374896803702348,-0.17263954368319429,-2.6789989564437895,1.2447396884816047,TRACKING distance=1.245 heading_error=-0.348 linear=0.350 angular=-0.417 ,False
80.7,1,6.138378253263774,-0.3154637940840612,-2.8864903320968756,7.359124341144586,-0.17679793488191203,-2.7040833080864592,1.2285964478153832,TRACKING distance=1.229 heading_error=-0.324 linear=0.350 angular=-0.389 ,False
80.7,1,6.138378253263774,-0.3154637940840612,-2.8864903320968756,7.359124341144586,-0.17679793488191203,-2.7040833080864592,1.2285964478153832,TRACKING distance=1.229 heading_error=-0.324 linear=0.350 angular=-0.389 ,False
80.80000000000001,1,6.138378253263774,-0.3154637940840612,-2.8864903320968756,7.344426347004757,-0.1822018827232022,-2.7245801161595278,1.213388124812423,TRACKING distance=1.213 heading_error=-0.307 linear=0.350 angular=-0.368 ,False
80.80000000000001,1,6.138378253263774,-0.3154637940840612,-2.8864903320968756,7.344426347004757,-0.1822018827232022,-2.7245801161595278,1.213388124812423,TRACKING distance=1.213 heading_error=-0.307 linear=0.350 angular=-0.368 ,False
80.9,1,6.138378253263774,-0.3154637940840612,-2.8864903320968756,7.331313912735614,-0.18534564801081327,-2.735364053510805,1.2000109247740427,TRACKING distance=1.200 heading_error=-0.298 linear=0.350 angular=-0.357 ,False
80.9,1,6.138378253263774,-0.3154637940840612,-2.8864903320968756,7.330089512064605,-0.1855532419387676,-2.735876047206235,1.1987712358541793,TRACKING distance=1.200 heading_error=-0.298 linear=0.350 angular=-0.357 ,False
81.0,1,6.138378253263774,-0.3154637940840612,-2.8864903320968756,7.320020667325929,-0.18715947078565348,-2.73781021499892,1.1885877309175374,TRACKING distance=1.189 heading_error=-0.296 linear=0.350 angular=-0.355 ,False
81.0,1,6.138378253263774,-0.3154637940840612,-2.8864903320968756,7.319025729801991,-0.18732377883393667,-2.737865160063816,1.1875808719259344,TRACKING distance=1.189 heading_error=-0.296 linear=0.350 angular=-0.355 ,False
81.10000000000001,1,6.138378253263774,-0.3154637940840612,-2.8864903320968756,7.31117653347562,-0.1888063555251642,-2.7378638456425173,1.17961769773523,TRACKING distance=1.180 heading_error=-0.296 linear=0.350 angular=-0.355 ,False
81.10000000000001,1,6.138378253263774,-0.3154637940840612,-2.8864903320968756,7.31117653347562,-0.1888063555251642,-2.7378638456425173,1.17961769773523,TRACKING distance=1.180 heading_error=-0.296 linear=0.350 angular=-0.355 ,False
81.2,1,6.138378253263774,-0.3154637940840612,-2.8864903320968756,7.30467286429441,-0.1903493010205706,-2.7365275319731923,1.1729862557138673,TRACKING distance=1.173 heading_error=-0.298 linear=0.350 angular=-0.358 ,False
81.2,1,6.138378253263774,-0.3154637940840612,-2.8864903320968756,7.30467286429441,-0.1903493010205706,-2.7365275319731923,1.1729862557138673,TRACKING distance=1.173 heading_error=-0.298 linear=0.350 angular=-0.358 ,False
81.30000000000001,1,6.138378253263774,-0.3154637940840612,-2.8864903320968756,7.300288780542249,-0.191297678712274,-2.733302559877252,1.1685261219190024,TRACKING distance=1.169 heading_error=-0.302 linear=0.350 angular=-0.362 ,False
81.30000000000001,1,6.138378253263774,-0.3154637940840612,-2.8864903320968756,7.300288780542249,-0.191297678712274,-2.733302559877252,1.1685261219190024,TRACKING distance=1.169 heading_error=-0.302 linear=0.350 angular=-0.362 ,False
81.4,1,6.138378253263774,-0.3154637940840612,-2.8864903320968756,7.2979079996588005,-0.19149271874414664,-2.729398266464912,1.1661380965802677,TRACKING distance=1.166 heading_error=-0.306 linear=0.350 angular=-0.367 ,False
81.4,1,6.138378253263774,-0.3154637940840612,-2.8864903320968756,7.2979079996588005,-0.19149271874414664,-2.729398266464912,1.1661380965802677,TRACKING distance=1.166 heading_error=-0.306 linear=0.350 angular=-0.367 ,False
81.5,1,6.138378253263774,-0.3154637940840612,-2.8864903320968756,7.297593967256009,-0.19141187420015096,-2.72878850678537,1.1658344438184225,TRACKING distance=1.166 heading_error=-0.306 linear=0.350 angular=-0.367 ,False
81.5,1,6.138378253263774,-0.3154637940840612,-2.8864903320968756,7.297593967256009,-0.19141187420015096,-2.72878850678537,1.1658344438184225,TRACKING distance=1.166 heading_error=-0.306 linear=0.350 angular=-0.367 ,False
81.60000000000001,1,6.138378253263774,-0.3154637940840612,-2.8864903320968756,7.2993909572178355,-0.1913023874153064,-2.7326538690660898,1.167632884792427,TRACKING distance=1.168 heading_error=-0.302 linear=0.350 angular=-0.363 ,False
81.60000000000001,1,6.138378253263774,-0.3154637940840612,-2.8864903320968756,7.2993909572178355,-0.1913023874153064,-2.7326538690660898,1.167632884792427,TRACKING distance=1.168 heading_error=-0.302 linear=0.350 angular=-0.363 ,False
81.7,1,6.138378253263774,-0.3154637940840612,-2.8864903320968756,7.303227686803321,-0.1907354736150956,-2.7369318489411554,1.171508154792109,TRACKING distance=1.172 heading_error=-0.298 linear=0.350 angular=-0.358 ,False
81.7,1,6.138378253263774,-0.3154637940840612,-2.8864903320968756,7.303227686803321,-0.1907354736150956,-2.7369318489411554,1.171508154792109,TRACKING distance=1.172 heading_error=-0.298 linear=0.350 angular=-0.358 ,False
81.80000000000001,1,6.138378253263774,-0.3154637940840612,-2.8864903320968756,7.309158025419428,-0.18956535658540374,-2.739923750867697,1.177529486447558,TRACKING distance=1.178 heading_error=-0.295 linear=0.350 angular=-0.353 ,False
81.80000000000001,1,6.138378253263774,-0.3154637940840612,-2.8864903320968756,7.309158025419428,-0.18956535658540374,-2.739923750867697,1.177529486447558,TRACKING distance=1.178 heading_error=-0.295 linear=0.350 angular=-0.353 ,False
81.9,1,6.138378253263774,-0.3154637940840612,-2.8864903320968756,7.317398622364042,-0.18814067395133025,-2.7433658194261943,1.1858752917881654,TRACKING distance=1.186 heading_error=-0.291 linear=0.350 angular=-0.349 ,False
81.9,1,6.138378253263774,-0.3154637940840612,-2.8864903320968756,7.317398622364042,-0.18814067395133025,-2.7433658194261943,1.1858752917881654,TRACKING distance=1.186 heading_error=-0.291 linear=0.350 angular=-0.349 ,False
82.0,1,6.138378253263774,-0.3154637940840612,-2.8864903320968756,7.328059446554569,-0.18651837496240065,-2.7476322886715163,1.1966487633312755,TRACKING distance=1.197 heading_error=-0.286 linear=0.350 angular=-0.343 ,False
82.0,1,6.138378253263774,-0.3154637940840612,-2.8864903320968756,7.328059446554569,-0.18651837496240065,-2.7476322886715163,1.1966487633312755,TRACKING distance=1.197 heading_error=-0.286 linear=0.350 angular=-0.343 ,False
82.10000000000001,1,6.138378253263774,-0.3154637940840612,-2.8864903320968756,7.3406978472058215,-0.18436599260061753,-2.749820995679973,1.209445757167622,TRACKING distance=1.209 heading_error=-0.283 linear=0.350 angular=-0.340 ,False
82.10000000000001,1,6.138378253263774,-0.3154637940840612,-2.8864903320968756,7.3406978472058215,-0.18436599260061753,-2.749820995679973,1.209445757167622,TRACKING distance=1.209 heading_error=-0.283 linear=0.350 angular=-0.340 ,False
82.2,1,6.138378253263774,-0.3154637940840612,-2.8864903320968756,7.355134625620727,-0.18116302474320914,-2.749526664691131,1.2241457291992641,TRACKING distance=1.224 heading_error=-0.282 linear=0.350 angular=-0.339 ,False
82.2,1,6.138378253263774,-0.3154637940840612,-2.8864903320968756,7.355134625620727,-0.18116302474320914,-2.749526664691131,1.2241457291992641,TRACKING distance=1.224 heading_error=-0.282 linear=0.350 angular=-0.339 ,False
82.30000000000001,1,6.138378253263774,-0.3154637940840612,-2.8864903320968756,7.369630284565125,-0.17737602939028774,-2.748851799376076,1.2389712649379028,TRACKING distance=1.239 heading_error=-0.281 linear=0.350 angular=-0.337 ,False
82.30000000000001,1,6.138378253263774,-0.3154637940840612,-2.8864903320968756,7.369630284565125,-0.17737602939028774,-2.748851799376076,1.2389712649379028,TRACKING distance=1.239 heading_error=-0.281 linear=0.350 angular=-0.337 ,False
82.4,1,6.138378253263774,-0.3154637940840612,-2.8864903320968756,7.381422796323351,-0.1728932553868447,-2.7482006821142733,1.2511938676858225,TRACKING distance=1.251 heading_error=-0.279 linear=0.350 angular=-0.335 ,False
82.4,1,6.138378253263774,-0.3154637940840612,-2.8864903320968756,7.381422796323351,-0.1728932553868447,-2.7482006821142733,1.2511938676858225,TRACKING distance=1.251 heading_error=-0.279 linear=0.350 angular=-0.335 ,False
82.5,1,6.138378253263774,-0.3154637940840612,-2.8864903320968756,7.3905430133562895,-0.16754618678824243,-2.749652054174442,1.2608712087146996,TRACKING distance=1.261 heading_error=-0.274 linear=0.350 angular=-0.329 ,False
82.5,1,6.138378253263774,-0.3154637940840612,-2.8864903320968756,7.3905430133562895,-0.16754618678824243,-2.749652054174442,1.2608712087146996,TRACKING distance=1.261 heading_error=-0.274 linear=0.350 angular=-0.329 ,False
82.60000000000001,1,6.138378253263774,-0.3154637940840612,-2.8864903320968756,7.397095965546767,-0.16115961690742592,-2.7548806284136798,1.2681403937691957,TRACKING distance=1.268 heading_error=-0.265 linear=0.350 angular=-0.318 ,False
82.60000000000001,1,6.138378253263774,-0.3154637940840612,-2.8864903320968756,7.397614526377924,-0.160455953827291,-2.7556681154924805,1.2687408805849536,TRACKING distance=1.268 heading_error=-0.265 linear=0.350 angular=-0.318 ,False
82.7,1,6.138378253263774,-0.3154637940840612,-2.8864903320968756,7.400978553632214,-0.15374275286703748,-2.765317258917757,1.2729152421362524,TRACKING distance=1.273 heading_error=-0.249 linear=0.350 angular=-0.299 ,False
82.7,1,6.138378253263774,-0.3154637940840612,-2.8864903320968756,7.400978553632214,-0.15374275286703748,-2.765317258917757,1.2729152421362524,TRACKING distance=1.273 heading_error=-0.249 linear=0.350 angular=-0.299 ,False
82.80000000000001,1,6.138378253263774,-0.3154637940840612,-2.8864903320968756,7.400364220368519,-0.1472061559533138,-2.7780351254391333,1.2731532562730363,TRACKING distance=1.273 heading_error=-0.231 linear=0.350 angular=-0.277 ,False
82.80000000000001,1,6.138378253263774,-0.3154637940840612,-2.8864903320968756,7.400185994518446,-0.1464444469746705,-2.7795666264425396,1.2730774978717918,TRACKING distance=1.273 heading_error=-0.231 linear=0.350 angular=-0.277 ,False
82.9,1,6.138378253263774,-0.3154637940840612,-2.8864903320968756,7.400631711789623,-0.14299786012396298,-2.790528838237783,1.2739812761328941,TRACKING distance=1.274 heading_error=-0.215 linear=0.350 angular=-0.258 ,False
82.9,1,6.138378253263774,-0.3154637940840612,-2.8864903320968756,7.400631711789623,-0.14299786012396298,-2.790528838237783,1.2739812761328941,TRACKING distance=1.274 heading_error=-0.215 linear=0.350 angular=-0.258 ,False
83.0,1,6.138378253263774,-0.3154637940840612,-2.8864903320968756,7.401598559947614,-0.14021959652328608,-2.790090571832877,1.2753180277864562,TRACKING distance=1.275 heading_error=-0.214 linear=0.350 angular=-0.256 ,False
83.0,1,6.138378253263774,-0.3154637940840612,-2.8864903320968756,7.401598559947614,-0.14021959652328608,-2.790090571832877,1.2753180277864562,TRACKING distance=1.275 heading_error=-0.214 linear=0.350 angular=-0.256 ,False
83.10000000000001,1,6.138378253263774,-0.3154637940840612,-2.8864903320968756,7.40100680520478,-0.1471082673906111,-2.7816550969681706,1.2738031415979751,TRACKING distance=1.274 heading_error=-0.227 linear=0.350 angular=-0.273 ,False
83.10000000000001,1,6.138378253263774,-0.3154637940840612,-2.8864903320968756,7.40100680520478,-0.1471082673906111,-2.7816550969681706,1.2738031415979751,TRACKING distance=1.274 heading_error=-0.227 linear=0.350 angular=-0.273 ,False
83.2,1,6.138378253263774,-0.3154637940840612,-2.8864903320968756,7.399267202658861,-0.15283832049836335,-2.7757539984172004,1.2713331535697556,TRACKING distance=1.271 heading_error=-0.238 linear=0.350 angular=-0.285 ,False
83.2,1,6.138378253263774,-0.3154637940840612,-2.8864903320968756,7.399267202658861,-0.15283832049836335,-2.7757539984172004,1.2713331535697556,TRACKING distance=1.271 heading_error=-0.238 linear=0.350 angular=-0.285 ,False
83.30000000000001,1,6.138378253263774,-0.3154637940840612,-2.8864903320968756,7.3951197794826715,-0.15691591805471025,-2.7756925461418636,1.266703079934845,TRACKING distance=1.267 heading_error=-0.240 linear=0.350 angular=-0.288 ,False
83.30000000000001,1,6.138378253263774,-0.3154637940840612,-2.8864903320968756,7.3951197794826715,-0.15691591805471025,-2.7756925461418636,1.266703079934845,TRACKING distance=1.267 heading_error=-0.240 linear=0.350 angular=-0.288 ,False
83.4,1,6.138378253263774,-0.3154637940840612,-2.8864903320968756,7.388480110988975,-0.1594671800837576,-2.780358913932141,1.2597974433485561,TRACKING distance=1.260 heading_error=-0.237 linear=0.350 angular=-0.285 ,False
83.4,1,6.138378253263774,-0.3154637940840612,-2.8864903320968756,7.388480110988975,-0.1594671800837576,-2.780358913932141,1.2597974433485561,TRACKING distance=1.260 heading_error=-0.237 linear=0.350 angular=-0.285 ,False
83.5,1,6.138378253263774,-0.3154637940840612,-2.8864903320968756,7.379652254765237,-0.1612820085527556,-2.7866343045720607,1.2508130035273357,TRACKING distance=1.251 heading_error=-0.231 linear=0.350 angular=-0.278 ,False
83.5,1,6.138378253263774,-0.3154637940840612,-2.8864903320968756,7.379652254765237,-0.1612820085527556,-2.7866343045720607,1.2508130035273357,TRACKING distance=1.251 heading_error=-0.231 linear=0.350 angular=-0.278 ,False
83.60000000000001,1,6.138378253263774,-0.3154637940840612,-2.8864903320968756,7.3719151778708785,-0.16818604436242968,-2.784335324868051,1.2422979030539418,TRACKING distance=1.242 heading_error=-0.238 linear=0.350 angular=-0.286 ,False
83.60000000000001,1,6.138378253263774,-0.3154637940840612,-2.8864903320968756,7.3719151778708785,-0.16818604436242968,-2.784335324868051,1.2422979030539418,TRACKING distance=1.242 heading_error=-0.238 linear=0.350 angular=-0.286 ,False
83.7,1,6.138378253263774,-0.3154637940840612,-2.8864903320968756,7.364843207146461,-0.17676017382826917,-2.7797947156219647,1.234283183622999,TRACKING distance=1.234 heading_error=-0.249 linear=0.350 angular=-0.299 ,False
83.7,1,6.138378253263774,-0.3154637940840612,-2.8864903320968756,7.364843207146461,-0.17676017382826917,-2.7797947156219647,1.234283183622999,TRACKING distance=1.234 heading_error=-0.249 linear=0.350 angular=-0.299 ,False
83.80000000000001,1,6.138378253263774,-0.3154637940840612,-2.8864903320968756,7.35571715987775,-0.18540662333787294,-2.7783197018409553,1.2242666707946497,TRACKING distance=1.224 heading_error=-0.257 linear=0.350 angular=-0.308 ,False
83.80000000000001,1,6.138378253263774,-0.3154637940840612,-2.8864903320968756,7.35571715987775,-0.18540662333787294,-2.7783197018409553,1.2242666707946497,TRACKING distance=1.224 heading_error=-0.257 linear=0.350 angular=-0.308 ,False
83.9,1,6.138378253263774,-0.3154637940840612,-2.8864903320968756,7.3455757807419095,-0.19258137988414925,-2.7792340098249855,1.2134356011214287,TRACKING distance=1.214 heading_error=-0.261 linear=0.350 angular=-0.313 ,False
83.9,1,6.138378253263774,-0.3154637940840612,-2.8864903320968756,7.3455757807419095,-0.19258137988414925,-2.7792340098249855,1.2134356011214287,TRACKING distance=1.214 heading_error=-0.261 linear=0.350 angular=-0.313 ,False
84.0,1,6.138378253263774,-0.3154637940840612,-2.8864903320968756,7.338449881703534,-0.1964999747638445,-2.7802200732116535,1.205953690526013,TRACKING distance=1.207 heading_error=-0.262 linear=0.350 angular=-0.315 ,False
84.0,1,6.138378253263774,-0.3154637940840612,-2.8864903320968756,7.338449881703534,-0.1964999747638445,-2.7802200732116535,1.205953690526013,TRACKING distance=1.207 heading_error=-0.262 linear=0.350 angular=-0.315 ,False
84.10000000000001,1,6.138378253263774,-0.3154637940840612,-2.8864903320968756,7.333674947961402,-0.19788999962165307,-2.7800338198824504,1.2010652711236653,TRACKING distance=1.201 heading_error=-0.264 linear=0.350 angular=-0.316 ,False
84.10000000000001,1,6.138378253263774,-0.3154637940840612,-2.8864903320968756,7.333237218259294,-0.19791860707003128,-2.7799194920126737,1.2006268434531724,TRACKING distance=1.201 heading_error=-0.264 linear=0.350 angular=-0.316 ,False
84.2,1,6.138378253263774,-0.3154637940840612,-2.8864903320968756,7.330113169629561,-0.1970256865985994,-2.777889844693973,1.1976058183685094,TRACKING distance=1.198 heading_error=-0.265 linear=0.350 angular=-0.318 ,False
84.2,1,6.138378253263774,-0.3154637940840612,-2.8864903320968756,7.330113169629561,-0.1970256865985994,-2.777889844693973,1.1976058183685094,TRACKING distance=1.198 heading_error=-0.265 linear=0.350 angular=-0.318 ,False
84.30000000000001,1,6.138378253263774,-0.3154637940840612,-2.8864903320968756,7.328349034432158,-0.19351403415985777,-2.7733953588784366,1.1962032452639746,TRACKING distance=1.196 heading_error=-0.266 linear=0.350 angular=-0.319 ,False
84.30000000000001,1,6.138378253263774,-0.3154637940840612,-2.8864903320968756,7.328349034432158,-0.19351403415985777,-2.7733953588784366,1.1962032452639746,TRACKING distance=1.196 heading_error=-0.266 linear=0.350 angular=-0.319 ,False
84.4,1,6.138378253263774,-0.3154637940840612,-2.8864903320968756,7.32838782449678,-0.1875849963027396,-2.76794963824284,1.196860796646026,TRACKING distance=1.197 heading_error=-0.267 linear=0.350 angular=-0.320 ,False
84.4,1,6.138378253263774,-0.3154637940840612,-2.8864903320968756,7.328713387733754,-0.18704258191985065,-2.7680197403271545,1.1972425569145924,TRACKING distance=1.197 heading_error=-0.267 linear=0.350 angular=-0.320 ,False
84.5,1,6.138378253263774,-0.3154637940840612,-2.8864903320968756,7.3348707720706114,-0.1851016481382301,-2.773759578732342,1.203573278473867,TRACKING distance=1.204 heading_error=-0.259 linear=0.350 angular=-0.311 ,False
84.5,1,6.138378253263774,-0.3154637940840612,-2.8864903320968756,7.335122515486243,-0.18518397782099905,-2.7745701606038,1.2038146284573632,TRACKING distance=1.204 heading_error=-0.259 linear=0.350 angular=-0.311 ,False
84.60000000000001,1,6.138378253263774,-0.3154637940840612,-2.8864903320968756,7.338900898842822,-0.18715164322464892,-2.782211597135248,1.207360190914992,TRACKING distance=1.207 heading_error=-0.253 linear=0.350 angular=-0.303 ,False
84.60000000000001,1,6.138378253263774,-0.3154637940840612,-2.8864903320968756,7.339667196914823,-0.18743449298271514,-2.7828461978223844,1.2080921438693126,TRACKING distance=1.207 heading_error=-0.253 linear=0.350 angular=-0.303 ,False
84.7,1,6.138378253263774,-0.3154637940840612,-2.8864903320968756,7.347562635186288,-0.18932184599118945,-2.784065120490136,1.2157461332671382,TRACKING distance=1.216 heading_error=-0.254 linear=0.350 angular=-0.304 ,False
84.7,1,6.138378253263774,-0.3154637940840612,-2.8864903320968756,7.347562635186288,-0.18932184599118945,-2.784065120490136,1.2157461332671382,TRACKING distance=1.216 heading_error=-0.254 linear=0.350 angular=-0.304 ,False
84.80000000000001,1,6.138378253263774,-0.3154637940840612,-2.8864903320968756,7.358197292011785,-0.1889895570923539,-2.78146444431073,1.2263581124266911,TRACKING distance=1.226 heading_error=-0.257 linear=0.350 angular=-0.308 ,False
84.80000000000001,1,6.138378253263774,-0.3154637940840612,-2.8864903320968756,7.358197292011785,-0.1889895570923539,-2.78146444431073,1.2263581124266911,TRACKING distance=1.226 heading_error=-0.257 linear=0.350 angular=-0.308 ,False
84.9,1,6.138378253263774,-0.3154637940840612,-2.8864903320968756,7.367707244049814,-0.18752591722802714,-2.777880499585065,1.2359683927679763,TRACKING distance=1.236 heading_error=-0.260 linear=0.350 angular=-0.312 ,False
84.9,1,6.138378253263774,-0.3154637940840612,-2.8864903320968756,7.367707244049814,-0.18752591722802714,-2.777880499585065,1.2359683927679763,TRACKING distance=1.236 heading_error=-0.260 linear=0.350 angular=-0.312 ,False
85.0,1,6.138378253263774,-0.3154637940840612,-2.8864903320968756,7.374216816686418,-0.18544486389557294,-2.7746159304813536,1.2426591958577795,TRACKING distance=1.243 heading_error=-0.262 linear=0.350 angular=-0.315 ,False
85.0,1,6.138378253263774,-0.3154637940840612,-2.8864903320968756,7.374703207933774,-0.18520085039656684,-2.774351241477483,1.2431684632574582,TRACKING distance=1.243 heading_error=-0.262 linear=0.350 angular=-0.315 ,False
85.10000000000001,1,6.138378253263774,-0.3154637940840612,-2.8864903320968756,7.377742456220423,-0.1826910092347433,-2.77270171200388,1.2464558716484964,TRACKING distance=1.246 heading_error=-0.262 linear=0.350 angular=-0.315 ,False
85.10000000000001,1,6.138378253263774,-0.3154637940840612,-2.8864903320968756,7.377742456220423,-0.1826910092347433,-2.77270171200388,1.2464558716484964,TRACKING distance=1.246 heading_error=-0.262 linear=0.350 angular=-0.315 ,False
85.2,1,6.138378253263774,-0.3154637940840612,-2.8864903320968756,7.3782966240658325,-0.17918825994028797,-2.77266028791489,1.2473846990638462,TRACKING distance=1.247 heading_error=-0.259 linear=0.350 angular=-0.311 ,False
85.2,1,6.138378253263774,-0.3154637940840612,-2.8864903320968756,7.3782966240658325,-0.17918825994028797,-2.77266028791489,1.2473846990638462,TRACKING distance=1.247 heading_error=-0.259 linear=0.350 angular=-0.311 ,False
85.30000000000001,1,6.138378253263774,-0.3154637940840612,-2.8864903320968756,7.375844800849028,-0.17484058503836672,-2.7745102995527136,1.2454309869739377,TRACKING distance=1.245 heading_error=-0.254 linear=0.350 angular=-0.305 ,False
85.30000000000001,1,6.138378253263774,-0.3154637940840612,-2.8864903320968756,7.375431423681265,-0.17435527969222983,-2.774783898679462,1.2450751620981908,TRACKING distance=1.245 heading_error=-0.254 linear=0.350 angular=-0.305 ,False
85.4,1,6.138378253263774,-0.3154637940840612,-2.8864903320968756,7.372057633973186,-0.17316594991852902,-2.7754068198418396,1.2418588852368517,TRACKING distance=1.242 heading_error=-0.251 linear=0.350 angular=-0.302 ,False
85.4,1,6.138378253263774,-0.3154637940840612,-2.8864903320968756,7.3718908547407604,-0.173382837342807,-2.7752115122515395,1.2416683680721812,TRACKING distance=1.242 heading_error=-0.251 linear=0.350 angular=-0.302 ,False
85.5,1,6.138378253263774,-0.3154637940840612,-2.8864903320968756,7.370000704881211,-0.1733920307874184,-2.770985123660412,1.2397895987845535,TRACKING distance=1.240 heading_error=-0.256 linear=0.350 angular=-0.307 ,False
85.5,1,6.138378253263774,-0.3154637940840612,-2.8864903320968756,7.370000704881211,-0.1733920307874184,-2.770985123660412,1.2397895987845535,TRACKING distance=1.240 heading_error=-0.256 linear=0.350 angular=-0.307 ,False
85.60000000000001,1,6.138378253263774,-0.3154637940840612,-2.8864903320968756,7.36929079738309,-0.18007300657974015,-2.763363323015364,1.238336124245484,TRACKING distance=1.238 heading_error=-0.269 linear=0.350 angular=-0.322 ,False
85.60000000000001,1,6.138378253263774,-0.3154637940840612,-2.8864903320968756,7.36929079738309,-0.18007300657974015,-2.763363323015364,1.238336124245484,TRACKING distance=1.238 heading_error=-0.269 linear=0.350 angular=-0.322 ,False
85.7,1,6.138378253263774,-0.3154637940840612,-2.8864903320968756,7.366362017646156,-0.18707855982795318,-2.7587884824965307,1.2346768378655695,TRACKING distance=1.235 heading_error=-0.279 linear=0.350 angular=-0.334 ,False
85.7,1,6.138378253263774,-0.3154637940840612,-2.8864903320968756,7.366362017646156,-0.18707855982795318,-2.7587884824965307,1.2346768378655695,TRACKING distance=1.235 heading_error=-0.279 linear=0.350 angular=-0.334 ,False
85.80000000000001,1,6.138378253263774,-0.3154637940840612,-2.8864903320968756,7.360291318802314,-0.19334011291289938,-2.756211283794832,1.22800070571502,TRACKING distance=1.228 heading_error=-0.286 linear=0.350 angular=-0.343 ,False
85.80000000000001,1,6.138378253263774,-0.3154637940840612,-2.8864903320968756,7.359588457046779,-0.1938575871578649,-2.7560563152066595,1.227249946582482,TRACKING distance=1.228 heading_error=-0.286 linear=0.350 angular=-0.343 ,False
85.9,1,6.138378253263774,-0.3154637940840612,-2.8864903320968756,7.3542238463636735,-0.1974293187039574,-2.75491331889432,1.2215615594961653,TRACKING distance=1.222 heading_error=-0.290 linear=0.350 angular=-0.348 ,False
85.9,1,6.138378253263774,-0.3154637940840612,-2.8864903320968756,7.3542238463636735,-0.1974293187039574,-2.75491331889432,1.2215615594961653,TRACKING distance=1.222 heading_error=-0.290 linear=0.350 angular=-0.348 ,False
86.0,1,6.138378253263774,-0.3154637940840612,-2.8864903320968756,7.350306461654565,-0.19897047345438948,-2.753403350262366,1.2175141379239258,TRACKING distance=1.218 heading_error=-0.292 linear=0.350 angular=-0.351 ,False
86.0,1,6.138378253263774,-0.3154637940840612,-2.8864903320968756,7.350306461654565,-0.19897047345438948,-2.753403350262366,1.2175141379239258,TRACKING distance=1.218 heading_error=-0.292 linear=0.350 angular=-0.351 ,False
86.10000000000001,1,6.138378253263774,-0.3154637940840612,-2.8864903320968756,7.348507272090994,-0.19791105709645343,-2.7510075200591655,1.2158251881668714,TRACKING distance=1.216 heading_error=-0.294 linear=0.350 angular=-0.352 ,False
86.10000000000001,1,6.138378253263774,-0.3154637940840612,-2.8864903320968756,7.348507272090994,-0.19791105709645343,-2.7510075200591655,1.2158251881668714,TRACKING distance=1.216 heading_error=-0.294 linear=0.350 angular=-0.352 ,False
86.2,1,6.138378253263774,-0.3154637940840612,-2.8864903320968756,7.3487975678701885,-0.19418899834124306,-2.747711830567443,1.2164795490491094,TRACKING distance=1.216 heading_error=-0.294 linear=0.350 angular=-0.353 ,False
86.2,1,6.138378253263774,-0.3154637940840612,-2.8864903320968756,7.348940950398617,-0.19366724076715208,-2.7473516545013617,1.2166743377314513,TRACKING distance=1.216 heading_error=-0.294 linear=0.350 angular=-0.353 ,False
86.30000000000001,1,6.138378253263774,-0.3154637940840612,-2.8864903320968756,7.351363279625369,-0.18818366718294116,-2.74573579323214,1.2196445813766423,TRACKING distance=1.220 heading_error=-0.291 linear=0.350 angular=-0.350 ,False
86.30000000000001,1,6.138378253263774,-0.3154637940840612,-2.8864903320968756,7.351363279625369,-0.18818366718294116,-2.74573579323214,1.2196445813766423,TRACKING distance=1.220 heading_error=-0.291 linear=0.350 angular=-0.350 ,False
86.4,1,6.138378253263774,-0.3154637940840612,-2.8864903320968756,7.35882123400496,-0.18576846967968072,-2.754070897459999,1.2273149336713822,TRACKING distance=1.227 heading_error=-0.282 linear=0.350 angular=-0.338 ,False
86.4,1,6.138378253263774,-0.3154637940840612,-2.8864903320968756,7.35882123400496,-0.18576846967968072,-2.754070897459999,1.2273149336713822,TRACKING distance=1.227 heading_error=-0.282 linear=0.350 angular=-0.338 ,False
86.5,1,6.138378253263774,-0.3154637940840612,-2.8864903320968756,7.362216110826595,-0.18726842262656718,-2.757037305499152,1.2305336870102668,TRACKING distance=1.231 heading_error=-0.280 linear=0.350 angular=-0.336 ,False
86.5,1,6.138378253263774,-0.3154637940840612,-2.8864903320968756,7.362843011875136,-0.1874130759509023,-2.75736339834051,1.2311421248156524,TRACKING distance=1.231 heading_error=-0.280 linear=0.350 angular=-0.336 ,False
86.60000000000001,1,6.138378253263774,-0.3154637940840612,-2.8864903320968756,7.367028684178275,-0.18847277606401885,-2.760279216236159,1.2351957739743755,TRACKING distance=1.235 heading_error=-0.278 linear=0.350 angular=-0.334 ,False
86.60000000000001,1,6.138378253263774,-0.3154637940840612,-2.8864903320968756,7.367028684178275,-0.18847277606401885,-2.760279216236159,1.2351957739743755,TRACKING distance=1.235 heading_error=-0.278 linear=0.350 angular=-0.334 ,False
86.7,1,6.138378253263774,-0.3154637940840612,-2.8864903320968756,7.368629286286905,-0.18912845723397623,-2.7640128185792903,1.2367207532792135,TRACKING distance=1.237 heading_error=-0.275 linear=0.350 angular=-0.330 ,False
86.7,1,6.138378253263774,-0.3154637940840612,-2.8864903320968756,7.368629286286905,-0.18912845723397623,-2.7640128185792903,1.2367207532792135,TRACKING distance=1.237 heading_error=-0.275 linear=0.350 angular=-0.330 ,False
86.80000000000001,1,6.138378253263774,-0.3154637940840612,-2.8864903320968756,7.367045820811506,-0.18922690106636528,-2.7686054311566397,1.235135516735885,TRACKING distance=1.235 heading_error=-0.271 linear=0.350 angular=-0.325 ,False
86.80000000000001,1,6.138378253263774,-0.3154637940840612,-2.8864903320968756,7.36671245189478,-0.18920557682885605,-2.769107555168496,1.2348060742282323,TRACKING distance=1.235 heading_error=-0.271 linear=0.350 angular=-0.325 ,False
86.9,1,6.138378253263774,-0.3154637940840612,-2.8864903320968756,7.362275393187399,-0.1887530703475471,-2.773804811802822,1.2304388715507415,TRACKING distance=1.230 heading_error=-0.265 linear=0.350 angular=-0.318 ,False
86.9,1,6.138378253263774,-0.3154637940840612,-2.8864903320968756,7.361622419657737,-0.18867347941219875,-2.7743297755474106,1.2297975746078909,TRACKING distance=1.230 heading_error=-0.265 linear=0.350 angular=-0.318 ,False
87.0,1,6.138378253263774,-0.3154637940840612,-2.8864903320968756,7.354653396972338,-0.18813374024804422,-2.77806315332672,1.2229219794464292,TRACKING distance=1.223 heading_error=-0.259 linear=0.350 angular=-0.311 ,False
87.0,1,6.138378253263774,-0.3154637940840612,-2.8864903320968756,7.353913427849444,-0.18827321024463947,-2.7784364242984703,1.2221715122160348,TRACKING distance=1.223 heading_error=-0.259 linear=0.350 angular=-0.311 ,False
87.10000000000001,1,6.138378253263774,-0.3154637940840612,-2.8864903320968756,7.348599629890283,-0.1903247672241462,-2.7872389805800717,1.2166739729636735,TRACKING distance=1.217 heading_error=-0.251 linear=0.350 angular=-0.302 ,False
87.10000000000001,1,6.138378253263774,-0.3154637940840612,-2.8864903320968756,7.348151268442277,-0.19059193393329255,-2.788385209265466,1.216200530221723,TRACKING distance=1.217 heading_error=-0.251 linear=0.350 angular=-0.302 ,False
87.2,1,6.138378253263774,-0.3154637940840612,-2.8864903320968756,7.345229732277739,-0.192282257310055,-2.7949620620836724,1.2131216688363127,TRACKING distance=1.213 heading_error=-0.245 linear=0.350 angular=-0.294 ,False
87.2,1,6.138378253263774,-0.3154637940840612,-2.8864903320968756,7.345229732277739,-0.192282257310055,-2.7949620620836724,1.2131216688363127,TRACKING distance=1.213 heading_error=-0.245 linear=0.350 angular=-0.294 ,False
87.30000000000001,1,6.138378253263774,-0.3154637940840612,-2.8864903320968756,7.3442790030221135,-0.1924894498962094,-2.7962914911449777,1.2121548199781074,TRACKING distance=1.212 heading_error=-0.244 linear=0.350 angular=-0.292 ,False
87.30000000000001,1,6.138378253263774,-0.3154637940840612,-2.8864903320968756,7.3443198220466215,-0.19243815786063911,-2.7962590124258386,1.2122006329344222,TRACKING distance=1.212 heading_error=-0.244 linear=0.350 angular=-0.292 ,False
87.4,1,6.138378253263774,-0.3154637940840612,-2.8864903320968756,7.345859991112316,-0.19176936055461075,-2.7961161930927907,1.2138008321483003,TRACKING distance=1.214 heading_error=-0.243 linear=0.350 angular=-0.292 ,False
87.4,1,6.138378253263774,-0.3154637940840612,-2.8864903320968756,7.345859991112316,-0.19176936055461075,-2.7961161930927907,1.2138008321483003,TRACKING distance=1.214 heading_error=-0.243 linear=0.350 angular=-0.292 ,False
87.5,1,6.138378253263774,-0.3154637940840612,-2.8864903320968756,7.350138912044972,-0.19114535530885812,-2.798047424169627,1.2181210811694163,TRACKING distance=1.218 heading_error=-0.241 linear=0.350 angular=-0.290 ,False
87.5,1,6.138378253263774,-0.3154637940840612,-2.8864903320968756,7.350715766813483,-0.19108765341571096,-2.798302018860142,1.2187008128033083,TRACKING distance=1.218 heading_error=-0.241 linear=0.350 angular=-0.290 ,False
87.60000000000001,1,6.138378253263774,-0.3154637940840612,-2.8864903320968756,7.356972993637997,-0.19035375879676916,-2.7992298517560434,1.2250002702845852,TRACKING distance=1.225 heading_error=-0.240 linear=0.350 angular=-0.288 ,False
87.60000000000001,1,6.138378253263774,-0.3154637940840612,-2.8864903320968756,7.357682432311666,-0.19027758706189704,-2.7990162343530653,1.2257137787722918,TRACKING distance=1.225 heading_error=-0.240 linear=0.350 angular=-0.288 ,False
87.7,1,6.138378253263774,-0.3154637940840612,-2.8864903320968756,7.362677236866278,-0.18936398880798788,-2.7966620494635666,1.2307758374865787,TRACKING distance=1.231 heading_error=-0.242 linear=0.350 angular=-0.291 ,False
87.7,1,6.138378253263774,-0.3154637940840612,-2.8864903320968756,7.363070338979191,-0.18922685945215598,-2.796417600186603,1.2311809243483423,TRACKING distance=1.231 heading_error=-0.242 linear=0.350 angular=-0.291 ,False
87.80000000000001,1,6.138378253263774,-0.3154637940840612,-2.8864903320968756,7.365146246650812,-0.18766045058287265,-2.7945609249700243,1.2334072337265347,TRACKING distance=1.233 heading_error=-0.243 linear=0.350 angular=-0.292 ,False
87.80000000000001,1,6.138378253263774,-0.3154637940840612,-2.8864903320968756,7.3652142235011375,-0.18744882718638656,-2.794398752875998,1.2334967894640287,TRACKING distance=1.233 heading_error=-0.243 linear=0.350 angular=-0.292 ,False
87.9,1,6.138378253263774,-0.3154637940840612,-2.8864903320968756,7.364396553094139,-0.18525346851134483,-2.793228832735507,1.2329134602252874,TRACKING distance=1.233 heading_error=-0.243 linear=0.350 angular=-0.291 ,False
87.9,1,6.138378253263774,-0.3154637940840612,-2.8864903320968756,7.364396553094139,-0.18525346851134483,-2.793228832735507,1.2329134602252874,TRACKING distance=1.233 heading_error=-0.243 linear=0.350 angular=-0.291 ,False
88.0,1,6.138378253263774,-0.3154637940840612,-2.8864903320968756,7.362515885114082,-0.18554150270857062,-2.7884525681302472,1.2310128933152316,TRACKING distance=1.231 heading_error=-0.247 linear=0.350 angular=-0.297 ,False
88.0,1,6.138378253263774,-0.3154637940840612,-2.8864903320968756,7.362515885114082,-0.18554150270857062,-2.7884525681302472,1.2310128933152316,TRACKING distance=1.231 heading_error=-0.247 linear=0.350 angular=-0.297 ,False
88.10000000000001,1,6.138378253263774,-0.3154637940840612,-2.8864903320968756,7.360680355008646,-0.18950603820274486,-2.783895425088096,1.2287749119332592,TRACKING distance=1.229 heading_error=-0.255 linear=0.350 angular=-0.305 ,False
88.10000000000001,1,6.138378253263774,-0.3154637940840612,-2.8864903320968756,7.360680355008646,-0.18950603820274486,-2.783895425088096,1.2287749119332592,TRACKING distance=1.229 heading_error=-0.255 linear=0.350 angular=-0.305 ,False
88.2,1,6.138378253263774,-0.3154637940840612,-2.8864903320968756,7.357235754831791,-0.19340269698200407,-2.7850679515599706,1.2249540891618702,TRACKING distance=1.225 heading_error=-0.257 linear=0.350 angular=-0.308 ,False
88.2,1,6.138378253263774,-0.3154637940840612,-2.8864903320968756,7.356739994113562,-0.1938119477152881,-2.785275544345426,1.2244200681512283,TRACKING distance=1.225 heading_error=-0.257 linear=0.350 angular=-0.308 ,False
88.30000000000001,1,6.138378253263774,-0.3154637940840612,-2.8864903320968756,7.353397570756318,-0.19627200189416805,-2.7872781586638826,1.2208515983548067,TRACKING distance=1.221 heading_error=-0.257 linear=0.350 angular=-0.308 ,False
88.30000000000001,1,6.138378253263774,-0.3154637940840612,-2.8864903320968756,7.353397570756318,-0.19627200189416805,-2.7872781586638826,1.2208515983548067,TRACKING distance=1.221 heading_error=-0.257 linear=0.350 angular=-0.308 ,False
88.4,1,6.138378253263774,-0.3154637940840612,-2.8864903320968756,7.351884730317928,-0.1964806942226374,-2.7893285540893964,1.219325611928585,TRACKING distance=1.219 heading_error=-0.255 linear=0.350 angular=-0.305 ,False
88.4,1,6.138378253263774,-0.3154637940840612,-2.8864903320968756,7.351884730317928,-0.1964806942226374,-2.7893285540893964,1.219325611928585,TRACKING distance=1.219 heading_error=-0.255 linear=0.350 angular=-0.305 ,False
88.5,1,6.138378253263774,-0.3154637940840612,-2.8864903320968756,7.352709103026479,-0.19403436880007768,-2.791111825053147,1.2203870361529623,TRACKING distance=1.220 heading_error=-0.251 linear=0.350 angular=-0.301 ,False
88.5,1,6.138378253263774,-0.3154637940840612,-2.8864903320968756,7.352709103026479,-0.19403436880007768,-2.791111825053147,1.2203870361529623,TRACKING distance=1.220 heading_error=-0.251 linear=0.350 angular=-0.301 ,False
88.60000000000001,1,6.138378253263774,-0.3154637940840612,-2.8864903320968756,7.356201914007333,-0.19169082884015137,-2.799297783895812,1.2240973064230287,TRACKING distance=1.224 heading_error=-0.241 linear=0.350 angular=-0.289 ,False
88.60000000000001,1,6.138378253263774,-0.3154637940840612,-2.8864903320968756,7.356201914007333,-0.19169082884015137,-2.799297783895812,1.2240973064230287,TRACKING distance=1.224 heading_error=-0.241 linear=0.350 angular=-0.289 ,False
88.7,1,6.138378253263774,-0.3154637940840612,-2.8864903320968756,7.360145643322308,-0.19126261941801165,-2.8039306100293233,1.2280641217782025,TRACKING distance=1.228 heading_error=-0.236 linear=0.350 angular=-0.284 ,False
88.7,1,6.138378253263774,-0.3154637940840612,-2.8864903320968756,7.360145643322308,-0.19126261941801165,-2.8039306100293233,1.2280641217782025,TRACKING distance=1.228 heading_error=-0.236 linear=0.350 angular=-0.284 ,False
88.80000000000001,1,6.138378253263774,-0.3154637940840612,-2.8864903320968756,7.361734415217842,-0.19144578160221143,-2.803130994427026,1.2296262710315422,TRACKING distance=1.230 heading_error=-0.237 linear=0.350 angular=-0.285 ,False
88.80000000000001,1,6.138378253263774,-0.3154637940840612,-2.8864903320968756,7.361734415217842,-0.19144578160221143,-2.803130994427026,1.2296262710315422,TRACKING distance=1.230 heading_error=-0.237 linear=0.350 angular=-0.285 ,False
88.9,1,6.138378253263774,-0.3154637940840612,-2.8864903320968756,7.360133244381826,-0.19109071201718636,-2.8023578561494293,1.2280691844780918,TRACKING distance=1.228 heading_error=-0.238 linear=0.350 angular=-0.285 ,False
88.9,1,6.138378253263774,-0.3154637940840612,-2.8864903320968756,7.360133244381826,-0.19109071201718636,-2.8023578561494293,1.2280691844780918,TRACKING distance=1.228 heading_error=-0.238 linear=0.350 angular=-0.285 ,False
89.0,1,6.138378253263774,-0.3154637940840612,-2.8864903320968756,7.357141358744204,-0.1926376600166521,-2.7978869357416385,1.22493663774509,TRACKING distance=1.225 heading_error=-0.243 linear=0.350 angular=-0.292 ,False
89.0,1,6.138378253263774,-0.3154637940840612,-2.8864903320968756,7.357141358744204,-0.1926376600166521,-2.7978869357416385,1.22493663774509,TRACKING distance=1.225 heading_error=-0.243 linear=0.350 angular=-0.292 ,False
89.10000000000001,1,6.138378253263774,-0.3154637940840612,-2.8864903320968756,7.35496071197495,-0.1957679998366463,-2.795946670895756,1.2224565276541537,TRACKING distance=1.222 heading_error=-0.248 linear=0.350 angular=-0.297 ,False
89.10000000000001,1,6.138378253263774,-0.3154637940840612,-2.8864903320968756,7.35496071197495,-0.1957679998366463,-2.795946670895756,1.2224565276541537,TRACKING distance=1.222 heading_error=-0.248 linear=0.350 angular=-0.297 ,False
89.2,1,6.138378253263774,-0.3154637940840612,-2.8864903320968756,7.355176778847686,-0.1966797867308655,-2.7963071566365723,1.222582632080984,TRACKING distance=1.223 heading_error=-0.248 linear=0.350 angular=-0.298 ,False
89.2,1,6.138378253263774,-0.3154637940840612,-2.8864903320968756,7.355329677345864,-0.1966251477978793,-2.796335952663243,1.2227401164706095,TRACKING distance=1.223 heading_error=-0.248 linear=0.350 angular=-0.298 ,False
89.30000000000001,1,6.138378253263774,-0.3154637940840612,-2.8864903320968756,7.357691425932216,-0.19496494282596022,-2.7965876228054927,1.2252528662269284,TRACKING distance=1.225 heading_error=-0.246 linear=0.350 angular=-0.296 ,False
89.30000000000001,1,6.138378253263774,-0.3154637940840612,-2.8864903320968756,7.357691425932216,-0.19496494282596022,-2.7965876228054927,1.2252528662269284,TRACKING distance=1.225 heading_error=-0.246 linear=0.350 angular=-0.296 ,False
89.4,1,6.138378253263774,-0.3154637940840612,-2.8864903320968756,7.359045863411285,-0.1921249399185405,-2.796456233757331,1.226882996626043,TRACKING distance=1.227 heading_error=-0.244 linear=0.350 angular=-0.293 ,False
89.4,1,6.138378253263774,-0.3154637940840612,-2.8864903320968756,7.359045863411285,-0.1921249399185405,-2.796456233757331,1.226882996626043,TRACKING distance=1.227 heading_error=-0.244 linear=0.350 angular=-0.293 ,False
89.5,1,6.138378253263774,-0.3154637940840612,-2.8864903320968756,7.359310606560245,-0.19163714229605805,-2.791725237616802,1.2271955227342901,TRACKING distance=1.227 heading_error=-0.249 linear=0.350 angular=-0.299 ,False
89.5,1,6.138378253263774,-0.3154637940840612,-2.8864903320968756,7.359329477513097,-0.19178527878600052,-2.7910326902224942,1.227199359167961,TRACKING distance=1.227 heading_error=-0.249 linear=0.350 angular=-0.299 ,False
89.60000000000001,1,6.138378253263774,-0.3154637940840612,-2.8864903320968756,7.358831894969109,-0.19392230032875818,-2.7865043312832958,1.2264906955440327,TRACKING distance=1.226 heading_error=-0.256 linear=0.350 angular=-0.307 ,False
89.60000000000001,1,6.138378253263774,-0.3154637940840612,-2.8864903320968756,7.358831894969109,-0.19392230032875818,-2.7865043312832958,1.2264906955440327,TRACKING distance=1.226 heading_error=-0.256 linear=0.350 angular=-0.307 ,False
89.7,1,6.138378253263774,-0.3154637940840612,-2.8864903320968756,7.35651666519314,-0.1961216305619879,-2.7862867017407247,1.2239704827371969,TRACKING distance=1.224 heading_error=-0.258 linear=0.350 angular=-0.309 ,False
89.7,1,6.138378253263774,-0.3154637940840612,-2.8864903320968756,7.35651666519314,-0.1961216305619879,-2.7862867017407247,1.2239704827371969,TRACKING distance=1.224 heading_error=-0.258 linear=0.350 angular=-0.309 ,False
89.80000000000001,1,6.138378253263774,-0.3154637940840612,-2.8864903320968756,7.356015365765771,-0.19593857459879435,-2.7871000002098207,1.2234894424698572,TRACKING distance=1.223 heading_error=-0.257 linear=0.350 angular=-0.308 ,False
89.80000000000001,1,6.138378253263774,-0.3154637940840612,-2.8864903320968756,7.356015365765771,-0.19593857459879435,-2.7871000002098207,1.2234894424698572,TRACKING distance=1.223 heading_error=-0.257 linear=0.350 angular=-0.308 ,False
89.9,1,6.138378253263774,-0.3154637940840612,-2.8864903320968756,7.357775586747064,-0.19397887385176457,-2.789574880523207,1.2254339813919004,TRACKING distance=1.225 heading_error=-0.253 linear=0.350 angular=-0.303 ,False
89.9,1,6.138378253263774,-0.3154637940840612,-2.8864903320968756,7.357974430243933,-0.1938226893327962,-2.7897326651500425,1.2256473364184859,TRACKING distance=1.225 heading_error=-0.253 linear=0.350 angular=-0.303 ,False
90.0,1,6.138378253263774,-0.3154637940840612,-2.8864903320968756,7.359283943455942,-0.19349714857380163,-2.7880920236290674,1.2269827085010776,TRACKING distance=1.227 heading_error=-0.254 linear=0.350 angular=-0.305 ,False
90.0,1,6.138378253263774,-0.3154637940840612,-2.8864903320968756,7.3593520284271925,-0.1935496338267193,-2.7876761842993427,1.227045240448804,TRACKING distance=1.227 heading_error=-0.254 linear=0.350 angular=-0.305 ,False
90.10000000000001,1,6.138378253263774,-0.3154637940840612,-2.8864903320968756,7.358911358232878,-0.19433827869072776,-2.783984786445873,1.2265286180129769,TRACKING distance=1.227 heading_error=-0.259 linear=0.350 angular=-0.310 ,False
90.10000000000001,1,6.138378253263774,-0.3154637940840612,-2.8864903320968756,7.358741576281871,-0.19445532573512292,-2.7836434903463854,1.226348111092413,TRACKING distance=1.227 heading_error=-0.259 linear=0.350 angular=-0.310 ,False
90.2,1,6.138378253263774,-0.3154637940840612,-2.8864903320968756,7.356618384970708,-0.1957893156993436,-2.7824747137215904,1.2241041619396538,TRACKING distance=1.224 heading_error=-0.261 linear=0.350 angular=-0.314 ,False
90.2,1,6.138378253263774,-0.3154637940840612,-2.8864903320968756,7.356618384970708,-0.1957893156993436,-2.7824747137215904,1.2241041619396538,TRACKING distance=1.224 heading_error=-0.261 linear=0.350 angular=-0.314 ,False
90.30000000000001,1,6.138378253263774,-0.3154637940840612,-2.8864903320968756,7.3565068824054265,-0.1960300076982767,-2.78555783079223,1.2239696836380252,TRACKING distance=1.224 heading_error=-0.258 linear=0.350 angular=-0.310 ,False
90.30000000000001,1,6.138378253263774,-0.3154637940840612,-2.8864903320968756,7.3565068824054265,-0.1960300076982767,-2.78555783079223,1.2239696836380252,TRACKING distance=1.224 heading_error=-0.258 linear=0.350 angular=-0.310 ,False
90.4,1,6.138378253263774,-0.3154637940840612,-2.8864903320968756,7.358291502687851,-0.19487836574480086,-2.7891101694335947,1.2258585487927116,TRACKING distance=1.226 heading_error=-0.254 linear=0.350 angular=-0.305 ,False
90.4,1,6.138378253263774,-0.3154637940840612,-2.8864903320968756,7.358291502687851,-0.19487836574480086,-2.7891101694335947,1.2258585487927116,TRACKING distance=1.226 heading_error=-0.254 linear=0.350 angular=-0.305 ,False
90.5,1,6.138378253263774,-0.3154637940840612,-2.8864903320968756,7.358893853610422,-0.19453435401228875,-2.78802062473435,1.226491850835386,TRACKING distance=1.226 heading_error=-0.255 linear=0.350 angular=-0.306 ,False
90.5,1,6.138378253263774,-0.3154637940840612,-2.8864903320968756,7.358893853610422,-0.19453435401228875,-2.78802062473435,1.226491850835386,TRACKING distance=1.226 heading_error=-0.255 linear=0.350 angular=-0.306 ,False
90.60000000000001,1,6.138378253263774,-0.3154637940840612,-2.8864903320968756,7.35765330741653,-0.19553020299616336,-2.784074358572651,1.2251594687837353,TRACKING distance=1.225 heading_error=-0.259 linear=0.350 angular=-0.311 ,False
90.60000000000001,1,6.138378253263774,-0.3154637940840612,-2.8864903320968756,7.35765330741653,-0.19553020299616336,-2.784074358572651,1.2251594687837353,TRACKING distance=1.225 heading_error=-0.259 linear=0.350 angular=-0.311 ,False
90.7,1,6.138378253263774,-0.3154637940840612,-2.8864903320968756,7.357030671680274,-0.19628282765967509,-2.783323536433629,1.2244663407665541,TRACKING distance=1.224 heading_error=-0.261 linear=0.350 angular=-0.313 ,False
90.7,1,6.138378253263774,-0.3154637940840612,-2.8864903320968756,7.357109767447473,-0.1962851414674405,-2.7834418712097078,1.2245448358079851,TRACKING distance=1.224 heading_error=-0.261 linear=0.350 angular=-0.313 ,False
90.80000000000001,1,6.138378253263774,-0.3154637940840612,-2.8864903320968756,7.358420350943958,-0.19571235769509857,-2.7848739521732067,1.2259050234945137,TRACKING distance=1.226 heading_error=-0.259 linear=0.350 angular=-0.311 ,False
90.80000000000001,1,6.138378253263774,-0.3154637940840612,-2.8864903320968756,7.358420350943958,-0.19571235769509857,-2.7848739521732067,1.2259050234945137,TRACKING distance=1.226 heading_error=-0.259 linear=0.350 angular=-0.311 ,False
90.9,1,6.138378253263774,-0.3154637940840612,-2.8864903320968756,7.3582188678260065,-0.19544170177999892,-2.7852962487894413,1.2257309768365203,TRACKING distance=1.226 heading_error=-0.258 linear=0.350 angular=-0.310 ,False
90.9,1,6.138378253263774,-0.3154637940840612,-2.8864903320968756,7.3582188678260065,-0.19544170177999892,-2.7852962487894413,1.2257309768365203,TRACKING distance=1.226 heading_error=-0.258 linear=0.350 angular=-0.310 ,False
90.9,1,4.727534862863217,-0.8400822090333644,-2.901317643891106,7.3576586502020795,-0.19568031059123162,-2.7849320826662964,2.7079152393384747,OBJECT_GOAL_PUBLISHED,
91.0,1,6.138378253263774,-0.3154637940840612,-2.8864903320968756,7.3573399396869315,-0.1960714401903391,-2.7854092248506084,1.2247947285712297,TRACKING distance=1.225 heading_error=-0.259 linear=0.350 angular=-0.310 ,False
91.0,1,6.138378253263774,-0.3154637940840612,-2.8864903320968756,7.357375711274134,-0.19611391563212738,-2.7856074516750398,1.2248261901683075,TRACKING distance=1.225 heading_error=-0.259 linear=0.350 angular=-0.310 ,False
91.10000000000001,1,6.138378253263774,-0.3154637940840612,-2.8864903320968756,7.358231021921817,-0.19599846301449003,-2.786674511220982,1.2256886809178977,TRACKING distance=1.226 heading_error=-0.257 linear=0.350 angular=-0.309 ,False
91.10000000000001,1,6.138378253263774,-0.3154637940840612,-2.8864903320968756,7.358251916868262,-0.1959809958929628,-2.786656086834191,1.225711178956695,TRACKING distance=1.226 heading_error=-0.257 linear=0.350 angular=-0.309 ,False
91.2,1,6.138378253263774,-0.3154637940840612,-2.8864903320968756,7.35769385787345,-0.19596502438715244,-2.786388410385559,1.2251573366730228,TRACKING distance=1.225 heading_error=-0.258 linear=0.350 angular=-0.309 ,False
91.2,1,6.138378253263774,-0.3154637940840612,-2.8864903320968756,7.35769385787345,-0.19596502438715244,-2.786388410385559,1.2251573366730228,TRACKING distance=1.225 heading_error=-0.258 linear=0.350 angular=-0.309 ,False
91.30000000000001,1,6.138378253263774,-0.3154637940840612,-2.8864903320968756,7.3579040547681,-0.19586187787750806,-2.7864378787505886,1.225376594723046,TRACKING distance=1.225 heading_error=-0.257 linear=0.350 angular=-0.309 ,False
91.30000000000001,1,6.138378253263774,-0.3154637940840612,-2.8864903320968756,7.3579040547681,-0.19586187787750806,-2.7864378787505886,1.225376594723046,TRACKING distance=1.225 heading_error=-0.257 linear=0.350 angular=-0.309 ,False
91.4,1,6.138378253263774,-0.3154637940840612,-2.8864903320968756,7.357904038822567,-0.19609882181891855,-2.786450947832144,1.225353474817226,TRACKING distance=1.225 heading_error=-0.258 linear=0.350 angular=-0.309 ,False
91.4,1,6.138378253263774,-0.3154637940840612,-2.8864903320968756,7.357904038822567,-0.19609882181891855,-2.786450947832144,1.225353474817226,TRACKING distance=1.225 heading_error=-0.258 linear=0.350 angular=-0.309 ,False
91.5,1,6.138378253263774,-0.3154637940840612,-2.8864903320968756,7.357883200012386,-0.19607460822098824,-2.786455604887726,1.2253350941050305,TRACKING distance=1.225 heading_error=-0.258 linear=0.350 angular=-0.309 ,False
91.5,1,6.138378253263774,-0.3154637940840612,-2.8864903320968756,7.357883200012386,-0.19607460822098824,-2.786455604887726,1.2253350941050305,TRACKING distance=1.225 heading_error=-0.258 linear=0.350 angular=-0.309 ,False
91.60000000000001,1,6.138378253263774,-0.3154637940840612,-2.8864903320968756,7.357817673729447,-0.19589551111328915,-2.7864588809708124,1.2252873436374978,TRACKING distance=1.225 heading_error=-0.257 linear=0.350 angular=-0.309 ,False
91.60000000000001,1,6.138378253263774,-0.3154637940840612,-2.8864903320968756,7.3578155075688505,-0.1958884503241334,-2.786459273188558,1.2252858768558499,TRACKING distance=1.225 heading_error=-0.257 linear=0.350 angular=-0.309 ,False
91.7,1,6.138378253263774,-0.3154637940840612,-2.8864903320968756,7.357847081156021,-0.1959626408848014,-2.786462129354086,1.225310061909574,TRACKING distance=1.225 heading_error=-0.257 linear=0.350 angular=-0.309 ,False
91.7,1,6.138378253263774,-0.3154637940840612,-2.8864903320968756,7.357847081156021,-0.1959626408848014,-2.786462129354086,1.225310061909574,TRACKING distance=1.225 heading_error=-0.257 linear=0.350 angular=-0.309 ,False
91.80000000000001,1,6.138378253263774,-0.3154637940840612,-2.8864903320968756,7.357898441232952,-0.1961061220203134,-2.7864656999315316,1.2253471927355353,TRACKING distance=1.225 heading_error=-0.258 linear=0.350 angular=-0.309 ,False
91.80000000000001,1,6.138378253263774,-0.3154637940840612,-2.8864903320968756,7.357898441232952,-0.1961061220203134,-2.7864656999315316,1.2253471927355353,TRACKING distance=1.225 heading_error=-0.258 linear=0.350 angular=-0.309 ,False
91.9,1,6.138378253263774,-0.3154637940840612,-2.8864903320968756,7.357860354735757,-0.1960087441353167,-2.786469270738647,1.2253187767959735,TRACKING distance=1.225 heading_error=-0.257 linear=0.350 angular=-0.309 ,False
91.9,1,6.138378253263774,-0.3154637940840612,-2.8864903320968756,7.357860354735757,-0.1960087441353167,-2.786469270738647,1.2253187767959735,TRACKING distance=1.225 heading_error=-0.257 linear=0.350 angular=-0.309 ,False
92.0,1,6.138378253263774,-0.3154637940840612,-2.8864903320968756,7.357824964960607,-0.1959094179780515,-2.786472741798928,1.2252932430705383,TRACKING distance=1.225 heading_error=-0.257 linear=0.350 angular=-0.309 ,False
92.0,1,6.138378253263774,-0.3154637940840612,-2.8864903320968756,7.357824964960607,-0.1959094179780515,-2.786472741798928,1.2252932430705383,TRACKING distance=1.225 heading_error=-0.257 linear=0.350 angular=-0.309 ,False
92.10000000000001,1,6.138378253263774,-0.3154637940840612,-2.8864903320968756,7.357866511865568,-0.1960181578280888,-2.786475242672131,1.2253239869064145,TRACKING distance=1.225 heading_error=-0.257 linear=0.350 angular=-0.309 ,False
92.10000000000001,1,6.138378253263774,-0.3154637940840612,-2.8864903320968756,7.357866511865568,-0.1960181578280888,-2.786475242672131,1.2253239869064145,TRACKING distance=1.225 heading_error=-0.257 linear=0.350 angular=-0.309 ,False
92.2,1,6.138378253263774,-0.3154637940840612,-2.8864903320968756,7.357888109589931,-0.196082580951092,-2.78647903395831,1.2253392035374302,TRACKING distance=1.225 heading_error=-0.258 linear=0.350 angular=-0.309 ,False
92.2,1,6.138378253263774,-0.3154637940840612,-2.8864903320968756,7.3578855965576935,-0.19607634489599013,-2.7864794059768845,1.2253373100381086,TRACKING distance=1.225 heading_error=-0.258 linear=0.350 angular=-0.309 ,False
92.30000000000001,1,6.138378253263774,-0.3154637940840612,-2.8864903320968756,7.357843774725662,-0.19596593912548269,-2.7864820787917544,1.2253064495766015,TRACKING distance=1.225 heading_error=-0.257 linear=0.350 angular=-0.309 ,False
92.30000000000001,1,6.138378253263774,-0.3154637940840612,-2.8864903320968756,7.357843774725662,-0.19596593912548269,-2.7864820787917544,1.2253064495766015,TRACKING distance=1.225 heading_error=-0.257 linear=0.350 angular=-0.309 ,False
92.4,1,6.138378253263774,-0.3154637940840612,-2.8864903320968756,7.357835526166005,-0.19593897521747464,-2.7864854201297726,1.22530087030053,TRACKING distance=1.225 heading_error=-0.257 linear=0.350 angular=-0.309 ,False
92.4,1,6.138378253263774,-0.3154637940840612,-2.8864903320968756,7.357835526166005,-0.19593897521747464,-2.7864854201297726,1.22530087030053,TRACKING distance=1.225 heading_error=-0.257 linear=0.350 angular=-0.309 ,False
92.5,1,6.138378253263774,-0.3154637940840612,-2.8864903320968756,7.357876391789813,-0.19604940143352698,-2.7864884008188726,1.2253307745423563,TRACKING distance=1.225 heading_error=-0.257 linear=0.350 angular=-0.309 ,False
92.5,1,6.138378253263774,-0.3154637940840612,-2.8864903320968756,7.357876391789813,-0.19604940143352698,-2.7864884008188726,1.2253307745423563,TRACKING distance=1.225 heading_error=-0.257 linear=0.350 angular=-0.309 ,False
92.60000000000001,1,6.138378253263774,-0.3154637940840612,-2.8864903320968756,7.35787336098477,-0.19604628898533413,-2.7864920236159376,1.2253280614918798,TRACKING distance=1.225 heading_error=-0.257 linear=0.350 angular=-0.309 ,False
92.60000000000001,1,6.138378253263774,-0.3154637940840612,-2.8864903320968756,7.35787336098477,-0.19604628898533413,-2.7864920236159376,1.2253280614918798,TRACKING distance=1.225 heading_error=-0.257 linear=0.350 angular=-0.309 ,False
92.7,1,6.138378253263774,-0.3154637940840612,-2.8864903320968756,7.357836849728041,-0.19594900070111615,-2.786495070674522,1.2253012096329488,TRACKING distance=1.225 heading_error=-0.257 linear=0.350 angular=-0.309 ,False
92.7,1,6.138378253263774,-0.3154637940840612,-2.8864903320968756,7.357836849728041,-0.19594900070111615,-2.786495070674522,1.2253012096329488,TRACKING distance=1.225 heading_error=-0.257 linear=0.350 angular=-0.309 ,False
92.80000000000001,1,6.138378253263774,-0.3154637940840612,-2.8864903320968756,7.3578487765325145,-0.19597617360262423,-2.7864981778384625,1.225310429470692,TRACKING distance=1.225 heading_error=-0.257 linear=0.350 angular=-0.309 ,False
92.80000000000001,1,6.138378253263774,-0.3154637940840612,-2.8864903320968756,7.3578487765325145,-0.19597617360262423,-2.7864981778384625,1.225310429470692,TRACKING distance=1.225 heading_error=-0.257 linear=0.350 angular=-0.309 ,False
92.9,1,6.138378253263774,-0.3154637940840612,-2.8864903320968756,7.357877584552348,-0.1960565482457888,-2.7865015685890158,1.2253312651572885,TRACKING distance=1.225 heading_error=-0.257 linear=0.350 angular=-0.309 ,False
92.9,1,6.138378253263774,-0.3154637940840612,-2.8864903320968756,7.357877584552348,-0.1960565482457888,-2.7865015685890158,1.2253312651572885,TRACKING distance=1.225 heading_error=-0.257 linear=0.350 angular=-0.309 ,False
93.0,1,6.138378253263774,-0.3154637940840612,-2.8864903320968756,7.357859591165265,-0.19601156532233893,-2.786504966520376,1.2253177418311354,TRACKING distance=1.225 heading_error=-0.257 linear=0.350 angular=-0.309 ,False
93.0,1,6.138378253263774,-0.3154637940840612,-2.8864903320968756,7.357859591165265,-0.19601156532233893,-2.786504966520376,1.2253177418311354,TRACKING distance=1.225 heading_error=-0.257 linear=0.350 angular=-0.309 ,False
93.10000000000001,1,6.138378253263774,-0.3154637940840612,-2.8864903320968756,7.35783785253174,-0.19595224537833064,-2.7865079386576346,1.2253018911765505,TRACKING distance=1.225 heading_error=-0.257 linear=0.350 angular=-0.309 ,False
93.10000000000001,1,6.138378253263774,-0.3154637940840612,-2.8864903320968756,7.35783785253174,-0.19595224537833064,-2.7865079386576346,1.2253018911765505,TRACKING distance=1.225 heading_error=-0.257 linear=0.350 angular=-0.309 ,False
93.2,1,6.138378253263774,-0.3154637940840612,-2.8864903320968756,7.357859215296438,-0.1960069825201258,-2.786511135422729,1.2253178145236987,TRACKING distance=1.225 heading_error=-0.257 linear=0.350 angular=-0.309 ,False
93.2,1,6.138378253263774,-0.3154637940840612,-2.8864903320968756,7.357862096670435,-0.1960149586212835,-2.7865114609593142,1.2253199046058527,TRACKING distance=1.225 heading_error=-0.257 linear=0.350 angular=-0.309 ,False
93.30000000000001,1,6.138378253263774,-0.3154637940840612,-2.8864903320968756,7.357872697673275,-0.19604661232601994,-2.7865147148194445,1.225327369825987,TRACKING distance=1.225 heading_error=-0.257 linear=0.350 angular=-0.309 ,False
93.30000000000001,1,6.138378253263774,-0.3154637940840612,-2.8864903320968756,7.357872697673275,-0.19604661232601994,-2.7865147148194445,1.225327369825987,TRACKING distance=1.225 heading_error=-0.257 linear=0.350 angular=-0.309 ,False
93.4,1,6.138378253263774,-0.3154637940840612,-2.8864903320968756,7.357849843281248,-0.19598718673039822,-2.7865177100905685,1.2253104172267892,TRACKING distance=1.225 heading_error=-0.257 linear=0.350 angular=-0.309 ,False
93.4,1,6.138378253263774,-0.3154637940840612,-2.8864903320968756,7.357847481349921,-0.19598086173215393,-2.7865180350666785,1.2253086833008386,TRACKING distance=1.225 heading_error=-0.257 linear=0.350 angular=-0.309 ,False
93.5,1,6.138378253263774,-0.3154637940840612,-2.8864903320968756,7.357843427771812,-0.19596783837423776,-2.7865208722069554,1.2253059190540636,TRACKING distance=1.225 heading_error=-0.257 linear=0.350 angular=-0.309 ,False
93.5,1,6.138378253263774,-0.3154637940840612,-2.8864903320968756,7.357843427771812,-0.19596783837423776,-2.7865208722069554,1.2253059190540636,TRACKING distance=1.225 heading_error=-0.257 linear=0.350 angular=-0.309 ,False
93.60000000000001,1,6.138378253263774,-0.3154637940840612,-2.8864903320968756,7.357865015028567,-0.19602569674935943,-2.786524089741366,1.225321762319806,TRACKING distance=1.225 heading_error=-0.257 linear=0.350 angular=-0.309 ,False
93.60000000000001,1,6.138378253263774,-0.3154637940840612,-2.8864903320968756,7.357865015028567,-0.19602569674935943,-2.786524089741366,1.225321762319806,TRACKING distance=1.225 heading_error=-0.257 linear=0.350 angular=-0.309 ,False
93.7,1,6.138378253263774,-0.3154637940840612,-2.8864903320968756,7.357864934406636,-0.19602842683556154,-2.786527451557042,1.2253214159699553,TRACKING distance=1.225 heading_error=-0.257 linear=0.350 angular=-0.309 ,False
93.7,1,6.138378253263774,-0.3154637940840612,-2.8864903320968756,7.357863065030392,-0.1960236055047147,-2.7865277559329273,1.2253200254534868,TRACKING distance=1.225 heading_error=-0.257 linear=0.350 angular=-0.309 ,False
93.80000000000001,1,6.138378253263774,-0.3154637940840612,-2.8864903320968756,7.357845160683839,-0.1959762138731062,-2.7865302973026593,1.225306826928393,TRACKING distance=1.225 heading_error=-0.257 linear=0.350 angular=-0.309 ,False
93.80000000000001,1,6.138378253263774,-0.3154637940840612,-2.8864903320968756,7.357845160683839,-0.1959762138731062,-2.7865302973026593,1.225306826928393,TRACKING distance=1.225 heading_error=-0.257 linear=0.350 angular=-0.309 ,False
93.9,1,6.138378253263774,-0.3154637940840612,-2.8864903320968756,7.3578502440436315,-0.1959874666648858,-2.7865335619553973,1.2253107887838757,TRACKING distance=1.225 heading_error=-0.257 linear=0.350 angular=-0.309 ,False
93.9,1,6.138378253263774,-0.3154637940840612,-2.8864903320968756,7.3578502440436315,-0.1959874666648858,-2.7865335619553973,1.2253107887838757,TRACKING distance=1.225 heading_error=-0.257 linear=0.350 angular=-0.309 ,False
94.0,1,6.138378253263774,-0.3154637940840612,-2.8864903320968756,7.357866021449161,-0.19603140126863525,-2.7865367458269352,1.2253222079140633,TRACKING distance=1.225 heading_error=-0.257 linear=0.350 angular=-0.309 ,False
94.0,1,6.138378253263774,-0.3154637940840612,-2.8864903320968756,7.357866021449161,-0.19603140126863525,-2.7865367458269352,1.2253222079140633,TRACKING distance=1.225 heading_error=-0.257 linear=0.350 angular=-0.309 ,False
94.10000000000001,1,6.138378253263774,-0.3154637940840612,-2.8864903320968756,7.357857230311536,-0.1960101059433042,-2.786539741376005,1.2253155344938242,TRACKING distance=1.225 heading_error=-0.257 linear=0.350 angular=-0.309 ,False
94.10000000000001,1,6.138378253263774,-0.3154637940840612,-2.8864903320968756,7.357857230311536,-0.1960101059433042,-2.786539741376005,1.2253155344938242,TRACKING distance=1.225 heading_error=-0.257 linear=0.350 angular=-0.309 ,False
94.2,1,6.138378253263774,-0.3154637940840612,-2.8864903320968756,7.3578451156752855,-0.1959769287703586,-2.7865431384728554,1.2253067124203114,TRACKING distance=1.225 heading_error=-0.257 linear=0.350 angular=-0.309 ,False
94.2,1,6.138378253263774,-0.3154637940840612,-2.8864903320968756,7.3578451156752855,-0.1959769287703586,-2.7865431384728554,1.2253067124203114,TRACKING distance=1.225 heading_error=-0.257 linear=0.350 angular=-0.309 ,False
94.30000000000001,1,6.138378253263774,-0.3154637940840612,-2.8864903320968756,7.357855706489631,-0.19600410850944255,-2.7865459557514445,1.225314602624081,TRACKING distance=1.225 heading_error=-0.257 linear=0.350 angular=-0.309 ,False
94.30000000000001,1,6.138378253263774,-0.3154637940840612,-2.8864903320968756,7.357855706489631,-0.19600410850944255,-2.7865459557514445,1.225314602624081,TRACKING distance=1.225 heading_error=-0.257 linear=0.350 angular=-0.309 ,False
94.4,1,6.138378253263774,-0.3154637940840612,-2.8864903320968756,7.357863531708237,-0.19602733509028217,-2.786548996438188,1.2253201263668778,TRACKING distance=1.225 heading_error=-0.257 linear=0.350 angular=-0.309 ,False
94.4,1,6.138378253263774,-0.3154637940840612,-2.8864903320968756,7.357863531708237,-0.19602733509028217,-2.786548996438188,1.2253201263668778,TRACKING distance=1.225 heading_error=-0.257 linear=0.350 angular=-0.309 ,False
94.5,1,6.138378253263774,-0.3154637940840612,-2.8864903320968756,7.357851781319087,-0.19599736848670737,-2.786551829280986,1.2253113532782924,TRACKING distance=1.225 heading_error=-0.257 linear=0.350 angular=-0.309 ,False
94.5,1,6.138378253263774,-0.3154637940840612,-2.8864903320968756,7.357850486258745,-0.1959938867745335,-2.786552109351062,1.2253104038562184,TRACKING distance=1.225 heading_error=-0.257 linear=0.350 angular=-0.309 ,False
94.60000000000001,1,6.138378253263774,-0.3154637940840612,-2.8864903320968756,7.357847476486179,-0.19598465367818405,-2.7865550689195464,1.2253083087038885,TRACKING distance=1.225 heading_error=-0.257 linear=0.350 angular=-0.309 ,False
94.60000000000001,1,6.138378253263774,-0.3154637940840612,-2.8864903320968756,7.357847476486179,-0.19598465367818405,-2.7865550689195464,1.2253083087038885,TRACKING distance=1.225 heading_error=-0.257 linear=0.350 angular=-0.309 ,False
94.7,1,6.138378253263774,-0.3154637940840612,-2.8864903320968756,7.357858722010855,-0.1960144902335264,-2.7865581469458225,1.2253165916798718,TRACKING distance=1.225 heading_error=-0.257 linear=0.350 angular=-0.309 ,False
94.7,1,6.138378253263774,-0.3154637940840612,-2.8864903320968756,7.357858722010855,-0.1960144902335264,-2.7865581469458225,1.2253165916798718,TRACKING distance=1.225 heading_error=-0.257 linear=0.350 angular=-0.309 ,False
94.80000000000001,1,6.138378253263774,-0.3154637940840612,-2.8864903320968756,7.357859481714402,-0.1960186160566337,-2.786561032233172,1.2253169455685566,TRACKING distance=1.225 heading_error=-0.257 linear=0.350 angular=-0.309 ,False
94.80000000000001,1,6.138378253263774,-0.3154637940840612,-2.8864903320968756,7.357859481714402,-0.1960186160566337,-2.786561032233172,1.2253169455685566,TRACKING distance=1.225 heading_error=-0.257 linear=0.350 angular=-0.309 ,False
94.9,1,6.138378253263774,-0.3154637940840612,-2.8864903320968756,7.3578490788835405,-0.1959913655791153,-2.786563954956335,1.2253092490104793,TRACKING distance=1.225 heading_error=-0.257 linear=0.350 angular=-0.309 ,False
94.9,1,6.138378253263774,-0.3154637940840612,-2.8864903320968756,7.3578490788835405,-0.1959913655791153,-2.786563954956335,1.2253092490104793,TRACKING distance=1.225 heading_error=-0.257 linear=0.350 angular=-0.309 ,False
95.0,1,6.138378253263774,-0.3154637940840612,-2.8864903320968756,7.357850685040995,-0.19599472423726913,-2.7865671479193344,1.225310520037556,TRACKING distance=1.225 heading_error=-0.257 linear=0.350 angular=-0.309 ,False
95.0,1,6.138378253263774,-0.3154637940840612,-2.8864903320968756,7.357851620686176,-0.19599719681340452,-2.7865674745963305,1.2253112101486558,TRACKING distance=1.225 heading_error=-0.257 linear=0.350 angular=-0.309 ,False
95.10000000000001,1,6.138378253263774,-0.3154637940840612,-2.8864903320968756,7.357859243584824,-0.19601813973298962,-2.786570221220654,1.225316755005727,TRACKING distance=1.225 heading_error=-0.257 linear=0.350 angular=-0.309 ,False
95.10000000000001,1,6.138378253263774,-0.3154637940840612,-2.8864903320968756,7.357859545436064,-0.19601908592463935,-2.7865705094176434,1.2253169631836032,TRACKING distance=1.225 heading_error=-0.257 linear=0.350 angular=-0.309 ,False
95.2,1,6.138378253263774,-0.3154637940840612,-2.8864903320968756,7.357855488701168,-0.1960094676403,-2.7865729826492367,1.2253138634065,TRACKING distance=1.225 heading_error=-0.257 linear=0.350 angular=-0.309 ,False
95.2,1,6.138378253263774,-0.3154637940840612,-2.8864903320968756,7.357855488701168,-0.1960094676403,-2.7865729826492367,1.2253138634065,TRACKING distance=1.225 heading_error=-0.257 linear=0.350 angular=-0.309 ,False
95.30000000000001,1,6.138378253263774,-0.3154637940840612,-2.8864903320968756,7.3578485960955575,-0.1959911007807708,-2.7865760850141266,1.2253087943418224,TRACKING distance=1.225 heading_error=-0.257 linear=0.350 angular=-0.309 ,False
95.30000000000001,1,6.138378253263774,-0.3154637940840612,-2.8864903320968756,7.3578485960955575,-0.1959911007807708,-2.7865760850141266,1.2253087943418224,TRACKING distance=1.225 heading_error=-0.257 linear=0.350 angular=-0.309 ,False
95.4,1,6.138378253263774,-0.3154637940840612,-2.8864903320968756,7.35785335849817,-0.1960034564758837,-2.786579233744887,1.2253123293870432,TRACKING distance=1.225 heading_error=-0.257 linear=0.350 angular=-0.309 ,False
95.4,1,6.138378253263774,-0.3154637940840612,-2.8864903320968756,7.35785335849817,-0.1960034564758837,-2.786579233744887,1.2253123293870432,TRACKING distance=1.225 heading_error=-0.257 linear=0.350 angular=-0.309 ,False
95.5,1,6.138378253263774,-0.3154637940840612,-2.8864903320968756,7.357857996267565,-0.19601671458224795,-2.7865823309706443,1.225315652555743,TRACKING distance=1.225 heading_error=-0.257 linear=0.350 angular=-0.309 ,False
95.5,1,6.138378253263774,-0.3154637940840612,-2.8864903320968756,7.357857996267565,-0.19601671458224795,-2.7865823309706443,1.225315652555743,TRACKING distance=1.225 heading_error=-0.257 linear=0.350 angular=-0.309 ,False
95.60000000000001,1,6.138378253263774,-0.3154637940840612,-2.8864903320968756,7.357852387257805,-0.19600258809126753,-2.786585335637312,1.2253114474360158,TRACKING distance=1.225 heading_error=-0.257 linear=0.350 angular=-0.309 ,False
95.60000000000001,1,6.138378253263774,-0.3154637940840612,-2.8864903320968756,7.357852387257805,-0.19600258809126753,-2.786585335637312,1.2253114474360158,TRACKING distance=1.225 heading_error=-0.257 linear=0.350 angular=-0.309 ,False
95.7,1,6.138378253263774,-0.3154637940840612,-2.8864903320968756,7.357849450735638,-0.1959945012713211,-2.786588436596802,1.2253093133526076,TRACKING distance=1.225 heading_error=-0.257 linear=0.350 angular=-0.309 ,False
95.7,1,6.138378253263774,-0.3154637940840612,-2.8864903320968756,7.357849450735638,-0.1959945012713211,-2.786588436596802,1.2253093133526076,TRACKING distance=1.225 heading_error=-0.257 linear=0.350 angular=-0.309 ,False
95.80000000000001,1,6.138378253263774,-0.3154637940840612,-2.8864903320968756,7.357854874182452,-0.19600905851637923,-2.7865915423684817,1.2253132917000382,TRACKING distance=1.225 heading_error=-0.257 linear=0.350 angular=-0.309 ,False
95.80000000000001,1,6.138378253263774,-0.3154637940840612,-2.8864903320968756,7.3578553889250715,-0.19601050043972226,-2.7865918546648163,1.2253136634197643,TRACKING distance=1.225 heading_error=-0.257 linear=0.350 angular=-0.309 ,False
95.9,1,6.138378253263774,-0.3154637940840612,-2.8864903320968756,7.3578558715141975,-0.1960126265903873,-2.7865946300647737,1.2253139364380574,TRACKING distance=1.225 heading_error=-0.257 linear=0.350 angular=-0.309 ,False
95.9,1,6.138378253263774,-0.3154637940840612,-2.8864903320968756,7.3578558715141975,-0.1960126265903873,-2.7865946300647737,1.2253139364380574,TRACKING distance=1.225 heading_error=-0.257 linear=0.350 angular=-0.309 ,False
96.0,1,6.138378253263774,-0.3154637940840612,-2.8864903320968756,7.357850203743485,-0.19599791017798818,-2.7865979486681534,1.2253097304046234,TRACKING distance=1.225 heading_error=-0.257 linear=0.350 angular=-0.309 ,False
96.0,1,6.138378253263774,-0.3154637940840612,-2.8864903320968756,7.357850203743485,-0.19599791017798818,-2.7865979486681534,1.2253097304046234,TRACKING distance=1.225 heading_error=-0.257 linear=0.350 angular=-0.309 ,False
96.10000000000001,1,6.138378253263774,-0.3154637940840612,-2.8864903320968756,7.35785081416416,-0.19599924433310828,-2.786600725537135,1.22531020783969,TRACKING distance=1.225 heading_error=-0.257 linear=0.350 angular=-0.309 ,False
96.10000000000001,1,6.138378253263774,-0.3154637940840612,-2.8864903320968756,7.35785081416416,-0.19599924433310828,-2.786600725537135,1.22531020783969,TRACKING distance=1.225 heading_error=-0.257 linear=0.350 angular=-0.309 ,False
96.2,1,6.138378253263774,-0.3154637940840612,-2.8864903320968756,7.357855387316092,-0.1960118618941563,-2.7866040973729387,1.2253135290938222,TRACKING distance=1.225 heading_error=-0.257 linear=0.350 angular=-0.309 ,False
96.2,1,6.138378253263774,-0.3154637940840612,-2.8864903320968756,7.357855387316092,-0.1960118618941563,-2.7866040973729387,1.2253135290938222,TRACKING distance=1.225 heading_error=-0.257 linear=0.350 angular=-0.309 ,False
96.30000000000001,1,6.138378253263774,-0.3154637940840612,-2.8864903320968756,7.357853654428114,-0.19600793535494204,-2.7866068309154106,1.2253121872525545,TRACKING distance=1.225 heading_error=-0.257 linear=0.350 angular=-0.309 ,False
96.30000000000001,1,6.138378253263774,-0.3154637940840612,-2.8864903320968756,7.357853194020307,-0.19600675268240592,-2.7866071280842593,1.225311844337427,TRACKING distance=1.225 heading_error=-0.257 linear=0.350 angular=-0.309 ,False
96.4,1,6.138378253263774,-0.3154637940840612,-2.8864903320968756,7.357849977342188,-0.19599816740544032,-2.7866098338551013,1.2253094800027038,TRACKING distance=1.225 heading_error=-0.257 linear=0.350 angular=-0.309 ,False
96.4,1,6.138378253263774,-0.3154637940840612,-2.8864903320968756,7.357849906177646,-0.19599794031095774,-2.7866101334990843,1.2253094313185657,TRACKING distance=1.225 heading_error=-0.257 linear=0.350 angular=-0.309 ,False
96.5,1,6.138378253263774,-0.3154637940840612,-2.8864903320968756,7.357852087990682,-0.1960035466574688,-2.786612858657988,1.225311056139939,TRACKING distance=1.225 heading_error=-0.257 linear=0.350 angular=-0.309 ,False
96.5,1,6.138378253263774,-0.3154637940840612,-2.8864903320968756,7.357852087990682,-0.1960035466574688,-2.786612858657988,1.225311056139939,TRACKING distance=1.225 heading_error=-0.257 linear=0.350 angular=-0.309 ,False
96.60000000000001,1,6.138378253263774,-0.3154637940840612,-2.8864903320968756,7.357854596894714,-0.19601078201457137,-2.7866159026619637,1.2253128477119466,TRACKING distance=1.225 heading_error=-0.257 linear=0.350 angular=-0.309 ,False
96.60000000000001,1,6.138378253263774,-0.3154637940840612,-2.8864903320968756,7.357854596894714,-0.19601078201457137,-2.7866159026619637,1.2253128477119466,TRACKING distance=1.225 heading_error=-0.257 linear=0.350 angular=-0.309 ,False
96.7,1,6.138378253263774,-0.3154637940840612,-2.8864903320968756,7.357851902693243,-0.19600415094560583,-2.7866188943790045,1.2253108128110168,TRACKING distance=1.225 heading_error=-0.257 linear=0.350 angular=-0.309 ,False
96.7,1,6.138378253263774,-0.3154637940840612,-2.8864903320968756,7.357851902693243,-0.19600415094560583,-2.7866188943790045,1.2253108128110168,TRACKING distance=1.225 heading_error=-0.257 linear=0.350 angular=-0.309 ,False
96.80000000000001,1,6.138378253263774,-0.3154637940840612,-2.8864903320968756,7.357850186812457,-0.19599938650478238,-2.7866218762453183,1.2253095696154634,TRACKING distance=1.225 heading_error=-0.257 linear=0.350 angular=-0.309 ,False
96.80000000000001,1,6.138378253263774,-0.3154637940840612,-2.8864903320968756,7.357850186812457,-0.19599938650478238,-2.7866218762453183,1.2253095696154634,TRACKING distance=1.225 heading_error=-0.257 linear=0.350 angular=-0.309 ,False
96.9,1,6.138378253263774,-0.3154637940840612,-2.8864903320968756,7.357852815123286,-0.1960063779890383,-2.786624879890227,1.2253115037746718,TRACKING distance=1.225 heading_error=-0.257 linear=0.350 angular=-0.309 ,False
96.9,1,6.138378253263774,-0.3154637940840612,-2.8864903320968756,7.357853082763522,-0.19600713198222786,-2.7866251675841602,1.2253116966323103,TRACKING distance=1.225 heading_error=-0.257 linear=0.350 angular=-0.309 ,False
97.0,1,6.138378253263774,-0.3154637940840612,-2.8864903320968756,7.357853465998538,-0.19600872516143236,-2.786627846436336,1.2253119227224585,TRACKING distance=1.225 heading_error=-0.257 linear=0.350 angular=-0.309 ,False
97.0,1,6.138378253263774,-0.3154637940840612,-2.8864903320968756,7.357853267628847,-0.1960082550772957,-2.786628147217513,1.2253117711260637,TRACKING distance=1.225 heading_error=-0.257 linear=0.350 angular=-0.309 ,False
97.10000000000001,1,6.138378253263774,-0.3154637940840612,-2.8864903320968756,7.357850816583997,-0.19600190027049214,-2.78663081673931,1.2253099513038812,TRACKING distance=1.225 heading_error=-0.257 linear=0.350 angular=-0.309 ,False
97.10000000000001,1,6.138378253263774,-0.3154637940840612,-2.8864903320968756,7.357850816583997,-0.19600190027049214,-2.78663081673931,1.2253099513038812,TRACKING distance=1.225 heading_error=-0.257 linear=0.350 angular=-0.309 ,False
97.2,1,6.138378253263774,-0.3154637940840612,-2.8864903320968756,7.357850723570622,-0.19600150425210341,-2.7866337977458193,1.2253098973435992,TRACKING distance=1.225 heading_error=-0.257 linear=0.350 angular=-0.309 ,False
97.2,1,6.138378253263774,-0.3154637940840612,-2.8864903320968756,7.357850723570622,-0.19600150425210341,-2.7866337977458193,1.2253098973435992,TRACKING distance=1.225 heading_error=-0.257 linear=0.350 angular=-0.309 ,False
97.30000000000001,1,6.138378253263774,-0.3154637940840612,-2.8864903320968756,7.357852922457834,-0.1960075749149554,-2.786636746077971,1.2253114939084429,TRACKING distance=1.225 heading_error=-0.257 linear=0.350 angular=-0.309 ,False
97.30000000000001,1,6.138378253263774,-0.3154637940840612,-2.8864903320968756,7.357852922457834,-0.1960075749149554,-2.786636746077971,1.2253114939084429,TRACKING distance=1.225 heading_error=-0.257 linear=0.350 angular=-0.309 ,False
97.4,1,6.138378253263774,-0.3154637940840612,-2.8864903320968756,7.357852273250707,-0.1960062813266155,-2.7866396669043243,1.225310973907149,TRACKING distance=1.225 heading_error=-0.257 linear=0.350 angular=-0.309 ,False
97.4,1,6.138378253263774,-0.3154637940840612,-2.8864903320968756,7.357852273250707,-0.1960062813266155,-2.7866396669043243,1.225310973907149,TRACKING distance=1.225 heading_error=-0.257 linear=0.350 angular=-0.309 ,False
97.5,1,6.138378253263774,-0.3154637940840612,-2.8864903320968756,7.357850267373783,-0.19600100212211746,-2.7866429070302456,1.2253094922756715,TRACKING distance=1.225 heading_error=-0.257 linear=0.350 angular=-0.309 ,False
97.5,1,6.138378253263774,-0.3154637940840612,-2.8864903320968756,7.357850267373783,-0.19600100212211746,-2.7866429070302456,1.2253094922756715,TRACKING distance=1.225 heading_error=-0.257 linear=0.350 angular=-0.309 ,False
97.60000000000001,1,6.138378253263774,-0.3154637940840612,-2.8864903320968756,7.357851210413419,-0.196003507700869,-2.7866455851908265,1.2253101865413734,TRACKING distance=1.225 heading_error=-0.257 linear=0.350 angular=-0.309 ,False
97.60000000000001,1,6.138378253263774,-0.3154637940840612,-2.8864903320968756,7.35785140872679,-0.19600405049993036,-2.7866458719347755,1.2253103309905262,TRACKING distance=1.225 heading_error=-0.257 linear=0.350 angular=-0.309 ,False
97.7,1,6.138378253263774,-0.3154637940840612,-2.8864903320968756,7.357852534213964,-0.1960073319143176,-2.7866485101932077,1.2253111312042728,TRACKING distance=1.225 heading_error=-0.257 linear=0.350 angular=-0.309 ,False
97.7,1,6.138378253263774,-0.3154637940840612,-2.8864903320968756,7.357852513968895,-0.19600733266093823,-2.7866487899045493,1.2253111109828543,TRACKING distance=1.225 heading_error=-0.257 linear=0.350 angular=-0.309 ,False
97.80000000000001,1,6.138378253263774,-0.3154637940840612,-2.8864903320968756,7.357851263912015,-0.19600422897580252,-2.786651392875834,1.2253101694654052,TRACKING distance=1.225 heading_error=-0.257 linear=0.350 angular=-0.309 ,False
97.80000000000001,1,6.138378253263774,-0.3154637940840612,-2.8864903320968756,7.357851076296976,-0.19600374033218976,-2.786651689001107,1.225310030383726,TRACKING distance=1.225 heading_error=-0.257 linear=0.350 angular=-0.309 ,False
97.9,1,6.138378253263774,-0.3154637940840612,-2.8864903320968756,7.35785024434639,-0.19600155157429142,-2.7866543426356585,1.2253094157887077,TRACKING distance=1.225 heading_error=-0.257 linear=0.350 angular=-0.309 ,False
97.9,1,6.138378253263774,-0.3154637940840612,-2.8864903320968756,7.35785024434639,-0.19600155157429142,-2.7866543426356585,1.2253094157887077,TRACKING distance=1.225 heading_error=-0.257 linear=0.350 angular=-0.309 ,False
98.0,1,6.138378253263774,-0.3154637940840612,-2.8864903320968756,7.357851440249614,-0.19600488515698536,-2.78665728780143,1.2253102809898597,TRACKING distance=1.225 heading_error=-0.257 linear=0.350 angular=-0.309 ,False
98.0,1,6.138378253263774,-0.3154637940840612,-2.8864903320968756,7.357851579394052,-0.19600527622259634,-2.7866575694391806,1.2253103813454376,TRACKING distance=1.225 heading_error=-0.257 linear=0.350 angular=-0.309 ,False
98.10000000000001,1,6.138378253263774,-0.3154637940840612,-2.8864903320968756,7.3578518618837085,-0.19600629166814837,-2.78666018002896,1.2253105634915475,TRACKING distance=1.225 heading_error=-0.257 linear=0.350 angular=-0.309 ,False
98.10000000000001,1,6.138378253263774,-0.3154637940840612,-2.8864903320968756,7.3578518618837085,-0.19600629166814837,-2.78666018002896,1.2253105634915475,TRACKING distance=1.225 heading_error=-0.257 linear=0.350 angular=-0.309 ,False
98.2,1,6.138378253263774,-0.3154637940840612,-2.8864903320968756,7.357850505829261,-0.19600283915334987,-2.7866630907238163,1.2253095504933034,TRACKING distance=1.225 heading_error=-0.257 linear=0.350 angular=-0.309 ,False
98.2,1,6.138378253263774,-0.3154637940840612,-2.8864903320968756,7.357850505829261,-0.19600283915334987,-2.7866630907238163,1.2253095504933034,TRACKING distance=1.225 heading_error=-0.257 linear=0.350 angular=-0.309 ,False
98.30000000000001,1,6.138378253263774,-0.3154637940840612,-2.8864903320968756,7.357850330686851,-0.19600240264258548,-2.7866660138932158,1.2253094187427473,TRACKING distance=1.225 heading_error=-0.257 linear=0.350 angular=-0.309 ,False
98.30000000000001,1,6.138378253263774,-0.3154637940840612,-2.8864903320968756,7.35785042426426,-0.1960026586438511,-2.7866663180808,1.2253094869155725,TRACKING distance=1.225 heading_error=-0.257 linear=0.350 angular=-0.309 ,False
98.4,1,6.138378253263774,-0.3154637940840612,-2.8864903320968756,7.357851456766854,-0.19600561951171894,-2.7866692511302555,1.2253102258343478,TRACKING distance=1.225 heading_error=-0.257 linear=0.350 angular=-0.309 ,False
98.4,1,6.138378253263774,-0.3154637940840612,-2.8864903320968756,7.357851456766854,-0.19600561951171894,-2.7866692511302555,1.2253102258343478,TRACKING distance=1.225 heading_error=-0.257 linear=0.350 angular=-0.309 ,False
98.5,1,6.138378253263774,-0.3154637940840612,-2.8864903320968756,7.357851126023606,-0.19600497320577373,-2.7866718406780397,1.2253099596766315,TRACKING distance=1.225 heading_error=-0.257 linear=0.350 angular=-0.309 ,False
98.5,1,6.138378253263774,-0.3154637940840612,-2.8864903320968756,7.357851010182716,-0.1960046851820521,-2.7866721345731484,1.2253098724678373,TRACKING distance=1.225 heading_error=-0.257 linear=0.350 angular=-0.309 ,False
98.60000000000001,1,6.138378253263774,-0.3154637940840612,-2.8864903320968756,7.357850075242581,-0.1960022885833824,-2.7866747499323785,1.2253091756356027,TRACKING distance=1.225 heading_error=-0.257 linear=0.350 angular=-0.309 ,False
98.60000000000001,1,6.138378253263774,-0.3154637940840612,-2.8864903320968756,7.357850075242581,-0.1960022885833824,-2.7866747499323785,1.2253091756356027,TRACKING distance=1.225 heading_error=-0.257 linear=0.350 angular=-0.309 ,False
98.7,1,6.138378253263774,-0.3154637940840612,-2.8864903320968756,7.357850420352349,-0.19600327240995874,-2.786677639054195,1.2253094231835302,TRACKING distance=1.225 heading_error=-0.257 linear=0.350 angular=-0.309 ,False
98.7,1,6.138378253263774,-0.3154637940840612,-2.8864903320968756,7.357850420352349,-0.19600327240995874,-2.786677639054195,1.2253094231835302,TRACKING distance=1.225 heading_error=-0.257 linear=0.350 angular=-0.309 ,False
98.80000000000001,1,6.138378253263774,-0.3154637940840612,-2.8864903320968756,7.357851078132643,-0.19600520998590748,-2.786680542757575,1.2253098889294882,TRACKING distance=1.225 heading_error=-0.257 linear=0.350 angular=-0.309 ,False
98.80000000000001,1,6.138378253263774,-0.3154637940840612,-2.8864903320968756,7.357851078132643,-0.19600520998590748,-2.786680542757575,1.2253098889294882,TRACKING distance=1.225 heading_error=-0.257 linear=0.350 angular=-0.309 ,False
98.9,1,6.138378253263774,-0.3154637940840612,-2.8864903320968756,7.3578504616169145,-0.19600375128069725,-2.7866834354366503,1.2253094175645054,TRACKING distance=1.225 heading_error=-0.257 linear=0.350 angular=-0.309 ,False
98.9,1,6.138378253263774,-0.3154637940840612,-2.8864903320968756,7.3578504616169145,-0.19600375128069725,-2.7866834354366503,1.2253094175645054,TRACKING distance=1.225 heading_error=-0.257 linear=0.350 angular=-0.309 ,False
99.0,1,6.138378253263774,-0.3154637940840612,-2.8864903320968756,7.357849886927035,-0.19600231775142743,-2.7866862736080087,1.2253089853734507,TRACKING distance=1.225 heading_error=-0.257 linear=0.350 angular=-0.309 ,False
99.0,1,6.138378253263774,-0.3154637940840612,-2.8864903320968756,7.357849900559509,-0.19600235607802294,-2.78668655510023,1.2253089952043295,TRACKING distance=1.225 heading_error=-0.257 linear=0.350 angular=-0.309 ,False
99.10000000000001,1,6.138378253263774,-0.3154637940840612,-2.8864903320968756,7.35785040969031,-0.19600379638139512,-2.786689137728897,1.2253093614882355,TRACKING distance=1.225 heading_error=-0.257 linear=0.350 angular=-0.309 ,False
99.10000000000001,1,6.138378253263774,-0.3154637940840612,-2.8864903320968756,7.35785040969031,-0.19600379638139512,-2.786689137728897,1.2253093614882355,TRACKING distance=1.225 heading_error=-0.257 linear=0.350 angular=-0.309 ,False
99.2,1,6.138378253263774,-0.3154637940840612,-2.8864903320968756,7.357850597295558,-0.19600453480924598,-2.7866922746545506,1.225309476207893,TRACKING distance=1.225 heading_error=-0.257 linear=0.350 angular=-0.309 ,False
99.2,1,6.138378253263774,-0.3154637940840612,-2.8864903320968756,7.357850597295558,-0.19600453480924598,-2.7866922746545506,1.225309476207893,TRACKING distance=1.225 heading_error=-0.257 linear=0.350 angular=-0.309 ,False
99.30000000000001,1,6.138378253263774,-0.3154637940840612,-2.8864903320968756,7.357849965856796,-0.19600294721640527,-2.7866948241771694,1.2253090025576798,TRACKING distance=1.225 heading_error=-0.257 linear=0.350 angular=-0.309 ,False
99.30000000000001,1,6.138378253263774,-0.3154637940840612,-2.8864903320968756,7.357849965856796,-0.19600294721640527,-2.7866948241771694,1.2253090025576798,TRACKING distance=1.225 heading_error=-0.257 linear=0.350 angular=-0.309 ,False
99.4,1,6.138378253263774,-0.3154637940840612,-2.8864903320968756,7.357849767769725,-0.19600246921377643,-2.7866976255066613,1.2253088520169932,TRACKING distance=1.225 heading_error=-0.257 linear=0.350 angular=-0.309 ,False
99.4,1,6.138378253263774,-0.3154637940840612,-2.8864903320968756,7.357849767769725,-0.19600246921377643,-2.7866976255066613,1.2253088520169932,TRACKING distance=1.225 heading_error=-0.257 linear=0.350 angular=-0.309 ,False
99.5,1,6.138378253263774,-0.3154637940840612,-2.8864903320968756,7.357850263462021,-0.19600395280193822,-2.786700434465938,1.2253092007065416,TRACKING distance=1.225 heading_error=-0.257 linear=0.350 angular=-0.309 ,False
99.5,1,6.138378253263774,-0.3154637940840612,-2.8864903320968756,7.357850263462021,-0.19600395280193822,-2.786700434465938,1.2253092007065416,TRACKING distance=1.225 heading_error=-0.257 linear=0.350 angular=-0.309 ,False
99.60000000000001,1,6.138378253263774,-0.3154637940840612,-2.8864903320968756,7.357850178902386,-0.19600393189866955,-2.7867032256425723,1.225309118587672,TRACKING distance=1.225 heading_error=-0.257 linear=0.350 angular=-0.309 ,False
99.60000000000001,1,6.138378253263774,-0.3154637940840612,-2.8864903320968756,7.357850178902386,-0.19600393189866955,-2.7867032256425723,1.225309118587672,TRACKING distance=1.225 heading_error=-0.257 linear=0.350 angular=-0.309 ,False
99.7,1,6.138378253263774,-0.3154637940840612,-2.8864903320968756,7.357849561953553,-0.1960024172915863,-2.7867062883202305,1.2253086522434729,TRACKING distance=1.225 heading_error=-0.257 linear=0.350 angular=-0.309 ,False
99.7,1,6.138378253263774,-0.3154637940840612,-2.8864903320968756,7.357849561953553,-0.1960024172915863,-2.7867062883202305,1.2253086522434729,TRACKING distance=1.225 heading_error=-0.257 linear=0.350 angular=-0.309 ,False
99.80000000000001,1,6.138378253263774,-0.3154637940840612,-2.8864903320968756,7.357849650250354,-0.19600269684699897,-2.786708769847765,1.225308712864429,TRACKING distance=1.225 heading_error=-0.257 linear=0.350 angular=-0.309 ,False
99.80000000000001,1,6.138378253263774,-0.3154637940840612,-2.8864903320968756,7.357849650250354,-0.19600269684699897,-2.786708769847765,1.225308712864429,TRACKING distance=1.225 heading_error=-0.257 linear=0.350 angular=-0.309 ,False
99.9,1,6.138378253263774,-0.3154637940840612,-2.8864903320968756,7.357850007769995,-0.19600381941307612,-2.786711537126436,1.225308959237169,TRACKING distance=1.225 heading_error=-0.257 linear=0.350 angular=-0.309 ,False
99.9,1,6.138378253263774,-0.3154637940840612,-2.8864903320968756,7.357850007769995,-0.19600381941307612,-2.786711537126436,1.225308959237169,TRACKING distance=1.225 heading_error=-0.257 linear=0.350 angular=-0.309 ,False
100.0,1,6.138378253263774,-0.3154637940840612,-2.8864903320968756,7.35784972910459,-0.19600326212991157,-2.7867142860227596,1.2253087362310555,TRACKING distance=1.225 heading_error=-0.257 linear=0.350 angular=-0.309 ,False
100.0,1,6.138378253263774,-0.3154637940840612,-2.8864903320968756,7.357849675151562,-0.19600313064780128,-2.7867145652325283,1.2253086953538097,TRACKING distance=1.225 heading_error=-0.257 linear=0.350 angular=-0.309 ,False
100.10000000000001,1,6.138378253263774,-0.3154637940840612,-2.8864903320968756,7.3578493240205205,-0.19600228457884447,-2.7867170223073376,1.225308428382777,TRACKING distance=1.225 heading_error=-0.257 linear=0.350 angular=-0.309 ,False
100.10000000000001,1,6.138378253263774,-0.3154637940840612,-2.8864903320968756,7.3578493240205205,-0.19600228457884447,-2.7867170223073376,1.225308428382777,TRACKING distance=1.225 heading_error=-0.257 linear=0.350 angular=-0.309 ,False
100.2,1,6.138378253263774,-0.3154637940840612,-2.8864903320968756,7.357849517949701,-0.19600288957820935,-2.7867197516016944,1.2253085624037932,TRACKING distance=1.225 heading_error=-0.257 linear=0.350 angular=-0.309 ,False
100.2,1,6.138378253263774,-0.3154637940840612,-2.8864903320968756,7.35784954681951,-0.19600299502260501,-2.7867200208213005,1.2253085808558197,TRACKING distance=1.225 heading_error=-0.257 linear=0.350 angular=-0.309 ,False
100.30000000000001,1,6.138378253263774,-0.3154637940840612,-2.8864903320968756,7.357849667189091,-0.19600346621759887,-2.7867224619043514,1.2253086547131609,TRACKING distance=1.225 heading_error=-0.257 linear=0.350 angular=-0.309 ,False
100.30000000000001,1,6.138378253263774,-0.3154637940840612,-2.8864903320968756,7.357849667189091,-0.19600346621759887,-2.7867224619043514,1.2253086547131609,TRACKING distance=1.225 heading_error=-0.257 linear=0.350 angular=-0.309 ,False
100.4,1,6.138378253263774,-0.3154637940840612,-2.8864903320968756,7.357849304042511,-0.19600265834353892,-2.786725152385462,1.2253083720597902,TRACKING distance=1.225 heading_error=-0.257 linear=0.350 angular=-0.309 ,False
100.4,1,6.138378253263774,-0.3154637940840612,-2.8864903320968756,7.357849304042511,-0.19600265834353892,-2.786725152385462,1.2253083720597902,TRACKING distance=1.225 heading_error=-0.257 linear=0.350 angular=-0.309 ,False
100.5,1,6.138378253263774,-0.3154637940840612,-2.8864903320968756,7.357849111730734,-0.19600222052223995,-2.786727834395523,1.2253082233495418,TRACKING distance=1.225 heading_error=-0.257 linear=0.350 angular=-0.309 ,False
100.5,1,6.138378253263774,-0.3154637940840612,-2.8864903320968756,7.357849111730734,-0.19600222052223995,-2.786727834395523,1.2253082233495418,TRACKING distance=1.225 heading_error=-0.257 linear=0.350 angular=-0.309 ,False
100.60000000000001,1,6.138378253263774,-0.3154637940840612,-2.8864903320968756,7.357849332972865,-0.19600290998684028,-2.7867305115817276,1.225308376318446,TRACKING distance=1.225 heading_error=-0.257 linear=0.350 angular=-0.309 ,False
100.60000000000001,1,6.138378253263774,-0.3154637940840612,-2.8864903320968756,7.357849332972865,-0.19600290998684028,-2.7867305115817276,1.225308376318446,TRACKING distance=1.225 heading_error=-0.257 linear=0.350 angular=-0.309 ,False
100.7,1,6.138378253263774,-0.3154637940840612,-2.8864903320968756,7.357849275988082,-0.19600292458721377,-2.7867334489044304,1.2253083181816784,TRACKING distance=1.225 heading_error=-0.257 linear=0.350 angular=-0.309 ,False
100.7,1,6.138378253263774,-0.3154637940840612,-2.8864903320968756,7.357849275988082,-0.19600292458721377,-2.7867334489044304,1.2253083181816784,TRACKING distance=1.225 heading_error=-0.257 linear=0.350 angular=-0.309 ,False
100.80000000000001,1,6.138378253263774,-0.3154637940840612,-2.8864903320968756,7.357848974415758,-0.19600222540502046,-2.7867358382337524,1.2253080862126866,TRACKING distance=1.225 heading_error=-0.257 linear=0.350 angular=-0.309 ,False
100.80000000000001,1,6.138378253263774,-0.3154637940840612,-2.8864903320968756,7.357848951715586,-0.19600217069357068,-2.786736107597641,1.2253080689547597,TRACKING distance=1.225 heading_error=-0.257 linear=0.350 angular=-0.309 ,False
100.9,1,6.138378253263774,-0.3154637940840612,-2.8864903320968756,7.3578489408673,-0.19600221288521333,-2.786738488920606,1.2253080540446744,TRACKING distance=1.225 heading_error=-0.257 linear=0.350 angular=-0.309 ,False
100.9,1,6.138378253263774,-0.3154637940840612,-2.8864903320968756,7.3578489408673,-0.19600221288521333,-2.786738488920606,1.2253080540446744,TRACKING distance=1.225 heading_error=-0.257 linear=0.350 angular=-0.309 ,False
101.0,1,6.138378253263774,-0.3154637940840612,-2.8864903320968756,7.357849098013192,-0.19600275060392433,-2.7867411322814815,1.2253081580170855,TRACKING distance=1.225 heading_error=-0.257 linear=0.350 angular=-0.309 ,False
101.0,1,6.138378253263774,-0.3154637940840612,-2.8864903320968756,7.3578491007509195,-0.19600277051684475,-2.786741401828246,1.2253081588003665,TRACKING distance=1.225 heading_error=-0.257 linear=0.350 angular=-0.309 ,False
101.10000000000001,1,6.138378253263774,-0.3154637940840612,-2.8864903320968756,7.357848947928615,-0.19600249001604433,-2.786743765039376,1.225308034053471,TRACKING distance=1.225 heading_error=-0.257 linear=0.350 angular=-0.309 ,False
101.10000000000001,1,6.138378253263774,-0.3154637940840612,-2.8864903320968756,7.357848947928615,-0.19600249001604433,-2.786743765039376,1.225308034053471,TRACKING distance=1.225 heading_error=-0.257 linear=0.350 angular=-0.309 ,False
101.2,1,6.138378253263774,-0.3154637940840612,-2.8864903320968756,7.357848702081022,-0.19600194540109667,-2.7867463783171695,1.2253078424744097,TRACKING distance=1.225 heading_error=-0.257 linear=0.350 angular=-0.309 ,False
101.2,1,6.138378253263774,-0.3154637940840612,-2.8864903320968756,7.357848702081022,-0.19600194540109667,-2.7867463783171695,1.2253078424744097,TRACKING distance=1.225 heading_error=-0.257 linear=0.350 angular=-0.309 ,False
101.30000000000001,1,6.138378253263774,-0.3154637940840612,-2.8864903320968756,7.3578487532817105,-0.19600217714944862,-2.7867489779298578,1.2253078708368068,TRACKING distance=1.225 heading_error=-0.257 linear=0.350 angular=-0.309 ,False
101.30000000000001,1,6.138378253263774,-0.3154637940840612,-2.8864903320968756,7.357848769734967,-0.1960022257475195,-2.786749232489425,1.225307882473603,TRACKING distance=1.225 heading_error=-0.257 linear=0.350 angular=-0.309 ,False
101.4,1,6.138378253263774,-0.3154637940840612,-2.8864903320968756,7.357848814648036,-0.19600246087244955,-2.7867515706745603,1.2253079042491903,TRACKING distance=1.225 heading_error=-0.257 linear=0.350 angular=-0.309 ,False
101.4,1,6.138378253263774,-0.3154637940840612,-2.8864903320968756,7.357848806630953,-0.1960024473713656,-2.7867518273234553,1.225307897586588,TRACKING distance=1.225 heading_error=-0.257 linear=0.350 angular=-0.309 ,False
101.5,1,6.138378253263774,-0.3154637940840612,-2.8864903320968756,7.357848615664106,-0.1960020473626064,-2.7867541554655584,1.2253077465284135,TRACKING distance=1.225 heading_error=-0.257 linear=0.350 angular=-0.309 ,False
101.5,1,6.138378253263774,-0.3154637940840612,-2.8864903320968756,7.357848615664106,-0.1960020473626064,-2.7867541554655584,1.2253077465284135,TRACKING distance=1.225 heading_error=-0.257 linear=0.350 angular=-0.309 ,False
101.60000000000001,1,6.138378253263774,-0.3154637940840612,-2.8864903320968756,7.357848478656103,-0.19600176280678655,-2.7867567335691352,1.2253076379160095,TRACKING distance=1.225 heading_error=-0.257 linear=0.350 angular=-0.309 ,False
101.60000000000001,1,6.138378253263774,-0.3154637940840612,-2.8864903320968756,7.357848478656103,-0.19600176280678655,-2.7867567335691352,1.2253076379160095,TRACKING distance=1.225 heading_error=-0.257 linear=0.350 angular=-0.309 ,False
101.7,1,6.138378253263774,-0.3154637940840612,-2.8864903320968756,7.357848555341838,-0.19600205930521622,-2.7867593049235175,1.2253076853291733,TRACKING distance=1.225 heading_error=-0.257 linear=0.350 angular=-0.309 ,False
101.7,1,6.138378253263774,-0.3154637940840612,-2.8864903320968756,7.357848555341838,-0.19600205930521622,-2.7867593049235175,1.2253076853291733,TRACKING distance=1.225 heading_error=-0.257 linear=0.350 angular=-0.309 ,False
101.80000000000001,1,6.138378253263774,-0.3154637940840612,-2.8864903320968756,7.357848523278009,-0.19600209549272762,-2.786761867302312,1.225307649889985,TRACKING distance=1.225 heading_error=-0.257 linear=0.350 angular=-0.309 ,False
101.80000000000001,1,6.138378253263774,-0.3154637940840612,-2.8864903320968756,7.357848507513436,-0.19600206327147615,-2.78676212794632,1.2253076373419352,TRACKING distance=1.225 heading_error=-0.257 linear=0.350 angular=-0.309 ,False
101.9,1,6.138378253263774,-0.3154637940840612,-2.8864903320968756,7.357848331289188,-0.1960016839384993,-2.7867644187208565,1.2253074989404658,TRACKING distance=1.225 heading_error=-0.257 linear=0.350 angular=-0.309 ,False
101.9,1,6.138378253263774,-0.3154637940840612,-2.8864903320968756,7.357848316398406,-0.19600165022727947,-2.7867646789777494,1.2253074874073209,TRACKING distance=1.225 heading_error=-0.257 linear=0.350 angular=-0.309 ,False
102.0,1,6.138378253263774,-0.3154637940840612,-2.8864903320968756,7.357848275862365,-0.19600163508619425,-2.786767209811409,1.2253074485405855,TRACKING distance=1.225 heading_error=-0.257 linear=0.350 angular=-0.309 ,False
102.0,1,6.138378253263774,-0.3154637940840612,-2.8864903320968756,7.357848275862365,-0.19600163508619425,-2.786767209811409,1.2253074485405855,TRACKING distance=1.225 heading_error=-0.257 linear=0.350 angular=-0.309 ,False
102.10000000000001,1,6.138378253263774,-0.3154637940840612,-2.8864903320968756,7.3578483258303535,-0.1960018488062786,-2.7867694819803144,1.2253074774337627,TRACKING distance=1.225 heading_error=-0.257 linear=0.350 angular=-0.309 ,False
102.10000000000001,1,6.138378253263774,-0.3154637940840612,-2.8864903320968756,7.357848323002435,-0.19600185993109512,-2.7867697276327474,1.2253074735346974,TRACKING distance=1.225 heading_error=-0.257 linear=0.350 angular=-0.309 ,False
102.2,1,6.138378253263774,-0.3154637940840612,-2.8864903320968756,7.357848238357032,-0.19600167431840532,-2.786771988326157,1.2253074073889598,TRACKING distance=1.225 heading_error=-0.257 linear=0.350 angular=-0.309 ,False
102.2,1,6.138378253263774,-0.3154637940840612,-2.8864903320968756,7.357848238357032,-0.19600167431840532,-2.786771988326157,1.2253074073889598,TRACKING distance=1.225 heading_error=-0.257 linear=0.350 angular=-0.309 ,False
102.30000000000001,1,6.138378253263774,-0.3154637940840612,-2.8864903320968756,7.357848083926429,-0.19600134090616209,-2.7867744804040098,1.2253072862003582,TRACKING distance=1.225 heading_error=-0.257 linear=0.350 angular=-0.309 ,False
102.30000000000001,1,6.138378253263774,-0.3154637940840612,-2.8864903320968756,7.357848083926429,-0.19600134090616209,-2.7867744804040098,1.2253072862003582,TRACKING distance=1.225 heading_error=-0.257 linear=0.350 angular=-0.309 ,False
102.4,1,6.138378253263774,-0.3154637940840612,-2.8864903320968756,7.357848096336506,-0.1960014368584896,-2.7867769923295067,1.2253072891963563,TRACKING distance=1.225 heading_error=-0.257 linear=0.350 angular=-0.309 ,False
102.4,1,6.138378253263774,-0.3154637940840612,-2.8864903320968756,7.357848096336506,-0.1960014368584896,-2.7867769923295067,1.2253072891963563,TRACKING distance=1.225 heading_error=-0.257 linear=0.350 angular=-0.309 ,False
102.5,1,6.138378253263774,-0.3154637940840612,-2.8864903320968756,7.357848100622677,-0.19600151530535578,-2.7867794836867903,1.2253072858138678,TRACKING distance=1.225 heading_error=-0.257 linear=0.350 angular=-0.309 ,False
102.5,1,6.138378253263774,-0.3154637940840612,-2.8864903320968756,7.357848100622677,-0.19600151530535578,-2.7867794836867903,1.2253072858138678,TRACKING distance=1.225 heading_error=-0.257 linear=0.350 angular=-0.309 ,False
102.60000000000001,1,6.138378253263774,-0.3154637940840612,-2.8864903320968756,7.35784796198257,-0.1960011977317692,-2.786781939850043,1.2253071787963765,TRACKING distance=1.225 heading_error=-0.257 linear=0.350 angular=-0.309 ,False
102.60000000000001,1,6.138378253263774,-0.3154637940840612,-2.8864903320968756,7.35784796198257,-0.1960011977317692,-2.786781939850043,1.2253071787963765,TRACKING distance=1.225 heading_error=-0.257 linear=0.350 angular=-0.309 ,False
102.7,1,6.138378253263774,-0.3154637940840612,-2.8864903320968756,7.357847888013889,-0.19600105986907754,-2.7867843872200972,1.2253071186211637,TRACKING distance=1.225 heading_error=-0.257 linear=0.350 angular=-0.309 ,False
102.7,1,6.138378253263774,-0.3154637940840612,-2.8864903320968756,7.357847888013889,-0.19600105986907754,-2.7867843872200972,1.2253071186211637,TRACKING distance=1.225 heading_error=-0.257 linear=0.350 angular=-0.309 ,False
102.80000000000001,1,6.138378253263774,-0.3154637940840612,-2.8864903320968756,7.357847908676847,-0.19600123825448848,-2.786786846459134,1.225307121793803,TRACKING distance=1.225 heading_error=-0.257 linear=0.350 angular=-0.309 ,False
102.80000000000001,1,6.138378253263774,-0.3154637940840612,-2.8864903320968756,7.357847914453652,-0.19600126196195436,-2.786787089047585,1.2253071252317034,TRACKING distance=1.225 heading_error=-0.257 linear=0.350 angular=-0.309 ,False
102.9,1,6.138378253263774,-0.3154637940840612,-2.8864903320968756,7.357847877284511,-0.1960012742398601,-2.7867892903556037,1.225307087042593,TRACKING distance=1.225 heading_error=-0.257 linear=0.350 angular=-0.309 ,False
102.9,1,6.138378253263774,-0.3154637940840612,-2.8864903320968756,7.357847877284511,-0.1960012742398601,-2.7867892903556037,1.225307087042593,TRACKING distance=1.225 heading_error=-0.257 linear=0.350 angular=-0.309 ,False
103.0,1,6.138378253263774,-0.3154637940840612,-2.8864903320968756,7.357847752268176,-0.19600100998088635,-2.7867917194760867,1.2253069883860657,TRACKING distance=1.225 heading_error=-0.257 linear=0.350 angular=-0.309 ,False
103.0,1,6.138378253263774,-0.3154637940840612,-2.8864903320968756,7.357847741604772,-0.19600098422549683,-2.786791968011556,1.2253069802845158,TRACKING distance=1.225 heading_error=-0.257 linear=0.350 angular=-0.309 ,False
103.10000000000001,1,6.138378253263774,-0.3154637940840612,-2.8864903320968756,7.357847685721501,-0.19600090700059075,-2.7867941374462655,1.225306932196619,TRACKING distance=1.225 heading_error=-0.257 linear=0.350 angular=-0.309 ,False
103.10000000000001,1,6.138378253263774,-0.3154637940840612,-2.8864903320968756,7.357847685721501,-0.19600090700059075,-2.7867941374462655,1.225306932196619,TRACKING distance=1.225 heading_error=-0.257 linear=0.350 angular=-0.309 ,False
103.2,1,6.138378253263774,-0.3154637940840612,-2.8864903320968756,7.357847706387107,-0.19600101338249015,-2.786796561144732,1.2253069423919347,TRACKING distance=1.225 heading_error=-0.257 linear=0.350 angular=-0.309 ,False
103.2,1,6.138378253263774,-0.3154637940840612,-2.8864903320968756,7.357847705845534,-0.19600101831119687,-2.786796815329865,1.2253069413724116,TRACKING distance=1.225 heading_error=-0.257 linear=0.350 angular=-0.309 ,False
103.30000000000001,1,6.138378253263774,-0.3154637940840612,-2.8864903320968756,7.357847640326259,-0.19600092600230726,-2.7867989931237114,1.225306885165048,TRACKING distance=1.225 heading_error=-0.257 linear=0.350 angular=-0.309 ,False
103.30000000000001,1,6.138378253263774,-0.3154637940840612,-2.8864903320968756,7.357847640326259,-0.19600092600230726,-2.7867989931237114,1.225306885165048,TRACKING distance=1.225 heading_error=-0.257 linear=0.350 angular=-0.309 ,False
103.4,1,6.138378253263774,-0.3154637940840612,-2.8864903320968756,7.357847512990505,-0.19600058402768752,-2.7868013618862806,1.2253067917772407,TRACKING distance=1.225 heading_error=-0.257 linear=0.350 angular=-0.309 ,False
103.4,1,6.138378253263774,-0.3154637940840612,-2.8864903320968756,7.357847512990505,-0.19600058402768752,-2.7868013618862806,1.2253067917772407,TRACKING distance=1.225 heading_error=-0.257 linear=0.350 angular=-0.309 ,False
103.5,1,6.138378253263774,-0.3154637940840612,-2.8864903320968756,7.357847496856993,-0.19600061093553553,-2.7868037688166845,1.225306773097169,TRACKING distance=1.225 heading_error=-0.257 linear=0.350 angular=-0.309 ,False
103.5,1,6.138378253263774,-0.3154637940840612,-2.8864903320968756,7.357847505209057,-0.1960006325044683,-2.7868039957384436,1.2253067793065462,TRACKING distance=1.225 heading_error=-0.257 linear=0.350 angular=-0.309 ,False
103.60000000000001,1,6.138378253263774,-0.3154637940840612,-2.8864903320968756,7.357847527482296,-0.1960007788206651,-2.7868061498997503,1.225306787208359,TRACKING distance=1.225 heading_error=-0.257 linear=0.350 angular=-0.309 ,False
103.60000000000001,1,6.138378253263774,-0.3154637940840612,-2.8864903320968756,7.357847525793356,-0.19600077632681645,-2.7868063792858186,1.225306785770607,TRACKING distance=1.225 heading_error=-0.257 linear=0.350 angular=-0.309 ,False
103.7,1,6.138378253263774,-0.3154637940840612,-2.8864903320968756,7.357847416539545,-0.19600050479669565,-2.7868085362620127,1.2253067035105396,TRACKING distance=1.225 heading_error=-0.257 linear=0.350 angular=-0.309 ,False
103.7,1,6.138378253263774,-0.3154637940840612,-2.8864903320968756,7.357847416539545,-0.19600050479669565,-2.7868085362620127,1.2253067035105396,TRACKING distance=1.225 heading_error=-0.257 linear=0.350 angular=-0.309 ,False
103.80000000000001,1,6.138378253263774,-0.3154637940840612,-2.8864903320968756,7.357847307088227,-0.19600029473883404,-2.786810870748343,1.2253066150606202,TRACKING distance=1.225 heading_error=-0.257 linear=0.350 angular=-0.309 ,False
103.80000000000001,1,6.138378253263774,-0.3154637940840612,-2.8864903320968756,7.357847307088227,-0.19600029473883404,-2.786810870748343,1.2253066150606202,TRACKING distance=1.225 heading_error=-0.257 linear=0.350 angular=-0.309 ,False
103.9,1,6.138378253263774,-0.3154637940840612,-2.8864903320968756,7.357847338631527,-0.19600051896868909,-2.78681317746443,1.2253066245919653,TRACKING distance=1.225 heading_error=-0.257 linear=0.350 angular=-0.309 ,False
103.9,1,6.138378253263774,-0.3154637940840612,-2.8864903320968756,7.357847344171449,-0.19600054180212326,-2.7868134156092923,1.2253066278793117,TRACKING distance=1.225 heading_error=-0.257 linear=0.350 angular=-0.309 ,False
104.0,1,6.138378253263774,-0.3154637940840612,-2.8864903320968756,7.3578472944903215,-0.1960005500364834,-2.7868154606336657,1.2253065776320498,TRACKING distance=1.225 heading_error=-0.257 linear=0.350 angular=-0.309 ,False
104.0,1,6.138378253263774,-0.3154637940840612,-2.8864903320968756,7.357847282377627,-0.19600052385732317,-2.7868156892928586,1.2253065681294415,TRACKING distance=1.225 heading_error=-0.257 linear=0.350 angular=-0.309 ,False
104.10000000000001,1,6.138378253263774,-0.3154637940840612,-2.8864903320968756,7.357847128336913,-0.19600021391829223,-2.786817710041417,1.2253064450406563,TRACKING distance=1.225 heading_error=-0.257 linear=0.350 angular=-0.309 ,False
104.10000000000001,1,6.138378253263774,-0.3154637940840612,-2.8864903320968756,7.357847128336913,-0.19600021391829223,-2.786817710041417,1.2253064450406563,TRACKING distance=1.225 heading_error=-0.257 linear=0.350 angular=-0.309 ,False
104.2,1,6.138378253263774,-0.3154637940840612,-2.8864903320968756,7.35784707124775,-0.1960001319241773,-2.786819893927557,1.2253063962176514,TRACKING distance=1.225 heading_error=-0.257 linear=0.350 angular=-0.309 ,False
104.2,1,6.138378253263774,-0.3154637940840612,-2.8864903320968756,7.357847075094046,-0.19600014620045234,-2.786820119059418,1.2253063986537291,TRACKING distance=1.225 heading_error=-0.257 linear=0.350 angular=-0.309 ,False
104.30000000000001,1,6.138378253263774,-0.3154637940840612,-2.8864903320968756,7.35784710041147,-0.19600031191846362,-2.7868220375207584,1.2253064076935454,TRACKING distance=1.225 heading_error=-0.257 linear=0.350 angular=-0.309 ,False
104.30000000000001,1,6.138378253263774,-0.3154637940840612,-2.8864903320968756,7.35784710041147,-0.19600031191846362,-2.7868220375207584,1.2253064076935454,TRACKING distance=1.225 heading_error=-0.257 linear=0.350 angular=-0.309 ,False
104.4,1,6.138378253263774,-0.3154637940840612,-2.8864903320968756,7.357847006498127,-0.19600018425920088,-2.786824355799264,1.2253063266740012,TRACKING distance=1.225 heading_error=-0.257 linear=0.350 angular=-0.309 ,False
104.4,1,6.138378253263774,-0.3154637940840612,-2.8864903320968756,7.357847006498127,-0.19600018425920088,-2.786824355799264,1.2253063266740012,TRACKING distance=1.225 heading_error=-0.257 linear=0.350 angular=-0.309 ,False
104.5,1,6.138378253263774,-0.3154637940840612,-2.8864903320968756,7.357846887256188,-0.1959999412434258,-2.7868262416077956,1.2253062316934709,TRACKING distance=1.225 heading_error=-0.257 linear=0.350 angular=-0.309 ,False
104.5,1,6.138378253263774,-0.3154637940840612,-2.8864903320968756,7.357846887256188,-0.1959999412434258,-2.7868262416077956,1.2253062316934709,TRACKING distance=1.225 heading_error=-0.257 linear=0.350 angular=-0.309 ,False
104.60000000000001,1,6.138378253263774,-0.3154637940840612,-2.8864903320968756,7.357846869961728,-0.19599995100734793,-2.7868282835286298,1.2253062135294503,TRACKING distance=1.225 heading_error=-0.257 linear=0.350 angular=-0.309 ,False
104.60000000000001,1,6.138378253263774,-0.3154637940840612,-2.8864903320968756,7.3578468683178295,-0.19599996534677777,-2.7868284880326146,1.2253062104953307,TRACKING distance=1.225 heading_error=-0.257 linear=0.350 angular=-0.309 ,False
104.7,1,6.138378253263774,-0.3154637940840612,-2.8864903320968756,7.357846874455858,-0.1960000507297786,-2.7868302968760847,1.2253062082795227,TRACKING distance=1.225 heading_error=-0.257 linear=0.350 angular=-0.309 ,False
104.7,1,6.138378253263774,-0.3154637940840612,-2.8864903320968756,7.357846871663585,-0.19600004470693153,-2.786830503840452,1.2253062060877626,TRACKING distance=1.225 heading_error=-0.257 linear=0.350 angular=-0.309 ,False
104.80000000000001,1,6.138378253263774,-0.3154637940840612,-2.8864903320968756,7.357846785101978,-0.1959998450847718,-2.786832301985333,1.225306139401142,TRACKING distance=1.225 heading_error=-0.257 linear=0.350 angular=-0.309 ,False
104.80000000000001,1,6.138378253263774,-0.3154637940840612,-2.8864903320968756,7.357846773921149,-0.1959998144176265,-2.7868325103958154,1.2253061312635423,TRACKING distance=1.225 heading_error=-0.257 linear=0.350 angular=-0.309 ,False
104.9,1,6.138378253263774,-0.3154637940840612,-2.8864903320968756,7.357846699217869,-0.1959996344395699,-2.786834289919891,1.225306074463544,TRACKING distance=1.225 heading_error=-0.257 linear=0.350 angular=-0.309 ,False
104.9,1,6.138378253263774,-0.3154637940840612,-2.8864903320968756,7.357846699217869,-0.1959996344395699,-2.786834289919891,1.225306074463544,TRACKING distance=1.225 heading_error=-0.257 linear=0.350 angular=-0.309 ,False
105.0,1,6.138378253263774,-0.3154637940840612,-2.8864903320968756,7.357846703747624,-0.19599970266864594,-2.786836234765982,1.2253060723195626,TRACKING distance=1.225 heading_error=-0.257 linear=0.350 angular=-0.309 ,False
105.0,1,6.138378253263774,-0.3154637940840612,-2.8864903320968756,7.35784670816811,-0.19599971786426243,-2.7868364209396965,1.2253060752374565,TRACKING distance=1.225 heading_error=-0.257 linear=0.350 angular=-0.309 ,False
105.10000000000001,1,6.138378253263774,-0.3154637940840612,-2.8864903320968756,7.357846703443614,-0.19599971080173453,-2.7868381944507084,1.2253060712240464,TRACKING distance=1.225 heading_error=-0.257 linear=0.350 angular=-0.309 ,False
105.10000000000001,1,6.138378253263774,-0.3154637940840612,-2.8864903320968756,7.357846703443614,-0.19599971080173453,-2.7868381944507084,1.2253060712240464,TRACKING distance=1.225 heading_error=-0.257 linear=0.350 angular=-0.309 ,False
105.2,1,6.138378253263774,-0.3154637940840612,-2.8864903320968756,7.3578465969366125,-0.19599944428347174,-2.7868401098535904,1.22530599120932,TRACKING distance=1.225 heading_error=-0.257 linear=0.350 angular=-0.309 ,False
105.2,1,6.138378253263774,-0.3154637940840612,-2.8864903320968756,7.3578465969366125,-0.19599944428347174,-2.7868401098535904,1.22530599120932,TRACKING distance=1.225 heading_error=-0.257 linear=0.350 angular=-0.309 ,False
105.30000000000001,1,6.138378253263774,-0.3154637940840612,-2.8864903320968756,7.357846546506394,-0.19599933134265196,-2.7868420129282465,1.2253059520308236,TRACKING distance=1.225 heading_error=-0.257 linear=0.350 angular=-0.309 ,False
105.30000000000001,1,6.138378253263774,-0.3154637940840612,-2.8864903320968756,7.3578465487622715,-0.1959993402962403,-2.786842210503657,1.2253059534029995,TRACKING distance=1.225 heading_error=-0.257 linear=0.350 angular=-0.309 ,False
105.4,1,6.138378253263774,-0.3154637940840612,-2.8864903320968756,7.357846578268634,-0.19599954195959787,-2.786843912101499,1.2253059631070997,TRACKING distance=1.225 heading_error=-0.257 linear=0.350 angular=-0.309 ,False
105.4,1,6.138378253263774,-0.3154637940840612,-2.8864903320968756,7.357846578268634,-0.19599954195959787,-2.786843912101499,1.2253059631070997,TRACKING distance=1.225 heading_error=-0.257 linear=0.350 angular=-0.309 ,False
105.5,1,6.138378253263774,-0.3154637940840612,-2.8864903320968756,7.357846527669545,-0.195999538033904,-2.786845797297337,1.2253059131318214,TRACKING distance=1.225 heading_error=-0.257 linear=0.350 angular=-0.309 ,False
105.5,1,6.138378253263774,-0.3154637940840612,-2.8864903320968756,7.357846527669545,-0.195999538033904,-2.786845797297337,1.2253059131318214,TRACKING distance=1.225 heading_error=-0.257 linear=0.350 angular=-0.309 ,False
105.60000000000001,1,6.138378253263774,-0.3154637940840612,-2.8864903320968756,7.357846380336359,-0.1959992286766968,-2.786847667239546,1.2253057966621597,TRACKING distance=1.225 heading_error=-0.257 linear=0.350 angular=-0.309 ,False
105.60000000000001,1,6.138378253263774,-0.3154637940840612,-2.8864903320968756,7.357846370924457,-0.1959992027923465,-2.7868478573305486,1.2253057898187643,TRACKING distance=1.225 heading_error=-0.257 linear=0.350 angular=-0.309 ,False
105.7,1,6.138378253263774,-0.3154637940840612,-2.8864903320968756,7.357846338303432,-0.19599916302941148,-2.786849523300299,1.2253057612299527,TRACKING distance=1.225 heading_error=-0.257 linear=0.350 angular=-0.309 ,False
105.7,1,6.138378253263774,-0.3154637940840612,-2.8864903320968756,7.357846338303432,-0.19599916302941148,-2.786849523300299,1.2253057612299527,TRACKING distance=1.225 heading_error=-0.257 linear=0.350 angular=-0.309 ,False
105.80000000000001,1,6.138378253263774,-0.3154637940840612,-2.8864903320968756,7.35784638176121,-0.19599928375431425,-2.7868513787688594,1.2253057927102788,TRACKING distance=1.225 heading_error=-0.257 linear=0.350 angular=-0.309 ,False
105.80000000000001,1,6.138378253263774,-0.3154637940840612,-2.8864903320968756,7.35784638176121,-0.19599928375431425,-2.7868513787688594,1.2253057927102788,TRACKING distance=1.225 heading_error=-0.257 linear=0.350 angular=-0.309 ,False
105.9,1,6.138378253263774,-0.3154637940840612,-2.8864903320968756,7.357846318824103,-0.19599918306789668,-2.786853217866374,1.2253057398897198,TRACKING distance=1.225 heading_error=-0.257 linear=0.350 angular=-0.309 ,False
105.9,1,6.138378253263774,-0.3154637940840612,-2.8864903320968756,7.357846318824103,-0.19599918306789668,-2.786853217866374,1.2253057398897198,TRACKING distance=1.225 heading_error=-0.257 linear=0.350 angular=-0.309 ,False
106.0,1,6.138378253263774,-0.3154637940840612,-2.8864903320968756,7.357846213692113,-0.19599897293831392,-2.7868550370357767,1.2253056557457978,TRACKING distance=1.225 heading_error=-0.257 linear=0.350 angular=-0.309 ,False
106.0,1,6.138378253263774,-0.3154637940840612,-2.8864903320968756,7.357846207283673,-0.19599896321905777,-2.7868551986372507,1.225305650315497,TRACKING distance=1.225 heading_error=-0.257 linear=0.350 angular=-0.309 ,False
106.10000000000001,1,6.138378253263774,-0.3154637940840612,-2.8864903320968756,7.357846192891073,-0.19599896669622302,-2.7868568435228074,1.2253056356524508,TRACKING distance=1.225 heading_error=-0.257 linear=0.350 angular=-0.308 ,False
106.10000000000001,1,6.138378253263774,-0.3154637940840612,-2.8864903320968756,7.357846202282554,-0.19599896727927515,-2.7868570531051833,1.2253056449423414,TRACKING distance=1.225 heading_error=-0.257 linear=0.350 angular=-0.308 ,False
106.2,1,6.138378253263774,-0.3154637940840612,-2.8864903320968756,7.3578461900102665,-0.19599893324444728,-2.786858640496788,1.2253056360468502,TRACKING distance=1.225 heading_error=-0.257 linear=0.350 angular=-0.308 ,False
106.2,1,6.138378253263774,-0.3154637940840612,-2.8864903320968756,7.357846186966609,-0.19599892811594544,-2.7868588325787376,1.225305633517712,TRACKING distance=1.225 heading_error=-0.257 linear=0.350 angular=-0.308 ,False
106.30000000000001,1,6.138378253263774,-0.3154637940840612,-2.8864903320968756,7.357846136094071,-0.19599881297363375,-2.78686047940711,1.2253055941136974,TRACKING distance=1.225 heading_error=-0.257 linear=0.350 angular=-0.308 ,False
106.30000000000001,1,6.138378253263774,-0.3154637940840612,-2.8864903320968756,7.357846136094071,-0.19599881297363375,-2.78686047940711,1.2253055941136974,TRACKING distance=1.225 heading_error=-0.257 linear=0.350 angular=-0.308 ,False
106.4,1,6.138378253263774,-0.3154637940840612,-2.8864903320968756,7.357846081541974,-0.19599868304358853,-2.786862243844357,1.2253055524894447,TRACKING distance=1.225 heading_error=-0.257 linear=0.350 angular=-0.308 ,False
106.4,1,6.138378253263774,-0.3154637940840612,-2.8864903320968756,7.357846081541974,-0.19599868304358853,-2.786862243844357,1.2253055524894447,TRACKING distance=1.225 heading_error=-0.257 linear=0.350 angular=-0.308 ,False
106.5,1,6.138378253263774,-0.3154637940840612,-2.8864903320968756,7.357846062652657,-0.19599868343723173,-2.7868640264050293,1.225305533651742,TRACKING distance=1.225 heading_error=-0.257 linear=0.350 angular=-0.308 ,False
106.5,1,6.138378253263774,-0.3154637940840612,-2.8864903320968756,7.357846062652657,-0.19599868343723173,-2.7868640264050293,1.225305533651742,TRACKING distance=1.225 heading_error=-0.257 linear=0.350 angular=-0.308 ,False
106.60000000000001,1,6.138378253263774,-0.3154637940840612,-2.8864903320968756,7.357846034888591,-0.19599862514512154,-2.786865818164453,1.2253055117033311,TRACKING distance=1.225 heading_error=-0.257 linear=0.350 angular=-0.308 ,False
106.60000000000001,1,6.138378253263774,-0.3154637940840612,-2.8864903320968756,7.357846034888591,-0.19599862514512154,-2.786865818164453,1.2253055117033311,TRACKING distance=1.225 heading_error=-0.257 linear=0.350 angular=-0.308 ,False
106.7,1,6.138378253263774,-0.3154637940840612,-2.8864903320968756,7.357845967634258,-0.1959984088908223,-2.78686757528722,1.225305465853859,TRACKING distance=1.225 heading_error=-0.257 linear=0.350 angular=-0.308 ,False
106.7,1,6.138378253263774,-0.3154637940840612,-2.8864903320968756,7.357845967634258,-0.1959984088908223,-2.78686757528722,1.225305465853859,TRACKING distance=1.225 heading_error=-0.257 linear=0.350 angular=-0.308 ,False
106.80000000000001,1,6.138378253263774,-0.3154637940840612,-2.8864903320968756,7.357845943220071,-0.19599842846424886,-2.7868693296023284,1.2253054396476102,TRACKING distance=1.225 heading_error=-0.257 linear=0.350 angular=-0.308 ,False
106.80000000000001,1,6.138378253263774,-0.3154637940840612,-2.8864903320968756,7.357845943220071,-0.19599842846424886,-2.7868693296023284,1.2253054396476102,TRACKING distance=1.225 heading_error=-0.257 linear=0.350 angular=-0.308 ,False
106.9,1,6.138378253263774,-0.3154637940840612,-2.8864903320968756,7.357845953261361,-0.19599857278739252,-2.7868710684311186,1.2253054355697874,TRACKING distance=1.225 heading_error=-0.257 linear=0.350 angular=-0.308 ,False
106.9,1,6.138378253263774,-0.3154637940840612,-2.8864903320968756,7.357845953261361,-0.19599857278739252,-2.7868710684311186,1.2253054355697874,TRACKING distance=1.225 heading_error=-0.257 linear=0.350 angular=-0.308 ,False
107.0,1,6.138378253263774,-0.3154637940840612,-2.8864903320968756,7.357845868272431,-0.19599841561265444,-2.7868728180238325,1.2253053663100555,TRACKING distance=1.225 heading_error=-0.257 linear=0.350 angular=-0.308 ,False
107.0,1,6.138378253263774,-0.3154637940840612,-2.8864903320968756,7.357845868272431,-0.19599841561265444,-2.7868728180238325,1.2253053663100555,TRACKING distance=1.225 heading_error=-0.257 linear=0.350 angular=-0.308 ,False
107.10000000000001,1,6.138378253263774,-0.3154637940840612,-2.8864903320968756,7.357845762200489,-0.19599818944337277,-2.786874545310454,1.225305282794652,TRACKING distance=1.225 heading_error=-0.257 linear=0.350 angular=-0.308 ,False
107.10000000000001,1,6.138378253263774,-0.3154637940840612,-2.8864903320968756,7.357845762200489,-0.19599818944337277,-2.786874545310454,1.225305282794652,TRACKING distance=1.225 heading_error=-0.257 linear=0.350 angular=-0.308 ,False
107.2,1,6.138378253263774,-0.3154637940840612,-2.8864903320968756,7.357845769715048,-0.1959982318222236,-2.786876283233438,1.22530528614153,TRACKING distance=1.225 heading_error=-0.257 linear=0.350 angular=-0.308 ,False
107.2,1,6.138378253263774,-0.3154637940840612,-2.8864903320968756,7.357845769715048,-0.1959982318222236,-2.786876283233438,1.22530528614153,TRACKING distance=1.225 heading_error=-0.257 linear=0.350 angular=-0.308 ,False
107.30000000000001,1,6.138378253263774,-0.3154637940840612,-2.8864903320968756,7.357845764807752,-0.19599828658463575,-2.786877998266825,1.225305275918356,TRACKING distance=1.225 heading_error=-0.257 linear=0.350 angular=-0.308 ,False
107.30000000000001,1,6.138378253263774,-0.3154637940840612,-2.8864903320968756,7.357845761173086,-0.19599827661442884,-2.7868781695729807,1.2253052732730871,TRACKING distance=1.225 heading_error=-0.257 linear=0.350 angular=-0.308 ,False
107.4,1,6.138378253263774,-0.3154637940840612,-2.8864903320968756,7.35784567717351,-0.19599809616928515,-2.786879724053335,1.2253052072668726,TRACKING distance=1.225 heading_error=-0.257 linear=0.350 angular=-0.308 ,False
107.4,1,6.138378253263774,-0.3154637940840612,-2.8864903320968756,7.3578456627571915,-0.19599807250227344,-2.786879899992165,1.225305195226742,TRACKING distance=1.225 heading_error=-0.257 linear=0.350 angular=-0.308 ,False
107.5,1,6.138378253263774,-0.3154637940840612,-2.8864903320968756,7.3578456039157665,-0.19599794851626917,-2.7868814273169438,1.225305148754145,TRACKING distance=1.225 heading_error=-0.257 linear=0.350 angular=-0.308 ,False
107.5,1,6.138378253263774,-0.3154637940840612,-2.8864903320968756,7.3578456039157665,-0.19599794851626917,-2.7868814273169438,1.225305148754145,TRACKING distance=1.225 heading_error=-0.257 linear=0.350 angular=-0.308 ,False
107.60000000000001,1,6.138378253263774,-0.3154637940840612,-2.8864903320968756,7.357845614369759,-0.19599800280239385,-2.786883141244748,1.225305153865497,TRACKING distance=1.225 heading_error=-0.257 linear=0.350 angular=-0.308 ,False
107.60000000000001,1,6.138378253263774,-0.3154637940840612,-2.8864903320968756,7.357845614369759,-0.19599800280239385,-2.786883141244748,1.225305153865497,TRACKING distance=1.225 heading_error=-0.257 linear=0.350 angular=-0.308 ,False
107.7,1,6.138378253263774,-0.3154637940840612,-2.8864903320968756,7.357845582893293,-0.19599798559133602,-2.786884832421429,1.2253051242170543,TRACKING distance=1.225 heading_error=-0.257 linear=0.350 angular=-0.308 ,False
107.7,1,6.138378253263774,-0.3154637940840612,-2.8864903320968756,7.357845582893293,-0.19599798559133602,-2.786884832421429,1.2253051242170543,TRACKING distance=1.225 heading_error=-0.257 linear=0.350 angular=-0.308 ,False
107.80000000000001,1,6.138378253263774,-0.3154637940840612,-2.8864903320968756,7.357845499475473,-0.1959977989158595,-2.786886534443455,1.2253050593973214,TRACKING distance=1.225 heading_error=-0.257 linear=0.350 angular=-0.308 ,False
107.80000000000001,1,6.138378253263774,-0.3154637940840612,-2.8864903320968756,7.357845499475473,-0.1959977989158595,-2.786886534443455,1.2253050593973214,TRACKING distance=1.225 heading_error=-0.257 linear=0.350 angular=-0.308 ,False
107.9,1,6.138378253263774,-0.3154637940840612,-2.8864903320968756,7.357845450178103,-0.19599771410907504,-2.7868882141064706,1.2253050186034011,TRACKING distance=1.225 heading_error=-0.257 linear=0.350 angular=-0.308 ,False
107.9,1,6.138378253263774,-0.3154637940840612,-2.8864903320968756,7.357845450178103,-0.19599771410907504,-2.7868882141064706,1.2253050186034011,TRACKING distance=1.225 heading_error=-0.257 linear=0.350 angular=-0.308 ,False
108.0,1,6.138378253263774,-0.3154637940840612,-2.8864903320968756,7.357845453399282,-0.19599775322110252,-2.7868899046693785,1.225305017995848,TRACKING distance=1.225 heading_error=-0.257 linear=0.350 angular=-0.308 ,False
108.0,1,6.138378253263774,-0.3154637940840612,-2.8864903320968756,7.357845453399282,-0.19599775322110252,-2.7868899046693785,1.225305017995848,TRACKING distance=1.225 heading_error=-0.257 linear=0.350 angular=-0.308 ,False
108.10000000000001,1,6.138378253263774,-0.3154637940840612,-2.8864903320968756,7.357845403352221,-0.19599768409828108,-2.7868915727799117,1.22530497492664,TRACKING distance=1.225 heading_error=-0.257 linear=0.350 angular=-0.308 ,False
108.10000000000001,1,6.138378253263774,-0.3154637940840612,-2.8864903320968756,7.357845403352221,-0.19599768409828108,-2.7868915727799117,1.22530497492664,TRACKING distance=1.225 heading_error=-0.257 linear=0.350 angular=-0.308 ,False
108.2,1,6.138378253263774,-0.3154637940840612,-2.8864903320968756,7.3578453308250324,-0.1959975215714918,-2.786893251551426,1.2253049185912233,TRACKING distance=1.225 heading_error=-0.257 linear=0.350 angular=-0.308 ,False
108.2,1,6.138378253263774,-0.3154637940840612,-2.8864903320968756,7.3578453308250324,-0.1959975215714918,-2.786893251551426,1.2253049185912233,TRACKING distance=1.225 heading_error=-0.257 linear=0.350 angular=-0.308 ,False
108.30000000000001,1,6.138378253263774,-0.3154637940840612,-2.8864903320968756,7.3578452966928465,-0.1959974781859641,-2.786894906908797,1.2253048888517126,TRACKING distance=1.225 heading_error=-0.257 linear=0.350 angular=-0.308 ,False
108.30000000000001,1,6.138378253263774,-0.3154637940840612,-2.8864903320968756,7.3578452966928465,-0.1959974781859641,-2.786894906908797,1.2253048888517126,TRACKING distance=1.225 heading_error=-0.257 linear=0.350 angular=-0.308 ,False
108.4,1,6.138378253263774,-0.3154637940840612,-2.8864903320968756,7.357845288321319,-0.1959974885172122,-2.786896572470013,1.2253048795127814,TRACKING distance=1.225 heading_error=-0.257 linear=0.350 angular=-0.308 ,False
108.4,1,6.138378253263774,-0.3154637940840612,-2.8864903320968756,7.357845288321319,-0.1959974885172122,-2.786896572470013,1.2253048795127814,TRACKING distance=1.225 heading_error=-0.257 linear=0.350 angular=-0.308 ,False
108.5,1,6.138378253263774,-0.3154637940840612,-2.8864903320968756,7.357845228311082,-0.19599738898264457,-2.78689821476681,1.2253048294930076,TRACKING distance=1.225 heading_error=-0.257 linear=0.350 angular=-0.308 ,False
108.5,1,6.138378253263774,-0.3154637940840612,-2.8864903320968756,7.357845228311082,-0.19599738898264457,-2.78689821476681,1.2253048294930076,TRACKING distance=1.225 heading_error=-0.257 linear=0.350 angular=-0.308 ,False
108.60000000000001,1,6.138378253263774,-0.3154637940840612,-2.8864903320968756,7.357845161033485,-0.19599725069203502,-2.7869000355840963,1.2253047760191997,TRACKING distance=1.225 heading_error=-0.257 linear=0.350 angular=-0.308 ,False
108.60000000000001,1,6.138378253263774,-0.3154637940840612,-2.8864903320968756,7.357845161033485,-0.19599725069203502,-2.7869000355840963,1.2253047760191997,TRACKING distance=1.225 heading_error=-0.257 linear=0.350 angular=-0.308 ,False
108.7,1,6.138378253263774,-0.3154637940840612,-2.8864903320968756,7.357845142372047,-0.1959972358458606,-2.7869014960944685,1.225304758894166,TRACKING distance=1.225 heading_error=-0.257 linear=0.350 angular=-0.308 ,False
108.7,1,6.138378253263774,-0.3154637940840612,-2.8864903320968756,7.357845142372047,-0.1959972358458606,-2.7869014960944685,1.225304758894166,TRACKING distance=1.225 heading_error=-0.257 linear=0.350 angular=-0.308 ,False
108.7,1,3.2998102436810903,-1.2904137199286527,-2.878168617601872,7.357845142372047,-0.1959972358458606,-2.7869014960944685,4.203022088881506,OBJECT_GOAL_PUBLISHED,
108.80000000000001,1,6.138378253263774,-0.3154637940840612,-2.8864903320968756,7.357845121615454,-0.1959972137129465,-2.7869031353822935,1.2253047403944137,TRACKING distance=1.225 heading_error=-0.257 linear=0.350 angular=-0.308 ,False
108.80000000000001,1,6.138378253263774,-0.3154637940840612,-2.8864903320968756,7.357845121615454,-0.1959972137129465,-2.7869031353822935,1.2253047403944137,TRACKING distance=1.225 heading_error=-0.257 linear=0.350 angular=-0.308 ,False
108.9,1,6.138378253263774,-0.3154637940840612,-2.8864903320968756,7.357845057926983,-0.19599710070615617,-2.7869047514526746,1.2253046880274918,TRACKING distance=1.225 heading_error=-0.257 linear=0.350 angular=-0.308 ,False
108.9,1,6.138378253263774,-0.3154637940840612,-2.8864903320968756,7.357845057926983,-0.19599710070615617,-2.7869047514526746,1.2253046880274918,TRACKING distance=1.225 heading_error=-0.257 linear=0.350 angular=-0.308 ,False
109.0,1,6.138378253263774,-0.3154637940840612,-2.8864903320968756,7.35784500398941,-0.19599699579762014,-2.7869065435222433,1.2253046445754434,TRACKING distance=1.225 heading_error=-0.257 linear=0.350 angular=-0.308 ,False
109.0,1,6.138378253263774,-0.3154637940840612,-2.8864903320968756,7.35784500398941,-0.19599699579762014,-2.7869065435222433,1.2253046445754434,TRACKING distance=1.225 heading_error=-0.257 linear=0.350 angular=-0.308 ,False
109.10000000000001,1,6.138378253263774,-0.3154637940840612,-2.8864903320968756,7.357844985938287,-0.19599698340815355,-2.7869079806582824,1.2253046278182926,TRACKING distance=1.225 heading_error=-0.257 linear=0.350 angular=-0.308 ,False
109.10000000000001,1,6.138378253263774,-0.3154637940840612,-2.8864903320968756,7.357844985938287,-0.19599698340815355,-2.7869079806582824,1.2253046278182926,TRACKING distance=1.225 heading_error=-0.257 linear=0.350 angular=-0.308 ,False
109.2,1,6.138378253263774,-0.3154637940840612,-2.8864903320968756,7.35784495513577,-0.1959969331500347,-2.786909594004155,1.2253046020626843,TRACKING distance=1.225 heading_error=-0.257 linear=0.350 angular=-0.308 ,False
109.2,1,6.138378253263774,-0.3154637940840612,-2.8864903320968756,7.357844945848506,-0.19599692324402596,-2.7869097586335063,1.2253045937855027,TRACKING distance=1.225 heading_error=-0.257 linear=0.350 angular=-0.308 ,False
109.30000000000001,1,6.138378253263774,-0.3154637940840612,-2.8864903320968756,7.357844890374331,-0.19599681017310763,-2.78691134309217,1.2253045496000212,TRACKING distance=1.225 heading_error=-0.257 linear=0.350 angular=-0.308 ,False
109.30000000000001,1,6.138378253263774,-0.3154637940840612,-2.8864903320968756,7.357844890374331,-0.19599681017310763,-2.78691134309217,1.2253045496000212,TRACKING distance=1.225 heading_error=-0.257 linear=0.350 angular=-0.308 ,False
109.4,1,6.138378253263774,-0.3154637940840612,-2.8864903320968756,7.357844850145615,-0.195996743082146,-2.7869129479643315,1.225304516104333,TRACKING distance=1.225 heading_error=-0.257 linear=0.350 angular=-0.308 ,False
109.4,1,6.138378253263774,-0.3154637940840612,-2.8864903320968756,7.357844850145615,-0.195996743082146,-2.7869129479643315,1.225304516104333,TRACKING distance=1.225 heading_error=-0.257 linear=0.350 angular=-0.308 ,False
109.5,1,6.138378253263774,-0.3154637940840612,-2.8864903320968756,7.357844829304907,-0.19599672350026268,-2.786914362058956,1.2253044972721507,TRACKING distance=1.225 heading_error=-0.257 linear=0.350 angular=-0.308 ,False
109.5,1,6.138378253263774,-0.3154637940840612,-2.8864903320968756,7.357844828504785,-0.19599671902373053,-2.78691451967213,1.2253044969123026,TRACKING distance=1.225 heading_error=-0.257 linear=0.350 angular=-0.308 ,False
109.60000000000001,1,6.138378253263774,-0.3154637940840612,-2.8864903320968756,7.357844791592755,-0.19599665289551174,-2.786915949824276,1.2253044666236361,TRACKING distance=1.225 heading_error=-0.257 linear=0.350 angular=-0.308 ,False
109.60000000000001,1,6.138378253263774,-0.3154637940840612,-2.8864903320968756,7.357844791592755,-0.19599665289551174,-2.786915949824276,1.2253044666236361,TRACKING distance=1.225 heading_error=-0.257 linear=0.350 angular=-0.308 ,False
109.7,1,6.138378253263774,-0.3154637940840612,-2.8864903320968756,7.357844734780939,-0.19599655116894507,-2.786917514589304,1.2253044200008398,TRACKING distance=1.225 heading_error=-0.257 linear=0.350 angular=-0.308 ,False
109.7,1,6.138378253263774,-0.3154637940840612,-2.8864903320968756,7.357844734780939,-0.19599655116894507,-2.786917514589304,1.2253044200008398,TRACKING distance=1.225 heading_error=-0.257 linear=0.350 angular=-0.308 ,False
109.80000000000001,1,6.138378253263774,-0.3154637940840612,-2.8864903320968756,7.357844704151579,-0.19599649276503797,-2.786919089634677,1.225304395211798,TRACKING distance=1.225 heading_error=-0.257 linear=0.350 angular=-0.308 ,False
109.80000000000001,1,6.138378253263774,-0.3154637940840612,-2.8864903320968756,7.357844697564828,-0.19599648943079584,-2.7869192504519655,1.2253043889815185,TRACKING distance=1.225 heading_error=-0.257 linear=0.350 angular=-0.308 ,False
109.9,1,6.138378253263774,-0.3154637940840612,-2.8864903320968756,7.357844672305216,-0.1959964583578827,-2.786920641865589,1.2253043668718682,TRACKING distance=1.225 heading_error=-0.257 linear=0.350 angular=-0.308 ,False
109.9,1,6.138378253263774,-0.3154637940840612,-2.8864903320968756,7.357844672305216,-0.1959964583578827,-2.786920641865589,1.2253043668718682,TRACKING distance=1.225 heading_error=-0.257 linear=0.350 angular=-0.308 ,False
110.0,1,6.138378253263774,-0.3154637940840612,-2.8864903320968756,7.357844621643577,-0.19599636603030493,-2.786922364023606,1.2253043254535603,TRACKING distance=1.225 heading_error=-0.257 linear=0.350 angular=-0.308 ,False
110.0,1,6.138378253263774,-0.3154637940840612,-2.8864903320968756,7.357844621643577,-0.19599636603030493,-2.786922364023606,1.2253043254535603,TRACKING distance=1.225 heading_error=-0.257 linear=0.350 angular=-0.308 ,False
110.10000000000001,1,6.138378253263774,-0.3154637940840612,-2.8864903320968756,7.357844579521757,-0.1959962876318189,-2.7869237442052066,1.2253042911763012,TRACKING distance=1.225 heading_error=-0.257 linear=0.350 angular=-0.308 ,False
110.10000000000001,1,6.138378253263774,-0.3154637940840612,-2.8864903320968756,7.357844577831488,-0.19599628022118679,-2.786923898041999,1.225304290216624,TRACKING distance=1.225 heading_error=-0.257 linear=0.350 angular=-0.308 ,False
110.2,1,6.138378253263774,-0.3154637940840612,-2.8864903320968756,7.357844551723335,-0.19599623771102004,-2.786925294311874,1.2253042683776174,TRACKING distance=1.225 heading_error=-0.257 linear=0.350 angular=-0.308 ,False
110.2,1,6.138378253263774,-0.3154637940840612,-2.8864903320968756,7.357844551723335,-0.19599623771102004,-2.786925294311874,1.2253042683776174,TRACKING distance=1.225 heading_error=-0.257 linear=0.350 angular=-0.308 ,False
110.30000000000001,1,6.138378253263774,-0.3154637940840612,-2.8864903320968756,7.3578445150707035,-0.1959961908099126,-2.78692682173754,1.225304236472492,TRACKING distance=1.225 heading_error=-0.257 linear=0.350 angular=-0.308 ,False
110.30000000000001,1,6.138378253263774,-0.3154637940840612,-2.8864903320968756,7.3578445150707035,-0.1959961908099126,-2.78692682173754,1.225304236472492,TRACKING distance=1.225 heading_error=-0.257 linear=0.350 angular=-0.308 ,False
110.4,1,6.138378253263774,-0.3154637940840612,-2.8864903320968756,7.357844463688715,-0.19599609514398583,-2.7869285166094238,1.2253041946627798,TRACKING distance=1.225 heading_error=-0.257 linear=0.350 angular=-0.308 ,False
110.4,1,6.138378253263774,-0.3154637940840612,-2.8864903320968756,7.357844463688715,-0.19599609514398583,-2.7869285166094238,1.2253041946627798,TRACKING distance=1.225 heading_error=-0.257 linear=0.350 angular=-0.308 ,False
110.5,1,6.138378253263774,-0.3154637940840612,-2.8864903320968756,7.357844426259,-0.19599602839301564,-2.786929874571902,1.22530416391965,TRACKING distance=1.225 heading_error=-0.257 linear=0.350 angular=-0.308 ,False
110.5,1,6.138378253263774,-0.3154637940840612,-2.8864903320968756,7.357844424961185,-0.195996022090172,-2.7869300259427794,1.2253041632425496,TRACKING distance=1.225 heading_error=-0.257 linear=0.350 angular=-0.308 ,False
110.60000000000001,1,6.138378253263774,-0.3154637940840612,-2.8864903320968756,7.357844402876004,-0.19599597489266954,-2.78693140247243,1.2253041458643745,TRACKING distance=1.225 heading_error=-0.257 linear=0.350 angular=-0.308 ,False
110.60000000000001,1,6.138378253263774,-0.3154637940840612,-2.8864903320968756,7.357844396441379,-0.19599596925536156,-2.786931556913842,1.2253041400100486,TRACKING distance=1.225 heading_error=-0.257 linear=0.350 angular=-0.308 ,False
110.7,1,6.138378253263774,-0.3154637940840612,-2.8864903320968756,7.35784437474741,-0.19599589306942902,-2.7869329193377506,1.2253041258476136,TRACKING distance=1.225 heading_error=-0.257 linear=0.350 angular=-0.308 ,False
110.7,1,6.138378253263774,-0.3154637940840612,-2.8864903320968756,7.35784437474741,-0.19599589306942902,-2.7869329193377506,1.2253041258476136,TRACKING distance=1.225 heading_error=-0.257 linear=0.350 angular=-0.308 ,False
110.80000000000001,1,6.138378253263774,-0.3154637940840612,-2.8864903320968756,7.35784432723005,-0.195995735192692,-2.786934422194923,1.2253040939497408,TRACKING distance=1.225 heading_error=-0.257 linear=0.350 angular=-0.308 ,False
110.80000000000001,1,6.138378253263774,-0.3154637940840612,-2.8864903320968756,7.35784432723005,-0.195995735192692,-2.786934422194923,1.2253040939497408,TRACKING distance=1.225 heading_error=-0.257 linear=0.350 angular=-0.308 ,False
110.9,1,6.138378253263774,-0.3154637940840612,-2.8864903320968756,7.357844318678228,-0.1959957071674546,-2.786935940288686,1.2253040881711459,TRACKING distance=1.225 heading_error=-0.257 linear=0.350 angular=-0.308 ,False
110.9,1,6.138378253263774,-0.3154637940840612,-2.8864903320968756,7.357844318678228,-0.1959957071674546,-2.786935940288686,1.2253040881711459,TRACKING distance=1.225 heading_error=-0.257 linear=0.350 angular=-0.308 ,False
111.0,1,6.138378253263774,-0.3154637940840612,-2.8864903320968756,7.357844299021644,-0.19599551251017708,-2.786937442220439,1.2253040875874661,TRACKING distance=1.225 heading_error=-0.257 linear=0.350 angular=-0.308 ,False
111.0,1,6.138378253263774,-0.3154637940840612,-2.8864903320968756,7.357844299021644,-0.19599551251017708,-2.786937442220439,1.2253040875874661,TRACKING distance=1.225 heading_error=-0.257 linear=0.350 angular=-0.308 ,False
111.10000000000001,1,6.138378253263774,-0.3154637940840612,-2.8864903320968756,7.35784427058787,-0.19599535361696543,-2.786938936238725,1.2253040747814126,TRACKING distance=1.225 heading_error=-0.257 linear=0.350 angular=-0.308 ,False
111.10000000000001,1,6.138378253263774,-0.3154637940840612,-2.8864903320968756,7.35784427058787,-0.19599535361696543,-2.786938936238725,1.2253040747814126,TRACKING distance=1.225 heading_error=-0.257 linear=0.350 angular=-0.308 ,False
111.2,1,6.138378253263774,-0.3154637940840612,-2.8864903320968756,7.357844283173513,-0.1959954278540072,-2.786940554863652,1.2253040800689026,TRACKING distance=1.225 heading_error=-0.257 linear=0.350 angular=-0.308 ,False
111.2,1,6.138378253263774,-0.3154637940840612,-2.8864903320968756,7.357844283173513,-0.1959954278540072,-2.786940554863652,1.2253040800689026,TRACKING distance=1.225 heading_error=-0.257 linear=0.350 angular=-0.308 ,False
111.30000000000001,1,6.138378253263774,-0.3154637940840612,-2.8864903320968756,7.357844273318851,-0.19599554233527258,-2.7869418846680594,1.2253040590991617,TRACKING distance=1.225 heading_error=-0.257 linear=0.350 angular=-0.308 ,False
111.30000000000001,1,6.138378253263774,-0.3154637940840612,-2.8864903320968756,7.357844263836296,-0.19599554463261998,-2.786942026792509,1.2253040494377934,TRACKING distance=1.225 heading_error=-0.257 linear=0.350 angular=-0.308 ,False
111.4,1,6.138378253263774,-0.3154637940840612,-2.8864903320968756,7.357844178904941,-0.19599546670904053,-2.786943336122658,1.2253039725087211,TRACKING distance=1.225 heading_error=-0.257 linear=0.350 angular=-0.308 ,False
111.4,1,6.138378253263774,-0.3154637940840612,-2.8864903320968756,7.357844178904941,-0.19599546670904053,-2.786943336122658,1.2253039725087211,TRACKING distance=1.225 heading_error=-0.257 linear=0.350 angular=-0.308 ,False
111.5,1,6.138378253263774,-0.3154637940840612,-2.8864903320968756,7.357844076647088,-0.19599530178003616,-2.7869448018758747,1.2253038868188335,TRACKING distance=1.225 heading_error=-0.257 linear=0.350 angular=-0.308 ,False
111.5,1,6.138378253263774,-0.3154637940840612,-2.8864903320968756,7.357844076647088,-0.19599530178003616,-2.7869448018758747,1.2253038868188335,TRACKING distance=1.225 heading_error=-0.257 linear=0.350 angular=-0.308 ,False
111.60000000000001,1,6.138378253263774,-0.3154637940840612,-2.8864903320968756,7.357844055005797,-0.19599528653395096,-2.7869462606962343,1.2253038667671652,TRACKING distance=1.225 heading_error=-0.257 linear=0.350 angular=-0.308 ,False
111.60000000000001,1,6.138378253263774,-0.3154637940840612,-2.8864903320968756,7.357844055005797,-0.19599528653395096,-2.7869462606962343,1.2253038667671652,TRACKING distance=1.225 heading_error=-0.257 linear=0.350 angular=-0.308 ,False
111.7,1,6.138378253263774,-0.3154637940840612,-2.8864903320968756,7.357844077296483,-0.19599528614305006,-2.7869477162281857,1.2253038889897583,TRACKING distance=1.225 heading_error=-0.257 linear=0.350 angular=-0.308 ,False
111.7,1,6.138378253263774,-0.3154637940840612,-2.8864903320968756,7.357844077296483,-0.19599528614305006,-2.7869477162281857,1.2253038889897583,TRACKING distance=1.225 heading_error=-0.257 linear=0.350 angular=-0.308 ,False
111.80000000000001,1,6.138378253263774,-0.3154637940840612,-2.8864903320968756,7.357844030662298,-0.1959950806740263,-2.786949169443233,1.2253038626112442,TRACKING distance=1.225 heading_error=-0.257 linear=0.350 angular=-0.308 ,False
111.80000000000001,1,6.138378253263774,-0.3154637940840612,-2.8864903320968756,7.357844017556013,-0.1959950586425082,-2.7869492879285347,1.2253038517155073,TRACKING distance=1.225 heading_error=-0.257 linear=0.350 angular=-0.308 ,False
111.9,1,6.138378253263774,-0.3154637940840612,-2.8864903320968756,7.357843995782186,-0.19599492001607943,-2.7869506064961116,1.2253038435616916,TRACKING distance=1.225 heading_error=-0.257 linear=0.350 angular=-0.308 ,False
111.9,1,6.138378253263774,-0.3154637940840612,-2.8864903320968756,7.357843995782186,-0.19599492001607943,-2.7869506064961116,1.2253038435616916,TRACKING distance=1.225 heading_error=-0.257 linear=0.350 angular=-0.308 ,False
112.0,1,6.138378253263774,-0.3154637940840612,-2.8864903320968756,7.357844041708262,-0.19599503659524292,-2.7869520273846953,1.225303877902318,TRACKING distance=1.225 heading_error=-0.257 linear=0.350 angular=-0.308 ,False
112.0,1,6.138378253263774,-0.3154637940840612,-2.8864903320968756,7.357844041708262,-0.19599503659524292,-2.7869520273846953,1.225303877902318,TRACKING distance=1.225 heading_error=-0.257 linear=0.350 angular=-0.308 ,False
112.10000000000001,1,6.138378253263774,-0.3154637940840612,-2.8864903320968756,7.357844065400887,-0.19599506764397356,-2.786953447828098,1.2253038984547655,TRACKING distance=1.225 heading_error=-0.257 linear=0.350 angular=-0.308 ,False
112.10000000000001,1,6.138378253263774,-0.3154637940840612,-2.8864903320968756,7.3578440618150935,-0.19599505174039775,-2.7869535828727887,1.225303896436676,TRACKING distance=1.225 heading_error=-0.257 linear=0.350 angular=-0.308 ,False
112.2,1,6.138378253263774,-0.3154637940840612,-2.8864903320968756,7.357843995291836,-0.1959948056682841,-2.7869548645461997,1.2253038542227566,TRACKING distance=1.225 heading_error=-0.257 linear=0.350 angular=-0.308 ,False
112.2,1,6.138378253263774,-0.3154637940840612,-2.8864903320968756,7.357843995291836,-0.1959948056682841,-2.7869548645461997,1.2253038542227566,TRACKING distance=1.225 heading_error=-0.257 linear=0.350 angular=-0.308 ,False
112.30000000000001,1,6.138378253263774,-0.3154637940840612,-2.8864903320968756,7.357843968974257,-0.1959946775516494,-2.786956252986745,1.2253038405221444,TRACKING distance=1.225 heading_error=-0.257 linear=0.350 angular=-0.308 ,False
112.30000000000001,1,6.138378253263774,-0.3154637940840612,-2.8864903320968756,7.357843968974257,-0.1959946775516494,-2.786956252986745,1.2253038405221444,TRACKING distance=1.225 heading_error=-0.257 linear=0.350 angular=-0.308 ,False
112.4,1,6.138378253263774,-0.3154637940840612,-2.8864903320968756,7.357844018666862,-0.19599477683025376,-2.7869576494442345,1.2253038802981608,TRACKING distance=1.225 heading_error=-0.257 linear=0.350 angular=-0.308 ,False
112.4,1,6.138378253263774,-0.3154637940840612,-2.8864903320968756,7.357844025050995,-0.19599478174251767,-2.786957787065579,1.2253038861729229,TRACKING distance=1.225 heading_error=-0.257 linear=0.350 angular=-0.308 ,False
112.5,1,6.138378253263774,-0.3154637940840612,-2.8864903320968756,7.357844004617879,-0.1959946702944287,-2.7869590394288437,1.2253038767035276,TRACKING distance=1.225 heading_error=-0.257 linear=0.350 angular=-0.308 ,False
112.5,1,6.138378253263774,-0.3154637940840612,-2.8864903320968756,7.357844004617879,-0.1959946702944287,-2.7869590394288437,1.2253038767035276,TRACKING distance=1.225 heading_error=-0.257 linear=0.350 angular=-0.308 ,False
112.60000000000001,1,6.138378253263774,-0.3154637940840612,-2.8864903320968756,7.357843927189049,-0.1959943882096536,-2.786960443810165,1.225303827147377,TRACKING distance=1.225 heading_error=-0.257 linear=0.350 angular=-0.308 ,False
112.60000000000001,1,6.138378253263774,-0.3154637940840612,-2.8864903320968756,7.357843927189049,-0.1959943882096536,-2.786960443810165,1.225303827147377,TRACKING distance=1.225 heading_error=-0.257 linear=0.350 angular=-0.308 ,False
112.7,1,6.138378253263774,-0.3154637940840612,-2.8864903320968756,7.357843942460014,-0.19599438924556445,-2.786961824887756,1.225303842244578,TRACKING distance=1.225 heading_error=-0.257 linear=0.350 angular=-0.308 ,False
112.7,1,6.138378253263774,-0.3154637940840612,-2.8864903320968756,7.357843942460014,-0.19599438924556445,-2.786961824887756,1.225303842244578,TRACKING distance=1.225 heading_error=-0.257 linear=0.350 angular=-0.308 ,False
112.80000000000001,1,6.138378253263774,-0.3154637940840612,-2.8864903320968756,7.357844001267229,-0.195994502926764,-2.786963167825314,1.225303889687474,TRACKING distance=1.225 heading_error=-0.257 linear=0.350 angular=-0.308 ,False
112.80000000000001,1,6.138378253263774,-0.3154637940840612,-2.8864903320968756,7.357844001267229,-0.195994502926764,-2.786963167825314,1.225303889687474,TRACKING distance=1.225 heading_error=-0.257 linear=0.350 angular=-0.308 ,False
112.9,1,6.138378253263774,-0.3154637940840612,-2.8864903320968756,7.357843943163184,-0.19599428442181857,-2.786964543568583,1.2253038531649123,TRACKING distance=1.225 heading_error=-0.257 linear=0.350 angular=-0.308 ,False
112.9,1,6.138378253263774,-0.3154637940840612,-2.8864903320968756,7.357843943163184,-0.19599428442181857,-2.786964543568583,1.2253038531649123,TRACKING distance=1.225 heading_error=-0.257 linear=0.350 angular=-0.308 ,False
113.0,1,6.138378253263774,-0.3154637940840612,-2.8864903320968756,7.357843885995136,-0.19599406581204523,-2.7869660300913157,1.2253038175841493,TRACKING distance=1.225 heading_error=-0.257 linear=0.350 angular=-0.308 ,False
113.0,1,6.138378253263774,-0.3154637940840612,-2.8864903320968756,7.357843885995136,-0.19599406581204523,-2.7869660300913157,1.2253038175841493,TRACKING distance=1.225 heading_error=-0.257 linear=0.350 angular=-0.308 ,False
113.10000000000001,1,6.138378253263774,-0.3154637940840612,-2.8864903320968756,7.357843937831973,-0.1959941697237802,-2.786967261556621,1.22530385904239,TRACKING distance=1.225 heading_error=-0.257 linear=0.350 angular=-0.308 ,False
113.10000000000001,1,6.138378253263774,-0.3154637940840612,-2.8864903320968756,7.35784393963044,-0.19599419169569604,-2.7869673900123075,1.2253038586899816,TRACKING distance=1.225 heading_error=-0.257 linear=0.350 angular=-0.308 ,False
113.2,1,6.138378253263774,-0.3154637940840612,-2.8864903320968756,7.357843978108878,-0.19599426768472536,-2.786968596019729,1.2253038895760013,TRACKING distance=1.225 heading_error=-0.257 linear=0.350 angular=-0.308 ,False
113.2,1,6.138378253263774,-0.3154637940840612,-2.8864903320968756,7.357843978108878,-0.19599426768472536,-2.786968596019729,1.2253038895760013,TRACKING distance=1.225 heading_error=-0.257 linear=0.350 angular=-0.308 ,False
113.30000000000001,1,6.138378253263774,-0.3154637940840612,-2.8864903320968756,7.357843917110249,-0.19599403250651787,-2.7869699187628285,1.225303851798369,TRACKING distance=1.225 heading_error=-0.257 linear=0.350 angular=-0.308 ,False
113.30000000000001,1,6.138378253263774,-0.3154637940840612,-2.8864903320968756,7.357843917110249,-0.19599403250651787,-2.7869699187628285,1.225303851798369,TRACKING distance=1.225 heading_error=-0.257 linear=0.350 angular=-0.308 ,False
113.4,1,6.138378253263774,-0.3154637940840612,-2.8864903320968756,7.357843874519303,-0.19599383940582696,-2.7869712597096603,1.2253038282381041,TRACKING distance=1.225 heading_error=-0.257 linear=0.350 angular=-0.308 ,False
113.4,1,6.138378253263774,-0.3154637940840612,-2.8864903320968756,7.357843874519303,-0.19599383940582696,-2.7869712597096603,1.2253038282381041,TRACKING distance=1.225 heading_error=-0.257 linear=0.350 angular=-0.308 ,False
113.5,1,6.138378253263774,-0.3154637940840612,-2.8864903320968756,7.357843915089797,-0.19599393269450335,-2.7869725723852534,1.2253038595194337,TRACKING distance=1.225 heading_error=-0.257 linear=0.350 angular=-0.308 ,False
113.5,1,6.138378253263774,-0.3154637940840612,-2.8864903320968756,7.357843915089797,-0.19599393269450335,-2.7869725723852534,1.2253038595194337,TRACKING distance=1.225 heading_error=-0.257 linear=0.350 angular=-0.308 ,False
113.60000000000001,1,6.138378253263774,-0.3154637940840612,-2.8864903320968756,7.357843931113046,-0.1959939327223789,-2.786973874291275,1.2253038754636194,TRACKING distance=1.225 heading_error=-0.257 linear=0.350 angular=-0.308 ,False
113.60000000000001,1,6.138378253263774,-0.3154637940840612,-2.8864903320968756,7.357843931113046,-0.1959939327223789,-2.786973874291275,1.2253038754636194,TRACKING distance=1.225 heading_error=-0.257 linear=0.350 angular=-0.308 ,False
113.7,1,6.138378253263774,-0.3154637940840612,-2.8864903320968756,7.35784387281469,-0.19599370135844088,-2.7869751943431913,1.2253038400015597,TRACKING distance=1.225 heading_error=-0.257 linear=0.350 angular=-0.308 ,False
113.7,1,6.138378253263774,-0.3154637940840612,-2.8864903320968756,7.35784387281469,-0.19599370135844088,-2.7869751943431913,1.2253038400015597,TRACKING distance=1.225 heading_error=-0.257 linear=0.350 angular=-0.308 ,False
113.80000000000001,1,6.138378253263774,-0.3154637940840612,-2.8864903320968756,7.3578438491406795,-0.1959935960122431,-2.786976485999558,1.2253038267118632,TRACKING distance=1.225 heading_error=-0.257 linear=0.350 angular=-0.308 ,False
113.80000000000001,1,6.138378253263774,-0.3154637940840612,-2.8864903320968756,7.3578438491406795,-0.1959935960122431,-2.786976485999558,1.2253038267118632,TRACKING distance=1.225 heading_error=-0.257 linear=0.350 angular=-0.308 ,False
113.9,1,6.138378253263774,-0.3154637940840612,-2.8864903320968756,7.357843890826634,-0.19599366750082342,-2.786977767114546,1.225303861228882,TRACKING distance=1.225 heading_error=-0.257 linear=0.350 angular=-0.308 ,False
113.9,1,6.138378253263774,-0.3154637940840612,-2.8864903320968756,7.357843890826634,-0.19599366750082342,-2.786977767114546,1.225303861228882,TRACKING distance=1.225 heading_error=-0.257 linear=0.350 angular=-0.308 ,False
114.0,1,6.138378253263774,-0.3154637940840612,-2.8864903320968756,7.3578438842075435,-0.19599359821003406,-2.7869790668790473,1.2253038613973535,TRACKING distance=1.225 heading_error=-0.257 linear=0.350 angular=-0.308 ,False
114.0,1,6.138378253263774,-0.3154637940840612,-2.8864903320968756,7.357843874026681,-0.1959935818923428,-2.786979189076282,1.2253038528560158,TRACKING distance=1.225 heading_error=-0.257 linear=0.350 angular=-0.308 ,False
114.10000000000001,1,6.138378253263774,-0.3154637940840612,-2.8864903320968756,7.3578438284378604,-0.1959934009365981,-2.7869803381874316,1.2253038251280681,TRACKING distance=1.225 heading_error=-0.257 linear=0.350 angular=-0.308 ,False
114.10000000000001,1,6.138378253263774,-0.3154637940840612,-2.8864903320968756,7.3578438284378604,-0.1959934009365981,-2.7869803381874316,1.2253038251280681,TRACKING distance=1.225 heading_error=-0.257 linear=0.350 angular=-0.308 ,False
114.2,1,6.138378253263774,-0.3154637940840612,-2.8864903320968756,7.357843830682228,-0.19599334808619945,-2.786981598799133,1.2253038325147976,TRACKING distance=1.225 heading_error=-0.257 linear=0.350 angular=-0.308 ,False
114.2,1,6.138378253263774,-0.3154637940840612,-2.8864903320968756,7.35784383619973,-0.19599335097662887,-2.7869817411536335,1.2253038377241856,TRACKING distance=1.225 heading_error=-0.257 linear=0.350 angular=-0.308 ,False
114.30000000000001,1,6.138378253263774,-0.3154637940840612,-2.8864903320968756,7.357843856277036,-0.19599333129532526,-2.786982875775134,1.225303859624809,TRACKING distance=1.225 heading_error=-0.257 linear=0.350 angular=-0.308 ,False
114.30000000000001,1,6.138378253263774,-0.3154637940840612,-2.8864903320968756,7.357843856277036,-0.19599333129532526,-2.786982875775134,1.225303859624809,TRACKING distance=1.225 heading_error=-0.257 linear=0.350 angular=-0.308 ,False
114.4,1,6.138378253263774,-0.3154637940840612,-2.8864903320968756,7.357843780245571,-0.1959931047488298,-2.7869841433631497,1.225303806044537,TRACKING distance=1.225 heading_error=-0.257 linear=0.350 angular=-0.308 ,False
114.4,1,6.138378253263774,-0.3154637940840612,-2.8864903320968756,7.357843776573175,-0.19599308682058006,-2.7869842566402863,1.2253038041376951,TRACKING distance=1.225 heading_error=-0.257 linear=0.350 angular=-0.308 ,False
114.50000000000001,1,6.138378253263774,-0.3154637940840612,-2.8864903320968756,7.3578437464579585,-0.19599294912996448,-2.786985401667884,1.2253037875912167,TRACKING distance=1.225 heading_error=-0.257 linear=0.350 angular=-0.308 ,False
114.50000000000001,1,6.138378253263774,-0.3154637940840612,-2.8864903320968756,7.3578437464579585,-0.19599294912996448,-2.786985401667884,1.2253037875912167,TRACKING distance=1.225 heading_error=-0.257 linear=0.350 angular=-0.308 ,False
114.60000000000001,1,6.138378253263774,-0.3154637940840612,-2.8864903320968756,7.357843810708609,-0.19599307412246975,-2.786986662865672,1.2253038393485849,TRACKING distance=1.225 heading_error=-0.257 linear=0.350 angular=-0.308 ,False
114.60000000000001,1,6.138378253263774,-0.3154637940840612,-2.8864903320968756,7.357843810708609,-0.19599307412246975,-2.786986662865672,1.2253038393485849,TRACKING distance=1.225 heading_error=-0.257 linear=0.350 angular=-0.308 ,False
114.7,1,6.138378253263774,-0.3154637940840612,-2.8864903320968756,7.357843793163593,-0.19599296254210677,-2.7869878971441504,1.2253038327665855,TRACKING distance=1.225 heading_error=-0.257 linear=0.350 angular=-0.308 ,False
114.7,1,6.138378253263774,-0.3154637940840612,-2.8864903320968756,7.357843793163593,-0.19599296254210677,-2.7869878971441504,1.2253038327665855,TRACKING distance=1.225 heading_error=-0.257 linear=0.350 angular=-0.308 ,False
114.80000000000001,1,6.138378253263774,-0.3154637940840612,-2.8864903320968756,7.357843715532041,-0.1959927081583656,-2.7869891629831645,1.2253037803081417,TRACKING distance=1.225 heading_error=-0.257 linear=0.350 angular=-0.308 ,False
114.80000000000001,1,6.138378253263774,-0.3154637940840612,-2.8864903320968756,7.357843715532041,-0.1959927081583656,-2.7869891629831645,1.2253037803081417,TRACKING distance=1.225 heading_error=-0.257 linear=0.350 angular=-0.308 ,False
114.9,1,6.138378253263774,-0.3154637940840612,-2.8864903320968756,7.357843782397661,-0.19599286873091867,-2.78699041111419,1.225303831198829,TRACKING distance=1.225 heading_error=-0.257 linear=0.350 angular=-0.308 ,False
114.9,1,6.138378253263774,-0.3154637940840612,-2.8864903320968756,7.357843782397661,-0.19599286873091867,-2.78699041111419,1.225303831198829,TRACKING distance=1.225 heading_error=-0.257 linear=0.350 angular=-0.308 ,False
115.00000000000001,1,6.138378253263774,-0.3154637940840612,-2.8864903320968756,7.35784380533889,-0.19599291528347937,-2.786991598886915,1.2253038494917292,TRACKING distance=1.225 heading_error=-0.257 linear=0.350 angular=-0.308 ,False
115.00000000000001,1,6.138378253263774,-0.3154637940840612,-2.8864903320968756,7.357843803512336,-0.19599289977435672,-2.786991719600862,1.2253038491860655,TRACKING distance=1.225 heading_error=-0.257 linear=0.350 angular=-0.308 ,False
115.10000000000001,1,6.138378253263774,-0.3154637940840612,-2.8864903320968756,7.357843753546652,-0.19599269464216565,-2.7869928271995454,1.2253038194594943,TRACKING distance=1.225 heading_error=-0.257 linear=0.350 angular=-0.308 ,False
115.10000000000001,1,6.138378253263774,-0.3154637940840612,-2.8864903320968756,7.357843753546652,-0.19599269464216565,-2.7869928271995454,1.2253038194594943,TRACKING distance=1.225 heading_error=-0.257 linear=0.350 angular=-0.308 ,False
115.2,1,6.138378253263774,-0.3154637940840612,-2.8864903320968756,7.357843729786347,-0.19599258380254467,-2.786994019542485,1.2253038066196302,TRACKING distance=1.225 heading_error=-0.257 linear=0.350 angular=-0.308 ,False
115.2,1,6.138378253263774,-0.3154637940840612,-2.8864903320968756,7.357843729786347,-0.19599258380254467,-2.786994019542485,1.2253038066196302,TRACKING distance=1.225 heading_error=-0.257 linear=0.350 angular=-0.308 ,False
115.30000000000001,1,6.138378253263774,-0.3154637940840612,-2.8864903320968756,7.357843763203457,-0.19599265291916326,-2.786995230206116,1.2253038331384154,TRACKING distance=1.225 heading_error=-0.257 linear=0.350 angular=-0.308 ,False
115.30000000000001,1,6.138378253263774,-0.3154637940840612,-2.8864903320968756,7.357843763203457,-0.19599265291916326,-2.786995230206116,1.2253038331384154,TRACKING distance=1.225 heading_error=-0.257 linear=0.350 angular=-0.308 ,False
115.4,1,6.138378253263774,-0.3154637940840612,-2.8864903320968756,7.357843761783539,-0.19599259309540237,-2.7869964264168647,1.2253038375582779,TRACKING distance=1.225 heading_error=-0.257 linear=0.350 angular=-0.308 ,False
115.4,1,6.138378253263774,-0.3154637940840612,-2.8864903320968756,7.3578437522067155,-0.19599257791425737,-2.786996544772166,1.225303829507298,TRACKING distance=1.225 heading_error=-0.257 linear=0.350 angular=-0.308 ,False
115.50000000000001,1,6.138378253263774,-0.3154637940840612,-2.8864903320968756,7.3578437101674945,-0.1959924010737806,-2.7869976096934073,1.225303804910936,TRACKING distance=1.225 heading_error=-0.257 linear=0.350 angular=-0.308 ,False
115.50000000000001,1,6.138378253263774,-0.3154637940840612,-2.8864903320968756,7.357843709377167,-0.19599238508268793,-2.7869977337679677,1.2253038056835615,TRACKING distance=1.225 heading_error=-0.257 linear=0.350 angular=-0.308 ,False
115.60000000000001,1,6.138378253263774,-0.3154637940840612,-2.8864903320968756,7.3578437032452735,-0.19599234449050473,-2.7869987882856524,1.225303803538766,TRACKING distance=1.225 heading_error=-0.257 linear=0.350 angular=-0.308 ,False
115.60000000000001,1,6.138378253263774,-0.3154637940840612,-2.8864903320968756,7.3578437032452735,-0.19599234449050473,-2.7869987882856524,1.225303803538766,TRACKING distance=1.225 heading_error=-0.257 linear=0.350 angular=-0.308 ,False
115.7,1,6.138378253263774,-0.3154637940840612,-2.8864903320968756,7.357843731747105,-0.19599236830844974,-2.7869999653475976,1.2253038295824576,TRACKING distance=1.225 heading_error=-0.257 linear=0.350 angular=-0.308 ,False
115.7,1,6.138378253263774,-0.3154637940840612,-2.8864903320968756,7.357843731747105,-0.19599236830844974,-2.7869999653475976,1.2253038295824576,TRACKING distance=1.225 heading_error=-0.257 linear=0.350 angular=-0.308 ,False
115.80000000000001,1,6.138378253263774,-0.3154637940840612,-2.8864903320968756,7.3578436918460275,-0.19599220692498137,-2.787001149561747,1.2253038056069678,TRACKING distance=1.225 heading_error=-0.257 linear=0.350 angular=-0.308 ,False
115.80000000000001,1,6.138378253263774,-0.3154637940840612,-2.8864903320968756,7.3578436918460275,-0.19599220692498137,-2.787001149561747,1.2253038056069678,TRACKING distance=1.225 heading_error=-0.257 linear=0.350 angular=-0.308 ,False
115.9,1,6.138378253263774,-0.3154637940840612,-2.8864903320968756,7.35784365129676,-0.19599203508252722,-2.7870023221298212,1.2253037820061894,TRACKING distance=1.225 heading_error=-0.257 linear=0.350 angular=-0.308 ,False
115.9,1,6.138378253263774,-0.3154637940840612,-2.8864903320968756,7.35784365129676,-0.19599203508252722,-2.7870023221298212,1.2253037820061894,TRACKING distance=1.225 heading_error=-0.257 linear=0.350 angular=-0.308 ,False
116.00000000000001,1,6.138378253263774,-0.3154637940840612,-2.8864903320968756,7.357843669539035,-0.1959920260409726,-2.7870034748425017,1.2253038010431279,TRACKING distance=1.225 heading_error=-0.257 linear=0.350 angular=-0.308 ,False
116.00000000000001,1,6.138378253263774,-0.3154637940840612,-2.8864903320968756,7.3578436670746425,-0.19599202642019617,-2.787003598720588,1.2253037985535022,TRACKING distance=1.225 heading_error=-0.257 linear=0.350 angular=-0.308 ,False
116.10000000000001,1,6.138378253263774,-0.3154637940840612,-2.8864903320968756,7.357843689015008,-0.19599207539835428,-2.7870046262828585,1.2253038156137699,TRACKING distance=1.225 heading_error=-0.257 linear=0.350 angular=-0.308 ,False
116.10000000000001,1,6.138378253263774,-0.3154637940840612,-2.8864903320968756,7.357843689015008,-0.19599207539835428,-2.7870046262828585,1.2253038156137699,TRACKING distance=1.225 heading_error=-0.257 linear=0.350 angular=-0.308 ,False
116.2,1,6.138378253263774,-0.3154637940840612,-2.8864903320968756,7.35784368452731,-0.19599202659457013,-2.787005761145257,1.2253038159060086,TRACKING distance=1.225 heading_error=-0.257 linear=0.350 angular=-0.308 ,False
116.2,1,6.138378253263774,-0.3154637940840612,-2.8864903320968756,7.35784368452731,-0.19599202659457013,-2.787005761145257,1.2253038159060086,TRACKING distance=1.225 heading_error=-0.257 linear=0.350 angular=-0.308 ,False
116.30000000000001,1,6.138378253263774,-0.3154637940840612,-2.8864903320968756,7.357843632702488,-0.19599181335880342,-2.7870070119833366,1.2253037851194384,TRACKING distance=1.225 heading_error=-0.257 linear=0.350 angular=-0.308 ,False
116.30000000000001,1,6.138378253263774,-0.3154637940840612,-2.8864903320968756,7.357843632702488,-0.19599181335880342,-2.7870070119833366,1.2253037851194384,TRACKING distance=1.225 heading_error=-0.257 linear=0.350 angular=-0.308 ,False
116.4,1,6.138378253263774,-0.3154637940840612,-2.8864903320968756,7.357843610296555,-0.19599164871156832,-2.7870081799744146,1.2253037788740373,TRACKING distance=1.225 heading_error=-0.257 linear=0.350 angular=-0.308 ,False
116.4,1,6.138378253263774,-0.3154637940840612,-2.8864903320968756,7.357843610296555,-0.19599164871156832,-2.7870081799744146,1.2253037788740373,TRACKING distance=1.225 heading_error=-0.257 linear=0.350 angular=-0.308 ,False
116.50000000000001,1,6.138378253263774,-0.3154637940840612,-2.8864903320968756,7.357843571643899,-0.19599150633734402,-2.7870092033728353,1.2253037542876357,TRACKING distance=1.225 heading_error=-0.257 linear=0.350 angular=-0.308 ,False
116.50000000000001,1,6.138378253263774,-0.3154637940840612,-2.8864903320968756,7.357843571643899,-0.19599150633734402,-2.7870092033728353,1.2253037542876357,TRACKING distance=1.225 heading_error=-0.257 linear=0.350 angular=-0.308 ,False
116.60000000000001,1,6.138378253263774,-0.3154637940840612,-2.8864903320968756,7.35784358196214,-0.1959914929928537,-2.7870103272964464,1.2253037658578552,TRACKING distance=1.225 heading_error=-0.257 linear=0.350 angular=-0.308 ,False
116.60000000000001,1,6.138378253263774,-0.3154637940840612,-2.8864903320968756,7.35784358196214,-0.1959914929928537,-2.7870103272964464,1.2253037658578552,TRACKING distance=1.225 heading_error=-0.257 linear=0.350 angular=-0.308 ,False
116.7,1,6.138378253263774,-0.3154637940840612,-2.8864903320968756,7.357843599281358,-0.19599151765403966,-2.787011439858816,1.2253037806899794,TRACKING distance=1.225 heading_error=-0.257 linear=0.350 angular=-0.308 ,False
116.7,1,6.138378253263774,-0.3154637940840612,-2.8864903320968756,7.357843599281358,-0.19599151765403966,-2.787011439858816,1.2253037806899794,TRACKING distance=1.225 heading_error=-0.257 linear=0.350 angular=-0.308 ,False
116.80000000000001,1,6.138378253263774,-0.3154637940840612,-2.8864903320968756,7.357843599504939,-0.19599148815974046,-2.7870125462884148,1.2253037837883138,TRACKING distance=1.225 heading_error=-0.257 linear=0.350 angular=-0.308 ,False
116.80000000000001,1,6.138378253263774,-0.3154637940840612,-2.8864903320968756,7.357843599504939,-0.19599148815974046,-2.7870125462884148,1.2253037837883138,TRACKING distance=1.225 heading_error=-0.257 linear=0.350 angular=-0.308 ,False
116.9,1,6.138378253263774,-0.3154637940840612,-2.8864903320968756,7.357843586403652,-0.19599141002909093,-2.7870136545228785,1.2253037783675245,TRACKING distance=1.225 heading_error=-0.257 linear=0.350 angular=-0.308 ,False
116.9,1,6.138378253263774,-0.3154637940840612,-2.8864903320968756,7.357843588892194,-0.19599140167974619,-2.7870137576329532,1.2253037816583057,TRACKING distance=1.225 heading_error=-0.257 linear=0.350 angular=-0.308 ,False
117.00000000000001,1,6.138378253263774,-0.3154637940840612,-2.8864903320968756,7.357843565886357,-0.19599128688682765,-2.7870148715676977,1.225303769954899,TRACKING distance=1.225 heading_error=-0.257 linear=0.350 angular=-0.308 ,False
117.00000000000001,1,6.138378253263774,-0.3154637940840612,-2.8864903320968756,7.357843565886357,-0.19599128688682765,-2.7870148715676977,1.225303769954899,TRACKING distance=1.225 heading_error=-0.257 linear=0.350 angular=-0.308 ,False
117.10000000000001,1,6.138378253263774,-0.3154637940840612,-2.8864903320968756,7.357843547095397,-0.1959911969432729,-2.787015821073849,1.2253037600233718,TRACKING distance=1.225 heading_error=-0.257 linear=0.350 angular=-0.308 ,False
117.10000000000001,1,6.138378253263774,-0.3154637940840612,-2.8864903320968756,7.357843548106242,-0.19599119483685784,-2.78701594866502,1.225303761234785,TRACKING distance=1.225 heading_error=-0.257 linear=0.350 angular=-0.308 ,False
117.2,1,6.138378253263774,-0.3154637940840612,-2.8864903320968756,7.357843569190369,-0.19599121563314187,-2.7870169086815784,1.2253037801907176,TRACKING distance=1.225 heading_error=-0.257 linear=0.350 angular=-0.308 ,False
117.2,1,6.138378253263774,-0.3154637940840612,-2.8864903320968756,7.357843569190369,-0.19599121563314187,-2.7870169086815784,1.2253037801907176,TRACKING distance=1.225 heading_error=-0.257 linear=0.350 angular=-0.308 ,False
117.30000000000001,1,6.138378253263774,-0.3154637940840612,-2.8864903320968756,7.357843570076724,-0.1959911945866505,-2.7870179899451104,1.2253037831249762,TRACKING distance=1.225 heading_error=-0.257 linear=0.350 angular=-0.308 ,False
117.30000000000001,1,6.138378253263774,-0.3154637940840612,-2.8864903320968756,7.357843570076724,-0.1959911945866505,-2.7870179899451104,1.2253037831249762,TRACKING distance=1.225 heading_error=-0.257 linear=0.350 angular=-0.308 ,False
117.4,1,6.138378253263774,-0.3154637940840612,-2.8864903320968756,7.3578435456486995,-0.19599109003312923,-2.787019044919018,1.2253037690077893,TRACKING distance=1.225 heading_error=-0.257 linear=0.350 angular=-0.308 ,False
117.4,1,6.138378253263774,-0.3154637940840612,-2.8864903320968756,7.357843547774341,-0.19599108066740872,-2.787019164224771,1.225303772036503,TRACKING distance=1.225 heading_error=-0.257 linear=0.350 angular=-0.308 ,False
117.50000000000001,1,6.138378253263774,-0.3154637940840612,-2.8864903320968756,7.3578435523315875,-0.19599105237887407,-2.787020105453126,1.2253037793302959,TRACKING distance=1.225 heading_error=-0.257 linear=0.350 angular=-0.308 ,False
117.50000000000001,1,6.138378253263774,-0.3154637940840612,-2.8864903320968756,7.357843548738253,-0.19599105414055726,-2.787020208884767,1.2253037755823113,TRACKING distance=1.225 heading_error=-0.257 linear=0.350 angular=-0.308 ,False
117.60000000000001,1,6.138378253263774,-0.3154637940840612,-2.8864903320968756,7.357843553196721,-0.19599102797297527,-2.787021156713417,1.2253037825709947,TRACKING distance=1.225 heading_error=-0.257 linear=0.350 angular=-0.308 ,False
117.60000000000001,1,6.138378253263774,-0.3154637940840612,-2.8864903320968756,7.357843553196721,-0.19599102797297527,-2.787021156713417,1.2253037825709947,TRACKING distance=1.225 heading_error=-0.257 linear=0.350 angular=-0.308 ,False
117.7,1,6.138378253263774,-0.3154637940840612,-2.8864903320968756,7.357843533483456,-0.19599092963671202,-2.7870221845819962,1.2253037725399052,TRACKING distance=1.225 heading_error=-0.257 linear=0.350 angular=-0.308 ,False
117.7,1,6.138378253263774,-0.3154637940840612,-2.8864903320968756,7.357843533483456,-0.19599092963671202,-2.7870221845819962,1.2253037725399052,TRACKING distance=1.225 heading_error=-0.257 linear=0.350 angular=-0.308 ,False
117.80000000000001,1,6.138378253263774,-0.3154637940840612,-2.8864903320968756,7.357843517908469,-0.19599083155039315,-2.7870232167726634,1.2253037666030115,TRACKING distance=1.225 heading_error=-0.257 linear=0.350 angular=-0.308 ,False
117.80000000000001,1,6.138378253263774,-0.3154637940840612,-2.8864903320968756,7.357843514963615,-0.19599082519811084,-2.7870233293453364,1.2253037642915674,TRACKING distance=1.225 heading_error=-0.257 linear=0.350 angular=-0.308 ,False
117.9,1,6.138378253263774,-0.3154637940840612,-2.8864903320968756,7.357843523526905,-0.19599079931658048,-2.787024251957357,1.2253037753376272,TRACKING distance=1.225 heading_error=-0.257 linear=0.350 angular=-0.308 ,False
117.9,1,6.138378253263774,-0.3154637940840612,-2.8864903320968756,7.357843523526905,-0.19599079931658048,-2.787024251957357,1.2253037753376272,TRACKING distance=1.225 heading_error=-0.257 linear=0.350 angular=-0.308 ,False
118.00000000000001,1,6.138378253263774,-0.3154637940840612,-2.8864903320968756,7.357843516064013,-0.19599075696839427,-2.7870252603717827,1.225303772039447,TRACKING distance=1.225 heading_error=-0.257 linear=0.350 angular=-0.308 ,False
118.00000000000001,1,6.138378253263774,-0.3154637940840612,-2.8864903320968756,7.35784351815527,-0.195990746981699,-2.787025358456868,1.2253037750944904,TRACKING distance=1.225 heading_error=-0.257 linear=0.350 angular=-0.308 ,False
118.10000000000001,1,6.138378253263774,-0.3154637940840612,-2.8864903320968756,7.357843498816455,-0.19599065516562472,-2.7870262642004895,1.2253037648003389,TRACKING distance=1.225 heading_error=-0.257 linear=0.350 angular=-0.308 ,False
118.10000000000001,1,6.138378253263774,-0.3154637940840612,-2.8864903320968756,7.357843498816455,-0.19599065516562472,-2.7870262642004895,1.2253037648003389,TRACKING distance=1.225 heading_error=-0.257 linear=0.350 angular=-0.308 ,False
118.2,1,6.138378253263774,-0.3154637940840612,-2.8864903320968756,7.357843484702821,-0.195990573604101,-2.787027370851411,1.2253037587066082,TRACKING distance=1.225 heading_error=-0.257 linear=0.350 angular=-0.308 ,False
118.2,1,6.138378253263774,-0.3154637940840612,-2.8864903320968756,7.357843484702821,-0.195990573604101,-2.787027370851411,1.2253037587066082,TRACKING distance=1.225 heading_error=-0.257 linear=0.350 angular=-0.308 ,False
118.30000000000001,1,6.138378253263774,-0.3154637940840612,-2.8864903320968756,7.357843488410842,-0.19599054203471536,-2.787028272056709,1.2253037654751338,TRACKING distance=1.225 heading_error=-0.257 linear=0.350 angular=-0.308 ,False
118.30000000000001,1,6.138378253263774,-0.3154637940840612,-2.8864903320968756,7.357843488410842,-0.19599054203471536,-2.787028272056709,1.2253037654751338,TRACKING distance=1.225 heading_error=-0.257 linear=0.350 angular=-0.308 ,False
118.4,1,6.138378253263774,-0.3154637940840612,-2.8864903320968756,7.357843481954982,-0.19599048304494612,-2.7870292481595866,1.2253037648018343,TRACKING distance=1.225 heading_error=-0.257 linear=0.350 angular=-0.308 ,False
118.4,1,6.138378253263774,-0.3154637940840612,-2.8864903320968756,7.357843481954982,-0.19599048304494612,-2.7870292481595866,1.2253037648018343,TRACKING distance=1.225 heading_error=-0.257 linear=0.350 angular=-0.308 ,False
118.50000000000001,1,6.138378253263774,-0.3154637940840612,-2.8864903320968756,7.3578434667425725,-0.1959903869135151,-2.787030228567923,1.2253037590352163,TRACKING distance=1.225 heading_error=-0.257 linear=0.350 angular=-0.308 ,False
118.50000000000001,1,6.138378253263774,-0.3154637940840612,-2.8864903320968756,7.3578434667425725,-0.1959903869135151,-2.787030228567923,1.2253037590352163,TRACKING distance=1.225 heading_error=-0.257 linear=0.350 angular=-0.308 ,False
118.60000000000001,1,6.138378253263774,-0.3154637940840612,-2.8864903320968756,7.357843461146148,-0.1959903195660213,-2.7870312118220197,1.2253037600321866,TRACKING distance=1.225 heading_error=-0.257 linear=0.350 angular=-0.308 ,False
118.60000000000001,1,6.138378253263774,-0.3154637940840612,-2.8864903320968756,7.3578434567582445,-0.19599031734326192,-2.787031296408752,1.2253037558819222,TRACKING distance=1.225 heading_error=-0.257 linear=0.350 angular=-0.308 ,False
118.7,1,6.138378253263774,-0.3154637940840612,-2.8864903320968756,7.357843455566914,-0.1959902806890701,-2.78703216839481,1.2253037582702426,TRACKING distance=1.225 heading_error=-0.257 linear=0.350 angular=-0.308 ,False
118.7,1,6.138378253263774,-0.3154637940840612,-2.8864903320968756,7.357843455566914,-0.1959902806890701,-2.78703216839481,1.2253037582702426,TRACKING distance=1.225 heading_error=-0.257 linear=0.350 angular=-0.308 ,False
118.80000000000001,1,6.138378253263774,-0.3154637940840612,-2.8864903320968756,7.3578434480225035,-0.1959902078397659,-2.7870331204829144,1.225303757864971,TRACKING distance=1.225 heading_error=-0.257 linear=0.350 angular=-0.308 ,False
118.80000000000001,1,6.138378253263774,-0.3154637940840612,-2.8864903320968756,7.357843449627369,-0.19599019740767204,-2.7870332291272613,1.2253037604793737,TRACKING distance=1.225 heading_error=-0.257 linear=0.350 angular=-0.308 ,False
118.9,1,6.138378253263774,-0.3154637940840612,-2.8864903320968756,7.357843435479306,-0.1959901194916285,-2.787034077160067,1.2253037539959548,TRACKING distance=1.225 heading_error=-0.257 linear=0.350 angular=-0.308 ,False
118.9,1,6.138378253263774,-0.3154637940840612,-2.8864903320968756,7.357843435479306,-0.1959901194916285,-2.787034077160067,1.2253037539959548,TRACKING distance=1.225 heading_error=-0.257 linear=0.350 angular=-0.308 ,False
119.00000000000001,1,6.138378253263774,-0.3154637940840612,-2.8864903320968756,7.357843428309199,-0.19599005750126164,-2.787035106976903,1.2253037529044073,TRACKING distance=1.225 heading_error=-0.257 linear=0.350 angular=-0.308 ,False
119.00000000000001,1,6.138378253263774,-0.3154637940840612,-2.8864903320968756,7.357843428309199,-0.19599005750126164,-2.787035106976903,1.2253037529044073,TRACKING distance=1.225 heading_error=-0.257 linear=0.350 angular=-0.308 ,False
119.10000000000001,1,6.138378253263774,-0.3154637940840612,-2.8864903320968756,7.3578434247843205,-0.19599001309031663,-2.7870359497046935,1.2253037537266331,TRACKING distance=1.225 heading_error=-0.257 linear=0.350 angular=-0.308 ,False
119.10000000000001,1,6.138378253263774,-0.3154637940840612,-2.8864903320968756,7.3578434247843205,-0.19599001309031663,-2.7870359497046935,1.2253037537266331,TRACKING distance=1.225 heading_error=-0.257 linear=0.350 angular=-0.308 ,False
119.2,1,6.138378253263774,-0.3154637940840612,-2.8864903320968756,7.357843415798463,-0.1959899354491855,-2.7870368789898547,1.2253037523540284,TRACKING distance=1.225 heading_error=-0.257 linear=0.350 angular=-0.308 ,False
119.2,1,6.138378253263774,-0.3154637940840612,-2.8864903320968756,7.357843411833796,-0.19598992617495578,-2.7870369811974527,1.2253037493125418,TRACKING distance=1.225 heading_error=-0.257 linear=0.350 angular=-0.308 ,False
119.30000000000001,1,6.138378253263774,-0.3154637940840612,-2.8864903320968756,7.35784340607086,-0.19598985498559476,-2.7870378113623633,1.2253037505184234,TRACKING distance=1.225 heading_error=-0.257 linear=0.350 angular=-0.308 ,False
119.30000000000001,1,6.138378253263774,-0.3154637940840612,-2.8864903320968756,7.35784340607086,-0.19598985498559476,-2.7870378113623633,1.2253037505184234,TRACKING distance=1.225 heading_error=-0.257 linear=0.350 angular=-0.308 ,False
119.4,1,6.138378253263774,-0.3154637940840612,-2.8864903320968756,7.357843396805413,-0.19598980290379092,-2.787038717412011,1.2253037463753935,TRACKING distance=1.225 heading_error=-0.257 linear=0.350 angular=-0.308 ,False
119.4,1,6.138378253263774,-0.3154637940840612,-2.8864903320968756,7.357843396805413,-0.19598980290379092,-2.787038717412011,1.2253037463753935,TRACKING distance=1.225 heading_error=-0.257 linear=0.350 angular=-0.308 ,False
119.50000000000001,1,6.138378253263774,-0.3154637940840612,-2.8864903320968756,7.357843394638758,-0.19598974467447947,-2.7870396193363645,1.2253037498967485,TRACKING distance=1.225 heading_error=-0.257 linear=0.350 angular=-0.308 ,False
119.50000000000001,1,6.138378253263774,-0.3154637940840612,-2.8864903320968756,7.357843396856473,-0.1959897362515475,-2.7870397229252806,1.2253037529251793,TRACKING distance=1.225 heading_error=-0.257 linear=0.350 angular=-0.308 ,False
119.60000000000001,1,6.138378253263774,-0.3154637940840612,-2.8864903320968756,7.357843385391469,-0.19598966603317144,-2.7870405261040476,1.225303748361498,TRACKING distance=1.225 heading_error=-0.257 linear=0.350 angular=-0.308 ,False
119.60000000000001,1,6.138378253263774,-0.3154637940840612,-2.8864903320968756,7.357843385391469,-0.19598966603317144,-2.7870405261040476,1.225303748361498,TRACKING distance=1.225 heading_error=-0.257 linear=0.350 angular=-0.308 ,False
119.7,1,6.138378253263774,-0.3154637940840612,-2.8864903320968756,7.357843372624378,-0.19598959366490298,-2.7870414243242685,1.2253037427115656,TRACKING distance=1.225 heading_error=-0.257 linear=0.350 angular=-0.308 ,False
119.7,1,6.138378253263774,-0.3154637940840612,-2.8864903320968756,7.357843372624378,-0.19598959366490298,-2.7870414243242685,1.2253037427115656,TRACKING distance=1.225 heading_error=-0.257 linear=0.350 angular=-0.308 ,False
119.80000000000001,1,6.138378253263774,-0.3154637940840612,-2.8864903320968756,7.357843369399421,-0.19598954068228286,-2.78704229978749,1.2253037446680886,TRACKING distance=1.225 heading_error=-0.257 linear=0.350 angular=-0.308 ,False
119.80000000000001,1,6.138378253263774,-0.3154637940840612,-2.8864903320968756,7.357843369399421,-0.19598954068228286,-2.78704229978749,1.2253037446680886,TRACKING distance=1.225 heading_error=-0.257 linear=0.350 angular=-0.308 ,False
119.9,1,6.138378253263774,-0.3154637940840612,-2.8864903320968756,7.357843365403543,-0.19598947709870917,-2.7870431800727125,1.2253037468910213,TRACKING distance=1.225 heading_error=-0.257 linear=0.350 angular=-0.308 ,False
119.9,1,6.138378253263774,-0.3154637940840612,-2.8864903320968756,7.357843361860225,-0.1959894691226325,-2.787043277361036,1.225303744142302,TRACKING distance=1.225 heading_error=-0.257 linear=0.350 angular=-0.308 ,False
120.00000000000001,1,6.138378253263774,-0.3154637940840612,-2.8864903320968756,7.357843356775917,-0.19598939955939768,-2.7870440636836853,1.2253037458650478,TRACKING distance=1.225 heading_error=-0.257 linear=0.350 angular=-0.308 ,False
120.00000000000001,1,6.138378253263774,-0.3154637940840612,-2.8864903320968756,7.357843351501445,-0.195989394137306,-2.78704413842243,1.2253037411443946,TRACKING distance=1.225 heading_error=-0.257 linear=0.350 angular=-0.308 ,False
120.10000000000001,1,6.138378253263774,-0.3154637940840612,-2.8864903320968756,7.357843344021586,-0.19598933562355192,-2.7870449212831394,1.2253037394056183,TRACKING distance=1.225 heading_error=-0.257 linear=0.350 angular=-0.308 ,False
120.10000000000001,1,6.138378253263774,-0.3154637940840612,-2.8864903320968756,7.357843344021586,-0.19598933562355192,-2.7870449212831394,1.2253037394056183,TRACKING distance=1.225 heading_error=-0.257 linear=0.350 angular=-0.308 ,False
120.2,1,6.138378253263774,-0.3154637940840612,-2.8864903320968756,7.357843342595097,-0.19598927807134223,-2.7870457750705278,1.2253037435976133,TRACKING distance=1.225 heading_error=-0.257 linear=0.350 angular=-0.308 ,False
120.2,1,6.138378253263774,-0.3154637940840612,-2.8864903320968756,7.3578433451704655,-0.19598927074283473,-2.787045873810756,1.2253037468752837,TRACKING distance=1.225 heading_error=-0.257 linear=0.350 angular=-0.308 ,False
120.30000000000001,1,6.138378253263774,-0.3154637940840612,-2.8864903320968756,7.35784333737903,-0.1959892108523818,-2.7870466339920648,1.225303744960658,TRACKING distance=1.225 heading_error=-0.257 linear=0.350 angular=-0.308 ,False
120.30000000000001,1,6.138378253263774,-0.3154637940840612,-2.8864903320968756,7.3578433318953875,-0.19598920560473918,-2.7870467173516125,1.2253037400148223,TRACKING distance=1.225 heading_error=-0.257 linear=0.350 angular=-0.308 ,False
120.4,1,6.138378253263774,-0.3154637940840612,-2.8864903320968756,7.357843324358663,-0.19598913701101645,-2.7870474847343814,1.2253037392023194,TRACKING distance=1.225 heading_error=-0.257 linear=0.350 angular=-0.308 ,False
120.4,1,6.138378253263774,-0.3154637940840612,-2.8864903320968756,7.357843324358663,-0.19598913701101645,-2.7870474847343814,1.2253037392023194,TRACKING distance=1.225 heading_error=-0.257 linear=0.350 angular=-0.308 ,False
120.50000000000001,1,6.138378253263774,-0.3154637940840612,-2.8864903320968756,7.3578433187749654,-0.19598907543796973,-2.7870483130805055,1.225303739648981,TRACKING distance=1.225 heading_error=-0.257 linear=0.350 angular=-0.308 ,False
120.50000000000001,1,6.138378253263774,-0.3154637940840612,-2.8864903320968756,7.3578433187749654,-0.19598907543796973,-2.7870483130805055,1.225303739648981,TRACKING distance=1.225 heading_error=-0.257 linear=0.350 angular=-0.308 ,False
