ros_time_sec,event,detail,mission_state,mode,cmd_linear,cmd_angular,odom_x,odom_y,dynamic_lock,bird_confirmed,sound_done
0.000,mission_event,timestamp=0.000 mission_id=0 target_mission_id=0 state=IDLE event_type=STARTUP reason=mission_patrol_manager initialized waypoint_index=0,UNKNOWN,UNKNOWN,0.000,0.000,0.000,0.000,False,False,False
0.000,mission_event,timestamp=0.000 mission_id=0 target_mission_id=0 state=IDLE event_type=MISSION_COMMAND reason=START_PATROL waypoint_index=0,UNKNOWN,AUTO,0.000,0.000,0.000,0.000,False,False,False
0.000,mission_event,timestamp=0.000 mission_id=0 target_mission_id=0 state=IDLE event_type=MODE_CHANGE reason=previous=STANDBY next=AUTO reason=START_PATROL waypoint_index=0,UNKNOWN,AUTO,0.000,0.000,0.000,0.000,False,False,False
0.000,mission_event,timestamp=0.000 mission_id=0 target_mission_id=0 state=IDLE event_type=MISSION_RESET reason=operator_reset_pulse waypoint_index=0,UNKNOWN,AUTO,0.000,0.000,0.000,0.000,False,False,False
1.500,dynamic_lock,False,UNKNOWN,AUTO,0.000,0.000,-0.000,0.000,False,False,False
1.500,classification,WAITING_DYNAMIC_LOCK,UNKNOWN,AUTO,0.000,0.000,-0.000,0.000,False,False,False
1.500,bird_confirmed,False,UNKNOWN,AUTO,0.000,0.000,-0.000,0.000,False,False,False
1.500,sound_state,IDLE_NO_REQUEST,UNKNOWN,AUTO,0.000,0.000,-0.000,0.000,False,False,False
1.500,sound_done,False,UNKNOWN,AUTO,0.000,0.000,-0.000,0.000,False,False,False
1.500,mission_state,IDLE mode=AUTO nav_goal=NONE,IDLE mode=AUTO nav_goal=NONE,AUTO,0.000,0.000,0.000,0.000,False,False,False
1.500,classification,WAITING_DYNAMIC_LOCK,IDLE mode=AUTO nav_goal=NONE,AUTO,0.000,0.000,0.000,0.000,False,False,False
1.500,bird_confirmed,False,IDLE mode=AUTO nav_goal=NONE,AUTO,0.000,0.000,0.000,0.000,False,False,False
1.500,mission_event,timestamp=1.500 mission_id=0 target_mission_id=0 state=PATROL_NAVIGATING event_type=STATE_CHANGE reason=previous=IDLE next=PATROL_NAVIGATING reason=goal_type=PATROL waypoint_index=0,IDLE mode=AUTO nav_goal=NONE,AUTO,0.000,0.000,0.000,0.000,False,False,False
1.500,mission_event,timestamp=1.500 mission_id=0 target_mission_id=0 state=PATROL_NAVIGATING event_type=NAV2_DISABLED_SIMULATED_GOAL reason=PATROL waypoint_index=0,IDLE mode=AUTO nav_goal=NONE,AUTO,0.000,0.000,0.000,0.000,False,False,False
1.600,sound_state,IDLE_NO_REQUEST,IDLE mode=AUTO nav_goal=NONE,AUTO,0.000,0.000,-0.000,0.000,False,False,False
1.600,sound_done,False,IDLE mode=AUTO nav_goal=NONE,AUTO,0.000,0.000,-0.000,0.000,False,False,False
1.600,dynamic_lock,False,IDLE mode=AUTO nav_goal=NONE,AUTO,0.000,0.000,-0.000,0.000,False,False,False
1.600,bird_confirmed,False,IDLE mode=AUTO nav_goal=NONE,AUTO,0.000,0.000,-0.000,0.000,False,False,False
1.600,mission_state,PATROL_NAVIGATING mode=AUTO nav_goal=PATROL,PATROL_NAVIGATING mode=AUTO nav_goal=PATROL,AUTO,0.000,0.000,-0.000,0.000,False,False,False
1.600,classification,WAITING_DYNAMIC_LOCK,PATROL_NAVIGATING mode=AUTO nav_goal=PATROL,AUTO,0.000,0.000,-0.000,0.000,False,False,False
1.700,classification,WAITING_DYNAMIC_LOCK,PATROL_NAVIGATING mode=AUTO nav_goal=PATROL,AUTO,0.000,0.000,0.000,0.000,False,False,False
1.700,bird_confirmed,False,PATROL_NAVIGATING mode=AUTO nav_goal=PATROL,AUTO,0.000,0.000,0.000,0.000,False,False,False
1.800,sound_done,False,PATROL_NAVIGATING mode=AUTO nav_goal=PATROL,AUTO,0.000,0.000,0.000,0.000,False,False,False
1.800,mission_state,PATROL_NAVIGATING mode=AUTO nav_goal=PATROL,PATROL_NAVIGATING mode=AUTO nav_goal=PATROL,AUTO,0.000,0.000,0.000,0.000,False,False,False
1.800,classification,WAITING_DYNAMIC_LOCK,PATROL_NAVIGATING mode=AUTO nav_goal=PATROL,AUTO,0.000,0.000,0.000,0.000,False,False,False
1.800,bird_confirmed,False,PATROL_NAVIGATING mode=AUTO nav_goal=PATROL,AUTO,0.000,0.000,0.000,0.000,False,False,False
1.800,sound_state,IDLE_NO_REQUEST,PATROL_NAVIGATING mode=AUTO nav_goal=PATROL,AUTO,0.000,0.000,0.000,0.000,False,False,False
1.800,dynamic_lock,False,PATROL_NAVIGATING mode=AUTO nav_goal=PATROL,AUTO,0.080,0.000,0.000,0.000,False,False,False
1.900,classification,WAITING_DYNAMIC_LOCK,PATROL_NAVIGATING mode=AUTO nav_goal=PATROL,AUTO,0.120,0.000,0.007,0.000,False,False,False
1.900,bird_confirmed,False,PATROL_NAVIGATING mode=AUTO nav_goal=PATROL,AUTO,0.120,0.000,0.007,0.000,False,False,False
2.000,mission_state,PATROL_NAVIGATING mode=AUTO nav_goal=PATROL,PATROL_NAVIGATING mode=AUTO nav_goal=PATROL,AUTO,0.120,0.000,0.024,0.000,False,False,False
2.000,sound_done,False,PATROL_NAVIGATING mode=AUTO nav_goal=PATROL,AUTO,0.120,0.000,0.024,0.000,False,False,False
2.000,classification,WAITING_DYNAMIC_LOCK,PATROL_NAVIGATING mode=AUTO nav_goal=PATROL,AUTO,0.120,0.000,0.024,0.000,False,False,False
2.000,bird_confirmed,False,PATROL_NAVIGATING mode=AUTO nav_goal=PATROL,AUTO,0.120,0.000,0.024,0.000,False,False,False
2.000,sound_state,IDLE_NO_REQUEST,PATROL_NAVIGATING mode=AUTO nav_goal=PATROL,AUTO,0.120,0.000,0.024,0.000,False,False,False
2.000,dynamic_lock,False,PATROL_NAVIGATING mode=AUTO nav_goal=PATROL,AUTO,0.120,0.000,0.033,0.000,False,False,False
2.100,classification,WAITING_DYNAMIC_LOCK,PATROL_NAVIGATING mode=AUTO nav_goal=PATROL,AUTO,0.120,0.000,0.043,0.000,False,False,False
2.100,bird_confirmed,False,PATROL_NAVIGATING mode=AUTO nav_goal=PATROL,AUTO,0.120,0.000,0.043,0.000,False,False,False
2.200,classification,WAITING_DYNAMIC_LOCK,PATROL_NAVIGATING mode=AUTO nav_goal=PATROL,AUTO,0.120,0.000,0.062,0.000,False,False,False
2.200,bird_confirmed,False,PATROL_NAVIGATING mode=AUTO nav_goal=PATROL,AUTO,0.120,0.000,0.062,0.000,False,False,False
2.200,mission_state,PATROL_NAVIGATING mode=AUTO nav_goal=PATROL,PATROL_NAVIGATING mode=AUTO nav_goal=PATROL,AUTO,0.120,0.000,0.062,0.000,False,False,False
2.200,dynamic_lock,False,PATROL_NAVIGATING mode=AUTO nav_goal=PATROL,AUTO,0.120,0.000,0.062,0.000,False,False,False
2.200,sound_state,IDLE_NO_REQUEST,PATROL_NAVIGATING mode=AUTO nav_goal=PATROL,AUTO,0.120,0.000,0.062,0.000,False,False,False
2.200,sound_done,False,PATROL_NAVIGATING mode=AUTO nav_goal=PATROL,AUTO,0.120,0.000,0.062,0.000,False,False,False
2.300,classification,WAITING_DYNAMIC_LOCK,PATROL_NAVIGATING mode=AUTO nav_goal=PATROL,AUTO,0.120,0.000,0.083,-0.000,False,False,False
2.300,bird_confirmed,False,PATROL_NAVIGATING mode=AUTO nav_goal=PATROL,AUTO,0.120,0.000,0.083,-0.000,False,False,False
2.400,mission_state,PATROL_NAVIGATING mode=AUTO nav_goal=PATROL,PATROL_NAVIGATING mode=AUTO nav_goal=PATROL,AUTO,0.120,0.000,0.101,-0.000,False,False,False
2.400,classification,WAITING_DYNAMIC_LOCK,PATROL_NAVIGATING mode=AUTO nav_goal=PATROL,AUTO,0.120,0.000,0.101,-0.000,False,False,False
2.400,bird_confirmed,False,PATROL_NAVIGATING mode=AUTO nav_goal=PATROL,AUTO,0.120,0.000,0.101,-0.000,False,False,False
2.400,sound_state,IDLE_NO_REQUEST,PATROL_NAVIGATING mode=AUTO nav_goal=PATROL,AUTO,0.120,0.000,0.101,-0.000,False,False,False
2.400,sound_done,False,PATROL_NAVIGATING mode=AUTO nav_goal=PATROL,AUTO,0.120,0.000,0.101,-0.000,False,False,False
2.400,dynamic_lock,False,PATROL_NAVIGATING mode=AUTO nav_goal=PATROL,AUTO,0.120,0.000,0.106,-0.000,False,False,False
2.500,classification,WAITING_DYNAMIC_LOCK,PATROL_NAVIGATING mode=AUTO nav_goal=PATROL,AUTO,0.120,0.000,0.122,-0.000,False,False,False
2.500,bird_confirmed,False,PATROL_NAVIGATING mode=AUTO nav_goal=PATROL,AUTO,0.120,0.000,0.122,-0.000,False,False,False
2.600,dynamic_lock,False,PATROL_NAVIGATING mode=AUTO nav_goal=PATROL,AUTO,0.120,0.000,0.139,-0.000,False,False,False
2.600,sound_state,IDLE_NO_REQUEST,PATROL_NAVIGATING mode=AUTO nav_goal=PATROL,AUTO,0.120,0.000,0.139,-0.000,False,False,False
2.600,sound_done,False,PATROL_NAVIGATING mode=AUTO nav_goal=PATROL,AUTO,0.120,0.000,0.139,-0.000,False,False,False
2.600,classification,WAITING_DYNAMIC_LOCK,PATROL_NAVIGATING mode=AUTO nav_goal=PATROL,AUTO,0.120,0.000,0.141,-0.000,False,False,False
2.600,bird_confirmed,False,PATROL_NAVIGATING mode=AUTO nav_goal=PATROL,AUTO,0.120,0.000,0.141,-0.000,False,False,False
2.600,mission_state,PATROL_NAVIGATING mode=AUTO nav_goal=PATROL,PATROL_NAVIGATING mode=AUTO nav_goal=PATROL,AUTO,0.120,0.000,0.141,-0.000,False,False,False
2.700,classification,WAITING_DYNAMIC_LOCK,PATROL_NAVIGATING mode=AUTO nav_goal=PATROL,AUTO,0.120,0.000,0.158,-0.000,False,False,False
2.700,bird_confirmed,False,PATROL_NAVIGATING mode=AUTO nav_goal=PATROL,AUTO,0.120,0.000,0.158,-0.000,False,False,False
2.800,mission_state,PATROL_NAVIGATING mode=AUTO nav_goal=PATROL,PATROL_NAVIGATING mode=AUTO nav_goal=PATROL,AUTO,0.120,0.000,0.177,-0.000,False,False,False
2.800,dynamic_lock,False,PATROL_NAVIGATING mode=AUTO nav_goal=PATROL,AUTO,0.120,0.000,0.177,-0.000,False,False,False
2.800,classification,WAITING_DYNAMIC_LOCK,PATROL_NAVIGATING mode=AUTO nav_goal=PATROL,AUTO,0.120,0.000,0.177,-0.000,False,False,False
2.800,bird_confirmed,False,PATROL_NAVIGATING mode=AUTO nav_goal=PATROL,AUTO,0.120,0.000,0.177,-0.000,False,False,False
2.800,sound_state,IDLE_NO_REQUEST,PATROL_NAVIGATING mode=AUTO nav_goal=PATROL,AUTO,0.120,0.000,0.179,-0.000,False,False,False
2.800,sound_done,False,PATROL_NAVIGATING mode=AUTO nav_goal=PATROL,AUTO,0.120,0.000,0.179,-0.000,False,False,False
2.900,classification,WAITING_DYNAMIC_LOCK,PATROL_NAVIGATING mode=AUTO nav_goal=PATROL,AUTO,0.120,0.000,0.196,-0.000,False,False,False
2.900,bird_confirmed,False,PATROL_NAVIGATING mode=AUTO nav_goal=PATROL,AUTO,0.120,0.000,0.196,-0.000,False,False,False
3.000,classification,WAITING_DYNAMIC_LOCK,PATROL_NAVIGATING mode=AUTO nav_goal=PATROL,AUTO,0.120,0.000,0.216,-0.000,False,False,False
3.000,bird_confirmed,False,PATROL_NAVIGATING mode=AUTO nav_goal=PATROL,AUTO,0.120,0.000,0.216,-0.000,False,False,False
3.000,mission_state,PATROL_NAVIGATING mode=AUTO nav_goal=PATROL,PATROL_NAVIGATING mode=AUTO nav_goal=PATROL,AUTO,0.120,0.000,0.216,-0.000,False,False,False
3.000,sound_state,IDLE_NO_REQUEST,PATROL_NAVIGATING mode=AUTO nav_goal=PATROL,AUTO,0.120,0.000,0.216,-0.000,False,False,False
3.000,sound_done,False,PATROL_NAVIGATING mode=AUTO nav_goal=PATROL,AUTO,0.120,0.000,0.216,-0.000,False,False,False
3.000,dynamic_lock,False,PATROL_NAVIGATING mode=AUTO nav_goal=PATROL,AUTO,0.120,0.000,0.218,-0.000,False,False,False
3.100,classification,WAITING_DYNAMIC_LOCK,PATROL_NAVIGATING mode=AUTO nav_goal=PATROL,AUTO,0.120,0.000,0.235,-0.000,False,False,False
3.100,bird_confirmed,False,PATROL_NAVIGATING mode=AUTO nav_goal=PATROL,AUTO,0.120,0.000,0.235,-0.000,False,False,False
3.200,bird_confirmed,False,PATROL_NAVIGATING mode=AUTO nav_goal=PATROL,AUTO,0.120,0.000,0.254,-0.000,False,False,False
3.200,sound_state,IDLE_NO_REQUEST,PATROL_NAVIGATING mode=AUTO nav_goal=PATROL,AUTO,0.120,0.000,0.254,-0.000,False,False,False
3.200,sound_done,False,PATROL_NAVIGATING mode=AUTO nav_goal=PATROL,AUTO,0.120,0.000,0.254,-0.000,False,False,False
3.200,mission_state,PATROL_NAVIGATING mode=AUTO nav_goal=PATROL,PATROL_NAVIGATING mode=AUTO nav_goal=PATROL,AUTO,0.120,0.000,0.254,-0.000,False,False,False
3.200,dynamic_lock,False,PATROL_NAVIGATING mode=AUTO nav_goal=PATROL,AUTO,0.120,0.000,0.254,-0.000,False,False,False
3.200,classification,WAITING_DYNAMIC_LOCK,PATROL_NAVIGATING mode=AUTO nav_goal=PATROL,AUTO,0.120,0.000,0.254,-0.000,False,False,False
3.300,classification,WAITING_DYNAMIC_LOCK,PATROL_NAVIGATING mode=AUTO nav_goal=PATROL,AUTO,0.120,0.000,0.273,-0.000,False,False,False
3.300,bird_confirmed,False,PATROL_NAVIGATING mode=AUTO nav_goal=PATROL,AUTO,0.120,0.000,0.273,-0.000,False,False,False
3.400,classification,WAITING_DYNAMIC_LOCK,PATROL_NAVIGATING mode=AUTO nav_goal=PATROL,AUTO,0.120,0.000,0.292,-0.000,False,False,False
3.400,bird_confirmed,False,PATROL_NAVIGATING mode=AUTO nav_goal=PATROL,AUTO,0.120,0.000,0.292,-0.000,False,False,False
3.400,sound_done,False,PATROL_NAVIGATING mode=AUTO nav_goal=PATROL,AUTO,0.120,0.000,0.292,-0.000,False,False,False
3.400,mission_state,PATROL_NAVIGATING mode=AUTO nav_goal=PATROL,PATROL_NAVIGATING mode=AUTO nav_goal=PATROL,AUTO,0.120,0.000,0.292,-0.000,False,False,False
3.400,sound_state,IDLE_NO_REQUEST,PATROL_NAVIGATING mode=AUTO nav_goal=PATROL,AUTO,0.120,0.000,0.292,-0.000,False,False,False
3.400,dynamic_lock,False,PATROL_NAVIGATING mode=AUTO nav_goal=PATROL,AUTO,0.120,0.000,0.294,-0.000,False,False,False
3.500,bird_confirmed,False,PATROL_NAVIGATING mode=AUTO nav_goal=PATROL,AUTO,0.120,0.000,0.312,-0.000,False,False,False
3.500,classification,WAITING_DYNAMIC_LOCK,PATROL_NAVIGATING mode=AUTO nav_goal=PATROL,AUTO,0.120,0.000,0.312,-0.000,False,False,False
3.600,classification,WAITING_DYNAMIC_LOCK,PATROL_NAVIGATING mode=AUTO nav_goal=PATROL,AUTO,0.120,0.000,0.331,-0.000,False,False,False
3.600,bird_confirmed,False,PATROL_NAVIGATING mode=AUTO nav_goal=PATROL,AUTO,0.120,0.000,0.331,-0.000,False,False,False
3.600,sound_done,False,PATROL_NAVIGATING mode=AUTO nav_goal=PATROL,AUTO,0.120,0.000,0.331,-0.000,False,False,False
3.600,sound_state,IDLE_NO_REQUEST,PATROL_NAVIGATING mode=AUTO nav_goal=PATROL,AUTO,0.120,0.000,0.331,-0.000,False,False,False
3.600,mission_state,PATROL_NAVIGATING mode=AUTO nav_goal=PATROL,PATROL_NAVIGATING mode=AUTO nav_goal=PATROL,AUTO,0.120,0.000,0.333,-0.000,False,False,False
3.600,dynamic_lock,False,PATROL_NAVIGATING mode=AUTO nav_goal=PATROL,AUTO,0.120,0.000,0.335,-0.000,False,False,False
3.700,bird_confirmed,False,PATROL_NAVIGATING mode=AUTO nav_goal=PATROL,AUTO,0.120,0.000,0.350,-0.000,False,False,False
3.700,classification,WAITING_DYNAMIC_LOCK,PATROL_NAVIGATING mode=AUTO nav_goal=PATROL,AUTO,0.120,0.000,0.352,-0.000,False,False,False
3.800,classification,WAITING_DYNAMIC_LOCK,PATROL_NAVIGATING mode=AUTO nav_goal=PATROL,AUTO,0.120,0.000,0.369,-0.000,False,False,False
3.800,bird_confirmed,False,PATROL_NAVIGATING mode=AUTO nav_goal=PATROL,AUTO,0.120,0.000,0.369,-0.000,False,False,False
3.800,sound_state,IDLE_NO_REQUEST,PATROL_NAVIGATING mode=AUTO nav_goal=PATROL,AUTO,0.120,0.000,0.369,-0.000,False,False,False
3.800,sound_done,False,PATROL_NAVIGATING mode=AUTO nav_goal=PATROL,AUTO,0.120,0.000,0.369,-0.000,False,False,False
3.800,mission_state,PATROL_NAVIGATING mode=AUTO nav_goal=PATROL,PATROL_NAVIGATING mode=AUTO nav_goal=PATROL,AUTO,0.120,0.000,0.369,-0.000,False,False,False
3.800,dynamic_lock,False,PATROL_NAVIGATING mode=AUTO nav_goal=PATROL,AUTO,0.120,0.000,0.384,-0.000,False,False,False
3.900,classification,WAITING_DYNAMIC_LOCK,PATROL_NAVIGATING mode=AUTO nav_goal=PATROL,AUTO,0.120,0.000,0.390,-0.000,False,False,False
3.900,bird_confirmed,False,PATROL_NAVIGATING mode=AUTO nav_goal=PATROL,AUTO,0.120,0.000,0.390,-0.000,False,False,False
4.000,sound_state,IDLE_NO_REQUEST,PATROL_NAVIGATING mode=AUTO nav_goal=PATROL,AUTO,0.120,0.000,0.407,-0.000,False,False,False
4.000,sound_done,False,PATROL_NAVIGATING mode=AUTO nav_goal=PATROL,AUTO,0.120,0.000,0.407,-0.000,False,False,False
4.000,mission_state,PATROL_NAVIGATING mode=AUTO nav_goal=PATROL,PATROL_NAVIGATING mode=AUTO nav_goal=PATROL,AUTO,0.120,0.000,0.407,-0.000,False,False,False
4.000,bird_confirmed,False,PATROL_NAVIGATING mode=AUTO nav_goal=PATROL,AUTO,0.120,0.000,0.409,-0.000,False,False,False
4.000,classification,WAITING_DYNAMIC_LOCK,PATROL_NAVIGATING mode=AUTO nav_goal=PATROL,AUTO,0.120,0.000,0.409,-0.000,False,False,False
4.000,dynamic_lock,False,PATROL_NAVIGATING mode=AUTO nav_goal=PATROL,AUTO,0.120,0.000,0.409,-0.000,False,False,False
4.100,classification,WAITING_DYNAMIC_LOCK,PATROL_NAVIGATING mode=AUTO nav_goal=PATROL,AUTO,0.120,0.000,0.427,-0.000,False,False,False
4.100,bird_confirmed,False,PATROL_NAVIGATING mode=AUTO nav_goal=PATROL,AUTO,0.120,0.000,0.427,-0.000,False,False,False
4.200,mission_state,PATROL_NAVIGATING mode=AUTO nav_goal=PATROL,PATROL_NAVIGATING mode=AUTO nav_goal=PATROL,AUTO,0.120,0.000,0.446,-0.000,False,False,False
4.200,sound_state,IDLE_NO_REQUEST,PATROL_NAVIGATING mode=AUTO nav_goal=PATROL,AUTO,0.120,0.000,0.446,-0.000,False,False,False
4.200,sound_done,False,PATROL_NAVIGATING mode=AUTO nav_goal=PATROL,AUTO,0.120,0.000,0.446,-0.000,False,False,False
4.200,dynamic_lock,False,PATROL_NAVIGATING mode=AUTO nav_goal=PATROL,AUTO,0.120,0.000,0.446,-0.000,False,False,False
4.200,classification,WAITING_DYNAMIC_LOCK,PATROL_NAVIGATING mode=AUTO nav_goal=PATROL,AUTO,0.120,0.000,0.448,-0.000,False,False,False
4.200,bird_confirmed,False,PATROL_NAVIGATING mode=AUTO nav_goal=PATROL,AUTO,0.120,0.000,0.448,-0.000,False,False,False
4.300,classification,WAITING_DYNAMIC_LOCK,PATROL_NAVIGATING mode=AUTO nav_goal=PATROL,AUTO,0.120,0.000,0.467,-0.000,False,False,False
4.300,bird_confirmed,False,PATROL_NAVIGATING mode=AUTO nav_goal=PATROL,AUTO,0.120,0.000,0.467,-0.000,False,False,False
4.400,mission_state,PATROL_NAVIGATING mode=AUTO nav_goal=PATROL,PATROL_NAVIGATING mode=AUTO nav_goal=PATROL,AUTO,0.120,0.000,0.484,-0.000,False,False,False
4.400,classification,WAITING_DYNAMIC_LOCK,PATROL_NAVIGATING mode=AUTO nav_goal=PATROL,AUTO,0.120,0.000,0.484,-0.000,False,False,False
4.400,bird_confirmed,False,PATROL_NAVIGATING mode=AUTO nav_goal=PATROL,AUTO,0.120,0.000,0.484,-0.000,False,False,False
4.400,sound_state,IDLE_NO_REQUEST,PATROL_NAVIGATING mode=AUTO nav_goal=PATROL,AUTO,0.120,0.000,0.484,-0.000,False,False,False
4.400,sound_done,False,PATROL_NAVIGATING mode=AUTO nav_goal=PATROL,AUTO,0.120,0.000,0.484,-0.000,False,False,False
4.400,dynamic_lock,False,PATROL_NAVIGATING mode=AUTO nav_goal=PATROL,AUTO,0.120,0.000,0.490,-0.000,False,False,False
4.500,classification,WAITING_DYNAMIC_LOCK,PATROL_NAVIGATING mode=AUTO nav_goal=PATROL,AUTO,0.120,0.000,0.505,-0.000,False,False,False
4.500,bird_confirmed,False,PATROL_NAVIGATING mode=AUTO nav_goal=PATROL,AUTO,0.120,0.000,0.505,-0.000,False,False,False
4.600,dynamic_lock,False,PATROL_NAVIGATING mode=AUTO nav_goal=PATROL,AUTO,0.120,0.000,0.522,-0.000,False,False,False
4.600,sound_state,IDLE_NO_REQUEST,PATROL_NAVIGATING mode=AUTO nav_goal=PATROL,AUTO,0.120,0.000,0.522,-0.000,False,False,False
4.600,sound_done,False,PATROL_NAVIGATING mode=AUTO nav_goal=PATROL,AUTO,0.120,0.000,0.522,-0.000,False,False,False
4.600,mission_state,PATROL_NAVIGATING mode=AUTO nav_goal=PATROL,PATROL_NAVIGATING mode=AUTO nav_goal=PATROL,AUTO,0.120,0.000,0.524,-0.000,False,False,False
4.600,classification,WAITING_DYNAMIC_LOCK,PATROL_NAVIGATING mode=AUTO nav_goal=PATROL,AUTO,0.120,0.000,0.524,-0.000,False,False,False
4.600,bird_confirmed,False,PATROL_NAVIGATING mode=AUTO nav_goal=PATROL,AUTO,0.120,0.000,0.524,-0.000,False,False,False
4.700,classification,WAITING_DYNAMIC_LOCK,PATROL_NAVIGATING mode=AUTO nav_goal=PATROL,AUTO,0.120,0.000,0.542,-0.000,False,False,False
4.700,bird_confirmed,False,PATROL_NAVIGATING mode=AUTO nav_goal=PATROL,AUTO,0.120,0.000,0.542,-0.000,False,False,False
4.800,sound_done,False,PATROL_NAVIGATING mode=AUTO nav_goal=PATROL,AUTO,0.120,0.000,0.561,-0.000,False,False,False
4.800,mission_state,PATROL_NAVIGATING mode=AUTO nav_goal=PATROL,PATROL_NAVIGATING mode=AUTO nav_goal=PATROL,AUTO,0.120,0.000,0.561,-0.000,False,False,False
4.800,dynamic_lock,False,PATROL_NAVIGATING mode=AUTO nav_goal=PATROL,AUTO,0.120,0.000,0.561,-0.000,False,False,False
4.800,classification,WAITING_DYNAMIC_LOCK,PATROL_NAVIGATING mode=AUTO nav_goal=PATROL,AUTO,0.120,0.000,0.561,-0.000,False,False,False
4.800,bird_confirmed,False,PATROL_NAVIGATING mode=AUTO nav_goal=PATROL,AUTO,0.120,0.000,0.561,-0.000,False,False,False
4.800,sound_state,IDLE_NO_REQUEST,PATROL_NAVIGATING mode=AUTO nav_goal=PATROL,AUTO,0.120,0.000,0.561,-0.000,False,False,False
4.900,classification,WAITING_DYNAMIC_LOCK,PATROL_NAVIGATING mode=AUTO nav_goal=PATROL,AUTO,0.120,0.000,0.580,-0.000,False,False,False
4.900,bird_confirmed,False,PATROL_NAVIGATING mode=AUTO nav_goal=PATROL,AUTO,0.120,0.000,0.580,-0.000,False,False,False
5.000,dynamic_lock,False,PATROL_NAVIGATING mode=AUTO nav_goal=PATROL,AUTO,0.120,0.000,0.599,-0.000,False,False,False
5.000,classification,WAITING_DYNAMIC_LOCK,PATROL_NAVIGATING mode=AUTO nav_goal=PATROL,AUTO,0.120,0.000,0.599,-0.000,False,False,False
5.000,bird_confirmed,False,PATROL_NAVIGATING mode=AUTO nav_goal=PATROL,AUTO,0.120,0.000,0.599,-0.000,False,False,False
5.000,sound_state,IDLE_NO_REQUEST,PATROL_NAVIGATING mode=AUTO nav_goal=PATROL,AUTO,0.120,0.000,0.599,-0.000,False,False,False
5.000,sound_done,False,PATROL_NAVIGATING mode=AUTO nav_goal=PATROL,AUTO,0.120,0.000,0.599,-0.000,False,False,False
5.000,mission_state,PATROL_NAVIGATING mode=AUTO nav_goal=PATROL,PATROL_NAVIGATING mode=AUTO nav_goal=PATROL,AUTO,0.120,0.000,0.599,-0.000,False,False,False
5.100,bird_confirmed,False,PATROL_NAVIGATING mode=AUTO nav_goal=PATROL,AUTO,0.120,0.000,0.618,-0.000,False,False,False
5.100,classification,WAITING_DYNAMIC_LOCK,PATROL_NAVIGATING mode=AUTO nav_goal=PATROL,AUTO,0.120,0.000,0.618,-0.000,False,False,False
5.200,sound_state,IDLE_NO_REQUEST,PATROL_NAVIGATING mode=AUTO nav_goal=PATROL,AUTO,0.120,0.000,0.638,-0.000,False,False,False
5.200,sound_done,False,PATROL_NAVIGATING mode=AUTO nav_goal=PATROL,AUTO,0.120,0.000,0.638,-0.000,False,False,False
5.200,classification,WAITING_DYNAMIC_LOCK,PATROL_NAVIGATING mode=AUTO nav_goal=PATROL,AUTO,0.120,0.000,0.638,-0.000,False,False,False
5.200,bird_confirmed,False,PATROL_NAVIGATING mode=AUTO nav_goal=PATROL,AUTO,0.120,0.000,0.638,-0.000,False,False,False
5.200,mission_state,PATROL_NAVIGATING mode=AUTO nav_goal=PATROL,PATROL_NAVIGATING mode=AUTO nav_goal=PATROL,AUTO,0.120,0.000,0.639,-0.000,False,False,False
5.200,dynamic_lock,False,PATROL_NAVIGATING mode=AUTO nav_goal=PATROL,AUTO,0.120,0.000,0.649,-0.000,False,False,False
5.300,classification,WAITING_DYNAMIC_LOCK,PATROL_NAVIGATING mode=AUTO nav_goal=PATROL,AUTO,0.120,0.000,0.657,-0.000,False,False,False
5.300,bird_confirmed,False,PATROL_NAVIGATING mode=AUTO nav_goal=PATROL,AUTO,0.120,0.000,0.657,-0.000,False,False,False
5.400,sound_state,IDLE_NO_REQUEST,PATROL_NAVIGATING mode=AUTO nav_goal=PATROL,AUTO,0.120,0.000,0.676,-0.000,False,False,False
5.400,sound_done,False,PATROL_NAVIGATING mode=AUTO nav_goal=PATROL,AUTO,0.120,0.000,0.676,-0.000,False,False,False
5.400,mission_state,PATROL_NAVIGATING mode=AUTO nav_goal=PATROL,PATROL_NAVIGATING mode=AUTO nav_goal=PATROL,AUTO,0.120,0.000,0.676,-0.000,False,False,False
5.400,bird_confirmed,False,PATROL_NAVIGATING mode=AUTO nav_goal=PATROL,AUTO,0.120,0.000,0.676,-0.000,False,False,False
5.400,classification,WAITING_DYNAMIC_LOCK,PATROL_NAVIGATING mode=AUTO nav_goal=PATROL,AUTO,0.120,0.000,0.678,-0.000,False,False,False
5.400,dynamic_lock,False,PATROL_NAVIGATING mode=AUTO nav_goal=PATROL,AUTO,0.120,0.000,0.682,-0.000,False,False,False
5.500,classification,WAITING_DYNAMIC_LOCK,PATROL_NAVIGATING mode=AUTO nav_goal=PATROL,AUTO,0.120,0.000,0.695,-0.000,False,False,False
5.500,bird_confirmed,False,PATROL_NAVIGATING mode=AUTO nav_goal=PATROL,AUTO,0.120,0.000,0.695,-0.000,False,False,False
5.600,dynamic_lock,False,PATROL_NAVIGATING mode=AUTO nav_goal=PATROL,AUTO,0.120,0.000,0.714,-0.000,False,False,False
5.600,sound_state,IDLE_NO_REQUEST,PATROL_NAVIGATING mode=AUTO nav_goal=PATROL,AUTO,0.120,0.000,0.714,-0.000,False,False,False
5.600,sound_done,False,PATROL_NAVIGATING mode=AUTO nav_goal=PATROL,AUTO,0.120,0.000,0.714,-0.000,False,False,False
5.600,mission_state,PATROL_NAVIGATING mode=AUTO nav_goal=PATROL,PATROL_NAVIGATING mode=AUTO nav_goal=PATROL,AUTO,0.120,0.000,0.714,-0.000,False,False,False
5.600,classification,WAITING_DYNAMIC_LOCK,PATROL_NAVIGATING mode=AUTO nav_goal=PATROL,AUTO,0.120,0.000,0.714,-0.000,False,False,False
5.600,bird_confirmed,False,PATROL_NAVIGATING mode=AUTO nav_goal=PATROL,AUTO,0.120,0.000,0.714,-0.000,False,False,False
5.700,classification,WAITING_DYNAMIC_LOCK,PATROL_NAVIGATING mode=AUTO nav_goal=PATROL,AUTO,0.120,0.000,0.735,-0.000,False,False,False
5.700,bird_confirmed,False,PATROL_NAVIGATING mode=AUTO nav_goal=PATROL,AUTO,0.120,0.000,0.735,-0.000,False,False,False
5.800,dynamic_lock,False,PATROL_NAVIGATING mode=AUTO nav_goal=PATROL,AUTO,0.120,0.001,0.753,-0.000,False,False,False
5.800,sound_state,IDLE_NO_REQUEST,PATROL_NAVIGATING mode=AUTO nav_goal=PATROL,AUTO,0.120,0.001,0.753,-0.000,False,False,False
5.800,sound_done,False,PATROL_NAVIGATING mode=AUTO nav_goal=PATROL,AUTO,0.120,0.001,0.753,-0.000,False,False,False
5.800,mission_state,PATROL_NAVIGATING mode=AUTO nav_goal=PATROL,PATROL_NAVIGATING mode=AUTO nav_goal=PATROL,AUTO,0.120,0.001,0.753,-0.000,False,False,False
5.800,classification,WAITING_DYNAMIC_LOCK,PATROL_NAVIGATING mode=AUTO nav_goal=PATROL,AUTO,0.120,0.001,0.753,-0.000,False,False,False
5.800,bird_confirmed,False,PATROL_NAVIGATING mode=AUTO nav_goal=PATROL,AUTO,0.120,0.001,0.753,-0.000,False,False,False
5.800,mission_event,timestamp=5.800 mission_id=0 target_mission_id=0 state=PATROL_NAVIGATING event_type=SIM_NAV_GOAL_ARRIVED reason=PATROL waypoint_index=0,PATROL_NAVIGATING mode=AUTO nav_goal=PATROL,AUTO,0.120,0.001,0.755,-0.000,False,False,False
5.800,mission_event,timestamp=5.800 mission_id=0 target_mission_id=0 state=PATROL_NAVIGATING event_type=NAV2_GOAL_SUCCEEDED reason=PATROL waypoint_index=0,PATROL_NAVIGATING mode=AUTO nav_goal=PATROL,AUTO,0.120,0.001,0.755,-0.000,False,False,False
5.800,mission_event,timestamp=5.800 mission_id=0 target_mission_id=0 state=PATROL_DWELL event_type=STATE_CHANGE reason=previous=PATROL_NAVIGATING next=PATROL_DWELL reason=inside_a waypoint_index=0,PATROL_NAVIGATING mode=AUTO nav_goal=PATROL,AUTO,0.120,0.001,0.755,-0.000,False,False,False
5.900,classification,WAITING_DYNAMIC_LOCK,PATROL_NAVIGATING mode=AUTO nav_goal=PATROL,AUTO,0.120,0.001,0.772,-0.000,False,False,False
5.900,bird_confirmed,False,PATROL_NAVIGATING mode=AUTO nav_goal=PATROL,AUTO,0.120,0.001,0.772,-0.000,False,False,False
6.000,sound_state,IDLE_NO_REQUEST,PATROL_NAVIGATING mode=AUTO nav_goal=PATROL,AUTO,0.120,0.001,0.791,-0.000,False,False,False
6.000,sound_done,False,PATROL_NAVIGATING mode=AUTO nav_goal=PATROL,AUTO,0.120,0.001,0.791,-0.000,False,False,False
6.000,classification,WAITING_DYNAMIC_LOCK,PATROL_NAVIGATING mode=AUTO nav_goal=PATROL,AUTO,0.120,0.001,0.791,-0.000,False,False,False
6.000,bird_confirmed,False,PATROL_NAVIGATING mode=AUTO nav_goal=PATROL,AUTO,0.120,0.001,0.791,-0.000,False,False,False
6.000,mission_state,PATROL_DWELL mode=AUTO nav_goal=NONE,PATROL_DWELL mode=AUTO nav_goal=NONE,AUTO,0.040,0.000,0.793,-0.000,False,False,False
6.000,dynamic_lock,False,PATROL_DWELL mode=AUTO nav_goal=NONE,AUTO,0.040,0.000,0.793,-0.000,False,False,False
6.100,classification,WAITING_DYNAMIC_LOCK,PATROL_DWELL mode=AUTO nav_goal=NONE,AUTO,0.000,0.000,0.804,-0.000,False,False,False
6.100,bird_confirmed,False,PATROL_DWELL mode=AUTO nav_goal=NONE,AUTO,0.000,0.000,0.804,-0.000,False,False,False
6.200,dynamic_lock,False,PATROL_DWELL mode=AUTO nav_goal=NONE,AUTO,0.000,0.000,0.804,-0.000,False,False,False
6.200,classification,WAITING_DYNAMIC_LOCK,PATROL_DWELL mode=AUTO nav_goal=NONE,AUTO,0.000,0.000,0.804,-0.000,False,False,False
6.200,bird_confirmed,False,PATROL_DWELL mode=AUTO nav_goal=NONE,AUTO,0.000,0.000,0.804,-0.000,False,False,False
6.200,sound_state,IDLE_NO_REQUEST,PATROL_DWELL mode=AUTO nav_goal=NONE,AUTO,0.000,0.000,0.804,-0.000,False,False,False
6.200,sound_done,False,PATROL_DWELL mode=AUTO nav_goal=NONE,AUTO,0.000,0.000,0.804,-0.000,False,False,False
6.200,mission_state,PATROL_DWELL mode=AUTO nav_goal=NONE,PATROL_DWELL mode=AUTO nav_goal=NONE,AUTO,0.000,0.000,0.804,-0.000,False,False,False
6.300,classification,WAITING_DYNAMIC_LOCK,PATROL_DWELL mode=AUTO nav_goal=NONE,AUTO,0.000,0.000,0.804,-0.000,False,False,False
6.300,bird_confirmed,False,PATROL_DWELL mode=AUTO nav_goal=NONE,AUTO,0.000,0.000,0.804,-0.000,False,False,False
6.400,sound_done,False,PATROL_DWELL mode=AUTO nav_goal=NONE,AUTO,0.000,0.000,0.805,-0.000,False,False,False
6.400,dynamic_lock,False,PATROL_DWELL mode=AUTO nav_goal=NONE,AUTO,0.000,0.000,0.805,-0.000,False,False,False
6.400,classification,WAITING_DYNAMIC_LOCK,PATROL_DWELL mode=AUTO nav_goal=NONE,AUTO,0.000,0.000,0.805,-0.000,False,False,False
6.400,bird_confirmed,False,PATROL_DWELL mode=AUTO nav_goal=NONE,AUTO,0.000,0.000,0.805,-0.000,False,False,False
6.400,sound_state,IDLE_NO_REQUEST,PATROL_DWELL mode=AUTO nav_goal=NONE,AUTO,0.000,0.000,0.805,-0.000,False,False,False
6.400,mission_state,PATROL_DWELL mode=AUTO nav_goal=NONE,PATROL_DWELL mode=AUTO nav_goal=NONE,AUTO,0.000,0.000,0.805,-0.000,False,False,False
6.400,mission_event,timestamp=6.400 mission_id=0 target_mission_id=0 state=RESUME_PATROL event_type=STATE_CHANGE reason=previous=PATROL_DWELL next=RESUME_PATROL reason=next_index=1 waypoint_index=1,PATROL_DWELL mode=AUTO nav_goal=NONE,AUTO,0.000,0.000,0.805,-0.000,False,False,False
6.500,classification,WAITING_DYNAMIC_LOCK,PATROL_DWELL mode=AUTO nav_goal=NONE,AUTO,0.000,0.000,0.805,-0.000,False,False,False
6.500,bird_confirmed,False,PATROL_DWELL mode=AUTO nav_goal=NONE,AUTO,0.000,0.000,0.805,-0.000,False,False,False
6.600,sound_done,False,PATROL_DWELL mode=AUTO nav_goal=NONE,AUTO,0.000,0.000,0.805,-0.000,False,False,False
6.600,mission_state,RESUME_PATROL mode=AUTO nav_goal=NONE,RESUME_PATROL mode=AUTO nav_goal=NONE,AUTO,0.000,0.000,0.805,-0.000,False,False,False
6.600,mission_event,timestamp=6.600 mission_id=0 target_mission_id=0 state=PATROL_NAVIGATING event_type=STATE_CHANGE reason=previous=RESUME_PATROL next=PATROL_NAVIGATING reason=goal_type=PATROL waypoint_index=1,RESUME_PATROL mode=AUTO nav_goal=NONE,AUTO,0.000,0.000,0.805,-0.000,False,False,False
6.600,dynamic_lock,False,RESUME_PATROL mode=AUTO nav_goal=NONE,AUTO,0.000,0.000,0.805,-0.000,False,False,False
6.600,classification,WAITING_DYNAMIC_LOCK,RESUME_PATROL mode=AUTO nav_goal=NONE,AUTO,0.000,0.000,0.805,-0.000,False,False,False
6.600,bird_confirmed,False,RESUME_PATROL mode=AUTO nav_goal=NONE,AUTO,0.000,0.000,0.805,-0.000,False,False,False
6.600,sound_state,IDLE_NO_REQUEST,RESUME_PATROL mode=AUTO nav_goal=NONE,AUTO,0.000,0.000,0.805,-0.000,False,False,False
6.600,mission_event,timestamp=6.600 mission_id=0 target_mission_id=0 state=PATROL_NAVIGATING event_type=NAV2_DISABLED_SIMULATED_GOAL reason=PATROL waypoint_index=1,RESUME_PATROL mode=AUTO nav_goal=NONE,AUTO,0.000,0.000,0.805,-0.000,False,False,False
6.700,classification,WAITING_DYNAMIC_LOCK,RESUME_PATROL mode=AUTO nav_goal=NONE,AUTO,0.000,0.000,0.805,-0.000,False,False,False
6.700,bird_confirmed,False,RESUME_PATROL mode=AUTO nav_goal=NONE,AUTO,0.000,0.000,0.805,-0.000,False,False,False
6.800,dynamic_lock,False,RESUME_PATROL mode=AUTO nav_goal=NONE,AUTO,0.000,0.000,0.805,-0.000,False,False,False
6.800,classification,WAITING_DYNAMIC_LOCK,RESUME_PATROL mode=AUTO nav_goal=NONE,AUTO,0.000,0.000,0.805,-0.000,False,False,False
6.800,bird_confirmed,False,RESUME_PATROL mode=AUTO nav_goal=NONE,AUTO,0.000,0.000,0.805,-0.000,False,False,False
6.800,sound_state,IDLE_NO_REQUEST,RESUME_PATROL mode=AUTO nav_goal=NONE,AUTO,0.000,0.000,0.805,-0.000,False,False,False
6.800,sound_done,False,RESUME_PATROL mode=AUTO nav_goal=NONE,AUTO,0.000,0.000,0.805,-0.000,False,False,False
6.800,mission_state,PATROL_NAVIGATING mode=AUTO nav_goal=PATROL,PATROL_NAVIGATING mode=AUTO nav_goal=PATROL,AUTO,0.000,0.000,0.805,-0.000,False,False,False
6.900,classification,WAITING_DYNAMIC_LOCK,PATROL_NAVIGATING mode=AUTO nav_goal=PATROL,AUTO,0.120,0.000,0.805,-0.000,False,False,False
6.900,bird_confirmed,False,PATROL_NAVIGATING mode=AUTO nav_goal=PATROL,AUTO,0.120,0.000,0.805,-0.000,False,False,False
7.000,sound_state,IDLE_NO_REQUEST,PATROL_NAVIGATING mode=AUTO nav_goal=PATROL,AUTO,0.120,0.000,0.811,-0.000,False,False,False
7.000,sound_done,False,PATROL_NAVIGATING mode=AUTO nav_goal=PATROL,AUTO,0.120,0.000,0.811,-0.000,False,False,False
7.000,mission_state,PATROL_NAVIGATING mode=AUTO nav_goal=PATROL,PATROL_NAVIGATING mode=AUTO nav_goal=PATROL,AUTO,0.120,0.000,0.811,-0.000,False,False,False
7.000,classification,WAITING_DYNAMIC_LOCK,PATROL_NAVIGATING mode=AUTO nav_goal=PATROL,AUTO,0.120,0.000,0.813,-0.000,False,False,False
7.000,bird_confirmed,False,PATROL_NAVIGATING mode=AUTO nav_goal=PATROL,AUTO,0.120,0.000,0.813,-0.000,False,False,False
7.000,dynamic_lock,False,PATROL_NAVIGATING mode=AUTO nav_goal=PATROL,AUTO,0.120,0.000,0.824,-0.000,False,False,False
7.100,classification,WAITING_DYNAMIC_LOCK,PATROL_NAVIGATING mode=AUTO nav_goal=PATROL,AUTO,0.120,0.000,0.832,-0.000,False,False,False
7.100,bird_confirmed,False,PATROL_NAVIGATING mode=AUTO nav_goal=PATROL,AUTO,0.120,0.000,0.832,-0.000,False,False,False
7.200,classification,WAITING_DYNAMIC_LOCK,PATROL_NAVIGATING mode=AUTO nav_goal=PATROL,AUTO,0.120,0.000,0.849,-0.000,False,False,False
7.200,bird_confirmed,False,PATROL_NAVIGATING mode=AUTO nav_goal=PATROL,AUTO,0.120,0.000,0.849,-0.000,False,False,False
7.200,sound_state,IDLE_NO_REQUEST,PATROL_NAVIGATING mode=AUTO nav_goal=PATROL,AUTO,0.120,0.000,0.849,-0.000,False,False,False
7.200,sound_done,False,PATROL_NAVIGATING mode=AUTO nav_goal=PATROL,AUTO,0.120,0.000,0.849,-0.000,False,False,False
7.200,mission_state,PATROL_NAVIGATING mode=AUTO nav_goal=PATROL,PATROL_NAVIGATING mode=AUTO nav_goal=PATROL,AUTO,0.120,0.000,0.851,-0.000,False,False,False
7.200,dynamic_lock,False,PATROL_NAVIGATING mode=AUTO nav_goal=PATROL,AUTO,0.120,0.000,0.851,-0.000,False,False,False
7.300,classification,WAITING_DYNAMIC_LOCK,PATROL_NAVIGATING mode=AUTO nav_goal=PATROL,AUTO,0.120,0.000,0.868,-0.000,False,False,False
7.300,bird_confirmed,False,PATROL_NAVIGATING mode=AUTO nav_goal=PATROL,AUTO,0.120,0.000,0.868,-0.000,False,False,False
7.400,sound_done,False,PATROL_NAVIGATING mode=AUTO nav_goal=PATROL,AUTO,0.120,0.000,0.888,-0.000,False,False,False
7.400,mission_state,PATROL_NAVIGATING mode=AUTO nav_goal=PATROL,PATROL_NAVIGATING mode=AUTO nav_goal=PATROL,AUTO,0.120,0.000,0.888,-0.000,False,False,False
7.400,dynamic_lock,False,PATROL_NAVIGATING mode=AUTO nav_goal=PATROL,AUTO,0.120,0.000,0.888,-0.000,False,False,False
7.400,classification,WAITING_DYNAMIC_LOCK,PATROL_NAVIGATING mode=AUTO nav_goal=PATROL,AUTO,0.120,0.000,0.888,-0.000,False,False,False
7.400,bird_confirmed,False,PATROL_NAVIGATING mode=AUTO nav_goal=PATROL,AUTO,0.120,0.000,0.888,-0.000,False,False,False
7.400,sound_state,IDLE_NO_REQUEST,PATROL_NAVIGATING mode=AUTO nav_goal=PATROL,AUTO,0.120,0.000,0.888,-0.000,False,False,False
7.500,classification,WAITING_DYNAMIC_LOCK,PATROL_NAVIGATING mode=AUTO nav_goal=PATROL,AUTO,0.120,0.000,0.907,-0.000,False,False,False
7.500,bird_confirmed,False,PATROL_NAVIGATING mode=AUTO nav_goal=PATROL,AUTO,0.120,0.000,0.907,-0.000,False,False,False
7.600,classification,WAITING_DYNAMIC_LOCK,PATROL_NAVIGATING mode=AUTO nav_goal=PATROL,AUTO,0.120,0.000,0.926,-0.000,False,False,False
7.600,bird_confirmed,False,PATROL_NAVIGATING mode=AUTO nav_goal=PATROL,AUTO,0.120,0.000,0.926,-0.000,False,False,False
7.600,sound_state,IDLE_NO_REQUEST,PATROL_NAVIGATING mode=AUTO nav_goal=PATROL,AUTO,0.120,0.000,0.926,-0.000,False,False,False
7.600,sound_done,False,PATROL_NAVIGATING mode=AUTO nav_goal=PATROL,AUTO,0.120,0.000,0.926,-0.000,False,False,False
7.600,mission_state,PATROL_NAVIGATING mode=AUTO nav_goal=PATROL,PATROL_NAVIGATING mode=AUTO nav_goal=PATROL,AUTO,0.120,0.000,0.926,-0.000,False,False,False
7.600,dynamic_lock,False,PATROL_NAVIGATING mode=AUTO nav_goal=PATROL,AUTO,0.120,0.000,0.930,-0.000,False,False,False
7.700,classification,WAITING_DYNAMIC_LOCK,PATROL_NAVIGATING mode=AUTO nav_goal=PATROL,AUTO,0.120,0.000,0.945,-0.000,False,False,False
7.700,bird_confirmed,False,PATROL_NAVIGATING mode=AUTO nav_goal=PATROL,AUTO,0.120,0.000,0.945,-0.000,False,False,False
7.800,classification,WAITING_DYNAMIC_LOCK,PATROL_NAVIGATING mode=AUTO nav_goal=PATROL,AUTO,0.120,0.000,0.964,-0.000,False,False,False
7.800,bird_confirmed,False,PATROL_NAVIGATING mode=AUTO nav_goal=PATROL,AUTO,0.120,0.000,0.964,-0.000,False,False,False
7.800,sound_state,IDLE_NO_REQUEST,PATROL_NAVIGATING mode=AUTO nav_goal=PATROL,AUTO,0.120,0.000,0.964,-0.000,False,False,False
7.800,sound_done,False,PATROL_NAVIGATING mode=AUTO nav_goal=PATROL,AUTO,0.120,0.000,0.964,-0.000,False,False,False
7.800,mission_state,PATROL_NAVIGATING mode=AUTO nav_goal=PATROL,PATROL_NAVIGATING mode=AUTO nav_goal=PATROL,AUTO,0.120,0.000,0.966,-0.000,False,False,False
7.800,dynamic_lock,False,PATROL_NAVIGATING mode=AUTO nav_goal=PATROL,AUTO,0.120,0.000,0.966,-0.000,False,False,False
7.900,classification,WAITING_DYNAMIC_LOCK,PATROL_NAVIGATING mode=AUTO nav_goal=PATROL,AUTO,0.120,0.000,0.984,-0.000,False,False,False
7.900,bird_confirmed,False,PATROL_NAVIGATING mode=AUTO nav_goal=PATROL,AUTO,0.120,0.000,0.984,-0.000,False,False,False
8.000,sound_state,IDLE_NO_REQUEST,PATROL_NAVIGATING mode=AUTO nav_goal=PATROL,AUTO,0.120,-0.000,1.003,-0.000,False,False,False
8.000,sound_done,False,PATROL_NAVIGATING mode=AUTO nav_goal=PATROL,AUTO,0.120,-0.000,1.003,-0.000,False,False,False
8.000,mission_state,PATROL_NAVIGATING mode=AUTO nav_goal=PATROL,PATROL_NAVIGATING mode=AUTO nav_goal=PATROL,AUTO,0.120,-0.000,1.003,-0.000,False,False,False
8.000,classification,WAITING_DYNAMIC_LOCK,PATROL_NAVIGATING mode=AUTO nav_goal=PATROL,AUTO,0.120,-0.000,1.005,-0.000,False,False,False
8.000,bird_confirmed,False,PATROL_NAVIGATING mode=AUTO nav_goal=PATROL,AUTO,0.120,-0.000,1.005,-0.000,False,False,False
8.000,dynamic_lock,False,PATROL_NAVIGATING mode=AUTO nav_goal=PATROL,AUTO,0.120,-0.000,1.007,-0.000,False,False,False
8.100,classification,WAITING_DYNAMIC_LOCK,PATROL_NAVIGATING mode=AUTO nav_goal=PATROL,AUTO,0.120,-0.000,1.022,-0.000,False,False,False
8.100,bird_confirmed,False,PATROL_NAVIGATING mode=AUTO nav_goal=PATROL,AUTO,0.120,-0.000,1.022,-0.000,False,False,False
8.200,bird_confirmed,False,PATROL_NAVIGATING mode=AUTO nav_goal=PATROL,AUTO,0.120,-0.000,1.041,-0.000,False,False,False
8.200,sound_state,IDLE_NO_REQUEST,PATROL_NAVIGATING mode=AUTO nav_goal=PATROL,AUTO,0.120,-0.000,1.041,-0.000,False,False,False
8.200,sound_done,False,PATROL_NAVIGATING mode=AUTO nav_goal=PATROL,AUTO,0.120,-0.000,1.041,-0.000,False,False,False
8.200,mission_state,PATROL_NAVIGATING mode=AUTO nav_goal=PATROL,PATROL_NAVIGATING mode=AUTO nav_goal=PATROL,AUTO,0.120,-0.000,1.041,-0.000,False,False,False
8.200,classification,WAITING_DYNAMIC_LOCK,PATROL_NAVIGATING mode=AUTO nav_goal=PATROL,AUTO,0.120,-0.000,1.041,-0.000,False,False,False
8.200,dynamic_lock,False,PATROL_NAVIGATING mode=AUTO nav_goal=PATROL,AUTO,0.120,-0.000,1.043,-0.000,False,False,False
8.300,classification,WAITING_DYNAMIC_LOCK,PATROL_NAVIGATING mode=AUTO nav_goal=PATROL,AUTO,0.120,-0.000,1.060,-0.000,False,False,False
8.300,bird_confirmed,False,PATROL_NAVIGATING mode=AUTO nav_goal=PATROL,AUTO,0.120,-0.000,1.060,-0.000,False,False,False
8.400,sound_done,False,PATROL_NAVIGATING mode=AUTO nav_goal=PATROL,AUTO,0.120,-0.000,1.079,-0.000,False,False,False
8.400,classification,WAITING_DYNAMIC_LOCK,PATROL_NAVIGATING mode=AUTO nav_goal=PATROL,AUTO,0.120,-0.000,1.079,-0.000,False,False,False
8.400,bird_confirmed,False,PATROL_NAVIGATING mode=AUTO nav_goal=PATROL,AUTO,0.120,-0.000,1.079,-0.000,False,False,False
8.400,sound_state,IDLE_NO_REQUEST,PATROL_NAVIGATING mode=AUTO nav_goal=PATROL,AUTO,0.120,-0.000,1.079,-0.000,False,False,False
8.400,mission_state,PATROL_NAVIGATING mode=AUTO nav_goal=PATROL,PATROL_NAVIGATING mode=AUTO nav_goal=PATROL,AUTO,0.120,-0.000,1.079,-0.000,False,False,False
8.400,dynamic_lock,False,PATROL_NAVIGATING mode=AUTO nav_goal=PATROL,AUTO,0.120,-0.000,1.079,-0.000,False,False,False
8.500,bird_confirmed,False,PATROL_NAVIGATING mode=AUTO nav_goal=PATROL,AUTO,0.120,-0.000,1.099,-0.000,False,False,False
8.500,classification,WAITING_DYNAMIC_LOCK,PATROL_NAVIGATING mode=AUTO nav_goal=PATROL,AUTO,0.120,-0.000,1.099,-0.000,False,False,False
8.600,sound_done,False,PATROL_NAVIGATING mode=AUTO nav_goal=PATROL,AUTO,0.120,-0.000,1.118,-0.000,False,False,False
8.600,mission_state,PATROL_NAVIGATING mode=AUTO nav_goal=PATROL,PATROL_NAVIGATING mode=AUTO nav_goal=PATROL,AUTO,0.120,-0.000,1.118,-0.000,False,False,False
8.600,dynamic_lock,False,PATROL_NAVIGATING mode=AUTO nav_goal=PATROL,AUTO,0.120,-0.000,1.118,-0.000,False,False,False
8.600,classification,WAITING_DYNAMIC_LOCK,PATROL_NAVIGATING mode=AUTO nav_goal=PATROL,AUTO,0.120,-0.000,1.118,-0.000,False,False,False
8.600,bird_confirmed,False,PATROL_NAVIGATING mode=AUTO nav_goal=PATROL,AUTO,0.120,-0.000,1.118,-0.000,False,False,False
8.600,sound_state,IDLE_NO_REQUEST,PATROL_NAVIGATING mode=AUTO nav_goal=PATROL,AUTO,0.120,-0.000,1.118,-0.000,False,False,False
8.700,classification,WAITING_DYNAMIC_LOCK,PATROL_NAVIGATING mode=AUTO nav_goal=PATROL,AUTO,0.120,-0.000,1.139,-0.000,False,False,False
8.700,bird_confirmed,False,PATROL_NAVIGATING mode=AUTO nav_goal=PATROL,AUTO,0.120,-0.000,1.139,-0.000,False,False,False
8.800,sound_state,IDLE_NO_REQUEST,PATROL_NAVIGATING mode=AUTO nav_goal=PATROL,AUTO,0.120,-0.000,1.156,-0.000,False,False,False
8.800,sound_done,False,PATROL_NAVIGATING mode=AUTO nav_goal=PATROL,AUTO,0.120,-0.000,1.156,-0.000,False,False,False
8.800,mission_state,PATROL_NAVIGATING mode=AUTO nav_goal=PATROL,PATROL_NAVIGATING mode=AUTO nav_goal=PATROL,AUTO,0.120,-0.000,1.158,-0.000,False,False,False
8.800,dynamic_lock,False,PATROL_NAVIGATING mode=AUTO nav_goal=PATROL,AUTO,0.120,-0.000,1.158,-0.000,False,False,False
8.800,classification,WAITING_DYNAMIC_LOCK,PATROL_NAVIGATING mode=AUTO nav_goal=PATROL,AUTO,0.120,-0.000,1.158,-0.000,False,False,False
8.800,bird_confirmed,False,PATROL_NAVIGATING mode=AUTO nav_goal=PATROL,AUTO,0.120,-0.000,1.158,-0.000,False,False,False
8.900,classification,WAITING_DYNAMIC_LOCK,PATROL_NAVIGATING mode=AUTO nav_goal=PATROL,AUTO,0.120,-0.000,1.175,-0.000,False,False,False
8.900,bird_confirmed,False,PATROL_NAVIGATING mode=AUTO nav_goal=PATROL,AUTO,0.120,-0.000,1.175,-0.000,False,False,False
9.000,dynamic_lock,False,PATROL_NAVIGATING mode=AUTO nav_goal=PATROL,AUTO,0.120,-0.000,1.194,-0.000,False,False,False
9.000,mission_state,PATROL_NAVIGATING mode=AUTO nav_goal=PATROL,PATROL_NAVIGATING mode=AUTO nav_goal=PATROL,AUTO,0.120,-0.000,1.194,-0.000,False,False,False
9.000,classification,WAITING_DYNAMIC_LOCK,PATROL_NAVIGATING mode=AUTO nav_goal=PATROL,AUTO,0.120,-0.000,1.194,-0.000,False,False,False
9.000,bird_confirmed,False,PATROL_NAVIGATING mode=AUTO nav_goal=PATROL,AUTO,0.120,-0.000,1.194,-0.000,False,False,False
9.000,sound_state,IDLE_NO_REQUEST,PATROL_NAVIGATING mode=AUTO nav_goal=PATROL,AUTO,0.120,-0.000,1.194,-0.000,False,False,False
9.000,sound_done,False,PATROL_NAVIGATING mode=AUTO nav_goal=PATROL,AUTO,0.120,-0.000,1.194,-0.000,False,False,False
9.100,classification,WAITING_DYNAMIC_LOCK,PATROL_NAVIGATING mode=AUTO nav_goal=PATROL,AUTO,0.120,-0.000,1.216,-0.000,False,False,False
9.100,bird_confirmed,False,PATROL_NAVIGATING mode=AUTO nav_goal=PATROL,AUTO,0.120,-0.000,1.216,-0.000,False,False,False
9.200,mission_state,PATROL_NAVIGATING mode=AUTO nav_goal=PATROL,PATROL_NAVIGATING mode=AUTO nav_goal=PATROL,AUTO,0.120,-0.000,1.233,-0.000,False,False,False
9.200,bird_confirmed,False,PATROL_NAVIGATING mode=AUTO nav_goal=PATROL,AUTO,0.120,-0.000,1.235,-0.000,False,False,False
9.200,classification,WAITING_DYNAMIC_LOCK,PATROL_NAVIGATING mode=AUTO nav_goal=PATROL,AUTO,0.120,-0.000,1.235,-0.000,False,False,False
9.200,sound_state,IDLE_NO_REQUEST,PATROL_NAVIGATING mode=AUTO nav_goal=PATROL,AUTO,0.120,-0.000,1.235,-0.000,False,False,False
9.200,sound_done,False,PATROL_NAVIGATING mode=AUTO nav_goal=PATROL,AUTO,0.120,-0.000,1.235,-0.000,False,False,False
9.200,dynamic_lock,False,PATROL_NAVIGATING mode=AUTO nav_goal=PATROL,AUTO,0.120,-0.000,1.252,-0.000,False,False,False
9.300,bird_confirmed,False,PATROL_NAVIGATING mode=AUTO nav_goal=PATROL,AUTO,0.120,-0.000,1.252,-0.000,False,False,False
9.300,classification,WAITING_DYNAMIC_LOCK,PATROL_NAVIGATING mode=AUTO nav_goal=PATROL,AUTO,0.120,-0.000,1.252,-0.000,False,False,False
9.400,sound_state,IDLE_NO_REQUEST,PATROL_NAVIGATING mode=AUTO nav_goal=PATROL,AUTO,0.120,-0.000,1.271,-0.000,False,False,False
9.400,sound_done,False,PATROL_NAVIGATING mode=AUTO nav_goal=PATROL,AUTO,0.120,-0.000,1.271,-0.000,False,False,False
9.400,mission_state,PATROL_NAVIGATING mode=AUTO nav_goal=PATROL,PATROL_NAVIGATING mode=AUTO nav_goal=PATROL,AUTO,0.120,-0.000,1.271,-0.000,False,False,False
9.400,classification,WAITING_DYNAMIC_LOCK,PATROL_NAVIGATING mode=AUTO nav_goal=PATROL,AUTO,0.120,-0.000,1.271,-0.000,False,False,False
9.400,bird_confirmed,False,PATROL_NAVIGATING mode=AUTO nav_goal=PATROL,AUTO,0.120,-0.000,1.271,-0.000,False,False,False
9.400,dynamic_lock,False,PATROL_NAVIGATING mode=AUTO nav_goal=PATROL,AUTO,0.120,-0.000,1.273,-0.000,False,False,False
9.500,classification,WAITING_DYNAMIC_LOCK,PATROL_NAVIGATING mode=AUTO nav_goal=PATROL,AUTO,0.120,0.000,1.290,-0.000,False,False,False
9.500,bird_confirmed,False,PATROL_NAVIGATING mode=AUTO nav_goal=PATROL,AUTO,0.120,0.000,1.290,-0.000,False,False,False
9.600,sound_done,False,PATROL_NAVIGATING mode=AUTO nav_goal=PATROL,AUTO,0.120,0.000,1.310,-0.000,False,False,False
9.600,dynamic_lock,False,PATROL_NAVIGATING mode=AUTO nav_goal=PATROL,AUTO,0.120,0.000,1.311,-0.000,False,False,False
9.600,sound_state,IDLE_NO_REQUEST,PATROL_NAVIGATING mode=AUTO nav_goal=PATROL,AUTO,0.120,0.000,1.311,-0.000,False,False,False
9.600,bird_confirmed,False,PATROL_NAVIGATING mode=AUTO nav_goal=PATROL,AUTO,0.120,0.000,1.311,-0.000,False,False,False
9.600,classification,WAITING_DYNAMIC_LOCK,PATROL_NAVIGATING mode=AUTO nav_goal=PATROL,AUTO,0.120,0.000,1.311,-0.000,False,False,False
9.600,mission_state,PATROL_NAVIGATING mode=AUTO nav_goal=PATROL,PATROL_NAVIGATING mode=AUTO nav_goal=PATROL,AUTO,0.120,0.000,1.311,-0.000,False,False,False
9.700,bird_confirmed,False,PATROL_NAVIGATING mode=AUTO nav_goal=PATROL,AUTO,0.120,0.000,1.329,-0.000,False,False,False
9.700,classification,WAITING_DYNAMIC_LOCK,PATROL_NAVIGATING mode=AUTO nav_goal=PATROL,AUTO,0.120,-0.000,1.331,-0.000,False,False,False
9.800,classification,WAITING_DYNAMIC_LOCK,PATROL_NAVIGATING mode=AUTO nav_goal=PATROL,AUTO,0.120,-0.000,1.348,0.000,False,False,False
9.800,bird_confirmed,False,PATROL_NAVIGATING mode=AUTO nav_goal=PATROL,AUTO,0.120,-0.000,1.348,0.000,False,False,False
9.800,sound_state,IDLE_NO_REQUEST,PATROL_NAVIGATING mode=AUTO nav_goal=PATROL,AUTO,0.120,-0.000,1.348,0.000,False,False,False
9.800,sound_done,False,PATROL_NAVIGATING mode=AUTO nav_goal=PATROL,AUTO,0.120,-0.000,1.348,0.000,False,False,False
9.800,dynamic_lock,False,PATROL_NAVIGATING mode=AUTO nav_goal=PATROL,AUTO,0.120,-0.000,1.348,0.000,False,False,False
9.800,mission_state,PATROL_NAVIGATING mode=AUTO nav_goal=PATROL,PATROL_NAVIGATING mode=AUTO nav_goal=PATROL,AUTO,0.120,-0.000,1.350,0.000,False,False,False
9.900,classification,WAITING_DYNAMIC_LOCK,PATROL_NAVIGATING mode=AUTO nav_goal=PATROL,AUTO,0.120,-0.000,1.367,0.000,False,False,False
9.900,bird_confirmed,False,PATROL_NAVIGATING mode=AUTO nav_goal=PATROL,AUTO,0.120,-0.000,1.367,0.000,False,False,False
10.000,classification,WAITING_DYNAMIC_LOCK,PATROL_NAVIGATING mode=AUTO nav_goal=PATROL,AUTO,0.120,-0.000,1.386,0.000,False,False,False
10.000,bird_confirmed,False,PATROL_NAVIGATING mode=AUTO nav_goal=PATROL,AUTO,0.120,-0.000,1.386,0.000,False,False,False
10.000,sound_state,IDLE_NO_REQUEST,PATROL_NAVIGATING mode=AUTO nav_goal=PATROL,AUTO,0.120,-0.000,1.386,0.000,False,False,False
10.000,sound_done,False,PATROL_NAVIGATING mode=AUTO nav_goal=PATROL,AUTO,0.120,-0.000,1.386,0.000,False,False,False
10.000,mission_state,PATROL_NAVIGATING mode=AUTO nav_goal=PATROL,PATROL_NAVIGATING mode=AUTO nav_goal=PATROL,AUTO,0.120,-0.000,1.388,0.000,False,False,False
10.000,dynamic_lock,False,PATROL_NAVIGATING mode=AUTO nav_goal=PATROL,AUTO,0.120,-0.000,1.400,0.000,False,False,False
10.100,classification,WAITING_DYNAMIC_LOCK,PATROL_NAVIGATING mode=AUTO nav_goal=PATROL,AUTO,0.120,-0.000,1.405,0.000,False,False,False
10.100,bird_confirmed,False,PATROL_NAVIGATING mode=AUTO nav_goal=PATROL,AUTO,0.120,-0.000,1.405,0.000,False,False,False
10.200,classification,WAITING_DYNAMIC_LOCK,PATROL_NAVIGATING mode=AUTO nav_goal=PATROL,AUTO,0.120,-0.000,1.425,0.000,False,False,False
10.200,bird_confirmed,False,PATROL_NAVIGATING mode=AUTO nav_goal=PATROL,AUTO,0.120,-0.000,1.425,0.000,False,False,False
10.200,sound_state,IDLE_NO_REQUEST,PATROL_NAVIGATING mode=AUTO nav_goal=PATROL,AUTO,0.120,-0.000,1.425,0.000,False,False,False
10.200,sound_done,False,PATROL_NAVIGATING mode=AUTO nav_goal=PATROL,AUTO,0.120,-0.000,1.425,0.000,False,False,False
10.200,mission_state,PATROL_NAVIGATING mode=AUTO nav_goal=PATROL,PATROL_NAVIGATING mode=AUTO nav_goal=PATROL,AUTO,0.120,-0.000,1.426,0.000,False,False,False
10.200,dynamic_lock,False,PATROL_NAVIGATING mode=AUTO nav_goal=PATROL,AUTO,0.120,-0.000,1.426,0.000,False,False,False
10.300,bird_confirmed,False,PATROL_NAVIGATING mode=AUTO nav_goal=PATROL,AUTO,0.120,-0.000,1.444,0.000,False,False,False
10.300,classification,WAITING_DYNAMIC_LOCK,PATROL_NAVIGATING mode=AUTO nav_goal=PATROL,AUTO,0.120,-0.000,1.444,0.000,False,False,False
10.400,sound_state,IDLE_NO_REQUEST,PATROL_NAVIGATING mode=AUTO nav_goal=PATROL,AUTO,0.120,-0.000,1.463,0.000,False,False,False
10.400,sound_done,False,PATROL_NAVIGATING mode=AUTO nav_goal=PATROL,AUTO,0.120,-0.000,1.463,0.000,False,False,False
10.400,classification,WAITING_DYNAMIC_LOCK,PATROL_NAVIGATING mode=AUTO nav_goal=PATROL,AUTO,0.120,0.000,1.465,0.000,False,False,False
10.400,bird_confirmed,False,PATROL_NAVIGATING mode=AUTO nav_goal=PATROL,AUTO,0.120,0.000,1.465,0.000,False,False,False
10.400,mission_state,PATROL_NAVIGATING mode=AUTO nav_goal=PATROL,PATROL_NAVIGATING mode=AUTO nav_goal=PATROL,AUTO,0.120,0.000,1.465,0.000,False,False,False
10.400,dynamic_lock,False,PATROL_NAVIGATING mode=AUTO nav_goal=PATROL,AUTO,0.120,0.000,1.476,0.000,False,False,False
10.500,classification,WAITING_DYNAMIC_LOCK,PATROL_NAVIGATING mode=AUTO nav_goal=PATROL,AUTO,0.120,0.000,1.482,0.000,False,False,False
10.500,bird_confirmed,False,PATROL_NAVIGATING mode=AUTO nav_goal=PATROL,AUTO,0.120,0.000,1.482,0.000,False,False,False
10.600,dynamic_lock,False,PATROL_NAVIGATING mode=AUTO nav_goal=PATROL,AUTO,0.120,0.000,1.501,0.000,False,False,False
10.600,classification,WAITING_DYNAMIC_LOCK,PATROL_NAVIGATING mode=AUTO nav_goal=PATROL,AUTO,0.120,0.000,1.501,0.000,False,False,False
10.600,bird_confirmed,False,PATROL_NAVIGATING mode=AUTO nav_goal=PATROL,AUTO,0.120,0.000,1.501,0.000,False,False,False
10.600,mission_state,PATROL_NAVIGATING mode=AUTO nav_goal=PATROL,PATROL_NAVIGATING mode=AUTO nav_goal=PATROL,AUTO,0.120,0.000,1.501,0.000,False,False,False
10.600,sound_state,IDLE_NO_REQUEST,PATROL_NAVIGATING mode=AUTO nav_goal=PATROL,AUTO,0.120,0.000,1.501,0.000,False,False,False
10.600,sound_done,False,PATROL_NAVIGATING mode=AUTO nav_goal=PATROL,AUTO,0.120,0.000,1.501,0.000,False,False,False
10.700,classification,WAITING_DYNAMIC_LOCK,PATROL_NAVIGATING mode=AUTO nav_goal=PATROL,AUTO,0.120,0.000,1.520,0.000,False,False,False
10.700,bird_confirmed,False,PATROL_NAVIGATING mode=AUTO nav_goal=PATROL,AUTO,0.120,0.000,1.520,0.000,False,False,False
10.800,mission_state,PATROL_NAVIGATING mode=AUTO nav_goal=PATROL,PATROL_NAVIGATING mode=AUTO nav_goal=PATROL,AUTO,0.120,0.000,1.540,0.000,False,False,False
10.800,dynamic_lock,False,PATROL_NAVIGATING mode=AUTO nav_goal=PATROL,AUTO,0.120,0.000,1.540,0.000,False,False,False
10.800,classification,WAITING_DYNAMIC_LOCK,PATROL_NAVIGATING mode=AUTO nav_goal=PATROL,AUTO,0.120,0.000,1.540,0.000,False,False,False
10.800,bird_confirmed,False,PATROL_NAVIGATING mode=AUTO nav_goal=PATROL,AUTO,0.120,0.000,1.540,0.000,False,False,False
10.800,sound_state,IDLE_NO_REQUEST,PATROL_NAVIGATING mode=AUTO nav_goal=PATROL,AUTO,0.120,0.000,1.540,0.000,False,False,False
10.800,sound_done,False,PATROL_NAVIGATING mode=AUTO nav_goal=PATROL,AUTO,0.120,0.000,1.540,0.000,False,False,False
10.900,classification,WAITING_DYNAMIC_LOCK,PATROL_NAVIGATING mode=AUTO nav_goal=PATROL,AUTO,0.120,0.000,1.561,0.000,False,False,False
10.900,bird_confirmed,False,PATROL_NAVIGATING mode=AUTO nav_goal=PATROL,AUTO,0.120,0.000,1.561,0.000,False,False,False
11.000,classification,WAITING_DYNAMIC_LOCK,PATROL_NAVIGATING mode=AUTO nav_goal=PATROL,AUTO,0.120,0.000,1.578,0.000,False,False,False
11.000,bird_confirmed,False,PATROL_NAVIGATING mode=AUTO nav_goal=PATROL,AUTO,0.120,0.000,1.578,0.000,False,False,False
11.000,mission_state,PATROL_NAVIGATING mode=AUTO nav_goal=PATROL,PATROL_NAVIGATING mode=AUTO nav_goal=PATROL,AUTO,0.120,0.000,1.578,0.000,False,False,False
11.000,sound_done,False,PATROL_NAVIGATING mode=AUTO nav_goal=PATROL,AUTO,0.120,0.000,1.580,0.000,False,False,False
11.000,sound_state,IDLE_NO_REQUEST,PATROL_NAVIGATING mode=AUTO nav_goal=PATROL,AUTO,0.120,0.000,1.580,0.000,False,False,False
11.000,dynamic_lock,False,PATROL_NAVIGATING mode=AUTO nav_goal=PATROL,AUTO,0.120,0.000,1.582,0.000,False,False,False
11.100,classification,WAITING_DYNAMIC_LOCK,PATROL_NAVIGATING mode=AUTO nav_goal=PATROL,AUTO,0.120,0.000,1.597,0.000,False,False,False
11.100,bird_confirmed,False,PATROL_NAVIGATING mode=AUTO nav_goal=PATROL,AUTO,0.120,0.000,1.597,0.000,False,False,False
11.200,mission_state,PATROL_NAVIGATING mode=AUTO nav_goal=PATROL,PATROL_NAVIGATING mode=AUTO nav_goal=PATROL,AUTO,0.120,-0.000,1.616,0.000,False,False,False
11.200,dynamic_lock,False,PATROL_NAVIGATING mode=AUTO nav_goal=PATROL,AUTO,0.120,-0.000,1.616,0.000,False,False,False
11.200,classification,WAITING_DYNAMIC_LOCK,PATROL_NAVIGATING mode=AUTO nav_goal=PATROL,AUTO,0.120,-0.000,1.616,0.000,False,False,False
11.200,bird_confirmed,False,PATROL_NAVIGATING mode=AUTO nav_goal=PATROL,AUTO,0.120,-0.000,1.616,0.000,False,False,False
11.200,sound_state,IDLE_NO_REQUEST,PATROL_NAVIGATING mode=AUTO nav_goal=PATROL,AUTO,0.120,-0.000,1.616,0.000,False,False,False
11.200,sound_done,False,PATROL_NAVIGATING mode=AUTO nav_goal=PATROL,AUTO,0.120,-0.000,1.616,0.000,False,False,False
11.300,classification,WAITING_DYNAMIC_LOCK,PATROL_NAVIGATING mode=AUTO nav_goal=PATROL,AUTO,0.120,-0.000,1.635,0.000,False,False,False
11.300,bird_confirmed,False,PATROL_NAVIGATING mode=AUTO nav_goal=PATROL,AUTO,0.120,-0.000,1.635,0.000,False,False,False
11.400,dynamic_lock,False,PATROL_NAVIGATING mode=AUTO nav_goal=PATROL,AUTO,0.120,-0.000,1.655,0.000,False,False,False
11.400,classification,WAITING_DYNAMIC_LOCK,PATROL_NAVIGATING mode=AUTO nav_goal=PATROL,AUTO,0.120,-0.000,1.655,0.000,False,False,False
11.400,bird_confirmed,False,PATROL_NAVIGATING mode=AUTO nav_goal=PATROL,AUTO,0.120,-0.000,1.655,0.000,False,False,False
11.400,sound_done,False,PATROL_NAVIGATING mode=AUTO nav_goal=PATROL,AUTO,0.120,-0.000,1.655,0.000,False,False,False
11.400,mission_state,PATROL_NAVIGATING mode=AUTO nav_goal=PATROL,PATROL_NAVIGATING mode=AUTO nav_goal=PATROL,AUTO,0.120,-0.000,1.655,0.000,False,False,False
11.400,sound_state,IDLE_NO_REQUEST,PATROL_NAVIGATING mode=AUTO nav_goal=PATROL,AUTO,0.120,-0.000,1.655,0.000,False,False,False
11.500,classification,WAITING_DYNAMIC_LOCK,PATROL_NAVIGATING mode=AUTO nav_goal=PATROL,AUTO,0.120,-0.000,1.674,0.000,False,False,False
11.500,bird_confirmed,False,PATROL_NAVIGATING mode=AUTO nav_goal=PATROL,AUTO,0.120,-0.000,1.674,0.000,False,False,False
11.600,dynamic_lock,False,PATROL_NAVIGATING mode=AUTO nav_goal=PATROL,AUTO,0.120,-0.000,1.693,0.000,False,False,False
11.600,classification,WAITING_DYNAMIC_LOCK,PATROL_NAVIGATING mode=AUTO nav_goal=PATROL,AUTO,0.120,-0.000,1.693,0.000,False,False,False
11.600,bird_confirmed,False,PATROL_NAVIGATING mode=AUTO nav_goal=PATROL,AUTO,0.120,-0.000,1.693,0.000,False,False,False
11.600,mission_state,PATROL_NAVIGATING mode=AUTO nav_goal=PATROL,PATROL_NAVIGATING mode=AUTO nav_goal=PATROL,AUTO,0.120,-0.000,1.693,0.000,False,False,False
11.600,sound_state,IDLE_NO_REQUEST,PATROL_NAVIGATING mode=AUTO nav_goal=PATROL,AUTO,0.120,-0.000,1.693,0.000,False,False,False
11.600,sound_done,False,PATROL_NAVIGATING mode=AUTO nav_goal=PATROL,AUTO,0.120,-0.000,1.693,0.000,False,False,False
11.700,classification,WAITING_DYNAMIC_LOCK,PATROL_NAVIGATING mode=AUTO nav_goal=PATROL,AUTO,0.120,-0.000,1.712,0.000,False,False,False
11.700,bird_confirmed,False,PATROL_NAVIGATING mode=AUTO nav_goal=PATROL,AUTO,0.120,-0.000,1.712,0.000,False,False,False
11.800,mission_state,PATROL_NAVIGATING mode=AUTO nav_goal=PATROL,PATROL_NAVIGATING mode=AUTO nav_goal=PATROL,AUTO,0.120,-0.000,1.731,0.000,False,False,False
11.800,classification,WAITING_DYNAMIC_LOCK,PATROL_NAVIGATING mode=AUTO nav_goal=PATROL,AUTO,0.120,-0.000,1.731,0.000,False,False,False
11.800,bird_confirmed,False,PATROL_NAVIGATING mode=AUTO nav_goal=PATROL,AUTO,0.120,-0.000,1.731,0.000,False,False,False
11.800,sound_state,IDLE_NO_REQUEST,PATROL_NAVIGATING mode=AUTO nav_goal=PATROL,AUTO,0.120,-0.000,1.731,0.000,False,False,False
11.800,sound_done,False,PATROL_NAVIGATING mode=AUTO nav_goal=PATROL,AUTO,0.120,-0.000,1.731,0.000,False,False,False
11.900,dynamic_lock,False,PATROL_NAVIGATING mode=AUTO nav_goal=PATROL,AUTO,0.120,-0.000,1.751,0.000,False,False,False
11.900,classification,WAITING_DYNAMIC_LOCK,PATROL_NAVIGATING mode=AUTO nav_goal=PATROL,AUTO,0.120,-0.000,1.751,0.000,False,False,False
11.900,bird_confirmed,False,PATROL_NAVIGATING mode=AUTO nav_goal=PATROL,AUTO,0.120,-0.000,1.751,0.000,False,False,False
11.900,mission_event,timestamp=11.900 mission_id=0 target_mission_id=0 state=PATROL_NAVIGATING event_type=SIM_NAV_GOAL_ARRIVED reason=PATROL waypoint_index=1,PATROL_NAVIGATING mode=AUTO nav_goal=PATROL,AUTO,0.120,-0.000,1.752,0.000,False,False,False
11.900,mission_event,timestamp=11.900 mission_id=0 target_mission_id=0 state=PATROL_NAVIGATING event_type=NAV2_GOAL_SUCCEEDED reason=PATROL waypoint_index=1,PATROL_NAVIGATING mode=AUTO nav_goal=PATROL,AUTO,0.120,-0.000,1.752,0.000,False,False,False
11.900,mission_event,timestamp=11.900 mission_id=0 target_mission_id=0 state=PATROL_DWELL event_type=STATE_CHANGE reason=previous=PATROL_NAVIGATING next=PATROL_DWELL reason=inside_b waypoint_index=1,PATROL_NAVIGATING mode=AUTO nav_goal=PATROL,AUTO,0.120,-0.000,1.752,0.000,False,False,False
12.000,bird_confirmed,False,PATROL_NAVIGATING mode=AUTO nav_goal=PATROL,AUTO,0.120,-0.000,1.770,0.000,False,False,False
12.000,classification,WAITING_DYNAMIC_LOCK,PATROL_NAVIGATING mode=AUTO nav_goal=PATROL,AUTO,0.120,-0.000,1.770,0.000,False,False,False
12.000,sound_state,IDLE_NO_REQUEST,PATROL_NAVIGATING mode=AUTO nav_goal=PATROL,AUTO,0.120,-0.000,1.770,0.000,False,False,False
12.000,sound_done,False,PATROL_NAVIGATING mode=AUTO nav_goal=PATROL,AUTO,0.120,-0.000,1.770,0.000,False,False,False
12.000,mission_state,PATROL_DWELL mode=AUTO nav_goal=NONE,PATROL_DWELL mode=AUTO nav_goal=NONE,AUTO,0.120,-0.000,1.772,0.000,False,False,False
12.000,dynamic_lock,False,PATROL_DWELL mode=AUTO nav_goal=NONE,AUTO,0.120,-0.000,1.777,0.000,False,False,False
12.100,classification,WAITING_DYNAMIC_LOCK,PATROL_DWELL mode=AUTO nav_goal=NONE,AUTO,0.120,-0.000,1.789,0.000,False,False,False
12.100,bird_confirmed,False,PATROL_DWELL mode=AUTO nav_goal=NONE,AUTO,0.120,-0.000,1.789,0.000,False,False,False
12.200,mission_state,PATROL_DWELL mode=AUTO nav_goal=NONE,PATROL_DWELL mode=AUTO nav_goal=NONE,AUTO,0.000,0.000,1.802,0.000,False,False,False
12.200,dynamic_lock,False,PATROL_DWELL mode=AUTO nav_goal=NONE,AUTO,0.000,0.000,1.802,0.000,False,False,False
12.200,sound_state,IDLE_NO_REQUEST,PATROL_DWELL mode=AUTO nav_goal=NONE,AUTO,0.000,0.000,1.802,0.000,False,False,False
12.200,sound_done,False,PATROL_DWELL mode=AUTO nav_goal=NONE,AUTO,0.000,0.000,1.802,0.000,False,False,False
12.200,classification,WAITING_DYNAMIC_LOCK,PATROL_DWELL mode=AUTO nav_goal=NONE,AUTO,0.000,0.000,1.803,0.000,False,False,False
12.200,bird_confirmed,False,PATROL_DWELL mode=AUTO nav_goal=NONE,AUTO,0.000,0.000,1.803,0.000,False,False,False
12.300,classification,WAITING_DYNAMIC_LOCK,PATROL_DWELL mode=AUTO nav_goal=NONE,AUTO,0.000,0.000,1.803,0.000,False,False,False
12.300,bird_confirmed,False,PATROL_DWELL mode=AUTO nav_goal=NONE,AUTO,0.000,0.000,1.803,0.000,False,False,False
12.400,sound_done,False,PATROL_DWELL mode=AUTO nav_goal=NONE,AUTO,0.000,0.000,1.803,0.000,False,False,False
12.400,mission_state,PATROL_DWELL mode=AUTO nav_goal=NONE,PATROL_DWELL mode=AUTO nav_goal=NONE,AUTO,0.000,0.000,1.803,0.000,False,False,False
12.400,classification,WAITING_DYNAMIC_LOCK,PATROL_DWELL mode=AUTO nav_goal=NONE,AUTO,0.000,0.000,1.803,0.000,False,False,False
12.400,bird_confirmed,False,PATROL_DWELL mode=AUTO nav_goal=NONE,AUTO,0.000,0.000,1.803,0.000,False,False,False
12.400,sound_state,IDLE_NO_REQUEST,PATROL_DWELL mode=AUTO nav_goal=NONE,AUTO,0.000,0.000,1.803,0.000,False,False,False
12.400,mission_event,timestamp=12.400 mission_id=0 target_mission_id=0 state=RESUME_PATROL event_type=STATE_CHANGE reason=previous=PATROL_DWELL next=RESUME_PATROL reason=next_index=2 waypoint_index=2,PATROL_DWELL mode=AUTO nav_goal=NONE,AUTO,0.000,0.000,1.803,0.000,False,False,False
12.400,dynamic_lock,False,PATROL_DWELL mode=AUTO nav_goal=NONE,AUTO,0.000,0.000,1.803,0.000,False,False,False
12.500,bird_confirmed,False,PATROL_DWELL mode=AUTO nav_goal=NONE,AUTO,0.000,0.000,1.803,0.000,False,False,False
12.500,classification,WAITING_DYNAMIC_LOCK,PATROL_DWELL mode=AUTO nav_goal=NONE,AUTO,0.000,0.000,1.803,0.000,False,False,False
12.600,dynamic_lock,False,PATROL_DWELL mode=AUTO nav_goal=NONE,AUTO,0.000,0.000,1.803,0.000,False,False,False
12.600,sound_state,IDLE_NO_REQUEST,PATROL_DWELL mode=AUTO nav_goal=NONE,AUTO,0.000,0.000,1.803,0.000,False,False,False
12.600,sound_done,False,PATROL_DWELL mode=AUTO nav_goal=NONE,AUTO,0.000,0.000,1.803,0.000,False,False,False
12.600,mission_state,RESUME_PATROL mode=AUTO nav_goal=NONE,RESUME_PATROL mode=AUTO nav_goal=NONE,AUTO,0.000,0.000,1.803,0.000,False,False,False
12.600,classification,WAITING_DYNAMIC_LOCK,RESUME_PATROL mode=AUTO nav_goal=NONE,AUTO,0.000,0.000,1.803,0.000,False,False,False
12.600,bird_confirmed,False,RESUME_PATROL mode=AUTO nav_goal=NONE,AUTO,0.000,0.000,1.803,0.000,False,False,False
12.600,mission_event,timestamp=12.600 mission_id=0 target_mission_id=0 state=PATROL_NAVIGATING event_type=STATE_CHANGE reason=previous=RESUME_PATROL next=PATROL_NAVIGATING reason=goal_type=PATROL waypoint_index=2,RESUME_PATROL mode=AUTO nav_goal=NONE,AUTO,0.000,0.000,1.803,0.000,False,False,False
12.600,mission_event,timestamp=12.600 mission_id=0 target_mission_id=0 state=PATROL_NAVIGATING event_type=NAV2_DISABLED_SIMULATED_GOAL reason=PATROL waypoint_index=2,RESUME_PATROL mode=AUTO nav_goal=NONE,AUTO,0.000,0.000,1.803,0.000,False,False,False
12.700,classification,WAITING_DYNAMIC_LOCK,RESUME_PATROL mode=AUTO nav_goal=NONE,AUTO,0.000,0.000,1.803,0.000,False,False,False
12.700,bird_confirmed,False,RESUME_PATROL mode=AUTO nav_goal=NONE,AUTO,0.000,0.000,1.803,0.000,False,False,False
12.800,dynamic_lock,False,RESUME_PATROL mode=AUTO nav_goal=NONE,AUTO,0.000,0.000,1.803,0.000,False,False,False
12.800,classification,WAITING_DYNAMIC_LOCK,RESUME_PATROL mode=AUTO nav_goal=NONE,AUTO,0.000,0.000,1.803,0.000,False,False,False
12.800,bird_confirmed,False,RESUME_PATROL mode=AUTO nav_goal=NONE,AUTO,0.000,0.000,1.803,0.000,False,False,False
12.800,sound_state,IDLE_NO_REQUEST,RESUME_PATROL mode=AUTO nav_goal=NONE,AUTO,0.000,0.000,1.803,0.000,False,False,False
12.800,sound_done,False,RESUME_PATROL mode=AUTO nav_goal=NONE,AUTO,0.000,0.000,1.803,0.000,False,False,False
12.800,mission_state,PATROL_NAVIGATING mode=AUTO nav_goal=PATROL,PATROL_NAVIGATING mode=AUTO nav_goal=PATROL,AUTO,0.000,0.000,1.803,0.000,False,False,False
12.900,classification,WAITING_DYNAMIC_LOCK,PATROL_NAVIGATING mode=AUTO nav_goal=PATROL,AUTO,0.000,0.000,1.803,0.000,False,False,False
12.900,bird_confirmed,False,PATROL_NAVIGATING mode=AUTO nav_goal=PATROL,AUTO,0.000,0.000,1.803,0.000,False,False,False
13.000,mission_state,PATROL_NAVIGATING mode=AUTO nav_goal=PATROL,PATROL_NAVIGATING mode=AUTO nav_goal=PATROL,AUTO,0.000,0.240,1.804,0.000,False,False,False
13.000,dynamic_lock,False,PATROL_NAVIGATING mode=AUTO nav_goal=PATROL,AUTO,0.000,0.240,1.804,0.000,False,False,False
13.000,classification,WAITING_DYNAMIC_LOCK,PATROL_NAVIGATING mode=AUTO nav_goal=PATROL,AUTO,0.000,0.240,1.804,0.000,False,False,False
13.000,bird_confirmed,False,PATROL_NAVIGATING mode=AUTO nav_goal=PATROL,AUTO,0.000,0.240,1.804,0.000,False,False,False
13.000,sound_state,IDLE_NO_REQUEST,PATROL_NAVIGATING mode=AUTO nav_goal=PATROL,AUTO,0.000,0.240,1.804,0.000,False,False,False
13.000,sound_done,False,PATROL_NAVIGATING mode=AUTO nav_goal=PATROL,AUTO,0.000,0.240,1.804,0.000,False,False,False
13.100,classification,WAITING_DYNAMIC_LOCK,PATROL_NAVIGATING mode=AUTO nav_goal=PATROL,AUTO,0.000,0.350,1.804,0.001,False,False,False
13.100,bird_confirmed,False,PATROL_NAVIGATING mode=AUTO nav_goal=PATROL,AUTO,0.000,0.350,1.804,0.001,False,False,False
13.200,mission_state,PATROL_NAVIGATING mode=AUTO nav_goal=PATROL,PATROL_NAVIGATING mode=AUTO nav_goal=PATROL,AUTO,0.000,0.350,1.803,0.001,False,False,False
13.200,sound_done,False,PATROL_NAVIGATING mode=AUTO nav_goal=PATROL,AUTO,0.000,0.350,1.803,0.001,False,False,False
13.200,bird_confirmed,False,PATROL_NAVIGATING mode=AUTO nav_goal=PATROL,AUTO,0.000,0.350,1.803,0.001,False,False,False
13.200,dynamic_lock,False,PATROL_NAVIGATING mode=AUTO nav_goal=PATROL,AUTO,0.000,0.350,1.803,0.001,False,False,False
13.200,classification,WAITING_DYNAMIC_LOCK,PATROL_NAVIGATING mode=AUTO nav_goal=PATROL,AUTO,0.000,0.350,1.803,0.001,False,False,False
13.200,sound_state,IDLE_NO_REQUEST,PATROL_NAVIGATING mode=AUTO nav_goal=PATROL,AUTO,0.000,0.350,1.803,0.001,False,False,False
13.300,classification,WAITING_DYNAMIC_LOCK,PATROL_NAVIGATING mode=AUTO nav_goal=PATROL,AUTO,0.000,0.350,1.803,0.002,False,False,False
13.300,bird_confirmed,False,PATROL_NAVIGATING mode=AUTO nav_goal=PATROL,AUTO,0.000,0.350,1.803,0.002,False,False,False
13.400,classification,WAITING_DYNAMIC_LOCK,PATROL_NAVIGATING mode=AUTO nav_goal=PATROL,AUTO,0.000,0.350,1.803,0.002,False,False,False
13.400,bird_confirmed,False,PATROL_NAVIGATING mode=AUTO nav_goal=PATROL,AUTO,0.000,0.350,1.803,0.002,False,False,False
13.400,sound_state,IDLE_NO_REQUEST,PATROL_NAVIGATING mode=AUTO nav_goal=PATROL,AUTO,0.000,0.350,1.803,0.002,False,False,False
13.400,sound_done,False,PATROL_NAVIGATING mode=AUTO nav_goal=PATROL,AUTO,0.000,0.350,1.803,0.002,False,False,False
13.400,mission_state,PATROL_NAVIGATING mode=AUTO nav_goal=PATROL,PATROL_NAVIGATING mode=AUTO nav_goal=PATROL,AUTO,0.000,0.350,1.803,0.002,False,False,False
13.400,dynamic_lock,False,PATROL_NAVIGATING mode=AUTO nav_goal=PATROL,AUTO,0.000,0.350,1.803,0.001,False,False,False
13.500,classification,WAITING_DYNAMIC_LOCK,PATROL_NAVIGATING mode=AUTO nav_goal=PATROL,AUTO,0.000,0.350,1.802,0.002,False,False,False
13.500,bird_confirmed,False,PATROL_NAVIGATING mode=AUTO nav_goal=PATROL,AUTO,0.000,0.350,1.802,0.002,False,False,False
13.600,dynamic_lock,False,PATROL_NAVIGATING mode=AUTO nav_goal=PATROL,AUTO,0.000,0.350,1.803,0.001,False,False,False
13.600,classification,WAITING_DYNAMIC_LOCK,PATROL_NAVIGATING mode=AUTO nav_goal=PATROL,AUTO,0.000,0.350,1.803,0.001,False,False,False
13.600,bird_confirmed,False,PATROL_NAVIGATING mode=AUTO nav_goal=PATROL,AUTO,0.000,0.350,1.803,0.001,False,False,False
13.600,mission_state,PATROL_NAVIGATING mode=AUTO nav_goal=PATROL,PATROL_NAVIGATING mode=AUTO nav_goal=PATROL,AUTO,0.000,0.350,1.803,0.001,False,False,False
13.600,sound_state,IDLE_NO_REQUEST,PATROL_NAVIGATING mode=AUTO nav_goal=PATROL,AUTO,0.000,0.350,1.803,0.001,False,False,False
13.600,sound_done,False,PATROL_NAVIGATING mode=AUTO nav_goal=PATROL,AUTO,0.000,0.350,1.803,0.001,False,False,False
13.700,classification,WAITING_DYNAMIC_LOCK,PATROL_NAVIGATING mode=AUTO nav_goal=PATROL,AUTO,0.000,0.350,1.802,0.001,False,False,False
13.700,bird_confirmed,False,PATROL_NAVIGATING mode=AUTO nav_goal=PATROL,AUTO,0.000,0.350,1.802,0.001,False,False,False
13.800,dynamic_lock,False,PATROL_NAVIGATING mode=AUTO nav_goal=PATROL,AUTO,0.000,0.350,1.801,0.001,False,False,False
13.800,sound_state,IDLE_NO_REQUEST,PATROL_NAVIGATING mode=AUTO nav_goal=PATROL,AUTO,0.000,0.350,1.801,0.001,False,False,False
13.800,sound_done,False,PATROL_NAVIGATING mode=AUTO nav_goal=PATROL,AUTO,0.000,0.350,1.801,0.001,False,False,False
13.800,mission_state,PATROL_NAVIGATING mode=AUTO nav_goal=PATROL,PATROL_NAVIGATING mode=AUTO nav_goal=PATROL,AUTO,0.000,0.350,1.801,0.001,False,False,False
13.800,classification,WAITING_DYNAMIC_LOCK,PATROL_NAVIGATING mode=AUTO nav_goal=PATROL,AUTO,0.000,0.350,1.801,0.001,False,False,False
13.800,bird_confirmed,False,PATROL_NAVIGATING mode=AUTO nav_goal=PATROL,AUTO,0.000,0.350,1.801,0.001,False,False,False
13.900,classification,WAITING_DYNAMIC_LOCK,PATROL_NAVIGATING mode=AUTO nav_goal=PATROL,AUTO,0.000,0.350,1.801,0.001,False,False,False
13.900,bird_confirmed,False,PATROL_NAVIGATING mode=AUTO nav_goal=PATROL,AUTO,0.000,0.350,1.801,0.001,False,False,False
14.000,sound_state,IDLE_NO_REQUEST,PATROL_NAVIGATING mode=AUTO nav_goal=PATROL,AUTO,0.000,0.350,1.802,0.001,False,False,False
14.000,sound_done,False,PATROL_NAVIGATING mode=AUTO nav_goal=PATROL,AUTO,0.000,0.350,1.802,0.001,False,False,False
14.000,mission_state,PATROL_NAVIGATING mode=AUTO nav_goal=PATROL,PATROL_NAVIGATING mode=AUTO nav_goal=PATROL,AUTO,0.000,0.350,1.802,0.001,False,False,False
14.000,dynamic_lock,False,PATROL_NAVIGATING mode=AUTO nav_goal=PATROL,AUTO,0.000,0.350,1.802,0.001,False,False,False
14.000,classification,WAITING_DYNAMIC_LOCK,PATROL_NAVIGATING mode=AUTO nav_goal=PATROL,AUTO,0.000,0.350,1.802,0.001,False,False,False
14.000,bird_confirmed,False,PATROL_NAVIGATING mode=AUTO nav_goal=PATROL,AUTO,0.000,0.350,1.802,0.001,False,False,False
14.100,classification,WAITING_DYNAMIC_LOCK,PATROL_NAVIGATING mode=AUTO nav_goal=PATROL,AUTO,0.000,0.350,1.801,0.001,False,False,False
14.100,bird_confirmed,False,PATROL_NAVIGATING mode=AUTO nav_goal=PATROL,AUTO,0.000,0.350,1.801,0.001,False,False,False
14.200,mission_state,PATROL_NAVIGATING mode=AUTO nav_goal=PATROL,PATROL_NAVIGATING mode=AUTO nav_goal=PATROL,AUTO,0.000,0.350,1.801,0.002,False,False,False
14.200,dynamic_lock,False,PATROL_NAVIGATING mode=AUTO nav_goal=PATROL,AUTO,0.000,0.350,1.801,0.002,False,False,False
14.200,classification,WAITING_DYNAMIC_LOCK,PATROL_NAVIGATING mode=AUTO nav_goal=PATROL,AUTO,0.000,0.350,1.801,0.002,False,False,False
14.200,bird_confirmed,False,PATROL_NAVIGATING mode=AUTO nav_goal=PATROL,AUTO,0.000,0.350,1.801,0.002,False,False,False
14.200,sound_state,IDLE_NO_REQUEST,PATROL_NAVIGATING mode=AUTO nav_goal=PATROL,AUTO,0.000,0.350,1.801,0.002,False,False,False
14.200,sound_done,False,PATROL_NAVIGATING mode=AUTO nav_goal=PATROL,AUTO,0.000,0.350,1.801,0.002,False,False,False
14.300,classification,WAITING_DYNAMIC_LOCK,PATROL_NAVIGATING mode=AUTO nav_goal=PATROL,AUTO,0.000,0.350,1.800,0.001,False,False,False
14.300,bird_confirmed,False,PATROL_NAVIGATING mode=AUTO nav_goal=PATROL,AUTO,0.000,0.350,1.800,0.001,False,False,False
14.300,dynamic_lock,False,PATROL_NAVIGATING mode=AUTO nav_goal=PATROL,AUTO,0.000,0.350,1.800,0.001,False,False,False
14.400,classification,WAITING_DYNAMIC_LOCK,PATROL_NAVIGATING mode=AUTO nav_goal=PATROL,AUTO,0.000,0.350,1.800,0.001,False,False,False
14.400,bird_confirmed,False,PATROL_NAVIGATING mode=AUTO nav_goal=PATROL,AUTO,0.000,0.350,1.800,0.001,False,False,False
14.400,sound_state,IDLE_NO_REQUEST,PATROL_NAVIGATING mode=AUTO nav_goal=PATROL,AUTO,0.000,0.350,1.800,0.001,False,False,False
14.400,sound_done,False,PATROL_NAVIGATING mode=AUTO nav_goal=PATROL,AUTO,0.000,0.350,1.800,0.001,False,False,False
14.400,mission_state,PATROL_NAVIGATING mode=AUTO nav_goal=PATROL,PATROL_NAVIGATING mode=AUTO nav_goal=PATROL,AUTO,0.000,0.350,1.800,0.001,False,False,False
14.400,dynamic_lock,False,PATROL_NAVIGATING mode=AUTO nav_goal=PATROL,AUTO,0.000,0.350,1.800,0.001,False,False,False
14.500,classification,WAITING_DYNAMIC_LOCK,PATROL_NAVIGATING mode=AUTO nav_goal=PATROL,AUTO,0.000,0.350,1.800,0.002,False,False,False
14.500,bird_confirmed,False,PATROL_NAVIGATING mode=AUTO nav_goal=PATROL,AUTO,0.000,0.350,1.800,0.002,False,False,False
14.600,sound_state,IDLE_NO_REQUEST,PATROL_NAVIGATING mode=AUTO nav_goal=PATROL,AUTO,0.000,0.350,1.800,0.001,False,False,False
14.600,sound_done,False,PATROL_NAVIGATING mode=AUTO nav_goal=PATROL,AUTO,0.000,0.350,1.800,0.001,False,False,False
14.600,mission_state,PATROL_NAVIGATING mode=AUTO nav_goal=PATROL,PATROL_NAVIGATING mode=AUTO nav_goal=PATROL,AUTO,0.000,0.350,1.800,0.001,False,False,False
14.600,dynamic_lock,False,PATROL_NAVIGATING mode=AUTO nav_goal=PATROL,AUTO,0.000,0.350,1.800,0.001,False,False,False
14.600,classification,WAITING_DYNAMIC_LOCK,PATROL_NAVIGATING mode=AUTO nav_goal=PATROL,AUTO,0.000,0.350,1.800,0.001,False,False,False
14.600,bird_confirmed,False,PATROL_NAVIGATING mode=AUTO nav_goal=PATROL,AUTO,0.000,0.350,1.800,0.001,False,False,False
14.700,classification,WAITING_DYNAMIC_LOCK,PATROL_NAVIGATING mode=AUTO nav_goal=PATROL,AUTO,0.000,0.350,1.801,0.000,False,False,False
14.700,bird_confirmed,False,PATROL_NAVIGATING mode=AUTO nav_goal=PATROL,AUTO,0.000,0.350,1.801,0.000,False,False,False
14.800,sound_done,False,PATROL_NAVIGATING mode=AUTO nav_goal=PATROL,AUTO,0.000,0.350,1.800,0.001,False,False,False
14.800,mission_state,PATROL_NAVIGATING mode=AUTO nav_goal=PATROL,PATROL_NAVIGATING mode=AUTO nav_goal=PATROL,AUTO,0.000,0.350,1.800,0.001,False,False,False
14.800,dynamic_lock,False,PATROL_NAVIGATING mode=AUTO nav_goal=PATROL,AUTO,0.000,0.350,1.800,0.001,False,False,False
14.800,classification,WAITING_DYNAMIC_LOCK,PATROL_NAVIGATING mode=AUTO nav_goal=PATROL,AUTO,0.000,0.350,1.800,0.001,False,False,False
14.800,bird_confirmed,False,PATROL_NAVIGATING mode=AUTO nav_goal=PATROL,AUTO,0.000,0.350,1.800,0.001,False,False,False
14.800,sound_state,IDLE_NO_REQUEST,PATROL_NAVIGATING mode=AUTO nav_goal=PATROL,AUTO,0.000,0.350,1.800,0.001,False,False,False
14.900,classification,WAITING_DYNAMIC_LOCK,PATROL_NAVIGATING mode=AUTO nav_goal=PATROL,AUTO,0.000,0.350,1.800,0.002,False,False,False
14.900,bird_confirmed,False,PATROL_NAVIGATING mode=AUTO nav_goal=PATROL,AUTO,0.000,0.350,1.800,0.002,False,False,False
15.000,sound_state,IDLE_NO_REQUEST,PATROL_NAVIGATING mode=AUTO nav_goal=PATROL,AUTO,0.000,0.350,1.800,0.001,False,False,False
15.000,sound_done,False,PATROL_NAVIGATING mode=AUTO nav_goal=PATROL,AUTO,0.000,0.350,1.800,0.001,False,False,False
15.000,dynamic_lock,False,PATROL_NAVIGATING mode=AUTO nav_goal=PATROL,AUTO,0.000,0.350,1.800,0.001,False,False,False
15.000,classification,WAITING_DYNAMIC_LOCK,PATROL_NAVIGATING mode=AUTO nav_goal=PATROL,AUTO,0.000,0.350,1.800,0.001,False,False,False
15.000,bird_confirmed,False,PATROL_NAVIGATING mode=AUTO nav_goal=PATROL,AUTO,0.000,0.350,1.800,0.001,False,False,False
15.000,mission_state,PATROL_NAVIGATING mode=AUTO nav_goal=PATROL,PATROL_NAVIGATING mode=AUTO nav_goal=PATROL,AUTO,0.000,0.350,1.800,0.001,False,False,False
15.100,classification,WAITING_DYNAMIC_LOCK,PATROL_NAVIGATING mode=AUTO nav_goal=PATROL,AUTO,0.000,0.350,1.799,0.002,False,False,False
15.100,bird_confirmed,False,PATROL_NAVIGATING mode=AUTO nav_goal=PATROL,AUTO,0.000,0.350,1.799,0.002,False,False,False
15.200,bird_confirmed,False,PATROL_NAVIGATING mode=AUTO nav_goal=PATROL,AUTO,0.000,0.350,1.799,0.002,False,False,False
15.200,mission_state,PATROL_NAVIGATING mode=AUTO nav_goal=PATROL,PATROL_NAVIGATING mode=AUTO nav_goal=PATROL,AUTO,0.000,0.350,1.799,0.002,False,False,False
15.200,classification,WAITING_DYNAMIC_LOCK,PATROL_NAVIGATING mode=AUTO nav_goal=PATROL,AUTO,0.000,0.350,1.799,0.002,False,False,False
15.200,sound_state,IDLE_NO_REQUEST,PATROL_NAVIGATING mode=AUTO nav_goal=PATROL,AUTO,0.000,0.350,1.799,0.002,False,False,False
15.200,sound_done,False,PATROL_NAVIGATING mode=AUTO nav_goal=PATROL,AUTO,0.000,0.350,1.799,0.002,False,False,False
15.200,dynamic_target,count=1 x=4.53 y=-0.57 z=3.28,PATROL_NAVIGATING mode=AUTO nav_goal=PATROL,AUTO,0.000,0.350,1.799,0.002,False,False,False
15.200,dynamic_lock,True,PATROL_NAVIGATING mode=AUTO nav_goal=PATROL,AUTO,0.000,0.350,1.799,0.002,True,False,False
15.200,inspection_goal,x=2.57 y=-0.16,PATROL_NAVIGATING mode=AUTO nav_goal=PATROL,AUTO,0.000,0.350,1.799,0.002,True,False,False
15.200,object_goal_state,ACCEPT_INSPECTION_GOAL source=elevated_dynamic_target height=3.28 range=2.79 dynamic=True z_valid=True bird_confirmed=False target_class=unknown offset_m=2.00 frame=odom goal_x=2.571 goal_y=-0.161,PATROL_NAVIGATING mode=AUTO nav_goal=PATROL,AUTO,0.000,0.350,1.799,0.002,True,False,False
15.200,dynamic_target,count=1 x=4.53 y=-0.57 z=3.28,PATROL_NAVIGATING mode=AUTO nav_goal=PATROL,AUTO,0.000,0.350,1.799,0.002,True,False,False
15.200,dynamic_lock,True,PATROL_NAVIGATING mode=AUTO nav_goal=PATROL,AUTO,0.000,0.350,1.799,0.002,True,False,False
15.200,object_goal_state,REJECT cooldown source=elevated_dynamic_target remaining_sec=8.00,PATROL_NAVIGATING mode=AUTO nav_goal=PATROL,AUTO,0.000,0.350,1.799,0.002,True,False,False
15.300,classification,WAITING_DYNAMIC_LOCK,PATROL_NAVIGATING mode=AUTO nav_goal=PATROL,AUTO,0.000,0.350,1.800,0.002,True,False,False
15.300,bird_confirmed,False,PATROL_NAVIGATING mode=AUTO nav_goal=PATROL,AUTO,0.000,0.350,1.800,0.002,True,False,False
15.300,dynamic_target,count=1 x=4.54 y=-0.57 z=3.29,PATROL_NAVIGATING mode=AUTO nav_goal=PATROL,AUTO,0.000,0.350,1.799,0.003,True,False,False
15.300,dynamic_lock,True,PATROL_NAVIGATING mode=AUTO nav_goal=PATROL,AUTO,0.000,0.350,1.799,0.003,True,False,False
15.300,object_goal_state,REJECT cooldown source=elevated_dynamic_target remaining_sec=7.90,PATROL_NAVIGATING mode=AUTO nav_goal=PATROL,AUTO,0.000,0.350,1.799,0.003,True,False,False
15.400,mission_state,PATROL_NAVIGATING mode=AUTO nav_goal=PATROL,PATROL_NAVIGATING mode=AUTO nav_goal=PATROL,AUTO,0.000,0.350,1.799,0.003,True,False,False
15.400,mission_event,timestamp=15.400 mission_id=0 target_mission_id=1 state=PATROL_NAVIGATING event_type=INTERRUPT_PATROL_FOR_LIDAR_TARGET reason=target_id=1 waypoint_index=2 waypoint_index=2,PATROL_NAVIGATING mode=AUTO nav_goal=PATROL,AUTO,0.000,0.350,1.799,0.003,True,False,False
15.400,classification,WAITING_DYNAMIC_LOCK,PATROL_NAVIGATING mode=AUTO nav_goal=PATROL,AUTO,0.000,0.350,1.799,0.003,True,False,False
15.400,bird_confirmed,False,PATROL_NAVIGATING mode=AUTO nav_goal=PATROL,AUTO,0.000,0.350,1.799,0.003,True,False,False
15.400,sound_state,IDLE_NO_REQUEST,PATROL_NAVIGATING mode=AUTO nav_goal=PATROL,AUTO,0.000,0.350,1.799,0.003,True,False,False
15.400,sound_done,False,PATROL_NAVIGATING mode=AUTO nav_goal=PATROL,AUTO,0.000,0.350,1.799,0.003,True,False,False
15.400,mission_event,timestamp=15.400 mission_id=0 target_mission_id=1 state=INSPECTION_GOAL_GENERATED event_type=STATE_CHANGE reason=previous=PATROL_NAVIGATING next=INSPECTION_GOAL_GENERATED reason=lidar_first_inspection_goal waypoint_index=2,PATROL_NAVIGATING mode=AUTO nav_goal=PATROL,AUTO,0.000,0.350,1.799,0.003,True,False,False
15.400,dynamic_target,count=1 x=4.54 y=-0.57 z=3.29,PATROL_NAVIGATING mode=AUTO nav_goal=PATROL,AUTO,0.000,0.350,1.799,0.003,True,False,False
15.400,dynamic_lock,True,PATROL_NAVIGATING mode=AUTO nav_goal=PATROL,AUTO,0.000,0.350,1.799,0.003,True,False,False
15.400,mission_event,timestamp=15.400 mission_id=0 target_mission_id=1 state=APPROACH_TARGET_OFFSET event_type=STATE_CHANGE reason=previous=INSPECTION_GOAL_GENERATED next=APPROACH_TARGET_OFFSET reason=goal_type=TARGET_INSPECTION waypoint_index=2,PATROL_NAVIGATING mode=AUTO nav_goal=PATROL,AUTO,0.000,0.350,1.799,0.003,True,False,False
15.400,mission_event,timestamp=15.400 mission_id=0 target_mission_id=1 state=APPROACH_TARGET_OFFSET event_type=NAV2_DISABLED_SIMULATED_GOAL reason=TARGET_INSPECTION waypoint_index=2,PATROL_NAVIGATING mode=AUTO nav_goal=PATROL,AUTO,0.000,0.350,1.799,0.003,True,False,False
15.400,object_goal_state,REJECT cooldown source=elevated_dynamic_target remaining_sec=7.80,PATROL_NAVIGATING mode=AUTO nav_goal=PATROL,AUTO,0.000,0.350,1.799,0.003,True,False,False
15.500,classification,WAITING_DYNAMIC_LOCK,PATROL_NAVIGATING mode=AUTO nav_goal=PATROL,AUTO,0.000,0.350,1.799,0.003,True,False,False
15.500,bird_confirmed,False,PATROL_NAVIGATING mode=AUTO nav_goal=PATROL,AUTO,0.000,0.350,1.799,0.003,True,False,False
15.500,dynamic_target,count=1 x=4.56 y=-0.56 z=3.31,PATROL_NAVIGATING mode=AUTO nav_goal=PATROL,AUTO,0.000,0.350,1.799,0.004,True,False,False
15.500,dynamic_lock,True,PATROL_NAVIGATING mode=AUTO nav_goal=PATROL,AUTO,0.000,0.350,1.799,0.004,True,False,False
15.500,object_goal_state,REJECT cooldown source=elevated_dynamic_target remaining_sec=7.70,PATROL_NAVIGATING mode=AUTO nav_goal=PATROL,AUTO,0.000,0.350,1.799,0.004,True,False,False
15.600,sound_done,False,PATROL_NAVIGATING mode=AUTO nav_goal=PATROL,AUTO,0.000,0.350,1.798,0.004,True,False,False
15.600,sound_state,IDLE_NO_REQUEST,PATROL_NAVIGATING mode=AUTO nav_goal=PATROL,AUTO,0.000,0.350,1.798,0.004,True,False,False
15.600,mission_state,APPROACH_TARGET_OFFSET mode=AUTO nav_goal=TARGET_INSPECTION,APPROACH_TARGET_OFFSET mode=AUTO nav_goal=TARGET_INSPECTION,AUTO,0.000,0.350,1.798,0.004,True,False,False
15.600,classification,GAZEBO_FAKE_YOLO11S_CLASSIFICATION class=bird,APPROACH_TARGET_OFFSET mode=AUTO nav_goal=TARGET_INSPECTION,AUTO,0.000,0.350,1.798,0.004,True,False,False
15.600,bird_confirmed,True,APPROACH_TARGET_OFFSET mode=AUTO nav_goal=TARGET_INSPECTION,AUTO,0.000,0.350,1.798,0.004,True,True,False
15.600,dynamic_target,count=1 x=4.61 y=-0.54 z=3.33,APPROACH_TARGET_OFFSET mode=AUTO nav_goal=TARGET_INSPECTION,AUTO,0.000,0.350,1.798,0.004,True,True,False
15.600,dynamic_lock,True,APPROACH_TARGET_OFFSET mode=AUTO nav_goal=TARGET_INSPECTION,AUTO,0.000,0.350,1.798,0.004,True,True,False
15.600,object_goal_state,REJECT cooldown source=elevated_dynamic_target remaining_sec=7.60,APPROACH_TARGET_OFFSET mode=AUTO nav_goal=TARGET_INSPECTION,AUTO,0.000,0.350,1.798,0.004,True,True,False
15.600,dynamic_target,count=1 x=4.61 y=-0.54 z=3.33,APPROACH_TARGET_OFFSET mode=AUTO nav_goal=TARGET_INSPECTION,AUTO,0.000,0.350,1.798,0.004,True,True,False
15.600,dynamic_lock,True,APPROACH_TARGET_OFFSET mode=AUTO nav_goal=TARGET_INSPECTION,AUTO,0.000,0.350,1.798,0.004,True,True,False
15.600,object_goal_state,REJECT cooldown source=elevated_dynamic_target remaining_sec=7.60,APPROACH_TARGET_OFFSET mode=AUTO nav_goal=TARGET_INSPECTION,AUTO,0.000,0.350,1.798,0.004,True,True,False
15.700,classification,GAZEBO_FAKE_YOLO11S_CLASSIFICATION class=bird,APPROACH_TARGET_OFFSET mode=AUTO nav_goal=TARGET_INSPECTION,AUTO,0.000,0.350,1.797,0.004,True,True,False
15.700,bird_confirmed,True,APPROACH_TARGET_OFFSET mode=AUTO nav_goal=TARGET_INSPECTION,AUTO,0.000,0.350,1.797,0.004,True,True,False
15.700,bird_removal_state,TRACKING_HOLD_STARTED bird=bird_test_target mission_state=APPROACH_TARGET_OFFSET target_class=bird bird_confirmed=True dynamic_lock=True,APPROACH_TARGET_OFFSET mode=AUTO nav_goal=TARGET_INSPECTION,AUTO,0.000,0.110,1.797,0.004,True,True,False
15.700,dynamic_target,count=1 x=4.62 y=-0.52 z=3.36,APPROACH_TARGET_OFFSET mode=AUTO nav_goal=TARGET_INSPECTION,AUTO,0.000,0.110,1.796,0.005,True,True,False
15.700,dynamic_lock,True,APPROACH_TARGET_OFFSET mode=AUTO nav_goal=TARGET_INSPECTION,AUTO,0.000,0.110,1.796,0.005,True,True,False
15.700,object_goal_state,REJECT cooldown source=elevated_dynamic_target remaining_sec=7.50,APPROACH_TARGET_OFFSET mode=AUTO nav_goal=TARGET_INSPECTION,AUTO,0.000,0.110,1.796,0.005,True,True,False
15.800,object_goal_state,REJECT cooldown source=elevated_dynamic_target remaining_sec=7.40,APPROACH_TARGET_OFFSET mode=AUTO nav_goal=TARGET_INSPECTION,AUTO,0.000,0.110,1.796,0.005,True,True,False
15.800,dynamic_target,count=1 x=4.62 y=-0.52 z=3.36,APPROACH_TARGET_OFFSET mode=AUTO nav_goal=TARGET_INSPECTION,AUTO,0.000,0.110,1.796,0.005,True,True,False
15.800,dynamic_lock,True,APPROACH_TARGET_OFFSET mode=AUTO nav_goal=TARGET_INSPECTION,AUTO,0.000,0.110,1.796,0.005,True,True,False
15.800,sound_state,IDLE_NO_REQUEST,APPROACH_TARGET_OFFSET mode=AUTO nav_goal=TARGET_INSPECTION,AUTO,0.000,0.110,1.796,0.005,True,True,False
15.800,sound_done,False,APPROACH_TARGET_OFFSET mode=AUTO nav_goal=TARGET_INSPECTION,AUTO,0.000,0.110,1.796,0.005,True,True,False
15.800,mission_state,APPROACH_TARGET_OFFSET mode=AUTO nav_goal=TARGET_INSPECTION,APPROACH_TARGET_OFFSET mode=AUTO nav_goal=TARGET_INSPECTION,AUTO,0.000,-0.010,1.796,0.005,True,True,False
15.800,classification,GAZEBO_FAKE_YOLO11S_CLASSIFICATION class=bird,APPROACH_TARGET_OFFSET mode=AUTO nav_goal=TARGET_INSPECTION,AUTO,0.000,-0.010,1.796,0.005,True,True,False
15.800,bird_confirmed,True,APPROACH_TARGET_OFFSET mode=AUTO nav_goal=TARGET_INSPECTION,AUTO,0.000,-0.010,1.796,0.005,True,True,False
15.900,classification,GAZEBO_FAKE_YOLO11S_CLASSIFICATION class=bird,APPROACH_TARGET_OFFSET mode=AUTO nav_goal=TARGET_INSPECTION,AUTO,0.000,-0.250,1.797,0.005,True,True,False
15.900,bird_confirmed,True,APPROACH_TARGET_OFFSET mode=AUTO nav_goal=TARGET_INSPECTION,AUTO,0.000,-0.250,1.797,0.005,True,True,False
16.000,sound_state,IDLE_NO_REQUEST,APPROACH_TARGET_OFFSET mode=AUTO nav_goal=TARGET_INSPECTION,AUTO,0.000,-0.350,1.797,0.004,True,True,False
16.000,sound_done,False,APPROACH_TARGET_OFFSET mode=AUTO nav_goal=TARGET_INSPECTION,AUTO,0.000,-0.350,1.797,0.004,True,True,False
16.000,classification,GAZEBO_FAKE_YOLO11S_CLASSIFICATION class=bird,APPROACH_TARGET_OFFSET mode=AUTO nav_goal=TARGET_INSPECTION,AUTO,0.000,-0.350,1.797,0.005,True,True,False
16.000,bird_confirmed,True,APPROACH_TARGET_OFFSET mode=AUTO nav_goal=TARGET_INSPECTION,AUTO,0.000,-0.350,1.797,0.005,True,True,False
16.000,mission_state,APPROACH_TARGET_OFFSET mode=AUTO nav_goal=TARGET_INSPECTION,APPROACH_TARGET_OFFSET mode=AUTO nav_goal=TARGET_INSPECTION,AUTO,0.000,-0.350,1.797,0.005,True,True,False
16.000,dynamic_target,count=1 x=4.62 y=-0.52 z=3.36,APPROACH_TARGET_OFFSET mode=AUTO nav_goal=TARGET_INSPECTION,AUTO,0.000,-0.350,1.796,0.005,True,True,False
16.000,dynamic_lock,True,APPROACH_TARGET_OFFSET mode=AUTO nav_goal=TARGET_INSPECTION,AUTO,0.000,-0.350,1.796,0.005,True,True,False
16.000,object_goal_state,REJECT cooldown source=elevated_dynamic_target remaining_sec=7.20,APPROACH_TARGET_OFFSET mode=AUTO nav_goal=TARGET_INSPECTION,AUTO,0.000,-0.350,1.796,0.005,True,True,False
16.100,classification,GAZEBO_FAKE_YOLO11S_CLASSIFICATION class=bird,APPROACH_TARGET_OFFSET mode=AUTO nav_goal=TARGET_INSPECTION,AUTO,0.000,-0.350,1.797,0.005,True,True,False
16.100,bird_confirmed,True,APPROACH_TARGET_OFFSET mode=AUTO nav_goal=TARGET_INSPECTION,AUTO,0.000,-0.350,1.797,0.005,True,True,False
16.200,sound_state,IDLE_NO_REQUEST,APPROACH_TARGET_OFFSET mode=AUTO nav_goal=TARGET_INSPECTION,AUTO,0.000,-0.350,1.797,0.004,True,True,False
16.200,sound_done,False,APPROACH_TARGET_OFFSET mode=AUTO nav_goal=TARGET_INSPECTION,AUTO,0.000,-0.350,1.797,0.004,True,True,False
16.200,mission_state,APPROACH_TARGET_OFFSET mode=AUTO nav_goal=TARGET_INSPECTION,APPROACH_TARGET_OFFSET mode=AUTO nav_goal=TARGET_INSPECTION,AUTO,0.000,-0.350,1.797,0.004,True,True,False
16.200,classification,GAZEBO_FAKE_YOLO11S_CLASSIFICATION class=bird,APPROACH_TARGET_OFFSET mode=AUTO nav_goal=TARGET_INSPECTION,AUTO,0.000,-0.350,1.797,0.004,True,True,False
16.200,bird_confirmed,True,APPROACH_TARGET_OFFSET mode=AUTO nav_goal=TARGET_INSPECTION,AUTO,0.000,-0.350,1.797,0.004,True,True,False
16.200,dynamic_target,count=1 x=4.62 y=-0.52 z=3.36,APPROACH_TARGET_OFFSET mode=AUTO nav_goal=TARGET_INSPECTION,AUTO,0.000,-0.350,1.797,0.004,True,True,False
16.200,dynamic_lock,True,APPROACH_TARGET_OFFSET mode=AUTO nav_goal=TARGET_INSPECTION,AUTO,0.000,-0.350,1.797,0.004,True,True,False
16.200,object_goal_state,REJECT cooldown source=elevated_dynamic_target remaining_sec=7.00,APPROACH_TARGET_OFFSET mode=AUTO nav_goal=TARGET_INSPECTION,AUTO,0.000,-0.350,1.797,0.004,True,True,False
16.300,classification,GAZEBO_FAKE_YOLO11S_CLASSIFICATION class=bird,APPROACH_TARGET_OFFSET mode=AUTO nav_goal=TARGET_INSPECTION,AUTO,0.000,-0.350,1.797,0.004,True,True,False
16.300,bird_confirmed,True,APPROACH_TARGET_OFFSET mode=AUTO nav_goal=TARGET_INSPECTION,AUTO,0.000,-0.350,1.797,0.004,True,True,False
16.400,sound_state,IDLE_NO_REQUEST,APPROACH_TARGET_OFFSET mode=AUTO nav_goal=TARGET_INSPECTION,AUTO,0.000,-0.350,1.798,0.004,True,True,False
16.400,sound_done,False,APPROACH_TARGET_OFFSET mode=AUTO nav_goal=TARGET_INSPECTION,AUTO,0.000,-0.350,1.798,0.004,True,True,False
16.400,mission_state,APPROACH_TARGET_OFFSET mode=AUTO nav_goal=TARGET_INSPECTION,APPROACH_TARGET_OFFSET mode=AUTO nav_goal=TARGET_INSPECTION,AUTO,0.000,-0.350,1.798,0.004,True,True,False
16.400,classification,GAZEBO_FAKE_YOLO11S_CLASSIFICATION class=bird,APPROACH_TARGET_OFFSET mode=AUTO nav_goal=TARGET_INSPECTION,AUTO,0.000,-0.350,1.798,0.004,True,True,False
16.400,bird_confirmed,True,APPROACH_TARGET_OFFSET mode=AUTO nav_goal=TARGET_INSPECTION,AUTO,0.000,-0.350,1.798,0.004,True,True,False
16.400,object_goal_state,REJECT cooldown source=elevated_dynamic_target remaining_sec=6.80,APPROACH_TARGET_OFFSET mode=AUTO nav_goal=TARGET_INSPECTION,AUTO,0.000,-0.350,1.798,0.004,True,True,False
16.400,dynamic_target,count=1 x=4.62 y=-0.52 z=3.36,APPROACH_TARGET_OFFSET mode=AUTO nav_goal=TARGET_INSPECTION,AUTO,0.000,-0.350,1.798,0.004,True,True,False
16.400,dynamic_lock,True,APPROACH_TARGET_OFFSET mode=AUTO nav_goal=TARGET_INSPECTION,AUTO,0.000,-0.350,1.798,0.004,True,True,False
16.500,classification,GAZEBO_FAKE_YOLO11S_CLASSIFICATION class=bird,APPROACH_TARGET_OFFSET mode=AUTO nav_goal=TARGET_INSPECTION,AUTO,0.000,-0.350,1.798,0.003,True,True,False
16.500,bird_confirmed,True,APPROACH_TARGET_OFFSET mode=AUTO nav_goal=TARGET_INSPECTION,AUTO,0.000,-0.350,1.798,0.003,True,True,False
16.500,dynamic_target,count=1 x=4.50 y=-0.55 z=3.33,APPROACH_TARGET_OFFSET mode=AUTO nav_goal=TARGET_INSPECTION,AUTO,0.000,-0.350,1.797,0.004,True,True,False
16.500,object_goal_state,REJECT cooldown source=elevated_dynamic_target remaining_sec=6.70,APPROACH_TARGET_OFFSET mode=AUTO nav_goal=TARGET_INSPECTION,AUTO,0.000,-0.350,1.797,0.004,True,True,False
16.500,dynamic_lock,True,APPROACH_TARGET_OFFSET mode=AUTO nav_goal=TARGET_INSPECTION,AUTO,0.000,-0.350,1.797,0.004,True,True,False
16.600,object_goal_state,REJECT cooldown source=elevated_dynamic_target remaining_sec=6.60,APPROACH_TARGET_OFFSET mode=AUTO nav_goal=TARGET_INSPECTION,AUTO,0.000,-0.350,1.797,0.004,True,True,False
16.600,dynamic_target,count=1 x=4.50 y=-0.55 z=3.33,APPROACH_TARGET_OFFSET mode=AUTO nav_goal=TARGET_INSPECTION,AUTO,0.000,-0.350,1.797,0.004,True,True,False
16.600,dynamic_lock,True,APPROACH_TARGET_OFFSET mode=AUTO nav_goal=TARGET_INSPECTION,AUTO,0.000,-0.350,1.797,0.004,True,True,False
16.600,classification,GAZEBO_FAKE_YOLO11S_CLASSIFICATION class=bird,APPROACH_TARGET_OFFSET mode=AUTO nav_goal=TARGET_INSPECTION,AUTO,0.000,-0.350,1.797,0.004,True,True,False
16.600,bird_confirmed,True,APPROACH_TARGET_OFFSET mode=AUTO nav_goal=TARGET_INSPECTION,AUTO,0.000,-0.350,1.797,0.004,True,True,False
16.600,sound_state,IDLE_NO_REQUEST,APPROACH_TARGET_OFFSET mode=AUTO nav_goal=TARGET_INSPECTION,AUTO,0.000,-0.350,1.797,0.004,True,True,False
16.600,sound_done,False,APPROACH_TARGET_OFFSET mode=AUTO nav_goal=TARGET_INSPECTION,AUTO,0.000,-0.350,1.797,0.004,True,True,False
16.600,mission_state,APPROACH_TARGET_OFFSET mode=AUTO nav_goal=TARGET_INSPECTION,APPROACH_TARGET_OFFSET mode=AUTO nav_goal=TARGET_INSPECTION,AUTO,0.000,-0.350,1.797,0.004,True,True,False
16.700,classification,GAZEBO_FAKE_YOLO11S_CLASSIFICATION class=bird,APPROACH_TARGET_OFFSET mode=AUTO nav_goal=TARGET_INSPECTION,AUTO,0.000,-0.350,1.798,0.004,True,True,False
16.700,bird_confirmed,True,APPROACH_TARGET_OFFSET mode=AUTO nav_goal=TARGET_INSPECTION,AUTO,0.000,-0.350,1.798,0.004,True,True,False
16.700,dynamic_target,count=1 x=4.46 y=-0.59 z=3.30,APPROACH_TARGET_OFFSET mode=AUTO nav_goal=TARGET_INSPECTION,AUTO,0.000,-0.350,1.798,0.004,True,True,False
16.700,dynamic_lock,True,APPROACH_TARGET_OFFSET mode=AUTO nav_goal=TARGET_INSPECTION,AUTO,0.000,-0.350,1.798,0.004,True,True,False
16.700,object_goal_state,REJECT cooldown source=elevated_dynamic_target remaining_sec=6.50,APPROACH_TARGET_OFFSET mode=AUTO nav_goal=TARGET_INSPECTION,AUTO,0.000,-0.350,1.798,0.004,True,True,False
16.800,mission_state,APPROACH_TARGET_OFFSET mode=AUTO nav_goal=TARGET_INSPECTION,APPROACH_TARGET_OFFSET mode=AUTO nav_goal=TARGET_INSPECTION,AUTO,0.000,-0.350,1.798,0.003,True,True,False
16.800,sound_done,False,APPROACH_TARGET_OFFSET mode=AUTO nav_goal=TARGET_INSPECTION,AUTO,0.080,-0.350,1.798,0.003,True,True,False
16.800,dynamic_target,count=1 x=4.46 y=-0.59 z=3.30,APPROACH_TARGET_OFFSET mode=AUTO nav_goal=TARGET_INSPECTION,AUTO,0.120,-0.350,1.798,0.003,True,True,False
16.800,dynamic_lock,True,APPROACH_TARGET_OFFSET mode=AUTO nav_goal=TARGET_INSPECTION,AUTO,0.120,-0.350,1.798,0.003,True,True,False
16.800,sound_state,IDLE_NO_REQUEST,APPROACH_TARGET_OFFSET mode=AUTO nav_goal=TARGET_INSPECTION,AUTO,0.120,-0.350,1.798,0.003,True,True,False
16.800,bird_confirmed,True,APPROACH_TARGET_OFFSET mode=AUTO nav_goal=TARGET_INSPECTION,AUTO,0.120,-0.350,1.798,0.003,True,True,False
16.800,classification,GAZEBO_FAKE_YOLO11S_CLASSIFICATION class=bird,APPROACH_TARGET_OFFSET mode=AUTO nav_goal=TARGET_INSPECTION,AUTO,0.120,-0.350,1.798,0.003,True,True,False
16.800,object_goal_state,REJECT cooldown source=elevated_dynamic_target remaining_sec=6.40,APPROACH_TARGET_OFFSET mode=AUTO nav_goal=TARGET_INSPECTION,AUTO,0.120,-0.350,1.798,0.003,True,True,False
16.900,classification,GAZEBO_FAKE_YOLO11S_CLASSIFICATION class=bird,APPROACH_TARGET_OFFSET mode=AUTO nav_goal=TARGET_INSPECTION,AUTO,0.120,-0.350,1.804,0.005,True,True,False
16.900,bird_confirmed,True,APPROACH_TARGET_OFFSET mode=AUTO nav_goal=TARGET_INSPECTION,AUTO,0.120,-0.350,1.804,0.005,True,True,False
17.000,bird_confirmed,True,APPROACH_TARGET_OFFSET mode=AUTO nav_goal=TARGET_INSPECTION,AUTO,0.120,-0.350,1.822,0.012,True,True,False
17.000,classification,GAZEBO_FAKE_YOLO11S_CLASSIFICATION class=bird,APPROACH_TARGET_OFFSET mode=AUTO nav_goal=TARGET_INSPECTION,AUTO,0.120,-0.350,1.822,0.012,True,True,False
17.000,sound_state,IDLE_NO_REQUEST,APPROACH_TARGET_OFFSET mode=AUTO nav_goal=TARGET_INSPECTION,AUTO,0.120,-0.350,1.822,0.012,True,True,False
17.000,sound_done,False,APPROACH_TARGET_OFFSET mode=AUTO nav_goal=TARGET_INSPECTION,AUTO,0.120,-0.350,1.822,0.012,True,True,False
17.000,dynamic_target,count=1 x=4.46 y=-0.59 z=3.30,APPROACH_TARGET_OFFSET mode=AUTO nav_goal=TARGET_INSPECTION,AUTO,0.120,-0.350,1.822,0.012,True,True,False
17.000,dynamic_lock,True,APPROACH_TARGET_OFFSET mode=AUTO nav_goal=TARGET_INSPECTION,AUTO,0.120,-0.350,1.822,0.012,True,True,False
17.000,mission_state,APPROACH_TARGET_OFFSET mode=AUTO nav_goal=TARGET_INSPECTION,APPROACH_TARGET_OFFSET mode=AUTO nav_goal=TARGET_INSPECTION,AUTO,0.120,-0.350,1.824,0.012,True,True,False
17.000,object_goal_state,REJECT cooldown source=elevated_dynamic_target remaining_sec=6.20,APPROACH_TARGET_OFFSET mode=AUTO nav_goal=TARGET_INSPECTION,AUTO,0.120,-0.350,1.824,0.012,True,True,False
17.100,bird_confirmed,True,APPROACH_TARGET_OFFSET mode=AUTO nav_goal=TARGET_INSPECTION,AUTO,0.120,-0.350,1.840,0.019,True,True,False
17.100,classification,GAZEBO_FAKE_YOLO11S_CLASSIFICATION class=bird,APPROACH_TARGET_OFFSET mode=AUTO nav_goal=TARGET_INSPECTION,AUTO,0.120,-0.350,1.840,0.019,True,True,False
17.200,sound_state,IDLE_NO_REQUEST,APPROACH_TARGET_OFFSET mode=AUTO nav_goal=TARGET_INSPECTION,AUTO,0.120,-0.350,1.858,0.026,True,True,False
17.200,sound_done,False,APPROACH_TARGET_OFFSET mode=AUTO nav_goal=TARGET_INSPECTION,AUTO,0.120,-0.350,1.858,0.026,True,True,False
17.200,mission_state,APPROACH_TARGET_OFFSET mode=AUTO nav_goal=TARGET_INSPECTION,APPROACH_TARGET_OFFSET mode=AUTO nav_goal=TARGET_INSPECTION,AUTO,0.120,-0.350,1.858,0.026,True,True,False
17.200,classification,GAZEBO_FAKE_YOLO11S_CLASSIFICATION class=bird,APPROACH_TARGET_OFFSET mode=AUTO nav_goal=TARGET_INSPECTION,AUTO,0.120,-0.350,1.858,0.026,True,True,False
17.200,bird_confirmed,True,APPROACH_TARGET_OFFSET mode=AUTO nav_goal=TARGET_INSPECTION,AUTO,0.120,-0.350,1.858,0.026,True,True,False
17.200,dynamic_target,count=1 x=4.46 y=-0.59 z=3.30,APPROACH_TARGET_OFFSET mode=AUTO nav_goal=TARGET_INSPECTION,AUTO,0.120,-0.350,1.877,0.032,True,True,False
17.200,dynamic_lock,True,APPROACH_TARGET_OFFSET mode=AUTO nav_goal=TARGET_INSPECTION,AUTO,0.120,-0.350,1.877,0.032,True,True,False
17.200,object_goal_state,REJECT cooldown source=elevated_dynamic_target remaining_sec=6.00,APPROACH_TARGET_OFFSET mode=AUTO nav_goal=TARGET_INSPECTION,AUTO,0.120,-0.350,1.877,0.032,True,True,False
17.300,classification,GAZEBO_FAKE_YOLO11S_CLASSIFICATION class=bird,APPROACH_TARGET_OFFSET mode=AUTO nav_goal=TARGET_INSPECTION,AUTO,0.120,-0.350,1.877,0.032,True,True,False
17.300,bird_confirmed,True,APPROACH_TARGET_OFFSET mode=AUTO nav_goal=TARGET_INSPECTION,AUTO,0.120,-0.350,1.877,0.032,True,True,False
17.400,sound_done,False,APPROACH_TARGET_OFFSET mode=AUTO nav_goal=TARGET_INSPECTION,AUTO,0.120,-0.350,1.896,0.037,True,True,False
17.400,mission_state,APPROACH_TARGET_OFFSET mode=AUTO nav_goal=TARGET_INSPECTION,APPROACH_TARGET_OFFSET mode=AUTO nav_goal=TARGET_INSPECTION,AUTO,0.120,-0.350,1.896,0.037,True,True,False
17.400,classification,GAZEBO_FAKE_YOLO11S_CLASSIFICATION class=bird,APPROACH_TARGET_OFFSET mode=AUTO nav_goal=TARGET_INSPECTION,AUTO,0.120,-0.350,1.896,0.037,True,True,False
17.400,bird_confirmed,True,APPROACH_TARGET_OFFSET mode=AUTO nav_goal=TARGET_INSPECTION,AUTO,0.120,-0.350,1.896,0.037,True,True,False
17.400,sound_state,IDLE_NO_REQUEST,APPROACH_TARGET_OFFSET mode=AUTO nav_goal=TARGET_INSPECTION,AUTO,0.120,-0.350,1.896,0.037,True,True,False
17.400,dynamic_target,count=1 x=4.46 y=-0.59 z=3.30,APPROACH_TARGET_OFFSET mode=AUTO nav_goal=TARGET_INSPECTION,AUTO,0.120,-0.350,1.904,0.039,True,True,False
17.400,dynamic_lock,True,APPROACH_TARGET_OFFSET mode=AUTO nav_goal=TARGET_INSPECTION,AUTO,0.120,-0.350,1.904,0.039,True,True,False
17.400,object_goal_state,REJECT cooldown source=elevated_dynamic_target remaining_sec=5.80,APPROACH_TARGET_OFFSET mode=AUTO nav_goal=TARGET_INSPECTION,AUTO,0.120,-0.350,1.904,0.039,True,True,False
17.500,classification,GAZEBO_FAKE_YOLO11S_CLASSIFICATION class=bird,APPROACH_TARGET_OFFSET mode=AUTO nav_goal=TARGET_INSPECTION,AUTO,0.120,-0.350,1.915,0.042,True,True,False
17.500,bird_confirmed,True,APPROACH_TARGET_OFFSET mode=AUTO nav_goal=TARGET_INSPECTION,AUTO,0.120,-0.350,1.915,0.042,True,True,False
17.500,object_goal_state,TARGET_LOST_TIMEOUT,APPROACH_TARGET_OFFSET mode=AUTO nav_goal=TARGET_INSPECTION,AUTO,0.120,-0.350,1.917,0.043,True,True,False
17.600,sound_state,IDLE_NO_REQUEST,APPROACH_TARGET_OFFSET mode=AUTO nav_goal=TARGET_INSPECTION,AUTO,0.120,-0.350,1.934,0.046,True,True,False
17.600,sound_done,False,APPROACH_TARGET_OFFSET mode=AUTO nav_goal=TARGET_INSPECTION,AUTO,0.120,-0.350,1.934,0.046,True,True,False
17.600,dynamic_target,count=1 x=4.46 y=-0.59 z=3.30,APPROACH_TARGET_OFFSET mode=AUTO nav_goal=TARGET_INSPECTION,AUTO,0.120,-0.350,1.934,0.046,True,True,False
17.600,dynamic_lock,True,APPROACH_TARGET_OFFSET mode=AUTO nav_goal=TARGET_INSPECTION,AUTO,0.120,-0.350,1.934,0.046,True,True,False
17.600,classification,GAZEBO_FAKE_YOLO11S_CLASSIFICATION class=bird,APPROACH_TARGET_OFFSET mode=AUTO nav_goal=TARGET_INSPECTION,AUTO,0.120,-0.350,1.934,0.046,True,True,False
17.600,bird_confirmed,True,APPROACH_TARGET_OFFSET mode=AUTO nav_goal=TARGET_INSPECTION,AUTO,0.120,-0.350,1.934,0.046,True,True,False
17.600,mission_state,APPROACH_TARGET_OFFSET mode=AUTO nav_goal=TARGET_INSPECTION,APPROACH_TARGET_OFFSET mode=AUTO nav_goal=TARGET_INSPECTION,AUTO,0.120,-0.350,1.936,0.046,True,True,False
17.600,object_goal_state,REJECT cooldown source=elevated_dynamic_target remaining_sec=5.60,APPROACH_TARGET_OFFSET mode=AUTO nav_goal=TARGET_INSPECTION,AUTO,0.120,-0.350,1.936,0.046,True,True,False
17.700,bird_confirmed,True,APPROACH_TARGET_OFFSET mode=AUTO nav_goal=TARGET_INSPECTION,AUTO,0.120,-0.350,1.953,0.050,True,True,False
17.700,classification,GAZEBO_FAKE_YOLO11S_CLASSIFICATION class=bird,APPROACH_TARGET_OFFSET mode=AUTO nav_goal=TARGET_INSPECTION,AUTO,0.120,-0.350,1.953,0.050,True,True,False
17.700,dynamic_target,count=1 x=4.53 y=-0.58 z=3.29,APPROACH_TARGET_OFFSET mode=AUTO nav_goal=TARGET_INSPECTION,AUTO,0.120,-0.350,1.955,0.050,True,True,False
17.700,dynamic_lock,True,APPROACH_TARGET_OFFSET mode=AUTO nav_goal=TARGET_INSPECTION,AUTO,0.120,-0.350,1.955,0.050,True,True,False
17.700,object_goal_state,REJECT cooldown source=elevated_dynamic_target remaining_sec=5.50,APPROACH_TARGET_OFFSET mode=AUTO nav_goal=TARGET_INSPECTION,AUTO,0.120,-0.350,1.955,0.050,True,True,False
17.800,sound_done,False,APPROACH_TARGET_OFFSET mode=AUTO nav_goal=TARGET_INSPECTION,AUTO,0.120,-0.350,1.973,0.054,True,True,False
17.800,mission_state,APPROACH_TARGET_OFFSET mode=AUTO nav_goal=TARGET_INSPECTION,APPROACH_TARGET_OFFSET mode=AUTO nav_goal=TARGET_INSPECTION,AUTO,0.120,-0.350,1.973,0.054,True,True,False
17.800,sound_state,IDLE_NO_REQUEST,APPROACH_TARGET_OFFSET mode=AUTO nav_goal=TARGET_INSPECTION,AUTO,0.120,-0.350,1.973,0.054,True,True,False
17.800,classification,GAZEBO_FAKE_YOLO11S_CLASSIFICATION class=bird,APPROACH_TARGET_OFFSET mode=AUTO nav_goal=TARGET_INSPECTION,AUTO,0.120,-0.350,1.975,0.054,True,True,False
17.800,bird_confirmed,True,APPROACH_TARGET_OFFSET mode=AUTO nav_goal=TARGET_INSPECTION,AUTO,0.120,-0.350,1.975,0.054,True,True,False
17.800,dynamic_target,count=1 x=4.59 y=-0.59 z=3.30,APPROACH_TARGET_OFFSET mode=AUTO nav_goal=TARGET_INSPECTION,AUTO,0.120,-0.350,1.983,0.054,True,True,False
17.800,dynamic_lock,True,APPROACH_TARGET_OFFSET mode=AUTO nav_goal=TARGET_INSPECTION,AUTO,0.120,-0.350,1.983,0.054,True,True,False
17.800,object_goal_state,REJECT cooldown source=elevated_dynamic_target remaining_sec=5.40,APPROACH_TARGET_OFFSET mode=AUTO nav_goal=TARGET_INSPECTION,AUTO,0.120,-0.350,1.983,0.054,True,True,False
17.800,dynamic_target,count=1 x=4.59 y=-0.59 z=3.30,APPROACH_TARGET_OFFSET mode=AUTO nav_goal=TARGET_INSPECTION,AUTO,0.120,-0.350,1.983,0.054,True,True,False
17.800,dynamic_lock,True,APPROACH_TARGET_OFFSET mode=AUTO nav_goal=TARGET_INSPECTION,AUTO,0.120,-0.350,1.983,0.054,True,True,False
17.800,object_goal_state,REJECT cooldown source=elevated_dynamic_target remaining_sec=5.40,APPROACH_TARGET_OFFSET mode=AUTO nav_goal=TARGET_INSPECTION,AUTO,0.120,-0.350,1.983,0.054,True,True,False
17.900,classification,GAZEBO_FAKE_YOLO11S_CLASSIFICATION class=bird,APPROACH_TARGET_OFFSET mode=AUTO nav_goal=TARGET_INSPECTION,AUTO,0.120,-0.350,1.993,0.056,True,True,False
17.900,bird_confirmed,True,APPROACH_TARGET_OFFSET mode=AUTO nav_goal=TARGET_INSPECTION,AUTO,0.120,-0.350,1.993,0.056,True,True,False
18.000,mission_state,APPROACH_TARGET_OFFSET mode=AUTO nav_goal=TARGET_INSPECTION,APPROACH_TARGET_OFFSET mode=AUTO nav_goal=TARGET_INSPECTION,AUTO,0.120,-0.350,2.012,0.058,True,True,False
18.000,classification,GAZEBO_FAKE_YOLO11S_CLASSIFICATION class=bird,APPROACH_TARGET_OFFSET mode=AUTO nav_goal=TARGET_INSPECTION,AUTO,0.120,-0.350,2.012,0.058,True,True,False
18.000,bird_confirmed,True,APPROACH_TARGET_OFFSET mode=AUTO nav_goal=TARGET_INSPECTION,AUTO,0.120,-0.350,2.012,0.058,True,True,False
18.000,sound_state,IDLE_NO_REQUEST,APPROACH_TARGET_OFFSET mode=AUTO nav_goal=TARGET_INSPECTION,AUTO,0.120,-0.350,2.012,0.058,True,True,False
18.000,sound_done,False,APPROACH_TARGET_OFFSET mode=AUTO nav_goal=TARGET_INSPECTION,AUTO,0.120,-0.350,2.012,0.058,True,True,False
18.000,dynamic_target,count=1 x=4.59 y=-0.59 z=3.30,APPROACH_TARGET_OFFSET mode=AUTO nav_goal=TARGET_INSPECTION,AUTO,0.120,-0.350,2.013,0.058,True,True,False
18.000,dynamic_lock,True,APPROACH_TARGET_OFFSET mode=AUTO nav_goal=TARGET_INSPECTION,AUTO,0.120,-0.350,2.013,0.058,True,True,False
18.000,object_goal_state,REJECT cooldown source=elevated_dynamic_target remaining_sec=5.20,APPROACH_TARGET_OFFSET mode=AUTO nav_goal=TARGET_INSPECTION,AUTO,0.120,-0.350,2.013,0.058,True,True,False
18.100,classification,GAZEBO_FAKE_YOLO11S_CLASSIFICATION class=bird,APPROACH_TARGET_OFFSET mode=AUTO nav_goal=TARGET_INSPECTION,AUTO,0.120,-0.350,2.031,0.058,True,True,False
18.100,bird_confirmed,True,APPROACH_TARGET_OFFSET mode=AUTO nav_goal=TARGET_INSPECTION,AUTO,0.120,-0.350,2.031,0.058,True,True,False
18.100,dynamic_target,count=1 x=4.59 y=-0.61 z=3.29,APPROACH_TARGET_OFFSET mode=AUTO nav_goal=TARGET_INSPECTION,AUTO,0.120,-0.350,2.039,0.060,True,True,False
18.100,dynamic_lock,True,APPROACH_TARGET_OFFSET mode=AUTO nav_goal=TARGET_INSPECTION,AUTO,0.120,-0.350,2.039,0.060,True,True,False
18.100,object_goal_state,REJECT cooldown source=elevated_dynamic_target remaining_sec=5.10,APPROACH_TARGET_OFFSET mode=AUTO nav_goal=TARGET_INSPECTION,AUTO,0.120,-0.350,2.039,0.060,True,True,False
18.200,sound_done,False,APPROACH_TARGET_OFFSET mode=AUTO nav_goal=TARGET_INSPECTION,AUTO,0.120,-0.350,2.051,0.059,True,True,False
18.200,classification,GAZEBO_FAKE_YOLO11S_CLASSIFICATION class=bird,APPROACH_TARGET_OFFSET mode=AUTO nav_goal=TARGET_INSPECTION,AUTO,0.120,-0.350,2.051,0.059,True,True,False
18.200,bird_confirmed,True,APPROACH_TARGET_OFFSET mode=AUTO nav_goal=TARGET_INSPECTION,AUTO,0.120,-0.350,2.051,0.059,True,True,False
18.200,sound_state,IDLE_NO_REQUEST,APPROACH_TARGET_OFFSET mode=AUTO nav_goal=TARGET_INSPECTION,AUTO,0.120,-0.350,2.051,0.059,True,True,False
18.200,dynamic_target,count=1 x=4.59 y=-0.61 z=3.29,APPROACH_TARGET_OFFSET mode=AUTO nav_goal=TARGET_INSPECTION,AUTO,0.120,-0.350,2.051,0.059,True,True,False
18.200,dynamic_lock,True,APPROACH_TARGET_OFFSET mode=AUTO nav_goal=TARGET_INSPECTION,AUTO,0.120,-0.350,2.051,0.059,True,True,False
18.200,mission_state,APPROACH_TARGET_OFFSET mode=AUTO nav_goal=TARGET_INSPECTION,APPROACH_TARGET_OFFSET mode=AUTO nav_goal=TARGET_INSPECTION,AUTO,0.120,-0.350,2.053,0.059,True,True,False
18.200,object_goal_state,REJECT cooldown source=elevated_dynamic_target remaining_sec=5.00,APPROACH_TARGET_OFFSET mode=AUTO nav_goal=TARGET_INSPECTION,AUTO,0.120,-0.350,2.053,0.059,True,True,False
18.200,bird_removed,REMOVED bird=bird_test_target removed_count=1 remaining_count=1 detected_hold_sec=5.11 tracking_hold_sec=5.11 mission_state=APPROACH_TARGET_OFFSET dynamic_lock=True sound_done_seen=False,APPROACH_TARGET_OFFSET mode=AUTO nav_goal=TARGET_INSPECTION,AUTO,0.120,-0.350,2.053,0.059,True,True,False
18.200,bird_removal_state,RELEASED bird=bird_single removed_count=1 remaining_count=1,APPROACH_TARGET_OFFSET mode=AUTO nav_goal=TARGET_INSPECTION,AUTO,0.120,-0.350,2.053,0.059,True,True,False
18.300,classification,GAZEBO_FAKE_YOLO11S_CLASSIFICATION class=bird,APPROACH_TARGET_OFFSET mode=AUTO nav_goal=TARGET_INSPECTION,AUTO,0.120,-0.350,2.071,0.059,True,True,False
18.300,bird_confirmed,True,APPROACH_TARGET_OFFSET mode=AUTO nav_goal=TARGET_INSPECTION,AUTO,0.120,-0.350,2.071,0.059,True,True,False
18.300,bird_removal_state,TRACKING_HOLD_STARTED bird=bird_single mission_state=APPROACH_TARGET_OFFSET target_class=bird bird_confirmed=True dynamic_lock=True,APPROACH_TARGET_OFFSET mode=AUTO nav_goal=TARGET_INSPECTION,AUTO,0.120,-0.350,2.072,0.059,True,True,False
18.400,sound_done,False,APPROACH_TARGET_OFFSET mode=AUTO nav_goal=TARGET_INSPECTION,AUTO,0.120,-0.350,2.090,0.059,True,True,False
18.400,sound_state,IDLE_NO_REQUEST,APPROACH_TARGET_OFFSET mode=AUTO nav_goal=TARGET_INSPECTION,AUTO,0.120,-0.350,2.090,0.059,True,True,False
18.400,mission_state,APPROACH_TARGET_OFFSET mode=AUTO nav_goal=TARGET_INSPECTION,APPROACH_TARGET_OFFSET mode=AUTO nav_goal=TARGET_INSPECTION,AUTO,0.120,-0.350,2.092,0.059,True,True,False
18.400,classification,GAZEBO_FAKE_YOLO11S_CLASSIFICATION class=bird,APPROACH_TARGET_OFFSET mode=AUTO nav_goal=TARGET_INSPECTION,AUTO,0.120,-0.350,2.092,0.059,True,True,False
18.400,bird_confirmed,True,APPROACH_TARGET_OFFSET mode=AUTO nav_goal=TARGET_INSPECTION,AUTO,0.120,-0.350,2.092,0.059,True,True,False
18.400,dynamic_target,count=1 x=4.59 y=-0.61 z=3.29,APPROACH_TARGET_OFFSET mode=AUTO nav_goal=TARGET_INSPECTION,AUTO,0.120,-0.350,2.094,0.059,True,True,False
18.400,dynamic_lock,True,APPROACH_TARGET_OFFSET mode=AUTO nav_goal=TARGET_INSPECTION,AUTO,0.120,-0.350,2.094,0.059,True,True,False
18.400,object_goal_state,REJECT cooldown source=elevated_dynamic_target remaining_sec=4.80,APPROACH_TARGET_OFFSET mode=AUTO nav_goal=TARGET_INSPECTION,AUTO,0.120,-0.350,2.094,0.059,True,True,False
18.500,classification,GAZEBO_FAKE_YOLO11S_CLASSIFICATION class=bird,APPROACH_TARGET_OFFSET mode=AUTO nav_goal=TARGET_INSPECTION,AUTO,0.120,-0.350,2.110,0.058,True,True,False
18.500,bird_confirmed,True,APPROACH_TARGET_OFFSET mode=AUTO nav_goal=TARGET_INSPECTION,AUTO,0.120,-0.350,2.110,0.058,True,True,False
18.600,dynamic_target,count=1 x=4.59 y=-0.61 z=3.29,APPROACH_TARGET_OFFSET mode=AUTO nav_goal=TARGET_INSPECTION,AUTO,0.120,-0.350,2.129,0.057,True,True,False
18.600,dynamic_lock,True,APPROACH_TARGET_OFFSET mode=AUTO nav_goal=TARGET_INSPECTION,AUTO,0.120,-0.350,2.129,0.057,True,True,False
18.600,classification,GAZEBO_FAKE_YOLO11S_CLASSIFICATION class=bird,APPROACH_TARGET_OFFSET mode=AUTO nav_goal=TARGET_INSPECTION,AUTO,0.120,-0.350,2.129,0.057,True,True,False
18.600,bird_confirmed,True,APPROACH_TARGET_OFFSET mode=AUTO nav_goal=TARGET_INSPECTION,AUTO,0.120,-0.350,2.129,0.057,True,True,False
18.600,sound_state,IDLE_NO_REQUEST,APPROACH_TARGET_OFFSET mode=AUTO nav_goal=TARGET_INSPECTION,AUTO,0.120,-0.350,2.129,0.057,True,True,False
18.600,sound_done,False,APPROACH_TARGET_OFFSET mode=AUTO nav_goal=TARGET_INSPECTION,AUTO,0.120,-0.350,2.129,0.057,True,True,False
18.600,mission_state,APPROACH_TARGET_OFFSET mode=AUTO nav_goal=TARGET_INSPECTION,APPROACH_TARGET_OFFSET mode=AUTO nav_goal=TARGET_INSPECTION,AUTO,0.120,-0.350,2.131,0.057,True,True,False
18.600,object_goal_state,REJECT cooldown source=elevated_dynamic_target remaining_sec=4.60,APPROACH_TARGET_OFFSET mode=AUTO nav_goal=TARGET_INSPECTION,AUTO,0.120,-0.350,2.131,0.057,True,True,False
18.700,bird_confirmed,True,APPROACH_TARGET_OFFSET mode=AUTO nav_goal=TARGET_INSPECTION,AUTO,0.120,-0.350,2.149,0.055,True,True,False
18.700,classification,GAZEBO_FAKE_YOLO11S_CLASSIFICATION class=bird,APPROACH_TARGET_OFFSET mode=AUTO nav_goal=TARGET_INSPECTION,AUTO,0.120,-0.350,2.149,0.055,True,True,False
18.800,sound_state,IDLE_NO_REQUEST,APPROACH_TARGET_OFFSET mode=AUTO nav_goal=TARGET_INSPECTION,AUTO,0.120,-0.350,2.169,0.052,True,True,False
18.800,sound_done,False,APPROACH_TARGET_OFFSET mode=AUTO nav_goal=TARGET_INSPECTION,AUTO,0.120,-0.350,2.169,0.052,True,True,False
18.800,dynamic_target,count=1 x=4.59 y=-0.61 z=3.29,APPROACH_TARGET_OFFSET mode=AUTO nav_goal=TARGET_INSPECTION,AUTO,0.120,-0.350,2.169,0.052,True,True,False
18.800,dynamic_lock,True,APPROACH_TARGET_OFFSET mode=AUTO nav_goal=TARGET_INSPECTION,AUTO,0.120,-0.350,2.169,0.052,True,True,False
18.800,mission_state,APPROACH_TARGET_OFFSET mode=AUTO nav_goal=TARGET_INSPECTION,APPROACH_TARGET_OFFSET mode=AUTO nav_goal=TARGET_INSPECTION,AUTO,0.120,-0.350,2.170,0.052,True,True,False
18.800,classification,GAZEBO_FAKE_YOLO11S_CLASSIFICATION class=bird,APPROACH_TARGET_OFFSET mode=AUTO nav_goal=TARGET_INSPECTION,AUTO,0.120,-0.350,2.170,0.052,True,True,False
18.800,bird_confirmed,True,APPROACH_TARGET_OFFSET mode=AUTO nav_goal=TARGET_INSPECTION,AUTO,0.120,-0.350,2.170,0.052,True,True,False
18.800,object_goal_state,REJECT cooldown source=elevated_dynamic_target remaining_sec=4.40,APPROACH_TARGET_OFFSET mode=AUTO nav_goal=TARGET_INSPECTION,AUTO,0.120,-0.350,2.170,0.052,True,True,False
18.900,classification,GAZEBO_FAKE_YOLO11S_CLASSIFICATION class=bird,APPROACH_TARGET_OFFSET mode=AUTO nav_goal=TARGET_INSPECTION,AUTO,0.120,-0.350,2.188,0.050,True,True,False
18.900,bird_confirmed,True,APPROACH_TARGET_OFFSET mode=AUTO nav_goal=TARGET_INSPECTION,AUTO,0.120,-0.350,2.188,0.050,True,True,False
19.000,sound_done,False,APPROACH_TARGET_OFFSET mode=AUTO nav_goal=TARGET_INSPECTION,AUTO,0.120,-0.350,2.208,0.046,True,True,False
19.000,mission_state,APPROACH_TARGET_OFFSET mode=AUTO nav_goal=TARGET_INSPECTION,APPROACH_TARGET_OFFSET mode=AUTO nav_goal=TARGET_INSPECTION,AUTO,0.120,-0.350,2.208,0.046,True,True,False
19.000,dynamic_target,count=1 x=4.59 y=-0.61 z=3.29,APPROACH_TARGET_OFFSET mode=AUTO nav_goal=TARGET_INSPECTION,AUTO,0.120,-0.350,2.208,0.046,True,True,False
19.000,dynamic_lock,True,APPROACH_TARGET_OFFSET mode=AUTO nav_goal=TARGET_INSPECTION,AUTO,0.120,-0.350,2.208,0.046,True,True,False
19.000,sound_state,IDLE_NO_REQUEST,APPROACH_TARGET_OFFSET mode=AUTO nav_goal=TARGET_INSPECTION,AUTO,0.120,-0.350,2.208,0.046,True,True,False
19.000,classification,GAZEBO_FAKE_YOLO11S_CLASSIFICATION class=bird,APPROACH_TARGET_OFFSET mode=AUTO nav_goal=TARGET_INSPECTION,AUTO,0.120,-0.350,2.210,0.046,True,True,False
19.000,bird_confirmed,True,APPROACH_TARGET_OFFSET mode=AUTO nav_goal=TARGET_INSPECTION,AUTO,0.120,-0.350,2.210,0.046,True,True,False
19.000,object_goal_state,REJECT cooldown source=elevated_dynamic_target remaining_sec=4.20,APPROACH_TARGET_OFFSET mode=AUTO nav_goal=TARGET_INSPECTION,AUTO,0.120,-0.350,2.210,0.046,True,True,False
19.100,classification,GAZEBO_FAKE_YOLO11S_CLASSIFICATION class=bird,APPROACH_TARGET_OFFSET mode=AUTO nav_goal=TARGET_INSPECTION,AUTO,0.120,-0.350,2.227,0.042,True,True,False
19.100,bird_confirmed,True,APPROACH_TARGET_OFFSET mode=AUTO nav_goal=TARGET_INSPECTION,AUTO,0.120,-0.350,2.227,0.042,True,True,False
19.200,mission_state,APPROACH_TARGET_OFFSET mode=AUTO nav_goal=TARGET_INSPECTION,APPROACH_TARGET_OFFSET mode=AUTO nav_goal=TARGET_INSPECTION,AUTO,0.120,-0.350,2.246,0.037,True,True,False
19.200,classification,GAZEBO_FAKE_YOLO11S_CLASSIFICATION class=bird,APPROACH_TARGET_OFFSET mode=AUTO nav_goal=TARGET_INSPECTION,AUTO,0.120,-0.350,2.246,0.037,True,True,False
19.200,bird_confirmed,True,APPROACH_TARGET_OFFSET mode=AUTO nav_goal=TARGET_INSPECTION,AUTO,0.120,-0.350,2.246,0.037,True,True,False
19.200,sound_state,IDLE_NO_REQUEST,APPROACH_TARGET_OFFSET mode=AUTO nav_goal=TARGET_INSPECTION,AUTO,0.120,-0.350,2.246,0.037,True,True,False
19.200,sound_done,False,APPROACH_TARGET_OFFSET mode=AUTO nav_goal=TARGET_INSPECTION,AUTO,0.120,-0.350,2.246,0.037,True,True,False
19.300,classification,GAZEBO_FAKE_YOLO11S_CLASSIFICATION class=bird,APPROACH_TARGET_OFFSET mode=AUTO nav_goal=TARGET_INSPECTION,AUTO,0.120,-0.350,2.265,0.032,True,True,False
19.300,bird_confirmed,True,APPROACH_TARGET_OFFSET mode=AUTO nav_goal=TARGET_INSPECTION,AUTO,0.120,-0.350,2.265,0.032,True,True,False
19.400,mission_state,APPROACH_TARGET_OFFSET mode=AUTO nav_goal=TARGET_INSPECTION,APPROACH_TARGET_OFFSET mode=AUTO nav_goal=TARGET_INSPECTION,AUTO,0.120,-0.350,2.283,0.026,True,True,False
19.400,classification,GAZEBO_FAKE_YOLO11S_CLASSIFICATION class=bird,APPROACH_TARGET_OFFSET mode=AUTO nav_goal=TARGET_INSPECTION,AUTO,0.120,-0.350,2.283,0.026,True,True,False
19.400,bird_confirmed,True,APPROACH_TARGET_OFFSET mode=AUTO nav_goal=TARGET_INSPECTION,AUTO,0.120,-0.350,2.283,0.026,True,True,False
19.400,sound_state,IDLE_NO_REQUEST,APPROACH_TARGET_OFFSET mode=AUTO nav_goal=TARGET_INSPECTION,AUTO,0.120,-0.350,2.283,0.026,True,True,False
19.400,sound_done,False,APPROACH_TARGET_OFFSET mode=AUTO nav_goal=TARGET_INSPECTION,AUTO,0.120,-0.350,2.283,0.026,True,True,False
19.500,classification,GAZEBO_FAKE_YOLO11S_CLASSIFICATION class=bird,APPROACH_TARGET_OFFSET mode=AUTO nav_goal=TARGET_INSPECTION,AUTO,0.120,-0.350,2.302,0.020,True,True,False
19.500,bird_confirmed,True,APPROACH_TARGET_OFFSET mode=AUTO nav_goal=TARGET_INSPECTION,AUTO,0.120,-0.350,2.302,0.020,True,True,False
19.600,classification,GAZEBO_FAKE_YOLO11S_CLASSIFICATION class=bird,APPROACH_TARGET_OFFSET mode=AUTO nav_goal=TARGET_INSPECTION,AUTO,0.120,-0.347,2.320,0.014,True,True,False
19.600,bird_confirmed,True,APPROACH_TARGET_OFFSET mode=AUTO nav_goal=TARGET_INSPECTION,AUTO,0.120,-0.347,2.320,0.014,True,True,False
19.600,sound_done,False,APPROACH_TARGET_OFFSET mode=AUTO nav_goal=TARGET_INSPECTION,AUTO,0.120,-0.347,2.320,0.014,True,True,False
19.600,sound_state,IDLE_NO_REQUEST,APPROACH_TARGET_OFFSET mode=AUTO nav_goal=TARGET_INSPECTION,AUTO,0.120,-0.329,2.320,0.014,True,True,False
19.600,mission_state,APPROACH_TARGET_OFFSET mode=AUTO nav_goal=TARGET_INSPECTION,APPROACH_TARGET_OFFSET mode=AUTO nav_goal=TARGET_INSPECTION,AUTO,0.120,-0.329,2.322,0.013,True,True,False
19.700,bird_confirmed,True,APPROACH_TARGET_OFFSET mode=AUTO nav_goal=TARGET_INSPECTION,AUTO,0.120,-0.329,2.338,0.007,True,True,False
19.700,classification,GAZEBO_FAKE_YOLO11S_CLASSIFICATION class=bird,APPROACH_TARGET_OFFSET mode=AUTO nav_goal=TARGET_INSPECTION,AUTO,0.120,-0.299,2.340,0.006,True,True,False
19.800,sound_state,IDLE_NO_REQUEST,APPROACH_TARGET_OFFSET mode=AUTO nav_goal=TARGET_INSPECTION,AUTO,0.120,-0.299,2.356,-0.001,True,True,False
19.800,sound_done,False,APPROACH_TARGET_OFFSET mode=AUTO nav_goal=TARGET_INSPECTION,AUTO,0.120,-0.299,2.356,-0.001,True,True,False
19.800,classification,GAZEBO_FAKE_YOLO11S_CLASSIFICATION class=bird,APPROACH_TARGET_OFFSET mode=AUTO nav_goal=TARGET_INSPECTION,AUTO,0.120,-0.299,2.356,-0.001,True,True,False
19.800,bird_confirmed,True,APPROACH_TARGET_OFFSET mode=AUTO nav_goal=TARGET_INSPECTION,AUTO,0.120,-0.299,2.356,-0.001,True,True,False
19.800,mission_state,APPROACH_TARGET_OFFSET mode=AUTO nav_goal=TARGET_INSPECTION,APPROACH_TARGET_OFFSET mode=AUTO nav_goal=TARGET_INSPECTION,AUTO,0.120,-0.299,2.358,-0.002,True,True,False
19.900,classification,GAZEBO_FAKE_YOLO11S_CLASSIFICATION class=bird,APPROACH_TARGET_OFFSET mode=AUTO nav_goal=TARGET_INSPECTION,AUTO,0.120,-0.284,2.374,-0.009,True,True,False
19.900,bird_confirmed,True,APPROACH_TARGET_OFFSET mode=AUTO nav_goal=TARGET_INSPECTION,AUTO,0.120,-0.284,2.374,-0.009,True,True,False
19.900,mission_event,timestamp=19.900 mission_id=0 target_mission_id=1 state=APPROACH_TARGET_OFFSET event_type=SIM_NAV_GOAL_ARRIVED reason=TARGET_INSPECTION waypoint_index=2,APPROACH_TARGET_OFFSET mode=AUTO nav_goal=TARGET_INSPECTION,AUTO,0.120,-0.284,2.375,-0.010,True,True,False
19.900,mission_event,timestamp=19.900 mission_id=0 target_mission_id=1 state=APPROACH_TARGET_OFFSET event_type=NAV2_GOAL_SUCCEEDED reason=TARGET_INSPECTION waypoint_index=2,APPROACH_TARGET_OFFSET mode=AUTO nav_goal=TARGET_INSPECTION,AUTO,0.120,-0.284,2.375,-0.010,True,True,False
19.900,mission_event,timestamp=19.900 mission_id=0 target_mission_id=1 state=TARGET_REACHED event_type=STATE_CHANGE reason=previous=APPROACH_TARGET_OFFSET next=TARGET_REACHED reason=inspection_offset_goal_reached waypoint_index=2,APPROACH_TARGET_OFFSET mode=AUTO nav_goal=TARGET_INSPECTION,AUTO,0.120,-0.284,2.375,-0.010,True,True,False
20.000,classification,GAZEBO_FAKE_YOLO11S_CLASSIFICATION class=bird,APPROACH_TARGET_OFFSET mode=AUTO nav_goal=TARGET_INSPECTION,AUTO,0.120,-0.284,2.391,-0.018,True,True,False
20.000,bird_confirmed,True,APPROACH_TARGET_OFFSET mode=AUTO nav_goal=TARGET_INSPECTION,AUTO,0.120,-0.284,2.391,-0.018,True,True,False
20.000,sound_state,IDLE_NO_REQUEST,APPROACH_TARGET_OFFSET mode=AUTO nav_goal=TARGET_INSPECTION,AUTO,0.120,-0.284,2.391,-0.018,True,True,False
20.000,sound_done,False,APPROACH_TARGET_OFFSET mode=AUTO nav_goal=TARGET_INSPECTION,AUTO,0.120,-0.284,2.391,-0.018,True,True,False
20.000,mission_state,TARGET_REACHED mode=AUTO nav_goal=NONE,TARGET_REACHED mode=AUTO nav_goal=NONE,AUTO,0.120,-0.274,2.393,-0.019,True,True,False
20.000,mission_event,timestamp=20.000 mission_id=0 target_mission_id=1 state=TARGET_REACHED event_type=CAMERA_AIM_REQUESTED reason=target_goal_reached waypoint_index=2,TARGET_REACHED mode=AUTO nav_goal=NONE,AUTO,0.120,-0.274,2.393,-0.019,True,True,False
20.000,mission_event,timestamp=20.000 mission_id=0 target_mission_id=1 state=CAMERA_ALIGN_TO_TARGET event_type=STATE_CHANGE reason=previous=TARGET_REACHED next=CAMERA_ALIGN_TO_TARGET reason=target_goal_reached waypoint_index=2,TARGET_REACHED mode=AUTO nav_goal=NONE,AUTO,0.120,-0.274,2.393,-0.019,True,True,False
20.100,classification,GAZEBO_FAKE_YOLO11S_CLASSIFICATION camera_alignment_requested=true class=bird,TARGET_REACHED mode=AUTO nav_goal=NONE,AUTO,0.120,-0.274,2.409,-0.026,True,True,False
20.100,bird_confirmed,True,TARGET_REACHED mode=AUTO nav_goal=NONE,AUTO,0.120,-0.274,2.409,-0.026,True,True,False
20.100,camera_alignment,CAMERA_ALIGNMENT mode=logical centered=True bearing=-0.080 tilt_cmd=-0.700 joint_publish=False,TARGET_REACHED mode=AUTO nav_goal=NONE,AUTO,0.120,-0.274,2.410,-0.028,True,True,False
20.200,dynamic_lock,False,TARGET_REACHED mode=AUTO nav_goal=NONE,AUTO,0.000,-0.034,2.421,-0.034,False,True,False
20.200,camera_alignment,CAMERA_ALIGNMENT mode=logical centered=True bearing=-0.080 tilt_cmd=-0.700 joint_publish=False,TARGET_REACHED mode=AUTO nav_goal=NONE,AUTO,0.000,0.000,2.421,-0.034,False,True,False
20.200,classification,GAZEBO_FAKE_YOLO11S_CLASSIFICATION camera_alignment_requested=true class=bird,TARGET_REACHED mode=AUTO nav_goal=NONE,AUTO,0.000,0.000,2.421,-0.034,False,True,False
20.200,bird_confirmed,True,TARGET_REACHED mode=AUTO nav_goal=NONE,AUTO,0.000,0.000,2.421,-0.034,False,True,False
20.200,sound_done,False,TARGET_REACHED mode=AUTO nav_goal=NONE,AUTO,0.000,0.000,2.421,-0.034,False,True,False
20.200,sound_state,IDLE_NO_REQUEST,TARGET_REACHED mode=AUTO nav_goal=NONE,AUTO,0.000,0.000,2.421,-0.034,False,True,False
20.200,mission_state,CAMERA_ALIGN_TO_TARGET mode=AUTO nav_goal=NONE,CAMERA_ALIGN_TO_TARGET mode=AUTO nav_goal=NONE,AUTO,0.000,0.000,2.422,-0.034,False,True,False
20.200,mission_event,timestamp=20.200 mission_id=0 target_mission_id=1 state=CAMERA_ALIGN_TO_TARGET event_type=CAMERA_AIM_REQUESTED reason=aligning waypoint_index=2,CAMERA_ALIGN_TO_TARGET mode=AUTO nav_goal=NONE,AUTO,0.000,0.000,2.422,-0.034,False,True,False
20.200,mission_event,timestamp=20.200 mission_id=0 target_mission_id=1 state=CAMERA_ALIGN_DONE event_type=STATE_CHANGE reason=previous=CAMERA_ALIGN_TO_TARGET next=CAMERA_ALIGN_DONE reason=CAMERA_ALIGNMENT mode=logical centered=True bearing=-0.080 tilt_cmd=-0.700 joint_publish=False waypoint_index=2,CAMERA_ALIGN_TO_TARGET mode=AUTO nav_goal=NONE,AUTO,0.000,0.000,2.422,-0.034,False,True,False
20.300,classification,GAZEBO_FAKE_YOLO11S_CLASSIFICATION camera_alignment_requested=true class=bird,CAMERA_ALIGN_TO_TARGET mode=AUTO nav_goal=NONE,AUTO,0.000,0.000,2.423,-0.034,False,True,False
20.300,bird_confirmed,True,CAMERA_ALIGN_TO_TARGET mode=AUTO nav_goal=NONE,AUTO,0.000,0.000,2.423,-0.034,False,True,False
20.300,camera_alignment,CAMERA_ALIGNMENT mode=logical centered=True bearing=-0.080 tilt_cmd=-0.700 joint_publish=False,CAMERA_ALIGN_TO_TARGET mode=AUTO nav_goal=NONE,AUTO,0.000,0.000,2.423,-0.033,False,True,False
20.400,sound_done,False,CAMERA_ALIGN_TO_TARGET mode=AUTO nav_goal=NONE,AUTO,0.000,0.000,2.423,-0.033,False,True,False
20.400,bird_confirmed,True,CAMERA_ALIGN_TO_TARGET mode=AUTO nav_goal=NONE,AUTO,0.000,0.000,2.423,-0.033,False,True,False
20.400,sound_state,IDLE_NO_REQUEST,CAMERA_ALIGN_TO_TARGET mode=AUTO nav_goal=NONE,AUTO,0.000,0.000,2.423,-0.033,False,True,False
20.400,camera_alignment,CAMERA_ALIGNMENT mode=logical centered=True bearing=-0.080 tilt_cmd=-0.700 joint_publish=False,CAMERA_ALIGN_TO_TARGET mode=AUTO nav_goal=NONE,AUTO,0.000,0.000,2.423,-0.033,False,True,False
20.400,classification,GAZEBO_FAKE_YOLO11S_CLASSIFICATION camera_alignment_requested=true class=bird,CAMERA_ALIGN_TO_TARGET mode=AUTO nav_goal=NONE,AUTO,0.000,0.000,2.423,-0.033,False,True,False
20.400,mission_state,CAMERA_ALIGN_DONE mode=AUTO nav_goal=NONE,CAMERA_ALIGN_DONE mode=AUTO nav_goal=NONE,AUTO,0.000,0.000,2.423,-0.033,False,True,False
20.400,mission_event,timestamp=20.400 mission_id=0 target_mission_id=1 state=TARGET_CLASSIFICATION_WAIT event_type=STATE_CHANGE reason=previous=CAMERA_ALIGN_DONE next=TARGET_CLASSIFICATION_WAIT reason=camera_alignment_done waypoint_index=2,CAMERA_ALIGN_DONE mode=AUTO nav_goal=NONE,AUTO,0.000,0.000,2.423,-0.033,False,True,False
20.400,dynamic_lock,False,CAMERA_ALIGN_DONE mode=AUTO nav_goal=NONE,AUTO,0.000,0.000,2.423,-0.033,False,True,False
20.500,camera_alignment,CAMERA_ALIGNMENT mode=logical centered=True bearing=-0.080 tilt_cmd=-0.700 joint_publish=False,CAMERA_ALIGN_DONE mode=AUTO nav_goal=NONE,AUTO,0.000,0.000,2.423,-0.033,False,True,False
20.500,classification,GAZEBO_FAKE_YOLO11S_CLASSIFICATION camera_alignment_requested=true class=bird,CAMERA_ALIGN_DONE mode=AUTO nav_goal=NONE,AUTO,0.000,0.000,2.423,-0.033,False,True,False
20.500,bird_confirmed,True,CAMERA_ALIGN_DONE mode=AUTO nav_goal=NONE,AUTO,0.000,0.000,2.423,-0.033,False,True,False
20.600,dynamic_lock,False,CAMERA_ALIGN_DONE mode=AUTO nav_goal=NONE,AUTO,0.000,0.000,2.423,-0.033,False,True,False
20.600,camera_alignment,CAMERA_ALIGNMENT mode=logical centered=True bearing=-0.080 tilt_cmd=-0.700 joint_publish=False,CAMERA_ALIGN_DONE mode=AUTO nav_goal=NONE,AUTO,0.000,0.000,2.423,-0.033,False,True,False
20.600,sound_state,IDLE_NO_REQUEST,CAMERA_ALIGN_DONE mode=AUTO nav_goal=NONE,AUTO,0.000,0.000,2.423,-0.033,False,True,False
20.600,sound_done,False,CAMERA_ALIGN_DONE mode=AUTO nav_goal=NONE,AUTO,0.000,0.000,2.423,-0.033,False,True,False
20.600,mission_state,TARGET_CLASSIFICATION_WAIT mode=AUTO nav_goal=NONE,TARGET_CLASSIFICATION_WAIT mode=AUTO nav_goal=NONE,AUTO,0.000,0.000,2.423,-0.033,False,True,False
20.600,mission_event,timestamp=20.600 mission_id=0 target_mission_id=1 state=TARGET_CLASSIFIED_BIRD event_type=STATE_CHANGE reason=previous=TARGET_CLASSIFICATION_WAIT next=TARGET_CLASSIFIED_BIRD reason=class=bird conf=0.92 waypoint_index=2,TARGET_CLASSIFICATION_WAIT mode=AUTO nav_goal=NONE,AUTO,0.000,0.000,2.423,-0.033,False,True,False
20.600,mission_event,timestamp=20.600 mission_id=0 target_mission_id=1 state=SOUND_TASK_REQUESTED event_type=STATE_CHANGE reason=previous=TARGET_CLASSIFIED_BIRD next=SOUND_TASK_REQUESTED reason=sound_alert_requested class=bird waypoint_index=2,TARGET_CLASSIFICATION_WAIT mode=AUTO nav_goal=NONE,AUTO,0.000,0.000,2.423,-0.033,False,True,False
20.600,classification,GAZEBO_FAKE_YOLO11S_CLASSIFICATION camera_alignment_requested=true class=bird,TARGET_CLASSIFICATION_WAIT mode=AUTO nav_goal=NONE,AUTO,0.000,0.000,2.423,-0.033,False,True,False
20.600,bird_confirmed,True,TARGET_CLASSIFICATION_WAIT mode=AUTO nav_goal=NONE,AUTO,0.000,0.000,2.423,-0.033,False,True,False
20.700,camera_alignment,CAMERA_ALIGNMENT mode=logical centered=True bearing=-0.080 tilt_cmd=-0.700 joint_publish=False,TARGET_CLASSIFICATION_WAIT mode=AUTO nav_goal=NONE,AUTO,0.000,0.000,2.423,-0.033,False,True,False
20.700,classification,GAZEBO_FAKE_YOLO11S_CLASSIFICATION camera_alignment_requested=true class=bird,TARGET_CLASSIFICATION_WAIT mode=AUTO nav_goal=NONE,AUTO,0.000,0.000,2.423,-0.033,False,True,False
20.700,bird_confirmed,True,TARGET_CLASSIFICATION_WAIT mode=AUTO nav_goal=NONE,AUTO,0.000,0.000,2.423,-0.033,False,True,False
20.800,mission_state,SOUND_TASK_REQUESTED mode=AUTO nav_goal=NONE,SOUND_TASK_REQUESTED mode=AUTO nav_goal=NONE,AUTO,0.000,0.000,2.423,-0.033,False,True,False
20.800,mission_event,timestamp=20.800 mission_id=0 target_mission_id=1 state=SOUND_TASK_RUNNING event_type=STATE_CHANGE reason=previous=SOUND_TASK_REQUESTED next=SOUND_TASK_RUNNING reason=sound_task_running waypoint_index=2,SOUND_TASK_REQUESTED mode=AUTO nav_goal=NONE,AUTO,0.000,0.000,2.423,-0.033,False,True,False
20.800,dynamic_lock,False,SOUND_TASK_REQUESTED mode=AUTO nav_goal=NONE,AUTO,0.000,0.000,2.423,-0.033,False,True,False
20.800,camera_alignment,CAMERA_ALIGNMENT mode=logical centered=True bearing=-0.080 tilt_cmd=-0.700 joint_publish=False,SOUND_TASK_REQUESTED mode=AUTO nav_goal=NONE,AUTO,0.000,0.000,2.423,-0.033,False,True,False
20.800,classification,GAZEBO_FAKE_YOLO11S_CLASSIFICATION camera_alignment_requested=true class=bird,SOUND_TASK_REQUESTED mode=AUTO nav_goal=NONE,AUTO,0.000,0.000,2.423,-0.033,False,True,False
20.800,bird_confirmed,True,SOUND_TASK_REQUESTED mode=AUTO nav_goal=NONE,AUTO,0.000,0.000,2.423,-0.033,False,True,False
20.800,sound_state,SIMULATED_DETERRENT_SOUND_TASK sound_type=GAZEBO_SIMULATED_SOUND_EVENT enable_sound_output=false legal_safety_note=stub_only,SOUND_TASK_REQUESTED mode=AUTO nav_goal=NONE,AUTO,0.000,0.000,2.423,-0.033,False,True,False
20.800,sound_done,False,SOUND_TASK_REQUESTED mode=AUTO nav_goal=NONE,AUTO,0.000,0.000,2.423,-0.033,False,True,False
20.800,bird_removed,REMOVED bird=bird_single removed_count=2 remaining_count=0 detected_hold_sec=5.12 tracking_hold_sec=5.12 mission_state=SOUND_TASK_REQUESTED dynamic_lock=False sound_done_seen=False,SOUND_TASK_REQUESTED mode=AUTO nav_goal=NONE,AUTO,0.000,0.000,2.423,-0.033,False,True,False
20.800,bird_removal_state,REMOVAL_GOAL_REACHED removed_count=2 goal=2,SOUND_TASK_REQUESTED mode=AUTO nav_goal=NONE,AUTO,0.000,0.000,2.423,-0.033,False,True,False
20.900,camera_alignment,CAMERA_ALIGNMENT mode=logical centered=True bearing=-0.080 tilt_cmd=-0.700 joint_publish=False,SOUND_TASK_REQUESTED mode=AUTO nav_goal=NONE,AUTO,0.000,0.000,2.423,-0.033,False,True,False
20.900,classification,GAZEBO_FAKE_YOLO11S_CLASSIFICATION camera_alignment_requested=true class=bird,SOUND_TASK_REQUESTED mode=AUTO nav_goal=NONE,AUTO,0.000,0.000,2.423,-0.033,False,True,False
20.900,bird_confirmed,True,SOUND_TASK_REQUESTED mode=AUTO nav_goal=NONE,AUTO,0.000,0.000,2.423,-0.033,False,True,False
21.000,sound_state,SOUND_TASK_RUNNING enable_sound_output=False,SOUND_TASK_REQUESTED mode=AUTO nav_goal=NONE,AUTO,0.000,0.000,2.423,-0.033,False,True,False
21.000,sound_done,False,SOUND_TASK_REQUESTED mode=AUTO nav_goal=NONE,AUTO,0.000,0.000,2.423,-0.033,False,True,False
21.000,dynamic_lock,False,SOUND_TASK_REQUESTED mode=AUTO nav_goal=NONE,AUTO,0.000,0.000,2.423,-0.033,False,True,False
21.000,mission_state,SOUND_TASK_RUNNING mode=AUTO nav_goal=NONE,SOUND_TASK_RUNNING mode=AUTO nav_goal=NONE,AUTO,0.000,0.000,2.423,-0.033,False,True,False
21.000,camera_alignment,CAMERA_ALIGNMENT mode=logical centered=True bearing=-0.080 tilt_cmd=-0.700 joint_publish=False,SOUND_TASK_RUNNING mode=AUTO nav_goal=NONE,AUTO,0.000,0.000,2.423,-0.033,False,True,False
21.000,classification,GAZEBO_FAKE_YOLO11S_CLASSIFICATION camera_alignment_requested=true class=bird,SOUND_TASK_RUNNING mode=AUTO nav_goal=NONE,AUTO,0.000,0.000,2.423,-0.033,False,True,False
21.000,bird_confirmed,True,SOUND_TASK_RUNNING mode=AUTO nav_goal=NONE,AUTO,0.000,0.000,2.423,-0.033,False,True,False
21.100,bird_confirmed,True,SOUND_TASK_RUNNING mode=AUTO nav_goal=NONE,AUTO,0.000,0.000,2.423,-0.033,False,True,False
21.100,camera_alignment,CAMERA_ALIGNMENT mode=logical centered=True bearing=-0.080 tilt_cmd=-0.700 joint_publish=False,SOUND_TASK_RUNNING mode=AUTO nav_goal=NONE,AUTO,0.000,0.000,2.423,-0.033,False,True,False
21.100,classification,GAZEBO_FAKE_YOLO11S_CLASSIFICATION camera_alignment_requested=true class=bird,SOUND_TASK_RUNNING mode=AUTO nav_goal=NONE,AUTO,0.000,0.000,2.423,-0.033,False,True,False
21.200,mission_state,SOUND_TASK_RUNNING mode=AUTO nav_goal=NONE,SOUND_TASK_RUNNING mode=AUTO nav_goal=NONE,AUTO,0.000,0.000,2.423,-0.033,False,True,False
21.200,dynamic_lock,False,SOUND_TASK_RUNNING mode=AUTO nav_goal=NONE,AUTO,0.000,0.000,2.423,-0.033,False,True,False
21.200,classification,GAZEBO_FAKE_YOLO11S_CLASSIFICATION camera_alignment_requested=true class=bird,SOUND_TASK_RUNNING mode=AUTO nav_goal=NONE,AUTO,0.000,0.000,2.423,-0.033,False,True,False
21.200,bird_confirmed,True,SOUND_TASK_RUNNING mode=AUTO nav_goal=NONE,AUTO,0.000,0.000,2.423,-0.033,False,True,False
21.200,sound_state,SOUND_TASK_RUNNING enable_sound_output=False,SOUND_TASK_RUNNING mode=AUTO nav_goal=NONE,AUTO,0.000,0.000,2.423,-0.033,False,True,False
21.200,sound_done,False,SOUND_TASK_RUNNING mode=AUTO nav_goal=NONE,AUTO,0.000,0.000,2.423,-0.033,False,True,False
21.200,camera_alignment,CAMERA_ALIGNMENT mode=logical centered=True bearing=-0.080 tilt_cmd=-0.700 joint_publish=False,SOUND_TASK_RUNNING mode=AUTO nav_goal=NONE,AUTO,0.000,0.000,2.423,-0.033,False,True,False
21.300,camera_alignment,CAMERA_ALIGNMENT mode=logical centered=True bearing=-0.080 tilt_cmd=-0.700 joint_publish=False,SOUND_TASK_RUNNING mode=AUTO nav_goal=NONE,AUTO,0.000,0.000,2.423,-0.033,False,True,False
21.300,classification,GAZEBO_FAKE_YOLO11S_CLASSIFICATION camera_alignment_requested=true class=bird,SOUND_TASK_RUNNING mode=AUTO nav_goal=NONE,AUTO,0.000,0.000,2.423,-0.033,False,True,False
21.300,bird_confirmed,True,SOUND_TASK_RUNNING mode=AUTO nav_goal=NONE,AUTO,0.000,0.000,2.423,-0.033,False,True,False
21.400,camera_alignment,CAMERA_ALIGNMENT mode=logical centered=True bearing=-0.080 tilt_cmd=-0.700 joint_publish=False,SOUND_TASK_RUNNING mode=AUTO nav_goal=NONE,AUTO,0.000,0.000,2.423,-0.033,False,True,False
21.400,sound_done,False,SOUND_TASK_RUNNING mode=AUTO nav_goal=NONE,AUTO,0.000,0.000,2.423,-0.033,False,True,False
21.400,sound_state,SOUND_TASK_RUNNING enable_sound_output=False,SOUND_TASK_RUNNING mode=AUTO nav_goal=NONE,AUTO,0.000,0.000,2.423,-0.033,False,True,False
21.400,classification,GAZEBO_FAKE_YOLO11S_CLASSIFICATION camera_alignment_requested=true class=bird,SOUND_TASK_RUNNING mode=AUTO nav_goal=NONE,AUTO,0.000,0.000,2.423,-0.033,False,True,False
21.400,bird_confirmed,True,SOUND_TASK_RUNNING mode=AUTO nav_goal=NONE,AUTO,0.000,0.000,2.423,-0.033,False,True,False
21.400,mission_state,SOUND_TASK_RUNNING mode=AUTO nav_goal=NONE,SOUND_TASK_RUNNING mode=AUTO nav_goal=NONE,AUTO,0.000,0.000,2.423,-0.033,False,True,False
21.400,dynamic_lock,False,SOUND_TASK_RUNNING mode=AUTO nav_goal=NONE,AUTO,0.000,0.000,2.423,-0.033,False,True,False
21.500,classification,GAZEBO_FAKE_YOLO11S_CLASSIFICATION camera_alignment_requested=true class=bird,SOUND_TASK_RUNNING mode=AUTO nav_goal=NONE,AUTO,0.000,0.000,2.423,-0.033,False,True,False
21.500,bird_confirmed,True,SOUND_TASK_RUNNING mode=AUTO nav_goal=NONE,AUTO,0.000,0.000,2.423,-0.033,False,True,False
21.500,camera_alignment,CAMERA_ALIGNMENT mode=logical centered=True bearing=-0.080 tilt_cmd=-0.700 joint_publish=False,SOUND_TASK_RUNNING mode=AUTO nav_goal=NONE,AUTO,0.000,0.000,2.423,-0.033,False,True,False
21.600,sound_done,False,SOUND_TASK_RUNNING mode=AUTO nav_goal=NONE,AUTO,0.000,0.000,2.423,-0.033,False,True,False
21.600,mission_state,SOUND_TASK_RUNNING mode=AUTO nav_goal=NONE,SOUND_TASK_RUNNING mode=AUTO nav_goal=NONE,AUTO,0.000,0.000,2.423,-0.033,False,True,False
21.600,dynamic_lock,False,SOUND_TASK_RUNNING mode=AUTO nav_goal=NONE,AUTO,0.000,0.000,2.423,-0.033,False,True,False
21.600,camera_alignment,CAMERA_ALIGNMENT mode=logical centered=True bearing=-0.080 tilt_cmd=-0.700 joint_publish=False,SOUND_TASK_RUNNING mode=AUTO nav_goal=NONE,AUTO,0.000,0.000,2.423,-0.033,False,True,False
21.600,classification,GAZEBO_FAKE_YOLO11S_CLASSIFICATION camera_alignment_requested=true class=bird,SOUND_TASK_RUNNING mode=AUTO nav_goal=NONE,AUTO,0.000,0.000,2.423,-0.033,False,True,False
21.600,bird_confirmed,True,SOUND_TASK_RUNNING mode=AUTO nav_goal=NONE,AUTO,0.000,0.000,2.423,-0.033,False,True,False
21.600,sound_state,SOUND_TASK_RUNNING enable_sound_output=False,SOUND_TASK_RUNNING mode=AUTO nav_goal=NONE,AUTO,0.000,0.000,2.423,-0.033,False,True,False
21.700,classification,GAZEBO_FAKE_YOLO11S_CLASSIFICATION camera_alignment_requested=true class=bird,SOUND_TASK_RUNNING mode=AUTO nav_goal=NONE,AUTO,0.000,0.000,2.423,-0.033,False,True,False
21.700,bird_confirmed,True,SOUND_TASK_RUNNING mode=AUTO nav_goal=NONE,AUTO,0.000,0.000,2.423,-0.033,False,True,False
21.800,mission_state,SOUND_TASK_RUNNING mode=AUTO nav_goal=NONE,SOUND_TASK_RUNNING mode=AUTO nav_goal=NONE,AUTO,0.000,0.000,2.423,-0.033,False,True,False
21.800,sound_state,SOUND_TASK_RUNNING enable_sound_output=False,SOUND_TASK_RUNNING mode=AUTO nav_goal=NONE,AUTO,0.000,0.000,2.423,-0.033,False,True,False
21.800,sound_done,False,SOUND_TASK_RUNNING mode=AUTO nav_goal=NONE,AUTO,0.000,0.000,2.423,-0.033,False,True,False
21.800,camera_alignment,CAMERA_ALIGNMENT mode=logical centered=True bearing=-0.080 tilt_cmd=-0.700 joint_publish=False,SOUND_TASK_RUNNING mode=AUTO nav_goal=NONE,AUTO,0.000,0.000,2.423,-0.033,False,True,False
21.800,classification,GAZEBO_FAKE_YOLO11S_CLASSIFICATION camera_alignment_requested=true class=bird,SOUND_TASK_RUNNING mode=AUTO nav_goal=NONE,AUTO,0.000,0.000,2.423,-0.033,False,True,False
21.800,bird_confirmed,True,SOUND_TASK_RUNNING mode=AUTO nav_goal=NONE,AUTO,0.000,0.000,2.423,-0.033,False,True,False
21.800,camera_alignment,CAMERA_ALIGNMENT mode=logical centered=True bearing=-0.080 tilt_cmd=-0.700 joint_publish=False,SOUND_TASK_RUNNING mode=AUTO nav_goal=NONE,AUTO,0.000,0.000,2.423,-0.033,False,True,False
21.800,dynamic_lock,False,SOUND_TASK_RUNNING mode=AUTO nav_goal=NONE,AUTO,0.000,0.000,2.423,-0.033,False,True,False
21.900,camera_alignment,CAMERA_ALIGNMENT mode=logical centered=True bearing=-0.080 tilt_cmd=-0.700 joint_publish=False,SOUND_TASK_RUNNING mode=AUTO nav_goal=NONE,AUTO,0.000,0.000,2.423,-0.033,False,True,False
21.900,classification,GAZEBO_FAKE_YOLO11S_CLASSIFICATION camera_alignment_requested=true class=bird,SOUND_TASK_RUNNING mode=AUTO nav_goal=NONE,AUTO,0.000,0.000,2.423,-0.033,False,True,False
21.900,bird_confirmed,True,SOUND_TASK_RUNNING mode=AUTO nav_goal=NONE,AUTO,0.000,0.000,2.423,-0.033,False,True,False
22.000,mission_state,SOUND_TASK_RUNNING mode=AUTO nav_goal=NONE,SOUND_TASK_RUNNING mode=AUTO nav_goal=NONE,AUTO,0.000,0.000,2.423,-0.033,False,True,False
22.000,dynamic_lock,False,SOUND_TASK_RUNNING mode=AUTO nav_goal=NONE,AUTO,0.000,0.000,2.423,-0.033,False,True,False
22.000,camera_alignment,CAMERA_ALIGNMENT mode=logical centered=True bearing=-0.080 tilt_cmd=-0.700 joint_publish=False,SOUND_TASK_RUNNING mode=AUTO nav_goal=NONE,AUTO,0.000,0.000,2.423,-0.033,False,True,False
22.000,classification,GAZEBO_FAKE_YOLO11S_CLASSIFICATION camera_alignment_requested=true class=bird,SOUND_TASK_RUNNING mode=AUTO nav_goal=NONE,AUTO,0.000,0.000,2.423,-0.033,False,True,False
22.000,bird_confirmed,True,SOUND_TASK_RUNNING mode=AUTO nav_goal=NONE,AUTO,0.000,0.000,2.423,-0.033,False,True,False
22.000,sound_state,SOUND_TASK_RUNNING enable_sound_output=False,SOUND_TASK_RUNNING mode=AUTO nav_goal=NONE,AUTO,0.000,0.000,2.423,-0.033,False,True,False
22.000,sound_done,False,SOUND_TASK_RUNNING mode=AUTO nav_goal=NONE,AUTO,0.000,0.000,2.423,-0.033,False,True,False
22.100,classification,GAZEBO_FAKE_YOLO11S_CLASSIFICATION camera_alignment_requested=true class=bird,SOUND_TASK_RUNNING mode=AUTO nav_goal=NONE,AUTO,0.000,0.000,2.423,-0.033,False,True,False
22.100,bird_confirmed,True,SOUND_TASK_RUNNING mode=AUTO nav_goal=NONE,AUTO,0.000,0.000,2.423,-0.033,False,True,False
22.100,camera_alignment,CAMERA_ALIGNMENT mode=logical centered=True bearing=-0.080 tilt_cmd=-0.700 joint_publish=False,SOUND_TASK_RUNNING mode=AUTO nav_goal=NONE,AUTO,0.000,0.000,2.423,-0.033,False,True,False
22.200,sound_state,SOUND_TASK_DONE sound_type=GAZEBO_SIMULATED_SOUND_EVENT,SOUND_TASK_RUNNING mode=AUTO nav_goal=NONE,AUTO,0.000,0.000,2.423,-0.033,False,True,False
22.200,sound_done,False,SOUND_TASK_RUNNING mode=AUTO nav_goal=NONE,AUTO,0.000,0.000,2.423,-0.033,False,True,False
22.200,dynamic_lock,False,SOUND_TASK_RUNNING mode=AUTO nav_goal=NONE,AUTO,0.000,0.000,2.423,-0.033,False,True,False
22.200,camera_alignment,CAMERA_ALIGNMENT mode=logical centered=True bearing=-0.080 tilt_cmd=-0.700 joint_publish=False,SOUND_TASK_RUNNING mode=AUTO nav_goal=NONE,AUTO,0.000,0.000,2.423,-0.033,False,True,False
22.200,classification,GAZEBO_FAKE_YOLO11S_CLASSIFICATION camera_alignment_requested=true class=bird,SOUND_TASK_RUNNING mode=AUTO nav_goal=NONE,AUTO,0.000,0.000,2.423,-0.033,False,True,False
22.200,bird_confirmed,True,SOUND_TASK_RUNNING mode=AUTO nav_goal=NONE,AUTO,0.000,0.000,2.423,-0.033,False,True,False
22.200,sound_done,True,SOUND_TASK_RUNNING mode=AUTO nav_goal=NONE,AUTO,0.000,0.000,2.423,-0.033,False,True,True
22.200,mission_state,SOUND_TASK_RUNNING mode=AUTO nav_goal=NONE,SOUND_TASK_RUNNING mode=AUTO nav_goal=NONE,AUTO,0.000,0.000,2.423,-0.033,False,True,True
22.300,camera_alignment,CAMERA_ALIGNMENT mode=logical centered=True bearing=-0.080 tilt_cmd=-0.700 joint_publish=False,SOUND_TASK_RUNNING mode=AUTO nav_goal=NONE,AUTO,0.000,0.000,2.423,-0.033,False,True,True
22.300,bird_confirmed,True,SOUND_TASK_RUNNING mode=AUTO nav_goal=NONE,AUTO,0.000,0.000,2.423,-0.033,False,True,True
22.300,classification,GAZEBO_FAKE_YOLO11S_CLASSIFICATION camera_alignment_requested=true class=bird,SOUND_TASK_RUNNING mode=AUTO nav_goal=NONE,AUTO,0.000,0.000,2.423,-0.033,False,True,True
22.400,mission_state,SOUND_TASK_RUNNING mode=AUTO nav_goal=NONE,SOUND_TASK_RUNNING mode=AUTO nav_goal=NONE,AUTO,0.000,0.000,2.423,-0.033,False,True,True
22.400,camera_alignment,CAMERA_ALIGNMENT mode=logical centered=True bearing=-0.080 tilt_cmd=-0.700 joint_publish=False,SOUND_TASK_RUNNING mode=AUTO nav_goal=NONE,AUTO,0.000,0.000,2.423,-0.033,False,True,True
22.400,sound_state,COOLDOWN_BIRD_CONFIRMED,SOUND_TASK_RUNNING mode=AUTO nav_goal=NONE,AUTO,0.000,0.000,2.423,-0.033,False,True,True
22.400,sound_done,True,SOUND_TASK_RUNNING mode=AUTO nav_goal=NONE,AUTO,0.000,0.000,2.423,-0.033,False,True,True
22.400,mission_event,timestamp=22.400 mission_id=0 target_mission_id=1 state=SOUND_TASK_DONE event_type=STATE_CHANGE reason=previous=SOUND_TASK_RUNNING next=SOUND_TASK_DONE reason=sound_task_done waypoint_index=2,SOUND_TASK_RUNNING mode=AUTO nav_goal=NONE,AUTO,0.000,0.000,2.423,-0.033,False,True,True
22.400,bird_confirmed,False,SOUND_TASK_RUNNING mode=AUTO nav_goal=NONE,AUTO,0.000,0.000,2.423,-0.033,False,False,True
22.400,classification,WAITING_DYNAMIC_LOCK,SOUND_TASK_RUNNING mode=AUTO nav_goal=NONE,AUTO,0.000,0.000,2.423,-0.033,False,False,True
22.400,dynamic_lock,False,SOUND_TASK_RUNNING mode=AUTO nav_goal=NONE,AUTO,0.000,0.000,2.423,-0.033,False,False,True
22.500,bird_confirmed,False,SOUND_TASK_RUNNING mode=AUTO nav_goal=NONE,AUTO,0.000,0.000,2.423,-0.033,False,False,True
22.500,classification,WAITING_DYNAMIC_LOCK,SOUND_TASK_RUNNING mode=AUTO nav_goal=NONE,AUTO,0.000,0.000,2.423,-0.033,False,False,True
22.600,sound_done,True,SOUND_TASK_RUNNING mode=AUTO nav_goal=NONE,AUTO,0.000,0.000,2.423,-0.034,False,False,True
22.600,mission_state,SOUND_TASK_DONE mode=AUTO nav_goal=NONE,SOUND_TASK_DONE mode=AUTO nav_goal=NONE,AUTO,0.000,0.000,2.423,-0.034,False,False,True
22.600,mission_event,timestamp=22.600 mission_id=0 target_mission_id=1 state=RETURN_TO_INTERRUPTED_WAYPOINT event_type=STATE_CHANGE reason=previous=SOUND_TASK_DONE next=RETURN_TO_INTERRUPTED_WAYPOINT reason=goal_type=RETURN_TO_INTERRUPTED_WAYPOINT waypoint_index=2,SOUND_TASK_DONE mode=AUTO nav_goal=NONE,AUTO,0.000,0.000,2.423,-0.034,False,False,True
22.600,dynamic_lock,False,SOUND_TASK_DONE mode=AUTO nav_goal=NONE,AUTO,0.000,0.000,2.423,-0.034,False,False,True
22.600,classification,WAITING_DYNAMIC_LOCK,SOUND_TASK_DONE mode=AUTO nav_goal=NONE,AUTO,0.000,0.000,2.423,-0.034,False,False,True
22.600,bird_confirmed,False,SOUND_TASK_DONE mode=AUTO nav_goal=NONE,AUTO,0.000,0.000,2.423,-0.034,False,False,True
22.600,sound_state,IDLE_NO_REQUEST,SOUND_TASK_DONE mode=AUTO nav_goal=NONE,AUTO,0.000,0.000,2.423,-0.034,False,False,True
22.600,mission_event,timestamp=22.600 mission_id=0 target_mission_id=1 state=RETURN_TO_INTERRUPTED_WAYPOINT event_type=NAV2_DISABLED_SIMULATED_GOAL reason=RETURN_TO_INTERRUPTED_WAYPOINT waypoint_index=2,SOUND_TASK_DONE mode=AUTO nav_goal=NONE,AUTO,0.000,0.000,2.423,-0.034,False,False,True
22.600,object_goal_state,INSPECTION_MEMORY_COMMITTED terminal_state=SOUND_TASK_DONE,SOUND_TASK_DONE mode=AUTO nav_goal=NONE,AUTO,0.000,0.000,2.423,-0.034,False,False,True
22.700,classification,WAITING_DYNAMIC_LOCK,SOUND_TASK_DONE mode=AUTO nav_goal=NONE,AUTO,0.000,0.000,2.423,-0.034,False,False,True
22.700,bird_confirmed,False,SOUND_TASK_DONE mode=AUTO nav_goal=NONE,AUTO,0.000,0.000,2.423,-0.034,False,False,True
22.800,mission_state,RETURN_TO_INTERRUPTED_WAYPOINT mode=AUTO nav_goal=RETURN_TO_INTERRUPTED_WAYPOINT,RETURN_TO_INTERRUPTED_WAYPOINT mode=AUTO nav_goal=RETURN_TO_INTERRUPTED_WAYPOINT,AUTO,0.000,0.000,2.423,-0.034,False,False,True
22.800,classification,WAITING_DYNAMIC_LOCK,RETURN_TO_INTERRUPTED_WAYPOINT mode=AUTO nav_goal=RETURN_TO_INTERRUPTED_WAYPOINT,AUTO,0.000,0.000,2.423,-0.034,False,False,True
22.800,bird_confirmed,False,RETURN_TO_INTERRUPTED_WAYPOINT mode=AUTO nav_goal=RETURN_TO_INTERRUPTED_WAYPOINT,AUTO,0.000,0.000,2.423,-0.034,False,False,True
22.800,sound_state,IDLE_NO_REQUEST,RETURN_TO_INTERRUPTED_WAYPOINT mode=AUTO nav_goal=RETURN_TO_INTERRUPTED_WAYPOINT,AUTO,0.000,0.000,2.423,-0.034,False,False,True
22.800,sound_done,True,RETURN_TO_INTERRUPTED_WAYPOINT mode=AUTO nav_goal=RETURN_TO_INTERRUPTED_WAYPOINT,AUTO,0.000,0.000,2.423,-0.034,False,False,True
22.800,dynamic_lock,False,RETURN_TO_INTERRUPTED_WAYPOINT mode=AUTO nav_goal=RETURN_TO_INTERRUPTED_WAYPOINT,AUTO,0.000,0.240,2.423,-0.034,False,False,True
22.900,classification,WAITING_DYNAMIC_LOCK,RETURN_TO_INTERRUPTED_WAYPOINT mode=AUTO nav_goal=RETURN_TO_INTERRUPTED_WAYPOINT,AUTO,0.000,0.240,2.423,-0.033,False,False,True
22.900,bird_confirmed,False,RETURN_TO_INTERRUPTED_WAYPOINT mode=AUTO nav_goal=RETURN_TO_INTERRUPTED_WAYPOINT,AUTO,0.000,0.240,2.423,-0.033,False,False,True
23.000,mission_state,RETURN_TO_INTERRUPTED_WAYPOINT mode=AUTO nav_goal=RETURN_TO_INTERRUPTED_WAYPOINT,RETURN_TO_INTERRUPTED_WAYPOINT mode=AUTO nav_goal=RETURN_TO_INTERRUPTED_WAYPOINT,AUTO,0.000,0.350,2.422,-0.034,False,False,True
23.000,dynamic_lock,False,RETURN_TO_INTERRUPTED_WAYPOINT mode=AUTO nav_goal=RETURN_TO_INTERRUPTED_WAYPOINT,AUTO,0.000,0.350,2.422,-0.034,False,False,True
23.000,sound_state,IDLE_NO_REQUEST,RETURN_TO_INTERRUPTED_WAYPOINT mode=AUTO nav_goal=RETURN_TO_INTERRUPTED_WAYPOINT,AUTO,0.000,0.350,2.422,-0.034,False,False,True
23.000,sound_done,True,RETURN_TO_INTERRUPTED_WAYPOINT mode=AUTO nav_goal=RETURN_TO_INTERRUPTED_WAYPOINT,AUTO,0.000,0.350,2.422,-0.034,False,False,True
23.000,classification,WAITING_DYNAMIC_LOCK,RETURN_TO_INTERRUPTED_WAYPOINT mode=AUTO nav_goal=RETURN_TO_INTERRUPTED_WAYPOINT,AUTO,0.000,0.350,2.422,-0.034,False,False,True
23.000,bird_confirmed,False,RETURN_TO_INTERRUPTED_WAYPOINT mode=AUTO nav_goal=RETURN_TO_INTERRUPTED_WAYPOINT,AUTO,0.000,0.350,2.422,-0.034,False,False,True
23.100,bird_confirmed,False,RETURN_TO_INTERRUPTED_WAYPOINT mode=AUTO nav_goal=RETURN_TO_INTERRUPTED_WAYPOINT,AUTO,0.000,0.350,2.422,-0.033,False,False,True
23.100,classification,WAITING_DYNAMIC_LOCK,RETURN_TO_INTERRUPTED_WAYPOINT mode=AUTO nav_goal=RETURN_TO_INTERRUPTED_WAYPOINT,AUTO,0.000,0.350,2.422,-0.033,False,False,True
23.200,sound_done,False,RETURN_TO_INTERRUPTED_WAYPOINT mode=AUTO nav_goal=RETURN_TO_INTERRUPTED_WAYPOINT,AUTO,0.000,0.350,2.423,-0.032,False,False,False
23.200,dynamic_lock,False,RETURN_TO_INTERRUPTED_WAYPOINT mode=AUTO nav_goal=RETURN_TO_INTERRUPTED_WAYPOINT,AUTO,0.000,0.350,2.423,-0.032,False,False,False
23.200,sound_state,IDLE_NO_REQUEST,RETURN_TO_INTERRUPTED_WAYPOINT mode=AUTO nav_goal=RETURN_TO_INTERRUPTED_WAYPOINT,AUTO,0.000,0.350,2.423,-0.032,False,False,False
23.200,classification,WAITING_DYNAMIC_LOCK,RETURN_TO_INTERRUPTED_WAYPOINT mode=AUTO nav_goal=RETURN_TO_INTERRUPTED_WAYPOINT,AUTO,0.000,0.350,2.423,-0.032,False,False,False
23.200,bird_confirmed,False,RETURN_TO_INTERRUPTED_WAYPOINT mode=AUTO nav_goal=RETURN_TO_INTERRUPTED_WAYPOINT,AUTO,0.000,0.350,2.423,-0.032,False,False,False
23.200,mission_state,RETURN_TO_INTERRUPTED_WAYPOINT mode=AUTO nav_goal=RETURN_TO_INTERRUPTED_WAYPOINT,RETURN_TO_INTERRUPTED_WAYPOINT mode=AUTO nav_goal=RETURN_TO_INTERRUPTED_WAYPOINT,AUTO,0.000,0.350,2.423,-0.032,False,False,False
23.300,classification,WAITING_DYNAMIC_LOCK,RETURN_TO_INTERRUPTED_WAYPOINT mode=AUTO nav_goal=RETURN_TO_INTERRUPTED_WAYPOINT,AUTO,0.000,0.350,2.422,-0.032,False,False,False
23.300,bird_confirmed,False,RETURN_TO_INTERRUPTED_WAYPOINT mode=AUTO nav_goal=RETURN_TO_INTERRUPTED_WAYPOINT,AUTO,0.000,0.350,2.422,-0.032,False,False,False
23.400,sound_state,IDLE_NO_REQUEST,RETURN_TO_INTERRUPTED_WAYPOINT mode=AUTO nav_goal=RETURN_TO_INTERRUPTED_WAYPOINT,AUTO,0.000,0.350,2.422,-0.031,False,False,False
23.400,sound_done,False,RETURN_TO_INTERRUPTED_WAYPOINT mode=AUTO nav_goal=RETURN_TO_INTERRUPTED_WAYPOINT,AUTO,0.000,0.350,2.422,-0.031,False,False,False
23.400,classification,WAITING_DYNAMIC_LOCK,RETURN_TO_INTERRUPTED_WAYPOINT mode=AUTO nav_goal=RETURN_TO_INTERRUPTED_WAYPOINT,AUTO,0.000,0.350,2.422,-0.032,False,False,False
23.400,bird_confirmed,False,RETURN_TO_INTERRUPTED_WAYPOINT mode=AUTO nav_goal=RETURN_TO_INTERRUPTED_WAYPOINT,AUTO,0.000,0.350,2.422,-0.032,False,False,False
23.400,mission_state,RETURN_TO_INTERRUPTED_WAYPOINT mode=AUTO nav_goal=RETURN_TO_INTERRUPTED_WAYPOINT,RETURN_TO_INTERRUPTED_WAYPOINT mode=AUTO nav_goal=RETURN_TO_INTERRUPTED_WAYPOINT,AUTO,0.000,0.350,2.422,-0.032,False,False,False
23.400,dynamic_lock,False,RETURN_TO_INTERRUPTED_WAYPOINT mode=AUTO nav_goal=RETURN_TO_INTERRUPTED_WAYPOINT,AUTO,0.000,0.350,2.422,-0.032,False,False,False
23.500,classification,WAITING_DYNAMIC_LOCK,RETURN_TO_INTERRUPTED_WAYPOINT mode=AUTO nav_goal=RETURN_TO_INTERRUPTED_WAYPOINT,AUTO,0.000,0.350,2.422,-0.030,False,False,False
23.500,bird_confirmed,False,RETURN_TO_INTERRUPTED_WAYPOINT mode=AUTO nav_goal=RETURN_TO_INTERRUPTED_WAYPOINT,AUTO,0.000,0.350,2.422,-0.030,False,False,False
23.600,sound_state,IDLE_NO_REQUEST,RETURN_TO_INTERRUPTED_WAYPOINT mode=AUTO nav_goal=RETURN_TO_INTERRUPTED_WAYPOINT,AUTO,0.000,0.350,2.422,-0.030,False,False,False
23.600,sound_done,False,RETURN_TO_INTERRUPTED_WAYPOINT mode=AUTO nav_goal=RETURN_TO_INTERRUPTED_WAYPOINT,AUTO,0.000,0.350,2.422,-0.030,False,False,False
23.600,mission_state,RETURN_TO_INTERRUPTED_WAYPOINT mode=AUTO nav_goal=RETURN_TO_INTERRUPTED_WAYPOINT,RETURN_TO_INTERRUPTED_WAYPOINT mode=AUTO nav_goal=RETURN_TO_INTERRUPTED_WAYPOINT,AUTO,0.000,0.350,2.422,-0.030,False,False,False
23.600,dynamic_lock,False,RETURN_TO_INTERRUPTED_WAYPOINT mode=AUTO nav_goal=RETURN_TO_INTERRUPTED_WAYPOINT,AUTO,0.000,0.350,2.422,-0.030,False,False,False
23.600,classification,WAITING_DYNAMIC_LOCK,RETURN_TO_INTERRUPTED_WAYPOINT mode=AUTO nav_goal=RETURN_TO_INTERRUPTED_WAYPOINT,AUTO,0.000,0.350,2.422,-0.030,False,False,False
23.600,bird_confirmed,False,RETURN_TO_INTERRUPTED_WAYPOINT mode=AUTO nav_goal=RETURN_TO_INTERRUPTED_WAYPOINT,AUTO,0.000,0.350,2.422,-0.030,False,False,False
23.700,classification,WAITING_DYNAMIC_LOCK,RETURN_TO_INTERRUPTED_WAYPOINT mode=AUTO nav_goal=RETURN_TO_INTERRUPTED_WAYPOINT,AUTO,0.000,0.350,2.422,-0.030,False,False,False
23.700,bird_confirmed,False,RETURN_TO_INTERRUPTED_WAYPOINT mode=AUTO nav_goal=RETURN_TO_INTERRUPTED_WAYPOINT,AUTO,0.000,0.350,2.422,-0.030,False,False,False
23.800,bird_confirmed,False,RETURN_TO_INTERRUPTED_WAYPOINT mode=AUTO nav_goal=RETURN_TO_INTERRUPTED_WAYPOINT,AUTO,0.000,0.350,2.422,-0.030,False,False,False
23.800,mission_state,RETURN_TO_INTERRUPTED_WAYPOINT mode=AUTO nav_goal=RETURN_TO_INTERRUPTED_WAYPOINT,RETURN_TO_INTERRUPTED_WAYPOINT mode=AUTO nav_goal=RETURN_TO_INTERRUPTED_WAYPOINT,AUTO,0.000,0.350,2.422,-0.030,False,False,False
23.800,classification,WAITING_DYNAMIC_LOCK,RETURN_TO_INTERRUPTED_WAYPOINT mode=AUTO nav_goal=RETURN_TO_INTERRUPTED_WAYPOINT,AUTO,0.000,0.350,2.422,-0.030,False,False,False
23.800,sound_state,IDLE_NO_REQUEST,RETURN_TO_INTERRUPTED_WAYPOINT mode=AUTO nav_goal=RETURN_TO_INTERRUPTED_WAYPOINT,AUTO,0.000,0.350,2.422,-0.030,False,False,False
23.800,sound_done,False,RETURN_TO_INTERRUPTED_WAYPOINT mode=AUTO nav_goal=RETURN_TO_INTERRUPTED_WAYPOINT,AUTO,0.000,0.350,2.422,-0.030,False,False,False
23.800,dynamic_lock,False,RETURN_TO_INTERRUPTED_WAYPOINT mode=AUTO nav_goal=RETURN_TO_INTERRUPTED_WAYPOINT,AUTO,0.000,0.350,2.421,-0.030,False,False,False
23.900,classification,WAITING_DYNAMIC_LOCK,RETURN_TO_INTERRUPTED_WAYPOINT mode=AUTO nav_goal=RETURN_TO_INTERRUPTED_WAYPOINT,AUTO,0.000,0.350,2.421,-0.029,False,False,False
23.900,bird_confirmed,False,RETURN_TO_INTERRUPTED_WAYPOINT mode=AUTO nav_goal=RETURN_TO_INTERRUPTED_WAYPOINT,AUTO,0.000,0.350,2.421,-0.029,False,False,False
24.000,sound_done,False,RETURN_TO_INTERRUPTED_WAYPOINT mode=AUTO nav_goal=RETURN_TO_INTERRUPTED_WAYPOINT,AUTO,0.000,0.350,2.421,-0.030,False,False,False
24.000,mission_state,RETURN_TO_INTERRUPTED_WAYPOINT mode=AUTO nav_goal=RETURN_TO_INTERRUPTED_WAYPOINT,RETURN_TO_INTERRUPTED_WAYPOINT mode=AUTO nav_goal=RETURN_TO_INTERRUPTED_WAYPOINT,AUTO,0.000,0.350,2.421,-0.030,False,False,False
24.000,classification,WAITING_DYNAMIC_LOCK,RETURN_TO_INTERRUPTED_WAYPOINT mode=AUTO nav_goal=RETURN_TO_INTERRUPTED_WAYPOINT,AUTO,0.000,0.350,2.421,-0.030,False,False,False
24.000,bird_confirmed,False,RETURN_TO_INTERRUPTED_WAYPOINT mode=AUTO nav_goal=RETURN_TO_INTERRUPTED_WAYPOINT,AUTO,0.000,0.350,2.421,-0.030,False,False,False
24.000,sound_state,IDLE_NO_REQUEST,RETURN_TO_INTERRUPTED_WAYPOINT mode=AUTO nav_goal=RETURN_TO_INTERRUPTED_WAYPOINT,AUTO,0.000,0.350,2.421,-0.030,False,False,False
24.000,dynamic_lock,False,RETURN_TO_INTERRUPTED_WAYPOINT mode=AUTO nav_goal=RETURN_TO_INTERRUPTED_WAYPOINT,AUTO,0.000,0.350,2.421,-0.030,False,False,False
24.100,classification,WAITING_DYNAMIC_LOCK,RETURN_TO_INTERRUPTED_WAYPOINT mode=AUTO nav_goal=RETURN_TO_INTERRUPTED_WAYPOINT,AUTO,0.000,0.350,2.421,-0.029,False,False,False
24.100,bird_confirmed,False,RETURN_TO_INTERRUPTED_WAYPOINT mode=AUTO nav_goal=RETURN_TO_INTERRUPTED_WAYPOINT,AUTO,0.000,0.350,2.421,-0.029,False,False,False
24.200,dynamic_lock,False,RETURN_TO_INTERRUPTED_WAYPOINT mode=AUTO nav_goal=RETURN_TO_INTERRUPTED_WAYPOINT,AUTO,0.000,0.350,2.421,-0.029,False,False,False
24.200,classification,WAITING_DYNAMIC_LOCK,RETURN_TO_INTERRUPTED_WAYPOINT mode=AUTO nav_goal=RETURN_TO_INTERRUPTED_WAYPOINT,AUTO,0.000,0.350,2.421,-0.029,False,False,False
24.200,bird_confirmed,False,RETURN_TO_INTERRUPTED_WAYPOINT mode=AUTO nav_goal=RETURN_TO_INTERRUPTED_WAYPOINT,AUTO,0.000,0.350,2.421,-0.029,False,False,False
24.200,sound_state,IDLE_NO_REQUEST,RETURN_TO_INTERRUPTED_WAYPOINT mode=AUTO nav_goal=RETURN_TO_INTERRUPTED_WAYPOINT,AUTO,0.000,0.350,2.421,-0.029,False,False,False
24.200,sound_done,False,RETURN_TO_INTERRUPTED_WAYPOINT mode=AUTO nav_goal=RETURN_TO_INTERRUPTED_WAYPOINT,AUTO,0.000,0.350,2.421,-0.029,False,False,False
24.200,mission_state,RETURN_TO_INTERRUPTED_WAYPOINT mode=AUTO nav_goal=RETURN_TO_INTERRUPTED_WAYPOINT,RETURN_TO_INTERRUPTED_WAYPOINT mode=AUTO nav_goal=RETURN_TO_INTERRUPTED_WAYPOINT,AUTO,0.000,0.350,2.421,-0.029,False,False,False
24.300,classification,WAITING_DYNAMIC_LOCK,RETURN_TO_INTERRUPTED_WAYPOINT mode=AUTO nav_goal=RETURN_TO_INTERRUPTED_WAYPOINT,AUTO,0.000,0.350,2.422,-0.029,False,False,False
24.300,bird_confirmed,False,RETURN_TO_INTERRUPTED_WAYPOINT mode=AUTO nav_goal=RETURN_TO_INTERRUPTED_WAYPOINT,AUTO,0.000,0.350,2.422,-0.029,False,False,False
24.400,sound_state,IDLE_NO_REQUEST,RETURN_TO_INTERRUPTED_WAYPOINT mode=AUTO nav_goal=RETURN_TO_INTERRUPTED_WAYPOINT,AUTO,0.000,0.350,2.421,-0.029,False,False,False
24.400,sound_done,False,RETURN_TO_INTERRUPTED_WAYPOINT mode=AUTO nav_goal=RETURN_TO_INTERRUPTED_WAYPOINT,AUTO,0.000,0.350,2.421,-0.029,False,False,False
24.400,classification,WAITING_DYNAMIC_LOCK,RETURN_TO_INTERRUPTED_WAYPOINT mode=AUTO nav_goal=RETURN_TO_INTERRUPTED_WAYPOINT,AUTO,0.000,0.350,2.421,-0.029,False,False,False
24.400,bird_confirmed,False,RETURN_TO_INTERRUPTED_WAYPOINT mode=AUTO nav_goal=RETURN_TO_INTERRUPTED_WAYPOINT,AUTO,0.000,0.350,2.421,-0.029,False,False,False
24.400,dynamic_lock,False,RETURN_TO_INTERRUPTED_WAYPOINT mode=AUTO nav_goal=RETURN_TO_INTERRUPTED_WAYPOINT,AUTO,0.000,0.350,2.421,-0.028,False,False,False
24.400,mission_state,RETURN_TO_INTERRUPTED_WAYPOINT mode=AUTO nav_goal=RETURN_TO_INTERRUPTED_WAYPOINT,RETURN_TO_INTERRUPTED_WAYPOINT mode=AUTO nav_goal=RETURN_TO_INTERRUPTED_WAYPOINT,AUTO,0.000,0.350,2.421,-0.028,False,False,False
24.500,classification,WAITING_DYNAMIC_LOCK,RETURN_TO_INTERRUPTED_WAYPOINT mode=AUTO nav_goal=RETURN_TO_INTERRUPTED_WAYPOINT,AUTO,0.000,0.350,2.421,-0.029,False,False,False
24.500,bird_confirmed,False,RETURN_TO_INTERRUPTED_WAYPOINT mode=AUTO nav_goal=RETURN_TO_INTERRUPTED_WAYPOINT,AUTO,0.000,0.350,2.421,-0.029,False,False,False
24.600,classification,WAITING_DYNAMIC_LOCK,RETURN_TO_INTERRUPTED_WAYPOINT mode=AUTO nav_goal=RETURN_TO_INTERRUPTED_WAYPOINT,AUTO,0.000,0.350,2.421,-0.028,False,False,False
24.600,bird_confirmed,False,RETURN_TO_INTERRUPTED_WAYPOINT mode=AUTO nav_goal=RETURN_TO_INTERRUPTED_WAYPOINT,AUTO,0.000,0.350,2.421,-0.028,False,False,False
24.600,sound_state,IDLE_NO_REQUEST,RETURN_TO_INTERRUPTED_WAYPOINT mode=AUTO nav_goal=RETURN_TO_INTERRUPTED_WAYPOINT,AUTO,0.000,0.350,2.421,-0.028,False,False,False
24.600,sound_done,False,RETURN_TO_INTERRUPTED_WAYPOINT mode=AUTO nav_goal=RETURN_TO_INTERRUPTED_WAYPOINT,AUTO,0.000,0.350,2.421,-0.028,False,False,False
24.600,dynamic_lock,False,RETURN_TO_INTERRUPTED_WAYPOINT mode=AUTO nav_goal=RETURN_TO_INTERRUPTED_WAYPOINT,AUTO,0.000,0.350,2.421,-0.028,False,False,False
24.600,mission_state,RETURN_TO_INTERRUPTED_WAYPOINT mode=AUTO nav_goal=RETURN_TO_INTERRUPTED_WAYPOINT,RETURN_TO_INTERRUPTED_WAYPOINT mode=AUTO nav_goal=RETURN_TO_INTERRUPTED_WAYPOINT,AUTO,0.000,0.350,2.421,-0.029,False,False,False
24.700,classification,WAITING_DYNAMIC_LOCK,RETURN_TO_INTERRUPTED_WAYPOINT mode=AUTO nav_goal=RETURN_TO_INTERRUPTED_WAYPOINT,AUTO,0.000,0.350,2.420,-0.029,False,False,False
24.700,bird_confirmed,False,RETURN_TO_INTERRUPTED_WAYPOINT mode=AUTO nav_goal=RETURN_TO_INTERRUPTED_WAYPOINT,AUTO,0.000,0.350,2.420,-0.029,False,False,False
24.800,sound_state,IDLE_NO_REQUEST,RETURN_TO_INTERRUPTED_WAYPOINT mode=AUTO nav_goal=RETURN_TO_INTERRUPTED_WAYPOINT,AUTO,0.000,0.350,2.420,-0.030,False,False,False
24.800,sound_done,False,RETURN_TO_INTERRUPTED_WAYPOINT mode=AUTO nav_goal=RETURN_TO_INTERRUPTED_WAYPOINT,AUTO,0.000,0.350,2.420,-0.030,False,False,False
24.800,dynamic_lock,False,RETURN_TO_INTERRUPTED_WAYPOINT mode=AUTO nav_goal=RETURN_TO_INTERRUPTED_WAYPOINT,AUTO,0.000,0.350,2.420,-0.030,False,False,False
24.800,mission_state,RETURN_TO_INTERRUPTED_WAYPOINT mode=AUTO nav_goal=RETURN_TO_INTERRUPTED_WAYPOINT,RETURN_TO_INTERRUPTED_WAYPOINT mode=AUTO nav_goal=RETURN_TO_INTERRUPTED_WAYPOINT,AUTO,0.000,0.350,2.420,-0.030,False,False,False
24.800,classification,WAITING_DYNAMIC_LOCK,RETURN_TO_INTERRUPTED_WAYPOINT mode=AUTO nav_goal=RETURN_TO_INTERRUPTED_WAYPOINT,AUTO,0.000,0.350,2.420,-0.030,False,False,False
24.800,bird_confirmed,False,RETURN_TO_INTERRUPTED_WAYPOINT mode=AUTO nav_goal=RETURN_TO_INTERRUPTED_WAYPOINT,AUTO,0.000,0.350,2.420,-0.030,False,False,False
24.900,classification,WAITING_DYNAMIC_LOCK,RETURN_TO_INTERRUPTED_WAYPOINT mode=AUTO nav_goal=RETURN_TO_INTERRUPTED_WAYPOINT,AUTO,0.000,0.350,2.420,-0.030,False,False,False
24.900,bird_confirmed,False,RETURN_TO_INTERRUPTED_WAYPOINT mode=AUTO nav_goal=RETURN_TO_INTERRUPTED_WAYPOINT,AUTO,0.000,0.350,2.420,-0.030,False,False,False
25.000,classification,WAITING_DYNAMIC_LOCK,RETURN_TO_INTERRUPTED_WAYPOINT mode=AUTO nav_goal=RETURN_TO_INTERRUPTED_WAYPOINT,AUTO,0.000,0.350,2.419,-0.029,False,False,False
25.000,bird_confirmed,False,RETURN_TO_INTERRUPTED_WAYPOINT mode=AUTO nav_goal=RETURN_TO_INTERRUPTED_WAYPOINT,AUTO,0.000,0.350,2.419,-0.029,False,False,False
25.000,dynamic_lock,False,RETURN_TO_INTERRUPTED_WAYPOINT mode=AUTO nav_goal=RETURN_TO_INTERRUPTED_WAYPOINT,AUTO,0.000,0.350,2.419,-0.029,False,False,False
25.000,sound_state,IDLE_NO_REQUEST,RETURN_TO_INTERRUPTED_WAYPOINT mode=AUTO nav_goal=RETURN_TO_INTERRUPTED_WAYPOINT,AUTO,0.000,0.350,2.419,-0.029,False,False,False
25.000,sound_done,False,RETURN_TO_INTERRUPTED_WAYPOINT mode=AUTO nav_goal=RETURN_TO_INTERRUPTED_WAYPOINT,AUTO,0.000,0.350,2.419,-0.029,False,False,False
25.000,mission_state,RETURN_TO_INTERRUPTED_WAYPOINT mode=AUTO nav_goal=RETURN_TO_INTERRUPTED_WAYPOINT,RETURN_TO_INTERRUPTED_WAYPOINT mode=AUTO nav_goal=RETURN_TO_INTERRUPTED_WAYPOINT,AUTO,0.000,0.350,2.419,-0.029,False,False,False
25.100,classification,WAITING_DYNAMIC_LOCK,RETURN_TO_INTERRUPTED_WAYPOINT mode=AUTO nav_goal=RETURN_TO_INTERRUPTED_WAYPOINT,AUTO,0.000,0.350,2.420,-0.030,False,False,False
25.100,bird_confirmed,False,RETURN_TO_INTERRUPTED_WAYPOINT mode=AUTO nav_goal=RETURN_TO_INTERRUPTED_WAYPOINT,AUTO,0.000,0.350,2.420,-0.030,False,False,False
25.200,dynamic_lock,False,RETURN_TO_INTERRUPTED_WAYPOINT mode=AUTO nav_goal=RETURN_TO_INTERRUPTED_WAYPOINT,AUTO,0.000,0.350,2.419,-0.030,False,False,False
25.200,classification,WAITING_DYNAMIC_LOCK,RETURN_TO_INTERRUPTED_WAYPOINT mode=AUTO nav_goal=RETURN_TO_INTERRUPTED_WAYPOINT,AUTO,0.000,0.350,2.419,-0.030,False,False,False
25.200,bird_confirmed,False,RETURN_TO_INTERRUPTED_WAYPOINT mode=AUTO nav_goal=RETURN_TO_INTERRUPTED_WAYPOINT,AUTO,0.000,0.350,2.419,-0.030,False,False,False
25.200,sound_state,IDLE_NO_REQUEST,RETURN_TO_INTERRUPTED_WAYPOINT mode=AUTO nav_goal=RETURN_TO_INTERRUPTED_WAYPOINT,AUTO,0.000,0.350,2.419,-0.030,False,False,False
25.200,sound_done,False,RETURN_TO_INTERRUPTED_WAYPOINT mode=AUTO nav_goal=RETURN_TO_INTERRUPTED_WAYPOINT,AUTO,0.000,0.350,2.419,-0.030,False,False,False
25.200,mission_state,RETURN_TO_INTERRUPTED_WAYPOINT mode=AUTO nav_goal=RETURN_TO_INTERRUPTED_WAYPOINT,RETURN_TO_INTERRUPTED_WAYPOINT mode=AUTO nav_goal=RETURN_TO_INTERRUPTED_WAYPOINT,AUTO,0.000,0.350,2.419,-0.030,False,False,False
25.300,classification,WAITING_DYNAMIC_LOCK,RETURN_TO_INTERRUPTED_WAYPOINT mode=AUTO nav_goal=RETURN_TO_INTERRUPTED_WAYPOINT,AUTO,0.000,0.350,2.419,-0.030,False,False,False
25.300,bird_confirmed,False,RETURN_TO_INTERRUPTED_WAYPOINT mode=AUTO nav_goal=RETURN_TO_INTERRUPTED_WAYPOINT,AUTO,0.000,0.350,2.419,-0.030,False,False,False
25.400,sound_done,False,RETURN_TO_INTERRUPTED_WAYPOINT mode=AUTO nav_goal=RETURN_TO_INTERRUPTED_WAYPOINT,AUTO,0.000,0.350,2.419,-0.030,False,False,False
25.400,sound_state,IDLE_NO_REQUEST,RETURN_TO_INTERRUPTED_WAYPOINT mode=AUTO nav_goal=RETURN_TO_INTERRUPTED_WAYPOINT,AUTO,0.000,0.350,2.419,-0.030,False,False,False
25.400,dynamic_lock,False,RETURN_TO_INTERRUPTED_WAYPOINT mode=AUTO nav_goal=RETURN_TO_INTERRUPTED_WAYPOINT,AUTO,0.000,0.350,2.419,-0.030,False,False,False
25.400,classification,WAITING_DYNAMIC_LOCK,RETURN_TO_INTERRUPTED_WAYPOINT mode=AUTO nav_goal=RETURN_TO_INTERRUPTED_WAYPOINT,AUTO,0.000,0.350,2.419,-0.030,False,False,False
25.400,bird_confirmed,False,RETURN_TO_INTERRUPTED_WAYPOINT mode=AUTO nav_goal=RETURN_TO_INTERRUPTED_WAYPOINT,AUTO,0.000,0.350,2.419,-0.030,False,False,False
25.400,mission_state,RETURN_TO_INTERRUPTED_WAYPOINT mode=AUTO nav_goal=RETURN_TO_INTERRUPTED_WAYPOINT,RETURN_TO_INTERRUPTED_WAYPOINT mode=AUTO nav_goal=RETURN_TO_INTERRUPTED_WAYPOINT,AUTO,0.000,0.350,2.419,-0.030,False,False,False
25.500,bird_confirmed,False,RETURN_TO_INTERRUPTED_WAYPOINT mode=AUTO nav_goal=RETURN_TO_INTERRUPTED_WAYPOINT,AUTO,0.000,0.350,2.419,-0.030,False,False,False
25.500,classification,WAITING_DYNAMIC_LOCK,RETURN_TO_INTERRUPTED_WAYPOINT mode=AUTO nav_goal=RETURN_TO_INTERRUPTED_WAYPOINT,AUTO,0.000,0.350,2.419,-0.030,False,False,False
25.600,dynamic_lock,False,RETURN_TO_INTERRUPTED_WAYPOINT mode=AUTO nav_goal=RETURN_TO_INTERRUPTED_WAYPOINT,AUTO,0.000,0.350,2.418,-0.031,False,False,False
25.600,classification,WAITING_DYNAMIC_LOCK,RETURN_TO_INTERRUPTED_WAYPOINT mode=AUTO nav_goal=RETURN_TO_INTERRUPTED_WAYPOINT,AUTO,0.000,0.350,2.418,-0.031,False,False,False
25.600,bird_confirmed,False,RETURN_TO_INTERRUPTED_WAYPOINT mode=AUTO nav_goal=RETURN_TO_INTERRUPTED_WAYPOINT,AUTO,0.000,0.350,2.418,-0.031,False,False,False
25.600,sound_state,IDLE_NO_REQUEST,RETURN_TO_INTERRUPTED_WAYPOINT mode=AUTO nav_goal=RETURN_TO_INTERRUPTED_WAYPOINT,AUTO,0.000,0.350,2.418,-0.031,False,False,False
25.600,sound_done,False,RETURN_TO_INTERRUPTED_WAYPOINT mode=AUTO nav_goal=RETURN_TO_INTERRUPTED_WAYPOINT,AUTO,0.000,0.350,2.418,-0.031,False,False,False
25.600,mission_state,RETURN_TO_INTERRUPTED_WAYPOINT mode=AUTO nav_goal=RETURN_TO_INTERRUPTED_WAYPOINT,RETURN_TO_INTERRUPTED_WAYPOINT mode=AUTO nav_goal=RETURN_TO_INTERRUPTED_WAYPOINT,AUTO,0.000,0.350,2.419,-0.031,False,False,False
25.700,classification,WAITING_DYNAMIC_LOCK,RETURN_TO_INTERRUPTED_WAYPOINT mode=AUTO nav_goal=RETURN_TO_INTERRUPTED_WAYPOINT,AUTO,0.000,0.350,2.419,-0.030,False,False,False
25.700,bird_confirmed,False,RETURN_TO_INTERRUPTED_WAYPOINT mode=AUTO nav_goal=RETURN_TO_INTERRUPTED_WAYPOINT,AUTO,0.000,0.350,2.419,-0.030,False,False,False
25.800,sound_state,IDLE_NO_REQUEST,RETURN_TO_INTERRUPTED_WAYPOINT mode=AUTO nav_goal=RETURN_TO_INTERRUPTED_WAYPOINT,AUTO,0.000,0.350,2.418,-0.030,False,False,False
25.800,sound_done,False,RETURN_TO_INTERRUPTED_WAYPOINT mode=AUTO nav_goal=RETURN_TO_INTERRUPTED_WAYPOINT,AUTO,0.000,0.350,2.418,-0.030,False,False,False
25.800,mission_state,RETURN_TO_INTERRUPTED_WAYPOINT mode=AUTO nav_goal=RETURN_TO_INTERRUPTED_WAYPOINT,RETURN_TO_INTERRUPTED_WAYPOINT mode=AUTO nav_goal=RETURN_TO_INTERRUPTED_WAYPOINT,AUTO,0.000,0.350,2.418,-0.030,False,False,False
25.800,dynamic_lock,False,RETURN_TO_INTERRUPTED_WAYPOINT mode=AUTO nav_goal=RETURN_TO_INTERRUPTED_WAYPOINT,AUTO,0.000,0.350,2.418,-0.030,False,False,False
25.800,classification,WAITING_DYNAMIC_LOCK,RETURN_TO_INTERRUPTED_WAYPOINT mode=AUTO nav_goal=RETURN_TO_INTERRUPTED_WAYPOINT,AUTO,0.000,0.350,2.418,-0.029,False,False,False
25.800,bird_confirmed,False,RETURN_TO_INTERRUPTED_WAYPOINT mode=AUTO nav_goal=RETURN_TO_INTERRUPTED_WAYPOINT,AUTO,0.000,0.350,2.418,-0.029,False,False,False
25.900,classification,WAITING_DYNAMIC_LOCK,RETURN_TO_INTERRUPTED_WAYPOINT mode=AUTO nav_goal=RETURN_TO_INTERRUPTED_WAYPOINT,AUTO,0.000,0.350,2.418,-0.030,False,False,False
25.900,bird_confirmed,False,RETURN_TO_INTERRUPTED_WAYPOINT mode=AUTO nav_goal=RETURN_TO_INTERRUPTED_WAYPOINT,AUTO,0.000,0.350,2.418,-0.030,False,False,False
26.000,sound_state,IDLE_NO_REQUEST,RETURN_TO_INTERRUPTED_WAYPOINT mode=AUTO nav_goal=RETURN_TO_INTERRUPTED_WAYPOINT,AUTO,0.000,0.350,2.418,-0.031,False,False,False
26.000,sound_done,False,RETURN_TO_INTERRUPTED_WAYPOINT mode=AUTO nav_goal=RETURN_TO_INTERRUPTED_WAYPOINT,AUTO,0.000,0.350,2.418,-0.031,False,False,False
26.000,mission_state,RETURN_TO_INTERRUPTED_WAYPOINT mode=AUTO nav_goal=RETURN_TO_INTERRUPTED_WAYPOINT,RETURN_TO_INTERRUPTED_WAYPOINT mode=AUTO nav_goal=RETURN_TO_INTERRUPTED_WAYPOINT,AUTO,0.000,0.350,2.418,-0.031,False,False,False
26.000,dynamic_lock,False,RETURN_TO_INTERRUPTED_WAYPOINT mode=AUTO nav_goal=RETURN_TO_INTERRUPTED_WAYPOINT,AUTO,0.000,0.350,2.418,-0.031,False,False,False
26.000,classification,WAITING_DYNAMIC_LOCK,RETURN_TO_INTERRUPTED_WAYPOINT mode=AUTO nav_goal=RETURN_TO_INTERRUPTED_WAYPOINT,AUTO,0.000,0.350,2.418,-0.031,False,False,False
26.000,bird_confirmed,False,RETURN_TO_INTERRUPTED_WAYPOINT mode=AUTO nav_goal=RETURN_TO_INTERRUPTED_WAYPOINT,AUTO,0.000,0.350,2.418,-0.031,False,False,False
26.100,classification,WAITING_DYNAMIC_LOCK,RETURN_TO_INTERRUPTED_WAYPOINT mode=AUTO nav_goal=RETURN_TO_INTERRUPTED_WAYPOINT,AUTO,0.000,0.350,2.418,-0.030,False,False,False
26.100,bird_confirmed,False,RETURN_TO_INTERRUPTED_WAYPOINT mode=AUTO nav_goal=RETURN_TO_INTERRUPTED_WAYPOINT,AUTO,0.000,0.350,2.418,-0.030,False,False,False
26.200,sound_done,False,RETURN_TO_INTERRUPTED_WAYPOINT mode=AUTO nav_goal=RETURN_TO_INTERRUPTED_WAYPOINT,AUTO,0.000,0.350,2.418,-0.031,False,False,False
26.200,mission_state,RETURN_TO_INTERRUPTED_WAYPOINT mode=AUTO nav_goal=RETURN_TO_INTERRUPTED_WAYPOINT,RETURN_TO_INTERRUPTED_WAYPOINT mode=AUTO nav_goal=RETURN_TO_INTERRUPTED_WAYPOINT,AUTO,0.000,0.350,2.418,-0.031,False,False,False
26.200,dynamic_lock,False,RETURN_TO_INTERRUPTED_WAYPOINT mode=AUTO nav_goal=RETURN_TO_INTERRUPTED_WAYPOINT,AUTO,0.000,0.350,2.418,-0.031,False,False,False
26.200,classification,WAITING_DYNAMIC_LOCK,RETURN_TO_INTERRUPTED_WAYPOINT mode=AUTO nav_goal=RETURN_TO_INTERRUPTED_WAYPOINT,AUTO,0.000,0.350,2.418,-0.031,False,False,False
26.200,bird_confirmed,False,RETURN_TO_INTERRUPTED_WAYPOINT mode=AUTO nav_goal=RETURN_TO_INTERRUPTED_WAYPOINT,AUTO,0.000,0.350,2.418,-0.031,False,False,False
26.200,sound_state,IDLE_NO_REQUEST,RETURN_TO_INTERRUPTED_WAYPOINT mode=AUTO nav_goal=RETURN_TO_INTERRUPTED_WAYPOINT,AUTO,0.000,0.350,2.418,-0.031,False,False,False
26.300,classification,WAITING_DYNAMIC_LOCK,RETURN_TO_INTERRUPTED_WAYPOINT mode=AUTO nav_goal=RETURN_TO_INTERRUPTED_WAYPOINT,AUTO,0.000,0.350,2.418,-0.032,False,False,False
26.300,bird_confirmed,False,RETURN_TO_INTERRUPTED_WAYPOINT mode=AUTO nav_goal=RETURN_TO_INTERRUPTED_WAYPOINT,AUTO,0.000,0.350,2.418,-0.032,False,False,False
26.400,classification,WAITING_DYNAMIC_LOCK,RETURN_TO_INTERRUPTED_WAYPOINT mode=AUTO nav_goal=RETURN_TO_INTERRUPTED_WAYPOINT,AUTO,0.000,0.350,2.418,-0.032,False,False,False
26.400,bird_confirmed,False,RETURN_TO_INTERRUPTED_WAYPOINT mode=AUTO nav_goal=RETURN_TO_INTERRUPTED_WAYPOINT,AUTO,0.000,0.350,2.418,-0.032,False,False,False
26.400,sound_state,IDLE_NO_REQUEST,RETURN_TO_INTERRUPTED_WAYPOINT mode=AUTO nav_goal=RETURN_TO_INTERRUPTED_WAYPOINT,AUTO,0.000,0.350,2.418,-0.032,False,False,False
26.400,sound_done,False,RETURN_TO_INTERRUPTED_WAYPOINT mode=AUTO nav_goal=RETURN_TO_INTERRUPTED_WAYPOINT,AUTO,0.000,0.350,2.418,-0.032,False,False,False
26.400,dynamic_lock,False,RETURN_TO_INTERRUPTED_WAYPOINT mode=AUTO nav_goal=RETURN_TO_INTERRUPTED_WAYPOINT,AUTO,0.000,0.350,2.418,-0.032,False,False,False
26.400,mission_state,RETURN_TO_INTERRUPTED_WAYPOINT mode=AUTO nav_goal=RETURN_TO_INTERRUPTED_WAYPOINT,RETURN_TO_INTERRUPTED_WAYPOINT mode=AUTO nav_goal=RETURN_TO_INTERRUPTED_WAYPOINT,AUTO,0.000,0.350,2.418,-0.032,False,False,False
26.500,classification,WAITING_DYNAMIC_LOCK,RETURN_TO_INTERRUPTED_WAYPOINT mode=AUTO nav_goal=RETURN_TO_INTERRUPTED_WAYPOINT,AUTO,0.000,0.350,2.417,-0.031,False,False,False
26.500,bird_confirmed,False,RETURN_TO_INTERRUPTED_WAYPOINT mode=AUTO nav_goal=RETURN_TO_INTERRUPTED_WAYPOINT,AUTO,0.000,0.350,2.417,-0.031,False,False,False
26.600,sound_done,False,RETURN_TO_INTERRUPTED_WAYPOINT mode=AUTO nav_goal=RETURN_TO_INTERRUPTED_WAYPOINT,AUTO,0.000,0.350,2.418,-0.032,False,False,False
26.600,mission_state,RETURN_TO_INTERRUPTED_WAYPOINT mode=AUTO nav_goal=RETURN_TO_INTERRUPTED_WAYPOINT,RETURN_TO_INTERRUPTED_WAYPOINT mode=AUTO nav_goal=RETURN_TO_INTERRUPTED_WAYPOINT,AUTO,0.000,0.350,2.418,-0.032,False,False,False
26.600,sound_state,IDLE_NO_REQUEST,RETURN_TO_INTERRUPTED_WAYPOINT mode=AUTO nav_goal=RETURN_TO_INTERRUPTED_WAYPOINT,AUTO,0.000,0.350,2.418,-0.032,False,False,False
26.600,classification,WAITING_DYNAMIC_LOCK,RETURN_TO_INTERRUPTED_WAYPOINT mode=AUTO nav_goal=RETURN_TO_INTERRUPTED_WAYPOINT,AUTO,0.000,0.350,2.417,-0.032,False,False,False
26.600,bird_confirmed,False,RETURN_TO_INTERRUPTED_WAYPOINT mode=AUTO nav_goal=RETURN_TO_INTERRUPTED_WAYPOINT,AUTO,0.000,0.350,2.417,-0.032,False,False,False
26.600,dynamic_lock,False,RETURN_TO_INTERRUPTED_WAYPOINT mode=AUTO nav_goal=RETURN_TO_INTERRUPTED_WAYPOINT,AUTO,0.000,0.350,2.417,-0.031,False,False,False
26.700,classification,WAITING_DYNAMIC_LOCK,RETURN_TO_INTERRUPTED_WAYPOINT mode=AUTO nav_goal=RETURN_TO_INTERRUPTED_WAYPOINT,AUTO,0.000,0.350,2.417,-0.032,False,False,False
26.700,bird_confirmed,False,RETURN_TO_INTERRUPTED_WAYPOINT mode=AUTO nav_goal=RETURN_TO_INTERRUPTED_WAYPOINT,AUTO,0.000,0.350,2.417,-0.032,False,False,False
26.800,mission_state,RETURN_TO_INTERRUPTED_WAYPOINT mode=AUTO nav_goal=RETURN_TO_INTERRUPTED_WAYPOINT,RETURN_TO_INTERRUPTED_WAYPOINT mode=AUTO nav_goal=RETURN_TO_INTERRUPTED_WAYPOINT,AUTO,0.000,0.350,2.417,-0.032,False,False,False
26.800,dynamic_lock,False,RETURN_TO_INTERRUPTED_WAYPOINT mode=AUTO nav_goal=RETURN_TO_INTERRUPTED_WAYPOINT,AUTO,0.000,0.350,2.417,-0.032,False,False,False
26.800,classification,WAITING_DYNAMIC_LOCK,RETURN_TO_INTERRUPTED_WAYPOINT mode=AUTO nav_goal=RETURN_TO_INTERRUPTED_WAYPOINT,AUTO,0.000,0.350,2.417,-0.032,False,False,False
26.800,bird_confirmed,False,RETURN_TO_INTERRUPTED_WAYPOINT mode=AUTO nav_goal=RETURN_TO_INTERRUPTED_WAYPOINT,AUTO,0.000,0.350,2.417,-0.032,False,False,False
26.800,sound_state,IDLE_NO_REQUEST,RETURN_TO_INTERRUPTED_WAYPOINT mode=AUTO nav_goal=RETURN_TO_INTERRUPTED_WAYPOINT,AUTO,0.000,0.350,2.417,-0.032,False,False,False
26.800,sound_done,False,RETURN_TO_INTERRUPTED_WAYPOINT mode=AUTO nav_goal=RETURN_TO_INTERRUPTED_WAYPOINT,AUTO,0.000,0.350,2.417,-0.032,False,False,False
26.900,classification,WAITING_DYNAMIC_LOCK,RETURN_TO_INTERRUPTED_WAYPOINT mode=AUTO nav_goal=RETURN_TO_INTERRUPTED_WAYPOINT,AUTO,0.000,0.350,2.417,-0.031,False,False,False
26.900,bird_confirmed,False,RETURN_TO_INTERRUPTED_WAYPOINT mode=AUTO nav_goal=RETURN_TO_INTERRUPTED_WAYPOINT,AUTO,0.000,0.350,2.417,-0.031,False,False,False
27.000,sound_done,False,RETURN_TO_INTERRUPTED_WAYPOINT mode=AUTO nav_goal=RETURN_TO_INTERRUPTED_WAYPOINT,AUTO,0.000,0.350,2.417,-0.032,False,False,False
27.000,classification,WAITING_DYNAMIC_LOCK,RETURN_TO_INTERRUPTED_WAYPOINT mode=AUTO nav_goal=RETURN_TO_INTERRUPTED_WAYPOINT,AUTO,0.000,0.350,2.417,-0.032,False,False,False
27.000,bird_confirmed,False,RETURN_TO_INTERRUPTED_WAYPOINT mode=AUTO nav_goal=RETURN_TO_INTERRUPTED_WAYPOINT,AUTO,0.000,0.350,2.417,-0.032,False,False,False
27.000,sound_state,IDLE_NO_REQUEST,RETURN_TO_INTERRUPTED_WAYPOINT mode=AUTO nav_goal=RETURN_TO_INTERRUPTED_WAYPOINT,AUTO,0.000,0.350,2.417,-0.032,False,False,False
27.000,mission_state,RETURN_TO_INTERRUPTED_WAYPOINT mode=AUTO nav_goal=RETURN_TO_INTERRUPTED_WAYPOINT,RETURN_TO_INTERRUPTED_WAYPOINT mode=AUTO nav_goal=RETURN_TO_INTERRUPTED_WAYPOINT,AUTO,0.000,0.350,2.417,-0.032,False,False,False
27.000,dynamic_lock,False,RETURN_TO_INTERRUPTED_WAYPOINT mode=AUTO nav_goal=RETURN_TO_INTERRUPTED_WAYPOINT,AUTO,0.000,0.350,2.417,-0.032,False,False,False
27.100,bird_confirmed,False,RETURN_TO_INTERRUPTED_WAYPOINT mode=AUTO nav_goal=RETURN_TO_INTERRUPTED_WAYPOINT,AUTO,0.000,0.350,2.417,-0.032,False,False,False
27.100,classification,WAITING_DYNAMIC_LOCK,RETURN_TO_INTERRUPTED_WAYPOINT mode=AUTO nav_goal=RETURN_TO_INTERRUPTED_WAYPOINT,AUTO,0.000,0.350,2.417,-0.032,False,False,False
27.200,mission_state,RETURN_TO_INTERRUPTED_WAYPOINT mode=AUTO nav_goal=RETURN_TO_INTERRUPTED_WAYPOINT,RETURN_TO_INTERRUPTED_WAYPOINT mode=AUTO nav_goal=RETURN_TO_INTERRUPTED_WAYPOINT,AUTO,0.000,0.350,2.416,-0.031,False,False,False
27.200,sound_state,IDLE_NO_REQUEST,RETURN_TO_INTERRUPTED_WAYPOINT mode=AUTO nav_goal=RETURN_TO_INTERRUPTED_WAYPOINT,AUTO,0.000,0.350,2.416,-0.031,False,False,False
27.200,sound_done,False,RETURN_TO_INTERRUPTED_WAYPOINT mode=AUTO nav_goal=RETURN_TO_INTERRUPTED_WAYPOINT,AUTO,0.000,0.350,2.416,-0.031,False,False,False
27.200,dynamic_lock,False,RETURN_TO_INTERRUPTED_WAYPOINT mode=AUTO nav_goal=RETURN_TO_INTERRUPTED_WAYPOINT,AUTO,0.000,0.350,2.417,-0.031,False,False,False
27.200,classification,WAITING_DYNAMIC_LOCK,RETURN_TO_INTERRUPTED_WAYPOINT mode=AUTO nav_goal=RETURN_TO_INTERRUPTED_WAYPOINT,AUTO,0.000,0.350,2.417,-0.031,False,False,False
27.200,bird_confirmed,False,RETURN_TO_INTERRUPTED_WAYPOINT mode=AUTO nav_goal=RETURN_TO_INTERRUPTED_WAYPOINT,AUTO,0.000,0.350,2.417,-0.031,False,False,False
27.300,classification,WAITING_DYNAMIC_LOCK,RETURN_TO_INTERRUPTED_WAYPOINT mode=AUTO nav_goal=RETURN_TO_INTERRUPTED_WAYPOINT,AUTO,0.000,0.350,2.416,-0.031,False,False,False
27.300,bird_confirmed,False,RETURN_TO_INTERRUPTED_WAYPOINT mode=AUTO nav_goal=RETURN_TO_INTERRUPTED_WAYPOINT,AUTO,0.000,0.350,2.416,-0.031,False,False,False
27.400,classification,WAITING_DYNAMIC_LOCK,RETURN_TO_INTERRUPTED_WAYPOINT mode=AUTO nav_goal=RETURN_TO_INTERRUPTED_WAYPOINT,AUTO,0.000,0.350,2.416,-0.031,False,False,False
27.400,bird_confirmed,False,RETURN_TO_INTERRUPTED_WAYPOINT mode=AUTO nav_goal=RETURN_TO_INTERRUPTED_WAYPOINT,AUTO,0.000,0.350,2.416,-0.031,False,False,False
27.400,sound_done,False,RETURN_TO_INTERRUPTED_WAYPOINT mode=AUTO nav_goal=RETURN_TO_INTERRUPTED_WAYPOINT,AUTO,0.000,0.350,2.416,-0.031,False,False,False
27.400,mission_state,RETURN_TO_INTERRUPTED_WAYPOINT mode=AUTO nav_goal=RETURN_TO_INTERRUPTED_WAYPOINT,RETURN_TO_INTERRUPTED_WAYPOINT mode=AUTO nav_goal=RETURN_TO_INTERRUPTED_WAYPOINT,AUTO,0.000,0.350,2.416,-0.031,False,False,False
27.400,dynamic_lock,False,RETURN_TO_INTERRUPTED_WAYPOINT mode=AUTO nav_goal=RETURN_TO_INTERRUPTED_WAYPOINT,AUTO,0.000,0.350,2.416,-0.031,False,False,False
27.400,sound_state,IDLE_NO_REQUEST,RETURN_TO_INTERRUPTED_WAYPOINT mode=AUTO nav_goal=RETURN_TO_INTERRUPTED_WAYPOINT,AUTO,0.000,0.350,2.416,-0.031,False,False,False
27.500,classification,WAITING_DYNAMIC_LOCK,RETURN_TO_INTERRUPTED_WAYPOINT mode=AUTO nav_goal=RETURN_TO_INTERRUPTED_WAYPOINT,AUTO,0.000,0.350,2.416,-0.031,False,False,False
27.500,bird_confirmed,False,RETURN_TO_INTERRUPTED_WAYPOINT mode=AUTO nav_goal=RETURN_TO_INTERRUPTED_WAYPOINT,AUTO,0.000,0.350,2.416,-0.031,False,False,False
27.600,dynamic_lock,False,RETURN_TO_INTERRUPTED_WAYPOINT mode=AUTO nav_goal=RETURN_TO_INTERRUPTED_WAYPOINT,AUTO,0.000,0.350,2.416,-0.031,False,False,False
27.600,sound_state,IDLE_NO_REQUEST,RETURN_TO_INTERRUPTED_WAYPOINT mode=AUTO nav_goal=RETURN_TO_INTERRUPTED_WAYPOINT,AUTO,0.000,0.350,2.416,-0.031,False,False,False
27.600,sound_done,False,RETURN_TO_INTERRUPTED_WAYPOINT mode=AUTO nav_goal=RETURN_TO_INTERRUPTED_WAYPOINT,AUTO,0.000,0.350,2.416,-0.031,False,False,False
27.600,bird_confirmed,False,RETURN_TO_INTERRUPTED_WAYPOINT mode=AUTO nav_goal=RETURN_TO_INTERRUPTED_WAYPOINT,AUTO,0.000,0.350,2.416,-0.031,False,False,False
27.600,mission_state,RETURN_TO_INTERRUPTED_WAYPOINT mode=AUTO nav_goal=RETURN_TO_INTERRUPTED_WAYPOINT,RETURN_TO_INTERRUPTED_WAYPOINT mode=AUTO nav_goal=RETURN_TO_INTERRUPTED_WAYPOINT,AUTO,0.000,0.350,2.416,-0.031,False,False,False
27.600,classification,WAITING_DYNAMIC_LOCK,RETURN_TO_INTERRUPTED_WAYPOINT mode=AUTO nav_goal=RETURN_TO_INTERRUPTED_WAYPOINT,AUTO,0.000,0.350,2.416,-0.031,False,False,False
27.700,classification,WAITING_DYNAMIC_LOCK,RETURN_TO_INTERRUPTED_WAYPOINT mode=AUTO nav_goal=RETURN_TO_INTERRUPTED_WAYPOINT,AUTO,0.000,0.350,2.416,-0.031,False,False,False
27.700,bird_confirmed,False,RETURN_TO_INTERRUPTED_WAYPOINT mode=AUTO nav_goal=RETURN_TO_INTERRUPTED_WAYPOINT,AUTO,0.000,0.350,2.416,-0.031,False,False,False
27.800,dynamic_lock,False,RETURN_TO_INTERRUPTED_WAYPOINT mode=AUTO nav_goal=RETURN_TO_INTERRUPTED_WAYPOINT,AUTO,0.000,0.350,2.416,-0.031,False,False,False
27.800,sound_state,IDLE_NO_REQUEST,RETURN_TO_INTERRUPTED_WAYPOINT mode=AUTO nav_goal=RETURN_TO_INTERRUPTED_WAYPOINT,AUTO,0.000,0.350,2.416,-0.031,False,False,False
27.800,sound_done,False,RETURN_TO_INTERRUPTED_WAYPOINT mode=AUTO nav_goal=RETURN_TO_INTERRUPTED_WAYPOINT,AUTO,0.000,0.350,2.416,-0.031,False,False,False
27.800,classification,WAITING_DYNAMIC_LOCK,RETURN_TO_INTERRUPTED_WAYPOINT mode=AUTO nav_goal=RETURN_TO_INTERRUPTED_WAYPOINT,AUTO,0.000,0.350,2.416,-0.031,False,False,False
27.800,bird_confirmed,False,RETURN_TO_INTERRUPTED_WAYPOINT mode=AUTO nav_goal=RETURN_TO_INTERRUPTED_WAYPOINT,AUTO,0.000,0.350,2.416,-0.031,False,False,False
27.800,mission_state,RETURN_TO_INTERRUPTED_WAYPOINT mode=AUTO nav_goal=RETURN_TO_INTERRUPTED_WAYPOINT,RETURN_TO_INTERRUPTED_WAYPOINT mode=AUTO nav_goal=RETURN_TO_INTERRUPTED_WAYPOINT,AUTO,0.000,0.350,2.416,-0.031,False,False,False
27.900,classification,WAITING_DYNAMIC_LOCK,RETURN_TO_INTERRUPTED_WAYPOINT mode=AUTO nav_goal=RETURN_TO_INTERRUPTED_WAYPOINT,AUTO,0.000,0.350,2.416,-0.031,False,False,False
27.900,bird_confirmed,False,RETURN_TO_INTERRUPTED_WAYPOINT mode=AUTO nav_goal=RETURN_TO_INTERRUPTED_WAYPOINT,AUTO,0.000,0.350,2.416,-0.031,False,False,False
28.000,dynamic_lock,False,RETURN_TO_INTERRUPTED_WAYPOINT mode=AUTO nav_goal=RETURN_TO_INTERRUPTED_WAYPOINT,AUTO,0.000,0.350,2.416,-0.032,False,False,False
28.000,classification,WAITING_DYNAMIC_LOCK,RETURN_TO_INTERRUPTED_WAYPOINT mode=AUTO nav_goal=RETURN_TO_INTERRUPTED_WAYPOINT,AUTO,0.000,0.350,2.416,-0.032,False,False,False
28.000,bird_confirmed,False,RETURN_TO_INTERRUPTED_WAYPOINT mode=AUTO nav_goal=RETURN_TO_INTERRUPTED_WAYPOINT,AUTO,0.000,0.350,2.416,-0.032,False,False,False
28.000,sound_state,IDLE_NO_REQUEST,RETURN_TO_INTERRUPTED_WAYPOINT mode=AUTO nav_goal=RETURN_TO_INTERRUPTED_WAYPOINT,AUTO,0.000,0.350,2.416,-0.032,False,False,False
28.000,sound_done,False,RETURN_TO_INTERRUPTED_WAYPOINT mode=AUTO nav_goal=RETURN_TO_INTERRUPTED_WAYPOINT,AUTO,0.000,0.350,2.416,-0.032,False,False,False
28.000,mission_state,RETURN_TO_INTERRUPTED_WAYPOINT mode=AUTO nav_goal=RETURN_TO_INTERRUPTED_WAYPOINT,RETURN_TO_INTERRUPTED_WAYPOINT mode=AUTO nav_goal=RETURN_TO_INTERRUPTED_WAYPOINT,AUTO,0.000,0.350,2.416,-0.032,False,False,False
28.100,bird_confirmed,False,RETURN_TO_INTERRUPTED_WAYPOINT mode=AUTO nav_goal=RETURN_TO_INTERRUPTED_WAYPOINT,AUTO,0.000,0.350,2.417,-0.032,False,False,False
28.100,classification,WAITING_DYNAMIC_LOCK,RETURN_TO_INTERRUPTED_WAYPOINT mode=AUTO nav_goal=RETURN_TO_INTERRUPTED_WAYPOINT,AUTO,0.000,0.350,2.417,-0.032,False,False,False
28.200,dynamic_lock,False,RETURN_TO_INTERRUPTED_WAYPOINT mode=AUTO nav_goal=RETURN_TO_INTERRUPTED_WAYPOINT,AUTO,0.000,0.350,2.417,-0.032,False,False,False
28.200,classification,WAITING_DYNAMIC_LOCK,RETURN_TO_INTERRUPTED_WAYPOINT mode=AUTO nav_goal=RETURN_TO_INTERRUPTED_WAYPOINT,AUTO,0.000,0.350,2.417,-0.032,False,False,False
28.200,bird_confirmed,False,RETURN_TO_INTERRUPTED_WAYPOINT mode=AUTO nav_goal=RETURN_TO_INTERRUPTED_WAYPOINT,AUTO,0.000,0.350,2.417,-0.032,False,False,False
28.200,sound_state,IDLE_NO_REQUEST,RETURN_TO_INTERRUPTED_WAYPOINT mode=AUTO nav_goal=RETURN_TO_INTERRUPTED_WAYPOINT,AUTO,0.000,0.350,2.417,-0.032,False,False,False
28.200,sound_done,False,RETURN_TO_INTERRUPTED_WAYPOINT mode=AUTO nav_goal=RETURN_TO_INTERRUPTED_WAYPOINT,AUTO,0.000,0.350,2.417,-0.032,False,False,False
28.200,mission_state,RETURN_TO_INTERRUPTED_WAYPOINT mode=AUTO nav_goal=RETURN_TO_INTERRUPTED_WAYPOINT,RETURN_TO_INTERRUPTED_WAYPOINT mode=AUTO nav_goal=RETURN_TO_INTERRUPTED_WAYPOINT,AUTO,0.000,0.350,2.417,-0.032,False,False,False
28.300,bird_confirmed,False,RETURN_TO_INTERRUPTED_WAYPOINT mode=AUTO nav_goal=RETURN_TO_INTERRUPTED_WAYPOINT,AUTO,0.000,0.350,2.418,-0.032,False,False,False
28.300,classification,WAITING_DYNAMIC_LOCK,RETURN_TO_INTERRUPTED_WAYPOINT mode=AUTO nav_goal=RETURN_TO_INTERRUPTED_WAYPOINT,AUTO,0.000,0.350,2.418,-0.032,False,False,False
28.400,mission_state,RETURN_TO_INTERRUPTED_WAYPOINT mode=AUTO nav_goal=RETURN_TO_INTERRUPTED_WAYPOINT,RETURN_TO_INTERRUPTED_WAYPOINT mode=AUTO nav_goal=RETURN_TO_INTERRUPTED_WAYPOINT,AUTO,0.000,0.350,2.418,-0.032,False,False,False
28.400,dynamic_lock,False,RETURN_TO_INTERRUPTED_WAYPOINT mode=AUTO nav_goal=RETURN_TO_INTERRUPTED_WAYPOINT,AUTO,0.000,0.350,2.418,-0.032,False,False,False
28.400,classification,WAITING_DYNAMIC_LOCK,RETURN_TO_INTERRUPTED_WAYPOINT mode=AUTO nav_goal=RETURN_TO_INTERRUPTED_WAYPOINT,AUTO,0.000,0.350,2.418,-0.032,False,False,False
28.400,bird_confirmed,False,RETURN_TO_INTERRUPTED_WAYPOINT mode=AUTO nav_goal=RETURN_TO_INTERRUPTED_WAYPOINT,AUTO,0.000,0.350,2.418,-0.032,False,False,False
28.400,sound_state,IDLE_NO_REQUEST,RETURN_TO_INTERRUPTED_WAYPOINT mode=AUTO nav_goal=RETURN_TO_INTERRUPTED_WAYPOINT,AUTO,0.000,0.350,2.418,-0.032,False,False,False
28.400,sound_done,False,RETURN_TO_INTERRUPTED_WAYPOINT mode=AUTO nav_goal=RETURN_TO_INTERRUPTED_WAYPOINT,AUTO,0.000,0.350,2.418,-0.032,False,False,False
28.500,classification,WAITING_DYNAMIC_LOCK,RETURN_TO_INTERRUPTED_WAYPOINT mode=AUTO nav_goal=RETURN_TO_INTERRUPTED_WAYPOINT,AUTO,0.000,0.350,2.418,-0.033,False,False,False
28.500,bird_confirmed,False,RETURN_TO_INTERRUPTED_WAYPOINT mode=AUTO nav_goal=RETURN_TO_INTERRUPTED_WAYPOINT,AUTO,0.000,0.350,2.418,-0.033,False,False,False
28.600,mission_state,RETURN_TO_INTERRUPTED_WAYPOINT mode=AUTO nav_goal=RETURN_TO_INTERRUPTED_WAYPOINT,RETURN_TO_INTERRUPTED_WAYPOINT mode=AUTO nav_goal=RETURN_TO_INTERRUPTED_WAYPOINT,AUTO,0.000,0.350,2.418,-0.032,False,False,False
28.600,dynamic_lock,False,RETURN_TO_INTERRUPTED_WAYPOINT mode=AUTO nav_goal=RETURN_TO_INTERRUPTED_WAYPOINT,AUTO,0.000,0.350,2.418,-0.032,False,False,False
28.600,classification,WAITING_DYNAMIC_LOCK,RETURN_TO_INTERRUPTED_WAYPOINT mode=AUTO nav_goal=RETURN_TO_INTERRUPTED_WAYPOINT,AUTO,0.000,0.350,2.418,-0.032,False,False,False
28.600,bird_confirmed,False,RETURN_TO_INTERRUPTED_WAYPOINT mode=AUTO nav_goal=RETURN_TO_INTERRUPTED_WAYPOINT,AUTO,0.000,0.350,2.418,-0.032,False,False,False
28.600,sound_state,IDLE_NO_REQUEST,RETURN_TO_INTERRUPTED_WAYPOINT mode=AUTO nav_goal=RETURN_TO_INTERRUPTED_WAYPOINT,AUTO,0.000,0.350,2.418,-0.032,False,False,False
28.600,sound_done,False,RETURN_TO_INTERRUPTED_WAYPOINT mode=AUTO nav_goal=RETURN_TO_INTERRUPTED_WAYPOINT,AUTO,0.000,0.350,2.418,-0.032,False,False,False
28.700,classification,WAITING_DYNAMIC_LOCK,RETURN_TO_INTERRUPTED_WAYPOINT mode=AUTO nav_goal=RETURN_TO_INTERRUPTED_WAYPOINT,AUTO,0.120,0.350,2.420,-0.028,False,False,False
28.700,bird_confirmed,False,RETURN_TO_INTERRUPTED_WAYPOINT mode=AUTO nav_goal=RETURN_TO_INTERRUPTED_WAYPOINT,AUTO,0.120,0.350,2.420,-0.028,False,False,False
28.800,sound_done,False,RETURN_TO_INTERRUPTED_WAYPOINT mode=AUTO nav_goal=RETURN_TO_INTERRUPTED_WAYPOINT,AUTO,0.120,0.350,2.427,-0.011,False,False,False
28.800,mission_state,RETURN_TO_INTERRUPTED_WAYPOINT mode=AUTO nav_goal=RETURN_TO_INTERRUPTED_WAYPOINT,RETURN_TO_INTERRUPTED_WAYPOINT mode=AUTO nav_goal=RETURN_TO_INTERRUPTED_WAYPOINT,AUTO,0.120,0.350,2.427,-0.011,False,False,False
28.800,classification,WAITING_DYNAMIC_LOCK,RETURN_TO_INTERRUPTED_WAYPOINT mode=AUTO nav_goal=RETURN_TO_INTERRUPTED_WAYPOINT,AUTO,0.120,0.350,2.427,-0.011,False,False,False
28.800,bird_confirmed,False,RETURN_TO_INTERRUPTED_WAYPOINT mode=AUTO nav_goal=RETURN_TO_INTERRUPTED_WAYPOINT,AUTO,0.120,0.350,2.427,-0.011,False,False,False
28.800,sound_state,IDLE_NO_REQUEST,RETURN_TO_INTERRUPTED_WAYPOINT mode=AUTO nav_goal=RETURN_TO_INTERRUPTED_WAYPOINT,AUTO,0.120,0.350,2.427,-0.011,False,False,False
28.800,dynamic_lock,False,RETURN_TO_INTERRUPTED_WAYPOINT mode=AUTO nav_goal=RETURN_TO_INTERRUPTED_WAYPOINT,AUTO,0.120,0.350,2.427,-0.009,False,False,False
28.900,classification,WAITING_DYNAMIC_LOCK,RETURN_TO_INTERRUPTED_WAYPOINT mode=AUTO nav_goal=RETURN_TO_INTERRUPTED_WAYPOINT,AUTO,0.120,0.350,2.434,0.006,False,False,False
28.900,bird_confirmed,False,RETURN_TO_INTERRUPTED_WAYPOINT mode=AUTO nav_goal=RETURN_TO_INTERRUPTED_WAYPOINT,AUTO,0.120,0.350,2.434,0.006,False,False,False
29.000,dynamic_lock,False,RETURN_TO_INTERRUPTED_WAYPOINT mode=AUTO nav_goal=RETURN_TO_INTERRUPTED_WAYPOINT,AUTO,0.120,0.350,2.440,0.024,False,False,False
29.000,bird_confirmed,False,RETURN_TO_INTERRUPTED_WAYPOINT mode=AUTO nav_goal=RETURN_TO_INTERRUPTED_WAYPOINT,AUTO,0.120,0.350,2.440,0.024,False,False,False
29.000,sound_state,IDLE_NO_REQUEST,RETURN_TO_INTERRUPTED_WAYPOINT mode=AUTO nav_goal=RETURN_TO_INTERRUPTED_WAYPOINT,AUTO,0.120,0.350,2.440,0.024,False,False,False
29.000,sound_done,False,RETURN_TO_INTERRUPTED_WAYPOINT mode=AUTO nav_goal=RETURN_TO_INTERRUPTED_WAYPOINT,AUTO,0.120,0.350,2.440,0.024,False,False,False
29.000,mission_state,RETURN_TO_INTERRUPTED_WAYPOINT mode=AUTO nav_goal=RETURN_TO_INTERRUPTED_WAYPOINT,RETURN_TO_INTERRUPTED_WAYPOINT mode=AUTO nav_goal=RETURN_TO_INTERRUPTED_WAYPOINT,AUTO,0.120,0.350,2.440,0.024,False,False,False
29.000,classification,WAITING_DYNAMIC_LOCK,RETURN_TO_INTERRUPTED_WAYPOINT mode=AUTO nav_goal=RETURN_TO_INTERRUPTED_WAYPOINT,AUTO,0.120,0.350,2.440,0.024,False,False,False
29.100,classification,WAITING_DYNAMIC_LOCK,RETURN_TO_INTERRUPTED_WAYPOINT mode=AUTO nav_goal=RETURN_TO_INTERRUPTED_WAYPOINT,AUTO,0.120,0.350,2.447,0.043,False,False,False
29.100,bird_confirmed,False,RETURN_TO_INTERRUPTED_WAYPOINT mode=AUTO nav_goal=RETURN_TO_INTERRUPTED_WAYPOINT,AUTO,0.120,0.350,2.447,0.043,False,False,False
29.200,mission_state,RETURN_TO_INTERRUPTED_WAYPOINT mode=AUTO nav_goal=RETURN_TO_INTERRUPTED_WAYPOINT,RETURN_TO_INTERRUPTED_WAYPOINT mode=AUTO nav_goal=RETURN_TO_INTERRUPTED_WAYPOINT,AUTO,0.120,0.350,2.452,0.059,False,False,False
29.200,sound_state,IDLE_NO_REQUEST,RETURN_TO_INTERRUPTED_WAYPOINT mode=AUTO nav_goal=RETURN_TO_INTERRUPTED_WAYPOINT,AUTO,0.120,0.350,2.452,0.059,False,False,False
29.200,sound_done,False,RETURN_TO_INTERRUPTED_WAYPOINT mode=AUTO nav_goal=RETURN_TO_INTERRUPTED_WAYPOINT,AUTO,0.120,0.350,2.452,0.059,False,False,False
29.200,classification,WAITING_DYNAMIC_LOCK,RETURN_TO_INTERRUPTED_WAYPOINT mode=AUTO nav_goal=RETURN_TO_INTERRUPTED_WAYPOINT,AUTO,0.120,0.350,2.452,0.059,False,False,False
29.200,bird_confirmed,False,RETURN_TO_INTERRUPTED_WAYPOINT mode=AUTO nav_goal=RETURN_TO_INTERRUPTED_WAYPOINT,AUTO,0.120,0.350,2.452,0.059,False,False,False
29.200,dynamic_lock,False,RETURN_TO_INTERRUPTED_WAYPOINT mode=AUTO nav_goal=RETURN_TO_INTERRUPTED_WAYPOINT,AUTO,0.120,0.350,2.456,0.072,False,False,False
29.300,classification,WAITING_DYNAMIC_LOCK,RETURN_TO_INTERRUPTED_WAYPOINT mode=AUTO nav_goal=RETURN_TO_INTERRUPTED_WAYPOINT,AUTO,0.120,0.350,2.457,0.077,False,False,False
29.300,bird_confirmed,False,RETURN_TO_INTERRUPTED_WAYPOINT mode=AUTO nav_goal=RETURN_TO_INTERRUPTED_WAYPOINT,AUTO,0.120,0.350,2.457,0.077,False,False,False
29.400,classification,WAITING_DYNAMIC_LOCK,RETURN_TO_INTERRUPTED_WAYPOINT mode=AUTO nav_goal=RETURN_TO_INTERRUPTED_WAYPOINT,AUTO,0.120,0.350,2.461,0.096,False,False,False
29.400,bird_confirmed,False,RETURN_TO_INTERRUPTED_WAYPOINT mode=AUTO nav_goal=RETURN_TO_INTERRUPTED_WAYPOINT,AUTO,0.120,0.350,2.461,0.096,False,False,False
29.400,sound_state,IDLE_NO_REQUEST,RETURN_TO_INTERRUPTED_WAYPOINT mode=AUTO nav_goal=RETURN_TO_INTERRUPTED_WAYPOINT,AUTO,0.120,0.350,2.461,0.096,False,False,False
29.400,sound_done,False,RETURN_TO_INTERRUPTED_WAYPOINT mode=AUTO nav_goal=RETURN_TO_INTERRUPTED_WAYPOINT,AUTO,0.120,0.350,2.461,0.096,False,False,False
29.400,mission_state,RETURN_TO_INTERRUPTED_WAYPOINT mode=AUTO nav_goal=RETURN_TO_INTERRUPTED_WAYPOINT,RETURN_TO_INTERRUPTED_WAYPOINT mode=AUTO nav_goal=RETURN_TO_INTERRUPTED_WAYPOINT,AUTO,0.120,0.350,2.461,0.096,False,False,False
29.400,dynamic_lock,False,RETURN_TO_INTERRUPTED_WAYPOINT mode=AUTO nav_goal=RETURN_TO_INTERRUPTED_WAYPOINT,AUTO,0.120,0.350,2.462,0.098,False,False,False
29.500,classification,WAITING_DYNAMIC_LOCK,RETURN_TO_INTERRUPTED_WAYPOINT mode=AUTO nav_goal=RETURN_TO_INTERRUPTED_WAYPOINT,AUTO,0.120,0.350,2.466,0.117,False,False,False
29.500,bird_confirmed,False,RETURN_TO_INTERRUPTED_WAYPOINT mode=AUTO nav_goal=RETURN_TO_INTERRUPTED_WAYPOINT,AUTO,0.120,0.350,2.466,0.117,False,False,False
29.600,sound_state,IDLE_NO_REQUEST,RETURN_TO_INTERRUPTED_WAYPOINT mode=AUTO nav_goal=RETURN_TO_INTERRUPTED_WAYPOINT,AUTO,0.120,0.350,2.470,0.133,False,False,False
29.600,sound_done,False,RETURN_TO_INTERRUPTED_WAYPOINT mode=AUTO nav_goal=RETURN_TO_INTERRUPTED_WAYPOINT,AUTO,0.120,0.350,2.470,0.133,False,False,False
29.600,mission_state,RETURN_TO_INTERRUPTED_WAYPOINT mode=AUTO nav_goal=RETURN_TO_INTERRUPTED_WAYPOINT,RETURN_TO_INTERRUPTED_WAYPOINT mode=AUTO nav_goal=RETURN_TO_INTERRUPTED_WAYPOINT,AUTO,0.120,0.350,2.470,0.134,False,False,False
29.600,classification,WAITING_DYNAMIC_LOCK,RETURN_TO_INTERRUPTED_WAYPOINT mode=AUTO nav_goal=RETURN_TO_INTERRUPTED_WAYPOINT,AUTO,0.120,0.350,2.470,0.134,False,False,False
29.600,bird_confirmed,False,RETURN_TO_INTERRUPTED_WAYPOINT mode=AUTO nav_goal=RETURN_TO_INTERRUPTED_WAYPOINT,AUTO,0.120,0.350,2.470,0.134,False,False,False
29.600,dynamic_lock,False,RETURN_TO_INTERRUPTED_WAYPOINT mode=AUTO nav_goal=RETURN_TO_INTERRUPTED_WAYPOINT,AUTO,0.120,0.350,2.473,0.148,False,False,False
29.700,classification,WAITING_DYNAMIC_LOCK,RETURN_TO_INTERRUPTED_WAYPOINT mode=AUTO nav_goal=RETURN_TO_INTERRUPTED_WAYPOINT,AUTO,0.120,0.350,2.474,0.153,False,False,False
29.700,bird_confirmed,False,RETURN_TO_INTERRUPTED_WAYPOINT mode=AUTO nav_goal=RETURN_TO_INTERRUPTED_WAYPOINT,AUTO,0.120,0.350,2.474,0.153,False,False,False
29.800,sound_state,IDLE_NO_REQUEST,RETURN_TO_INTERRUPTED_WAYPOINT mode=AUTO nav_goal=RETURN_TO_INTERRUPTED_WAYPOINT,AUTO,0.120,0.350,2.477,0.170,False,False,False
29.800,sound_done,False,RETURN_TO_INTERRUPTED_WAYPOINT mode=AUTO nav_goal=RETURN_TO_INTERRUPTED_WAYPOINT,AUTO,0.120,0.350,2.477,0.170,False,False,False
29.800,mission_state,RETURN_TO_INTERRUPTED_WAYPOINT mode=AUTO nav_goal=RETURN_TO_INTERRUPTED_WAYPOINT,RETURN_TO_INTERRUPTED_WAYPOINT mode=AUTO nav_goal=RETURN_TO_INTERRUPTED_WAYPOINT,AUTO,0.120,0.350,2.477,0.170,False,False,False
29.800,classification,WAITING_DYNAMIC_LOCK,RETURN_TO_INTERRUPTED_WAYPOINT mode=AUTO nav_goal=RETURN_TO_INTERRUPTED_WAYPOINT,AUTO,0.120,0.350,2.477,0.170,False,False,False
29.800,bird_confirmed,False,RETURN_TO_INTERRUPTED_WAYPOINT mode=AUTO nav_goal=RETURN_TO_INTERRUPTED_WAYPOINT,AUTO,0.120,0.350,2.477,0.170,False,False,False
29.800,dynamic_lock,False,RETURN_TO_INTERRUPTED_WAYPOINT mode=AUTO nav_goal=RETURN_TO_INTERRUPTED_WAYPOINT,AUTO,0.120,0.350,2.477,0.172,False,False,False
29.900,classification,WAITING_DYNAMIC_LOCK,RETURN_TO_INTERRUPTED_WAYPOINT mode=AUTO nav_goal=RETURN_TO_INTERRUPTED_WAYPOINT,AUTO,0.120,0.350,2.480,0.189,False,False,False
29.900,bird_confirmed,False,RETURN_TO_INTERRUPTED_WAYPOINT mode=AUTO nav_goal=RETURN_TO_INTERRUPTED_WAYPOINT,AUTO,0.120,0.350,2.480,0.189,False,False,False
30.000,classification,WAITING_DYNAMIC_LOCK,RETURN_TO_INTERRUPTED_WAYPOINT mode=AUTO nav_goal=RETURN_TO_INTERRUPTED_WAYPOINT,AUTO,0.120,0.350,2.482,0.207,False,False,False
30.000,bird_confirmed,False,RETURN_TO_INTERRUPTED_WAYPOINT mode=AUTO nav_goal=RETURN_TO_INTERRUPTED_WAYPOINT,AUTO,0.120,0.350,2.482,0.207,False,False,False
30.000,sound_done,False,RETURN_TO_INTERRUPTED_WAYPOINT mode=AUTO nav_goal=RETURN_TO_INTERRUPTED_WAYPOINT,AUTO,0.120,0.350,2.482,0.207,False,False,False
30.000,mission_state,RETURN_TO_INTERRUPTED_WAYPOINT mode=AUTO nav_goal=RETURN_TO_INTERRUPTED_WAYPOINT,RETURN_TO_INTERRUPTED_WAYPOINT mode=AUTO nav_goal=RETURN_TO_INTERRUPTED_WAYPOINT,AUTO,0.120,0.350,2.482,0.207,False,False,False
30.000,dynamic_lock,False,RETURN_TO_INTERRUPTED_WAYPOINT mode=AUTO nav_goal=RETURN_TO_INTERRUPTED_WAYPOINT,AUTO,0.120,0.350,2.482,0.207,False,False,False
30.000,sound_state,IDLE_NO_REQUEST,RETURN_TO_INTERRUPTED_WAYPOINT mode=AUTO nav_goal=RETURN_TO_INTERRUPTED_WAYPOINT,AUTO,0.120,0.350,2.482,0.207,False,False,False
30.100,bird_confirmed,False,RETURN_TO_INTERRUPTED_WAYPOINT mode=AUTO nav_goal=RETURN_TO_INTERRUPTED_WAYPOINT,AUTO,0.120,0.350,2.484,0.228,False,False,False
30.100,classification,WAITING_DYNAMIC_LOCK,RETURN_TO_INTERRUPTED_WAYPOINT mode=AUTO nav_goal=RETURN_TO_INTERRUPTED_WAYPOINT,AUTO,0.120,0.350,2.484,0.228,False,False,False
30.200,classification,WAITING_DYNAMIC_LOCK,RETURN_TO_INTERRUPTED_WAYPOINT mode=AUTO nav_goal=RETURN_TO_INTERRUPTED_WAYPOINT,AUTO,0.120,0.350,2.486,0.244,False,False,False
30.200,bird_confirmed,False,RETURN_TO_INTERRUPTED_WAYPOINT mode=AUTO nav_goal=RETURN_TO_INTERRUPTED_WAYPOINT,AUTO,0.120,0.350,2.486,0.244,False,False,False
30.200,sound_state,IDLE_NO_REQUEST,RETURN_TO_INTERRUPTED_WAYPOINT mode=AUTO nav_goal=RETURN_TO_INTERRUPTED_WAYPOINT,AUTO,0.120,0.350,2.486,0.244,False,False,False
30.200,sound_done,False,RETURN_TO_INTERRUPTED_WAYPOINT mode=AUTO nav_goal=RETURN_TO_INTERRUPTED_WAYPOINT,AUTO,0.120,0.350,2.486,0.244,False,False,False
30.200,dynamic_lock,False,RETURN_TO_INTERRUPTED_WAYPOINT mode=AUTO nav_goal=RETURN_TO_INTERRUPTED_WAYPOINT,AUTO,0.120,0.350,2.486,0.244,False,False,False
30.200,mission_state,RETURN_TO_INTERRUPTED_WAYPOINT mode=AUTO nav_goal=RETURN_TO_INTERRUPTED_WAYPOINT,RETURN_TO_INTERRUPTED_WAYPOINT mode=AUTO nav_goal=RETURN_TO_INTERRUPTED_WAYPOINT,AUTO,0.120,0.350,2.486,0.247,False,False,False
30.300,classification,WAITING_DYNAMIC_LOCK,RETURN_TO_INTERRUPTED_WAYPOINT mode=AUTO nav_goal=RETURN_TO_INTERRUPTED_WAYPOINT,AUTO,0.120,0.350,2.487,0.266,False,False,False
30.300,bird_confirmed,False,RETURN_TO_INTERRUPTED_WAYPOINT mode=AUTO nav_goal=RETURN_TO_INTERRUPTED_WAYPOINT,AUTO,0.120,0.350,2.487,0.266,False,False,False
30.400,mission_state,RETURN_TO_INTERRUPTED_WAYPOINT mode=AUTO nav_goal=RETURN_TO_INTERRUPTED_WAYPOINT,RETURN_TO_INTERRUPTED_WAYPOINT mode=AUTO nav_goal=RETURN_TO_INTERRUPTED_WAYPOINT,AUTO,0.120,0.350,2.487,0.283,False,False,False
30.400,dynamic_lock,False,RETURN_TO_INTERRUPTED_WAYPOINT mode=AUTO nav_goal=RETURN_TO_INTERRUPTED_WAYPOINT,AUTO,0.120,0.350,2.487,0.283,False,False,False
30.400,classification,WAITING_DYNAMIC_LOCK,RETURN_TO_INTERRUPTED_WAYPOINT mode=AUTO nav_goal=RETURN_TO_INTERRUPTED_WAYPOINT,AUTO,0.120,0.350,2.487,0.283,False,False,False
30.400,bird_confirmed,False,RETURN_TO_INTERRUPTED_WAYPOINT mode=AUTO nav_goal=RETURN_TO_INTERRUPTED_WAYPOINT,AUTO,0.120,0.350,2.487,0.283,False,False,False
30.400,sound_state,IDLE_NO_REQUEST,RETURN_TO_INTERRUPTED_WAYPOINT mode=AUTO nav_goal=RETURN_TO_INTERRUPTED_WAYPOINT,AUTO,0.120,0.350,2.487,0.283,False,False,False
30.400,sound_done,False,RETURN_TO_INTERRUPTED_WAYPOINT mode=AUTO nav_goal=RETURN_TO_INTERRUPTED_WAYPOINT,AUTO,0.120,0.350,2.487,0.283,False,False,False
30.500,classification,WAITING_DYNAMIC_LOCK,RETURN_TO_INTERRUPTED_WAYPOINT mode=AUTO nav_goal=RETURN_TO_INTERRUPTED_WAYPOINT,AUTO,0.120,0.350,2.487,0.302,False,False,False
30.500,bird_confirmed,False,RETURN_TO_INTERRUPTED_WAYPOINT mode=AUTO nav_goal=RETURN_TO_INTERRUPTED_WAYPOINT,AUTO,0.120,0.350,2.487,0.302,False,False,False
30.600,sound_state,IDLE_NO_REQUEST,RETURN_TO_INTERRUPTED_WAYPOINT mode=AUTO nav_goal=RETURN_TO_INTERRUPTED_WAYPOINT,AUTO,0.120,0.347,2.487,0.320,False,False,False
30.600,sound_done,False,RETURN_TO_INTERRUPTED_WAYPOINT mode=AUTO nav_goal=RETURN_TO_INTERRUPTED_WAYPOINT,AUTO,0.120,0.347,2.487,0.320,False,False,False
30.600,mission_state,RETURN_TO_INTERRUPTED_WAYPOINT mode=AUTO nav_goal=RETURN_TO_INTERRUPTED_WAYPOINT,RETURN_TO_INTERRUPTED_WAYPOINT mode=AUTO nav_goal=RETURN_TO_INTERRUPTED_WAYPOINT,AUTO,0.120,0.347,2.487,0.320,False,False,False
30.600,classification,WAITING_DYNAMIC_LOCK,RETURN_TO_INTERRUPTED_WAYPOINT mode=AUTO nav_goal=RETURN_TO_INTERRUPTED_WAYPOINT,AUTO,0.120,0.347,2.487,0.320,False,False,False
30.600,bird_confirmed,False,RETURN_TO_INTERRUPTED_WAYPOINT mode=AUTO nav_goal=RETURN_TO_INTERRUPTED_WAYPOINT,AUTO,0.120,0.347,2.487,0.320,False,False,False
30.600,dynamic_lock,False,RETURN_TO_INTERRUPTED_WAYPOINT mode=AUTO nav_goal=RETURN_TO_INTERRUPTED_WAYPOINT,AUTO,0.120,0.347,2.487,0.322,False,False,False
30.700,classification,WAITING_DYNAMIC_LOCK,RETURN_TO_INTERRUPTED_WAYPOINT mode=AUTO nav_goal=RETURN_TO_INTERRUPTED_WAYPOINT,AUTO,0.120,0.347,2.487,0.338,False,False,False
30.700,bird_confirmed,False,RETURN_TO_INTERRUPTED_WAYPOINT mode=AUTO nav_goal=RETURN_TO_INTERRUPTED_WAYPOINT,AUTO,0.120,0.347,2.487,0.338,False,False,False
30.800,mission_state,RETURN_TO_INTERRUPTED_WAYPOINT mode=AUTO nav_goal=RETURN_TO_INTERRUPTED_WAYPOINT,RETURN_TO_INTERRUPTED_WAYPOINT mode=AUTO nav_goal=RETURN_TO_INTERRUPTED_WAYPOINT,AUTO,0.120,0.334,2.486,0.358,False,False,False
30.800,sound_state,IDLE_NO_REQUEST,RETURN_TO_INTERRUPTED_WAYPOINT mode=AUTO nav_goal=RETURN_TO_INTERRUPTED_WAYPOINT,AUTO,0.120,0.334,2.486,0.358,False,False,False
30.800,sound_done,False,RETURN_TO_INTERRUPTED_WAYPOINT mode=AUTO nav_goal=RETURN_TO_INTERRUPTED_WAYPOINT,AUTO,0.120,0.334,2.486,0.358,False,False,False
30.800,classification,WAITING_DYNAMIC_LOCK,RETURN_TO_INTERRUPTED_WAYPOINT mode=AUTO nav_goal=RETURN_TO_INTERRUPTED_WAYPOINT,AUTO,0.120,0.334,2.486,0.360,False,False,False
30.800,bird_confirmed,False,RETURN_TO_INTERRUPTED_WAYPOINT mode=AUTO nav_goal=RETURN_TO_INTERRUPTED_WAYPOINT,AUTO,0.120,0.334,2.486,0.360,False,False,False
30.800,dynamic_lock,False,RETURN_TO_INTERRUPTED_WAYPOINT mode=AUTO nav_goal=RETURN_TO_INTERRUPTED_WAYPOINT,AUTO,0.120,0.334,2.486,0.360,False,False,False
30.900,classification,WAITING_DYNAMIC_LOCK,RETURN_TO_INTERRUPTED_WAYPOINT mode=AUTO nav_goal=RETURN_TO_INTERRUPTED_WAYPOINT,AUTO,0.120,0.334,2.485,0.376,False,False,False
30.900,bird_confirmed,False,RETURN_TO_INTERRUPTED_WAYPOINT mode=AUTO nav_goal=RETURN_TO_INTERRUPTED_WAYPOINT,AUTO,0.120,0.334,2.485,0.376,False,False,False
31.000,dynamic_lock,False,RETURN_TO_INTERRUPTED_WAYPOINT mode=AUTO nav_goal=RETURN_TO_INTERRUPTED_WAYPOINT,AUTO,0.120,0.316,2.484,0.394,False,False,False
31.000,classification,WAITING_DYNAMIC_LOCK,RETURN_TO_INTERRUPTED_WAYPOINT mode=AUTO nav_goal=RETURN_TO_INTERRUPTED_WAYPOINT,AUTO,0.120,0.316,2.484,0.394,False,False,False
31.000,bird_confirmed,False,RETURN_TO_INTERRUPTED_WAYPOINT mode=AUTO nav_goal=RETURN_TO_INTERRUPTED_WAYPOINT,AUTO,0.120,0.316,2.484,0.394,False,False,False
31.000,sound_state,IDLE_NO_REQUEST,RETURN_TO_INTERRUPTED_WAYPOINT mode=AUTO nav_goal=RETURN_TO_INTERRUPTED_WAYPOINT,AUTO,0.120,0.316,2.484,0.394,False,False,False
31.000,sound_done,False,RETURN_TO_INTERRUPTED_WAYPOINT mode=AUTO nav_goal=RETURN_TO_INTERRUPTED_WAYPOINT,AUTO,0.120,0.316,2.484,0.394,False,False,False
31.000,mission_state,RETURN_TO_INTERRUPTED_WAYPOINT mode=AUTO nav_goal=RETURN_TO_INTERRUPTED_WAYPOINT,RETURN_TO_INTERRUPTED_WAYPOINT mode=AUTO nav_goal=RETURN_TO_INTERRUPTED_WAYPOINT,AUTO,0.120,0.293,2.483,0.396,False,False,False
31.100,classification,WAITING_DYNAMIC_LOCK,RETURN_TO_INTERRUPTED_WAYPOINT mode=AUTO nav_goal=RETURN_TO_INTERRUPTED_WAYPOINT,AUTO,0.120,0.293,2.482,0.413,False,False,False
31.100,bird_confirmed,False,RETURN_TO_INTERRUPTED_WAYPOINT mode=AUTO nav_goal=RETURN_TO_INTERRUPTED_WAYPOINT,AUTO,0.120,0.293,2.482,0.413,False,False,False
31.200,dynamic_lock,False,RETURN_TO_INTERRUPTED_WAYPOINT mode=AUTO nav_goal=RETURN_TO_INTERRUPTED_WAYPOINT,AUTO,0.120,0.270,2.480,0.433,False,False,False
31.200,sound_state,IDLE_NO_REQUEST,RETURN_TO_INTERRUPTED_WAYPOINT mode=AUTO nav_goal=RETURN_TO_INTERRUPTED_WAYPOINT,AUTO,0.120,0.270,2.480,0.433,False,False,False
31.200,sound_done,False,RETURN_TO_INTERRUPTED_WAYPOINT mode=AUTO nav_goal=RETURN_TO_INTERRUPTED_WAYPOINT,AUTO,0.120,0.270,2.480,0.433,False,False,False
31.200,mission_state,RETURN_TO_INTERRUPTED_WAYPOINT mode=AUTO nav_goal=RETURN_TO_INTERRUPTED_WAYPOINT,RETURN_TO_INTERRUPTED_WAYPOINT mode=AUTO nav_goal=RETURN_TO_INTERRUPTED_WAYPOINT,AUTO,0.120,0.252,2.480,0.435,False,False,False
31.200,classification,WAITING_DYNAMIC_LOCK,RETURN_TO_INTERRUPTED_WAYPOINT mode=AUTO nav_goal=RETURN_TO_INTERRUPTED_WAYPOINT,AUTO,0.120,0.252,2.480,0.435,False,False,False
31.200,bird_confirmed,False,RETURN_TO_INTERRUPTED_WAYPOINT mode=AUTO nav_goal=RETURN_TO_INTERRUPTED_WAYPOINT,AUTO,0.120,0.252,2.480,0.435,False,False,False
31.300,classification,WAITING_DYNAMIC_LOCK,RETURN_TO_INTERRUPTED_WAYPOINT mode=AUTO nav_goal=RETURN_TO_INTERRUPTED_WAYPOINT,AUTO,0.120,0.241,2.477,0.454,False,False,False
31.300,bird_confirmed,False,RETURN_TO_INTERRUPTED_WAYPOINT mode=AUTO nav_goal=RETURN_TO_INTERRUPTED_WAYPOINT,AUTO,0.120,0.241,2.477,0.454,False,False,False
31.400,mission_state,RETURN_TO_INTERRUPTED_WAYPOINT mode=AUTO nav_goal=RETURN_TO_INTERRUPTED_WAYPOINT,RETURN_TO_INTERRUPTED_WAYPOINT mode=AUTO nav_goal=RETURN_TO_INTERRUPTED_WAYPOINT,AUTO,0.120,0.241,2.475,0.471,False,False,False
31.400,classification,WAITING_DYNAMIC_LOCK,RETURN_TO_INTERRUPTED_WAYPOINT mode=AUTO nav_goal=RETURN_TO_INTERRUPTED_WAYPOINT,AUTO,0.120,0.241,2.475,0.471,False,False,False
31.400,bird_confirmed,False,RETURN_TO_INTERRUPTED_WAYPOINT mode=AUTO nav_goal=RETURN_TO_INTERRUPTED_WAYPOINT,AUTO,0.120,0.241,2.475,0.471,False,False,False
31.400,sound_state,IDLE_NO_REQUEST,RETURN_TO_INTERRUPTED_WAYPOINT mode=AUTO nav_goal=RETURN_TO_INTERRUPTED_WAYPOINT,AUTO,0.120,0.241,2.475,0.471,False,False,False
31.400,sound_done,False,RETURN_TO_INTERRUPTED_WAYPOINT mode=AUTO nav_goal=RETURN_TO_INTERRUPTED_WAYPOINT,AUTO,0.120,0.241,2.475,0.471,False,False,False
31.400,dynamic_lock,False,RETURN_TO_INTERRUPTED_WAYPOINT mode=AUTO nav_goal=RETURN_TO_INTERRUPTED_WAYPOINT,AUTO,0.120,0.231,2.473,0.480,False,False,False
31.500,classification,WAITING_DYNAMIC_LOCK,RETURN_TO_INTERRUPTED_WAYPOINT mode=AUTO nav_goal=RETURN_TO_INTERRUPTED_WAYPOINT,AUTO,0.120,0.231,2.472,0.489,False,False,False
31.500,bird_confirmed,False,RETURN_TO_INTERRUPTED_WAYPOINT mode=AUTO nav_goal=RETURN_TO_INTERRUPTED_WAYPOINT,AUTO,0.120,0.231,2.472,0.489,False,False,False
31.600,dynamic_lock,False,RETURN_TO_INTERRUPTED_WAYPOINT mode=AUTO nav_goal=RETURN_TO_INTERRUPTED_WAYPOINT,AUTO,0.120,0.215,2.469,0.508,False,False,False
31.600,classification,WAITING_DYNAMIC_LOCK,RETURN_TO_INTERRUPTED_WAYPOINT mode=AUTO nav_goal=RETURN_TO_INTERRUPTED_WAYPOINT,AUTO,0.120,0.215,2.469,0.508,False,False,False
31.600,bird_confirmed,False,RETURN_TO_INTERRUPTED_WAYPOINT mode=AUTO nav_goal=RETURN_TO_INTERRUPTED_WAYPOINT,AUTO,0.120,0.215,2.469,0.508,False,False,False
31.600,sound_state,IDLE_NO_REQUEST,RETURN_TO_INTERRUPTED_WAYPOINT mode=AUTO nav_goal=RETURN_TO_INTERRUPTED_WAYPOINT,AUTO,0.120,0.215,2.469,0.508,False,False,False
31.600,sound_done,False,RETURN_TO_INTERRUPTED_WAYPOINT mode=AUTO nav_goal=RETURN_TO_INTERRUPTED_WAYPOINT,AUTO,0.120,0.215,2.469,0.508,False,False,False
31.600,mission_state,RETURN_TO_INTERRUPTED_WAYPOINT mode=AUTO nav_goal=RETURN_TO_INTERRUPTED_WAYPOINT,RETURN_TO_INTERRUPTED_WAYPOINT mode=AUTO nav_goal=RETURN_TO_INTERRUPTED_WAYPOINT,AUTO,0.120,0.215,2.469,0.510,False,False,False
31.700,classification,WAITING_DYNAMIC_LOCK,RETURN_TO_INTERRUPTED_WAYPOINT mode=AUTO nav_goal=RETURN_TO_INTERRUPTED_WAYPOINT,AUTO,0.120,0.198,2.466,0.527,False,False,False
31.700,bird_confirmed,False,RETURN_TO_INTERRUPTED_WAYPOINT mode=AUTO nav_goal=RETURN_TO_INTERRUPTED_WAYPOINT,AUTO,0.120,0.198,2.466,0.527,False,False,False
31.800,classification,WAITING_DYNAMIC_LOCK,RETURN_TO_INTERRUPTED_WAYPOINT mode=AUTO nav_goal=RETURN_TO_INTERRUPTED_WAYPOINT,AUTO,0.120,0.185,2.462,0.546,False,False,False
31.800,bird_confirmed,False,RETURN_TO_INTERRUPTED_WAYPOINT mode=AUTO nav_goal=RETURN_TO_INTERRUPTED_WAYPOINT,AUTO,0.120,0.185,2.462,0.546,False,False,False
31.800,sound_done,False,RETURN_TO_INTERRUPTED_WAYPOINT mode=AUTO nav_goal=RETURN_TO_INTERRUPTED_WAYPOINT,AUTO,0.120,0.185,2.462,0.546,False,False,False
31.800,mission_state,RETURN_TO_INTERRUPTED_WAYPOINT mode=AUTO nav_goal=RETURN_TO_INTERRUPTED_WAYPOINT,RETURN_TO_INTERRUPTED_WAYPOINT mode=AUTO nav_goal=RETURN_TO_INTERRUPTED_WAYPOINT,AUTO,0.120,0.185,2.462,0.548,False,False,False
31.800,dynamic_lock,False,RETURN_TO_INTERRUPTED_WAYPOINT mode=AUTO nav_goal=RETURN_TO_INTERRUPTED_WAYPOINT,AUTO,0.120,0.185,2.462,0.548,False,False,False
31.800,sound_state,IDLE_NO_REQUEST,RETURN_TO_INTERRUPTED_WAYPOINT mode=AUTO nav_goal=RETURN_TO_INTERRUPTED_WAYPOINT,AUTO,0.120,0.185,2.462,0.548,False,False,False
31.900,classification,WAITING_DYNAMIC_LOCK,RETURN_TO_INTERRUPTED_WAYPOINT mode=AUTO nav_goal=RETURN_TO_INTERRUPTED_WAYPOINT,AUTO,0.120,0.155,2.458,0.564,False,False,False
31.900,bird_confirmed,False,RETURN_TO_INTERRUPTED_WAYPOINT mode=AUTO nav_goal=RETURN_TO_INTERRUPTED_WAYPOINT,AUTO,0.120,0.155,2.458,0.564,False,False,False
32.000,mission_state,RETURN_TO_INTERRUPTED_WAYPOINT mode=AUTO nav_goal=RETURN_TO_INTERRUPTED_WAYPOINT,RETURN_TO_INTERRUPTED_WAYPOINT mode=AUTO nav_goal=RETURN_TO_INTERRUPTED_WAYPOINT,AUTO,0.120,0.155,2.454,0.583,False,False,False
32.000,dynamic_lock,False,RETURN_TO_INTERRUPTED_WAYPOINT mode=AUTO nav_goal=RETURN_TO_INTERRUPTED_WAYPOINT,AUTO,0.120,0.155,2.454,0.583,False,False,False
32.000,classification,WAITING_DYNAMIC_LOCK,RETURN_TO_INTERRUPTED_WAYPOINT mode=AUTO nav_goal=RETURN_TO_INTERRUPTED_WAYPOINT,AUTO,0.120,0.155,2.454,0.583,False,False,False
32.000,bird_confirmed,False,RETURN_TO_INTERRUPTED_WAYPOINT mode=AUTO nav_goal=RETURN_TO_INTERRUPTED_WAYPOINT,AUTO,0.120,0.155,2.454,0.583,False,False,False
32.000,sound_state,IDLE_NO_REQUEST,RETURN_TO_INTERRUPTED_WAYPOINT mode=AUTO nav_goal=RETURN_TO_INTERRUPTED_WAYPOINT,AUTO,0.120,0.142,2.454,0.585,False,False,False
32.000,sound_done,False,RETURN_TO_INTERRUPTED_WAYPOINT mode=AUTO nav_goal=RETURN_TO_INTERRUPTED_WAYPOINT,AUTO,0.120,0.142,2.454,0.585,False,False,False
32.100,classification,WAITING_DYNAMIC_LOCK,RETURN_TO_INTERRUPTED_WAYPOINT mode=AUTO nav_goal=RETURN_TO_INTERRUPTED_WAYPOINT,AUTO,0.120,0.142,2.450,0.601,False,False,False
32.100,bird_confirmed,False,RETURN_TO_INTERRUPTED_WAYPOINT mode=AUTO nav_goal=RETURN_TO_INTERRUPTED_WAYPOINT,AUTO,0.120,0.142,2.450,0.601,False,False,False
32.200,mission_state,RETURN_TO_INTERRUPTED_WAYPOINT mode=AUTO nav_goal=RETURN_TO_INTERRUPTED_WAYPOINT,RETURN_TO_INTERRUPTED_WAYPOINT mode=AUTO nav_goal=RETURN_TO_INTERRUPTED_WAYPOINT,AUTO,0.120,0.132,2.446,0.620,False,False,False
32.200,classification,WAITING_DYNAMIC_LOCK,RETURN_TO_INTERRUPTED_WAYPOINT mode=AUTO nav_goal=RETURN_TO_INTERRUPTED_WAYPOINT,AUTO,0.120,0.132,2.446,0.620,False,False,False
32.200,bird_confirmed,False,RETURN_TO_INTERRUPTED_WAYPOINT mode=AUTO nav_goal=RETURN_TO_INTERRUPTED_WAYPOINT,AUTO,0.120,0.132,2.446,0.620,False,False,False
32.200,sound_state,IDLE_NO_REQUEST,RETURN_TO_INTERRUPTED_WAYPOINT mode=AUTO nav_goal=RETURN_TO_INTERRUPTED_WAYPOINT,AUTO,0.120,0.132,2.446,0.620,False,False,False
32.200,sound_done,False,RETURN_TO_INTERRUPTED_WAYPOINT mode=AUTO nav_goal=RETURN_TO_INTERRUPTED_WAYPOINT,AUTO,0.120,0.132,2.446,0.620,False,False,False
32.200,dynamic_lock,False,RETURN_TO_INTERRUPTED_WAYPOINT mode=AUTO nav_goal=RETURN_TO_INTERRUPTED_WAYPOINT,AUTO,0.120,0.123,2.444,0.627,False,False,False
32.300,bird_confirmed,False,RETURN_TO_INTERRUPTED_WAYPOINT mode=AUTO nav_goal=RETURN_TO_INTERRUPTED_WAYPOINT,AUTO,0.120,0.123,2.441,0.640,False,False,False
32.300,classification,WAITING_DYNAMIC_LOCK,RETURN_TO_INTERRUPTED_WAYPOINT mode=AUTO nav_goal=RETURN_TO_INTERRUPTED_WAYPOINT,AUTO,0.120,0.115,2.441,0.640,False,False,False
32.400,mission_state,RETURN_TO_INTERRUPTED_WAYPOINT mode=AUTO nav_goal=RETURN_TO_INTERRUPTED_WAYPOINT,RETURN_TO_INTERRUPTED_WAYPOINT mode=AUTO nav_goal=RETURN_TO_INTERRUPTED_WAYPOINT,AUTO,0.120,0.115,2.437,0.657,False,False,False
32.400,dynamic_lock,False,RETURN_TO_INTERRUPTED_WAYPOINT mode=AUTO nav_goal=RETURN_TO_INTERRUPTED_WAYPOINT,AUTO,0.120,0.115,2.437,0.657,False,False,False
32.400,classification,WAITING_DYNAMIC_LOCK,RETURN_TO_INTERRUPTED_WAYPOINT mode=AUTO nav_goal=RETURN_TO_INTERRUPTED_WAYPOINT,AUTO,0.120,0.115,2.437,0.657,False,False,False
32.400,bird_confirmed,False,RETURN_TO_INTERRUPTED_WAYPOINT mode=AUTO nav_goal=RETURN_TO_INTERRUPTED_WAYPOINT,AUTO,0.120,0.115,2.437,0.657,False,False,False
32.400,sound_state,IDLE_NO_REQUEST,RETURN_TO_INTERRUPTED_WAYPOINT mode=AUTO nav_goal=RETURN_TO_INTERRUPTED_WAYPOINT,AUTO,0.120,0.115,2.437,0.657,False,False,False
32.400,sound_done,False,RETURN_TO_INTERRUPTED_WAYPOINT mode=AUTO nav_goal=RETURN_TO_INTERRUPTED_WAYPOINT,AUTO,0.120,0.115,2.437,0.657,False,False,False
32.500,classification,WAITING_DYNAMIC_LOCK,RETURN_TO_INTERRUPTED_WAYPOINT mode=AUTO nav_goal=RETURN_TO_INTERRUPTED_WAYPOINT,AUTO,0.120,0.106,2.433,0.675,False,False,False
32.500,bird_confirmed,False,RETURN_TO_INTERRUPTED_WAYPOINT mode=AUTO nav_goal=RETURN_TO_INTERRUPTED_WAYPOINT,AUTO,0.120,0.106,2.433,0.675,False,False,False
32.600,classification,WAITING_DYNAMIC_LOCK,RETURN_TO_INTERRUPTED_WAYPOINT mode=AUTO nav_goal=RETURN_TO_INTERRUPTED_WAYPOINT,AUTO,0.120,0.100,2.428,0.694,False,False,False
32.600,bird_confirmed,False,RETURN_TO_INTERRUPTED_WAYPOINT mode=AUTO nav_goal=RETURN_TO_INTERRUPTED_WAYPOINT,AUTO,0.120,0.100,2.428,0.694,False,False,False
32.600,mission_state,RETURN_TO_INTERRUPTED_WAYPOINT mode=AUTO nav_goal=RETURN_TO_INTERRUPTED_WAYPOINT,RETURN_TO_INTERRUPTED_WAYPOINT mode=AUTO nav_goal=RETURN_TO_INTERRUPTED_WAYPOINT,AUTO,0.120,0.100,2.427,0.696,False,False,False
32.600,sound_state,IDLE_NO_REQUEST,RETURN_TO_INTERRUPTED_WAYPOINT mode=AUTO nav_goal=RETURN_TO_INTERRUPTED_WAYPOINT,AUTO,0.120,0.100,2.427,0.696,False,False,False
32.600,sound_done,False,RETURN_TO_INTERRUPTED_WAYPOINT mode=AUTO nav_goal=RETURN_TO_INTERRUPTED_WAYPOINT,AUTO,0.120,0.100,2.427,0.696,False,False,False
32.600,dynamic_lock,False,RETURN_TO_INTERRUPTED_WAYPOINT mode=AUTO nav_goal=RETURN_TO_INTERRUPTED_WAYPOINT,AUTO,0.120,0.086,2.426,0.699,False,False,False
32.700,classification,WAITING_DYNAMIC_LOCK,RETURN_TO_INTERRUPTED_WAYPOINT mode=AUTO nav_goal=RETURN_TO_INTERRUPTED_WAYPOINT,AUTO,0.120,0.086,2.423,0.714,False,False,False
32.700,bird_confirmed,False,RETURN_TO_INTERRUPTED_WAYPOINT mode=AUTO nav_goal=RETURN_TO_INTERRUPTED_WAYPOINT,AUTO,0.120,0.086,2.423,0.714,False,False,False
32.800,mission_state,RETURN_TO_INTERRUPTED_WAYPOINT mode=AUTO nav_goal=RETURN_TO_INTERRUPTED_WAYPOINT,RETURN_TO_INTERRUPTED_WAYPOINT mode=AUTO nav_goal=RETURN_TO_INTERRUPTED_WAYPOINT,AUTO,0.120,0.079,2.418,0.731,False,False,False
32.800,dynamic_lock,False,RETURN_TO_INTERRUPTED_WAYPOINT mode=AUTO nav_goal=RETURN_TO_INTERRUPTED_WAYPOINT,AUTO,0.120,0.079,2.418,0.731,False,False,False
32.800,classification,WAITING_DYNAMIC_LOCK,RETURN_TO_INTERRUPTED_WAYPOINT mode=AUTO nav_goal=RETURN_TO_INTERRUPTED_WAYPOINT,AUTO,0.120,0.079,2.418,0.731,False,False,False
32.800,bird_confirmed,False,RETURN_TO_INTERRUPTED_WAYPOINT mode=AUTO nav_goal=RETURN_TO_INTERRUPTED_WAYPOINT,AUTO,0.120,0.079,2.418,0.731,False,False,False
32.800,sound_state,IDLE_NO_REQUEST,RETURN_TO_INTERRUPTED_WAYPOINT mode=AUTO nav_goal=RETURN_TO_INTERRUPTED_WAYPOINT,AUTO,0.120,0.079,2.418,0.731,False,False,False
32.800,sound_done,False,RETURN_TO_INTERRUPTED_WAYPOINT mode=AUTO nav_goal=RETURN_TO_INTERRUPTED_WAYPOINT,AUTO,0.120,0.079,2.418,0.731,False,False,False
32.900,classification,WAITING_DYNAMIC_LOCK,RETURN_TO_INTERRUPTED_WAYPOINT mode=AUTO nav_goal=RETURN_TO_INTERRUPTED_WAYPOINT,AUTO,0.120,0.079,2.413,0.749,False,False,False
32.900,bird_confirmed,False,RETURN_TO_INTERRUPTED_WAYPOINT mode=AUTO nav_goal=RETURN_TO_INTERRUPTED_WAYPOINT,AUTO,0.120,0.079,2.413,0.749,False,False,False
33.000,sound_state,IDLE_NO_REQUEST,RETURN_TO_INTERRUPTED_WAYPOINT mode=AUTO nav_goal=RETURN_TO_INTERRUPTED_WAYPOINT,AUTO,0.120,0.076,2.408,0.768,False,False,False
33.000,sound_done,False,RETURN_TO_INTERRUPTED_WAYPOINT mode=AUTO nav_goal=RETURN_TO_INTERRUPTED_WAYPOINT,AUTO,0.120,0.076,2.408,0.768,False,False,False
33.000,dynamic_lock,False,RETURN_TO_INTERRUPTED_WAYPOINT mode=AUTO nav_goal=RETURN_TO_INTERRUPTED_WAYPOINT,AUTO,0.120,0.071,2.407,0.770,False,False,False
33.000,mission_state,RETURN_TO_INTERRUPTED_WAYPOINT mode=AUTO nav_goal=RETURN_TO_INTERRUPTED_WAYPOINT,RETURN_TO_INTERRUPTED_WAYPOINT mode=AUTO nav_goal=RETURN_TO_INTERRUPTED_WAYPOINT,AUTO,0.120,0.071,2.407,0.770,False,False,False
33.000,classification,WAITING_DYNAMIC_LOCK,RETURN_TO_INTERRUPTED_WAYPOINT mode=AUTO nav_goal=RETURN_TO_INTERRUPTED_WAYPOINT,AUTO,0.120,0.071,2.407,0.770,False,False,False
33.000,bird_confirmed,False,RETURN_TO_INTERRUPTED_WAYPOINT mode=AUTO nav_goal=RETURN_TO_INTERRUPTED_WAYPOINT,AUTO,0.120,0.071,2.407,0.770,False,False,False
33.100,classification,WAITING_DYNAMIC_LOCK,RETURN_TO_INTERRUPTED_WAYPOINT mode=AUTO nav_goal=RETURN_TO_INTERRUPTED_WAYPOINT,AUTO,0.120,0.071,2.403,0.786,False,False,False
33.100,bird_confirmed,False,RETURN_TO_INTERRUPTED_WAYPOINT mode=AUTO nav_goal=RETURN_TO_INTERRUPTED_WAYPOINT,AUTO,0.120,0.071,2.403,0.786,False,False,False
33.200,sound_state,IDLE_NO_REQUEST,RETURN_TO_INTERRUPTED_WAYPOINT mode=AUTO nav_goal=RETURN_TO_INTERRUPTED_WAYPOINT,AUTO,0.120,0.067,2.398,0.805,False,False,False
33.200,sound_done,False,RETURN_TO_INTERRUPTED_WAYPOINT mode=AUTO nav_goal=RETURN_TO_INTERRUPTED_WAYPOINT,AUTO,0.120,0.067,2.398,0.805,False,False,False
33.200,classification,WAITING_DYNAMIC_LOCK,RETURN_TO_INTERRUPTED_WAYPOINT mode=AUTO nav_goal=RETURN_TO_INTERRUPTED_WAYPOINT,AUTO,0.120,0.067,2.398,0.805,False,False,False
33.200,bird_confirmed,False,RETURN_TO_INTERRUPTED_WAYPOINT mode=AUTO nav_goal=RETURN_TO_INTERRUPTED_WAYPOINT,AUTO,0.120,0.067,2.398,0.805,False,False,False
33.200,mission_state,RETURN_TO_INTERRUPTED_WAYPOINT mode=AUTO nav_goal=RETURN_TO_INTERRUPTED_WAYPOINT,RETURN_TO_INTERRUPTED_WAYPOINT mode=AUTO nav_goal=RETURN_TO_INTERRUPTED_WAYPOINT,AUTO,0.120,0.067,2.397,0.806,False,False,False
33.200,dynamic_lock,False,RETURN_TO_INTERRUPTED_WAYPOINT mode=AUTO nav_goal=RETURN_TO_INTERRUPTED_WAYPOINT,AUTO,0.120,0.067,2.397,0.806,False,False,False
33.300,classification,WAITING_DYNAMIC_LOCK,RETURN_TO_INTERRUPTED_WAYPOINT mode=AUTO nav_goal=RETURN_TO_INTERRUPTED_WAYPOINT,AUTO,0.120,0.062,2.393,0.823,False,False,False
33.300,bird_confirmed,False,RETURN_TO_INTERRUPTED_WAYPOINT mode=AUTO nav_goal=RETURN_TO_INTERRUPTED_WAYPOINT,AUTO,0.120,0.062,2.393,0.823,False,False,False
33.400,dynamic_lock,False,RETURN_TO_INTERRUPTED_WAYPOINT mode=AUTO nav_goal=RETURN_TO_INTERRUPTED_WAYPOINT,AUTO,0.120,0.062,2.387,0.842,False,False,False
33.400,classification,WAITING_DYNAMIC_LOCK,RETURN_TO_INTERRUPTED_WAYPOINT mode=AUTO nav_goal=RETURN_TO_INTERRUPTED_WAYPOINT,AUTO,0.120,0.062,2.387,0.842,False,False,False
33.400,bird_confirmed,False,RETURN_TO_INTERRUPTED_WAYPOINT mode=AUTO nav_goal=RETURN_TO_INTERRUPTED_WAYPOINT,AUTO,0.120,0.062,2.387,0.842,False,False,False
33.400,sound_state,IDLE_NO_REQUEST,RETURN_TO_INTERRUPTED_WAYPOINT mode=AUTO nav_goal=RETURN_TO_INTERRUPTED_WAYPOINT,AUTO,0.120,0.062,2.387,0.842,False,False,False
33.400,sound_done,False,RETURN_TO_INTERRUPTED_WAYPOINT mode=AUTO nav_goal=RETURN_TO_INTERRUPTED_WAYPOINT,AUTO,0.120,0.062,2.387,0.842,False,False,False
33.400,mission_state,RETURN_TO_INTERRUPTED_WAYPOINT mode=AUTO nav_goal=RETURN_TO_INTERRUPTED_WAYPOINT,RETURN_TO_INTERRUPTED_WAYPOINT mode=AUTO nav_goal=RETURN_TO_INTERRUPTED_WAYPOINT,AUTO,0.120,0.060,2.387,0.842,False,False,False
33.500,classification,WAITING_DYNAMIC_LOCK,RETURN_TO_INTERRUPTED_WAYPOINT mode=AUTO nav_goal=RETURN_TO_INTERRUPTED_WAYPOINT,AUTO,0.120,0.060,2.382,0.860,False,False,False
33.500,bird_confirmed,False,RETURN_TO_INTERRUPTED_WAYPOINT mode=AUTO nav_goal=RETURN_TO_INTERRUPTED_WAYPOINT,AUTO,0.120,0.060,2.382,0.860,False,False,False
33.600,classification,WAITING_DYNAMIC_LOCK,RETURN_TO_INTERRUPTED_WAYPOINT mode=AUTO nav_goal=RETURN_TO_INTERRUPTED_WAYPOINT,AUTO,0.120,0.058,2.377,0.878,False,False,False
33.600,bird_confirmed,False,RETURN_TO_INTERRUPTED_WAYPOINT mode=AUTO nav_goal=RETURN_TO_INTERRUPTED_WAYPOINT,AUTO,0.120,0.058,2.377,0.878,False,False,False
33.600,sound_state,IDLE_NO_REQUEST,RETURN_TO_INTERRUPTED_WAYPOINT mode=AUTO nav_goal=RETURN_TO_INTERRUPTED_WAYPOINT,AUTO,0.120,0.058,2.377,0.878,False,False,False
33.600,sound_done,False,RETURN_TO_INTERRUPTED_WAYPOINT mode=AUTO nav_goal=RETURN_TO_INTERRUPTED_WAYPOINT,AUTO,0.120,0.058,2.377,0.878,False,False,False
33.600,mission_state,RETURN_TO_INTERRUPTED_WAYPOINT mode=AUTO nav_goal=RETURN_TO_INTERRUPTED_WAYPOINT,RETURN_TO_INTERRUPTED_WAYPOINT mode=AUTO nav_goal=RETURN_TO_INTERRUPTED_WAYPOINT,AUTO,0.120,0.058,2.377,0.878,False,False,False
33.600,dynamic_lock,False,RETURN_TO_INTERRUPTED_WAYPOINT mode=AUTO nav_goal=RETURN_TO_INTERRUPTED_WAYPOINT,AUTO,0.120,0.058,2.377,0.878,False,False,False
33.700,classification,WAITING_DYNAMIC_LOCK,RETURN_TO_INTERRUPTED_WAYPOINT mode=AUTO nav_goal=RETURN_TO_INTERRUPTED_WAYPOINT,AUTO,0.120,0.058,2.371,0.897,False,False,False
33.700,bird_confirmed,False,RETURN_TO_INTERRUPTED_WAYPOINT mode=AUTO nav_goal=RETURN_TO_INTERRUPTED_WAYPOINT,AUTO,0.120,0.058,2.371,0.897,False,False,False
33.800,dynamic_lock,False,RETURN_TO_INTERRUPTED_WAYPOINT mode=AUTO nav_goal=RETURN_TO_INTERRUPTED_WAYPOINT,AUTO,0.120,0.049,2.366,0.915,False,False,False
33.800,classification,WAITING_DYNAMIC_LOCK,RETURN_TO_INTERRUPTED_WAYPOINT mode=AUTO nav_goal=RETURN_TO_INTERRUPTED_WAYPOINT,AUTO,0.120,0.049,2.366,0.915,False,False,False
33.800,bird_confirmed,False,RETURN_TO_INTERRUPTED_WAYPOINT mode=AUTO nav_goal=RETURN_TO_INTERRUPTED_WAYPOINT,AUTO,0.120,0.049,2.366,0.915,False,False,False
33.800,sound_state,IDLE_NO_REQUEST,RETURN_TO_INTERRUPTED_WAYPOINT mode=AUTO nav_goal=RETURN_TO_INTERRUPTED_WAYPOINT,AUTO,0.120,0.049,2.366,0.915,False,False,False
33.800,sound_done,False,RETURN_TO_INTERRUPTED_WAYPOINT mode=AUTO nav_goal=RETURN_TO_INTERRUPTED_WAYPOINT,AUTO,0.120,0.049,2.366,0.915,False,False,False
33.900,classification,WAITING_DYNAMIC_LOCK,RETURN_TO_INTERRUPTED_WAYPOINT mode=AUTO nav_goal=RETURN_TO_INTERRUPTED_WAYPOINT,AUTO,0.120,0.049,2.360,0.933,False,False,False
33.900,bird_confirmed,False,RETURN_TO_INTERRUPTED_WAYPOINT mode=AUTO nav_goal=RETURN_TO_INTERRUPTED_WAYPOINT,AUTO,0.120,0.049,2.360,0.933,False,False,False
33.900,mission_state,RETURN_TO_INTERRUPTED_WAYPOINT mode=AUTO nav_goal=RETURN_TO_INTERRUPTED_WAYPOINT,RETURN_TO_INTERRUPTED_WAYPOINT mode=AUTO nav_goal=RETURN_TO_INTERRUPTED_WAYPOINT,AUTO,0.120,0.049,2.360,0.933,False,False,False
34.000,mission_state,RETURN_TO_INTERRUPTED_WAYPOINT mode=AUTO nav_goal=RETURN_TO_INTERRUPTED_WAYPOINT,RETURN_TO_INTERRUPTED_WAYPOINT mode=AUTO nav_goal=RETURN_TO_INTERRUPTED_WAYPOINT,AUTO,0.120,0.049,2.355,0.952,False,False,False
34.000,dynamic_lock,False,RETURN_TO_INTERRUPTED_WAYPOINT mode=AUTO nav_goal=RETURN_TO_INTERRUPTED_WAYPOINT,AUTO,0.120,0.049,2.355,0.952,False,False,False
34.000,classification,WAITING_DYNAMIC_LOCK,RETURN_TO_INTERRUPTED_WAYPOINT mode=AUTO nav_goal=RETURN_TO_INTERRUPTED_WAYPOINT,AUTO,0.120,0.049,2.355,0.952,False,False,False
34.000,bird_confirmed,False,RETURN_TO_INTERRUPTED_WAYPOINT mode=AUTO nav_goal=RETURN_TO_INTERRUPTED_WAYPOINT,AUTO,0.120,0.049,2.355,0.952,False,False,False
34.000,sound_state,IDLE_NO_REQUEST,RETURN_TO_INTERRUPTED_WAYPOINT mode=AUTO nav_goal=RETURN_TO_INTERRUPTED_WAYPOINT,AUTO,0.120,0.049,2.355,0.952,False,False,False
34.000,sound_done,False,RETURN_TO_INTERRUPTED_WAYPOINT mode=AUTO nav_goal=RETURN_TO_INTERRUPTED_WAYPOINT,AUTO,0.120,0.049,2.355,0.952,False,False,False
34.100,bird_confirmed,False,RETURN_TO_INTERRUPTED_WAYPOINT mode=AUTO nav_goal=RETURN_TO_INTERRUPTED_WAYPOINT,AUTO,0.120,0.048,2.349,0.970,False,False,False
34.100,classification,WAITING_DYNAMIC_LOCK,RETURN_TO_INTERRUPTED_WAYPOINT mode=AUTO nav_goal=RETURN_TO_INTERRUPTED_WAYPOINT,AUTO,0.120,0.048,2.349,0.970,False,False,False
34.200,classification,WAITING_DYNAMIC_LOCK,RETURN_TO_INTERRUPTED_WAYPOINT mode=AUTO nav_goal=RETURN_TO_INTERRUPTED_WAYPOINT,AUTO,0.120,0.045,2.344,0.988,False,False,False
34.200,bird_confirmed,False,RETURN_TO_INTERRUPTED_WAYPOINT mode=AUTO nav_goal=RETURN_TO_INTERRUPTED_WAYPOINT,AUTO,0.120,0.045,2.344,0.988,False,False,False
34.200,sound_state,IDLE_NO_REQUEST,RETURN_TO_INTERRUPTED_WAYPOINT mode=AUTO nav_goal=RETURN_TO_INTERRUPTED_WAYPOINT,AUTO,0.120,0.045,2.344,0.988,False,False,False
34.200,sound_done,False,RETURN_TO_INTERRUPTED_WAYPOINT mode=AUTO nav_goal=RETURN_TO_INTERRUPTED_WAYPOINT,AUTO,0.120,0.045,2.344,0.988,False,False,False
34.200,mission_state,RETURN_TO_INTERRUPTED_WAYPOINT mode=AUTO nav_goal=RETURN_TO_INTERRUPTED_WAYPOINT,RETURN_TO_INTERRUPTED_WAYPOINT mode=AUTO nav_goal=RETURN_TO_INTERRUPTED_WAYPOINT,AUTO,0.120,0.045,2.344,0.988,False,False,False
34.200,dynamic_lock,False,RETURN_TO_INTERRUPTED_WAYPOINT mode=AUTO nav_goal=RETURN_TO_INTERRUPTED_WAYPOINT,AUTO,0.120,0.045,2.344,0.988,False,False,False
34.300,classification,WAITING_DYNAMIC_LOCK,RETURN_TO_INTERRUPTED_WAYPOINT mode=AUTO nav_goal=RETURN_TO_INTERRUPTED_WAYPOINT,AUTO,0.120,0.042,2.338,1.007,False,False,False
34.300,bird_confirmed,False,RETURN_TO_INTERRUPTED_WAYPOINT mode=AUTO nav_goal=RETURN_TO_INTERRUPTED_WAYPOINT,AUTO,0.120,0.042,2.338,1.007,False,False,False
34.400,mission_state,RETURN_TO_INTERRUPTED_WAYPOINT mode=AUTO nav_goal=RETURN_TO_INTERRUPTED_WAYPOINT,RETURN_TO_INTERRUPTED_WAYPOINT mode=AUTO nav_goal=RETURN_TO_INTERRUPTED_WAYPOINT,AUTO,0.120,0.039,2.332,1.025,False,False,False
34.400,classification,WAITING_DYNAMIC_LOCK,RETURN_TO_INTERRUPTED_WAYPOINT mode=AUTO nav_goal=RETURN_TO_INTERRUPTED_WAYPOINT,AUTO,0.120,0.039,2.332,1.025,False,False,False
34.400,bird_confirmed,False,RETURN_TO_INTERRUPTED_WAYPOINT mode=AUTO nav_goal=RETURN_TO_INTERRUPTED_WAYPOINT,AUTO,0.120,0.039,2.332,1.025,False,False,False
34.400,sound_state,IDLE_NO_REQUEST,RETURN_TO_INTERRUPTED_WAYPOINT mode=AUTO nav_goal=RETURN_TO_INTERRUPTED_WAYPOINT,AUTO,0.120,0.039,2.332,1.025,False,False,False
34.400,sound_done,False,RETURN_TO_INTERRUPTED_WAYPOINT mode=AUTO nav_goal=RETURN_TO_INTERRUPTED_WAYPOINT,AUTO,0.120,0.039,2.332,1.025,False,False,False
34.400,dynamic_lock,False,RETURN_TO_INTERRUPTED_WAYPOINT mode=AUTO nav_goal=RETURN_TO_INTERRUPTED_WAYPOINT,AUTO,0.120,0.039,2.332,1.025,False,False,False
34.500,classification,WAITING_DYNAMIC_LOCK,RETURN_TO_INTERRUPTED_WAYPOINT mode=AUTO nav_goal=RETURN_TO_INTERRUPTED_WAYPOINT,AUTO,0.120,0.038,2.326,1.045,False,False,False
34.500,bird_confirmed,False,RETURN_TO_INTERRUPTED_WAYPOINT mode=AUTO nav_goal=RETURN_TO_INTERRUPTED_WAYPOINT,AUTO,0.120,0.038,2.326,1.045,False,False,False
34.600,sound_state,IDLE_NO_REQUEST,RETURN_TO_INTERRUPTED_WAYPOINT mode=AUTO nav_goal=RETURN_TO_INTERRUPTED_WAYPOINT,AUTO,0.120,0.038,2.321,1.061,False,False,False
34.600,sound_done,False,RETURN_TO_INTERRUPTED_WAYPOINT mode=AUTO nav_goal=RETURN_TO_INTERRUPTED_WAYPOINT,AUTO,0.120,0.038,2.321,1.061,False,False,False
34.600,mission_state,RETURN_TO_INTERRUPTED_WAYPOINT mode=AUTO nav_goal=RETURN_TO_INTERRUPTED_WAYPOINT,RETURN_TO_INTERRUPTED_WAYPOINT mode=AUTO nav_goal=RETURN_TO_INTERRUPTED_WAYPOINT,AUTO,0.120,0.038,2.321,1.061,False,False,False
34.600,dynamic_lock,False,RETURN_TO_INTERRUPTED_WAYPOINT mode=AUTO nav_goal=RETURN_TO_INTERRUPTED_WAYPOINT,AUTO,0.120,0.038,2.321,1.061,False,False,False
34.600,classification,WAITING_DYNAMIC_LOCK,RETURN_TO_INTERRUPTED_WAYPOINT mode=AUTO nav_goal=RETURN_TO_INTERRUPTED_WAYPOINT,AUTO,0.120,0.038,2.321,1.061,False,False,False
34.600,bird_confirmed,False,RETURN_TO_INTERRUPTED_WAYPOINT mode=AUTO nav_goal=RETURN_TO_INTERRUPTED_WAYPOINT,AUTO,0.120,0.038,2.321,1.061,False,False,False
34.700,bird_confirmed,False,RETURN_TO_INTERRUPTED_WAYPOINT mode=AUTO nav_goal=RETURN_TO_INTERRUPTED_WAYPOINT,AUTO,0.120,0.034,2.315,1.080,False,False,False
34.700,classification,WAITING_DYNAMIC_LOCK,RETURN_TO_INTERRUPTED_WAYPOINT mode=AUTO nav_goal=RETURN_TO_INTERRUPTED_WAYPOINT,AUTO,0.120,0.034,2.315,1.080,False,False,False
34.800,classification,WAITING_DYNAMIC_LOCK,RETURN_TO_INTERRUPTED_WAYPOINT mode=AUTO nav_goal=RETURN_TO_INTERRUPTED_WAYPOINT,AUTO,0.120,0.034,2.309,1.098,False,False,False
34.800,bird_confirmed,False,RETURN_TO_INTERRUPTED_WAYPOINT mode=AUTO nav_goal=RETURN_TO_INTERRUPTED_WAYPOINT,AUTO,0.120,0.034,2.309,1.098,False,False,False
34.800,sound_state,IDLE_NO_REQUEST,RETURN_TO_INTERRUPTED_WAYPOINT mode=AUTO nav_goal=RETURN_TO_INTERRUPTED_WAYPOINT,AUTO,0.120,0.034,2.309,1.098,False,False,False
34.800,sound_done,False,RETURN_TO_INTERRUPTED_WAYPOINT mode=AUTO nav_goal=RETURN_TO_INTERRUPTED_WAYPOINT,AUTO,0.120,0.034,2.309,1.098,False,False,False
34.800,mission_state,RETURN_TO_INTERRUPTED_WAYPOINT mode=AUTO nav_goal=RETURN_TO_INTERRUPTED_WAYPOINT,RETURN_TO_INTERRUPTED_WAYPOINT mode=AUTO nav_goal=RETURN_TO_INTERRUPTED_WAYPOINT,AUTO,0.120,0.031,2.309,1.098,False,False,False
34.800,dynamic_lock,False,RETURN_TO_INTERRUPTED_WAYPOINT mode=AUTO nav_goal=RETURN_TO_INTERRUPTED_WAYPOINT,AUTO,0.120,0.031,2.309,1.098,False,False,False
34.900,classification,WAITING_DYNAMIC_LOCK,RETURN_TO_INTERRUPTED_WAYPOINT mode=AUTO nav_goal=RETURN_TO_INTERRUPTED_WAYPOINT,AUTO,0.120,0.031,2.304,1.116,False,False,False
34.900,bird_confirmed,False,RETURN_TO_INTERRUPTED_WAYPOINT mode=AUTO nav_goal=RETURN_TO_INTERRUPTED_WAYPOINT,AUTO,0.120,0.031,2.304,1.116,False,False,False
35.000,classification,WAITING_DYNAMIC_LOCK,RETURN_TO_INTERRUPTED_WAYPOINT mode=AUTO nav_goal=RETURN_TO_INTERRUPTED_WAYPOINT,AUTO,0.120,0.029,2.298,1.134,False,False,False
35.000,bird_confirmed,False,RETURN_TO_INTERRUPTED_WAYPOINT mode=AUTO nav_goal=RETURN_TO_INTERRUPTED_WAYPOINT,AUTO,0.120,0.029,2.298,1.134,False,False,False
35.000,sound_state,IDLE_NO_REQUEST,RETURN_TO_INTERRUPTED_WAYPOINT mode=AUTO nav_goal=RETURN_TO_INTERRUPTED_WAYPOINT,AUTO,0.120,0.029,2.298,1.134,False,False,False
35.000,sound_done,False,RETURN_TO_INTERRUPTED_WAYPOINT mode=AUTO nav_goal=RETURN_TO_INTERRUPTED_WAYPOINT,AUTO,0.120,0.029,2.298,1.134,False,False,False
35.000,mission_state,RETURN_TO_INTERRUPTED_WAYPOINT mode=AUTO nav_goal=RETURN_TO_INTERRUPTED_WAYPOINT,RETURN_TO_INTERRUPTED_WAYPOINT mode=AUTO nav_goal=RETURN_TO_INTERRUPTED_WAYPOINT,AUTO,0.120,0.029,2.298,1.134,False,False,False
35.100,classification,WAITING_DYNAMIC_LOCK,RETURN_TO_INTERRUPTED_WAYPOINT mode=AUTO nav_goal=RETURN_TO_INTERRUPTED_WAYPOINT,AUTO,0.120,0.029,2.292,1.153,False,False,False
35.100,bird_confirmed,False,RETURN_TO_INTERRUPTED_WAYPOINT mode=AUTO nav_goal=RETURN_TO_INTERRUPTED_WAYPOINT,AUTO,0.120,0.029,2.292,1.153,False,False,False
35.100,dynamic_lock,False,RETURN_TO_INTERRUPTED_WAYPOINT mode=AUTO nav_goal=RETURN_TO_INTERRUPTED_WAYPOINT,AUTO,0.120,0.026,2.287,1.167,False,False,False
35.200,sound_state,IDLE_NO_REQUEST,RETURN_TO_INTERRUPTED_WAYPOINT mode=AUTO nav_goal=RETURN_TO_INTERRUPTED_WAYPOINT,AUTO,0.120,0.026,2.286,1.171,False,False,False
35.200,sound_done,False,RETURN_TO_INTERRUPTED_WAYPOINT mode=AUTO nav_goal=RETURN_TO_INTERRUPTED_WAYPOINT,AUTO,0.120,0.026,2.286,1.171,False,False,False
35.200,mission_state,RETURN_TO_INTERRUPTED_WAYPOINT mode=AUTO nav_goal=RETURN_TO_INTERRUPTED_WAYPOINT,RETURN_TO_INTERRUPTED_WAYPOINT mode=AUTO nav_goal=RETURN_TO_INTERRUPTED_WAYPOINT,AUTO,0.120,0.026,2.286,1.171,False,False,False
35.200,dynamic_lock,False,RETURN_TO_INTERRUPTED_WAYPOINT mode=AUTO nav_goal=RETURN_TO_INTERRUPTED_WAYPOINT,AUTO,0.120,0.026,2.286,1.171,False,False,False
35.200,classification,WAITING_DYNAMIC_LOCK,RETURN_TO_INTERRUPTED_WAYPOINT mode=AUTO nav_goal=RETURN_TO_INTERRUPTED_WAYPOINT,AUTO,0.120,0.026,2.286,1.171,False,False,False
35.200,bird_confirmed,False,RETURN_TO_INTERRUPTED_WAYPOINT mode=AUTO nav_goal=RETURN_TO_INTERRUPTED_WAYPOINT,AUTO,0.120,0.026,2.286,1.171,False,False,False
35.300,classification,WAITING_DYNAMIC_LOCK,RETURN_TO_INTERRUPTED_WAYPOINT mode=AUTO nav_goal=RETURN_TO_INTERRUPTED_WAYPOINT,AUTO,0.120,0.026,2.280,1.189,False,False,False
35.300,bird_confirmed,False,RETURN_TO_INTERRUPTED_WAYPOINT mode=AUTO nav_goal=RETURN_TO_INTERRUPTED_WAYPOINT,AUTO,0.120,0.026,2.280,1.189,False,False,False
35.400,dynamic_lock,False,RETURN_TO_INTERRUPTED_WAYPOINT mode=AUTO nav_goal=RETURN_TO_INTERRUPTED_WAYPOINT,AUTO,0.120,0.026,2.274,1.207,False,False,False
35.400,classification,WAITING_DYNAMIC_LOCK,RETURN_TO_INTERRUPTED_WAYPOINT mode=AUTO nav_goal=RETURN_TO_INTERRUPTED_WAYPOINT,AUTO,0.120,0.026,2.274,1.207,False,False,False
35.400,bird_confirmed,False,RETURN_TO_INTERRUPTED_WAYPOINT mode=AUTO nav_goal=RETURN_TO_INTERRUPTED_WAYPOINT,AUTO,0.120,0.026,2.274,1.207,False,False,False
35.400,sound_state,IDLE_NO_REQUEST,RETURN_TO_INTERRUPTED_WAYPOINT mode=AUTO nav_goal=RETURN_TO_INTERRUPTED_WAYPOINT,AUTO,0.120,0.026,2.274,1.207,False,False,False
35.400,sound_done,False,RETURN_TO_INTERRUPTED_WAYPOINT mode=AUTO nav_goal=RETURN_TO_INTERRUPTED_WAYPOINT,AUTO,0.120,0.026,2.274,1.207,False,False,False
35.400,mission_state,RETURN_TO_INTERRUPTED_WAYPOINT mode=AUTO nav_goal=RETURN_TO_INTERRUPTED_WAYPOINT,RETURN_TO_INTERRUPTED_WAYPOINT mode=AUTO nav_goal=RETURN_TO_INTERRUPTED_WAYPOINT,AUTO,0.120,0.023,2.273,1.209,False,False,False
35.500,bird_confirmed,False,RETURN_TO_INTERRUPTED_WAYPOINT mode=AUTO nav_goal=RETURN_TO_INTERRUPTED_WAYPOINT,AUTO,0.120,0.022,2.268,1.225,False,False,False
35.500,classification,WAITING_DYNAMIC_LOCK,RETURN_TO_INTERRUPTED_WAYPOINT mode=AUTO nav_goal=RETURN_TO_INTERRUPTED_WAYPOINT,AUTO,0.120,0.022,2.267,1.227,False,False,False
35.600,sound_done,False,RETURN_TO_INTERRUPTED_WAYPOINT mode=AUTO nav_goal=RETURN_TO_INTERRUPTED_WAYPOINT,AUTO,0.120,0.022,2.262,1.244,False,False,False
35.600,mission_state,RETURN_TO_INTERRUPTED_WAYPOINT mode=AUTO nav_goal=RETURN_TO_INTERRUPTED_WAYPOINT,RETURN_TO_INTERRUPTED_WAYPOINT mode=AUTO nav_goal=RETURN_TO_INTERRUPTED_WAYPOINT,AUTO,0.120,0.022,2.262,1.244,False,False,False
35.600,bird_confirmed,False,RETURN_TO_INTERRUPTED_WAYPOINT mode=AUTO nav_goal=RETURN_TO_INTERRUPTED_WAYPOINT,AUTO,0.120,0.022,2.262,1.244,False,False,False
35.600,sound_state,IDLE_NO_REQUEST,RETURN_TO_INTERRUPTED_WAYPOINT mode=AUTO nav_goal=RETURN_TO_INTERRUPTED_WAYPOINT,AUTO,0.120,0.022,2.262,1.244,False,False,False
35.600,classification,WAITING_DYNAMIC_LOCK,RETURN_TO_INTERRUPTED_WAYPOINT mode=AUTO nav_goal=RETURN_TO_INTERRUPTED_WAYPOINT,AUTO,0.120,0.021,2.262,1.244,False,False,False
35.600,dynamic_lock,False,RETURN_TO_INTERRUPTED_WAYPOINT mode=AUTO nav_goal=RETURN_TO_INTERRUPTED_WAYPOINT,AUTO,0.120,0.021,2.261,1.246,False,False,False
35.700,classification,WAITING_DYNAMIC_LOCK,RETURN_TO_INTERRUPTED_WAYPOINT mode=AUTO nav_goal=RETURN_TO_INTERRUPTED_WAYPOINT,AUTO,0.120,0.021,2.256,1.262,False,False,False
35.700,bird_confirmed,False,RETURN_TO_INTERRUPTED_WAYPOINT mode=AUTO nav_goal=RETURN_TO_INTERRUPTED_WAYPOINT,AUTO,0.120,0.021,2.256,1.262,False,False,False
35.800,mission_state,RETURN_TO_INTERRUPTED_WAYPOINT mode=AUTO nav_goal=RETURN_TO_INTERRUPTED_WAYPOINT,RETURN_TO_INTERRUPTED_WAYPOINT mode=AUTO nav_goal=RETURN_TO_INTERRUPTED_WAYPOINT,AUTO,0.120,0.018,2.250,1.280,False,False,False
35.800,dynamic_lock,False,RETURN_TO_INTERRUPTED_WAYPOINT mode=AUTO nav_goal=RETURN_TO_INTERRUPTED_WAYPOINT,AUTO,0.120,0.018,2.250,1.280,False,False,False
35.800,classification,WAITING_DYNAMIC_LOCK,RETURN_TO_INTERRUPTED_WAYPOINT mode=AUTO nav_goal=RETURN_TO_INTERRUPTED_WAYPOINT,AUTO,0.120,0.018,2.250,1.280,False,False,False
35.800,bird_confirmed,False,RETURN_TO_INTERRUPTED_WAYPOINT mode=AUTO nav_goal=RETURN_TO_INTERRUPTED_WAYPOINT,AUTO,0.120,0.018,2.250,1.280,False,False,False
35.800,sound_state,IDLE_NO_REQUEST,RETURN_TO_INTERRUPTED_WAYPOINT mode=AUTO nav_goal=RETURN_TO_INTERRUPTED_WAYPOINT,AUTO,0.120,0.018,2.250,1.280,False,False,False
35.800,sound_done,False,RETURN_TO_INTERRUPTED_WAYPOINT mode=AUTO nav_goal=RETURN_TO_INTERRUPTED_WAYPOINT,AUTO,0.120,0.018,2.250,1.280,False,False,False
35.900,classification,WAITING_DYNAMIC_LOCK,RETURN_TO_INTERRUPTED_WAYPOINT mode=AUTO nav_goal=RETURN_TO_INTERRUPTED_WAYPOINT,AUTO,0.120,0.017,2.244,1.298,False,False,False
35.900,bird_confirmed,False,RETURN_TO_INTERRUPTED_WAYPOINT mode=AUTO nav_goal=RETURN_TO_INTERRUPTED_WAYPOINT,AUTO,0.120,0.017,2.244,1.298,False,False,False
36.000,mission_state,RETURN_TO_INTERRUPTED_WAYPOINT mode=AUTO nav_goal=RETURN_TO_INTERRUPTED_WAYPOINT,RETURN_TO_INTERRUPTED_WAYPOINT mode=AUTO nav_goal=RETURN_TO_INTERRUPTED_WAYPOINT,AUTO,0.120,0.017,2.238,1.316,False,False,False
36.000,dynamic_lock,False,RETURN_TO_INTERRUPTED_WAYPOINT mode=AUTO nav_goal=RETURN_TO_INTERRUPTED_WAYPOINT,AUTO,0.120,0.017,2.238,1.316,False,False,False
36.000,sound_state,IDLE_NO_REQUEST,RETURN_TO_INTERRUPTED_WAYPOINT mode=AUTO nav_goal=RETURN_TO_INTERRUPTED_WAYPOINT,AUTO,0.120,0.017,2.238,1.316,False,False,False
36.000,sound_done,False,RETURN_TO_INTERRUPTED_WAYPOINT mode=AUTO nav_goal=RETURN_TO_INTERRUPTED_WAYPOINT,AUTO,0.120,0.017,2.238,1.316,False,False,False
36.000,classification,WAITING_DYNAMIC_LOCK,RETURN_TO_INTERRUPTED_WAYPOINT mode=AUTO nav_goal=RETURN_TO_INTERRUPTED_WAYPOINT,AUTO,0.120,0.017,2.238,1.316,False,False,False
36.000,bird_confirmed,False,RETURN_TO_INTERRUPTED_WAYPOINT mode=AUTO nav_goal=RETURN_TO_INTERRUPTED_WAYPOINT,AUTO,0.120,0.017,2.238,1.316,False,False,False
36.100,classification,WAITING_DYNAMIC_LOCK,RETURN_TO_INTERRUPTED_WAYPOINT mode=AUTO nav_goal=RETURN_TO_INTERRUPTED_WAYPOINT,AUTO,0.120,0.017,2.232,1.335,False,False,False
36.100,bird_confirmed,False,RETURN_TO_INTERRUPTED_WAYPOINT mode=AUTO nav_goal=RETURN_TO_INTERRUPTED_WAYPOINT,AUTO,0.120,0.017,2.232,1.335,False,False,False
36.200,sound_state,IDLE_NO_REQUEST,RETURN_TO_INTERRUPTED_WAYPOINT mode=AUTO nav_goal=RETURN_TO_INTERRUPTED_WAYPOINT,AUTO,0.120,0.017,2.225,1.353,False,False,False
36.200,sound_done,False,RETURN_TO_INTERRUPTED_WAYPOINT mode=AUTO nav_goal=RETURN_TO_INTERRUPTED_WAYPOINT,AUTO,0.120,0.017,2.225,1.353,False,False,False
36.200,mission_state,RETURN_TO_INTERRUPTED_WAYPOINT mode=AUTO nav_goal=RETURN_TO_INTERRUPTED_WAYPOINT,RETURN_TO_INTERRUPTED_WAYPOINT mode=AUTO nav_goal=RETURN_TO_INTERRUPTED_WAYPOINT,AUTO,0.120,0.017,2.225,1.355,False,False,False
36.200,classification,WAITING_DYNAMIC_LOCK,RETURN_TO_INTERRUPTED_WAYPOINT mode=AUTO nav_goal=RETURN_TO_INTERRUPTED_WAYPOINT,AUTO,0.120,0.017,2.225,1.355,False,False,False
36.200,bird_confirmed,False,RETURN_TO_INTERRUPTED_WAYPOINT mode=AUTO nav_goal=RETURN_TO_INTERRUPTED_WAYPOINT,AUTO,0.120,0.017,2.225,1.355,False,False,False
36.200,dynamic_lock,False,RETURN_TO_INTERRUPTED_WAYPOINT mode=AUTO nav_goal=RETURN_TO_INTERRUPTED_WAYPOINT,AUTO,0.120,0.017,2.222,1.362,False,False,False
36.300,classification,WAITING_DYNAMIC_LOCK,RETURN_TO_INTERRUPTED_WAYPOINT mode=AUTO nav_goal=RETURN_TO_INTERRUPTED_WAYPOINT,AUTO,0.120,0.016,2.219,1.373,False,False,False
36.300,bird_confirmed,False,RETURN_TO_INTERRUPTED_WAYPOINT mode=AUTO nav_goal=RETURN_TO_INTERRUPTED_WAYPOINT,AUTO,0.120,0.016,2.219,1.373,False,False,False
36.400,classification,WAITING_DYNAMIC_LOCK,RETURN_TO_INTERRUPTED_WAYPOINT mode=AUTO nav_goal=RETURN_TO_INTERRUPTED_WAYPOINT,AUTO,0.120,0.016,2.213,1.389,False,False,False
36.400,bird_confirmed,False,RETURN_TO_INTERRUPTED_WAYPOINT mode=AUTO nav_goal=RETURN_TO_INTERRUPTED_WAYPOINT,AUTO,0.120,0.016,2.213,1.389,False,False,False
36.400,sound_state,IDLE_NO_REQUEST,RETURN_TO_INTERRUPTED_WAYPOINT mode=AUTO nav_goal=RETURN_TO_INTERRUPTED_WAYPOINT,AUTO,0.120,0.016,2.213,1.389,False,False,False
36.400,sound_done,False,RETURN_TO_INTERRUPTED_WAYPOINT mode=AUTO nav_goal=RETURN_TO_INTERRUPTED_WAYPOINT,AUTO,0.120,0.016,2.213,1.389,False,False,False
36.400,dynamic_lock,False,RETURN_TO_INTERRUPTED_WAYPOINT mode=AUTO nav_goal=RETURN_TO_INTERRUPTED_WAYPOINT,AUTO,0.120,0.016,2.213,1.389,False,False,False
36.400,mission_state,RETURN_TO_INTERRUPTED_WAYPOINT mode=AUTO nav_goal=RETURN_TO_INTERRUPTED_WAYPOINT,RETURN_TO_INTERRUPTED_WAYPOINT mode=AUTO nav_goal=RETURN_TO_INTERRUPTED_WAYPOINT,AUTO,0.120,0.016,2.213,1.391,False,False,False
36.500,classification,WAITING_DYNAMIC_LOCK,RETURN_TO_INTERRUPTED_WAYPOINT mode=AUTO nav_goal=RETURN_TO_INTERRUPTED_WAYPOINT,AUTO,0.120,0.015,2.207,1.407,False,False,False
36.500,bird_confirmed,False,RETURN_TO_INTERRUPTED_WAYPOINT mode=AUTO nav_goal=RETURN_TO_INTERRUPTED_WAYPOINT,AUTO,0.120,0.015,2.207,1.407,False,False,False
36.600,mission_state,RETURN_TO_INTERRUPTED_WAYPOINT mode=AUTO nav_goal=RETURN_TO_INTERRUPTED_WAYPOINT,RETURN_TO_INTERRUPTED_WAYPOINT mode=AUTO nav_goal=RETURN_TO_INTERRUPTED_WAYPOINT,AUTO,0.120,0.015,2.201,1.425,False,False,False
36.600,classification,WAITING_DYNAMIC_LOCK,RETURN_TO_INTERRUPTED_WAYPOINT mode=AUTO nav_goal=RETURN_TO_INTERRUPTED_WAYPOINT,AUTO,0.120,0.015,2.201,1.425,False,False,False
36.600,bird_confirmed,False,RETURN_TO_INTERRUPTED_WAYPOINT mode=AUTO nav_goal=RETURN_TO_INTERRUPTED_WAYPOINT,AUTO,0.120,0.015,2.201,1.425,False,False,False
36.600,dynamic_lock,False,RETURN_TO_INTERRUPTED_WAYPOINT mode=AUTO nav_goal=RETURN_TO_INTERRUPTED_WAYPOINT,AUTO,0.120,0.014,2.201,1.425,False,False,False
36.600,sound_done,False,RETURN_TO_INTERRUPTED_WAYPOINT mode=AUTO nav_goal=RETURN_TO_INTERRUPTED_WAYPOINT,AUTO,0.120,0.014,2.201,1.425,False,False,False
36.600,sound_state,IDLE_NO_REQUEST,RETURN_TO_INTERRUPTED_WAYPOINT mode=AUTO nav_goal=RETURN_TO_INTERRUPTED_WAYPOINT,AUTO,0.120,0.014,2.200,1.427,False,False,False
36.700,classification,WAITING_DYNAMIC_LOCK,RETURN_TO_INTERRUPTED_WAYPOINT mode=AUTO nav_goal=RETURN_TO_INTERRUPTED_WAYPOINT,AUTO,0.120,0.013,2.195,1.444,False,False,False
36.700,bird_confirmed,False,RETURN_TO_INTERRUPTED_WAYPOINT mode=AUTO nav_goal=RETURN_TO_INTERRUPTED_WAYPOINT,AUTO,0.120,0.013,2.195,1.444,False,False,False
36.800,dynamic_lock,False,RETURN_TO_INTERRUPTED_WAYPOINT mode=AUTO nav_goal=RETURN_TO_INTERRUPTED_WAYPOINT,AUTO,0.120,0.013,2.188,1.462,False,False,False
36.800,sound_state,IDLE_NO_REQUEST,RETURN_TO_INTERRUPTED_WAYPOINT mode=AUTO nav_goal=RETURN_TO_INTERRUPTED_WAYPOINT,AUTO,0.120,0.013,2.188,1.462,False,False,False
36.800,sound_done,False,RETURN_TO_INTERRUPTED_WAYPOINT mode=AUTO nav_goal=RETURN_TO_INTERRUPTED_WAYPOINT,AUTO,0.120,0.013,2.188,1.462,False,False,False
36.800,mission_state,RETURN_TO_INTERRUPTED_WAYPOINT mode=AUTO nav_goal=RETURN_TO_INTERRUPTED_WAYPOINT,RETURN_TO_INTERRUPTED_WAYPOINT mode=AUTO nav_goal=RETURN_TO_INTERRUPTED_WAYPOINT,AUTO,0.120,0.012,2.188,1.462,False,False,False
36.800,classification,WAITING_DYNAMIC_LOCK,RETURN_TO_INTERRUPTED_WAYPOINT mode=AUTO nav_goal=RETURN_TO_INTERRUPTED_WAYPOINT,AUTO,0.120,0.012,2.188,1.463,False,False,False
36.800,bird_confirmed,False,RETURN_TO_INTERRUPTED_WAYPOINT mode=AUTO nav_goal=RETURN_TO_INTERRUPTED_WAYPOINT,AUTO,0.120,0.012,2.188,1.463,False,False,False
36.900,classification,WAITING_DYNAMIC_LOCK,RETURN_TO_INTERRUPTED_WAYPOINT mode=AUTO nav_goal=RETURN_TO_INTERRUPTED_WAYPOINT,AUTO,0.120,0.012,2.182,1.480,False,False,False
36.900,bird_confirmed,False,RETURN_TO_INTERRUPTED_WAYPOINT mode=AUTO nav_goal=RETURN_TO_INTERRUPTED_WAYPOINT,AUTO,0.120,0.012,2.182,1.480,False,False,False
37.000,sound_state,IDLE_NO_REQUEST,RETURN_TO_INTERRUPTED_WAYPOINT mode=AUTO nav_goal=RETURN_TO_INTERRUPTED_WAYPOINT,AUTO,0.120,0.011,2.176,1.498,False,False,False
37.000,sound_done,False,RETURN_TO_INTERRUPTED_WAYPOINT mode=AUTO nav_goal=RETURN_TO_INTERRUPTED_WAYPOINT,AUTO,0.120,0.011,2.176,1.498,False,False,False
37.000,dynamic_lock,False,RETURN_TO_INTERRUPTED_WAYPOINT mode=AUTO nav_goal=RETURN_TO_INTERRUPTED_WAYPOINT,AUTO,0.120,0.011,2.176,1.498,False,False,False
37.000,classification,WAITING_DYNAMIC_LOCK,RETURN_TO_INTERRUPTED_WAYPOINT mode=AUTO nav_goal=RETURN_TO_INTERRUPTED_WAYPOINT,AUTO,0.120,0.011,2.176,1.498,False,False,False
37.000,bird_confirmed,False,RETURN_TO_INTERRUPTED_WAYPOINT mode=AUTO nav_goal=RETURN_TO_INTERRUPTED_WAYPOINT,AUTO,0.120,0.011,2.176,1.498,False,False,False
37.000,mission_state,RETURN_TO_INTERRUPTED_WAYPOINT mode=AUTO nav_goal=RETURN_TO_INTERRUPTED_WAYPOINT,RETURN_TO_INTERRUPTED_WAYPOINT mode=AUTO nav_goal=RETURN_TO_INTERRUPTED_WAYPOINT,AUTO,0.120,0.011,2.175,1.500,False,False,False
37.100,classification,WAITING_DYNAMIC_LOCK,RETURN_TO_INTERRUPTED_WAYPOINT mode=AUTO nav_goal=RETURN_TO_INTERRUPTED_WAYPOINT,AUTO,0.120,0.011,2.170,1.516,False,False,False
37.100,bird_confirmed,False,RETURN_TO_INTERRUPTED_WAYPOINT mode=AUTO nav_goal=RETURN_TO_INTERRUPTED_WAYPOINT,AUTO,0.120,0.011,2.170,1.516,False,False,False
37.200,classification,WAITING_DYNAMIC_LOCK,RETURN_TO_INTERRUPTED_WAYPOINT mode=AUTO nav_goal=RETURN_TO_INTERRUPTED_WAYPOINT,AUTO,0.120,0.011,2.164,1.534,False,False,False
37.200,bird_confirmed,False,RETURN_TO_INTERRUPTED_WAYPOINT mode=AUTO nav_goal=RETURN_TO_INTERRUPTED_WAYPOINT,AUTO,0.120,0.011,2.164,1.534,False,False,False
37.200,sound_state,IDLE_NO_REQUEST,RETURN_TO_INTERRUPTED_WAYPOINT mode=AUTO nav_goal=RETURN_TO_INTERRUPTED_WAYPOINT,AUTO,0.120,0.011,2.164,1.534,False,False,False
37.200,sound_done,False,RETURN_TO_INTERRUPTED_WAYPOINT mode=AUTO nav_goal=RETURN_TO_INTERRUPTED_WAYPOINT,AUTO,0.120,0.011,2.164,1.534,False,False,False
37.200,mission_state,RETURN_TO_INTERRUPTED_WAYPOINT mode=AUTO nav_goal=RETURN_TO_INTERRUPTED_WAYPOINT,RETURN_TO_INTERRUPTED_WAYPOINT mode=AUTO nav_goal=RETURN_TO_INTERRUPTED_WAYPOINT,AUTO,0.120,0.011,2.163,1.536,False,False,False
37.200,dynamic_lock,False,RETURN_TO_INTERRUPTED_WAYPOINT mode=AUTO nav_goal=RETURN_TO_INTERRUPTED_WAYPOINT,AUTO,0.120,0.011,2.163,1.536,False,False,False
37.300,classification,WAITING_DYNAMIC_LOCK,RETURN_TO_INTERRUPTED_WAYPOINT mode=AUTO nav_goal=RETURN_TO_INTERRUPTED_WAYPOINT,AUTO,0.120,0.011,2.157,1.552,False,False,False
37.300,bird_confirmed,False,RETURN_TO_INTERRUPTED_WAYPOINT mode=AUTO nav_goal=RETURN_TO_INTERRUPTED_WAYPOINT,AUTO,0.120,0.011,2.157,1.552,False,False,False
37.400,mission_state,RETURN_TO_INTERRUPTED_WAYPOINT mode=AUTO nav_goal=RETURN_TO_INTERRUPTED_WAYPOINT,RETURN_TO_INTERRUPTED_WAYPOINT mode=AUTO nav_goal=RETURN_TO_INTERRUPTED_WAYPOINT,AUTO,0.120,0.010,2.151,1.570,False,False,False
37.400,dynamic_lock,False,RETURN_TO_INTERRUPTED_WAYPOINT mode=AUTO nav_goal=RETURN_TO_INTERRUPTED_WAYPOINT,AUTO,0.120,0.010,2.151,1.570,False,False,False
37.400,classification,WAITING_DYNAMIC_LOCK,RETURN_TO_INTERRUPTED_WAYPOINT mode=AUTO nav_goal=RETURN_TO_INTERRUPTED_WAYPOINT,AUTO,0.120,0.010,2.151,1.570,False,False,False
37.400,bird_confirmed,False,RETURN_TO_INTERRUPTED_WAYPOINT mode=AUTO nav_goal=RETURN_TO_INTERRUPTED_WAYPOINT,AUTO,0.120,0.010,2.151,1.570,False,False,False
37.400,sound_state,IDLE_NO_REQUEST,RETURN_TO_INTERRUPTED_WAYPOINT mode=AUTO nav_goal=RETURN_TO_INTERRUPTED_WAYPOINT,AUTO,0.120,0.010,2.151,1.570,False,False,False
37.400,sound_done,False,RETURN_TO_INTERRUPTED_WAYPOINT mode=AUTO nav_goal=RETURN_TO_INTERRUPTED_WAYPOINT,AUTO,0.120,0.010,2.151,1.570,False,False,False
37.500,classification,WAITING_DYNAMIC_LOCK,RETURN_TO_INTERRUPTED_WAYPOINT mode=AUTO nav_goal=RETURN_TO_INTERRUPTED_WAYPOINT,AUTO,0.120,0.009,2.144,1.590,False,False,False
37.500,bird_confirmed,False,RETURN_TO_INTERRUPTED_WAYPOINT mode=AUTO nav_goal=RETURN_TO_INTERRUPTED_WAYPOINT,AUTO,0.120,0.009,2.144,1.590,False,False,False
37.600,sound_state,IDLE_NO_REQUEST,RETURN_TO_INTERRUPTED_WAYPOINT mode=AUTO nav_goal=RETURN_TO_INTERRUPTED_WAYPOINT,AUTO,0.120,0.009,2.139,1.607,False,False,False
37.600,sound_done,False,RETURN_TO_INTERRUPTED_WAYPOINT mode=AUTO nav_goal=RETURN_TO_INTERRUPTED_WAYPOINT,AUTO,0.120,0.009,2.139,1.607,False,False,False
37.600,mission_state,RETURN_TO_INTERRUPTED_WAYPOINT mode=AUTO nav_goal=RETURN_TO_INTERRUPTED_WAYPOINT,RETURN_TO_INTERRUPTED_WAYPOINT mode=AUTO nav_goal=RETURN_TO_INTERRUPTED_WAYPOINT,AUTO,0.120,0.009,2.139,1.607,False,False,False
37.600,dynamic_lock,False,RETURN_TO_INTERRUPTED_WAYPOINT mode=AUTO nav_goal=RETURN_TO_INTERRUPTED_WAYPOINT,AUTO,0.120,0.009,2.139,1.607,False,False,False
37.600,classification,WAITING_DYNAMIC_LOCK,RETURN_TO_INTERRUPTED_WAYPOINT mode=AUTO nav_goal=RETURN_TO_INTERRUPTED_WAYPOINT,AUTO,0.120,0.009,2.138,1.608,False,False,False
37.600,bird_confirmed,False,RETURN_TO_INTERRUPTED_WAYPOINT mode=AUTO nav_goal=RETURN_TO_INTERRUPTED_WAYPOINT,AUTO,0.120,0.009,2.138,1.608,False,False,False
37.700,classification,WAITING_DYNAMIC_LOCK,RETURN_TO_INTERRUPTED_WAYPOINT mode=AUTO nav_goal=RETURN_TO_INTERRUPTED_WAYPOINT,AUTO,0.120,0.009,2.132,1.625,False,False,False
37.700,bird_confirmed,False,RETURN_TO_INTERRUPTED_WAYPOINT mode=AUTO nav_goal=RETURN_TO_INTERRUPTED_WAYPOINT,AUTO,0.120,0.009,2.132,1.625,False,False,False
37.800,sound_done,False,RETURN_TO_INTERRUPTED_WAYPOINT mode=AUTO nav_goal=RETURN_TO_INTERRUPTED_WAYPOINT,AUTO,0.120,0.009,2.126,1.643,False,False,False
37.800,classification,WAITING_DYNAMIC_LOCK,RETURN_TO_INTERRUPTED_WAYPOINT mode=AUTO nav_goal=RETURN_TO_INTERRUPTED_WAYPOINT,AUTO,0.120,0.009,2.126,1.643,False,False,False
37.800,bird_confirmed,False,RETURN_TO_INTERRUPTED_WAYPOINT mode=AUTO nav_goal=RETURN_TO_INTERRUPTED_WAYPOINT,AUTO,0.120,0.009,2.126,1.643,False,False,False
37.800,sound_state,IDLE_NO_REQUEST,RETURN_TO_INTERRUPTED_WAYPOINT mode=AUTO nav_goal=RETURN_TO_INTERRUPTED_WAYPOINT,AUTO,0.120,0.009,2.126,1.643,False,False,False
37.800,mission_state,RETURN_TO_INTERRUPTED_WAYPOINT mode=AUTO nav_goal=RETURN_TO_INTERRUPTED_WAYPOINT,RETURN_TO_INTERRUPTED_WAYPOINT mode=AUTO nav_goal=RETURN_TO_INTERRUPTED_WAYPOINT,AUTO,0.120,0.008,2.125,1.645,False,False,False
37.800,dynamic_lock,False,RETURN_TO_INTERRUPTED_WAYPOINT mode=AUTO nav_goal=RETURN_TO_INTERRUPTED_WAYPOINT,AUTO,0.120,0.008,2.125,1.645,False,False,False
37.900,classification,WAITING_DYNAMIC_LOCK,RETURN_TO_INTERRUPTED_WAYPOINT mode=AUTO nav_goal=RETURN_TO_INTERRUPTED_WAYPOINT,AUTO,0.120,0.008,2.120,1.661,False,False,False
37.900,bird_confirmed,False,RETURN_TO_INTERRUPTED_WAYPOINT mode=AUTO nav_goal=RETURN_TO_INTERRUPTED_WAYPOINT,AUTO,0.120,0.008,2.120,1.661,False,False,False
38.000,bird_confirmed,False,RETURN_TO_INTERRUPTED_WAYPOINT mode=AUTO nav_goal=RETURN_TO_INTERRUPTED_WAYPOINT,AUTO,0.120,0.008,2.113,1.679,False,False,False
38.000,sound_state,IDLE_NO_REQUEST,RETURN_TO_INTERRUPTED_WAYPOINT mode=AUTO nav_goal=RETURN_TO_INTERRUPTED_WAYPOINT,AUTO,0.120,0.008,2.113,1.679,False,False,False
38.000,sound_done,False,RETURN_TO_INTERRUPTED_WAYPOINT mode=AUTO nav_goal=RETURN_TO_INTERRUPTED_WAYPOINT,AUTO,0.120,0.008,2.113,1.679,False,False,False
38.000,mission_state,RETURN_TO_INTERRUPTED_WAYPOINT mode=AUTO nav_goal=RETURN_TO_INTERRUPTED_WAYPOINT,RETURN_TO_INTERRUPTED_WAYPOINT mode=AUTO nav_goal=RETURN_TO_INTERRUPTED_WAYPOINT,AUTO,0.120,0.008,2.113,1.681,False,False,False
38.000,classification,WAITING_DYNAMIC_LOCK,RETURN_TO_INTERRUPTED_WAYPOINT mode=AUTO nav_goal=RETURN_TO_INTERRUPTED_WAYPOINT,AUTO,0.120,0.008,2.113,1.681,False,False,False
38.000,dynamic_lock,False,RETURN_TO_INTERRUPTED_WAYPOINT mode=AUTO nav_goal=RETURN_TO_INTERRUPTED_WAYPOINT,AUTO,0.120,0.007,2.113,1.681,False,False,False
38.100,classification,WAITING_DYNAMIC_LOCK,RETURN_TO_INTERRUPTED_WAYPOINT mode=AUTO nav_goal=RETURN_TO_INTERRUPTED_WAYPOINT,AUTO,0.120,0.007,2.107,1.697,False,False,False
38.100,bird_confirmed,False,RETURN_TO_INTERRUPTED_WAYPOINT mode=AUTO nav_goal=RETURN_TO_INTERRUPTED_WAYPOINT,AUTO,0.120,0.007,2.107,1.697,False,False,False
38.200,mission_state,RETURN_TO_INTERRUPTED_WAYPOINT mode=AUTO nav_goal=RETURN_TO_INTERRUPTED_WAYPOINT,RETURN_TO_INTERRUPTED_WAYPOINT mode=AUTO nav_goal=RETURN_TO_INTERRUPTED_WAYPOINT,AUTO,0.120,0.007,2.101,1.715,False,False,False
38.200,classification,WAITING_DYNAMIC_LOCK,RETURN_TO_INTERRUPTED_WAYPOINT mode=AUTO nav_goal=RETURN_TO_INTERRUPTED_WAYPOINT,AUTO,0.120,0.007,2.101,1.715,False,False,False
38.200,bird_confirmed,False,RETURN_TO_INTERRUPTED_WAYPOINT mode=AUTO nav_goal=RETURN_TO_INTERRUPTED_WAYPOINT,AUTO,0.120,0.007,2.101,1.715,False,False,False
38.200,sound_done,False,RETURN_TO_INTERRUPTED_WAYPOINT mode=AUTO nav_goal=RETURN_TO_INTERRUPTED_WAYPOINT,AUTO,0.120,0.007,2.101,1.715,False,False,False
38.200,sound_state,IDLE_NO_REQUEST,RETURN_TO_INTERRUPTED_WAYPOINT mode=AUTO nav_goal=RETURN_TO_INTERRUPTED_WAYPOINT,AUTO,0.120,0.007,2.100,1.717,False,False,False
38.200,dynamic_lock,False,RETURN_TO_INTERRUPTED_WAYPOINT mode=AUTO nav_goal=RETURN_TO_INTERRUPTED_WAYPOINT,AUTO,0.120,0.007,2.098,1.723,False,False,False
38.300,classification,WAITING_DYNAMIC_LOCK,RETURN_TO_INTERRUPTED_WAYPOINT mode=AUTO nav_goal=RETURN_TO_INTERRUPTED_WAYPOINT,AUTO,0.120,0.007,2.094,1.733,False,False,False
38.300,bird_confirmed,False,RETURN_TO_INTERRUPTED_WAYPOINT mode=AUTO nav_goal=RETURN_TO_INTERRUPTED_WAYPOINT,AUTO,0.120,0.007,2.094,1.733,False,False,False
38.400,sound_state,IDLE_NO_REQUEST,RETURN_TO_INTERRUPTED_WAYPOINT mode=AUTO nav_goal=RETURN_TO_INTERRUPTED_WAYPOINT,AUTO,0.120,0.007,2.088,1.751,False,False,False
38.400,sound_done,False,RETURN_TO_INTERRUPTED_WAYPOINT mode=AUTO nav_goal=RETURN_TO_INTERRUPTED_WAYPOINT,AUTO,0.120,0.007,2.088,1.751,False,False,False
38.400,dynamic_lock,False,RETURN_TO_INTERRUPTED_WAYPOINT mode=AUTO nav_goal=RETURN_TO_INTERRUPTED_WAYPOINT,AUTO,0.120,0.007,2.088,1.751,False,False,False
38.400,classification,WAITING_DYNAMIC_LOCK,RETURN_TO_INTERRUPTED_WAYPOINT mode=AUTO nav_goal=RETURN_TO_INTERRUPTED_WAYPOINT,AUTO,0.120,0.007,2.088,1.751,False,False,False
38.400,bird_confirmed,False,RETURN_TO_INTERRUPTED_WAYPOINT mode=AUTO nav_goal=RETURN_TO_INTERRUPTED_WAYPOINT,AUTO,0.120,0.007,2.088,1.751,False,False,False
38.400,mission_state,RETURN_TO_INTERRUPTED_WAYPOINT mode=AUTO nav_goal=RETURN_TO_INTERRUPTED_WAYPOINT,RETURN_TO_INTERRUPTED_WAYPOINT mode=AUTO nav_goal=RETURN_TO_INTERRUPTED_WAYPOINT,AUTO,0.120,0.007,2.087,1.753,False,False,False
38.500,classification,WAITING_DYNAMIC_LOCK,RETURN_TO_INTERRUPTED_WAYPOINT mode=AUTO nav_goal=RETURN_TO_INTERRUPTED_WAYPOINT,AUTO,0.120,0.007,2.081,1.771,False,False,False
38.500,bird_confirmed,False,RETURN_TO_INTERRUPTED_WAYPOINT mode=AUTO nav_goal=RETURN_TO_INTERRUPTED_WAYPOINT,AUTO,0.120,0.007,2.081,1.771,False,False,False
38.500,mission_event,timestamp=38.500 mission_id=0 target_mission_id=1 state=RETURN_TO_INTERRUPTED_WAYPOINT event_type=SIM_NAV_GOAL_ARRIVED reason=RETURN_TO_INTERRUPTED_WAYPOINT waypoint_index=2,RETURN_TO_INTERRUPTED_WAYPOINT mode=AUTO nav_goal=RETURN_TO_INTERRUPTED_WAYPOINT,AUTO,0.120,0.007,2.081,1.771,False,False,False
38.500,mission_event,timestamp=38.500 mission_id=0 target_mission_id=1 state=RETURN_TO_INTERRUPTED_WAYPOINT event_type=NAV2_GOAL_SUCCEEDED reason=RETURN_TO_INTERRUPTED_WAYPOINT waypoint_index=2,RETURN_TO_INTERRUPTED_WAYPOINT mode=AUTO nav_goal=RETURN_TO_INTERRUPTED_WAYPOINT,AUTO,0.120,0.007,2.081,1.771,False,False,False
38.500,mission_event,timestamp=38.500 mission_id=0 target_mission_id=1 state=RETURN_TO_INTERRUPTED_WAYPOINT event_type=POST_TARGET_RESUME_COOLDOWN reason=interrupted_waypoint_reached duration_sec=8.00 waypoint_index=2,RETURN_TO_INTERRUPTED_WAYPOINT mode=AUTO nav_goal=RETURN_TO_INTERRUPTED_WAYPOINT,AUTO,0.120,0.007,2.081,1.771,False,False,False
38.500,mission_event,timestamp=38.500 mission_id=0 target_mission_id=1 state=RESUME_PATROL event_type=STATE_CHANGE reason=previous=RETURN_TO_INTERRUPTED_WAYPOINT next=RESUME_PATROL reason=interrupted_waypoint_reached waypoint_index=2,RETURN_TO_INTERRUPTED_WAYPOINT mode=AUTO nav_goal=RETURN_TO_INTERRUPTED_WAYPOINT,AUTO,0.120,0.007,2.081,1.771,False,False,False
38.600,classification,WAITING_DYNAMIC_LOCK,RETURN_TO_INTERRUPTED_WAYPOINT mode=AUTO nav_goal=RETURN_TO_INTERRUPTED_WAYPOINT,AUTO,0.120,0.007,2.075,1.788,False,False,False
38.600,bird_confirmed,False,RETURN_TO_INTERRUPTED_WAYPOINT mode=AUTO nav_goal=RETURN_TO_INTERRUPTED_WAYPOINT,AUTO,0.120,0.007,2.075,1.788,False,False,False
38.600,sound_state,IDLE_NO_REQUEST,RETURN_TO_INTERRUPTED_WAYPOINT mode=AUTO nav_goal=RETURN_TO_INTERRUPTED_WAYPOINT,AUTO,0.120,0.007,2.075,1.788,False,False,False
38.600,sound_done,False,RETURN_TO_INTERRUPTED_WAYPOINT mode=AUTO nav_goal=RETURN_TO_INTERRUPTED_WAYPOINT,AUTO,0.120,0.007,2.075,1.788,False,False,False
38.600,mission_state,RESUME_PATROL mode=AUTO nav_goal=NONE,RESUME_PATROL mode=AUTO nav_goal=NONE,AUTO,0.120,0.007,2.075,1.790,False,False,False
38.600,mission_event,timestamp=38.600 mission_id=0 target_mission_id=1 state=PATROL_NAVIGATING event_type=STATE_CHANGE reason=previous=RESUME_PATROL next=PATROL_NAVIGATING reason=goal_type=PATROL waypoint_index=2,RESUME_PATROL mode=AUTO nav_goal=NONE,AUTO,0.120,0.007,2.075,1.790,False,False,False
38.600,mission_event,timestamp=38.600 mission_id=0 target_mission_id=1 state=PATROL_NAVIGATING event_type=NAV2_DISABLED_SIMULATED_GOAL reason=PATROL waypoint_index=2,RESUME_PATROL mode=AUTO nav_goal=NONE,AUTO,0.120,0.007,2.075,1.790,False,False,False
38.600,dynamic_lock,False,RESUME_PATROL mode=AUTO nav_goal=NONE,AUTO,0.120,0.007,2.073,1.795,False,False,False
38.700,classification,WAITING_DYNAMIC_LOCK,RESUME_PATROL mode=AUTO nav_goal=NONE,AUTO,0.040,0.000,2.069,1.806,False,False,False
38.700,bird_confirmed,False,RESUME_PATROL mode=AUTO nav_goal=NONE,AUTO,0.040,0.000,2.069,1.806,False,False,False
38.700,mission_event,timestamp=38.700 mission_id=0 target_mission_id=1 state=PATROL_NAVIGATING event_type=SIM_NAV_GOAL_ARRIVED reason=PATROL waypoint_index=2,RESUME_PATROL mode=AUTO nav_goal=NONE,AUTO,0.000,0.000,2.068,1.808,False,False,False
38.700,mission_event,timestamp=38.700 mission_id=0 target_mission_id=1 state=PATROL_NAVIGATING event_type=NAV2_GOAL_SUCCEEDED reason=PATROL waypoint_index=2,RESUME_PATROL mode=AUTO nav_goal=NONE,AUTO,0.000,0.000,2.068,1.808,False,False,False
38.700,mission_event,timestamp=38.700 mission_id=0 target_mission_id=1 state=PATROL_DWELL event_type=STATE_CHANGE reason=previous=PATROL_NAVIGATING next=PATROL_DWELL reason=inside_c waypoint_index=2,RESUME_PATROL mode=AUTO nav_goal=NONE,AUTO,0.000,0.000,2.068,1.808,False,False,False
38.800,classification,WAITING_DYNAMIC_LOCK,RESUME_PATROL mode=AUTO nav_goal=NONE,AUTO,0.000,0.000,2.065,1.819,False,False,False
38.800,bird_confirmed,False,RESUME_PATROL mode=AUTO nav_goal=NONE,AUTO,0.000,0.000,2.065,1.819,False,False,False
38.800,sound_state,IDLE_NO_REQUEST,RESUME_PATROL mode=AUTO nav_goal=NONE,AUTO,0.000,0.000,2.065,1.819,False,False,False
38.800,sound_done,False,RESUME_PATROL mode=AUTO nav_goal=NONE,AUTO,0.000,0.000,2.065,1.819,False,False,False
38.800,mission_state,PATROL_DWELL mode=AUTO nav_goal=NONE,PATROL_DWELL mode=AUTO nav_goal=NONE,AUTO,0.000,0.000,2.065,1.819,False,False,False
38.800,dynamic_lock,False,PATROL_DWELL mode=AUTO nav_goal=NONE,AUTO,0.000,0.000,2.065,1.819,False,False,False
38.900,classification,WAITING_DYNAMIC_LOCK,PATROL_DWELL mode=AUTO nav_goal=NONE,AUTO,0.000,0.000,2.064,1.820,False,False,False
38.900,bird_confirmed,False,PATROL_DWELL mode=AUTO nav_goal=NONE,AUTO,0.000,0.000,2.064,1.820,False,False,False
39.000,mission_state,PATROL_DWELL mode=AUTO nav_goal=NONE,PATROL_DWELL mode=AUTO nav_goal=NONE,AUTO,0.000,0.000,2.064,1.820,False,False,False
39.000,classification,WAITING_DYNAMIC_LOCK,PATROL_DWELL mode=AUTO nav_goal=NONE,AUTO,0.000,0.000,2.064,1.820,False,False,False
39.000,bird_confirmed,False,PATROL_DWELL mode=AUTO nav_goal=NONE,AUTO,0.000,0.000,2.064,1.820,False,False,False
39.000,sound_state,IDLE_NO_REQUEST,PATROL_DWELL mode=AUTO nav_goal=NONE,AUTO,0.000,0.000,2.064,1.820,False,False,False
39.000,sound_done,False,PATROL_DWELL mode=AUTO nav_goal=NONE,AUTO,0.000,0.000,2.064,1.820,False,False,False
39.000,dynamic_lock,False,PATROL_DWELL mode=AUTO nav_goal=NONE,AUTO,0.000,0.000,2.064,1.820,False,False,False
39.100,classification,WAITING_DYNAMIC_LOCK,PATROL_DWELL mode=AUTO nav_goal=NONE,AUTO,0.000,0.000,2.064,1.820,False,False,False
39.100,bird_confirmed,False,PATROL_DWELL mode=AUTO nav_goal=NONE,AUTO,0.000,0.000,2.064,1.820,False,False,False
39.200,mission_state,PATROL_DWELL mode=AUTO nav_goal=NONE,PATROL_DWELL mode=AUTO nav_goal=NONE,AUTO,0.000,0.000,2.064,1.820,False,False,False
39.200,mission_event,timestamp=39.200 mission_id=0 target_mission_id=1 state=RESUME_PATROL event_type=STATE_CHANGE reason=previous=PATROL_DWELL next=RESUME_PATROL reason=next_index=3 waypoint_index=3,PATROL_DWELL mode=AUTO nav_goal=NONE,AUTO,0.000,0.000,2.064,1.820,False,False,False
39.200,sound_state,IDLE_NO_REQUEST,PATROL_DWELL mode=AUTO nav_goal=NONE,AUTO,0.000,0.000,2.064,1.820,False,False,False
39.200,sound_done,False,PATROL_DWELL mode=AUTO nav_goal=NONE,AUTO,0.000,0.000,2.064,1.820,False,False,False
39.200,dynamic_lock,False,PATROL_DWELL mode=AUTO nav_goal=NONE,AUTO,0.000,0.000,2.064,1.820,False,False,False
39.200,classification,WAITING_DYNAMIC_LOCK,PATROL_DWELL mode=AUTO nav_goal=NONE,AUTO,0.000,0.000,2.064,1.820,False,False,False
39.200,bird_confirmed,False,PATROL_DWELL mode=AUTO nav_goal=NONE,AUTO,0.000,0.000,2.064,1.820,False,False,False
39.300,classification,WAITING_DYNAMIC_LOCK,PATROL_DWELL mode=AUTO nav_goal=NONE,AUTO,0.000,0.000,2.064,1.820,False,False,False
39.300,bird_confirmed,False,PATROL_DWELL mode=AUTO nav_goal=NONE,AUTO,0.000,0.000,2.064,1.820,False,False,False
39.400,classification,WAITING_DYNAMIC_LOCK,PATROL_DWELL mode=AUTO nav_goal=NONE,AUTO,0.000,0.000,2.064,1.820,False,False,False
39.400,bird_confirmed,False,PATROL_DWELL mode=AUTO nav_goal=NONE,AUTO,0.000,0.000,2.064,1.820,False,False,False
39.400,sound_state,IDLE_NO_REQUEST,PATROL_DWELL mode=AUTO nav_goal=NONE,AUTO,0.000,0.000,2.064,1.820,False,False,False
39.400,sound_done,False,PATROL_DWELL mode=AUTO nav_goal=NONE,AUTO,0.000,0.000,2.064,1.820,False,False,False
39.400,dynamic_lock,False,PATROL_DWELL mode=AUTO nav_goal=NONE,AUTO,0.000,0.000,2.064,1.820,False,False,False
39.400,mission_state,RESUME_PATROL mode=AUTO nav_goal=NONE,RESUME_PATROL mode=AUTO nav_goal=NONE,AUTO,0.000,0.000,2.064,1.820,False,False,False
39.400,mission_event,timestamp=39.400 mission_id=0 target_mission_id=1 state=PATROL_NAVIGATING event_type=STATE_CHANGE reason=previous=RESUME_PATROL next=PATROL_NAVIGATING reason=goal_type=PATROL waypoint_index=3,RESUME_PATROL mode=AUTO nav_goal=NONE,AUTO,0.000,0.000,2.064,1.820,False,False,False
39.400,mission_event,timestamp=39.400 mission_id=0 target_mission_id=1 state=PATROL_NAVIGATING event_type=NAV2_DISABLED_SIMULATED_GOAL reason=PATROL waypoint_index=3,RESUME_PATROL mode=AUTO nav_goal=NONE,AUTO,0.000,0.000,2.064,1.820,False,False,False
39.500,classification,WAITING_DYNAMIC_LOCK,RESUME_PATROL mode=AUTO nav_goal=NONE,AUTO,0.000,0.000,2.064,1.820,False,False,False
39.500,bird_confirmed,False,RESUME_PATROL mode=AUTO nav_goal=NONE,AUTO,0.000,0.000,2.064,1.820,False,False,False
39.600,sound_state,IDLE_NO_REQUEST,RESUME_PATROL mode=AUTO nav_goal=NONE,AUTO,0.000,0.000,2.064,1.820,False,False,False
39.600,sound_done,False,RESUME_PATROL mode=AUTO nav_goal=NONE,AUTO,0.000,0.000,2.064,1.820,False,False,False
39.600,mission_state,PATROL_NAVIGATING mode=AUTO nav_goal=PATROL,PATROL_NAVIGATING mode=AUTO nav_goal=PATROL,AUTO,0.000,0.000,2.064,1.820,False,False,False
39.600,dynamic_lock,False,PATROL_NAVIGATING mode=AUTO nav_goal=PATROL,AUTO,0.000,0.000,2.064,1.820,False,False,False
39.600,classification,WAITING_DYNAMIC_LOCK,PATROL_NAVIGATING mode=AUTO nav_goal=PATROL,AUTO,0.000,0.000,2.064,1.820,False,False,False
39.600,bird_confirmed,False,PATROL_NAVIGATING mode=AUTO nav_goal=PATROL,AUTO,0.000,0.000,2.064,1.820,False,False,False
39.700,classification,WAITING_DYNAMIC_LOCK,PATROL_NAVIGATING mode=AUTO nav_goal=PATROL,AUTO,0.000,0.240,2.064,1.820,False,False,False
39.700,bird_confirmed,False,PATROL_NAVIGATING mode=AUTO nav_goal=PATROL,AUTO,0.000,0.240,2.064,1.820,False,False,False
39.800,sound_done,False,PATROL_NAVIGATING mode=AUTO nav_goal=PATROL,AUTO,0.000,0.240,2.064,1.820,False,False,False
39.800,dynamic_lock,False,PATROL_NAVIGATING mode=AUTO nav_goal=PATROL,AUTO,0.000,0.240,2.064,1.820,False,False,False
39.800,classification,WAITING_DYNAMIC_LOCK,PATROL_NAVIGATING mode=AUTO nav_goal=PATROL,AUTO,0.000,0.240,2.064,1.820,False,False,False
39.800,bird_confirmed,False,PATROL_NAVIGATING mode=AUTO nav_goal=PATROL,AUTO,0.000,0.240,2.064,1.820,False,False,False
39.800,sound_state,IDLE_NO_REQUEST,PATROL_NAVIGATING mode=AUTO nav_goal=PATROL,AUTO,0.000,0.240,2.064,1.820,False,False,False
39.800,mission_state,PATROL_NAVIGATING mode=AUTO nav_goal=PATROL,PATROL_NAVIGATING mode=AUTO nav_goal=PATROL,AUTO,0.000,0.350,2.064,1.820,False,False,False
39.900,classification,WAITING_DYNAMIC_LOCK,PATROL_NAVIGATING mode=AUTO nav_goal=PATROL,AUTO,0.000,0.350,2.064,1.819,False,False,False
39.900,bird_confirmed,False,PATROL_NAVIGATING mode=AUTO nav_goal=PATROL,AUTO,0.000,0.350,2.064,1.819,False,False,False
40.000,mission_state,PATROL_NAVIGATING mode=AUTO nav_goal=PATROL,PATROL_NAVIGATING mode=AUTO nav_goal=PATROL,AUTO,0.000,0.350,2.064,1.820,False,False,False
40.000,dynamic_lock,False,PATROL_NAVIGATING mode=AUTO nav_goal=PATROL,AUTO,0.000,0.350,2.064,1.820,False,False,False
40.000,classification,WAITING_DYNAMIC_LOCK,PATROL_NAVIGATING mode=AUTO nav_goal=PATROL,AUTO,0.000,0.350,2.064,1.820,False,False,False
40.000,bird_confirmed,False,PATROL_NAVIGATING mode=AUTO nav_goal=PATROL,AUTO,0.000,0.350,2.064,1.820,False,False,False
40.000,sound_state,IDLE_NO_REQUEST,PATROL_NAVIGATING mode=AUTO nav_goal=PATROL,AUTO,0.000,0.350,2.064,1.820,False,False,False
40.000,sound_done,False,PATROL_NAVIGATING mode=AUTO nav_goal=PATROL,AUTO,0.000,0.350,2.064,1.820,False,False,False
40.100,classification,WAITING_DYNAMIC_LOCK,PATROL_NAVIGATING mode=AUTO nav_goal=PATROL,AUTO,0.000,0.350,2.065,1.819,False,False,False
40.100,bird_confirmed,False,PATROL_NAVIGATING mode=AUTO nav_goal=PATROL,AUTO,0.000,0.350,2.065,1.819,False,False,False
40.200,dynamic_lock,False,PATROL_NAVIGATING mode=AUTO nav_goal=PATROL,AUTO,0.000,0.350,2.065,1.819,False,False,False
40.200,classification,WAITING_DYNAMIC_LOCK,PATROL_NAVIGATING mode=AUTO nav_goal=PATROL,AUTO,0.000,0.350,2.065,1.819,False,False,False
40.200,bird_confirmed,False,PATROL_NAVIGATING mode=AUTO nav_goal=PATROL,AUTO,0.000,0.350,2.065,1.819,False,False,False
40.200,sound_state,IDLE_NO_REQUEST,PATROL_NAVIGATING mode=AUTO nav_goal=PATROL,AUTO,0.000,0.350,2.065,1.819,False,False,False
40.200,sound_done,False,PATROL_NAVIGATING mode=AUTO nav_goal=PATROL,AUTO,0.000,0.350,2.065,1.819,False,False,False
40.200,mission_state,PATROL_NAVIGATING mode=AUTO nav_goal=PATROL,PATROL_NAVIGATING mode=AUTO nav_goal=PATROL,AUTO,0.000,0.350,2.065,1.819,False,False,False
40.300,classification,WAITING_DYNAMIC_LOCK,PATROL_NAVIGATING mode=AUTO nav_goal=PATROL,AUTO,0.000,0.350,2.064,1.818,False,False,False
40.300,bird_confirmed,False,PATROL_NAVIGATING mode=AUTO nav_goal=PATROL,AUTO,0.000,0.350,2.064,1.818,False,False,False
40.400,sound_state,IDLE_NO_REQUEST,PATROL_NAVIGATING mode=AUTO nav_goal=PATROL,AUTO,0.000,0.350,2.064,1.819,False,False,False
40.400,sound_done,False,PATROL_NAVIGATING mode=AUTO nav_goal=PATROL,AUTO,0.000,0.350,2.064,1.819,False,False,False
40.400,mission_state,PATROL_NAVIGATING mode=AUTO nav_goal=PATROL,PATROL_NAVIGATING mode=AUTO nav_goal=PATROL,AUTO,0.000,0.350,2.064,1.819,False,False,False
40.400,classification,WAITING_DYNAMIC_LOCK,PATROL_NAVIGATING mode=AUTO nav_goal=PATROL,AUTO,0.000,0.350,2.064,1.819,False,False,False
40.400,bird_confirmed,False,PATROL_NAVIGATING mode=AUTO nav_goal=PATROL,AUTO,0.000,0.350,2.064,1.819,False,False,False
40.400,dynamic_lock,False,PATROL_NAVIGATING mode=AUTO nav_goal=PATROL,AUTO,0.000,0.350,2.064,1.819,False,False,False
40.500,classification,WAITING_DYNAMIC_LOCK,PATROL_NAVIGATING mode=AUTO nav_goal=PATROL,AUTO,0.000,0.350,2.064,1.818,False,False,False
40.500,bird_confirmed,False,PATROL_NAVIGATING mode=AUTO nav_goal=PATROL,AUTO,0.000,0.350,2.064,1.818,False,False,False
40.600,sound_done,False,PATROL_NAVIGATING mode=AUTO nav_goal=PATROL,AUTO,0.000,0.350,2.064,1.818,False,False,False
40.600,mission_state,PATROL_NAVIGATING mode=AUTO nav_goal=PATROL,PATROL_NAVIGATING mode=AUTO nav_goal=PATROL,AUTO,0.000,0.350,2.064,1.818,False,False,False
40.600,classification,WAITING_DYNAMIC_LOCK,PATROL_NAVIGATING mode=AUTO nav_goal=PATROL,AUTO,0.000,0.350,2.064,1.818,False,False,False
40.600,bird_confirmed,False,PATROL_NAVIGATING mode=AUTO nav_goal=PATROL,AUTO,0.000,0.350,2.064,1.818,False,False,False
40.600,sound_state,IDLE_NO_REQUEST,PATROL_NAVIGATING mode=AUTO nav_goal=PATROL,AUTO,0.000,0.350,2.064,1.818,False,False,False
40.600,dynamic_lock,False,PATROL_NAVIGATING mode=AUTO nav_goal=PATROL,AUTO,0.000,0.350,2.065,1.818,False,False,False
40.700,bird_confirmed,False,PATROL_NAVIGATING mode=AUTO nav_goal=PATROL,AUTO,0.000,0.350,2.064,1.818,False,False,False
40.700,classification,WAITING_DYNAMIC_LOCK,PATROL_NAVIGATING mode=AUTO nav_goal=PATROL,AUTO,0.000,0.350,2.064,1.818,False,False,False
40.800,bird_confirmed,False,PATROL_NAVIGATING mode=AUTO nav_goal=PATROL,AUTO,0.000,0.350,2.065,1.818,False,False,False
40.800,sound_done,False,PATROL_NAVIGATING mode=AUTO nav_goal=PATROL,AUTO,0.000,0.350,2.065,1.818,False,False,False
40.800,mission_state,PATROL_NAVIGATING mode=AUTO nav_goal=PATROL,PATROL_NAVIGATING mode=AUTO nav_goal=PATROL,AUTO,0.000,0.350,2.065,1.818,False,False,False
40.800,dynamic_lock,False,PATROL_NAVIGATING mode=AUTO nav_goal=PATROL,AUTO,0.000,0.350,2.065,1.818,False,False,False
40.800,classification,WAITING_DYNAMIC_LOCK,PATROL_NAVIGATING mode=AUTO nav_goal=PATROL,AUTO,0.000,0.350,2.065,1.818,False,False,False
40.800,sound_state,IDLE_NO_REQUEST,PATROL_NAVIGATING mode=AUTO nav_goal=PATROL,AUTO,0.000,0.350,2.065,1.818,False,False,False
40.900,classification,WAITING_DYNAMIC_LOCK,PATROL_NAVIGATING mode=AUTO nav_goal=PATROL,AUTO,0.000,0.350,2.065,1.818,False,False,False
40.900,bird_confirmed,False,PATROL_NAVIGATING mode=AUTO nav_goal=PATROL,AUTO,0.000,0.350,2.065,1.818,False,False,False
41.000,dynamic_lock,False,PATROL_NAVIGATING mode=AUTO nav_goal=PATROL,AUTO,0.000,0.350,2.064,1.818,False,False,False
41.000,classification,WAITING_DYNAMIC_LOCK,PATROL_NAVIGATING mode=AUTO nav_goal=PATROL,AUTO,0.000,0.350,2.064,1.818,False,False,False
41.000,bird_confirmed,False,PATROL_NAVIGATING mode=AUTO nav_goal=PATROL,AUTO,0.000,0.350,2.064,1.818,False,False,False
41.000,sound_state,IDLE_NO_REQUEST,PATROL_NAVIGATING mode=AUTO nav_goal=PATROL,AUTO,0.000,0.350,2.064,1.818,False,False,False
41.000,sound_done,False,PATROL_NAVIGATING mode=AUTO nav_goal=PATROL,AUTO,0.000,0.350,2.064,1.818,False,False,False
41.000,mission_state,PATROL_NAVIGATING mode=AUTO nav_goal=PATROL,PATROL_NAVIGATING mode=AUTO nav_goal=PATROL,AUTO,0.000,0.350,2.064,1.818,False,False,False
41.100,classification,WAITING_DYNAMIC_LOCK,PATROL_NAVIGATING mode=AUTO nav_goal=PATROL,AUTO,0.000,0.350,2.064,1.818,False,False,False
41.100,bird_confirmed,False,PATROL_NAVIGATING mode=AUTO nav_goal=PATROL,AUTO,0.000,0.350,2.064,1.818,False,False,False
41.200,bird_confirmed,False,PATROL_NAVIGATING mode=AUTO nav_goal=PATROL,AUTO,0.000,0.350,2.064,1.818,False,False,False
41.200,sound_state,IDLE_NO_REQUEST,PATROL_NAVIGATING mode=AUTO nav_goal=PATROL,AUTO,0.000,0.350,2.064,1.818,False,False,False
41.200,sound_done,False,PATROL_NAVIGATING mode=AUTO nav_goal=PATROL,AUTO,0.000,0.350,2.064,1.818,False,False,False
41.200,mission_state,PATROL_NAVIGATING mode=AUTO nav_goal=PATROL,PATROL_NAVIGATING mode=AUTO nav_goal=PATROL,AUTO,0.000,0.350,2.064,1.818,False,False,False
41.200,classification,WAITING_DYNAMIC_LOCK,PATROL_NAVIGATING mode=AUTO nav_goal=PATROL,AUTO,0.000,0.350,2.064,1.818,False,False,False
41.200,dynamic_lock,False,PATROL_NAVIGATING mode=AUTO nav_goal=PATROL,AUTO,0.000,0.350,2.064,1.818,False,False,False
41.300,classification,WAITING_DYNAMIC_LOCK,PATROL_NAVIGATING mode=AUTO nav_goal=PATROL,AUTO,0.000,0.350,2.064,1.818,False,False,False
41.300,bird_confirmed,False,PATROL_NAVIGATING mode=AUTO nav_goal=PATROL,AUTO,0.000,0.350,2.064,1.818,False,False,False
41.400,dynamic_lock,False,PATROL_NAVIGATING mode=AUTO nav_goal=PATROL,AUTO,0.000,0.350,2.063,1.819,False,False,False
41.400,bird_confirmed,False,PATROL_NAVIGATING mode=AUTO nav_goal=PATROL,AUTO,0.000,0.350,2.063,1.819,False,False,False
41.400,sound_state,IDLE_NO_REQUEST,PATROL_NAVIGATING mode=AUTO nav_goal=PATROL,AUTO,0.000,0.350,2.063,1.819,False,False,False
41.400,sound_done,False,PATROL_NAVIGATING mode=AUTO nav_goal=PATROL,AUTO,0.000,0.350,2.063,1.819,False,False,False
41.400,mission_state,PATROL_NAVIGATING mode=AUTO nav_goal=PATROL,PATROL_NAVIGATING mode=AUTO nav_goal=PATROL,AUTO,0.000,0.350,2.063,1.819,False,False,False
41.400,classification,WAITING_DYNAMIC_LOCK,PATROL_NAVIGATING mode=AUTO nav_goal=PATROL,AUTO,0.000,0.350,2.063,1.819,False,False,False
41.500,classification,WAITING_DYNAMIC_LOCK,PATROL_NAVIGATING mode=AUTO nav_goal=PATROL,AUTO,0.000,0.350,2.064,1.818,False,False,False
41.500,bird_confirmed,False,PATROL_NAVIGATING mode=AUTO nav_goal=PATROL,AUTO,0.000,0.350,2.064,1.818,False,False,False
41.600,classification,WAITING_DYNAMIC_LOCK,PATROL_NAVIGATING mode=AUTO nav_goal=PATROL,AUTO,0.000,0.350,2.064,1.819,False,False,False
41.600,bird_confirmed,False,PATROL_NAVIGATING mode=AUTO nav_goal=PATROL,AUTO,0.000,0.350,2.064,1.819,False,False,False
41.600,mission_state,PATROL_NAVIGATING mode=AUTO nav_goal=PATROL,PATROL_NAVIGATING mode=AUTO nav_goal=PATROL,AUTO,0.000,0.350,2.064,1.819,False,False,False
41.600,sound_state,IDLE_NO_REQUEST,PATROL_NAVIGATING mode=AUTO nav_goal=PATROL,AUTO,0.000,0.350,2.064,1.819,False,False,False
41.600,sound_done,False,PATROL_NAVIGATING mode=AUTO nav_goal=PATROL,AUTO,0.000,0.350,2.064,1.819,False,False,False
41.600,dynamic_lock,False,PATROL_NAVIGATING mode=AUTO nav_goal=PATROL,AUTO,0.000,0.350,2.064,1.819,False,False,False
41.700,classification,WAITING_DYNAMIC_LOCK,PATROL_NAVIGATING mode=AUTO nav_goal=PATROL,AUTO,0.120,0.350,2.060,1.822,False,False,False
41.700,bird_confirmed,False,PATROL_NAVIGATING mode=AUTO nav_goal=PATROL,AUTO,0.120,0.350,2.060,1.822,False,False,False
41.800,sound_state,IDLE_NO_REQUEST,PATROL_NAVIGATING mode=AUTO nav_goal=PATROL,AUTO,0.120,0.350,2.046,1.834,False,False,False
41.800,sound_done,False,PATROL_NAVIGATING mode=AUTO nav_goal=PATROL,AUTO,0.120,0.350,2.046,1.834,False,False,False
41.800,dynamic_lock,False,PATROL_NAVIGATING mode=AUTO nav_goal=PATROL,AUTO,0.120,0.350,2.046,1.834,False,False,False
41.800,bird_confirmed,False,PATROL_NAVIGATING mode=AUTO nav_goal=PATROL,AUTO,0.120,0.350,2.046,1.834,False,False,False
41.800,mission_state,PATROL_NAVIGATING mode=AUTO nav_goal=PATROL,PATROL_NAVIGATING mode=AUTO nav_goal=PATROL,AUTO,0.120,0.350,2.045,1.835,False,False,False
41.800,classification,WAITING_DYNAMIC_LOCK,PATROL_NAVIGATING mode=AUTO nav_goal=PATROL,AUTO,0.120,0.350,2.045,1.835,False,False,False
41.900,classification,WAITING_DYNAMIC_LOCK,PATROL_NAVIGATING mode=AUTO nav_goal=PATROL,AUTO,0.120,0.350,2.033,1.847,False,False,False
41.900,bird_confirmed,False,PATROL_NAVIGATING mode=AUTO nav_goal=PATROL,AUTO,0.120,0.350,2.033,1.847,False,False,False
42.000,classification,WAITING_DYNAMIC_LOCK,PATROL_NAVIGATING mode=AUTO nav_goal=PATROL,AUTO,0.120,0.350,2.019,1.859,False,False,False
42.000,bird_confirmed,False,PATROL_NAVIGATING mode=AUTO nav_goal=PATROL,AUTO,0.120,0.350,2.019,1.859,False,False,False
42.000,sound_state,IDLE_NO_REQUEST,PATROL_NAVIGATING mode=AUTO nav_goal=PATROL,AUTO,0.120,0.350,2.019,1.859,False,False,False
42.000,sound_done,False,PATROL_NAVIGATING mode=AUTO nav_goal=PATROL,AUTO,0.120,0.350,2.019,1.859,False,False,False
42.000,mission_state,PATROL_NAVIGATING mode=AUTO nav_goal=PATROL,PATROL_NAVIGATING mode=AUTO nav_goal=PATROL,AUTO,0.120,0.350,2.019,1.859,False,False,False
42.000,dynamic_lock,False,PATROL_NAVIGATING mode=AUTO nav_goal=PATROL,AUTO,0.120,0.350,2.008,1.867,False,False,False
42.100,classification,WAITING_DYNAMIC_LOCK,PATROL_NAVIGATING mode=AUTO nav_goal=PATROL,AUTO,0.120,0.350,2.004,1.871,False,False,False
42.100,bird_confirmed,False,PATROL_NAVIGATING mode=AUTO nav_goal=PATROL,AUTO,0.120,0.350,2.004,1.871,False,False,False
42.200,classification,WAITING_DYNAMIC_LOCK,PATROL_NAVIGATING mode=AUTO nav_goal=PATROL,AUTO,0.120,0.350,1.988,1.881,False,False,False
42.200,bird_confirmed,False,PATROL_NAVIGATING mode=AUTO nav_goal=PATROL,AUTO,0.120,0.350,1.988,1.881,False,False,False
42.200,sound_state,IDLE_NO_REQUEST,PATROL_NAVIGATING mode=AUTO nav_goal=PATROL,AUTO,0.120,0.350,1.988,1.881,False,False,False
42.200,sound_done,False,PATROL_NAVIGATING mode=AUTO nav_goal=PATROL,AUTO,0.120,0.350,1.988,1.881,False,False,False
42.200,mission_state,PATROL_NAVIGATING mode=AUTO nav_goal=PATROL,PATROL_NAVIGATING mode=AUTO nav_goal=PATROL,AUTO,0.120,0.350,1.988,1.881,False,False,False
42.200,dynamic_lock,False,PATROL_NAVIGATING mode=AUTO nav_goal=PATROL,AUTO,0.120,0.350,1.987,1.882,False,False,False
42.300,classification,WAITING_DYNAMIC_LOCK,PATROL_NAVIGATING mode=AUTO nav_goal=PATROL,AUTO,0.120,0.350,1.972,1.894,False,False,False
42.300,bird_confirmed,False,PATROL_NAVIGATING mode=AUTO nav_goal=PATROL,AUTO,0.120,0.350,1.972,1.894,False,False,False
42.400,dynamic_lock,False,PATROL_NAVIGATING mode=AUTO nav_goal=PATROL,AUTO,0.120,0.350,1.958,1.903,False,False,False
42.400,sound_state,IDLE_NO_REQUEST,PATROL_NAVIGATING mode=AUTO nav_goal=PATROL,AUTO,0.120,0.350,1.958,1.903,False,False,False
42.400,sound_done,False,PATROL_NAVIGATING mode=AUTO nav_goal=PATROL,AUTO,0.120,0.350,1.958,1.903,False,False,False
42.400,mission_state,PATROL_NAVIGATING mode=AUTO nav_goal=PATROL,PATROL_NAVIGATING mode=AUTO nav_goal=PATROL,AUTO,0.120,0.350,1.957,1.905,False,False,False
42.400,classification,WAITING_DYNAMIC_LOCK,PATROL_NAVIGATING mode=AUTO nav_goal=PATROL,AUTO,0.120,0.350,1.957,1.905,False,False,False
42.400,bird_confirmed,False,PATROL_NAVIGATING mode=AUTO nav_goal=PATROL,AUTO,0.120,0.350,1.957,1.905,False,False,False
42.500,classification,WAITING_DYNAMIC_LOCK,PATROL_NAVIGATING mode=AUTO nav_goal=PATROL,AUTO,0.120,0.350,1.942,1.912,False,False,False
42.500,bird_confirmed,False,PATROL_NAVIGATING mode=AUTO nav_goal=PATROL,AUTO,0.120,0.350,1.942,1.912,False,False,False
42.600,dynamic_lock,False,PATROL_NAVIGATING mode=AUTO nav_goal=PATROL,AUTO,0.120,0.350,1.926,1.922,False,False,False
42.600,mission_state,PATROL_NAVIGATING mode=AUTO nav_goal=PATROL,PATROL_NAVIGATING mode=AUTO nav_goal=PATROL,AUTO,0.120,0.350,1.924,1.922,False,False,False
42.600,classification,WAITING_DYNAMIC_LOCK,PATROL_NAVIGATING mode=AUTO nav_goal=PATROL,AUTO,0.120,0.350,1.924,1.922,False,False,False
42.600,bird_confirmed,False,PATROL_NAVIGATING mode=AUTO nav_goal=PATROL,AUTO,0.120,0.350,1.924,1.922,False,False,False
42.600,sound_state,IDLE_NO_REQUEST,PATROL_NAVIGATING mode=AUTO nav_goal=PATROL,AUTO,0.120,0.350,1.924,1.922,False,False,False
42.600,sound_done,False,PATROL_NAVIGATING mode=AUTO nav_goal=PATROL,AUTO,0.120,0.350,1.924,1.922,False,False,False
42.700,classification,WAITING_DYNAMIC_LOCK,PATROL_NAVIGATING mode=AUTO nav_goal=PATROL,AUTO,0.120,0.350,1.910,1.931,False,False,False
42.700,bird_confirmed,False,PATROL_NAVIGATING mode=AUTO nav_goal=PATROL,AUTO,0.120,0.350,1.910,1.931,False,False,False
42.800,sound_done,False,PATROL_NAVIGATING mode=AUTO nav_goal=PATROL,AUTO,0.120,0.350,1.893,1.938,False,False,False
42.800,mission_state,PATROL_NAVIGATING mode=AUTO nav_goal=PATROL,PATROL_NAVIGATING mode=AUTO nav_goal=PATROL,AUTO,0.120,0.350,1.891,1.939,False,False,False
42.800,dynamic_lock,False,PATROL_NAVIGATING mode=AUTO nav_goal=PATROL,AUTO,0.120,0.350,1.891,1.939,False,False,False
42.800,sound_state,IDLE_NO_REQUEST,PATROL_NAVIGATING mode=AUTO nav_goal=PATROL,AUTO,0.120,0.350,1.891,1.939,False,False,False
42.800,classification,WAITING_DYNAMIC_LOCK,PATROL_NAVIGATING mode=AUTO nav_goal=PATROL,AUTO,0.120,0.350,1.891,1.939,False,False,False
42.800,bird_confirmed,False,PATROL_NAVIGATING mode=AUTO nav_goal=PATROL,AUTO,0.120,0.350,1.891,1.939,False,False,False
42.900,classification,WAITING_DYNAMIC_LOCK,PATROL_NAVIGATING mode=AUTO nav_goal=PATROL,AUTO,0.120,0.350,1.873,1.945,False,False,False
42.900,bird_confirmed,False,PATROL_NAVIGATING mode=AUTO nav_goal=PATROL,AUTO,0.120,0.350,1.873,1.945,False,False,False
43.000,bird_confirmed,False,PATROL_NAVIGATING mode=AUTO nav_goal=PATROL,AUTO,0.120,0.350,1.858,1.952,False,False,False
43.000,sound_state,IDLE_NO_REQUEST,PATROL_NAVIGATING mode=AUTO nav_goal=PATROL,AUTO,0.120,0.350,1.856,1.952,False,False,False
43.000,sound_done,False,PATROL_NAVIGATING mode=AUTO nav_goal=PATROL,AUTO,0.120,0.350,1.856,1.952,False,False,False
43.000,mission_state,PATROL_NAVIGATING mode=AUTO nav_goal=PATROL,PATROL_NAVIGATING mode=AUTO nav_goal=PATROL,AUTO,0.120,0.350,1.856,1.952,False,False,False
43.000,classification,WAITING_DYNAMIC_LOCK,PATROL_NAVIGATING mode=AUTO nav_goal=PATROL,AUTO,0.120,0.350,1.856,1.952,False,False,False
43.000,dynamic_lock,False,PATROL_NAVIGATING mode=AUTO nav_goal=PATROL,AUTO,0.120,0.350,1.856,1.952,False,False,False
43.100,classification,WAITING_DYNAMIC_LOCK,PATROL_NAVIGATING mode=AUTO nav_goal=PATROL,AUTO,0.120,0.350,1.840,1.959,False,False,False
43.100,bird_confirmed,False,PATROL_NAVIGATING mode=AUTO nav_goal=PATROL,AUTO,0.120,0.350,1.840,1.959,False,False,False
43.200,mission_state,PATROL_NAVIGATING mode=AUTO nav_goal=PATROL,PATROL_NAVIGATING mode=AUTO nav_goal=PATROL,AUTO,0.120,0.350,1.822,1.962,False,False,False
43.200,dynamic_lock,False,PATROL_NAVIGATING mode=AUTO nav_goal=PATROL,AUTO,0.120,0.350,1.822,1.962,False,False,False
43.200,classification,WAITING_DYNAMIC_LOCK,PATROL_NAVIGATING mode=AUTO nav_goal=PATROL,AUTO,0.120,0.350,1.822,1.962,False,False,False
43.200,bird_confirmed,False,PATROL_NAVIGATING mode=AUTO nav_goal=PATROL,AUTO,0.120,0.350,1.822,1.962,False,False,False
43.200,sound_state,IDLE_NO_REQUEST,PATROL_NAVIGATING mode=AUTO nav_goal=PATROL,AUTO,0.120,0.350,1.822,1.962,False,False,False
43.200,sound_done,False,PATROL_NAVIGATING mode=AUTO nav_goal=PATROL,AUTO,0.120,0.350,1.822,1.962,False,False,False
43.300,classification,WAITING_DYNAMIC_LOCK,PATROL_NAVIGATING mode=AUTO nav_goal=PATROL,AUTO,0.120,0.347,1.804,1.967,False,False,False
43.300,bird_confirmed,False,PATROL_NAVIGATING mode=AUTO nav_goal=PATROL,AUTO,0.120,0.347,1.804,1.967,False,False,False
43.400,classification,WAITING_DYNAMIC_LOCK,PATROL_NAVIGATING mode=AUTO nav_goal=PATROL,AUTO,0.120,0.268,1.786,1.972,False,False,False
43.400,bird_confirmed,False,PATROL_NAVIGATING mode=AUTO nav_goal=PATROL,AUTO,0.120,0.268,1.786,1.972,False,False,False
43.400,mission_state,PATROL_NAVIGATING mode=AUTO nav_goal=PATROL,PATROL_NAVIGATING mode=AUTO nav_goal=PATROL,AUTO,0.120,0.268,1.786,1.972,False,False,False
43.400,sound_state,IDLE_NO_REQUEST,PATROL_NAVIGATING mode=AUTO nav_goal=PATROL,AUTO,0.120,0.268,1.786,1.972,False,False,False
43.400,sound_done,False,PATROL_NAVIGATING mode=AUTO nav_goal=PATROL,AUTO,0.120,0.268,1.786,1.972,False,False,False
43.400,dynamic_lock,False,PATROL_NAVIGATING mode=AUTO nav_goal=PATROL,AUTO,0.120,0.229,1.784,1.972,False,False,False
43.500,classification,WAITING_DYNAMIC_LOCK,PATROL_NAVIGATING mode=AUTO nav_goal=PATROL,AUTO,0.120,0.229,1.767,1.975,False,False,False
43.500,bird_confirmed,False,PATROL_NAVIGATING mode=AUTO nav_goal=PATROL,AUTO,0.120,0.229,1.767,1.975,False,False,False
43.600,classification,WAITING_DYNAMIC_LOCK,PATROL_NAVIGATING mode=AUTO nav_goal=PATROL,AUTO,0.120,0.229,1.749,1.977,False,False,False
43.600,bird_confirmed,False,PATROL_NAVIGATING mode=AUTO nav_goal=PATROL,AUTO,0.120,0.229,1.749,1.977,False,False,False
43.600,sound_state,IDLE_NO_REQUEST,PATROL_NAVIGATING mode=AUTO nav_goal=PATROL,AUTO,0.120,0.229,1.749,1.977,False,False,False
43.600,sound_done,False,PATROL_NAVIGATING mode=AUTO nav_goal=PATROL,AUTO,0.120,0.229,1.749,1.977,False,False,False
43.600,mission_state,PATROL_NAVIGATING mode=AUTO nav_goal=PATROL,PATROL_NAVIGATING mode=AUTO nav_goal=PATROL,AUTO,0.120,0.191,1.749,1.977,False,False,False
43.600,dynamic_lock,False,PATROL_NAVIGATING mode=AUTO nav_goal=PATROL,AUTO,0.120,0.191,1.735,1.978,False,False,False
43.700,bird_confirmed,False,PATROL_NAVIGATING mode=AUTO nav_goal=PATROL,AUTO,0.120,0.191,1.730,1.979,False,False,False
43.700,classification,WAITING_DYNAMIC_LOCK,PATROL_NAVIGATING mode=AUTO nav_goal=PATROL,AUTO,0.120,0.158,1.728,1.979,False,False,False
43.800,mission_state,PATROL_NAVIGATING mode=AUTO nav_goal=PATROL,PATROL_NAVIGATING mode=AUTO nav_goal=PATROL,AUTO,0.120,0.158,1.711,1.981,False,False,False
43.800,classification,WAITING_DYNAMIC_LOCK,PATROL_NAVIGATING mode=AUTO nav_goal=PATROL,AUTO,0.120,0.158,1.711,1.981,False,False,False
43.800,bird_confirmed,False,PATROL_NAVIGATING mode=AUTO nav_goal=PATROL,AUTO,0.120,0.158,1.711,1.981,False,False,False
43.800,sound_state,IDLE_NO_REQUEST,PATROL_NAVIGATING mode=AUTO nav_goal=PATROL,AUTO,0.120,0.158,1.711,1.981,False,False,False
43.800,sound_done,False,PATROL_NAVIGATING mode=AUTO nav_goal=PATROL,AUTO,0.120,0.158,1.711,1.981,False,False,False
43.900,classification,WAITING_DYNAMIC_LOCK,PATROL_NAVIGATING mode=AUTO nav_goal=PATROL,AUTO,0.120,0.124,1.692,1.983,False,False,False
43.900,bird_confirmed,False,PATROL_NAVIGATING mode=AUTO nav_goal=PATROL,AUTO,0.120,0.124,1.692,1.983,False,False,False
43.900,dynamic_lock,False,PATROL_NAVIGATING mode=AUTO nav_goal=PATROL,AUTO,0.120,0.074,1.679,1.983,False,False,False
44.000,mission_state,PATROL_NAVIGATING mode=AUTO nav_goal=PATROL,PATROL_NAVIGATING mode=AUTO nav_goal=PATROL,AUTO,0.120,0.074,1.673,1.983,False,False,False
44.000,dynamic_lock,False,PATROL_NAVIGATING mode=AUTO nav_goal=PATROL,AUTO,0.120,0.074,1.673,1.983,False,False,False
44.000,sound_state,IDLE_NO_REQUEST,PATROL_NAVIGATING mode=AUTO nav_goal=PATROL,AUTO,0.120,0.074,1.673,1.983,False,False,False
44.000,sound_done,False,PATROL_NAVIGATING mode=AUTO nav_goal=PATROL,AUTO,0.120,0.074,1.673,1.983,False,False,False
44.000,classification,WAITING_DYNAMIC_LOCK,PATROL_NAVIGATING mode=AUTO nav_goal=PATROL,AUTO,0.120,0.074,1.671,1.984,False,False,False
44.000,bird_confirmed,False,PATROL_NAVIGATING mode=AUTO nav_goal=PATROL,AUTO,0.120,0.074,1.671,1.984,False,False,False
44.100,classification,WAITING_DYNAMIC_LOCK,PATROL_NAVIGATING mode=AUTO nav_goal=PATROL,AUTO,0.120,0.074,1.654,1.985,False,False,False
44.100,bird_confirmed,False,PATROL_NAVIGATING mode=AUTO nav_goal=PATROL,AUTO,0.120,0.074,1.654,1.985,False,False,False
44.200,classification,WAITING_DYNAMIC_LOCK,PATROL_NAVIGATING mode=AUTO nav_goal=PATROL,AUTO,0.120,0.037,1.635,1.985,False,False,False
44.200,bird_confirmed,False,PATROL_NAVIGATING mode=AUTO nav_goal=PATROL,AUTO,0.120,0.037,1.635,1.985,False,False,False
44.200,mission_state,PATROL_NAVIGATING mode=AUTO nav_goal=PATROL,PATROL_NAVIGATING mode=AUTO nav_goal=PATROL,AUTO,0.120,0.037,1.635,1.985,False,False,False
44.200,sound_state,IDLE_NO_REQUEST,PATROL_NAVIGATING mode=AUTO nav_goal=PATROL,AUTO,0.120,0.037,1.635,1.985,False,False,False
44.200,sound_done,False,PATROL_NAVIGATING mode=AUTO nav_goal=PATROL,AUTO,0.120,0.037,1.635,1.985,False,False,False
44.200,dynamic_lock,False,PATROL_NAVIGATING mode=AUTO nav_goal=PATROL,AUTO,0.120,0.030,1.625,1.986,False,False,False
44.300,classification,WAITING_DYNAMIC_LOCK,PATROL_NAVIGATING mode=AUTO nav_goal=PATROL,AUTO,0.120,0.030,1.616,1.986,False,False,False
44.300,bird_confirmed,False,PATROL_NAVIGATING mode=AUTO nav_goal=PATROL,AUTO,0.120,0.030,1.616,1.986,False,False,False
44.400,sound_state,IDLE_NO_REQUEST,PATROL_NAVIGATING mode=AUTO nav_goal=PATROL,AUTO,0.120,0.026,1.597,1.987,False,False,False
44.400,sound_done,False,PATROL_NAVIGATING mode=AUTO nav_goal=PATROL,AUTO,0.120,0.026,1.597,1.987,False,False,False
44.400,mission_state,PATROL_NAVIGATING mode=AUTO nav_goal=PATROL,PATROL_NAVIGATING mode=AUTO nav_goal=PATROL,AUTO,0.120,0.026,1.595,1.987,False,False,False
44.400,classification,WAITING_DYNAMIC_LOCK,PATROL_NAVIGATING mode=AUTO nav_goal=PATROL,AUTO,0.120,0.026,1.595,1.987,False,False,False
44.400,bird_confirmed,False,PATROL_NAVIGATING mode=AUTO nav_goal=PATROL,AUTO,0.120,0.026,1.595,1.987,False,False,False
44.400,dynamic_lock,False,PATROL_NAVIGATING mode=AUTO nav_goal=PATROL,AUTO,0.120,0.026,1.595,1.987,False,False,False
44.500,classification,WAITING_DYNAMIC_LOCK,PATROL_NAVIGATING mode=AUTO nav_goal=PATROL,AUTO,0.120,0.025,1.576,1.988,False,False,False
44.500,bird_confirmed,False,PATROL_NAVIGATING mode=AUTO nav_goal=PATROL,AUTO,0.120,0.025,1.576,1.988,False,False,False
44.600,sound_state,IDLE_NO_REQUEST,PATROL_NAVIGATING mode=AUTO nav_goal=PATROL,AUTO,0.120,0.025,1.558,1.988,False,False,False
44.600,sound_done,False,PATROL_NAVIGATING mode=AUTO nav_goal=PATROL,AUTO,0.120,0.025,1.558,1.988,False,False,False
44.600,dynamic_lock,False,PATROL_NAVIGATING mode=AUTO nav_goal=PATROL,AUTO,0.120,0.024,1.557,1.988,False,False,False
44.600,classification,WAITING_DYNAMIC_LOCK,PATROL_NAVIGATING mode=AUTO nav_goal=PATROL,AUTO,0.120,0.024,1.557,1.988,False,False,False
44.600,bird_confirmed,False,PATROL_NAVIGATING mode=AUTO nav_goal=PATROL,AUTO,0.120,0.024,1.557,1.988,False,False,False
44.600,mission_state,PATROL_NAVIGATING mode=AUTO nav_goal=PATROL,PATROL_NAVIGATING mode=AUTO nav_goal=PATROL,AUTO,0.120,0.024,1.557,1.988,False,False,False
44.700,classification,WAITING_DYNAMIC_LOCK,PATROL_NAVIGATING mode=AUTO nav_goal=PATROL,AUTO,0.120,0.024,1.539,1.989,False,False,False
44.700,bird_confirmed,False,PATROL_NAVIGATING mode=AUTO nav_goal=PATROL,AUTO,0.120,0.024,1.539,1.989,False,False,False
44.800,classification,WAITING_DYNAMIC_LOCK,PATROL_NAVIGATING mode=AUTO nav_goal=PATROL,AUTO,0.120,0.022,1.520,1.990,False,False,False
44.800,bird_confirmed,False,PATROL_NAVIGATING mode=AUTO nav_goal=PATROL,AUTO,0.120,0.022,1.520,1.990,False,False,False
44.800,sound_state,IDLE_NO_REQUEST,PATROL_NAVIGATING mode=AUTO nav_goal=PATROL,AUTO,0.120,0.022,1.520,1.990,False,False,False
44.800,sound_done,False,PATROL_NAVIGATING mode=AUTO nav_goal=PATROL,AUTO,0.120,0.022,1.520,1.990,False,False,False
44.800,mission_state,PATROL_NAVIGATING mode=AUTO nav_goal=PATROL,PATROL_NAVIGATING mode=AUTO nav_goal=PATROL,AUTO,0.120,0.022,1.518,1.990,False,False,False
44.800,dynamic_lock,False,PATROL_NAVIGATING mode=AUTO nav_goal=PATROL,AUTO,0.120,0.022,1.518,1.990,False,False,False
44.900,classification,WAITING_DYNAMIC_LOCK,PATROL_NAVIGATING mode=AUTO nav_goal=PATROL,AUTO,0.120,0.022,1.501,1.990,False,False,False
44.900,bird_confirmed,False,PATROL_NAVIGATING mode=AUTO nav_goal=PATROL,AUTO,0.120,0.022,1.501,1.990,False,False,False
45.000,sound_state,IDLE_NO_REQUEST,PATROL_NAVIGATING mode=AUTO nav_goal=PATROL,AUTO,0.120,0.021,1.482,1.991,False,False,False
45.000,sound_done,False,PATROL_NAVIGATING mode=AUTO nav_goal=PATROL,AUTO,0.120,0.021,1.482,1.991,False,False,False
45.000,mission_state,PATROL_NAVIGATING mode=AUTO nav_goal=PATROL,PATROL_NAVIGATING mode=AUTO nav_goal=PATROL,AUTO,0.120,0.021,1.482,1.991,False,False,False
45.000,dynamic_lock,False,PATROL_NAVIGATING mode=AUTO nav_goal=PATROL,AUTO,0.120,0.021,1.482,1.991,False,False,False
45.000,bird_confirmed,False,PATROL_NAVIGATING mode=AUTO nav_goal=PATROL,AUTO,0.120,0.021,1.482,1.991,False,False,False
45.000,classification,WAITING_DYNAMIC_LOCK,PATROL_NAVIGATING mode=AUTO nav_goal=PATROL,AUTO,0.120,0.021,1.482,1.991,False,False,False
45.100,classification,WAITING_DYNAMIC_LOCK,PATROL_NAVIGATING mode=AUTO nav_goal=PATROL,AUTO,0.120,0.021,1.463,1.992,False,False,False
45.100,bird_confirmed,False,PATROL_NAVIGATING mode=AUTO nav_goal=PATROL,AUTO,0.120,0.021,1.463,1.992,False,False,False
45.200,mission_state,PATROL_NAVIGATING mode=AUTO nav_goal=PATROL,PATROL_NAVIGATING mode=AUTO nav_goal=PATROL,AUTO,0.120,0.019,1.444,1.992,False,False,False
45.200,sound_state,IDLE_NO_REQUEST,PATROL_NAVIGATING mode=AUTO nav_goal=PATROL,AUTO,0.120,0.019,1.444,1.992,False,False,False
45.200,sound_done,False,PATROL_NAVIGATING mode=AUTO nav_goal=PATROL,AUTO,0.120,0.019,1.444,1.992,False,False,False
45.200,classification,WAITING_DYNAMIC_LOCK,PATROL_NAVIGATING mode=AUTO nav_goal=PATROL,AUTO,0.120,0.019,1.442,1.992,False,False,False
45.200,bird_confirmed,False,PATROL_NAVIGATING mode=AUTO nav_goal=PATROL,AUTO,0.120,0.019,1.442,1.992,False,False,False
45.200,dynamic_lock,False,PATROL_NAVIGATING mode=AUTO nav_goal=PATROL,AUTO,0.120,0.019,1.436,1.993,False,False,False
45.300,classification,WAITING_DYNAMIC_LOCK,PATROL_NAVIGATING mode=AUTO nav_goal=PATROL,AUTO,0.120,0.019,1.424,1.993,False,False,False
45.300,bird_confirmed,False,PATROL_NAVIGATING mode=AUTO nav_goal=PATROL,AUTO,0.120,0.019,1.424,1.993,False,False,False
45.400,mission_state,PATROL_NAVIGATING mode=AUTO nav_goal=PATROL,PATROL_NAVIGATING mode=AUTO nav_goal=PATROL,AUTO,0.120,0.019,1.405,1.993,False,False,False
45.400,classification,WAITING_DYNAMIC_LOCK,PATROL_NAVIGATING mode=AUTO nav_goal=PATROL,AUTO,0.120,0.019,1.405,1.993,False,False,False
45.400,bird_confirmed,False,PATROL_NAVIGATING mode=AUTO nav_goal=PATROL,AUTO,0.120,0.019,1.405,1.993,False,False,False
45.400,sound_state,IDLE_NO_REQUEST,PATROL_NAVIGATING mode=AUTO nav_goal=PATROL,AUTO,0.120,0.019,1.405,1.993,False,False,False
45.400,sound_done,False,PATROL_NAVIGATING mode=AUTO nav_goal=PATROL,AUTO,0.120,0.019,1.405,1.993,False,False,False
45.400,dynamic_lock,False,PATROL_NAVIGATING mode=AUTO nav_goal=PATROL,AUTO,0.120,0.019,1.403,1.994,False,False,False
45.500,classification,WAITING_DYNAMIC_LOCK,PATROL_NAVIGATING mode=AUTO nav_goal=PATROL,AUTO,0.120,0.019,1.386,1.994,False,False,False
45.500,bird_confirmed,False,PATROL_NAVIGATING mode=AUTO nav_goal=PATROL,AUTO,0.120,0.019,1.386,1.994,False,False,False
45.600,dynamic_lock,False,PATROL_NAVIGATING mode=AUTO nav_goal=PATROL,AUTO,0.120,0.019,1.367,1.995,False,False,False
45.600,sound_state,IDLE_NO_REQUEST,PATROL_NAVIGATING mode=AUTO nav_goal=PATROL,AUTO,0.120,0.019,1.367,1.995,False,False,False
45.600,sound_done,False,PATROL_NAVIGATING mode=AUTO nav_goal=PATROL,AUTO,0.120,0.019,1.367,1.995,False,False,False
45.600,classification,WAITING_DYNAMIC_LOCK,PATROL_NAVIGATING mode=AUTO nav_goal=PATROL,AUTO,0.120,0.019,1.367,1.995,False,False,False
45.600,bird_confirmed,False,PATROL_NAVIGATING mode=AUTO nav_goal=PATROL,AUTO,0.120,0.019,1.367,1.995,False,False,False
45.600,mission_state,PATROL_NAVIGATING mode=AUTO nav_goal=PATROL,PATROL_NAVIGATING mode=AUTO nav_goal=PATROL,AUTO,0.120,0.019,1.365,1.995,False,False,False
45.700,bird_confirmed,False,PATROL_NAVIGATING mode=AUTO nav_goal=PATROL,AUTO,0.120,0.019,1.348,1.995,False,False,False
45.700,classification,WAITING_DYNAMIC_LOCK,PATROL_NAVIGATING mode=AUTO nav_goal=PATROL,AUTO,0.120,0.019,1.348,1.995,False,False,False
45.800,sound_state,IDLE_NO_REQUEST,PATROL_NAVIGATING mode=AUTO nav_goal=PATROL,AUTO,0.120,0.018,1.329,1.996,False,False,False
45.800,sound_done,False,PATROL_NAVIGATING mode=AUTO nav_goal=PATROL,AUTO,0.120,0.018,1.329,1.996,False,False,False
45.800,classification,WAITING_DYNAMIC_LOCK,PATROL_NAVIGATING mode=AUTO nav_goal=PATROL,AUTO,0.120,0.018,1.329,1.996,False,False,False
45.800,bird_confirmed,False,PATROL_NAVIGATING mode=AUTO nav_goal=PATROL,AUTO,0.120,0.018,1.329,1.996,False,False,False
45.800,dynamic_lock,False,PATROL_NAVIGATING mode=AUTO nav_goal=PATROL,AUTO,0.120,0.018,1.327,1.996,False,False,False
45.900,classification,WAITING_DYNAMIC_LOCK,PATROL_NAVIGATING mode=AUTO nav_goal=PATROL,AUTO,0.120,0.017,1.309,1.996,False,False,False
45.900,bird_confirmed,False,PATROL_NAVIGATING mode=AUTO nav_goal=PATROL,AUTO,0.120,0.017,1.309,1.996,False,False,False
45.900,mission_state,PATROL_NAVIGATING mode=AUTO nav_goal=PATROL,PATROL_NAVIGATING mode=AUTO nav_goal=PATROL,AUTO,0.120,0.017,1.309,1.996,False,False,False
46.000,dynamic_lock,False,PATROL_NAVIGATING mode=AUTO nav_goal=PATROL,AUTO,0.120,0.017,1.290,1.996,False,False,False
46.000,classification,WAITING_DYNAMIC_LOCK,PATROL_NAVIGATING mode=AUTO nav_goal=PATROL,AUTO,0.120,0.017,1.290,1.996,False,False,False
46.000,bird_confirmed,False,PATROL_NAVIGATING mode=AUTO nav_goal=PATROL,AUTO,0.120,0.017,1.290,1.996,False,False,False
46.000,sound_state,IDLE_NO_REQUEST,PATROL_NAVIGATING mode=AUTO nav_goal=PATROL,AUTO,0.120,0.017,1.290,1.996,False,False,False
46.000,sound_done,False,PATROL_NAVIGATING mode=AUTO nav_goal=PATROL,AUTO,0.120,0.017,1.290,1.996,False,False,False
46.000,mission_state,PATROL_NAVIGATING mode=AUTO nav_goal=PATROL,PATROL_NAVIGATING mode=AUTO nav_goal=PATROL,AUTO,0.120,0.017,1.290,1.996,False,False,False
46.100,bird_confirmed,False,PATROL_NAVIGATING mode=AUTO nav_goal=PATROL,AUTO,0.120,0.017,1.271,1.997,False,False,False
46.100,classification,WAITING_DYNAMIC_LOCK,PATROL_NAVIGATING mode=AUTO nav_goal=PATROL,AUTO,0.120,0.017,1.271,1.997,False,False,False
46.200,sound_state,IDLE_NO_REQUEST,PATROL_NAVIGATING mode=AUTO nav_goal=PATROL,AUTO,0.120,0.017,1.252,1.997,False,False,False
46.200,sound_done,False,PATROL_NAVIGATING mode=AUTO nav_goal=PATROL,AUTO,0.120,0.017,1.252,1.997,False,False,False
46.200,mission_state,PATROL_NAVIGATING mode=AUTO nav_goal=PATROL,PATROL_NAVIGATING mode=AUTO nav_goal=PATROL,AUTO,0.120,0.017,1.250,1.997,False,False,False
46.200,dynamic_lock,False,PATROL_NAVIGATING mode=AUTO nav_goal=PATROL,AUTO,0.120,0.017,1.250,1.997,False,False,False
46.200,classification,WAITING_DYNAMIC_LOCK,PATROL_NAVIGATING mode=AUTO nav_goal=PATROL,AUTO,0.120,0.017,1.250,1.997,False,False,False
46.200,bird_confirmed,False,PATROL_NAVIGATING mode=AUTO nav_goal=PATROL,AUTO,0.120,0.017,1.250,1.997,False,False,False
46.300,classification,WAITING_DYNAMIC_LOCK,PATROL_NAVIGATING mode=AUTO nav_goal=PATROL,AUTO,0.120,0.017,1.233,1.998,False,False,False
46.300,bird_confirmed,False,PATROL_NAVIGATING mode=AUTO nav_goal=PATROL,AUTO,0.120,0.017,1.233,1.998,False,False,False
46.300,mission_event,timestamp=46.300 mission_id=0 target_mission_id=1 state=PATROL_NAVIGATING event_type=SIM_NAV_GOAL_ARRIVED reason=PATROL waypoint_index=3,PATROL_NAVIGATING mode=AUTO nav_goal=PATROL,AUTO,0.120,0.017,1.231,1.998,False,False,False
46.300,mission_event,timestamp=46.300 mission_id=0 target_mission_id=1 state=PATROL_NAVIGATING event_type=NAV2_GOAL_SUCCEEDED reason=PATROL waypoint_index=3,PATROL_NAVIGATING mode=AUTO nav_goal=PATROL,AUTO,0.120,0.017,1.231,1.998,False,False,False
46.300,mission_event,timestamp=46.300 mission_id=0 target_mission_id=1 state=PATROL_DWELL event_type=STATE_CHANGE reason=previous=PATROL_NAVIGATING next=PATROL_DWELL reason=inside_d waypoint_index=3,PATROL_NAVIGATING mode=AUTO nav_goal=PATROL,AUTO,0.120,0.017,1.231,1.998,False,False,False
46.400,classification,WAITING_DYNAMIC_LOCK,PATROL_NAVIGATING mode=AUTO nav_goal=PATROL,AUTO,0.120,0.017,1.214,1.998,False,False,False
46.400,bird_confirmed,False,PATROL_NAVIGATING mode=AUTO nav_goal=PATROL,AUTO,0.120,0.017,1.214,1.998,False,False,False
46.400,mission_state,PATROL_DWELL mode=AUTO nav_goal=NONE,PATROL_DWELL mode=AUTO nav_goal=NONE,AUTO,0.120,0.017,1.214,1.998,False,False,False
46.400,dynamic_lock,False,PATROL_DWELL mode=AUTO nav_goal=NONE,AUTO,0.120,0.017,1.214,1.998,False,False,False
46.400,sound_done,False,PATROL_DWELL mode=AUTO nav_goal=NONE,AUTO,0.120,0.017,1.214,1.998,False,False,False
46.400,sound_state,IDLE_NO_REQUEST,PATROL_DWELL mode=AUTO nav_goal=NONE,AUTO,0.120,0.017,1.214,1.998,False,False,False
46.500,classification,WAITING_DYNAMIC_LOCK,PATROL_DWELL mode=AUTO nav_goal=NONE,AUTO,0.040,0.000,1.194,1.999,False,False,False
46.500,bird_confirmed,False,PATROL_DWELL mode=AUTO nav_goal=NONE,AUTO,0.040,0.000,1.194,1.999,False,False,False
46.600,bird_confirmed,False,PATROL_DWELL mode=AUTO nav_goal=NONE,AUTO,0.000,0.000,1.184,1.999,False,False,False
46.600,sound_state,IDLE_NO_REQUEST,PATROL_DWELL mode=AUTO nav_goal=NONE,AUTO,0.000,0.000,1.184,1.999,False,False,False
46.600,sound_done,False,PATROL_DWELL mode=AUTO nav_goal=NONE,AUTO,0.000,0.000,1.184,1.999,False,False,False
46.600,classification,WAITING_DYNAMIC_LOCK,PATROL_DWELL mode=AUTO nav_goal=NONE,AUTO,0.000,0.000,1.184,1.999,False,False,False
46.600,mission_state,PATROL_DWELL mode=AUTO nav_goal=NONE,PATROL_DWELL mode=AUTO nav_goal=NONE,AUTO,0.000,0.000,1.183,1.999,False,False,False
46.600,dynamic_lock,False,PATROL_DWELL mode=AUTO nav_goal=NONE,AUTO,0.000,0.000,1.182,1.999,False,False,False
46.700,bird_confirmed,False,PATROL_DWELL mode=AUTO nav_goal=NONE,AUTO,0.000,0.000,1.182,1.999,False,False,False
46.700,classification,WAITING_DYNAMIC_LOCK,PATROL_DWELL mode=AUTO nav_goal=NONE,AUTO,0.000,0.000,1.182,1.999,False,False,False
46.800,sound_done,False,PATROL_DWELL mode=AUTO nav_goal=NONE,AUTO,0.000,0.000,1.182,1.999,False,False,False
46.800,mission_state,PATROL_DWELL mode=AUTO nav_goal=NONE,PATROL_DWELL mode=AUTO nav_goal=NONE,AUTO,0.000,0.000,1.182,1.999,False,False,False
46.800,mission_event,timestamp=46.800 mission_id=0 target_mission_id=1 state=RESUME_PATROL event_type=STATE_CHANGE reason=previous=PATROL_DWELL next=RESUME_PATROL reason=next_index=0 waypoint_index=0,PATROL_DWELL mode=AUTO nav_goal=NONE,AUTO,0.000,0.000,1.182,1.999,False,False,False
46.800,classification,WAITING_DYNAMIC_LOCK,PATROL_DWELL mode=AUTO nav_goal=NONE,AUTO,0.000,0.000,1.182,1.999,False,False,False
46.800,bird_confirmed,False,PATROL_DWELL mode=AUTO nav_goal=NONE,AUTO,0.000,0.000,1.182,1.999,False,False,False
46.800,sound_state,IDLE_NO_REQUEST,PATROL_DWELL mode=AUTO nav_goal=NONE,AUTO,0.000,0.000,1.182,1.999,False,False,False
46.800,dynamic_lock,False,PATROL_DWELL mode=AUTO nav_goal=NONE,AUTO,0.000,0.000,1.182,1.999,False,False,False
46.900,classification,WAITING_DYNAMIC_LOCK,PATROL_DWELL mode=AUTO nav_goal=NONE,AUTO,0.000,0.000,1.182,1.999,False,False,False
46.900,bird_confirmed,False,PATROL_DWELL mode=AUTO nav_goal=NONE,AUTO,0.000,0.000,1.182,1.999,False,False,False
47.000,sound_done,False,PATROL_DWELL mode=AUTO nav_goal=NONE,AUTO,0.000,0.000,1.182,1.999,False,False,False
47.000,dynamic_lock,False,PATROL_DWELL mode=AUTO nav_goal=NONE,AUTO,0.000,0.000,1.182,1.999,False,False,False
47.000,classification,WAITING_DYNAMIC_LOCK,PATROL_DWELL mode=AUTO nav_goal=NONE,AUTO,0.000,0.000,1.182,1.999,False,False,False
47.000,bird_confirmed,False,PATROL_DWELL mode=AUTO nav_goal=NONE,AUTO,0.000,0.000,1.182,1.999,False,False,False
47.000,sound_state,IDLE_NO_REQUEST,PATROL_DWELL mode=AUTO nav_goal=NONE,AUTO,0.000,0.000,1.182,1.999,False,False,False
47.000,mission_state,RESUME_PATROL mode=AUTO nav_goal=NONE,RESUME_PATROL mode=AUTO nav_goal=NONE,AUTO,0.000,0.000,1.182,1.999,False,False,False
47.000,mission_event,timestamp=47.000 mission_id=0 target_mission_id=1 state=PATROL_NAVIGATING event_type=STATE_CHANGE reason=previous=RESUME_PATROL next=PATROL_NAVIGATING reason=goal_type=PATROL waypoint_index=0,RESUME_PATROL mode=AUTO nav_goal=NONE,AUTO,0.000,0.000,1.182,1.999,False,False,False
47.000,mission_event,timestamp=47.000 mission_id=0 target_mission_id=1 state=PATROL_NAVIGATING event_type=NAV2_DISABLED_SIMULATED_GOAL reason=PATROL waypoint_index=0,RESUME_PATROL mode=AUTO nav_goal=NONE,AUTO,0.000,0.000,1.182,1.999,False,False,False
47.100,classification,WAITING_DYNAMIC_LOCK,RESUME_PATROL mode=AUTO nav_goal=NONE,AUTO,0.000,0.000,1.182,1.999,False,False,False
47.100,bird_confirmed,False,RESUME_PATROL mode=AUTO nav_goal=NONE,AUTO,0.000,0.000,1.182,1.999,False,False,False
47.200,sound_done,False,RESUME_PATROL mode=AUTO nav_goal=NONE,AUTO,0.000,0.000,1.182,1.999,False,False,False
47.200,dynamic_lock,False,RESUME_PATROL mode=AUTO nav_goal=NONE,AUTO,0.000,0.000,1.182,1.999,False,False,False
47.200,sound_state,IDLE_NO_REQUEST,RESUME_PATROL mode=AUTO nav_goal=NONE,AUTO,0.000,0.000,1.182,1.999,False,False,False
47.200,mission_state,PATROL_NAVIGATING mode=AUTO nav_goal=PATROL,PATROL_NAVIGATING mode=AUTO nav_goal=PATROL,AUTO,0.000,0.000,1.182,1.999,False,False,False
47.200,classification,WAITING_DYNAMIC_LOCK,PATROL_NAVIGATING mode=AUTO nav_goal=PATROL,AUTO,0.000,0.000,1.182,1.999,False,False,False
47.200,bird_confirmed,False,PATROL_NAVIGATING mode=AUTO nav_goal=PATROL,AUTO,0.000,0.000,1.182,1.999,False,False,False
47.300,classification,WAITING_DYNAMIC_LOCK,PATROL_NAVIGATING mode=AUTO nav_goal=PATROL,AUTO,0.000,0.000,1.182,1.999,False,False,False
47.300,bird_confirmed,False,PATROL_NAVIGATING mode=AUTO nav_goal=PATROL,AUTO,0.000,0.000,1.182,1.999,False,False,False
47.400,sound_state,IDLE_NO_REQUEST,PATROL_NAVIGATING mode=AUTO nav_goal=PATROL,AUTO,0.000,0.240,1.182,1.999,False,False,False
47.400,sound_done,False,PATROL_NAVIGATING mode=AUTO nav_goal=PATROL,AUTO,0.000,0.240,1.182,1.999,False,False,False
47.400,mission_state,PATROL_NAVIGATING mode=AUTO nav_goal=PATROL,PATROL_NAVIGATING mode=AUTO nav_goal=PATROL,AUTO,0.000,0.350,1.182,1.999,False,False,False
47.400,dynamic_lock,False,PATROL_NAVIGATING mode=AUTO nav_goal=PATROL,AUTO,0.000,0.350,1.182,1.999,False,False,False
47.400,classification,WAITING_DYNAMIC_LOCK,PATROL_NAVIGATING mode=AUTO nav_goal=PATROL,AUTO,0.000,0.350,1.182,1.999,False,False,False
47.400,bird_confirmed,False,PATROL_NAVIGATING mode=AUTO nav_goal=PATROL,AUTO,0.000,0.350,1.182,1.999,False,False,False
47.500,classification,WAITING_DYNAMIC_LOCK,PATROL_NAVIGATING mode=AUTO nav_goal=PATROL,AUTO,0.000,0.350,1.181,1.999,False,False,False
47.500,bird_confirmed,False,PATROL_NAVIGATING mode=AUTO nav_goal=PATROL,AUTO,0.000,0.350,1.181,1.999,False,False,False
47.600,dynamic_lock,False,PATROL_NAVIGATING mode=AUTO nav_goal=PATROL,AUTO,0.000,0.350,1.181,1.998,False,False,False
47.600,bird_confirmed,False,PATROL_NAVIGATING mode=AUTO nav_goal=PATROL,AUTO,0.000,0.350,1.181,1.998,False,False,False
47.600,mission_state,PATROL_NAVIGATING mode=AUTO nav_goal=PATROL,PATROL_NAVIGATING mode=AUTO nav_goal=PATROL,AUTO,0.000,0.350,1.181,1.998,False,False,False
47.600,classification,WAITING_DYNAMIC_LOCK,PATROL_NAVIGATING mode=AUTO nav_goal=PATROL,AUTO,0.000,0.350,1.181,1.998,False,False,False
47.600,sound_state,IDLE_NO_REQUEST,PATROL_NAVIGATING mode=AUTO nav_goal=PATROL,AUTO,0.000,0.350,1.181,1.998,False,False,False
47.600,sound_done,False,PATROL_NAVIGATING mode=AUTO nav_goal=PATROL,AUTO,0.000,0.350,1.181,1.998,False,False,False
47.700,classification,WAITING_DYNAMIC_LOCK,PATROL_NAVIGATING mode=AUTO nav_goal=PATROL,AUTO,0.000,0.350,1.180,1.998,False,False,False
47.700,bird_confirmed,False,PATROL_NAVIGATING mode=AUTO nav_goal=PATROL,AUTO,0.000,0.350,1.180,1.998,False,False,False
47.800,mission_state,PATROL_NAVIGATING mode=AUTO nav_goal=PATROL,PATROL_NAVIGATING mode=AUTO nav_goal=PATROL,AUTO,0.000,0.350,1.180,1.999,False,False,False
47.800,classification,WAITING_DYNAMIC_LOCK,PATROL_NAVIGATING mode=AUTO nav_goal=PATROL,AUTO,0.000,0.350,1.180,1.999,False,False,False
47.800,bird_confirmed,False,PATROL_NAVIGATING mode=AUTO nav_goal=PATROL,AUTO,0.000,0.350,1.180,1.999,False,False,False
47.800,sound_state,IDLE_NO_REQUEST,PATROL_NAVIGATING mode=AUTO nav_goal=PATROL,AUTO,0.000,0.350,1.180,1.999,False,False,False
47.800,sound_done,False,PATROL_NAVIGATING mode=AUTO nav_goal=PATROL,AUTO,0.000,0.350,1.180,1.999,False,False,False
47.800,dynamic_lock,False,PATROL_NAVIGATING mode=AUTO nav_goal=PATROL,AUTO,0.000,0.350,1.180,1.999,False,False,False
47.900,classification,WAITING_DYNAMIC_LOCK,PATROL_NAVIGATING mode=AUTO nav_goal=PATROL,AUTO,0.000,0.350,1.180,1.998,False,False,False
47.900,bird_confirmed,False,PATROL_NAVIGATING mode=AUTO nav_goal=PATROL,AUTO,0.000,0.350,1.180,1.998,False,False,False
48.000,sound_state,IDLE_NO_REQUEST,PATROL_NAVIGATING mode=AUTO nav_goal=PATROL,AUTO,0.000,0.350,1.180,1.999,False,False,False
48.000,sound_done,False,PATROL_NAVIGATING mode=AUTO nav_goal=PATROL,AUTO,0.000,0.350,1.180,1.999,False,False,False
48.000,mission_state,PATROL_NAVIGATING mode=AUTO nav_goal=PATROL,PATROL_NAVIGATING mode=AUTO nav_goal=PATROL,AUTO,0.000,0.350,1.180,1.999,False,False,False
48.000,dynamic_lock,False,PATROL_NAVIGATING mode=AUTO nav_goal=PATROL,AUTO,0.000,0.350,1.180,1.999,False,False,False
48.000,bird_confirmed,False,PATROL_NAVIGATING mode=AUTO nav_goal=PATROL,AUTO,0.000,0.350,1.180,1.999,False,False,False
48.000,classification,WAITING_DYNAMIC_LOCK,PATROL_NAVIGATING mode=AUTO nav_goal=PATROL,AUTO,0.000,0.350,1.180,1.999,False,False,False
48.100,classification,WAITING_DYNAMIC_LOCK,PATROL_NAVIGATING mode=AUTO nav_goal=PATROL,AUTO,0.000,0.350,1.180,1.999,False,False,False
48.100,bird_confirmed,False,PATROL_NAVIGATING mode=AUTO nav_goal=PATROL,AUTO,0.000,0.350,1.180,1.999,False,False,False
48.200,sound_state,IDLE_NO_REQUEST,PATROL_NAVIGATING mode=AUTO nav_goal=PATROL,AUTO,0.000,0.350,1.180,2.000,False,False,False
48.200,sound_done,False,PATROL_NAVIGATING mode=AUTO nav_goal=PATROL,AUTO,0.000,0.350,1.180,2.000,False,False,False
48.200,mission_state,PATROL_NAVIGATING mode=AUTO nav_goal=PATROL,PATROL_NAVIGATING mode=AUTO nav_goal=PATROL,AUTO,0.000,0.350,1.180,2.000,False,False,False
48.200,bird_confirmed,False,PATROL_NAVIGATING mode=AUTO nav_goal=PATROL,AUTO,0.000,0.350,1.180,2.000,False,False,False
48.200,classification,WAITING_DYNAMIC_LOCK,PATROL_NAVIGATING mode=AUTO nav_goal=PATROL,AUTO,0.000,0.350,1.180,2.000,False,False,False
48.200,dynamic_lock,False,PATROL_NAVIGATING mode=AUTO nav_goal=PATROL,AUTO,0.000,0.350,1.180,1.999,False,False,False
48.300,classification,WAITING_DYNAMIC_LOCK,PATROL_NAVIGATING mode=AUTO nav_goal=PATROL,AUTO,0.000,0.350,1.180,1.999,False,False,False
48.300,bird_confirmed,False,PATROL_NAVIGATING mode=AUTO nav_goal=PATROL,AUTO,0.000,0.350,1.180,1.999,False,False,False
48.400,sound_done,False,PATROL_NAVIGATING mode=AUTO nav_goal=PATROL,AUTO,0.000,0.350,1.180,1.999,False,False,False
48.400,dynamic_lock,False,PATROL_NAVIGATING mode=AUTO nav_goal=PATROL,AUTO,0.000,0.350,1.180,1.999,False,False,False
48.400,classification,WAITING_DYNAMIC_LOCK,PATROL_NAVIGATING mode=AUTO nav_goal=PATROL,AUTO,0.000,0.350,1.180,1.999,False,False,False
48.400,bird_confirmed,False,PATROL_NAVIGATING mode=AUTO nav_goal=PATROL,AUTO,0.000,0.350,1.180,1.999,False,False,False
48.400,sound_state,IDLE_NO_REQUEST,PATROL_NAVIGATING mode=AUTO nav_goal=PATROL,AUTO,0.000,0.350,1.180,1.999,False,False,False
48.400,mission_state,PATROL_NAVIGATING mode=AUTO nav_goal=PATROL,PATROL_NAVIGATING mode=AUTO nav_goal=PATROL,AUTO,0.000,0.350,1.180,1.999,False,False,False
48.500,classification,WAITING_DYNAMIC_LOCK,PATROL_NAVIGATING mode=AUTO nav_goal=PATROL,AUTO,0.000,0.350,1.181,1.998,False,False,False
48.500,bird_confirmed,False,PATROL_NAVIGATING mode=AUTO nav_goal=PATROL,AUTO,0.000,0.350,1.181,1.998,False,False,False
48.600,mission_state,PATROL_NAVIGATING mode=AUTO nav_goal=PATROL,PATROL_NAVIGATING mode=AUTO nav_goal=PATROL,AUTO,0.000,0.350,1.181,1.998,False,False,False
48.600,dynamic_lock,False,PATROL_NAVIGATING mode=AUTO nav_goal=PATROL,AUTO,0.000,0.350,1.181,1.998,False,False,False
48.600,sound_state,IDLE_NO_REQUEST,PATROL_NAVIGATING mode=AUTO nav_goal=PATROL,AUTO,0.000,0.350,1.181,1.998,False,False,False
48.600,sound_done,False,PATROL_NAVIGATING mode=AUTO nav_goal=PATROL,AUTO,0.000,0.350,1.181,1.998,False,False,False
48.600,classification,WAITING_DYNAMIC_LOCK,PATROL_NAVIGATING mode=AUTO nav_goal=PATROL,AUTO,0.000,0.350,1.181,1.998,False,False,False
48.600,bird_confirmed,False,PATROL_NAVIGATING mode=AUTO nav_goal=PATROL,AUTO,0.000,0.350,1.181,1.998,False,False,False
48.700,bird_confirmed,False,PATROL_NAVIGATING mode=AUTO nav_goal=PATROL,AUTO,0.000,0.350,1.181,1.998,False,False,False
48.700,classification,WAITING_DYNAMIC_LOCK,PATROL_NAVIGATING mode=AUTO nav_goal=PATROL,AUTO,0.000,0.350,1.181,1.998,False,False,False
48.800,mission_state,PATROL_NAVIGATING mode=AUTO nav_goal=PATROL,PATROL_NAVIGATING mode=AUTO nav_goal=PATROL,AUTO,0.000,0.350,1.182,1.998,False,False,False
48.800,sound_state,IDLE_NO_REQUEST,PATROL_NAVIGATING mode=AUTO nav_goal=PATROL,AUTO,0.000,0.350,1.182,1.998,False,False,False
48.800,sound_done,False,PATROL_NAVIGATING mode=AUTO nav_goal=PATROL,AUTO,0.000,0.350,1.182,1.998,False,False,False
48.800,dynamic_lock,False,PATROL_NAVIGATING mode=AUTO nav_goal=PATROL,AUTO,0.000,0.350,1.182,1.998,False,False,False
48.800,classification,WAITING_DYNAMIC_LOCK,PATROL_NAVIGATING mode=AUTO nav_goal=PATROL,AUTO,0.000,0.350,1.182,1.998,False,False,False
48.800,bird_confirmed,False,PATROL_NAVIGATING mode=AUTO nav_goal=PATROL,AUTO,0.000,0.350,1.182,1.998,False,False,False
48.900,classification,WAITING_DYNAMIC_LOCK,PATROL_NAVIGATING mode=AUTO nav_goal=PATROL,AUTO,0.000,0.350,1.182,1.998,False,False,False
48.900,bird_confirmed,False,PATROL_NAVIGATING mode=AUTO nav_goal=PATROL,AUTO,0.000,0.350,1.182,1.998,False,False,False
49.000,classification,WAITING_DYNAMIC_LOCK,PATROL_NAVIGATING mode=AUTO nav_goal=PATROL,AUTO,0.000,0.350,1.182,1.998,False,False,False
49.000,bird_confirmed,False,PATROL_NAVIGATING mode=AUTO nav_goal=PATROL,AUTO,0.000,0.350,1.182,1.998,False,False,False
49.000,sound_state,IDLE_NO_REQUEST,PATROL_NAVIGATING mode=AUTO nav_goal=PATROL,AUTO,0.000,0.350,1.182,1.998,False,False,False
49.000,sound_done,False,PATROL_NAVIGATING mode=AUTO nav_goal=PATROL,AUTO,0.000,0.350,1.182,1.998,False,False,False
49.000,mission_state,PATROL_NAVIGATING mode=AUTO nav_goal=PATROL,PATROL_NAVIGATING mode=AUTO nav_goal=PATROL,AUTO,0.000,0.350,1.182,1.998,False,False,False
49.000,dynamic_lock,False,PATROL_NAVIGATING mode=AUTO nav_goal=PATROL,AUTO,0.000,0.350,1.182,1.998,False,False,False
49.100,classification,WAITING_DYNAMIC_LOCK,PATROL_NAVIGATING mode=AUTO nav_goal=PATROL,AUTO,0.000,0.350,1.183,1.997,False,False,False
49.100,bird_confirmed,False,PATROL_NAVIGATING mode=AUTO nav_goal=PATROL,AUTO,0.000,0.350,1.183,1.997,False,False,False
49.200,sound_done,False,PATROL_NAVIGATING mode=AUTO nav_goal=PATROL,AUTO,0.000,0.350,1.183,1.997,False,False,False
49.200,mission_state,PATROL_NAVIGATING mode=AUTO nav_goal=PATROL,PATROL_NAVIGATING mode=AUTO nav_goal=PATROL,AUTO,0.000,0.350,1.183,1.997,False,False,False
49.200,classification,WAITING_DYNAMIC_LOCK,PATROL_NAVIGATING mode=AUTO nav_goal=PATROL,AUTO,0.000,0.350,1.183,1.997,False,False,False
49.200,bird_confirmed,False,PATROL_NAVIGATING mode=AUTO nav_goal=PATROL,AUTO,0.000,0.350,1.183,1.997,False,False,False
49.200,sound_state,IDLE_NO_REQUEST,PATROL_NAVIGATING mode=AUTO nav_goal=PATROL,AUTO,0.000,0.350,1.183,1.997,False,False,False
49.200,dynamic_lock,False,PATROL_NAVIGATING mode=AUTO nav_goal=PATROL,AUTO,0.000,0.350,1.183,1.998,False,False,False
49.300,classification,WAITING_DYNAMIC_LOCK,PATROL_NAVIGATING mode=AUTO nav_goal=PATROL,AUTO,0.000,0.350,1.183,1.997,False,False,False
49.300,bird_confirmed,False,PATROL_NAVIGATING mode=AUTO nav_goal=PATROL,AUTO,0.000,0.350,1.183,1.997,False,False,False
49.400,mission_state,PATROL_NAVIGATING mode=AUTO nav_goal=PATROL,PATROL_NAVIGATING mode=AUTO nav_goal=PATROL,AUTO,0.000,0.350,1.182,1.998,False,False,False
49.400,classification,WAITING_DYNAMIC_LOCK,PATROL_NAVIGATING mode=AUTO nav_goal=PATROL,AUTO,0.000,0.350,1.182,1.998,False,False,False
49.400,bird_confirmed,False,PATROL_NAVIGATING mode=AUTO nav_goal=PATROL,AUTO,0.000,0.350,1.182,1.998,False,False,False
49.400,sound_state,IDLE_NO_REQUEST,PATROL_NAVIGATING mode=AUTO nav_goal=PATROL,AUTO,0.000,0.350,1.182,1.998,False,False,False
49.400,sound_done,False,PATROL_NAVIGATING mode=AUTO nav_goal=PATROL,AUTO,0.000,0.350,1.182,1.998,False,False,False
49.400,dynamic_lock,False,PATROL_NAVIGATING mode=AUTO nav_goal=PATROL,AUTO,0.000,0.350,1.183,1.998,False,False,False
49.500,bird_confirmed,False,PATROL_NAVIGATING mode=AUTO nav_goal=PATROL,AUTO,0.000,0.350,1.183,1.998,False,False,False
49.500,classification,WAITING_DYNAMIC_LOCK,PATROL_NAVIGATING mode=AUTO nav_goal=PATROL,AUTO,0.000,0.350,1.183,1.998,False,False,False
49.600,mission_state,PATROL_NAVIGATING mode=AUTO nav_goal=PATROL,PATROL_NAVIGATING mode=AUTO nav_goal=PATROL,AUTO,0.000,0.350,1.183,1.997,False,False,False
49.600,classification,WAITING_DYNAMIC_LOCK,PATROL_NAVIGATING mode=AUTO nav_goal=PATROL,AUTO,0.000,0.350,1.183,1.997,False,False,False
49.600,bird_confirmed,False,PATROL_NAVIGATING mode=AUTO nav_goal=PATROL,AUTO,0.000,0.350,1.183,1.997,False,False,False
49.600,sound_state,IDLE_NO_REQUEST,PATROL_NAVIGATING mode=AUTO nav_goal=PATROL,AUTO,0.000,0.350,1.183,1.997,False,False,False
49.600,sound_done,False,PATROL_NAVIGATING mode=AUTO nav_goal=PATROL,AUTO,0.000,0.350,1.183,1.997,False,False,False
49.600,dynamic_lock,False,PATROL_NAVIGATING mode=AUTO nav_goal=PATROL,AUTO,0.000,0.350,1.183,1.997,False,False,False
49.700,classification,WAITING_DYNAMIC_LOCK,PATROL_NAVIGATING mode=AUTO nav_goal=PATROL,AUTO,0.000,0.350,1.184,1.998,False,False,False
49.700,bird_confirmed,False,PATROL_NAVIGATING mode=AUTO nav_goal=PATROL,AUTO,0.000,0.350,1.184,1.998,False,False,False
49.800,mission_state,PATROL_NAVIGATING mode=AUTO nav_goal=PATROL,PATROL_NAVIGATING mode=AUTO nav_goal=PATROL,AUTO,0.000,0.350,1.184,1.998,False,False,False
49.800,dynamic_lock,False,PATROL_NAVIGATING mode=AUTO nav_goal=PATROL,AUTO,0.000,0.350,1.184,1.998,False,False,False
49.800,classification,WAITING_DYNAMIC_LOCK,PATROL_NAVIGATING mode=AUTO nav_goal=PATROL,AUTO,0.000,0.350,1.184,1.998,False,False,False
49.800,bird_confirmed,False,PATROL_NAVIGATING mode=AUTO nav_goal=PATROL,AUTO,0.000,0.350,1.184,1.998,False,False,False
49.800,sound_done,False,PATROL_NAVIGATING mode=AUTO nav_goal=PATROL,AUTO,0.000,0.350,1.184,1.998,False,False,False
49.800,sound_state,IDLE_NO_REQUEST,PATROL_NAVIGATING mode=AUTO nav_goal=PATROL,AUTO,0.000,0.350,1.184,1.998,False,False,False
49.900,bird_confirmed,False,PATROL_NAVIGATING mode=AUTO nav_goal=PATROL,AUTO,0.000,0.350,1.185,1.998,False,False,False
49.900,classification,WAITING_DYNAMIC_LOCK,PATROL_NAVIGATING mode=AUTO nav_goal=PATROL,AUTO,0.000,0.350,1.185,1.998,False,False,False
50.000,sound_done,False,PATROL_NAVIGATING mode=AUTO nav_goal=PATROL,AUTO,0.000,0.350,1.185,1.998,False,False,False
50.000,mission_state,PATROL_NAVIGATING mode=AUTO nav_goal=PATROL,PATROL_NAVIGATING mode=AUTO nav_goal=PATROL,AUTO,0.000,0.350,1.185,1.998,False,False,False
50.000,dynamic_lock,False,PATROL_NAVIGATING mode=AUTO nav_goal=PATROL,AUTO,0.000,0.350,1.185,1.998,False,False,False
50.000,sound_state,IDLE_NO_REQUEST,PATROL_NAVIGATING mode=AUTO nav_goal=PATROL,AUTO,0.000,0.350,1.185,1.998,False,False,False
50.000,classification,WAITING_DYNAMIC_LOCK,PATROL_NAVIGATING mode=AUTO nav_goal=PATROL,AUTO,0.000,0.350,1.185,1.997,False,False,False
50.000,bird_confirmed,False,PATROL_NAVIGATING mode=AUTO nav_goal=PATROL,AUTO,0.000,0.350,1.185,1.997,False,False,False
50.100,classification,WAITING_DYNAMIC_LOCK,PATROL_NAVIGATING mode=AUTO nav_goal=PATROL,AUTO,0.000,0.350,1.186,1.998,False,False,False
50.100,bird_confirmed,False,PATROL_NAVIGATING mode=AUTO nav_goal=PATROL,AUTO,0.000,0.350,1.186,1.998,False,False,False
50.200,mission_state,PATROL_NAVIGATING mode=AUTO nav_goal=PATROL,PATROL_NAVIGATING mode=AUTO nav_goal=PATROL,AUTO,0.000,0.350,1.185,1.998,False,False,False
50.200,dynamic_lock,False,PATROL_NAVIGATING mode=AUTO nav_goal=PATROL,AUTO,0.000,0.350,1.185,1.998,False,False,False
50.200,sound_state,IDLE_NO_REQUEST,PATROL_NAVIGATING mode=AUTO nav_goal=PATROL,AUTO,0.000,0.350,1.185,1.998,False,False,False
50.200,sound_done,False,PATROL_NAVIGATING mode=AUTO nav_goal=PATROL,AUTO,0.000,0.350,1.185,1.998,False,False,False
50.200,bird_confirmed,False,PATROL_NAVIGATING mode=AUTO nav_goal=PATROL,AUTO,0.000,0.350,1.185,1.999,False,False,False
50.200,classification,WAITING_DYNAMIC_LOCK,PATROL_NAVIGATING mode=AUTO nav_goal=PATROL,AUTO,0.000,0.350,1.185,1.999,False,False,False
50.300,classification,WAITING_DYNAMIC_LOCK,PATROL_NAVIGATING mode=AUTO nav_goal=PATROL,AUTO,0.000,0.350,1.186,1.998,False,False,False
50.300,bird_confirmed,False,PATROL_NAVIGATING mode=AUTO nav_goal=PATROL,AUTO,0.000,0.350,1.186,1.998,False,False,False
50.400,dynamic_lock,False,PATROL_NAVIGATING mode=AUTO nav_goal=PATROL,AUTO,0.000,0.350,1.187,1.999,False,False,False
50.400,classification,WAITING_DYNAMIC_LOCK,PATROL_NAVIGATING mode=AUTO nav_goal=PATROL,AUTO,0.000,0.350,1.187,1.999,False,False,False
50.400,bird_confirmed,False,PATROL_NAVIGATING mode=AUTO nav_goal=PATROL,AUTO,0.000,0.350,1.187,1.999,False,False,False
50.400,sound_state,IDLE_NO_REQUEST,PATROL_NAVIGATING mode=AUTO nav_goal=PATROL,AUTO,0.000,0.350,1.186,1.999,False,False,False
50.400,sound_done,False,PATROL_NAVIGATING mode=AUTO nav_goal=PATROL,AUTO,0.000,0.350,1.186,1.999,False,False,False
50.400,mission_state,PATROL_NAVIGATING mode=AUTO nav_goal=PATROL,PATROL_NAVIGATING mode=AUTO nav_goal=PATROL,AUTO,0.000,0.350,1.186,1.999,False,False,False
50.500,bird_confirmed,False,PATROL_NAVIGATING mode=AUTO nav_goal=PATROL,AUTO,0.000,0.350,1.186,1.999,False,False,False
50.500,classification,WAITING_DYNAMIC_LOCK,PATROL_NAVIGATING mode=AUTO nav_goal=PATROL,AUTO,0.000,0.350,1.186,1.999,False,False,False
50.600,classification,WAITING_DYNAMIC_LOCK,PATROL_NAVIGATING mode=AUTO nav_goal=PATROL,AUTO,0.000,0.350,1.186,1.999,False,False,False
50.600,bird_confirmed,False,PATROL_NAVIGATING mode=AUTO nav_goal=PATROL,AUTO,0.000,0.350,1.186,1.999,False,False,False
50.600,sound_state,IDLE_NO_REQUEST,PATROL_NAVIGATING mode=AUTO nav_goal=PATROL,AUTO,0.000,0.350,1.186,1.999,False,False,False
50.600,sound_done,False,PATROL_NAVIGATING mode=AUTO nav_goal=PATROL,AUTO,0.000,0.350,1.186,1.999,False,False,False
50.600,mission_state,PATROL_NAVIGATING mode=AUTO nav_goal=PATROL,PATROL_NAVIGATING mode=AUTO nav_goal=PATROL,AUTO,0.000,0.350,1.186,1.999,False,False,False
50.600,dynamic_lock,False,PATROL_NAVIGATING mode=AUTO nav_goal=PATROL,AUTO,0.000,0.350,1.186,1.999,False,False,False
50.700,classification,WAITING_DYNAMIC_LOCK,PATROL_NAVIGATING mode=AUTO nav_goal=PATROL,AUTO,0.000,0.350,1.186,1.999,False,False,False
50.700,bird_confirmed,False,PATROL_NAVIGATING mode=AUTO nav_goal=PATROL,AUTO,0.000,0.350,1.186,1.999,False,False,False
50.800,sound_state,IDLE_NO_REQUEST,PATROL_NAVIGATING mode=AUTO nav_goal=PATROL,AUTO,0.000,0.350,1.187,1.999,False,False,False
50.800,sound_done,False,PATROL_NAVIGATING mode=AUTO nav_goal=PATROL,AUTO,0.000,0.350,1.187,1.999,False,False,False
50.800,mission_state,PATROL_NAVIGATING mode=AUTO nav_goal=PATROL,PATROL_NAVIGATING mode=AUTO nav_goal=PATROL,AUTO,0.120,0.350,1.187,1.999,False,False,False
50.800,classification,WAITING_DYNAMIC_LOCK,PATROL_NAVIGATING mode=AUTO nav_goal=PATROL,AUTO,0.120,0.350,1.187,1.999,False,False,False
50.800,bird_confirmed,False,PATROL_NAVIGATING mode=AUTO nav_goal=PATROL,AUTO,0.120,0.350,1.187,1.999,False,False,False
50.800,dynamic_lock,False,PATROL_NAVIGATING mode=AUTO nav_goal=PATROL,AUTO,0.120,0.350,1.187,1.999,False,False,False
50.900,classification,WAITING_DYNAMIC_LOCK,PATROL_NAVIGATING mode=AUTO nav_goal=PATROL,AUTO,0.120,0.350,1.183,1.993,False,False,False
50.900,bird_confirmed,False,PATROL_NAVIGATING mode=AUTO nav_goal=PATROL,AUTO,0.120,0.350,1.183,1.993,False,False,False
51.000,sound_state,IDLE_NO_REQUEST,PATROL_NAVIGATING mode=AUTO nav_goal=PATROL,AUTO,0.120,0.350,1.172,1.978,False,False,False
51.000,sound_done,False,PATROL_NAVIGATING mode=AUTO nav_goal=PATROL,AUTO,0.120,0.350,1.172,1.978,False,False,False
51.000,mission_state,PATROL_NAVIGATING mode=AUTO nav_goal=PATROL,PATROL_NAVIGATING mode=AUTO nav_goal=PATROL,AUTO,0.120,0.350,1.172,1.978,False,False,False
51.000,bird_confirmed,False,PATROL_NAVIGATING mode=AUTO nav_goal=PATROL,AUTO,0.120,0.350,1.172,1.978,False,False,False
51.000,dynamic_lock,False,PATROL_NAVIGATING mode=AUTO nav_goal=PATROL,AUTO,0.120,0.350,1.171,1.977,False,False,False
51.000,classification,WAITING_DYNAMIC_LOCK,PATROL_NAVIGATING mode=AUTO nav_goal=PATROL,AUTO,0.120,0.350,1.171,1.977,False,False,False
51.100,bird_confirmed,False,PATROL_NAVIGATING mode=AUTO nav_goal=PATROL,AUTO,0.120,0.350,1.159,1.962,False,False,False
51.100,classification,WAITING_DYNAMIC_LOCK,PATROL_NAVIGATING mode=AUTO nav_goal=PATROL,AUTO,0.120,0.350,1.159,1.962,False,False,False
51.200,mission_state,PATROL_NAVIGATING mode=AUTO nav_goal=PATROL,PATROL_NAVIGATING mode=AUTO nav_goal=PATROL,AUTO,0.120,0.350,1.149,1.948,False,False,False
51.200,dynamic_lock,False,PATROL_NAVIGATING mode=AUTO nav_goal=PATROL,AUTO,0.120,0.350,1.149,1.948,False,False,False
51.200,classification,WAITING_DYNAMIC_LOCK,PATROL_NAVIGATING mode=AUTO nav_goal=PATROL,AUTO,0.120,0.350,1.149,1.948,False,False,False
51.200,bird_confirmed,False,PATROL_NAVIGATING mode=AUTO nav_goal=PATROL,AUTO,0.120,0.350,1.149,1.948,False,False,False
51.200,sound_state,IDLE_NO_REQUEST,PATROL_NAVIGATING mode=AUTO nav_goal=PATROL,AUTO,0.120,0.350,1.148,1.946,False,False,False
51.200,sound_done,False,PATROL_NAVIGATING mode=AUTO nav_goal=PATROL,AUTO,0.120,0.350,1.148,1.946,False,False,False
51.300,classification,WAITING_DYNAMIC_LOCK,PATROL_NAVIGATING mode=AUTO nav_goal=PATROL,AUTO,0.120,0.350,1.139,1.932,False,False,False
51.300,bird_confirmed,False,PATROL_NAVIGATING mode=AUTO nav_goal=PATROL,AUTO,0.120,0.350,1.139,1.932,False,False,False
51.400,dynamic_lock,False,PATROL_NAVIGATING mode=AUTO nav_goal=PATROL,AUTO,0.120,0.350,1.129,1.916,False,False,False
51.400,sound_state,IDLE_NO_REQUEST,PATROL_NAVIGATING mode=AUTO nav_goal=PATROL,AUTO,0.120,0.350,1.129,1.916,False,False,False
51.400,sound_done,False,PATROL_NAVIGATING mode=AUTO nav_goal=PATROL,AUTO,0.120,0.350,1.129,1.916,False,False,False
51.400,mission_state,PATROL_NAVIGATING mode=AUTO nav_goal=PATROL,PATROL_NAVIGATING mode=AUTO nav_goal=PATROL,AUTO,0.120,0.350,1.128,1.915,False,False,False
51.400,classification,WAITING_DYNAMIC_LOCK,PATROL_NAVIGATING mode=AUTO nav_goal=PATROL,AUTO,0.120,0.350,1.128,1.915,False,False,False
51.400,bird_confirmed,False,PATROL_NAVIGATING mode=AUTO nav_goal=PATROL,AUTO,0.120,0.350,1.128,1.915,False,False,False
51.500,classification,WAITING_DYNAMIC_LOCK,PATROL_NAVIGATING mode=AUTO nav_goal=PATROL,AUTO,0.120,0.350,1.119,1.900,False,False,False
51.500,bird_confirmed,False,PATROL_NAVIGATING mode=AUTO nav_goal=PATROL,AUTO,0.120,0.350,1.119,1.900,False,False,False
51.600,classification,WAITING_DYNAMIC_LOCK,PATROL_NAVIGATING mode=AUTO nav_goal=PATROL,AUTO,0.120,0.350,1.110,1.884,False,False,False
51.600,bird_confirmed,False,PATROL_NAVIGATING mode=AUTO nav_goal=PATROL,AUTO,0.120,0.350,1.110,1.884,False,False,False
51.600,sound_state,IDLE_NO_REQUEST,PATROL_NAVIGATING mode=AUTO nav_goal=PATROL,AUTO,0.120,0.350,1.110,1.884,False,False,False
51.600,sound_done,False,PATROL_NAVIGATING mode=AUTO nav_goal=PATROL,AUTO,0.120,0.350,1.110,1.884,False,False,False
51.600,mission_state,PATROL_NAVIGATING mode=AUTO nav_goal=PATROL,PATROL_NAVIGATING mode=AUTO nav_goal=PATROL,AUTO,0.120,0.350,1.109,1.882,False,False,False
51.600,dynamic_lock,False,PATROL_NAVIGATING mode=AUTO nav_goal=PATROL,AUTO,0.120,0.350,1.109,1.882,False,False,False
51.700,classification,WAITING_DYNAMIC_LOCK,PATROL_NAVIGATING mode=AUTO nav_goal=PATROL,AUTO,0.120,0.350,1.101,1.867,False,False,False
51.700,bird_confirmed,False,PATROL_NAVIGATING mode=AUTO nav_goal=PATROL,AUTO,0.120,0.350,1.101,1.867,False,False,False
51.800,classification,WAITING_DYNAMIC_LOCK,PATROL_NAVIGATING mode=AUTO nav_goal=PATROL,AUTO,0.120,0.350,1.093,1.850,False,False,False
51.800,bird_confirmed,False,PATROL_NAVIGATING mode=AUTO nav_goal=PATROL,AUTO,0.120,0.350,1.093,1.850,False,False,False
51.800,sound_state,IDLE_NO_REQUEST,PATROL_NAVIGATING mode=AUTO nav_goal=PATROL,AUTO,0.120,0.350,1.093,1.850,False,False,False
51.800,sound_done,False,PATROL_NAVIGATING mode=AUTO nav_goal=PATROL,AUTO,0.120,0.350,1.093,1.850,False,False,False
51.800,mission_state,PATROL_NAVIGATING mode=AUTO nav_goal=PATROL,PATROL_NAVIGATING mode=AUTO nav_goal=PATROL,AUTO,0.120,0.350,1.092,1.849,False,False,False
51.800,dynamic_lock,False,PATROL_NAVIGATING mode=AUTO nav_goal=PATROL,AUTO,0.120,0.350,1.086,1.837,False,False,False
51.900,classification,WAITING_DYNAMIC_LOCK,PATROL_NAVIGATING mode=AUTO nav_goal=PATROL,AUTO,0.120,0.350,1.085,1.834,False,False,False
51.900,bird_confirmed,False,PATROL_NAVIGATING mode=AUTO nav_goal=PATROL,AUTO,0.120,0.350,1.085,1.834,False,False,False
52.000,mission_state,PATROL_NAVIGATING mode=AUTO nav_goal=PATROL,PATROL_NAVIGATING mode=AUTO nav_goal=PATROL,AUTO,0.120,0.350,1.077,1.817,False,False,False
52.000,dynamic_lock,False,PATROL_NAVIGATING mode=AUTO nav_goal=PATROL,AUTO,0.120,0.350,1.077,1.817,False,False,False
52.000,classification,WAITING_DYNAMIC_LOCK,PATROL_NAVIGATING mode=AUTO nav_goal=PATROL,AUTO,0.120,0.350,1.077,1.817,False,False,False
52.000,bird_confirmed,False,PATROL_NAVIGATING mode=AUTO nav_goal=PATROL,AUTO,0.120,0.350,1.077,1.817,False,False,False
52.000,sound_state,IDLE_NO_REQUEST,PATROL_NAVIGATING mode=AUTO nav_goal=PATROL,AUTO,0.120,0.350,1.077,1.817,False,False,False
52.000,sound_done,False,PATROL_NAVIGATING mode=AUTO nav_goal=PATROL,AUTO,0.120,0.350,1.077,1.817,False,False,False
52.100,classification,WAITING_DYNAMIC_LOCK,PATROL_NAVIGATING mode=AUTO nav_goal=PATROL,AUTO,0.120,0.350,1.070,1.800,False,False,False
52.100,bird_confirmed,False,PATROL_NAVIGATING mode=AUTO nav_goal=PATROL,AUTO,0.120,0.350,1.070,1.800,False,False,False
52.200,dynamic_lock,False,PATROL_NAVIGATING mode=AUTO nav_goal=PATROL,AUTO,0.120,0.350,1.064,1.782,False,False,False
52.200,classification,WAITING_DYNAMIC_LOCK,PATROL_NAVIGATING mode=AUTO nav_goal=PATROL,AUTO,0.120,0.350,1.064,1.782,False,False,False
52.200,bird_confirmed,False,PATROL_NAVIGATING mode=AUTO nav_goal=PATROL,AUTO,0.120,0.350,1.064,1.782,False,False,False
52.200,sound_state,IDLE_NO_REQUEST,PATROL_NAVIGATING mode=AUTO nav_goal=PATROL,AUTO,0.120,0.350,1.064,1.782,False,False,False
52.200,sound_done,False,PATROL_NAVIGATING mode=AUTO nav_goal=PATROL,AUTO,0.120,0.350,1.064,1.782,False,False,False
52.200,mission_state,PATROL_NAVIGATING mode=AUTO nav_goal=PATROL,PATROL_NAVIGATING mode=AUTO nav_goal=PATROL,AUTO,0.120,0.350,1.063,1.780,False,False,False
52.300,bird_confirmed,False,PATROL_NAVIGATING mode=AUTO nav_goal=PATROL,AUTO,0.120,0.350,1.058,1.764,False,False,False
52.300,classification,WAITING_DYNAMIC_LOCK,PATROL_NAVIGATING mode=AUTO nav_goal=PATROL,AUTO,0.120,0.350,1.058,1.764,False,False,False
52.400,classification,WAITING_DYNAMIC_LOCK,PATROL_NAVIGATING mode=AUTO nav_goal=PATROL,AUTO,0.120,0.350,1.053,1.745,False,False,False
52.400,bird_confirmed,False,PATROL_NAVIGATING mode=AUTO nav_goal=PATROL,AUTO,0.120,0.350,1.053,1.745,False,False,False
52.400,sound_state,IDLE_NO_REQUEST,PATROL_NAVIGATING mode=AUTO nav_goal=PATROL,AUTO,0.120,0.350,1.053,1.745,False,False,False
52.400,sound_done,False,PATROL_NAVIGATING mode=AUTO nav_goal=PATROL,AUTO,0.120,0.350,1.053,1.745,False,False,False
52.400,mission_state,PATROL_NAVIGATING mode=AUTO nav_goal=PATROL,PATROL_NAVIGATING mode=AUTO nav_goal=PATROL,AUTO,0.120,0.350,1.053,1.745,False,False,False
52.400,dynamic_lock,False,PATROL_NAVIGATING mode=AUTO nav_goal=PATROL,AUTO,0.120,0.350,1.051,1.740,False,False,False
52.500,classification,WAITING_DYNAMIC_LOCK,PATROL_NAVIGATING mode=AUTO nav_goal=PATROL,AUTO,0.120,0.350,1.048,1.727,False,False,False
52.500,bird_confirmed,False,PATROL_NAVIGATING mode=AUTO nav_goal=PATROL,AUTO,0.120,0.350,1.048,1.727,False,False,False
52.600,mission_state,PATROL_NAVIGATING mode=AUTO nav_goal=PATROL,PATROL_NAVIGATING mode=AUTO nav_goal=PATROL,AUTO,0.120,0.291,1.043,1.709,False,False,False
52.600,dynamic_lock,False,PATROL_NAVIGATING mode=AUTO nav_goal=PATROL,AUTO,0.120,0.291,1.043,1.709,False,False,False
52.600,classification,WAITING_DYNAMIC_LOCK,PATROL_NAVIGATING mode=AUTO nav_goal=PATROL,AUTO,0.120,0.291,1.043,1.709,False,False,False
52.600,bird_confirmed,False,PATROL_NAVIGATING mode=AUTO nav_goal=PATROL,AUTO,0.120,0.291,1.043,1.709,False,False,False
52.600,sound_state,IDLE_NO_REQUEST,PATROL_NAVIGATING mode=AUTO nav_goal=PATROL,AUTO,0.120,0.291,1.043,1.709,False,False,False
52.600,sound_done,False,PATROL_NAVIGATING mode=AUTO nav_goal=PATROL,AUTO,0.120,0.291,1.043,1.709,False,False,False
52.700,classification,WAITING_DYNAMIC_LOCK,PATROL_NAVIGATING mode=AUTO nav_goal=PATROL,AUTO,0.120,0.258,1.040,1.688,False,False,False
52.700,bird_confirmed,False,PATROL_NAVIGATING mode=AUTO nav_goal=PATROL,AUTO,0.120,0.258,1.040,1.688,False,False,False
52.800,mission_state,PATROL_NAVIGATING mode=AUTO nav_goal=PATROL,PATROL_NAVIGATING mode=AUTO nav_goal=PATROL,AUTO,0.120,0.258,1.036,1.671,False,False,False
52.800,classification,WAITING_DYNAMIC_LOCK,PATROL_NAVIGATING mode=AUTO nav_goal=PATROL,AUTO,0.120,0.258,1.036,1.671,False,False,False
52.800,bird_confirmed,False,PATROL_NAVIGATING mode=AUTO nav_goal=PATROL,AUTO,0.120,0.258,1.036,1.671,False,False,False
52.800,sound_state,IDLE_NO_REQUEST,PATROL_NAVIGATING mode=AUTO nav_goal=PATROL,AUTO,0.120,0.258,1.036,1.671,False,False,False
52.800,sound_done,False,PATROL_NAVIGATING mode=AUTO nav_goal=PATROL,AUTO,0.120,0.258,1.036,1.671,False,False,False
52.800,dynamic_lock,False,PATROL_NAVIGATING mode=AUTO nav_goal=PATROL,AUTO,0.120,0.214,1.035,1.662,False,False,False
52.900,classification,WAITING_DYNAMIC_LOCK,PATROL_NAVIGATING mode=AUTO nav_goal=PATROL,AUTO,0.120,0.214,1.033,1.653,False,False,False
52.900,bird_confirmed,False,PATROL_NAVIGATING mode=AUTO nav_goal=PATROL,AUTO,0.120,0.214,1.033,1.653,False,False,False
53.000,mission_state,PATROL_NAVIGATING mode=AUTO nav_goal=PATROL,PATROL_NAVIGATING mode=AUTO nav_goal=PATROL,AUTO,0.120,0.214,1.030,1.634,False,False,False
53.000,sound_state,IDLE_NO_REQUEST,PATROL_NAVIGATING mode=AUTO nav_goal=PATROL,AUTO,0.120,0.214,1.030,1.634,False,False,False
53.000,sound_done,False,PATROL_NAVIGATING mode=AUTO nav_goal=PATROL,AUTO,0.120,0.214,1.030,1.634,False,False,False
53.000,dynamic_lock,False,PATROL_NAVIGATING mode=AUTO nav_goal=PATROL,AUTO,0.120,0.195,1.030,1.634,False,False,False
53.000,classification,WAITING_DYNAMIC_LOCK,PATROL_NAVIGATING mode=AUTO nav_goal=PATROL,AUTO,0.120,0.195,1.030,1.634,False,False,False
53.000,bird_confirmed,False,PATROL_NAVIGATING mode=AUTO nav_goal=PATROL,AUTO,0.120,0.195,1.030,1.634,False,False,False
53.100,classification,WAITING_DYNAMIC_LOCK,PATROL_NAVIGATING mode=AUTO nav_goal=PATROL,AUTO,0.120,0.195,1.028,1.615,False,False,False
53.100,bird_confirmed,False,PATROL_NAVIGATING mode=AUTO nav_goal=PATROL,AUTO,0.120,0.195,1.028,1.615,False,False,False
53.200,sound_state,IDLE_NO_REQUEST,PATROL_NAVIGATING mode=AUTO nav_goal=PATROL,AUTO,0.120,0.158,1.026,1.596,False,False,False
53.200,sound_done,False,PATROL_NAVIGATING mode=AUTO nav_goal=PATROL,AUTO,0.120,0.158,1.026,1.596,False,False,False
53.200,classification,WAITING_DYNAMIC_LOCK,PATROL_NAVIGATING mode=AUTO nav_goal=PATROL,AUTO,0.120,0.158,1.026,1.596,False,False,False
53.200,bird_confirmed,False,PATROL_NAVIGATING mode=AUTO nav_goal=PATROL,AUTO,0.120,0.158,1.026,1.596,False,False,False
53.200,mission_state,PATROL_NAVIGATING mode=AUTO nav_goal=PATROL,PATROL_NAVIGATING mode=AUTO nav_goal=PATROL,AUTO,0.120,0.158,1.026,1.594,False,False,False
53.300,dynamic_lock,False,PATROL_NAVIGATING mode=AUTO nav_goal=PATROL,AUTO,0.120,0.158,1.024,1.577,False,False,False
53.300,classification,WAITING_DYNAMIC_LOCK,PATROL_NAVIGATING mode=AUTO nav_goal=PATROL,AUTO,0.120,0.137,1.024,1.575,False,False,False
53.300,bird_confirmed,False,PATROL_NAVIGATING mode=AUTO nav_goal=PATROL,AUTO,0.120,0.137,1.024,1.575,False,False,False
53.400,dynamic_lock,False,PATROL_NAVIGATING mode=AUTO nav_goal=PATROL,AUTO,0.120,0.137,1.022,1.558,False,False,False
53.400,classification,WAITING_DYNAMIC_LOCK,PATROL_NAVIGATING mode=AUTO nav_goal=PATROL,AUTO,0.120,0.137,1.022,1.558,False,False,False
53.400,bird_confirmed,False,PATROL_NAVIGATING mode=AUTO nav_goal=PATROL,AUTO,0.120,0.137,1.022,1.558,False,False,False
53.400,sound_state,IDLE_NO_REQUEST,PATROL_NAVIGATING mode=AUTO nav_goal=PATROL,AUTO,0.120,0.137,1.022,1.558,False,False,False
53.400,sound_done,False,PATROL_NAVIGATING mode=AUTO nav_goal=PATROL,AUTO,0.120,0.137,1.022,1.558,False,False,False
53.400,mission_state,PATROL_NAVIGATING mode=AUTO nav_goal=PATROL,PATROL_NAVIGATING mode=AUTO nav_goal=PATROL,AUTO,0.120,0.122,1.022,1.558,False,False,False
53.500,classification,WAITING_DYNAMIC_LOCK,PATROL_NAVIGATING mode=AUTO nav_goal=PATROL,AUTO,0.120,0.122,1.020,1.539,False,False,False
53.500,bird_confirmed,False,PATROL_NAVIGATING mode=AUTO nav_goal=PATROL,AUTO,0.120,0.122,1.020,1.539,False,False,False
53.600,bird_confirmed,False,PATROL_NAVIGATING mode=AUTO nav_goal=PATROL,AUTO,0.120,0.112,1.018,1.520,False,False,False
53.600,sound_state,IDLE_NO_REQUEST,PATROL_NAVIGATING mode=AUTO nav_goal=PATROL,AUTO,0.120,0.112,1.018,1.520,False,False,False
53.600,sound_done,False,PATROL_NAVIGATING mode=AUTO nav_goal=PATROL,AUTO,0.120,0.112,1.018,1.520,False,False,False
53.600,dynamic_lock,False,PATROL_NAVIGATING mode=AUTO nav_goal=PATROL,AUTO,0.120,0.112,1.018,1.520,False,False,False
53.600,classification,WAITING_DYNAMIC_LOCK,PATROL_NAVIGATING mode=AUTO nav_goal=PATROL,AUTO,0.120,0.112,1.018,1.520,False,False,False
53.600,mission_state,PATROL_NAVIGATING mode=AUTO nav_goal=PATROL,PATROL_NAVIGATING mode=AUTO nav_goal=PATROL,AUTO,0.120,0.112,1.018,1.519,False,False,False
53.700,bird_confirmed,False,PATROL_NAVIGATING mode=AUTO nav_goal=PATROL,AUTO,0.120,0.112,1.017,1.501,False,False,False
53.700,classification,WAITING_DYNAMIC_LOCK,PATROL_NAVIGATING mode=AUTO nav_goal=PATROL,AUTO,0.120,0.112,1.017,1.499,False,False,False
53.800,mission_state,PATROL_NAVIGATING mode=AUTO nav_goal=PATROL,PATROL_NAVIGATING mode=AUTO nav_goal=PATROL,AUTO,0.120,0.093,1.015,1.482,False,False,False
53.800,dynamic_lock,False,PATROL_NAVIGATING mode=AUTO nav_goal=PATROL,AUTO,0.120,0.093,1.015,1.482,False,False,False
53.800,classification,WAITING_DYNAMIC_LOCK,PATROL_NAVIGATING mode=AUTO nav_goal=PATROL,AUTO,0.120,0.093,1.015,1.482,False,False,False
53.800,bird_confirmed,False,PATROL_NAVIGATING mode=AUTO nav_goal=PATROL,AUTO,0.120,0.093,1.015,1.482,False,False,False
53.800,sound_state,IDLE_NO_REQUEST,PATROL_NAVIGATING mode=AUTO nav_goal=PATROL,AUTO,0.120,0.093,1.015,1.482,False,False,False
53.800,sound_done,False,PATROL_NAVIGATING mode=AUTO nav_goal=PATROL,AUTO,0.120,0.093,1.015,1.482,False,False,False
53.900,bird_confirmed,False,PATROL_NAVIGATING mode=AUTO nav_goal=PATROL,AUTO,0.120,0.087,1.014,1.461,False,False,False
53.900,classification,WAITING_DYNAMIC_LOCK,PATROL_NAVIGATING mode=AUTO nav_goal=PATROL,AUTO,0.120,0.087,1.014,1.461,False,False,False
54.000,mission_state,PATROL_NAVIGATING mode=AUTO nav_goal=PATROL,PATROL_NAVIGATING mode=AUTO nav_goal=PATROL,AUTO,0.120,0.087,1.013,1.444,False,False,False
54.000,classification,WAITING_DYNAMIC_LOCK,PATROL_NAVIGATING mode=AUTO nav_goal=PATROL,AUTO,0.120,0.085,1.013,1.442,False,False,False
54.000,bird_confirmed,False,PATROL_NAVIGATING mode=AUTO nav_goal=PATROL,AUTO,0.120,0.085,1.013,1.442,False,False,False
54.000,sound_state,IDLE_NO_REQUEST,PATROL_NAVIGATING mode=AUTO nav_goal=PATROL,AUTO,0.120,0.085,1.013,1.442,False,False,False
54.000,sound_done,False,PATROL_NAVIGATING mode=AUTO nav_goal=PATROL,AUTO,0.120,0.085,1.013,1.442,False,False,False
54.000,dynamic_lock,False,PATROL_NAVIGATING mode=AUTO nav_goal=PATROL,AUTO,0.120,0.085,1.012,1.431,False,False,False
54.100,classification,WAITING_DYNAMIC_LOCK,PATROL_NAVIGATING mode=AUTO nav_goal=PATROL,AUTO,0.120,0.085,1.011,1.425,False,False,False
54.100,bird_confirmed,False,PATROL_NAVIGATING mode=AUTO nav_goal=PATROL,AUTO,0.120,0.085,1.011,1.425,False,False,False
54.200,classification,WAITING_DYNAMIC_LOCK,PATROL_NAVIGATING mode=AUTO nav_goal=PATROL,AUTO,0.120,0.077,1.010,1.406,False,False,False
54.200,bird_confirmed,False,PATROL_NAVIGATING mode=AUTO nav_goal=PATROL,AUTO,0.120,0.077,1.010,1.406,False,False,False
54.200,sound_state,IDLE_NO_REQUEST,PATROL_NAVIGATING mode=AUTO nav_goal=PATROL,AUTO,0.120,0.077,1.010,1.406,False,False,False
54.200,sound_done,False,PATROL_NAVIGATING mode=AUTO nav_goal=PATROL,AUTO,0.120,0.077,1.010,1.406,False,False,False
54.200,mission_state,PATROL_NAVIGATING mode=AUTO nav_goal=PATROL,PATROL_NAVIGATING mode=AUTO nav_goal=PATROL,AUTO,0.120,0.077,1.010,1.406,False,False,False
54.200,dynamic_lock,False,PATROL_NAVIGATING mode=AUTO nav_goal=PATROL,AUTO,0.120,0.077,1.010,1.404,False,False,False
54.300,classification,WAITING_DYNAMIC_LOCK,PATROL_NAVIGATING mode=AUTO nav_goal=PATROL,AUTO,0.120,0.077,1.009,1.387,False,False,False
54.300,bird_confirmed,False,PATROL_NAVIGATING mode=AUTO nav_goal=PATROL,AUTO,0.120,0.077,1.009,1.387,False,False,False
54.400,sound_state,IDLE_NO_REQUEST,PATROL_NAVIGATING mode=AUTO nav_goal=PATROL,AUTO,0.120,0.067,1.008,1.368,False,False,False
54.400,sound_done,False,PATROL_NAVIGATING mode=AUTO nav_goal=PATROL,AUTO,0.120,0.067,1.008,1.368,False,False,False
54.400,mission_state,PATROL_NAVIGATING mode=AUTO nav_goal=PATROL,PATROL_NAVIGATING mode=AUTO nav_goal=PATROL,AUTO,0.120,0.067,1.008,1.366,False,False,False
54.400,dynamic_lock,False,PATROL_NAVIGATING mode=AUTO nav_goal=PATROL,AUTO,0.120,0.067,1.008,1.366,False,False,False
54.400,classification,WAITING_DYNAMIC_LOCK,PATROL_NAVIGATING mode=AUTO nav_goal=PATROL,AUTO,0.120,0.067,1.008,1.366,False,False,False
54.400,bird_confirmed,False,PATROL_NAVIGATING mode=AUTO nav_goal=PATROL,AUTO,0.120,0.067,1.008,1.366,False,False,False
54.500,classification,WAITING_DYNAMIC_LOCK,PATROL_NAVIGATING mode=AUTO nav_goal=PATROL,AUTO,0.120,0.066,1.007,1.347,False,False,False
54.500,bird_confirmed,False,PATROL_NAVIGATING mode=AUTO nav_goal=PATROL,AUTO,0.120,0.066,1.007,1.347,False,False,False
54.600,sound_state,IDLE_NO_REQUEST,PATROL_NAVIGATING mode=AUTO nav_goal=PATROL,AUTO,0.120,0.066,1.006,1.329,False,False,False
54.600,sound_done,False,PATROL_NAVIGATING mode=AUTO nav_goal=PATROL,AUTO,0.120,0.066,1.006,1.329,False,False,False
54.600,mission_state,PATROL_NAVIGATING mode=AUTO nav_goal=PATROL,PATROL_NAVIGATING mode=AUTO nav_goal=PATROL,AUTO,0.120,0.057,1.006,1.327,False,False,False
54.600,classification,WAITING_DYNAMIC_LOCK,PATROL_NAVIGATING mode=AUTO nav_goal=PATROL,AUTO,0.120,0.057,1.006,1.327,False,False,False
54.600,bird_confirmed,False,PATROL_NAVIGATING mode=AUTO nav_goal=PATROL,AUTO,0.120,0.057,1.006,1.327,False,False,False
54.600,dynamic_lock,False,PATROL_NAVIGATING mode=AUTO nav_goal=PATROL,AUTO,0.120,0.057,1.006,1.322,False,False,False
54.700,classification,WAITING_DYNAMIC_LOCK,PATROL_NAVIGATING mode=AUTO nav_goal=PATROL,AUTO,0.120,0.055,1.005,1.308,False,False,False
54.700,bird_confirmed,False,PATROL_NAVIGATING mode=AUTO nav_goal=PATROL,AUTO,0.120,0.055,1.005,1.308,False,False,False
54.800,classification,WAITING_DYNAMIC_LOCK,PATROL_NAVIGATING mode=AUTO nav_goal=PATROL,AUTO,0.120,0.055,1.004,1.291,False,False,False
54.800,bird_confirmed,False,PATROL_NAVIGATING mode=AUTO nav_goal=PATROL,AUTO,0.120,0.055,1.004,1.291,False,False,False
54.800,sound_state,IDLE_NO_REQUEST,PATROL_NAVIGATING mode=AUTO nav_goal=PATROL,AUTO,0.120,0.055,1.004,1.291,False,False,False
54.800,sound_done,False,PATROL_NAVIGATING mode=AUTO nav_goal=PATROL,AUTO,0.120,0.055,1.004,1.291,False,False,False
54.800,dynamic_lock,False,PATROL_NAVIGATING mode=AUTO nav_goal=PATROL,AUTO,0.120,0.055,1.004,1.291,False,False,False
54.800,mission_state,PATROL_NAVIGATING mode=AUTO nav_goal=PATROL,PATROL_NAVIGATING mode=AUTO nav_goal=PATROL,AUTO,0.120,0.055,1.004,1.291,False,False,False
54.900,bird_confirmed,False,PATROL_NAVIGATING mode=AUTO nav_goal=PATROL,AUTO,0.120,0.055,1.004,1.272,False,False,False
54.900,classification,WAITING_DYNAMIC_LOCK,PATROL_NAVIGATING mode=AUTO nav_goal=PATROL,AUTO,0.120,0.055,1.004,1.272,False,False,False
55.000,dynamic_lock,False,PATROL_NAVIGATING mode=AUTO nav_goal=PATROL,AUTO,0.120,0.051,1.003,1.253,False,False,False
55.000,classification,WAITING_DYNAMIC_LOCK,PATROL_NAVIGATING mode=AUTO nav_goal=PATROL,AUTO,0.120,0.051,1.003,1.253,False,False,False
55.000,bird_confirmed,False,PATROL_NAVIGATING mode=AUTO nav_goal=PATROL,AUTO,0.120,0.051,1.003,1.253,False,False,False
55.000,sound_state,IDLE_NO_REQUEST,PATROL_NAVIGATING mode=AUTO nav_goal=PATROL,AUTO,0.120,0.051,1.003,1.253,False,False,False
55.000,sound_done,False,PATROL_NAVIGATING mode=AUTO nav_goal=PATROL,AUTO,0.120,0.051,1.003,1.253,False,False,False
55.000,mission_state,PATROL_NAVIGATING mode=AUTO nav_goal=PATROL,PATROL_NAVIGATING mode=AUTO nav_goal=PATROL,AUTO,0.120,0.051,1.003,1.253,False,False,False
55.100,classification,WAITING_DYNAMIC_LOCK,PATROL_NAVIGATING mode=AUTO nav_goal=PATROL,AUTO,0.120,0.051,1.002,1.234,False,False,False
55.100,bird_confirmed,False,PATROL_NAVIGATING mode=AUTO nav_goal=PATROL,AUTO,0.120,0.051,1.002,1.234,False,False,False
55.200,classification,WAITING_DYNAMIC_LOCK,PATROL_NAVIGATING mode=AUTO nav_goal=PATROL,AUTO,0.120,0.043,1.002,1.215,False,False,False
55.200,bird_confirmed,False,PATROL_NAVIGATING mode=AUTO nav_goal=PATROL,AUTO,0.120,0.043,1.002,1.215,False,False,False
55.200,sound_state,IDLE_NO_REQUEST,PATROL_NAVIGATING mode=AUTO nav_goal=PATROL,AUTO,0.120,0.043,1.002,1.215,False,False,False
55.200,sound_done,False,PATROL_NAVIGATING mode=AUTO nav_goal=PATROL,AUTO,0.120,0.043,1.002,1.215,False,False,False
55.200,dynamic_lock,False,PATROL_NAVIGATING mode=AUTO nav_goal=PATROL,AUTO,0.120,0.043,1.002,1.215,False,False,False
55.200,mission_state,PATROL_NAVIGATING mode=AUTO nav_goal=PATROL,PATROL_NAVIGATING mode=AUTO nav_goal=PATROL,AUTO,0.120,0.043,1.002,1.213,False,False,False
55.300,classification,WAITING_DYNAMIC_LOCK,PATROL_NAVIGATING mode=AUTO nav_goal=PATROL,AUTO,0.120,0.041,1.001,1.194,False,False,False
55.300,bird_confirmed,False,PATROL_NAVIGATING mode=AUTO nav_goal=PATROL,AUTO,0.120,0.041,1.001,1.194,False,False,False
55.400,sound_done,False,PATROL_NAVIGATING mode=AUTO nav_goal=PATROL,AUTO,0.120,0.041,1.001,1.176,False,False,False
55.400,classification,WAITING_DYNAMIC_LOCK,PATROL_NAVIGATING mode=AUTO nav_goal=PATROL,AUTO,0.120,0.040,1.001,1.176,False,False,False
55.400,bird_confirmed,False,PATROL_NAVIGATING mode=AUTO nav_goal=PATROL,AUTO,0.120,0.040,1.001,1.176,False,False,False
55.400,sound_state,IDLE_NO_REQUEST,PATROL_NAVIGATING mode=AUTO nav_goal=PATROL,AUTO,0.120,0.040,1.001,1.176,False,False,False
55.400,mission_state,PATROL_NAVIGATING mode=AUTO nav_goal=PATROL,PATROL_NAVIGATING mode=AUTO nav_goal=PATROL,AUTO,0.120,0.040,1.000,1.175,False,False,False
55.400,dynamic_lock,False,PATROL_NAVIGATING mode=AUTO nav_goal=PATROL,AUTO,0.120,0.040,1.000,1.163,False,False,False
55.500,classification,WAITING_DYNAMIC_LOCK,PATROL_NAVIGATING mode=AUTO nav_goal=PATROL,AUTO,0.120,0.034,1.000,1.155,False,False,False
55.500,bird_confirmed,False,PATROL_NAVIGATING mode=AUTO nav_goal=PATROL,AUTO,0.120,0.034,1.000,1.155,False,False,False
55.600,mission_state,PATROL_NAVIGATING mode=AUTO nav_goal=PATROL,PATROL_NAVIGATING mode=AUTO nav_goal=PATROL,AUTO,0.120,0.034,1.000,1.138,False,False,False
55.600,dynamic_lock,False,PATROL_NAVIGATING mode=AUTO nav_goal=PATROL,AUTO,0.120,0.034,1.000,1.138,False,False,False
55.600,classification,WAITING_DYNAMIC_LOCK,PATROL_NAVIGATING mode=AUTO nav_goal=PATROL,AUTO,0.120,0.034,1.000,1.138,False,False,False
55.600,bird_confirmed,False,PATROL_NAVIGATING mode=AUTO nav_goal=PATROL,AUTO,0.120,0.034,1.000,1.138,False,False,False
55.600,sound_state,IDLE_NO_REQUEST,PATROL_NAVIGATING mode=AUTO nav_goal=PATROL,AUTO,0.120,0.034,1.000,1.138,False,False,False
55.600,sound_done,False,PATROL_NAVIGATING mode=AUTO nav_goal=PATROL,AUTO,0.120,0.034,1.000,1.138,False,False,False
55.700,classification,WAITING_DYNAMIC_LOCK,PATROL_NAVIGATING mode=AUTO nav_goal=PATROL,AUTO,0.120,0.034,0.999,1.119,False,False,False
55.700,bird_confirmed,False,PATROL_NAVIGATING mode=AUTO nav_goal=PATROL,AUTO,0.120,0.034,0.999,1.119,False,False,False
55.800,classification,WAITING_DYNAMIC_LOCK,PATROL_NAVIGATING mode=AUTO nav_goal=PATROL,AUTO,0.120,0.031,0.999,1.100,False,False,False
55.800,bird_confirmed,False,PATROL_NAVIGATING mode=AUTO nav_goal=PATROL,AUTO,0.120,0.031,0.999,1.100,False,False,False
55.800,sound_state,IDLE_NO_REQUEST,PATROL_NAVIGATING mode=AUTO nav_goal=PATROL,AUTO,0.120,0.031,0.999,1.100,False,False,False
55.800,sound_done,False,PATROL_NAVIGATING mode=AUTO nav_goal=PATROL,AUTO,0.120,0.031,0.999,1.100,False,False,False
55.800,mission_state,PATROL_NAVIGATING mode=AUTO nav_goal=PATROL,PATROL_NAVIGATING mode=AUTO nav_goal=PATROL,AUTO,0.120,0.027,0.999,1.098,False,False,False
55.800,dynamic_lock,False,PATROL_NAVIGATING mode=AUTO nav_goal=PATROL,AUTO,0.120,0.027,0.999,1.098,False,False,False
55.900,classification,WAITING_DYNAMIC_LOCK,PATROL_NAVIGATING mode=AUTO nav_goal=PATROL,AUTO,0.120,0.027,0.999,1.081,False,False,False
55.900,bird_confirmed,False,PATROL_NAVIGATING mode=AUTO nav_goal=PATROL,AUTO,0.120,0.027,0.999,1.081,False,False,False
56.000,classification,WAITING_DYNAMIC_LOCK,PATROL_NAVIGATING mode=AUTO nav_goal=PATROL,AUTO,0.120,0.025,0.998,1.062,False,False,False
56.000,bird_confirmed,False,PATROL_NAVIGATING mode=AUTO nav_goal=PATROL,AUTO,0.120,0.025,0.998,1.062,False,False,False
56.000,dynamic_lock,False,PATROL_NAVIGATING mode=AUTO nav_goal=PATROL,AUTO,0.120,0.025,0.998,1.060,False,False,False
56.000,mission_state,PATROL_NAVIGATING mode=AUTO nav_goal=PATROL,PATROL_NAVIGATING mode=AUTO nav_goal=PATROL,AUTO,0.120,0.025,0.998,1.060,False,False,False
56.000,sound_state,IDLE_NO_REQUEST,PATROL_NAVIGATING mode=AUTO nav_goal=PATROL,AUTO,0.120,0.025,0.998,1.060,False,False,False
56.000,sound_done,False,PATROL_NAVIGATING mode=AUTO nav_goal=PATROL,AUTO,0.120,0.025,0.998,1.060,False,False,False
56.100,classification,WAITING_DYNAMIC_LOCK,PATROL_NAVIGATING mode=AUTO nav_goal=PATROL,AUTO,0.120,0.025,0.998,1.042,False,False,False
56.100,bird_confirmed,False,PATROL_NAVIGATING mode=AUTO nav_goal=PATROL,AUTO,0.120,0.025,0.998,1.042,False,False,False
56.200,mission_state,PATROL_NAVIGATING mode=AUTO nav_goal=PATROL,PATROL_NAVIGATING mode=AUTO nav_goal=PATROL,AUTO,0.120,0.025,0.998,1.023,False,False,False
56.200,classification,WAITING_DYNAMIC_LOCK,PATROL_NAVIGATING mode=AUTO nav_goal=PATROL,AUTO,0.120,0.025,0.998,1.023,False,False,False
56.200,bird_confirmed,False,PATROL_NAVIGATING mode=AUTO nav_goal=PATROL,AUTO,0.120,0.025,0.998,1.023,False,False,False
56.200,sound_state,IDLE_NO_REQUEST,PATROL_NAVIGATING mode=AUTO nav_goal=PATROL,AUTO,0.120,0.025,0.998,1.023,False,False,False
56.200,sound_done,False,PATROL_NAVIGATING mode=AUTO nav_goal=PATROL,AUTO,0.120,0.025,0.998,1.023,False,False,False
56.200,dynamic_lock,False,PATROL_NAVIGATING mode=AUTO nav_goal=PATROL,AUTO,0.120,0.025,0.998,1.021,False,False,False
56.300,classification,WAITING_DYNAMIC_LOCK,PATROL_NAVIGATING mode=AUTO nav_goal=PATROL,AUTO,0.120,0.023,0.998,1.004,False,False,False
56.300,bird_confirmed,False,PATROL_NAVIGATING mode=AUTO nav_goal=PATROL,AUTO,0.120,0.023,0.998,1.004,False,False,False
56.400,sound_done,False,PATROL_NAVIGATING mode=AUTO nav_goal=PATROL,AUTO,0.120,0.021,0.997,0.985,False,False,False
56.400,mission_state,PATROL_NAVIGATING mode=AUTO nav_goal=PATROL,PATROL_NAVIGATING mode=AUTO nav_goal=PATROL,AUTO,0.120,0.021,0.997,0.985,False,False,False
56.400,dynamic_lock,False,PATROL_NAVIGATING mode=AUTO nav_goal=PATROL,AUTO,0.120,0.021,0.997,0.985,False,False,False
56.400,classification,WAITING_DYNAMIC_LOCK,PATROL_NAVIGATING mode=AUTO nav_goal=PATROL,AUTO,0.120,0.021,0.997,0.985,False,False,False
56.400,bird_confirmed,False,PATROL_NAVIGATING mode=AUTO nav_goal=PATROL,AUTO,0.120,0.021,0.997,0.985,False,False,False
56.400,sound_state,IDLE_NO_REQUEST,PATROL_NAVIGATING mode=AUTO nav_goal=PATROL,AUTO,0.120,0.021,0.997,0.985,False,False,False
56.500,bird_confirmed,False,PATROL_NAVIGATING mode=AUTO nav_goal=PATROL,AUTO,0.120,0.020,0.997,0.966,False,False,False
56.500,classification,WAITING_DYNAMIC_LOCK,PATROL_NAVIGATING mode=AUTO nav_goal=PATROL,AUTO,0.120,0.018,0.997,0.966,False,False,False
56.600,dynamic_lock,False,PATROL_NAVIGATING mode=AUTO nav_goal=PATROL,AUTO,0.120,0.018,0.997,0.947,False,False,False
56.600,classification,WAITING_DYNAMIC_LOCK,PATROL_NAVIGATING mode=AUTO nav_goal=PATROL,AUTO,0.120,0.018,0.997,0.947,False,False,False
56.600,bird_confirmed,False,PATROL_NAVIGATING mode=AUTO nav_goal=PATROL,AUTO,0.120,0.018,0.997,0.947,False,False,False
56.600,sound_state,IDLE_NO_REQUEST,PATROL_NAVIGATING mode=AUTO nav_goal=PATROL,AUTO,0.120,0.018,0.997,0.947,False,False,False
56.600,sound_done,False,PATROL_NAVIGATING mode=AUTO nav_goal=PATROL,AUTO,0.120,0.018,0.997,0.947,False,False,False
56.600,mission_state,PATROL_NAVIGATING mode=AUTO nav_goal=PATROL,PATROL_NAVIGATING mode=AUTO nav_goal=PATROL,AUTO,0.120,0.016,0.997,0.945,False,False,False
56.700,classification,WAITING_DYNAMIC_LOCK,PATROL_NAVIGATING mode=AUTO nav_goal=PATROL,AUTO,0.120,0.016,0.997,0.927,False,False,False
56.700,bird_confirmed,False,PATROL_NAVIGATING mode=AUTO nav_goal=PATROL,AUTO,0.120,0.016,0.997,0.927,False,False,False
56.800,sound_state,IDLE_NO_REQUEST,PATROL_NAVIGATING mode=AUTO nav_goal=PATROL,AUTO,0.120,0.016,0.997,0.908,False,False,False
56.800,sound_done,False,PATROL_NAVIGATING mode=AUTO nav_goal=PATROL,AUTO,0.120,0.016,0.997,0.908,False,False,False
56.800,mission_state,PATROL_NAVIGATING mode=AUTO nav_goal=PATROL,PATROL_NAVIGATING mode=AUTO nav_goal=PATROL,AUTO,0.120,0.016,0.997,0.908,False,False,False
56.800,classification,WAITING_DYNAMIC_LOCK,PATROL_NAVIGATING mode=AUTO nav_goal=PATROL,AUTO,0.120,0.016,0.997,0.908,False,False,False
56.800,bird_confirmed,False,PATROL_NAVIGATING mode=AUTO nav_goal=PATROL,AUTO,0.120,0.016,0.997,0.908,False,False,False
56.800,dynamic_lock,False,PATROL_NAVIGATING mode=AUTO nav_goal=PATROL,AUTO,0.120,0.014,0.997,0.895,False,False,False
56.900,bird_confirmed,False,PATROL_NAVIGATING mode=AUTO nav_goal=PATROL,AUTO,0.120,0.014,0.997,0.887,False,False,False
56.900,classification,WAITING_DYNAMIC_LOCK,PATROL_NAVIGATING mode=AUTO nav_goal=PATROL,AUTO,0.120,0.014,0.997,0.887,False,False,False
57.000,dynamic_lock,False,PATROL_NAVIGATING mode=AUTO nav_goal=PATROL,AUTO,0.120,0.014,0.997,0.870,False,False,False
57.000,sound_state,IDLE_NO_REQUEST,PATROL_NAVIGATING mode=AUTO nav_goal=PATROL,AUTO,0.120,0.014,0.997,0.870,False,False,False
57.000,sound_done,False,PATROL_NAVIGATING mode=AUTO nav_goal=PATROL,AUTO,0.120,0.014,0.997,0.870,False,False,False
57.000,mission_state,PATROL_NAVIGATING mode=AUTO nav_goal=PATROL,PATROL_NAVIGATING mode=AUTO nav_goal=PATROL,AUTO,0.120,0.013,0.997,0.868,False,False,False
57.000,classification,WAITING_DYNAMIC_LOCK,PATROL_NAVIGATING mode=AUTO nav_goal=PATROL,AUTO,0.120,0.013,0.997,0.868,False,False,False
57.000,bird_confirmed,False,PATROL_NAVIGATING mode=AUTO nav_goal=PATROL,AUTO,0.120,0.013,0.997,0.868,False,False,False
57.100,classification,WAITING_DYNAMIC_LOCK,PATROL_NAVIGATING mode=AUTO nav_goal=PATROL,AUTO,0.120,0.013,0.997,0.851,False,False,False
57.100,bird_confirmed,False,PATROL_NAVIGATING mode=AUTO nav_goal=PATROL,AUTO,0.120,0.013,0.997,0.851,False,False,False
57.200,dynamic_lock,False,PATROL_NAVIGATING mode=AUTO nav_goal=PATROL,AUTO,0.120,0.013,0.997,0.832,False,False,False
57.200,sound_done,False,PATROL_NAVIGATING mode=AUTO nav_goal=PATROL,AUTO,0.120,0.013,0.997,0.832,False,False,False
57.200,classification,WAITING_DYNAMIC_LOCK,PATROL_NAVIGATING mode=AUTO nav_goal=PATROL,AUTO,0.120,0.013,0.997,0.832,False,False,False
57.200,bird_confirmed,False,PATROL_NAVIGATING mode=AUTO nav_goal=PATROL,AUTO,0.120,0.013,0.997,0.832,False,False,False
57.200,sound_state,IDLE_NO_REQUEST,PATROL_NAVIGATING mode=AUTO nav_goal=PATROL,AUTO,0.120,0.013,0.997,0.832,False,False,False
57.200,mission_state,PATROL_NAVIGATING mode=AUTO nav_goal=PATROL,PATROL_NAVIGATING mode=AUTO nav_goal=PATROL,AUTO,0.120,0.013,0.997,0.832,False,False,False
57.300,bird_confirmed,False,PATROL_NAVIGATING mode=AUTO nav_goal=PATROL,AUTO,0.120,0.013,0.996,0.812,False,False,False
57.300,classification,WAITING_DYNAMIC_LOCK,PATROL_NAVIGATING mode=AUTO nav_goal=PATROL,AUTO,0.120,0.013,0.996,0.812,False,False,False
57.400,classification,WAITING_DYNAMIC_LOCK,PATROL_NAVIGATING mode=AUTO nav_goal=PATROL,AUTO,0.120,0.012,0.996,0.793,False,False,False
57.400,bird_confirmed,False,PATROL_NAVIGATING mode=AUTO nav_goal=PATROL,AUTO,0.120,0.012,0.996,0.793,False,False,False
57.400,sound_state,IDLE_NO_REQUEST,PATROL_NAVIGATING mode=AUTO nav_goal=PATROL,AUTO,0.120,0.012,0.996,0.793,False,False,False
57.400,sound_done,False,PATROL_NAVIGATING mode=AUTO nav_goal=PATROL,AUTO,0.120,0.012,0.996,0.793,False,False,False
57.400,mission_state,PATROL_NAVIGATING mode=AUTO nav_goal=PATROL,PATROL_NAVIGATING mode=AUTO nav_goal=PATROL,AUTO,0.120,0.012,0.996,0.791,False,False,False
57.400,dynamic_lock,False,PATROL_NAVIGATING mode=AUTO nav_goal=PATROL,AUTO,0.120,0.012,0.996,0.791,False,False,False
57.500,classification,WAITING_DYNAMIC_LOCK,PATROL_NAVIGATING mode=AUTO nav_goal=PATROL,AUTO,0.120,0.012,0.996,0.774,False,False,False
57.500,bird_confirmed,False,PATROL_NAVIGATING mode=AUTO nav_goal=PATROL,AUTO,0.120,0.012,0.996,0.774,False,False,False
57.600,classification,WAITING_DYNAMIC_LOCK,PATROL_NAVIGATING mode=AUTO nav_goal=PATROL,AUTO,0.120,0.010,0.996,0.755,False,False,False
57.600,bird_confirmed,False,PATROL_NAVIGATING mode=AUTO nav_goal=PATROL,AUTO,0.120,0.010,0.996,0.755,False,False,False
57.600,sound_state,IDLE_NO_REQUEST,PATROL_NAVIGATING mode=AUTO nav_goal=PATROL,AUTO,0.120,0.010,0.996,0.755,False,False,False
57.600,sound_done,False,PATROL_NAVIGATING mode=AUTO nav_goal=PATROL,AUTO,0.120,0.010,0.996,0.755,False,False,False
57.600,mission_state,PATROL_NAVIGATING mode=AUTO nav_goal=PATROL,PATROL_NAVIGATING mode=AUTO nav_goal=PATROL,AUTO,0.120,0.010,0.996,0.753,False,False,False
57.600,dynamic_lock,False,PATROL_NAVIGATING mode=AUTO nav_goal=PATROL,AUTO,0.120,0.010,0.996,0.753,False,False,False
57.700,classification,WAITING_DYNAMIC_LOCK,PATROL_NAVIGATING mode=AUTO nav_goal=PATROL,AUTO,0.120,0.010,0.996,0.736,False,False,False
57.700,bird_confirmed,False,PATROL_NAVIGATING mode=AUTO nav_goal=PATROL,AUTO,0.120,0.010,0.996,0.736,False,False,False
57.800,mission_state,PATROL_NAVIGATING mode=AUTO nav_goal=PATROL,PATROL_NAVIGATING mode=AUTO nav_goal=PATROL,AUTO,0.120,0.009,0.996,0.715,False,False,False
57.800,classification,WAITING_DYNAMIC_LOCK,PATROL_NAVIGATING mode=AUTO nav_goal=PATROL,AUTO,0.120,0.009,0.996,0.715,False,False,False
57.800,bird_confirmed,False,PATROL_NAVIGATING mode=AUTO nav_goal=PATROL,AUTO,0.120,0.009,0.996,0.715,False,False,False
57.800,sound_state,IDLE_NO_REQUEST,PATROL_NAVIGATING mode=AUTO nav_goal=PATROL,AUTO,0.120,0.009,0.996,0.715,False,False,False
57.800,sound_done,False,PATROL_NAVIGATING mode=AUTO nav_goal=PATROL,AUTO,0.120,0.009,0.996,0.715,False,False,False
57.800,dynamic_lock,False,PATROL_NAVIGATING mode=AUTO nav_goal=PATROL,AUTO,0.120,0.008,0.996,0.703,False,False,False
57.900,classification,WAITING_DYNAMIC_LOCK,PATROL_NAVIGATING mode=AUTO nav_goal=PATROL,AUTO,0.120,0.008,0.996,0.697,False,False,False
57.900,bird_confirmed,False,PATROL_NAVIGATING mode=AUTO nav_goal=PATROL,AUTO,0.120,0.008,0.996,0.697,False,False,False
58.000,dynamic_lock,False,PATROL_NAVIGATING mode=AUTO nav_goal=PATROL,AUTO,0.120,0.008,0.996,0.678,False,False,False
58.000,sound_state,IDLE_NO_REQUEST,PATROL_NAVIGATING mode=AUTO nav_goal=PATROL,AUTO,0.120,0.008,0.996,0.678,False,False,False
58.000,sound_done,False,PATROL_NAVIGATING mode=AUTO nav_goal=PATROL,AUTO,0.120,0.008,0.996,0.678,False,False,False
58.000,mission_state,PATROL_NAVIGATING mode=AUTO nav_goal=PATROL,PATROL_NAVIGATING mode=AUTO nav_goal=PATROL,AUTO,0.120,0.007,0.996,0.678,False,False,False
58.000,classification,WAITING_DYNAMIC_LOCK,PATROL_NAVIGATING mode=AUTO nav_goal=PATROL,AUTO,0.120,0.007,0.996,0.678,False,False,False
58.000,bird_confirmed,False,PATROL_NAVIGATING mode=AUTO nav_goal=PATROL,AUTO,0.120,0.007,0.996,0.678,False,False,False
58.100,classification,WAITING_DYNAMIC_LOCK,PATROL_NAVIGATING mode=AUTO nav_goal=PATROL,AUTO,0.120,0.007,0.996,0.659,False,False,False
58.100,bird_confirmed,False,PATROL_NAVIGATING mode=AUTO nav_goal=PATROL,AUTO,0.120,0.007,0.996,0.659,False,False,False
58.200,dynamic_lock,False,PATROL_NAVIGATING mode=AUTO nav_goal=PATROL,AUTO,0.120,0.007,0.997,0.640,False,False,False
58.200,classification,WAITING_DYNAMIC_LOCK,PATROL_NAVIGATING mode=AUTO nav_goal=PATROL,AUTO,0.120,0.007,0.997,0.640,False,False,False
58.200,bird_confirmed,False,PATROL_NAVIGATING mode=AUTO nav_goal=PATROL,AUTO,0.120,0.007,0.997,0.640,False,False,False
58.200,sound_state,IDLE_NO_REQUEST,PATROL_NAVIGATING mode=AUTO nav_goal=PATROL,AUTO,0.120,0.007,0.997,0.640,False,False,False
58.200,sound_done,False,PATROL_NAVIGATING mode=AUTO nav_goal=PATROL,AUTO,0.120,0.007,0.997,0.640,False,False,False
58.200,mission_state,PATROL_NAVIGATING mode=AUTO nav_goal=PATROL,PATROL_NAVIGATING mode=AUTO nav_goal=PATROL,AUTO,0.120,0.007,0.997,0.640,False,False,False
58.300,bird_confirmed,False,PATROL_NAVIGATING mode=AUTO nav_goal=PATROL,AUTO,0.120,0.007,0.997,0.621,False,False,False
58.300,classification,WAITING_DYNAMIC_LOCK,PATROL_NAVIGATING mode=AUTO nav_goal=PATROL,AUTO,0.120,0.007,0.997,0.619,False,False,False
58.400,classification,WAITING_DYNAMIC_LOCK,PATROL_NAVIGATING mode=AUTO nav_goal=PATROL,AUTO,0.120,0.007,0.997,0.601,False,False,False
58.400,bird_confirmed,False,PATROL_NAVIGATING mode=AUTO nav_goal=PATROL,AUTO,0.120,0.007,0.997,0.601,False,False,False
58.400,sound_state,IDLE_NO_REQUEST,PATROL_NAVIGATING mode=AUTO nav_goal=PATROL,AUTO,0.120,0.007,0.997,0.601,False,False,False
58.400,sound_done,False,PATROL_NAVIGATING mode=AUTO nav_goal=PATROL,AUTO,0.120,0.007,0.997,0.601,False,False,False
58.400,mission_state,PATROL_NAVIGATING mode=AUTO nav_goal=PATROL,PATROL_NAVIGATING mode=AUTO nav_goal=PATROL,AUTO,0.120,0.006,0.997,0.600,False,False,False
58.400,dynamic_lock,False,PATROL_NAVIGATING mode=AUTO nav_goal=PATROL,AUTO,0.120,0.006,0.997,0.594,False,False,False
58.600,mission_state,PATROL_NAVIGATING mode=AUTO nav_goal=PATROL,PATROL_NAVIGATING mode=AUTO nav_goal=PATROL,AUTO,0.120,0.006,0.997,0.563,False,False,False
58.600,classification,WAITING_DYNAMIC_LOCK,PATROL_NAVIGATING mode=AUTO nav_goal=PATROL,AUTO,0.120,0.006,0.997,0.563,False,False,False
58.600,bird_confirmed,False,PATROL_NAVIGATING mode=AUTO nav_goal=PATROL,AUTO,0.120,0.006,0.997,0.563,False,False,False
58.600,sound_state,IDLE_NO_REQUEST,PATROL_NAVIGATING mode=AUTO nav_goal=PATROL,AUTO,0.120,0.006,0.997,0.563,False,False,False
58.600,sound_done,False,PATROL_NAVIGATING mode=AUTO nav_goal=PATROL,AUTO,0.120,0.006,0.997,0.563,False,False,False
58.600,classification,WAITING_DYNAMIC_LOCK,PATROL_NAVIGATING mode=AUTO nav_goal=PATROL,AUTO,0.120,0.006,0.997,0.561,False,False,False
58.600,bird_confirmed,False,PATROL_NAVIGATING mode=AUTO nav_goal=PATROL,AUTO,0.120,0.006,0.997,0.561,False,False,False
58.600,dynamic_lock,False,PATROL_NAVIGATING mode=AUTO nav_goal=PATROL,AUTO,0.120,0.006,0.997,0.561,False,False,False
58.700,classification,WAITING_DYNAMIC_LOCK,PATROL_NAVIGATING mode=AUTO nav_goal=PATROL,AUTO,0.120,0.006,0.997,0.544,False,False,False
58.700,bird_confirmed,False,PATROL_NAVIGATING mode=AUTO nav_goal=PATROL,AUTO,0.120,0.006,0.997,0.544,False,False,False
58.800,dynamic_lock,False,PATROL_NAVIGATING mode=AUTO nav_goal=PATROL,AUTO,0.120,0.006,0.997,0.525,False,False,False
58.800,classification,WAITING_DYNAMIC_LOCK,PATROL_NAVIGATING mode=AUTO nav_goal=PATROL,AUTO,0.120,0.006,0.997,0.525,False,False,False
58.800,bird_confirmed,False,PATROL_NAVIGATING mode=AUTO nav_goal=PATROL,AUTO,0.120,0.006,0.997,0.525,False,False,False
58.800,sound_state,IDLE_NO_REQUEST,PATROL_NAVIGATING mode=AUTO nav_goal=PATROL,AUTO,0.120,0.006,0.997,0.525,False,False,False
58.800,sound_done,False,PATROL_NAVIGATING mode=AUTO nav_goal=PATROL,AUTO,0.120,0.006,0.997,0.525,False,False,False
58.900,mission_state,PATROL_NAVIGATING mode=AUTO nav_goal=PATROL,PATROL_NAVIGATING mode=AUTO nav_goal=PATROL,AUTO,0.120,0.005,0.997,0.504,False,False,False
58.900,classification,WAITING_DYNAMIC_LOCK,PATROL_NAVIGATING mode=AUTO nav_goal=PATROL,AUTO,0.120,0.005,0.997,0.504,False,False,False
58.900,bird_confirmed,False,PATROL_NAVIGATING mode=AUTO nav_goal=PATROL,AUTO,0.120,0.005,0.997,0.504,False,False,False
59.000,mission_state,PATROL_NAVIGATING mode=AUTO nav_goal=PATROL,PATROL_NAVIGATING mode=AUTO nav_goal=PATROL,AUTO,0.120,0.005,0.997,0.486,False,False,False
59.000,sound_state,IDLE_NO_REQUEST,PATROL_NAVIGATING mode=AUTO nav_goal=PATROL,AUTO,0.120,0.005,0.997,0.486,False,False,False
59.000,sound_done,False,PATROL_NAVIGATING mode=AUTO nav_goal=PATROL,AUTO,0.120,0.005,0.997,0.486,False,False,False
59.000,classification,WAITING_DYNAMIC_LOCK,PATROL_NAVIGATING mode=AUTO nav_goal=PATROL,AUTO,0.120,0.005,0.997,0.486,False,False,False
59.000,bird_confirmed,False,PATROL_NAVIGATING mode=AUTO nav_goal=PATROL,AUTO,0.120,0.005,0.997,0.486,False,False,False
59.000,dynamic_lock,False,PATROL_NAVIGATING mode=AUTO nav_goal=PATROL,AUTO,0.120,0.005,0.997,0.483,False,False,False
59.100,classification,WAITING_DYNAMIC_LOCK,PATROL_NAVIGATING mode=AUTO nav_goal=PATROL,AUTO,0.120,0.005,0.997,0.465,False,False,False
59.100,bird_confirmed,False,PATROL_NAVIGATING mode=AUTO nav_goal=PATROL,AUTO,0.120,0.005,0.997,0.465,False,False,False
59.200,bird_confirmed,False,PATROL_NAVIGATING mode=AUTO nav_goal=PATROL,AUTO,0.120,0.005,0.997,0.448,False,False,False
59.200,sound_state,IDLE_NO_REQUEST,PATROL_NAVIGATING mode=AUTO nav_goal=PATROL,AUTO,0.120,0.005,0.997,0.448,False,False,False
59.200,sound_done,False,PATROL_NAVIGATING mode=AUTO nav_goal=PATROL,AUTO,0.120,0.005,0.997,0.448,False,False,False
59.200,mission_state,PATROL_NAVIGATING mode=AUTO nav_goal=PATROL,PATROL_NAVIGATING mode=AUTO nav_goal=PATROL,AUTO,0.120,0.005,0.997,0.448,False,False,False
59.200,dynamic_lock,False,PATROL_NAVIGATING mode=AUTO nav_goal=PATROL,AUTO,0.120,0.005,0.997,0.448,False,False,False
59.200,classification,WAITING_DYNAMIC_LOCK,PATROL_NAVIGATING mode=AUTO nav_goal=PATROL,AUTO,0.120,0.005,0.997,0.448,False,False,False
59.300,classification,WAITING_DYNAMIC_LOCK,PATROL_NAVIGATING mode=AUTO nav_goal=PATROL,AUTO,0.120,0.005,0.997,0.429,False,False,False
59.300,bird_confirmed,False,PATROL_NAVIGATING mode=AUTO nav_goal=PATROL,AUTO,0.120,0.005,0.997,0.429,False,False,False
59.400,mission_state,PATROL_NAVIGATING mode=AUTO nav_goal=PATROL,PATROL_NAVIGATING mode=AUTO nav_goal=PATROL,AUTO,0.120,0.005,0.997,0.410,False,False,False
59.400,classification,WAITING_DYNAMIC_LOCK,PATROL_NAVIGATING mode=AUTO nav_goal=PATROL,AUTO,0.120,0.005,0.997,0.410,False,False,False
59.400,bird_confirmed,False,PATROL_NAVIGATING mode=AUTO nav_goal=PATROL,AUTO,0.120,0.005,0.997,0.410,False,False,False
59.400,sound_state,IDLE_NO_REQUEST,PATROL_NAVIGATING mode=AUTO nav_goal=PATROL,AUTO,0.120,0.005,0.997,0.410,False,False,False
59.400,sound_done,False,PATROL_NAVIGATING mode=AUTO nav_goal=PATROL,AUTO,0.120,0.005,0.997,0.410,False,False,False
59.500,classification,WAITING_DYNAMIC_LOCK,PATROL_NAVIGATING mode=AUTO nav_goal=PATROL,AUTO,0.120,0.005,0.997,0.391,False,False,False
59.500,bird_confirmed,False,PATROL_NAVIGATING mode=AUTO nav_goal=PATROL,AUTO,0.120,0.005,0.997,0.391,False,False,False
59.500,dynamic_lock,False,PATROL_NAVIGATING mode=AUTO nav_goal=PATROL,AUTO,0.120,0.005,0.997,0.389,False,False,False
59.600,dynamic_lock,False,PATROL_NAVIGATING mode=AUTO nav_goal=PATROL,AUTO,0.120,0.004,0.998,0.371,False,False,False
59.600,classification,WAITING_DYNAMIC_LOCK,PATROL_NAVIGATING mode=AUTO nav_goal=PATROL,AUTO,0.120,0.004,0.998,0.371,False,False,False
59.600,bird_confirmed,False,PATROL_NAVIGATING mode=AUTO nav_goal=PATROL,AUTO,0.120,0.004,0.998,0.371,False,False,False
59.600,sound_state,IDLE_NO_REQUEST,PATROL_NAVIGATING mode=AUTO nav_goal=PATROL,AUTO,0.120,0.004,0.998,0.371,False,False,False
59.600,sound_done,False,PATROL_NAVIGATING mode=AUTO nav_goal=PATROL,AUTO,0.120,0.004,0.998,0.371,False,False,False
59.600,mission_state,PATROL_NAVIGATING mode=AUTO nav_goal=PATROL,PATROL_NAVIGATING mode=AUTO nav_goal=PATROL,AUTO,0.120,0.004,0.998,0.369,False,False,False
59.700,classification,WAITING_DYNAMIC_LOCK,PATROL_NAVIGATING mode=AUTO nav_goal=PATROL,AUTO,0.120,0.004,0.998,0.352,False,False,False
59.700,bird_confirmed,False,PATROL_NAVIGATING mode=AUTO nav_goal=PATROL,AUTO,0.120,0.004,0.998,0.352,False,False,False
59.800,dynamic_lock,False,PATROL_NAVIGATING mode=AUTO nav_goal=PATROL,AUTO,0.120,0.004,0.998,0.333,False,False,False
59.800,sound_state,IDLE_NO_REQUEST,PATROL_NAVIGATING mode=AUTO nav_goal=PATROL,AUTO,0.120,0.004,0.998,0.333,False,False,False
59.800,sound_done,False,PATROL_NAVIGATING mode=AUTO nav_goal=PATROL,AUTO,0.120,0.004,0.998,0.333,False,False,False
59.800,classification,WAITING_DYNAMIC_LOCK,PATROL_NAVIGATING mode=AUTO nav_goal=PATROL,AUTO,0.120,0.003,0.998,0.333,False,False,False
59.800,bird_confirmed,False,PATROL_NAVIGATING mode=AUTO nav_goal=PATROL,AUTO,0.120,0.003,0.998,0.333,False,False,False
59.800,mission_state,PATROL_NAVIGATING mode=AUTO nav_goal=PATROL,PATROL_NAVIGATING mode=AUTO nav_goal=PATROL,AUTO,0.120,0.003,0.998,0.331,False,False,False
59.900,classification,WAITING_DYNAMIC_LOCK,PATROL_NAVIGATING mode=AUTO nav_goal=PATROL,AUTO,0.120,0.003,0.998,0.312,False,False,False
59.900,bird_confirmed,False,PATROL_NAVIGATING mode=AUTO nav_goal=PATROL,AUTO,0.120,0.003,0.998,0.312,False,False,False
60.000,mission_state,PATROL_NAVIGATING mode=AUTO nav_goal=PATROL,PATROL_NAVIGATING mode=AUTO nav_goal=PATROL,AUTO,0.120,0.003,0.998,0.295,False,False,False
60.000,dynamic_lock,False,PATROL_NAVIGATING mode=AUTO nav_goal=PATROL,AUTO,0.120,0.003,0.998,0.295,False,False,False
60.000,classification,WAITING_DYNAMIC_LOCK,PATROL_NAVIGATING mode=AUTO nav_goal=PATROL,AUTO,0.120,0.003,0.998,0.295,False,False,False
60.000,bird_confirmed,False,PATROL_NAVIGATING mode=AUTO nav_goal=PATROL,AUTO,0.120,0.003,0.998,0.295,False,False,False
60.000,sound_state,IDLE_NO_REQUEST,PATROL_NAVIGATING mode=AUTO nav_goal=PATROL,AUTO,0.120,0.003,0.998,0.295,False,False,False
60.000,sound_done,False,PATROL_NAVIGATING mode=AUTO nav_goal=PATROL,AUTO,0.120,0.003,0.998,0.295,False,False,False
60.100,classification,WAITING_DYNAMIC_LOCK,PATROL_NAVIGATING mode=AUTO nav_goal=PATROL,AUTO,0.120,0.003,0.998,0.275,False,False,False
60.100,bird_confirmed,False,PATROL_NAVIGATING mode=AUTO nav_goal=PATROL,AUTO,0.120,0.003,0.998,0.275,False,False,False
60.200,classification,WAITING_DYNAMIC_LOCK,PATROL_NAVIGATING mode=AUTO nav_goal=PATROL,AUTO,0.120,0.002,0.998,0.256,False,False,False
60.200,bird_confirmed,False,PATROL_NAVIGATING mode=AUTO nav_goal=PATROL,AUTO,0.120,0.002,0.998,0.256,False,False,False
60.200,sound_state,IDLE_NO_REQUEST,PATROL_NAVIGATING mode=AUTO nav_goal=PATROL,AUTO,0.120,0.002,0.998,0.256,False,False,False
60.200,sound_done,False,PATROL_NAVIGATING mode=AUTO nav_goal=PATROL,AUTO,0.120,0.002,0.998,0.256,False,False,False
60.200,mission_state,PATROL_NAVIGATING mode=AUTO nav_goal=PATROL,PATROL_NAVIGATING mode=AUTO nav_goal=PATROL,AUTO,0.120,0.002,0.998,0.256,False,False,False
60.200,dynamic_lock,False,PATROL_NAVIGATING mode=AUTO nav_goal=PATROL,AUTO,0.120,0.002,0.998,0.243,False,False,False
60.300,bird_confirmed,False,PATROL_NAVIGATING mode=AUTO nav_goal=PATROL,AUTO,0.120,0.002,0.998,0.237,False,False,False
60.300,classification,WAITING_DYNAMIC_LOCK,PATROL_NAVIGATING mode=AUTO nav_goal=PATROL,AUTO,0.120,0.002,0.998,0.237,False,False,False
60.400,mission_state,PATROL_NAVIGATING mode=AUTO nav_goal=PATROL,PATROL_NAVIGATING mode=AUTO nav_goal=PATROL,AUTO,0.120,0.002,0.999,0.218,False,False,False
60.400,classification,WAITING_DYNAMIC_LOCK,PATROL_NAVIGATING mode=AUTO nav_goal=PATROL,AUTO,0.120,0.002,0.999,0.218,False,False,False
60.400,bird_confirmed,False,PATROL_NAVIGATING mode=AUTO nav_goal=PATROL,AUTO,0.120,0.002,0.999,0.218,False,False,False
60.400,sound_state,IDLE_NO_REQUEST,PATROL_NAVIGATING mode=AUTO nav_goal=PATROL,AUTO,0.120,0.002,0.999,0.218,False,False,False
60.400,sound_done,False,PATROL_NAVIGATING mode=AUTO nav_goal=PATROL,AUTO,0.120,0.002,0.999,0.218,False,False,False
60.400,dynamic_lock,False,PATROL_NAVIGATING mode=AUTO nav_goal=PATROL,AUTO,0.120,0.002,0.999,0.216,False,False,False
60.500,bird_confirmed,False,PATROL_NAVIGATING mode=AUTO nav_goal=PATROL,AUTO,0.120,0.002,0.999,0.199,False,False,False
60.500,classification,WAITING_DYNAMIC_LOCK,PATROL_NAVIGATING mode=AUTO nav_goal=PATROL,AUTO,0.120,0.002,0.999,0.199,False,False,False
60.600,bird_confirmed,False,PATROL_NAVIGATING mode=AUTO nav_goal=PATROL,AUTO,0.000,0.242,0.999,0.187,False,False,False
60.600,sound_state,IDLE_NO_REQUEST,PATROL_NAVIGATING mode=AUTO nav_goal=PATROL,AUTO,0.000,0.242,0.999,0.187,False,False,False
60.600,sound_done,False,PATROL_NAVIGATING mode=AUTO nav_goal=PATROL,AUTO,0.000,0.242,0.999,0.187,False,False,False
60.600,dynamic_lock,False,PATROL_NAVIGATING mode=AUTO nav_goal=PATROL,AUTO,0.000,0.242,0.999,0.187,False,False,False
60.600,classification,WAITING_DYNAMIC_LOCK,PATROL_NAVIGATING mode=AUTO nav_goal=PATROL,AUTO,0.000,0.242,0.999,0.187,False,False,False
60.600,mission_state,PATROL_NAVIGATING mode=AUTO nav_goal=PATROL,PATROL_NAVIGATING mode=AUTO nav_goal=PATROL,AUTO,0.000,0.242,0.999,0.186,False,False,False
60.700,classification,WAITING_DYNAMIC_LOCK,PATROL_NAVIGATING mode=AUTO nav_goal=PATROL,AUTO,0.000,0.350,0.999,0.186,False,False,False
60.700,bird_confirmed,False,PATROL_NAVIGATING mode=AUTO nav_goal=PATROL,AUTO,0.000,0.350,0.999,0.186,False,False,False
60.800,mission_state,PATROL_NAVIGATING mode=AUTO nav_goal=PATROL,PATROL_NAVIGATING mode=AUTO nav_goal=PATROL,AUTO,0.000,0.350,0.999,0.187,False,False,False
60.800,classification,WAITING_DYNAMIC_LOCK,PATROL_NAVIGATING mode=AUTO nav_goal=PATROL,AUTO,0.000,0.350,0.999,0.187,False,False,False
60.800,bird_confirmed,False,PATROL_NAVIGATING mode=AUTO nav_goal=PATROL,AUTO,0.000,0.350,0.999,0.187,False,False,False
60.800,sound_state,IDLE_NO_REQUEST,PATROL_NAVIGATING mode=AUTO nav_goal=PATROL,AUTO,0.000,0.350,0.999,0.187,False,False,False
60.800,sound_done,False,PATROL_NAVIGATING mode=AUTO nav_goal=PATROL,AUTO,0.000,0.350,0.999,0.187,False,False,False
60.800,dynamic_lock,False,PATROL_NAVIGATING mode=AUTO nav_goal=PATROL,AUTO,0.000,0.350,0.999,0.186,False,False,False
60.900,classification,WAITING_DYNAMIC_LOCK,PATROL_NAVIGATING mode=AUTO nav_goal=PATROL,AUTO,0.000,0.350,0.999,0.186,False,False,False
60.900,bird_confirmed,False,PATROL_NAVIGATING mode=AUTO nav_goal=PATROL,AUTO,0.000,0.350,0.999,0.186,False,False,False
61.000,sound_state,IDLE_NO_REQUEST,PATROL_NAVIGATING mode=AUTO nav_goal=PATROL,AUTO,0.000,0.350,0.998,0.187,False,False,False
61.000,sound_done,False,PATROL_NAVIGATING mode=AUTO nav_goal=PATROL,AUTO,0.000,0.350,0.998,0.187,False,False,False
61.000,dynamic_lock,False,PATROL_NAVIGATING mode=AUTO nav_goal=PATROL,AUTO,0.000,0.350,0.998,0.187,False,False,False
61.000,mission_state,PATROL_NAVIGATING mode=AUTO nav_goal=PATROL,PATROL_NAVIGATING mode=AUTO nav_goal=PATROL,AUTO,0.000,0.350,0.998,0.187,False,False,False
61.000,classification,WAITING_DYNAMIC_LOCK,PATROL_NAVIGATING mode=AUTO nav_goal=PATROL,AUTO,0.000,0.350,0.998,0.187,False,False,False
61.000,bird_confirmed,False,PATROL_NAVIGATING mode=AUTO nav_goal=PATROL,AUTO,0.000,0.350,0.998,0.187,False,False,False
61.100,classification,WAITING_DYNAMIC_LOCK,PATROL_NAVIGATING mode=AUTO nav_goal=PATROL,AUTO,0.000,0.350,0.998,0.186,False,False,False
61.100,bird_confirmed,False,PATROL_NAVIGATING mode=AUTO nav_goal=PATROL,AUTO,0.000,0.350,0.998,0.186,False,False,False
61.200,mission_state,PATROL_NAVIGATING mode=AUTO nav_goal=PATROL,PATROL_NAVIGATING mode=AUTO nav_goal=PATROL,AUTO,0.000,0.350,0.999,0.186,False,False,False
61.200,sound_state,IDLE_NO_REQUEST,PATROL_NAVIGATING mode=AUTO nav_goal=PATROL,AUTO,0.000,0.350,0.999,0.186,False,False,False
61.200,sound_done,False,PATROL_NAVIGATING mode=AUTO nav_goal=PATROL,AUTO,0.000,0.350,0.999,0.186,False,False,False
61.200,classification,WAITING_DYNAMIC_LOCK,PATROL_NAVIGATING mode=AUTO nav_goal=PATROL,AUTO,0.000,0.350,0.999,0.186,False,False,False
61.200,bird_confirmed,False,PATROL_NAVIGATING mode=AUTO nav_goal=PATROL,AUTO,0.000,0.350,0.999,0.186,False,False,False
61.200,dynamic_lock,False,PATROL_NAVIGATING mode=AUTO nav_goal=PATROL,AUTO,0.000,0.350,0.999,0.186,False,False,False
61.300,classification,WAITING_DYNAMIC_LOCK,PATROL_NAVIGATING mode=AUTO nav_goal=PATROL,AUTO,0.000,0.350,0.999,0.186,False,False,False
61.300,bird_confirmed,False,PATROL_NAVIGATING mode=AUTO nav_goal=PATROL,AUTO,0.000,0.350,0.999,0.186,False,False,False
61.400,dynamic_lock,False,PATROL_NAVIGATING mode=AUTO nav_goal=PATROL,AUTO,0.000,0.350,0.998,0.187,False,False,False
61.400,classification,WAITING_DYNAMIC_LOCK,PATROL_NAVIGATING mode=AUTO nav_goal=PATROL,AUTO,0.000,0.350,0.998,0.187,False,False,False
61.400,bird_confirmed,False,PATROL_NAVIGATING mode=AUTO nav_goal=PATROL,AUTO,0.000,0.350,0.998,0.187,False,False,False
61.400,sound_state,IDLE_NO_REQUEST,PATROL_NAVIGATING mode=AUTO nav_goal=PATROL,AUTO,0.000,0.350,0.998,0.187,False,False,False
61.400,sound_done,False,PATROL_NAVIGATING mode=AUTO nav_goal=PATROL,AUTO,0.000,0.350,0.998,0.187,False,False,False
61.400,mission_state,PATROL_NAVIGATING mode=AUTO nav_goal=PATROL,PATROL_NAVIGATING mode=AUTO nav_goal=PATROL,AUTO,0.000,0.350,0.999,0.187,False,False,False
61.500,bird_confirmed,False,PATROL_NAVIGATING mode=AUTO nav_goal=PATROL,AUTO,0.000,0.350,0.999,0.187,False,False,False
61.500,classification,WAITING_DYNAMIC_LOCK,PATROL_NAVIGATING mode=AUTO nav_goal=PATROL,AUTO,0.000,0.350,0.999,0.187,False,False,False
61.600,sound_state,IDLE_NO_REQUEST,PATROL_NAVIGATING mode=AUTO nav_goal=PATROL,AUTO,0.000,0.350,0.999,0.187,False,False,False
61.600,sound_done,False,PATROL_NAVIGATING mode=AUTO nav_goal=PATROL,AUTO,0.000,0.350,0.999,0.187,False,False,False
61.600,mission_state,PATROL_NAVIGATING mode=AUTO nav_goal=PATROL,PATROL_NAVIGATING mode=AUTO nav_goal=PATROL,AUTO,0.000,0.350,0.999,0.187,False,False,False
61.600,classification,WAITING_DYNAMIC_LOCK,PATROL_NAVIGATING mode=AUTO nav_goal=PATROL,AUTO,0.000,0.350,0.999,0.187,False,False,False
61.600,bird_confirmed,False,PATROL_NAVIGATING mode=AUTO nav_goal=PATROL,AUTO,0.000,0.350,0.999,0.187,False,False,False
61.600,dynamic_lock,False,PATROL_NAVIGATING mode=AUTO nav_goal=PATROL,AUTO,0.000,0.350,0.999,0.188,False,False,False
61.700,classification,WAITING_DYNAMIC_LOCK,PATROL_NAVIGATING mode=AUTO nav_goal=PATROL,AUTO,0.000,0.350,0.999,0.187,False,False,False
61.700,bird_confirmed,False,PATROL_NAVIGATING mode=AUTO nav_goal=PATROL,AUTO,0.000,0.350,0.999,0.187,False,False,False
61.800,mission_state,PATROL_NAVIGATING mode=AUTO nav_goal=PATROL,PATROL_NAVIGATING mode=AUTO nav_goal=PATROL,AUTO,0.000,0.350,0.998,0.188,False,False,False
61.800,classification,WAITING_DYNAMIC_LOCK,PATROL_NAVIGATING mode=AUTO nav_goal=PATROL,AUTO,0.000,0.350,0.998,0.188,False,False,False
61.800,bird_confirmed,False,PATROL_NAVIGATING mode=AUTO nav_goal=PATROL,AUTO,0.000,0.350,0.998,0.188,False,False,False
61.800,sound_state,IDLE_NO_REQUEST,PATROL_NAVIGATING mode=AUTO nav_goal=PATROL,AUTO,0.000,0.350,0.998,0.188,False,False,False
61.800,sound_done,False,PATROL_NAVIGATING mode=AUTO nav_goal=PATROL,AUTO,0.000,0.350,0.998,0.188,False,False,False
61.800,dynamic_lock,False,PATROL_NAVIGATING mode=AUTO nav_goal=PATROL,AUTO,0.000,0.350,0.998,0.188,False,False,False
61.900,classification,WAITING_DYNAMIC_LOCK,PATROL_NAVIGATING mode=AUTO nav_goal=PATROL,AUTO,0.000,0.350,0.999,0.188,False,False,False
61.900,bird_confirmed,False,PATROL_NAVIGATING mode=AUTO nav_goal=PATROL,AUTO,0.000,0.350,0.999,0.188,False,False,False
62.000,sound_state,IDLE_NO_REQUEST,PATROL_NAVIGATING mode=AUTO nav_goal=PATROL,AUTO,0.000,0.350,0.998,0.189,False,False,False
62.000,sound_done,False,PATROL_NAVIGATING mode=AUTO nav_goal=PATROL,AUTO,0.000,0.350,0.998,0.189,False,False,False
62.000,dynamic_lock,False,PATROL_NAVIGATING mode=AUTO nav_goal=PATROL,AUTO,0.000,0.350,0.998,0.189,False,False,False
62.000,classification,WAITING_DYNAMIC_LOCK,PATROL_NAVIGATING mode=AUTO nav_goal=PATROL,AUTO,0.000,0.350,0.998,0.189,False,False,False
62.000,bird_confirmed,False,PATROL_NAVIGATING mode=AUTO nav_goal=PATROL,AUTO,0.000,0.350,0.998,0.189,False,False,False
62.000,mission_state,PATROL_NAVIGATING mode=AUTO nav_goal=PATROL,PATROL_NAVIGATING mode=AUTO nav_goal=PATROL,AUTO,0.000,0.350,0.998,0.189,False,False,False
62.100,classification,WAITING_DYNAMIC_LOCK,PATROL_NAVIGATING mode=AUTO nav_goal=PATROL,AUTO,0.000,0.350,0.998,0.189,False,False,False
62.100,bird_confirmed,False,PATROL_NAVIGATING mode=AUTO nav_goal=PATROL,AUTO,0.000,0.350,0.998,0.189,False,False,False
62.200,classification,WAITING_DYNAMIC_LOCK,PATROL_NAVIGATING mode=AUTO nav_goal=PATROL,AUTO,0.000,0.350,0.998,0.189,False,False,False
62.200,bird_confirmed,False,PATROL_NAVIGATING mode=AUTO nav_goal=PATROL,AUTO,0.000,0.350,0.998,0.189,False,False,False
62.200,sound_state,IDLE_NO_REQUEST,PATROL_NAVIGATING mode=AUTO nav_goal=PATROL,AUTO,0.000,0.350,0.998,0.189,False,False,False
62.200,sound_done,False,PATROL_NAVIGATING mode=AUTO nav_goal=PATROL,AUTO,0.000,0.350,0.998,0.189,False,False,False
62.200,mission_state,PATROL_NAVIGATING mode=AUTO nav_goal=PATROL,PATROL_NAVIGATING mode=AUTO nav_goal=PATROL,AUTO,0.000,0.350,0.998,0.189,False,False,False
62.200,dynamic_lock,False,PATROL_NAVIGATING mode=AUTO nav_goal=PATROL,AUTO,0.000,0.350,0.998,0.189,False,False,False
62.300,classification,WAITING_DYNAMIC_LOCK,PATROL_NAVIGATING mode=AUTO nav_goal=PATROL,AUTO,0.000,0.350,0.998,0.189,False,False,False
62.300,bird_confirmed,False,PATROL_NAVIGATING mode=AUTO nav_goal=PATROL,AUTO,0.000,0.350,0.998,0.189,False,False,False
62.400,sound_done,False,PATROL_NAVIGATING mode=AUTO nav_goal=PATROL,AUTO,0.000,0.350,0.999,0.189,False,False,False
62.400,classification,WAITING_DYNAMIC_LOCK,PATROL_NAVIGATING mode=AUTO nav_goal=PATROL,AUTO,0.000,0.350,0.999,0.190,False,False,False
62.400,bird_confirmed,False,PATROL_NAVIGATING mode=AUTO nav_goal=PATROL,AUTO,0.000,0.350,0.999,0.190,False,False,False
62.400,sound_state,IDLE_NO_REQUEST,PATROL_NAVIGATING mode=AUTO nav_goal=PATROL,AUTO,0.000,0.350,0.999,0.190,False,False,False
62.400,mission_state,PATROL_NAVIGATING mode=AUTO nav_goal=PATROL,PATROL_NAVIGATING mode=AUTO nav_goal=PATROL,AUTO,0.000,0.350,0.999,0.190,False,False,False
62.400,dynamic_lock,False,PATROL_NAVIGATING mode=AUTO nav_goal=PATROL,AUTO,0.000,0.350,0.999,0.190,False,False,False
62.500,classification,WAITING_DYNAMIC_LOCK,PATROL_NAVIGATING mode=AUTO nav_goal=PATROL,AUTO,0.000,0.350,0.998,0.190,False,False,False
62.500,bird_confirmed,False,PATROL_NAVIGATING mode=AUTO nav_goal=PATROL,AUTO,0.000,0.350,0.998,0.190,False,False,False
62.600,sound_state,IDLE_NO_REQUEST,PATROL_NAVIGATING mode=AUTO nav_goal=PATROL,AUTO,0.000,0.350,0.999,0.190,False,False,False
62.600,sound_done,False,PATROL_NAVIGATING mode=AUTO nav_goal=PATROL,AUTO,0.000,0.350,0.999,0.190,False,False,False
62.600,bird_confirmed,False,PATROL_NAVIGATING mode=AUTO nav_goal=PATROL,AUTO,0.000,0.350,0.999,0.190,False,False,False
62.600,mission_state,PATROL_NAVIGATING mode=AUTO nav_goal=PATROL,PATROL_NAVIGATING mode=AUTO nav_goal=PATROL,AUTO,0.000,0.350,0.999,0.190,False,False,False
62.600,classification,WAITING_DYNAMIC_LOCK,PATROL_NAVIGATING mode=AUTO nav_goal=PATROL,AUTO,0.000,0.350,0.999,0.190,False,False,False
62.600,dynamic_lock,False,PATROL_NAVIGATING mode=AUTO nav_goal=PATROL,AUTO,0.000,0.350,0.999,0.190,False,False,False
62.700,classification,WAITING_DYNAMIC_LOCK,PATROL_NAVIGATING mode=AUTO nav_goal=PATROL,AUTO,0.000,0.350,0.999,0.190,False,False,False
62.700,bird_confirmed,False,PATROL_NAVIGATING mode=AUTO nav_goal=PATROL,AUTO,0.000,0.350,0.999,0.190,False,False,False
62.800,classification,WAITING_DYNAMIC_LOCK,PATROL_NAVIGATING mode=AUTO nav_goal=PATROL,AUTO,0.000,0.350,0.999,0.190,False,False,False
62.800,bird_confirmed,False,PATROL_NAVIGATING mode=AUTO nav_goal=PATROL,AUTO,0.000,0.350,0.999,0.190,False,False,False
62.800,mission_state,PATROL_NAVIGATING mode=AUTO nav_goal=PATROL,PATROL_NAVIGATING mode=AUTO nav_goal=PATROL,AUTO,0.000,0.350,0.999,0.190,False,False,False
62.800,sound_state,IDLE_NO_REQUEST,PATROL_NAVIGATING mode=AUTO nav_goal=PATROL,AUTO,0.000,0.350,0.999,0.190,False,False,False
62.800,sound_done,False,PATROL_NAVIGATING mode=AUTO nav_goal=PATROL,AUTO,0.000,0.350,0.999,0.190,False,False,False
62.800,dynamic_lock,False,PATROL_NAVIGATING mode=AUTO nav_goal=PATROL,AUTO,0.000,0.350,0.999,0.189,False,False,False
62.900,classification,WAITING_DYNAMIC_LOCK,PATROL_NAVIGATING mode=AUTO nav_goal=PATROL,AUTO,0.000,0.350,1.000,0.190,False,False,False
62.900,bird_confirmed,False,PATROL_NAVIGATING mode=AUTO nav_goal=PATROL,AUTO,0.000,0.350,1.000,0.190,False,False,False
63.000,dynamic_lock,False,PATROL_NAVIGATING mode=AUTO nav_goal=PATROL,AUTO,0.000,0.350,1.000,0.190,False,False,False
63.000,classification,WAITING_DYNAMIC_LOCK,PATROL_NAVIGATING mode=AUTO nav_goal=PATROL,AUTO,0.000,0.350,1.000,0.190,False,False,False
63.000,bird_confirmed,False,PATROL_NAVIGATING mode=AUTO nav_goal=PATROL,AUTO,0.000,0.350,1.000,0.190,False,False,False
63.000,sound_state,IDLE_NO_REQUEST,PATROL_NAVIGATING mode=AUTO nav_goal=PATROL,AUTO,0.000,0.350,1.000,0.190,False,False,False
63.000,sound_done,False,PATROL_NAVIGATING mode=AUTO nav_goal=PATROL,AUTO,0.000,0.350,1.000,0.190,False,False,False
63.000,mission_state,PATROL_NAVIGATING mode=AUTO nav_goal=PATROL,PATROL_NAVIGATING mode=AUTO nav_goal=PATROL,AUTO,0.000,0.350,1.000,0.190,False,False,False
63.100,classification,WAITING_DYNAMIC_LOCK,PATROL_NAVIGATING mode=AUTO nav_goal=PATROL,AUTO,0.000,0.350,1.000,0.189,False,False,False
63.100,bird_confirmed,False,PATROL_NAVIGATING mode=AUTO nav_goal=PATROL,AUTO,0.000,0.350,1.000,0.189,False,False,False
63.200,mission_state,PATROL_NAVIGATING mode=AUTO nav_goal=PATROL,PATROL_NAVIGATING mode=AUTO nav_goal=PATROL,AUTO,0.000,0.350,0.999,0.189,False,False,False
63.200,classification,WAITING_DYNAMIC_LOCK,PATROL_NAVIGATING mode=AUTO nav_goal=PATROL,AUTO,0.000,0.350,0.999,0.189,False,False,False
63.200,bird_confirmed,False,PATROL_NAVIGATING mode=AUTO nav_goal=PATROL,AUTO,0.000,0.350,0.999,0.189,False,False,False
63.200,sound_state,IDLE_NO_REQUEST,PATROL_NAVIGATING mode=AUTO nav_goal=PATROL,AUTO,0.000,0.350,0.999,0.189,False,False,False
63.200,sound_done,False,PATROL_NAVIGATING mode=AUTO nav_goal=PATROL,AUTO,0.000,0.350,0.999,0.189,False,False,False
63.200,dynamic_lock,False,PATROL_NAVIGATING mode=AUTO nav_goal=PATROL,AUTO,0.000,0.350,1.000,0.189,False,False,False
63.300,classification,WAITING_DYNAMIC_LOCK,PATROL_NAVIGATING mode=AUTO nav_goal=PATROL,AUTO,0.000,0.350,1.000,0.190,False,False,False
63.300,bird_confirmed,False,PATROL_NAVIGATING mode=AUTO nav_goal=PATROL,AUTO,0.000,0.350,1.000,0.190,False,False,False
63.400,sound_state,IDLE_NO_REQUEST,PATROL_NAVIGATING mode=AUTO nav_goal=PATROL,AUTO,0.000,0.350,1.000,0.189,False,False,False
63.400,sound_done,False,PATROL_NAVIGATING mode=AUTO nav_goal=PATROL,AUTO,0.000,0.350,1.000,0.189,False,False,False
63.400,mission_state,PATROL_NAVIGATING mode=AUTO nav_goal=PATROL,PATROL_NAVIGATING mode=AUTO nav_goal=PATROL,AUTO,0.000,0.350,1.000,0.189,False,False,False
63.400,classification,WAITING_DYNAMIC_LOCK,PATROL_NAVIGATING mode=AUTO nav_goal=PATROL,AUTO,0.000,0.350,1.000,0.189,False,False,False
63.400,bird_confirmed,False,PATROL_NAVIGATING mode=AUTO nav_goal=PATROL,AUTO,0.000,0.350,1.000,0.189,False,False,False
63.400,dynamic_lock,False,PATROL_NAVIGATING mode=AUTO nav_goal=PATROL,AUTO,0.000,0.350,1.000,0.189,False,False,False
63.500,classification,WAITING_DYNAMIC_LOCK,PATROL_NAVIGATING mode=AUTO nav_goal=PATROL,AUTO,0.000,0.350,1.000,0.190,False,False,False
63.500,bird_confirmed,False,PATROL_NAVIGATING mode=AUTO nav_goal=PATROL,AUTO,0.000,0.350,1.000,0.190,False,False,False
63.600,mission_state,PATROL_NAVIGATING mode=AUTO nav_goal=PATROL,PATROL_NAVIGATING mode=AUTO nav_goal=PATROL,AUTO,0.000,0.350,1.000,0.190,False,False,False
63.600,dynamic_lock,False,PATROL_NAVIGATING mode=AUTO nav_goal=PATROL,AUTO,0.000,0.350,1.000,0.190,False,False,False
63.600,sound_state,IDLE_NO_REQUEST,PATROL_NAVIGATING mode=AUTO nav_goal=PATROL,AUTO,0.000,0.350,1.000,0.190,False,False,False
63.600,sound_done,False,PATROL_NAVIGATING mode=AUTO nav_goal=PATROL,AUTO,0.000,0.350,1.000,0.190,False,False,False
63.600,bird_confirmed,False,PATROL_NAVIGATING mode=AUTO nav_goal=PATROL,AUTO,0.000,0.350,0.999,0.190,False,False,False
63.600,classification,WAITING_DYNAMIC_LOCK,PATROL_NAVIGATING mode=AUTO nav_goal=PATROL,AUTO,0.000,0.350,0.999,0.190,False,False,False
63.700,classification,WAITING_DYNAMIC_LOCK,PATROL_NAVIGATING mode=AUTO nav_goal=PATROL,AUTO,0.000,0.350,0.999,0.190,False,False,False
63.700,bird_confirmed,False,PATROL_NAVIGATING mode=AUTO nav_goal=PATROL,AUTO,0.000,0.350,0.999,0.190,False,False,False
63.800,dynamic_lock,False,PATROL_NAVIGATING mode=AUTO nav_goal=PATROL,AUTO,0.000,0.350,0.999,0.190,False,False,False
63.800,classification,WAITING_DYNAMIC_LOCK,PATROL_NAVIGATING mode=AUTO nav_goal=PATROL,AUTO,0.000,0.350,0.999,0.190,False,False,False
63.800,bird_confirmed,False,PATROL_NAVIGATING mode=AUTO nav_goal=PATROL,AUTO,0.000,0.350,0.999,0.190,False,False,False
63.800,sound_state,IDLE_NO_REQUEST,PATROL_NAVIGATING mode=AUTO nav_goal=PATROL,AUTO,0.000,0.350,0.999,0.190,False,False,False
63.800,sound_done,False,PATROL_NAVIGATING mode=AUTO nav_goal=PATROL,AUTO,0.000,0.350,0.999,0.190,False,False,False
63.800,mission_state,PATROL_NAVIGATING mode=AUTO nav_goal=PATROL,PATROL_NAVIGATING mode=AUTO nav_goal=PATROL,AUTO,0.000,0.350,0.999,0.190,False,False,False
63.900,classification,WAITING_DYNAMIC_LOCK,PATROL_NAVIGATING mode=AUTO nav_goal=PATROL,AUTO,0.000,0.350,0.998,0.191,False,False,False
63.900,bird_confirmed,False,PATROL_NAVIGATING mode=AUTO nav_goal=PATROL,AUTO,0.000,0.350,0.998,0.191,False,False,False
64.000,classification,WAITING_DYNAMIC_LOCK,PATROL_NAVIGATING mode=AUTO nav_goal=PATROL,AUTO,0.000,0.350,0.999,0.191,False,False,False
64.000,bird_confirmed,False,PATROL_NAVIGATING mode=AUTO nav_goal=PATROL,AUTO,0.000,0.350,0.999,0.191,False,False,False
64.000,sound_state,IDLE_NO_REQUEST,PATROL_NAVIGATING mode=AUTO nav_goal=PATROL,AUTO,0.000,0.350,0.999,0.191,False,False,False
64.000,sound_done,False,PATROL_NAVIGATING mode=AUTO nav_goal=PATROL,AUTO,0.000,0.350,0.999,0.191,False,False,False
64.000,mission_state,PATROL_NAVIGATING mode=AUTO nav_goal=PATROL,PATROL_NAVIGATING mode=AUTO nav_goal=PATROL,AUTO,0.000,0.350,0.999,0.191,False,False,False
64.000,dynamic_lock,False,PATROL_NAVIGATING mode=AUTO nav_goal=PATROL,AUTO,0.000,0.350,0.999,0.192,False,False,False
64.100,classification,WAITING_DYNAMIC_LOCK,PATROL_NAVIGATING mode=AUTO nav_goal=PATROL,AUTO,0.000,0.350,0.999,0.191,False,False,False
64.100,bird_confirmed,False,PATROL_NAVIGATING mode=AUTO nav_goal=PATROL,AUTO,0.000,0.350,0.999,0.191,False,False,False
64.200,sound_state,IDLE_NO_REQUEST,PATROL_NAVIGATING mode=AUTO nav_goal=PATROL,AUTO,0.000,0.350,0.999,0.192,False,False,False
64.200,sound_done,False,PATROL_NAVIGATING mode=AUTO nav_goal=PATROL,AUTO,0.000,0.350,0.999,0.192,False,False,False
64.200,mission_state,PATROL_NAVIGATING mode=AUTO nav_goal=PATROL,PATROL_NAVIGATING mode=AUTO nav_goal=PATROL,AUTO,0.000,0.350,0.999,0.192,False,False,False
64.200,classification,WAITING_DYNAMIC_LOCK,PATROL_NAVIGATING mode=AUTO nav_goal=PATROL,AUTO,0.000,0.350,0.999,0.192,False,False,False
64.200,bird_confirmed,False,PATROL_NAVIGATING mode=AUTO nav_goal=PATROL,AUTO,0.000,0.350,0.999,0.192,False,False,False
64.200,dynamic_lock,False,PATROL_NAVIGATING mode=AUTO nav_goal=PATROL,AUTO,0.000,0.350,0.998,0.192,False,False,False
64.300,classification,WAITING_DYNAMIC_LOCK,PATROL_NAVIGATING mode=AUTO nav_goal=PATROL,AUTO,0.000,0.350,0.998,0.192,False,False,False
64.300,bird_confirmed,False,PATROL_NAVIGATING mode=AUTO nav_goal=PATROL,AUTO,0.000,0.350,0.998,0.192,False,False,False
64.400,sound_state,IDLE_NO_REQUEST,PATROL_NAVIGATING mode=AUTO nav_goal=PATROL,AUTO,0.000,0.350,0.998,0.193,False,False,False
64.400,sound_done,False,PATROL_NAVIGATING mode=AUTO nav_goal=PATROL,AUTO,0.000,0.350,0.998,0.193,False,False,False
64.400,mission_state,PATROL_NAVIGATING mode=AUTO nav_goal=PATROL,PATROL_NAVIGATING mode=AUTO nav_goal=PATROL,AUTO,0.000,0.350,0.998,0.193,False,False,False
64.400,dynamic_lock,False,PATROL_NAVIGATING mode=AUTO nav_goal=PATROL,AUTO,0.000,0.350,0.998,0.193,False,False,False
64.400,classification,WAITING_DYNAMIC_LOCK,PATROL_NAVIGATING mode=AUTO nav_goal=PATROL,AUTO,0.000,0.350,0.998,0.193,False,False,False
64.400,bird_confirmed,False,PATROL_NAVIGATING mode=AUTO nav_goal=PATROL,AUTO,0.000,0.350,0.998,0.193,False,False,False
64.500,classification,WAITING_DYNAMIC_LOCK,PATROL_NAVIGATING mode=AUTO nav_goal=PATROL,AUTO,0.000,0.350,0.998,0.193,False,False,False
64.500,bird_confirmed,False,PATROL_NAVIGATING mode=AUTO nav_goal=PATROL,AUTO,0.000,0.350,0.998,0.193,False,False,False
64.600,classification,WAITING_DYNAMIC_LOCK,PATROL_NAVIGATING mode=AUTO nav_goal=PATROL,AUTO,0.000,0.350,0.998,0.193,False,False,False
64.600,bird_confirmed,False,PATROL_NAVIGATING mode=AUTO nav_goal=PATROL,AUTO,0.000,0.350,0.998,0.193,False,False,False
64.600,sound_state,IDLE_NO_REQUEST,PATROL_NAVIGATING mode=AUTO nav_goal=PATROL,AUTO,0.000,0.350,0.998,0.193,False,False,False
64.600,sound_done,False,PATROL_NAVIGATING mode=AUTO nav_goal=PATROL,AUTO,0.000,0.350,0.998,0.193,False,False,False
64.600,mission_state,PATROL_NAVIGATING mode=AUTO nav_goal=PATROL,PATROL_NAVIGATING mode=AUTO nav_goal=PATROL,AUTO,0.000,0.350,0.998,0.193,False,False,False
64.600,dynamic_lock,False,PATROL_NAVIGATING mode=AUTO nav_goal=PATROL,AUTO,0.000,0.350,0.997,0.194,False,False,False
64.700,classification,WAITING_DYNAMIC_LOCK,PATROL_NAVIGATING mode=AUTO nav_goal=PATROL,AUTO,0.000,0.350,0.997,0.193,False,False,False
64.700,bird_confirmed,False,PATROL_NAVIGATING mode=AUTO nav_goal=PATROL,AUTO,0.000,0.350,0.997,0.193,False,False,False
64.800,sound_done,False,PATROL_NAVIGATING mode=AUTO nav_goal=PATROL,AUTO,0.000,0.350,0.997,0.194,False,False,False
64.800,mission_state,PATROL_NAVIGATING mode=AUTO nav_goal=PATROL,PATROL_NAVIGATING mode=AUTO nav_goal=PATROL,AUTO,0.000,0.350,0.997,0.194,False,False,False
64.800,classification,WAITING_DYNAMIC_LOCK,PATROL_NAVIGATING mode=AUTO nav_goal=PATROL,AUTO,0.000,0.350,0.997,0.194,False,False,False
64.800,bird_confirmed,False,PATROL_NAVIGATING mode=AUTO nav_goal=PATROL,AUTO,0.000,0.350,0.997,0.194,False,False,False
64.800,sound_state,IDLE_NO_REQUEST,PATROL_NAVIGATING mode=AUTO nav_goal=PATROL,AUTO,0.000,0.350,0.997,0.194,False,False,False
64.800,dynamic_lock,False,PATROL_NAVIGATING mode=AUTO nav_goal=PATROL,AUTO,0.000,0.350,0.997,0.194,False,False,False
64.900,classification,WAITING_DYNAMIC_LOCK,PATROL_NAVIGATING mode=AUTO nav_goal=PATROL,AUTO,0.000,0.350,0.997,0.194,False,False,False
64.900,bird_confirmed,False,PATROL_NAVIGATING mode=AUTO nav_goal=PATROL,AUTO,0.000,0.350,0.997,0.194,False,False,False
64.900,mission_event,timestamp=64.900 mission_id=0 target_mission_id=1 state=PATROL_NAVIGATING event_type=SIM_NAV_GOAL_ARRIVED reason=PATROL waypoint_index=0,PATROL_NAVIGATING mode=AUTO nav_goal=PATROL,AUTO,0.000,0.350,0.997,0.193,False,False,False
64.900,mission_event,timestamp=64.900 mission_id=0 target_mission_id=1 state=PATROL_NAVIGATING event_type=NAV2_GOAL_SUCCEEDED reason=PATROL waypoint_index=0,PATROL_NAVIGATING mode=AUTO nav_goal=PATROL,AUTO,0.000,0.350,0.997,0.193,False,False,False
64.900,mission_event,timestamp=64.900 mission_id=0 target_mission_id=1 state=PATROL_DWELL event_type=STATE_CHANGE reason=previous=PATROL_NAVIGATING next=PATROL_DWELL reason=inside_a waypoint_index=0,PATROL_NAVIGATING mode=AUTO nav_goal=PATROL,AUTO,0.000,0.350,0.997,0.193,False,False,False
65.000,dynamic_lock,False,PATROL_NAVIGATING mode=AUTO nav_goal=PATROL,AUTO,0.000,0.350,0.996,0.194,False,False,False
65.000,bird_confirmed,False,PATROL_NAVIGATING mode=AUTO nav_goal=PATROL,AUTO,0.000,0.350,0.996,0.194,False,False,False
65.000,sound_state,IDLE_NO_REQUEST,PATROL_NAVIGATING mode=AUTO nav_goal=PATROL,AUTO,0.000,0.350,0.996,0.194,False,False,False
65.000,sound_done,False,PATROL_NAVIGATING mode=AUTO nav_goal=PATROL,AUTO,0.000,0.350,0.996,0.194,False,False,False
65.000,classification,WAITING_DYNAMIC_LOCK,PATROL_NAVIGATING mode=AUTO nav_goal=PATROL,AUTO,0.000,0.350,0.996,0.194,False,False,False
65.000,mission_state,PATROL_DWELL mode=AUTO nav_goal=NONE,PATROL_DWELL mode=AUTO nav_goal=NONE,AUTO,0.000,0.230,0.996,0.194,False,False,False
65.100,classification,WAITING_DYNAMIC_LOCK,PATROL_DWELL mode=AUTO nav_goal=NONE,AUTO,0.000,0.230,0.997,0.194,False,False,False
65.100,bird_confirmed,False,PATROL_DWELL mode=AUTO nav_goal=NONE,AUTO,0.000,0.230,0.997,0.194,False,False,False
65.200,classification,WAITING_DYNAMIC_LOCK,PATROL_DWELL mode=AUTO nav_goal=NONE,AUTO,0.000,0.000,0.996,0.193,False,False,False
65.200,bird_confirmed,False,PATROL_DWELL mode=AUTO nav_goal=NONE,AUTO,0.000,0.000,0.996,0.193,False,False,False
65.200,sound_state,IDLE_NO_REQUEST,PATROL_DWELL mode=AUTO nav_goal=NONE,AUTO,0.000,0.000,0.996,0.193,False,False,False
65.200,sound_done,False,PATROL_DWELL mode=AUTO nav_goal=NONE,AUTO,0.000,0.000,0.996,0.193,False,False,False
65.200,mission_state,PATROL_DWELL mode=AUTO nav_goal=NONE,PATROL_DWELL mode=AUTO nav_goal=NONE,AUTO,0.000,0.000,0.996,0.193,False,False,False
65.200,dynamic_lock,False,PATROL_DWELL mode=AUTO nav_goal=NONE,AUTO,0.000,0.000,0.996,0.193,False,False,False
65.300,classification,WAITING_DYNAMIC_LOCK,PATROL_DWELL mode=AUTO nav_goal=NONE,AUTO,0.000,0.000,0.996,0.193,False,False,False
65.300,bird_confirmed,False,PATROL_DWELL mode=AUTO nav_goal=NONE,AUTO,0.000,0.000,0.996,0.193,False,False,False
65.400,mission_state,PATROL_DWELL mode=AUTO nav_goal=NONE,PATROL_DWELL mode=AUTO nav_goal=NONE,AUTO,0.000,0.000,0.996,0.193,False,False,False
65.400,classification,WAITING_DYNAMIC_LOCK,PATROL_DWELL mode=AUTO nav_goal=NONE,AUTO,0.000,0.000,0.996,0.193,False,False,False
65.400,bird_confirmed,False,PATROL_DWELL mode=AUTO nav_goal=NONE,AUTO,0.000,0.000,0.996,0.193,False,False,False
65.400,sound_state,IDLE_NO_REQUEST,PATROL_DWELL mode=AUTO nav_goal=NONE,AUTO,0.000,0.000,0.996,0.193,False,False,False
65.400,sound_done,False,PATROL_DWELL mode=AUTO nav_goal=NONE,AUTO,0.000,0.000,0.996,0.193,False,False,False
65.400,mission_event,timestamp=65.400 mission_id=0 target_mission_id=1 state=RESUME_PATROL event_type=STATE_CHANGE reason=previous=PATROL_DWELL next=RESUME_PATROL reason=next_index=1 waypoint_index=1,PATROL_DWELL mode=AUTO nav_goal=NONE,AUTO,0.000,0.000,0.996,0.193,False,False,False
65.400,dynamic_lock,False,PATROL_DWELL mode=AUTO nav_goal=NONE,AUTO,0.000,0.000,0.996,0.193,False,False,False
65.500,bird_confirmed,False,PATROL_DWELL mode=AUTO nav_goal=NONE,AUTO,0.000,0.000,0.996,0.193,False,False,False
65.500,classification,WAITING_DYNAMIC_LOCK,PATROL_DWELL mode=AUTO nav_goal=NONE,AUTO,0.000,0.000,0.996,0.193,False,False,False
65.600,classification,WAITING_DYNAMIC_LOCK,PATROL_DWELL mode=AUTO nav_goal=NONE,AUTO,0.000,0.000,0.996,0.193,False,False,False
65.600,bird_confirmed,False,PATROL_DWELL mode=AUTO nav_goal=NONE,AUTO,0.000,0.000,0.996,0.193,False,False,False
65.600,sound_done,False,PATROL_DWELL mode=AUTO nav_goal=NONE,AUTO,0.000,0.000,0.996,0.193,False,False,False
65.600,mission_state,RESUME_PATROL mode=AUTO nav_goal=NONE,RESUME_PATROL mode=AUTO nav_goal=NONE,AUTO,0.000,0.000,0.996,0.193,False,False,False
65.600,mission_event,timestamp=65.600 mission_id=0 target_mission_id=1 state=PATROL_NAVIGATING event_type=STATE_CHANGE reason=previous=RESUME_PATROL next=PATROL_NAVIGATING reason=goal_type=PATROL waypoint_index=1,RESUME_PATROL mode=AUTO nav_goal=NONE,AUTO,0.000,0.000,0.996,0.193,False,False,False
65.600,sound_state,IDLE_NO_REQUEST,RESUME_PATROL mode=AUTO nav_goal=NONE,AUTO,0.000,0.000,0.996,0.193,False,False,False
65.600,mission_event,timestamp=65.600 mission_id=0 target_mission_id=1 state=PATROL_NAVIGATING event_type=NAV2_DISABLED_SIMULATED_GOAL reason=PATROL waypoint_index=1,RESUME_PATROL mode=AUTO nav_goal=NONE,AUTO,0.000,0.000,0.996,0.193,False,False,False
65.600,dynamic_lock,False,RESUME_PATROL mode=AUTO nav_goal=NONE,AUTO,0.000,0.000,0.996,0.193,False,False,False
65.700,classification,WAITING_DYNAMIC_LOCK,RESUME_PATROL mode=AUTO nav_goal=NONE,AUTO,0.000,0.000,0.996,0.193,False,False,False
65.700,bird_confirmed,False,RESUME_PATROL mode=AUTO nav_goal=NONE,AUTO,0.000,0.000,0.996,0.193,False,False,False
65.800,dynamic_lock,False,RESUME_PATROL mode=AUTO nav_goal=NONE,AUTO,0.000,0.000,0.996,0.193,False,False,False
65.800,classification,WAITING_DYNAMIC_LOCK,RESUME_PATROL mode=AUTO nav_goal=NONE,AUTO,0.000,0.000,0.996,0.193,False,False,False
65.800,bird_confirmed,False,RESUME_PATROL mode=AUTO nav_goal=NONE,AUTO,0.000,0.000,0.996,0.193,False,False,False
65.800,sound_state,IDLE_NO_REQUEST,RESUME_PATROL mode=AUTO nav_goal=NONE,AUTO,0.000,0.000,0.996,0.193,False,False,False
65.800,sound_done,False,RESUME_PATROL mode=AUTO nav_goal=NONE,AUTO,0.000,0.000,0.996,0.193,False,False,False
65.800,mission_state,PATROL_NAVIGATING mode=AUTO nav_goal=PATROL,PATROL_NAVIGATING mode=AUTO nav_goal=PATROL,AUTO,0.000,0.000,0.996,0.193,False,False,False
65.900,classification,WAITING_DYNAMIC_LOCK,PATROL_NAVIGATING mode=AUTO nav_goal=PATROL,AUTO,0.000,0.000,0.996,0.193,False,False,False
65.900,bird_confirmed,False,PATROL_NAVIGATING mode=AUTO nav_goal=PATROL,AUTO,0.000,0.000,0.996,0.193,False,False,False
66.000,mission_state,PATROL_NAVIGATING mode=AUTO nav_goal=PATROL,PATROL_NAVIGATING mode=AUTO nav_goal=PATROL,AUTO,0.120,0.199,1.002,0.191,False,False,False
66.000,dynamic_lock,False,PATROL_NAVIGATING mode=AUTO nav_goal=PATROL,AUTO,0.120,0.199,1.002,0.191,False,False,False
66.000,classification,WAITING_DYNAMIC_LOCK,PATROL_NAVIGATING mode=AUTO nav_goal=PATROL,AUTO,0.120,0.199,1.002,0.191,False,False,False
66.000,bird_confirmed,False,PATROL_NAVIGATING mode=AUTO nav_goal=PATROL,AUTO,0.120,0.199,1.002,0.191,False,False,False
66.000,sound_state,IDLE_NO_REQUEST,PATROL_NAVIGATING mode=AUTO nav_goal=PATROL,AUTO,0.120,0.199,1.002,0.191,False,False,False
66.000,sound_done,False,PATROL_NAVIGATING mode=AUTO nav_goal=PATROL,AUTO,0.120,0.199,1.002,0.191,False,False,False
66.100,classification,WAITING_DYNAMIC_LOCK,PATROL_NAVIGATING mode=AUTO nav_goal=PATROL,AUTO,0.120,0.199,1.019,0.185,False,False,False
66.100,bird_confirmed,False,PATROL_NAVIGATING mode=AUTO nav_goal=PATROL,AUTO,0.120,0.199,1.019,0.185,False,False,False
66.200,dynamic_lock,False,PATROL_NAVIGATING mode=AUTO nav_goal=PATROL,AUTO,0.120,0.199,1.037,0.179,False,False,False
66.200,classification,WAITING_DYNAMIC_LOCK,PATROL_NAVIGATING mode=AUTO nav_goal=PATROL,AUTO,0.120,0.199,1.037,0.179,False,False,False
66.200,bird_confirmed,False,PATROL_NAVIGATING mode=AUTO nav_goal=PATROL,AUTO,0.120,0.199,1.037,0.179,False,False,False
66.200,sound_state,IDLE_NO_REQUEST,PATROL_NAVIGATING mode=AUTO nav_goal=PATROL,AUTO,0.120,0.199,1.037,0.179,False,False,False
66.200,sound_done,False,PATROL_NAVIGATING mode=AUTO nav_goal=PATROL,AUTO,0.120,0.199,1.037,0.179,False,False,False
66.200,mission_state,PATROL_NAVIGATING mode=AUTO nav_goal=PATROL,PATROL_NAVIGATING mode=AUTO nav_goal=PATROL,AUTO,0.120,0.199,1.037,0.179,False,False,False
66.300,classification,WAITING_DYNAMIC_LOCK,PATROL_NAVIGATING mode=AUTO nav_goal=PATROL,AUTO,0.120,0.199,1.055,0.172,False,False,False
66.300,bird_confirmed,False,PATROL_NAVIGATING mode=AUTO nav_goal=PATROL,AUTO,0.120,0.199,1.055,0.172,False,False,False
66.400,sound_state,IDLE_NO_REQUEST,PATROL_NAVIGATING mode=AUTO nav_goal=PATROL,AUTO,0.120,0.199,1.073,0.166,False,False,False
66.400,sound_done,False,PATROL_NAVIGATING mode=AUTO nav_goal=PATROL,AUTO,0.120,0.199,1.073,0.166,False,False,False
66.400,mission_state,PATROL_NAVIGATING mode=AUTO nav_goal=PATROL,PATROL_NAVIGATING mode=AUTO nav_goal=PATROL,AUTO,0.120,0.199,1.073,0.166,False,False,False
66.400,classification,WAITING_DYNAMIC_LOCK,PATROL_NAVIGATING mode=AUTO nav_goal=PATROL,AUTO,0.120,0.199,1.073,0.166,False,False,False
66.400,bird_confirmed,False,PATROL_NAVIGATING mode=AUTO nav_goal=PATROL,AUTO,0.120,0.199,1.073,0.166,False,False,False
66.400,dynamic_lock,False,PATROL_NAVIGATING mode=AUTO nav_goal=PATROL,AUTO,0.120,0.181,1.087,0.162,False,False,False
66.500,bird_confirmed,False,PATROL_NAVIGATING mode=AUTO nav_goal=PATROL,AUTO,0.120,0.181,1.092,0.160,False,False,False
66.500,classification,WAITING_DYNAMIC_LOCK,PATROL_NAVIGATING mode=AUTO nav_goal=PATROL,AUTO,0.120,0.181,1.092,0.160,False,False,False
66.600,classification,WAITING_DYNAMIC_LOCK,PATROL_NAVIGATING mode=AUTO nav_goal=PATROL,AUTO,0.120,0.181,1.109,0.155,False,False,False
66.600,bird_confirmed,False,PATROL_NAVIGATING mode=AUTO nav_goal=PATROL,AUTO,0.120,0.181,1.109,0.155,False,False,False
66.600,mission_state,PATROL_NAVIGATING mode=AUTO nav_goal=PATROL,PATROL_NAVIGATING mode=AUTO nav_goal=PATROL,AUTO,0.120,0.181,1.109,0.155,False,False,False
66.600,dynamic_lock,False,PATROL_NAVIGATING mode=AUTO nav_goal=PATROL,AUTO,0.120,0.181,1.109,0.155,False,False,False
66.600,sound_state,IDLE_NO_REQUEST,PATROL_NAVIGATING mode=AUTO nav_goal=PATROL,AUTO,0.120,0.181,1.109,0.155,False,False,False
66.600,sound_done,False,PATROL_NAVIGATING mode=AUTO nav_goal=PATROL,AUTO,0.120,0.181,1.109,0.155,False,False,False
66.700,classification,WAITING_DYNAMIC_LOCK,PATROL_NAVIGATING mode=AUTO nav_goal=PATROL,AUTO,0.120,0.154,1.129,0.150,False,False,False
66.700,bird_confirmed,False,PATROL_NAVIGATING mode=AUTO nav_goal=PATROL,AUTO,0.120,0.154,1.129,0.150,False,False,False
66.800,classification,WAITING_DYNAMIC_LOCK,PATROL_NAVIGATING mode=AUTO nav_goal=PATROL,AUTO,0.120,0.154,1.145,0.145,False,False,False
66.800,bird_confirmed,False,PATROL_NAVIGATING mode=AUTO nav_goal=PATROL,AUTO,0.120,0.154,1.145,0.145,False,False,False
66.800,sound_state,IDLE_NO_REQUEST,PATROL_NAVIGATING mode=AUTO nav_goal=PATROL,AUTO,0.120,0.154,1.145,0.145,False,False,False
66.800,sound_done,False,PATROL_NAVIGATING mode=AUTO nav_goal=PATROL,AUTO,0.120,0.154,1.145,0.145,False,False,False
66.800,mission_state,PATROL_NAVIGATING mode=AUTO nav_goal=PATROL,PATROL_NAVIGATING mode=AUTO nav_goal=PATROL,AUTO,0.120,0.139,1.147,0.145,False,False,False
66.800,dynamic_lock,False,PATROL_NAVIGATING mode=AUTO nav_goal=PATROL,AUTO,0.120,0.139,1.147,0.145,False,False,False
66.900,classification,WAITING_DYNAMIC_LOCK,PATROL_NAVIGATING mode=AUTO nav_goal=PATROL,AUTO,0.120,0.122,1.166,0.140,False,False,False
66.900,bird_confirmed,False,PATROL_NAVIGATING mode=AUTO nav_goal=PATROL,AUTO,0.120,0.122,1.166,0.140,False,False,False
67.000,classification,WAITING_DYNAMIC_LOCK,PATROL_NAVIGATING mode=AUTO nav_goal=PATROL,AUTO,0.120,0.122,1.182,0.136,False,False,False
67.000,bird_confirmed,False,PATROL_NAVIGATING mode=AUTO nav_goal=PATROL,AUTO,0.120,0.122,1.182,0.136,False,False,False
67.000,sound_state,IDLE_NO_REQUEST,PATROL_NAVIGATING mode=AUTO nav_goal=PATROL,AUTO,0.120,0.122,1.182,0.136,False,False,False
67.000,sound_done,False,PATROL_NAVIGATING mode=AUTO nav_goal=PATROL,AUTO,0.120,0.122,1.182,0.136,False,False,False
67.000,mission_state,PATROL_NAVIGATING mode=AUTO nav_goal=PATROL,PATROL_NAVIGATING mode=AUTO nav_goal=PATROL,AUTO,0.120,0.089,1.184,0.136,False,False,False
67.000,dynamic_lock,False,PATROL_NAVIGATING mode=AUTO nav_goal=PATROL,AUTO,0.120,0.089,1.192,0.134,False,False,False
67.100,classification,WAITING_DYNAMIC_LOCK,PATROL_NAVIGATING mode=AUTO nav_goal=PATROL,AUTO,0.120,0.079,1.203,0.131,False,False,False
67.100,bird_confirmed,False,PATROL_NAVIGATING mode=AUTO nav_goal=PATROL,AUTO,0.120,0.079,1.203,0.131,False,False,False
67.200,mission_state,PATROL_NAVIGATING mode=AUTO nav_goal=PATROL,PATROL_NAVIGATING mode=AUTO nav_goal=PATROL,AUTO,0.120,0.079,1.220,0.128,False,False,False
67.200,dynamic_lock,False,PATROL_NAVIGATING mode=AUTO nav_goal=PATROL,AUTO,0.120,0.079,1.220,0.128,False,False,False
67.200,classification,WAITING_DYNAMIC_LOCK,PATROL_NAVIGATING mode=AUTO nav_goal=PATROL,AUTO,0.120,0.079,1.220,0.128,False,False,False
67.200,bird_confirmed,False,PATROL_NAVIGATING mode=AUTO nav_goal=PATROL,AUTO,0.120,0.079,1.220,0.128,False,False,False
67.200,sound_state,IDLE_NO_REQUEST,PATROL_NAVIGATING mode=AUTO nav_goal=PATROL,AUTO,0.120,0.079,1.220,0.128,False,False,False
67.200,sound_done,False,PATROL_NAVIGATING mode=AUTO nav_goal=PATROL,AUTO,0.120,0.079,1.220,0.128,False,False,False
67.300,classification,WAITING_DYNAMIC_LOCK,PATROL_NAVIGATING mode=AUTO nav_goal=PATROL,AUTO,0.120,0.079,1.238,0.124,False,False,False
67.300,bird_confirmed,False,PATROL_NAVIGATING mode=AUTO nav_goal=PATROL,AUTO,0.120,0.079,1.238,0.124,False,False,False
67.400,classification,WAITING_DYNAMIC_LOCK,PATROL_NAVIGATING mode=AUTO nav_goal=PATROL,AUTO,0.120,0.065,1.257,0.120,False,False,False
67.400,bird_confirmed,False,PATROL_NAVIGATING mode=AUTO nav_goal=PATROL,AUTO,0.120,0.065,1.257,0.120,False,False,False
67.400,sound_state,IDLE_NO_REQUEST,PATROL_NAVIGATING mode=AUTO nav_goal=PATROL,AUTO,0.120,0.065,1.257,0.120,False,False,False
67.400,sound_done,False,PATROL_NAVIGATING mode=AUTO nav_goal=PATROL,AUTO,0.120,0.065,1.257,0.120,False,False,False
67.400,mission_state,PATROL_NAVIGATING mode=AUTO nav_goal=PATROL,PATROL_NAVIGATING mode=AUTO nav_goal=PATROL,AUTO,0.120,0.065,1.259,0.119,False,False,False
67.400,dynamic_lock,False,PATROL_NAVIGATING mode=AUTO nav_goal=PATROL,AUTO,0.120,0.059,1.268,0.118,False,False,False
67.500,classification,WAITING_DYNAMIC_LOCK,PATROL_NAVIGATING mode=AUTO nav_goal=PATROL,AUTO,0.120,0.059,1.276,0.116,False,False,False
67.500,bird_confirmed,False,PATROL_NAVIGATING mode=AUTO nav_goal=PATROL,AUTO,0.120,0.059,1.276,0.116,False,False,False
67.600,sound_state,IDLE_NO_REQUEST,PATROL_NAVIGATING mode=AUTO nav_goal=PATROL,AUTO,0.120,0.059,1.295,0.112,False,False,False
67.600,sound_done,False,PATROL_NAVIGATING mode=AUTO nav_goal=PATROL,AUTO,0.120,0.059,1.295,0.112,False,False,False
67.600,dynamic_lock,False,PATROL_NAVIGATING mode=AUTO nav_goal=PATROL,AUTO,0.120,0.059,1.295,0.112,False,False,False
67.600,classification,WAITING_DYNAMIC_LOCK,PATROL_NAVIGATING mode=AUTO nav_goal=PATROL,AUTO,0.120,0.059,1.295,0.112,False,False,False
67.600,bird_confirmed,False,PATROL_NAVIGATING mode=AUTO nav_goal=PATROL,AUTO,0.120,0.059,1.295,0.112,False,False,False
67.600,mission_state,PATROL_NAVIGATING mode=AUTO nav_goal=PATROL,PATROL_NAVIGATING mode=AUTO nav_goal=PATROL,AUTO,0.120,0.053,1.296,0.112,False,False,False
67.700,classification,WAITING_DYNAMIC_LOCK,PATROL_NAVIGATING mode=AUTO nav_goal=PATROL,AUTO,0.120,0.053,1.313,0.109,False,False,False
67.700,bird_confirmed,False,PATROL_NAVIGATING mode=AUTO nav_goal=PATROL,AUTO,0.120,0.053,1.313,0.109,False,False,False
67.800,classification,WAITING_DYNAMIC_LOCK,PATROL_NAVIGATING mode=AUTO nav_goal=PATROL,AUTO,0.120,0.045,1.332,0.105,False,False,False
67.800,bird_confirmed,False,PATROL_NAVIGATING mode=AUTO nav_goal=PATROL,AUTO,0.120,0.045,1.332,0.105,False,False,False
67.800,sound_state,IDLE_NO_REQUEST,PATROL_NAVIGATING mode=AUTO nav_goal=PATROL,AUTO,0.120,0.045,1.332,0.105,False,False,False
67.800,sound_done,False,PATROL_NAVIGATING mode=AUTO nav_goal=PATROL,AUTO,0.120,0.045,1.332,0.105,False,False,False
67.800,mission_state,PATROL_NAVIGATING mode=AUTO nav_goal=PATROL,PATROL_NAVIGATING mode=AUTO nav_goal=PATROL,AUTO,0.120,0.045,1.334,0.105,False,False,False
67.800,dynamic_lock,False,PATROL_NAVIGATING mode=AUTO nav_goal=PATROL,AUTO,0.120,0.045,1.347,0.102,False,False,False
67.900,classification,WAITING_DYNAMIC_LOCK,PATROL_NAVIGATING mode=AUTO nav_goal=PATROL,AUTO,0.120,0.041,1.353,0.101,False,False,False
67.900,bird_confirmed,False,PATROL_NAVIGATING mode=AUTO nav_goal=PATROL,AUTO,0.120,0.041,1.353,0.101,False,False,False
68.000,mission_state,PATROL_NAVIGATING mode=AUTO nav_goal=PATROL,PATROL_NAVIGATING mode=AUTO nav_goal=PATROL,AUTO,0.120,0.041,1.370,0.098,False,False,False
68.000,classification,WAITING_DYNAMIC_LOCK,PATROL_NAVIGATING mode=AUTO nav_goal=PATROL,AUTO,0.120,0.041,1.370,0.098,False,False,False
68.000,bird_confirmed,False,PATROL_NAVIGATING mode=AUTO nav_goal=PATROL,AUTO,0.120,0.041,1.370,0.098,False,False,False
68.000,sound_state,IDLE_NO_REQUEST,PATROL_NAVIGATING mode=AUTO nav_goal=PATROL,AUTO,0.120,0.041,1.370,0.098,False,False,False
68.000,sound_done,False,PATROL_NAVIGATING mode=AUTO nav_goal=PATROL,AUTO,0.120,0.041,1.370,0.098,False,False,False
68.000,dynamic_lock,False,PATROL_NAVIGATING mode=AUTO nav_goal=PATROL,AUTO,0.120,0.038,1.374,0.098,False,False,False
68.100,classification,WAITING_DYNAMIC_LOCK,PATROL_NAVIGATING mode=AUTO nav_goal=PATROL,AUTO,0.120,0.038,1.391,0.095,False,False,False
68.100,bird_confirmed,False,PATROL_NAVIGATING mode=AUTO nav_goal=PATROL,AUTO,0.120,0.038,1.391,0.095,False,False,False
68.200,mission_state,PATROL_NAVIGATING mode=AUTO nav_goal=PATROL,PATROL_NAVIGATING mode=AUTO nav_goal=PATROL,AUTO,0.120,0.031,1.408,0.091,False,False,False
68.200,dynamic_lock,False,PATROL_NAVIGATING mode=AUTO nav_goal=PATROL,AUTO,0.120,0.031,1.409,0.091,False,False,False
68.200,sound_done,False,PATROL_NAVIGATING mode=AUTO nav_goal=PATROL,AUTO,0.120,0.031,1.409,0.091,False,False,False
68.200,sound_state,IDLE_NO_REQUEST,PATROL_NAVIGATING mode=AUTO nav_goal=PATROL,AUTO,0.120,0.031,1.409,0.091,False,False,False
68.200,classification,WAITING_DYNAMIC_LOCK,PATROL_NAVIGATING mode=AUTO nav_goal=PATROL,AUTO,0.120,0.031,1.409,0.091,False,False,False
68.200,bird_confirmed,False,PATROL_NAVIGATING mode=AUTO nav_goal=PATROL,AUTO,0.120,0.031,1.409,0.091,False,False,False
68.300,classification,WAITING_DYNAMIC_LOCK,PATROL_NAVIGATING mode=AUTO nav_goal=PATROL,AUTO,0.120,0.031,1.426,0.088,False,False,False
68.300,bird_confirmed,False,PATROL_NAVIGATING mode=AUTO nav_goal=PATROL,AUTO,0.120,0.031,1.426,0.088,False,False,False
68.400,dynamic_lock,False,PATROL_NAVIGATING mode=AUTO nav_goal=PATROL,AUTO,0.120,0.029,1.445,0.085,False,False,False
68.400,classification,WAITING_DYNAMIC_LOCK,PATROL_NAVIGATING mode=AUTO nav_goal=PATROL,AUTO,0.120,0.029,1.445,0.085,False,False,False
68.400,bird_confirmed,False,PATROL_NAVIGATING mode=AUTO nav_goal=PATROL,AUTO,0.120,0.029,1.445,0.085,False,False,False
68.400,sound_state,IDLE_NO_REQUEST,PATROL_NAVIGATING mode=AUTO nav_goal=PATROL,AUTO,0.120,0.029,1.445,0.085,False,False,False
68.400,sound_done,False,PATROL_NAVIGATING mode=AUTO nav_goal=PATROL,AUTO,0.120,0.029,1.445,0.085,False,False,False
68.400,mission_state,PATROL_NAVIGATING mode=AUTO nav_goal=PATROL,PATROL_NAVIGATING mode=AUTO nav_goal=PATROL,AUTO,0.120,0.029,1.445,0.085,False,False,False
68.500,classification,WAITING_DYNAMIC_LOCK,PATROL_NAVIGATING mode=AUTO nav_goal=PATROL,AUTO,0.120,0.029,1.464,0.082,False,False,False
68.500,bird_confirmed,False,PATROL_NAVIGATING mode=AUTO nav_goal=PATROL,AUTO,0.120,0.029,1.464,0.082,False,False,False
68.600,sound_state,IDLE_NO_REQUEST,PATROL_NAVIGATING mode=AUTO nav_goal=PATROL,AUTO,0.120,0.025,1.483,0.078,False,False,False
68.600,sound_done,False,PATROL_NAVIGATING mode=AUTO nav_goal=PATROL,AUTO,0.120,0.025,1.483,0.078,False,False,False
68.600,mission_state,PATROL_NAVIGATING mode=AUTO nav_goal=PATROL,PATROL_NAVIGATING mode=AUTO nav_goal=PATROL,AUTO,0.120,0.025,1.483,0.078,False,False,False
68.600,dynamic_lock,False,PATROL_NAVIGATING mode=AUTO nav_goal=PATROL,AUTO,0.120,0.025,1.483,0.078,False,False,False
68.600,classification,WAITING_DYNAMIC_LOCK,PATROL_NAVIGATING mode=AUTO nav_goal=PATROL,AUTO,0.120,0.025,1.483,0.078,False,False,False
68.600,bird_confirmed,False,PATROL_NAVIGATING mode=AUTO nav_goal=PATROL,AUTO,0.120,0.025,1.483,0.078,False,False,False
68.700,classification,WAITING_DYNAMIC_LOCK,PATROL_NAVIGATING mode=AUTO nav_goal=PATROL,AUTO,0.120,0.024,1.502,0.075,False,False,False
68.700,bird_confirmed,False,PATROL_NAVIGATING mode=AUTO nav_goal=PATROL,AUTO,0.120,0.024,1.502,0.075,False,False,False
68.800,sound_state,IDLE_NO_REQUEST,PATROL_NAVIGATING mode=AUTO nav_goal=PATROL,AUTO,0.120,0.024,1.521,0.072,False,False,False
68.800,sound_done,False,PATROL_NAVIGATING mode=AUTO nav_goal=PATROL,AUTO,0.120,0.024,1.521,0.072,False,False,False
68.800,mission_state,PATROL_NAVIGATING mode=AUTO nav_goal=PATROL,PATROL_NAVIGATING mode=AUTO nav_goal=PATROL,AUTO,0.120,0.024,1.521,0.072,False,False,False
68.800,dynamic_lock,False,PATROL_NAVIGATING mode=AUTO nav_goal=PATROL,AUTO,0.120,0.024,1.521,0.072,False,False,False
68.800,classification,WAITING_DYNAMIC_LOCK,PATROL_NAVIGATING mode=AUTO nav_goal=PATROL,AUTO,0.120,0.022,1.523,0.072,False,False,False
68.800,bird_confirmed,False,PATROL_NAVIGATING mode=AUTO nav_goal=PATROL,AUTO,0.120,0.022,1.523,0.072,False,False,False
68.900,classification,WAITING_DYNAMIC_LOCK,PATROL_NAVIGATING mode=AUTO nav_goal=PATROL,AUTO,0.120,0.022,1.540,0.069,False,False,False
68.900,bird_confirmed,False,PATROL_NAVIGATING mode=AUTO nav_goal=PATROL,AUTO,0.120,0.022,1.540,0.069,False,False,False
69.000,mission_state,PATROL_NAVIGATING mode=AUTO nav_goal=PATROL,PATROL_NAVIGATING mode=AUTO nav_goal=PATROL,AUTO,0.120,0.022,1.559,0.066,False,False,False
69.000,classification,WAITING_DYNAMIC_LOCK,PATROL_NAVIGATING mode=AUTO nav_goal=PATROL,AUTO,0.120,0.022,1.559,0.066,False,False,False
69.000,bird_confirmed,False,PATROL_NAVIGATING mode=AUTO nav_goal=PATROL,AUTO,0.120,0.022,1.559,0.066,False,False,False
69.000,sound_state,IDLE_NO_REQUEST,PATROL_NAVIGATING mode=AUTO nav_goal=PATROL,AUTO,0.120,0.022,1.559,0.066,False,False,False
69.000,sound_done,False,PATROL_NAVIGATING mode=AUTO nav_goal=PATROL,AUTO,0.120,0.022,1.559,0.066,False,False,False
69.000,dynamic_lock,False,PATROL_NAVIGATING mode=AUTO nav_goal=PATROL,AUTO,0.120,0.021,1.561,0.066,False,False,False
69.100,bird_confirmed,False,PATROL_NAVIGATING mode=AUTO nav_goal=PATROL,AUTO,0.120,0.021,1.578,0.063,False,False,False
69.100,classification,WAITING_DYNAMIC_LOCK,PATROL_NAVIGATING mode=AUTO nav_goal=PATROL,AUTO,0.120,0.020,1.578,0.063,False,False,False
69.200,sound_state,IDLE_NO_REQUEST,PATROL_NAVIGATING mode=AUTO nav_goal=PATROL,AUTO,0.120,0.020,1.596,0.060,False,False,False
69.200,sound_done,False,PATROL_NAVIGATING mode=AUTO nav_goal=PATROL,AUTO,0.120,0.020,1.596,0.060,False,False,False
69.200,mission_state,PATROL_NAVIGATING mode=AUTO nav_goal=PATROL,PATROL_NAVIGATING mode=AUTO nav_goal=PATROL,AUTO,0.120,0.020,1.596,0.060,False,False,False
69.200,classification,WAITING_DYNAMIC_LOCK,PATROL_NAVIGATING mode=AUTO nav_goal=PATROL,AUTO,0.120,0.020,1.596,0.060,False,False,False
69.200,bird_confirmed,False,PATROL_NAVIGATING mode=AUTO nav_goal=PATROL,AUTO,0.120,0.020,1.596,0.060,False,False,False
69.200,dynamic_lock,False,PATROL_NAVIGATING mode=AUTO nav_goal=PATROL,AUTO,0.120,0.020,1.596,0.060,False,False,False
69.300,bird_confirmed,False,PATROL_NAVIGATING mode=AUTO nav_goal=PATROL,AUTO,0.120,0.020,1.615,0.057,False,False,False
69.300,classification,WAITING_DYNAMIC_LOCK,PATROL_NAVIGATING mode=AUTO nav_goal=PATROL,AUTO,0.120,0.019,1.615,0.057,False,False,False
69.400,dynamic_lock,False,PATROL_NAVIGATING mode=AUTO nav_goal=PATROL,AUTO,0.120,0.019,1.634,0.054,False,False,False
69.400,sound_state,IDLE_NO_REQUEST,PATROL_NAVIGATING mode=AUTO nav_goal=PATROL,AUTO,0.120,0.019,1.634,0.054,False,False,False
69.400,sound_done,False,PATROL_NAVIGATING mode=AUTO nav_goal=PATROL,AUTO,0.120,0.019,1.634,0.054,False,False,False
69.400,mission_state,PATROL_NAVIGATING mode=AUTO nav_goal=PATROL,PATROL_NAVIGATING mode=AUTO nav_goal=PATROL,AUTO,0.120,0.017,1.634,0.054,False,False,False
69.400,classification,WAITING_DYNAMIC_LOCK,PATROL_NAVIGATING mode=AUTO nav_goal=PATROL,AUTO,0.120,0.017,1.634,0.054,False,False,False
69.400,bird_confirmed,False,PATROL_NAVIGATING mode=AUTO nav_goal=PATROL,AUTO,0.120,0.017,1.634,0.054,False,False,False
69.500,classification,WAITING_DYNAMIC_LOCK,PATROL_NAVIGATING mode=AUTO nav_goal=PATROL,AUTO,0.120,0.017,1.653,0.051,False,False,False
69.500,bird_confirmed,False,PATROL_NAVIGATING mode=AUTO nav_goal=PATROL,AUTO,0.120,0.017,1.653,0.051,False,False,False
69.600,dynamic_lock,False,PATROL_NAVIGATING mode=AUTO nav_goal=PATROL,AUTO,0.120,0.017,1.672,0.048,False,False,False
69.600,sound_state,IDLE_NO_REQUEST,PATROL_NAVIGATING mode=AUTO nav_goal=PATROL,AUTO,0.120,0.017,1.672,0.048,False,False,False
69.600,sound_done,False,PATROL_NAVIGATING mode=AUTO nav_goal=PATROL,AUTO,0.120,0.017,1.672,0.048,False,False,False
69.600,mission_state,PATROL_NAVIGATING mode=AUTO nav_goal=PATROL,PATROL_NAVIGATING mode=AUTO nav_goal=PATROL,AUTO,0.120,0.017,1.674,0.047,False,False,False
69.600,classification,WAITING_DYNAMIC_LOCK,PATROL_NAVIGATING mode=AUTO nav_goal=PATROL,AUTO,0.120,0.017,1.674,0.047,False,False,False
69.600,bird_confirmed,False,PATROL_NAVIGATING mode=AUTO nav_goal=PATROL,AUTO,0.120,0.017,1.674,0.047,False,False,False
69.700,classification,WAITING_DYNAMIC_LOCK,PATROL_NAVIGATING mode=AUTO nav_goal=PATROL,AUTO,0.120,0.015,1.691,0.045,False,False,False
69.700,bird_confirmed,False,PATROL_NAVIGATING mode=AUTO nav_goal=PATROL,AUTO,0.120,0.015,1.691,0.045,False,False,False
69.800,mission_state,PATROL_NAVIGATING mode=AUTO nav_goal=PATROL,PATROL_NAVIGATING mode=AUTO nav_goal=PATROL,AUTO,0.120,0.014,1.710,0.042,False,False,False
69.800,classification,WAITING_DYNAMIC_LOCK,PATROL_NAVIGATING mode=AUTO nav_goal=PATROL,AUTO,0.120,0.014,1.710,0.042,False,False,False
69.800,bird_confirmed,False,PATROL_NAVIGATING mode=AUTO nav_goal=PATROL,AUTO,0.120,0.014,1.710,0.042,False,False,False
69.800,sound_state,IDLE_NO_REQUEST,PATROL_NAVIGATING mode=AUTO nav_goal=PATROL,AUTO,0.120,0.014,1.710,0.042,False,False,False
69.800,sound_done,False,PATROL_NAVIGATING mode=AUTO nav_goal=PATROL,AUTO,0.120,0.014,1.710,0.042,False,False,False
69.800,dynamic_lock,False,PATROL_NAVIGATING mode=AUTO nav_goal=PATROL,AUTO,0.120,0.014,1.710,0.042,False,False,False
69.900,classification,WAITING_DYNAMIC_LOCK,PATROL_NAVIGATING mode=AUTO nav_goal=PATROL,AUTO,0.120,0.014,1.729,0.039,False,False,False
69.900,bird_confirmed,False,PATROL_NAVIGATING mode=AUTO nav_goal=PATROL,AUTO,0.120,0.014,1.729,0.039,False,False,False
70.000,mission_state,PATROL_NAVIGATING mode=AUTO nav_goal=PATROL,PATROL_NAVIGATING mode=AUTO nav_goal=PATROL,AUTO,0.120,0.014,1.748,0.036,False,False,False
70.000,dynamic_lock,False,PATROL_NAVIGATING mode=AUTO nav_goal=PATROL,AUTO,0.120,0.014,1.748,0.036,False,False,False
70.000,sound_state,IDLE_NO_REQUEST,PATROL_NAVIGATING mode=AUTO nav_goal=PATROL,AUTO,0.120,0.014,1.748,0.036,False,False,False
70.000,sound_done,False,PATROL_NAVIGATING mode=AUTO nav_goal=PATROL,AUTO,0.120,0.014,1.748,0.036,False,False,False
70.000,classification,WAITING_DYNAMIC_LOCK,PATROL_NAVIGATING mode=AUTO nav_goal=PATROL,AUTO,0.120,0.013,1.750,0.036,False,False,False
70.000,bird_confirmed,False,PATROL_NAVIGATING mode=AUTO nav_goal=PATROL,AUTO,0.120,0.013,1.750,0.036,False,False,False
70.100,classification,WAITING_DYNAMIC_LOCK,PATROL_NAVIGATING mode=AUTO nav_goal=PATROL,AUTO,0.120,0.013,1.767,0.033,False,False,False
70.100,bird_confirmed,False,PATROL_NAVIGATING mode=AUTO nav_goal=PATROL,AUTO,0.120,0.013,1.767,0.033,False,False,False
70.100,mission_event,timestamp=70.100 mission_id=0 target_mission_id=1 state=PATROL_NAVIGATING event_type=SIM_NAV_GOAL_ARRIVED reason=PATROL waypoint_index=1,PATROL_NAVIGATING mode=AUTO nav_goal=PATROL,AUTO,0.120,0.012,1.769,0.033,False,False,False
70.100,mission_event,timestamp=70.100 mission_id=0 target_mission_id=1 state=PATROL_NAVIGATING event_type=NAV2_GOAL_SUCCEEDED reason=PATROL waypoint_index=1,PATROL_NAVIGATING mode=AUTO nav_goal=PATROL,AUTO,0.120,0.012,1.769,0.033,False,False,False
70.100,mission_event,timestamp=70.100 mission_id=0 target_mission_id=1 state=PATROL_DWELL event_type=STATE_CHANGE reason=previous=PATROL_NAVIGATING next=PATROL_DWELL reason=inside_b waypoint_index=1,PATROL_NAVIGATING mode=AUTO nav_goal=PATROL,AUTO,0.120,0.012,1.769,0.033,False,False,False
70.200,dynamic_lock,False,PATROL_NAVIGATING mode=AUTO nav_goal=PATROL,AUTO,0.120,0.012,1.786,0.030,False,False,False
70.200,classification,WAITING_DYNAMIC_LOCK,PATROL_NAVIGATING mode=AUTO nav_goal=PATROL,AUTO,0.120,0.012,1.786,0.030,False,False,False
70.200,bird_confirmed,False,PATROL_NAVIGATING mode=AUTO nav_goal=PATROL,AUTO,0.120,0.012,1.786,0.030,False,False,False
70.200,sound_state,IDLE_NO_REQUEST,PATROL_NAVIGATING mode=AUTO nav_goal=PATROL,AUTO,0.120,0.012,1.786,0.030,False,False,False
70.200,sound_done,False,PATROL_NAVIGATING mode=AUTO nav_goal=PATROL,AUTO,0.120,0.012,1.786,0.030,False,False,False
70.200,mission_state,PATROL_DWELL mode=AUTO nav_goal=NONE,PATROL_DWELL mode=AUTO nav_goal=NONE,AUTO,0.120,0.012,1.788,0.030,False,False,False
70.300,bird_confirmed,False,PATROL_DWELL mode=AUTO nav_goal=NONE,AUTO,0.120,0.012,1.805,0.028,False,False,False
70.300,classification,WAITING_DYNAMIC_LOCK,PATROL_DWELL mode=AUTO nav_goal=NONE,AUTO,0.040,0.000,1.805,0.028,False,False,False
70.400,sound_state,IDLE_NO_REQUEST,PATROL_DWELL mode=AUTO nav_goal=NONE,AUTO,0.000,0.000,1.816,0.026,False,False,False
70.400,sound_done,False,PATROL_DWELL mode=AUTO nav_goal=NONE,AUTO,0.000,0.000,1.816,0.026,False,False,False
70.400,mission_state,PATROL_DWELL mode=AUTO nav_goal=NONE,PATROL_DWELL mode=AUTO nav_goal=NONE,AUTO,0.000,0.000,1.816,0.026,False,False,False
70.400,classification,WAITING_DYNAMIC_LOCK,PATROL_DWELL mode=AUTO nav_goal=NONE,AUTO,0.000,0.000,1.816,0.026,False,False,False
70.400,bird_confirmed,False,PATROL_DWELL mode=AUTO nav_goal=NONE,AUTO,0.000,0.000,1.816,0.026,False,False,False
70.400,dynamic_lock,False,PATROL_DWELL mode=AUTO nav_goal=NONE,AUTO,0.000,0.000,1.816,0.026,False,False,False
70.500,classification,WAITING_DYNAMIC_LOCK,PATROL_DWELL mode=AUTO nav_goal=NONE,AUTO,0.000,0.000,1.817,0.026,False,False,False
70.500,bird_confirmed,False,PATROL_DWELL mode=AUTO nav_goal=NONE,AUTO,0.000,0.000,1.817,0.026,False,False,False
70.600,classification,WAITING_DYNAMIC_LOCK,PATROL_DWELL mode=AUTO nav_goal=NONE,AUTO,0.000,0.000,1.817,0.026,False,False,False
70.600,bird_confirmed,False,PATROL_DWELL mode=AUTO nav_goal=NONE,AUTO,0.000,0.000,1.817,0.026,False,False,False
70.600,sound_state,IDLE_NO_REQUEST,PATROL_DWELL mode=AUTO nav_goal=NONE,AUTO,0.000,0.000,1.817,0.026,False,False,False
70.600,sound_done,False,PATROL_DWELL mode=AUTO nav_goal=NONE,AUTO,0.000,0.000,1.817,0.026,False,False,False
70.600,mission_state,PATROL_DWELL mode=AUTO nav_goal=NONE,PATROL_DWELL mode=AUTO nav_goal=NONE,AUTO,0.000,0.000,1.817,0.026,False,False,False
70.600,mission_event,timestamp=70.600 mission_id=0 target_mission_id=1 state=RESUME_PATROL event_type=STATE_CHANGE reason=previous=PATROL_DWELL next=RESUME_PATROL reason=next_index=2 waypoint_index=2,PATROL_DWELL mode=AUTO nav_goal=NONE,AUTO,0.000,0.000,1.817,0.026,False,False,False
70.600,dynamic_lock,False,PATROL_DWELL mode=AUTO nav_goal=NONE,AUTO,0.000,0.000,1.817,0.026,False,False,False
70.700,classification,WAITING_DYNAMIC_LOCK,PATROL_DWELL mode=AUTO nav_goal=NONE,AUTO,0.000,0.000,1.817,0.026,False,False,False
70.700,bird_confirmed,False,PATROL_DWELL mode=AUTO nav_goal=NONE,AUTO,0.000,0.000,1.817,0.026,False,False,False
