ros_time_sec,event,detail,mission_state,mode,cmd_linear,cmd_angular,odom_x,odom_y,dynamic_lock,bird_confirmed,sound_done
0.000,mission_event,timestamp=0.000 mission_id=0 target_mission_id=0 state=IDLE event_type=STARTUP reason=mission_patrol_manager initialized waypoint_index=0,UNKNOWN,UNKNOWN,0.000,0.000,0.000,0.000,False,False,False
0.000,mission_event,timestamp=0.000 mission_id=0 target_mission_id=0 state=IDLE event_type=MISSION_COMMAND reason=START_PATROL waypoint_index=0,UNKNOWN,AUTO,0.000,0.000,0.000,0.000,False,False,False
0.000,mission_event,timestamp=0.000 mission_id=0 target_mission_id=0 state=IDLE event_type=MODE_CHANGE reason=previous=STANDBY next=AUTO reason=START_PATROL waypoint_index=0,UNKNOWN,AUTO,0.000,0.000,0.000,0.000,False,False,False
0.000,mission_event,timestamp=0.000 mission_id=0 target_mission_id=0 state=IDLE event_type=MISSION_RESET reason=operator_reset_pulse waypoint_index=0,UNKNOWN,AUTO,0.000,0.000,0.000,0.000,False,False,False
1.700,classification,WAITING_DYNAMIC_LOCK,UNKNOWN,AUTO,0.000,0.000,0.000,0.000,False,False,False
1.700,bird_confirmed,False,UNKNOWN,AUTO,0.000,0.000,0.000,0.000,False,False,False
1.700,mission_state,IDLE mode=AUTO nav_goal=NONE,IDLE mode=AUTO nav_goal=NONE,AUTO,0.000,0.000,0.000,0.000,False,False,False
1.700,dynamic_lock,False,IDLE mode=AUTO nav_goal=NONE,AUTO,0.000,0.000,0.000,0.000,False,False,False
1.700,classification,WAITING_DYNAMIC_LOCK,IDLE mode=AUTO nav_goal=NONE,AUTO,0.000,0.000,0.000,0.000,False,False,False
1.700,bird_confirmed,False,IDLE mode=AUTO nav_goal=NONE,AUTO,0.000,0.000,0.000,0.000,False,False,False
1.700,mission_event,timestamp=1.700 mission_id=0 target_mission_id=0 state=PATROL_NAVIGATING event_type=STATE_CHANGE reason=previous=IDLE next=PATROL_NAVIGATING reason=goal_type=PATROL waypoint_index=0,IDLE mode=AUTO nav_goal=NONE,AUTO,0.000,0.000,0.000,0.000,False,False,False
1.700,mission_event,timestamp=1.700 mission_id=0 target_mission_id=0 state=PATROL_NAVIGATING event_type=NAV2_DISABLED_SIMULATED_GOAL reason=PATROL waypoint_index=0,IDLE mode=AUTO nav_goal=NONE,AUTO,0.000,0.000,0.000,0.000,False,False,False
1.700,sound_done,False,IDLE mode=AUTO nav_goal=NONE,AUTO,0.000,0.000,0.000,0.000,False,False,False
1.700,sound_state,IDLE_NO_REQUEST,IDLE mode=AUTO nav_goal=NONE,AUTO,0.000,0.000,0.000,0.000,False,False,False
1.700,dynamic_target,count=1 x=0.00 y=-0.00 z=3.10,IDLE mode=AUTO nav_goal=NONE,AUTO,0.000,0.000,-0.000,0.000,False,False,False
1.700,object_goal_state,REJECT source=elevated_dynamic_target mission_type=REJECTED_STATIC safety_state_blocks=AUTO_COMMAND_TIMEOUT_STOP SCAN_DISABLED_TEST_ONLY,IDLE mode=AUTO nav_goal=NONE,AUTO,0.000,0.000,-0.000,0.000,False,False,False
1.700,dynamic_lock,False,IDLE mode=AUTO nav_goal=NONE,AUTO,0.000,0.000,-0.000,0.000,False,False,False
1.800,mission_state,PATROL_NAVIGATING mode=AUTO nav_goal=PATROL,PATROL_NAVIGATING mode=AUTO nav_goal=PATROL,AUTO,0.000,0.000,-0.000,0.000,False,False,False
1.800,classification,WAITING_DYNAMIC_LOCK,PATROL_NAVIGATING mode=AUTO nav_goal=PATROL,AUTO,0.000,0.000,-0.000,0.000,False,False,False
1.800,bird_confirmed,False,PATROL_NAVIGATING mode=AUTO nav_goal=PATROL,AUTO,0.000,0.000,-0.000,0.000,False,False,False
1.800,sound_state,IDLE_NO_REQUEST,PATROL_NAVIGATING mode=AUTO nav_goal=PATROL,AUTO,0.000,0.000,-0.000,0.000,False,False,False
1.800,sound_done,False,PATROL_NAVIGATING mode=AUTO nav_goal=PATROL,AUTO,0.000,0.000,-0.000,0.000,False,False,False
1.800,dynamic_target,count=1 x=0.00 y=-0.00 z=3.10,PATROL_NAVIGATING mode=AUTO nav_goal=PATROL,AUTO,0.000,0.000,-0.000,0.000,False,False,False
1.800,dynamic_lock,False,PATROL_NAVIGATING mode=AUTO nav_goal=PATROL,AUTO,0.000,0.000,-0.000,0.000,False,False,False
1.800,object_goal_state,REJECT source=elevated_dynamic_target mission_type=REJECTED_STATIC safety_state_blocks=AUTO_COMMAND_TIMEOUT_STOP SCAN_DISABLED_TEST_ONLY,PATROL_NAVIGATING mode=AUTO nav_goal=PATROL,AUTO,0.000,0.000,-0.000,0.000,False,False,False
1.800,dynamic_target,count=1 x=0.00 y=-0.00 z=3.10,PATROL_NAVIGATING mode=AUTO nav_goal=PATROL,AUTO,0.080,0.000,-0.000,0.000,False,False,False
1.800,dynamic_lock,True,PATROL_NAVIGATING mode=AUTO nav_goal=PATROL,AUTO,0.080,0.000,-0.000,0.000,True,False,False
1.800,object_goal_state,REJECT source=elevated_dynamic_target mission_type=REJECTED_STATIC depth_low depth=0.00 threshold=0.30,PATROL_NAVIGATING mode=AUTO nav_goal=PATROL,AUTO,0.080,0.000,-0.000,0.000,True,False,False
1.900,classification,WAITING_DYNAMIC_LOCK,PATROL_NAVIGATING mode=AUTO nav_goal=PATROL,AUTO,0.080,0.000,0.004,0.000,True,False,False
1.900,bird_confirmed,False,PATROL_NAVIGATING mode=AUTO nav_goal=PATROL,AUTO,0.080,0.000,0.004,0.000,True,False,False
1.900,dynamic_target,count=1 x=0.00 y=-0.00 z=3.11,PATROL_NAVIGATING mode=AUTO nav_goal=PATROL,AUTO,0.120,0.000,0.004,0.000,True,False,False
1.900,object_goal_state,REJECT source=elevated_dynamic_target mission_type=REJECTED_STATIC depth_low depth=0.00 threshold=0.30,PATROL_NAVIGATING mode=AUTO nav_goal=PATROL,AUTO,0.120,0.000,0.004,0.000,True,False,False
1.900,dynamic_lock,True,PATROL_NAVIGATING mode=AUTO nav_goal=PATROL,AUTO,0.120,0.000,0.004,0.000,True,False,False
2.000,mission_state,PATROL_NAVIGATING mode=AUTO nav_goal=PATROL,PATROL_NAVIGATING mode=AUTO nav_goal=PATROL,AUTO,0.120,-0.001,0.022,0.000,True,False,False
2.000,sound_state,IDLE_NO_REQUEST,PATROL_NAVIGATING mode=AUTO nav_goal=PATROL,AUTO,0.120,-0.001,0.022,0.000,True,False,False
2.000,sound_done,False,PATROL_NAVIGATING mode=AUTO nav_goal=PATROL,AUTO,0.120,-0.001,0.022,0.000,True,False,False
2.000,classification,WAITING_DYNAMIC_LOCK,PATROL_NAVIGATING mode=AUTO nav_goal=PATROL,AUTO,0.120,-0.001,0.022,0.000,True,False,False
2.000,bird_confirmed,False,PATROL_NAVIGATING mode=AUTO nav_goal=PATROL,AUTO,0.120,-0.001,0.022,0.000,True,False,False
2.000,dynamic_target,count=1 x=0.00 y=-0.00 z=3.11,PATROL_NAVIGATING mode=AUTO nav_goal=PATROL,AUTO,0.120,-0.001,0.027,0.000,True,False,False
2.000,dynamic_lock,True,PATROL_NAVIGATING mode=AUTO nav_goal=PATROL,AUTO,0.120,-0.001,0.027,0.000,True,False,False
2.000,object_goal_state,REJECT source=elevated_dynamic_target mission_type=REJECTED_STATIC depth_low depth=0.03 threshold=0.30,PATROL_NAVIGATING mode=AUTO nav_goal=PATROL,AUTO,0.120,-0.001,0.027,0.000,True,False,False
2.000,dynamic_target,count=1 x=0.00 y=-0.00 z=3.11,PATROL_NAVIGATING mode=AUTO nav_goal=PATROL,AUTO,0.120,-0.001,0.027,0.000,True,False,False
2.000,dynamic_lock,True,PATROL_NAVIGATING mode=AUTO nav_goal=PATROL,AUTO,0.120,-0.001,0.027,0.000,True,False,False
2.000,object_goal_state,REJECT source=elevated_dynamic_target mission_type=REJECTED_STATIC depth_low depth=0.03 threshold=0.30,PATROL_NAVIGATING mode=AUTO nav_goal=PATROL,AUTO,0.120,-0.001,0.027,0.000,True,False,False
2.100,classification,GAZEBO_FAKE_YOLO11S_CLASSIFICATION class=bird,PATROL_NAVIGATING mode=AUTO nav_goal=PATROL,AUTO,0.120,-0.001,0.041,0.000,True,False,False
2.100,bird_confirmed,True,PATROL_NAVIGATING mode=AUTO nav_goal=PATROL,AUTO,0.120,-0.001,0.041,0.000,True,True,False
2.100,dynamic_target,count=1 x=0.00 y=-0.00 z=3.12,PATROL_NAVIGATING mode=AUTO nav_goal=PATROL,AUTO,0.120,-0.001,0.054,0.000,True,True,False
2.100,dynamic_lock,True,PATROL_NAVIGATING mode=AUTO nav_goal=PATROL,AUTO,0.120,-0.001,0.054,0.000,True,True,False
2.100,object_goal_state,REJECT source=elevated_dynamic_target mission_type=REJECTED_STATIC depth_low depth=0.05 threshold=0.30,PATROL_NAVIGATING mode=AUTO nav_goal=PATROL,AUTO,0.120,-0.001,0.054,0.000,True,True,False
2.200,mission_state,PATROL_NAVIGATING mode=AUTO nav_goal=PATROL,PATROL_NAVIGATING mode=AUTO nav_goal=PATROL,AUTO,0.120,-0.001,0.060,0.000,True,True,False
2.200,dynamic_target,count=1 x=0.00 y=-0.00 z=3.12,PATROL_NAVIGATING mode=AUTO nav_goal=PATROL,AUTO,0.120,-0.001,0.060,0.000,True,True,False
2.200,dynamic_lock,True,PATROL_NAVIGATING mode=AUTO nav_goal=PATROL,AUTO,0.120,-0.001,0.060,0.000,True,True,False
2.200,sound_state,IDLE_NO_REQUEST,PATROL_NAVIGATING mode=AUTO nav_goal=PATROL,AUTO,0.120,-0.001,0.060,0.000,True,True,False
2.200,sound_done,False,PATROL_NAVIGATING mode=AUTO nav_goal=PATROL,AUTO,0.120,-0.001,0.060,0.000,True,True,False
2.200,object_goal_state,REJECT source=elevated_dynamic_target mission_type=REJECTED_STATIC depth_low depth=0.06 threshold=0.30,PATROL_NAVIGATING mode=AUTO nav_goal=PATROL,AUTO,0.120,-0.001,0.060,0.000,True,True,False
2.200,classification,GAZEBO_FAKE_YOLO11S_CLASSIFICATION class=bird,PATROL_NAVIGATING mode=AUTO nav_goal=PATROL,AUTO,0.120,-0.001,0.060,0.000,True,True,False
2.200,bird_confirmed,True,PATROL_NAVIGATING mode=AUTO nav_goal=PATROL,AUTO,0.120,-0.001,0.060,0.000,True,True,False
2.200,dynamic_target,count=1 x=0.00 y=-0.00 z=3.14,PATROL_NAVIGATING mode=AUTO nav_goal=PATROL,AUTO,0.120,-0.001,0.060,0.000,True,True,False
2.200,dynamic_lock,True,PATROL_NAVIGATING mode=AUTO nav_goal=PATROL,AUTO,0.120,-0.001,0.060,0.000,True,True,False
2.200,object_goal_state,REJECT source=elevated_dynamic_target mission_type=REJECTED_STATIC depth_low depth=0.06 threshold=0.30,PATROL_NAVIGATING mode=AUTO nav_goal=PATROL,AUTO,0.120,-0.001,0.062,0.000,True,True,False
2.300,bird_confirmed,True,PATROL_NAVIGATING mode=AUTO nav_goal=PATROL,AUTO,0.120,-0.001,0.079,0.000,True,True,False
2.300,classification,GAZEBO_FAKE_YOLO11S_CLASSIFICATION class=bird,PATROL_NAVIGATING mode=AUTO nav_goal=PATROL,AUTO,0.120,-0.001,0.079,0.000,True,True,False
2.300,dynamic_target,count=1 x=0.00 y=-0.00 z=3.15,PATROL_NAVIGATING mode=AUTO nav_goal=PATROL,AUTO,0.120,-0.001,0.079,0.000,True,True,False
2.300,dynamic_lock,True,PATROL_NAVIGATING mode=AUTO nav_goal=PATROL,AUTO,0.120,-0.001,0.079,0.000,True,True,False
2.300,object_goal_state,REJECT source=elevated_dynamic_target mission_type=REJECTED_STATIC depth_low depth=0.08 threshold=0.30,PATROL_NAVIGATING mode=AUTO nav_goal=PATROL,AUTO,0.120,-0.001,0.079,0.000,True,True,False
2.400,sound_done,False,PATROL_NAVIGATING mode=AUTO nav_goal=PATROL,AUTO,0.120,-0.001,0.098,0.000,True,True,False
2.400,classification,GAZEBO_FAKE_YOLO11S_CLASSIFICATION class=bird,PATROL_NAVIGATING mode=AUTO nav_goal=PATROL,AUTO,0.120,-0.001,0.098,0.000,True,True,False
2.400,bird_confirmed,True,PATROL_NAVIGATING mode=AUTO nav_goal=PATROL,AUTO,0.120,-0.001,0.098,0.000,True,True,False
2.400,sound_state,IDLE_NO_REQUEST,PATROL_NAVIGATING mode=AUTO nav_goal=PATROL,AUTO,0.120,-0.001,0.098,0.000,True,True,False
2.400,mission_state,PATROL_NAVIGATING mode=AUTO nav_goal=PATROL,PATROL_NAVIGATING mode=AUTO nav_goal=PATROL,AUTO,0.120,-0.001,0.098,0.000,True,True,False
2.400,dynamic_target,count=1 x=0.00 y=-0.00 z=3.15,PATROL_NAVIGATING mode=AUTO nav_goal=PATROL,AUTO,0.120,-0.001,0.098,0.000,True,True,False
2.400,dynamic_lock,True,PATROL_NAVIGATING mode=AUTO nav_goal=PATROL,AUTO,0.120,-0.001,0.098,0.000,True,True,False
2.400,object_goal_state,REJECT source=elevated_dynamic_target mission_type=REJECTED_STATIC depth_low depth=0.09 threshold=0.30,PATROL_NAVIGATING mode=AUTO nav_goal=PATROL,AUTO,0.120,-0.001,0.098,0.000,True,True,False
2.400,dynamic_target,count=1 x=0.01 y=-0.01 z=3.17,PATROL_NAVIGATING mode=AUTO nav_goal=PATROL,AUTO,0.120,-0.001,0.098,0.000,True,True,False
2.400,dynamic_lock,True,PATROL_NAVIGATING mode=AUTO nav_goal=PATROL,AUTO,0.120,-0.001,0.098,0.000,True,True,False
2.400,object_goal_state,REJECT source=elevated_dynamic_target mission_type=REJECTED_STATIC depth_low depth=0.09 threshold=0.30,PATROL_NAVIGATING mode=AUTO nav_goal=PATROL,AUTO,0.120,-0.001,0.098,0.000,True,True,False
2.400,bird_confirmed,True,PATROL_NAVIGATING mode=AUTO nav_goal=PATROL,AUTO,0.120,-0.001,0.117,0.000,True,True,False
2.400,classification,GAZEBO_FAKE_YOLO11S_CLASSIFICATION class=bird,PATROL_NAVIGATING mode=AUTO nav_goal=PATROL,AUTO,0.120,-0.001,0.117,0.000,True,True,False
2.400,dynamic_target,count=1 x=0.01 y=-0.01 z=3.19,PATROL_NAVIGATING mode=AUTO nav_goal=PATROL,AUTO,0.120,-0.001,0.117,0.000,True,True,False
2.400,dynamic_lock,True,PATROL_NAVIGATING mode=AUTO nav_goal=PATROL,AUTO,0.120,-0.001,0.117,0.000,True,True,False
2.400,object_goal_state,REJECT source=elevated_dynamic_target mission_type=REJECTED_STATIC depth_low depth=0.11 threshold=0.30,PATROL_NAVIGATING mode=AUTO nav_goal=PATROL,AUTO,0.120,-0.001,0.117,0.000,True,True,False
2.600,dynamic_target,count=1 x=0.01 y=-0.01 z=3.19,PATROL_NAVIGATING mode=AUTO nav_goal=PATROL,AUTO,0.120,-0.001,0.137,0.000,True,True,False
2.600,classification,GAZEBO_FAKE_YOLO11S_CLASSIFICATION class=bird,PATROL_NAVIGATING mode=AUTO nav_goal=PATROL,AUTO,0.120,-0.001,0.137,0.000,True,True,False
2.600,bird_confirmed,True,PATROL_NAVIGATING mode=AUTO nav_goal=PATROL,AUTO,0.120,-0.001,0.137,0.000,True,True,False
2.600,sound_state,IDLE_NO_REQUEST,PATROL_NAVIGATING mode=AUTO nav_goal=PATROL,AUTO,0.120,-0.001,0.137,0.000,True,True,False
2.600,sound_done,False,PATROL_NAVIGATING mode=AUTO nav_goal=PATROL,AUTO,0.120,-0.001,0.137,0.000,True,True,False
2.600,object_goal_state,REJECT source=elevated_dynamic_target mission_type=REJECTED_STATIC depth_low depth=0.13 threshold=0.30,PATROL_NAVIGATING mode=AUTO nav_goal=PATROL,AUTO,0.120,-0.001,0.137,0.000,True,True,False
2.600,dynamic_lock,True,PATROL_NAVIGATING mode=AUTO nav_goal=PATROL,AUTO,0.120,-0.001,0.137,0.000,True,True,False
2.600,mission_state,PATROL_NAVIGATING mode=AUTO nav_goal=PATROL,PATROL_NAVIGATING mode=AUTO nav_goal=PATROL,AUTO,0.120,-0.001,0.137,0.000,True,True,False
2.600,object_goal_state,REJECT source=elevated_dynamic_target mission_type=REJECTED_STATIC depth_low depth=0.13 threshold=0.30,PATROL_NAVIGATING mode=AUTO nav_goal=PATROL,AUTO,0.120,-0.001,0.137,0.000,True,True,False
2.600,dynamic_target,count=1 x=0.01 y=-0.01 z=3.21,PATROL_NAVIGATING mode=AUTO nav_goal=PATROL,AUTO,0.120,-0.001,0.137,0.000,True,True,False
2.600,dynamic_lock,True,PATROL_NAVIGATING mode=AUTO nav_goal=PATROL,AUTO,0.120,-0.001,0.137,0.000,True,True,False
2.700,bird_confirmed,True,PATROL_NAVIGATING mode=AUTO nav_goal=PATROL,AUTO,0.120,-0.001,0.156,0.000,True,True,False
2.700,classification,GAZEBO_FAKE_YOLO11S_CLASSIFICATION class=bird,PATROL_NAVIGATING mode=AUTO nav_goal=PATROL,AUTO,0.120,-0.001,0.156,0.000,True,True,False
2.700,dynamic_target,count=1 x=0.01 y=-0.01 z=3.24,PATROL_NAVIGATING mode=AUTO nav_goal=PATROL,AUTO,0.120,-0.001,0.162,0.000,True,True,False
2.700,dynamic_lock,True,PATROL_NAVIGATING mode=AUTO nav_goal=PATROL,AUTO,0.120,-0.001,0.162,0.000,True,True,False
2.700,object_goal_state,REJECT source=elevated_dynamic_target mission_type=REJECTED_STATIC depth_low depth=0.15 threshold=0.30,PATROL_NAVIGATING mode=AUTO nav_goal=PATROL,AUTO,0.120,-0.001,0.162,0.000,True,True,False
2.800,sound_state,IDLE_NO_REQUEST,PATROL_NAVIGATING mode=AUTO nav_goal=PATROL,AUTO,0.120,-0.001,0.175,0.000,True,True,False
2.800,sound_done,False,PATROL_NAVIGATING mode=AUTO nav_goal=PATROL,AUTO,0.120,-0.001,0.175,0.000,True,True,False
2.800,classification,GAZEBO_FAKE_YOLO11S_CLASSIFICATION class=bird,PATROL_NAVIGATING mode=AUTO nav_goal=PATROL,AUTO,0.120,-0.001,0.175,0.000,True,True,False
2.800,bird_confirmed,True,PATROL_NAVIGATING mode=AUTO nav_goal=PATROL,AUTO,0.120,-0.001,0.175,0.000,True,True,False
2.800,mission_state,PATROL_NAVIGATING mode=AUTO nav_goal=PATROL,PATROL_NAVIGATING mode=AUTO nav_goal=PATROL,AUTO,0.120,-0.002,0.175,0.000,True,True,False
2.800,dynamic_target,count=1 x=0.02 y=-0.02 z=3.26,PATROL_NAVIGATING mode=AUTO nav_goal=PATROL,AUTO,0.120,-0.002,0.188,0.000,True,True,False
2.800,dynamic_lock,True,PATROL_NAVIGATING mode=AUTO nav_goal=PATROL,AUTO,0.120,-0.002,0.188,0.000,True,True,False
2.800,object_goal_state,REJECT source=elevated_dynamic_target mission_type=REJECTED_STATIC depth_low depth=0.17 threshold=0.30,PATROL_NAVIGATING mode=AUTO nav_goal=PATROL,AUTO,0.120,-0.002,0.188,0.000,True,True,False
2.800,dynamic_target,count=1 x=0.02 y=-0.02 z=3.26,PATROL_NAVIGATING mode=AUTO nav_goal=PATROL,AUTO,0.120,-0.002,0.188,0.000,True,True,False
2.800,dynamic_lock,True,PATROL_NAVIGATING mode=AUTO nav_goal=PATROL,AUTO,0.120,-0.002,0.188,0.000,True,True,False
2.800,object_goal_state,REJECT source=elevated_dynamic_target mission_type=REJECTED_STATIC depth_low depth=0.17 threshold=0.30,PATROL_NAVIGATING mode=AUTO nav_goal=PATROL,AUTO,0.120,-0.002,0.188,0.000,True,True,False
2.900,classification,GAZEBO_FAKE_YOLO11S_CLASSIFICATION class=bird,PATROL_NAVIGATING mode=AUTO nav_goal=PATROL,AUTO,0.120,-0.002,0.194,0.000,True,True,False
2.900,bird_confirmed,True,PATROL_NAVIGATING mode=AUTO nav_goal=PATROL,AUTO,0.120,-0.002,0.194,0.000,True,True,False
2.900,dynamic_target,count=1 x=0.02 y=-0.02 z=3.29,PATROL_NAVIGATING mode=AUTO nav_goal=PATROL,AUTO,0.120,-0.002,0.194,0.000,True,True,False
2.900,dynamic_lock,True,PATROL_NAVIGATING mode=AUTO nav_goal=PATROL,AUTO,0.120,-0.002,0.194,0.000,True,True,False
2.900,object_goal_state,REJECT source=elevated_dynamic_target mission_type=REJECTED_STATIC depth_low depth=0.18 threshold=0.30,PATROL_NAVIGATING mode=AUTO nav_goal=PATROL,AUTO,0.120,-0.002,0.194,0.000,True,True,False
3.000,classification,GAZEBO_FAKE_YOLO11S_CLASSIFICATION class=bird,PATROL_NAVIGATING mode=AUTO nav_goal=PATROL,AUTO,0.120,-0.002,0.213,0.000,True,True,False
3.000,bird_confirmed,True,PATROL_NAVIGATING mode=AUTO nav_goal=PATROL,AUTO,0.120,-0.002,0.213,0.000,True,True,False
3.000,sound_state,IDLE_NO_REQUEST,PATROL_NAVIGATING mode=AUTO nav_goal=PATROL,AUTO,0.120,-0.002,0.213,0.000,True,True,False
3.000,sound_done,False,PATROL_NAVIGATING mode=AUTO nav_goal=PATROL,AUTO,0.120,-0.002,0.213,0.000,True,True,False
3.000,mission_state,PATROL_NAVIGATING mode=AUTO nav_goal=PATROL,PATROL_NAVIGATING mode=AUTO nav_goal=PATROL,AUTO,0.120,-0.002,0.213,0.000,True,True,False
3.000,object_goal_state,REJECT source=elevated_dynamic_target mission_type=REJECTED_STATIC depth_low depth=0.20 threshold=0.30,PATROL_NAVIGATING mode=AUTO nav_goal=PATROL,AUTO,0.120,-0.002,0.213,0.000,True,True,False
3.000,dynamic_target,count=1 x=0.02 y=-0.02 z=3.29,PATROL_NAVIGATING mode=AUTO nav_goal=PATROL,AUTO,0.120,-0.002,0.213,0.000,True,True,False
3.000,dynamic_lock,True,PATROL_NAVIGATING mode=AUTO nav_goal=PATROL,AUTO,0.120,-0.002,0.213,0.000,True,True,False
3.000,dynamic_target,count=1 x=0.02 y=-0.02 z=3.32,PATROL_NAVIGATING mode=AUTO nav_goal=PATROL,AUTO,0.120,-0.002,0.213,0.000,True,True,False
3.000,dynamic_lock,True,PATROL_NAVIGATING mode=AUTO nav_goal=PATROL,AUTO,0.120,-0.002,0.213,0.000,True,True,False
3.000,object_goal_state,REJECT source=elevated_dynamic_target mission_type=REJECTED_STATIC depth_low depth=0.19 threshold=0.30,PATROL_NAVIGATING mode=AUTO nav_goal=PATROL,AUTO,0.120,-0.002,0.213,0.000,True,True,False
3.100,classification,GAZEBO_FAKE_YOLO11S_CLASSIFICATION class=bird,PATROL_NAVIGATING mode=AUTO nav_goal=PATROL,AUTO,0.120,-0.002,0.232,0.000,True,True,False
3.100,bird_confirmed,True,PATROL_NAVIGATING mode=AUTO nav_goal=PATROL,AUTO,0.120,-0.002,0.232,0.000,True,True,False
3.200,sound_state,IDLE_NO_REQUEST,PATROL_NAVIGATING mode=AUTO nav_goal=PATROL,AUTO,0.120,-0.002,0.252,0.000,True,True,False
3.200,sound_done,False,PATROL_NAVIGATING mode=AUTO nav_goal=PATROL,AUTO,0.120,-0.002,0.252,0.000,True,True,False
3.200,mission_state,PATROL_NAVIGATING mode=AUTO nav_goal=PATROL,PATROL_NAVIGATING mode=AUTO nav_goal=PATROL,AUTO,0.120,-0.002,0.252,0.000,True,True,False
3.200,classification,GAZEBO_FAKE_YOLO11S_CLASSIFICATION class=bird,PATROL_NAVIGATING mode=AUTO nav_goal=PATROL,AUTO,0.120,-0.002,0.252,0.000,True,True,False
3.200,bird_confirmed,True,PATROL_NAVIGATING mode=AUTO nav_goal=PATROL,AUTO,0.120,-0.002,0.252,0.000,True,True,False
3.200,dynamic_target,count=1 x=0.02 y=-0.03 z=3.34,PATROL_NAVIGATING mode=AUTO nav_goal=PATROL,AUTO,0.120,-0.002,0.252,0.000,True,True,False
3.200,dynamic_lock,True,PATROL_NAVIGATING mode=AUTO nav_goal=PATROL,AUTO,0.120,-0.002,0.252,0.000,True,True,False
3.200,object_goal_state,REJECT source=elevated_dynamic_target mission_type=REJECTED_STATIC depth_low depth=0.23 threshold=0.30,PATROL_NAVIGATING mode=AUTO nav_goal=PATROL,AUTO,0.120,-0.002,0.252,0.000,True,True,False
3.200,dynamic_target,count=1 x=0.02 y=-0.03 z=3.34,PATROL_NAVIGATING mode=AUTO nav_goal=PATROL,AUTO,0.120,-0.002,0.252,0.000,True,True,False
3.200,dynamic_lock,True,PATROL_NAVIGATING mode=AUTO nav_goal=PATROL,AUTO,0.120,-0.002,0.252,0.000,True,True,False
3.200,object_goal_state,REJECT source=elevated_dynamic_target mission_type=REJECTED_STATIC depth_low depth=0.23 threshold=0.30,PATROL_NAVIGATING mode=AUTO nav_goal=PATROL,AUTO,0.120,-0.002,0.252,0.000,True,True,False
3.200,dynamic_target,count=1 x=0.03 y=-0.03 z=3.36,PATROL_NAVIGATING mode=AUTO nav_goal=PATROL,AUTO,0.120,-0.002,0.252,0.000,True,True,False
3.200,dynamic_lock,True,PATROL_NAVIGATING mode=AUTO nav_goal=PATROL,AUTO,0.120,-0.002,0.252,0.000,True,True,False
3.200,object_goal_state,REJECT source=elevated_dynamic_target mission_type=REJECTED_STATIC depth_low depth=0.23 threshold=0.30,PATROL_NAVIGATING mode=AUTO nav_goal=PATROL,AUTO,0.120,-0.002,0.252,0.000,True,True,False
3.300,bird_confirmed,True,PATROL_NAVIGATING mode=AUTO nav_goal=PATROL,AUTO,0.120,-0.002,0.271,0.000,True,True,False
3.300,classification,GAZEBO_FAKE_YOLO11S_CLASSIFICATION class=bird,PATROL_NAVIGATING mode=AUTO nav_goal=PATROL,AUTO,0.120,-0.002,0.271,0.000,True,True,False
3.300,dynamic_target,count=1 x=0.03 y=-0.03 z=3.37,PATROL_NAVIGATING mode=AUTO nav_goal=PATROL,AUTO,0.120,-0.002,0.278,0.000,True,True,False
3.300,dynamic_lock,True,PATROL_NAVIGATING mode=AUTO nav_goal=PATROL,AUTO,0.120,-0.002,0.278,0.000,True,True,False
3.300,object_goal_state,REJECT source=elevated_dynamic_target mission_type=REJECTED_STATIC depth_low depth=0.25 threshold=0.30,PATROL_NAVIGATING mode=AUTO nav_goal=PATROL,AUTO,0.120,-0.002,0.278,0.000,True,True,False
3.400,bird_confirmed,True,PATROL_NAVIGATING mode=AUTO nav_goal=PATROL,AUTO,0.120,-0.002,0.290,0.000,True,True,False
3.400,classification,GAZEBO_FAKE_YOLO11S_CLASSIFICATION class=bird,PATROL_NAVIGATING mode=AUTO nav_goal=PATROL,AUTO,0.120,-0.002,0.290,0.000,True,True,False
3.400,sound_state,IDLE_NO_REQUEST,PATROL_NAVIGATING mode=AUTO nav_goal=PATROL,AUTO,0.120,-0.002,0.290,0.000,True,True,False
3.400,sound_done,False,PATROL_NAVIGATING mode=AUTO nav_goal=PATROL,AUTO,0.120,-0.002,0.290,0.000,True,True,False
3.400,mission_state,PATROL_NAVIGATING mode=AUTO nav_goal=PATROL,PATROL_NAVIGATING mode=AUTO nav_goal=PATROL,AUTO,0.120,-0.002,0.290,0.000,True,True,False
3.400,dynamic_target,count=1 x=0.04 y=-0.04 z=3.38,PATROL_NAVIGATING mode=AUTO nav_goal=PATROL,AUTO,0.120,-0.002,0.307,0.000,True,True,False
3.400,dynamic_lock,True,PATROL_NAVIGATING mode=AUTO nav_goal=PATROL,AUTO,0.120,-0.002,0.307,0.000,True,True,False
3.400,object_goal_state,REJECT source=elevated_dynamic_target mission_type=REJECTED_STATIC depth_low depth=0.27 threshold=0.30,PATROL_NAVIGATING mode=AUTO nav_goal=PATROL,AUTO,0.120,-0.002,0.307,0.000,True,True,False
3.400,dynamic_target,count=1 x=0.04 y=-0.04 z=3.38,PATROL_NAVIGATING mode=AUTO nav_goal=PATROL,AUTO,0.120,-0.002,0.307,0.000,True,True,False
3.400,dynamic_lock,True,PATROL_NAVIGATING mode=AUTO nav_goal=PATROL,AUTO,0.120,-0.002,0.307,0.000,True,True,False
3.400,object_goal_state,REJECT source=elevated_dynamic_target mission_type=REJECTED_STATIC depth_low depth=0.27 threshold=0.30,PATROL_NAVIGATING mode=AUTO nav_goal=PATROL,AUTO,0.120,-0.002,0.307,0.000,True,True,False
3.500,classification,GAZEBO_FAKE_YOLO11S_CLASSIFICATION class=bird,PATROL_NAVIGATING mode=AUTO nav_goal=PATROL,AUTO,0.120,-0.002,0.309,0.000,True,True,False
3.500,bird_confirmed,True,PATROL_NAVIGATING mode=AUTO nav_goal=PATROL,AUTO,0.120,-0.002,0.309,0.000,True,True,False
3.500,dynamic_target,count=1 x=0.04 y=-0.04 z=3.39,PATROL_NAVIGATING mode=AUTO nav_goal=PATROL,AUTO,0.120,-0.002,0.309,0.000,True,True,False
3.500,dynamic_lock,True,PATROL_NAVIGATING mode=AUTO nav_goal=PATROL,AUTO,0.120,-0.002,0.309,0.000,True,True,False
3.500,object_goal_state,REJECT source=elevated_dynamic_target mission_type=REJECTED_STATIC depth_low depth=0.27 threshold=0.30,PATROL_NAVIGATING mode=AUTO nav_goal=PATROL,AUTO,0.120,-0.002,0.309,0.000,True,True,False
3.600,mission_state,PATROL_NAVIGATING mode=AUTO nav_goal=PATROL,PATROL_NAVIGATING mode=AUTO nav_goal=PATROL,AUTO,0.120,-0.002,0.328,0.000,True,True,False
3.600,classification,GAZEBO_FAKE_YOLO11S_CLASSIFICATION class=bird,PATROL_NAVIGATING mode=AUTO nav_goal=PATROL,AUTO,0.120,-0.002,0.328,0.000,True,True,False
3.600,bird_confirmed,True,PATROL_NAVIGATING mode=AUTO nav_goal=PATROL,AUTO,0.120,-0.002,0.328,0.000,True,True,False
3.600,sound_state,IDLE_NO_REQUEST,PATROL_NAVIGATING mode=AUTO nav_goal=PATROL,AUTO,0.120,-0.002,0.328,0.000,True,True,False
3.600,sound_done,False,PATROL_NAVIGATING mode=AUTO nav_goal=PATROL,AUTO,0.120,-0.002,0.328,0.000,True,True,False
3.600,dynamic_target,count=1 x=0.04 y=-0.05 z=3.39,PATROL_NAVIGATING mode=AUTO nav_goal=PATROL,AUTO,0.120,-0.002,0.336,0.000,True,True,False
3.600,dynamic_lock,True,PATROL_NAVIGATING mode=AUTO nav_goal=PATROL,AUTO,0.120,-0.002,0.336,0.000,True,True,False
3.600,object_goal_state,REJECT source=elevated_dynamic_target mission_type=REJECTED_STATIC depth_low depth=0.29 threshold=0.30,PATROL_NAVIGATING mode=AUTO nav_goal=PATROL,AUTO,0.120,-0.002,0.336,0.000,True,True,False
3.600,dynamic_target,count=1 x=0.04 y=-0.05 z=3.39,PATROL_NAVIGATING mode=AUTO nav_goal=PATROL,AUTO,0.120,-0.002,0.336,0.000,True,True,False
3.600,dynamic_lock,True,PATROL_NAVIGATING mode=AUTO nav_goal=PATROL,AUTO,0.120,-0.002,0.336,0.000,True,True,False
3.600,object_goal_state,REJECT source=elevated_dynamic_target mission_type=REJECTED_STATIC depth_low depth=0.29 threshold=0.30,PATROL_NAVIGATING mode=AUTO nav_goal=PATROL,AUTO,0.120,-0.002,0.336,0.000,True,True,False
3.700,bird_confirmed,True,PATROL_NAVIGATING mode=AUTO nav_goal=PATROL,AUTO,0.120,-0.002,0.348,0.000,True,True,False
3.700,classification,GAZEBO_FAKE_YOLO11S_CLASSIFICATION class=bird,PATROL_NAVIGATING mode=AUTO nav_goal=PATROL,AUTO,0.120,-0.002,0.348,0.000,True,True,False
3.700,dynamic_target,count=1 x=0.05 y=-0.05 z=3.39,PATROL_NAVIGATING mode=AUTO nav_goal=PATROL,AUTO,0.120,-0.002,0.348,0.000,True,True,False
3.700,dynamic_lock,True,PATROL_NAVIGATING mode=AUTO nav_goal=PATROL,AUTO,0.120,-0.002,0.348,0.000,True,True,False
3.700,object_goal_state,REJECT source=elevated_dynamic_target mission_type=REJECTED_TOO_CLOSE target_too_close range=0.30 threshold=0.50,PATROL_NAVIGATING mode=AUTO nav_goal=PATROL,AUTO,0.120,-0.002,0.348,0.000,True,True,False
3.800,classification,GAZEBO_FAKE_YOLO11S_CLASSIFICATION class=bird,PATROL_NAVIGATING mode=AUTO nav_goal=PATROL,AUTO,0.120,-0.002,0.367,0.000,True,True,False
3.800,bird_confirmed,True,PATROL_NAVIGATING mode=AUTO nav_goal=PATROL,AUTO,0.120,-0.002,0.367,0.000,True,True,False
3.800,sound_state,IDLE_NO_REQUEST,PATROL_NAVIGATING mode=AUTO nav_goal=PATROL,AUTO,0.120,-0.002,0.367,0.000,True,True,False
3.800,sound_done,False,PATROL_NAVIGATING mode=AUTO nav_goal=PATROL,AUTO,0.120,-0.002,0.367,0.000,True,True,False
3.800,mission_state,PATROL_NAVIGATING mode=AUTO nav_goal=PATROL,PATROL_NAVIGATING mode=AUTO nav_goal=PATROL,AUTO,0.120,-0.002,0.367,0.000,True,True,False
3.800,object_goal_state,REJECT source=elevated_dynamic_target mission_type=REJECTED_TOO_CLOSE target_too_close range=0.32 threshold=0.50,PATROL_NAVIGATING mode=AUTO nav_goal=PATROL,AUTO,0.120,-0.002,0.367,0.000,True,True,False
3.800,dynamic_target,count=1 x=0.05 y=-0.05 z=3.39,PATROL_NAVIGATING mode=AUTO nav_goal=PATROL,AUTO,0.120,-0.002,0.367,0.000,True,True,False
3.800,dynamic_lock,True,PATROL_NAVIGATING mode=AUTO nav_goal=PATROL,AUTO,0.120,-0.002,0.367,0.000,True,True,False
3.800,dynamic_target,count=1 x=0.05 y=-0.06 z=3.40,PATROL_NAVIGATING mode=AUTO nav_goal=PATROL,AUTO,0.120,-0.002,0.367,0.000,True,True,False
3.800,dynamic_lock,True,PATROL_NAVIGATING mode=AUTO nav_goal=PATROL,AUTO,0.120,-0.002,0.367,0.000,True,True,False
3.800,object_goal_state,REJECT source=elevated_dynamic_target mission_type=REJECTED_TOO_CLOSE target_too_close range=0.32 threshold=0.50,PATROL_NAVIGATING mode=AUTO nav_goal=PATROL,AUTO,0.120,-0.002,0.367,0.000,True,True,False
3.900,dynamic_target,count=1 x=0.06 y=-0.06 z=3.40,PATROL_NAVIGATING mode=AUTO nav_goal=PATROL,AUTO,0.120,-0.002,0.386,0.000,True,True,False
3.900,dynamic_lock,True,PATROL_NAVIGATING mode=AUTO nav_goal=PATROL,AUTO,0.120,-0.002,0.386,0.000,True,True,False
3.900,classification,GAZEBO_FAKE_YOLO11S_CLASSIFICATION class=bird,PATROL_NAVIGATING mode=AUTO nav_goal=PATROL,AUTO,0.120,-0.002,0.386,0.000,True,True,False
3.900,bird_confirmed,True,PATROL_NAVIGATING mode=AUTO nav_goal=PATROL,AUTO,0.120,-0.002,0.386,0.000,True,True,False
3.900,object_goal_state,REJECT source=elevated_dynamic_target mission_type=REJECTED_TOO_CLOSE target_too_close range=0.33 threshold=0.50,PATROL_NAVIGATING mode=AUTO nav_goal=PATROL,AUTO,0.120,-0.002,0.386,0.000,True,True,False
4.000,sound_state,IDLE_NO_REQUEST,PATROL_NAVIGATING mode=AUTO nav_goal=PATROL,AUTO,0.120,-0.002,0.405,0.000,True,True,False
4.000,sound_done,False,PATROL_NAVIGATING mode=AUTO nav_goal=PATROL,AUTO,0.120,-0.002,0.405,0.000,True,True,False
4.000,classification,GAZEBO_FAKE_YOLO11S_CLASSIFICATION class=bird,PATROL_NAVIGATING mode=AUTO nav_goal=PATROL,AUTO,0.120,-0.002,0.405,0.000,True,True,False
4.000,bird_confirmed,True,PATROL_NAVIGATING mode=AUTO nav_goal=PATROL,AUTO,0.120,-0.002,0.405,0.000,True,True,False
4.000,mission_state,PATROL_NAVIGATING mode=AUTO nav_goal=PATROL,PATROL_NAVIGATING mode=AUTO nav_goal=PATROL,AUTO,0.120,-0.002,0.405,0.000,True,True,False
4.100,classification,GAZEBO_FAKE_YOLO11S_CLASSIFICATION class=bird,PATROL_NAVIGATING mode=AUTO nav_goal=PATROL,AUTO,0.120,-0.002,0.424,0.001,True,True,False
4.100,bird_confirmed,True,PATROL_NAVIGATING mode=AUTO nav_goal=PATROL,AUTO,0.120,-0.002,0.424,0.001,True,True,False
4.100,dynamic_target,count=1 x=0.06 y=-0.07 z=3.40,PATROL_NAVIGATING mode=AUTO nav_goal=PATROL,AUTO,0.120,-0.002,0.426,0.001,True,True,False
4.100,dynamic_lock,True,PATROL_NAVIGATING mode=AUTO nav_goal=PATROL,AUTO,0.120,-0.002,0.426,0.001,True,True,False
4.100,object_goal_state,REJECT source=elevated_dynamic_target mission_type=REJECTED_TOO_CLOSE target_too_close range=0.37 threshold=0.50,PATROL_NAVIGATING mode=AUTO nav_goal=PATROL,AUTO,0.120,-0.002,0.426,0.001,True,True,False
4.100,dynamic_target,count=1 x=0.06 y=-0.07 z=3.40,PATROL_NAVIGATING mode=AUTO nav_goal=PATROL,AUTO,0.120,-0.002,0.426,0.001,True,True,False
4.100,dynamic_lock,True,PATROL_NAVIGATING mode=AUTO nav_goal=PATROL,AUTO,0.120,-0.002,0.426,0.001,True,True,False
4.100,object_goal_state,REJECT source=elevated_dynamic_target mission_type=REJECTED_TOO_CLOSE target_too_close range=0.37 threshold=0.50,PATROL_NAVIGATING mode=AUTO nav_goal=PATROL,AUTO,0.120,-0.002,0.426,0.001,True,True,False
4.100,dynamic_target,count=1 x=0.07 y=-0.07 z=3.40,PATROL_NAVIGATING mode=AUTO nav_goal=PATROL,AUTO,0.120,-0.002,0.426,0.001,True,True,False
4.100,dynamic_lock,True,PATROL_NAVIGATING mode=AUTO nav_goal=PATROL,AUTO,0.120,-0.002,0.426,0.001,True,True,False
4.100,object_goal_state,REJECT source=elevated_dynamic_target mission_type=REJECTED_TOO_CLOSE target_too_close range=0.36 threshold=0.50,PATROL_NAVIGATING mode=AUTO nav_goal=PATROL,AUTO,0.120,-0.002,0.426,0.001,True,True,False
4.200,classification,GAZEBO_FAKE_YOLO11S_CLASSIFICATION class=bird,PATROL_NAVIGATING mode=AUTO nav_goal=PATROL,AUTO,0.120,-0.002,0.443,0.001,True,True,False
4.200,bird_confirmed,True,PATROL_NAVIGATING mode=AUTO nav_goal=PATROL,AUTO,0.120,-0.002,0.443,0.001,True,True,False
4.200,sound_state,IDLE_NO_REQUEST,PATROL_NAVIGATING mode=AUTO nav_goal=PATROL,AUTO,0.120,-0.002,0.443,0.001,True,True,False
4.200,sound_done,False,PATROL_NAVIGATING mode=AUTO nav_goal=PATROL,AUTO,0.120,-0.002,0.443,0.001,True,True,False
4.200,mission_state,PATROL_NAVIGATING mode=AUTO nav_goal=PATROL,PATROL_NAVIGATING mode=AUTO nav_goal=PATROL,AUTO,0.120,-0.002,0.443,0.001,True,True,False
4.200,dynamic_target,count=1 x=0.07 y=-0.08 z=3.40,PATROL_NAVIGATING mode=AUTO nav_goal=PATROL,AUTO,0.120,-0.002,0.457,0.001,True,True,False
4.200,dynamic_lock,True,PATROL_NAVIGATING mode=AUTO nav_goal=PATROL,AUTO,0.120,-0.002,0.457,0.001,True,True,False
4.200,object_goal_state,REJECT source=elevated_dynamic_target mission_type=REJECTED_TOO_CLOSE target_too_close range=0.39 threshold=0.50,PATROL_NAVIGATING mode=AUTO nav_goal=PATROL,AUTO,0.120,-0.002,0.457,0.001,True,True,False
4.200,dynamic_target,count=1 x=0.07 y=-0.08 z=3.40,PATROL_NAVIGATING mode=AUTO nav_goal=PATROL,AUTO,0.120,-0.002,0.457,0.001,True,True,False
4.200,dynamic_lock,True,PATROL_NAVIGATING mode=AUTO nav_goal=PATROL,AUTO,0.120,-0.002,0.457,0.001,True,True,False
4.200,object_goal_state,REJECT source=elevated_dynamic_target mission_type=REJECTED_TOO_CLOSE target_too_close range=0.39 threshold=0.50,PATROL_NAVIGATING mode=AUTO nav_goal=PATROL,AUTO,0.120,-0.002,0.457,0.001,True,True,False
4.300,classification,GAZEBO_FAKE_YOLO11S_CLASSIFICATION class=bird,PATROL_NAVIGATING mode=AUTO nav_goal=PATROL,AUTO,0.120,-0.002,0.463,0.001,True,True,False
4.300,bird_confirmed,True,PATROL_NAVIGATING mode=AUTO nav_goal=PATROL,AUTO,0.120,-0.002,0.463,0.001,True,True,False
4.300,dynamic_target,count=1 x=0.08 y=-0.08 z=3.40,PATROL_NAVIGATING mode=AUTO nav_goal=PATROL,AUTO,0.120,-0.002,0.463,0.001,True,True,False
4.300,dynamic_lock,True,PATROL_NAVIGATING mode=AUTO nav_goal=PATROL,AUTO,0.120,-0.002,0.463,0.001,True,True,False
4.300,object_goal_state,REJECT source=elevated_dynamic_target mission_type=REJECTED_TOO_CLOSE target_too_close range=0.39 threshold=0.50,PATROL_NAVIGATING mode=AUTO nav_goal=PATROL,AUTO,0.120,-0.002,0.463,0.001,True,True,False
4.400,sound_state,IDLE_NO_REQUEST,PATROL_NAVIGATING mode=AUTO nav_goal=PATROL,AUTO,0.120,-0.002,0.482,0.001,True,True,False
4.400,sound_done,False,PATROL_NAVIGATING mode=AUTO nav_goal=PATROL,AUTO,0.120,-0.002,0.482,0.001,True,True,False
4.400,classification,GAZEBO_FAKE_YOLO11S_CLASSIFICATION class=bird,PATROL_NAVIGATING mode=AUTO nav_goal=PATROL,AUTO,0.120,-0.002,0.482,0.001,True,True,False
4.400,bird_confirmed,True,PATROL_NAVIGATING mode=AUTO nav_goal=PATROL,AUTO,0.120,-0.002,0.482,0.001,True,True,False
4.400,mission_state,PATROL_NAVIGATING mode=AUTO nav_goal=PATROL,PATROL_NAVIGATING mode=AUTO nav_goal=PATROL,AUTO,0.120,-0.002,0.482,0.001,True,True,False
4.400,dynamic_target,count=1 x=0.08 y=-0.09 z=3.40,PATROL_NAVIGATING mode=AUTO nav_goal=PATROL,AUTO,0.120,-0.002,0.486,0.001,True,True,False
4.400,dynamic_lock,True,PATROL_NAVIGATING mode=AUTO nav_goal=PATROL,AUTO,0.120,-0.002,0.486,0.001,True,True,False
4.400,object_goal_state,REJECT source=elevated_dynamic_target mission_type=REJECTED_TOO_CLOSE target_too_close range=0.41 threshold=0.50,PATROL_NAVIGATING mode=AUTO nav_goal=PATROL,AUTO,0.120,-0.002,0.486,0.001,True,True,False
4.400,dynamic_target,count=1 x=0.08 y=-0.09 z=3.40,PATROL_NAVIGATING mode=AUTO nav_goal=PATROL,AUTO,0.120,-0.002,0.486,0.001,True,True,False
4.400,dynamic_lock,True,PATROL_NAVIGATING mode=AUTO nav_goal=PATROL,AUTO,0.120,-0.002,0.486,0.001,True,True,False
4.400,object_goal_state,REJECT source=elevated_dynamic_target mission_type=REJECTED_TOO_CLOSE target_too_close range=0.41 threshold=0.50,PATROL_NAVIGATING mode=AUTO nav_goal=PATROL,AUTO,0.120,-0.002,0.486,0.001,True,True,False
4.500,classification,GAZEBO_FAKE_YOLO11S_CLASSIFICATION class=bird,PATROL_NAVIGATING mode=AUTO nav_goal=PATROL,AUTO,0.120,-0.002,0.501,0.001,True,True,False
4.500,bird_confirmed,True,PATROL_NAVIGATING mode=AUTO nav_goal=PATROL,AUTO,0.120,-0.002,0.501,0.001,True,True,False
4.500,dynamic_target,count=1 x=0.09 y=-0.09 z=3.40,PATROL_NAVIGATING mode=AUTO nav_goal=PATROL,AUTO,0.120,-0.002,0.501,0.001,True,True,False
4.500,dynamic_lock,True,PATROL_NAVIGATING mode=AUTO nav_goal=PATROL,AUTO,0.120,-0.002,0.501,0.001,True,True,False
4.500,object_goal_state,REJECT source=elevated_dynamic_target mission_type=REJECTED_TOO_CLOSE target_too_close range=0.42 threshold=0.50,PATROL_NAVIGATING mode=AUTO nav_goal=PATROL,AUTO,0.120,-0.002,0.501,0.001,True,True,False
4.600,dynamic_target,count=1 x=0.09 y=-0.09 z=3.40,PATROL_NAVIGATING mode=AUTO nav_goal=PATROL,AUTO,0.120,-0.002,0.520,0.001,True,True,False
4.600,dynamic_lock,True,PATROL_NAVIGATING mode=AUTO nav_goal=PATROL,AUTO,0.120,-0.002,0.520,0.001,True,True,False
4.600,sound_state,IDLE_NO_REQUEST,PATROL_NAVIGATING mode=AUTO nav_goal=PATROL,AUTO,0.120,-0.002,0.520,0.001,True,True,False
4.600,sound_done,False,PATROL_NAVIGATING mode=AUTO nav_goal=PATROL,AUTO,0.120,-0.002,0.520,0.001,True,True,False
4.600,classification,GAZEBO_FAKE_YOLO11S_CLASSIFICATION class=bird,PATROL_NAVIGATING mode=AUTO nav_goal=PATROL,AUTO,0.120,-0.002,0.520,0.001,True,True,False
4.600,bird_confirmed,True,PATROL_NAVIGATING mode=AUTO nav_goal=PATROL,AUTO,0.120,-0.002,0.520,0.001,True,True,False
4.600,mission_state,PATROL_NAVIGATING mode=AUTO nav_goal=PATROL,PATROL_NAVIGATING mode=AUTO nav_goal=PATROL,AUTO,0.120,-0.002,0.520,0.001,True,True,False
4.600,object_goal_state,REJECT source=elevated_dynamic_target mission_type=REJECTED_TOO_CLOSE target_too_close range=0.44 threshold=0.50,PATROL_NAVIGATING mode=AUTO nav_goal=PATROL,AUTO,0.120,-0.002,0.520,0.001,True,True,False
4.600,dynamic_target,count=1 x=0.10 y=-0.10 z=3.40,PATROL_NAVIGATING mode=AUTO nav_goal=PATROL,AUTO,0.120,-0.002,0.520,0.001,True,True,False
4.600,object_goal_state,REJECT source=elevated_dynamic_target mission_type=REJECTED_TOO_CLOSE target_too_close range=0.44 threshold=0.50,PATROL_NAVIGATING mode=AUTO nav_goal=PATROL,AUTO,0.120,-0.002,0.520,0.001,True,True,False
4.600,dynamic_lock,True,PATROL_NAVIGATING mode=AUTO nav_goal=PATROL,AUTO,0.120,-0.002,0.520,0.001,True,True,False
4.700,bird_confirmed,True,PATROL_NAVIGATING mode=AUTO nav_goal=PATROL,AUTO,0.120,-0.002,0.539,0.001,True,True,False
4.700,classification,GAZEBO_FAKE_YOLO11S_CLASSIFICATION class=bird,PATROL_NAVIGATING mode=AUTO nav_goal=PATROL,AUTO,0.120,-0.002,0.539,0.001,True,True,False
4.700,dynamic_target,count=1 x=0.10 y=-0.10 z=3.40,PATROL_NAVIGATING mode=AUTO nav_goal=PATROL,AUTO,0.120,-0.003,0.539,0.001,True,True,False
4.700,dynamic_lock,True,PATROL_NAVIGATING mode=AUTO nav_goal=PATROL,AUTO,0.120,-0.003,0.539,0.001,True,True,False
4.700,object_goal_state,REJECT source=elevated_dynamic_target mission_type=REJECTED_TOO_CLOSE target_too_close range=0.45 threshold=0.50,PATROL_NAVIGATING mode=AUTO nav_goal=PATROL,AUTO,0.120,-0.003,0.541,0.001,True,True,False
4.800,sound_state,IDLE_NO_REQUEST,PATROL_NAVIGATING mode=AUTO nav_goal=PATROL,AUTO,0.120,-0.003,0.558,0.001,True,True,False
4.800,sound_done,False,PATROL_NAVIGATING mode=AUTO nav_goal=PATROL,AUTO,0.120,-0.003,0.558,0.001,True,True,False
4.800,mission_state,PATROL_NAVIGATING mode=AUTO nav_goal=PATROL,PATROL_NAVIGATING mode=AUTO nav_goal=PATROL,AUTO,0.120,-0.003,0.558,0.001,True,True,False
4.800,classification,GAZEBO_FAKE_YOLO11S_CLASSIFICATION class=bird,PATROL_NAVIGATING mode=AUTO nav_goal=PATROL,AUTO,0.120,-0.003,0.558,0.001,True,True,False
4.800,bird_confirmed,True,PATROL_NAVIGATING mode=AUTO nav_goal=PATROL,AUTO,0.120,-0.003,0.558,0.001,True,True,False
4.800,dynamic_target,count=1 x=0.11 y=-0.11 z=3.40,PATROL_NAVIGATING mode=AUTO nav_goal=PATROL,AUTO,0.120,-0.003,0.568,0.001,True,True,False
4.800,dynamic_lock,True,PATROL_NAVIGATING mode=AUTO nav_goal=PATROL,AUTO,0.120,-0.003,0.568,0.001,True,True,False
4.800,object_goal_state,REJECT source=elevated_dynamic_target mission_type=REJECTED_TOO_CLOSE target_too_close range=0.47 threshold=0.50,PATROL_NAVIGATING mode=AUTO nav_goal=PATROL,AUTO,0.120,-0.003,0.568,0.001,True,True,False
4.800,dynamic_target,count=1 x=0.11 y=-0.11 z=3.40,PATROL_NAVIGATING mode=AUTO nav_goal=PATROL,AUTO,0.120,-0.003,0.568,0.001,True,True,False
4.800,dynamic_lock,True,PATROL_NAVIGATING mode=AUTO nav_goal=PATROL,AUTO,0.120,-0.003,0.568,0.001,True,True,False
4.800,object_goal_state,REJECT source=elevated_dynamic_target mission_type=REJECTED_TOO_CLOSE target_too_close range=0.47 threshold=0.50,PATROL_NAVIGATING mode=AUTO nav_goal=PATROL,AUTO,0.120,-0.003,0.568,0.001,True,True,False
4.900,classification,GAZEBO_FAKE_YOLO11S_CLASSIFICATION class=bird,PATROL_NAVIGATING mode=AUTO nav_goal=PATROL,AUTO,0.120,-0.003,0.578,0.001,True,True,False
4.900,bird_confirmed,True,PATROL_NAVIGATING mode=AUTO nav_goal=PATROL,AUTO,0.120,-0.003,0.578,0.001,True,True,False
4.900,dynamic_target,count=1 x=0.11 y=-0.12 z=3.40,PATROL_NAVIGATING mode=AUTO nav_goal=PATROL,AUTO,0.120,-0.003,0.578,0.001,True,True,False
4.900,object_goal_state,REJECT source=elevated_dynamic_target mission_type=REJECTED_TOO_CLOSE target_too_close range=0.48 threshold=0.50,PATROL_NAVIGATING mode=AUTO nav_goal=PATROL,AUTO,0.120,-0.003,0.578,0.001,True,True,False
4.900,dynamic_lock,True,PATROL_NAVIGATING mode=AUTO nav_goal=PATROL,AUTO,0.120,-0.003,0.578,0.001,True,True,False
5.000,sound_state,IDLE_NO_REQUEST,PATROL_NAVIGATING mode=AUTO nav_goal=PATROL,AUTO,0.120,-0.003,0.597,0.001,True,True,False
5.000,sound_done,False,PATROL_NAVIGATING mode=AUTO nav_goal=PATROL,AUTO,0.120,-0.003,0.597,0.001,True,True,False
5.000,mission_state,PATROL_NAVIGATING mode=AUTO nav_goal=PATROL,PATROL_NAVIGATING mode=AUTO nav_goal=PATROL,AUTO,0.120,-0.003,0.597,0.001,True,True,False
5.000,bird_confirmed,True,PATROL_NAVIGATING mode=AUTO nav_goal=PATROL,AUTO,0.120,-0.003,0.597,0.001,True,True,False
5.000,classification,GAZEBO_FAKE_YOLO11S_CLASSIFICATION class=bird,PATROL_NAVIGATING mode=AUTO nav_goal=PATROL,AUTO,0.120,-0.003,0.597,0.001,True,True,False
5.000,dynamic_target,count=1 x=0.12 y=-0.12 z=3.40,PATROL_NAVIGATING mode=AUTO nav_goal=PATROL,AUTO,0.120,-0.003,0.597,0.001,True,True,False
5.000,dynamic_lock,True,PATROL_NAVIGATING mode=AUTO nav_goal=PATROL,AUTO,0.120,-0.003,0.597,0.001,True,True,False
5.000,object_goal_state,REJECT source=elevated_dynamic_target mission_type=REJECTED_TOO_CLOSE target_too_close range=0.49 threshold=0.50,PATROL_NAVIGATING mode=AUTO nav_goal=PATROL,AUTO,0.120,-0.003,0.597,0.001,True,True,False
5.000,dynamic_target,count=1 x=0.12 y=-0.12 z=3.40,PATROL_NAVIGATING mode=AUTO nav_goal=PATROL,AUTO,0.120,-0.003,0.597,0.001,True,True,False
5.000,dynamic_lock,True,PATROL_NAVIGATING mode=AUTO nav_goal=PATROL,AUTO,0.120,-0.003,0.597,0.001,True,True,False
5.000,object_goal_state,REJECT source=elevated_dynamic_target mission_type=REJECTED_TOO_CLOSE target_too_close range=0.49 threshold=0.50,PATROL_NAVIGATING mode=AUTO nav_goal=PATROL,AUTO,0.120,-0.003,0.597,0.001,True,True,False
5.000,dynamic_target,count=1 x=0.12 y=-0.13 z=3.40,PATROL_NAVIGATING mode=AUTO nav_goal=PATROL,AUTO,0.120,-0.003,0.616,0.001,True,True,False
5.000,dynamic_lock,True,PATROL_NAVIGATING mode=AUTO nav_goal=PATROL,AUTO,0.120,-0.003,0.616,0.001,True,True,False
5.000,inspection_goal,x=0.62 y=0.00,PATROL_NAVIGATING mode=AUTO nav_goal=PATROL,AUTO,0.120,-0.003,0.616,0.001,True,True,False
5.000,object_goal_state,ACCEPT_INSPECTION_GOAL source=elevated_dynamic_target height=3.40 range=0.51 dynamic=True z_valid=True bird_confirmed=True target_class=bird offset_m=2.00 frame=odom goal_x=0.616 goal_y=0.001,PATROL_NAVIGATING mode=AUTO nav_goal=PATROL,AUTO,0.120,-0.003,0.616,0.001,True,True,False
5.200,classification,GAZEBO_FAKE_YOLO11S_CLASSIFICATION class=bird,PATROL_NAVIGATING mode=AUTO nav_goal=PATROL,AUTO,0.120,-0.003,0.635,0.001,True,True,False
5.200,bird_confirmed,True,PATROL_NAVIGATING mode=AUTO nav_goal=PATROL,AUTO,0.120,-0.003,0.635,0.001,True,True,False
5.200,sound_state,IDLE_NO_REQUEST,PATROL_NAVIGATING mode=AUTO nav_goal=PATROL,AUTO,0.120,-0.003,0.635,0.001,True,True,False
5.200,sound_done,False,PATROL_NAVIGATING mode=AUTO nav_goal=PATROL,AUTO,0.120,-0.003,0.635,0.001,True,True,False
5.200,classification,GAZEBO_FAKE_YOLO11S_CLASSIFICATION class=bird,PATROL_NAVIGATING mode=AUTO nav_goal=PATROL,AUTO,0.120,-0.003,0.635,0.001,True,True,False
5.200,bird_confirmed,True,PATROL_NAVIGATING mode=AUTO nav_goal=PATROL,AUTO,0.120,-0.003,0.635,0.001,True,True,False
5.200,mission_state,PATROL_NAVIGATING mode=AUTO nav_goal=PATROL,PATROL_NAVIGATING mode=AUTO nav_goal=PATROL,AUTO,0.120,-0.003,0.635,0.001,True,True,False
5.200,mission_event,timestamp=5.200 mission_id=0 target_mission_id=1 state=PATROL_NAVIGATING event_type=INTERRUPT_PATROL_FOR_LIDAR_TARGET reason=target_id=1 waypoint_index=0 waypoint_index=0,PATROL_NAVIGATING mode=AUTO nav_goal=PATROL,AUTO,0.120,-0.003,0.635,0.001,True,True,False
5.200,mission_event,timestamp=5.200 mission_id=0 target_mission_id=1 state=INSPECTION_GOAL_GENERATED event_type=STATE_CHANGE reason=previous=PATROL_NAVIGATING next=INSPECTION_GOAL_GENERATED reason=lidar_first_inspection_goal waypoint_index=0,PATROL_NAVIGATING mode=AUTO nav_goal=PATROL,AUTO,0.120,-0.003,0.635,0.001,True,True,False
5.200,mission_event,timestamp=5.200 mission_id=0 target_mission_id=1 state=APPROACH_TARGET_OFFSET event_type=STATE_CHANGE reason=previous=INSPECTION_GOAL_GENERATED next=APPROACH_TARGET_OFFSET reason=goal_type=TARGET_INSPECTION waypoint_index=0,PATROL_NAVIGATING mode=AUTO nav_goal=PATROL,AUTO,0.120,-0.003,0.637,0.001,True,True,False
5.200,mission_event,timestamp=5.200 mission_id=0 target_mission_id=1 state=APPROACH_TARGET_OFFSET event_type=NAV2_DISABLED_SIMULATED_GOAL reason=TARGET_INSPECTION waypoint_index=0,PATROL_NAVIGATING mode=AUTO nav_goal=PATROL,AUTO,0.120,-0.003,0.637,0.001,True,True,False
5.200,dynamic_target,count=1 x=0.13 y=-0.13 z=3.40,PATROL_NAVIGATING mode=AUTO nav_goal=PATROL,AUTO,0.120,-0.003,0.650,0.001,True,True,False
5.200,dynamic_lock,True,PATROL_NAVIGATING mode=AUTO nav_goal=PATROL,AUTO,0.120,-0.003,0.650,0.001,True,True,False
5.200,object_goal_state,REJECT cooldown source=elevated_dynamic_target remaining_sec=7.90,PATROL_NAVIGATING mode=AUTO nav_goal=PATROL,AUTO,0.120,-0.003,0.650,0.001,True,True,False
5.200,dynamic_target,count=1 x=0.13 y=-0.13 z=3.40,PATROL_NAVIGATING mode=AUTO nav_goal=PATROL,AUTO,0.120,-0.003,0.650,0.001,True,True,False
5.200,dynamic_lock,True,PATROL_NAVIGATING mode=AUTO nav_goal=PATROL,AUTO,0.120,-0.003,0.650,0.001,True,True,False
5.200,object_goal_state,REJECT cooldown source=elevated_dynamic_target remaining_sec=7.90,PATROL_NAVIGATING mode=AUTO nav_goal=PATROL,AUTO,0.120,-0.003,0.650,0.001,True,True,False
5.300,classification,GAZEBO_FAKE_YOLO11S_CLASSIFICATION class=bird,PATROL_NAVIGATING mode=AUTO nav_goal=PATROL,AUTO,0.120,-0.003,0.654,0.001,True,True,False
5.300,bird_confirmed,True,PATROL_NAVIGATING mode=AUTO nav_goal=PATROL,AUTO,0.120,-0.003,0.654,0.001,True,True,False
5.300,dynamic_target,count=1 x=0.13 y=-0.14 z=3.40,PATROL_NAVIGATING mode=AUTO nav_goal=PATROL,AUTO,0.120,-0.003,0.654,0.001,True,True,False
5.300,dynamic_lock,True,PATROL_NAVIGATING mode=AUTO nav_goal=PATROL,AUTO,0.120,-0.003,0.654,0.001,True,True,False
5.300,object_goal_state,REJECT cooldown source=elevated_dynamic_target remaining_sec=7.80,PATROL_NAVIGATING mode=AUTO nav_goal=PATROL,AUTO,0.120,-0.004,0.654,0.001,True,True,False
5.400,mission_state,APPROACH_TARGET_OFFSET mode=AUTO nav_goal=TARGET_INSPECTION,APPROACH_TARGET_OFFSET mode=AUTO nav_goal=TARGET_INSPECTION,AUTO,0.120,-0.004,0.674,0.001,True,True,False
5.400,classification,GAZEBO_FAKE_YOLO11S_CLASSIFICATION class=bird,APPROACH_TARGET_OFFSET mode=AUTO nav_goal=TARGET_INSPECTION,AUTO,0.120,-0.004,0.674,0.001,True,True,False
5.400,bird_confirmed,True,APPROACH_TARGET_OFFSET mode=AUTO nav_goal=TARGET_INSPECTION,AUTO,0.120,-0.004,0.674,0.001,True,True,False
5.400,sound_state,IDLE_NO_REQUEST,APPROACH_TARGET_OFFSET mode=AUTO nav_goal=TARGET_INSPECTION,AUTO,0.120,-0.004,0.674,0.001,True,True,False
5.400,sound_done,False,APPROACH_TARGET_OFFSET mode=AUTO nav_goal=TARGET_INSPECTION,AUTO,0.120,-0.004,0.674,0.001,True,True,False
5.400,dynamic_target,count=1 x=0.14 y=-0.15 z=3.40,APPROACH_TARGET_OFFSET mode=AUTO nav_goal=TARGET_INSPECTION,AUTO,0.120,-0.004,0.675,0.001,True,True,False
5.400,dynamic_lock,True,APPROACH_TARGET_OFFSET mode=AUTO nav_goal=TARGET_INSPECTION,AUTO,0.120,-0.004,0.675,0.001,True,True,False
5.400,object_goal_state,REJECT cooldown source=elevated_dynamic_target remaining_sec=7.70,APPROACH_TARGET_OFFSET mode=AUTO nav_goal=TARGET_INSPECTION,AUTO,0.120,-0.004,0.675,0.001,True,True,False
5.400,dynamic_target,count=1 x=0.14 y=-0.15 z=3.40,APPROACH_TARGET_OFFSET mode=AUTO nav_goal=TARGET_INSPECTION,AUTO,0.120,-0.004,0.675,0.001,True,True,False
5.400,dynamic_lock,True,APPROACH_TARGET_OFFSET mode=AUTO nav_goal=TARGET_INSPECTION,AUTO,0.120,-0.004,0.675,0.001,True,True,False
5.400,object_goal_state,REJECT cooldown source=elevated_dynamic_target remaining_sec=7.70,APPROACH_TARGET_OFFSET mode=AUTO nav_goal=TARGET_INSPECTION,AUTO,0.120,-0.004,0.675,0.001,True,True,False
5.500,classification,GAZEBO_FAKE_YOLO11S_CLASSIFICATION class=bird,APPROACH_TARGET_OFFSET mode=AUTO nav_goal=TARGET_INSPECTION,AUTO,0.120,-0.004,0.693,0.001,True,True,False
5.500,bird_confirmed,True,APPROACH_TARGET_OFFSET mode=AUTO nav_goal=TARGET_INSPECTION,AUTO,0.120,-0.004,0.693,0.001,True,True,False
5.500,dynamic_target,count=1 x=0.15 y=-0.15 z=3.40,APPROACH_TARGET_OFFSET mode=AUTO nav_goal=TARGET_INSPECTION,AUTO,0.000,-0.244,0.701,0.001,True,True,False
5.500,dynamic_lock,True,APPROACH_TARGET_OFFSET mode=AUTO nav_goal=TARGET_INSPECTION,AUTO,0.000,-0.244,0.701,0.001,True,True,False
5.500,object_goal_state,REJECT cooldown source=elevated_dynamic_target remaining_sec=7.60,APPROACH_TARGET_OFFSET mode=AUTO nav_goal=TARGET_INSPECTION,AUTO,0.000,-0.244,0.701,0.001,True,True,False
5.600,dynamic_target,count=1 x=0.15 y=-0.15 z=3.40,APPROACH_TARGET_OFFSET mode=AUTO nav_goal=TARGET_INSPECTION,AUTO,0.000,-0.244,0.705,0.001,True,True,False
5.600,dynamic_lock,True,APPROACH_TARGET_OFFSET mode=AUTO nav_goal=TARGET_INSPECTION,AUTO,0.000,-0.244,0.705,0.001,True,True,False
5.600,classification,GAZEBO_FAKE_YOLO11S_CLASSIFICATION class=bird,APPROACH_TARGET_OFFSET mode=AUTO nav_goal=TARGET_INSPECTION,AUTO,0.000,-0.244,0.705,0.001,True,True,False
5.600,bird_confirmed,True,APPROACH_TARGET_OFFSET mode=AUTO nav_goal=TARGET_INSPECTION,AUTO,0.000,-0.244,0.705,0.001,True,True,False
5.600,sound_state,IDLE_NO_REQUEST,APPROACH_TARGET_OFFSET mode=AUTO nav_goal=TARGET_INSPECTION,AUTO,0.000,-0.244,0.705,0.001,True,True,False
5.600,sound_done,False,APPROACH_TARGET_OFFSET mode=AUTO nav_goal=TARGET_INSPECTION,AUTO,0.000,-0.244,0.705,0.001,True,True,False
5.600,mission_state,APPROACH_TARGET_OFFSET mode=AUTO nav_goal=TARGET_INSPECTION,APPROACH_TARGET_OFFSET mode=AUTO nav_goal=TARGET_INSPECTION,AUTO,0.000,-0.244,0.705,0.001,True,True,False
5.600,object_goal_state,REJECT cooldown source=elevated_dynamic_target remaining_sec=7.50,APPROACH_TARGET_OFFSET mode=AUTO nav_goal=TARGET_INSPECTION,AUTO,0.000,-0.244,0.705,0.001,True,True,False
5.600,dynamic_target,count=1 x=0.15 y=-0.16 z=3.40,APPROACH_TARGET_OFFSET mode=AUTO nav_goal=TARGET_INSPECTION,AUTO,0.000,-0.350,0.705,0.001,True,True,False
5.600,dynamic_lock,True,APPROACH_TARGET_OFFSET mode=AUTO nav_goal=TARGET_INSPECTION,AUTO,0.000,-0.350,0.705,0.001,True,True,False
5.600,object_goal_state,REJECT cooldown source=elevated_dynamic_target remaining_sec=7.50,APPROACH_TARGET_OFFSET mode=AUTO nav_goal=TARGET_INSPECTION,AUTO,0.000,-0.350,0.705,0.001,True,True,False
5.700,classification,GAZEBO_FAKE_YOLO11S_CLASSIFICATION class=bird,APPROACH_TARGET_OFFSET mode=AUTO nav_goal=TARGET_INSPECTION,AUTO,0.000,-0.350,0.707,0.001,True,True,False
5.700,bird_confirmed,True,APPROACH_TARGET_OFFSET mode=AUTO nav_goal=TARGET_INSPECTION,AUTO,0.000,-0.350,0.707,0.001,True,True,False
5.700,dynamic_target,count=1 x=0.16 y=-0.16 z=3.40,APPROACH_TARGET_OFFSET mode=AUTO nav_goal=TARGET_INSPECTION,AUTO,0.000,-0.350,0.707,0.001,True,True,False
5.700,dynamic_lock,True,APPROACH_TARGET_OFFSET mode=AUTO nav_goal=TARGET_INSPECTION,AUTO,0.000,-0.350,0.707,0.001,True,True,False
5.700,object_goal_state,REJECT cooldown source=elevated_dynamic_target remaining_sec=7.40,APPROACH_TARGET_OFFSET mode=AUTO nav_goal=TARGET_INSPECTION,AUTO,0.000,-0.350,0.707,0.001,True,True,False
5.800,classification,GAZEBO_FAKE_YOLO11S_CLASSIFICATION class=bird,APPROACH_TARGET_OFFSET mode=AUTO nav_goal=TARGET_INSPECTION,AUTO,0.000,-0.350,0.707,0.001,True,True,False
5.800,bird_confirmed,True,APPROACH_TARGET_OFFSET mode=AUTO nav_goal=TARGET_INSPECTION,AUTO,0.000,-0.350,0.707,0.001,True,True,False
5.800,sound_state,IDLE_NO_REQUEST,APPROACH_TARGET_OFFSET mode=AUTO nav_goal=TARGET_INSPECTION,AUTO,0.000,-0.350,0.707,0.001,True,True,False
5.800,sound_done,False,APPROACH_TARGET_OFFSET mode=AUTO nav_goal=TARGET_INSPECTION,AUTO,0.000,-0.350,0.707,0.001,True,True,False
5.800,mission_state,APPROACH_TARGET_OFFSET mode=AUTO nav_goal=TARGET_INSPECTION,APPROACH_TARGET_OFFSET mode=AUTO nav_goal=TARGET_INSPECTION,AUTO,0.000,-0.350,0.707,0.001,True,True,False
5.800,dynamic_target,count=1 x=0.16 y=-0.17 z=3.40,APPROACH_TARGET_OFFSET mode=AUTO nav_goal=TARGET_INSPECTION,AUTO,0.000,-0.350,0.706,0.001,True,True,False
5.800,dynamic_lock,True,APPROACH_TARGET_OFFSET mode=AUTO nav_goal=TARGET_INSPECTION,AUTO,0.000,-0.350,0.706,0.001,True,True,False
5.800,object_goal_state,REJECT cooldown source=elevated_dynamic_target remaining_sec=7.30,APPROACH_TARGET_OFFSET mode=AUTO nav_goal=TARGET_INSPECTION,AUTO,0.000,-0.350,0.706,0.001,True,True,False
5.800,object_goal_state,REJECT cooldown source=elevated_dynamic_target remaining_sec=7.30,APPROACH_TARGET_OFFSET mode=AUTO nav_goal=TARGET_INSPECTION,AUTO,0.000,-0.350,0.706,0.001,True,True,False
5.800,dynamic_target,count=1 x=0.16 y=-0.17 z=3.40,APPROACH_TARGET_OFFSET mode=AUTO nav_goal=TARGET_INSPECTION,AUTO,0.000,-0.350,0.706,0.001,True,True,False
5.800,dynamic_lock,True,APPROACH_TARGET_OFFSET mode=AUTO nav_goal=TARGET_INSPECTION,AUTO,0.000,-0.350,0.706,0.001,True,True,False
5.900,classification,GAZEBO_FAKE_YOLO11S_CLASSIFICATION class=bird,APPROACH_TARGET_OFFSET mode=AUTO nav_goal=TARGET_INSPECTION,AUTO,0.000,-0.350,0.707,0.001,True,True,False
5.900,bird_confirmed,True,APPROACH_TARGET_OFFSET mode=AUTO nav_goal=TARGET_INSPECTION,AUTO,0.000,-0.350,0.707,0.001,True,True,False
5.900,dynamic_target,count=1 x=0.17 y=-0.18 z=3.40,APPROACH_TARGET_OFFSET mode=AUTO nav_goal=TARGET_INSPECTION,AUTO,0.000,-0.350,0.707,0.001,True,True,False
5.900,object_goal_state,REJECT cooldown source=elevated_dynamic_target remaining_sec=7.20,APPROACH_TARGET_OFFSET mode=AUTO nav_goal=TARGET_INSPECTION,AUTO,0.000,-0.350,0.707,0.001,True,True,False
5.900,dynamic_lock,True,APPROACH_TARGET_OFFSET mode=AUTO nav_goal=TARGET_INSPECTION,AUTO,0.000,-0.350,0.707,0.001,True,True,False
6.000,classification,GAZEBO_FAKE_YOLO11S_CLASSIFICATION class=bird,APPROACH_TARGET_OFFSET mode=AUTO nav_goal=TARGET_INSPECTION,AUTO,0.000,-0.350,0.706,0.001,True,True,False
6.000,bird_confirmed,True,APPROACH_TARGET_OFFSET mode=AUTO nav_goal=TARGET_INSPECTION,AUTO,0.000,-0.350,0.706,0.001,True,True,False
6.000,mission_state,APPROACH_TARGET_OFFSET mode=AUTO nav_goal=TARGET_INSPECTION,APPROACH_TARGET_OFFSET mode=AUTO nav_goal=TARGET_INSPECTION,AUTO,0.000,-0.350,0.706,0.001,True,True,False
6.000,dynamic_target,count=1 x=0.17 y=-0.18 z=3.40,APPROACH_TARGET_OFFSET mode=AUTO nav_goal=TARGET_INSPECTION,AUTO,0.000,-0.350,0.706,0.001,True,True,False
6.000,dynamic_lock,True,APPROACH_TARGET_OFFSET mode=AUTO nav_goal=TARGET_INSPECTION,AUTO,0.000,-0.350,0.706,0.001,True,True,False
6.000,sound_state,IDLE_NO_REQUEST,APPROACH_TARGET_OFFSET mode=AUTO nav_goal=TARGET_INSPECTION,AUTO,0.000,-0.350,0.706,0.001,True,True,False
6.000,sound_done,False,APPROACH_TARGET_OFFSET mode=AUTO nav_goal=TARGET_INSPECTION,AUTO,0.000,-0.350,0.706,0.001,True,True,False
6.000,object_goal_state,REJECT cooldown source=elevated_dynamic_target remaining_sec=7.10,APPROACH_TARGET_OFFSET mode=AUTO nav_goal=TARGET_INSPECTION,AUTO,0.000,-0.350,0.706,0.001,True,True,False
6.000,dynamic_target,count=1 x=0.17 y=-0.18 z=3.40,APPROACH_TARGET_OFFSET mode=AUTO nav_goal=TARGET_INSPECTION,AUTO,0.000,-0.350,0.706,0.001,True,True,False
6.000,dynamic_lock,True,APPROACH_TARGET_OFFSET mode=AUTO nav_goal=TARGET_INSPECTION,AUTO,0.000,-0.350,0.706,0.001,True,True,False
6.000,object_goal_state,REJECT cooldown source=elevated_dynamic_target remaining_sec=7.10,APPROACH_TARGET_OFFSET mode=AUTO nav_goal=TARGET_INSPECTION,AUTO,0.000,-0.350,0.706,0.001,True,True,False
6.100,bird_confirmed,True,APPROACH_TARGET_OFFSET mode=AUTO nav_goal=TARGET_INSPECTION,AUTO,0.000,-0.350,0.706,0.000,True,True,False
6.100,classification,GAZEBO_FAKE_YOLO11S_CLASSIFICATION class=bird,APPROACH_TARGET_OFFSET mode=AUTO nav_goal=TARGET_INSPECTION,AUTO,0.000,-0.350,0.706,0.000,True,True,False
6.100,dynamic_target,count=1 x=0.18 y=-0.19 z=3.40,APPROACH_TARGET_OFFSET mode=AUTO nav_goal=TARGET_INSPECTION,AUTO,0.000,-0.350,0.706,0.001,True,True,False
6.100,dynamic_lock,True,APPROACH_TARGET_OFFSET mode=AUTO nav_goal=TARGET_INSPECTION,AUTO,0.000,-0.350,0.706,0.001,True,True,False
6.100,object_goal_state,REJECT cooldown source=elevated_dynamic_target remaining_sec=7.00,APPROACH_TARGET_OFFSET mode=AUTO nav_goal=TARGET_INSPECTION,AUTO,0.000,-0.350,0.706,0.001,True,True,False
6.200,classification,GAZEBO_FAKE_YOLO11S_CLASSIFICATION class=bird,APPROACH_TARGET_OFFSET mode=AUTO nav_goal=TARGET_INSPECTION,AUTO,0.000,-0.350,0.706,0.000,True,True,False
6.200,bird_confirmed,True,APPROACH_TARGET_OFFSET mode=AUTO nav_goal=TARGET_INSPECTION,AUTO,0.000,-0.350,0.706,0.000,True,True,False
6.200,sound_state,IDLE_NO_REQUEST,APPROACH_TARGET_OFFSET mode=AUTO nav_goal=TARGET_INSPECTION,AUTO,0.000,-0.350,0.706,0.000,True,True,False
6.200,sound_done,False,APPROACH_TARGET_OFFSET mode=AUTO nav_goal=TARGET_INSPECTION,AUTO,0.000,-0.350,0.706,0.000,True,True,False
6.200,mission_state,APPROACH_TARGET_OFFSET mode=AUTO nav_goal=TARGET_INSPECTION,APPROACH_TARGET_OFFSET mode=AUTO nav_goal=TARGET_INSPECTION,AUTO,0.000,-0.350,0.706,0.000,True,True,False
6.200,dynamic_target,count=1 x=0.18 y=-0.19 z=3.40,APPROACH_TARGET_OFFSET mode=AUTO nav_goal=TARGET_INSPECTION,AUTO,0.000,-0.350,0.706,0.000,True,True,False
6.200,dynamic_lock,True,APPROACH_TARGET_OFFSET mode=AUTO nav_goal=TARGET_INSPECTION,AUTO,0.000,-0.350,0.706,0.000,True,True,False
6.200,object_goal_state,REJECT cooldown source=elevated_dynamic_target remaining_sec=6.90,APPROACH_TARGET_OFFSET mode=AUTO nav_goal=TARGET_INSPECTION,AUTO,0.000,-0.350,0.706,0.000,True,True,False
6.200,dynamic_target,count=1 x=0.19 y=-0.19 z=3.40,APPROACH_TARGET_OFFSET mode=AUTO nav_goal=TARGET_INSPECTION,AUTO,0.000,-0.350,0.706,0.000,True,True,False
6.200,dynamic_lock,True,APPROACH_TARGET_OFFSET mode=AUTO nav_goal=TARGET_INSPECTION,AUTO,0.000,-0.350,0.706,0.000,True,True,False
6.200,object_goal_state,REJECT cooldown source=elevated_dynamic_target remaining_sec=6.90,APPROACH_TARGET_OFFSET mode=AUTO nav_goal=TARGET_INSPECTION,AUTO,0.000,-0.350,0.706,0.000,True,True,False
6.300,classification,GAZEBO_FAKE_YOLO11S_CLASSIFICATION class=bird,APPROACH_TARGET_OFFSET mode=AUTO nav_goal=TARGET_INSPECTION,AUTO,0.000,-0.350,0.706,0.000,True,True,False
6.300,bird_confirmed,True,APPROACH_TARGET_OFFSET mode=AUTO nav_goal=TARGET_INSPECTION,AUTO,0.000,-0.350,0.706,0.000,True,True,False
6.300,object_goal_state,REJECT cooldown source=elevated_dynamic_target remaining_sec=6.80,APPROACH_TARGET_OFFSET mode=AUTO nav_goal=TARGET_INSPECTION,AUTO,0.000,-0.350,0.706,0.000,True,True,False
6.300,dynamic_target,count=1 x=0.19 y=-0.20 z=3.40,APPROACH_TARGET_OFFSET mode=AUTO nav_goal=TARGET_INSPECTION,AUTO,0.000,-0.350,0.706,0.000,True,True,False
6.300,dynamic_lock,True,APPROACH_TARGET_OFFSET mode=AUTO nav_goal=TARGET_INSPECTION,AUTO,0.000,-0.350,0.706,0.000,True,True,False
6.400,sound_state,IDLE_NO_REQUEST,APPROACH_TARGET_OFFSET mode=AUTO nav_goal=TARGET_INSPECTION,AUTO,0.000,-0.350,0.706,-0.000,True,True,False
6.400,sound_done,False,APPROACH_TARGET_OFFSET mode=AUTO nav_goal=TARGET_INSPECTION,AUTO,0.000,-0.350,0.706,-0.000,True,True,False
6.400,classification,GAZEBO_FAKE_YOLO11S_CLASSIFICATION class=bird,APPROACH_TARGET_OFFSET mode=AUTO nav_goal=TARGET_INSPECTION,AUTO,0.000,-0.350,0.706,-0.000,True,True,False
6.400,bird_confirmed,True,APPROACH_TARGET_OFFSET mode=AUTO nav_goal=TARGET_INSPECTION,AUTO,0.000,-0.350,0.706,-0.000,True,True,False
6.400,mission_state,APPROACH_TARGET_OFFSET mode=AUTO nav_goal=TARGET_INSPECTION,APPROACH_TARGET_OFFSET mode=AUTO nav_goal=TARGET_INSPECTION,AUTO,0.000,-0.350,0.706,-0.000,True,True,False
6.400,dynamic_target,count=1 x=0.20 y=-0.21 z=3.40,APPROACH_TARGET_OFFSET mode=AUTO nav_goal=TARGET_INSPECTION,AUTO,0.000,-0.350,0.706,-0.000,True,True,False
6.400,dynamic_lock,True,APPROACH_TARGET_OFFSET mode=AUTO nav_goal=TARGET_INSPECTION,AUTO,0.000,-0.350,0.706,-0.000,True,True,False
6.400,object_goal_state,REJECT cooldown source=elevated_dynamic_target remaining_sec=6.70,APPROACH_TARGET_OFFSET mode=AUTO nav_goal=TARGET_INSPECTION,AUTO,0.000,-0.350,0.706,-0.000,True,True,False
6.400,dynamic_target,count=1 x=0.20 y=-0.21 z=3.40,APPROACH_TARGET_OFFSET mode=AUTO nav_goal=TARGET_INSPECTION,AUTO,0.000,-0.350,0.706,-0.000,True,True,False
6.400,dynamic_lock,True,APPROACH_TARGET_OFFSET mode=AUTO nav_goal=TARGET_INSPECTION,AUTO,0.000,-0.350,0.706,-0.000,True,True,False
6.400,object_goal_state,REJECT cooldown source=elevated_dynamic_target remaining_sec=6.70,APPROACH_TARGET_OFFSET mode=AUTO nav_goal=TARGET_INSPECTION,AUTO,0.000,-0.350,0.706,-0.000,True,True,False
6.500,bird_confirmed,True,APPROACH_TARGET_OFFSET mode=AUTO nav_goal=TARGET_INSPECTION,AUTO,0.000,-0.350,0.707,-0.001,True,True,False
6.500,classification,GAZEBO_FAKE_YOLO11S_CLASSIFICATION class=bird,APPROACH_TARGET_OFFSET mode=AUTO nav_goal=TARGET_INSPECTION,AUTO,0.000,-0.350,0.707,-0.001,True,True,False
6.500,dynamic_target,count=1 x=0.20 y=-0.21 z=3.40,APPROACH_TARGET_OFFSET mode=AUTO nav_goal=TARGET_INSPECTION,AUTO,0.000,-0.350,0.707,-0.001,True,True,False
6.500,dynamic_lock,True,APPROACH_TARGET_OFFSET mode=AUTO nav_goal=TARGET_INSPECTION,AUTO,0.000,-0.350,0.707,-0.001,True,True,False
6.500,object_goal_state,REJECT cooldown source=elevated_dynamic_target remaining_sec=6.60,APPROACH_TARGET_OFFSET mode=AUTO nav_goal=TARGET_INSPECTION,AUTO,0.000,-0.350,0.707,-0.001,True,True,False
6.600,classification,GAZEBO_FAKE_YOLO11S_CLASSIFICATION class=bird,APPROACH_TARGET_OFFSET mode=AUTO nav_goal=TARGET_INSPECTION,AUTO,0.000,-0.350,0.707,-0.001,True,True,False
6.600,bird_confirmed,True,APPROACH_TARGET_OFFSET mode=AUTO nav_goal=TARGET_INSPECTION,AUTO,0.000,-0.350,0.707,-0.001,True,True,False
6.600,sound_done,False,APPROACH_TARGET_OFFSET mode=AUTO nav_goal=TARGET_INSPECTION,AUTO,0.000,-0.350,0.707,-0.001,True,True,False
6.600,dynamic_target,count=1 x=0.20 y=-0.21 z=3.40,APPROACH_TARGET_OFFSET mode=AUTO nav_goal=TARGET_INSPECTION,AUTO,0.000,-0.350,0.707,-0.001,True,True,False
6.600,dynamic_lock,True,APPROACH_TARGET_OFFSET mode=AUTO nav_goal=TARGET_INSPECTION,AUTO,0.000,-0.350,0.707,-0.001,True,True,False
6.600,object_goal_state,REJECT cooldown source=elevated_dynamic_target remaining_sec=6.50,APPROACH_TARGET_OFFSET mode=AUTO nav_goal=TARGET_INSPECTION,AUTO,0.000,-0.350,0.707,-0.001,True,True,False
6.600,sound_state,IDLE_NO_REQUEST,APPROACH_TARGET_OFFSET mode=AUTO nav_goal=TARGET_INSPECTION,AUTO,0.000,-0.350,0.707,-0.001,True,True,False
6.600,mission_state,APPROACH_TARGET_OFFSET mode=AUTO nav_goal=TARGET_INSPECTION,APPROACH_TARGET_OFFSET mode=AUTO nav_goal=TARGET_INSPECTION,AUTO,0.000,-0.350,0.707,-0.001,True,True,False
6.600,dynamic_target,count=1 x=0.21 y=-0.22 z=3.40,APPROACH_TARGET_OFFSET mode=AUTO nav_goal=TARGET_INSPECTION,AUTO,0.000,-0.350,0.707,-0.001,True,True,False
6.600,dynamic_lock,True,APPROACH_TARGET_OFFSET mode=AUTO nav_goal=TARGET_INSPECTION,AUTO,0.000,-0.350,0.707,-0.001,True,True,False
6.600,object_goal_state,REJECT cooldown source=elevated_dynamic_target remaining_sec=6.50,APPROACH_TARGET_OFFSET mode=AUTO nav_goal=TARGET_INSPECTION,AUTO,0.000,-0.350,0.707,-0.001,True,True,False
6.700,bird_confirmed,True,APPROACH_TARGET_OFFSET mode=AUTO nav_goal=TARGET_INSPECTION,AUTO,0.000,-0.350,0.707,-0.001,True,True,False
6.700,classification,GAZEBO_FAKE_YOLO11S_CLASSIFICATION class=bird,APPROACH_TARGET_OFFSET mode=AUTO nav_goal=TARGET_INSPECTION,AUTO,0.000,-0.350,0.707,-0.001,True,True,False
6.700,dynamic_target,count=1 x=0.22 y=-0.22 z=3.40,APPROACH_TARGET_OFFSET mode=AUTO nav_goal=TARGET_INSPECTION,AUTO,0.000,-0.350,0.707,-0.001,True,True,False
6.700,dynamic_lock,True,APPROACH_TARGET_OFFSET mode=AUTO nav_goal=TARGET_INSPECTION,AUTO,0.000,-0.350,0.707,-0.001,True,True,False
6.700,object_goal_state,REJECT cooldown source=elevated_dynamic_target remaining_sec=6.40,APPROACH_TARGET_OFFSET mode=AUTO nav_goal=TARGET_INSPECTION,AUTO,0.000,-0.350,0.707,-0.001,True,True,False
6.800,dynamic_target,count=1 x=0.22 y=-0.22 z=3.40,APPROACH_TARGET_OFFSET mode=AUTO nav_goal=TARGET_INSPECTION,AUTO,0.000,-0.350,0.707,-0.001,True,True,False
6.800,dynamic_lock,True,APPROACH_TARGET_OFFSET mode=AUTO nav_goal=TARGET_INSPECTION,AUTO,0.000,-0.350,0.707,-0.001,True,True,False
6.800,classification,GAZEBO_FAKE_YOLO11S_CLASSIFICATION class=bird,APPROACH_TARGET_OFFSET mode=AUTO nav_goal=TARGET_INSPECTION,AUTO,0.000,-0.350,0.707,-0.001,True,True,False
6.800,bird_confirmed,True,APPROACH_TARGET_OFFSET mode=AUTO nav_goal=TARGET_INSPECTION,AUTO,0.000,-0.350,0.707,-0.001,True,True,False
6.800,object_goal_state,REJECT cooldown source=elevated_dynamic_target remaining_sec=6.30,APPROACH_TARGET_OFFSET mode=AUTO nav_goal=TARGET_INSPECTION,AUTO,0.000,-0.350,0.707,-0.001,True,True,False
6.800,sound_done,False,APPROACH_TARGET_OFFSET mode=AUTO nav_goal=TARGET_INSPECTION,AUTO,0.000,-0.350,0.707,-0.001,True,True,False
6.800,sound_state,IDLE_NO_REQUEST,APPROACH_TARGET_OFFSET mode=AUTO nav_goal=TARGET_INSPECTION,AUTO,0.000,-0.350,0.707,-0.001,True,True,False
6.800,mission_state,APPROACH_TARGET_OFFSET mode=AUTO nav_goal=TARGET_INSPECTION,APPROACH_TARGET_OFFSET mode=AUTO nav_goal=TARGET_INSPECTION,AUTO,0.000,-0.350,0.707,-0.001,True,True,False
6.800,dynamic_target,count=1 x=0.22 y=-0.23 z=3.40,APPROACH_TARGET_OFFSET mode=AUTO nav_goal=TARGET_INSPECTION,AUTO,0.000,-0.350,0.707,-0.001,True,True,False
6.800,dynamic_lock,True,APPROACH_TARGET_OFFSET mode=AUTO nav_goal=TARGET_INSPECTION,AUTO,0.000,-0.350,0.707,-0.001,True,True,False
6.800,object_goal_state,REJECT cooldown source=elevated_dynamic_target remaining_sec=6.30,APPROACH_TARGET_OFFSET mode=AUTO nav_goal=TARGET_INSPECTION,AUTO,0.000,-0.350,0.707,-0.001,True,True,False
6.900,classification,GAZEBO_FAKE_YOLO11S_CLASSIFICATION class=bird,APPROACH_TARGET_OFFSET mode=AUTO nav_goal=TARGET_INSPECTION,AUTO,0.000,-0.350,0.707,-0.002,True,True,False
6.900,bird_confirmed,True,APPROACH_TARGET_OFFSET mode=AUTO nav_goal=TARGET_INSPECTION,AUTO,0.000,-0.350,0.707,-0.002,True,True,False
6.900,dynamic_target,count=1 x=0.23 y=-0.24 z=3.40,APPROACH_TARGET_OFFSET mode=AUTO nav_goal=TARGET_INSPECTION,AUTO,0.000,-0.350,0.707,-0.002,True,True,False
6.900,dynamic_lock,True,APPROACH_TARGET_OFFSET mode=AUTO nav_goal=TARGET_INSPECTION,AUTO,0.000,-0.350,0.707,-0.002,True,True,False
6.900,object_goal_state,REJECT cooldown source=elevated_dynamic_target remaining_sec=6.20,APPROACH_TARGET_OFFSET mode=AUTO nav_goal=TARGET_INSPECTION,AUTO,0.000,-0.350,0.707,-0.002,True,True,False
7.000,sound_done,False,APPROACH_TARGET_OFFSET mode=AUTO nav_goal=TARGET_INSPECTION,AUTO,0.000,-0.350,0.707,-0.003,True,True,False
7.000,dynamic_target,count=1 x=0.23 y=-0.24 z=3.40,APPROACH_TARGET_OFFSET mode=AUTO nav_goal=TARGET_INSPECTION,AUTO,0.000,-0.350,0.707,-0.003,True,True,False
7.000,dynamic_lock,True,APPROACH_TARGET_OFFSET mode=AUTO nav_goal=TARGET_INSPECTION,AUTO,0.000,-0.350,0.707,-0.003,True,True,False
7.000,classification,GAZEBO_FAKE_YOLO11S_CLASSIFICATION class=bird,APPROACH_TARGET_OFFSET mode=AUTO nav_goal=TARGET_INSPECTION,AUTO,0.000,-0.350,0.707,-0.003,True,True,False
7.000,bird_confirmed,True,APPROACH_TARGET_OFFSET mode=AUTO nav_goal=TARGET_INSPECTION,AUTO,0.000,-0.350,0.707,-0.003,True,True,False
7.000,sound_state,IDLE_NO_REQUEST,APPROACH_TARGET_OFFSET mode=AUTO nav_goal=TARGET_INSPECTION,AUTO,0.000,-0.350,0.707,-0.003,True,True,False
7.000,mission_state,APPROACH_TARGET_OFFSET mode=AUTO nav_goal=TARGET_INSPECTION,APPROACH_TARGET_OFFSET mode=AUTO nav_goal=TARGET_INSPECTION,AUTO,0.000,-0.350,0.707,-0.003,True,True,False
7.000,object_goal_state,REJECT cooldown source=elevated_dynamic_target remaining_sec=6.10,APPROACH_TARGET_OFFSET mode=AUTO nav_goal=TARGET_INSPECTION,AUTO,0.000,-0.350,0.707,-0.003,True,True,False
7.000,dynamic_target,count=1 x=0.23 y=-0.24 z=3.40,APPROACH_TARGET_OFFSET mode=AUTO nav_goal=TARGET_INSPECTION,AUTO,0.000,-0.350,0.707,-0.003,True,True,False
7.000,dynamic_lock,True,APPROACH_TARGET_OFFSET mode=AUTO nav_goal=TARGET_INSPECTION,AUTO,0.000,-0.350,0.707,-0.003,True,True,False
7.000,object_goal_state,REJECT cooldown source=elevated_dynamic_target remaining_sec=6.10,APPROACH_TARGET_OFFSET mode=AUTO nav_goal=TARGET_INSPECTION,AUTO,0.000,-0.350,0.707,-0.003,True,True,False
7.100,classification,GAZEBO_FAKE_YOLO11S_CLASSIFICATION class=bird,APPROACH_TARGET_OFFSET mode=AUTO nav_goal=TARGET_INSPECTION,AUTO,0.000,-0.350,0.707,-0.002,True,True,False
7.100,bird_confirmed,True,APPROACH_TARGET_OFFSET mode=AUTO nav_goal=TARGET_INSPECTION,AUTO,0.000,-0.350,0.707,-0.002,True,True,False
7.100,dynamic_target,count=1 x=0.24 y=-0.25 z=3.40,APPROACH_TARGET_OFFSET mode=AUTO nav_goal=TARGET_INSPECTION,AUTO,0.000,-0.350,0.707,-0.002,True,True,False
7.100,dynamic_lock,True,APPROACH_TARGET_OFFSET mode=AUTO nav_goal=TARGET_INSPECTION,AUTO,0.000,-0.350,0.707,-0.002,True,True,False
7.100,object_goal_state,REJECT cooldown source=elevated_dynamic_target remaining_sec=6.00,APPROACH_TARGET_OFFSET mode=AUTO nav_goal=TARGET_INSPECTION,AUTO,0.000,-0.350,0.707,-0.002,True,True,False
7.200,mission_state,APPROACH_TARGET_OFFSET mode=AUTO nav_goal=TARGET_INSPECTION,APPROACH_TARGET_OFFSET mode=AUTO nav_goal=TARGET_INSPECTION,AUTO,0.000,-0.350,0.707,-0.003,True,True,False
7.200,classification,GAZEBO_FAKE_YOLO11S_CLASSIFICATION class=bird,APPROACH_TARGET_OFFSET mode=AUTO nav_goal=TARGET_INSPECTION,AUTO,0.000,-0.350,0.707,-0.003,True,True,False
7.200,bird_confirmed,True,APPROACH_TARGET_OFFSET mode=AUTO nav_goal=TARGET_INSPECTION,AUTO,0.000,-0.350,0.707,-0.003,True,True,False
7.200,sound_state,IDLE_NO_REQUEST,APPROACH_TARGET_OFFSET mode=AUTO nav_goal=TARGET_INSPECTION,AUTO,0.000,-0.350,0.707,-0.003,True,True,False
7.200,sound_done,False,APPROACH_TARGET_OFFSET mode=AUTO nav_goal=TARGET_INSPECTION,AUTO,0.000,-0.350,0.707,-0.003,True,True,False
7.200,dynamic_target,count=1 x=0.24 y=-0.25 z=3.40,APPROACH_TARGET_OFFSET mode=AUTO nav_goal=TARGET_INSPECTION,AUTO,0.000,-0.350,0.707,-0.003,True,True,False
7.200,dynamic_lock,True,APPROACH_TARGET_OFFSET mode=AUTO nav_goal=TARGET_INSPECTION,AUTO,0.000,-0.350,0.707,-0.003,True,True,False
7.200,object_goal_state,REJECT cooldown source=elevated_dynamic_target remaining_sec=5.90,APPROACH_TARGET_OFFSET mode=AUTO nav_goal=TARGET_INSPECTION,AUTO,0.000,-0.350,0.707,-0.003,True,True,False
7.200,dynamic_target,count=1 x=0.24 y=-0.25 z=3.40,APPROACH_TARGET_OFFSET mode=AUTO nav_goal=TARGET_INSPECTION,AUTO,0.000,-0.350,0.707,-0.003,True,True,False
7.200,dynamic_lock,True,APPROACH_TARGET_OFFSET mode=AUTO nav_goal=TARGET_INSPECTION,AUTO,0.000,-0.350,0.707,-0.003,True,True,False
7.200,object_goal_state,REJECT cooldown source=elevated_dynamic_target remaining_sec=5.90,APPROACH_TARGET_OFFSET mode=AUTO nav_goal=TARGET_INSPECTION,AUTO,0.000,-0.350,0.707,-0.003,True,True,False
7.300,bird_confirmed,True,APPROACH_TARGET_OFFSET mode=AUTO nav_goal=TARGET_INSPECTION,AUTO,0.000,-0.350,0.707,-0.003,True,True,False
7.300,classification,GAZEBO_FAKE_YOLO11S_CLASSIFICATION class=bird,APPROACH_TARGET_OFFSET mode=AUTO nav_goal=TARGET_INSPECTION,AUTO,0.000,-0.350,0.707,-0.003,True,True,False
7.300,dynamic_target,count=1 x=0.25 y=-0.26 z=3.40,APPROACH_TARGET_OFFSET mode=AUTO nav_goal=TARGET_INSPECTION,AUTO,0.000,-0.350,0.707,-0.003,True,True,False
7.300,dynamic_lock,True,APPROACH_TARGET_OFFSET mode=AUTO nav_goal=TARGET_INSPECTION,AUTO,0.000,-0.350,0.707,-0.003,True,True,False
7.300,object_goal_state,REJECT cooldown source=elevated_dynamic_target remaining_sec=5.80,APPROACH_TARGET_OFFSET mode=AUTO nav_goal=TARGET_INSPECTION,AUTO,0.000,-0.350,0.707,-0.003,True,True,False
7.400,classification,GAZEBO_FAKE_YOLO11S_CLASSIFICATION class=bird,APPROACH_TARGET_OFFSET mode=AUTO nav_goal=TARGET_INSPECTION,AUTO,0.000,-0.350,0.707,-0.003,True,True,False
7.400,bird_confirmed,True,APPROACH_TARGET_OFFSET mode=AUTO nav_goal=TARGET_INSPECTION,AUTO,0.000,-0.350,0.707,-0.003,True,True,False
7.400,sound_state,IDLE_NO_REQUEST,APPROACH_TARGET_OFFSET mode=AUTO nav_goal=TARGET_INSPECTION,AUTO,0.000,-0.350,0.707,-0.003,True,True,False
7.400,sound_done,False,APPROACH_TARGET_OFFSET mode=AUTO nav_goal=TARGET_INSPECTION,AUTO,0.000,-0.350,0.707,-0.003,True,True,False
7.400,mission_state,APPROACH_TARGET_OFFSET mode=AUTO nav_goal=TARGET_INSPECTION,APPROACH_TARGET_OFFSET mode=AUTO nav_goal=TARGET_INSPECTION,AUTO,0.000,-0.350,0.707,-0.003,True,True,False
7.400,dynamic_target,count=1 x=0.26 y=-0.27 z=3.40,APPROACH_TARGET_OFFSET mode=AUTO nav_goal=TARGET_INSPECTION,AUTO,0.000,-0.350,0.708,-0.004,True,True,False
7.400,dynamic_lock,True,APPROACH_TARGET_OFFSET mode=AUTO nav_goal=TARGET_INSPECTION,AUTO,0.000,-0.350,0.708,-0.004,True,True,False
7.400,object_goal_state,REJECT cooldown source=elevated_dynamic_target remaining_sec=5.70,APPROACH_TARGET_OFFSET mode=AUTO nav_goal=TARGET_INSPECTION,AUTO,0.000,-0.350,0.708,-0.004,True,True,False
7.400,dynamic_target,count=1 x=0.26 y=-0.27 z=3.40,APPROACH_TARGET_OFFSET mode=AUTO nav_goal=TARGET_INSPECTION,AUTO,0.000,-0.350,0.708,-0.004,True,True,False
7.400,dynamic_lock,True,APPROACH_TARGET_OFFSET mode=AUTO nav_goal=TARGET_INSPECTION,AUTO,0.000,-0.350,0.708,-0.004,True,True,False
7.400,object_goal_state,REJECT cooldown source=elevated_dynamic_target remaining_sec=5.70,APPROACH_TARGET_OFFSET mode=AUTO nav_goal=TARGET_INSPECTION,AUTO,0.000,-0.350,0.708,-0.004,True,True,False
7.500,bird_confirmed,True,APPROACH_TARGET_OFFSET mode=AUTO nav_goal=TARGET_INSPECTION,AUTO,0.000,-0.350,0.707,-0.003,True,True,False
7.500,classification,GAZEBO_FAKE_YOLO11S_CLASSIFICATION class=bird,APPROACH_TARGET_OFFSET mode=AUTO nav_goal=TARGET_INSPECTION,AUTO,0.000,-0.350,0.707,-0.003,True,True,False
7.500,object_goal_state,TARGET_LOST_TIMEOUT,APPROACH_TARGET_OFFSET mode=AUTO nav_goal=TARGET_INSPECTION,AUTO,0.000,-0.350,0.707,-0.003,True,True,False
7.500,dynamic_target,count=1 x=0.26 y=-0.27 z=3.40,APPROACH_TARGET_OFFSET mode=AUTO nav_goal=TARGET_INSPECTION,AUTO,0.000,-0.350,0.707,-0.003,True,True,False
7.500,dynamic_lock,True,APPROACH_TARGET_OFFSET mode=AUTO nav_goal=TARGET_INSPECTION,AUTO,0.000,-0.350,0.707,-0.003,True,True,False
7.500,object_goal_state,REJECT cooldown source=elevated_dynamic_target remaining_sec=5.60,APPROACH_TARGET_OFFSET mode=AUTO nav_goal=TARGET_INSPECTION,AUTO,0.000,-0.350,0.707,-0.003,True,True,False
7.600,sound_state,IDLE_NO_REQUEST,APPROACH_TARGET_OFFSET mode=AUTO nav_goal=TARGET_INSPECTION,AUTO,0.000,-0.350,0.707,-0.003,True,True,False
7.600,sound_done,False,APPROACH_TARGET_OFFSET mode=AUTO nav_goal=TARGET_INSPECTION,AUTO,0.000,-0.350,0.707,-0.003,True,True,False
7.600,dynamic_target,count=1 x=0.26 y=-0.27 z=3.40,APPROACH_TARGET_OFFSET mode=AUTO nav_goal=TARGET_INSPECTION,AUTO,0.000,-0.350,0.707,-0.003,True,True,False
7.600,dynamic_lock,True,APPROACH_TARGET_OFFSET mode=AUTO nav_goal=TARGET_INSPECTION,AUTO,0.000,-0.350,0.707,-0.003,True,True,False
7.600,mission_state,APPROACH_TARGET_OFFSET mode=AUTO nav_goal=TARGET_INSPECTION,APPROACH_TARGET_OFFSET mode=AUTO nav_goal=TARGET_INSPECTION,AUTO,0.000,-0.350,0.707,-0.003,True,True,False
7.600,object_goal_state,REJECT cooldown source=elevated_dynamic_target remaining_sec=5.50,APPROACH_TARGET_OFFSET mode=AUTO nav_goal=TARGET_INSPECTION,AUTO,0.000,-0.350,0.707,-0.003,True,True,False
7.600,bird_confirmed,True,APPROACH_TARGET_OFFSET mode=AUTO nav_goal=TARGET_INSPECTION,AUTO,0.000,-0.350,0.707,-0.003,True,True,False
7.600,classification,GAZEBO_FAKE_YOLO11S_CLASSIFICATION class=bird,APPROACH_TARGET_OFFSET mode=AUTO nav_goal=TARGET_INSPECTION,AUTO,0.000,-0.350,0.707,-0.003,True,True,False
7.600,dynamic_target,count=1 x=0.27 y=-0.28 z=3.40,APPROACH_TARGET_OFFSET mode=AUTO nav_goal=TARGET_INSPECTION,AUTO,0.000,-0.350,0.707,-0.003,True,True,False
7.600,dynamic_lock,True,APPROACH_TARGET_OFFSET mode=AUTO nav_goal=TARGET_INSPECTION,AUTO,0.000,-0.350,0.707,-0.003,True,True,False
7.600,object_goal_state,REJECT cooldown source=elevated_dynamic_target remaining_sec=5.50,APPROACH_TARGET_OFFSET mode=AUTO nav_goal=TARGET_INSPECTION,AUTO,0.000,-0.350,0.707,-0.003,True,True,False
7.700,classification,GAZEBO_FAKE_YOLO11S_CLASSIFICATION class=bird,APPROACH_TARGET_OFFSET mode=AUTO nav_goal=TARGET_INSPECTION,AUTO,0.000,-0.350,0.707,-0.003,True,True,False
7.700,bird_confirmed,True,APPROACH_TARGET_OFFSET mode=AUTO nav_goal=TARGET_INSPECTION,AUTO,0.000,-0.350,0.707,-0.003,True,True,False
7.700,dynamic_target,count=1 x=0.27 y=-0.28 z=3.40,APPROACH_TARGET_OFFSET mode=AUTO nav_goal=TARGET_INSPECTION,AUTO,0.000,-0.350,0.707,-0.003,True,True,False
7.700,dynamic_lock,True,APPROACH_TARGET_OFFSET mode=AUTO nav_goal=TARGET_INSPECTION,AUTO,0.000,-0.350,0.707,-0.003,True,True,False
7.700,object_goal_state,REJECT cooldown source=elevated_dynamic_target remaining_sec=5.40,APPROACH_TARGET_OFFSET mode=AUTO nav_goal=TARGET_INSPECTION,AUTO,0.000,-0.350,0.707,-0.003,True,True,False
7.800,classification,GAZEBO_FAKE_YOLO11S_CLASSIFICATION class=bird,APPROACH_TARGET_OFFSET mode=AUTO nav_goal=TARGET_INSPECTION,AUTO,0.000,-0.350,0.707,-0.003,True,True,False
7.800,bird_confirmed,True,APPROACH_TARGET_OFFSET mode=AUTO nav_goal=TARGET_INSPECTION,AUTO,0.000,-0.350,0.707,-0.003,True,True,False
7.800,sound_state,IDLE_NO_REQUEST,APPROACH_TARGET_OFFSET mode=AUTO nav_goal=TARGET_INSPECTION,AUTO,0.000,-0.350,0.707,-0.003,True,True,False
7.800,sound_done,False,APPROACH_TARGET_OFFSET mode=AUTO nav_goal=TARGET_INSPECTION,AUTO,0.000,-0.350,0.707,-0.003,True,True,False
7.800,dynamic_target,count=1 x=0.27 y=-0.28 z=3.40,APPROACH_TARGET_OFFSET mode=AUTO nav_goal=TARGET_INSPECTION,AUTO,0.000,-0.350,0.707,-0.003,True,True,False
7.800,dynamic_lock,True,APPROACH_TARGET_OFFSET mode=AUTO nav_goal=TARGET_INSPECTION,AUTO,0.000,-0.350,0.707,-0.003,True,True,False
7.800,mission_state,APPROACH_TARGET_OFFSET mode=AUTO nav_goal=TARGET_INSPECTION,APPROACH_TARGET_OFFSET mode=AUTO nav_goal=TARGET_INSPECTION,AUTO,0.000,-0.350,0.707,-0.003,True,True,False
7.800,object_goal_state,REJECT cooldown source=elevated_dynamic_target remaining_sec=5.30,APPROACH_TARGET_OFFSET mode=AUTO nav_goal=TARGET_INSPECTION,AUTO,0.000,-0.350,0.707,-0.003,True,True,False
7.800,dynamic_target,count=1 x=0.28 y=-0.29 z=3.40,APPROACH_TARGET_OFFSET mode=AUTO nav_goal=TARGET_INSPECTION,AUTO,0.000,-0.350,0.707,-0.003,True,True,False
7.800,dynamic_lock,True,APPROACH_TARGET_OFFSET mode=AUTO nav_goal=TARGET_INSPECTION,AUTO,0.000,-0.350,0.707,-0.003,True,True,False
7.800,object_goal_state,REJECT cooldown source=elevated_dynamic_target remaining_sec=5.30,APPROACH_TARGET_OFFSET mode=AUTO nav_goal=TARGET_INSPECTION,AUTO,0.000,-0.350,0.707,-0.003,True,True,False
7.900,classification,GAZEBO_FAKE_YOLO11S_CLASSIFICATION class=bird,APPROACH_TARGET_OFFSET mode=AUTO nav_goal=TARGET_INSPECTION,AUTO,0.000,-0.350,0.707,-0.003,True,True,False
7.900,bird_confirmed,True,APPROACH_TARGET_OFFSET mode=AUTO nav_goal=TARGET_INSPECTION,AUTO,0.000,-0.350,0.707,-0.003,True,True,False
7.900,dynamic_target,count=1 x=0.28 y=-0.30 z=3.40,APPROACH_TARGET_OFFSET mode=AUTO nav_goal=TARGET_INSPECTION,AUTO,0.000,-0.350,0.707,-0.003,True,True,False
7.900,dynamic_lock,True,APPROACH_TARGET_OFFSET mode=AUTO nav_goal=TARGET_INSPECTION,AUTO,0.000,-0.350,0.707,-0.003,True,True,False
7.900,object_goal_state,REJECT cooldown source=elevated_dynamic_target remaining_sec=5.20,APPROACH_TARGET_OFFSET mode=AUTO nav_goal=TARGET_INSPECTION,AUTO,0.000,-0.350,0.707,-0.003,True,True,False
8.000,sound_done,False,APPROACH_TARGET_OFFSET mode=AUTO nav_goal=TARGET_INSPECTION,AUTO,0.000,-0.350,0.707,-0.003,True,True,False
8.000,mission_state,APPROACH_TARGET_OFFSET mode=AUTO nav_goal=TARGET_INSPECTION,APPROACH_TARGET_OFFSET mode=AUTO nav_goal=TARGET_INSPECTION,AUTO,0.000,-0.350,0.707,-0.003,True,True,False
8.000,classification,GAZEBO_FAKE_YOLO11S_CLASSIFICATION class=bird,APPROACH_TARGET_OFFSET mode=AUTO nav_goal=TARGET_INSPECTION,AUTO,0.000,-0.350,0.707,-0.003,True,True,False
8.000,bird_confirmed,True,APPROACH_TARGET_OFFSET mode=AUTO nav_goal=TARGET_INSPECTION,AUTO,0.000,-0.350,0.707,-0.003,True,True,False
8.000,sound_state,IDLE_NO_REQUEST,APPROACH_TARGET_OFFSET mode=AUTO nav_goal=TARGET_INSPECTION,AUTO,0.000,-0.350,0.707,-0.003,True,True,False
8.000,dynamic_target,count=1 x=0.29 y=-0.30 z=3.40,APPROACH_TARGET_OFFSET mode=AUTO nav_goal=TARGET_INSPECTION,AUTO,0.000,-0.350,0.707,-0.003,True,True,False
8.000,dynamic_lock,True,APPROACH_TARGET_OFFSET mode=AUTO nav_goal=TARGET_INSPECTION,AUTO,0.000,-0.350,0.707,-0.003,True,True,False
8.000,object_goal_state,REJECT cooldown source=elevated_dynamic_target remaining_sec=5.10,APPROACH_TARGET_OFFSET mode=AUTO nav_goal=TARGET_INSPECTION,AUTO,0.000,-0.350,0.707,-0.003,True,True,False
8.000,object_goal_state,REJECT cooldown source=elevated_dynamic_target remaining_sec=5.10,APPROACH_TARGET_OFFSET mode=AUTO nav_goal=TARGET_INSPECTION,AUTO,0.000,-0.350,0.707,-0.003,True,True,False
8.000,dynamic_target,count=1 x=0.29 y=-0.30 z=3.40,APPROACH_TARGET_OFFSET mode=AUTO nav_goal=TARGET_INSPECTION,AUTO,0.000,-0.350,0.707,-0.003,True,True,False
8.000,dynamic_lock,True,APPROACH_TARGET_OFFSET mode=AUTO nav_goal=TARGET_INSPECTION,AUTO,0.000,-0.350,0.707,-0.003,True,True,False
8.100,classification,GAZEBO_FAKE_YOLO11S_CLASSIFICATION class=bird,APPROACH_TARGET_OFFSET mode=AUTO nav_goal=TARGET_INSPECTION,AUTO,0.000,-0.350,0.707,-0.003,True,True,False
8.100,bird_confirmed,True,APPROACH_TARGET_OFFSET mode=AUTO nav_goal=TARGET_INSPECTION,AUTO,0.000,-0.350,0.707,-0.003,True,True,False
8.100,dynamic_target,count=1 x=0.30 y=-0.31 z=3.40,APPROACH_TARGET_OFFSET mode=AUTO nav_goal=TARGET_INSPECTION,AUTO,0.000,-0.350,0.707,-0.003,True,True,False
8.100,dynamic_lock,True,APPROACH_TARGET_OFFSET mode=AUTO nav_goal=TARGET_INSPECTION,AUTO,0.000,-0.350,0.707,-0.003,True,True,False
8.100,object_goal_state,REJECT cooldown source=elevated_dynamic_target remaining_sec=5.00,APPROACH_TARGET_OFFSET mode=AUTO nav_goal=TARGET_INSPECTION,AUTO,0.000,-0.350,0.707,-0.003,True,True,False
8.200,sound_state,IDLE_NO_REQUEST,APPROACH_TARGET_OFFSET mode=AUTO nav_goal=TARGET_INSPECTION,AUTO,0.000,-0.350,0.707,-0.003,True,True,False
8.200,sound_done,False,APPROACH_TARGET_OFFSET mode=AUTO nav_goal=TARGET_INSPECTION,AUTO,0.000,-0.350,0.707,-0.003,True,True,False
8.200,dynamic_target,count=1 x=0.30 y=-0.31 z=3.40,APPROACH_TARGET_OFFSET mode=AUTO nav_goal=TARGET_INSPECTION,AUTO,0.000,-0.350,0.707,-0.003,True,True,False
8.200,classification,GAZEBO_FAKE_YOLO11S_CLASSIFICATION class=bird,APPROACH_TARGET_OFFSET mode=AUTO nav_goal=TARGET_INSPECTION,AUTO,0.000,-0.350,0.707,-0.003,True,True,False
8.200,bird_confirmed,True,APPROACH_TARGET_OFFSET mode=AUTO nav_goal=TARGET_INSPECTION,AUTO,0.000,-0.350,0.707,-0.003,True,True,False
8.200,dynamic_lock,True,APPROACH_TARGET_OFFSET mode=AUTO nav_goal=TARGET_INSPECTION,AUTO,0.000,-0.350,0.707,-0.003,True,True,False
8.200,mission_state,APPROACH_TARGET_OFFSET mode=AUTO nav_goal=TARGET_INSPECTION,APPROACH_TARGET_OFFSET mode=AUTO nav_goal=TARGET_INSPECTION,AUTO,0.000,-0.350,0.707,-0.003,True,True,False
8.200,object_goal_state,REJECT cooldown source=elevated_dynamic_target remaining_sec=4.90,APPROACH_TARGET_OFFSET mode=AUTO nav_goal=TARGET_INSPECTION,AUTO,0.000,-0.350,0.707,-0.003,True,True,False
8.200,dynamic_target,count=1 x=0.30 y=-0.31 z=3.40,APPROACH_TARGET_OFFSET mode=AUTO nav_goal=TARGET_INSPECTION,AUTO,0.000,-0.350,0.707,-0.003,True,True,False
8.200,dynamic_lock,True,APPROACH_TARGET_OFFSET mode=AUTO nav_goal=TARGET_INSPECTION,AUTO,0.000,-0.350,0.707,-0.003,True,True,False
8.200,object_goal_state,REJECT cooldown source=elevated_dynamic_target remaining_sec=4.90,APPROACH_TARGET_OFFSET mode=AUTO nav_goal=TARGET_INSPECTION,AUTO,0.000,-0.350,0.707,-0.003,True,True,False
8.300,classification,GAZEBO_FAKE_YOLO11S_CLASSIFICATION class=bird,APPROACH_TARGET_OFFSET mode=AUTO nav_goal=TARGET_INSPECTION,AUTO,0.000,-0.350,0.707,-0.004,True,True,False
8.300,bird_confirmed,True,APPROACH_TARGET_OFFSET mode=AUTO nav_goal=TARGET_INSPECTION,AUTO,0.000,-0.350,0.707,-0.004,True,True,False
8.300,dynamic_target,count=1 x=0.31 y=-0.32 z=3.40,APPROACH_TARGET_OFFSET mode=AUTO nav_goal=TARGET_INSPECTION,AUTO,0.000,-0.350,0.707,-0.004,True,True,False
8.300,dynamic_lock,True,APPROACH_TARGET_OFFSET mode=AUTO nav_goal=TARGET_INSPECTION,AUTO,0.000,-0.350,0.707,-0.004,True,True,False
8.300,object_goal_state,REJECT cooldown source=elevated_dynamic_target remaining_sec=4.80,APPROACH_TARGET_OFFSET mode=AUTO nav_goal=TARGET_INSPECTION,AUTO,0.000,-0.350,0.707,-0.004,True,True,False
8.400,classification,GAZEBO_FAKE_YOLO11S_CLASSIFICATION class=bird,APPROACH_TARGET_OFFSET mode=AUTO nav_goal=TARGET_INSPECTION,AUTO,0.000,-0.350,0.707,-0.003,True,True,False
8.400,bird_confirmed,True,APPROACH_TARGET_OFFSET mode=AUTO nav_goal=TARGET_INSPECTION,AUTO,0.000,-0.350,0.707,-0.003,True,True,False
8.400,mission_state,APPROACH_TARGET_OFFSET mode=AUTO nav_goal=TARGET_INSPECTION,APPROACH_TARGET_OFFSET mode=AUTO nav_goal=TARGET_INSPECTION,AUTO,0.000,-0.350,0.707,-0.003,True,True,False
8.400,dynamic_target,count=1 x=0.31 y=-0.32 z=3.40,APPROACH_TARGET_OFFSET mode=AUTO nav_goal=TARGET_INSPECTION,AUTO,0.000,-0.350,0.707,-0.003,True,True,False
8.400,dynamic_lock,True,APPROACH_TARGET_OFFSET mode=AUTO nav_goal=TARGET_INSPECTION,AUTO,0.000,-0.350,0.707,-0.003,True,True,False
8.400,object_goal_state,REJECT cooldown source=elevated_dynamic_target remaining_sec=4.70,APPROACH_TARGET_OFFSET mode=AUTO nav_goal=TARGET_INSPECTION,AUTO,0.000,-0.350,0.707,-0.003,True,True,False
8.400,sound_state,IDLE_NO_REQUEST,APPROACH_TARGET_OFFSET mode=AUTO nav_goal=TARGET_INSPECTION,AUTO,0.000,-0.350,0.707,-0.003,True,True,False
8.400,sound_done,False,APPROACH_TARGET_OFFSET mode=AUTO nav_goal=TARGET_INSPECTION,AUTO,0.000,-0.350,0.707,-0.003,True,True,False
8.400,dynamic_target,count=1 x=0.31 y=-0.33 z=3.40,APPROACH_TARGET_OFFSET mode=AUTO nav_goal=TARGET_INSPECTION,AUTO,0.000,-0.350,0.707,-0.003,True,True,False
8.400,dynamic_lock,True,APPROACH_TARGET_OFFSET mode=AUTO nav_goal=TARGET_INSPECTION,AUTO,0.000,-0.350,0.707,-0.003,True,True,False
8.400,object_goal_state,REJECT cooldown source=elevated_dynamic_target remaining_sec=4.70,APPROACH_TARGET_OFFSET mode=AUTO nav_goal=TARGET_INSPECTION,AUTO,0.000,-0.350,0.707,-0.003,True,True,False
8.500,classification,GAZEBO_FAKE_YOLO11S_CLASSIFICATION class=bird,APPROACH_TARGET_OFFSET mode=AUTO nav_goal=TARGET_INSPECTION,AUTO,0.000,-0.350,0.707,-0.003,True,True,False
8.500,bird_confirmed,True,APPROACH_TARGET_OFFSET mode=AUTO nav_goal=TARGET_INSPECTION,AUTO,0.000,-0.350,0.707,-0.003,True,True,False
8.500,dynamic_target,count=1 x=0.32 y=-0.33 z=3.40,APPROACH_TARGET_OFFSET mode=AUTO nav_goal=TARGET_INSPECTION,AUTO,0.000,-0.350,0.707,-0.003,True,True,False
8.500,dynamic_lock,True,APPROACH_TARGET_OFFSET mode=AUTO nav_goal=TARGET_INSPECTION,AUTO,0.000,-0.350,0.707,-0.003,True,True,False
8.500,object_goal_state,REJECT cooldown source=elevated_dynamic_target remaining_sec=4.60,APPROACH_TARGET_OFFSET mode=AUTO nav_goal=TARGET_INSPECTION,AUTO,0.000,-0.350,0.707,-0.003,True,True,False
8.600,classification,GAZEBO_FAKE_YOLO11S_CLASSIFICATION class=bird,APPROACH_TARGET_OFFSET mode=AUTO nav_goal=TARGET_INSPECTION,AUTO,0.000,-0.350,0.707,-0.003,True,True,False
8.600,bird_confirmed,True,APPROACH_TARGET_OFFSET mode=AUTO nav_goal=TARGET_INSPECTION,AUTO,0.000,-0.350,0.707,-0.003,True,True,False
8.600,sound_state,IDLE_NO_REQUEST,APPROACH_TARGET_OFFSET mode=AUTO nav_goal=TARGET_INSPECTION,AUTO,0.000,-0.350,0.707,-0.003,True,True,False
8.600,sound_done,False,APPROACH_TARGET_OFFSET mode=AUTO nav_goal=TARGET_INSPECTION,AUTO,0.000,-0.350,0.707,-0.003,True,True,False
8.600,mission_state,APPROACH_TARGET_OFFSET mode=AUTO nav_goal=TARGET_INSPECTION,APPROACH_TARGET_OFFSET mode=AUTO nav_goal=TARGET_INSPECTION,AUTO,0.000,-0.350,0.707,-0.003,True,True,False
8.600,dynamic_target,count=1 x=0.32 y=-0.33 z=3.40,APPROACH_TARGET_OFFSET mode=AUTO nav_goal=TARGET_INSPECTION,AUTO,0.000,-0.350,0.707,-0.003,True,True,False
8.600,dynamic_lock,True,APPROACH_TARGET_OFFSET mode=AUTO nav_goal=TARGET_INSPECTION,AUTO,0.000,-0.350,0.707,-0.003,True,True,False
8.600,dynamic_target,count=1 x=0.33 y=-0.34 z=3.40,APPROACH_TARGET_OFFSET mode=AUTO nav_goal=TARGET_INSPECTION,AUTO,0.000,-0.350,0.707,-0.003,True,True,False
8.600,object_goal_state,REJECT cooldown source=elevated_dynamic_target remaining_sec=4.50,APPROACH_TARGET_OFFSET mode=AUTO nav_goal=TARGET_INSPECTION,AUTO,0.000,-0.350,0.707,-0.003,True,True,False
8.600,dynamic_lock,True,APPROACH_TARGET_OFFSET mode=AUTO nav_goal=TARGET_INSPECTION,AUTO,0.000,-0.350,0.707,-0.003,True,True,False
8.600,object_goal_state,REJECT cooldown source=elevated_dynamic_target remaining_sec=4.50,APPROACH_TARGET_OFFSET mode=AUTO nav_goal=TARGET_INSPECTION,AUTO,0.000,-0.350,0.707,-0.003,True,True,False
8.700,classification,GAZEBO_FAKE_YOLO11S_CLASSIFICATION class=bird,APPROACH_TARGET_OFFSET mode=AUTO nav_goal=TARGET_INSPECTION,AUTO,0.000,-0.350,0.708,-0.003,True,True,False
8.700,bird_confirmed,True,APPROACH_TARGET_OFFSET mode=AUTO nav_goal=TARGET_INSPECTION,AUTO,0.000,-0.350,0.708,-0.003,True,True,False
8.700,dynamic_target,count=1 x=0.33 y=-0.35 z=3.40,APPROACH_TARGET_OFFSET mode=AUTO nav_goal=TARGET_INSPECTION,AUTO,0.000,-0.350,0.708,-0.003,True,True,False
8.700,dynamic_lock,True,APPROACH_TARGET_OFFSET mode=AUTO nav_goal=TARGET_INSPECTION,AUTO,0.000,-0.350,0.708,-0.003,True,True,False
8.700,object_goal_state,REJECT cooldown source=elevated_dynamic_target remaining_sec=4.40,APPROACH_TARGET_OFFSET mode=AUTO nav_goal=TARGET_INSPECTION,AUTO,0.000,-0.350,0.708,-0.003,True,True,False
8.800,sound_state,IDLE_NO_REQUEST,APPROACH_TARGET_OFFSET mode=AUTO nav_goal=TARGET_INSPECTION,AUTO,0.000,-0.350,0.707,-0.003,True,True,False
8.800,sound_done,False,APPROACH_TARGET_OFFSET mode=AUTO nav_goal=TARGET_INSPECTION,AUTO,0.000,-0.350,0.707,-0.003,True,True,False
8.800,dynamic_target,count=1 x=0.34 y=-0.35 z=3.40,APPROACH_TARGET_OFFSET mode=AUTO nav_goal=TARGET_INSPECTION,AUTO,0.000,-0.350,0.707,-0.003,True,True,False
8.800,dynamic_lock,True,APPROACH_TARGET_OFFSET mode=AUTO nav_goal=TARGET_INSPECTION,AUTO,0.000,-0.350,0.707,-0.003,True,True,False
8.800,object_goal_state,REJECT cooldown source=elevated_dynamic_target remaining_sec=4.30,APPROACH_TARGET_OFFSET mode=AUTO nav_goal=TARGET_INSPECTION,AUTO,0.000,-0.350,0.707,-0.003,True,True,False
8.900,dynamic_target,count=1 x=0.34 y=-0.35 z=3.40,APPROACH_TARGET_OFFSET mode=AUTO nav_goal=TARGET_INSPECTION,AUTO,0.000,-0.350,0.708,-0.003,True,True,False
8.900,dynamic_lock,True,APPROACH_TARGET_OFFSET mode=AUTO nav_goal=TARGET_INSPECTION,AUTO,0.000,-0.350,0.708,-0.003,True,True,False
8.900,mission_state,APPROACH_TARGET_OFFSET mode=AUTO nav_goal=TARGET_INSPECTION,APPROACH_TARGET_OFFSET mode=AUTO nav_goal=TARGET_INSPECTION,AUTO,0.000,-0.350,0.708,-0.003,True,True,False
8.900,object_goal_state,REJECT cooldown source=elevated_dynamic_target remaining_sec=4.20,APPROACH_TARGET_OFFSET mode=AUTO nav_goal=TARGET_INSPECTION,AUTO,0.000,-0.350,0.708,-0.003,True,True,False
8.900,classification,GAZEBO_FAKE_YOLO11S_CLASSIFICATION class=bird,APPROACH_TARGET_OFFSET mode=AUTO nav_goal=TARGET_INSPECTION,AUTO,0.000,-0.350,0.708,-0.003,True,True,False
8.900,bird_confirmed,True,APPROACH_TARGET_OFFSET mode=AUTO nav_goal=TARGET_INSPECTION,AUTO,0.000,-0.350,0.708,-0.003,True,True,False
8.900,classification,GAZEBO_FAKE_YOLO11S_CLASSIFICATION class=bird,APPROACH_TARGET_OFFSET mode=AUTO nav_goal=TARGET_INSPECTION,AUTO,0.000,-0.350,0.708,-0.003,True,True,False
8.900,bird_confirmed,True,APPROACH_TARGET_OFFSET mode=AUTO nav_goal=TARGET_INSPECTION,AUTO,0.000,-0.350,0.708,-0.003,True,True,False
8.900,dynamic_target,count=1 x=0.34 y=-0.36 z=3.40,APPROACH_TARGET_OFFSET mode=AUTO nav_goal=TARGET_INSPECTION,AUTO,0.000,-0.350,0.708,-0.003,True,True,False
8.900,dynamic_lock,True,APPROACH_TARGET_OFFSET mode=AUTO nav_goal=TARGET_INSPECTION,AUTO,0.000,-0.350,0.708,-0.003,True,True,False
8.900,object_goal_state,REJECT cooldown source=elevated_dynamic_target remaining_sec=4.20,APPROACH_TARGET_OFFSET mode=AUTO nav_goal=TARGET_INSPECTION,AUTO,0.000,-0.350,0.708,-0.003,True,True,False
9.000,classification,GAZEBO_FAKE_YOLO11S_CLASSIFICATION class=bird,APPROACH_TARGET_OFFSET mode=AUTO nav_goal=TARGET_INSPECTION,AUTO,0.000,-0.350,0.707,-0.004,True,True,False
9.000,bird_confirmed,True,APPROACH_TARGET_OFFSET mode=AUTO nav_goal=TARGET_INSPECTION,AUTO,0.000,-0.350,0.707,-0.004,True,True,False
9.000,mission_state,APPROACH_TARGET_OFFSET mode=AUTO nav_goal=TARGET_INSPECTION,APPROACH_TARGET_OFFSET mode=AUTO nav_goal=TARGET_INSPECTION,AUTO,0.000,-0.350,0.707,-0.004,True,True,False
9.000,sound_state,IDLE_NO_REQUEST,APPROACH_TARGET_OFFSET mode=AUTO nav_goal=TARGET_INSPECTION,AUTO,0.000,-0.350,0.707,-0.004,True,True,False
9.000,sound_done,False,APPROACH_TARGET_OFFSET mode=AUTO nav_goal=TARGET_INSPECTION,AUTO,0.000,-0.350,0.707,-0.004,True,True,False
9.000,dynamic_target,count=1 x=0.35 y=-0.36 z=3.40,APPROACH_TARGET_OFFSET mode=AUTO nav_goal=TARGET_INSPECTION,AUTO,0.000,-0.350,0.707,-0.003,True,True,False
9.000,dynamic_lock,True,APPROACH_TARGET_OFFSET mode=AUTO nav_goal=TARGET_INSPECTION,AUTO,0.000,-0.350,0.707,-0.003,True,True,False
9.000,object_goal_state,REJECT cooldown source=elevated_dynamic_target remaining_sec=4.10,APPROACH_TARGET_OFFSET mode=AUTO nav_goal=TARGET_INSPECTION,AUTO,0.000,-0.350,0.707,-0.003,True,True,False
9.000,dynamic_target,count=1 x=0.35 y=-0.36 z=3.40,APPROACH_TARGET_OFFSET mode=AUTO nav_goal=TARGET_INSPECTION,AUTO,0.000,-0.350,0.707,-0.003,True,True,False
9.000,dynamic_lock,True,APPROACH_TARGET_OFFSET mode=AUTO nav_goal=TARGET_INSPECTION,AUTO,0.000,-0.350,0.707,-0.003,True,True,False
9.000,object_goal_state,REJECT cooldown source=elevated_dynamic_target remaining_sec=4.10,APPROACH_TARGET_OFFSET mode=AUTO nav_goal=TARGET_INSPECTION,AUTO,0.000,-0.350,0.707,-0.003,True,True,False
9.100,classification,GAZEBO_FAKE_YOLO11S_CLASSIFICATION class=bird,APPROACH_TARGET_OFFSET mode=AUTO nav_goal=TARGET_INSPECTION,AUTO,0.000,-0.350,0.707,-0.004,True,True,False
9.100,bird_confirmed,True,APPROACH_TARGET_OFFSET mode=AUTO nav_goal=TARGET_INSPECTION,AUTO,0.000,-0.350,0.707,-0.004,True,True,False
9.100,dynamic_target,count=1 x=0.36 y=-0.37 z=3.40,APPROACH_TARGET_OFFSET mode=AUTO nav_goal=TARGET_INSPECTION,AUTO,0.000,-0.350,0.707,-0.004,True,True,False
9.100,dynamic_lock,True,APPROACH_TARGET_OFFSET mode=AUTO nav_goal=TARGET_INSPECTION,AUTO,0.000,-0.350,0.707,-0.004,True,True,False
9.100,object_goal_state,REJECT cooldown source=elevated_dynamic_target remaining_sec=4.00,APPROACH_TARGET_OFFSET mode=AUTO nav_goal=TARGET_INSPECTION,AUTO,0.000,-0.350,0.707,-0.004,True,True,False
9.200,mission_state,APPROACH_TARGET_OFFSET mode=AUTO nav_goal=TARGET_INSPECTION,APPROACH_TARGET_OFFSET mode=AUTO nav_goal=TARGET_INSPECTION,AUTO,0.000,-0.350,0.707,-0.004,True,True,False
9.200,sound_state,IDLE_NO_REQUEST,APPROACH_TARGET_OFFSET mode=AUTO nav_goal=TARGET_INSPECTION,AUTO,0.000,-0.350,0.707,-0.004,True,True,False
9.200,sound_done,False,APPROACH_TARGET_OFFSET mode=AUTO nav_goal=TARGET_INSPECTION,AUTO,0.000,-0.350,0.707,-0.004,True,True,False
9.200,classification,GAZEBO_FAKE_YOLO11S_CLASSIFICATION class=bird,APPROACH_TARGET_OFFSET mode=AUTO nav_goal=TARGET_INSPECTION,AUTO,0.000,-0.350,0.707,-0.004,True,True,False
9.200,bird_confirmed,True,APPROACH_TARGET_OFFSET mode=AUTO nav_goal=TARGET_INSPECTION,AUTO,0.000,-0.350,0.707,-0.004,True,True,False
9.200,dynamic_target,count=1 x=0.36 y=-0.38 z=3.40,APPROACH_TARGET_OFFSET mode=AUTO nav_goal=TARGET_INSPECTION,AUTO,0.000,-0.350,0.707,-0.004,True,True,False
9.200,dynamic_lock,True,APPROACH_TARGET_OFFSET mode=AUTO nav_goal=TARGET_INSPECTION,AUTO,0.000,-0.350,0.707,-0.004,True,True,False
9.200,object_goal_state,REJECT cooldown source=elevated_dynamic_target remaining_sec=3.90,APPROACH_TARGET_OFFSET mode=AUTO nav_goal=TARGET_INSPECTION,AUTO,0.000,-0.350,0.707,-0.004,True,True,False
9.200,dynamic_target,count=1 x=0.36 y=-0.38 z=3.40,APPROACH_TARGET_OFFSET mode=AUTO nav_goal=TARGET_INSPECTION,AUTO,0.000,-0.350,0.707,-0.004,True,True,False
9.200,dynamic_lock,True,APPROACH_TARGET_OFFSET mode=AUTO nav_goal=TARGET_INSPECTION,AUTO,0.000,-0.350,0.707,-0.004,True,True,False
9.200,object_goal_state,REJECT cooldown source=elevated_dynamic_target remaining_sec=3.90,APPROACH_TARGET_OFFSET mode=AUTO nav_goal=TARGET_INSPECTION,AUTO,0.000,-0.350,0.707,-0.004,True,True,False
9.300,classification,GAZEBO_FAKE_YOLO11S_CLASSIFICATION class=bird,APPROACH_TARGET_OFFSET mode=AUTO nav_goal=TARGET_INSPECTION,AUTO,0.000,-0.350,0.708,-0.005,True,True,False
9.300,bird_confirmed,True,APPROACH_TARGET_OFFSET mode=AUTO nav_goal=TARGET_INSPECTION,AUTO,0.000,-0.350,0.708,-0.005,True,True,False
9.300,object_goal_state,REJECT cooldown source=elevated_dynamic_target remaining_sec=3.80,APPROACH_TARGET_OFFSET mode=AUTO nav_goal=TARGET_INSPECTION,AUTO,0.000,-0.350,0.708,-0.005,True,True,False
9.300,dynamic_target,count=1 x=0.37 y=-0.38 z=3.40,APPROACH_TARGET_OFFSET mode=AUTO nav_goal=TARGET_INSPECTION,AUTO,0.000,-0.350,0.708,-0.005,True,True,False
9.300,dynamic_lock,True,APPROACH_TARGET_OFFSET mode=AUTO nav_goal=TARGET_INSPECTION,AUTO,0.000,-0.350,0.708,-0.005,True,True,False
9.400,mission_state,APPROACH_TARGET_OFFSET mode=AUTO nav_goal=TARGET_INSPECTION,APPROACH_TARGET_OFFSET mode=AUTO nav_goal=TARGET_INSPECTION,AUTO,0.000,-0.350,0.707,-0.005,True,True,False
9.400,classification,GAZEBO_FAKE_YOLO11S_CLASSIFICATION class=bird,APPROACH_TARGET_OFFSET mode=AUTO nav_goal=TARGET_INSPECTION,AUTO,0.000,-0.350,0.707,-0.005,True,True,False
9.400,bird_confirmed,True,APPROACH_TARGET_OFFSET mode=AUTO nav_goal=TARGET_INSPECTION,AUTO,0.000,-0.350,0.707,-0.005,True,True,False
9.400,sound_state,IDLE_NO_REQUEST,APPROACH_TARGET_OFFSET mode=AUTO nav_goal=TARGET_INSPECTION,AUTO,0.000,-0.350,0.707,-0.005,True,True,False
9.400,sound_done,False,APPROACH_TARGET_OFFSET mode=AUTO nav_goal=TARGET_INSPECTION,AUTO,0.000,-0.350,0.707,-0.005,True,True,False
9.400,dynamic_target,count=1 x=0.37 y=-0.38 z=3.40,APPROACH_TARGET_OFFSET mode=AUTO nav_goal=TARGET_INSPECTION,AUTO,0.000,-0.350,0.707,-0.005,True,True,False
9.400,dynamic_lock,True,APPROACH_TARGET_OFFSET mode=AUTO nav_goal=TARGET_INSPECTION,AUTO,0.000,-0.350,0.707,-0.005,True,True,False
9.400,dynamic_target,count=1 x=0.37 y=-0.39 z=3.40,APPROACH_TARGET_OFFSET mode=AUTO nav_goal=TARGET_INSPECTION,AUTO,0.000,-0.350,0.707,-0.005,True,True,False
9.400,object_goal_state,REJECT cooldown source=elevated_dynamic_target remaining_sec=3.70,APPROACH_TARGET_OFFSET mode=AUTO nav_goal=TARGET_INSPECTION,AUTO,0.000,-0.350,0.707,-0.005,True,True,False
9.400,dynamic_lock,True,APPROACH_TARGET_OFFSET mode=AUTO nav_goal=TARGET_INSPECTION,AUTO,0.000,-0.350,0.707,-0.005,True,True,False
9.400,object_goal_state,REJECT cooldown source=elevated_dynamic_target remaining_sec=3.70,APPROACH_TARGET_OFFSET mode=AUTO nav_goal=TARGET_INSPECTION,AUTO,0.000,-0.350,0.707,-0.005,True,True,False
9.500,classification,GAZEBO_FAKE_YOLO11S_CLASSIFICATION class=bird,APPROACH_TARGET_OFFSET mode=AUTO nav_goal=TARGET_INSPECTION,AUTO,0.000,-0.350,0.707,-0.006,True,True,False
9.500,bird_confirmed,True,APPROACH_TARGET_OFFSET mode=AUTO nav_goal=TARGET_INSPECTION,AUTO,0.000,-0.350,0.707,-0.006,True,True,False
9.500,dynamic_target,count=1 x=0.38 y=-0.39 z=3.40,APPROACH_TARGET_OFFSET mode=AUTO nav_goal=TARGET_INSPECTION,AUTO,0.000,-0.350,0.707,-0.005,True,True,False
9.500,dynamic_lock,True,APPROACH_TARGET_OFFSET mode=AUTO nav_goal=TARGET_INSPECTION,AUTO,0.000,-0.350,0.707,-0.005,True,True,False
9.500,object_goal_state,REJECT cooldown source=elevated_dynamic_target remaining_sec=3.60,APPROACH_TARGET_OFFSET mode=AUTO nav_goal=TARGET_INSPECTION,AUTO,0.000,-0.350,0.707,-0.005,True,True,False
9.600,sound_state,IDLE_NO_REQUEST,APPROACH_TARGET_OFFSET mode=AUTO nav_goal=TARGET_INSPECTION,AUTO,0.000,-0.350,0.708,-0.005,True,True,False
9.600,sound_done,False,APPROACH_TARGET_OFFSET mode=AUTO nav_goal=TARGET_INSPECTION,AUTO,0.000,-0.350,0.708,-0.005,True,True,False
9.600,classification,GAZEBO_FAKE_YOLO11S_CLASSIFICATION class=bird,APPROACH_TARGET_OFFSET mode=AUTO nav_goal=TARGET_INSPECTION,AUTO,0.000,-0.350,0.708,-0.005,True,True,False
9.600,bird_confirmed,True,APPROACH_TARGET_OFFSET mode=AUTO nav_goal=TARGET_INSPECTION,AUTO,0.000,-0.350,0.708,-0.005,True,True,False
9.600,mission_state,APPROACH_TARGET_OFFSET mode=AUTO nav_goal=TARGET_INSPECTION,APPROACH_TARGET_OFFSET mode=AUTO nav_goal=TARGET_INSPECTION,AUTO,0.000,-0.350,0.708,-0.005,True,True,False
9.600,dynamic_target,count=1 x=0.38 y=-0.40 z=3.40,APPROACH_TARGET_OFFSET mode=AUTO nav_goal=TARGET_INSPECTION,AUTO,0.000,-0.350,0.708,-0.005,True,True,False
9.600,dynamic_lock,True,APPROACH_TARGET_OFFSET mode=AUTO nav_goal=TARGET_INSPECTION,AUTO,0.000,-0.350,0.708,-0.005,True,True,False
9.600,object_goal_state,REJECT cooldown source=elevated_dynamic_target remaining_sec=3.50,APPROACH_TARGET_OFFSET mode=AUTO nav_goal=TARGET_INSPECTION,AUTO,0.000,-0.350,0.708,-0.005,True,True,False
9.700,classification,GAZEBO_FAKE_YOLO11S_CLASSIFICATION class=bird,APPROACH_TARGET_OFFSET mode=AUTO nav_goal=TARGET_INSPECTION,AUTO,0.000,-0.350,0.707,-0.006,True,True,False
9.700,bird_confirmed,True,APPROACH_TARGET_OFFSET mode=AUTO nav_goal=TARGET_INSPECTION,AUTO,0.000,-0.350,0.707,-0.006,True,True,False
9.700,dynamic_target,count=1 x=0.38 y=-0.40 z=3.40,APPROACH_TARGET_OFFSET mode=AUTO nav_goal=TARGET_INSPECTION,AUTO,0.000,-0.350,0.707,-0.006,True,True,False
9.700,dynamic_lock,True,APPROACH_TARGET_OFFSET mode=AUTO nav_goal=TARGET_INSPECTION,AUTO,0.000,-0.350,0.707,-0.006,True,True,False
9.700,object_goal_state,REJECT cooldown source=elevated_dynamic_target remaining_sec=3.40,APPROACH_TARGET_OFFSET mode=AUTO nav_goal=TARGET_INSPECTION,AUTO,0.000,-0.350,0.707,-0.006,True,True,False
9.700,dynamic_target,count=1 x=0.39 y=-0.41 z=3.40,APPROACH_TARGET_OFFSET mode=AUTO nav_goal=TARGET_INSPECTION,AUTO,0.000,-0.350,0.707,-0.006,True,True,False
9.700,dynamic_lock,True,APPROACH_TARGET_OFFSET mode=AUTO nav_goal=TARGET_INSPECTION,AUTO,0.000,-0.350,0.707,-0.006,True,True,False
9.700,object_goal_state,REJECT cooldown source=elevated_dynamic_target remaining_sec=3.40,APPROACH_TARGET_OFFSET mode=AUTO nav_goal=TARGET_INSPECTION,AUTO,0.000,-0.350,0.707,-0.006,True,True,False
9.800,sound_state,IDLE_NO_REQUEST,APPROACH_TARGET_OFFSET mode=AUTO nav_goal=TARGET_INSPECTION,AUTO,0.000,-0.350,0.707,-0.006,True,True,False
9.800,sound_done,False,APPROACH_TARGET_OFFSET mode=AUTO nav_goal=TARGET_INSPECTION,AUTO,0.000,-0.350,0.707,-0.006,True,True,False
9.800,mission_state,APPROACH_TARGET_OFFSET mode=AUTO nav_goal=TARGET_INSPECTION,APPROACH_TARGET_OFFSET mode=AUTO nav_goal=TARGET_INSPECTION,AUTO,0.000,-0.350,0.707,-0.006,True,True,False
9.800,classification,GAZEBO_FAKE_YOLO11S_CLASSIFICATION class=bird,APPROACH_TARGET_OFFSET mode=AUTO nav_goal=TARGET_INSPECTION,AUTO,0.000,-0.350,0.707,-0.006,True,True,False
9.800,bird_confirmed,True,APPROACH_TARGET_OFFSET mode=AUTO nav_goal=TARGET_INSPECTION,AUTO,0.000,-0.350,0.707,-0.006,True,True,False
9.800,dynamic_target,count=1 x=0.40 y=-0.41 z=3.40,APPROACH_TARGET_OFFSET mode=AUTO nav_goal=TARGET_INSPECTION,AUTO,0.000,-0.350,0.707,-0.006,True,True,False
9.800,dynamic_lock,True,APPROACH_TARGET_OFFSET mode=AUTO nav_goal=TARGET_INSPECTION,AUTO,0.000,-0.350,0.707,-0.006,True,True,False
9.800,object_goal_state,REJECT cooldown source=elevated_dynamic_target remaining_sec=3.30,APPROACH_TARGET_OFFSET mode=AUTO nav_goal=TARGET_INSPECTION,AUTO,0.000,-0.350,0.707,-0.006,True,True,False
9.800,dynamic_target,count=1 x=0.40 y=-0.41 z=3.40,APPROACH_TARGET_OFFSET mode=AUTO nav_goal=TARGET_INSPECTION,AUTO,0.000,-0.350,0.707,-0.006,True,True,False
9.800,dynamic_lock,True,APPROACH_TARGET_OFFSET mode=AUTO nav_goal=TARGET_INSPECTION,AUTO,0.000,-0.350,0.707,-0.006,True,True,False
9.800,object_goal_state,REJECT cooldown source=elevated_dynamic_target remaining_sec=3.30,APPROACH_TARGET_OFFSET mode=AUTO nav_goal=TARGET_INSPECTION,AUTO,0.000,-0.350,0.707,-0.006,True,True,False
9.900,classification,GAZEBO_FAKE_YOLO11S_CLASSIFICATION class=bird,APPROACH_TARGET_OFFSET mode=AUTO nav_goal=TARGET_INSPECTION,AUTO,0.000,-0.350,0.706,-0.007,True,True,False
9.900,bird_confirmed,True,APPROACH_TARGET_OFFSET mode=AUTO nav_goal=TARGET_INSPECTION,AUTO,0.000,-0.350,0.706,-0.007,True,True,False
9.900,dynamic_target,count=1 x=0.40 y=-0.42 z=3.40,APPROACH_TARGET_OFFSET mode=AUTO nav_goal=TARGET_INSPECTION,AUTO,0.000,-0.350,0.707,-0.007,True,True,False
9.900,dynamic_lock,True,APPROACH_TARGET_OFFSET mode=AUTO nav_goal=TARGET_INSPECTION,AUTO,0.000,-0.350,0.707,-0.007,True,True,False
9.900,object_goal_state,REJECT cooldown source=elevated_dynamic_target remaining_sec=3.20,APPROACH_TARGET_OFFSET mode=AUTO nav_goal=TARGET_INSPECTION,AUTO,0.000,-0.350,0.707,-0.007,True,True,False
10.000,dynamic_target,count=1 x=0.40 y=-0.42 z=3.40,APPROACH_TARGET_OFFSET mode=AUTO nav_goal=TARGET_INSPECTION,AUTO,0.000,-0.350,0.706,-0.007,True,True,False
10.000,dynamic_lock,True,APPROACH_TARGET_OFFSET mode=AUTO nav_goal=TARGET_INSPECTION,AUTO,0.000,-0.350,0.706,-0.007,True,True,False
10.000,classification,GAZEBO_FAKE_YOLO11S_CLASSIFICATION class=bird,APPROACH_TARGET_OFFSET mode=AUTO nav_goal=TARGET_INSPECTION,AUTO,0.000,-0.350,0.706,-0.007,True,True,False
10.000,bird_confirmed,True,APPROACH_TARGET_OFFSET mode=AUTO nav_goal=TARGET_INSPECTION,AUTO,0.000,-0.350,0.706,-0.007,True,True,False
10.000,mission_state,APPROACH_TARGET_OFFSET mode=AUTO nav_goal=TARGET_INSPECTION,APPROACH_TARGET_OFFSET mode=AUTO nav_goal=TARGET_INSPECTION,AUTO,0.000,-0.350,0.706,-0.007,True,True,False
10.000,object_goal_state,REJECT cooldown source=elevated_dynamic_target remaining_sec=3.10,APPROACH_TARGET_OFFSET mode=AUTO nav_goal=TARGET_INSPECTION,AUTO,0.000,-0.350,0.706,-0.007,True,True,False
10.000,dynamic_target,count=1 x=0.41 y=-0.42 z=3.40,APPROACH_TARGET_OFFSET mode=AUTO nav_goal=TARGET_INSPECTION,AUTO,0.000,-0.350,0.706,-0.007,True,True,False
10.000,dynamic_lock,True,APPROACH_TARGET_OFFSET mode=AUTO nav_goal=TARGET_INSPECTION,AUTO,0.000,-0.350,0.706,-0.007,True,True,False
10.000,sound_state,IDLE_NO_REQUEST,APPROACH_TARGET_OFFSET mode=AUTO nav_goal=TARGET_INSPECTION,AUTO,0.000,-0.350,0.706,-0.007,True,True,False
10.000,sound_done,False,APPROACH_TARGET_OFFSET mode=AUTO nav_goal=TARGET_INSPECTION,AUTO,0.000,-0.350,0.706,-0.007,True,True,False
10.000,object_goal_state,REJECT cooldown source=elevated_dynamic_target remaining_sec=3.10,APPROACH_TARGET_OFFSET mode=AUTO nav_goal=TARGET_INSPECTION,AUTO,0.000,-0.350,0.706,-0.007,True,True,False
10.100,classification,GAZEBO_FAKE_YOLO11S_CLASSIFICATION class=bird,APPROACH_TARGET_OFFSET mode=AUTO nav_goal=TARGET_INSPECTION,AUTO,0.000,-0.350,0.707,-0.007,True,True,False
10.100,bird_confirmed,True,APPROACH_TARGET_OFFSET mode=AUTO nav_goal=TARGET_INSPECTION,AUTO,0.000,-0.350,0.707,-0.007,True,True,False
10.100,dynamic_target,count=1 x=0.41 y=-0.43 z=3.40,APPROACH_TARGET_OFFSET mode=AUTO nav_goal=TARGET_INSPECTION,AUTO,0.000,-0.350,0.707,-0.007,True,True,False
10.100,dynamic_lock,True,APPROACH_TARGET_OFFSET mode=AUTO nav_goal=TARGET_INSPECTION,AUTO,0.000,-0.350,0.707,-0.007,True,True,False
10.100,object_goal_state,REJECT cooldown source=elevated_dynamic_target remaining_sec=3.00,APPROACH_TARGET_OFFSET mode=AUTO nav_goal=TARGET_INSPECTION,AUTO,0.000,-0.350,0.707,-0.007,True,True,False
10.200,sound_done,False,APPROACH_TARGET_OFFSET mode=AUTO nav_goal=TARGET_INSPECTION,AUTO,0.000,-0.350,0.707,-0.007,True,True,False
10.200,sound_state,IDLE_NO_REQUEST,APPROACH_TARGET_OFFSET mode=AUTO nav_goal=TARGET_INSPECTION,AUTO,0.000,-0.350,0.707,-0.007,True,True,False
10.200,classification,GAZEBO_FAKE_YOLO11S_CLASSIFICATION class=bird,APPROACH_TARGET_OFFSET mode=AUTO nav_goal=TARGET_INSPECTION,AUTO,0.000,-0.350,0.707,-0.007,True,True,False
10.200,bird_confirmed,True,APPROACH_TARGET_OFFSET mode=AUTO nav_goal=TARGET_INSPECTION,AUTO,0.000,-0.350,0.707,-0.007,True,True,False
10.200,mission_state,APPROACH_TARGET_OFFSET mode=AUTO nav_goal=TARGET_INSPECTION,APPROACH_TARGET_OFFSET mode=AUTO nav_goal=TARGET_INSPECTION,AUTO,0.000,-0.350,0.707,-0.007,True,True,False
10.200,dynamic_target,count=1 x=0.41 y=-0.43 z=3.40,APPROACH_TARGET_OFFSET mode=AUTO nav_goal=TARGET_INSPECTION,AUTO,0.000,-0.350,0.707,-0.007,True,True,False
10.200,dynamic_lock,True,APPROACH_TARGET_OFFSET mode=AUTO nav_goal=TARGET_INSPECTION,AUTO,0.000,-0.350,0.707,-0.007,True,True,False
10.200,object_goal_state,REJECT cooldown source=elevated_dynamic_target remaining_sec=2.90,APPROACH_TARGET_OFFSET mode=AUTO nav_goal=TARGET_INSPECTION,AUTO,0.000,-0.350,0.707,-0.007,True,True,False
10.200,dynamic_target,count=1 x=0.42 y=-0.44 z=3.40,APPROACH_TARGET_OFFSET mode=AUTO nav_goal=TARGET_INSPECTION,AUTO,0.000,-0.350,0.707,-0.007,True,True,False
10.200,dynamic_lock,True,APPROACH_TARGET_OFFSET mode=AUTO nav_goal=TARGET_INSPECTION,AUTO,0.000,-0.350,0.707,-0.007,True,True,False
10.200,object_goal_state,REJECT cooldown source=elevated_dynamic_target remaining_sec=2.90,APPROACH_TARGET_OFFSET mode=AUTO nav_goal=TARGET_INSPECTION,AUTO,0.000,-0.350,0.707,-0.007,True,True,False
10.300,classification,GAZEBO_FAKE_YOLO11S_CLASSIFICATION class=bird,APPROACH_TARGET_OFFSET mode=AUTO nav_goal=TARGET_INSPECTION,AUTO,0.000,-0.350,0.707,-0.007,True,True,False
10.300,bird_confirmed,True,APPROACH_TARGET_OFFSET mode=AUTO nav_goal=TARGET_INSPECTION,AUTO,0.000,-0.350,0.707,-0.007,True,True,False
10.300,dynamic_target,count=1 x=0.43 y=-0.44 z=3.40,APPROACH_TARGET_OFFSET mode=AUTO nav_goal=TARGET_INSPECTION,AUTO,0.000,-0.350,0.707,-0.007,True,True,False
10.300,dynamic_lock,True,APPROACH_TARGET_OFFSET mode=AUTO nav_goal=TARGET_INSPECTION,AUTO,0.000,-0.350,0.707,-0.007,True,True,False
10.300,object_goal_state,REJECT cooldown source=elevated_dynamic_target remaining_sec=2.80,APPROACH_TARGET_OFFSET mode=AUTO nav_goal=TARGET_INSPECTION,AUTO,0.000,-0.350,0.707,-0.007,True,True,False
10.400,mission_state,APPROACH_TARGET_OFFSET mode=AUTO nav_goal=TARGET_INSPECTION,APPROACH_TARGET_OFFSET mode=AUTO nav_goal=TARGET_INSPECTION,AUTO,0.000,-0.350,0.707,-0.008,True,True,False
10.400,classification,GAZEBO_FAKE_YOLO11S_CLASSIFICATION class=bird,APPROACH_TARGET_OFFSET mode=AUTO nav_goal=TARGET_INSPECTION,AUTO,0.000,-0.350,0.707,-0.008,True,True,False
10.400,bird_confirmed,True,APPROACH_TARGET_OFFSET mode=AUTO nav_goal=TARGET_INSPECTION,AUTO,0.000,-0.350,0.707,-0.008,True,True,False
10.400,sound_state,IDLE_NO_REQUEST,APPROACH_TARGET_OFFSET mode=AUTO nav_goal=TARGET_INSPECTION,AUTO,0.000,-0.350,0.707,-0.008,True,True,False
10.400,sound_done,False,APPROACH_TARGET_OFFSET mode=AUTO nav_goal=TARGET_INSPECTION,AUTO,0.000,-0.350,0.707,-0.008,True,True,False
10.400,dynamic_target,count=1 x=0.43 y=-0.45 z=3.40,APPROACH_TARGET_OFFSET mode=AUTO nav_goal=TARGET_INSPECTION,AUTO,0.000,-0.350,0.707,-0.007,True,True,False
10.400,dynamic_lock,True,APPROACH_TARGET_OFFSET mode=AUTO nav_goal=TARGET_INSPECTION,AUTO,0.000,-0.350,0.707,-0.007,True,True,False
10.400,object_goal_state,REJECT cooldown source=elevated_dynamic_target remaining_sec=2.70,APPROACH_TARGET_OFFSET mode=AUTO nav_goal=TARGET_INSPECTION,AUTO,0.000,-0.350,0.707,-0.007,True,True,False
10.400,dynamic_target,count=1 x=0.43 y=-0.45 z=3.40,APPROACH_TARGET_OFFSET mode=AUTO nav_goal=TARGET_INSPECTION,AUTO,0.000,-0.350,0.707,-0.007,True,True,False
10.400,dynamic_lock,True,APPROACH_TARGET_OFFSET mode=AUTO nav_goal=TARGET_INSPECTION,AUTO,0.000,-0.350,0.707,-0.007,True,True,False
10.400,object_goal_state,REJECT cooldown source=elevated_dynamic_target remaining_sec=2.70,APPROACH_TARGET_OFFSET mode=AUTO nav_goal=TARGET_INSPECTION,AUTO,0.000,-0.350,0.707,-0.007,True,True,False
10.500,classification,GAZEBO_FAKE_YOLO11S_CLASSIFICATION class=bird,APPROACH_TARGET_OFFSET mode=AUTO nav_goal=TARGET_INSPECTION,AUTO,0.000,-0.350,0.707,-0.007,True,True,False
10.500,bird_confirmed,True,APPROACH_TARGET_OFFSET mode=AUTO nav_goal=TARGET_INSPECTION,AUTO,0.000,-0.350,0.707,-0.007,True,True,False
10.500,dynamic_target,count=1 x=0.44 y=-0.46 z=3.40,APPROACH_TARGET_OFFSET mode=AUTO nav_goal=TARGET_INSPECTION,AUTO,0.000,-0.350,0.707,-0.007,True,True,False
10.500,dynamic_lock,True,APPROACH_TARGET_OFFSET mode=AUTO nav_goal=TARGET_INSPECTION,AUTO,0.000,-0.350,0.707,-0.007,True,True,False
10.500,object_goal_state,REJECT cooldown source=elevated_dynamic_target remaining_sec=2.60,APPROACH_TARGET_OFFSET mode=AUTO nav_goal=TARGET_INSPECTION,AUTO,0.000,-0.350,0.707,-0.007,True,True,False
10.600,dynamic_target,count=1 x=0.44 y=-0.46 z=3.40,APPROACH_TARGET_OFFSET mode=AUTO nav_goal=TARGET_INSPECTION,AUTO,0.000,-0.350,0.707,-0.008,True,True,False
10.600,dynamic_lock,True,APPROACH_TARGET_OFFSET mode=AUTO nav_goal=TARGET_INSPECTION,AUTO,0.000,-0.350,0.707,-0.008,True,True,False
10.600,sound_state,IDLE_NO_REQUEST,APPROACH_TARGET_OFFSET mode=AUTO nav_goal=TARGET_INSPECTION,AUTO,0.000,-0.350,0.707,-0.008,True,True,False
10.600,sound_done,False,APPROACH_TARGET_OFFSET mode=AUTO nav_goal=TARGET_INSPECTION,AUTO,0.000,-0.350,0.707,-0.008,True,True,False
10.600,mission_state,APPROACH_TARGET_OFFSET mode=AUTO nav_goal=TARGET_INSPECTION,APPROACH_TARGET_OFFSET mode=AUTO nav_goal=TARGET_INSPECTION,AUTO,0.000,-0.350,0.707,-0.008,True,True,False
10.600,object_goal_state,REJECT cooldown source=elevated_dynamic_target remaining_sec=2.50,APPROACH_TARGET_OFFSET mode=AUTO nav_goal=TARGET_INSPECTION,AUTO,0.000,-0.350,0.707,-0.008,True,True,False
10.600,classification,GAZEBO_FAKE_YOLO11S_CLASSIFICATION class=bird,APPROACH_TARGET_OFFSET mode=AUTO nav_goal=TARGET_INSPECTION,AUTO,0.000,-0.350,0.707,-0.008,True,True,False
10.600,bird_confirmed,True,APPROACH_TARGET_OFFSET mode=AUTO nav_goal=TARGET_INSPECTION,AUTO,0.000,-0.350,0.707,-0.008,True,True,False
10.600,dynamic_target,count=1 x=0.44 y=-0.46 z=3.40,APPROACH_TARGET_OFFSET mode=AUTO nav_goal=TARGET_INSPECTION,AUTO,0.000,-0.350,0.707,-0.008,True,True,False
10.600,object_goal_state,REJECT cooldown source=elevated_dynamic_target remaining_sec=2.50,APPROACH_TARGET_OFFSET mode=AUTO nav_goal=TARGET_INSPECTION,AUTO,0.000,-0.350,0.707,-0.008,True,True,False
10.600,dynamic_lock,True,APPROACH_TARGET_OFFSET mode=AUTO nav_goal=TARGET_INSPECTION,AUTO,0.000,-0.350,0.707,-0.008,True,True,False
10.700,classification,GAZEBO_FAKE_YOLO11S_CLASSIFICATION class=bird,APPROACH_TARGET_OFFSET mode=AUTO nav_goal=TARGET_INSPECTION,AUTO,0.000,-0.350,0.707,-0.007,True,True,False
10.700,bird_confirmed,True,APPROACH_TARGET_OFFSET mode=AUTO nav_goal=TARGET_INSPECTION,AUTO,0.000,-0.350,0.707,-0.007,True,True,False
10.700,dynamic_target,count=1 x=0.45 y=-0.47 z=3.40,APPROACH_TARGET_OFFSET mode=AUTO nav_goal=TARGET_INSPECTION,AUTO,0.000,-0.350,0.707,-0.007,True,True,False
10.700,dynamic_lock,True,APPROACH_TARGET_OFFSET mode=AUTO nav_goal=TARGET_INSPECTION,AUTO,0.000,-0.350,0.707,-0.007,True,True,False
10.700,object_goal_state,REJECT cooldown source=elevated_dynamic_target remaining_sec=2.40,APPROACH_TARGET_OFFSET mode=AUTO nav_goal=TARGET_INSPECTION,AUTO,0.000,-0.350,0.707,-0.007,True,True,False
10.800,sound_done,False,APPROACH_TARGET_OFFSET mode=AUTO nav_goal=TARGET_INSPECTION,AUTO,0.000,-0.350,0.707,-0.008,True,True,False
10.800,sound_state,IDLE_NO_REQUEST,APPROACH_TARGET_OFFSET mode=AUTO nav_goal=TARGET_INSPECTION,AUTO,0.000,-0.350,0.707,-0.008,True,True,False
10.800,bird_confirmed,True,APPROACH_TARGET_OFFSET mode=AUTO nav_goal=TARGET_INSPECTION,AUTO,0.000,-0.350,0.707,-0.008,True,True,False
10.800,mission_state,APPROACH_TARGET_OFFSET mode=AUTO nav_goal=TARGET_INSPECTION,APPROACH_TARGET_OFFSET mode=AUTO nav_goal=TARGET_INSPECTION,AUTO,0.000,-0.350,0.707,-0.008,True,True,False
10.800,classification,GAZEBO_FAKE_YOLO11S_CLASSIFICATION class=bird,APPROACH_TARGET_OFFSET mode=AUTO nav_goal=TARGET_INSPECTION,AUTO,0.000,-0.350,0.707,-0.008,True,True,False
10.800,dynamic_target,count=1 x=0.45 y=-0.47 z=3.40,APPROACH_TARGET_OFFSET mode=AUTO nav_goal=TARGET_INSPECTION,AUTO,0.000,-0.350,0.706,-0.009,True,True,False
10.800,dynamic_lock,True,APPROACH_TARGET_OFFSET mode=AUTO nav_goal=TARGET_INSPECTION,AUTO,0.000,-0.350,0.706,-0.009,True,True,False
10.800,object_goal_state,REJECT cooldown source=elevated_dynamic_target remaining_sec=2.30,APPROACH_TARGET_OFFSET mode=AUTO nav_goal=TARGET_INSPECTION,AUTO,0.000,-0.350,0.706,-0.009,True,True,False
10.800,dynamic_target,count=1 x=0.45 y=-0.47 z=3.40,APPROACH_TARGET_OFFSET mode=AUTO nav_goal=TARGET_INSPECTION,AUTO,0.000,-0.350,0.706,-0.009,True,True,False
10.800,dynamic_lock,True,APPROACH_TARGET_OFFSET mode=AUTO nav_goal=TARGET_INSPECTION,AUTO,0.000,-0.350,0.706,-0.009,True,True,False
10.800,object_goal_state,REJECT cooldown source=elevated_dynamic_target remaining_sec=2.30,APPROACH_TARGET_OFFSET mode=AUTO nav_goal=TARGET_INSPECTION,AUTO,0.000,-0.350,0.706,-0.009,True,True,False
10.900,classification,GAZEBO_FAKE_YOLO11S_CLASSIFICATION class=bird,APPROACH_TARGET_OFFSET mode=AUTO nav_goal=TARGET_INSPECTION,AUTO,0.000,-0.350,0.707,-0.008,True,True,False
10.900,bird_confirmed,True,APPROACH_TARGET_OFFSET mode=AUTO nav_goal=TARGET_INSPECTION,AUTO,0.000,-0.350,0.707,-0.008,True,True,False
10.900,dynamic_target,count=1 x=0.46 y=-0.48 z=3.40,APPROACH_TARGET_OFFSET mode=AUTO nav_goal=TARGET_INSPECTION,AUTO,0.000,-0.350,0.707,-0.008,True,True,False
10.900,dynamic_lock,True,APPROACH_TARGET_OFFSET mode=AUTO nav_goal=TARGET_INSPECTION,AUTO,0.000,-0.350,0.707,-0.008,True,True,False
10.900,object_goal_state,REJECT cooldown source=elevated_dynamic_target remaining_sec=2.20,APPROACH_TARGET_OFFSET mode=AUTO nav_goal=TARGET_INSPECTION,AUTO,0.000,-0.350,0.707,-0.008,True,True,False
11.000,sound_state,IDLE_NO_REQUEST,APPROACH_TARGET_OFFSET mode=AUTO nav_goal=TARGET_INSPECTION,AUTO,0.000,-0.350,0.706,-0.009,True,True,False
11.000,sound_done,False,APPROACH_TARGET_OFFSET mode=AUTO nav_goal=TARGET_INSPECTION,AUTO,0.000,-0.350,0.706,-0.009,True,True,False
11.000,mission_state,APPROACH_TARGET_OFFSET mode=AUTO nav_goal=TARGET_INSPECTION,APPROACH_TARGET_OFFSET mode=AUTO nav_goal=TARGET_INSPECTION,AUTO,0.000,-0.350,0.706,-0.009,True,True,False
11.000,classification,GAZEBO_FAKE_YOLO11S_CLASSIFICATION class=bird,APPROACH_TARGET_OFFSET mode=AUTO nav_goal=TARGET_INSPECTION,AUTO,0.000,-0.350,0.706,-0.009,True,True,False
11.000,bird_confirmed,True,APPROACH_TARGET_OFFSET mode=AUTO nav_goal=TARGET_INSPECTION,AUTO,0.000,-0.350,0.706,-0.009,True,True,False
11.000,dynamic_target,count=1 x=0.47 y=-0.49 z=3.40,APPROACH_TARGET_OFFSET mode=AUTO nav_goal=TARGET_INSPECTION,AUTO,0.000,-0.350,0.706,-0.009,True,True,False
11.000,dynamic_lock,True,APPROACH_TARGET_OFFSET mode=AUTO nav_goal=TARGET_INSPECTION,AUTO,0.000,-0.350,0.706,-0.009,True,True,False
11.000,object_goal_state,REJECT cooldown source=elevated_dynamic_target remaining_sec=2.10,APPROACH_TARGET_OFFSET mode=AUTO nav_goal=TARGET_INSPECTION,AUTO,0.000,-0.350,0.706,-0.009,True,True,False
11.000,dynamic_target,count=1 x=0.47 y=-0.49 z=3.40,APPROACH_TARGET_OFFSET mode=AUTO nav_goal=TARGET_INSPECTION,AUTO,0.000,-0.350,0.706,-0.009,True,True,False
11.000,dynamic_lock,True,APPROACH_TARGET_OFFSET mode=AUTO nav_goal=TARGET_INSPECTION,AUTO,0.000,-0.350,0.706,-0.009,True,True,False
11.000,object_goal_state,REJECT cooldown source=elevated_dynamic_target remaining_sec=2.10,APPROACH_TARGET_OFFSET mode=AUTO nav_goal=TARGET_INSPECTION,AUTO,0.000,-0.350,0.706,-0.009,True,True,False
11.100,classification,GAZEBO_FAKE_YOLO11S_CLASSIFICATION class=bird,APPROACH_TARGET_OFFSET mode=AUTO nav_goal=TARGET_INSPECTION,AUTO,0.000,-0.350,0.706,-0.008,True,True,False
11.100,bird_confirmed,True,APPROACH_TARGET_OFFSET mode=AUTO nav_goal=TARGET_INSPECTION,AUTO,0.000,-0.350,0.706,-0.008,True,True,False
11.100,dynamic_target,count=1 x=0.47 y=-0.49 z=3.40,APPROACH_TARGET_OFFSET mode=AUTO nav_goal=TARGET_INSPECTION,AUTO,0.000,-0.350,0.706,-0.008,True,True,False
11.100,dynamic_lock,True,APPROACH_TARGET_OFFSET mode=AUTO nav_goal=TARGET_INSPECTION,AUTO,0.000,-0.350,0.706,-0.008,True,True,False
11.100,object_goal_state,REJECT cooldown source=elevated_dynamic_target remaining_sec=2.00,APPROACH_TARGET_OFFSET mode=AUTO nav_goal=TARGET_INSPECTION,AUTO,0.000,-0.350,0.706,-0.008,True,True,False
11.200,mission_state,APPROACH_TARGET_OFFSET mode=AUTO nav_goal=TARGET_INSPECTION,APPROACH_TARGET_OFFSET mode=AUTO nav_goal=TARGET_INSPECTION,AUTO,0.000,-0.350,0.706,-0.009,True,True,False
11.200,dynamic_target,count=1 x=0.47 y=-0.49 z=3.40,APPROACH_TARGET_OFFSET mode=AUTO nav_goal=TARGET_INSPECTION,AUTO,0.000,-0.350,0.706,-0.009,True,True,False
11.200,dynamic_lock,True,APPROACH_TARGET_OFFSET mode=AUTO nav_goal=TARGET_INSPECTION,AUTO,0.000,-0.350,0.706,-0.009,True,True,False
11.200,classification,GAZEBO_FAKE_YOLO11S_CLASSIFICATION class=bird,APPROACH_TARGET_OFFSET mode=AUTO nav_goal=TARGET_INSPECTION,AUTO,0.000,-0.350,0.706,-0.009,True,True,False
11.200,bird_confirmed,True,APPROACH_TARGET_OFFSET mode=AUTO nav_goal=TARGET_INSPECTION,AUTO,0.000,-0.350,0.706,-0.009,True,True,False
11.200,sound_state,IDLE_NO_REQUEST,APPROACH_TARGET_OFFSET mode=AUTO nav_goal=TARGET_INSPECTION,AUTO,0.000,-0.350,0.706,-0.009,True,True,False
11.200,sound_done,False,APPROACH_TARGET_OFFSET mode=AUTO nav_goal=TARGET_INSPECTION,AUTO,0.000,-0.350,0.706,-0.009,True,True,False
11.200,object_goal_state,REJECT cooldown source=elevated_dynamic_target remaining_sec=1.90,APPROACH_TARGET_OFFSET mode=AUTO nav_goal=TARGET_INSPECTION,AUTO,0.000,-0.350,0.706,-0.009,True,True,False
11.200,dynamic_target,count=1 x=0.48 y=-0.50 z=3.40,APPROACH_TARGET_OFFSET mode=AUTO nav_goal=TARGET_INSPECTION,AUTO,0.000,-0.350,0.706,-0.009,True,True,False
11.200,dynamic_lock,True,APPROACH_TARGET_OFFSET mode=AUTO nav_goal=TARGET_INSPECTION,AUTO,0.000,-0.350,0.706,-0.009,True,True,False
11.200,object_goal_state,REJECT cooldown source=elevated_dynamic_target remaining_sec=1.90,APPROACH_TARGET_OFFSET mode=AUTO nav_goal=TARGET_INSPECTION,AUTO,0.000,-0.350,0.706,-0.009,True,True,False
11.300,classification,GAZEBO_FAKE_YOLO11S_CLASSIFICATION class=bird,APPROACH_TARGET_OFFSET mode=AUTO nav_goal=TARGET_INSPECTION,AUTO,0.000,-0.350,0.706,-0.009,True,True,False
11.300,bird_confirmed,True,APPROACH_TARGET_OFFSET mode=AUTO nav_goal=TARGET_INSPECTION,AUTO,0.000,-0.350,0.706,-0.009,True,True,False
11.300,dynamic_target,count=1 x=0.48 y=-0.50 z=3.40,APPROACH_TARGET_OFFSET mode=AUTO nav_goal=TARGET_INSPECTION,AUTO,0.000,-0.350,0.706,-0.009,True,True,False
11.300,dynamic_lock,True,APPROACH_TARGET_OFFSET mode=AUTO nav_goal=TARGET_INSPECTION,AUTO,0.000,-0.350,0.706,-0.009,True,True,False
11.300,object_goal_state,REJECT cooldown source=elevated_dynamic_target remaining_sec=1.80,APPROACH_TARGET_OFFSET mode=AUTO nav_goal=TARGET_INSPECTION,AUTO,0.000,-0.350,0.706,-0.009,True,True,False
11.400,classification,GAZEBO_FAKE_YOLO11S_CLASSIFICATION class=bird,APPROACH_TARGET_OFFSET mode=AUTO nav_goal=TARGET_INSPECTION,AUTO,0.000,-0.350,0.706,-0.008,True,True,False
11.400,bird_confirmed,True,APPROACH_TARGET_OFFSET mode=AUTO nav_goal=TARGET_INSPECTION,AUTO,0.000,-0.350,0.706,-0.008,True,True,False
11.400,dynamic_target,count=1 x=0.48 y=-0.50 z=3.40,APPROACH_TARGET_OFFSET mode=AUTO nav_goal=TARGET_INSPECTION,AUTO,0.000,-0.350,0.706,-0.008,True,True,False
11.400,dynamic_lock,True,APPROACH_TARGET_OFFSET mode=AUTO nav_goal=TARGET_INSPECTION,AUTO,0.000,-0.350,0.706,-0.008,True,True,False
11.400,mission_state,APPROACH_TARGET_OFFSET mode=AUTO nav_goal=TARGET_INSPECTION,APPROACH_TARGET_OFFSET mode=AUTO nav_goal=TARGET_INSPECTION,AUTO,0.000,-0.350,0.706,-0.008,True,True,False
11.400,object_goal_state,REJECT cooldown source=elevated_dynamic_target remaining_sec=1.70,APPROACH_TARGET_OFFSET mode=AUTO nav_goal=TARGET_INSPECTION,AUTO,0.000,-0.350,0.706,-0.008,True,True,False
11.400,sound_state,IDLE_NO_REQUEST,APPROACH_TARGET_OFFSET mode=AUTO nav_goal=TARGET_INSPECTION,AUTO,0.000,-0.350,0.706,-0.008,True,True,False
11.400,sound_done,False,APPROACH_TARGET_OFFSET mode=AUTO nav_goal=TARGET_INSPECTION,AUTO,0.000,-0.350,0.706,-0.008,True,True,False
11.400,dynamic_target,count=1 x=0.49 y=-0.51 z=3.40,APPROACH_TARGET_OFFSET mode=AUTO nav_goal=TARGET_INSPECTION,AUTO,0.000,-0.350,0.706,-0.008,True,True,False
11.400,dynamic_lock,True,APPROACH_TARGET_OFFSET mode=AUTO nav_goal=TARGET_INSPECTION,AUTO,0.000,-0.350,0.706,-0.008,True,True,False
11.400,object_goal_state,REJECT cooldown source=elevated_dynamic_target remaining_sec=1.70,APPROACH_TARGET_OFFSET mode=AUTO nav_goal=TARGET_INSPECTION,AUTO,0.000,-0.350,0.706,-0.008,True,True,False
11.500,classification,GAZEBO_FAKE_YOLO11S_CLASSIFICATION class=bird,APPROACH_TARGET_OFFSET mode=AUTO nav_goal=TARGET_INSPECTION,AUTO,0.000,-0.350,0.706,-0.008,True,True,False
11.500,bird_confirmed,True,APPROACH_TARGET_OFFSET mode=AUTO nav_goal=TARGET_INSPECTION,AUTO,0.000,-0.350,0.706,-0.008,True,True,False
11.500,dynamic_target,count=1 x=0.50 y=-0.52 z=3.40,APPROACH_TARGET_OFFSET mode=AUTO nav_goal=TARGET_INSPECTION,AUTO,0.000,-0.350,0.707,-0.008,True,True,False
11.500,dynamic_lock,True,APPROACH_TARGET_OFFSET mode=AUTO nav_goal=TARGET_INSPECTION,AUTO,0.000,-0.350,0.707,-0.008,True,True,False
11.500,object_goal_state,REJECT cooldown source=elevated_dynamic_target remaining_sec=1.60,APPROACH_TARGET_OFFSET mode=AUTO nav_goal=TARGET_INSPECTION,AUTO,0.000,-0.350,0.707,-0.008,True,True,False
11.600,sound_done,False,APPROACH_TARGET_OFFSET mode=AUTO nav_goal=TARGET_INSPECTION,AUTO,0.000,-0.350,0.706,-0.009,True,True,False
11.600,classification,GAZEBO_FAKE_YOLO11S_CLASSIFICATION class=bird,APPROACH_TARGET_OFFSET mode=AUTO nav_goal=TARGET_INSPECTION,AUTO,0.000,-0.350,0.706,-0.009,True,True,False
11.600,bird_confirmed,True,APPROACH_TARGET_OFFSET mode=AUTO nav_goal=TARGET_INSPECTION,AUTO,0.000,-0.350,0.706,-0.009,True,True,False
11.600,sound_state,IDLE_NO_REQUEST,APPROACH_TARGET_OFFSET mode=AUTO nav_goal=TARGET_INSPECTION,AUTO,0.000,-0.350,0.706,-0.009,True,True,False
11.600,dynamic_target,count=1 x=0.50 y=-0.52 z=3.40,APPROACH_TARGET_OFFSET mode=AUTO nav_goal=TARGET_INSPECTION,AUTO,0.000,-0.350,0.706,-0.009,True,True,False
11.600,dynamic_lock,True,APPROACH_TARGET_OFFSET mode=AUTO nav_goal=TARGET_INSPECTION,AUTO,0.000,-0.350,0.706,-0.009,True,True,False
11.600,mission_state,APPROACH_TARGET_OFFSET mode=AUTO nav_goal=TARGET_INSPECTION,APPROACH_TARGET_OFFSET mode=AUTO nav_goal=TARGET_INSPECTION,AUTO,0.000,-0.350,0.706,-0.009,True,True,False
11.600,object_goal_state,REJECT cooldown source=elevated_dynamic_target remaining_sec=1.50,APPROACH_TARGET_OFFSET mode=AUTO nav_goal=TARGET_INSPECTION,AUTO,0.000,-0.350,0.706,-0.009,True,True,False
11.600,dynamic_target,count=1 x=0.50 y=-0.52 z=3.40,APPROACH_TARGET_OFFSET mode=AUTO nav_goal=TARGET_INSPECTION,AUTO,0.000,-0.350,0.706,-0.009,True,True,False
11.600,dynamic_lock,True,APPROACH_TARGET_OFFSET mode=AUTO nav_goal=TARGET_INSPECTION,AUTO,0.000,-0.350,0.706,-0.009,True,True,False
11.600,object_goal_state,REJECT cooldown source=elevated_dynamic_target remaining_sec=1.50,APPROACH_TARGET_OFFSET mode=AUTO nav_goal=TARGET_INSPECTION,AUTO,0.000,-0.350,0.706,-0.009,True,True,False
11.600,classification,GAZEBO_FAKE_YOLO11S_CLASSIFICATION class=bird,APPROACH_TARGET_OFFSET mode=AUTO nav_goal=TARGET_INSPECTION,AUTO,0.000,-0.350,0.706,-0.009,True,True,False
11.600,bird_confirmed,True,APPROACH_TARGET_OFFSET mode=AUTO nav_goal=TARGET_INSPECTION,AUTO,0.000,-0.350,0.706,-0.009,True,True,False
11.600,dynamic_target,count=1 x=0.51 y=-0.53 z=3.40,APPROACH_TARGET_OFFSET mode=AUTO nav_goal=TARGET_INSPECTION,AUTO,0.000,-0.350,0.706,-0.009,True,True,False
11.600,dynamic_lock,True,APPROACH_TARGET_OFFSET mode=AUTO nav_goal=TARGET_INSPECTION,AUTO,0.000,-0.350,0.706,-0.009,True,True,False
11.600,object_goal_state,REJECT cooldown source=elevated_dynamic_target remaining_sec=1.50,APPROACH_TARGET_OFFSET mode=AUTO nav_goal=TARGET_INSPECTION,AUTO,0.000,-0.350,0.706,-0.009,True,True,False
11.800,sound_state,IDLE_NO_REQUEST,APPROACH_TARGET_OFFSET mode=AUTO nav_goal=TARGET_INSPECTION,AUTO,0.000,-0.350,0.706,-0.009,True,True,False
11.800,sound_done,False,APPROACH_TARGET_OFFSET mode=AUTO nav_goal=TARGET_INSPECTION,AUTO,0.000,-0.350,0.706,-0.009,True,True,False
11.800,dynamic_target,count=1 x=0.51 y=-0.53 z=3.40,APPROACH_TARGET_OFFSET mode=AUTO nav_goal=TARGET_INSPECTION,AUTO,0.000,-0.350,0.706,-0.009,True,True,False
11.800,dynamic_lock,True,APPROACH_TARGET_OFFSET mode=AUTO nav_goal=TARGET_INSPECTION,AUTO,0.000,-0.350,0.706,-0.009,True,True,False
11.800,classification,GAZEBO_FAKE_YOLO11S_CLASSIFICATION class=bird,APPROACH_TARGET_OFFSET mode=AUTO nav_goal=TARGET_INSPECTION,AUTO,0.000,-0.350,0.706,-0.009,True,True,False
11.800,bird_confirmed,True,APPROACH_TARGET_OFFSET mode=AUTO nav_goal=TARGET_INSPECTION,AUTO,0.000,-0.350,0.706,-0.009,True,True,False
11.800,object_goal_state,REJECT cooldown source=elevated_dynamic_target remaining_sec=1.30,APPROACH_TARGET_OFFSET mode=AUTO nav_goal=TARGET_INSPECTION,AUTO,0.000,-0.350,0.706,-0.009,True,True,False
11.800,mission_state,APPROACH_TARGET_OFFSET mode=AUTO nav_goal=TARGET_INSPECTION,APPROACH_TARGET_OFFSET mode=AUTO nav_goal=TARGET_INSPECTION,AUTO,0.000,-0.350,0.706,-0.009,True,True,False
11.800,dynamic_target,count=1 x=0.51 y=-0.53 z=3.40,APPROACH_TARGET_OFFSET mode=AUTO nav_goal=TARGET_INSPECTION,AUTO,0.000,-0.350,0.706,-0.009,True,True,False
11.800,dynamic_lock,True,APPROACH_TARGET_OFFSET mode=AUTO nav_goal=TARGET_INSPECTION,AUTO,0.000,-0.350,0.706,-0.009,True,True,False
11.800,object_goal_state,REJECT cooldown source=elevated_dynamic_target remaining_sec=1.30,APPROACH_TARGET_OFFSET mode=AUTO nav_goal=TARGET_INSPECTION,AUTO,0.000,-0.350,0.706,-0.009,True,True,False
11.900,classification,GAZEBO_FAKE_YOLO11S_CLASSIFICATION class=bird,APPROACH_TARGET_OFFSET mode=AUTO nav_goal=TARGET_INSPECTION,AUTO,0.000,-0.350,0.706,-0.009,True,True,False
11.900,bird_confirmed,True,APPROACH_TARGET_OFFSET mode=AUTO nav_goal=TARGET_INSPECTION,AUTO,0.000,-0.350,0.706,-0.009,True,True,False
11.900,dynamic_target,count=1 x=0.52 y=-0.54 z=3.40,APPROACH_TARGET_OFFSET mode=AUTO nav_goal=TARGET_INSPECTION,AUTO,0.000,-0.350,0.706,-0.009,True,True,False
11.900,dynamic_lock,True,APPROACH_TARGET_OFFSET mode=AUTO nav_goal=TARGET_INSPECTION,AUTO,0.000,-0.350,0.706,-0.009,True,True,False
11.900,object_goal_state,REJECT cooldown source=elevated_dynamic_target remaining_sec=1.20,APPROACH_TARGET_OFFSET mode=AUTO nav_goal=TARGET_INSPECTION,AUTO,0.000,-0.350,0.706,-0.009,True,True,False
12.000,dynamic_target,count=1 x=0.52 y=-0.54 z=3.40,APPROACH_TARGET_OFFSET mode=AUTO nav_goal=TARGET_INSPECTION,AUTO,0.000,-0.350,0.706,-0.009,True,True,False
12.000,dynamic_lock,True,APPROACH_TARGET_OFFSET mode=AUTO nav_goal=TARGET_INSPECTION,AUTO,0.000,-0.350,0.706,-0.009,True,True,False
12.000,sound_state,IDLE_NO_REQUEST,APPROACH_TARGET_OFFSET mode=AUTO nav_goal=TARGET_INSPECTION,AUTO,0.000,-0.350,0.706,-0.009,True,True,False
12.000,sound_done,False,APPROACH_TARGET_OFFSET mode=AUTO nav_goal=TARGET_INSPECTION,AUTO,0.000,-0.350,0.706,-0.009,True,True,False
12.000,mission_state,APPROACH_TARGET_OFFSET mode=AUTO nav_goal=TARGET_INSPECTION,APPROACH_TARGET_OFFSET mode=AUTO nav_goal=TARGET_INSPECTION,AUTO,0.000,-0.350,0.706,-0.009,True,True,False
12.000,classification,GAZEBO_FAKE_YOLO11S_CLASSIFICATION class=bird,APPROACH_TARGET_OFFSET mode=AUTO nav_goal=TARGET_INSPECTION,AUTO,0.000,-0.350,0.706,-0.009,True,True,False
12.000,bird_confirmed,True,APPROACH_TARGET_OFFSET mode=AUTO nav_goal=TARGET_INSPECTION,AUTO,0.000,-0.350,0.706,-0.009,True,True,False
12.000,object_goal_state,REJECT cooldown source=elevated_dynamic_target remaining_sec=1.10,APPROACH_TARGET_OFFSET mode=AUTO nav_goal=TARGET_INSPECTION,AUTO,0.000,-0.350,0.706,-0.009,True,True,False
12.000,dynamic_target,count=1 x=0.52 y=-0.55 z=3.40,APPROACH_TARGET_OFFSET mode=AUTO nav_goal=TARGET_INSPECTION,AUTO,0.000,-0.350,0.706,-0.009,True,True,False
12.000,dynamic_lock,True,APPROACH_TARGET_OFFSET mode=AUTO nav_goal=TARGET_INSPECTION,AUTO,0.000,-0.350,0.706,-0.009,True,True,False
12.000,object_goal_state,REJECT cooldown source=elevated_dynamic_target remaining_sec=1.10,APPROACH_TARGET_OFFSET mode=AUTO nav_goal=TARGET_INSPECTION,AUTO,0.000,-0.350,0.706,-0.009,True,True,False
12.100,classification,GAZEBO_FAKE_YOLO11S_CLASSIFICATION class=bird,APPROACH_TARGET_OFFSET mode=AUTO nav_goal=TARGET_INSPECTION,AUTO,0.000,-0.350,0.705,-0.010,True,True,False
12.100,bird_confirmed,True,APPROACH_TARGET_OFFSET mode=AUTO nav_goal=TARGET_INSPECTION,AUTO,0.000,-0.350,0.705,-0.010,True,True,False
12.200,classification,GAZEBO_FAKE_YOLO11S_CLASSIFICATION class=bird,APPROACH_TARGET_OFFSET mode=AUTO nav_goal=TARGET_INSPECTION,AUTO,0.000,-0.350,0.705,-0.011,True,True,False
12.200,bird_confirmed,True,APPROACH_TARGET_OFFSET mode=AUTO nav_goal=TARGET_INSPECTION,AUTO,0.000,-0.350,0.705,-0.011,True,True,False
12.200,sound_state,IDLE_NO_REQUEST,APPROACH_TARGET_OFFSET mode=AUTO nav_goal=TARGET_INSPECTION,AUTO,0.000,-0.350,0.705,-0.011,True,True,False
12.200,sound_done,False,APPROACH_TARGET_OFFSET mode=AUTO nav_goal=TARGET_INSPECTION,AUTO,0.000,-0.350,0.705,-0.011,True,True,False
12.200,mission_state,APPROACH_TARGET_OFFSET mode=AUTO nav_goal=TARGET_INSPECTION,APPROACH_TARGET_OFFSET mode=AUTO nav_goal=TARGET_INSPECTION,AUTO,0.000,-0.350,0.705,-0.011,True,True,False
12.200,dynamic_target,count=1 x=0.53 y=-0.55 z=3.40,APPROACH_TARGET_OFFSET mode=AUTO nav_goal=TARGET_INSPECTION,AUTO,0.000,-0.350,0.705,-0.010,True,True,False
12.200,dynamic_lock,True,APPROACH_TARGET_OFFSET mode=AUTO nav_goal=TARGET_INSPECTION,AUTO,0.000,-0.350,0.705,-0.010,True,True,False
12.200,object_goal_state,REJECT cooldown source=elevated_dynamic_target remaining_sec=0.90,APPROACH_TARGET_OFFSET mode=AUTO nav_goal=TARGET_INSPECTION,AUTO,0.000,-0.350,0.705,-0.010,True,True,False
12.200,dynamic_target,count=1 x=0.53 y=-0.55 z=3.40,APPROACH_TARGET_OFFSET mode=AUTO nav_goal=TARGET_INSPECTION,AUTO,0.000,-0.350,0.705,-0.010,True,True,False
12.200,dynamic_lock,True,APPROACH_TARGET_OFFSET mode=AUTO nav_goal=TARGET_INSPECTION,AUTO,0.000,-0.350,0.705,-0.010,True,True,False
12.200,object_goal_state,REJECT cooldown source=elevated_dynamic_target remaining_sec=0.90,APPROACH_TARGET_OFFSET mode=AUTO nav_goal=TARGET_INSPECTION,AUTO,0.000,-0.350,0.705,-0.010,True,True,False
12.200,dynamic_target,count=1 x=0.54 y=-0.56 z=3.40,APPROACH_TARGET_OFFSET mode=AUTO nav_goal=TARGET_INSPECTION,AUTO,0.000,-0.350,0.705,-0.010,True,True,False
12.200,dynamic_lock,True,APPROACH_TARGET_OFFSET mode=AUTO nav_goal=TARGET_INSPECTION,AUTO,0.000,-0.350,0.705,-0.010,True,True,False
12.200,object_goal_state,REJECT cooldown source=elevated_dynamic_target remaining_sec=0.90,APPROACH_TARGET_OFFSET mode=AUTO nav_goal=TARGET_INSPECTION,AUTO,0.000,-0.350,0.705,-0.010,True,True,False
12.300,bird_confirmed,True,APPROACH_TARGET_OFFSET mode=AUTO nav_goal=TARGET_INSPECTION,AUTO,0.000,-0.350,0.705,-0.011,True,True,False
12.300,classification,GAZEBO_FAKE_YOLO11S_CLASSIFICATION class=bird,APPROACH_TARGET_OFFSET mode=AUTO nav_goal=TARGET_INSPECTION,AUTO,0.000,-0.350,0.705,-0.011,True,True,False
12.300,dynamic_target,count=1 x=0.54 y=-0.56 z=3.40,APPROACH_TARGET_OFFSET mode=AUTO nav_goal=TARGET_INSPECTION,AUTO,0.000,-0.350,0.706,-0.011,True,True,False
12.300,dynamic_lock,True,APPROACH_TARGET_OFFSET mode=AUTO nav_goal=TARGET_INSPECTION,AUTO,0.000,-0.350,0.706,-0.011,True,True,False
12.300,object_goal_state,REJECT cooldown source=elevated_dynamic_target remaining_sec=0.80,APPROACH_TARGET_OFFSET mode=AUTO nav_goal=TARGET_INSPECTION,AUTO,0.000,-0.350,0.706,-0.011,True,True,False
12.400,sound_done,False,APPROACH_TARGET_OFFSET mode=AUTO nav_goal=TARGET_INSPECTION,AUTO,0.000,-0.350,0.705,-0.011,True,True,False
12.400,dynamic_target,count=1 x=0.54 y=-0.56 z=3.40,APPROACH_TARGET_OFFSET mode=AUTO nav_goal=TARGET_INSPECTION,AUTO,0.000,-0.350,0.705,-0.011,True,True,False
12.400,dynamic_lock,True,APPROACH_TARGET_OFFSET mode=AUTO nav_goal=TARGET_INSPECTION,AUTO,0.000,-0.350,0.705,-0.011,True,True,False
12.400,mission_state,APPROACH_TARGET_OFFSET mode=AUTO nav_goal=TARGET_INSPECTION,APPROACH_TARGET_OFFSET mode=AUTO nav_goal=TARGET_INSPECTION,AUTO,0.000,-0.350,0.705,-0.011,True,True,False
12.400,object_goal_state,REJECT cooldown source=elevated_dynamic_target remaining_sec=0.70,APPROACH_TARGET_OFFSET mode=AUTO nav_goal=TARGET_INSPECTION,AUTO,0.000,-0.350,0.705,-0.011,True,True,False
12.400,classification,GAZEBO_FAKE_YOLO11S_CLASSIFICATION class=bird,APPROACH_TARGET_OFFSET mode=AUTO nav_goal=TARGET_INSPECTION,AUTO,0.000,-0.350,0.705,-0.011,True,True,False
12.400,bird_confirmed,True,APPROACH_TARGET_OFFSET mode=AUTO nav_goal=TARGET_INSPECTION,AUTO,0.000,-0.350,0.705,-0.011,True,True,False
12.400,sound_state,IDLE_NO_REQUEST,APPROACH_TARGET_OFFSET mode=AUTO nav_goal=TARGET_INSPECTION,AUTO,0.000,-0.350,0.705,-0.011,True,True,False
12.400,dynamic_target,count=1 x=0.55 y=-0.57 z=3.40,APPROACH_TARGET_OFFSET mode=AUTO nav_goal=TARGET_INSPECTION,AUTO,0.000,-0.350,0.705,-0.011,True,True,False
12.400,dynamic_lock,True,APPROACH_TARGET_OFFSET mode=AUTO nav_goal=TARGET_INSPECTION,AUTO,0.000,-0.350,0.705,-0.011,True,True,False
12.400,object_goal_state,REJECT cooldown source=elevated_dynamic_target remaining_sec=0.70,APPROACH_TARGET_OFFSET mode=AUTO nav_goal=TARGET_INSPECTION,AUTO,0.000,-0.350,0.705,-0.011,True,True,False
12.500,classification,GAZEBO_FAKE_YOLO11S_CLASSIFICATION class=bird,APPROACH_TARGET_OFFSET mode=AUTO nav_goal=TARGET_INSPECTION,AUTO,0.000,-0.350,0.705,-0.012,True,True,False
12.500,bird_confirmed,True,APPROACH_TARGET_OFFSET mode=AUTO nav_goal=TARGET_INSPECTION,AUTO,0.000,-0.350,0.705,-0.012,True,True,False
12.500,dynamic_target,count=1 x=0.55 y=-0.58 z=3.40,APPROACH_TARGET_OFFSET mode=AUTO nav_goal=TARGET_INSPECTION,AUTO,0.000,-0.350,0.705,-0.012,True,True,False
12.500,dynamic_lock,True,APPROACH_TARGET_OFFSET mode=AUTO nav_goal=TARGET_INSPECTION,AUTO,0.000,-0.350,0.705,-0.012,True,True,False
12.500,object_goal_state,REJECT cooldown source=elevated_dynamic_target remaining_sec=0.60,APPROACH_TARGET_OFFSET mode=AUTO nav_goal=TARGET_INSPECTION,AUTO,0.000,-0.350,0.705,-0.012,True,True,False
12.600,sound_done,False,APPROACH_TARGET_OFFSET mode=AUTO nav_goal=TARGET_INSPECTION,AUTO,0.000,-0.350,0.705,-0.012,True,True,False
12.600,mission_state,APPROACH_TARGET_OFFSET mode=AUTO nav_goal=TARGET_INSPECTION,APPROACH_TARGET_OFFSET mode=AUTO nav_goal=TARGET_INSPECTION,AUTO,0.000,-0.350,0.705,-0.012,True,True,False
12.600,sound_state,IDLE_NO_REQUEST,APPROACH_TARGET_OFFSET mode=AUTO nav_goal=TARGET_INSPECTION,AUTO,0.000,-0.350,0.705,-0.012,True,True,False
12.600,bird_confirmed,True,APPROACH_TARGET_OFFSET mode=AUTO nav_goal=TARGET_INSPECTION,AUTO,0.000,-0.350,0.705,-0.012,True,True,False
12.600,classification,GAZEBO_FAKE_YOLO11S_CLASSIFICATION class=bird,APPROACH_TARGET_OFFSET mode=AUTO nav_goal=TARGET_INSPECTION,AUTO,0.000,-0.350,0.705,-0.012,True,True,False
12.600,dynamic_target,count=1 x=0.56 y=-0.58 z=3.40,APPROACH_TARGET_OFFSET mode=AUTO nav_goal=TARGET_INSPECTION,AUTO,0.000,-0.350,0.704,-0.012,True,True,False
12.600,dynamic_lock,True,APPROACH_TARGET_OFFSET mode=AUTO nav_goal=TARGET_INSPECTION,AUTO,0.000,-0.350,0.704,-0.012,True,True,False
12.600,object_goal_state,REJECT cooldown source=elevated_dynamic_target remaining_sec=0.50,APPROACH_TARGET_OFFSET mode=AUTO nav_goal=TARGET_INSPECTION,AUTO,0.000,-0.350,0.704,-0.012,True,True,False
12.600,dynamic_target,count=1 x=0.56 y=-0.58 z=3.40,APPROACH_TARGET_OFFSET mode=AUTO nav_goal=TARGET_INSPECTION,AUTO,0.000,-0.350,0.704,-0.012,True,True,False
12.600,dynamic_lock,True,APPROACH_TARGET_OFFSET mode=AUTO nav_goal=TARGET_INSPECTION,AUTO,0.000,-0.350,0.704,-0.012,True,True,False
12.600,object_goal_state,REJECT cooldown source=elevated_dynamic_target remaining_sec=0.50,APPROACH_TARGET_OFFSET mode=AUTO nav_goal=TARGET_INSPECTION,AUTO,0.000,-0.350,0.704,-0.012,True,True,False
12.700,classification,GAZEBO_FAKE_YOLO11S_CLASSIFICATION class=bird,APPROACH_TARGET_OFFSET mode=AUTO nav_goal=TARGET_INSPECTION,AUTO,0.000,-0.350,0.704,-0.012,True,True,False
12.700,bird_confirmed,True,APPROACH_TARGET_OFFSET mode=AUTO nav_goal=TARGET_INSPECTION,AUTO,0.000,-0.350,0.704,-0.012,True,True,False
12.700,dynamic_target,count=1 x=0.57 y=-0.59 z=3.40,APPROACH_TARGET_OFFSET mode=AUTO nav_goal=TARGET_INSPECTION,AUTO,0.000,-0.350,0.704,-0.012,True,True,False
12.700,dynamic_lock,True,APPROACH_TARGET_OFFSET mode=AUTO nav_goal=TARGET_INSPECTION,AUTO,0.000,-0.350,0.704,-0.012,True,True,False
12.700,object_goal_state,REJECT cooldown source=elevated_dynamic_target remaining_sec=0.40,APPROACH_TARGET_OFFSET mode=AUTO nav_goal=TARGET_INSPECTION,AUTO,0.000,-0.350,0.704,-0.012,True,True,False
12.800,classification,GAZEBO_FAKE_YOLO11S_CLASSIFICATION class=bird,APPROACH_TARGET_OFFSET mode=AUTO nav_goal=TARGET_INSPECTION,AUTO,0.000,-0.350,0.704,-0.012,True,True,False
12.800,bird_confirmed,True,APPROACH_TARGET_OFFSET mode=AUTO nav_goal=TARGET_INSPECTION,AUTO,0.000,-0.350,0.704,-0.012,True,True,False
12.800,sound_state,IDLE_NO_REQUEST,APPROACH_TARGET_OFFSET mode=AUTO nav_goal=TARGET_INSPECTION,AUTO,0.000,-0.350,0.704,-0.012,True,True,False
12.800,sound_done,False,APPROACH_TARGET_OFFSET mode=AUTO nav_goal=TARGET_INSPECTION,AUTO,0.000,-0.350,0.704,-0.012,True,True,False
12.800,dynamic_target,count=1 x=0.57 y=-0.59 z=3.40,APPROACH_TARGET_OFFSET mode=AUTO nav_goal=TARGET_INSPECTION,AUTO,0.000,-0.350,0.704,-0.012,True,True,False
12.800,dynamic_lock,True,APPROACH_TARGET_OFFSET mode=AUTO nav_goal=TARGET_INSPECTION,AUTO,0.000,-0.350,0.704,-0.012,True,True,False
12.800,mission_state,APPROACH_TARGET_OFFSET mode=AUTO nav_goal=TARGET_INSPECTION,APPROACH_TARGET_OFFSET mode=AUTO nav_goal=TARGET_INSPECTION,AUTO,0.000,-0.350,0.704,-0.012,True,True,False
12.800,object_goal_state,REJECT cooldown source=elevated_dynamic_target remaining_sec=0.30,APPROACH_TARGET_OFFSET mode=AUTO nav_goal=TARGET_INSPECTION,AUTO,0.000,-0.350,0.704,-0.012,True,True,False
12.800,dynamic_target,count=1 x=0.57 y=-0.59 z=3.40,APPROACH_TARGET_OFFSET mode=AUTO nav_goal=TARGET_INSPECTION,AUTO,0.000,-0.350,0.705,-0.012,True,True,False
12.800,dynamic_lock,True,APPROACH_TARGET_OFFSET mode=AUTO nav_goal=TARGET_INSPECTION,AUTO,0.000,-0.350,0.705,-0.012,True,True,False
12.800,object_goal_state,REJECT cooldown source=elevated_dynamic_target remaining_sec=0.30,APPROACH_TARGET_OFFSET mode=AUTO nav_goal=TARGET_INSPECTION,AUTO,0.000,-0.350,0.705,-0.012,True,True,False
12.900,bird_confirmed,True,APPROACH_TARGET_OFFSET mode=AUTO nav_goal=TARGET_INSPECTION,AUTO,0.000,-0.350,0.705,-0.012,True,True,False
12.900,classification,GAZEBO_FAKE_YOLO11S_CLASSIFICATION class=bird,APPROACH_TARGET_OFFSET mode=AUTO nav_goal=TARGET_INSPECTION,AUTO,0.000,-0.350,0.705,-0.012,True,True,False
12.900,dynamic_target,count=1 x=0.58 y=-0.60 z=3.40,APPROACH_TARGET_OFFSET mode=AUTO nav_goal=TARGET_INSPECTION,AUTO,0.000,-0.350,0.705,-0.012,True,True,False
12.900,dynamic_lock,True,APPROACH_TARGET_OFFSET mode=AUTO nav_goal=TARGET_INSPECTION,AUTO,0.000,-0.350,0.705,-0.012,True,True,False
12.900,object_goal_state,REJECT cooldown source=elevated_dynamic_target remaining_sec=0.20,APPROACH_TARGET_OFFSET mode=AUTO nav_goal=TARGET_INSPECTION,AUTO,0.000,-0.350,0.705,-0.012,True,True,False
13.000,dynamic_target,count=1 x=0.58 y=-0.60 z=3.40,APPROACH_TARGET_OFFSET mode=AUTO nav_goal=TARGET_INSPECTION,AUTO,0.000,-0.350,0.705,-0.012,True,True,False
13.000,dynamic_lock,True,APPROACH_TARGET_OFFSET mode=AUTO nav_goal=TARGET_INSPECTION,AUTO,0.000,-0.350,0.705,-0.012,True,True,False
13.000,sound_state,IDLE_NO_REQUEST,APPROACH_TARGET_OFFSET mode=AUTO nav_goal=TARGET_INSPECTION,AUTO,0.000,-0.350,0.705,-0.012,True,True,False
13.000,sound_done,False,APPROACH_TARGET_OFFSET mode=AUTO nav_goal=TARGET_INSPECTION,AUTO,0.000,-0.350,0.705,-0.012,True,True,False
13.000,mission_state,APPROACH_TARGET_OFFSET mode=AUTO nav_goal=TARGET_INSPECTION,APPROACH_TARGET_OFFSET mode=AUTO nav_goal=TARGET_INSPECTION,AUTO,0.000,-0.350,0.705,-0.012,True,True,False
13.000,classification,GAZEBO_FAKE_YOLO11S_CLASSIFICATION class=bird,APPROACH_TARGET_OFFSET mode=AUTO nav_goal=TARGET_INSPECTION,AUTO,0.000,-0.350,0.705,-0.012,True,True,False
13.000,bird_confirmed,True,APPROACH_TARGET_OFFSET mode=AUTO nav_goal=TARGET_INSPECTION,AUTO,0.000,-0.350,0.705,-0.012,True,True,False
13.000,object_goal_state,REJECT cooldown source=elevated_dynamic_target remaining_sec=0.10,APPROACH_TARGET_OFFSET mode=AUTO nav_goal=TARGET_INSPECTION,AUTO,0.000,-0.350,0.705,-0.012,True,True,False
13.000,dynamic_target,count=1 x=0.58 y=-0.61 z=3.40,APPROACH_TARGET_OFFSET mode=AUTO nav_goal=TARGET_INSPECTION,AUTO,0.000,-0.350,0.705,-0.012,True,True,False
13.000,dynamic_lock,True,APPROACH_TARGET_OFFSET mode=AUTO nav_goal=TARGET_INSPECTION,AUTO,0.000,-0.350,0.705,-0.012,True,True,False
13.000,object_goal_state,REJECT cooldown source=elevated_dynamic_target remaining_sec=0.10,APPROACH_TARGET_OFFSET mode=AUTO nav_goal=TARGET_INSPECTION,AUTO,0.000,-0.350,0.705,-0.012,True,True,False
13.100,classification,GAZEBO_FAKE_YOLO11S_CLASSIFICATION class=bird,APPROACH_TARGET_OFFSET mode=AUTO nav_goal=TARGET_INSPECTION,AUTO,0.000,-0.350,0.705,-0.012,True,True,False
13.100,bird_confirmed,True,APPROACH_TARGET_OFFSET mode=AUTO nav_goal=TARGET_INSPECTION,AUTO,0.000,-0.350,0.705,-0.012,True,True,False
13.100,dynamic_target,count=1 x=0.59 y=-0.61 z=3.40,APPROACH_TARGET_OFFSET mode=AUTO nav_goal=TARGET_INSPECTION,AUTO,0.000,-0.350,0.705,-0.012,True,True,False
13.100,dynamic_lock,True,APPROACH_TARGET_OFFSET mode=AUTO nav_goal=TARGET_INSPECTION,AUTO,0.000,-0.350,0.705,-0.012,True,True,False
13.100,inspection_goal,x=0.70 y=-0.01,APPROACH_TARGET_OFFSET mode=AUTO nav_goal=TARGET_INSPECTION,AUTO,0.000,-0.350,0.705,-0.012,True,True,False
13.100,object_goal_state,ACCEPT_INSPECTION_GOAL source=elevated_dynamic_target height=3.40 range=0.61 dynamic=True z_valid=True bird_confirmed=True target_class=bird offset_m=2.00 frame=odom goal_x=0.705 goal_y=-0.012,APPROACH_TARGET_OFFSET mode=AUTO nav_goal=TARGET_INSPECTION,AUTO,0.000,-0.350,0.705,-0.012,True,True,False
13.100,mission_event,timestamp=13.100 mission_id=0 target_mission_id=1 state=APPROACH_TARGET_OFFSET event_type=TARGET_IGNORED_TARGET_LOCK reason=remaining_sec=0.00 state=APPROACH_TARGET_OFFSET waypoint_index=0,APPROACH_TARGET_OFFSET mode=AUTO nav_goal=TARGET_INSPECTION,AUTO,0.000,-0.350,0.705,-0.012,True,True,False
13.200,mission_state,APPROACH_TARGET_OFFSET mode=AUTO nav_goal=TARGET_INSPECTION,APPROACH_TARGET_OFFSET mode=AUTO nav_goal=TARGET_INSPECTION,AUTO,0.000,-0.350,0.704,-0.013,True,True,False
13.200,classification,GAZEBO_FAKE_YOLO11S_CLASSIFICATION class=bird,APPROACH_TARGET_OFFSET mode=AUTO nav_goal=TARGET_INSPECTION,AUTO,0.000,-0.350,0.704,-0.013,True,True,False
13.200,bird_confirmed,True,APPROACH_TARGET_OFFSET mode=AUTO nav_goal=TARGET_INSPECTION,AUTO,0.000,-0.350,0.704,-0.013,True,True,False
13.200,sound_state,IDLE_NO_REQUEST,APPROACH_TARGET_OFFSET mode=AUTO nav_goal=TARGET_INSPECTION,AUTO,0.000,-0.350,0.704,-0.013,True,True,False
13.200,sound_done,False,APPROACH_TARGET_OFFSET mode=AUTO nav_goal=TARGET_INSPECTION,AUTO,0.000,-0.350,0.704,-0.013,True,True,False
13.200,dynamic_target,count=1 x=0.59 y=-0.62 z=3.40,APPROACH_TARGET_OFFSET mode=AUTO nav_goal=TARGET_INSPECTION,AUTO,0.000,-0.350,0.704,-0.013,True,True,False
13.200,dynamic_lock,True,APPROACH_TARGET_OFFSET mode=AUTO nav_goal=TARGET_INSPECTION,AUTO,0.000,-0.350,0.704,-0.013,True,True,False
13.200,object_goal_state,REJECT cooldown source=elevated_dynamic_target remaining_sec=7.90,APPROACH_TARGET_OFFSET mode=AUTO nav_goal=TARGET_INSPECTION,AUTO,0.000,-0.350,0.704,-0.013,True,True,False
13.200,dynamic_target,count=1 x=0.59 y=-0.62 z=3.40,APPROACH_TARGET_OFFSET mode=AUTO nav_goal=TARGET_INSPECTION,AUTO,0.000,-0.350,0.704,-0.013,True,True,False
13.200,dynamic_lock,True,APPROACH_TARGET_OFFSET mode=AUTO nav_goal=TARGET_INSPECTION,AUTO,0.000,-0.350,0.704,-0.013,True,True,False
13.200,object_goal_state,REJECT cooldown source=elevated_dynamic_target remaining_sec=7.90,APPROACH_TARGET_OFFSET mode=AUTO nav_goal=TARGET_INSPECTION,AUTO,0.000,-0.350,0.704,-0.013,True,True,False
13.300,bird_confirmed,True,APPROACH_TARGET_OFFSET mode=AUTO nav_goal=TARGET_INSPECTION,AUTO,0.000,-0.350,0.705,-0.013,True,True,False
13.300,dynamic_target,count=1 x=0.60 y=-0.63 z=3.40,APPROACH_TARGET_OFFSET mode=AUTO nav_goal=TARGET_INSPECTION,AUTO,0.000,-0.350,0.705,-0.013,True,True,False
13.300,dynamic_lock,True,APPROACH_TARGET_OFFSET mode=AUTO nav_goal=TARGET_INSPECTION,AUTO,0.000,-0.350,0.705,-0.013,True,True,False
13.300,classification,GAZEBO_FAKE_YOLO11S_CLASSIFICATION class=bird,APPROACH_TARGET_OFFSET mode=AUTO nav_goal=TARGET_INSPECTION,AUTO,0.000,-0.350,0.705,-0.013,True,True,False
13.300,object_goal_state,REJECT cooldown source=elevated_dynamic_target remaining_sec=7.80,APPROACH_TARGET_OFFSET mode=AUTO nav_goal=TARGET_INSPECTION,AUTO,0.000,-0.350,0.705,-0.013,True,True,False
13.400,classification,GAZEBO_FAKE_YOLO11S_CLASSIFICATION class=bird,APPROACH_TARGET_OFFSET mode=AUTO nav_goal=TARGET_INSPECTION,AUTO,0.000,-0.350,0.704,-0.013,True,True,False
13.400,bird_confirmed,True,APPROACH_TARGET_OFFSET mode=AUTO nav_goal=TARGET_INSPECTION,AUTO,0.000,-0.350,0.704,-0.013,True,True,False
13.400,mission_state,APPROACH_TARGET_OFFSET mode=AUTO nav_goal=TARGET_INSPECTION,APPROACH_TARGET_OFFSET mode=AUTO nav_goal=TARGET_INSPECTION,AUTO,0.000,-0.350,0.704,-0.013,True,True,False
13.400,sound_state,IDLE_NO_REQUEST,APPROACH_TARGET_OFFSET mode=AUTO nav_goal=TARGET_INSPECTION,AUTO,0.000,-0.350,0.704,-0.013,True,True,False
13.400,sound_done,False,APPROACH_TARGET_OFFSET mode=AUTO nav_goal=TARGET_INSPECTION,AUTO,0.000,-0.350,0.704,-0.013,True,True,False
13.400,dynamic_target,count=1 x=0.61 y=-0.63 z=3.40,APPROACH_TARGET_OFFSET mode=AUTO nav_goal=TARGET_INSPECTION,AUTO,0.000,-0.350,0.704,-0.013,True,True,False
13.400,dynamic_lock,True,APPROACH_TARGET_OFFSET mode=AUTO nav_goal=TARGET_INSPECTION,AUTO,0.000,-0.350,0.704,-0.013,True,True,False
13.400,object_goal_state,REJECT cooldown source=elevated_dynamic_target remaining_sec=7.70,APPROACH_TARGET_OFFSET mode=AUTO nav_goal=TARGET_INSPECTION,AUTO,0.000,-0.350,0.704,-0.013,True,True,False
13.400,dynamic_target,count=1 x=0.61 y=-0.63 z=3.40,APPROACH_TARGET_OFFSET mode=AUTO nav_goal=TARGET_INSPECTION,AUTO,0.000,-0.350,0.704,-0.013,True,True,False
13.400,dynamic_lock,True,APPROACH_TARGET_OFFSET mode=AUTO nav_goal=TARGET_INSPECTION,AUTO,0.000,-0.350,0.704,-0.013,True,True,False
13.400,object_goal_state,REJECT cooldown source=elevated_dynamic_target remaining_sec=7.70,APPROACH_TARGET_OFFSET mode=AUTO nav_goal=TARGET_INSPECTION,AUTO,0.000,-0.350,0.704,-0.013,True,True,False
13.500,classification,GAZEBO_FAKE_YOLO11S_CLASSIFICATION class=bird,APPROACH_TARGET_OFFSET mode=AUTO nav_goal=TARGET_INSPECTION,AUTO,0.000,-0.350,0.704,-0.014,True,True,False
13.500,bird_confirmed,True,APPROACH_TARGET_OFFSET mode=AUTO nav_goal=TARGET_INSPECTION,AUTO,0.000,-0.350,0.704,-0.014,True,True,False
13.500,dynamic_target,count=1 x=0.61 y=-0.64 z=3.40,APPROACH_TARGET_OFFSET mode=AUTO nav_goal=TARGET_INSPECTION,AUTO,0.000,-0.350,0.704,-0.014,True,True,False
13.500,dynamic_lock,True,APPROACH_TARGET_OFFSET mode=AUTO nav_goal=TARGET_INSPECTION,AUTO,0.000,-0.350,0.704,-0.014,True,True,False
13.500,object_goal_state,REJECT cooldown source=elevated_dynamic_target remaining_sec=7.60,APPROACH_TARGET_OFFSET mode=AUTO nav_goal=TARGET_INSPECTION,AUTO,0.000,-0.350,0.704,-0.014,True,True,False
13.600,sound_done,False,APPROACH_TARGET_OFFSET mode=AUTO nav_goal=TARGET_INSPECTION,AUTO,0.000,-0.350,0.704,-0.014,True,True,False
13.600,dynamic_target,count=1 x=0.61 y=-0.64 z=3.40,APPROACH_TARGET_OFFSET mode=AUTO nav_goal=TARGET_INSPECTION,AUTO,0.000,-0.350,0.704,-0.014,True,True,False
13.600,dynamic_lock,True,APPROACH_TARGET_OFFSET mode=AUTO nav_goal=TARGET_INSPECTION,AUTO,0.000,-0.350,0.704,-0.014,True,True,False
13.600,sound_state,IDLE_NO_REQUEST,APPROACH_TARGET_OFFSET mode=AUTO nav_goal=TARGET_INSPECTION,AUTO,0.000,-0.350,0.704,-0.014,True,True,False
13.600,mission_state,APPROACH_TARGET_OFFSET mode=AUTO nav_goal=TARGET_INSPECTION,APPROACH_TARGET_OFFSET mode=AUTO nav_goal=TARGET_INSPECTION,AUTO,0.000,-0.350,0.704,-0.014,True,True,False
13.600,object_goal_state,REJECT cooldown source=elevated_dynamic_target remaining_sec=7.50,APPROACH_TARGET_OFFSET mode=AUTO nav_goal=TARGET_INSPECTION,AUTO,0.000,-0.350,0.704,-0.014,True,True,False
13.600,classification,GAZEBO_FAKE_YOLO11S_CLASSIFICATION class=bird,APPROACH_TARGET_OFFSET mode=AUTO nav_goal=TARGET_INSPECTION,AUTO,0.000,-0.350,0.704,-0.014,True,True,False
13.600,bird_confirmed,True,APPROACH_TARGET_OFFSET mode=AUTO nav_goal=TARGET_INSPECTION,AUTO,0.000,-0.350,0.704,-0.014,True,True,False
13.600,dynamic_target,count=1 x=0.62 y=-0.64 z=3.40,APPROACH_TARGET_OFFSET mode=AUTO nav_goal=TARGET_INSPECTION,AUTO,0.000,-0.350,0.704,-0.014,True,True,False
13.600,dynamic_lock,True,APPROACH_TARGET_OFFSET mode=AUTO nav_goal=TARGET_INSPECTION,AUTO,0.000,-0.350,0.704,-0.014,True,True,False
13.600,object_goal_state,REJECT cooldown source=elevated_dynamic_target remaining_sec=7.50,APPROACH_TARGET_OFFSET mode=AUTO nav_goal=TARGET_INSPECTION,AUTO,0.000,-0.350,0.704,-0.014,True,True,False
13.700,dynamic_target,count=1 x=0.62 y=-0.65 z=3.40,APPROACH_TARGET_OFFSET mode=AUTO nav_goal=TARGET_INSPECTION,AUTO,0.000,-0.350,0.704,-0.014,True,True,False
13.700,dynamic_lock,True,APPROACH_TARGET_OFFSET mode=AUTO nav_goal=TARGET_INSPECTION,AUTO,0.000,-0.350,0.704,-0.014,True,True,False
13.700,classification,GAZEBO_FAKE_YOLO11S_CLASSIFICATION class=bird,APPROACH_TARGET_OFFSET mode=AUTO nav_goal=TARGET_INSPECTION,AUTO,0.000,-0.350,0.704,-0.014,True,True,False
13.700,bird_confirmed,True,APPROACH_TARGET_OFFSET mode=AUTO nav_goal=TARGET_INSPECTION,AUTO,0.000,-0.350,0.704,-0.014,True,True,False
13.700,object_goal_state,REJECT cooldown source=elevated_dynamic_target remaining_sec=7.40,APPROACH_TARGET_OFFSET mode=AUTO nav_goal=TARGET_INSPECTION,AUTO,0.000,-0.350,0.704,-0.014,True,True,False
13.800,dynamic_target,count=1 x=0.62 y=-0.65 z=3.40,APPROACH_TARGET_OFFSET mode=AUTO nav_goal=TARGET_INSPECTION,AUTO,0.000,-0.350,0.704,-0.014,True,True,False
13.800,classification,GAZEBO_FAKE_YOLO11S_CLASSIFICATION class=bird,APPROACH_TARGET_OFFSET mode=AUTO nav_goal=TARGET_INSPECTION,AUTO,0.000,-0.350,0.704,-0.014,True,True,False
13.800,bird_confirmed,True,APPROACH_TARGET_OFFSET mode=AUTO nav_goal=TARGET_INSPECTION,AUTO,0.000,-0.350,0.704,-0.014,True,True,False
13.800,mission_state,APPROACH_TARGET_OFFSET mode=AUTO nav_goal=TARGET_INSPECTION,APPROACH_TARGET_OFFSET mode=AUTO nav_goal=TARGET_INSPECTION,AUTO,0.000,-0.350,0.704,-0.014,True,True,False
13.800,object_goal_state,REJECT cooldown source=elevated_dynamic_target remaining_sec=7.30,APPROACH_TARGET_OFFSET mode=AUTO nav_goal=TARGET_INSPECTION,AUTO,0.000,-0.350,0.704,-0.014,True,True,False
13.800,dynamic_lock,True,APPROACH_TARGET_OFFSET mode=AUTO nav_goal=TARGET_INSPECTION,AUTO,0.000,-0.350,0.704,-0.014,True,True,False
13.800,sound_state,IDLE_NO_REQUEST,APPROACH_TARGET_OFFSET mode=AUTO nav_goal=TARGET_INSPECTION,AUTO,0.000,-0.350,0.704,-0.014,True,True,False
13.800,sound_done,False,APPROACH_TARGET_OFFSET mode=AUTO nav_goal=TARGET_INSPECTION,AUTO,0.000,-0.350,0.704,-0.014,True,True,False
13.800,object_goal_state,REJECT cooldown source=elevated_dynamic_target remaining_sec=7.30,APPROACH_TARGET_OFFSET mode=AUTO nav_goal=TARGET_INSPECTION,AUTO,0.000,-0.350,0.704,-0.014,True,True,False
13.800,dynamic_target,count=1 x=0.63 y=-0.66 z=3.40,APPROACH_TARGET_OFFSET mode=AUTO nav_goal=TARGET_INSPECTION,AUTO,0.000,-0.350,0.704,-0.014,True,True,False
13.800,dynamic_lock,True,APPROACH_TARGET_OFFSET mode=AUTO nav_goal=TARGET_INSPECTION,AUTO,0.000,-0.350,0.704,-0.014,True,True,False
13.900,classification,GAZEBO_FAKE_YOLO11S_CLASSIFICATION class=bird,APPROACH_TARGET_OFFSET mode=AUTO nav_goal=TARGET_INSPECTION,AUTO,0.000,-0.350,0.703,-0.014,True,True,False
13.900,bird_confirmed,True,APPROACH_TARGET_OFFSET mode=AUTO nav_goal=TARGET_INSPECTION,AUTO,0.000,-0.350,0.703,-0.014,True,True,False
13.900,dynamic_target,count=1 x=0.64 y=-0.66 z=3.40,APPROACH_TARGET_OFFSET mode=AUTO nav_goal=TARGET_INSPECTION,AUTO,0.000,-0.350,0.704,-0.014,True,True,False
13.900,dynamic_lock,True,APPROACH_TARGET_OFFSET mode=AUTO nav_goal=TARGET_INSPECTION,AUTO,0.000,-0.350,0.704,-0.014,True,True,False
13.900,object_goal_state,REJECT cooldown source=elevated_dynamic_target remaining_sec=7.20,APPROACH_TARGET_OFFSET mode=AUTO nav_goal=TARGET_INSPECTION,AUTO,0.000,-0.350,0.704,-0.014,True,True,False
14.000,classification,GAZEBO_FAKE_YOLO11S_CLASSIFICATION class=bird,APPROACH_TARGET_OFFSET mode=AUTO nav_goal=TARGET_INSPECTION,AUTO,0.000,-0.350,0.703,-0.014,True,True,False
14.000,bird_confirmed,True,APPROACH_TARGET_OFFSET mode=AUTO nav_goal=TARGET_INSPECTION,AUTO,0.000,-0.350,0.703,-0.014,True,True,False
14.000,mission_state,APPROACH_TARGET_OFFSET mode=AUTO nav_goal=TARGET_INSPECTION,APPROACH_TARGET_OFFSET mode=AUTO nav_goal=TARGET_INSPECTION,AUTO,0.000,-0.350,0.703,-0.014,True,True,False
14.000,dynamic_target,count=1 x=0.64 y=-0.66 z=3.40,APPROACH_TARGET_OFFSET mode=AUTO nav_goal=TARGET_INSPECTION,AUTO,0.000,-0.350,0.703,-0.014,True,True,False
14.000,dynamic_lock,True,APPROACH_TARGET_OFFSET mode=AUTO nav_goal=TARGET_INSPECTION,AUTO,0.000,-0.350,0.703,-0.014,True,True,False
14.000,sound_state,IDLE_NO_REQUEST,APPROACH_TARGET_OFFSET mode=AUTO nav_goal=TARGET_INSPECTION,AUTO,0.000,-0.350,0.703,-0.014,True,True,False
14.000,sound_done,False,APPROACH_TARGET_OFFSET mode=AUTO nav_goal=TARGET_INSPECTION,AUTO,0.000,-0.350,0.703,-0.014,True,True,False
14.000,object_goal_state,REJECT cooldown source=elevated_dynamic_target remaining_sec=7.10,APPROACH_TARGET_OFFSET mode=AUTO nav_goal=TARGET_INSPECTION,AUTO,0.000,-0.350,0.703,-0.014,True,True,False
14.000,dynamic_target,count=1 x=0.64 y=-0.67 z=3.40,APPROACH_TARGET_OFFSET mode=AUTO nav_goal=TARGET_INSPECTION,AUTO,0.000,-0.350,0.703,-0.014,True,True,False
14.000,dynamic_lock,True,APPROACH_TARGET_OFFSET mode=AUTO nav_goal=TARGET_INSPECTION,AUTO,0.000,-0.350,0.703,-0.014,True,True,False
14.000,object_goal_state,REJECT cooldown source=elevated_dynamic_target remaining_sec=7.10,APPROACH_TARGET_OFFSET mode=AUTO nav_goal=TARGET_INSPECTION,AUTO,0.000,-0.350,0.703,-0.014,True,True,False
14.100,classification,GAZEBO_FAKE_YOLO11S_CLASSIFICATION class=bird,APPROACH_TARGET_OFFSET mode=AUTO nav_goal=TARGET_INSPECTION,AUTO,0.000,-0.350,0.703,-0.014,True,True,False
14.100,bird_confirmed,True,APPROACH_TARGET_OFFSET mode=AUTO nav_goal=TARGET_INSPECTION,AUTO,0.000,-0.350,0.703,-0.014,True,True,False
14.100,dynamic_target,count=1 x=0.65 y=-0.67 z=3.40,APPROACH_TARGET_OFFSET mode=AUTO nav_goal=TARGET_INSPECTION,AUTO,0.000,-0.350,0.703,-0.014,True,True,False
14.100,dynamic_lock,True,APPROACH_TARGET_OFFSET mode=AUTO nav_goal=TARGET_INSPECTION,AUTO,0.000,-0.350,0.703,-0.014,True,True,False
14.100,object_goal_state,REJECT cooldown source=elevated_dynamic_target remaining_sec=7.00,APPROACH_TARGET_OFFSET mode=AUTO nav_goal=TARGET_INSPECTION,AUTO,0.000,-0.350,0.703,-0.014,True,True,False
14.200,mission_state,APPROACH_TARGET_OFFSET mode=AUTO nav_goal=TARGET_INSPECTION,APPROACH_TARGET_OFFSET mode=AUTO nav_goal=TARGET_INSPECTION,AUTO,0.000,-0.350,0.703,-0.013,True,True,False
14.200,classification,GAZEBO_FAKE_YOLO11S_CLASSIFICATION class=bird,APPROACH_TARGET_OFFSET mode=AUTO nav_goal=TARGET_INSPECTION,AUTO,0.000,-0.350,0.703,-0.013,True,True,False
14.200,bird_confirmed,True,APPROACH_TARGET_OFFSET mode=AUTO nav_goal=TARGET_INSPECTION,AUTO,0.000,-0.350,0.703,-0.013,True,True,False
14.200,sound_state,IDLE_NO_REQUEST,APPROACH_TARGET_OFFSET mode=AUTO nav_goal=TARGET_INSPECTION,AUTO,0.000,-0.350,0.703,-0.013,True,True,False
14.200,sound_done,False,APPROACH_TARGET_OFFSET mode=AUTO nav_goal=TARGET_INSPECTION,AUTO,0.000,-0.350,0.703,-0.013,True,True,False
14.200,dynamic_target,count=1 x=0.65 y=-0.68 z=3.40,APPROACH_TARGET_OFFSET mode=AUTO nav_goal=TARGET_INSPECTION,AUTO,0.000,-0.350,0.704,-0.014,True,True,False
14.200,dynamic_lock,True,APPROACH_TARGET_OFFSET mode=AUTO nav_goal=TARGET_INSPECTION,AUTO,0.000,-0.350,0.704,-0.014,True,True,False
14.200,object_goal_state,REJECT cooldown source=elevated_dynamic_target remaining_sec=6.90,APPROACH_TARGET_OFFSET mode=AUTO nav_goal=TARGET_INSPECTION,AUTO,0.000,-0.350,0.704,-0.014,True,True,False
14.200,dynamic_target,count=1 x=0.65 y=-0.68 z=3.40,APPROACH_TARGET_OFFSET mode=AUTO nav_goal=TARGET_INSPECTION,AUTO,0.000,-0.350,0.704,-0.014,True,True,False
14.200,dynamic_lock,True,APPROACH_TARGET_OFFSET mode=AUTO nav_goal=TARGET_INSPECTION,AUTO,0.000,-0.350,0.704,-0.014,True,True,False
14.200,object_goal_state,REJECT cooldown source=elevated_dynamic_target remaining_sec=6.90,APPROACH_TARGET_OFFSET mode=AUTO nav_goal=TARGET_INSPECTION,AUTO,0.000,-0.350,0.704,-0.014,True,True,False
14.300,classification,GAZEBO_FAKE_YOLO11S_CLASSIFICATION class=bird,APPROACH_TARGET_OFFSET mode=AUTO nav_goal=TARGET_INSPECTION,AUTO,0.000,-0.350,0.702,-0.013,True,True,False
14.300,bird_confirmed,True,APPROACH_TARGET_OFFSET mode=AUTO nav_goal=TARGET_INSPECTION,AUTO,0.000,-0.350,0.702,-0.013,True,True,False
14.300,dynamic_target,count=1 x=0.66 y=-0.69 z=3.40,APPROACH_TARGET_OFFSET mode=AUTO nav_goal=TARGET_INSPECTION,AUTO,0.000,-0.350,0.703,-0.014,True,True,False
14.300,dynamic_lock,True,APPROACH_TARGET_OFFSET mode=AUTO nav_goal=TARGET_INSPECTION,AUTO,0.000,-0.350,0.703,-0.014,True,True,False
14.300,object_goal_state,REJECT cooldown source=elevated_dynamic_target remaining_sec=6.80,APPROACH_TARGET_OFFSET mode=AUTO nav_goal=TARGET_INSPECTION,AUTO,0.000,-0.350,0.703,-0.014,True,True,False
14.400,sound_done,False,APPROACH_TARGET_OFFSET mode=AUTO nav_goal=TARGET_INSPECTION,AUTO,0.000,-0.350,0.703,-0.014,True,True,False
14.400,sound_state,IDLE_NO_REQUEST,APPROACH_TARGET_OFFSET mode=AUTO nav_goal=TARGET_INSPECTION,AUTO,0.000,-0.350,0.703,-0.014,True,True,False
14.400,dynamic_target,count=1 x=0.66 y=-0.69 z=3.40,APPROACH_TARGET_OFFSET mode=AUTO nav_goal=TARGET_INSPECTION,AUTO,0.000,-0.350,0.703,-0.014,True,True,False
14.400,dynamic_lock,True,APPROACH_TARGET_OFFSET mode=AUTO nav_goal=TARGET_INSPECTION,AUTO,0.000,-0.350,0.703,-0.014,True,True,False
14.400,classification,GAZEBO_FAKE_YOLO11S_CLASSIFICATION class=bird,APPROACH_TARGET_OFFSET mode=AUTO nav_goal=TARGET_INSPECTION,AUTO,0.000,-0.350,0.703,-0.014,True,True,False
14.400,bird_confirmed,True,APPROACH_TARGET_OFFSET mode=AUTO nav_goal=TARGET_INSPECTION,AUTO,0.000,-0.350,0.703,-0.014,True,True,False
14.400,object_goal_state,REJECT cooldown source=elevated_dynamic_target remaining_sec=6.70,APPROACH_TARGET_OFFSET mode=AUTO nav_goal=TARGET_INSPECTION,AUTO,0.000,-0.350,0.703,-0.014,True,True,False
14.400,mission_state,APPROACH_TARGET_OFFSET mode=AUTO nav_goal=TARGET_INSPECTION,APPROACH_TARGET_OFFSET mode=AUTO nav_goal=TARGET_INSPECTION,AUTO,0.000,-0.350,0.703,-0.014,True,True,False
14.400,dynamic_target,count=1 x=0.66 y=-0.69 z=3.40,APPROACH_TARGET_OFFSET mode=AUTO nav_goal=TARGET_INSPECTION,AUTO,0.000,-0.350,0.703,-0.014,True,True,False
14.400,dynamic_lock,True,APPROACH_TARGET_OFFSET mode=AUTO nav_goal=TARGET_INSPECTION,AUTO,0.000,-0.350,0.703,-0.014,True,True,False
14.400,object_goal_state,REJECT cooldown source=elevated_dynamic_target remaining_sec=6.70,APPROACH_TARGET_OFFSET mode=AUTO nav_goal=TARGET_INSPECTION,AUTO,0.000,-0.350,0.703,-0.014,True,True,False
14.500,classification,GAZEBO_FAKE_YOLO11S_CLASSIFICATION class=bird,APPROACH_TARGET_OFFSET mode=AUTO nav_goal=TARGET_INSPECTION,AUTO,0.000,-0.350,0.702,-0.013,True,True,False
14.500,bird_confirmed,True,APPROACH_TARGET_OFFSET mode=AUTO nav_goal=TARGET_INSPECTION,AUTO,0.000,-0.350,0.702,-0.013,True,True,False
14.500,dynamic_target,count=1 x=0.67 y=-0.70 z=3.40,APPROACH_TARGET_OFFSET mode=AUTO nav_goal=TARGET_INSPECTION,AUTO,0.000,-0.350,0.702,-0.014,True,True,False
14.500,dynamic_lock,True,APPROACH_TARGET_OFFSET mode=AUTO nav_goal=TARGET_INSPECTION,AUTO,0.000,-0.350,0.702,-0.014,True,True,False
14.500,object_goal_state,REJECT cooldown source=elevated_dynamic_target remaining_sec=6.60,APPROACH_TARGET_OFFSET mode=AUTO nav_goal=TARGET_INSPECTION,AUTO,0.000,-0.350,0.702,-0.014,True,True,False
14.600,sound_state,IDLE_NO_REQUEST,APPROACH_TARGET_OFFSET mode=AUTO nav_goal=TARGET_INSPECTION,AUTO,0.000,-0.350,0.701,-0.013,True,True,False
14.600,sound_done,False,APPROACH_TARGET_OFFSET mode=AUTO nav_goal=TARGET_INSPECTION,AUTO,0.000,-0.350,0.701,-0.013,True,True,False
14.600,mission_state,APPROACH_TARGET_OFFSET mode=AUTO nav_goal=TARGET_INSPECTION,APPROACH_TARGET_OFFSET mode=AUTO nav_goal=TARGET_INSPECTION,AUTO,0.000,-0.350,0.701,-0.013,True,True,False
14.600,bird_confirmed,True,APPROACH_TARGET_OFFSET mode=AUTO nav_goal=TARGET_INSPECTION,AUTO,0.000,-0.350,0.701,-0.013,True,True,False
14.600,classification,GAZEBO_FAKE_YOLO11S_CLASSIFICATION class=bird,APPROACH_TARGET_OFFSET mode=AUTO nav_goal=TARGET_INSPECTION,AUTO,0.000,-0.350,0.701,-0.013,True,True,False
14.600,dynamic_target,count=1 x=0.68 y=-0.70 z=3.40,APPROACH_TARGET_OFFSET mode=AUTO nav_goal=TARGET_INSPECTION,AUTO,0.000,-0.350,0.702,-0.013,True,True,False
14.600,dynamic_lock,True,APPROACH_TARGET_OFFSET mode=AUTO nav_goal=TARGET_INSPECTION,AUTO,0.000,-0.350,0.702,-0.013,True,True,False
14.600,object_goal_state,REJECT cooldown source=elevated_dynamic_target remaining_sec=6.50,APPROACH_TARGET_OFFSET mode=AUTO nav_goal=TARGET_INSPECTION,AUTO,0.000,-0.350,0.702,-0.013,True,True,False
14.600,dynamic_target,count=1 x=0.68 y=-0.70 z=3.40,APPROACH_TARGET_OFFSET mode=AUTO nav_goal=TARGET_INSPECTION,AUTO,0.000,-0.350,0.702,-0.013,True,True,False
14.600,dynamic_lock,True,APPROACH_TARGET_OFFSET mode=AUTO nav_goal=TARGET_INSPECTION,AUTO,0.000,-0.350,0.702,-0.013,True,True,False
14.600,object_goal_state,REJECT cooldown source=elevated_dynamic_target remaining_sec=6.50,APPROACH_TARGET_OFFSET mode=AUTO nav_goal=TARGET_INSPECTION,AUTO,0.000,-0.350,0.702,-0.013,True,True,False
14.700,classification,GAZEBO_FAKE_YOLO11S_CLASSIFICATION class=bird,APPROACH_TARGET_OFFSET mode=AUTO nav_goal=TARGET_INSPECTION,AUTO,0.000,-0.350,0.702,-0.014,True,True,False
14.700,bird_confirmed,True,APPROACH_TARGET_OFFSET mode=AUTO nav_goal=TARGET_INSPECTION,AUTO,0.000,-0.350,0.702,-0.014,True,True,False
14.700,mission_event,timestamp=14.700 mission_id=0 target_mission_id=1 state=APPROACH_TARGET_OFFSET event_type=SIM_NAV_GOAL_ARRIVED reason=TARGET_INSPECTION waypoint_index=0,APPROACH_TARGET_OFFSET mode=AUTO nav_goal=TARGET_INSPECTION,AUTO,0.000,-0.350,0.702,-0.014,True,True,False
14.700,mission_event,timestamp=14.700 mission_id=0 target_mission_id=1 state=APPROACH_TARGET_OFFSET event_type=NAV2_GOAL_SUCCEEDED reason=TARGET_INSPECTION waypoint_index=0,APPROACH_TARGET_OFFSET mode=AUTO nav_goal=TARGET_INSPECTION,AUTO,0.000,-0.350,0.702,-0.014,True,True,False
14.700,dynamic_target,count=1 x=0.68 y=-0.71 z=3.40,APPROACH_TARGET_OFFSET mode=AUTO nav_goal=TARGET_INSPECTION,AUTO,0.000,-0.350,0.702,-0.014,True,True,False
14.700,dynamic_lock,True,APPROACH_TARGET_OFFSET mode=AUTO nav_goal=TARGET_INSPECTION,AUTO,0.000,-0.350,0.702,-0.014,True,True,False
14.700,mission_event,timestamp=14.700 mission_id=0 target_mission_id=1 state=TARGET_REACHED event_type=STATE_CHANGE reason=previous=APPROACH_TARGET_OFFSET next=TARGET_REACHED reason=inspection_offset_goal_reached waypoint_index=0,APPROACH_TARGET_OFFSET mode=AUTO nav_goal=TARGET_INSPECTION,AUTO,0.000,-0.350,0.702,-0.014,True,True,False
14.700,object_goal_state,REJECT cooldown source=elevated_dynamic_target remaining_sec=6.40,APPROACH_TARGET_OFFSET mode=AUTO nav_goal=TARGET_INSPECTION,AUTO,0.000,-0.350,0.702,-0.014,True,True,False
14.800,sound_state,IDLE_NO_REQUEST,APPROACH_TARGET_OFFSET mode=AUTO nav_goal=TARGET_INSPECTION,AUTO,0.000,-0.350,0.701,-0.014,True,True,False
14.800,sound_done,False,APPROACH_TARGET_OFFSET mode=AUTO nav_goal=TARGET_INSPECTION,AUTO,0.000,-0.350,0.701,-0.014,True,True,False
14.800,mission_state,TARGET_REACHED mode=AUTO nav_goal=NONE,TARGET_REACHED mode=AUTO nav_goal=NONE,AUTO,0.000,-0.350,0.701,-0.014,True,True,False
14.800,mission_event,timestamp=14.800 mission_id=0 target_mission_id=1 state=TARGET_REACHED event_type=CAMERA_AIM_REQUESTED reason=target_goal_reached waypoint_index=0,TARGET_REACHED mode=AUTO nav_goal=NONE,AUTO,0.000,-0.350,0.701,-0.014,True,True,False
14.800,dynamic_target,count=1 x=0.68 y=-0.71 z=3.40,TARGET_REACHED mode=AUTO nav_goal=NONE,AUTO,0.000,-0.350,0.701,-0.014,True,True,False
14.800,dynamic_lock,True,TARGET_REACHED mode=AUTO nav_goal=NONE,AUTO,0.000,-0.350,0.701,-0.014,True,True,False
14.800,classification,GAZEBO_FAKE_YOLO11S_CLASSIFICATION class=bird,TARGET_REACHED mode=AUTO nav_goal=NONE,AUTO,0.000,-0.350,0.701,-0.014,True,True,False
14.800,bird_confirmed,True,TARGET_REACHED mode=AUTO nav_goal=NONE,AUTO,0.000,-0.350,0.701,-0.014,True,True,False
14.800,mission_event,timestamp=14.800 mission_id=0 target_mission_id=1 state=CAMERA_ALIGN_TO_TARGET event_type=STATE_CHANGE reason=previous=TARGET_REACHED next=CAMERA_ALIGN_TO_TARGET reason=target_goal_reached waypoint_index=0,TARGET_REACHED mode=AUTO nav_goal=NONE,AUTO,0.000,-0.350,0.701,-0.014,True,True,False
14.800,object_goal_state,REJECT cooldown source=elevated_dynamic_target remaining_sec=6.30,TARGET_REACHED mode=AUTO nav_goal=NONE,AUTO,0.000,-0.350,0.701,-0.014,True,True,False
14.800,dynamic_target,count=1 x=0.69 y=-0.72 z=3.40,TARGET_REACHED mode=AUTO nav_goal=NONE,AUTO,0.000,-0.350,0.701,-0.014,True,True,False
14.800,dynamic_lock,True,TARGET_REACHED mode=AUTO nav_goal=NONE,AUTO,0.000,-0.350,0.701,-0.014,True,True,False
14.800,object_goal_state,REJECT cooldown source=elevated_dynamic_target remaining_sec=6.30,TARGET_REACHED mode=AUTO nav_goal=NONE,AUTO,0.000,-0.350,0.701,-0.014,True,True,False
14.900,camera_alignment,CAMERA_ALIGNMENT mode=logical centered=False bearing=0.932 tilt_cmd=-0.700 joint_publish=False,TARGET_REACHED mode=AUTO nav_goal=NONE,AUTO,0.000,-0.350,0.700,-0.013,True,True,False
14.900,classification,GAZEBO_FAKE_YOLO11S_CLASSIFICATION camera_alignment_requested=true class=bird,TARGET_REACHED mode=AUTO nav_goal=NONE,AUTO,0.000,-0.350,0.700,-0.013,True,True,False
14.900,bird_confirmed,True,TARGET_REACHED mode=AUTO nav_goal=NONE,AUTO,0.000,-0.350,0.700,-0.013,True,True,False
14.900,dynamic_target,count=1 x=0.69 y=-0.72 z=3.40,TARGET_REACHED mode=AUTO nav_goal=NONE,AUTO,0.000,-0.110,0.701,-0.014,True,True,False
14.900,dynamic_lock,True,TARGET_REACHED mode=AUTO nav_goal=NONE,AUTO,0.000,-0.110,0.701,-0.014,True,True,False
14.900,object_goal_state,REJECT cooldown source=elevated_dynamic_target remaining_sec=6.20,TARGET_REACHED mode=AUTO nav_goal=NONE,AUTO,0.000,-0.110,0.701,-0.014,True,True,False
15.000,sound_state,IDLE_NO_REQUEST,TARGET_REACHED mode=AUTO nav_goal=NONE,AUTO,0.000,-0.110,0.700,-0.014,True,True,False
15.000,sound_done,False,TARGET_REACHED mode=AUTO nav_goal=NONE,AUTO,0.000,-0.110,0.700,-0.014,True,True,False
15.000,mission_state,CAMERA_ALIGN_TO_TARGET mode=AUTO nav_goal=NONE,CAMERA_ALIGN_TO_TARGET mode=AUTO nav_goal=NONE,AUTO,0.000,0.000,0.700,-0.014,True,True,False
15.000,mission_event,timestamp=15.000 mission_id=0 target_mission_id=1 state=CAMERA_ALIGN_TO_TARGET event_type=CAMERA_AIM_REQUESTED reason=aligning waypoint_index=0,CAMERA_ALIGN_TO_TARGET mode=AUTO nav_goal=NONE,AUTO,0.000,0.000,0.700,-0.014,True,True,False
15.000,camera_alignment,CAMERA_ALIGNMENT mode=logical centered=False bearing=0.965 tilt_cmd=-0.700 joint_publish=False,CAMERA_ALIGN_TO_TARGET mode=AUTO nav_goal=NONE,AUTO,0.000,0.000,0.700,-0.014,True,True,False
15.000,classification,GAZEBO_FAKE_YOLO11S_CLASSIFICATION camera_alignment_requested=true class=bird,CAMERA_ALIGN_TO_TARGET mode=AUTO nav_goal=NONE,AUTO,0.000,0.000,0.700,-0.014,True,True,False
15.000,bird_confirmed,True,CAMERA_ALIGN_TO_TARGET mode=AUTO nav_goal=NONE,AUTO,0.000,0.000,0.700,-0.014,True,True,False
15.000,dynamic_target,count=1 x=0.70 y=-0.73 z=3.40,CAMERA_ALIGN_TO_TARGET mode=AUTO nav_goal=NONE,AUTO,0.000,0.000,0.700,-0.014,True,True,False
15.000,dynamic_lock,True,CAMERA_ALIGN_TO_TARGET mode=AUTO nav_goal=NONE,AUTO,0.000,0.000,0.700,-0.014,True,True,False
15.000,object_goal_state,REJECT cooldown source=elevated_dynamic_target remaining_sec=6.10,CAMERA_ALIGN_TO_TARGET mode=AUTO nav_goal=NONE,AUTO,0.000,0.000,0.700,-0.014,True,True,False
15.000,dynamic_target,count=1 x=0.70 y=-0.73 z=3.40,CAMERA_ALIGN_TO_TARGET mode=AUTO nav_goal=NONE,AUTO,0.000,0.000,0.700,-0.014,True,True,False
15.000,dynamic_lock,True,CAMERA_ALIGN_TO_TARGET mode=AUTO nav_goal=NONE,AUTO,0.000,0.000,0.701,-0.014,True,True,False
15.000,object_goal_state,REJECT cooldown source=elevated_dynamic_target remaining_sec=6.10,CAMERA_ALIGN_TO_TARGET mode=AUTO nav_goal=NONE,AUTO,0.000,0.000,0.701,-0.014,True,True,False
15.100,camera_alignment,CAMERA_ALIGNMENT mode=logical centered=False bearing=1.024 tilt_cmd=-0.700 joint_publish=False,CAMERA_ALIGN_TO_TARGET mode=AUTO nav_goal=NONE,AUTO,0.000,0.000,0.700,-0.014,True,True,False
15.100,classification,GAZEBO_FAKE_YOLO11S_CLASSIFICATION camera_alignment_requested=true class=bird,CAMERA_ALIGN_TO_TARGET mode=AUTO nav_goal=NONE,AUTO,0.000,0.000,0.700,-0.014,True,True,False
15.100,bird_confirmed,True,CAMERA_ALIGN_TO_TARGET mode=AUTO nav_goal=NONE,AUTO,0.000,0.000,0.700,-0.014,True,True,False
15.100,dynamic_target,count=1 x=0.71 y=-0.73 z=3.40,CAMERA_ALIGN_TO_TARGET mode=AUTO nav_goal=NONE,AUTO,0.000,0.000,0.700,-0.014,True,True,False
15.100,dynamic_lock,True,CAMERA_ALIGN_TO_TARGET mode=AUTO nav_goal=NONE,AUTO,0.000,0.000,0.700,-0.014,True,True,False
15.100,object_goal_state,REJECT cooldown source=elevated_dynamic_target remaining_sec=6.00,CAMERA_ALIGN_TO_TARGET mode=AUTO nav_goal=NONE,AUTO,0.000,0.000,0.700,-0.014,True,True,False
15.200,mission_state,CAMERA_ALIGN_TO_TARGET mode=AUTO nav_goal=NONE,CAMERA_ALIGN_TO_TARGET mode=AUTO nav_goal=NONE,AUTO,0.000,0.000,0.700,-0.014,True,True,False
15.200,mission_event,timestamp=15.200 mission_id=0 target_mission_id=1 state=CAMERA_ALIGN_TO_TARGET event_type=CAMERA_AIM_REQUESTED reason=aligning waypoint_index=0,CAMERA_ALIGN_TO_TARGET mode=AUTO nav_goal=NONE,AUTO,0.000,0.000,0.700,-0.014,True,True,False
15.200,dynamic_target,count=1 x=0.71 y=-0.73 z=3.40,CAMERA_ALIGN_TO_TARGET mode=AUTO nav_goal=NONE,AUTO,0.000,0.000,0.700,-0.014,True,True,False
15.200,camera_alignment,CAMERA_ALIGNMENT mode=logical centered=False bearing=1.041 tilt_cmd=-0.700 joint_publish=False,CAMERA_ALIGN_TO_TARGET mode=AUTO nav_goal=NONE,AUTO,0.000,0.000,0.700,-0.014,True,True,False
15.200,classification,GAZEBO_FAKE_YOLO11S_CLASSIFICATION camera_alignment_requested=true class=bird,CAMERA_ALIGN_TO_TARGET mode=AUTO nav_goal=NONE,AUTO,0.000,0.000,0.700,-0.014,True,True,False
15.200,bird_confirmed,True,CAMERA_ALIGN_TO_TARGET mode=AUTO nav_goal=NONE,AUTO,0.000,0.000,0.700,-0.014,True,True,False
15.200,sound_state,IDLE_NO_REQUEST,CAMERA_ALIGN_TO_TARGET mode=AUTO nav_goal=NONE,AUTO,0.000,0.000,0.700,-0.014,True,True,False
15.200,sound_done,False,CAMERA_ALIGN_TO_TARGET mode=AUTO nav_goal=NONE,AUTO,0.000,0.000,0.700,-0.014,True,True,False
15.200,object_goal_state,REJECT cooldown source=elevated_dynamic_target remaining_sec=5.90,CAMERA_ALIGN_TO_TARGET mode=AUTO nav_goal=NONE,AUTO,0.000,0.000,0.700,-0.014,True,True,False
15.200,dynamic_lock,True,CAMERA_ALIGN_TO_TARGET mode=AUTO nav_goal=NONE,AUTO,0.000,0.000,0.700,-0.014,True,True,False
15.200,dynamic_target,count=1 x=0.71 y=-0.74 z=3.40,CAMERA_ALIGN_TO_TARGET mode=AUTO nav_goal=NONE,AUTO,0.000,0.240,0.700,-0.014,True,True,False
15.200,dynamic_lock,True,CAMERA_ALIGN_TO_TARGET mode=AUTO nav_goal=NONE,AUTO,0.000,0.240,0.700,-0.014,True,True,False
15.200,object_goal_state,REJECT cooldown source=elevated_dynamic_target remaining_sec=5.90,CAMERA_ALIGN_TO_TARGET mode=AUTO nav_goal=NONE,AUTO,0.000,0.240,0.700,-0.014,True,True,False
15.300,classification,GAZEBO_FAKE_YOLO11S_CLASSIFICATION camera_alignment_requested=true class=bird,CAMERA_ALIGN_TO_TARGET mode=AUTO nav_goal=NONE,AUTO,0.000,0.240,0.700,-0.014,True,True,False
15.300,bird_confirmed,True,CAMERA_ALIGN_TO_TARGET mode=AUTO nav_goal=NONE,AUTO,0.000,0.240,0.700,-0.014,True,True,False
15.300,camera_alignment,CAMERA_ALIGNMENT mode=logical centered=False bearing=1.048 tilt_cmd=-0.700 joint_publish=False,CAMERA_ALIGN_TO_TARGET mode=AUTO nav_goal=NONE,AUTO,0.000,0.240,0.700,-0.014,True,True,False
15.300,dynamic_target,count=1 x=0.72 y=-0.75 z=3.40,CAMERA_ALIGN_TO_TARGET mode=AUTO nav_goal=NONE,AUTO,0.000,0.250,0.700,-0.014,True,True,False
15.300,dynamic_lock,True,CAMERA_ALIGN_TO_TARGET mode=AUTO nav_goal=NONE,AUTO,0.000,0.250,0.700,-0.014,True,True,False
15.300,object_goal_state,REJECT cooldown source=elevated_dynamic_target remaining_sec=5.80,CAMERA_ALIGN_TO_TARGET mode=AUTO nav_goal=NONE,AUTO,0.000,0.250,0.700,-0.014,True,True,False
15.400,camera_alignment,CAMERA_ALIGNMENT mode=logical centered=False bearing=1.048 tilt_cmd=-0.700 joint_publish=False,CAMERA_ALIGN_TO_TARGET mode=AUTO nav_goal=NONE,AUTO,0.000,0.250,0.700,-0.014,True,True,False
15.400,dynamic_target,count=1 x=0.72 y=-0.75 z=3.40,CAMERA_ALIGN_TO_TARGET mode=AUTO nav_goal=NONE,AUTO,0.000,0.250,0.700,-0.014,True,True,False
15.400,dynamic_lock,True,CAMERA_ALIGN_TO_TARGET mode=AUTO nav_goal=NONE,AUTO,0.000,0.250,0.700,-0.014,True,True,False
15.400,sound_state,IDLE_NO_REQUEST,CAMERA_ALIGN_TO_TARGET mode=AUTO nav_goal=NONE,AUTO,0.000,0.250,0.700,-0.014,True,True,False
15.400,sound_done,False,CAMERA_ALIGN_TO_TARGET mode=AUTO nav_goal=NONE,AUTO,0.000,0.250,0.700,-0.014,True,True,False
15.400,object_goal_state,REJECT cooldown source=elevated_dynamic_target remaining_sec=5.70,CAMERA_ALIGN_TO_TARGET mode=AUTO nav_goal=NONE,AUTO,0.000,0.250,0.700,-0.014,True,True,False
15.400,mission_state,CAMERA_ALIGN_TO_TARGET mode=AUTO nav_goal=NONE,CAMERA_ALIGN_TO_TARGET mode=AUTO nav_goal=NONE,AUTO,0.000,0.250,0.700,-0.014,True,True,False
15.400,mission_event,timestamp=15.400 mission_id=0 target_mission_id=1 state=CAMERA_ALIGN_TO_TARGET event_type=CAMERA_AIM_REQUESTED reason=aligning waypoint_index=0,CAMERA_ALIGN_TO_TARGET mode=AUTO nav_goal=NONE,AUTO,0.000,0.250,0.700,-0.014,True,True,False
15.400,object_goal_state,REJECT cooldown source=elevated_dynamic_target remaining_sec=5.70,CAMERA_ALIGN_TO_TARGET mode=AUTO nav_goal=NONE,AUTO,0.000,0.250,0.700,-0.014,True,True,False
15.400,dynamic_target,count=1 x=0.72 y=-0.75 z=3.40,CAMERA_ALIGN_TO_TARGET mode=AUTO nav_goal=NONE,AUTO,0.000,0.250,0.700,-0.014,True,True,False
15.400,dynamic_lock,True,CAMERA_ALIGN_TO_TARGET mode=AUTO nav_goal=NONE,AUTO,0.000,0.250,0.700,-0.014,True,True,False
15.400,classification,GAZEBO_FAKE_YOLO11S_CLASSIFICATION camera_alignment_requested=true class=bird,CAMERA_ALIGN_TO_TARGET mode=AUTO nav_goal=NONE,AUTO,0.000,0.250,0.700,-0.014,True,True,False
15.400,bird_confirmed,True,CAMERA_ALIGN_TO_TARGET mode=AUTO nav_goal=NONE,AUTO,0.000,0.250,0.700,-0.014,True,True,False
15.500,camera_alignment,CAMERA_ALIGNMENT mode=logical centered=False bearing=1.033 tilt_cmd=-0.700 joint_publish=False,CAMERA_ALIGN_TO_TARGET mode=AUTO nav_goal=NONE,AUTO,0.000,0.250,0.701,-0.014,True,True,False
15.500,object_goal_state,TARGET_LOST_TIMEOUT,CAMERA_ALIGN_TO_TARGET mode=AUTO nav_goal=NONE,AUTO,0.000,0.250,0.701,-0.014,True,True,False
15.500,classification,GAZEBO_FAKE_YOLO11S_CLASSIFICATION camera_alignment_requested=true class=bird,CAMERA_ALIGN_TO_TARGET mode=AUTO nav_goal=NONE,AUTO,0.000,0.250,0.701,-0.014,True,True,False
15.500,bird_confirmed,True,CAMERA_ALIGN_TO_TARGET mode=AUTO nav_goal=NONE,AUTO,0.000,0.250,0.701,-0.014,True,True,False
15.500,dynamic_target,count=1 x=0.73 y=-0.76 z=3.40,CAMERA_ALIGN_TO_TARGET mode=AUTO nav_goal=NONE,AUTO,0.000,0.250,0.701,-0.014,True,True,False
15.500,dynamic_lock,True,CAMERA_ALIGN_TO_TARGET mode=AUTO nav_goal=NONE,AUTO,0.000,0.250,0.701,-0.014,True,True,False
15.500,object_goal_state,REJECT cooldown source=elevated_dynamic_target remaining_sec=5.60,CAMERA_ALIGN_TO_TARGET mode=AUTO nav_goal=NONE,AUTO,0.000,0.250,0.701,-0.014,True,True,False
15.600,camera_alignment,CAMERA_ALIGNMENT mode=logical centered=False bearing=1.030 tilt_cmd=-0.700 joint_publish=False,CAMERA_ALIGN_TO_TARGET mode=AUTO nav_goal=NONE,AUTO,0.000,0.250,0.701,-0.014,True,True,False
15.600,dynamic_target,count=1 x=0.73 y=-0.76 z=3.40,CAMERA_ALIGN_TO_TARGET mode=AUTO nav_goal=NONE,AUTO,0.000,0.250,0.701,-0.014,True,True,False
15.600,dynamic_lock,True,CAMERA_ALIGN_TO_TARGET mode=AUTO nav_goal=NONE,AUTO,0.000,0.250,0.701,-0.014,True,True,False
15.600,sound_state,IDLE_NO_REQUEST,CAMERA_ALIGN_TO_TARGET mode=AUTO nav_goal=NONE,AUTO,0.000,0.250,0.701,-0.014,True,True,False
15.600,sound_done,False,CAMERA_ALIGN_TO_TARGET mode=AUTO nav_goal=NONE,AUTO,0.000,0.250,0.701,-0.014,True,True,False
15.600,mission_state,CAMERA_ALIGN_TO_TARGET mode=AUTO nav_goal=NONE,CAMERA_ALIGN_TO_TARGET mode=AUTO nav_goal=NONE,AUTO,0.000,0.250,0.701,-0.014,True,True,False
15.600,mission_event,timestamp=15.600 mission_id=0 target_mission_id=1 state=CAMERA_ALIGN_TO_TARGET event_type=CAMERA_AIM_REQUESTED reason=aligning waypoint_index=0,CAMERA_ALIGN_TO_TARGET mode=AUTO nav_goal=NONE,AUTO,0.000,0.250,0.701,-0.014,True,True,False
15.600,object_goal_state,REJECT cooldown source=elevated_dynamic_target remaining_sec=5.50,CAMERA_ALIGN_TO_TARGET mode=AUTO nav_goal=NONE,AUTO,0.000,0.250,0.701,-0.014,True,True,False
15.600,classification,GAZEBO_FAKE_YOLO11S_CLASSIFICATION camera_alignment_requested=true class=bird,CAMERA_ALIGN_TO_TARGET mode=AUTO nav_goal=NONE,AUTO,0.000,0.250,0.701,-0.014,True,True,False
15.600,bird_confirmed,True,CAMERA_ALIGN_TO_TARGET mode=AUTO nav_goal=NONE,AUTO,0.000,0.250,0.701,-0.014,True,True,False
15.600,dynamic_target,count=1 x=0.73 y=-0.76 z=3.40,CAMERA_ALIGN_TO_TARGET mode=AUTO nav_goal=NONE,AUTO,0.000,0.250,0.701,-0.014,True,True,False
15.600,object_goal_state,REJECT cooldown source=elevated_dynamic_target remaining_sec=5.50,CAMERA_ALIGN_TO_TARGET mode=AUTO nav_goal=NONE,AUTO,0.000,0.250,0.701,-0.014,True,True,False
15.600,dynamic_lock,True,CAMERA_ALIGN_TO_TARGET mode=AUTO nav_goal=NONE,AUTO,0.000,0.250,0.701,-0.014,True,True,False
15.700,camera_alignment,CAMERA_ALIGNMENT mode=logical centered=False bearing=1.009 tilt_cmd=-0.700 joint_publish=False,CAMERA_ALIGN_TO_TARGET mode=AUTO nav_goal=NONE,AUTO,0.000,0.250,0.701,-0.015,True,True,False
15.700,classification,GAZEBO_FAKE_YOLO11S_CLASSIFICATION camera_alignment_requested=true class=bird,CAMERA_ALIGN_TO_TARGET mode=AUTO nav_goal=NONE,AUTO,0.000,0.250,0.701,-0.015,True,True,False
15.700,bird_confirmed,True,CAMERA_ALIGN_TO_TARGET mode=AUTO nav_goal=NONE,AUTO,0.000,0.250,0.701,-0.015,True,True,False
15.700,dynamic_target,count=1 x=0.74 y=-0.77 z=3.40,CAMERA_ALIGN_TO_TARGET mode=AUTO nav_goal=NONE,AUTO,0.000,0.250,0.701,-0.015,True,True,False
15.700,dynamic_lock,True,CAMERA_ALIGN_TO_TARGET mode=AUTO nav_goal=NONE,AUTO,0.000,0.250,0.701,-0.015,True,True,False
15.700,object_goal_state,REJECT cooldown source=elevated_dynamic_target remaining_sec=5.40,CAMERA_ALIGN_TO_TARGET mode=AUTO nav_goal=NONE,AUTO,0.000,0.250,0.701,-0.015,True,True,False
15.800,mission_state,CAMERA_ALIGN_TO_TARGET mode=AUTO nav_goal=NONE,CAMERA_ALIGN_TO_TARGET mode=AUTO nav_goal=NONE,AUTO,0.000,0.250,0.701,-0.014,True,True,False
15.800,mission_event,timestamp=15.800 mission_id=0 target_mission_id=1 state=CAMERA_ALIGN_TO_TARGET event_type=CAMERA_AIM_REQUESTED reason=aligning waypoint_index=0,CAMERA_ALIGN_TO_TARGET mode=AUTO nav_goal=NONE,AUTO,0.000,0.250,0.701,-0.014,True,True,False
15.800,camera_alignment,CAMERA_ALIGNMENT mode=logical centered=False bearing=0.999 tilt_cmd=-0.700 joint_publish=False,CAMERA_ALIGN_TO_TARGET mode=AUTO nav_goal=NONE,AUTO,0.000,0.250,0.701,-0.014,True,True,False
15.800,classification,GAZEBO_FAKE_YOLO11S_CLASSIFICATION camera_alignment_requested=true class=bird,CAMERA_ALIGN_TO_TARGET mode=AUTO nav_goal=NONE,AUTO,0.000,0.250,0.701,-0.014,True,True,False
15.800,bird_confirmed,True,CAMERA_ALIGN_TO_TARGET mode=AUTO nav_goal=NONE,AUTO,0.000,0.250,0.701,-0.014,True,True,False
15.800,sound_state,IDLE_NO_REQUEST,CAMERA_ALIGN_TO_TARGET mode=AUTO nav_goal=NONE,AUTO,0.000,0.250,0.701,-0.014,True,True,False
15.800,sound_done,False,CAMERA_ALIGN_TO_TARGET mode=AUTO nav_goal=NONE,AUTO,0.000,0.250,0.701,-0.014,True,True,False
15.800,dynamic_target,count=1 x=0.75 y=-0.78 z=3.40,CAMERA_ALIGN_TO_TARGET mode=AUTO nav_goal=NONE,AUTO,0.000,0.250,0.701,-0.014,True,True,False
15.800,dynamic_lock,True,CAMERA_ALIGN_TO_TARGET mode=AUTO nav_goal=NONE,AUTO,0.000,0.250,0.701,-0.014,True,True,False
15.800,object_goal_state,REJECT cooldown source=elevated_dynamic_target remaining_sec=5.30,CAMERA_ALIGN_TO_TARGET mode=AUTO nav_goal=NONE,AUTO,0.000,0.250,0.701,-0.014,True,True,False
15.800,dynamic_target,count=1 x=0.75 y=-0.78 z=3.40,CAMERA_ALIGN_TO_TARGET mode=AUTO nav_goal=NONE,AUTO,0.000,0.250,0.701,-0.014,True,True,False
15.800,dynamic_lock,True,CAMERA_ALIGN_TO_TARGET mode=AUTO nav_goal=NONE,AUTO,0.000,0.250,0.701,-0.014,True,True,False
15.800,object_goal_state,REJECT cooldown source=elevated_dynamic_target remaining_sec=5.30,CAMERA_ALIGN_TO_TARGET mode=AUTO nav_goal=NONE,AUTO,0.000,0.250,0.701,-0.014,True,True,False
15.900,camera_alignment,CAMERA_ALIGNMENT mode=logical centered=False bearing=0.993 tilt_cmd=-0.700 joint_publish=False,CAMERA_ALIGN_TO_TARGET mode=AUTO nav_goal=NONE,AUTO,0.000,0.250,0.701,-0.014,True,True,False
15.900,classification,GAZEBO_FAKE_YOLO11S_CLASSIFICATION camera_alignment_requested=true class=bird,CAMERA_ALIGN_TO_TARGET mode=AUTO nav_goal=NONE,AUTO,0.000,0.250,0.701,-0.014,True,True,False
15.900,bird_confirmed,True,CAMERA_ALIGN_TO_TARGET mode=AUTO nav_goal=NONE,AUTO,0.000,0.250,0.701,-0.014,True,True,False
15.900,dynamic_target,count=1 x=0.75 y=-0.78 z=3.40,CAMERA_ALIGN_TO_TARGET mode=AUTO nav_goal=NONE,AUTO,0.000,0.250,0.701,-0.014,True,True,False
15.900,dynamic_lock,True,CAMERA_ALIGN_TO_TARGET mode=AUTO nav_goal=NONE,AUTO,0.000,0.250,0.701,-0.014,True,True,False
15.900,object_goal_state,REJECT cooldown source=elevated_dynamic_target remaining_sec=5.20,CAMERA_ALIGN_TO_TARGET mode=AUTO nav_goal=NONE,AUTO,0.000,0.250,0.701,-0.014,True,True,False
16.000,dynamic_target,count=1 x=0.75 y=-0.78 z=3.40,CAMERA_ALIGN_TO_TARGET mode=AUTO nav_goal=NONE,AUTO,0.000,0.250,0.701,-0.014,True,True,False
16.000,dynamic_lock,True,CAMERA_ALIGN_TO_TARGET mode=AUTO nav_goal=NONE,AUTO,0.000,0.250,0.701,-0.014,True,True,False
16.000,classification,GAZEBO_FAKE_YOLO11S_CLASSIFICATION camera_alignment_requested=true class=bird,CAMERA_ALIGN_TO_TARGET mode=AUTO nav_goal=NONE,AUTO,0.000,0.250,0.701,-0.014,True,True,False
16.000,bird_confirmed,True,CAMERA_ALIGN_TO_TARGET mode=AUTO nav_goal=NONE,AUTO,0.000,0.250,0.701,-0.014,True,True,False
16.000,sound_state,IDLE_NO_REQUEST,CAMERA_ALIGN_TO_TARGET mode=AUTO nav_goal=NONE,AUTO,0.000,0.250,0.701,-0.014,True,True,False
16.000,sound_done,False,CAMERA_ALIGN_TO_TARGET mode=AUTO nav_goal=NONE,AUTO,0.000,0.250,0.701,-0.014,True,True,False
16.000,mission_state,CAMERA_ALIGN_TO_TARGET mode=AUTO nav_goal=NONE,CAMERA_ALIGN_TO_TARGET mode=AUTO nav_goal=NONE,AUTO,0.000,0.250,0.701,-0.014,True,True,False
16.000,object_goal_state,REJECT cooldown source=elevated_dynamic_target remaining_sec=5.10,CAMERA_ALIGN_TO_TARGET mode=AUTO nav_goal=NONE,AUTO,0.000,0.250,0.701,-0.014,True,True,False
16.000,camera_alignment,CAMERA_ALIGNMENT mode=logical centered=False bearing=0.976 tilt_cmd=-0.700 joint_publish=False,CAMERA_ALIGN_TO_TARGET mode=AUTO nav_goal=NONE,AUTO,0.000,0.250,0.701,-0.014,True,True,False
16.000,mission_event,timestamp=16.000 mission_id=0 target_mission_id=1 state=CAMERA_ALIGN_TO_TARGET event_type=CAMERA_AIM_REQUESTED reason=aligning waypoint_index=0,CAMERA_ALIGN_TO_TARGET mode=AUTO nav_goal=NONE,AUTO,0.000,0.250,0.701,-0.014,True,True,False
16.000,dynamic_target,count=1 x=0.76 y=-0.79 z=3.40,CAMERA_ALIGN_TO_TARGET mode=AUTO nav_goal=NONE,AUTO,0.000,0.250,0.701,-0.014,True,True,False
16.000,dynamic_lock,True,CAMERA_ALIGN_TO_TARGET mode=AUTO nav_goal=NONE,AUTO,0.000,0.250,0.701,-0.014,True,True,False
16.000,object_goal_state,REJECT cooldown source=elevated_dynamic_target remaining_sec=5.10,CAMERA_ALIGN_TO_TARGET mode=AUTO nav_goal=NONE,AUTO,0.000,0.250,0.701,-0.014,True,True,False
16.000,bird_confirmed,True,CAMERA_ALIGN_TO_TARGET mode=AUTO nav_goal=NONE,AUTO,0.000,0.250,0.702,-0.014,True,True,False
16.000,camera_alignment,CAMERA_ALIGNMENT mode=logical centered=False bearing=0.961 tilt_cmd=-0.700 joint_publish=False,CAMERA_ALIGN_TO_TARGET mode=AUTO nav_goal=NONE,AUTO,0.000,0.250,0.702,-0.014,True,True,False
16.000,classification,GAZEBO_FAKE_YOLO11S_CLASSIFICATION camera_alignment_requested=true class=bird,CAMERA_ALIGN_TO_TARGET mode=AUTO nav_goal=NONE,AUTO,0.000,0.250,0.702,-0.014,True,True,False
16.000,dynamic_target,count=1 x=0.76 y=-0.80 z=3.40,CAMERA_ALIGN_TO_TARGET mode=AUTO nav_goal=NONE,AUTO,0.000,0.250,0.702,-0.014,True,True,False
16.000,dynamic_lock,True,CAMERA_ALIGN_TO_TARGET mode=AUTO nav_goal=NONE,AUTO,0.000,0.250,0.702,-0.014,True,True,False
16.000,object_goal_state,REJECT cooldown source=elevated_dynamic_target remaining_sec=5.10,CAMERA_ALIGN_TO_TARGET mode=AUTO nav_goal=NONE,AUTO,0.000,0.250,0.702,-0.014,True,True,False
16.200,mission_state,CAMERA_ALIGN_TO_TARGET mode=AUTO nav_goal=NONE,CAMERA_ALIGN_TO_TARGET mode=AUTO nav_goal=NONE,AUTO,0.000,0.250,0.701,-0.014,True,True,False
16.200,mission_event,timestamp=16.200 mission_id=0 target_mission_id=1 state=CAMERA_ALIGN_TO_TARGET event_type=CAMERA_AIM_REQUESTED reason=aligning waypoint_index=0,CAMERA_ALIGN_TO_TARGET mode=AUTO nav_goal=NONE,AUTO,0.000,0.250,0.701,-0.014,True,True,False
16.200,camera_alignment,CAMERA_ALIGNMENT mode=logical centered=False bearing=0.962 tilt_cmd=-0.700 joint_publish=False,CAMERA_ALIGN_TO_TARGET mode=AUTO nav_goal=NONE,AUTO,0.000,0.250,0.701,-0.014,True,True,False
16.200,classification,GAZEBO_FAKE_YOLO11S_CLASSIFICATION camera_alignment_requested=true class=bird,CAMERA_ALIGN_TO_TARGET mode=AUTO nav_goal=NONE,AUTO,0.000,0.250,0.701,-0.014,True,True,False
16.200,bird_confirmed,True,CAMERA_ALIGN_TO_TARGET mode=AUTO nav_goal=NONE,AUTO,0.000,0.250,0.701,-0.014,True,True,False
16.200,sound_state,IDLE_NO_REQUEST,CAMERA_ALIGN_TO_TARGET mode=AUTO nav_goal=NONE,AUTO,0.000,0.250,0.701,-0.014,True,True,False
16.200,sound_done,False,CAMERA_ALIGN_TO_TARGET mode=AUTO nav_goal=NONE,AUTO,0.000,0.250,0.701,-0.014,True,True,False
16.200,dynamic_target,count=1 x=0.77 y=-0.80 z=3.40,CAMERA_ALIGN_TO_TARGET mode=AUTO nav_goal=NONE,AUTO,0.000,0.250,0.702,-0.014,True,True,False
16.200,dynamic_lock,True,CAMERA_ALIGN_TO_TARGET mode=AUTO nav_goal=NONE,AUTO,0.000,0.250,0.702,-0.014,True,True,False
16.200,object_goal_state,REJECT cooldown source=elevated_dynamic_target remaining_sec=4.90,CAMERA_ALIGN_TO_TARGET mode=AUTO nav_goal=NONE,AUTO,0.000,0.250,0.702,-0.014,True,True,False
16.200,dynamic_target,count=1 x=0.77 y=-0.80 z=3.40,CAMERA_ALIGN_TO_TARGET mode=AUTO nav_goal=NONE,AUTO,0.000,0.250,0.702,-0.014,True,True,False
16.200,dynamic_lock,True,CAMERA_ALIGN_TO_TARGET mode=AUTO nav_goal=NONE,AUTO,0.000,0.250,0.702,-0.014,True,True,False
16.200,object_goal_state,REJECT cooldown source=elevated_dynamic_target remaining_sec=4.90,CAMERA_ALIGN_TO_TARGET mode=AUTO nav_goal=NONE,AUTO,0.000,0.250,0.702,-0.014,True,True,False
16.300,camera_alignment,CAMERA_ALIGNMENT mode=logical centered=False bearing=0.940 tilt_cmd=-0.700 joint_publish=False,CAMERA_ALIGN_TO_TARGET mode=AUTO nav_goal=NONE,AUTO,0.000,0.250,0.702,-0.015,True,True,False
16.300,classification,GAZEBO_FAKE_YOLO11S_CLASSIFICATION camera_alignment_requested=true class=bird,CAMERA_ALIGN_TO_TARGET mode=AUTO nav_goal=NONE,AUTO,0.000,0.250,0.702,-0.015,True,True,False
16.300,bird_confirmed,True,CAMERA_ALIGN_TO_TARGET mode=AUTO nav_goal=NONE,AUTO,0.000,0.250,0.702,-0.015,True,True,False
16.300,dynamic_target,count=1 x=0.78 y=-0.81 z=3.40,CAMERA_ALIGN_TO_TARGET mode=AUTO nav_goal=NONE,AUTO,0.000,0.250,0.702,-0.015,True,True,False
16.300,dynamic_lock,True,CAMERA_ALIGN_TO_TARGET mode=AUTO nav_goal=NONE,AUTO,0.000,0.250,0.702,-0.015,True,True,False
16.300,object_goal_state,REJECT cooldown source=elevated_dynamic_target remaining_sec=4.80,CAMERA_ALIGN_TO_TARGET mode=AUTO nav_goal=NONE,AUTO,0.000,0.250,0.702,-0.015,True,True,False
16.400,sound_state,IDLE_NO_REQUEST,CAMERA_ALIGN_TO_TARGET mode=AUTO nav_goal=NONE,AUTO,0.000,0.250,0.703,-0.015,True,True,False
16.400,sound_done,False,CAMERA_ALIGN_TO_TARGET mode=AUTO nav_goal=NONE,AUTO,0.000,0.250,0.703,-0.015,True,True,False
16.400,camera_alignment,CAMERA_ALIGNMENT mode=logical centered=False bearing=0.920 tilt_cmd=-0.700 joint_publish=False,CAMERA_ALIGN_TO_TARGET mode=AUTO nav_goal=NONE,AUTO,0.000,0.250,0.703,-0.015,True,True,False
16.400,classification,GAZEBO_FAKE_YOLO11S_CLASSIFICATION camera_alignment_requested=true class=bird,CAMERA_ALIGN_TO_TARGET mode=AUTO nav_goal=NONE,AUTO,0.000,0.250,0.703,-0.015,True,True,False
16.400,bird_confirmed,True,CAMERA_ALIGN_TO_TARGET mode=AUTO nav_goal=NONE,AUTO,0.000,0.250,0.703,-0.015,True,True,False
16.400,dynamic_target,count=1 x=0.78 y=-0.81 z=3.40,CAMERA_ALIGN_TO_TARGET mode=AUTO nav_goal=NONE,AUTO,0.000,0.250,0.703,-0.015,True,True,False
16.400,dynamic_lock,True,CAMERA_ALIGN_TO_TARGET mode=AUTO nav_goal=NONE,AUTO,0.000,0.250,0.703,-0.015,True,True,False
16.400,mission_state,CAMERA_ALIGN_TO_TARGET mode=AUTO nav_goal=NONE,CAMERA_ALIGN_TO_TARGET mode=AUTO nav_goal=NONE,AUTO,0.000,0.250,0.703,-0.015,True,True,False
16.400,mission_event,timestamp=16.400 mission_id=0 target_mission_id=1 state=CAMERA_ALIGN_TO_TARGET event_type=CAMERA_AIM_REQUESTED reason=aligning waypoint_index=0,CAMERA_ALIGN_TO_TARGET mode=AUTO nav_goal=NONE,AUTO,0.000,0.250,0.703,-0.015,True,True,False
16.400,object_goal_state,REJECT cooldown source=elevated_dynamic_target remaining_sec=4.70,CAMERA_ALIGN_TO_TARGET mode=AUTO nav_goal=NONE,AUTO,0.000,0.250,0.703,-0.015,True,True,False
16.400,dynamic_target,count=1 x=0.78 y=-0.81 z=3.40,CAMERA_ALIGN_TO_TARGET mode=AUTO nav_goal=NONE,AUTO,0.000,0.250,0.703,-0.015,True,True,False
16.400,dynamic_lock,True,CAMERA_ALIGN_TO_TARGET mode=AUTO nav_goal=NONE,AUTO,0.000,0.250,0.703,-0.015,True,True,False
16.400,object_goal_state,REJECT cooldown source=elevated_dynamic_target remaining_sec=4.70,CAMERA_ALIGN_TO_TARGET mode=AUTO nav_goal=NONE,AUTO,0.000,0.250,0.703,-0.015,True,True,False
16.500,camera_alignment,CAMERA_ALIGNMENT mode=logical centered=False bearing=0.910 tilt_cmd=-0.700 joint_publish=False,CAMERA_ALIGN_TO_TARGET mode=AUTO nav_goal=NONE,AUTO,0.000,0.250,0.703,-0.015,True,True,False
16.500,classification,GAZEBO_FAKE_YOLO11S_CLASSIFICATION camera_alignment_requested=true class=bird,CAMERA_ALIGN_TO_TARGET mode=AUTO nav_goal=NONE,AUTO,0.000,0.250,0.703,-0.015,True,True,False
16.500,bird_confirmed,True,CAMERA_ALIGN_TO_TARGET mode=AUTO nav_goal=NONE,AUTO,0.000,0.250,0.703,-0.015,True,True,False
16.500,dynamic_target,count=1 x=0.79 y=-0.82 z=3.40,CAMERA_ALIGN_TO_TARGET mode=AUTO nav_goal=NONE,AUTO,0.000,0.250,0.703,-0.015,True,True,False
16.500,dynamic_lock,True,CAMERA_ALIGN_TO_TARGET mode=AUTO nav_goal=NONE,AUTO,0.000,0.250,0.703,-0.015,True,True,False
16.500,object_goal_state,REJECT cooldown source=elevated_dynamic_target remaining_sec=4.60,CAMERA_ALIGN_TO_TARGET mode=AUTO nav_goal=NONE,AUTO,0.000,0.250,0.703,-0.015,True,True,False
16.600,camera_alignment,CAMERA_ALIGNMENT mode=logical centered=False bearing=0.910 tilt_cmd=-0.700 joint_publish=False,CAMERA_ALIGN_TO_TARGET mode=AUTO nav_goal=NONE,AUTO,0.000,0.250,0.703,-0.015,True,True,False
16.600,sound_done,False,CAMERA_ALIGN_TO_TARGET mode=AUTO nav_goal=NONE,AUTO,0.000,0.250,0.703,-0.015,True,True,False
16.600,dynamic_target,count=1 x=0.79 y=-0.82 z=3.40,CAMERA_ALIGN_TO_TARGET mode=AUTO nav_goal=NONE,AUTO,0.000,0.250,0.703,-0.015,True,True,False
16.600,dynamic_lock,True,CAMERA_ALIGN_TO_TARGET mode=AUTO nav_goal=NONE,AUTO,0.000,0.250,0.703,-0.015,True,True,False
16.600,sound_state,IDLE_NO_REQUEST,CAMERA_ALIGN_TO_TARGET mode=AUTO nav_goal=NONE,AUTO,0.000,0.250,0.703,-0.015,True,True,False
16.600,mission_state,CAMERA_ALIGN_TO_TARGET mode=AUTO nav_goal=NONE,CAMERA_ALIGN_TO_TARGET mode=AUTO nav_goal=NONE,AUTO,0.000,0.250,0.703,-0.015,True,True,False
16.600,classification,GAZEBO_FAKE_YOLO11S_CLASSIFICATION camera_alignment_requested=true class=bird,CAMERA_ALIGN_TO_TARGET mode=AUTO nav_goal=NONE,AUTO,0.000,0.250,0.703,-0.015,True,True,False
16.600,bird_confirmed,True,CAMERA_ALIGN_TO_TARGET mode=AUTO nav_goal=NONE,AUTO,0.000,0.250,0.703,-0.015,True,True,False
16.600,mission_event,timestamp=16.600 mission_id=0 target_mission_id=1 state=CAMERA_ALIGN_TO_TARGET event_type=CAMERA_AIM_REQUESTED reason=aligning waypoint_index=0,CAMERA_ALIGN_TO_TARGET mode=AUTO nav_goal=NONE,AUTO,0.000,0.250,0.703,-0.015,True,True,False
16.600,object_goal_state,REJECT cooldown source=elevated_dynamic_target remaining_sec=4.50,CAMERA_ALIGN_TO_TARGET mode=AUTO nav_goal=NONE,AUTO,0.000,0.250,0.703,-0.015,True,True,False
16.600,dynamic_target,count=1 x=0.79 y=-0.83 z=3.40,CAMERA_ALIGN_TO_TARGET mode=AUTO nav_goal=NONE,AUTO,0.000,0.250,0.703,-0.015,True,True,False
16.600,dynamic_lock,True,CAMERA_ALIGN_TO_TARGET mode=AUTO nav_goal=NONE,AUTO,0.000,0.250,0.703,-0.015,True,True,False
16.600,object_goal_state,REJECT cooldown source=elevated_dynamic_target remaining_sec=4.50,CAMERA_ALIGN_TO_TARGET mode=AUTO nav_goal=NONE,AUTO,0.000,0.250,0.703,-0.015,True,True,False
16.700,camera_alignment,CAMERA_ALIGNMENT mode=logical centered=False bearing=0.885 tilt_cmd=-0.700 joint_publish=False,CAMERA_ALIGN_TO_TARGET mode=AUTO nav_goal=NONE,AUTO,0.000,0.250,0.704,-0.015,True,True,False
16.700,classification,GAZEBO_FAKE_YOLO11S_CLASSIFICATION camera_alignment_requested=true class=bird,CAMERA_ALIGN_TO_TARGET mode=AUTO nav_goal=NONE,AUTO,0.000,0.250,0.704,-0.015,True,True,False
16.700,bird_confirmed,True,CAMERA_ALIGN_TO_TARGET mode=AUTO nav_goal=NONE,AUTO,0.000,0.250,0.704,-0.015,True,True,False
16.700,dynamic_target,count=1 x=0.80 y=-0.83 z=3.40,CAMERA_ALIGN_TO_TARGET mode=AUTO nav_goal=NONE,AUTO,0.000,0.250,0.704,-0.015,True,True,False
16.700,dynamic_lock,True,CAMERA_ALIGN_TO_TARGET mode=AUTO nav_goal=NONE,AUTO,0.000,0.250,0.704,-0.015,True,True,False
16.700,object_goal_state,REJECT cooldown source=elevated_dynamic_target remaining_sec=4.40,CAMERA_ALIGN_TO_TARGET mode=AUTO nav_goal=NONE,AUTO,0.000,0.250,0.704,-0.015,True,True,False
16.700,sound_done,False,CAMERA_ALIGN_TO_TARGET mode=AUTO nav_goal=NONE,AUTO,0.000,0.250,0.703,-0.015,True,True,False
16.800,sound_state,IDLE_NO_REQUEST,CAMERA_ALIGN_TO_TARGET mode=AUTO nav_goal=NONE,AUTO,0.000,0.250,0.703,-0.015,True,True,False
16.800,camera_alignment,CAMERA_ALIGNMENT mode=logical centered=False bearing=0.875 tilt_cmd=-0.700 joint_publish=False,CAMERA_ALIGN_TO_TARGET mode=AUTO nav_goal=NONE,AUTO,0.000,0.250,0.703,-0.015,True,True,False
16.800,mission_state,CAMERA_ALIGN_TO_TARGET mode=AUTO nav_goal=NONE,CAMERA_ALIGN_TO_TARGET mode=AUTO nav_goal=NONE,AUTO,0.000,0.250,0.703,-0.015,True,True,False
16.800,mission_event,timestamp=16.800 mission_id=0 target_mission_id=1 state=CAMERA_ALIGN_TO_TARGET event_type=CAMERA_AIM_REQUESTED reason=aligning waypoint_index=0,CAMERA_ALIGN_TO_TARGET mode=AUTO nav_goal=NONE,AUTO,0.000,0.250,0.703,-0.015,True,True,False
16.800,bird_confirmed,True,CAMERA_ALIGN_TO_TARGET mode=AUTO nav_goal=NONE,AUTO,0.000,0.250,0.703,-0.015,True,True,False
16.800,classification,GAZEBO_FAKE_YOLO11S_CLASSIFICATION camera_alignment_requested=true class=bird,CAMERA_ALIGN_TO_TARGET mode=AUTO nav_goal=NONE,AUTO,0.000,0.250,0.703,-0.015,True,True,False
16.800,dynamic_target,count=1 x=0.80 y=-0.84 z=3.40,CAMERA_ALIGN_TO_TARGET mode=AUTO nav_goal=NONE,AUTO,0.000,0.250,0.703,-0.015,True,True,False
16.800,dynamic_lock,True,CAMERA_ALIGN_TO_TARGET mode=AUTO nav_goal=NONE,AUTO,0.000,0.250,0.703,-0.015,True,True,False
16.800,object_goal_state,REJECT cooldown source=elevated_dynamic_target remaining_sec=4.30,CAMERA_ALIGN_TO_TARGET mode=AUTO nav_goal=NONE,AUTO,0.000,0.250,0.703,-0.015,True,True,False
16.800,dynamic_target,count=1 x=0.80 y=-0.84 z=3.40,CAMERA_ALIGN_TO_TARGET mode=AUTO nav_goal=NONE,AUTO,0.000,0.250,0.703,-0.015,True,True,False
16.800,dynamic_lock,True,CAMERA_ALIGN_TO_TARGET mode=AUTO nav_goal=NONE,AUTO,0.000,0.250,0.703,-0.015,True,True,False
16.800,object_goal_state,REJECT cooldown source=elevated_dynamic_target remaining_sec=4.30,CAMERA_ALIGN_TO_TARGET mode=AUTO nav_goal=NONE,AUTO,0.000,0.250,0.703,-0.015,True,True,False
16.900,camera_alignment,CAMERA_ALIGNMENT mode=logical centered=False bearing=0.875 tilt_cmd=-0.700 joint_publish=False,CAMERA_ALIGN_TO_TARGET mode=AUTO nav_goal=NONE,AUTO,0.000,0.250,0.704,-0.015,True,True,False
16.900,classification,GAZEBO_FAKE_YOLO11S_CLASSIFICATION camera_alignment_requested=true class=bird,CAMERA_ALIGN_TO_TARGET mode=AUTO nav_goal=NONE,AUTO,0.000,0.250,0.704,-0.015,True,True,False
16.900,bird_confirmed,True,CAMERA_ALIGN_TO_TARGET mode=AUTO nav_goal=NONE,AUTO,0.000,0.250,0.704,-0.015,True,True,False
16.900,dynamic_target,count=1 x=0.81 y=-0.84 z=3.40,CAMERA_ALIGN_TO_TARGET mode=AUTO nav_goal=NONE,AUTO,0.000,0.250,0.703,-0.015,True,True,False
16.900,dynamic_lock,True,CAMERA_ALIGN_TO_TARGET mode=AUTO nav_goal=NONE,AUTO,0.000,0.250,0.703,-0.015,True,True,False
16.900,object_goal_state,REJECT cooldown source=elevated_dynamic_target remaining_sec=4.20,CAMERA_ALIGN_TO_TARGET mode=AUTO nav_goal=NONE,AUTO,0.000,0.250,0.703,-0.015,True,True,False
17.000,mission_state,CAMERA_ALIGN_TO_TARGET mode=AUTO nav_goal=NONE,CAMERA_ALIGN_TO_TARGET mode=AUTO nav_goal=NONE,AUTO,0.000,0.250,0.703,-0.016,True,True,False
17.000,bird_confirmed,True,CAMERA_ALIGN_TO_TARGET mode=AUTO nav_goal=NONE,AUTO,0.000,0.250,0.703,-0.016,True,True,False
17.000,mission_event,timestamp=17.000 mission_id=0 target_mission_id=1 state=CAMERA_ALIGN_TO_TARGET event_type=CAMERA_AIM_REQUESTED reason=aligning waypoint_index=0,CAMERA_ALIGN_TO_TARGET mode=AUTO nav_goal=NONE,AUTO,0.000,0.250,0.703,-0.016,True,True,False
17.000,camera_alignment,CAMERA_ALIGNMENT mode=logical centered=False bearing=0.857 tilt_cmd=-0.700 joint_publish=False,CAMERA_ALIGN_TO_TARGET mode=AUTO nav_goal=NONE,AUTO,0.000,0.250,0.703,-0.016,True,True,False
17.000,classification,GAZEBO_FAKE_YOLO11S_CLASSIFICATION camera_alignment_requested=true class=bird,CAMERA_ALIGN_TO_TARGET mode=AUTO nav_goal=NONE,AUTO,0.000,0.250,0.703,-0.016,True,True,False
17.000,sound_state,IDLE_NO_REQUEST,CAMERA_ALIGN_TO_TARGET mode=AUTO nav_goal=NONE,AUTO,0.000,0.250,0.703,-0.016,True,True,False
17.000,sound_done,False,CAMERA_ALIGN_TO_TARGET mode=AUTO nav_goal=NONE,AUTO,0.000,0.250,0.703,-0.016,True,True,False
17.000,dynamic_target,count=1 x=0.81 y=-0.84 z=3.40,CAMERA_ALIGN_TO_TARGET mode=AUTO nav_goal=NONE,AUTO,0.000,0.250,0.703,-0.016,True,True,False
17.000,dynamic_lock,True,CAMERA_ALIGN_TO_TARGET mode=AUTO nav_goal=NONE,AUTO,0.000,0.250,0.703,-0.016,True,True,False
17.000,object_goal_state,REJECT cooldown source=elevated_dynamic_target remaining_sec=4.10,CAMERA_ALIGN_TO_TARGET mode=AUTO nav_goal=NONE,AUTO,0.000,0.250,0.703,-0.016,True,True,False
17.000,dynamic_target,count=1 x=0.82 y=-0.85 z=3.40,CAMERA_ALIGN_TO_TARGET mode=AUTO nav_goal=NONE,AUTO,0.000,0.250,0.703,-0.016,True,True,False
17.000,dynamic_lock,True,CAMERA_ALIGN_TO_TARGET mode=AUTO nav_goal=NONE,AUTO,0.000,0.250,0.703,-0.016,True,True,False
17.000,object_goal_state,REJECT cooldown source=elevated_dynamic_target remaining_sec=4.10,CAMERA_ALIGN_TO_TARGET mode=AUTO nav_goal=NONE,AUTO,0.000,0.250,0.703,-0.016,True,True,False
17.100,camera_alignment,CAMERA_ALIGNMENT mode=logical centered=False bearing=0.839 tilt_cmd=-0.700 joint_publish=False,CAMERA_ALIGN_TO_TARGET mode=AUTO nav_goal=NONE,AUTO,0.000,0.250,0.704,-0.016,True,True,False
17.100,classification,GAZEBO_FAKE_YOLO11S_CLASSIFICATION camera_alignment_requested=true class=bird,CAMERA_ALIGN_TO_TARGET mode=AUTO nav_goal=NONE,AUTO,0.000,0.250,0.704,-0.016,True,True,False
17.100,bird_confirmed,True,CAMERA_ALIGN_TO_TARGET mode=AUTO nav_goal=NONE,AUTO,0.000,0.250,0.704,-0.016,True,True,False
17.100,dynamic_target,count=1 x=0.82 y=-0.86 z=3.40,CAMERA_ALIGN_TO_TARGET mode=AUTO nav_goal=NONE,AUTO,0.000,0.250,0.704,-0.016,True,True,False
17.100,dynamic_lock,True,CAMERA_ALIGN_TO_TARGET mode=AUTO nav_goal=NONE,AUTO,0.000,0.250,0.704,-0.016,True,True,False
17.100,object_goal_state,REJECT cooldown source=elevated_dynamic_target remaining_sec=4.00,CAMERA_ALIGN_TO_TARGET mode=AUTO nav_goal=NONE,AUTO,0.000,0.250,0.704,-0.016,True,True,False
17.200,camera_alignment,CAMERA_ALIGNMENT mode=logical centered=False bearing=0.845 tilt_cmd=-0.700 joint_publish=False,CAMERA_ALIGN_TO_TARGET mode=AUTO nav_goal=NONE,AUTO,0.000,0.250,0.704,-0.017,True,True,False
17.200,classification,GAZEBO_FAKE_YOLO11S_CLASSIFICATION camera_alignment_requested=true class=bird,CAMERA_ALIGN_TO_TARGET mode=AUTO nav_goal=NONE,AUTO,0.000,0.250,0.704,-0.017,True,True,False
17.200,bird_confirmed,True,CAMERA_ALIGN_TO_TARGET mode=AUTO nav_goal=NONE,AUTO,0.000,0.250,0.704,-0.017,True,True,False
17.200,sound_done,False,CAMERA_ALIGN_TO_TARGET mode=AUTO nav_goal=NONE,AUTO,0.000,0.250,0.704,-0.017,True,True,False
17.200,mission_state,CAMERA_ALIGN_TO_TARGET mode=AUTO nav_goal=NONE,CAMERA_ALIGN_TO_TARGET mode=AUTO nav_goal=NONE,AUTO,0.000,0.250,0.704,-0.017,True,True,False
17.200,mission_event,timestamp=17.200 mission_id=0 target_mission_id=1 state=CAMERA_ALIGN_TO_TARGET event_type=CAMERA_AIM_REQUESTED reason=aligning waypoint_index=0,CAMERA_ALIGN_TO_TARGET mode=AUTO nav_goal=NONE,AUTO,0.000,0.250,0.704,-0.017,True,True,False
17.200,sound_state,IDLE_NO_REQUEST,CAMERA_ALIGN_TO_TARGET mode=AUTO nav_goal=NONE,AUTO,0.000,0.250,0.704,-0.017,True,True,False
17.200,dynamic_target,count=1 x=0.83 y=-0.86 z=3.40,CAMERA_ALIGN_TO_TARGET mode=AUTO nav_goal=NONE,AUTO,0.000,0.250,0.704,-0.017,True,True,False
17.200,dynamic_lock,True,CAMERA_ALIGN_TO_TARGET mode=AUTO nav_goal=NONE,AUTO,0.000,0.250,0.704,-0.017,True,True,False
17.200,object_goal_state,REJECT cooldown source=elevated_dynamic_target remaining_sec=3.90,CAMERA_ALIGN_TO_TARGET mode=AUTO nav_goal=NONE,AUTO,0.000,0.250,0.704,-0.017,True,True,False
17.200,dynamic_target,count=1 x=0.83 y=-0.86 z=3.40,CAMERA_ALIGN_TO_TARGET mode=AUTO nav_goal=NONE,AUTO,0.000,0.250,0.704,-0.017,True,True,False
17.200,dynamic_lock,True,CAMERA_ALIGN_TO_TARGET mode=AUTO nav_goal=NONE,AUTO,0.000,0.250,0.704,-0.017,True,True,False
17.200,object_goal_state,REJECT cooldown source=elevated_dynamic_target remaining_sec=3.90,CAMERA_ALIGN_TO_TARGET mode=AUTO nav_goal=NONE,AUTO,0.000,0.250,0.704,-0.017,True,True,False
17.300,camera_alignment,CAMERA_ALIGNMENT mode=logical centered=False bearing=0.824 tilt_cmd=-0.700 joint_publish=False,CAMERA_ALIGN_TO_TARGET mode=AUTO nav_goal=NONE,AUTO,0.000,0.250,0.704,-0.017,True,True,False
17.300,classification,GAZEBO_FAKE_YOLO11S_CLASSIFICATION camera_alignment_requested=true class=bird,CAMERA_ALIGN_TO_TARGET mode=AUTO nav_goal=NONE,AUTO,0.000,0.250,0.704,-0.017,True,True,False
17.300,bird_confirmed,True,CAMERA_ALIGN_TO_TARGET mode=AUTO nav_goal=NONE,AUTO,0.000,0.250,0.704,-0.017,True,True,False
17.300,dynamic_target,count=1 x=0.83 y=-0.87 z=3.40,CAMERA_ALIGN_TO_TARGET mode=AUTO nav_goal=NONE,AUTO,0.000,0.250,0.704,-0.017,True,True,False
17.300,dynamic_lock,True,CAMERA_ALIGN_TO_TARGET mode=AUTO nav_goal=NONE,AUTO,0.000,0.250,0.704,-0.017,True,True,False
17.300,object_goal_state,REJECT cooldown source=elevated_dynamic_target remaining_sec=3.80,CAMERA_ALIGN_TO_TARGET mode=AUTO nav_goal=NONE,AUTO,0.000,0.250,0.704,-0.017,True,True,False
17.400,dynamic_target,count=1 x=0.83 y=-0.87 z=3.40,CAMERA_ALIGN_TO_TARGET mode=AUTO nav_goal=NONE,AUTO,0.000,0.250,0.704,-0.017,True,True,False
17.400,dynamic_lock,True,CAMERA_ALIGN_TO_TARGET mode=AUTO nav_goal=NONE,AUTO,0.000,0.250,0.704,-0.017,True,True,False
17.400,classification,GAZEBO_FAKE_YOLO11S_CLASSIFICATION camera_alignment_requested=true class=bird,CAMERA_ALIGN_TO_TARGET mode=AUTO nav_goal=NONE,AUTO,0.000,0.250,0.704,-0.017,True,True,False
17.400,bird_confirmed,True,CAMERA_ALIGN_TO_TARGET mode=AUTO nav_goal=NONE,AUTO,0.000,0.250,0.704,-0.017,True,True,False
17.400,mission_state,CAMERA_ALIGN_TO_TARGET mode=AUTO nav_goal=NONE,CAMERA_ALIGN_TO_TARGET mode=AUTO nav_goal=NONE,AUTO,0.000,0.250,0.704,-0.017,True,True,False
17.400,mission_event,timestamp=17.400 mission_id=0 target_mission_id=1 state=CAMERA_ALIGN_TO_TARGET event_type=CAMERA_AIM_REQUESTED reason=aligning waypoint_index=0,CAMERA_ALIGN_TO_TARGET mode=AUTO nav_goal=NONE,AUTO,0.000,0.250,0.704,-0.017,True,True,False
17.400,object_goal_state,REJECT cooldown source=elevated_dynamic_target remaining_sec=3.70,CAMERA_ALIGN_TO_TARGET mode=AUTO nav_goal=NONE,AUTO,0.000,0.250,0.704,-0.017,True,True,False
17.400,dynamic_target,count=1 x=0.84 y=-0.87 z=3.40,CAMERA_ALIGN_TO_TARGET mode=AUTO nav_goal=NONE,AUTO,0.000,0.250,0.704,-0.017,True,True,False
17.400,dynamic_lock,True,CAMERA_ALIGN_TO_TARGET mode=AUTO nav_goal=NONE,AUTO,0.000,0.250,0.704,-0.017,True,True,False
17.400,camera_alignment,CAMERA_ALIGNMENT mode=logical centered=False bearing=0.788 tilt_cmd=-0.700 joint_publish=False,CAMERA_ALIGN_TO_TARGET mode=AUTO nav_goal=NONE,AUTO,0.000,0.250,0.704,-0.017,True,True,False
17.400,sound_state,IDLE_NO_REQUEST,CAMERA_ALIGN_TO_TARGET mode=AUTO nav_goal=NONE,AUTO,0.000,0.250,0.704,-0.017,True,True,False
17.400,sound_done,False,CAMERA_ALIGN_TO_TARGET mode=AUTO nav_goal=NONE,AUTO,0.000,0.250,0.704,-0.017,True,True,False
17.400,object_goal_state,REJECT cooldown source=elevated_dynamic_target remaining_sec=3.70,CAMERA_ALIGN_TO_TARGET mode=AUTO nav_goal=NONE,AUTO,0.000,0.250,0.704,-0.017,True,True,False
17.500,bird_confirmed,True,CAMERA_ALIGN_TO_TARGET mode=AUTO nav_goal=NONE,AUTO,0.000,0.250,0.704,-0.018,True,True,False
17.500,camera_alignment,CAMERA_ALIGNMENT mode=logical centered=False bearing=0.793 tilt_cmd=-0.700 joint_publish=False,CAMERA_ALIGN_TO_TARGET mode=AUTO nav_goal=NONE,AUTO,0.000,0.250,0.704,-0.018,True,True,False
17.500,classification,GAZEBO_FAKE_YOLO11S_CLASSIFICATION camera_alignment_requested=true class=bird,CAMERA_ALIGN_TO_TARGET mode=AUTO nav_goal=NONE,AUTO,0.000,0.250,0.704,-0.018,True,True,False
17.500,dynamic_target,count=1 x=0.85 y=-0.88 z=3.40,CAMERA_ALIGN_TO_TARGET mode=AUTO nav_goal=NONE,AUTO,0.000,0.250,0.704,-0.017,True,True,False
17.500,dynamic_lock,True,CAMERA_ALIGN_TO_TARGET mode=AUTO nav_goal=NONE,AUTO,0.000,0.250,0.704,-0.017,True,True,False
17.500,object_goal_state,REJECT cooldown source=elevated_dynamic_target remaining_sec=3.60,CAMERA_ALIGN_TO_TARGET mode=AUTO nav_goal=NONE,AUTO,0.000,0.250,0.704,-0.017,True,True,False
17.600,camera_alignment,CAMERA_ALIGNMENT mode=logical centered=False bearing=0.790 tilt_cmd=-0.700 joint_publish=False,CAMERA_ALIGN_TO_TARGET mode=AUTO nav_goal=NONE,AUTO,0.000,0.250,0.704,-0.017,True,True,False
17.600,classification,GAZEBO_FAKE_YOLO11S_CLASSIFICATION camera_alignment_requested=true class=bird,CAMERA_ALIGN_TO_TARGET mode=AUTO nav_goal=NONE,AUTO,0.000,0.250,0.704,-0.017,True,True,False
17.600,bird_confirmed,True,CAMERA_ALIGN_TO_TARGET mode=AUTO nav_goal=NONE,AUTO,0.000,0.250,0.704,-0.017,True,True,False
17.600,sound_state,IDLE_NO_REQUEST,CAMERA_ALIGN_TO_TARGET mode=AUTO nav_goal=NONE,AUTO,0.000,0.250,0.704,-0.017,True,True,False
17.600,sound_done,False,CAMERA_ALIGN_TO_TARGET mode=AUTO nav_goal=NONE,AUTO,0.000,0.250,0.704,-0.017,True,True,False
17.600,mission_state,CAMERA_ALIGN_TO_TARGET mode=AUTO nav_goal=NONE,CAMERA_ALIGN_TO_TARGET mode=AUTO nav_goal=NONE,AUTO,0.000,0.250,0.704,-0.017,True,True,False
17.600,mission_event,timestamp=17.600 mission_id=0 target_mission_id=1 state=CAMERA_ALIGN_TO_TARGET event_type=CAMERA_AIM_REQUESTED reason=aligning waypoint_index=0,CAMERA_ALIGN_TO_TARGET mode=AUTO nav_goal=NONE,AUTO,0.000,0.250,0.704,-0.017,True,True,False
17.600,dynamic_target,count=1 x=0.85 y=-0.88 z=3.40,CAMERA_ALIGN_TO_TARGET mode=AUTO nav_goal=NONE,AUTO,0.000,0.250,0.705,-0.018,True,True,False
17.600,dynamic_lock,True,CAMERA_ALIGN_TO_TARGET mode=AUTO nav_goal=NONE,AUTO,0.000,0.250,0.705,-0.018,True,True,False
17.600,object_goal_state,REJECT cooldown source=elevated_dynamic_target remaining_sec=3.50,CAMERA_ALIGN_TO_TARGET mode=AUTO nav_goal=NONE,AUTO,0.000,0.250,0.705,-0.018,True,True,False
17.600,dynamic_target,count=1 x=0.85 y=-0.89 z=3.40,CAMERA_ALIGN_TO_TARGET mode=AUTO nav_goal=NONE,AUTO,0.000,0.250,0.705,-0.018,True,True,False
17.600,dynamic_lock,True,CAMERA_ALIGN_TO_TARGET mode=AUTO nav_goal=NONE,AUTO,0.000,0.250,0.705,-0.018,True,True,False
17.600,object_goal_state,REJECT cooldown source=elevated_dynamic_target remaining_sec=3.50,CAMERA_ALIGN_TO_TARGET mode=AUTO nav_goal=NONE,AUTO,0.000,0.250,0.705,-0.018,True,True,False
17.700,camera_alignment,CAMERA_ALIGNMENT mode=logical centered=False bearing=0.766 tilt_cmd=-0.700 joint_publish=False,CAMERA_ALIGN_TO_TARGET mode=AUTO nav_goal=NONE,AUTO,0.000,0.250,0.705,-0.018,True,True,False
17.700,classification,GAZEBO_FAKE_YOLO11S_CLASSIFICATION camera_alignment_requested=true class=bird,CAMERA_ALIGN_TO_TARGET mode=AUTO nav_goal=NONE,AUTO,0.000,0.250,0.705,-0.018,True,True,False
17.700,bird_confirmed,True,CAMERA_ALIGN_TO_TARGET mode=AUTO nav_goal=NONE,AUTO,0.000,0.250,0.705,-0.018,True,True,False
17.700,dynamic_target,count=1 x=0.86 y=-0.89 z=3.40,CAMERA_ALIGN_TO_TARGET mode=AUTO nav_goal=NONE,AUTO,0.000,0.250,0.705,-0.018,True,True,False
17.700,dynamic_lock,True,CAMERA_ALIGN_TO_TARGET mode=AUTO nav_goal=NONE,AUTO,0.000,0.250,0.705,-0.018,True,True,False
17.700,object_goal_state,REJECT cooldown source=elevated_dynamic_target remaining_sec=3.40,CAMERA_ALIGN_TO_TARGET mode=AUTO nav_goal=NONE,AUTO,0.000,0.250,0.705,-0.018,True,True,False
17.800,classification,GAZEBO_FAKE_YOLO11S_CLASSIFICATION camera_alignment_requested=true class=bird,CAMERA_ALIGN_TO_TARGET mode=AUTO nav_goal=NONE,AUTO,0.000,0.250,0.705,-0.018,True,True,False
17.800,bird_confirmed,True,CAMERA_ALIGN_TO_TARGET mode=AUTO nav_goal=NONE,AUTO,0.000,0.250,0.705,-0.018,True,True,False
17.800,sound_state,IDLE_NO_REQUEST,CAMERA_ALIGN_TO_TARGET mode=AUTO nav_goal=NONE,AUTO,0.000,0.250,0.705,-0.018,True,True,False
17.800,sound_done,False,CAMERA_ALIGN_TO_TARGET mode=AUTO nav_goal=NONE,AUTO,0.000,0.250,0.705,-0.018,True,True,False
17.800,dynamic_target,count=1 x=0.86 y=-0.89 z=3.40,CAMERA_ALIGN_TO_TARGET mode=AUTO nav_goal=NONE,AUTO,0.000,0.250,0.705,-0.018,True,True,False
17.800,dynamic_lock,True,CAMERA_ALIGN_TO_TARGET mode=AUTO nav_goal=NONE,AUTO,0.000,0.250,0.705,-0.018,True,True,False
17.800,camera_alignment,CAMERA_ALIGNMENT mode=logical centered=False bearing=0.752 tilt_cmd=-0.700 joint_publish=False,CAMERA_ALIGN_TO_TARGET mode=AUTO nav_goal=NONE,AUTO,0.000,0.250,0.705,-0.018,True,True,False
17.800,object_goal_state,REJECT cooldown source=elevated_dynamic_target remaining_sec=3.30,CAMERA_ALIGN_TO_TARGET mode=AUTO nav_goal=NONE,AUTO,0.000,0.250,0.705,-0.018,True,True,False
17.800,dynamic_target,count=1 x=0.86 y=-0.90 z=3.40,CAMERA_ALIGN_TO_TARGET mode=AUTO nav_goal=NONE,AUTO,0.000,0.250,0.705,-0.018,True,True,False
17.800,dynamic_lock,True,CAMERA_ALIGN_TO_TARGET mode=AUTO nav_goal=NONE,AUTO,0.000,0.250,0.705,-0.018,True,True,False
17.800,object_goal_state,REJECT cooldown source=elevated_dynamic_target remaining_sec=3.30,CAMERA_ALIGN_TO_TARGET mode=AUTO nav_goal=NONE,AUTO,0.000,0.250,0.705,-0.018,True,True,False
17.900,camera_alignment,CAMERA_ALIGNMENT mode=logical centered=False bearing=0.739 tilt_cmd=-0.700 joint_publish=False,CAMERA_ALIGN_TO_TARGET mode=AUTO nav_goal=NONE,AUTO,0.000,0.250,0.706,-0.018,True,True,False
17.900,mission_state,CAMERA_ALIGN_TO_TARGET mode=AUTO nav_goal=NONE,CAMERA_ALIGN_TO_TARGET mode=AUTO nav_goal=NONE,AUTO,0.000,0.250,0.706,-0.018,True,True,False
17.900,mission_event,timestamp=17.900 mission_id=0 target_mission_id=1 state=CAMERA_ALIGN_TO_TARGET event_type=CAMERA_AIM_REQUESTED reason=aligning waypoint_index=0,CAMERA_ALIGN_TO_TARGET mode=AUTO nav_goal=NONE,AUTO,0.000,0.250,0.706,-0.018,True,True,False
17.900,classification,GAZEBO_FAKE_YOLO11S_CLASSIFICATION camera_alignment_requested=true class=bird,CAMERA_ALIGN_TO_TARGET mode=AUTO nav_goal=NONE,AUTO,0.000,0.250,0.706,-0.018,True,True,False
17.900,bird_confirmed,True,CAMERA_ALIGN_TO_TARGET mode=AUTO nav_goal=NONE,AUTO,0.000,0.250,0.706,-0.018,True,True,False
17.900,dynamic_target,count=1 x=0.87 y=-0.90 z=3.40,CAMERA_ALIGN_TO_TARGET mode=AUTO nav_goal=NONE,AUTO,0.000,0.250,0.706,-0.018,True,True,False
17.900,dynamic_lock,True,CAMERA_ALIGN_TO_TARGET mode=AUTO nav_goal=NONE,AUTO,0.000,0.250,0.706,-0.018,True,True,False
17.900,object_goal_state,REJECT cooldown source=elevated_dynamic_target remaining_sec=3.20,CAMERA_ALIGN_TO_TARGET mode=AUTO nav_goal=NONE,AUTO,0.000,0.250,0.706,-0.018,True,True,False
18.000,classification,GAZEBO_FAKE_YOLO11S_CLASSIFICATION camera_alignment_requested=true class=bird,CAMERA_ALIGN_TO_TARGET mode=AUTO nav_goal=NONE,AUTO,0.000,0.250,0.706,-0.019,True,True,False
18.000,bird_confirmed,True,CAMERA_ALIGN_TO_TARGET mode=AUTO nav_goal=NONE,AUTO,0.000,0.250,0.706,-0.019,True,True,False
18.000,mission_state,CAMERA_ALIGN_TO_TARGET mode=AUTO nav_goal=NONE,CAMERA_ALIGN_TO_TARGET mode=AUTO nav_goal=NONE,AUTO,0.000,0.250,0.706,-0.019,True,True,False
18.000,camera_alignment,CAMERA_ALIGNMENT mode=logical centered=False bearing=0.731 tilt_cmd=-0.700 joint_publish=False,CAMERA_ALIGN_TO_TARGET mode=AUTO nav_goal=NONE,AUTO,0.000,0.250,0.706,-0.019,True,True,False
18.000,sound_state,IDLE_NO_REQUEST,CAMERA_ALIGN_TO_TARGET mode=AUTO nav_goal=NONE,AUTO,0.000,0.250,0.706,-0.019,True,True,False
18.000,sound_done,False,CAMERA_ALIGN_TO_TARGET mode=AUTO nav_goal=NONE,AUTO,0.000,0.250,0.706,-0.019,True,True,False
18.000,mission_event,timestamp=18.000 mission_id=0 target_mission_id=1 state=CAMERA_ALIGN_TO_TARGET event_type=CAMERA_AIM_REQUESTED reason=aligning waypoint_index=0,CAMERA_ALIGN_TO_TARGET mode=AUTO nav_goal=NONE,AUTO,0.000,0.250,0.706,-0.019,True,True,False
18.000,dynamic_target,count=1 x=0.87 y=-0.91 z=3.40,CAMERA_ALIGN_TO_TARGET mode=AUTO nav_goal=NONE,AUTO,0.000,0.250,0.706,-0.019,True,True,False
18.000,dynamic_lock,True,CAMERA_ALIGN_TO_TARGET mode=AUTO nav_goal=NONE,AUTO,0.000,0.250,0.706,-0.019,True,True,False
18.000,dynamic_target,count=1 x=0.87 y=-0.91 z=3.40,CAMERA_ALIGN_TO_TARGET mode=AUTO nav_goal=NONE,AUTO,0.000,0.250,0.706,-0.019,True,True,False
18.000,dynamic_lock,True,CAMERA_ALIGN_TO_TARGET mode=AUTO nav_goal=NONE,AUTO,0.000,0.250,0.706,-0.019,True,True,False
18.000,object_goal_state,REJECT cooldown source=elevated_dynamic_target remaining_sec=3.10,CAMERA_ALIGN_TO_TARGET mode=AUTO nav_goal=NONE,AUTO,0.000,0.250,0.706,-0.019,True,True,False
18.000,object_goal_state,REJECT cooldown source=elevated_dynamic_target remaining_sec=3.10,CAMERA_ALIGN_TO_TARGET mode=AUTO nav_goal=NONE,AUTO,0.000,0.250,0.706,-0.019,True,True,False
18.100,camera_alignment,CAMERA_ALIGNMENT mode=logical centered=False bearing=0.717 tilt_cmd=-0.700 joint_publish=False,CAMERA_ALIGN_TO_TARGET mode=AUTO nav_goal=NONE,AUTO,0.000,0.250,0.707,-0.019,True,True,False
18.100,classification,GAZEBO_FAKE_YOLO11S_CLASSIFICATION camera_alignment_requested=true class=bird,CAMERA_ALIGN_TO_TARGET mode=AUTO nav_goal=NONE,AUTO,0.000,0.250,0.707,-0.019,True,True,False
18.100,bird_confirmed,True,CAMERA_ALIGN_TO_TARGET mode=AUTO nav_goal=NONE,AUTO,0.000,0.250,0.707,-0.019,True,True,False
18.100,dynamic_target,count=1 x=0.88 y=-0.92 z=3.40,CAMERA_ALIGN_TO_TARGET mode=AUTO nav_goal=NONE,AUTO,0.000,0.250,0.707,-0.019,True,True,False
18.100,dynamic_lock,True,CAMERA_ALIGN_TO_TARGET mode=AUTO nav_goal=NONE,AUTO,0.000,0.250,0.707,-0.019,True,True,False
18.100,object_goal_state,REJECT cooldown source=elevated_dynamic_target remaining_sec=3.00,CAMERA_ALIGN_TO_TARGET mode=AUTO nav_goal=NONE,AUTO,0.000,0.250,0.707,-0.019,True,True,False
18.200,sound_done,False,CAMERA_ALIGN_TO_TARGET mode=AUTO nav_goal=NONE,AUTO,0.000,0.250,0.707,-0.019,True,True,False
18.200,camera_alignment,CAMERA_ALIGNMENT mode=logical centered=False bearing=0.716 tilt_cmd=-0.700 joint_publish=False,CAMERA_ALIGN_TO_TARGET mode=AUTO nav_goal=NONE,AUTO,0.000,0.250,0.707,-0.019,True,True,False
18.200,classification,GAZEBO_FAKE_YOLO11S_CLASSIFICATION camera_alignment_requested=true class=bird,CAMERA_ALIGN_TO_TARGET mode=AUTO nav_goal=NONE,AUTO,0.000,0.250,0.707,-0.019,True,True,False
18.200,bird_confirmed,True,CAMERA_ALIGN_TO_TARGET mode=AUTO nav_goal=NONE,AUTO,0.000,0.250,0.707,-0.019,True,True,False
18.200,sound_state,IDLE_NO_REQUEST,CAMERA_ALIGN_TO_TARGET mode=AUTO nav_goal=NONE,AUTO,0.000,0.250,0.707,-0.019,True,True,False
18.200,mission_state,CAMERA_ALIGN_TO_TARGET mode=AUTO nav_goal=NONE,CAMERA_ALIGN_TO_TARGET mode=AUTO nav_goal=NONE,AUTO,0.000,0.250,0.707,-0.019,True,True,False
18.200,mission_event,timestamp=18.200 mission_id=0 target_mission_id=1 state=CAMERA_ALIGN_TO_TARGET event_type=CAMERA_AIM_REQUESTED reason=aligning waypoint_index=0,CAMERA_ALIGN_TO_TARGET mode=AUTO nav_goal=NONE,AUTO,0.000,0.250,0.707,-0.019,True,True,False
18.200,dynamic_target,count=1 x=0.89 y=-0.92 z=3.40,CAMERA_ALIGN_TO_TARGET mode=AUTO nav_goal=NONE,AUTO,0.000,0.250,0.708,-0.019,True,True,False
18.200,dynamic_lock,True,CAMERA_ALIGN_TO_TARGET mode=AUTO nav_goal=NONE,AUTO,0.000,0.250,0.708,-0.019,True,True,False
18.200,object_goal_state,REJECT cooldown source=elevated_dynamic_target remaining_sec=2.90,CAMERA_ALIGN_TO_TARGET mode=AUTO nav_goal=NONE,AUTO,0.000,0.250,0.708,-0.019,True,True,False
18.200,dynamic_target,count=1 x=0.89 y=-0.92 z=3.40,CAMERA_ALIGN_TO_TARGET mode=AUTO nav_goal=NONE,AUTO,0.000,0.250,0.708,-0.019,True,True,False
18.200,dynamic_lock,True,CAMERA_ALIGN_TO_TARGET mode=AUTO nav_goal=NONE,AUTO,0.000,0.250,0.708,-0.019,True,True,False
18.200,object_goal_state,REJECT cooldown source=elevated_dynamic_target remaining_sec=2.90,CAMERA_ALIGN_TO_TARGET mode=AUTO nav_goal=NONE,AUTO,0.000,0.250,0.708,-0.019,True,True,False
18.300,classification,GAZEBO_FAKE_YOLO11S_CLASSIFICATION camera_alignment_requested=true class=bird,CAMERA_ALIGN_TO_TARGET mode=AUTO nav_goal=NONE,AUTO,0.000,0.250,0.708,-0.019,True,True,False
18.300,bird_confirmed,True,CAMERA_ALIGN_TO_TARGET mode=AUTO nav_goal=NONE,AUTO,0.000,0.250,0.708,-0.019,True,True,False
18.300,camera_alignment,CAMERA_ALIGNMENT mode=logical centered=False bearing=0.691 tilt_cmd=-0.700 joint_publish=False,CAMERA_ALIGN_TO_TARGET mode=AUTO nav_goal=NONE,AUTO,0.000,0.250,0.708,-0.019,True,True,False
18.300,dynamic_target,count=1 x=0.89 y=-0.93 z=3.40,CAMERA_ALIGN_TO_TARGET mode=AUTO nav_goal=NONE,AUTO,0.000,0.250,0.708,-0.019,True,True,False
18.300,dynamic_lock,True,CAMERA_ALIGN_TO_TARGET mode=AUTO nav_goal=NONE,AUTO,0.000,0.250,0.708,-0.019,True,True,False
18.300,object_goal_state,REJECT cooldown source=elevated_dynamic_target remaining_sec=2.80,CAMERA_ALIGN_TO_TARGET mode=AUTO nav_goal=NONE,AUTO,0.000,0.250,0.708,-0.019,True,True,False
18.400,camera_alignment,CAMERA_ALIGNMENT mode=logical centered=False bearing=0.680 tilt_cmd=-0.700 joint_publish=False,CAMERA_ALIGN_TO_TARGET mode=AUTO nav_goal=NONE,AUTO,0.000,0.250,0.708,-0.019,True,True,False
18.400,classification,GAZEBO_FAKE_YOLO11S_CLASSIFICATION camera_alignment_requested=true class=bird,CAMERA_ALIGN_TO_TARGET mode=AUTO nav_goal=NONE,AUTO,0.000,0.250,0.708,-0.019,True,True,False
18.400,bird_confirmed,True,CAMERA_ALIGN_TO_TARGET mode=AUTO nav_goal=NONE,AUTO,0.000,0.250,0.708,-0.019,True,True,False
18.400,sound_state,IDLE_NO_REQUEST,CAMERA_ALIGN_TO_TARGET mode=AUTO nav_goal=NONE,AUTO,0.000,0.250,0.708,-0.019,True,True,False
18.400,sound_done,False,CAMERA_ALIGN_TO_TARGET mode=AUTO nav_goal=NONE,AUTO,0.000,0.250,0.708,-0.019,True,True,False
18.400,mission_state,CAMERA_ALIGN_TO_TARGET mode=AUTO nav_goal=NONE,CAMERA_ALIGN_TO_TARGET mode=AUTO nav_goal=NONE,AUTO,0.000,0.250,0.708,-0.019,True,True,False
18.400,mission_event,timestamp=18.400 mission_id=0 target_mission_id=1 state=CAMERA_ALIGN_TO_TARGET event_type=CAMERA_AIM_REQUESTED reason=aligning waypoint_index=0,CAMERA_ALIGN_TO_TARGET mode=AUTO nav_goal=NONE,AUTO,0.000,0.250,0.708,-0.019,True,True,False
18.400,dynamic_target,count=1 x=0.90 y=-0.94 z=3.40,CAMERA_ALIGN_TO_TARGET mode=AUTO nav_goal=NONE,AUTO,0.000,0.250,0.708,-0.019,True,True,False
18.400,dynamic_lock,True,CAMERA_ALIGN_TO_TARGET mode=AUTO nav_goal=NONE,AUTO,0.000,0.250,0.708,-0.019,True,True,False
18.400,object_goal_state,REJECT cooldown source=elevated_dynamic_target remaining_sec=2.70,CAMERA_ALIGN_TO_TARGET mode=AUTO nav_goal=NONE,AUTO,0.000,0.250,0.708,-0.019,True,True,False
18.400,dynamic_target,count=1 x=0.90 y=-0.94 z=3.40,CAMERA_ALIGN_TO_TARGET mode=AUTO nav_goal=NONE,AUTO,0.000,0.250,0.708,-0.019,True,True,False
18.400,dynamic_lock,True,CAMERA_ALIGN_TO_TARGET mode=AUTO nav_goal=NONE,AUTO,0.000,0.250,0.708,-0.019,True,True,False
18.400,object_goal_state,REJECT cooldown source=elevated_dynamic_target remaining_sec=2.70,CAMERA_ALIGN_TO_TARGET mode=AUTO nav_goal=NONE,AUTO,0.000,0.250,0.708,-0.019,True,True,False
18.500,classification,GAZEBO_FAKE_YOLO11S_CLASSIFICATION camera_alignment_requested=true class=bird,CAMERA_ALIGN_TO_TARGET mode=AUTO nav_goal=NONE,AUTO,0.000,0.250,0.709,-0.019,True,True,False
18.500,bird_confirmed,True,CAMERA_ALIGN_TO_TARGET mode=AUTO nav_goal=NONE,AUTO,0.000,0.250,0.709,-0.019,True,True,False
18.500,camera_alignment,CAMERA_ALIGNMENT mode=logical centered=False bearing=0.679 tilt_cmd=-0.700 joint_publish=False,CAMERA_ALIGN_TO_TARGET mode=AUTO nav_goal=NONE,AUTO,0.000,0.250,0.709,-0.019,True,True,False
18.500,dynamic_target,count=1 x=0.90 y=-0.94 z=3.40,CAMERA_ALIGN_TO_TARGET mode=AUTO nav_goal=NONE,AUTO,0.000,0.250,0.708,-0.019,True,True,False
18.500,dynamic_lock,True,CAMERA_ALIGN_TO_TARGET mode=AUTO nav_goal=NONE,AUTO,0.000,0.250,0.708,-0.019,True,True,False
18.500,object_goal_state,REJECT cooldown source=elevated_dynamic_target remaining_sec=2.60,CAMERA_ALIGN_TO_TARGET mode=AUTO nav_goal=NONE,AUTO,0.000,0.250,0.708,-0.019,True,True,False
18.500,camera_alignment,CAMERA_ALIGNMENT mode=logical centered=False bearing=0.651 tilt_cmd=-0.700 joint_publish=False,CAMERA_ALIGN_TO_TARGET mode=AUTO nav_goal=NONE,AUTO,0.000,0.250,0.708,-0.019,True,True,False
18.500,mission_state,CAMERA_ALIGN_TO_TARGET mode=AUTO nav_goal=NONE,CAMERA_ALIGN_TO_TARGET mode=AUTO nav_goal=NONE,AUTO,0.000,0.250,0.708,-0.019,True,True,False
18.500,mission_event,timestamp=18.600 mission_id=0 target_mission_id=1 state=CAMERA_ALIGN_TO_TARGET event_type=CAMERA_AIM_REQUESTED reason=aligning waypoint_index=0,CAMERA_ALIGN_TO_TARGET mode=AUTO nav_goal=NONE,AUTO,0.000,0.250,0.708,-0.019,True,True,False
18.500,dynamic_target,count=1 x=0.90 y=-0.94 z=3.40,CAMERA_ALIGN_TO_TARGET mode=AUTO nav_goal=NONE,AUTO,0.000,0.250,0.708,-0.019,True,True,False
18.500,dynamic_lock,True,CAMERA_ALIGN_TO_TARGET mode=AUTO nav_goal=NONE,AUTO,0.000,0.250,0.708,-0.019,True,True,False
18.500,classification,GAZEBO_FAKE_YOLO11S_CLASSIFICATION camera_alignment_requested=true class=bird,CAMERA_ALIGN_TO_TARGET mode=AUTO nav_goal=NONE,AUTO,0.000,0.250,0.708,-0.019,True,True,False
18.500,bird_confirmed,True,CAMERA_ALIGN_TO_TARGET mode=AUTO nav_goal=NONE,AUTO,0.000,0.250,0.708,-0.019,True,True,False
18.500,object_goal_state,REJECT cooldown source=elevated_dynamic_target remaining_sec=2.50,CAMERA_ALIGN_TO_TARGET mode=AUTO nav_goal=NONE,AUTO,0.000,0.250,0.708,-0.019,True,True,False
18.500,dynamic_target,count=1 x=0.91 y=-0.95 z=3.40,CAMERA_ALIGN_TO_TARGET mode=AUTO nav_goal=NONE,AUTO,0.000,0.250,0.708,-0.019,True,True,False
18.500,dynamic_lock,True,CAMERA_ALIGN_TO_TARGET mode=AUTO nav_goal=NONE,AUTO,0.000,0.250,0.708,-0.019,True,True,False
18.500,object_goal_state,REJECT cooldown source=elevated_dynamic_target remaining_sec=2.50,CAMERA_ALIGN_TO_TARGET mode=AUTO nav_goal=NONE,AUTO,0.000,0.250,0.708,-0.019,True,True,False
18.700,camera_alignment,CAMERA_ALIGNMENT mode=logical centered=False bearing=0.637 tilt_cmd=-0.700 joint_publish=False,CAMERA_ALIGN_TO_TARGET mode=AUTO nav_goal=NONE,AUTO,0.000,0.250,0.708,-0.019,True,True,False
18.700,classification,GAZEBO_FAKE_YOLO11S_CLASSIFICATION camera_alignment_requested=true class=bird,CAMERA_ALIGN_TO_TARGET mode=AUTO nav_goal=NONE,AUTO,0.000,0.250,0.708,-0.019,True,True,False
18.700,bird_confirmed,True,CAMERA_ALIGN_TO_TARGET mode=AUTO nav_goal=NONE,AUTO,0.000,0.250,0.708,-0.019,True,True,False
18.700,sound_state,IDLE_NO_REQUEST,CAMERA_ALIGN_TO_TARGET mode=AUTO nav_goal=NONE,AUTO,0.000,0.250,0.708,-0.019,True,True,False
18.700,sound_done,False,CAMERA_ALIGN_TO_TARGET mode=AUTO nav_goal=NONE,AUTO,0.000,0.250,0.708,-0.019,True,True,False
18.700,dynamic_target,count=1 x=0.92 y=-0.95 z=3.40,CAMERA_ALIGN_TO_TARGET mode=AUTO nav_goal=NONE,AUTO,0.000,0.250,0.708,-0.019,True,True,False
18.700,dynamic_lock,True,CAMERA_ALIGN_TO_TARGET mode=AUTO nav_goal=NONE,AUTO,0.000,0.250,0.708,-0.019,True,True,False
18.700,object_goal_state,REJECT cooldown source=elevated_dynamic_target remaining_sec=2.40,CAMERA_ALIGN_TO_TARGET mode=AUTO nav_goal=NONE,AUTO,0.000,0.250,0.708,-0.019,True,True,False
18.800,bird_confirmed,True,CAMERA_ALIGN_TO_TARGET mode=AUTO nav_goal=NONE,AUTO,0.000,0.250,0.708,-0.019,True,True,False
18.800,mission_state,CAMERA_ALIGN_TO_TARGET mode=AUTO nav_goal=NONE,CAMERA_ALIGN_TO_TARGET mode=AUTO nav_goal=NONE,AUTO,0.000,0.250,0.708,-0.019,True,True,False
18.800,dynamic_target,count=1 x=0.92 y=-0.95 z=3.40,CAMERA_ALIGN_TO_TARGET mode=AUTO nav_goal=NONE,AUTO,0.000,0.250,0.708,-0.019,True,True,False
18.800,dynamic_lock,True,CAMERA_ALIGN_TO_TARGET mode=AUTO nav_goal=NONE,AUTO,0.000,0.250,0.708,-0.019,True,True,False
18.800,camera_alignment,CAMERA_ALIGNMENT mode=logical centered=False bearing=0.632 tilt_cmd=-0.700 joint_publish=False,CAMERA_ALIGN_TO_TARGET mode=AUTO nav_goal=NONE,AUTO,0.000,0.250,0.708,-0.019,True,True,False
18.800,classification,GAZEBO_FAKE_YOLO11S_CLASSIFICATION camera_alignment_requested=true class=bird,CAMERA_ALIGN_TO_TARGET mode=AUTO nav_goal=NONE,AUTO,0.000,0.250,0.708,-0.019,True,True,False
18.800,mission_event,timestamp=18.800 mission_id=0 target_mission_id=1 state=CAMERA_ALIGN_TO_TARGET event_type=CAMERA_AIM_REQUESTED reason=aligning waypoint_index=0,CAMERA_ALIGN_TO_TARGET mode=AUTO nav_goal=NONE,AUTO,0.000,0.250,0.708,-0.019,True,True,False
18.800,object_goal_state,REJECT cooldown source=elevated_dynamic_target remaining_sec=2.30,CAMERA_ALIGN_TO_TARGET mode=AUTO nav_goal=NONE,AUTO,0.000,0.250,0.708,-0.019,True,True,False
18.800,sound_state,IDLE_NO_REQUEST,CAMERA_ALIGN_TO_TARGET mode=AUTO nav_goal=NONE,AUTO,0.000,0.250,0.708,-0.019,True,True,False
18.800,sound_done,False,CAMERA_ALIGN_TO_TARGET mode=AUTO nav_goal=NONE,AUTO,0.000,0.250,0.708,-0.019,True,True,False
18.800,dynamic_target,count=1 x=0.92 y=-0.96 z=3.40,CAMERA_ALIGN_TO_TARGET mode=AUTO nav_goal=NONE,AUTO,0.000,0.250,0.708,-0.019,True,True,False
18.800,dynamic_lock,True,CAMERA_ALIGN_TO_TARGET mode=AUTO nav_goal=NONE,AUTO,0.000,0.250,0.708,-0.019,True,True,False
18.800,object_goal_state,REJECT cooldown source=elevated_dynamic_target remaining_sec=2.30,CAMERA_ALIGN_TO_TARGET mode=AUTO nav_goal=NONE,AUTO,0.000,0.250,0.708,-0.019,True,True,False
18.900,camera_alignment,CAMERA_ALIGNMENT mode=logical centered=False bearing=0.619 tilt_cmd=-0.700 joint_publish=False,CAMERA_ALIGN_TO_TARGET mode=AUTO nav_goal=NONE,AUTO,0.000,0.250,0.708,-0.019,True,True,False
18.900,bird_confirmed,True,CAMERA_ALIGN_TO_TARGET mode=AUTO nav_goal=NONE,AUTO,0.000,0.250,0.708,-0.019,True,True,False
18.900,dynamic_target,count=1 x=0.93 y=-0.97 z=3.40,CAMERA_ALIGN_TO_TARGET mode=AUTO nav_goal=NONE,AUTO,0.000,0.250,0.708,-0.019,True,True,False
18.900,classification,GAZEBO_FAKE_YOLO11S_CLASSIFICATION camera_alignment_requested=true class=bird,CAMERA_ALIGN_TO_TARGET mode=AUTO nav_goal=NONE,AUTO,0.000,0.250,0.708,-0.019,True,True,False
18.900,dynamic_lock,True,CAMERA_ALIGN_TO_TARGET mode=AUTO nav_goal=NONE,AUTO,0.000,0.250,0.708,-0.019,True,True,False
18.900,object_goal_state,REJECT cooldown source=elevated_dynamic_target remaining_sec=2.20,CAMERA_ALIGN_TO_TARGET mode=AUTO nav_goal=NONE,AUTO,0.000,0.250,0.708,-0.019,True,True,False
19.000,sound_done,False,CAMERA_ALIGN_TO_TARGET mode=AUTO nav_goal=NONE,AUTO,0.000,0.250,0.709,-0.019,True,True,False
19.000,dynamic_target,count=1 x=0.93 y=-0.97 z=3.40,CAMERA_ALIGN_TO_TARGET mode=AUTO nav_goal=NONE,AUTO,0.000,0.250,0.709,-0.019,True,True,False
19.000,dynamic_lock,True,CAMERA_ALIGN_TO_TARGET mode=AUTO nav_goal=NONE,AUTO,0.000,0.250,0.709,-0.019,True,True,False
19.000,camera_alignment,CAMERA_ALIGNMENT mode=logical centered=False bearing=0.623 tilt_cmd=-0.700 joint_publish=False,CAMERA_ALIGN_TO_TARGET mode=AUTO nav_goal=NONE,AUTO,0.000,0.250,0.709,-0.019,True,True,False
19.000,sound_state,IDLE_NO_REQUEST,CAMERA_ALIGN_TO_TARGET mode=AUTO nav_goal=NONE,AUTO,0.000,0.250,0.709,-0.019,True,True,False
19.000,classification,GAZEBO_FAKE_YOLO11S_CLASSIFICATION camera_alignment_requested=true class=bird,CAMERA_ALIGN_TO_TARGET mode=AUTO nav_goal=NONE,AUTO,0.000,0.250,0.709,-0.019,True,True,False
19.000,bird_confirmed,True,CAMERA_ALIGN_TO_TARGET mode=AUTO nav_goal=NONE,AUTO,0.000,0.250,0.709,-0.019,True,True,False
19.000,mission_state,CAMERA_ALIGN_TO_TARGET mode=AUTO nav_goal=NONE,CAMERA_ALIGN_TO_TARGET mode=AUTO nav_goal=NONE,AUTO,0.000,0.250,0.709,-0.019,True,True,False
19.000,mission_event,timestamp=19.000 mission_id=0 target_mission_id=1 state=CAMERA_ALIGN_TO_TARGET event_type=CAMERA_AIM_REQUESTED reason=aligning waypoint_index=0,CAMERA_ALIGN_TO_TARGET mode=AUTO nav_goal=NONE,AUTO,0.000,0.250,0.709,-0.019,True,True,False
19.000,object_goal_state,REJECT cooldown source=elevated_dynamic_target remaining_sec=2.10,CAMERA_ALIGN_TO_TARGET mode=AUTO nav_goal=NONE,AUTO,0.000,0.250,0.709,-0.019,True,True,False
19.000,dynamic_target,count=1 x=0.93 y=-0.97 z=3.40,CAMERA_ALIGN_TO_TARGET mode=AUTO nav_goal=NONE,AUTO,0.000,0.250,0.709,-0.019,True,True,False
19.000,dynamic_lock,True,CAMERA_ALIGN_TO_TARGET mode=AUTO nav_goal=NONE,AUTO,0.000,0.250,0.709,-0.019,True,True,False
19.000,object_goal_state,REJECT cooldown source=elevated_dynamic_target remaining_sec=2.10,CAMERA_ALIGN_TO_TARGET mode=AUTO nav_goal=NONE,AUTO,0.000,0.250,0.709,-0.019,True,True,False
19.100,classification,GAZEBO_FAKE_YOLO11S_CLASSIFICATION camera_alignment_requested=true class=bird,CAMERA_ALIGN_TO_TARGET mode=AUTO nav_goal=NONE,AUTO,0.000,0.250,0.709,-0.019,True,True,False
19.100,bird_confirmed,True,CAMERA_ALIGN_TO_TARGET mode=AUTO nav_goal=NONE,AUTO,0.000,0.250,0.709,-0.019,True,True,False
19.100,camera_alignment,CAMERA_ALIGNMENT mode=logical centered=False bearing=0.628 tilt_cmd=-0.700 joint_publish=False,CAMERA_ALIGN_TO_TARGET mode=AUTO nav_goal=NONE,AUTO,0.000,0.250,0.709,-0.019,True,True,False
19.100,dynamic_target,count=1 x=0.94 y=-0.98 z=3.40,CAMERA_ALIGN_TO_TARGET mode=AUTO nav_goal=NONE,AUTO,0.000,0.250,0.709,-0.019,True,True,False
19.100,dynamic_lock,True,CAMERA_ALIGN_TO_TARGET mode=AUTO nav_goal=NONE,AUTO,0.000,0.250,0.709,-0.019,True,True,False
19.100,object_goal_state,REJECT cooldown source=elevated_dynamic_target remaining_sec=2.00,CAMERA_ALIGN_TO_TARGET mode=AUTO nav_goal=NONE,AUTO,0.000,0.250,0.709,-0.019,True,True,False
19.200,camera_alignment,CAMERA_ALIGNMENT mode=logical centered=False bearing=0.632 tilt_cmd=-0.700 joint_publish=False,CAMERA_ALIGN_TO_TARGET mode=AUTO nav_goal=NONE,AUTO,0.000,0.250,0.709,-0.019,True,True,False
19.200,sound_state,IDLE_NO_REQUEST,CAMERA_ALIGN_TO_TARGET mode=AUTO nav_goal=NONE,AUTO,0.000,0.250,0.709,-0.019,True,True,False
19.200,sound_done,False,CAMERA_ALIGN_TO_TARGET mode=AUTO nav_goal=NONE,AUTO,0.000,0.250,0.709,-0.019,True,True,False
19.200,dynamic_target,count=1 x=0.94 y=-0.98 z=3.40,CAMERA_ALIGN_TO_TARGET mode=AUTO nav_goal=NONE,AUTO,0.000,0.250,0.709,-0.019,True,True,False
19.200,dynamic_lock,True,CAMERA_ALIGN_TO_TARGET mode=AUTO nav_goal=NONE,AUTO,0.000,0.250,0.709,-0.019,True,True,False
19.200,bird_confirmed,True,CAMERA_ALIGN_TO_TARGET mode=AUTO nav_goal=NONE,AUTO,0.000,0.250,0.709,-0.019,True,True,False
19.200,mission_state,CAMERA_ALIGN_TO_TARGET mode=AUTO nav_goal=NONE,CAMERA_ALIGN_TO_TARGET mode=AUTO nav_goal=NONE,AUTO,0.000,0.250,0.709,-0.019,True,True,False
19.200,object_goal_state,REJECT cooldown source=elevated_dynamic_target remaining_sec=1.90,CAMERA_ALIGN_TO_TARGET mode=AUTO nav_goal=NONE,AUTO,0.000,0.250,0.709,-0.019,True,True,False
19.200,classification,GAZEBO_FAKE_YOLO11S_CLASSIFICATION camera_alignment_requested=true class=bird,CAMERA_ALIGN_TO_TARGET mode=AUTO nav_goal=NONE,AUTO,0.000,0.250,0.709,-0.019,True,True,False
19.200,mission_event,timestamp=19.200 mission_id=0 target_mission_id=1 state=CAMERA_ALIGN_TO_TARGET event_type=CAMERA_AIM_REQUESTED reason=aligning waypoint_index=0,CAMERA_ALIGN_TO_TARGET mode=AUTO nav_goal=NONE,AUTO,0.000,0.250,0.709,-0.019,True,True,False
19.200,dynamic_target,count=1 x=0.94 y=-0.98 z=3.40,CAMERA_ALIGN_TO_TARGET mode=AUTO nav_goal=NONE,AUTO,0.000,0.250,0.709,-0.019,True,True,False
19.200,dynamic_lock,True,CAMERA_ALIGN_TO_TARGET mode=AUTO nav_goal=NONE,AUTO,0.000,0.250,0.709,-0.019,True,True,False
19.200,object_goal_state,REJECT cooldown source=elevated_dynamic_target remaining_sec=1.90,CAMERA_ALIGN_TO_TARGET mode=AUTO nav_goal=NONE,AUTO,0.000,0.250,0.709,-0.019,True,True,False
19.300,classification,GAZEBO_FAKE_YOLO11S_CLASSIFICATION camera_alignment_requested=true class=bird,CAMERA_ALIGN_TO_TARGET mode=AUTO nav_goal=NONE,AUTO,0.000,0.250,0.710,-0.019,True,True,False
19.300,bird_confirmed,True,CAMERA_ALIGN_TO_TARGET mode=AUTO nav_goal=NONE,AUTO,0.000,0.250,0.710,-0.019,True,True,False
19.300,camera_alignment,CAMERA_ALIGNMENT mode=logical centered=False bearing=0.636 tilt_cmd=-0.700 joint_publish=False,CAMERA_ALIGN_TO_TARGET mode=AUTO nav_goal=NONE,AUTO,0.000,0.250,0.710,-0.019,True,True,False
19.300,dynamic_target,count=1 x=0.95 y=-0.99 z=3.40,CAMERA_ALIGN_TO_TARGET mode=AUTO nav_goal=NONE,AUTO,0.000,0.250,0.710,-0.019,True,True,False
19.300,dynamic_lock,True,CAMERA_ALIGN_TO_TARGET mode=AUTO nav_goal=NONE,AUTO,0.000,0.250,0.710,-0.019,True,True,False
19.300,object_goal_state,REJECT cooldown source=elevated_dynamic_target remaining_sec=1.80,CAMERA_ALIGN_TO_TARGET mode=AUTO nav_goal=NONE,AUTO,0.000,0.250,0.710,-0.019,True,True,False
19.400,bird_confirmed,True,CAMERA_ALIGN_TO_TARGET mode=AUTO nav_goal=NONE,AUTO,0.000,0.250,0.710,-0.019,True,True,False
19.400,sound_state,IDLE_NO_REQUEST,CAMERA_ALIGN_TO_TARGET mode=AUTO nav_goal=NONE,AUTO,0.000,0.250,0.710,-0.019,True,True,False
19.400,sound_done,False,CAMERA_ALIGN_TO_TARGET mode=AUTO nav_goal=NONE,AUTO,0.000,0.250,0.710,-0.019,True,True,False
19.400,mission_state,CAMERA_ALIGN_TO_TARGET mode=AUTO nav_goal=NONE,CAMERA_ALIGN_TO_TARGET mode=AUTO nav_goal=NONE,AUTO,0.000,0.250,0.710,-0.019,True,True,False
19.400,camera_alignment,CAMERA_ALIGNMENT mode=logical centered=False bearing=0.640 tilt_cmd=-0.700 joint_publish=False,CAMERA_ALIGN_TO_TARGET mode=AUTO nav_goal=NONE,AUTO,0.000,0.250,0.710,-0.019,True,True,False
19.400,classification,GAZEBO_FAKE_YOLO11S_CLASSIFICATION camera_alignment_requested=true class=bird,CAMERA_ALIGN_TO_TARGET mode=AUTO nav_goal=NONE,AUTO,0.000,0.250,0.710,-0.019,True,True,False
19.400,mission_event,timestamp=19.400 mission_id=0 target_mission_id=1 state=CAMERA_ALIGN_TO_TARGET event_type=CAMERA_AIM_REQUESTED reason=aligning waypoint_index=0,CAMERA_ALIGN_TO_TARGET mode=AUTO nav_goal=NONE,AUTO,0.000,0.250,0.710,-0.019,True,True,False
19.400,dynamic_target,count=1 x=0.96 y=-1.00 z=3.40,CAMERA_ALIGN_TO_TARGET mode=AUTO nav_goal=NONE,AUTO,0.000,0.250,0.710,-0.019,True,True,False
19.400,dynamic_lock,True,CAMERA_ALIGN_TO_TARGET mode=AUTO nav_goal=NONE,AUTO,0.000,0.250,0.710,-0.019,True,True,False
19.400,object_goal_state,REJECT cooldown source=elevated_dynamic_target remaining_sec=1.70,CAMERA_ALIGN_TO_TARGET mode=AUTO nav_goal=NONE,AUTO,0.000,0.250,0.710,-0.019,True,True,False
19.400,dynamic_target,count=1 x=0.96 y=-1.00 z=3.40,CAMERA_ALIGN_TO_TARGET mode=AUTO nav_goal=NONE,AUTO,0.000,0.250,0.710,-0.019,True,True,False
19.400,dynamic_lock,True,CAMERA_ALIGN_TO_TARGET mode=AUTO nav_goal=NONE,AUTO,0.000,0.250,0.710,-0.019,True,True,False
19.400,object_goal_state,REJECT cooldown source=elevated_dynamic_target remaining_sec=1.70,CAMERA_ALIGN_TO_TARGET mode=AUTO nav_goal=NONE,AUTO,0.000,0.250,0.710,-0.019,True,True,False
19.500,camera_alignment,CAMERA_ALIGNMENT mode=logical centered=False bearing=0.645 tilt_cmd=-0.700 joint_publish=False,CAMERA_ALIGN_TO_TARGET mode=AUTO nav_goal=NONE,AUTO,0.000,0.250,0.710,-0.018,True,True,False
19.500,classification,GAZEBO_FAKE_YOLO11S_CLASSIFICATION camera_alignment_requested=true class=bird,CAMERA_ALIGN_TO_TARGET mode=AUTO nav_goal=NONE,AUTO,0.000,0.250,0.710,-0.018,True,True,False
19.500,bird_confirmed,True,CAMERA_ALIGN_TO_TARGET mode=AUTO nav_goal=NONE,AUTO,0.000,0.250,0.710,-0.018,True,True,False
19.500,dynamic_target,count=1 x=0.96 y=-1.00 z=3.40,CAMERA_ALIGN_TO_TARGET mode=AUTO nav_goal=NONE,AUTO,0.000,0.250,0.710,-0.018,True,True,False
19.500,dynamic_lock,True,CAMERA_ALIGN_TO_TARGET mode=AUTO nav_goal=NONE,AUTO,0.000,0.250,0.710,-0.018,True,True,False
19.500,object_goal_state,REJECT cooldown source=elevated_dynamic_target remaining_sec=1.60,CAMERA_ALIGN_TO_TARGET mode=AUTO nav_goal=NONE,AUTO,0.000,0.250,0.710,-0.018,True,True,False
19.600,sound_done,False,CAMERA_ALIGN_TO_TARGET mode=AUTO nav_goal=NONE,AUTO,0.000,0.250,0.710,-0.019,True,True,False
19.600,mission_state,CAMERA_ALIGN_TO_TARGET mode=AUTO nav_goal=NONE,CAMERA_ALIGN_TO_TARGET mode=AUTO nav_goal=NONE,AUTO,0.000,0.250,0.710,-0.019,True,True,False
19.600,dynamic_target,count=1 x=0.96 y=-1.00 z=3.40,CAMERA_ALIGN_TO_TARGET mode=AUTO nav_goal=NONE,AUTO,0.000,0.250,0.710,-0.019,True,True,False
19.600,dynamic_lock,True,CAMERA_ALIGN_TO_TARGET mode=AUTO nav_goal=NONE,AUTO,0.000,0.250,0.710,-0.019,True,True,False
19.600,classification,GAZEBO_FAKE_YOLO11S_CLASSIFICATION camera_alignment_requested=true class=bird,CAMERA_ALIGN_TO_TARGET mode=AUTO nav_goal=NONE,AUTO,0.000,0.250,0.710,-0.019,True,True,False
19.600,bird_confirmed,True,CAMERA_ALIGN_TO_TARGET mode=AUTO nav_goal=NONE,AUTO,0.000,0.250,0.710,-0.019,True,True,False
19.600,sound_state,IDLE_NO_REQUEST,CAMERA_ALIGN_TO_TARGET mode=AUTO nav_goal=NONE,AUTO,0.000,0.250,0.710,-0.019,True,True,False
19.600,mission_event,timestamp=19.600 mission_id=0 target_mission_id=1 state=CAMERA_ALIGN_TO_TARGET event_type=CAMERA_AIM_REQUESTED reason=aligning waypoint_index=0,CAMERA_ALIGN_TO_TARGET mode=AUTO nav_goal=NONE,AUTO,0.000,0.250,0.710,-0.019,True,True,False
19.600,object_goal_state,REJECT cooldown source=elevated_dynamic_target remaining_sec=1.50,CAMERA_ALIGN_TO_TARGET mode=AUTO nav_goal=NONE,AUTO,0.000,0.250,0.710,-0.019,True,True,False
19.600,camera_alignment,CAMERA_ALIGNMENT mode=logical centered=False bearing=0.647 tilt_cmd=-0.700 joint_publish=False,CAMERA_ALIGN_TO_TARGET mode=AUTO nav_goal=NONE,AUTO,0.000,0.250,0.710,-0.019,True,True,False
19.600,dynamic_target,count=1 x=0.97 y=-1.01 z=3.40,CAMERA_ALIGN_TO_TARGET mode=AUTO nav_goal=NONE,AUTO,0.000,0.250,0.710,-0.019,True,True,False
19.600,dynamic_lock,True,CAMERA_ALIGN_TO_TARGET mode=AUTO nav_goal=NONE,AUTO,0.000,0.250,0.710,-0.019,True,True,False
19.600,object_goal_state,REJECT cooldown source=elevated_dynamic_target remaining_sec=1.50,CAMERA_ALIGN_TO_TARGET mode=AUTO nav_goal=NONE,AUTO,0.000,0.250,0.710,-0.019,True,True,False
19.700,camera_alignment,CAMERA_ALIGNMENT mode=logical centered=False bearing=0.534 tilt_cmd=-0.700 joint_publish=False,CAMERA_ALIGN_TO_TARGET mode=AUTO nav_goal=NONE,AUTO,0.000,0.250,0.710,-0.019,True,True,False
19.700,classification,GAZEBO_FAKE_YOLO11S_CLASSIFICATION camera_alignment_requested=true class=bird,CAMERA_ALIGN_TO_TARGET mode=AUTO nav_goal=NONE,AUTO,0.000,0.250,0.710,-0.019,True,True,False
19.700,bird_confirmed,True,CAMERA_ALIGN_TO_TARGET mode=AUTO nav_goal=NONE,AUTO,0.000,0.250,0.710,-0.019,True,True,False
19.700,dynamic_target,count=1 x=0.97 y=-1.01 z=3.40,CAMERA_ALIGN_TO_TARGET mode=AUTO nav_goal=NONE,AUTO,0.000,0.250,0.710,-0.019,True,True,False
19.700,dynamic_lock,True,CAMERA_ALIGN_TO_TARGET mode=AUTO nav_goal=NONE,AUTO,0.000,0.250,0.710,-0.019,True,True,False
19.700,object_goal_state,REJECT cooldown source=elevated_dynamic_target remaining_sec=1.40,CAMERA_ALIGN_TO_TARGET mode=AUTO nav_goal=NONE,AUTO,0.000,0.250,0.710,-0.019,True,True,False
19.800,camera_alignment,CAMERA_ALIGNMENT mode=logical centered=False bearing=0.534 tilt_cmd=-0.700 joint_publish=False,CAMERA_ALIGN_TO_TARGET mode=AUTO nav_goal=NONE,AUTO,0.000,0.250,0.711,-0.019,True,True,False
19.800,sound_done,False,CAMERA_ALIGN_TO_TARGET mode=AUTO nav_goal=NONE,AUTO,0.000,0.250,0.711,-0.019,True,True,False
19.800,classification,GAZEBO_FAKE_YOLO11S_CLASSIFICATION camera_alignment_requested=true class=bird,CAMERA_ALIGN_TO_TARGET mode=AUTO nav_goal=NONE,AUTO,0.000,0.250,0.711,-0.019,True,True,False
19.800,bird_confirmed,True,CAMERA_ALIGN_TO_TARGET mode=AUTO nav_goal=NONE,AUTO,0.000,0.250,0.711,-0.019,True,True,False
19.800,sound_state,IDLE_NO_REQUEST,CAMERA_ALIGN_TO_TARGET mode=AUTO nav_goal=NONE,AUTO,0.000,0.250,0.711,-0.019,True,True,False
19.800,mission_state,CAMERA_ALIGN_TO_TARGET mode=AUTO nav_goal=NONE,CAMERA_ALIGN_TO_TARGET mode=AUTO nav_goal=NONE,AUTO,0.000,0.250,0.711,-0.019,True,True,False
19.800,mission_event,timestamp=19.800 mission_id=0 target_mission_id=1 state=CAMERA_ALIGN_TO_TARGET event_type=CAMERA_AIM_REQUESTED reason=aligning waypoint_index=0,CAMERA_ALIGN_TO_TARGET mode=AUTO nav_goal=NONE,AUTO,0.000,0.250,0.711,-0.019,True,True,False
19.800,dynamic_target,count=1 x=0.98 y=-1.02 z=3.40,CAMERA_ALIGN_TO_TARGET mode=AUTO nav_goal=NONE,AUTO,0.000,0.250,0.711,-0.019,True,True,False
19.800,dynamic_lock,True,CAMERA_ALIGN_TO_TARGET mode=AUTO nav_goal=NONE,AUTO,0.000,0.250,0.711,-0.019,True,True,False
19.800,object_goal_state,REJECT cooldown source=elevated_dynamic_target remaining_sec=1.30,CAMERA_ALIGN_TO_TARGET mode=AUTO nav_goal=NONE,AUTO,0.000,0.250,0.711,-0.019,True,True,False
19.800,dynamic_target,count=1 x=0.98 y=-1.02 z=3.40,CAMERA_ALIGN_TO_TARGET mode=AUTO nav_goal=NONE,AUTO,0.000,0.250,0.711,-0.019,True,True,False
19.800,dynamic_lock,True,CAMERA_ALIGN_TO_TARGET mode=AUTO nav_goal=NONE,AUTO,0.000,0.250,0.711,-0.019,True,True,False
19.800,object_goal_state,REJECT cooldown source=elevated_dynamic_target remaining_sec=1.30,CAMERA_ALIGN_TO_TARGET mode=AUTO nav_goal=NONE,AUTO,0.000,0.250,0.711,-0.019,True,True,False
19.900,camera_alignment,CAMERA_ALIGNMENT mode=logical centered=False bearing=0.513 tilt_cmd=-0.700 joint_publish=False,CAMERA_ALIGN_TO_TARGET mode=AUTO nav_goal=NONE,AUTO,0.000,0.250,0.711,-0.019,True,True,False
19.900,classification,GAZEBO_FAKE_YOLO11S_CLASSIFICATION camera_alignment_requested=true class=bird,CAMERA_ALIGN_TO_TARGET mode=AUTO nav_goal=NONE,AUTO,0.000,0.250,0.711,-0.019,True,True,False
19.900,bird_confirmed,True,CAMERA_ALIGN_TO_TARGET mode=AUTO nav_goal=NONE,AUTO,0.000,0.250,0.711,-0.019,True,True,False
19.900,dynamic_target,count=1 x=0.99 y=-1.03 z=3.40,CAMERA_ALIGN_TO_TARGET mode=AUTO nav_goal=NONE,AUTO,0.000,0.250,0.711,-0.019,True,True,False
19.900,dynamic_lock,True,CAMERA_ALIGN_TO_TARGET mode=AUTO nav_goal=NONE,AUTO,0.000,0.250,0.711,-0.019,True,True,False
19.900,object_goal_state,REJECT cooldown source=elevated_dynamic_target remaining_sec=1.20,CAMERA_ALIGN_TO_TARGET mode=AUTO nav_goal=NONE,AUTO,0.000,0.250,0.711,-0.019,True,True,False
20.000,camera_alignment,CAMERA_ALIGNMENT mode=logical centered=False bearing=0.492 tilt_cmd=-0.700 joint_publish=False,CAMERA_ALIGN_TO_TARGET mode=AUTO nav_goal=NONE,AUTO,0.000,0.250,0.711,-0.019,True,True,False
20.000,mission_state,CAMERA_ALIGN_TO_TARGET mode=AUTO nav_goal=NONE,CAMERA_ALIGN_TO_TARGET mode=AUTO nav_goal=NONE,AUTO,0.000,0.250,0.711,-0.019,True,True,False
20.000,classification,GAZEBO_FAKE_YOLO11S_CLASSIFICATION camera_alignment_requested=true class=bird,CAMERA_ALIGN_TO_TARGET mode=AUTO nav_goal=NONE,AUTO,0.000,0.250,0.711,-0.019,True,True,False
20.000,bird_confirmed,True,CAMERA_ALIGN_TO_TARGET mode=AUTO nav_goal=NONE,AUTO,0.000,0.250,0.711,-0.019,True,True,False
20.000,sound_state,IDLE_NO_REQUEST,CAMERA_ALIGN_TO_TARGET mode=AUTO nav_goal=NONE,AUTO,0.000,0.250,0.711,-0.019,True,True,False
20.000,sound_done,False,CAMERA_ALIGN_TO_TARGET mode=AUTO nav_goal=NONE,AUTO,0.000,0.250,0.711,-0.019,True,True,False
20.000,dynamic_target,count=1 x=0.99 y=-1.03 z=3.40,CAMERA_ALIGN_TO_TARGET mode=AUTO nav_goal=NONE,AUTO,0.000,0.250,0.711,-0.019,True,True,False
20.000,dynamic_lock,True,CAMERA_ALIGN_TO_TARGET mode=AUTO nav_goal=NONE,AUTO,0.000,0.250,0.711,-0.019,True,True,False
20.000,mission_event,timestamp=20.000 mission_id=0 target_mission_id=1 state=CAMERA_ALIGN_TO_TARGET event_type=CAMERA_AIM_REQUESTED reason=aligning waypoint_index=0,CAMERA_ALIGN_TO_TARGET mode=AUTO nav_goal=NONE,AUTO,0.000,0.250,0.711,-0.019,True,True,False
20.000,mission_event,timestamp=20.000 mission_id=0 target_mission_id=1 state=CAMERA_ALIGN_FAILED event_type=STATE_CHANGE reason=previous=CAMERA_ALIGN_TO_TARGET next=CAMERA_ALIGN_FAILED reason=timeout state=CAMERA_ALIGNMENT mode=logical centered=False bearing=0.513 tilt_cmd=-0.700 joint_publish=False waypoint_index=0,CAMERA_ALIGN_TO_TARGET mode=AUTO nav_goal=NONE,AUTO,0.000,0.250,0.711,-0.019,True,True,False
20.000,object_goal_state,REJECT cooldown source=elevated_dynamic_target remaining_sec=1.10,CAMERA_ALIGN_TO_TARGET mode=AUTO nav_goal=NONE,AUTO,0.000,0.250,0.711,-0.019,True,True,False
20.000,dynamic_target,count=1 x=0.99 y=-1.03 z=3.40,CAMERA_ALIGN_TO_TARGET mode=AUTO nav_goal=NONE,AUTO,0.000,0.250,0.711,-0.019,True,True,False
20.000,dynamic_lock,True,CAMERA_ALIGN_TO_TARGET mode=AUTO nav_goal=NONE,AUTO,0.000,0.250,0.711,-0.019,True,True,False
20.000,object_goal_state,REJECT cooldown source=elevated_dynamic_target remaining_sec=1.10,CAMERA_ALIGN_TO_TARGET mode=AUTO nav_goal=NONE,AUTO,0.000,0.250,0.711,-0.019,True,True,False
20.100,classification,GAZEBO_FAKE_YOLO11S_CLASSIFICATION class=bird,CAMERA_ALIGN_TO_TARGET mode=AUTO nav_goal=NONE,AUTO,0.000,0.250,0.711,-0.019,True,True,False
20.100,bird_confirmed,True,CAMERA_ALIGN_TO_TARGET mode=AUTO nav_goal=NONE,AUTO,0.000,0.250,0.711,-0.019,True,True,False
20.100,dynamic_target,count=1 x=1.00 y=-1.04 z=3.40,CAMERA_ALIGN_TO_TARGET mode=AUTO nav_goal=NONE,AUTO,0.000,0.250,0.711,-0.019,True,True,False
20.100,dynamic_lock,True,CAMERA_ALIGN_TO_TARGET mode=AUTO nav_goal=NONE,AUTO,0.000,0.250,0.711,-0.019,True,True,False
20.100,object_goal_state,REJECT cooldown source=elevated_dynamic_target remaining_sec=1.00,CAMERA_ALIGN_TO_TARGET mode=AUTO nav_goal=NONE,AUTO,0.000,0.250,0.711,-0.019,True,True,False
20.200,mission_state,CAMERA_ALIGN_FAILED mode=AUTO nav_goal=NONE,CAMERA_ALIGN_FAILED mode=AUTO nav_goal=NONE,AUTO,0.000,0.250,0.711,-0.019,True,True,False
20.200,classification,GAZEBO_FAKE_YOLO11S_CLASSIFICATION class=bird,CAMERA_ALIGN_FAILED mode=AUTO nav_goal=NONE,AUTO,0.000,0.250,0.711,-0.019,True,True,False
20.200,bird_confirmed,True,CAMERA_ALIGN_FAILED mode=AUTO nav_goal=NONE,AUTO,0.000,0.250,0.711,-0.019,True,True,False
20.200,sound_state,IDLE_NO_REQUEST,CAMERA_ALIGN_FAILED mode=AUTO nav_goal=NONE,AUTO,0.000,0.250,0.711,-0.019,True,True,False
20.200,sound_done,False,CAMERA_ALIGN_FAILED mode=AUTO nav_goal=NONE,AUTO,0.000,0.250,0.711,-0.019,True,True,False
20.200,mission_event,timestamp=20.200 mission_id=0 target_mission_id=1 state=RETURN_TO_INTERRUPTED_WAYPOINT event_type=STATE_CHANGE reason=previous=CAMERA_ALIGN_FAILED next=RETURN_TO_INTERRUPTED_WAYPOINT reason=goal_type=RETURN_TO_INTERRUPTED_WAYPOINT waypoint_index=0,CAMERA_ALIGN_FAILED mode=AUTO nav_goal=NONE,AUTO,0.000,0.250,0.711,-0.019,True,True,False
20.200,mission_event,timestamp=20.200 mission_id=0 target_mission_id=1 state=RETURN_TO_INTERRUPTED_WAYPOINT event_type=NAV2_DISABLED_SIMULATED_GOAL reason=RETURN_TO_INTERRUPTED_WAYPOINT waypoint_index=0,CAMERA_ALIGN_FAILED mode=AUTO nav_goal=NONE,AUTO,0.000,0.250,0.711,-0.019,True,True,False
20.200,object_goal_state,INSPECTION_MEMORY_COMMITTED terminal_state=CAMERA_ALIGN_FAILED,CAMERA_ALIGN_FAILED mode=AUTO nav_goal=NONE,AUTO,0.000,0.250,0.711,-0.019,True,True,False
20.200,dynamic_target,count=1 x=1.00 y=-1.04 z=3.40,CAMERA_ALIGN_FAILED mode=AUTO nav_goal=NONE,AUTO,0.000,0.250,0.711,-0.019,True,True,False
20.200,dynamic_lock,True,CAMERA_ALIGN_FAILED mode=AUTO nav_goal=NONE,AUTO,0.000,0.250,0.711,-0.019,True,True,False
20.200,object_goal_state,REJECT cooldown source=elevated_dynamic_target remaining_sec=0.90,CAMERA_ALIGN_FAILED mode=AUTO nav_goal=NONE,AUTO,0.000,0.250,0.711,-0.019,True,True,False
20.200,dynamic_target,count=1 x=1.00 y=-1.04 z=3.40,CAMERA_ALIGN_FAILED mode=AUTO nav_goal=NONE,AUTO,0.000,0.250,0.711,-0.019,True,True,False
20.200,dynamic_lock,True,CAMERA_ALIGN_FAILED mode=AUTO nav_goal=NONE,AUTO,0.000,0.250,0.711,-0.019,True,True,False
20.200,object_goal_state,REJECT cooldown source=elevated_dynamic_target remaining_sec=0.90,CAMERA_ALIGN_FAILED mode=AUTO nav_goal=NONE,AUTO,0.000,0.250,0.711,-0.019,True,True,False
20.300,classification,GAZEBO_FAKE_YOLO11S_CLASSIFICATION class=bird,CAMERA_ALIGN_FAILED mode=AUTO nav_goal=NONE,AUTO,0.000,0.250,0.711,-0.019,True,True,False
20.300,bird_confirmed,True,CAMERA_ALIGN_FAILED mode=AUTO nav_goal=NONE,AUTO,0.000,0.250,0.711,-0.019,True,True,False
20.300,dynamic_target,count=1 x=1.01 y=-1.05 z=3.40,CAMERA_ALIGN_FAILED mode=AUTO nav_goal=NONE,AUTO,0.000,0.250,0.711,-0.019,True,True,False
20.300,dynamic_lock,True,CAMERA_ALIGN_FAILED mode=AUTO nav_goal=NONE,AUTO,0.000,0.250,0.711,-0.019,True,True,False
20.300,object_goal_state,REJECT cooldown source=elevated_dynamic_target remaining_sec=0.80,CAMERA_ALIGN_FAILED mode=AUTO nav_goal=NONE,AUTO,0.000,0.250,0.711,-0.019,True,True,False
20.400,sound_state,IDLE_NO_REQUEST,CAMERA_ALIGN_FAILED mode=AUTO nav_goal=NONE,AUTO,0.000,0.250,0.711,-0.019,True,True,False
20.400,sound_done,False,CAMERA_ALIGN_FAILED mode=AUTO nav_goal=NONE,AUTO,0.000,0.250,0.711,-0.019,True,True,False
20.400,classification,GAZEBO_FAKE_YOLO11S_CLASSIFICATION class=bird,CAMERA_ALIGN_FAILED mode=AUTO nav_goal=NONE,AUTO,0.000,0.250,0.711,-0.019,True,True,False
20.400,bird_confirmed,True,CAMERA_ALIGN_FAILED mode=AUTO nav_goal=NONE,AUTO,0.000,0.250,0.711,-0.019,True,True,False
20.400,mission_state,RETURN_TO_INTERRUPTED_WAYPOINT mode=AUTO nav_goal=RETURN_TO_INTERRUPTED_WAYPOINT,RETURN_TO_INTERRUPTED_WAYPOINT mode=AUTO nav_goal=RETURN_TO_INTERRUPTED_WAYPOINT,AUTO,0.000,0.250,0.711,-0.019,True,True,False
20.400,dynamic_target,count=1 x=1.01 y=-1.06 z=3.40,RETURN_TO_INTERRUPTED_WAYPOINT mode=AUTO nav_goal=RETURN_TO_INTERRUPTED_WAYPOINT,AUTO,0.000,0.350,0.711,-0.018,True,True,False
20.400,dynamic_lock,True,RETURN_TO_INTERRUPTED_WAYPOINT mode=AUTO nav_goal=RETURN_TO_INTERRUPTED_WAYPOINT,AUTO,0.000,0.350,0.711,-0.018,True,True,False
20.400,object_goal_state,REJECT cooldown source=elevated_dynamic_target remaining_sec=0.70,RETURN_TO_INTERRUPTED_WAYPOINT mode=AUTO nav_goal=RETURN_TO_INTERRUPTED_WAYPOINT,AUTO,0.000,0.350,0.711,-0.018,True,True,False
20.400,dynamic_target,count=1 x=1.01 y=-1.06 z=3.40,RETURN_TO_INTERRUPTED_WAYPOINT mode=AUTO nav_goal=RETURN_TO_INTERRUPTED_WAYPOINT,AUTO,0.000,0.350,0.711,-0.018,True,True,False
20.400,dynamic_lock,True,RETURN_TO_INTERRUPTED_WAYPOINT mode=AUTO nav_goal=RETURN_TO_INTERRUPTED_WAYPOINT,AUTO,0.000,0.350,0.711,-0.018,True,True,False
20.400,object_goal_state,REJECT cooldown source=elevated_dynamic_target remaining_sec=0.70,RETURN_TO_INTERRUPTED_WAYPOINT mode=AUTO nav_goal=RETURN_TO_INTERRUPTED_WAYPOINT,AUTO,0.000,0.350,0.711,-0.018,True,True,False
20.500,classification,GAZEBO_FAKE_YOLO11S_CLASSIFICATION class=bird,RETURN_TO_INTERRUPTED_WAYPOINT mode=AUTO nav_goal=RETURN_TO_INTERRUPTED_WAYPOINT,AUTO,0.000,0.350,0.711,-0.019,True,True,False
20.500,bird_confirmed,True,RETURN_TO_INTERRUPTED_WAYPOINT mode=AUTO nav_goal=RETURN_TO_INTERRUPTED_WAYPOINT,AUTO,0.000,0.350,0.711,-0.019,True,True,False
20.500,dynamic_target,count=1 x=1.02 y=-1.06 z=3.40,RETURN_TO_INTERRUPTED_WAYPOINT mode=AUTO nav_goal=RETURN_TO_INTERRUPTED_WAYPOINT,AUTO,0.000,0.350,0.711,-0.019,True,True,False
20.500,dynamic_lock,True,RETURN_TO_INTERRUPTED_WAYPOINT mode=AUTO nav_goal=RETURN_TO_INTERRUPTED_WAYPOINT,AUTO,0.000,0.350,0.711,-0.019,True,True,False
20.500,object_goal_state,REJECT cooldown source=elevated_dynamic_target remaining_sec=0.60,RETURN_TO_INTERRUPTED_WAYPOINT mode=AUTO nav_goal=RETURN_TO_INTERRUPTED_WAYPOINT,AUTO,0.000,0.350,0.711,-0.019,True,True,False
20.600,mission_state,RETURN_TO_INTERRUPTED_WAYPOINT mode=AUTO nav_goal=RETURN_TO_INTERRUPTED_WAYPOINT,RETURN_TO_INTERRUPTED_WAYPOINT mode=AUTO nav_goal=RETURN_TO_INTERRUPTED_WAYPOINT,AUTO,0.000,0.350,0.711,-0.019,True,True,False
20.600,dynamic_target,count=1 x=1.02 y=-1.06 z=3.40,RETURN_TO_INTERRUPTED_WAYPOINT mode=AUTO nav_goal=RETURN_TO_INTERRUPTED_WAYPOINT,AUTO,0.000,0.350,0.711,-0.019,True,True,False
20.600,dynamic_lock,True,RETURN_TO_INTERRUPTED_WAYPOINT mode=AUTO nav_goal=RETURN_TO_INTERRUPTED_WAYPOINT,AUTO,0.000,0.350,0.711,-0.019,True,True,False
20.600,classification,GAZEBO_FAKE_YOLO11S_CLASSIFICATION class=bird,RETURN_TO_INTERRUPTED_WAYPOINT mode=AUTO nav_goal=RETURN_TO_INTERRUPTED_WAYPOINT,AUTO,0.000,0.350,0.711,-0.019,True,True,False
20.600,bird_confirmed,True,RETURN_TO_INTERRUPTED_WAYPOINT mode=AUTO nav_goal=RETURN_TO_INTERRUPTED_WAYPOINT,AUTO,0.000,0.350,0.711,-0.019,True,True,False
20.600,sound_state,IDLE_NO_REQUEST,RETURN_TO_INTERRUPTED_WAYPOINT mode=AUTO nav_goal=RETURN_TO_INTERRUPTED_WAYPOINT,AUTO,0.000,0.350,0.711,-0.019,True,True,False
20.600,sound_done,False,RETURN_TO_INTERRUPTED_WAYPOINT mode=AUTO nav_goal=RETURN_TO_INTERRUPTED_WAYPOINT,AUTO,0.000,0.350,0.711,-0.019,True,True,False
20.600,object_goal_state,REJECT cooldown source=elevated_dynamic_target remaining_sec=0.50,RETURN_TO_INTERRUPTED_WAYPOINT mode=AUTO nav_goal=RETURN_TO_INTERRUPTED_WAYPOINT,AUTO,0.000,0.350,0.711,-0.019,True,True,False
20.600,dynamic_target,count=1 x=1.03 y=-1.07 z=3.40,RETURN_TO_INTERRUPTED_WAYPOINT mode=AUTO nav_goal=RETURN_TO_INTERRUPTED_WAYPOINT,AUTO,0.000,0.350,0.711,-0.019,True,True,False
20.600,dynamic_lock,True,RETURN_TO_INTERRUPTED_WAYPOINT mode=AUTO nav_goal=RETURN_TO_INTERRUPTED_WAYPOINT,AUTO,0.000,0.350,0.711,-0.019,True,True,False
20.600,object_goal_state,REJECT cooldown source=elevated_dynamic_target remaining_sec=0.50,RETURN_TO_INTERRUPTED_WAYPOINT mode=AUTO nav_goal=RETURN_TO_INTERRUPTED_WAYPOINT,AUTO,0.000,0.350,0.711,-0.019,True,True,False
20.700,classification,GAZEBO_FAKE_YOLO11S_CLASSIFICATION class=bird,RETURN_TO_INTERRUPTED_WAYPOINT mode=AUTO nav_goal=RETURN_TO_INTERRUPTED_WAYPOINT,AUTO,0.000,0.350,0.712,-0.019,True,True,False
20.700,bird_confirmed,True,RETURN_TO_INTERRUPTED_WAYPOINT mode=AUTO nav_goal=RETURN_TO_INTERRUPTED_WAYPOINT,AUTO,0.000,0.350,0.712,-0.019,True,True,False
20.700,dynamic_target,count=1 x=1.03 y=-1.07 z=3.40,RETURN_TO_INTERRUPTED_WAYPOINT mode=AUTO nav_goal=RETURN_TO_INTERRUPTED_WAYPOINT,AUTO,0.000,0.350,0.712,-0.019,True,True,False
20.700,dynamic_lock,True,RETURN_TO_INTERRUPTED_WAYPOINT mode=AUTO nav_goal=RETURN_TO_INTERRUPTED_WAYPOINT,AUTO,0.000,0.350,0.712,-0.019,True,True,False
20.700,object_goal_state,REJECT cooldown source=elevated_dynamic_target remaining_sec=0.40,RETURN_TO_INTERRUPTED_WAYPOINT mode=AUTO nav_goal=RETURN_TO_INTERRUPTED_WAYPOINT,AUTO,0.000,0.350,0.712,-0.019,True,True,False
20.800,classification,GAZEBO_FAKE_YOLO11S_CLASSIFICATION class=bird,RETURN_TO_INTERRUPTED_WAYPOINT mode=AUTO nav_goal=RETURN_TO_INTERRUPTED_WAYPOINT,AUTO,0.000,0.350,0.712,-0.019,True,True,False
20.800,bird_confirmed,True,RETURN_TO_INTERRUPTED_WAYPOINT mode=AUTO nav_goal=RETURN_TO_INTERRUPTED_WAYPOINT,AUTO,0.000,0.350,0.712,-0.019,True,True,False
20.800,mission_state,RETURN_TO_INTERRUPTED_WAYPOINT mode=AUTO nav_goal=RETURN_TO_INTERRUPTED_WAYPOINT,RETURN_TO_INTERRUPTED_WAYPOINT mode=AUTO nav_goal=RETURN_TO_INTERRUPTED_WAYPOINT,AUTO,0.000,0.350,0.712,-0.019,True,True,False
20.800,sound_state,IDLE_NO_REQUEST,RETURN_TO_INTERRUPTED_WAYPOINT mode=AUTO nav_goal=RETURN_TO_INTERRUPTED_WAYPOINT,AUTO,0.000,0.350,0.712,-0.019,True,True,False
20.800,sound_done,False,RETURN_TO_INTERRUPTED_WAYPOINT mode=AUTO nav_goal=RETURN_TO_INTERRUPTED_WAYPOINT,AUTO,0.000,0.350,0.712,-0.019,True,True,False
20.800,dynamic_target,count=1 x=1.04 y=-1.08 z=3.40,RETURN_TO_INTERRUPTED_WAYPOINT mode=AUTO nav_goal=RETURN_TO_INTERRUPTED_WAYPOINT,AUTO,0.000,0.350,0.711,-0.019,True,True,False
20.800,dynamic_lock,True,RETURN_TO_INTERRUPTED_WAYPOINT mode=AUTO nav_goal=RETURN_TO_INTERRUPTED_WAYPOINT,AUTO,0.000,0.350,0.711,-0.019,True,True,False
20.800,object_goal_state,REJECT cooldown source=elevated_dynamic_target remaining_sec=0.30,RETURN_TO_INTERRUPTED_WAYPOINT mode=AUTO nav_goal=RETURN_TO_INTERRUPTED_WAYPOINT,AUTO,0.000,0.350,0.711,-0.019,True,True,False
20.800,dynamic_target,count=1 x=1.04 y=-1.08 z=3.40,RETURN_TO_INTERRUPTED_WAYPOINT mode=AUTO nav_goal=RETURN_TO_INTERRUPTED_WAYPOINT,AUTO,0.000,0.350,0.711,-0.019,True,True,False
20.800,dynamic_lock,True,RETURN_TO_INTERRUPTED_WAYPOINT mode=AUTO nav_goal=RETURN_TO_INTERRUPTED_WAYPOINT,AUTO,0.000,0.350,0.711,-0.019,True,True,False
20.800,object_goal_state,REJECT cooldown source=elevated_dynamic_target remaining_sec=0.30,RETURN_TO_INTERRUPTED_WAYPOINT mode=AUTO nav_goal=RETURN_TO_INTERRUPTED_WAYPOINT,AUTO,0.000,0.350,0.711,-0.019,True,True,False
20.900,bird_confirmed,True,RETURN_TO_INTERRUPTED_WAYPOINT mode=AUTO nav_goal=RETURN_TO_INTERRUPTED_WAYPOINT,AUTO,0.000,0.350,0.711,-0.019,True,True,False
20.900,classification,GAZEBO_FAKE_YOLO11S_CLASSIFICATION class=bird,RETURN_TO_INTERRUPTED_WAYPOINT mode=AUTO nav_goal=RETURN_TO_INTERRUPTED_WAYPOINT,AUTO,0.000,0.350,0.711,-0.019,True,True,False
20.900,dynamic_target,count=1 x=1.04 y=-1.09 z=3.40,RETURN_TO_INTERRUPTED_WAYPOINT mode=AUTO nav_goal=RETURN_TO_INTERRUPTED_WAYPOINT,AUTO,0.000,0.350,0.711,-0.019,True,True,False
20.900,dynamic_lock,True,RETURN_TO_INTERRUPTED_WAYPOINT mode=AUTO nav_goal=RETURN_TO_INTERRUPTED_WAYPOINT,AUTO,0.000,0.350,0.711,-0.019,True,True,False
20.900,object_goal_state,REJECT cooldown source=elevated_dynamic_target remaining_sec=0.20,RETURN_TO_INTERRUPTED_WAYPOINT mode=AUTO nav_goal=RETURN_TO_INTERRUPTED_WAYPOINT,AUTO,0.000,0.350,0.711,-0.019,True,True,False
21.000,sound_done,False,RETURN_TO_INTERRUPTED_WAYPOINT mode=AUTO nav_goal=RETURN_TO_INTERRUPTED_WAYPOINT,AUTO,0.000,0.350,0.712,-0.019,True,True,False
21.000,mission_state,RETURN_TO_INTERRUPTED_WAYPOINT mode=AUTO nav_goal=RETURN_TO_INTERRUPTED_WAYPOINT,RETURN_TO_INTERRUPTED_WAYPOINT mode=AUTO nav_goal=RETURN_TO_INTERRUPTED_WAYPOINT,AUTO,0.000,0.350,0.712,-0.019,True,True,False
21.000,classification,GAZEBO_FAKE_YOLO11S_CLASSIFICATION class=bird,RETURN_TO_INTERRUPTED_WAYPOINT mode=AUTO nav_goal=RETURN_TO_INTERRUPTED_WAYPOINT,AUTO,0.000,0.350,0.712,-0.019,True,True,False
21.000,bird_confirmed,True,RETURN_TO_INTERRUPTED_WAYPOINT mode=AUTO nav_goal=RETURN_TO_INTERRUPTED_WAYPOINT,AUTO,0.000,0.350,0.712,-0.019,True,True,False
21.000,sound_state,IDLE_NO_REQUEST,RETURN_TO_INTERRUPTED_WAYPOINT mode=AUTO nav_goal=RETURN_TO_INTERRUPTED_WAYPOINT,AUTO,0.000,0.350,0.712,-0.019,True,True,False
21.000,dynamic_target,count=1 x=1.05 y=-1.09 z=3.40,RETURN_TO_INTERRUPTED_WAYPOINT mode=AUTO nav_goal=RETURN_TO_INTERRUPTED_WAYPOINT,AUTO,0.000,0.350,0.712,-0.019,True,True,False
21.000,dynamic_lock,True,RETURN_TO_INTERRUPTED_WAYPOINT mode=AUTO nav_goal=RETURN_TO_INTERRUPTED_WAYPOINT,AUTO,0.000,0.350,0.712,-0.019,True,True,False
21.000,object_goal_state,REJECT cooldown source=elevated_dynamic_target remaining_sec=0.10,RETURN_TO_INTERRUPTED_WAYPOINT mode=AUTO nav_goal=RETURN_TO_INTERRUPTED_WAYPOINT,AUTO,0.000,0.350,0.712,-0.019,True,True,False
21.000,dynamic_target,count=1 x=1.05 y=-1.09 z=3.40,RETURN_TO_INTERRUPTED_WAYPOINT mode=AUTO nav_goal=RETURN_TO_INTERRUPTED_WAYPOINT,AUTO,0.000,0.350,0.712,-0.019,True,True,False
21.000,dynamic_lock,True,RETURN_TO_INTERRUPTED_WAYPOINT mode=AUTO nav_goal=RETURN_TO_INTERRUPTED_WAYPOINT,AUTO,0.000,0.350,0.712,-0.019,True,True,False
21.000,object_goal_state,REJECT cooldown source=elevated_dynamic_target remaining_sec=0.10,RETURN_TO_INTERRUPTED_WAYPOINT mode=AUTO nav_goal=RETURN_TO_INTERRUPTED_WAYPOINT,AUTO,0.000,0.350,0.712,-0.019,True,True,False
21.100,classification,GAZEBO_FAKE_YOLO11S_CLASSIFICATION class=bird,RETURN_TO_INTERRUPTED_WAYPOINT mode=AUTO nav_goal=RETURN_TO_INTERRUPTED_WAYPOINT,AUTO,0.000,0.350,0.713,-0.019,True,True,False
21.100,bird_confirmed,True,RETURN_TO_INTERRUPTED_WAYPOINT mode=AUTO nav_goal=RETURN_TO_INTERRUPTED_WAYPOINT,AUTO,0.000,0.350,0.713,-0.019,True,True,False
21.100,dynamic_target,count=1 x=1.06 y=-1.10 z=3.40,RETURN_TO_INTERRUPTED_WAYPOINT mode=AUTO nav_goal=RETURN_TO_INTERRUPTED_WAYPOINT,AUTO,0.000,0.350,0.713,-0.019,True,True,False
21.100,dynamic_lock,True,RETURN_TO_INTERRUPTED_WAYPOINT mode=AUTO nav_goal=RETURN_TO_INTERRUPTED_WAYPOINT,AUTO,0.000,0.350,0.713,-0.019,True,True,False
21.100,object_goal_state,REJECT source=elevated_dynamic_target mission_type=REJECTED_ALREADY_INSPECTED target_already_inspected age=0.9s count=1 distance_xy=0.67 radius=1.50,RETURN_TO_INTERRUPTED_WAYPOINT mode=AUTO nav_goal=RETURN_TO_INTERRUPTED_WAYPOINT,AUTO,0.000,0.350,0.713,-0.019,True,True,False
21.200,mission_state,RETURN_TO_INTERRUPTED_WAYPOINT mode=AUTO nav_goal=RETURN_TO_INTERRUPTED_WAYPOINT,RETURN_TO_INTERRUPTED_WAYPOINT mode=AUTO nav_goal=RETURN_TO_INTERRUPTED_WAYPOINT,AUTO,0.000,0.350,0.713,-0.020,True,True,False
21.200,sound_state,IDLE_NO_REQUEST,RETURN_TO_INTERRUPTED_WAYPOINT mode=AUTO nav_goal=RETURN_TO_INTERRUPTED_WAYPOINT,AUTO,0.000,0.350,0.713,-0.020,True,True,False
21.200,sound_done,False,RETURN_TO_INTERRUPTED_WAYPOINT mode=AUTO nav_goal=RETURN_TO_INTERRUPTED_WAYPOINT,AUTO,0.000,0.350,0.713,-0.020,True,True,False
21.200,classification,GAZEBO_FAKE_YOLO11S_CLASSIFICATION class=bird,RETURN_TO_INTERRUPTED_WAYPOINT mode=AUTO nav_goal=RETURN_TO_INTERRUPTED_WAYPOINT,AUTO,0.000,0.350,0.713,-0.020,True,True,False
21.200,bird_confirmed,True,RETURN_TO_INTERRUPTED_WAYPOINT mode=AUTO nav_goal=RETURN_TO_INTERRUPTED_WAYPOINT,AUTO,0.000,0.350,0.713,-0.020,True,True,False
21.200,dynamic_target,count=1 x=1.06 y=-1.10 z=3.40,RETURN_TO_INTERRUPTED_WAYPOINT mode=AUTO nav_goal=RETURN_TO_INTERRUPTED_WAYPOINT,AUTO,0.000,0.350,0.713,-0.020,True,True,False
21.200,object_goal_state,REJECT source=elevated_dynamic_target mission_type=REJECTED_ALREADY_INSPECTED target_already_inspected age=1.0s count=1 distance_xy=0.67 radius=1.50,RETURN_TO_INTERRUPTED_WAYPOINT mode=AUTO nav_goal=RETURN_TO_INTERRUPTED_WAYPOINT,AUTO,0.000,0.350,0.713,-0.020,True,True,False
21.200,dynamic_lock,True,RETURN_TO_INTERRUPTED_WAYPOINT mode=AUTO nav_goal=RETURN_TO_INTERRUPTED_WAYPOINT,AUTO,0.000,0.350,0.713,-0.020,True,True,False
21.200,dynamic_target,count=1 x=1.06 y=-1.11 z=3.40,RETURN_TO_INTERRUPTED_WAYPOINT mode=AUTO nav_goal=RETURN_TO_INTERRUPTED_WAYPOINT,AUTO,0.000,0.350,0.713,-0.020,True,True,False
21.200,dynamic_lock,True,RETURN_TO_INTERRUPTED_WAYPOINT mode=AUTO nav_goal=RETURN_TO_INTERRUPTED_WAYPOINT,AUTO,0.000,0.350,0.713,-0.020,True,True,False
21.200,object_goal_state,REJECT source=elevated_dynamic_target mission_type=REJECTED_ALREADY_INSPECTED target_already_inspected age=1.0s count=1 distance_xy=0.68 radius=1.50,RETURN_TO_INTERRUPTED_WAYPOINT mode=AUTO nav_goal=RETURN_TO_INTERRUPTED_WAYPOINT,AUTO,0.000,0.350,0.713,-0.020,True,True,False
21.300,classification,GAZEBO_FAKE_YOLO11S_CLASSIFICATION class=bird,RETURN_TO_INTERRUPTED_WAYPOINT mode=AUTO nav_goal=RETURN_TO_INTERRUPTED_WAYPOINT,AUTO,0.000,0.350,0.713,-0.020,True,True,False
21.300,bird_confirmed,True,RETURN_TO_INTERRUPTED_WAYPOINT mode=AUTO nav_goal=RETURN_TO_INTERRUPTED_WAYPOINT,AUTO,0.000,0.350,0.713,-0.020,True,True,False
21.300,dynamic_target,count=1 x=1.07 y=-1.11 z=3.40,RETURN_TO_INTERRUPTED_WAYPOINT mode=AUTO nav_goal=RETURN_TO_INTERRUPTED_WAYPOINT,AUTO,0.000,0.350,0.713,-0.020,True,True,False
21.300,dynamic_lock,True,RETURN_TO_INTERRUPTED_WAYPOINT mode=AUTO nav_goal=RETURN_TO_INTERRUPTED_WAYPOINT,AUTO,0.000,0.350,0.713,-0.020,True,True,False
21.300,object_goal_state,REJECT source=elevated_dynamic_target mission_type=REJECTED_ALREADY_INSPECTED target_already_inspected age=1.1s count=1 distance_xy=0.69 radius=1.50,RETURN_TO_INTERRUPTED_WAYPOINT mode=AUTO nav_goal=RETURN_TO_INTERRUPTED_WAYPOINT,AUTO,0.000,0.350,0.713,-0.020,True,True,False
21.400,sound_state,IDLE_NO_REQUEST,RETURN_TO_INTERRUPTED_WAYPOINT mode=AUTO nav_goal=RETURN_TO_INTERRUPTED_WAYPOINT,AUTO,0.000,0.350,0.713,-0.019,True,True,False
21.400,sound_done,False,RETURN_TO_INTERRUPTED_WAYPOINT mode=AUTO nav_goal=RETURN_TO_INTERRUPTED_WAYPOINT,AUTO,0.000,0.350,0.713,-0.019,True,True,False
21.400,classification,GAZEBO_FAKE_YOLO11S_CLASSIFICATION class=bird,RETURN_TO_INTERRUPTED_WAYPOINT mode=AUTO nav_goal=RETURN_TO_INTERRUPTED_WAYPOINT,AUTO,0.000,0.350,0.713,-0.019,True,True,False
21.400,bird_confirmed,True,RETURN_TO_INTERRUPTED_WAYPOINT mode=AUTO nav_goal=RETURN_TO_INTERRUPTED_WAYPOINT,AUTO,0.000,0.350,0.713,-0.019,True,True,False
21.400,mission_state,RETURN_TO_INTERRUPTED_WAYPOINT mode=AUTO nav_goal=RETURN_TO_INTERRUPTED_WAYPOINT,RETURN_TO_INTERRUPTED_WAYPOINT mode=AUTO nav_goal=RETURN_TO_INTERRUPTED_WAYPOINT,AUTO,0.000,0.350,0.713,-0.019,True,True,False
21.400,object_goal_state,REJECT source=elevated_dynamic_target mission_type=REJECTED_ALREADY_INSPECTED target_already_inspected age=1.2s count=1 distance_xy=0.69 radius=1.50,RETURN_TO_INTERRUPTED_WAYPOINT mode=AUTO nav_goal=RETURN_TO_INTERRUPTED_WAYPOINT,AUTO,0.000,0.350,0.713,-0.019,True,True,False
21.400,dynamic_target,count=1 x=1.07 y=-1.11 z=3.40,RETURN_TO_INTERRUPTED_WAYPOINT mode=AUTO nav_goal=RETURN_TO_INTERRUPTED_WAYPOINT,AUTO,0.000,0.350,0.713,-0.019,True,True,False
21.400,dynamic_lock,True,RETURN_TO_INTERRUPTED_WAYPOINT mode=AUTO nav_goal=RETURN_TO_INTERRUPTED_WAYPOINT,AUTO,0.000,0.350,0.713,-0.019,True,True,False
21.400,dynamic_target,count=1 x=1.07 y=-1.12 z=3.40,RETURN_TO_INTERRUPTED_WAYPOINT mode=AUTO nav_goal=RETURN_TO_INTERRUPTED_WAYPOINT,AUTO,0.000,0.350,0.713,-0.019,True,True,False
21.400,dynamic_lock,True,RETURN_TO_INTERRUPTED_WAYPOINT mode=AUTO nav_goal=RETURN_TO_INTERRUPTED_WAYPOINT,AUTO,0.000,0.350,0.713,-0.019,True,True,False
21.400,object_goal_state,REJECT source=elevated_dynamic_target mission_type=REJECTED_ALREADY_INSPECTED target_already_inspected age=1.2s count=1 distance_xy=0.70 radius=1.50,RETURN_TO_INTERRUPTED_WAYPOINT mode=AUTO nav_goal=RETURN_TO_INTERRUPTED_WAYPOINT,AUTO,0.000,0.350,0.713,-0.019,True,True,False
21.500,classification,GAZEBO_FAKE_YOLO11S_CLASSIFICATION class=bird,RETURN_TO_INTERRUPTED_WAYPOINT mode=AUTO nav_goal=RETURN_TO_INTERRUPTED_WAYPOINT,AUTO,0.000,0.350,0.713,-0.019,True,True,False
21.500,bird_confirmed,True,RETURN_TO_INTERRUPTED_WAYPOINT mode=AUTO nav_goal=RETURN_TO_INTERRUPTED_WAYPOINT,AUTO,0.000,0.350,0.713,-0.019,True,True,False
21.500,dynamic_target,count=1 x=1.08 y=-1.12 z=3.40,RETURN_TO_INTERRUPTED_WAYPOINT mode=AUTO nav_goal=RETURN_TO_INTERRUPTED_WAYPOINT,AUTO,0.000,0.350,0.713,-0.019,True,True,False
21.500,dynamic_lock,True,RETURN_TO_INTERRUPTED_WAYPOINT mode=AUTO nav_goal=RETURN_TO_INTERRUPTED_WAYPOINT,AUTO,0.000,0.350,0.713,-0.019,True,True,False
21.500,object_goal_state,REJECT source=elevated_dynamic_target mission_type=REJECTED_ALREADY_INSPECTED target_already_inspected age=1.3s count=1 distance_xy=0.71 radius=1.50,RETURN_TO_INTERRUPTED_WAYPOINT mode=AUTO nav_goal=RETURN_TO_INTERRUPTED_WAYPOINT,AUTO,0.000,0.350,0.713,-0.019,True,True,False
21.600,mission_state,RETURN_TO_INTERRUPTED_WAYPOINT mode=AUTO nav_goal=RETURN_TO_INTERRUPTED_WAYPOINT,RETURN_TO_INTERRUPTED_WAYPOINT mode=AUTO nav_goal=RETURN_TO_INTERRUPTED_WAYPOINT,AUTO,0.000,0.350,0.713,-0.019,True,True,False
21.600,classification,GAZEBO_FAKE_YOLO11S_CLASSIFICATION class=bird,RETURN_TO_INTERRUPTED_WAYPOINT mode=AUTO nav_goal=RETURN_TO_INTERRUPTED_WAYPOINT,AUTO,0.000,0.350,0.713,-0.019,True,True,False
21.600,bird_confirmed,True,RETURN_TO_INTERRUPTED_WAYPOINT mode=AUTO nav_goal=RETURN_TO_INTERRUPTED_WAYPOINT,AUTO,0.000,0.350,0.713,-0.019,True,True,False
21.600,sound_done,False,RETURN_TO_INTERRUPTED_WAYPOINT mode=AUTO nav_goal=RETURN_TO_INTERRUPTED_WAYPOINT,AUTO,0.000,0.350,0.713,-0.019,True,True,False
21.600,sound_state,IDLE_NO_REQUEST,RETURN_TO_INTERRUPTED_WAYPOINT mode=AUTO nav_goal=RETURN_TO_INTERRUPTED_WAYPOINT,AUTO,0.000,0.350,0.713,-0.019,True,True,False
21.600,dynamic_target,count=1 x=1.08 y=-1.13 z=3.40,RETURN_TO_INTERRUPTED_WAYPOINT mode=AUTO nav_goal=RETURN_TO_INTERRUPTED_WAYPOINT,AUTO,0.000,0.350,0.713,-0.020,True,True,False
21.600,dynamic_lock,True,RETURN_TO_INTERRUPTED_WAYPOINT mode=AUTO nav_goal=RETURN_TO_INTERRUPTED_WAYPOINT,AUTO,0.000,0.350,0.713,-0.020,True,True,False
21.600,object_goal_state,REJECT source=elevated_dynamic_target mission_type=REJECTED_ALREADY_INSPECTED target_already_inspected age=1.4s count=1 distance_xy=0.72 radius=1.50,RETURN_TO_INTERRUPTED_WAYPOINT mode=AUTO nav_goal=RETURN_TO_INTERRUPTED_WAYPOINT,AUTO,0.000,0.350,0.713,-0.020,True,True,False
21.600,dynamic_target,count=1 x=1.08 y=-1.13 z=3.40,RETURN_TO_INTERRUPTED_WAYPOINT mode=AUTO nav_goal=RETURN_TO_INTERRUPTED_WAYPOINT,AUTO,0.000,0.350,0.713,-0.020,True,True,False
21.600,dynamic_lock,True,RETURN_TO_INTERRUPTED_WAYPOINT mode=AUTO nav_goal=RETURN_TO_INTERRUPTED_WAYPOINT,AUTO,0.000,0.350,0.713,-0.020,True,True,False
21.600,object_goal_state,REJECT source=elevated_dynamic_target mission_type=REJECTED_ALREADY_INSPECTED target_already_inspected age=1.4s count=1 distance_xy=0.72 radius=1.50,RETURN_TO_INTERRUPTED_WAYPOINT mode=AUTO nav_goal=RETURN_TO_INTERRUPTED_WAYPOINT,AUTO,0.000,0.350,0.713,-0.020,True,True,False
21.700,classification,GAZEBO_FAKE_YOLO11S_CLASSIFICATION class=bird,RETURN_TO_INTERRUPTED_WAYPOINT mode=AUTO nav_goal=RETURN_TO_INTERRUPTED_WAYPOINT,AUTO,0.000,0.350,0.713,-0.020,True,True,False
21.700,bird_confirmed,True,RETURN_TO_INTERRUPTED_WAYPOINT mode=AUTO nav_goal=RETURN_TO_INTERRUPTED_WAYPOINT,AUTO,0.000,0.350,0.713,-0.020,True,True,False
21.700,dynamic_target,count=1 x=1.09 y=-1.14 z=3.40,RETURN_TO_INTERRUPTED_WAYPOINT mode=AUTO nav_goal=RETURN_TO_INTERRUPTED_WAYPOINT,AUTO,0.000,0.350,0.713,-0.020,True,True,False
21.700,dynamic_lock,True,RETURN_TO_INTERRUPTED_WAYPOINT mode=AUTO nav_goal=RETURN_TO_INTERRUPTED_WAYPOINT,AUTO,0.000,0.350,0.713,-0.020,True,True,False
21.700,object_goal_state,REJECT source=elevated_dynamic_target mission_type=REJECTED_ALREADY_INSPECTED target_already_inspected age=1.5s count=1 distance_xy=0.72 radius=1.50,RETURN_TO_INTERRUPTED_WAYPOINT mode=AUTO nav_goal=RETURN_TO_INTERRUPTED_WAYPOINT,AUTO,0.000,0.350,0.713,-0.020,True,True,False
21.800,classification,GAZEBO_FAKE_YOLO11S_CLASSIFICATION class=bird,RETURN_TO_INTERRUPTED_WAYPOINT mode=AUTO nav_goal=RETURN_TO_INTERRUPTED_WAYPOINT,AUTO,0.000,0.350,0.713,-0.019,True,True,False
21.800,bird_confirmed,True,RETURN_TO_INTERRUPTED_WAYPOINT mode=AUTO nav_goal=RETURN_TO_INTERRUPTED_WAYPOINT,AUTO,0.000,0.350,0.713,-0.019,True,True,False
21.800,mission_state,RETURN_TO_INTERRUPTED_WAYPOINT mode=AUTO nav_goal=RETURN_TO_INTERRUPTED_WAYPOINT,RETURN_TO_INTERRUPTED_WAYPOINT mode=AUTO nav_goal=RETURN_TO_INTERRUPTED_WAYPOINT,AUTO,0.000,0.350,0.713,-0.019,True,True,False
21.800,dynamic_target,count=1 x=1.09 y=-1.14 z=3.40,RETURN_TO_INTERRUPTED_WAYPOINT mode=AUTO nav_goal=RETURN_TO_INTERRUPTED_WAYPOINT,AUTO,0.000,0.350,0.713,-0.019,True,True,False
21.800,dynamic_lock,True,RETURN_TO_INTERRUPTED_WAYPOINT mode=AUTO nav_goal=RETURN_TO_INTERRUPTED_WAYPOINT,AUTO,0.000,0.350,0.713,-0.019,True,True,False
21.800,sound_state,IDLE_NO_REQUEST,RETURN_TO_INTERRUPTED_WAYPOINT mode=AUTO nav_goal=RETURN_TO_INTERRUPTED_WAYPOINT,AUTO,0.000,0.350,0.713,-0.019,True,True,False
21.800,sound_done,False,RETURN_TO_INTERRUPTED_WAYPOINT mode=AUTO nav_goal=RETURN_TO_INTERRUPTED_WAYPOINT,AUTO,0.000,0.350,0.713,-0.019,True,True,False
21.800,object_goal_state,REJECT source=elevated_dynamic_target mission_type=REJECTED_ALREADY_INSPECTED target_already_inspected age=1.6s count=1 distance_xy=0.72 radius=1.50,RETURN_TO_INTERRUPTED_WAYPOINT mode=AUTO nav_goal=RETURN_TO_INTERRUPTED_WAYPOINT,AUTO,0.000,0.350,0.713,-0.019,True,True,False
21.800,dynamic_target,count=1 x=1.10 y=-1.14 z=3.40,RETURN_TO_INTERRUPTED_WAYPOINT mode=AUTO nav_goal=RETURN_TO_INTERRUPTED_WAYPOINT,AUTO,0.000,0.350,0.713,-0.019,True,True,False
21.800,dynamic_lock,True,RETURN_TO_INTERRUPTED_WAYPOINT mode=AUTO nav_goal=RETURN_TO_INTERRUPTED_WAYPOINT,AUTO,0.000,0.350,0.713,-0.019,True,True,False
21.800,object_goal_state,REJECT source=elevated_dynamic_target mission_type=REJECTED_ALREADY_INSPECTED target_already_inspected age=1.6s count=1 distance_xy=0.73 radius=1.50,RETURN_TO_INTERRUPTED_WAYPOINT mode=AUTO nav_goal=RETURN_TO_INTERRUPTED_WAYPOINT,AUTO,0.000,0.350,0.714,-0.020,True,True,False
21.900,bird_confirmed,True,RETURN_TO_INTERRUPTED_WAYPOINT mode=AUTO nav_goal=RETURN_TO_INTERRUPTED_WAYPOINT,AUTO,0.000,0.350,0.713,-0.020,True,True,False
21.900,classification,GAZEBO_FAKE_YOLO11S_CLASSIFICATION class=bird,RETURN_TO_INTERRUPTED_WAYPOINT mode=AUTO nav_goal=RETURN_TO_INTERRUPTED_WAYPOINT,AUTO,0.000,0.350,0.713,-0.020,True,True,False
21.900,dynamic_target,count=1 x=1.10 y=-1.15 z=3.40,RETURN_TO_INTERRUPTED_WAYPOINT mode=AUTO nav_goal=RETURN_TO_INTERRUPTED_WAYPOINT,AUTO,0.000,0.350,0.713,-0.019,True,True,False
21.900,dynamic_lock,True,RETURN_TO_INTERRUPTED_WAYPOINT mode=AUTO nav_goal=RETURN_TO_INTERRUPTED_WAYPOINT,AUTO,0.000,0.350,0.713,-0.019,True,True,False
21.900,object_goal_state,REJECT source=elevated_dynamic_target mission_type=REJECTED_ALREADY_INSPECTED target_already_inspected age=1.7s count=1 distance_xy=0.74 radius=1.50,RETURN_TO_INTERRUPTED_WAYPOINT mode=AUTO nav_goal=RETURN_TO_INTERRUPTED_WAYPOINT,AUTO,0.000,0.350,0.713,-0.019,True,True,False
22.000,classification,GAZEBO_FAKE_YOLO11S_CLASSIFICATION class=bird,RETURN_TO_INTERRUPTED_WAYPOINT mode=AUTO nav_goal=RETURN_TO_INTERRUPTED_WAYPOINT,AUTO,0.000,0.350,0.713,-0.020,True,True,False
22.000,bird_confirmed,True,RETURN_TO_INTERRUPTED_WAYPOINT mode=AUTO nav_goal=RETURN_TO_INTERRUPTED_WAYPOINT,AUTO,0.000,0.350,0.713,-0.020,True,True,False
22.000,sound_state,IDLE_NO_REQUEST,RETURN_TO_INTERRUPTED_WAYPOINT mode=AUTO nav_goal=RETURN_TO_INTERRUPTED_WAYPOINT,AUTO,0.000,0.350,0.713,-0.020,True,True,False
22.000,sound_done,False,RETURN_TO_INTERRUPTED_WAYPOINT mode=AUTO nav_goal=RETURN_TO_INTERRUPTED_WAYPOINT,AUTO,0.000,0.350,0.713,-0.020,True,True,False
22.000,mission_state,RETURN_TO_INTERRUPTED_WAYPOINT mode=AUTO nav_goal=RETURN_TO_INTERRUPTED_WAYPOINT,RETURN_TO_INTERRUPTED_WAYPOINT mode=AUTO nav_goal=RETURN_TO_INTERRUPTED_WAYPOINT,AUTO,0.000,0.350,0.713,-0.020,True,True,False
22.000,dynamic_target,count=1 x=1.11 y=-1.15 z=3.40,RETURN_TO_INTERRUPTED_WAYPOINT mode=AUTO nav_goal=RETURN_TO_INTERRUPTED_WAYPOINT,AUTO,0.000,0.350,0.714,-0.020,True,True,False
22.000,dynamic_lock,True,RETURN_TO_INTERRUPTED_WAYPOINT mode=AUTO nav_goal=RETURN_TO_INTERRUPTED_WAYPOINT,AUTO,0.000,0.350,0.714,-0.020,True,True,False
22.000,object_goal_state,REJECT source=elevated_dynamic_target mission_type=REJECTED_ALREADY_INSPECTED target_already_inspected age=1.8s count=1 distance_xy=0.75 radius=1.50,RETURN_TO_INTERRUPTED_WAYPOINT mode=AUTO nav_goal=RETURN_TO_INTERRUPTED_WAYPOINT,AUTO,0.000,0.350,0.714,-0.020,True,True,False
22.000,object_goal_state,REJECT source=elevated_dynamic_target mission_type=REJECTED_ALREADY_INSPECTED target_already_inspected age=1.8s count=1 distance_xy=0.75 radius=1.50,RETURN_TO_INTERRUPTED_WAYPOINT mode=AUTO nav_goal=RETURN_TO_INTERRUPTED_WAYPOINT,AUTO,0.000,0.350,0.714,-0.020,True,True,False
22.000,dynamic_target,count=1 x=1.11 y=-1.15 z=3.40,RETURN_TO_INTERRUPTED_WAYPOINT mode=AUTO nav_goal=RETURN_TO_INTERRUPTED_WAYPOINT,AUTO,0.000,0.350,0.714,-0.020,True,True,False
22.000,dynamic_lock,True,RETURN_TO_INTERRUPTED_WAYPOINT mode=AUTO nav_goal=RETURN_TO_INTERRUPTED_WAYPOINT,AUTO,0.000,0.350,0.714,-0.020,True,True,False
22.100,classification,GAZEBO_FAKE_YOLO11S_CLASSIFICATION class=bird,RETURN_TO_INTERRUPTED_WAYPOINT mode=AUTO nav_goal=RETURN_TO_INTERRUPTED_WAYPOINT,AUTO,0.000,0.350,0.714,-0.021,True,True,False
22.100,bird_confirmed,True,RETURN_TO_INTERRUPTED_WAYPOINT mode=AUTO nav_goal=RETURN_TO_INTERRUPTED_WAYPOINT,AUTO,0.000,0.350,0.714,-0.021,True,True,False
22.100,dynamic_target,count=1 x=1.11 y=-1.16 z=3.40,RETURN_TO_INTERRUPTED_WAYPOINT mode=AUTO nav_goal=RETURN_TO_INTERRUPTED_WAYPOINT,AUTO,0.000,0.350,0.714,-0.021,True,True,False
22.100,dynamic_lock,True,RETURN_TO_INTERRUPTED_WAYPOINT mode=AUTO nav_goal=RETURN_TO_INTERRUPTED_WAYPOINT,AUTO,0.000,0.350,0.714,-0.021,True,True,False
22.100,object_goal_state,REJECT source=elevated_dynamic_target mission_type=REJECTED_ALREADY_INSPECTED target_already_inspected age=1.9s count=1 distance_xy=0.76 radius=1.50,RETURN_TO_INTERRUPTED_WAYPOINT mode=AUTO nav_goal=RETURN_TO_INTERRUPTED_WAYPOINT,AUTO,0.000,0.350,0.714,-0.021,True,True,False
22.200,bird_confirmed,True,RETURN_TO_INTERRUPTED_WAYPOINT mode=AUTO nav_goal=RETURN_TO_INTERRUPTED_WAYPOINT,AUTO,0.000,0.350,0.714,-0.019,True,True,False
22.200,sound_state,IDLE_NO_REQUEST,RETURN_TO_INTERRUPTED_WAYPOINT mode=AUTO nav_goal=RETURN_TO_INTERRUPTED_WAYPOINT,AUTO,0.000,0.350,0.714,-0.019,True,True,False
22.200,sound_done,False,RETURN_TO_INTERRUPTED_WAYPOINT mode=AUTO nav_goal=RETURN_TO_INTERRUPTED_WAYPOINT,AUTO,0.000,0.350,0.714,-0.019,True,True,False
22.200,classification,GAZEBO_FAKE_YOLO11S_CLASSIFICATION class=bird,RETURN_TO_INTERRUPTED_WAYPOINT mode=AUTO nav_goal=RETURN_TO_INTERRUPTED_WAYPOINT,AUTO,0.000,0.350,0.714,-0.019,True,True,False
22.200,mission_state,RETURN_TO_INTERRUPTED_WAYPOINT mode=AUTO nav_goal=RETURN_TO_INTERRUPTED_WAYPOINT,RETURN_TO_INTERRUPTED_WAYPOINT mode=AUTO nav_goal=RETURN_TO_INTERRUPTED_WAYPOINT,AUTO,0.000,0.350,0.714,-0.019,True,True,False
22.200,dynamic_target,count=1 x=1.12 y=-1.17 z=3.40,RETURN_TO_INTERRUPTED_WAYPOINT mode=AUTO nav_goal=RETURN_TO_INTERRUPTED_WAYPOINT,AUTO,0.000,0.350,0.714,-0.020,True,True,False
22.200,dynamic_lock,True,RETURN_TO_INTERRUPTED_WAYPOINT mode=AUTO nav_goal=RETURN_TO_INTERRUPTED_WAYPOINT,AUTO,0.000,0.350,0.714,-0.020,True,True,False
22.200,object_goal_state,REJECT source=elevated_dynamic_target mission_type=REJECTED_ALREADY_INSPECTED target_already_inspected age=2.0s count=1 distance_xy=0.77 radius=1.50,RETURN_TO_INTERRUPTED_WAYPOINT mode=AUTO nav_goal=RETURN_TO_INTERRUPTED_WAYPOINT,AUTO,0.000,0.350,0.714,-0.020,True,True,False
22.200,dynamic_target,count=1 x=1.12 y=-1.17 z=3.40,RETURN_TO_INTERRUPTED_WAYPOINT mode=AUTO nav_goal=RETURN_TO_INTERRUPTED_WAYPOINT,AUTO,0.000,0.350,0.714,-0.020,True,True,False
22.200,dynamic_lock,True,RETURN_TO_INTERRUPTED_WAYPOINT mode=AUTO nav_goal=RETURN_TO_INTERRUPTED_WAYPOINT,AUTO,0.000,0.350,0.714,-0.020,True,True,False
22.200,object_goal_state,REJECT source=elevated_dynamic_target mission_type=REJECTED_ALREADY_INSPECTED target_already_inspected age=2.0s count=1 distance_xy=0.77 radius=1.50,RETURN_TO_INTERRUPTED_WAYPOINT mode=AUTO nav_goal=RETURN_TO_INTERRUPTED_WAYPOINT,AUTO,0.000,0.350,0.714,-0.020,True,True,False
22.300,bird_confirmed,True,RETURN_TO_INTERRUPTED_WAYPOINT mode=AUTO nav_goal=RETURN_TO_INTERRUPTED_WAYPOINT,AUTO,0.000,0.350,0.714,-0.020,True,True,False
22.300,classification,GAZEBO_FAKE_YOLO11S_CLASSIFICATION class=bird,RETURN_TO_INTERRUPTED_WAYPOINT mode=AUTO nav_goal=RETURN_TO_INTERRUPTED_WAYPOINT,AUTO,0.000,0.350,0.714,-0.020,True,True,False
22.300,dynamic_target,count=1 x=1.13 y=-1.17 z=3.40,RETURN_TO_INTERRUPTED_WAYPOINT mode=AUTO nav_goal=RETURN_TO_INTERRUPTED_WAYPOINT,AUTO,0.000,0.350,0.714,-0.020,True,True,False
22.300,dynamic_lock,True,RETURN_TO_INTERRUPTED_WAYPOINT mode=AUTO nav_goal=RETURN_TO_INTERRUPTED_WAYPOINT,AUTO,0.000,0.350,0.714,-0.020,True,True,False
22.300,object_goal_state,REJECT source=elevated_dynamic_target mission_type=REJECTED_ALREADY_INSPECTED target_already_inspected age=2.1s count=1 distance_xy=0.77 radius=1.50,RETURN_TO_INTERRUPTED_WAYPOINT mode=AUTO nav_goal=RETURN_TO_INTERRUPTED_WAYPOINT,AUTO,0.000,0.350,0.714,-0.020,True,True,False
22.400,dynamic_target,count=1 x=1.13 y=-1.17 z=3.40,RETURN_TO_INTERRUPTED_WAYPOINT mode=AUTO nav_goal=RETURN_TO_INTERRUPTED_WAYPOINT,AUTO,0.000,0.350,0.714,-0.020,True,True,False
22.400,classification,GAZEBO_FAKE_YOLO11S_CLASSIFICATION class=bird,RETURN_TO_INTERRUPTED_WAYPOINT mode=AUTO nav_goal=RETURN_TO_INTERRUPTED_WAYPOINT,AUTO,0.000,0.350,0.714,-0.020,True,True,False
22.400,bird_confirmed,True,RETURN_TO_INTERRUPTED_WAYPOINT mode=AUTO nav_goal=RETURN_TO_INTERRUPTED_WAYPOINT,AUTO,0.000,0.350,0.714,-0.020,True,True,False
22.400,sound_state,IDLE_NO_REQUEST,RETURN_TO_INTERRUPTED_WAYPOINT mode=AUTO nav_goal=RETURN_TO_INTERRUPTED_WAYPOINT,AUTO,0.000,0.350,0.714,-0.020,True,True,False
22.400,sound_done,False,RETURN_TO_INTERRUPTED_WAYPOINT mode=AUTO nav_goal=RETURN_TO_INTERRUPTED_WAYPOINT,AUTO,0.000,0.350,0.714,-0.020,True,True,False
22.400,mission_state,RETURN_TO_INTERRUPTED_WAYPOINT mode=AUTO nav_goal=RETURN_TO_INTERRUPTED_WAYPOINT,RETURN_TO_INTERRUPTED_WAYPOINT mode=AUTO nav_goal=RETURN_TO_INTERRUPTED_WAYPOINT,AUTO,0.000,0.350,0.714,-0.020,True,True,False
22.400,dynamic_target,count=1 x=1.13 y=-1.18 z=3.40,RETURN_TO_INTERRUPTED_WAYPOINT mode=AUTO nav_goal=RETURN_TO_INTERRUPTED_WAYPOINT,AUTO,0.000,0.350,0.714,-0.020,True,True,False
22.400,dynamic_lock,True,RETURN_TO_INTERRUPTED_WAYPOINT mode=AUTO nav_goal=RETURN_TO_INTERRUPTED_WAYPOINT,AUTO,0.000,0.350,0.714,-0.020,True,True,False
22.400,object_goal_state,REJECT source=elevated_dynamic_target mission_type=REJECTED_ALREADY_INSPECTED target_already_inspected age=2.2s count=1 distance_xy=0.77 radius=1.50,RETURN_TO_INTERRUPTED_WAYPOINT mode=AUTO nav_goal=RETURN_TO_INTERRUPTED_WAYPOINT,AUTO,0.000,0.350,0.714,-0.020,True,True,False
22.400,dynamic_lock,True,RETURN_TO_INTERRUPTED_WAYPOINT mode=AUTO nav_goal=RETURN_TO_INTERRUPTED_WAYPOINT,AUTO,0.000,0.350,0.714,-0.020,True,True,False
22.400,object_goal_state,REJECT source=elevated_dynamic_target mission_type=REJECTED_ALREADY_INSPECTED target_already_inspected age=2.2s count=1 distance_xy=0.78 radius=1.50,RETURN_TO_INTERRUPTED_WAYPOINT mode=AUTO nav_goal=RETURN_TO_INTERRUPTED_WAYPOINT,AUTO,0.000,0.350,0.714,-0.020,True,True,False
22.500,classification,GAZEBO_FAKE_YOLO11S_CLASSIFICATION class=bird,RETURN_TO_INTERRUPTED_WAYPOINT mode=AUTO nav_goal=RETURN_TO_INTERRUPTED_WAYPOINT,AUTO,0.000,0.350,0.714,-0.020,True,True,False
22.500,bird_confirmed,True,RETURN_TO_INTERRUPTED_WAYPOINT mode=AUTO nav_goal=RETURN_TO_INTERRUPTED_WAYPOINT,AUTO,0.000,0.350,0.714,-0.020,True,True,False
22.500,dynamic_target,count=1 x=1.14 y=-1.18 z=3.40,RETURN_TO_INTERRUPTED_WAYPOINT mode=AUTO nav_goal=RETURN_TO_INTERRUPTED_WAYPOINT,AUTO,0.000,0.350,0.714,-0.020,True,True,False
22.500,dynamic_lock,True,RETURN_TO_INTERRUPTED_WAYPOINT mode=AUTO nav_goal=RETURN_TO_INTERRUPTED_WAYPOINT,AUTO,0.000,0.350,0.714,-0.020,True,True,False
22.500,object_goal_state,REJECT source=elevated_dynamic_target mission_type=REJECTED_ALREADY_INSPECTED target_already_inspected age=2.3s count=1 distance_xy=0.79 radius=1.50,RETURN_TO_INTERRUPTED_WAYPOINT mode=AUTO nav_goal=RETURN_TO_INTERRUPTED_WAYPOINT,AUTO,0.000,0.350,0.714,-0.020,True,True,False
22.600,sound_done,False,RETURN_TO_INTERRUPTED_WAYPOINT mode=AUTO nav_goal=RETURN_TO_INTERRUPTED_WAYPOINT,AUTO,0.000,0.350,0.715,-0.019,True,True,False
22.600,sound_state,IDLE_NO_REQUEST,RETURN_TO_INTERRUPTED_WAYPOINT mode=AUTO nav_goal=RETURN_TO_INTERRUPTED_WAYPOINT,AUTO,0.000,0.350,0.715,-0.019,True,True,False
22.600,dynamic_target,count=1 x=1.14 y=-1.18 z=3.40,RETURN_TO_INTERRUPTED_WAYPOINT mode=AUTO nav_goal=RETURN_TO_INTERRUPTED_WAYPOINT,AUTO,0.000,0.350,0.715,-0.019,True,True,False
22.600,dynamic_lock,True,RETURN_TO_INTERRUPTED_WAYPOINT mode=AUTO nav_goal=RETURN_TO_INTERRUPTED_WAYPOINT,AUTO,0.000,0.350,0.715,-0.019,True,True,False
22.600,classification,GAZEBO_FAKE_YOLO11S_CLASSIFICATION class=bird,RETURN_TO_INTERRUPTED_WAYPOINT mode=AUTO nav_goal=RETURN_TO_INTERRUPTED_WAYPOINT,AUTO,0.000,0.350,0.715,-0.019,True,True,False
22.600,bird_confirmed,True,RETURN_TO_INTERRUPTED_WAYPOINT mode=AUTO nav_goal=RETURN_TO_INTERRUPTED_WAYPOINT,AUTO,0.000,0.350,0.715,-0.019,True,True,False
22.600,mission_state,RETURN_TO_INTERRUPTED_WAYPOINT mode=AUTO nav_goal=RETURN_TO_INTERRUPTED_WAYPOINT,RETURN_TO_INTERRUPTED_WAYPOINT mode=AUTO nav_goal=RETURN_TO_INTERRUPTED_WAYPOINT,AUTO,0.000,0.350,0.715,-0.019,True,True,False
22.600,object_goal_state,REJECT source=elevated_dynamic_target mission_type=REJECTED_ALREADY_INSPECTED target_already_inspected age=2.4s count=1 distance_xy=0.79 radius=1.50,RETURN_TO_INTERRUPTED_WAYPOINT mode=AUTO nav_goal=RETURN_TO_INTERRUPTED_WAYPOINT,AUTO,0.000,0.350,0.715,-0.019,True,True,False
22.600,dynamic_target,count=1 x=1.14 y=-1.19 z=3.40,RETURN_TO_INTERRUPTED_WAYPOINT mode=AUTO nav_goal=RETURN_TO_INTERRUPTED_WAYPOINT,AUTO,0.000,0.350,0.715,-0.019,True,True,False
22.600,dynamic_lock,True,RETURN_TO_INTERRUPTED_WAYPOINT mode=AUTO nav_goal=RETURN_TO_INTERRUPTED_WAYPOINT,AUTO,0.000,0.350,0.715,-0.019,True,True,False
22.600,object_goal_state,REJECT source=elevated_dynamic_target mission_type=REJECTED_ALREADY_INSPECTED target_already_inspected age=2.4s count=1 distance_xy=0.80 radius=1.50,RETURN_TO_INTERRUPTED_WAYPOINT mode=AUTO nav_goal=RETURN_TO_INTERRUPTED_WAYPOINT,AUTO,0.000,0.350,0.715,-0.019,True,True,False
22.700,classification,GAZEBO_FAKE_YOLO11S_CLASSIFICATION class=bird,RETURN_TO_INTERRUPTED_WAYPOINT mode=AUTO nav_goal=RETURN_TO_INTERRUPTED_WAYPOINT,AUTO,0.000,0.350,0.716,-0.020,True,True,False
22.700,bird_confirmed,True,RETURN_TO_INTERRUPTED_WAYPOINT mode=AUTO nav_goal=RETURN_TO_INTERRUPTED_WAYPOINT,AUTO,0.000,0.350,0.716,-0.020,True,True,False
22.700,dynamic_target,count=1 x=1.15 y=-1.20 z=3.40,RETURN_TO_INTERRUPTED_WAYPOINT mode=AUTO nav_goal=RETURN_TO_INTERRUPTED_WAYPOINT,AUTO,0.000,0.350,0.716,-0.020,True,True,False
22.700,dynamic_lock,True,RETURN_TO_INTERRUPTED_WAYPOINT mode=AUTO nav_goal=RETURN_TO_INTERRUPTED_WAYPOINT,AUTO,0.000,0.350,0.716,-0.020,True,True,False
22.700,object_goal_state,REJECT source=elevated_dynamic_target mission_type=REJECTED_ALREADY_INSPECTED target_already_inspected age=2.5s count=1 distance_xy=0.81 radius=1.50,RETURN_TO_INTERRUPTED_WAYPOINT mode=AUTO nav_goal=RETURN_TO_INTERRUPTED_WAYPOINT,AUTO,0.000,0.350,0.716,-0.020,True,True,False
22.800,classification,GAZEBO_FAKE_YOLO11S_CLASSIFICATION class=bird,RETURN_TO_INTERRUPTED_WAYPOINT mode=AUTO nav_goal=RETURN_TO_INTERRUPTED_WAYPOINT,AUTO,0.000,0.350,0.716,-0.020,True,True,False
22.800,bird_confirmed,True,RETURN_TO_INTERRUPTED_WAYPOINT mode=AUTO nav_goal=RETURN_TO_INTERRUPTED_WAYPOINT,AUTO,0.000,0.350,0.716,-0.020,True,True,False
22.800,sound_done,False,RETURN_TO_INTERRUPTED_WAYPOINT mode=AUTO nav_goal=RETURN_TO_INTERRUPTED_WAYPOINT,AUTO,0.000,0.350,0.716,-0.020,True,True,False
22.800,sound_state,IDLE_NO_REQUEST,RETURN_TO_INTERRUPTED_WAYPOINT mode=AUTO nav_goal=RETURN_TO_INTERRUPTED_WAYPOINT,AUTO,0.000,0.350,0.716,-0.020,True,True,False
22.800,mission_state,RETURN_TO_INTERRUPTED_WAYPOINT mode=AUTO nav_goal=RETURN_TO_INTERRUPTED_WAYPOINT,RETURN_TO_INTERRUPTED_WAYPOINT mode=AUTO nav_goal=RETURN_TO_INTERRUPTED_WAYPOINT,AUTO,0.000,0.350,0.716,-0.020,True,True,False
22.800,dynamic_target,count=1 x=1.15 y=-1.20 z=3.40,RETURN_TO_INTERRUPTED_WAYPOINT mode=AUTO nav_goal=RETURN_TO_INTERRUPTED_WAYPOINT,AUTO,0.000,0.350,0.716,-0.020,True,True,False
22.800,dynamic_lock,True,RETURN_TO_INTERRUPTED_WAYPOINT mode=AUTO nav_goal=RETURN_TO_INTERRUPTED_WAYPOINT,AUTO,0.000,0.350,0.716,-0.020,True,True,False
22.800,object_goal_state,REJECT source=elevated_dynamic_target mission_type=REJECTED_ALREADY_INSPECTED target_already_inspected age=2.6s count=1 distance_xy=0.82 radius=1.50,RETURN_TO_INTERRUPTED_WAYPOINT mode=AUTO nav_goal=RETURN_TO_INTERRUPTED_WAYPOINT,AUTO,0.000,0.350,0.716,-0.019,True,True,False
22.800,dynamic_target,count=1 x=1.15 y=-1.20 z=3.40,RETURN_TO_INTERRUPTED_WAYPOINT mode=AUTO nav_goal=RETURN_TO_INTERRUPTED_WAYPOINT,AUTO,0.000,0.350,0.716,-0.019,True,True,False
22.800,dynamic_lock,True,RETURN_TO_INTERRUPTED_WAYPOINT mode=AUTO nav_goal=RETURN_TO_INTERRUPTED_WAYPOINT,AUTO,0.000,0.350,0.716,-0.019,True,True,False
22.800,object_goal_state,REJECT source=elevated_dynamic_target mission_type=REJECTED_ALREADY_INSPECTED target_already_inspected age=2.6s count=1 distance_xy=0.82 radius=1.50,RETURN_TO_INTERRUPTED_WAYPOINT mode=AUTO nav_goal=RETURN_TO_INTERRUPTED_WAYPOINT,AUTO,0.000,0.350,0.716,-0.019,True,True,False
22.900,classification,GAZEBO_FAKE_YOLO11S_CLASSIFICATION class=bird,RETURN_TO_INTERRUPTED_WAYPOINT mode=AUTO nav_goal=RETURN_TO_INTERRUPTED_WAYPOINT,AUTO,0.000,0.350,0.716,-0.019,True,True,False
22.900,bird_confirmed,True,RETURN_TO_INTERRUPTED_WAYPOINT mode=AUTO nav_goal=RETURN_TO_INTERRUPTED_WAYPOINT,AUTO,0.000,0.350,0.716,-0.019,True,True,False
22.900,dynamic_target,count=1 x=1.16 y=-1.21 z=3.40,RETURN_TO_INTERRUPTED_WAYPOINT mode=AUTO nav_goal=RETURN_TO_INTERRUPTED_WAYPOINT,AUTO,0.000,0.350,0.716,-0.019,True,True,False
22.900,dynamic_lock,True,RETURN_TO_INTERRUPTED_WAYPOINT mode=AUTO nav_goal=RETURN_TO_INTERRUPTED_WAYPOINT,AUTO,0.000,0.350,0.716,-0.019,True,True,False
22.900,object_goal_state,REJECT source=elevated_dynamic_target mission_type=REJECTED_ALREADY_INSPECTED target_already_inspected age=2.7s count=1 distance_xy=0.83 radius=1.50,RETURN_TO_INTERRUPTED_WAYPOINT mode=AUTO nav_goal=RETURN_TO_INTERRUPTED_WAYPOINT,AUTO,0.000,0.350,0.716,-0.019,True,True,False
23.000,dynamic_target,count=1 x=1.16 y=-1.21 z=3.40,RETURN_TO_INTERRUPTED_WAYPOINT mode=AUTO nav_goal=RETURN_TO_INTERRUPTED_WAYPOINT,AUTO,0.000,0.350,0.717,-0.019,True,True,False
23.000,dynamic_lock,True,RETURN_TO_INTERRUPTED_WAYPOINT mode=AUTO nav_goal=RETURN_TO_INTERRUPTED_WAYPOINT,AUTO,0.000,0.350,0.717,-0.019,True,True,False
23.000,bird_confirmed,True,RETURN_TO_INTERRUPTED_WAYPOINT mode=AUTO nav_goal=RETURN_TO_INTERRUPTED_WAYPOINT,AUTO,0.000,0.350,0.717,-0.019,True,True,False
23.000,sound_state,IDLE_NO_REQUEST,RETURN_TO_INTERRUPTED_WAYPOINT mode=AUTO nav_goal=RETURN_TO_INTERRUPTED_WAYPOINT,AUTO,0.000,0.350,0.717,-0.019,True,True,False
23.000,sound_done,False,RETURN_TO_INTERRUPTED_WAYPOINT mode=AUTO nav_goal=RETURN_TO_INTERRUPTED_WAYPOINT,AUTO,0.000,0.350,0.717,-0.019,True,True,False
23.000,mission_state,RETURN_TO_INTERRUPTED_WAYPOINT mode=AUTO nav_goal=RETURN_TO_INTERRUPTED_WAYPOINT,RETURN_TO_INTERRUPTED_WAYPOINT mode=AUTO nav_goal=RETURN_TO_INTERRUPTED_WAYPOINT,AUTO,0.000,0.350,0.717,-0.019,True,True,False
23.000,dynamic_target,count=1 x=1.17 y=-1.21 z=3.40,RETURN_TO_INTERRUPTED_WAYPOINT mode=AUTO nav_goal=RETURN_TO_INTERRUPTED_WAYPOINT,AUTO,0.000,0.350,0.717,-0.019,True,True,False
23.000,dynamic_lock,True,RETURN_TO_INTERRUPTED_WAYPOINT mode=AUTO nav_goal=RETURN_TO_INTERRUPTED_WAYPOINT,AUTO,0.000,0.350,0.717,-0.019,True,True,False
23.000,classification,GAZEBO_FAKE_YOLO11S_CLASSIFICATION class=bird,RETURN_TO_INTERRUPTED_WAYPOINT mode=AUTO nav_goal=RETURN_TO_INTERRUPTED_WAYPOINT,AUTO,0.000,0.350,0.717,-0.019,True,True,False
23.000,object_goal_state,REJECT source=elevated_dynamic_target mission_type=REJECTED_ALREADY_INSPECTED target_already_inspected age=2.8s count=1 distance_xy=0.83 radius=1.50,RETURN_TO_INTERRUPTED_WAYPOINT mode=AUTO nav_goal=RETURN_TO_INTERRUPTED_WAYPOINT,AUTO,0.000,0.350,0.717,-0.019,True,True,False
23.000,object_goal_state,REJECT source=elevated_dynamic_target mission_type=REJECTED_ALREADY_INSPECTED target_already_inspected age=2.8s count=1 distance_xy=0.83 radius=1.50,RETURN_TO_INTERRUPTED_WAYPOINT mode=AUTO nav_goal=RETURN_TO_INTERRUPTED_WAYPOINT,AUTO,0.000,0.350,0.717,-0.019,True,True,False
23.100,bird_confirmed,True,RETURN_TO_INTERRUPTED_WAYPOINT mode=AUTO nav_goal=RETURN_TO_INTERRUPTED_WAYPOINT,AUTO,0.000,0.350,0.718,-0.019,True,True,False
23.100,classification,GAZEBO_FAKE_YOLO11S_CLASSIFICATION class=bird,RETURN_TO_INTERRUPTED_WAYPOINT mode=AUTO nav_goal=RETURN_TO_INTERRUPTED_WAYPOINT,AUTO,0.000,0.350,0.718,-0.019,True,True,False
23.100,dynamic_target,count=1 x=1.17 y=-1.22 z=3.40,RETURN_TO_INTERRUPTED_WAYPOINT mode=AUTO nav_goal=RETURN_TO_INTERRUPTED_WAYPOINT,AUTO,0.000,0.350,0.718,-0.019,True,True,False
23.100,dynamic_lock,True,RETURN_TO_INTERRUPTED_WAYPOINT mode=AUTO nav_goal=RETURN_TO_INTERRUPTED_WAYPOINT,AUTO,0.000,0.350,0.718,-0.019,True,True,False
23.100,object_goal_state,REJECT source=elevated_dynamic_target mission_type=REJECTED_ALREADY_INSPECTED target_already_inspected age=2.9s count=1 distance_xy=0.84 radius=1.50,RETURN_TO_INTERRUPTED_WAYPOINT mode=AUTO nav_goal=RETURN_TO_INTERRUPTED_WAYPOINT,AUTO,0.000,0.350,0.718,-0.019,True,True,False
23.200,sound_state,IDLE_NO_REQUEST,RETURN_TO_INTERRUPTED_WAYPOINT mode=AUTO nav_goal=RETURN_TO_INTERRUPTED_WAYPOINT,AUTO,0.000,0.350,0.718,-0.019,True,True,False
23.200,sound_done,False,RETURN_TO_INTERRUPTED_WAYPOINT mode=AUTO nav_goal=RETURN_TO_INTERRUPTED_WAYPOINT,AUTO,0.000,0.350,0.718,-0.019,True,True,False
23.200,classification,GAZEBO_FAKE_YOLO11S_CLASSIFICATION class=bird,RETURN_TO_INTERRUPTED_WAYPOINT mode=AUTO nav_goal=RETURN_TO_INTERRUPTED_WAYPOINT,AUTO,0.000,0.350,0.718,-0.019,True,True,False
23.200,bird_confirmed,True,RETURN_TO_INTERRUPTED_WAYPOINT mode=AUTO nav_goal=RETURN_TO_INTERRUPTED_WAYPOINT,AUTO,0.000,0.350,0.718,-0.019,True,True,False
23.200,mission_state,RETURN_TO_INTERRUPTED_WAYPOINT mode=AUTO nav_goal=RETURN_TO_INTERRUPTED_WAYPOINT,RETURN_TO_INTERRUPTED_WAYPOINT mode=AUTO nav_goal=RETURN_TO_INTERRUPTED_WAYPOINT,AUTO,0.000,0.350,0.718,-0.019,True,True,False
23.200,object_goal_state,REJECT source=elevated_dynamic_target mission_type=REJECTED_ALREADY_INSPECTED target_already_inspected age=3.0s count=1 distance_xy=0.84 radius=1.50,RETURN_TO_INTERRUPTED_WAYPOINT mode=AUTO nav_goal=RETURN_TO_INTERRUPTED_WAYPOINT,AUTO,0.000,0.350,0.718,-0.019,True,True,False
23.200,dynamic_target,count=1 x=1.17 y=-1.22 z=3.40,RETURN_TO_INTERRUPTED_WAYPOINT mode=AUTO nav_goal=RETURN_TO_INTERRUPTED_WAYPOINT,AUTO,0.000,0.350,0.718,-0.019,True,True,False
23.200,dynamic_lock,True,RETURN_TO_INTERRUPTED_WAYPOINT mode=AUTO nav_goal=RETURN_TO_INTERRUPTED_WAYPOINT,AUTO,0.000,0.350,0.718,-0.019,True,True,False
23.200,dynamic_target,count=1 x=1.18 y=-1.23 z=3.40,RETURN_TO_INTERRUPTED_WAYPOINT mode=AUTO nav_goal=RETURN_TO_INTERRUPTED_WAYPOINT,AUTO,0.000,0.350,0.718,-0.019,True,True,False
23.200,dynamic_lock,True,RETURN_TO_INTERRUPTED_WAYPOINT mode=AUTO nav_goal=RETURN_TO_INTERRUPTED_WAYPOINT,AUTO,0.000,0.350,0.718,-0.019,True,True,False
23.200,object_goal_state,REJECT source=elevated_dynamic_target mission_type=REJECTED_ALREADY_INSPECTED target_already_inspected age=3.0s count=1 distance_xy=0.85 radius=1.50,RETURN_TO_INTERRUPTED_WAYPOINT mode=AUTO nav_goal=RETURN_TO_INTERRUPTED_WAYPOINT,AUTO,0.000,0.350,0.718,-0.019,True,True,False
23.300,classification,GAZEBO_FAKE_YOLO11S_CLASSIFICATION class=bird,RETURN_TO_INTERRUPTED_WAYPOINT mode=AUTO nav_goal=RETURN_TO_INTERRUPTED_WAYPOINT,AUTO,0.000,0.350,0.718,-0.019,True,True,False
23.300,bird_confirmed,True,RETURN_TO_INTERRUPTED_WAYPOINT mode=AUTO nav_goal=RETURN_TO_INTERRUPTED_WAYPOINT,AUTO,0.000,0.350,0.718,-0.019,True,True,False
23.300,dynamic_target,count=1 x=1.18 y=-1.23 z=3.40,RETURN_TO_INTERRUPTED_WAYPOINT mode=AUTO nav_goal=RETURN_TO_INTERRUPTED_WAYPOINT,AUTO,0.000,0.350,0.718,-0.019,True,True,False
23.300,dynamic_lock,True,RETURN_TO_INTERRUPTED_WAYPOINT mode=AUTO nav_goal=RETURN_TO_INTERRUPTED_WAYPOINT,AUTO,0.000,0.350,0.718,-0.019,True,True,False
23.300,object_goal_state,REJECT source=elevated_dynamic_target mission_type=REJECTED_ALREADY_INSPECTED target_already_inspected age=3.1s count=1 distance_xy=0.86 radius=1.50,RETURN_TO_INTERRUPTED_WAYPOINT mode=AUTO nav_goal=RETURN_TO_INTERRUPTED_WAYPOINT,AUTO,0.000,0.350,0.718,-0.019,True,True,False
23.400,classification,GAZEBO_FAKE_YOLO11S_CLASSIFICATION class=bird,RETURN_TO_INTERRUPTED_WAYPOINT mode=AUTO nav_goal=RETURN_TO_INTERRUPTED_WAYPOINT,AUTO,0.000,0.350,0.718,-0.019,True,True,False
23.400,bird_confirmed,True,RETURN_TO_INTERRUPTED_WAYPOINT mode=AUTO nav_goal=RETURN_TO_INTERRUPTED_WAYPOINT,AUTO,0.000,0.350,0.718,-0.019,True,True,False
23.400,sound_state,IDLE_NO_REQUEST,RETURN_TO_INTERRUPTED_WAYPOINT mode=AUTO nav_goal=RETURN_TO_INTERRUPTED_WAYPOINT,AUTO,0.000,0.350,0.718,-0.019,True,True,False
23.400,sound_done,False,RETURN_TO_INTERRUPTED_WAYPOINT mode=AUTO nav_goal=RETURN_TO_INTERRUPTED_WAYPOINT,AUTO,0.000,0.350,0.718,-0.019,True,True,False
23.400,mission_state,RETURN_TO_INTERRUPTED_WAYPOINT mode=AUTO nav_goal=RETURN_TO_INTERRUPTED_WAYPOINT,RETURN_TO_INTERRUPTED_WAYPOINT mode=AUTO nav_goal=RETURN_TO_INTERRUPTED_WAYPOINT,AUTO,0.000,0.350,0.718,-0.019,True,True,False
23.400,dynamic_target,count=1 x=1.19 y=-1.24 z=3.40,RETURN_TO_INTERRUPTED_WAYPOINT mode=AUTO nav_goal=RETURN_TO_INTERRUPTED_WAYPOINT,AUTO,0.000,0.350,0.718,-0.019,True,True,False
23.400,dynamic_lock,True,RETURN_TO_INTERRUPTED_WAYPOINT mode=AUTO nav_goal=RETURN_TO_INTERRUPTED_WAYPOINT,AUTO,0.000,0.350,0.718,-0.019,True,True,False
23.400,object_goal_state,REJECT source=elevated_dynamic_target mission_type=REJECTED_ALREADY_INSPECTED target_already_inspected age=3.2s count=1 distance_xy=0.87 radius=1.50,RETURN_TO_INTERRUPTED_WAYPOINT mode=AUTO nav_goal=RETURN_TO_INTERRUPTED_WAYPOINT,AUTO,0.000,0.350,0.718,-0.019,True,True,False
23.400,dynamic_target,count=1 x=1.19 y=-1.24 z=3.40,RETURN_TO_INTERRUPTED_WAYPOINT mode=AUTO nav_goal=RETURN_TO_INTERRUPTED_WAYPOINT,AUTO,0.000,0.350,0.718,-0.019,True,True,False
23.400,dynamic_lock,True,RETURN_TO_INTERRUPTED_WAYPOINT mode=AUTO nav_goal=RETURN_TO_INTERRUPTED_WAYPOINT,AUTO,0.000,0.350,0.718,-0.019,True,True,False
23.400,object_goal_state,REJECT source=elevated_dynamic_target mission_type=REJECTED_ALREADY_INSPECTED target_already_inspected age=3.2s count=1 distance_xy=0.87 radius=1.50,RETURN_TO_INTERRUPTED_WAYPOINT mode=AUTO nav_goal=RETURN_TO_INTERRUPTED_WAYPOINT,AUTO,0.000,0.350,0.718,-0.019,True,True,False
23.500,classification,GAZEBO_FAKE_YOLO11S_CLASSIFICATION class=bird,RETURN_TO_INTERRUPTED_WAYPOINT mode=AUTO nav_goal=RETURN_TO_INTERRUPTED_WAYPOINT,AUTO,0.000,0.350,0.718,-0.020,True,True,False
23.500,bird_confirmed,True,RETURN_TO_INTERRUPTED_WAYPOINT mode=AUTO nav_goal=RETURN_TO_INTERRUPTED_WAYPOINT,AUTO,0.000,0.350,0.718,-0.020,True,True,False
23.600,sound_state,IDLE_NO_REQUEST,RETURN_TO_INTERRUPTED_WAYPOINT mode=AUTO nav_goal=RETURN_TO_INTERRUPTED_WAYPOINT,AUTO,0.000,0.350,0.717,-0.019,True,True,False
23.600,sound_done,False,RETURN_TO_INTERRUPTED_WAYPOINT mode=AUTO nav_goal=RETURN_TO_INTERRUPTED_WAYPOINT,AUTO,0.000,0.350,0.717,-0.019,True,True,False
23.600,classification,GAZEBO_FAKE_YOLO11S_CLASSIFICATION class=bird,RETURN_TO_INTERRUPTED_WAYPOINT mode=AUTO nav_goal=RETURN_TO_INTERRUPTED_WAYPOINT,AUTO,0.000,0.350,0.717,-0.019,True,True,False
23.600,bird_confirmed,True,RETURN_TO_INTERRUPTED_WAYPOINT mode=AUTO nav_goal=RETURN_TO_INTERRUPTED_WAYPOINT,AUTO,0.000,0.350,0.717,-0.019,True,True,False
23.600,mission_state,RETURN_TO_INTERRUPTED_WAYPOINT mode=AUTO nav_goal=RETURN_TO_INTERRUPTED_WAYPOINT,RETURN_TO_INTERRUPTED_WAYPOINT mode=AUTO nav_goal=RETURN_TO_INTERRUPTED_WAYPOINT,AUTO,0.000,0.350,0.717,-0.019,True,True,False
23.600,dynamic_target,count=1 x=1.20 y=-1.24 z=3.40,RETURN_TO_INTERRUPTED_WAYPOINT mode=AUTO nav_goal=RETURN_TO_INTERRUPTED_WAYPOINT,AUTO,0.000,0.350,0.717,-0.019,True,True,False
23.600,dynamic_lock,True,RETURN_TO_INTERRUPTED_WAYPOINT mode=AUTO nav_goal=RETURN_TO_INTERRUPTED_WAYPOINT,AUTO,0.000,0.350,0.717,-0.019,True,True,False
23.600,object_goal_state,REJECT source=elevated_dynamic_target mission_type=REJECTED_ALREADY_INSPECTED target_already_inspected age=3.4s count=1 distance_xy=0.88 radius=1.50,RETURN_TO_INTERRUPTED_WAYPOINT mode=AUTO nav_goal=RETURN_TO_INTERRUPTED_WAYPOINT,AUTO,0.000,0.350,0.717,-0.019,True,True,False
23.600,dynamic_target,count=1 x=1.20 y=-1.24 z=3.40,RETURN_TO_INTERRUPTED_WAYPOINT mode=AUTO nav_goal=RETURN_TO_INTERRUPTED_WAYPOINT,AUTO,0.000,0.350,0.717,-0.019,True,True,False
23.600,dynamic_lock,True,RETURN_TO_INTERRUPTED_WAYPOINT mode=AUTO nav_goal=RETURN_TO_INTERRUPTED_WAYPOINT,AUTO,0.000,0.350,0.717,-0.019,True,True,False
23.600,object_goal_state,REJECT source=elevated_dynamic_target mission_type=REJECTED_ALREADY_INSPECTED target_already_inspected age=3.4s count=1 distance_xy=0.88 radius=1.50,RETURN_TO_INTERRUPTED_WAYPOINT mode=AUTO nav_goal=RETURN_TO_INTERRUPTED_WAYPOINT,AUTO,0.000,0.350,0.717,-0.019,True,True,False
23.600,dynamic_target,count=1 x=1.20 y=-1.25 z=3.40,RETURN_TO_INTERRUPTED_WAYPOINT mode=AUTO nav_goal=RETURN_TO_INTERRUPTED_WAYPOINT,AUTO,0.000,0.350,0.717,-0.019,True,True,False
23.600,dynamic_lock,True,RETURN_TO_INTERRUPTED_WAYPOINT mode=AUTO nav_goal=RETURN_TO_INTERRUPTED_WAYPOINT,AUTO,0.000,0.350,0.717,-0.019,True,True,False
23.600,object_goal_state,REJECT source=elevated_dynamic_target mission_type=REJECTED_ALREADY_INSPECTED target_already_inspected age=3.4s count=1 distance_xy=0.88 radius=1.50,RETURN_TO_INTERRUPTED_WAYPOINT mode=AUTO nav_goal=RETURN_TO_INTERRUPTED_WAYPOINT,AUTO,0.000,0.350,0.717,-0.019,True,True,False
23.700,classification,GAZEBO_FAKE_YOLO11S_CLASSIFICATION class=bird,RETURN_TO_INTERRUPTED_WAYPOINT mode=AUTO nav_goal=RETURN_TO_INTERRUPTED_WAYPOINT,AUTO,0.000,0.350,0.717,-0.020,True,True,False
23.700,bird_confirmed,True,RETURN_TO_INTERRUPTED_WAYPOINT mode=AUTO nav_goal=RETURN_TO_INTERRUPTED_WAYPOINT,AUTO,0.000,0.350,0.717,-0.020,True,True,False
23.700,dynamic_target,count=1 x=1.21 y=-1.26 z=3.40,RETURN_TO_INTERRUPTED_WAYPOINT mode=AUTO nav_goal=RETURN_TO_INTERRUPTED_WAYPOINT,AUTO,0.000,0.350,0.718,-0.019,True,True,False
23.700,dynamic_lock,True,RETURN_TO_INTERRUPTED_WAYPOINT mode=AUTO nav_goal=RETURN_TO_INTERRUPTED_WAYPOINT,AUTO,0.000,0.350,0.718,-0.019,True,True,False
23.700,object_goal_state,REJECT source=elevated_dynamic_target mission_type=REJECTED_ALREADY_INSPECTED target_already_inspected age=3.5s count=1 distance_xy=0.89 radius=1.50,RETURN_TO_INTERRUPTED_WAYPOINT mode=AUTO nav_goal=RETURN_TO_INTERRUPTED_WAYPOINT,AUTO,0.000,0.350,0.718,-0.019,True,True,False
23.800,classification,GAZEBO_FAKE_YOLO11S_CLASSIFICATION class=bird,RETURN_TO_INTERRUPTED_WAYPOINT mode=AUTO nav_goal=RETURN_TO_INTERRUPTED_WAYPOINT,AUTO,0.000,0.350,0.717,-0.019,True,True,False
23.800,bird_confirmed,True,RETURN_TO_INTERRUPTED_WAYPOINT mode=AUTO nav_goal=RETURN_TO_INTERRUPTED_WAYPOINT,AUTO,0.000,0.350,0.717,-0.019,True,True,False
23.800,mission_state,RETURN_TO_INTERRUPTED_WAYPOINT mode=AUTO nav_goal=RETURN_TO_INTERRUPTED_WAYPOINT,RETURN_TO_INTERRUPTED_WAYPOINT mode=AUTO nav_goal=RETURN_TO_INTERRUPTED_WAYPOINT,AUTO,0.000,0.350,0.717,-0.019,True,True,False
23.800,dynamic_target,count=1 x=1.21 y=-1.26 z=3.40,RETURN_TO_INTERRUPTED_WAYPOINT mode=AUTO nav_goal=RETURN_TO_INTERRUPTED_WAYPOINT,AUTO,0.000,0.350,0.717,-0.019,True,True,False
23.800,dynamic_lock,True,RETURN_TO_INTERRUPTED_WAYPOINT mode=AUTO nav_goal=RETURN_TO_INTERRUPTED_WAYPOINT,AUTO,0.000,0.350,0.717,-0.019,True,True,False
23.800,object_goal_state,REJECT source=elevated_dynamic_target mission_type=REJECTED_ALREADY_INSPECTED target_already_inspected age=3.6s count=1 distance_xy=0.89 radius=1.50,RETURN_TO_INTERRUPTED_WAYPOINT mode=AUTO nav_goal=RETURN_TO_INTERRUPTED_WAYPOINT,AUTO,0.000,0.350,0.717,-0.019,True,True,False
23.800,sound_done,False,RETURN_TO_INTERRUPTED_WAYPOINT mode=AUTO nav_goal=RETURN_TO_INTERRUPTED_WAYPOINT,AUTO,0.000,0.350,0.717,-0.019,True,True,False
23.800,sound_state,IDLE_NO_REQUEST,RETURN_TO_INTERRUPTED_WAYPOINT mode=AUTO nav_goal=RETURN_TO_INTERRUPTED_WAYPOINT,AUTO,0.000,0.350,0.717,-0.019,True,True,False
23.800,dynamic_target,count=1 x=1.21 y=-1.26 z=3.40,RETURN_TO_INTERRUPTED_WAYPOINT mode=AUTO nav_goal=RETURN_TO_INTERRUPTED_WAYPOINT,AUTO,0.000,0.350,0.717,-0.019,True,True,False
23.800,dynamic_lock,True,RETURN_TO_INTERRUPTED_WAYPOINT mode=AUTO nav_goal=RETURN_TO_INTERRUPTED_WAYPOINT,AUTO,0.000,0.350,0.717,-0.019,True,True,False
23.800,object_goal_state,REJECT source=elevated_dynamic_target mission_type=REJECTED_ALREADY_INSPECTED target_already_inspected age=3.6s count=1 distance_xy=0.90 radius=1.50,RETURN_TO_INTERRUPTED_WAYPOINT mode=AUTO nav_goal=RETURN_TO_INTERRUPTED_WAYPOINT,AUTO,0.000,0.350,0.717,-0.019,True,True,False
23.900,bird_confirmed,True,RETURN_TO_INTERRUPTED_WAYPOINT mode=AUTO nav_goal=RETURN_TO_INTERRUPTED_WAYPOINT,AUTO,0.000,0.350,0.717,-0.019,True,True,False
23.900,classification,GAZEBO_FAKE_YOLO11S_CLASSIFICATION class=bird,RETURN_TO_INTERRUPTED_WAYPOINT mode=AUTO nav_goal=RETURN_TO_INTERRUPTED_WAYPOINT,AUTO,0.000,0.350,0.717,-0.019,True,True,False
23.900,dynamic_target,count=1 x=1.22 y=-1.27 z=3.40,RETURN_TO_INTERRUPTED_WAYPOINT mode=AUTO nav_goal=RETURN_TO_INTERRUPTED_WAYPOINT,AUTO,0.000,0.350,0.717,-0.019,True,True,False
23.900,dynamic_lock,True,RETURN_TO_INTERRUPTED_WAYPOINT mode=AUTO nav_goal=RETURN_TO_INTERRUPTED_WAYPOINT,AUTO,0.000,0.350,0.717,-0.019,True,True,False
23.900,object_goal_state,REJECT source=elevated_dynamic_target mission_type=REJECTED_ALREADY_INSPECTED target_already_inspected age=3.7s count=1 distance_xy=0.91 radius=1.50,RETURN_TO_INTERRUPTED_WAYPOINT mode=AUTO nav_goal=RETURN_TO_INTERRUPTED_WAYPOINT,AUTO,0.000,0.350,0.717,-0.019,True,True,False
24.000,sound_done,False,RETURN_TO_INTERRUPTED_WAYPOINT mode=AUTO nav_goal=RETURN_TO_INTERRUPTED_WAYPOINT,AUTO,0.000,0.350,0.717,-0.018,True,True,False
24.000,mission_state,RETURN_TO_INTERRUPTED_WAYPOINT mode=AUTO nav_goal=RETURN_TO_INTERRUPTED_WAYPOINT,RETURN_TO_INTERRUPTED_WAYPOINT mode=AUTO nav_goal=RETURN_TO_INTERRUPTED_WAYPOINT,AUTO,0.000,0.350,0.717,-0.018,True,True,False
24.000,classification,GAZEBO_FAKE_YOLO11S_CLASSIFICATION class=bird,RETURN_TO_INTERRUPTED_WAYPOINT mode=AUTO nav_goal=RETURN_TO_INTERRUPTED_WAYPOINT,AUTO,0.000,0.350,0.717,-0.018,True,True,False
24.000,bird_confirmed,True,RETURN_TO_INTERRUPTED_WAYPOINT mode=AUTO nav_goal=RETURN_TO_INTERRUPTED_WAYPOINT,AUTO,0.000,0.350,0.717,-0.018,True,True,False
24.000,sound_state,IDLE_NO_REQUEST,RETURN_TO_INTERRUPTED_WAYPOINT mode=AUTO nav_goal=RETURN_TO_INTERRUPTED_WAYPOINT,AUTO,0.000,0.350,0.717,-0.018,True,True,False
24.000,dynamic_target,count=1 x=1.22 y=-1.28 z=3.40,RETURN_TO_INTERRUPTED_WAYPOINT mode=AUTO nav_goal=RETURN_TO_INTERRUPTED_WAYPOINT,AUTO,0.000,0.350,0.717,-0.018,True,True,False
24.000,dynamic_lock,True,RETURN_TO_INTERRUPTED_WAYPOINT mode=AUTO nav_goal=RETURN_TO_INTERRUPTED_WAYPOINT,AUTO,0.000,0.350,0.717,-0.018,True,True,False
24.000,object_goal_state,REJECT source=elevated_dynamic_target mission_type=REJECTED_ALREADY_INSPECTED target_already_inspected age=3.8s count=1 distance_xy=0.92 radius=1.50,RETURN_TO_INTERRUPTED_WAYPOINT mode=AUTO nav_goal=RETURN_TO_INTERRUPTED_WAYPOINT,AUTO,0.000,0.350,0.717,-0.018,True,True,False
24.000,object_goal_state,REJECT source=elevated_dynamic_target mission_type=REJECTED_ALREADY_INSPECTED target_already_inspected age=3.8s count=1 distance_xy=0.92 radius=1.50,RETURN_TO_INTERRUPTED_WAYPOINT mode=AUTO nav_goal=RETURN_TO_INTERRUPTED_WAYPOINT,AUTO,0.000,0.350,0.717,-0.018,True,True,False
24.000,dynamic_target,count=1 x=1.22 y=-1.28 z=3.40,RETURN_TO_INTERRUPTED_WAYPOINT mode=AUTO nav_goal=RETURN_TO_INTERRUPTED_WAYPOINT,AUTO,0.000,0.350,0.717,-0.018,True,True,False
24.000,dynamic_lock,True,RETURN_TO_INTERRUPTED_WAYPOINT mode=AUTO nav_goal=RETURN_TO_INTERRUPTED_WAYPOINT,AUTO,0.000,0.350,0.717,-0.018,True,True,False
24.100,bird_confirmed,True,RETURN_TO_INTERRUPTED_WAYPOINT mode=AUTO nav_goal=RETURN_TO_INTERRUPTED_WAYPOINT,AUTO,0.000,0.350,0.718,-0.018,True,True,False
24.100,classification,GAZEBO_FAKE_YOLO11S_CLASSIFICATION class=bird,RETURN_TO_INTERRUPTED_WAYPOINT mode=AUTO nav_goal=RETURN_TO_INTERRUPTED_WAYPOINT,AUTO,0.000,0.350,0.718,-0.018,True,True,False
24.100,dynamic_target,count=1 x=1.23 y=-1.28 z=3.40,RETURN_TO_INTERRUPTED_WAYPOINT mode=AUTO nav_goal=RETURN_TO_INTERRUPTED_WAYPOINT,AUTO,0.000,0.350,0.717,-0.018,True,True,False
24.100,dynamic_lock,True,RETURN_TO_INTERRUPTED_WAYPOINT mode=AUTO nav_goal=RETURN_TO_INTERRUPTED_WAYPOINT,AUTO,0.000,0.350,0.717,-0.018,True,True,False
24.100,object_goal_state,REJECT source=elevated_dynamic_target mission_type=REJECTED_ALREADY_INSPECTED target_already_inspected age=3.9s count=1 distance_xy=0.93 radius=1.50,RETURN_TO_INTERRUPTED_WAYPOINT mode=AUTO nav_goal=RETURN_TO_INTERRUPTED_WAYPOINT,AUTO,0.000,0.350,0.717,-0.018,True,True,False
24.200,classification,GAZEBO_FAKE_YOLO11S_CLASSIFICATION class=bird,RETURN_TO_INTERRUPTED_WAYPOINT mode=AUTO nav_goal=RETURN_TO_INTERRUPTED_WAYPOINT,AUTO,0.000,0.350,0.717,-0.017,True,True,False
24.200,bird_confirmed,True,RETURN_TO_INTERRUPTED_WAYPOINT mode=AUTO nav_goal=RETURN_TO_INTERRUPTED_WAYPOINT,AUTO,0.000,0.350,0.717,-0.017,True,True,False
24.200,sound_state,IDLE_NO_REQUEST,RETURN_TO_INTERRUPTED_WAYPOINT mode=AUTO nav_goal=RETURN_TO_INTERRUPTED_WAYPOINT,AUTO,0.000,0.350,0.717,-0.017,True,True,False
24.200,sound_done,False,RETURN_TO_INTERRUPTED_WAYPOINT mode=AUTO nav_goal=RETURN_TO_INTERRUPTED_WAYPOINT,AUTO,0.000,0.350,0.717,-0.017,True,True,False
24.200,object_goal_state,REJECT source=elevated_dynamic_target mission_type=REJECTED_ALREADY_INSPECTED target_already_inspected age=4.0s count=1 distance_xy=0.93 radius=1.50,RETURN_TO_INTERRUPTED_WAYPOINT mode=AUTO nav_goal=RETURN_TO_INTERRUPTED_WAYPOINT,AUTO,0.000,0.350,0.717,-0.017,True,True,False
24.200,dynamic_target,count=1 x=1.23 y=-1.28 z=3.40,RETURN_TO_INTERRUPTED_WAYPOINT mode=AUTO nav_goal=RETURN_TO_INTERRUPTED_WAYPOINT,AUTO,0.000,0.350,0.717,-0.017,True,True,False
24.200,dynamic_lock,True,RETURN_TO_INTERRUPTED_WAYPOINT mode=AUTO nav_goal=RETURN_TO_INTERRUPTED_WAYPOINT,AUTO,0.000,0.350,0.717,-0.017,True,True,False
24.200,dynamic_target,count=1 x=1.24 y=-1.29 z=3.40,RETURN_TO_INTERRUPTED_WAYPOINT mode=AUTO nav_goal=RETURN_TO_INTERRUPTED_WAYPOINT,AUTO,0.000,0.350,0.717,-0.017,True,True,False
24.200,dynamic_lock,True,RETURN_TO_INTERRUPTED_WAYPOINT mode=AUTO nav_goal=RETURN_TO_INTERRUPTED_WAYPOINT,AUTO,0.000,0.350,0.717,-0.017,True,True,False
24.200,mission_state,RETURN_TO_INTERRUPTED_WAYPOINT mode=AUTO nav_goal=RETURN_TO_INTERRUPTED_WAYPOINT,RETURN_TO_INTERRUPTED_WAYPOINT mode=AUTO nav_goal=RETURN_TO_INTERRUPTED_WAYPOINT,AUTO,0.000,0.350,0.717,-0.017,True,True,False
24.200,object_goal_state,REJECT source=elevated_dynamic_target mission_type=REJECTED_ALREADY_INSPECTED target_already_inspected age=4.0s count=1 distance_xy=0.93 radius=1.50,RETURN_TO_INTERRUPTED_WAYPOINT mode=AUTO nav_goal=RETURN_TO_INTERRUPTED_WAYPOINT,AUTO,0.000,0.350,0.717,-0.017,True,True,False
24.300,classification,GAZEBO_FAKE_YOLO11S_CLASSIFICATION class=bird,RETURN_TO_INTERRUPTED_WAYPOINT mode=AUTO nav_goal=RETURN_TO_INTERRUPTED_WAYPOINT,AUTO,0.000,0.350,0.716,-0.017,True,True,False
24.300,bird_confirmed,True,RETURN_TO_INTERRUPTED_WAYPOINT mode=AUTO nav_goal=RETURN_TO_INTERRUPTED_WAYPOINT,AUTO,0.000,0.350,0.716,-0.017,True,True,False
24.300,dynamic_target,count=1 x=1.24 y=-1.29 z=3.40,RETURN_TO_INTERRUPTED_WAYPOINT mode=AUTO nav_goal=RETURN_TO_INTERRUPTED_WAYPOINT,AUTO,0.000,0.350,0.716,-0.017,True,True,False
24.300,dynamic_lock,True,RETURN_TO_INTERRUPTED_WAYPOINT mode=AUTO nav_goal=RETURN_TO_INTERRUPTED_WAYPOINT,AUTO,0.000,0.350,0.716,-0.017,True,True,False
24.300,object_goal_state,REJECT source=elevated_dynamic_target mission_type=REJECTED_ALREADY_INSPECTED target_already_inspected age=4.1s count=1 distance_xy=0.94 radius=1.50,RETURN_TO_INTERRUPTED_WAYPOINT mode=AUTO nav_goal=RETURN_TO_INTERRUPTED_WAYPOINT,AUTO,0.000,0.350,0.716,-0.017,True,True,False
24.400,mission_state,RETURN_TO_INTERRUPTED_WAYPOINT mode=AUTO nav_goal=RETURN_TO_INTERRUPTED_WAYPOINT,RETURN_TO_INTERRUPTED_WAYPOINT mode=AUTO nav_goal=RETURN_TO_INTERRUPTED_WAYPOINT,AUTO,0.000,0.350,0.717,-0.016,True,True,False
24.400,dynamic_target,count=1 x=1.24 y=-1.29 z=3.40,RETURN_TO_INTERRUPTED_WAYPOINT mode=AUTO nav_goal=RETURN_TO_INTERRUPTED_WAYPOINT,AUTO,0.000,0.350,0.717,-0.016,True,True,False
24.400,dynamic_lock,True,RETURN_TO_INTERRUPTED_WAYPOINT mode=AUTO nav_goal=RETURN_TO_INTERRUPTED_WAYPOINT,AUTO,0.000,0.350,0.717,-0.016,True,True,False
24.400,object_goal_state,REJECT source=elevated_dynamic_target mission_type=REJECTED_ALREADY_INSPECTED target_already_inspected age=4.2s count=1 distance_xy=0.94 radius=1.50,RETURN_TO_INTERRUPTED_WAYPOINT mode=AUTO nav_goal=RETURN_TO_INTERRUPTED_WAYPOINT,AUTO,0.000,0.350,0.717,-0.016,True,True,False
24.400,classification,GAZEBO_FAKE_YOLO11S_CLASSIFICATION class=bird,RETURN_TO_INTERRUPTED_WAYPOINT mode=AUTO nav_goal=RETURN_TO_INTERRUPTED_WAYPOINT,AUTO,0.000,0.350,0.717,-0.016,True,True,False
24.400,bird_confirmed,True,RETURN_TO_INTERRUPTED_WAYPOINT mode=AUTO nav_goal=RETURN_TO_INTERRUPTED_WAYPOINT,AUTO,0.000,0.350,0.717,-0.016,True,True,False
24.400,sound_state,IDLE_NO_REQUEST,RETURN_TO_INTERRUPTED_WAYPOINT mode=AUTO nav_goal=RETURN_TO_INTERRUPTED_WAYPOINT,AUTO,0.000,0.350,0.717,-0.016,True,True,False
24.400,sound_done,False,RETURN_TO_INTERRUPTED_WAYPOINT mode=AUTO nav_goal=RETURN_TO_INTERRUPTED_WAYPOINT,AUTO,0.000,0.350,0.717,-0.016,True,True,False
24.400,dynamic_target,count=1 x=1.25 y=-1.30 z=3.40,RETURN_TO_INTERRUPTED_WAYPOINT mode=AUTO nav_goal=RETURN_TO_INTERRUPTED_WAYPOINT,AUTO,0.000,0.350,0.717,-0.016,True,True,False
24.400,dynamic_lock,True,RETURN_TO_INTERRUPTED_WAYPOINT mode=AUTO nav_goal=RETURN_TO_INTERRUPTED_WAYPOINT,AUTO,0.000,0.350,0.717,-0.016,True,True,False
24.400,object_goal_state,REJECT source=elevated_dynamic_target mission_type=REJECTED_ALREADY_INSPECTED target_already_inspected age=4.2s count=1 distance_xy=0.95 radius=1.50,RETURN_TO_INTERRUPTED_WAYPOINT mode=AUTO nav_goal=RETURN_TO_INTERRUPTED_WAYPOINT,AUTO,0.000,0.350,0.717,-0.016,True,True,False
24.500,classification,GAZEBO_FAKE_YOLO11S_CLASSIFICATION class=bird,RETURN_TO_INTERRUPTED_WAYPOINT mode=AUTO nav_goal=RETURN_TO_INTERRUPTED_WAYPOINT,AUTO,0.000,0.350,0.716,-0.016,True,True,False
24.500,bird_confirmed,True,RETURN_TO_INTERRUPTED_WAYPOINT mode=AUTO nav_goal=RETURN_TO_INTERRUPTED_WAYPOINT,AUTO,0.000,0.350,0.716,-0.016,True,True,False
24.500,dynamic_target,count=1 x=1.25 y=-1.31 z=3.40,RETURN_TO_INTERRUPTED_WAYPOINT mode=AUTO nav_goal=RETURN_TO_INTERRUPTED_WAYPOINT,AUTO,0.000,0.350,0.716,-0.016,True,True,False
24.500,dynamic_lock,True,RETURN_TO_INTERRUPTED_WAYPOINT mode=AUTO nav_goal=RETURN_TO_INTERRUPTED_WAYPOINT,AUTO,0.000,0.350,0.716,-0.016,True,True,False
24.500,object_goal_state,REJECT source=elevated_dynamic_target mission_type=REJECTED_ALREADY_INSPECTED target_already_inspected age=4.3s count=1 distance_xy=0.96 radius=1.50,RETURN_TO_INTERRUPTED_WAYPOINT mode=AUTO nav_goal=RETURN_TO_INTERRUPTED_WAYPOINT,AUTO,0.000,0.350,0.716,-0.016,True,True,False
24.600,bird_confirmed,True,RETURN_TO_INTERRUPTED_WAYPOINT mode=AUTO nav_goal=RETURN_TO_INTERRUPTED_WAYPOINT,AUTO,0.000,0.350,0.716,-0.016,True,True,False
24.600,classification,GAZEBO_FAKE_YOLO11S_CLASSIFICATION class=bird,RETURN_TO_INTERRUPTED_WAYPOINT mode=AUTO nav_goal=RETURN_TO_INTERRUPTED_WAYPOINT,AUTO,0.000,0.350,0.716,-0.016,True,True,False
24.600,sound_state,IDLE_NO_REQUEST,RETURN_TO_INTERRUPTED_WAYPOINT mode=AUTO nav_goal=RETURN_TO_INTERRUPTED_WAYPOINT,AUTO,0.000,0.350,0.716,-0.016,True,True,False
24.600,sound_done,False,RETURN_TO_INTERRUPTED_WAYPOINT mode=AUTO nav_goal=RETURN_TO_INTERRUPTED_WAYPOINT,AUTO,0.000,0.350,0.716,-0.016,True,True,False
24.600,dynamic_target,count=1 x=1.25 y=-1.31 z=3.40,RETURN_TO_INTERRUPTED_WAYPOINT mode=AUTO nav_goal=RETURN_TO_INTERRUPTED_WAYPOINT,AUTO,0.000,0.350,0.716,-0.016,True,True,False
24.600,dynamic_lock,True,RETURN_TO_INTERRUPTED_WAYPOINT mode=AUTO nav_goal=RETURN_TO_INTERRUPTED_WAYPOINT,AUTO,0.000,0.350,0.716,-0.016,True,True,False
24.600,mission_state,RETURN_TO_INTERRUPTED_WAYPOINT mode=AUTO nav_goal=RETURN_TO_INTERRUPTED_WAYPOINT,RETURN_TO_INTERRUPTED_WAYPOINT mode=AUTO nav_goal=RETURN_TO_INTERRUPTED_WAYPOINT,AUTO,0.000,0.350,0.716,-0.016,True,True,False
24.600,object_goal_state,REJECT source=elevated_dynamic_target mission_type=REJECTED_ALREADY_INSPECTED target_already_inspected age=4.4s count=1 distance_xy=0.96 radius=1.50,RETURN_TO_INTERRUPTED_WAYPOINT mode=AUTO nav_goal=RETURN_TO_INTERRUPTED_WAYPOINT,AUTO,0.000,0.350,0.716,-0.016,True,True,False
24.600,dynamic_target,count=1 x=1.26 y=-1.31 z=3.40,RETURN_TO_INTERRUPTED_WAYPOINT mode=AUTO nav_goal=RETURN_TO_INTERRUPTED_WAYPOINT,AUTO,0.000,0.350,0.716,-0.016,True,True,False
24.600,dynamic_lock,True,RETURN_TO_INTERRUPTED_WAYPOINT mode=AUTO nav_goal=RETURN_TO_INTERRUPTED_WAYPOINT,AUTO,0.000,0.350,0.716,-0.016,True,True,False
24.600,object_goal_state,REJECT source=elevated_dynamic_target mission_type=REJECTED_ALREADY_INSPECTED target_already_inspected age=4.4s count=1 distance_xy=0.97 radius=1.50,RETURN_TO_INTERRUPTED_WAYPOINT mode=AUTO nav_goal=RETURN_TO_INTERRUPTED_WAYPOINT,AUTO,0.000,0.350,0.716,-0.016,True,True,False
24.700,classification,GAZEBO_FAKE_YOLO11S_CLASSIFICATION class=bird,RETURN_TO_INTERRUPTED_WAYPOINT mode=AUTO nav_goal=RETURN_TO_INTERRUPTED_WAYPOINT,AUTO,0.000,0.350,0.715,-0.015,True,True,False
24.700,bird_confirmed,True,RETURN_TO_INTERRUPTED_WAYPOINT mode=AUTO nav_goal=RETURN_TO_INTERRUPTED_WAYPOINT,AUTO,0.000,0.350,0.715,-0.015,True,True,False
24.700,dynamic_target,count=1 x=1.27 y=-1.32 z=3.40,RETURN_TO_INTERRUPTED_WAYPOINT mode=AUTO nav_goal=RETURN_TO_INTERRUPTED_WAYPOINT,AUTO,0.000,0.350,0.715,-0.015,True,True,False
24.700,dynamic_lock,True,RETURN_TO_INTERRUPTED_WAYPOINT mode=AUTO nav_goal=RETURN_TO_INTERRUPTED_WAYPOINT,AUTO,0.000,0.350,0.715,-0.015,True,True,False
24.700,object_goal_state,REJECT source=elevated_dynamic_target mission_type=REJECTED_ALREADY_INSPECTED target_already_inspected age=4.5s count=1 distance_xy=0.98 radius=1.50,RETURN_TO_INTERRUPTED_WAYPOINT mode=AUTO nav_goal=RETURN_TO_INTERRUPTED_WAYPOINT,AUTO,0.000,0.350,0.715,-0.015,True,True,False
24.800,mission_state,RETURN_TO_INTERRUPTED_WAYPOINT mode=AUTO nav_goal=RETURN_TO_INTERRUPTED_WAYPOINT,RETURN_TO_INTERRUPTED_WAYPOINT mode=AUTO nav_goal=RETURN_TO_INTERRUPTED_WAYPOINT,AUTO,0.000,0.350,0.715,-0.015,True,True,False
24.800,dynamic_target,count=1 x=1.27 y=-1.32 z=3.40,RETURN_TO_INTERRUPTED_WAYPOINT mode=AUTO nav_goal=RETURN_TO_INTERRUPTED_WAYPOINT,AUTO,0.000,0.350,0.715,-0.015,True,True,False
24.800,dynamic_lock,True,RETURN_TO_INTERRUPTED_WAYPOINT mode=AUTO nav_goal=RETURN_TO_INTERRUPTED_WAYPOINT,AUTO,0.000,0.350,0.715,-0.015,True,True,False
24.800,classification,GAZEBO_FAKE_YOLO11S_CLASSIFICATION class=bird,RETURN_TO_INTERRUPTED_WAYPOINT mode=AUTO nav_goal=RETURN_TO_INTERRUPTED_WAYPOINT,AUTO,0.000,0.350,0.715,-0.015,True,True,False
24.800,bird_confirmed,True,RETURN_TO_INTERRUPTED_WAYPOINT mode=AUTO nav_goal=RETURN_TO_INTERRUPTED_WAYPOINT,AUTO,0.000,0.350,0.715,-0.015,True,True,False
24.800,sound_state,IDLE_NO_REQUEST,RETURN_TO_INTERRUPTED_WAYPOINT mode=AUTO nav_goal=RETURN_TO_INTERRUPTED_WAYPOINT,AUTO,0.000,0.350,0.715,-0.015,True,True,False
24.800,sound_done,False,RETURN_TO_INTERRUPTED_WAYPOINT mode=AUTO nav_goal=RETURN_TO_INTERRUPTED_WAYPOINT,AUTO,0.000,0.350,0.715,-0.015,True,True,False
24.800,object_goal_state,REJECT source=elevated_dynamic_target mission_type=REJECTED_ALREADY_INSPECTED target_already_inspected age=4.6s count=1 distance_xy=0.98 radius=1.50,RETURN_TO_INTERRUPTED_WAYPOINT mode=AUTO nav_goal=RETURN_TO_INTERRUPTED_WAYPOINT,AUTO,0.000,0.350,0.715,-0.015,True,True,False
24.800,dynamic_target,count=1 x=1.27 y=-1.32 z=3.40,RETURN_TO_INTERRUPTED_WAYPOINT mode=AUTO nav_goal=RETURN_TO_INTERRUPTED_WAYPOINT,AUTO,0.000,0.350,0.715,-0.015,True,True,False
24.800,dynamic_lock,True,RETURN_TO_INTERRUPTED_WAYPOINT mode=AUTO nav_goal=RETURN_TO_INTERRUPTED_WAYPOINT,AUTO,0.000,0.350,0.715,-0.015,True,True,False
24.800,object_goal_state,REJECT source=elevated_dynamic_target mission_type=REJECTED_ALREADY_INSPECTED target_already_inspected age=4.6s count=1 distance_xy=0.99 radius=1.50,RETURN_TO_INTERRUPTED_WAYPOINT mode=AUTO nav_goal=RETURN_TO_INTERRUPTED_WAYPOINT,AUTO,0.000,0.350,0.715,-0.015,True,True,False
24.900,classification,GAZEBO_FAKE_YOLO11S_CLASSIFICATION class=bird,RETURN_TO_INTERRUPTED_WAYPOINT mode=AUTO nav_goal=RETURN_TO_INTERRUPTED_WAYPOINT,AUTO,0.000,0.350,0.715,-0.015,True,True,False
24.900,bird_confirmed,True,RETURN_TO_INTERRUPTED_WAYPOINT mode=AUTO nav_goal=RETURN_TO_INTERRUPTED_WAYPOINT,AUTO,0.000,0.350,0.715,-0.015,True,True,False
24.900,dynamic_target,count=1 x=1.28 y=-1.33 z=3.40,RETURN_TO_INTERRUPTED_WAYPOINT mode=AUTO nav_goal=RETURN_TO_INTERRUPTED_WAYPOINT,AUTO,0.120,0.350,0.716,-0.015,True,True,False
24.900,dynamic_lock,True,RETURN_TO_INTERRUPTED_WAYPOINT mode=AUTO nav_goal=RETURN_TO_INTERRUPTED_WAYPOINT,AUTO,0.120,0.350,0.716,-0.015,True,True,False
24.900,object_goal_state,REJECT source=elevated_dynamic_target mission_type=REJECTED_ALREADY_INSPECTED target_already_inspected age=4.7s count=1 distance_xy=0.99 radius=1.50,RETURN_TO_INTERRUPTED_WAYPOINT mode=AUTO nav_goal=RETURN_TO_INTERRUPTED_WAYPOINT,AUTO,0.120,0.350,0.716,-0.015,True,True,False
25.000,classification,GAZEBO_FAKE_YOLO11S_CLASSIFICATION class=bird,RETURN_TO_INTERRUPTED_WAYPOINT mode=AUTO nav_goal=RETURN_TO_INTERRUPTED_WAYPOINT,AUTO,0.120,0.350,0.720,-0.018,True,True,False
25.000,bird_confirmed,True,RETURN_TO_INTERRUPTED_WAYPOINT mode=AUTO nav_goal=RETURN_TO_INTERRUPTED_WAYPOINT,AUTO,0.120,0.350,0.720,-0.018,True,True,False
25.000,mission_state,RETURN_TO_INTERRUPTED_WAYPOINT mode=AUTO nav_goal=RETURN_TO_INTERRUPTED_WAYPOINT,RETURN_TO_INTERRUPTED_WAYPOINT mode=AUTO nav_goal=RETURN_TO_INTERRUPTED_WAYPOINT,AUTO,0.120,0.350,0.720,-0.018,True,True,False
25.000,sound_state,IDLE_NO_REQUEST,RETURN_TO_INTERRUPTED_WAYPOINT mode=AUTO nav_goal=RETURN_TO_INTERRUPTED_WAYPOINT,AUTO,0.120,0.350,0.720,-0.018,True,True,False
25.000,sound_done,False,RETURN_TO_INTERRUPTED_WAYPOINT mode=AUTO nav_goal=RETURN_TO_INTERRUPTED_WAYPOINT,AUTO,0.120,0.350,0.720,-0.018,True,True,False
25.000,dynamic_target,count=1 x=1.28 y=-1.33 z=3.40,RETURN_TO_INTERRUPTED_WAYPOINT mode=AUTO nav_goal=RETURN_TO_INTERRUPTED_WAYPOINT,AUTO,0.120,0.350,0.720,-0.018,True,True,False
25.000,dynamic_lock,True,RETURN_TO_INTERRUPTED_WAYPOINT mode=AUTO nav_goal=RETURN_TO_INTERRUPTED_WAYPOINT,AUTO,0.120,0.350,0.720,-0.018,True,True,False
25.000,object_goal_state,REJECT source=elevated_dynamic_target mission_type=REJECTED_ALREADY_INSPECTED target_already_inspected age=4.8s count=1 distance_xy=0.99 radius=1.50,RETURN_TO_INTERRUPTED_WAYPOINT mode=AUTO nav_goal=RETURN_TO_INTERRUPTED_WAYPOINT,AUTO,0.120,0.350,0.720,-0.018,True,True,False
25.000,dynamic_target,count=1 x=1.28 y=-1.34 z=3.40,RETURN_TO_INTERRUPTED_WAYPOINT mode=AUTO nav_goal=RETURN_TO_INTERRUPTED_WAYPOINT,AUTO,0.120,0.350,0.720,-0.018,True,True,False
25.000,dynamic_lock,True,RETURN_TO_INTERRUPTED_WAYPOINT mode=AUTO nav_goal=RETURN_TO_INTERRUPTED_WAYPOINT,AUTO,0.120,0.350,0.720,-0.018,True,True,False
25.000,object_goal_state,REJECT source=elevated_dynamic_target mission_type=REJECTED_ALREADY_INSPECTED target_already_inspected age=4.8s count=1 distance_xy=1.00 radius=1.50,RETURN_TO_INTERRUPTED_WAYPOINT mode=AUTO nav_goal=RETURN_TO_INTERRUPTED_WAYPOINT,AUTO,0.120,0.350,0.720,-0.018,True,True,False
25.100,classification,GAZEBO_FAKE_YOLO11S_CLASSIFICATION class=bird,RETURN_TO_INTERRUPTED_WAYPOINT mode=AUTO nav_goal=RETURN_TO_INTERRUPTED_WAYPOINT,AUTO,0.120,0.350,0.735,-0.028,True,True,False
25.100,bird_confirmed,True,RETURN_TO_INTERRUPTED_WAYPOINT mode=AUTO nav_goal=RETURN_TO_INTERRUPTED_WAYPOINT,AUTO,0.120,0.350,0.735,-0.028,True,True,False
25.100,dynamic_target,count=1 x=1.29 y=-1.34 z=3.40,RETURN_TO_INTERRUPTED_WAYPOINT mode=AUTO nav_goal=RETURN_TO_INTERRUPTED_WAYPOINT,AUTO,0.120,0.350,0.735,-0.028,True,True,False
25.100,dynamic_lock,True,RETURN_TO_INTERRUPTED_WAYPOINT mode=AUTO nav_goal=RETURN_TO_INTERRUPTED_WAYPOINT,AUTO,0.120,0.350,0.735,-0.028,True,True,False
25.100,object_goal_state,REJECT source=elevated_dynamic_target mission_type=REJECTED_ALREADY_INSPECTED target_already_inspected age=4.9s count=1 distance_xy=1.01 radius=1.50,RETURN_TO_INTERRUPTED_WAYPOINT mode=AUTO nav_goal=RETURN_TO_INTERRUPTED_WAYPOINT,AUTO,0.120,0.350,0.735,-0.028,True,True,False
25.200,sound_done,False,RETURN_TO_INTERRUPTED_WAYPOINT mode=AUTO nav_goal=RETURN_TO_INTERRUPTED_WAYPOINT,AUTO,0.120,0.350,0.752,-0.037,True,True,False
25.200,sound_state,IDLE_NO_REQUEST,RETURN_TO_INTERRUPTED_WAYPOINT mode=AUTO nav_goal=RETURN_TO_INTERRUPTED_WAYPOINT,AUTO,0.120,0.350,0.752,-0.037,True,True,False
25.200,mission_state,RETURN_TO_INTERRUPTED_WAYPOINT mode=AUTO nav_goal=RETURN_TO_INTERRUPTED_WAYPOINT,RETURN_TO_INTERRUPTED_WAYPOINT mode=AUTO nav_goal=RETURN_TO_INTERRUPTED_WAYPOINT,AUTO,0.120,0.350,0.752,-0.037,True,True,False
25.200,classification,GAZEBO_FAKE_YOLO11S_CLASSIFICATION class=bird,RETURN_TO_INTERRUPTED_WAYPOINT mode=AUTO nav_goal=RETURN_TO_INTERRUPTED_WAYPOINT,AUTO,0.120,0.350,0.752,-0.037,True,True,False
25.200,bird_confirmed,True,RETURN_TO_INTERRUPTED_WAYPOINT mode=AUTO nav_goal=RETURN_TO_INTERRUPTED_WAYPOINT,AUTO,0.120,0.350,0.752,-0.037,True,True,False
25.200,dynamic_target,count=1 x=1.29 y=-1.35 z=3.40,RETURN_TO_INTERRUPTED_WAYPOINT mode=AUTO nav_goal=RETURN_TO_INTERRUPTED_WAYPOINT,AUTO,0.120,0.350,0.755,-0.039,True,True,False
25.200,dynamic_lock,True,RETURN_TO_INTERRUPTED_WAYPOINT mode=AUTO nav_goal=RETURN_TO_INTERRUPTED_WAYPOINT,AUTO,0.120,0.350,0.755,-0.039,True,True,False
25.200,object_goal_state,REJECT source=elevated_dynamic_target mission_type=REJECTED_ALREADY_INSPECTED target_already_inspected age=5.0s count=1 distance_xy=1.02 radius=1.50,RETURN_TO_INTERRUPTED_WAYPOINT mode=AUTO nav_goal=RETURN_TO_INTERRUPTED_WAYPOINT,AUTO,0.120,0.350,0.755,-0.039,True,True,False
25.200,dynamic_target,count=1 x=1.29 y=-1.35 z=3.40,RETURN_TO_INTERRUPTED_WAYPOINT mode=AUTO nav_goal=RETURN_TO_INTERRUPTED_WAYPOINT,AUTO,0.120,0.350,0.755,-0.039,True,True,False
25.200,dynamic_lock,True,RETURN_TO_INTERRUPTED_WAYPOINT mode=AUTO nav_goal=RETURN_TO_INTERRUPTED_WAYPOINT,AUTO,0.120,0.350,0.755,-0.039,True,True,False
25.200,object_goal_state,REJECT source=elevated_dynamic_target mission_type=REJECTED_ALREADY_INSPECTED target_already_inspected age=5.0s count=1 distance_xy=1.02 radius=1.50,RETURN_TO_INTERRUPTED_WAYPOINT mode=AUTO nav_goal=RETURN_TO_INTERRUPTED_WAYPOINT,AUTO,0.120,0.350,0.755,-0.039,True,True,False
25.300,classification,GAZEBO_FAKE_YOLO11S_CLASSIFICATION class=bird,RETURN_TO_INTERRUPTED_WAYPOINT mode=AUTO nav_goal=RETURN_TO_INTERRUPTED_WAYPOINT,AUTO,0.120,0.350,0.768,-0.046,True,True,False
25.300,bird_confirmed,True,RETURN_TO_INTERRUPTED_WAYPOINT mode=AUTO nav_goal=RETURN_TO_INTERRUPTED_WAYPOINT,AUTO,0.120,0.350,0.768,-0.046,True,True,False
25.300,dynamic_target,count=1 x=1.30 y=-1.35 z=3.40,RETURN_TO_INTERRUPTED_WAYPOINT mode=AUTO nav_goal=RETURN_TO_INTERRUPTED_WAYPOINT,AUTO,0.120,0.350,0.780,-0.053,True,True,False
25.300,dynamic_lock,True,RETURN_TO_INTERRUPTED_WAYPOINT mode=AUTO nav_goal=RETURN_TO_INTERRUPTED_WAYPOINT,AUTO,0.120,0.350,0.780,-0.053,True,True,False
25.300,object_goal_state,REJECT source=elevated_dynamic_target mission_type=REJECTED_ALREADY_INSPECTED target_already_inspected age=5.1s count=1 distance_xy=1.03 radius=1.50,RETURN_TO_INTERRUPTED_WAYPOINT mode=AUTO nav_goal=RETURN_TO_INTERRUPTED_WAYPOINT,AUTO,0.120,0.350,0.780,-0.053,True,True,False
25.400,sound_state,IDLE_NO_REQUEST,RETURN_TO_INTERRUPTED_WAYPOINT mode=AUTO nav_goal=RETURN_TO_INTERRUPTED_WAYPOINT,AUTO,0.120,0.350,0.785,-0.055,True,True,False
25.400,sound_done,False,RETURN_TO_INTERRUPTED_WAYPOINT mode=AUTO nav_goal=RETURN_TO_INTERRUPTED_WAYPOINT,AUTO,0.120,0.350,0.785,-0.055,True,True,False
25.400,classification,GAZEBO_FAKE_YOLO11S_CLASSIFICATION class=bird,RETURN_TO_INTERRUPTED_WAYPOINT mode=AUTO nav_goal=RETURN_TO_INTERRUPTED_WAYPOINT,AUTO,0.040,0.350,0.785,-0.055,True,True,False
25.400,bird_confirmed,True,RETURN_TO_INTERRUPTED_WAYPOINT mode=AUTO nav_goal=RETURN_TO_INTERRUPTED_WAYPOINT,AUTO,0.040,0.350,0.785,-0.055,True,True,False
25.400,mission_state,RETURN_TO_INTERRUPTED_WAYPOINT mode=AUTO nav_goal=RETURN_TO_INTERRUPTED_WAYPOINT,RETURN_TO_INTERRUPTED_WAYPOINT mode=AUTO nav_goal=RETURN_TO_INTERRUPTED_WAYPOINT,AUTO,0.040,0.350,0.785,-0.055,True,True,False
25.400,dynamic_target,count=1 x=1.30 y=-1.35 z=3.40,RETURN_TO_INTERRUPTED_WAYPOINT mode=AUTO nav_goal=RETURN_TO_INTERRUPTED_WAYPOINT,AUTO,0.040,0.350,0.785,-0.055,True,True,False
25.400,dynamic_lock,True,RETURN_TO_INTERRUPTED_WAYPOINT mode=AUTO nav_goal=RETURN_TO_INTERRUPTED_WAYPOINT,AUTO,0.040,0.350,0.785,-0.055,True,True,False
25.400,object_goal_state,REJECT source=elevated_dynamic_target mission_type=REJECTED_ALREADY_INSPECTED target_already_inspected age=5.2s count=1 distance_xy=1.03 radius=1.50,RETURN_TO_INTERRUPTED_WAYPOINT mode=AUTO nav_goal=RETURN_TO_INTERRUPTED_WAYPOINT,AUTO,0.000,0.350,0.785,-0.055,True,True,False
25.400,dynamic_target,count=1 x=1.31 y=-1.36 z=3.40,RETURN_TO_INTERRUPTED_WAYPOINT mode=AUTO nav_goal=RETURN_TO_INTERRUPTED_WAYPOINT,AUTO,0.000,0.350,0.787,-0.056,True,True,False
25.400,dynamic_lock,True,RETURN_TO_INTERRUPTED_WAYPOINT mode=AUTO nav_goal=RETURN_TO_INTERRUPTED_WAYPOINT,AUTO,0.000,0.350,0.787,-0.056,True,True,False
25.400,object_goal_state,REJECT source=elevated_dynamic_target mission_type=REJECTED_ALREADY_INSPECTED target_already_inspected age=5.2s count=1 distance_xy=1.04 radius=1.50,RETURN_TO_INTERRUPTED_WAYPOINT mode=AUTO nav_goal=RETURN_TO_INTERRUPTED_WAYPOINT,AUTO,0.000,0.350,0.787,-0.056,True,True,False
25.500,classification,GAZEBO_FAKE_YOLO11S_CLASSIFICATION class=bird,RETURN_TO_INTERRUPTED_WAYPOINT mode=AUTO nav_goal=RETURN_TO_INTERRUPTED_WAYPOINT,AUTO,0.000,0.350,0.795,-0.061,True,True,False
25.500,bird_confirmed,True,RETURN_TO_INTERRUPTED_WAYPOINT mode=AUTO nav_goal=RETURN_TO_INTERRUPTED_WAYPOINT,AUTO,0.000,0.350,0.795,-0.061,True,True,False
25.500,dynamic_target,count=1 x=1.31 y=-1.37 z=3.40,RETURN_TO_INTERRUPTED_WAYPOINT mode=AUTO nav_goal=RETURN_TO_INTERRUPTED_WAYPOINT,AUTO,0.000,0.350,0.796,-0.061,True,True,False
25.500,dynamic_lock,True,RETURN_TO_INTERRUPTED_WAYPOINT mode=AUTO nav_goal=RETURN_TO_INTERRUPTED_WAYPOINT,AUTO,0.000,0.350,0.796,-0.061,True,True,False
25.500,object_goal_state,REJECT source=elevated_dynamic_target mission_type=REJECTED_ALREADY_INSPECTED target_already_inspected age=5.3s count=1 distance_xy=1.04 radius=1.50,RETURN_TO_INTERRUPTED_WAYPOINT mode=AUTO nav_goal=RETURN_TO_INTERRUPTED_WAYPOINT,AUTO,0.000,0.350,0.796,-0.061,True,True,False
25.600,sound_state,IDLE_NO_REQUEST,RETURN_TO_INTERRUPTED_WAYPOINT mode=AUTO nav_goal=RETURN_TO_INTERRUPTED_WAYPOINT,AUTO,0.000,0.350,0.795,-0.061,True,True,False
25.600,sound_done,False,RETURN_TO_INTERRUPTED_WAYPOINT mode=AUTO nav_goal=RETURN_TO_INTERRUPTED_WAYPOINT,AUTO,0.000,0.350,0.795,-0.061,True,True,False
25.600,mission_state,RETURN_TO_INTERRUPTED_WAYPOINT mode=AUTO nav_goal=RETURN_TO_INTERRUPTED_WAYPOINT,RETURN_TO_INTERRUPTED_WAYPOINT mode=AUTO nav_goal=RETURN_TO_INTERRUPTED_WAYPOINT,AUTO,0.000,0.350,0.795,-0.061,True,True,False
25.600,dynamic_target,count=1 x=1.31 y=-1.37 z=3.40,RETURN_TO_INTERRUPTED_WAYPOINT mode=AUTO nav_goal=RETURN_TO_INTERRUPTED_WAYPOINT,AUTO,0.000,0.350,0.795,-0.061,True,True,False
25.600,object_goal_state,REJECT source=elevated_dynamic_target mission_type=REJECTED_ALREADY_INSPECTED target_already_inspected age=5.4s count=1 distance_xy=1.04 radius=1.50,RETURN_TO_INTERRUPTED_WAYPOINT mode=AUTO nav_goal=RETURN_TO_INTERRUPTED_WAYPOINT,AUTO,0.000,0.350,0.795,-0.061,True,True,False
25.600,dynamic_lock,True,RETURN_TO_INTERRUPTED_WAYPOINT mode=AUTO nav_goal=RETURN_TO_INTERRUPTED_WAYPOINT,AUTO,0.000,0.350,0.795,-0.061,True,True,False
25.600,classification,GAZEBO_FAKE_YOLO11S_CLASSIFICATION class=bird,RETURN_TO_INTERRUPTED_WAYPOINT mode=AUTO nav_goal=RETURN_TO_INTERRUPTED_WAYPOINT,AUTO,0.000,0.350,0.795,-0.061,True,True,False
25.600,bird_confirmed,True,RETURN_TO_INTERRUPTED_WAYPOINT mode=AUTO nav_goal=RETURN_TO_INTERRUPTED_WAYPOINT,AUTO,0.000,0.350,0.795,-0.061,True,True,False
25.600,dynamic_target,count=1 x=1.32 y=-1.37 z=3.40,RETURN_TO_INTERRUPTED_WAYPOINT mode=AUTO nav_goal=RETURN_TO_INTERRUPTED_WAYPOINT,AUTO,0.000,0.350,0.795,-0.061,True,True,False
25.600,object_goal_state,REJECT source=elevated_dynamic_target mission_type=REJECTED_ALREADY_INSPECTED target_already_inspected age=5.4s count=1 distance_xy=1.05 radius=1.50,RETURN_TO_INTERRUPTED_WAYPOINT mode=AUTO nav_goal=RETURN_TO_INTERRUPTED_WAYPOINT,AUTO,0.000,0.350,0.795,-0.061,True,True,False
25.600,dynamic_lock,True,RETURN_TO_INTERRUPTED_WAYPOINT mode=AUTO nav_goal=RETURN_TO_INTERRUPTED_WAYPOINT,AUTO,0.000,0.350,0.795,-0.061,True,True,False
25.700,mission_event,timestamp=25.700 mission_id=0 target_mission_id=1 state=RETURN_TO_INTERRUPTED_WAYPOINT event_type=SIM_NAV_GOAL_ARRIVED reason=RETURN_TO_INTERRUPTED_WAYPOINT waypoint_index=0,RETURN_TO_INTERRUPTED_WAYPOINT mode=AUTO nav_goal=RETURN_TO_INTERRUPTED_WAYPOINT,AUTO,0.000,0.350,0.796,-0.060,True,True,False
25.700,mission_event,timestamp=25.700 mission_id=0 target_mission_id=1 state=RETURN_TO_INTERRUPTED_WAYPOINT event_type=NAV2_GOAL_SUCCEEDED reason=RETURN_TO_INTERRUPTED_WAYPOINT waypoint_index=0,RETURN_TO_INTERRUPTED_WAYPOINT mode=AUTO nav_goal=RETURN_TO_INTERRUPTED_WAYPOINT,AUTO,0.000,0.350,0.796,-0.060,True,True,False
25.700,dynamic_target,count=1 x=1.32 y=-1.38 z=3.40,RETURN_TO_INTERRUPTED_WAYPOINT mode=AUTO nav_goal=RETURN_TO_INTERRUPTED_WAYPOINT,AUTO,0.000,0.350,0.796,-0.060,True,True,False
25.700,dynamic_lock,True,RETURN_TO_INTERRUPTED_WAYPOINT mode=AUTO nav_goal=RETURN_TO_INTERRUPTED_WAYPOINT,AUTO,0.000,0.350,0.796,-0.060,True,True,False
25.700,bird_confirmed,True,RETURN_TO_INTERRUPTED_WAYPOINT mode=AUTO nav_goal=RETURN_TO_INTERRUPTED_WAYPOINT,AUTO,0.000,0.350,0.796,-0.060,True,True,False
25.700,mission_event,timestamp=25.700 mission_id=0 target_mission_id=1 state=RETURN_TO_INTERRUPTED_WAYPOINT event_type=POST_TARGET_RESUME_COOLDOWN reason=interrupted_waypoint_reached duration_sec=8.00 waypoint_index=0,RETURN_TO_INTERRUPTED_WAYPOINT mode=AUTO nav_goal=RETURN_TO_INTERRUPTED_WAYPOINT,AUTO,0.000,0.350,0.796,-0.060,True,True,False
25.700,object_goal_state,REJECT source=elevated_dynamic_target mission_type=REJECTED_ALREADY_INSPECTED target_already_inspected age=5.5s count=1 distance_xy=1.06 radius=1.50,RETURN_TO_INTERRUPTED_WAYPOINT mode=AUTO nav_goal=RETURN_TO_INTERRUPTED_WAYPOINT,AUTO,0.000,0.350,0.796,-0.060,True,True,False
25.700,classification,GAZEBO_FAKE_YOLO11S_CLASSIFICATION class=bird,RETURN_TO_INTERRUPTED_WAYPOINT mode=AUTO nav_goal=RETURN_TO_INTERRUPTED_WAYPOINT,AUTO,0.000,0.350,0.796,-0.060,True,True,False
25.700,mission_event,timestamp=25.700 mission_id=0 target_mission_id=1 state=RESUME_PATROL event_type=STATE_CHANGE reason=previous=RETURN_TO_INTERRUPTED_WAYPOINT next=RESUME_PATROL reason=interrupted_waypoint_reached waypoint_index=0,RETURN_TO_INTERRUPTED_WAYPOINT mode=AUTO nav_goal=RETURN_TO_INTERRUPTED_WAYPOINT,AUTO,0.000,0.350,0.796,-0.060,True,True,False
25.800,bird_confirmed,True,RETURN_TO_INTERRUPTED_WAYPOINT mode=AUTO nav_goal=RETURN_TO_INTERRUPTED_WAYPOINT,AUTO,0.000,0.350,0.796,-0.060,True,True,False
25.800,sound_state,IDLE_NO_REQUEST,RETURN_TO_INTERRUPTED_WAYPOINT mode=AUTO nav_goal=RETURN_TO_INTERRUPTED_WAYPOINT,AUTO,0.000,0.350,0.796,-0.060,True,True,False
25.800,sound_done,False,RETURN_TO_INTERRUPTED_WAYPOINT mode=AUTO nav_goal=RETURN_TO_INTERRUPTED_WAYPOINT,AUTO,0.000,0.350,0.796,-0.060,True,True,False
25.800,classification,GAZEBO_FAKE_YOLO11S_CLASSIFICATION class=bird,RETURN_TO_INTERRUPTED_WAYPOINT mode=AUTO nav_goal=RETURN_TO_INTERRUPTED_WAYPOINT,AUTO,0.000,0.350,0.796,-0.060,True,True,False
25.800,mission_state,RESUME_PATROL mode=AUTO nav_goal=NONE,RESUME_PATROL mode=AUTO nav_goal=NONE,AUTO,0.000,0.230,0.796,-0.060,True,True,False
25.800,mission_event,timestamp=25.800 mission_id=0 target_mission_id=1 state=PATROL_NAVIGATING event_type=STATE_CHANGE reason=previous=RESUME_PATROL next=PATROL_NAVIGATING reason=goal_type=PATROL waypoint_index=0,RESUME_PATROL mode=AUTO nav_goal=NONE,AUTO,0.000,0.230,0.796,-0.060,True,True,False
25.800,mission_event,timestamp=25.800 mission_id=0 target_mission_id=1 state=PATROL_NAVIGATING event_type=NAV2_DISABLED_SIMULATED_GOAL reason=PATROL waypoint_index=0,RESUME_PATROL mode=AUTO nav_goal=NONE,AUTO,0.000,0.110,0.796,-0.060,True,True,False
25.800,dynamic_target,count=1 x=1.33 y=-1.38 z=3.40,RESUME_PATROL mode=AUTO nav_goal=NONE,AUTO,0.000,0.110,0.796,-0.060,True,True,False
25.800,dynamic_lock,True,RESUME_PATROL mode=AUTO nav_goal=NONE,AUTO,0.000,0.110,0.796,-0.060,True,True,False
25.800,object_goal_state,REJECT source=elevated_dynamic_target mission_type=REJECTED_ALREADY_INSPECTED target_already_inspected age=5.6s count=1 distance_xy=1.07 radius=1.50,RESUME_PATROL mode=AUTO nav_goal=NONE,AUTO,0.000,0.110,0.796,-0.060,True,True,False
25.800,dynamic_target,count=1 x=1.33 y=-1.38 z=3.40,RESUME_PATROL mode=AUTO nav_goal=NONE,AUTO,0.000,0.110,0.796,-0.060,True,True,False
25.800,dynamic_lock,True,RESUME_PATROL mode=AUTO nav_goal=NONE,AUTO,0.000,0.110,0.796,-0.060,True,True,False
25.800,object_goal_state,REJECT source=elevated_dynamic_target mission_type=REJECTED_ALREADY_INSPECTED target_already_inspected age=5.6s count=1 distance_xy=1.07 radius=1.50,RESUME_PATROL mode=AUTO nav_goal=NONE,AUTO,0.000,0.110,0.796,-0.060,True,True,False
25.900,classification,GAZEBO_FAKE_YOLO11S_CLASSIFICATION class=bird,RESUME_PATROL mode=AUTO nav_goal=NONE,AUTO,0.000,0.000,0.795,-0.060,True,True,False
25.900,bird_confirmed,True,RESUME_PATROL mode=AUTO nav_goal=NONE,AUTO,0.000,0.000,0.795,-0.060,True,True,False
25.900,dynamic_target,count=1 x=1.34 y=-1.39 z=3.40,RESUME_PATROL mode=AUTO nav_goal=NONE,AUTO,0.000,0.000,0.795,-0.060,True,True,False
25.900,mission_event,timestamp=25.900 mission_id=0 target_mission_id=1 state=PATROL_NAVIGATING event_type=SIM_NAV_GOAL_ARRIVED reason=PATROL waypoint_index=0,RESUME_PATROL mode=AUTO nav_goal=NONE,AUTO,0.000,0.000,0.795,-0.060,True,True,False
25.900,object_goal_state,REJECT source=elevated_dynamic_target mission_type=REJECTED_ALREADY_INSPECTED target_already_inspected age=5.7s count=1 distance_xy=1.08 radius=1.50,RESUME_PATROL mode=AUTO nav_goal=NONE,AUTO,0.000,0.000,0.795,-0.060,True,True,False
25.900,dynamic_lock,True,RESUME_PATROL mode=AUTO nav_goal=NONE,AUTO,0.000,0.000,0.795,-0.060,True,True,False
25.900,mission_event,timestamp=25.900 mission_id=0 target_mission_id=1 state=PATROL_NAVIGATING event_type=NAV2_GOAL_SUCCEEDED reason=PATROL waypoint_index=0,RESUME_PATROL mode=AUTO nav_goal=NONE,AUTO,0.000,0.000,0.795,-0.060,True,True,False
25.900,mission_event,timestamp=25.900 mission_id=0 target_mission_id=1 state=PATROL_DWELL event_type=STATE_CHANGE reason=previous=PATROL_NAVIGATING next=PATROL_DWELL reason=inside_a waypoint_index=0,RESUME_PATROL mode=AUTO nav_goal=NONE,AUTO,0.000,0.000,0.795,-0.060,True,True,False
26.000,classification,GAZEBO_FAKE_YOLO11S_CLASSIFICATION class=bird,RESUME_PATROL mode=AUTO nav_goal=NONE,AUTO,0.000,0.000,0.796,-0.060,True,True,False
26.000,bird_confirmed,True,RESUME_PATROL mode=AUTO nav_goal=NONE,AUTO,0.000,0.000,0.796,-0.060,True,True,False
26.000,dynamic_target,count=1 x=1.34 y=-1.39 z=3.40,RESUME_PATROL mode=AUTO nav_goal=NONE,AUTO,0.000,0.000,0.796,-0.060,True,True,False
26.000,mission_state,PATROL_DWELL mode=AUTO nav_goal=NONE,PATROL_DWELL mode=AUTO nav_goal=NONE,AUTO,0.000,0.000,0.796,-0.060,True,True,False
26.000,dynamic_lock,True,PATROL_DWELL mode=AUTO nav_goal=NONE,AUTO,0.000,0.000,0.796,-0.060,True,True,False
26.000,object_goal_state,REJECT source=elevated_dynamic_target mission_type=REJECTED_ALREADY_INSPECTED target_already_inspected age=5.8s count=1 distance_xy=1.08 radius=1.50,PATROL_DWELL mode=AUTO nav_goal=NONE,AUTO,0.000,0.000,0.796,-0.060,True,True,False
26.000,sound_state,IDLE_NO_REQUEST,PATROL_DWELL mode=AUTO nav_goal=NONE,AUTO,0.000,0.000,0.796,-0.060,True,True,False
26.000,sound_done,False,PATROL_DWELL mode=AUTO nav_goal=NONE,AUTO,0.000,0.000,0.796,-0.060,True,True,False
26.000,dynamic_target,count=1 x=1.34 y=-1.40 z=3.40,PATROL_DWELL mode=AUTO nav_goal=NONE,AUTO,0.000,0.000,0.796,-0.060,True,True,False
26.000,dynamic_lock,True,PATROL_DWELL mode=AUTO nav_goal=NONE,AUTO,0.000,0.000,0.796,-0.060,True,True,False
26.000,object_goal_state,REJECT source=elevated_dynamic_target mission_type=REJECTED_ALREADY_INSPECTED target_already_inspected age=5.8s count=1 distance_xy=1.09 radius=1.50,PATROL_DWELL mode=AUTO nav_goal=NONE,AUTO,0.000,0.000,0.796,-0.060,True,True,False
26.100,classification,GAZEBO_FAKE_YOLO11S_CLASSIFICATION class=bird,PATROL_DWELL mode=AUTO nav_goal=NONE,AUTO,0.000,0.000,0.796,-0.060,True,True,False
26.100,bird_confirmed,True,PATROL_DWELL mode=AUTO nav_goal=NONE,AUTO,0.000,0.000,0.796,-0.060,True,True,False
26.100,dynamic_target,count=1 x=1.35 y=-1.40 z=3.40,PATROL_DWELL mode=AUTO nav_goal=NONE,AUTO,0.000,0.000,0.796,-0.060,True,True,False
26.100,dynamic_lock,True,PATROL_DWELL mode=AUTO nav_goal=NONE,AUTO,0.000,0.000,0.796,-0.060,True,True,False
26.100,object_goal_state,REJECT source=elevated_dynamic_target mission_type=REJECTED_ALREADY_INSPECTED target_already_inspected age=5.9s count=1 distance_xy=1.09 radius=1.50,PATROL_DWELL mode=AUTO nav_goal=NONE,AUTO,0.000,0.000,0.796,-0.060,True,True,False
26.200,sound_state,IDLE_NO_REQUEST,PATROL_DWELL mode=AUTO nav_goal=NONE,AUTO,0.000,0.000,0.796,-0.060,True,True,False
26.200,sound_done,False,PATROL_DWELL mode=AUTO nav_goal=NONE,AUTO,0.000,0.000,0.796,-0.060,True,True,False
26.200,bird_confirmed,True,PATROL_DWELL mode=AUTO nav_goal=NONE,AUTO,0.000,0.000,0.796,-0.060,True,True,False
26.200,mission_state,PATROL_DWELL mode=AUTO nav_goal=NONE,PATROL_DWELL mode=AUTO nav_goal=NONE,AUTO,0.000,0.000,0.796,-0.060,True,True,False
26.200,classification,GAZEBO_FAKE_YOLO11S_CLASSIFICATION class=bird,PATROL_DWELL mode=AUTO nav_goal=NONE,AUTO,0.000,0.000,0.796,-0.060,True,True,False
26.200,dynamic_target,count=1 x=1.35 y=-1.41 z=3.40,PATROL_DWELL mode=AUTO nav_goal=NONE,AUTO,0.000,0.000,0.796,-0.060,True,True,False
26.200,dynamic_lock,True,PATROL_DWELL mode=AUTO nav_goal=NONE,AUTO,0.000,0.000,0.796,-0.060,True,True,False
26.200,object_goal_state,REJECT source=elevated_dynamic_target mission_type=REJECTED_ALREADY_INSPECTED target_already_inspected age=6.0s count=1 distance_xy=1.10 radius=1.50,PATROL_DWELL mode=AUTO nav_goal=NONE,AUTO,0.000,0.000,0.796,-0.060,True,True,False
26.200,dynamic_target,count=1 x=1.35 y=-1.41 z=3.40,PATROL_DWELL mode=AUTO nav_goal=NONE,AUTO,0.000,0.000,0.796,-0.060,True,True,False
26.200,dynamic_lock,True,PATROL_DWELL mode=AUTO nav_goal=NONE,AUTO,0.000,0.000,0.796,-0.060,True,True,False
26.200,object_goal_state,REJECT source=elevated_dynamic_target mission_type=REJECTED_ALREADY_INSPECTED target_already_inspected age=6.0s count=1 distance_xy=1.10 radius=1.50,PATROL_DWELL mode=AUTO nav_goal=NONE,AUTO,0.000,0.000,0.796,-0.060,True,True,False
26.300,classification,GAZEBO_FAKE_YOLO11S_CLASSIFICATION class=bird,PATROL_DWELL mode=AUTO nav_goal=NONE,AUTO,0.000,0.000,0.796,-0.060,True,True,False
26.300,bird_confirmed,True,PATROL_DWELL mode=AUTO nav_goal=NONE,AUTO,0.000,0.000,0.796,-0.060,True,True,False
26.300,dynamic_target,count=1 x=1.36 y=-1.41 z=3.40,PATROL_DWELL mode=AUTO nav_goal=NONE,AUTO,0.000,0.000,0.796,-0.060,True,True,False
26.300,dynamic_lock,True,PATROL_DWELL mode=AUTO nav_goal=NONE,AUTO,0.000,0.000,0.796,-0.060,True,True,False
26.300,object_goal_state,REJECT source=elevated_dynamic_target mission_type=REJECTED_ALREADY_INSPECTED target_already_inspected age=6.1s count=1 distance_xy=1.11 radius=1.50,PATROL_DWELL mode=AUTO nav_goal=NONE,AUTO,0.000,0.000,0.796,-0.060,True,True,False
26.400,sound_state,IDLE_NO_REQUEST,PATROL_DWELL mode=AUTO nav_goal=NONE,AUTO,0.000,0.000,0.796,-0.060,True,True,False
26.400,sound_done,False,PATROL_DWELL mode=AUTO nav_goal=NONE,AUTO,0.000,0.000,0.796,-0.060,True,True,False
26.400,classification,GAZEBO_FAKE_YOLO11S_CLASSIFICATION class=bird,PATROL_DWELL mode=AUTO nav_goal=NONE,AUTO,0.000,0.000,0.796,-0.060,True,True,False
26.400,bird_confirmed,True,PATROL_DWELL mode=AUTO nav_goal=NONE,AUTO,0.000,0.000,0.796,-0.060,True,True,False
26.400,mission_state,PATROL_DWELL mode=AUTO nav_goal=NONE,PATROL_DWELL mode=AUTO nav_goal=NONE,AUTO,0.000,0.000,0.796,-0.060,True,True,False
26.400,mission_event,timestamp=26.400 mission_id=0 target_mission_id=1 state=RESUME_PATROL event_type=STATE_CHANGE reason=previous=PATROL_DWELL next=RESUME_PATROL reason=next_index=1 waypoint_index=1,PATROL_DWELL mode=AUTO nav_goal=NONE,AUTO,0.000,0.000,0.796,-0.060,True,True,False
26.400,dynamic_target,count=1 x=1.36 y=-1.42 z=3.40,PATROL_DWELL mode=AUTO nav_goal=NONE,AUTO,0.000,0.000,0.796,-0.060,True,True,False
26.400,dynamic_lock,True,PATROL_DWELL mode=AUTO nav_goal=NONE,AUTO,0.000,0.000,0.796,-0.060,True,True,False
26.400,object_goal_state,REJECT source=elevated_dynamic_target mission_type=REJECTED_ALREADY_INSPECTED target_already_inspected age=6.2s count=1 distance_xy=1.12 radius=1.50,PATROL_DWELL mode=AUTO nav_goal=NONE,AUTO,0.000,0.000,0.796,-0.060,True,True,False
26.400,dynamic_target,count=1 x=1.36 y=-1.42 z=3.40,PATROL_DWELL mode=AUTO nav_goal=NONE,AUTO,0.000,0.000,0.796,-0.060,True,True,False
26.400,dynamic_lock,True,PATROL_DWELL mode=AUTO nav_goal=NONE,AUTO,0.000,0.000,0.796,-0.060,True,True,False
26.400,object_goal_state,REJECT source=elevated_dynamic_target mission_type=REJECTED_ALREADY_INSPECTED target_already_inspected age=6.2s count=1 distance_xy=1.12 radius=1.50,PATROL_DWELL mode=AUTO nav_goal=NONE,AUTO,0.000,0.000,0.796,-0.060,True,True,False
26.500,bird_confirmed,True,PATROL_DWELL mode=AUTO nav_goal=NONE,AUTO,0.000,0.000,0.796,-0.060,True,True,False
26.500,classification,GAZEBO_FAKE_YOLO11S_CLASSIFICATION class=bird,PATROL_DWELL mode=AUTO nav_goal=NONE,AUTO,0.000,0.000,0.796,-0.060,True,True,False
26.500,dynamic_target,count=1 x=1.37 y=-1.43 z=3.40,PATROL_DWELL mode=AUTO nav_goal=NONE,AUTO,0.000,0.000,0.796,-0.060,True,True,False
26.500,dynamic_lock,True,PATROL_DWELL mode=AUTO nav_goal=NONE,AUTO,0.000,0.000,0.796,-0.060,True,True,False
26.500,object_goal_state,REJECT source=elevated_dynamic_target mission_type=REJECTED_ALREADY_INSPECTED target_already_inspected age=6.3s count=1 distance_xy=1.13 radius=1.50,PATROL_DWELL mode=AUTO nav_goal=NONE,AUTO,0.000,0.000,0.796,-0.060,True,True,False
26.600,classification,GAZEBO_FAKE_YOLO11S_CLASSIFICATION class=bird,PATROL_DWELL mode=AUTO nav_goal=NONE,AUTO,0.000,0.000,0.796,-0.060,True,True,False
26.600,bird_confirmed,True,PATROL_DWELL mode=AUTO nav_goal=NONE,AUTO,0.000,0.000,0.796,-0.060,True,True,False
26.600,sound_done,False,PATROL_DWELL mode=AUTO nav_goal=NONE,AUTO,0.000,0.000,0.796,-0.060,True,True,False
26.600,mission_state,RESUME_PATROL mode=AUTO nav_goal=NONE,RESUME_PATROL mode=AUTO nav_goal=NONE,AUTO,0.000,0.000,0.796,-0.060,True,True,False
26.600,sound_state,IDLE_NO_REQUEST,RESUME_PATROL mode=AUTO nav_goal=NONE,AUTO,0.000,0.000,0.796,-0.060,True,True,False
26.600,mission_event,timestamp=26.600 mission_id=0 target_mission_id=1 state=PATROL_NAVIGATING event_type=STATE_CHANGE reason=previous=RESUME_PATROL next=PATROL_NAVIGATING reason=goal_type=PATROL waypoint_index=1,RESUME_PATROL mode=AUTO nav_goal=NONE,AUTO,0.000,0.000,0.796,-0.060,True,True,False
26.600,mission_event,timestamp=26.600 mission_id=0 target_mission_id=1 state=PATROL_NAVIGATING event_type=NAV2_DISABLED_SIMULATED_GOAL reason=PATROL waypoint_index=1,RESUME_PATROL mode=AUTO nav_goal=NONE,AUTO,0.000,0.000,0.796,-0.060,True,True,False
26.600,dynamic_target,count=1 x=1.38 y=-1.43 z=3.40,RESUME_PATROL mode=AUTO nav_goal=NONE,AUTO,0.000,0.000,0.796,-0.060,True,True,False
26.600,dynamic_lock,True,RESUME_PATROL mode=AUTO nav_goal=NONE,AUTO,0.000,0.000,0.796,-0.060,True,True,False
26.600,object_goal_state,REJECT source=elevated_dynamic_target mission_type=REJECTED_ALREADY_INSPECTED target_already_inspected age=6.4s count=1 distance_xy=1.14 radius=1.50,RESUME_PATROL mode=AUTO nav_goal=NONE,AUTO,0.000,0.000,0.796,-0.060,True,True,False
26.600,dynamic_target,count=1 x=1.38 y=-1.43 z=3.40,RESUME_PATROL mode=AUTO nav_goal=NONE,AUTO,0.000,0.000,0.796,-0.060,True,True,False
26.600,dynamic_lock,True,RESUME_PATROL mode=AUTO nav_goal=NONE,AUTO,0.000,0.000,0.796,-0.060,True,True,False
26.600,object_goal_state,REJECT source=elevated_dynamic_target mission_type=REJECTED_ALREADY_INSPECTED target_already_inspected age=6.4s count=1 distance_xy=1.14 radius=1.50,RESUME_PATROL mode=AUTO nav_goal=NONE,AUTO,0.000,0.000,0.796,-0.060,True,True,False
26.700,classification,GAZEBO_FAKE_YOLO11S_CLASSIFICATION class=bird,RESUME_PATROL mode=AUTO nav_goal=NONE,AUTO,0.000,0.000,0.796,-0.060,True,True,False
26.700,bird_confirmed,True,RESUME_PATROL mode=AUTO nav_goal=NONE,AUTO,0.000,0.000,0.796,-0.060,True,True,False
26.800,mission_state,PATROL_NAVIGATING mode=AUTO nav_goal=PATROL,PATROL_NAVIGATING mode=AUTO nav_goal=PATROL,AUTO,0.000,0.000,0.795,-0.060,True,True,False
26.800,sound_done,False,PATROL_NAVIGATING mode=AUTO nav_goal=PATROL,AUTO,0.000,0.000,0.795,-0.060,True,True,False
26.800,sound_state,IDLE_NO_REQUEST,PATROL_NAVIGATING mode=AUTO nav_goal=PATROL,AUTO,0.080,0.120,0.795,-0.060,True,True,False
26.800,classification,GAZEBO_FAKE_YOLO11S_CLASSIFICATION class=bird,PATROL_NAVIGATING mode=AUTO nav_goal=PATROL,AUTO,0.080,0.120,0.795,-0.060,True,True,False
26.800,bird_confirmed,True,PATROL_NAVIGATING mode=AUTO nav_goal=PATROL,AUTO,0.080,0.120,0.795,-0.060,True,True,False
26.800,dynamic_target,count=1 x=1.38 y=-1.44 z=3.40,PATROL_NAVIGATING mode=AUTO nav_goal=PATROL,AUTO,0.120,0.240,0.795,-0.060,True,True,False
26.800,dynamic_lock,True,PATROL_NAVIGATING mode=AUTO nav_goal=PATROL,AUTO,0.120,0.240,0.795,-0.060,True,True,False
26.800,object_goal_state,REJECT source=elevated_dynamic_target mission_type=REJECTED_ALREADY_INSPECTED target_already_inspected age=6.6s count=1 distance_xy=1.15 radius=1.50,PATROL_NAVIGATING mode=AUTO nav_goal=PATROL,AUTO,0.120,0.240,0.795,-0.060,True,True,False
26.800,dynamic_target,count=1 x=1.38 y=-1.44 z=3.40,PATROL_NAVIGATING mode=AUTO nav_goal=PATROL,AUTO,0.120,0.240,0.795,-0.060,True,True,False
26.800,dynamic_lock,True,PATROL_NAVIGATING mode=AUTO nav_goal=PATROL,AUTO,0.120,0.240,0.795,-0.060,True,True,False
26.800,object_goal_state,REJECT source=elevated_dynamic_target mission_type=REJECTED_ALREADY_INSPECTED target_already_inspected age=6.6s count=1 distance_xy=1.15 radius=1.50,PATROL_NAVIGATING mode=AUTO nav_goal=PATROL,AUTO,0.120,0.240,0.795,-0.060,True,True,False
26.800,dynamic_target,count=1 x=1.39 y=-1.45 z=3.40,PATROL_NAVIGATING mode=AUTO nav_goal=PATROL,AUTO,0.120,0.240,0.795,-0.060,True,True,False
26.800,dynamic_lock,True,PATROL_NAVIGATING mode=AUTO nav_goal=PATROL,AUTO,0.120,0.240,0.795,-0.060,True,True,False
26.800,object_goal_state,REJECT source=elevated_dynamic_target mission_type=REJECTED_ALREADY_INSPECTED target_already_inspected age=6.6s count=1 distance_xy=1.15 radius=1.50,PATROL_NAVIGATING mode=AUTO nav_goal=PATROL,AUTO,0.120,0.240,0.795,-0.060,True,True,False
26.900,classification,GAZEBO_FAKE_YOLO11S_CLASSIFICATION class=bird,PATROL_NAVIGATING mode=AUTO nav_goal=PATROL,AUTO,0.120,0.350,0.802,-0.062,True,True,False
26.900,bird_confirmed,True,PATROL_NAVIGATING mode=AUTO nav_goal=PATROL,AUTO,0.120,0.350,0.802,-0.062,True,True,False
26.900,dynamic_target,count=1 x=1.39 y=-1.45 z=3.40,PATROL_NAVIGATING mode=AUTO nav_goal=PATROL,AUTO,0.120,0.350,0.815,-0.067,True,True,False
26.900,dynamic_lock,True,PATROL_NAVIGATING mode=AUTO nav_goal=PATROL,AUTO,0.120,0.350,0.815,-0.067,True,True,False
26.900,object_goal_state,REJECT source=elevated_dynamic_target mission_type=REJECTED_ALREADY_INSPECTED target_already_inspected age=6.7s count=1 distance_xy=1.16 radius=1.50,PATROL_NAVIGATING mode=AUTO nav_goal=PATROL,AUTO,0.120,0.350,0.815,-0.067,True,True,False
27.000,dynamic_target,count=1 x=1.39 y=-1.45 z=3.40,PATROL_NAVIGATING mode=AUTO nav_goal=PATROL,AUTO,0.120,0.350,0.819,-0.068,True,True,False
27.000,dynamic_lock,True,PATROL_NAVIGATING mode=AUTO nav_goal=PATROL,AUTO,0.120,0.350,0.819,-0.068,True,True,False
27.000,sound_state,IDLE_NO_REQUEST,PATROL_NAVIGATING mode=AUTO nav_goal=PATROL,AUTO,0.120,0.350,0.819,-0.068,True,True,False
27.000,sound_done,False,PATROL_NAVIGATING mode=AUTO nav_goal=PATROL,AUTO,0.120,0.350,0.819,-0.068,True,True,False
27.000,mission_state,PATROL_NAVIGATING mode=AUTO nav_goal=PATROL,PATROL_NAVIGATING mode=AUTO nav_goal=PATROL,AUTO,0.120,0.350,0.819,-0.068,True,True,False
27.000,classification,GAZEBO_FAKE_YOLO11S_CLASSIFICATION class=bird,PATROL_NAVIGATING mode=AUTO nav_goal=PATROL,AUTO,0.120,0.350,0.819,-0.068,True,True,False
27.000,bird_confirmed,True,PATROL_NAVIGATING mode=AUTO nav_goal=PATROL,AUTO,0.120,0.350,0.819,-0.068,True,True,False
27.000,object_goal_state,REJECT source=elevated_dynamic_target mission_type=REJECTED_ALREADY_INSPECTED target_already_inspected age=6.8s count=1 distance_xy=1.16 radius=1.50,PATROL_NAVIGATING mode=AUTO nav_goal=PATROL,AUTO,0.120,0.350,0.819,-0.068,True,True,False
27.000,dynamic_target,count=1 x=1.40 y=-1.46 z=3.40,PATROL_NAVIGATING mode=AUTO nav_goal=PATROL,AUTO,0.120,0.350,0.819,-0.068,True,True,False
27.000,dynamic_lock,True,PATROL_NAVIGATING mode=AUTO nav_goal=PATROL,AUTO,0.120,0.350,0.819,-0.068,True,True,False
27.000,object_goal_state,REJECT source=elevated_dynamic_target mission_type=REJECTED_ALREADY_INSPECTED target_already_inspected age=6.8s count=1 distance_xy=1.17 radius=1.50,PATROL_NAVIGATING mode=AUTO nav_goal=PATROL,AUTO,0.120,0.350,0.821,-0.069,True,True,False
27.100,dynamic_target,count=1 x=1.41 y=-1.46 z=3.40,PATROL_NAVIGATING mode=AUTO nav_goal=PATROL,AUTO,0.120,0.350,0.837,-0.074,True,True,False
27.100,dynamic_lock,True,PATROL_NAVIGATING mode=AUTO nav_goal=PATROL,AUTO,0.120,0.350,0.837,-0.074,True,True,False
27.100,object_goal_state,REJECT source=elevated_dynamic_target mission_type=REJECTED_ALREADY_INSPECTED target_already_inspected age=6.9s count=1 distance_xy=1.18 radius=1.50,PATROL_NAVIGATING mode=AUTO nav_goal=PATROL,AUTO,0.120,0.350,0.837,-0.074,True,True,False
27.200,sound_state,IDLE_NO_REQUEST,PATROL_NAVIGATING mode=AUTO nav_goal=PATROL,AUTO,0.120,0.350,0.855,-0.081,True,True,False
27.200,sound_done,False,PATROL_NAVIGATING mode=AUTO nav_goal=PATROL,AUTO,0.120,0.350,0.855,-0.081,True,True,False
27.200,classification,GAZEBO_FAKE_YOLO11S_CLASSIFICATION class=bird,PATROL_NAVIGATING mode=AUTO nav_goal=PATROL,AUTO,0.120,0.350,0.855,-0.081,True,True,False
27.200,bird_confirmed,True,PATROL_NAVIGATING mode=AUTO nav_goal=PATROL,AUTO,0.120,0.350,0.855,-0.081,True,True,False
27.200,mission_state,PATROL_NAVIGATING mode=AUTO nav_goal=PATROL,PATROL_NAVIGATING mode=AUTO nav_goal=PATROL,AUTO,0.120,0.350,0.855,-0.081,True,True,False
27.200,classification,GAZEBO_FAKE_YOLO11S_CLASSIFICATION class=bird,PATROL_NAVIGATING mode=AUTO nav_goal=PATROL,AUTO,0.120,0.350,0.855,-0.081,True,True,False
27.200,bird_confirmed,True,PATROL_NAVIGATING mode=AUTO nav_goal=PATROL,AUTO,0.120,0.350,0.855,-0.081,True,True,False
27.200,dynamic_target,count=1 x=1.41 y=-1.47 z=3.40,PATROL_NAVIGATING mode=AUTO nav_goal=PATROL,AUTO,0.120,0.350,0.868,-0.084,True,True,False
27.200,dynamic_lock,True,PATROL_NAVIGATING mode=AUTO nav_goal=PATROL,AUTO,0.120,0.350,0.868,-0.084,True,True,False
27.200,object_goal_state,REJECT source=elevated_dynamic_target mission_type=REJECTED_ALREADY_INSPECTED target_already_inspected age=7.0s count=1 distance_xy=1.19 radius=1.50,PATROL_NAVIGATING mode=AUTO nav_goal=PATROL,AUTO,0.120,0.350,0.868,-0.084,True,True,False
27.200,dynamic_target,count=1 x=1.41 y=-1.47 z=3.40,PATROL_NAVIGATING mode=AUTO nav_goal=PATROL,AUTO,0.120,0.350,0.868,-0.084,True,True,False
27.200,dynamic_lock,True,PATROL_NAVIGATING mode=AUTO nav_goal=PATROL,AUTO,0.120,0.350,0.868,-0.084,True,True,False
27.200,object_goal_state,REJECT source=elevated_dynamic_target mission_type=REJECTED_ALREADY_INSPECTED target_already_inspected age=7.0s count=1 distance_xy=1.19 radius=1.50,PATROL_NAVIGATING mode=AUTO nav_goal=PATROL,AUTO,0.120,0.350,0.868,-0.084,True,True,False
27.300,bird_confirmed,True,PATROL_NAVIGATING mode=AUTO nav_goal=PATROL,AUTO,0.120,0.350,0.873,-0.086,True,True,False
27.300,classification,GAZEBO_FAKE_YOLO11S_CLASSIFICATION class=bird,PATROL_NAVIGATING mode=AUTO nav_goal=PATROL,AUTO,0.120,0.350,0.873,-0.086,True,True,False
27.300,dynamic_target,count=1 x=1.42 y=-1.48 z=3.40,PATROL_NAVIGATING mode=AUTO nav_goal=PATROL,AUTO,0.120,0.350,0.873,-0.086,True,True,False
27.300,dynamic_lock,True,PATROL_NAVIGATING mode=AUTO nav_goal=PATROL,AUTO,0.120,0.350,0.873,-0.086,True,True,False
27.300,object_goal_state,REJECT source=elevated_dynamic_target mission_type=REJECTED_ALREADY_INSPECTED target_already_inspected age=7.1s count=1 distance_xy=1.20 radius=1.50,PATROL_NAVIGATING mode=AUTO nav_goal=PATROL,AUTO,0.120,0.350,0.873,-0.086,True,True,False
27.400,mission_state,PATROL_NAVIGATING mode=AUTO nav_goal=PATROL,PATROL_NAVIGATING mode=AUTO nav_goal=PATROL,AUTO,0.120,0.350,0.891,-0.092,True,True,False
27.400,classification,GAZEBO_FAKE_YOLO11S_CLASSIFICATION class=bird,PATROL_NAVIGATING mode=AUTO nav_goal=PATROL,AUTO,0.120,0.350,0.891,-0.092,True,True,False
27.400,bird_confirmed,True,PATROL_NAVIGATING mode=AUTO nav_goal=PATROL,AUTO,0.120,0.350,0.891,-0.092,True,True,False
27.400,sound_state,IDLE_NO_REQUEST,PATROL_NAVIGATING mode=AUTO nav_goal=PATROL,AUTO,0.120,0.350,0.891,-0.092,True,True,False
27.400,sound_done,False,PATROL_NAVIGATING mode=AUTO nav_goal=PATROL,AUTO,0.120,0.350,0.891,-0.092,True,True,False
27.400,dynamic_target,count=1 x=1.42 y=-1.48 z=3.40,PATROL_NAVIGATING mode=AUTO nav_goal=PATROL,AUTO,0.120,0.350,0.897,-0.094,True,True,False
27.400,dynamic_lock,True,PATROL_NAVIGATING mode=AUTO nav_goal=PATROL,AUTO,0.120,0.350,0.897,-0.094,True,True,False
27.400,object_goal_state,REJECT source=elevated_dynamic_target mission_type=REJECTED_ALREADY_INSPECTED target_already_inspected age=7.2s count=1 distance_xy=1.20 radius=1.50,PATROL_NAVIGATING mode=AUTO nav_goal=PATROL,AUTO,0.120,0.350,0.897,-0.094,True,True,False
27.400,dynamic_target,count=1 x=1.42 y=-1.48 z=3.40,PATROL_NAVIGATING mode=AUTO nav_goal=PATROL,AUTO,0.120,0.350,0.897,-0.094,True,True,False
27.400,dynamic_lock,True,PATROL_NAVIGATING mode=AUTO nav_goal=PATROL,AUTO,0.120,0.350,0.897,-0.094,True,True,False
27.400,object_goal_state,REJECT source=elevated_dynamic_target mission_type=REJECTED_ALREADY_INSPECTED target_already_inspected age=7.2s count=1 distance_xy=1.20 radius=1.50,PATROL_NAVIGATING mode=AUTO nav_goal=PATROL,AUTO,0.120,0.350,0.897,-0.094,True,True,False
27.500,classification,GAZEBO_FAKE_YOLO11S_CLASSIFICATION class=bird,PATROL_NAVIGATING mode=AUTO nav_goal=PATROL,AUTO,0.120,0.350,0.909,-0.097,True,True,False
27.500,bird_confirmed,True,PATROL_NAVIGATING mode=AUTO nav_goal=PATROL,AUTO,0.120,0.350,0.909,-0.097,True,True,False
27.500,dynamic_target,count=1 x=1.43 y=-1.49 z=3.40,PATROL_NAVIGATING mode=AUTO nav_goal=PATROL,AUTO,0.120,0.350,0.922,-0.100,True,True,False
27.500,dynamic_lock,True,PATROL_NAVIGATING mode=AUTO nav_goal=PATROL,AUTO,0.120,0.350,0.922,-0.100,True,True,False
27.500,object_goal_state,REJECT source=elevated_dynamic_target mission_type=REJECTED_ALREADY_INSPECTED target_already_inspected age=7.3s count=1 distance_xy=1.21 radius=1.50,PATROL_NAVIGATING mode=AUTO nav_goal=PATROL,AUTO,0.120,0.350,0.922,-0.100,True,True,False
27.600,mission_state,PATROL_NAVIGATING mode=AUTO nav_goal=PATROL,PATROL_NAVIGATING mode=AUTO nav_goal=PATROL,AUTO,0.120,0.350,0.927,-0.102,True,True,False
27.600,classification,GAZEBO_FAKE_YOLO11S_CLASSIFICATION class=bird,PATROL_NAVIGATING mode=AUTO nav_goal=PATROL,AUTO,0.120,0.350,0.927,-0.102,True,True,False
27.600,bird_confirmed,True,PATROL_NAVIGATING mode=AUTO nav_goal=PATROL,AUTO,0.120,0.350,0.927,-0.102,True,True,False
27.600,sound_state,IDLE_NO_REQUEST,PATROL_NAVIGATING mode=AUTO nav_goal=PATROL,AUTO,0.120,0.350,0.927,-0.102,True,True,False
27.600,sound_done,False,PATROL_NAVIGATING mode=AUTO nav_goal=PATROL,AUTO,0.120,0.350,0.927,-0.102,True,True,False
27.600,dynamic_target,count=1 x=1.43 y=-1.49 z=3.40,PATROL_NAVIGATING mode=AUTO nav_goal=PATROL,AUTO,0.120,0.350,0.927,-0.102,True,True,False
27.600,dynamic_lock,True,PATROL_NAVIGATING mode=AUTO nav_goal=PATROL,AUTO,0.120,0.350,0.927,-0.102,True,True,False
27.600,dynamic_target,count=1 x=1.43 y=-1.49 z=3.40,PATROL_NAVIGATING mode=AUTO nav_goal=PATROL,AUTO,0.120,0.343,0.927,-0.102,True,True,False
27.600,dynamic_lock,True,PATROL_NAVIGATING mode=AUTO nav_goal=PATROL,AUTO,0.120,0.343,0.927,-0.102,True,True,False
27.600,object_goal_state,REJECT source=elevated_dynamic_target mission_type=REJECTED_ALREADY_INSPECTED target_already_inspected age=7.4s count=1 distance_xy=1.21 radius=1.50,PATROL_NAVIGATING mode=AUTO nav_goal=PATROL,AUTO,0.120,0.343,0.927,-0.102,True,True,False
27.600,object_goal_state,REJECT source=elevated_dynamic_target mission_type=REJECTED_ALREADY_INSPECTED target_already_inspected age=7.4s count=1 distance_xy=1.22 radius=1.50,PATROL_NAVIGATING mode=AUTO nav_goal=PATROL,AUTO,0.120,0.343,0.927,-0.102,True,True,False
27.700,classification,GAZEBO_FAKE_YOLO11S_CLASSIFICATION class=bird,PATROL_NAVIGATING mode=AUTO nav_goal=PATROL,AUTO,0.120,0.343,0.946,-0.106,True,True,False
27.700,bird_confirmed,True,PATROL_NAVIGATING mode=AUTO nav_goal=PATROL,AUTO,0.120,0.343,0.946,-0.106,True,True,False
27.700,dynamic_target,count=1 x=1.44 y=-1.50 z=3.40,PATROL_NAVIGATING mode=AUTO nav_goal=PATROL,AUTO,0.120,0.315,0.946,-0.106,True,True,False
27.700,dynamic_lock,True,PATROL_NAVIGATING mode=AUTO nav_goal=PATROL,AUTO,0.120,0.315,0.946,-0.106,True,True,False
27.700,object_goal_state,REJECT source=elevated_dynamic_target mission_type=REJECTED_ALREADY_INSPECTED target_already_inspected age=7.4s count=1 distance_xy=1.23 radius=1.50,PATROL_NAVIGATING mode=AUTO nav_goal=PATROL,AUTO,0.120,0.315,0.946,-0.106,True,True,False
27.800,sound_state,IDLE_NO_REQUEST,PATROL_NAVIGATING mode=AUTO nav_goal=PATROL,AUTO,0.120,0.315,0.964,-0.110,True,True,False
27.800,sound_done,False,PATROL_NAVIGATING mode=AUTO nav_goal=PATROL,AUTO,0.120,0.315,0.964,-0.110,True,True,False
27.800,classification,GAZEBO_FAKE_YOLO11S_CLASSIFICATION class=bird,PATROL_NAVIGATING mode=AUTO nav_goal=PATROL,AUTO,0.120,0.315,0.964,-0.110,True,True,False
27.800,bird_confirmed,True,PATROL_NAVIGATING mode=AUTO nav_goal=PATROL,AUTO,0.120,0.315,0.964,-0.110,True,True,False
27.800,mission_state,PATROL_NAVIGATING mode=AUTO nav_goal=PATROL,PATROL_NAVIGATING mode=AUTO nav_goal=PATROL,AUTO,0.120,0.285,0.964,-0.110,True,True,False
27.800,dynamic_target,count=1 x=1.44 y=-1.50 z=3.40,PATROL_NAVIGATING mode=AUTO nav_goal=PATROL,AUTO,0.120,0.285,0.964,-0.110,True,True,False
27.800,dynamic_lock,True,PATROL_NAVIGATING mode=AUTO nav_goal=PATROL,AUTO,0.120,0.285,0.964,-0.110,True,True,False
27.800,object_goal_state,REJECT source=elevated_dynamic_target mission_type=REJECTED_ALREADY_INSPECTED target_already_inspected age=7.6s count=1 distance_xy=1.23 radius=1.50,PATROL_NAVIGATING mode=AUTO nav_goal=PATROL,AUTO,0.120,0.285,0.964,-0.110,True,True,False
27.800,dynamic_target,count=1 x=1.45 y=-1.51 z=3.40,PATROL_NAVIGATING mode=AUTO nav_goal=PATROL,AUTO,0.120,0.285,0.964,-0.110,True,True,False
27.800,dynamic_lock,True,PATROL_NAVIGATING mode=AUTO nav_goal=PATROL,AUTO,0.120,0.285,0.964,-0.110,True,True,False
27.800,object_goal_state,REJECT source=elevated_dynamic_target mission_type=REJECTED_ALREADY_INSPECTED target_already_inspected age=7.6s count=1 distance_xy=1.24 radius=1.50,PATROL_NAVIGATING mode=AUTO nav_goal=PATROL,AUTO,0.120,0.285,0.964,-0.110,True,True,False
27.900,classification,GAZEBO_FAKE_YOLO11S_CLASSIFICATION class=bird,PATROL_NAVIGATING mode=AUTO nav_goal=PATROL,AUTO,0.120,0.285,0.983,-0.112,True,True,False
27.900,bird_confirmed,True,PATROL_NAVIGATING mode=AUTO nav_goal=PATROL,AUTO,0.120,0.285,0.983,-0.112,True,True,False
27.900,dynamic_target,count=1 x=1.45 y=-1.51 z=3.40,PATROL_NAVIGATING mode=AUTO nav_goal=PATROL,AUTO,0.120,0.252,0.983,-0.112,True,True,False
27.900,dynamic_lock,True,PATROL_NAVIGATING mode=AUTO nav_goal=PATROL,AUTO,0.120,0.252,0.983,-0.112,True,True,False
27.900,object_goal_state,REJECT source=elevated_dynamic_target mission_type=REJECTED_ALREADY_INSPECTED target_already_inspected age=7.7s count=1 distance_xy=1.25 radius=1.50,PATROL_NAVIGATING mode=AUTO nav_goal=PATROL,AUTO,0.120,0.252,0.984,-0.112,True,True,False
28.000,bird_confirmed,True,PATROL_NAVIGATING mode=AUTO nav_goal=PATROL,AUTO,0.120,0.252,1.002,-0.115,True,True,False
28.000,sound_done,False,PATROL_NAVIGATING mode=AUTO nav_goal=PATROL,AUTO,0.120,0.252,1.002,-0.115,True,True,False
28.000,mission_state,PATROL_NAVIGATING mode=AUTO nav_goal=PATROL,PATROL_NAVIGATING mode=AUTO nav_goal=PATROL,AUTO,0.120,0.252,1.002,-0.115,True,True,False
28.000,classification,GAZEBO_FAKE_YOLO11S_CLASSIFICATION class=bird,PATROL_NAVIGATING mode=AUTO nav_goal=PATROL,AUTO,0.120,0.252,1.002,-0.115,True,True,False
28.000,sound_state,IDLE_NO_REQUEST,PATROL_NAVIGATING mode=AUTO nav_goal=PATROL,AUTO,0.120,0.252,1.002,-0.115,True,True,False
28.000,dynamic_target,count=1 x=1.46 y=-1.52 z=3.40,PATROL_NAVIGATING mode=AUTO nav_goal=PATROL,AUTO,0.120,0.226,1.003,-0.115,True,True,False
28.000,dynamic_lock,True,PATROL_NAVIGATING mode=AUTO nav_goal=PATROL,AUTO,0.120,0.226,1.003,-0.115,True,True,False
28.000,object_goal_state,REJECT source=elevated_dynamic_target mission_type=REJECTED_ALREADY_INSPECTED target_already_inspected age=7.8s count=1 distance_xy=1.25 radius=1.50,PATROL_NAVIGATING mode=AUTO nav_goal=PATROL,AUTO,0.120,0.226,1.003,-0.115,True,True,False
28.000,dynamic_target,count=1 x=1.46 y=-1.52 z=3.40,PATROL_NAVIGATING mode=AUTO nav_goal=PATROL,AUTO,0.120,0.226,1.003,-0.115,True,True,False
28.000,dynamic_lock,True,PATROL_NAVIGATING mode=AUTO nav_goal=PATROL,AUTO,0.120,0.226,1.003,-0.115,True,True,False
28.000,object_goal_state,REJECT source=elevated_dynamic_target mission_type=REJECTED_ALREADY_INSPECTED target_already_inspected age=7.8s count=1 distance_xy=1.25 radius=1.50,PATROL_NAVIGATING mode=AUTO nav_goal=PATROL,AUTO,0.120,0.226,1.003,-0.115,True,True,False
28.100,classification,GAZEBO_FAKE_YOLO11S_CLASSIFICATION class=bird,PATROL_NAVIGATING mode=AUTO nav_goal=PATROL,AUTO,0.120,0.226,1.020,-0.117,True,True,False
28.100,bird_confirmed,True,PATROL_NAVIGATING mode=AUTO nav_goal=PATROL,AUTO,0.120,0.226,1.020,-0.117,True,True,False
28.100,dynamic_target,count=1 x=1.46 y=-1.52 z=3.40,PATROL_NAVIGATING mode=AUTO nav_goal=PATROL,AUTO,0.120,0.226,1.020,-0.117,True,True,False
28.100,dynamic_lock,True,PATROL_NAVIGATING mode=AUTO nav_goal=PATROL,AUTO,0.120,0.226,1.020,-0.117,True,True,False
28.100,object_goal_state,REJECT source=elevated_dynamic_target mission_type=REJECTED_ALREADY_INSPECTED target_already_inspected age=7.9s count=1 distance_xy=1.26 radius=1.50,PATROL_NAVIGATING mode=AUTO nav_goal=PATROL,AUTO,0.120,0.226,1.020,-0.117,True,True,False
28.200,sound_state,IDLE_NO_REQUEST,PATROL_NAVIGATING mode=AUTO nav_goal=PATROL,AUTO,0.120,0.226,1.039,-0.119,True,True,False
28.200,sound_done,False,PATROL_NAVIGATING mode=AUTO nav_goal=PATROL,AUTO,0.120,0.226,1.039,-0.119,True,True,False
28.200,mission_state,PATROL_NAVIGATING mode=AUTO nav_goal=PATROL,PATROL_NAVIGATING mode=AUTO nav_goal=PATROL,AUTO,0.120,0.226,1.039,-0.119,True,True,False
28.200,dynamic_target,count=1 x=1.46 y=-1.52 z=3.40,PATROL_NAVIGATING mode=AUTO nav_goal=PATROL,AUTO,0.120,0.226,1.039,-0.119,True,True,False
28.200,dynamic_lock,True,PATROL_NAVIGATING mode=AUTO nav_goal=PATROL,AUTO,0.120,0.226,1.039,-0.119,True,True,False
28.200,classification,GAZEBO_FAKE_YOLO11S_CLASSIFICATION class=bird,PATROL_NAVIGATING mode=AUTO nav_goal=PATROL,AUTO,0.120,0.188,1.039,-0.119,True,True,False
28.200,bird_confirmed,True,PATROL_NAVIGATING mode=AUTO nav_goal=PATROL,AUTO,0.120,0.188,1.039,-0.119,True,True,False
28.200,object_goal_state,REJECT source=elevated_dynamic_target mission_type=REJECTED_ALREADY_INSPECTED target_already_inspected age=8.0s count=1 distance_xy=1.26 radius=1.50,PATROL_NAVIGATING mode=AUTO nav_goal=PATROL,AUTO,0.120,0.188,1.039,-0.119,True,True,False
28.200,dynamic_target,count=1 x=1.47 y=-1.53 z=3.40,PATROL_NAVIGATING mode=AUTO nav_goal=PATROL,AUTO,0.120,0.188,1.039,-0.119,True,True,False
28.200,dynamic_lock,True,PATROL_NAVIGATING mode=AUTO nav_goal=PATROL,AUTO,0.120,0.188,1.039,-0.119,True,True,False
28.200,object_goal_state,REJECT source=elevated_dynamic_target mission_type=REJECTED_ALREADY_INSPECTED target_already_inspected age=8.0s count=1 distance_xy=1.27 radius=1.50,PATROL_NAVIGATING mode=AUTO nav_goal=PATROL,AUTO,0.120,0.168,1.041,-0.119,True,True,False
28.300,classification,GAZEBO_FAKE_YOLO11S_CLASSIFICATION class=bird,PATROL_NAVIGATING mode=AUTO nav_goal=PATROL,AUTO,0.120,0.168,1.058,-0.121,True,True,False
28.300,bird_confirmed,True,PATROL_NAVIGATING mode=AUTO nav_goal=PATROL,AUTO,0.120,0.168,1.058,-0.121,True,True,False
28.300,dynamic_target,count=1 x=1.48 y=-1.54 z=3.40,PATROL_NAVIGATING mode=AUTO nav_goal=PATROL,AUTO,0.120,0.168,1.058,-0.121,True,True,False
28.300,dynamic_lock,True,PATROL_NAVIGATING mode=AUTO nav_goal=PATROL,AUTO,0.120,0.168,1.058,-0.121,True,True,False
28.300,object_goal_state,REJECT source=elevated_dynamic_target mission_type=REJECTED_ALREADY_INSPECTED target_already_inspected age=8.1s count=1 distance_xy=1.28 radius=1.50,PATROL_NAVIGATING mode=AUTO nav_goal=PATROL,AUTO,0.120,0.168,1.060,-0.121,True,True,False
28.400,dynamic_target,count=1 x=1.48 y=-1.54 z=3.40,PATROL_NAVIGATING mode=AUTO nav_goal=PATROL,AUTO,0.120,0.168,1.077,-0.123,True,True,False
28.400,dynamic_lock,True,PATROL_NAVIGATING mode=AUTO nav_goal=PATROL,AUTO,0.120,0.168,1.077,-0.123,True,True,False
28.400,classification,GAZEBO_FAKE_YOLO11S_CLASSIFICATION class=bird,PATROL_NAVIGATING mode=AUTO nav_goal=PATROL,AUTO,0.120,0.168,1.077,-0.123,True,True,False
28.400,bird_confirmed,True,PATROL_NAVIGATING mode=AUTO nav_goal=PATROL,AUTO,0.120,0.168,1.077,-0.123,True,True,False
28.400,mission_state,PATROL_NAVIGATING mode=AUTO nav_goal=PATROL,PATROL_NAVIGATING mode=AUTO nav_goal=PATROL,AUTO,0.120,0.168,1.077,-0.123,True,True,False
28.400,object_goal_state,REJECT source=elevated_dynamic_target mission_type=REJECTED_ALREADY_INSPECTED target_already_inspected age=8.2s count=1 distance_xy=1.28 radius=1.50,PATROL_NAVIGATING mode=AUTO nav_goal=PATROL,AUTO,0.120,0.168,1.077,-0.123,True,True,False
28.400,sound_done,False,PATROL_NAVIGATING mode=AUTO nav_goal=PATROL,AUTO,0.120,0.168,1.077,-0.123,True,True,False
28.400,dynamic_target,count=1 x=1.48 y=-1.54 z=3.40,PATROL_NAVIGATING mode=AUTO nav_goal=PATROL,AUTO,0.120,0.168,1.077,-0.123,True,True,False
28.400,dynamic_lock,True,PATROL_NAVIGATING mode=AUTO nav_goal=PATROL,AUTO,0.120,0.168,1.077,-0.123,True,True,False
28.400,sound_state,IDLE_NO_REQUEST,PATROL_NAVIGATING mode=AUTO nav_goal=PATROL,AUTO,0.120,0.168,1.077,-0.123,True,True,False
28.400,object_goal_state,REJECT source=elevated_dynamic_target mission_type=REJECTED_ALREADY_INSPECTED target_already_inspected age=8.2s count=1 distance_xy=1.29 radius=1.50,PATROL_NAVIGATING mode=AUTO nav_goal=PATROL,AUTO,0.120,0.150,1.077,-0.123,True,True,False
28.500,classification,GAZEBO_FAKE_YOLO11S_CLASSIFICATION class=bird,PATROL_NAVIGATING mode=AUTO nav_goal=PATROL,AUTO,0.120,0.150,1.096,-0.124,True,True,False
28.500,bird_confirmed,True,PATROL_NAVIGATING mode=AUTO nav_goal=PATROL,AUTO,0.120,0.150,1.096,-0.124,True,True,False
28.500,dynamic_target,count=1 x=1.49 y=-1.55 z=3.40,PATROL_NAVIGATING mode=AUTO nav_goal=PATROL,AUTO,0.120,0.150,1.096,-0.124,True,True,False
28.500,dynamic_lock,True,PATROL_NAVIGATING mode=AUTO nav_goal=PATROL,AUTO,0.120,0.150,1.096,-0.124,True,True,False
28.500,object_goal_state,REJECT source=elevated_dynamic_target mission_type=REJECTED_ALREADY_INSPECTED target_already_inspected age=8.3s count=1 distance_xy=1.30 radius=1.50,PATROL_NAVIGATING mode=AUTO nav_goal=PATROL,AUTO,0.120,0.150,1.096,-0.124,True,True,False
28.600,sound_state,IDLE_NO_REQUEST,PATROL_NAVIGATING mode=AUTO nav_goal=PATROL,AUTO,0.120,0.133,1.115,-0.125,True,True,False
28.600,sound_done,False,PATROL_NAVIGATING mode=AUTO nav_goal=PATROL,AUTO,0.120,0.133,1.115,-0.125,True,True,False
28.600,mission_state,PATROL_NAVIGATING mode=AUTO nav_goal=PATROL,PATROL_NAVIGATING mode=AUTO nav_goal=PATROL,AUTO,0.120,0.133,1.115,-0.125,True,True,False
28.600,dynamic_target,count=1 x=1.49 y=-1.55 z=3.40,PATROL_NAVIGATING mode=AUTO nav_goal=PATROL,AUTO,0.120,0.133,1.115,-0.125,True,True,False
28.600,dynamic_lock,True,PATROL_NAVIGATING mode=AUTO nav_goal=PATROL,AUTO,0.120,0.133,1.115,-0.125,True,True,False
28.600,classification,GAZEBO_FAKE_YOLO11S_CLASSIFICATION class=bird,PATROL_NAVIGATING mode=AUTO nav_goal=PATROL,AUTO,0.120,0.133,1.115,-0.125,True,True,False
28.600,bird_confirmed,True,PATROL_NAVIGATING mode=AUTO nav_goal=PATROL,AUTO,0.120,0.133,1.115,-0.125,True,True,False
28.600,object_goal_state,REJECT source=elevated_dynamic_target mission_type=REJECTED_ALREADY_INSPECTED target_already_inspected age=8.4s count=1 distance_xy=1.30 radius=1.50,PATROL_NAVIGATING mode=AUTO nav_goal=PATROL,AUTO,0.120,0.133,1.115,-0.125,True,True,False
28.600,dynamic_target,count=1 x=1.49 y=-1.55 z=3.40,PATROL_NAVIGATING mode=AUTO nav_goal=PATROL,AUTO,0.120,0.133,1.115,-0.125,True,True,False
28.600,dynamic_lock,True,PATROL_NAVIGATING mode=AUTO nav_goal=PATROL,AUTO,0.120,0.133,1.115,-0.125,True,True,False
28.600,object_goal_state,REJECT source=elevated_dynamic_target mission_type=REJECTED_ALREADY_INSPECTED target_already_inspected age=8.4s count=1 distance_xy=1.31 radius=1.50,PATROL_NAVIGATING mode=AUTO nav_goal=PATROL,AUTO,0.120,0.133,1.117,-0.125,True,True,False
28.700,classification,GAZEBO_FAKE_YOLO11S_CLASSIFICATION class=bird,PATROL_NAVIGATING mode=AUTO nav_goal=PATROL,AUTO,0.120,0.116,1.134,-0.126,True,True,False
28.700,bird_confirmed,True,PATROL_NAVIGATING mode=AUTO nav_goal=PATROL,AUTO,0.120,0.116,1.134,-0.126,True,True,False
28.700,dynamic_target,count=1 x=1.50 y=-1.56 z=3.40,PATROL_NAVIGATING mode=AUTO nav_goal=PATROL,AUTO,0.120,0.097,1.140,-0.126,True,True,False
28.700,dynamic_lock,True,PATROL_NAVIGATING mode=AUTO nav_goal=PATROL,AUTO,0.120,0.097,1.140,-0.126,True,True,False
28.700,object_goal_state,REJECT source=elevated_dynamic_target mission_type=REJECTED_ALREADY_INSPECTED target_already_inspected age=8.5s count=1 distance_xy=1.31 radius=1.50,PATROL_NAVIGATING mode=AUTO nav_goal=PATROL,AUTO,0.120,0.097,1.140,-0.126,True,True,False
28.800,sound_done,False,PATROL_NAVIGATING mode=AUTO nav_goal=PATROL,AUTO,0.120,0.097,1.153,-0.126,True,True,False
28.800,dynamic_target,count=1 x=1.50 y=-1.56 z=3.40,PATROL_NAVIGATING mode=AUTO nav_goal=PATROL,AUTO,0.120,0.097,1.153,-0.126,True,True,False
28.800,dynamic_lock,True,PATROL_NAVIGATING mode=AUTO nav_goal=PATROL,AUTO,0.120,0.097,1.153,-0.126,True,True,False
28.800,classification,GAZEBO_FAKE_YOLO11S_CLASSIFICATION class=bird,PATROL_NAVIGATING mode=AUTO nav_goal=PATROL,AUTO,0.120,0.097,1.153,-0.126,True,True,False
28.800,bird_confirmed,True,PATROL_NAVIGATING mode=AUTO nav_goal=PATROL,AUTO,0.120,0.097,1.153,-0.126,True,True,False
28.800,sound_state,IDLE_NO_REQUEST,PATROL_NAVIGATING mode=AUTO nav_goal=PATROL,AUTO,0.120,0.097,1.153,-0.126,True,True,False
28.800,object_goal_state,REJECT source=elevated_dynamic_target mission_type=REJECTED_ALREADY_INSPECTED target_already_inspected age=8.6s count=1 distance_xy=1.31 radius=1.50,PATROL_NAVIGATING mode=AUTO nav_goal=PATROL,AUTO,0.120,0.080,1.153,-0.126,True,True,False
28.800,dynamic_target,count=1 x=1.50 y=-1.57 z=3.40,PATROL_NAVIGATING mode=AUTO nav_goal=PATROL,AUTO,0.120,0.080,1.153,-0.126,True,True,False
28.800,dynamic_lock,True,PATROL_NAVIGATING mode=AUTO nav_goal=PATROL,AUTO,0.120,0.080,1.153,-0.126,True,True,False
28.800,mission_state,PATROL_NAVIGATING mode=AUTO nav_goal=PATROL,PATROL_NAVIGATING mode=AUTO nav_goal=PATROL,AUTO,0.120,0.080,1.153,-0.126,True,True,False
28.800,object_goal_state,REJECT source=elevated_dynamic_target mission_type=REJECTED_ALREADY_INSPECTED target_already_inspected age=8.6s count=1 distance_xy=1.32 radius=1.50,PATROL_NAVIGATING mode=AUTO nav_goal=PATROL,AUTO,0.120,0.080,1.153,-0.126,True,True,False
28.900,classification,GAZEBO_FAKE_YOLO11S_CLASSIFICATION class=bird,PATROL_NAVIGATING mode=AUTO nav_goal=PATROL,AUTO,0.120,0.080,1.172,-0.126,True,True,False
28.900,bird_confirmed,True,PATROL_NAVIGATING mode=AUTO nav_goal=PATROL,AUTO,0.120,0.080,1.172,-0.126,True,True,False
28.900,dynamic_target,count=1 x=1.51 y=-1.57 z=3.40,PATROL_NAVIGATING mode=AUTO nav_goal=PATROL,AUTO,0.120,0.080,1.172,-0.126,True,True,False
28.900,dynamic_lock,True,PATROL_NAVIGATING mode=AUTO nav_goal=PATROL,AUTO,0.120,0.080,1.172,-0.126,True,True,False
28.900,object_goal_state,REJECT source=elevated_dynamic_target mission_type=REJECTED_ALREADY_INSPECTED target_already_inspected age=8.7s count=1 distance_xy=1.33 radius=1.50,PATROL_NAVIGATING mode=AUTO nav_goal=PATROL,AUTO,0.120,0.080,1.172,-0.126,True,True,False
29.000,classification,GAZEBO_FAKE_YOLO11S_CLASSIFICATION class=bird,PATROL_NAVIGATING mode=AUTO nav_goal=PATROL,AUTO,0.120,0.080,1.191,-0.127,True,True,False
29.000,bird_confirmed,True,PATROL_NAVIGATING mode=AUTO nav_goal=PATROL,AUTO,0.120,0.080,1.191,-0.127,True,True,False
29.000,sound_done,False,PATROL_NAVIGATING mode=AUTO nav_goal=PATROL,AUTO,0.120,0.080,1.191,-0.127,True,True,False
29.000,sound_state,IDLE_NO_REQUEST,PATROL_NAVIGATING mode=AUTO nav_goal=PATROL,AUTO,0.120,0.080,1.191,-0.127,True,True,False
29.000,mission_state,PATROL_NAVIGATING mode=AUTO nav_goal=PATROL,PATROL_NAVIGATING mode=AUTO nav_goal=PATROL,AUTO,0.120,0.056,1.191,-0.127,True,True,False
29.000,dynamic_target,count=1 x=1.52 y=-1.58 z=3.40,PATROL_NAVIGATING mode=AUTO nav_goal=PATROL,AUTO,0.120,0.056,1.199,-0.127,True,True,False
29.000,dynamic_lock,True,PATROL_NAVIGATING mode=AUTO nav_goal=PATROL,AUTO,0.120,0.056,1.199,-0.127,True,True,False
29.000,object_goal_state,REJECT source=elevated_dynamic_target mission_type=REJECTED_ALREADY_INSPECTED target_already_inspected age=8.8s count=1 distance_xy=1.34 radius=1.50,PATROL_NAVIGATING mode=AUTO nav_goal=PATROL,AUTO,0.120,0.056,1.199,-0.127,True,True,False
29.000,dynamic_target,count=1 x=1.52 y=-1.58 z=3.40,PATROL_NAVIGATING mode=AUTO nav_goal=PATROL,AUTO,0.120,0.056,1.199,-0.127,True,True,False
29.000,dynamic_lock,True,PATROL_NAVIGATING mode=AUTO nav_goal=PATROL,AUTO,0.120,0.056,1.199,-0.127,True,True,False
29.000,object_goal_state,REJECT source=elevated_dynamic_target mission_type=REJECTED_ALREADY_INSPECTED target_already_inspected age=8.8s count=1 distance_xy=1.34 radius=1.50,PATROL_NAVIGATING mode=AUTO nav_goal=PATROL,AUTO,0.120,0.056,1.199,-0.127,True,True,False
29.100,classification,GAZEBO_FAKE_YOLO11S_CLASSIFICATION class=bird,PATROL_NAVIGATING mode=AUTO nav_goal=PATROL,AUTO,0.120,0.056,1.210,-0.127,True,True,False
29.100,bird_confirmed,True,PATROL_NAVIGATING mode=AUTO nav_goal=PATROL,AUTO,0.120,0.056,1.210,-0.127,True,True,False
29.100,dynamic_target,count=1 x=1.52 y=-1.58 z=3.40,PATROL_NAVIGATING mode=AUTO nav_goal=PATROL,AUTO,0.120,0.056,1.210,-0.127,True,True,False
29.100,dynamic_lock,True,PATROL_NAVIGATING mode=AUTO nav_goal=PATROL,AUTO,0.120,0.056,1.210,-0.127,True,True,False
29.100,object_goal_state,REJECT source=elevated_dynamic_target mission_type=REJECTED_ALREADY_INSPECTED target_already_inspected age=8.9s count=1 distance_xy=1.35 radius=1.50,PATROL_NAVIGATING mode=AUTO nav_goal=PATROL,AUTO,0.120,0.056,1.212,-0.127,True,True,False
29.200,classification,GAZEBO_FAKE_YOLO11S_CLASSIFICATION class=bird,PATROL_NAVIGATING mode=AUTO nav_goal=PATROL,AUTO,0.120,0.056,1.229,-0.126,True,True,False
29.200,bird_confirmed,True,PATROL_NAVIGATING mode=AUTO nav_goal=PATROL,AUTO,0.120,0.056,1.229,-0.126,True,True,False
29.200,sound_state,IDLE_NO_REQUEST,PATROL_NAVIGATING mode=AUTO nav_goal=PATROL,AUTO,0.120,0.056,1.229,-0.126,True,True,False
29.200,sound_done,False,PATROL_NAVIGATING mode=AUTO nav_goal=PATROL,AUTO,0.120,0.056,1.229,-0.126,True,True,False
29.200,dynamic_target,count=1 x=1.52 y=-1.58 z=3.40,PATROL_NAVIGATING mode=AUTO nav_goal=PATROL,AUTO,0.120,0.056,1.229,-0.126,True,True,False
29.200,dynamic_lock,True,PATROL_NAVIGATING mode=AUTO nav_goal=PATROL,AUTO,0.120,0.056,1.229,-0.126,True,True,False
29.200,object_goal_state,REJECT source=elevated_dynamic_target mission_type=REJECTED_ALREADY_INSPECTED target_already_inspected age=9.0s count=1 distance_xy=1.35 radius=1.50,PATROL_NAVIGATING mode=AUTO nav_goal=PATROL,AUTO,0.120,0.056,1.229,-0.126,True,True,False
29.200,mission_state,PATROL_NAVIGATING mode=AUTO nav_goal=PATROL,PATROL_NAVIGATING mode=AUTO nav_goal=PATROL,AUTO,0.120,0.043,1.229,-0.126,True,True,False
29.200,dynamic_target,count=1 x=1.53 y=-1.59 z=3.40,PATROL_NAVIGATING mode=AUTO nav_goal=PATROL,AUTO,0.120,0.043,1.229,-0.126,True,True,False
29.200,dynamic_lock,True,PATROL_NAVIGATING mode=AUTO nav_goal=PATROL,AUTO,0.120,0.043,1.229,-0.126,True,True,False
29.200,object_goal_state,REJECT source=elevated_dynamic_target mission_type=REJECTED_ALREADY_INSPECTED target_already_inspected age=9.0s count=1 distance_xy=1.36 radius=1.50,PATROL_NAVIGATING mode=AUTO nav_goal=PATROL,AUTO,0.120,0.043,1.229,-0.126,True,True,False
29.300,classification,GAZEBO_FAKE_YOLO11S_CLASSIFICATION class=bird,PATROL_NAVIGATING mode=AUTO nav_goal=PATROL,AUTO,0.120,0.043,1.248,-0.126,True,True,False
29.300,bird_confirmed,True,PATROL_NAVIGATING mode=AUTO nav_goal=PATROL,AUTO,0.120,0.043,1.248,-0.126,True,True,False
29.300,dynamic_target,count=1 x=1.53 y=-1.60 z=3.40,PATROL_NAVIGATING mode=AUTO nav_goal=PATROL,AUTO,0.120,0.039,1.256,-0.126,True,True,False
29.300,dynamic_lock,True,PATROL_NAVIGATING mode=AUTO nav_goal=PATROL,AUTO,0.120,0.039,1.256,-0.126,True,True,False
29.300,object_goal_state,REJECT source=elevated_dynamic_target mission_type=REJECTED_ALREADY_INSPECTED target_already_inspected age=9.1s count=1 distance_xy=1.36 radius=1.50,PATROL_NAVIGATING mode=AUTO nav_goal=PATROL,AUTO,0.120,0.039,1.256,-0.126,True,True,False
29.400,sound_done,False,PATROL_NAVIGATING mode=AUTO nav_goal=PATROL,AUTO,0.120,0.039,1.268,-0.126,True,True,False
29.400,mission_state,PATROL_NAVIGATING mode=AUTO nav_goal=PATROL,PATROL_NAVIGATING mode=AUTO nav_goal=PATROL,AUTO,0.120,0.039,1.268,-0.126,True,True,False
29.400,classification,GAZEBO_FAKE_YOLO11S_CLASSIFICATION class=bird,PATROL_NAVIGATING mode=AUTO nav_goal=PATROL,AUTO,0.120,0.039,1.268,-0.126,True,True,False
29.400,bird_confirmed,True,PATROL_NAVIGATING mode=AUTO nav_goal=PATROL,AUTO,0.120,0.039,1.268,-0.126,True,True,False
29.400,sound_state,IDLE_NO_REQUEST,PATROL_NAVIGATING mode=AUTO nav_goal=PATROL,AUTO,0.120,0.039,1.268,-0.126,True,True,False
29.400,dynamic_target,count=1 x=1.54 y=-1.60 z=3.40,PATROL_NAVIGATING mode=AUTO nav_goal=PATROL,AUTO,0.120,0.039,1.283,-0.126,True,True,False
29.400,dynamic_lock,True,PATROL_NAVIGATING mode=AUTO nav_goal=PATROL,AUTO,0.120,0.039,1.283,-0.126,True,True,False
29.400,object_goal_state,REJECT source=elevated_dynamic_target mission_type=REJECTED_ALREADY_INSPECTED target_already_inspected age=9.2s count=1 distance_xy=1.37 radius=1.50,PATROL_NAVIGATING mode=AUTO nav_goal=PATROL,AUTO,0.120,0.039,1.283,-0.126,True,True,False
29.400,dynamic_target,count=1 x=1.54 y=-1.60 z=3.40,PATROL_NAVIGATING mode=AUTO nav_goal=PATROL,AUTO,0.120,0.039,1.283,-0.126,True,True,False
29.400,dynamic_lock,True,PATROL_NAVIGATING mode=AUTO nav_goal=PATROL,AUTO,0.120,0.039,1.283,-0.126,True,True,False
29.400,object_goal_state,REJECT source=elevated_dynamic_target mission_type=REJECTED_ALREADY_INSPECTED target_already_inspected age=9.2s count=1 distance_xy=1.37 radius=1.50,PATROL_NAVIGATING mode=AUTO nav_goal=PATROL,AUTO,0.120,0.039,1.283,-0.126,True,True,False
29.500,bird_confirmed,True,PATROL_NAVIGATING mode=AUTO nav_goal=PATROL,AUTO,0.120,0.039,1.287,-0.126,True,True,False
29.500,classification,GAZEBO_FAKE_YOLO11S_CLASSIFICATION class=bird,PATROL_NAVIGATING mode=AUTO nav_goal=PATROL,AUTO,0.120,0.039,1.287,-0.126,True,True,False
29.500,dynamic_target,count=1 x=1.55 y=-1.61 z=3.40,PATROL_NAVIGATING mode=AUTO nav_goal=PATROL,AUTO,0.120,0.029,1.287,-0.126,True,True,False
29.500,dynamic_lock,True,PATROL_NAVIGATING mode=AUTO nav_goal=PATROL,AUTO,0.120,0.029,1.287,-0.126,True,True,False
29.500,object_goal_state,REJECT source=elevated_dynamic_target mission_type=REJECTED_ALREADY_INSPECTED target_already_inspected age=9.3s count=1 distance_xy=1.38 radius=1.50,PATROL_NAVIGATING mode=AUTO nav_goal=PATROL,AUTO,0.120,0.029,1.287,-0.126,True,True,False
29.600,bird_confirmed,True,PATROL_NAVIGATING mode=AUTO nav_goal=PATROL,AUTO,0.120,0.029,1.306,-0.126,True,True,False
29.600,classification,GAZEBO_FAKE_YOLO11S_CLASSIFICATION class=bird,PATROL_NAVIGATING mode=AUTO nav_goal=PATROL,AUTO,0.120,0.029,1.306,-0.126,True,True,False
29.600,sound_state,IDLE_NO_REQUEST,PATROL_NAVIGATING mode=AUTO nav_goal=PATROL,AUTO,0.120,0.029,1.306,-0.126,True,True,False
29.600,sound_done,False,PATROL_NAVIGATING mode=AUTO nav_goal=PATROL,AUTO,0.120,0.029,1.306,-0.126,True,True,False
29.600,mission_state,PATROL_NAVIGATING mode=AUTO nav_goal=PATROL,PATROL_NAVIGATING mode=AUTO nav_goal=PATROL,AUTO,0.120,0.029,1.306,-0.126,True,True,False
29.600,dynamic_target,count=1 x=1.55 y=-1.61 z=3.40,PATROL_NAVIGATING mode=AUTO nav_goal=PATROL,AUTO,0.120,0.029,1.306,-0.126,True,True,False
29.600,dynamic_lock,True,PATROL_NAVIGATING mode=AUTO nav_goal=PATROL,AUTO,0.120,0.029,1.306,-0.126,True,True,False
29.600,object_goal_state,REJECT source=elevated_dynamic_target mission_type=REJECTED_ALREADY_INSPECTED target_already_inspected age=9.4s count=1 distance_xy=1.38 radius=1.50,PATROL_NAVIGATING mode=AUTO nav_goal=PATROL,AUTO,0.120,0.025,1.306,-0.126,True,True,False
29.600,dynamic_target,count=1 x=1.55 y=-1.62 z=3.40,PATROL_NAVIGATING mode=AUTO nav_goal=PATROL,AUTO,0.120,0.025,1.306,-0.126,True,True,False
29.600,dynamic_lock,True,PATROL_NAVIGATING mode=AUTO nav_goal=PATROL,AUTO,0.120,0.025,1.306,-0.126,True,True,False
29.600,object_goal_state,REJECT source=elevated_dynamic_target mission_type=REJECTED_ALREADY_INSPECTED target_already_inspected age=9.4s count=1 distance_xy=1.39 radius=1.50,PATROL_NAVIGATING mode=AUTO nav_goal=PATROL,AUTO,0.120,0.025,1.306,-0.126,True,True,False
29.700,classification,GAZEBO_FAKE_YOLO11S_CLASSIFICATION class=bird,PATROL_NAVIGATING mode=AUTO nav_goal=PATROL,AUTO,0.120,0.022,1.325,-0.125,True,True,False
29.700,bird_confirmed,True,PATROL_NAVIGATING mode=AUTO nav_goal=PATROL,AUTO,0.120,0.022,1.325,-0.125,True,True,False
29.700,dynamic_target,count=1 x=1.56 y=-1.62 z=3.40,PATROL_NAVIGATING mode=AUTO nav_goal=PATROL,AUTO,0.120,0.022,1.325,-0.125,True,True,False
29.700,dynamic_lock,True,PATROL_NAVIGATING mode=AUTO nav_goal=PATROL,AUTO,0.120,0.022,1.325,-0.125,True,True,False
29.700,object_goal_state,REJECT source=elevated_dynamic_target mission_type=REJECTED_ALREADY_INSPECTED target_already_inspected age=9.5s count=1 distance_xy=1.40 radius=1.50,PATROL_NAVIGATING mode=AUTO nav_goal=PATROL,AUTO,0.120,0.022,1.325,-0.125,True,True,False
29.800,sound_state,IDLE_NO_REQUEST,PATROL_NAVIGATING mode=AUTO nav_goal=PATROL,AUTO,0.120,0.022,1.344,-0.125,True,True,False
29.800,sound_done,False,PATROL_NAVIGATING mode=AUTO nav_goal=PATROL,AUTO,0.120,0.022,1.344,-0.125,True,True,False
29.800,mission_state,PATROL_NAVIGATING mode=AUTO nav_goal=PATROL,PATROL_NAVIGATING mode=AUTO nav_goal=PATROL,AUTO,0.120,0.022,1.344,-0.125,True,True,False
29.800,dynamic_target,count=1 x=1.56 y=-1.62 z=3.40,PATROL_NAVIGATING mode=AUTO nav_goal=PATROL,AUTO,0.120,0.022,1.344,-0.125,True,True,False
29.800,dynamic_lock,True,PATROL_NAVIGATING mode=AUTO nav_goal=PATROL,AUTO,0.120,0.022,1.344,-0.125,True,True,False
29.800,object_goal_state,REJECT source=elevated_dynamic_target mission_type=REJECTED_ALREADY_INSPECTED target_already_inspected age=9.6s count=1 distance_xy=1.40 radius=1.50,PATROL_NAVIGATING mode=AUTO nav_goal=PATROL,AUTO,0.120,0.022,1.344,-0.125,True,True,False
29.800,dynamic_target,count=1 x=1.56 y=-1.63 z=3.40,PATROL_NAVIGATING mode=AUTO nav_goal=PATROL,AUTO,0.120,0.022,1.344,-0.125,True,True,False
29.800,dynamic_lock,True,PATROL_NAVIGATING mode=AUTO nav_goal=PATROL,AUTO,0.120,0.022,1.344,-0.125,True,True,False
29.800,classification,GAZEBO_FAKE_YOLO11S_CLASSIFICATION class=bird,PATROL_NAVIGATING mode=AUTO nav_goal=PATROL,AUTO,0.120,0.022,1.344,-0.125,True,True,False
29.800,bird_confirmed,True,PATROL_NAVIGATING mode=AUTO nav_goal=PATROL,AUTO,0.120,0.022,1.344,-0.125,True,True,False
29.800,object_goal_state,REJECT source=elevated_dynamic_target mission_type=REJECTED_ALREADY_INSPECTED target_already_inspected age=9.6s count=1 distance_xy=1.41 radius=1.50,PATROL_NAVIGATING mode=AUTO nav_goal=PATROL,AUTO,0.120,0.022,1.344,-0.125,True,True,False
29.900,bird_confirmed,True,PATROL_NAVIGATING mode=AUTO nav_goal=PATROL,AUTO,0.120,0.022,1.363,-0.124,True,True,False
29.900,classification,GAZEBO_FAKE_YOLO11S_CLASSIFICATION class=bird,PATROL_NAVIGATING mode=AUTO nav_goal=PATROL,AUTO,0.120,0.022,1.363,-0.124,True,True,False
29.900,dynamic_target,count=1 x=1.57 y=-1.63 z=3.40,PATROL_NAVIGATING mode=AUTO nav_goal=PATROL,AUTO,0.120,0.019,1.373,-0.124,True,True,False
29.900,dynamic_lock,True,PATROL_NAVIGATING mode=AUTO nav_goal=PATROL,AUTO,0.120,0.019,1.373,-0.124,True,True,False
29.900,object_goal_state,REJECT source=elevated_dynamic_target mission_type=REJECTED_ALREADY_INSPECTED target_already_inspected age=9.7s count=1 distance_xy=1.41 radius=1.50,PATROL_NAVIGATING mode=AUTO nav_goal=PATROL,AUTO,0.120,0.019,1.373,-0.124,True,True,False
30.000,sound_state,IDLE_NO_REQUEST,PATROL_NAVIGATING mode=AUTO nav_goal=PATROL,AUTO,0.120,0.019,1.382,-0.124,True,True,False
30.000,sound_done,False,PATROL_NAVIGATING mode=AUTO nav_goal=PATROL,AUTO,0.120,0.019,1.382,-0.124,True,True,False
30.000,object_goal_state,REJECT source=elevated_dynamic_target mission_type=REJECTED_ALREADY_INSPECTED target_already_inspected age=9.8s count=1 distance_xy=1.41 radius=1.50,PATROL_NAVIGATING mode=AUTO nav_goal=PATROL,AUTO,0.120,0.018,1.382,-0.124,True,True,False
30.000,dynamic_target,count=1 x=1.57 y=-1.63 z=3.40,PATROL_NAVIGATING mode=AUTO nav_goal=PATROL,AUTO,0.120,0.018,1.382,-0.124,True,True,False
30.000,dynamic_lock,True,PATROL_NAVIGATING mode=AUTO nav_goal=PATROL,AUTO,0.120,0.018,1.382,-0.124,True,True,False
30.000,classification,GAZEBO_FAKE_YOLO11S_CLASSIFICATION class=bird,PATROL_NAVIGATING mode=AUTO nav_goal=PATROL,AUTO,0.120,0.018,1.382,-0.124,True,True,False
30.000,bird_confirmed,True,PATROL_NAVIGATING mode=AUTO nav_goal=PATROL,AUTO,0.120,0.018,1.382,-0.124,True,True,False
30.000,dynamic_target,count=1 x=1.57 y=-1.64 z=3.40,PATROL_NAVIGATING mode=AUTO nav_goal=PATROL,AUTO,0.120,0.018,1.382,-0.124,True,True,False
30.000,dynamic_lock,True,PATROL_NAVIGATING mode=AUTO nav_goal=PATROL,AUTO,0.120,0.018,1.382,-0.124,True,True,False
30.000,mission_state,PATROL_NAVIGATING mode=AUTO nav_goal=PATROL,PATROL_NAVIGATING mode=AUTO nav_goal=PATROL,AUTO,0.120,0.018,1.382,-0.124,True,True,False
30.000,object_goal_state,REJECT source=elevated_dynamic_target mission_type=REJECTED_ALREADY_INSPECTED target_already_inspected age=9.8s count=1 distance_xy=1.42 radius=1.50,PATROL_NAVIGATING mode=AUTO nav_goal=PATROL,AUTO,0.120,0.018,1.382,-0.124,True,True,False
30.100,classification,GAZEBO_FAKE_YOLO11S_CLASSIFICATION class=bird,PATROL_NAVIGATING mode=AUTO nav_goal=PATROL,AUTO,0.120,0.018,1.402,-0.124,True,True,False
30.100,bird_confirmed,True,PATROL_NAVIGATING mode=AUTO nav_goal=PATROL,AUTO,0.120,0.018,1.402,-0.124,True,True,False
30.100,dynamic_target,count=1 x=1.58 y=-1.65 z=3.40,PATROL_NAVIGATING mode=AUTO nav_goal=PATROL,AUTO,0.120,0.018,1.402,-0.124,True,True,False
30.100,dynamic_lock,True,PATROL_NAVIGATING mode=AUTO nav_goal=PATROL,AUTO,0.120,0.018,1.402,-0.124,True,True,False
30.100,object_goal_state,REJECT source=elevated_dynamic_target mission_type=REJECTED_ALREADY_INSPECTED target_already_inspected age=9.9s count=1 distance_xy=1.43 radius=1.50,PATROL_NAVIGATING mode=AUTO nav_goal=PATROL,AUTO,0.120,0.018,1.402,-0.124,True,True,False
30.200,mission_state,PATROL_NAVIGATING mode=AUTO nav_goal=PATROL,PATROL_NAVIGATING mode=AUTO nav_goal=PATROL,AUTO,0.120,0.018,1.421,-0.123,True,True,False
30.200,classification,GAZEBO_FAKE_YOLO11S_CLASSIFICATION class=bird,PATROL_NAVIGATING mode=AUTO nav_goal=PATROL,AUTO,0.120,0.018,1.421,-0.123,True,True,False
30.200,bird_confirmed,True,PATROL_NAVIGATING mode=AUTO nav_goal=PATROL,AUTO,0.120,0.018,1.421,-0.123,True,True,False
30.200,sound_state,IDLE_NO_REQUEST,PATROL_NAVIGATING mode=AUTO nav_goal=PATROL,AUTO,0.120,0.018,1.421,-0.123,True,True,False
30.200,sound_done,False,PATROL_NAVIGATING mode=AUTO nav_goal=PATROL,AUTO,0.120,0.018,1.421,-0.123,True,True,False
30.200,dynamic_target,count=1 x=1.58 y=-1.65 z=3.40,PATROL_NAVIGATING mode=AUTO nav_goal=PATROL,AUTO,0.120,0.016,1.421,-0.123,True,True,False
30.200,dynamic_lock,True,PATROL_NAVIGATING mode=AUTO nav_goal=PATROL,AUTO,0.120,0.016,1.421,-0.123,True,True,False
30.200,object_goal_state,REJECT source=elevated_dynamic_target mission_type=REJECTED_ALREADY_INSPECTED target_already_inspected age=10.0s count=1 distance_xy=1.43 radius=1.50,PATROL_NAVIGATING mode=AUTO nav_goal=PATROL,AUTO,0.120,0.016,1.421,-0.123,True,True,False
30.200,dynamic_target,count=1 x=1.59 y=-1.65 z=3.40,PATROL_NAVIGATING mode=AUTO nav_goal=PATROL,AUTO,0.120,0.016,1.423,-0.123,True,True,False
30.200,dynamic_lock,True,PATROL_NAVIGATING mode=AUTO nav_goal=PATROL,AUTO,0.120,0.016,1.423,-0.123,True,True,False
30.200,object_goal_state,REJECT source=elevated_dynamic_target mission_type=REJECTED_ALREADY_INSPECTED target_already_inspected age=10.0s count=1 distance_xy=1.44 radius=1.50,PATROL_NAVIGATING mode=AUTO nav_goal=PATROL,AUTO,0.120,0.016,1.423,-0.123,True,True,False
30.300,bird_confirmed,True,PATROL_NAVIGATING mode=AUTO nav_goal=PATROL,AUTO,0.120,0.016,1.440,-0.123,True,True,False
30.300,classification,GAZEBO_FAKE_YOLO11S_CLASSIFICATION class=bird,PATROL_NAVIGATING mode=AUTO nav_goal=PATROL,AUTO,0.120,0.016,1.440,-0.123,True,True,False
30.300,dynamic_target,count=1 x=1.59 y=-1.66 z=3.40,PATROL_NAVIGATING mode=AUTO nav_goal=PATROL,AUTO,0.120,0.016,1.440,-0.123,True,True,False
30.300,dynamic_lock,True,PATROL_NAVIGATING mode=AUTO nav_goal=PATROL,AUTO,0.120,0.016,1.440,-0.123,True,True,False
30.300,object_goal_state,REJECT source=elevated_dynamic_target mission_type=REJECTED_ALREADY_INSPECTED target_already_inspected age=10.1s count=1 distance_xy=1.45 radius=1.50,PATROL_NAVIGATING mode=AUTO nav_goal=PATROL,AUTO,0.120,0.016,1.440,-0.123,True,True,False
30.400,classification,GAZEBO_FAKE_YOLO11S_CLASSIFICATION class=bird,PATROL_NAVIGATING mode=AUTO nav_goal=PATROL,AUTO,0.120,0.016,1.459,-0.122,True,True,False
30.400,bird_confirmed,True,PATROL_NAVIGATING mode=AUTO nav_goal=PATROL,AUTO,0.120,0.016,1.459,-0.122,True,True,False
30.400,sound_state,IDLE_NO_REQUEST,PATROL_NAVIGATING mode=AUTO nav_goal=PATROL,AUTO,0.120,0.016,1.459,-0.122,True,True,False
30.400,sound_done,False,PATROL_NAVIGATING mode=AUTO nav_goal=PATROL,AUTO,0.120,0.016,1.459,-0.122,True,True,False
30.400,mission_state,PATROL_NAVIGATING mode=AUTO nav_goal=PATROL,PATROL_NAVIGATING mode=AUTO nav_goal=PATROL,AUTO,0.120,0.012,1.459,-0.122,True,True,False
30.400,dynamic_target,count=1 x=1.60 y=-1.66 z=3.40,PATROL_NAVIGATING mode=AUTO nav_goal=PATROL,AUTO,0.120,0.012,1.459,-0.122,True,True,False
30.400,dynamic_lock,True,PATROL_NAVIGATING mode=AUTO nav_goal=PATROL,AUTO,0.120,0.012,1.459,-0.122,True,True,False
30.400,object_goal_state,REJECT source=elevated_dynamic_target mission_type=REJECTED_ALREADY_INSPECTED target_already_inspected age=10.2s count=1 distance_xy=1.46 radius=1.50,PATROL_NAVIGATING mode=AUTO nav_goal=PATROL,AUTO,0.120,0.012,1.459,-0.122,True,True,False
30.400,dynamic_target,count=1 x=1.60 y=-1.66 z=3.40,PATROL_NAVIGATING mode=AUTO nav_goal=PATROL,AUTO,0.120,0.012,1.459,-0.122,True,True,False
30.400,dynamic_lock,True,PATROL_NAVIGATING mode=AUTO nav_goal=PATROL,AUTO,0.120,0.012,1.459,-0.122,True,True,False
30.400,object_goal_state,REJECT source=elevated_dynamic_target mission_type=REJECTED_ALREADY_INSPECTED target_already_inspected age=10.2s count=1 distance_xy=1.46 radius=1.50,PATROL_NAVIGATING mode=AUTO nav_goal=PATROL,AUTO,0.120,0.012,1.459,-0.122,True,True,False
30.500,classification,GAZEBO_FAKE_YOLO11S_CLASSIFICATION class=bird,PATROL_NAVIGATING mode=AUTO nav_goal=PATROL,AUTO,0.120,0.012,1.478,-0.122,True,True,False
30.500,bird_confirmed,True,PATROL_NAVIGATING mode=AUTO nav_goal=PATROL,AUTO,0.120,0.012,1.478,-0.122,True,True,False
30.500,dynamic_target,count=1 x=1.60 y=-1.67 z=3.40,PATROL_NAVIGATING mode=AUTO nav_goal=PATROL,AUTO,0.120,0.012,1.488,-0.121,True,True,False
30.500,dynamic_lock,True,PATROL_NAVIGATING mode=AUTO nav_goal=PATROL,AUTO,0.120,0.012,1.488,-0.121,True,True,False
30.500,object_goal_state,REJECT source=elevated_dynamic_target mission_type=REJECTED_ALREADY_INSPECTED target_already_inspected age=10.3s count=1 distance_xy=1.47 radius=1.50,PATROL_NAVIGATING mode=AUTO nav_goal=PATROL,AUTO,0.120,0.012,1.488,-0.121,True,True,False
30.600,dynamic_target,count=1 x=1.60 y=-1.67 z=3.40,PATROL_NAVIGATING mode=AUTO nav_goal=PATROL,AUTO,0.120,0.012,1.497,-0.121,True,True,False
30.600,dynamic_lock,True,PATROL_NAVIGATING mode=AUTO nav_goal=PATROL,AUTO,0.120,0.012,1.497,-0.121,True,True,False
30.600,sound_state,IDLE_NO_REQUEST,PATROL_NAVIGATING mode=AUTO nav_goal=PATROL,AUTO,0.120,0.012,1.497,-0.121,True,True,False
30.600,sound_done,False,PATROL_NAVIGATING mode=AUTO nav_goal=PATROL,AUTO,0.120,0.012,1.497,-0.121,True,True,False
30.600,mission_state,PATROL_NAVIGATING mode=AUTO nav_goal=PATROL,PATROL_NAVIGATING mode=AUTO nav_goal=PATROL,AUTO,0.120,0.010,1.497,-0.121,True,True,False
30.600,classification,GAZEBO_FAKE_YOLO11S_CLASSIFICATION class=bird,PATROL_NAVIGATING mode=AUTO nav_goal=PATROL,AUTO,0.120,0.010,1.497,-0.121,True,True,False
30.600,bird_confirmed,True,PATROL_NAVIGATING mode=AUTO nav_goal=PATROL,AUTO,0.120,0.010,1.497,-0.121,True,True,False
30.600,object_goal_state,REJECT source=elevated_dynamic_target mission_type=REJECTED_ALREADY_INSPECTED target_already_inspected age=10.4s count=1 distance_xy=1.47 radius=1.50,PATROL_NAVIGATING mode=AUTO nav_goal=PATROL,AUTO,0.120,0.010,1.497,-0.121,True,True,False
30.600,dynamic_target,count=1 x=1.61 y=-1.68 z=3.40,PATROL_NAVIGATING mode=AUTO nav_goal=PATROL,AUTO,0.120,0.010,1.497,-0.121,True,True,False
30.600,dynamic_lock,True,PATROL_NAVIGATING mode=AUTO nav_goal=PATROL,AUTO,0.120,0.010,1.497,-0.121,True,True,False
30.600,object_goal_state,REJECT source=elevated_dynamic_target mission_type=REJECTED_ALREADY_INSPECTED target_already_inspected age=10.4s count=1 distance_xy=1.47 radius=1.50,PATROL_NAVIGATING mode=AUTO nav_goal=PATROL,AUTO,0.120,0.010,1.497,-0.121,True,True,False
30.700,classification,GAZEBO_FAKE_YOLO11S_CLASSIFICATION class=bird,PATROL_NAVIGATING mode=AUTO nav_goal=PATROL,AUTO,0.120,0.010,1.517,-0.120,True,True,False
30.700,bird_confirmed,True,PATROL_NAVIGATING mode=AUTO nav_goal=PATROL,AUTO,0.120,0.010,1.517,-0.120,True,True,False
30.700,dynamic_target,count=1 x=1.62 y=-1.68 z=3.40,PATROL_NAVIGATING mode=AUTO nav_goal=PATROL,AUTO,0.120,0.007,1.517,-0.120,True,True,False
30.700,dynamic_lock,True,PATROL_NAVIGATING mode=AUTO nav_goal=PATROL,AUTO,0.120,0.007,1.517,-0.120,True,True,False
30.700,object_goal_state,REJECT source=elevated_dynamic_target mission_type=REJECTED_ALREADY_INSPECTED target_already_inspected age=10.5s count=1 distance_xy=1.48 radius=1.50,PATROL_NAVIGATING mode=AUTO nav_goal=PATROL,AUTO,0.120,0.007,1.517,-0.120,True,True,False
30.800,sound_state,IDLE_NO_REQUEST,PATROL_NAVIGATING mode=AUTO nav_goal=PATROL,AUTO,0.120,0.007,1.536,-0.120,True,True,False
30.800,sound_done,False,PATROL_NAVIGATING mode=AUTO nav_goal=PATROL,AUTO,0.120,0.007,1.536,-0.120,True,True,False
30.800,mission_state,PATROL_NAVIGATING mode=AUTO nav_goal=PATROL,PATROL_NAVIGATING mode=AUTO nav_goal=PATROL,AUTO,0.120,0.007,1.536,-0.120,True,True,False
30.800,dynamic_target,count=1 x=1.62 y=-1.68 z=3.40,PATROL_NAVIGATING mode=AUTO nav_goal=PATROL,AUTO,0.120,0.007,1.536,-0.120,True,True,False
30.800,dynamic_lock,True,PATROL_NAVIGATING mode=AUTO nav_goal=PATROL,AUTO,0.120,0.007,1.536,-0.120,True,True,False
30.800,object_goal_state,REJECT source=elevated_dynamic_target mission_type=REJECTED_ALREADY_INSPECTED target_already_inspected age=10.6s count=1 distance_xy=1.48 radius=1.50,PATROL_NAVIGATING mode=AUTO nav_goal=PATROL,AUTO,0.120,0.007,1.536,-0.120,True,True,False
30.800,bird_confirmed,True,PATROL_NAVIGATING mode=AUTO nav_goal=PATROL,AUTO,0.120,0.007,1.536,-0.120,True,True,False
30.800,classification,GAZEBO_FAKE_YOLO11S_CLASSIFICATION class=bird,PATROL_NAVIGATING mode=AUTO nav_goal=PATROL,AUTO,0.120,0.007,1.536,-0.120,True,True,False
30.800,dynamic_target,count=1 x=1.62 y=-1.69 z=3.40,PATROL_NAVIGATING mode=AUTO nav_goal=PATROL,AUTO,0.120,0.007,1.536,-0.120,True,True,False
30.800,dynamic_lock,True,PATROL_NAVIGATING mode=AUTO nav_goal=PATROL,AUTO,0.120,0.007,1.536,-0.120,True,True,False
30.800,object_goal_state,REJECT source=elevated_dynamic_target mission_type=REJECTED_ALREADY_INSPECTED target_already_inspected age=10.6s count=1 distance_xy=1.49 radius=1.50,PATROL_NAVIGATING mode=AUTO nav_goal=PATROL,AUTO,0.120,0.007,1.536,-0.120,True,True,False
30.900,classification,GAZEBO_FAKE_YOLO11S_CLASSIFICATION class=bird,PATROL_NAVIGATING mode=AUTO nav_goal=PATROL,AUTO,0.120,0.007,1.555,-0.119,True,True,False
30.900,bird_confirmed,True,PATROL_NAVIGATING mode=AUTO nav_goal=PATROL,AUTO,0.120,0.007,1.555,-0.119,True,True,False
30.900,dynamic_target,count=1 x=1.63 y=-1.69 z=3.40,PATROL_NAVIGATING mode=AUTO nav_goal=PATROL,AUTO,0.120,0.005,1.555,-0.119,True,True,False
30.900,dynamic_lock,True,PATROL_NAVIGATING mode=AUTO nav_goal=PATROL,AUTO,0.120,0.005,1.555,-0.119,True,True,False
30.900,object_goal_state,REJECT source=elevated_dynamic_target mission_type=REJECTED_ALREADY_INSPECTED target_already_inspected age=10.7s count=1 distance_xy=1.50 radius=1.50,PATROL_NAVIGATING mode=AUTO nav_goal=PATROL,AUTO,0.120,0.005,1.555,-0.119,True,True,False
31.000,classification,GAZEBO_FAKE_YOLO11S_CLASSIFICATION class=bird,PATROL_NAVIGATING mode=AUTO nav_goal=PATROL,AUTO,0.120,0.005,1.574,-0.118,True,True,False
31.000,bird_confirmed,True,PATROL_NAVIGATING mode=AUTO nav_goal=PATROL,AUTO,0.120,0.005,1.574,-0.118,True,True,False
31.000,sound_state,IDLE_NO_REQUEST,PATROL_NAVIGATING mode=AUTO nav_goal=PATROL,AUTO,0.120,0.005,1.574,-0.118,True,True,False
31.000,sound_done,False,PATROL_NAVIGATING mode=AUTO nav_goal=PATROL,AUTO,0.120,0.005,1.574,-0.118,True,True,False
31.000,mission_state,PATROL_NAVIGATING mode=AUTO nav_goal=PATROL,PATROL_NAVIGATING mode=AUTO nav_goal=PATROL,AUTO,0.120,0.005,1.574,-0.118,True,True,False
31.000,dynamic_target,count=1 x=1.63 y=-1.69 z=3.40,PATROL_NAVIGATING mode=AUTO nav_goal=PATROL,AUTO,0.120,0.005,1.574,-0.118,True,True,False
31.000,dynamic_lock,True,PATROL_NAVIGATING mode=AUTO nav_goal=PATROL,AUTO,0.120,0.005,1.574,-0.118,True,True,False
31.000,object_goal_state,REJECT source=elevated_dynamic_target mission_type=REJECTED_ALREADY_INSPECTED target_already_inspected age=10.8s count=1 distance_xy=1.50 radius=1.50,PATROL_NAVIGATING mode=AUTO nav_goal=PATROL,AUTO,0.120,0.005,1.574,-0.118,True,True,False
31.000,dynamic_target,count=1 x=1.63 y=-1.70 z=3.40,PATROL_NAVIGATING mode=AUTO nav_goal=PATROL,AUTO,0.120,0.005,1.574,-0.118,True,True,False
31.000,dynamic_lock,True,PATROL_NAVIGATING mode=AUTO nav_goal=PATROL,AUTO,0.120,0.005,1.574,-0.118,True,True,False
31.000,inspection_goal,x=1.57 y=-0.12,PATROL_NAVIGATING mode=AUTO nav_goal=PATROL,AUTO,0.120,0.005,1.574,-0.118,True,True,False
31.000,mission_event,timestamp=31.000 mission_id=0 target_mission_id=1 state=PATROL_NAVIGATING event_type=TARGET_IGNORED_TARGET_LOCK reason=remaining_sec=2.70 state=PATROL_NAVIGATING waypoint_index=1,PATROL_NAVIGATING mode=AUTO nav_goal=PATROL,AUTO,0.120,0.005,1.574,-0.118,True,True,False
31.000,object_goal_state,ACCEPT_INSPECTION_GOAL source=elevated_dynamic_target height=3.40 range=1.58 dynamic=True z_valid=True bird_confirmed=True target_class=bird offset_m=2.00 frame=odom goal_x=1.574 goal_y=-0.118,PATROL_NAVIGATING mode=AUTO nav_goal=PATROL,AUTO,0.120,0.005,1.574,-0.118,True,True,False
31.100,classification,GAZEBO_FAKE_YOLO11S_CLASSIFICATION class=bird,PATROL_NAVIGATING mode=AUTO nav_goal=PATROL,AUTO,0.120,0.005,1.593,-0.118,True,True,False
31.100,bird_confirmed,True,PATROL_NAVIGATING mode=AUTO nav_goal=PATROL,AUTO,0.120,0.005,1.593,-0.118,True,True,False
31.100,dynamic_target,count=1 x=1.64 y=-1.71 z=3.40,PATROL_NAVIGATING mode=AUTO nav_goal=PATROL,AUTO,0.120,0.005,1.593,-0.118,True,True,False
31.100,dynamic_lock,True,PATROL_NAVIGATING mode=AUTO nav_goal=PATROL,AUTO,0.120,0.005,1.593,-0.118,True,True,False
31.100,object_goal_state,REJECT cooldown source=elevated_dynamic_target remaining_sec=7.90,PATROL_NAVIGATING mode=AUTO nav_goal=PATROL,AUTO,0.120,0.005,1.593,-0.118,True,True,False
31.200,sound_state,IDLE_NO_REQUEST,PATROL_NAVIGATING mode=AUTO nav_goal=PATROL,AUTO,0.120,0.005,1.612,-0.117,True,True,False
31.200,sound_done,False,PATROL_NAVIGATING mode=AUTO nav_goal=PATROL,AUTO,0.120,0.005,1.612,-0.117,True,True,False
31.200,mission_state,PATROL_NAVIGATING mode=AUTO nav_goal=PATROL,PATROL_NAVIGATING mode=AUTO nav_goal=PATROL,AUTO,0.120,0.005,1.612,-0.117,True,True,False
31.200,classification,GAZEBO_FAKE_YOLO11S_CLASSIFICATION class=bird,PATROL_NAVIGATING mode=AUTO nav_goal=PATROL,AUTO,0.120,0.005,1.612,-0.117,True,True,False
31.200,bird_confirmed,True,PATROL_NAVIGATING mode=AUTO nav_goal=PATROL,AUTO,0.120,0.005,1.612,-0.117,True,True,False
31.200,dynamic_target,count=1 x=1.64 y=-1.71 z=3.40,PATROL_NAVIGATING mode=AUTO nav_goal=PATROL,AUTO,0.120,0.005,1.628,-0.117,True,True,False
31.200,dynamic_lock,True,PATROL_NAVIGATING mode=AUTO nav_goal=PATROL,AUTO,0.120,0.005,1.628,-0.117,True,True,False
31.200,object_goal_state,REJECT cooldown source=elevated_dynamic_target remaining_sec=7.80,PATROL_NAVIGATING mode=AUTO nav_goal=PATROL,AUTO,0.120,0.005,1.628,-0.117,True,True,False
31.200,dynamic_target,count=1 x=1.64 y=-1.71 z=3.40,PATROL_NAVIGATING mode=AUTO nav_goal=PATROL,AUTO,0.120,0.005,1.628,-0.117,True,True,False
31.200,dynamic_lock,True,PATROL_NAVIGATING mode=AUTO nav_goal=PATROL,AUTO,0.120,0.005,1.628,-0.117,True,True,False
31.200,object_goal_state,REJECT cooldown source=elevated_dynamic_target remaining_sec=7.80,PATROL_NAVIGATING mode=AUTO nav_goal=PATROL,AUTO,0.120,0.005,1.628,-0.117,True,True,False
31.300,classification,GAZEBO_FAKE_YOLO11S_CLASSIFICATION class=bird,PATROL_NAVIGATING mode=AUTO nav_goal=PATROL,AUTO,0.120,0.005,1.631,-0.117,True,True,False
31.300,bird_confirmed,True,PATROL_NAVIGATING mode=AUTO nav_goal=PATROL,AUTO,0.120,0.005,1.631,-0.117,True,True,False
31.300,dynamic_target,count=1 x=1.65 y=-1.72 z=3.40,PATROL_NAVIGATING mode=AUTO nav_goal=PATROL,AUTO,0.120,0.005,1.631,-0.117,True,True,False
31.300,dynamic_lock,True,PATROL_NAVIGATING mode=AUTO nav_goal=PATROL,AUTO,0.120,0.005,1.631,-0.117,True,True,False
31.300,object_goal_state,REJECT cooldown source=elevated_dynamic_target remaining_sec=7.70,PATROL_NAVIGATING mode=AUTO nav_goal=PATROL,AUTO,0.120,0.005,1.631,-0.117,True,True,False
31.400,dynamic_target,count=1 x=1.65 y=-1.72 z=3.40,PATROL_NAVIGATING mode=AUTO nav_goal=PATROL,AUTO,0.120,0.005,1.651,-0.116,True,True,False
31.400,dynamic_lock,True,PATROL_NAVIGATING mode=AUTO nav_goal=PATROL,AUTO,0.120,0.005,1.651,-0.116,True,True,False
31.400,sound_state,IDLE_NO_REQUEST,PATROL_NAVIGATING mode=AUTO nav_goal=PATROL,AUTO,0.120,0.005,1.651,-0.116,True,True,False
31.400,sound_done,False,PATROL_NAVIGATING mode=AUTO nav_goal=PATROL,AUTO,0.120,0.005,1.651,-0.116,True,True,False
31.400,mission_state,PATROL_NAVIGATING mode=AUTO nav_goal=PATROL,PATROL_NAVIGATING mode=AUTO nav_goal=PATROL,AUTO,0.120,0.005,1.651,-0.116,True,True,False
31.400,object_goal_state,REJECT cooldown source=elevated_dynamic_target remaining_sec=7.60,PATROL_NAVIGATING mode=AUTO nav_goal=PATROL,AUTO,0.120,0.005,1.651,-0.116,True,True,False
31.400,classification,GAZEBO_FAKE_YOLO11S_CLASSIFICATION class=bird,PATROL_NAVIGATING mode=AUTO nav_goal=PATROL,AUTO,0.120,0.005,1.651,-0.116,True,True,False
31.400,bird_confirmed,True,PATROL_NAVIGATING mode=AUTO nav_goal=PATROL,AUTO,0.120,0.005,1.651,-0.116,True,True,False
31.400,dynamic_target,count=1 x=1.66 y=-1.72 z=3.40,PATROL_NAVIGATING mode=AUTO nav_goal=PATROL,AUTO,0.120,0.005,1.651,-0.116,True,True,False
31.400,dynamic_lock,True,PATROL_NAVIGATING mode=AUTO nav_goal=PATROL,AUTO,0.120,0.005,1.651,-0.116,True,True,False
31.400,object_goal_state,REJECT cooldown source=elevated_dynamic_target remaining_sec=7.60,PATROL_NAVIGATING mode=AUTO nav_goal=PATROL,AUTO,0.120,0.005,1.653,-0.116,True,True,False
31.500,classification,GAZEBO_FAKE_YOLO11S_CLASSIFICATION class=bird,PATROL_NAVIGATING mode=AUTO nav_goal=PATROL,AUTO,0.120,0.005,1.670,-0.115,True,True,False
31.500,bird_confirmed,True,PATROL_NAVIGATING mode=AUTO nav_goal=PATROL,AUTO,0.120,0.005,1.670,-0.115,True,True,False
31.500,dynamic_target,count=1 x=1.66 y=-1.73 z=3.40,PATROL_NAVIGATING mode=AUTO nav_goal=PATROL,AUTO,0.120,0.005,1.670,-0.115,True,True,False
31.500,dynamic_lock,True,PATROL_NAVIGATING mode=AUTO nav_goal=PATROL,AUTO,0.120,0.005,1.670,-0.115,True,True,False
31.500,object_goal_state,REJECT cooldown source=elevated_dynamic_target remaining_sec=7.50,PATROL_NAVIGATING mode=AUTO nav_goal=PATROL,AUTO,0.120,0.005,1.670,-0.115,True,True,False
31.600,mission_state,PATROL_NAVIGATING mode=AUTO nav_goal=PATROL,PATROL_NAVIGATING mode=AUTO nav_goal=PATROL,AUTO,0.120,0.005,1.689,-0.115,True,True,False
31.600,sound_state,IDLE_NO_REQUEST,PATROL_NAVIGATING mode=AUTO nav_goal=PATROL,AUTO,0.120,0.005,1.689,-0.115,True,True,False
31.600,sound_done,False,PATROL_NAVIGATING mode=AUTO nav_goal=PATROL,AUTO,0.120,0.005,1.689,-0.115,True,True,False
31.600,object_goal_state,REJECT cooldown source=elevated_dynamic_target remaining_sec=7.40,PATROL_NAVIGATING mode=AUTO nav_goal=PATROL,AUTO,0.120,0.005,1.689,-0.115,True,True,False
31.600,dynamic_target,count=1 x=1.66 y=-1.73 z=3.40,PATROL_NAVIGATING mode=AUTO nav_goal=PATROL,AUTO,0.120,0.005,1.689,-0.115,True,True,False
31.600,dynamic_lock,True,PATROL_NAVIGATING mode=AUTO nav_goal=PATROL,AUTO,0.120,0.005,1.689,-0.115,True,True,False
31.600,classification,GAZEBO_FAKE_YOLO11S_CLASSIFICATION class=bird,PATROL_NAVIGATING mode=AUTO nav_goal=PATROL,AUTO,0.120,0.005,1.689,-0.115,True,True,False
31.600,bird_confirmed,True,PATROL_NAVIGATING mode=AUTO nav_goal=PATROL,AUTO,0.120,0.005,1.689,-0.115,True,True,False
31.600,dynamic_target,count=1 x=1.67 y=-1.74 z=3.40,PATROL_NAVIGATING mode=AUTO nav_goal=PATROL,AUTO,0.120,0.005,1.689,-0.115,True,True,False
31.600,dynamic_lock,True,PATROL_NAVIGATING mode=AUTO nav_goal=PATROL,AUTO,0.120,0.005,1.689,-0.115,True,True,False
31.600,object_goal_state,REJECT cooldown source=elevated_dynamic_target remaining_sec=7.40,PATROL_NAVIGATING mode=AUTO nav_goal=PATROL,AUTO,0.120,0.005,1.689,-0.115,True,True,False
31.700,classification,GAZEBO_FAKE_YOLO11S_CLASSIFICATION class=bird,PATROL_NAVIGATING mode=AUTO nav_goal=PATROL,AUTO,0.120,0.005,1.708,-0.114,True,True,False
31.700,bird_confirmed,True,PATROL_NAVIGATING mode=AUTO nav_goal=PATROL,AUTO,0.120,0.005,1.708,-0.114,True,True,False
31.700,dynamic_target,count=1 x=1.67 y=-1.74 z=3.40,PATROL_NAVIGATING mode=AUTO nav_goal=PATROL,AUTO,0.120,0.005,1.708,-0.114,True,True,False
31.700,dynamic_lock,True,PATROL_NAVIGATING mode=AUTO nav_goal=PATROL,AUTO,0.120,0.005,1.708,-0.114,True,True,False
31.700,object_goal_state,REJECT cooldown source=elevated_dynamic_target remaining_sec=7.30,PATROL_NAVIGATING mode=AUTO nav_goal=PATROL,AUTO,0.120,0.005,1.708,-0.114,True,True,False
31.800,classification,GAZEBO_FAKE_YOLO11S_CLASSIFICATION class=bird,PATROL_NAVIGATING mode=AUTO nav_goal=PATROL,AUTO,0.120,0.005,1.727,-0.113,True,True,False
31.800,bird_confirmed,True,PATROL_NAVIGATING mode=AUTO nav_goal=PATROL,AUTO,0.120,0.005,1.727,-0.113,True,True,False
31.800,mission_state,PATROL_NAVIGATING mode=AUTO nav_goal=PATROL,PATROL_NAVIGATING mode=AUTO nav_goal=PATROL,AUTO,0.120,0.005,1.727,-0.113,True,True,False
31.800,sound_state,IDLE_NO_REQUEST,PATROL_NAVIGATING mode=AUTO nav_goal=PATROL,AUTO,0.120,0.005,1.727,-0.113,True,True,False
31.800,sound_done,False,PATROL_NAVIGATING mode=AUTO nav_goal=PATROL,AUTO,0.120,0.005,1.727,-0.113,True,True,False
31.800,dynamic_target,count=1 x=1.68 y=-1.75 z=3.40,PATROL_NAVIGATING mode=AUTO nav_goal=PATROL,AUTO,0.120,0.005,1.737,-0.113,True,True,False
31.800,dynamic_lock,True,PATROL_NAVIGATING mode=AUTO nav_goal=PATROL,AUTO,0.120,0.005,1.737,-0.113,True,True,False
31.800,object_goal_state,REJECT cooldown source=elevated_dynamic_target remaining_sec=7.20,PATROL_NAVIGATING mode=AUTO nav_goal=PATROL,AUTO,0.120,0.005,1.737,-0.113,True,True,False
31.800,dynamic_target,count=1 x=1.68 y=-1.75 z=3.40,PATROL_NAVIGATING mode=AUTO nav_goal=PATROL,AUTO,0.120,0.005,1.737,-0.113,True,True,False
31.800,dynamic_lock,True,PATROL_NAVIGATING mode=AUTO nav_goal=PATROL,AUTO,0.120,0.005,1.737,-0.113,True,True,False
31.800,object_goal_state,REJECT cooldown source=elevated_dynamic_target remaining_sec=7.20,PATROL_NAVIGATING mode=AUTO nav_goal=PATROL,AUTO,0.120,0.005,1.737,-0.113,True,True,False
31.900,bird_confirmed,True,PATROL_NAVIGATING mode=AUTO nav_goal=PATROL,AUTO,0.120,0.005,1.746,-0.113,True,True,False
31.900,classification,GAZEBO_FAKE_YOLO11S_CLASSIFICATION class=bird,PATROL_NAVIGATING mode=AUTO nav_goal=PATROL,AUTO,0.120,0.005,1.746,-0.113,True,True,False
31.900,dynamic_target,count=1 x=1.69 y=-1.75 z=3.40,PATROL_NAVIGATING mode=AUTO nav_goal=PATROL,AUTO,0.120,0.004,1.746,-0.113,True,True,False
31.900,dynamic_lock,True,PATROL_NAVIGATING mode=AUTO nav_goal=PATROL,AUTO,0.120,0.004,1.746,-0.113,True,True,False
31.900,object_goal_state,REJECT cooldown source=elevated_dynamic_target remaining_sec=7.10,PATROL_NAVIGATING mode=AUTO nav_goal=PATROL,AUTO,0.120,0.004,1.746,-0.113,True,True,False
32.000,classification,GAZEBO_FAKE_YOLO11S_CLASSIFICATION class=bird,PATROL_NAVIGATING mode=AUTO nav_goal=PATROL,AUTO,0.120,0.004,1.766,-0.112,True,True,False
32.000,bird_confirmed,True,PATROL_NAVIGATING mode=AUTO nav_goal=PATROL,AUTO,0.120,0.004,1.766,-0.112,True,True,False
32.000,sound_state,IDLE_NO_REQUEST,PATROL_NAVIGATING mode=AUTO nav_goal=PATROL,AUTO,0.120,0.004,1.766,-0.112,True,True,False
32.000,sound_done,False,PATROL_NAVIGATING mode=AUTO nav_goal=PATROL,AUTO,0.120,0.004,1.766,-0.112,True,True,False
32.000,mission_state,PATROL_NAVIGATING mode=AUTO nav_goal=PATROL,PATROL_NAVIGATING mode=AUTO nav_goal=PATROL,AUTO,0.120,0.004,1.766,-0.112,True,True,False
32.000,dynamic_target,count=1 x=1.69 y=-1.76 z=3.40,PATROL_NAVIGATING mode=AUTO nav_goal=PATROL,AUTO,0.120,0.004,1.766,-0.112,True,True,False
32.000,dynamic_lock,True,PATROL_NAVIGATING mode=AUTO nav_goal=PATROL,AUTO,0.120,0.004,1.766,-0.112,True,True,False
32.000,object_goal_state,REJECT cooldown source=elevated_dynamic_target remaining_sec=7.00,PATROL_NAVIGATING mode=AUTO nav_goal=PATROL,AUTO,0.120,0.004,1.766,-0.112,True,True,False
32.000,dynamic_target,count=1 x=1.69 y=-1.76 z=3.40,PATROL_NAVIGATING mode=AUTO nav_goal=PATROL,AUTO,0.120,0.004,1.766,-0.112,True,True,False
32.000,dynamic_lock,True,PATROL_NAVIGATING mode=AUTO nav_goal=PATROL,AUTO,0.120,0.004,1.766,-0.112,True,True,False
32.000,object_goal_state,REJECT cooldown source=elevated_dynamic_target remaining_sec=7.00,PATROL_NAVIGATING mode=AUTO nav_goal=PATROL,AUTO,0.120,0.004,1.766,-0.112,True,True,False
32.100,classification,GAZEBO_FAKE_YOLO11S_CLASSIFICATION class=bird,PATROL_NAVIGATING mode=AUTO nav_goal=PATROL,AUTO,0.120,0.004,1.785,-0.111,True,True,False
32.100,bird_confirmed,True,PATROL_NAVIGATING mode=AUTO nav_goal=PATROL,AUTO,0.120,0.004,1.785,-0.111,True,True,False
32.100,dynamic_target,count=1 x=1.70 y=-1.77 z=3.40,PATROL_NAVIGATING mode=AUTO nav_goal=PATROL,AUTO,0.120,0.004,1.796,-0.111,True,True,False
32.100,dynamic_lock,True,PATROL_NAVIGATING mode=AUTO nav_goal=PATROL,AUTO,0.120,0.004,1.796,-0.111,True,True,False
32.100,object_goal_state,REJECT cooldown source=elevated_dynamic_target remaining_sec=6.90,PATROL_NAVIGATING mode=AUTO nav_goal=PATROL,AUTO,0.120,0.004,1.796,-0.111,True,True,False
32.200,mission_state,PATROL_NAVIGATING mode=AUTO nav_goal=PATROL,PATROL_NAVIGATING mode=AUTO nav_goal=PATROL,AUTO,0.120,0.004,1.804,-0.111,True,True,False
32.200,dynamic_target,count=1 x=1.70 y=-1.77 z=3.40,PATROL_NAVIGATING mode=AUTO nav_goal=PATROL,AUTO,0.120,0.004,1.804,-0.111,True,True,False
32.200,dynamic_lock,True,PATROL_NAVIGATING mode=AUTO nav_goal=PATROL,AUTO,0.120,0.004,1.804,-0.111,True,True,False
32.200,classification,GAZEBO_FAKE_YOLO11S_CLASSIFICATION class=bird,PATROL_NAVIGATING mode=AUTO nav_goal=PATROL,AUTO,0.120,0.004,1.804,-0.111,True,True,False
32.200,bird_confirmed,True,PATROL_NAVIGATING mode=AUTO nav_goal=PATROL,AUTO,0.120,0.004,1.804,-0.111,True,True,False
32.200,sound_state,IDLE_NO_REQUEST,PATROL_NAVIGATING mode=AUTO nav_goal=PATROL,AUTO,0.120,0.004,1.804,-0.111,True,True,False
32.200,sound_done,False,PATROL_NAVIGATING mode=AUTO nav_goal=PATROL,AUTO,0.120,0.004,1.804,-0.111,True,True,False
32.200,object_goal_state,REJECT cooldown source=elevated_dynamic_target remaining_sec=6.80,PATROL_NAVIGATING mode=AUTO nav_goal=PATROL,AUTO,0.120,0.004,1.804,-0.111,True,True,False
32.200,dynamic_target,count=1 x=1.70 y=-1.77 z=3.40,PATROL_NAVIGATING mode=AUTO nav_goal=PATROL,AUTO,0.120,0.004,1.804,-0.111,True,True,False
32.200,dynamic_lock,True,PATROL_NAVIGATING mode=AUTO nav_goal=PATROL,AUTO,0.120,0.004,1.804,-0.111,True,True,False
32.200,object_goal_state,REJECT cooldown source=elevated_dynamic_target remaining_sec=6.80,PATROL_NAVIGATING mode=AUTO nav_goal=PATROL,AUTO,0.120,0.004,1.804,-0.111,True,True,False
32.300,classification,GAZEBO_FAKE_YOLO11S_CLASSIFICATION class=bird,PATROL_NAVIGATING mode=AUTO nav_goal=PATROL,AUTO,0.120,0.004,1.823,-0.110,True,True,False
32.300,bird_confirmed,True,PATROL_NAVIGATING mode=AUTO nav_goal=PATROL,AUTO,0.120,0.004,1.823,-0.110,True,True,False
32.300,dynamic_target,count=1 x=1.71 y=-1.78 z=3.40,PATROL_NAVIGATING mode=AUTO nav_goal=PATROL,AUTO,0.120,0.003,1.825,-0.110,True,True,False
32.300,dynamic_lock,True,PATROL_NAVIGATING mode=AUTO nav_goal=PATROL,AUTO,0.120,0.003,1.825,-0.110,True,True,False
32.300,object_goal_state,REJECT cooldown source=elevated_dynamic_target remaining_sec=6.70,PATROL_NAVIGATING mode=AUTO nav_goal=PATROL,AUTO,0.120,0.003,1.825,-0.110,True,True,False
32.400,mission_state,PATROL_NAVIGATING mode=AUTO nav_goal=PATROL,PATROL_NAVIGATING mode=AUTO nav_goal=PATROL,AUTO,0.120,0.003,1.842,-0.109,True,True,False
32.400,classification,GAZEBO_FAKE_YOLO11S_CLASSIFICATION class=bird,PATROL_NAVIGATING mode=AUTO nav_goal=PATROL,AUTO,0.120,0.003,1.842,-0.109,True,True,False
32.400,bird_confirmed,True,PATROL_NAVIGATING mode=AUTO nav_goal=PATROL,AUTO,0.120,0.003,1.842,-0.109,True,True,False
32.400,sound_state,IDLE_NO_REQUEST,PATROL_NAVIGATING mode=AUTO nav_goal=PATROL,AUTO,0.120,0.003,1.842,-0.109,True,True,False
32.400,sound_done,False,PATROL_NAVIGATING mode=AUTO nav_goal=PATROL,AUTO,0.120,0.003,1.842,-0.109,True,True,False
32.400,dynamic_target,count=1 x=1.71 y=-1.79 z=3.40,PATROL_NAVIGATING mode=AUTO nav_goal=PATROL,AUTO,0.120,0.003,1.854,-0.109,True,True,False
32.400,dynamic_lock,True,PATROL_NAVIGATING mode=AUTO nav_goal=PATROL,AUTO,0.120,0.003,1.854,-0.109,True,True,False
32.400,object_goal_state,REJECT cooldown source=elevated_dynamic_target remaining_sec=6.60,PATROL_NAVIGATING mode=AUTO nav_goal=PATROL,AUTO,0.120,0.003,1.854,-0.109,True,True,False
32.400,dynamic_target,count=1 x=1.71 y=-1.79 z=3.40,PATROL_NAVIGATING mode=AUTO nav_goal=PATROL,AUTO,0.120,0.003,1.854,-0.109,True,True,False
32.400,dynamic_lock,True,PATROL_NAVIGATING mode=AUTO nav_goal=PATROL,AUTO,0.120,0.003,1.854,-0.109,True,True,False
32.400,object_goal_state,REJECT cooldown source=elevated_dynamic_target remaining_sec=6.60,PATROL_NAVIGATING mode=AUTO nav_goal=PATROL,AUTO,0.120,0.003,1.854,-0.109,True,True,False
32.500,classification,GAZEBO_FAKE_YOLO11S_CLASSIFICATION class=bird,PATROL_NAVIGATING mode=AUTO nav_goal=PATROL,AUTO,0.120,0.003,1.862,-0.109,True,True,False
32.500,bird_confirmed,True,PATROL_NAVIGATING mode=AUTO nav_goal=PATROL,AUTO,0.120,0.003,1.862,-0.109,True,True,False
32.500,dynamic_target,count=1 x=1.72 y=-1.79 z=3.40,PATROL_NAVIGATING mode=AUTO nav_goal=PATROL,AUTO,0.120,0.003,1.862,-0.109,True,True,False
32.500,dynamic_lock,True,PATROL_NAVIGATING mode=AUTO nav_goal=PATROL,AUTO,0.120,0.003,1.862,-0.109,True,True,False
32.500,object_goal_state,REJECT cooldown source=elevated_dynamic_target remaining_sec=6.50,PATROL_NAVIGATING mode=AUTO nav_goal=PATROL,AUTO,0.120,0.003,1.862,-0.109,True,True,False
32.600,mission_state,PATROL_NAVIGATING mode=AUTO nav_goal=PATROL,PATROL_NAVIGATING mode=AUTO nav_goal=PATROL,AUTO,0.120,0.003,1.881,-0.108,True,True,False
32.600,classification,GAZEBO_FAKE_YOLO11S_CLASSIFICATION class=bird,PATROL_NAVIGATING mode=AUTO nav_goal=PATROL,AUTO,0.120,0.003,1.881,-0.108,True,True,False
32.600,bird_confirmed,True,PATROL_NAVIGATING mode=AUTO nav_goal=PATROL,AUTO,0.120,0.003,1.881,-0.108,True,True,False
32.600,sound_state,IDLE_NO_REQUEST,PATROL_NAVIGATING mode=AUTO nav_goal=PATROL,AUTO,0.120,0.003,1.881,-0.108,True,True,False
32.600,sound_done,False,PATROL_NAVIGATING mode=AUTO nav_goal=PATROL,AUTO,0.120,0.003,1.881,-0.108,True,True,False
32.600,dynamic_target,count=1 x=1.73 y=-1.80 z=3.40,PATROL_NAVIGATING mode=AUTO nav_goal=PATROL,AUTO,0.120,0.003,1.881,-0.108,True,True,False
32.600,dynamic_lock,True,PATROL_NAVIGATING mode=AUTO nav_goal=PATROL,AUTO,0.120,0.003,1.881,-0.108,True,True,False
32.600,object_goal_state,REJECT cooldown source=elevated_dynamic_target remaining_sec=6.40,PATROL_NAVIGATING mode=AUTO nav_goal=PATROL,AUTO,0.120,0.003,1.881,-0.108,True,True,False
32.600,dynamic_target,count=1 x=1.73 y=-1.80 z=3.40,PATROL_NAVIGATING mode=AUTO nav_goal=PATROL,AUTO,0.120,0.003,1.881,-0.108,True,True,False
32.600,dynamic_lock,True,PATROL_NAVIGATING mode=AUTO nav_goal=PATROL,AUTO,0.120,0.003,1.881,-0.108,True,True,False
32.600,object_goal_state,REJECT cooldown source=elevated_dynamic_target remaining_sec=6.40,PATROL_NAVIGATING mode=AUTO nav_goal=PATROL,AUTO,0.120,0.003,1.881,-0.108,True,True,False
32.700,classification,GAZEBO_FAKE_YOLO11S_CLASSIFICATION class=bird,PATROL_NAVIGATING mode=AUTO nav_goal=PATROL,AUTO,0.120,0.003,1.900,-0.108,True,True,False
32.700,bird_confirmed,True,PATROL_NAVIGATING mode=AUTO nav_goal=PATROL,AUTO,0.120,0.003,1.900,-0.108,True,True,False
32.700,dynamic_target,count=1 x=1.73 y=-1.80 z=3.40,PATROL_NAVIGATING mode=AUTO nav_goal=PATROL,AUTO,0.120,0.003,1.909,-0.107,True,True,False
32.700,dynamic_lock,True,PATROL_NAVIGATING mode=AUTO nav_goal=PATROL,AUTO,0.120,0.003,1.909,-0.107,True,True,False
32.700,object_goal_state,REJECT cooldown source=elevated_dynamic_target remaining_sec=6.30,PATROL_NAVIGATING mode=AUTO nav_goal=PATROL,AUTO,0.120,0.003,1.909,-0.107,True,True,False
32.800,mission_state,PATROL_NAVIGATING mode=AUTO nav_goal=PATROL,PATROL_NAVIGATING mode=AUTO nav_goal=PATROL,AUTO,0.120,0.003,1.919,-0.107,True,True,False
32.800,dynamic_target,count=1 x=1.73 y=-1.80 z=3.40,PATROL_NAVIGATING mode=AUTO nav_goal=PATROL,AUTO,0.120,0.003,1.919,-0.107,True,True,False
32.800,dynamic_lock,True,PATROL_NAVIGATING mode=AUTO nav_goal=PATROL,AUTO,0.120,0.003,1.919,-0.107,True,True,False
32.800,classification,GAZEBO_FAKE_YOLO11S_CLASSIFICATION class=bird,PATROL_NAVIGATING mode=AUTO nav_goal=PATROL,AUTO,0.120,0.003,1.919,-0.107,True,True,False
32.800,bird_confirmed,True,PATROL_NAVIGATING mode=AUTO nav_goal=PATROL,AUTO,0.120,0.003,1.919,-0.107,True,True,False
32.800,sound_state,IDLE_NO_REQUEST,PATROL_NAVIGATING mode=AUTO nav_goal=PATROL,AUTO,0.120,0.003,1.919,-0.107,True,True,False
32.800,sound_done,False,PATROL_NAVIGATING mode=AUTO nav_goal=PATROL,AUTO,0.120,0.003,1.919,-0.107,True,True,False
32.800,object_goal_state,REJECT cooldown source=elevated_dynamic_target remaining_sec=6.20,PATROL_NAVIGATING mode=AUTO nav_goal=PATROL,AUTO,0.120,0.003,1.919,-0.107,True,True,False
32.800,dynamic_target,count=1 x=1.74 y=-1.81 z=3.40,PATROL_NAVIGATING mode=AUTO nav_goal=PATROL,AUTO,0.120,0.003,1.919,-0.107,True,True,False
32.800,dynamic_lock,True,PATROL_NAVIGATING mode=AUTO nav_goal=PATROL,AUTO,0.120,0.003,1.919,-0.107,True,True,False
32.800,object_goal_state,REJECT cooldown source=elevated_dynamic_target remaining_sec=6.20,PATROL_NAVIGATING mode=AUTO nav_goal=PATROL,AUTO,0.120,0.003,1.919,-0.107,True,True,False
32.900,classification,GAZEBO_FAKE_YOLO11S_CLASSIFICATION class=bird,PATROL_NAVIGATING mode=AUTO nav_goal=PATROL,AUTO,0.120,0.003,1.938,-0.106,True,True,False
32.900,bird_confirmed,True,PATROL_NAVIGATING mode=AUTO nav_goal=PATROL,AUTO,0.120,0.003,1.938,-0.106,True,True,False
32.900,dynamic_target,count=1 x=1.74 y=-1.82 z=3.40,PATROL_NAVIGATING mode=AUTO nav_goal=PATROL,AUTO,0.120,0.003,1.938,-0.106,True,True,False
32.900,dynamic_lock,True,PATROL_NAVIGATING mode=AUTO nav_goal=PATROL,AUTO,0.120,0.003,1.938,-0.106,True,True,False
32.900,object_goal_state,REJECT cooldown source=elevated_dynamic_target remaining_sec=6.10,PATROL_NAVIGATING mode=AUTO nav_goal=PATROL,AUTO,0.120,0.003,1.938,-0.106,True,True,False
33.000,classification,GAZEBO_FAKE_YOLO11S_CLASSIFICATION class=bird,PATROL_NAVIGATING mode=AUTO nav_goal=PATROL,AUTO,0.120,0.003,1.957,-0.106,True,True,False
33.000,bird_confirmed,True,PATROL_NAVIGATING mode=AUTO nav_goal=PATROL,AUTO,0.120,0.003,1.957,-0.106,True,True,False
33.000,mission_state,PATROL_NAVIGATING mode=AUTO nav_goal=PATROL,PATROL_NAVIGATING mode=AUTO nav_goal=PATROL,AUTO,0.120,0.003,1.957,-0.106,True,True,False
33.000,sound_state,IDLE_NO_REQUEST,PATROL_NAVIGATING mode=AUTO nav_goal=PATROL,AUTO,0.120,0.003,1.957,-0.106,True,True,False
33.000,sound_done,False,PATROL_NAVIGATING mode=AUTO nav_goal=PATROL,AUTO,0.120,0.003,1.957,-0.106,True,True,False
33.000,dynamic_target,count=1 x=1.75 y=-1.82 z=3.40,PATROL_NAVIGATING mode=AUTO nav_goal=PATROL,AUTO,0.120,0.003,1.965,-0.105,True,True,False
33.000,dynamic_lock,True,PATROL_NAVIGATING mode=AUTO nav_goal=PATROL,AUTO,0.120,0.003,1.965,-0.105,True,True,False
33.000,object_goal_state,REJECT cooldown source=elevated_dynamic_target remaining_sec=6.00,PATROL_NAVIGATING mode=AUTO nav_goal=PATROL,AUTO,0.120,0.003,1.965,-0.105,True,True,False
33.000,dynamic_target,count=1 x=1.75 y=-1.82 z=3.40,PATROL_NAVIGATING mode=AUTO nav_goal=PATROL,AUTO,0.120,0.003,1.965,-0.105,True,True,False
33.000,dynamic_lock,True,PATROL_NAVIGATING mode=AUTO nav_goal=PATROL,AUTO,0.120,0.003,1.965,-0.105,True,True,False
33.000,object_goal_state,REJECT cooldown source=elevated_dynamic_target remaining_sec=6.00,PATROL_NAVIGATING mode=AUTO nav_goal=PATROL,AUTO,0.120,0.003,1.965,-0.105,True,True,False
33.100,classification,GAZEBO_FAKE_YOLO11S_CLASSIFICATION class=bird,PATROL_NAVIGATING mode=AUTO nav_goal=PATROL,AUTO,0.120,0.003,1.977,-0.105,True,True,False
33.100,bird_confirmed,True,PATROL_NAVIGATING mode=AUTO nav_goal=PATROL,AUTO,0.120,0.003,1.977,-0.105,True,True,False
33.100,dynamic_target,count=1 x=1.76 y=-1.83 z=3.40,PATROL_NAVIGATING mode=AUTO nav_goal=PATROL,AUTO,0.120,0.003,1.977,-0.105,True,True,False
33.100,dynamic_lock,True,PATROL_NAVIGATING mode=AUTO nav_goal=PATROL,AUTO,0.120,0.003,1.977,-0.105,True,True,False
33.100,object_goal_state,REJECT cooldown source=elevated_dynamic_target remaining_sec=5.90,PATROL_NAVIGATING mode=AUTO nav_goal=PATROL,AUTO,0.120,0.003,1.977,-0.105,True,True,False
33.200,mission_state,PATROL_NAVIGATING mode=AUTO nav_goal=PATROL,PATROL_NAVIGATING mode=AUTO nav_goal=PATROL,AUTO,0.120,0.003,1.996,-0.104,True,True,False
33.200,sound_done,False,PATROL_NAVIGATING mode=AUTO nav_goal=PATROL,AUTO,0.120,0.003,1.996,-0.104,True,True,False
33.200,bird_confirmed,True,PATROL_NAVIGATING mode=AUTO nav_goal=PATROL,AUTO,0.120,0.003,1.996,-0.104,True,True,False
33.200,sound_state,IDLE_NO_REQUEST,PATROL_NAVIGATING mode=AUTO nav_goal=PATROL,AUTO,0.120,0.003,1.996,-0.104,True,True,False
33.200,dynamic_target,count=1 x=1.76 y=-1.83 z=3.40,PATROL_NAVIGATING mode=AUTO nav_goal=PATROL,AUTO,0.120,0.003,1.996,-0.104,True,True,False
33.200,dynamic_lock,True,PATROL_NAVIGATING mode=AUTO nav_goal=PATROL,AUTO,0.120,0.003,1.996,-0.104,True,True,False
33.200,classification,GAZEBO_FAKE_YOLO11S_CLASSIFICATION class=bird,PATROL_NAVIGATING mode=AUTO nav_goal=PATROL,AUTO,0.120,0.003,1.996,-0.104,True,True,False
33.200,object_goal_state,REJECT cooldown source=elevated_dynamic_target remaining_sec=5.80,PATROL_NAVIGATING mode=AUTO nav_goal=PATROL,AUTO,0.120,0.003,1.996,-0.104,True,True,False
33.200,dynamic_target,count=1 x=1.76 y=-1.83 z=3.40,PATROL_NAVIGATING mode=AUTO nav_goal=PATROL,AUTO,0.120,0.003,1.996,-0.104,True,True,False
33.200,dynamic_lock,True,PATROL_NAVIGATING mode=AUTO nav_goal=PATROL,AUTO,0.120,0.003,1.996,-0.104,True,True,False
33.200,object_goal_state,REJECT cooldown source=elevated_dynamic_target remaining_sec=5.80,PATROL_NAVIGATING mode=AUTO nav_goal=PATROL,AUTO,0.120,0.003,1.996,-0.104,True,True,False
33.300,classification,GAZEBO_FAKE_YOLO11S_CLASSIFICATION class=bird,PATROL_NAVIGATING mode=AUTO nav_goal=PATROL,AUTO,0.120,0.003,2.015,-0.104,True,True,False
33.300,bird_confirmed,True,PATROL_NAVIGATING mode=AUTO nav_goal=PATROL,AUTO,0.120,0.003,2.015,-0.104,True,True,False
33.300,dynamic_target,count=1 x=1.77 y=-1.84 z=3.40,PATROL_NAVIGATING mode=AUTO nav_goal=PATROL,AUTO,0.120,0.003,2.021,-0.103,True,True,False
33.300,dynamic_lock,True,PATROL_NAVIGATING mode=AUTO nav_goal=PATROL,AUTO,0.120,0.003,2.021,-0.103,True,True,False
33.300,object_goal_state,REJECT cooldown source=elevated_dynamic_target remaining_sec=5.70,PATROL_NAVIGATING mode=AUTO nav_goal=PATROL,AUTO,0.120,0.003,2.021,-0.103,True,True,False
33.400,classification,GAZEBO_FAKE_YOLO11S_CLASSIFICATION class=bird,PATROL_NAVIGATING mode=AUTO nav_goal=PATROL,AUTO,0.120,0.003,2.034,-0.103,True,True,False
33.400,bird_confirmed,True,PATROL_NAVIGATING mode=AUTO nav_goal=PATROL,AUTO,0.120,0.003,2.034,-0.103,True,True,False
33.400,sound_state,IDLE_NO_REQUEST,PATROL_NAVIGATING mode=AUTO nav_goal=PATROL,AUTO,0.120,0.003,2.034,-0.103,True,True,False
33.400,sound_done,False,PATROL_NAVIGATING mode=AUTO nav_goal=PATROL,AUTO,0.120,0.003,2.034,-0.103,True,True,False
33.400,mission_state,PATROL_NAVIGATING mode=AUTO nav_goal=PATROL,PATROL_NAVIGATING mode=AUTO nav_goal=PATROL,AUTO,0.120,0.003,2.034,-0.103,True,True,False
33.400,dynamic_target,count=1 x=1.77 y=-1.85 z=3.40,PATROL_NAVIGATING mode=AUTO nav_goal=PATROL,AUTO,0.120,0.003,2.051,-0.102,True,True,False
33.400,dynamic_lock,True,PATROL_NAVIGATING mode=AUTO nav_goal=PATROL,AUTO,0.120,0.003,2.051,-0.102,True,True,False
33.400,object_goal_state,REJECT cooldown source=elevated_dynamic_target remaining_sec=5.60,PATROL_NAVIGATING mode=AUTO nav_goal=PATROL,AUTO,0.120,0.003,2.051,-0.102,True,True,False
33.400,dynamic_target,count=1 x=1.77 y=-1.85 z=3.40,PATROL_NAVIGATING mode=AUTO nav_goal=PATROL,AUTO,0.120,0.003,2.051,-0.102,True,True,False
33.400,dynamic_lock,True,PATROL_NAVIGATING mode=AUTO nav_goal=PATROL,AUTO,0.120,0.003,2.051,-0.102,True,True,False
33.400,object_goal_state,REJECT cooldown source=elevated_dynamic_target remaining_sec=5.60,PATROL_NAVIGATING mode=AUTO nav_goal=PATROL,AUTO,0.120,0.003,2.051,-0.102,True,True,False
33.500,classification,GAZEBO_FAKE_YOLO11S_CLASSIFICATION class=bird,PATROL_NAVIGATING mode=AUTO nav_goal=PATROL,AUTO,0.120,0.003,2.053,-0.102,True,True,False
33.500,bird_confirmed,True,PATROL_NAVIGATING mode=AUTO nav_goal=PATROL,AUTO,0.120,0.003,2.053,-0.102,True,True,False
33.500,object_goal_state,TARGET_LOST_TIMEOUT,PATROL_NAVIGATING mode=AUTO nav_goal=PATROL,AUTO,0.120,0.003,2.053,-0.102,True,True,False
33.500,dynamic_target,count=1 x=1.78 y=-1.85 z=3.40,PATROL_NAVIGATING mode=AUTO nav_goal=PATROL,AUTO,0.120,0.003,2.053,-0.102,True,True,False
33.500,dynamic_lock,True,PATROL_NAVIGATING mode=AUTO nav_goal=PATROL,AUTO,0.120,0.003,2.053,-0.102,True,True,False
33.500,object_goal_state,REJECT cooldown source=elevated_dynamic_target remaining_sec=5.50,PATROL_NAVIGATING mode=AUTO nav_goal=PATROL,AUTO,0.120,0.003,2.053,-0.102,True,True,False
33.600,mission_state,PATROL_NAVIGATING mode=AUTO nav_goal=PATROL,PATROL_NAVIGATING mode=AUTO nav_goal=PATROL,AUTO,0.120,0.003,2.072,-0.102,True,True,False
33.600,classification,GAZEBO_FAKE_YOLO11S_CLASSIFICATION class=bird,PATROL_NAVIGATING mode=AUTO nav_goal=PATROL,AUTO,0.120,0.003,2.072,-0.102,True,True,False
33.600,bird_confirmed,True,PATROL_NAVIGATING mode=AUTO nav_goal=PATROL,AUTO,0.120,0.003,2.072,-0.102,True,True,False
33.600,sound_state,IDLE_NO_REQUEST,PATROL_NAVIGATING mode=AUTO nav_goal=PATROL,AUTO,0.120,0.003,2.072,-0.102,True,True,False
33.600,sound_done,False,PATROL_NAVIGATING mode=AUTO nav_goal=PATROL,AUTO,0.120,0.003,2.072,-0.102,True,True,False
33.600,dynamic_target,count=1 x=1.78 y=-1.86 z=3.40,PATROL_NAVIGATING mode=AUTO nav_goal=PATROL,AUTO,0.120,0.003,2.084,-0.101,True,True,False
33.600,dynamic_lock,True,PATROL_NAVIGATING mode=AUTO nav_goal=PATROL,AUTO,0.120,0.003,2.084,-0.101,True,True,False
33.600,object_goal_state,REJECT cooldown source=elevated_dynamic_target remaining_sec=5.40,PATROL_NAVIGATING mode=AUTO nav_goal=PATROL,AUTO,0.120,0.003,2.084,-0.101,True,True,False
33.600,dynamic_target,count=1 x=1.78 y=-1.86 z=3.40,PATROL_NAVIGATING mode=AUTO nav_goal=PATROL,AUTO,0.120,0.003,2.084,-0.101,True,True,False
33.600,dynamic_lock,True,PATROL_NAVIGATING mode=AUTO nav_goal=PATROL,AUTO,0.120,0.003,2.084,-0.101,True,True,False
33.600,object_goal_state,REJECT cooldown source=elevated_dynamic_target remaining_sec=5.40,PATROL_NAVIGATING mode=AUTO nav_goal=PATROL,AUTO,0.120,0.003,2.084,-0.101,True,True,False
33.700,bird_confirmed,True,PATROL_NAVIGATING mode=AUTO nav_goal=PATROL,AUTO,0.120,0.003,2.092,-0.101,True,True,False
33.700,classification,GAZEBO_FAKE_YOLO11S_CLASSIFICATION class=bird,PATROL_NAVIGATING mode=AUTO nav_goal=PATROL,AUTO,0.120,0.003,2.092,-0.101,True,True,False
33.700,dynamic_target,count=1 x=1.79 y=-1.86 z=3.40,PATROL_NAVIGATING mode=AUTO nav_goal=PATROL,AUTO,0.120,0.003,2.092,-0.101,True,True,False
33.700,dynamic_lock,True,PATROL_NAVIGATING mode=AUTO nav_goal=PATROL,AUTO,0.120,0.003,2.092,-0.101,True,True,False
33.700,object_goal_state,REJECT cooldown source=elevated_dynamic_target remaining_sec=5.30,PATROL_NAVIGATING mode=AUTO nav_goal=PATROL,AUTO,0.120,0.003,2.092,-0.101,True,True,False
33.800,classification,GAZEBO_FAKE_YOLO11S_CLASSIFICATION class=bird,PATROL_NAVIGATING mode=AUTO nav_goal=PATROL,AUTO,0.120,0.003,2.111,-0.100,True,True,False
33.800,bird_confirmed,True,PATROL_NAVIGATING mode=AUTO nav_goal=PATROL,AUTO,0.120,0.003,2.111,-0.100,True,True,False
33.800,sound_state,IDLE_NO_REQUEST,PATROL_NAVIGATING mode=AUTO nav_goal=PATROL,AUTO,0.120,0.003,2.111,-0.100,True,True,False
33.800,sound_done,False,PATROL_NAVIGATING mode=AUTO nav_goal=PATROL,AUTO,0.120,0.003,2.111,-0.100,True,True,False
33.800,mission_state,PATROL_NAVIGATING mode=AUTO nav_goal=PATROL,PATROL_NAVIGATING mode=AUTO nav_goal=PATROL,AUTO,0.120,0.003,2.111,-0.100,True,True,False
33.800,dynamic_target,count=1 x=1.80 y=-1.87 z=3.40,PATROL_NAVIGATING mode=AUTO nav_goal=PATROL,AUTO,0.120,0.003,2.111,-0.100,True,True,False
33.800,dynamic_lock,True,PATROL_NAVIGATING mode=AUTO nav_goal=PATROL,AUTO,0.120,0.003,2.111,-0.100,True,True,False
33.800,object_goal_state,REJECT cooldown source=elevated_dynamic_target remaining_sec=5.20,PATROL_NAVIGATING mode=AUTO nav_goal=PATROL,AUTO,0.120,0.003,2.111,-0.100,True,True,False
33.800,dynamic_target,count=1 x=1.80 y=-1.87 z=3.40,PATROL_NAVIGATING mode=AUTO nav_goal=PATROL,AUTO,0.120,0.003,2.111,-0.100,True,True,False
33.800,dynamic_lock,True,PATROL_NAVIGATING mode=AUTO nav_goal=PATROL,AUTO,0.120,0.003,2.111,-0.100,True,True,False
33.800,object_goal_state,REJECT cooldown source=elevated_dynamic_target remaining_sec=5.20,PATROL_NAVIGATING mode=AUTO nav_goal=PATROL,AUTO,0.120,0.003,2.111,-0.100,True,True,False
33.900,classification,GAZEBO_FAKE_YOLO11S_CLASSIFICATION class=bird,PATROL_NAVIGATING mode=AUTO nav_goal=PATROL,AUTO,0.120,0.003,2.130,-0.100,True,True,False
33.900,bird_confirmed,True,PATROL_NAVIGATING mode=AUTO nav_goal=PATROL,AUTO,0.120,0.003,2.130,-0.100,True,True,False
33.900,dynamic_target,count=1 x=1.80 y=-1.88 z=3.40,PATROL_NAVIGATING mode=AUTO nav_goal=PATROL,AUTO,0.120,0.003,2.139,-0.099,True,True,False
33.900,dynamic_lock,True,PATROL_NAVIGATING mode=AUTO nav_goal=PATROL,AUTO,0.120,0.003,2.139,-0.099,True,True,False
33.900,object_goal_state,REJECT cooldown source=elevated_dynamic_target remaining_sec=5.10,PATROL_NAVIGATING mode=AUTO nav_goal=PATROL,AUTO,0.120,0.003,2.139,-0.099,True,True,False
34.000,classification,GAZEBO_FAKE_YOLO11S_CLASSIFICATION class=bird,PATROL_NAVIGATING mode=AUTO nav_goal=PATROL,AUTO,0.120,0.003,2.149,-0.099,True,True,False
34.000,bird_confirmed,True,PATROL_NAVIGATING mode=AUTO nav_goal=PATROL,AUTO,0.120,0.003,2.149,-0.099,True,True,False
34.000,sound_state,IDLE_NO_REQUEST,PATROL_NAVIGATING mode=AUTO nav_goal=PATROL,AUTO,0.120,0.003,2.149,-0.099,True,True,False
34.000,sound_done,False,PATROL_NAVIGATING mode=AUTO nav_goal=PATROL,AUTO,0.120,0.003,2.149,-0.099,True,True,False
34.000,dynamic_target,count=1 x=1.80 y=-1.88 z=3.40,PATROL_NAVIGATING mode=AUTO nav_goal=PATROL,AUTO,0.120,0.003,2.149,-0.099,True,True,False
34.000,dynamic_lock,True,PATROL_NAVIGATING mode=AUTO nav_goal=PATROL,AUTO,0.120,0.003,2.149,-0.099,True,True,False
34.000,mission_state,PATROL_NAVIGATING mode=AUTO nav_goal=PATROL,PATROL_NAVIGATING mode=AUTO nav_goal=PATROL,AUTO,0.120,0.003,2.149,-0.099,True,True,False
34.000,object_goal_state,REJECT cooldown source=elevated_dynamic_target remaining_sec=5.00,PATROL_NAVIGATING mode=AUTO nav_goal=PATROL,AUTO,0.120,0.003,2.149,-0.099,True,True,False
34.000,dynamic_target,count=1 x=1.81 y=-1.88 z=3.40,PATROL_NAVIGATING mode=AUTO nav_goal=PATROL,AUTO,0.120,0.003,2.149,-0.099,True,True,False
34.000,dynamic_lock,True,PATROL_NAVIGATING mode=AUTO nav_goal=PATROL,AUTO,0.120,0.003,2.149,-0.099,True,True,False
34.000,object_goal_state,REJECT cooldown source=elevated_dynamic_target remaining_sec=5.00,PATROL_NAVIGATING mode=AUTO nav_goal=PATROL,AUTO,0.120,0.003,2.149,-0.099,True,True,False
34.100,classification,GAZEBO_FAKE_YOLO11S_CLASSIFICATION class=bird,PATROL_NAVIGATING mode=AUTO nav_goal=PATROL,AUTO,0.120,0.003,2.168,-0.098,True,True,False
34.100,bird_confirmed,True,PATROL_NAVIGATING mode=AUTO nav_goal=PATROL,AUTO,0.120,0.003,2.168,-0.098,True,True,False
34.100,dynamic_target,count=1 x=1.81 y=-1.89 z=3.40,PATROL_NAVIGATING mode=AUTO nav_goal=PATROL,AUTO,0.120,0.003,2.168,-0.098,True,True,False
34.100,dynamic_lock,True,PATROL_NAVIGATING mode=AUTO nav_goal=PATROL,AUTO,0.120,0.003,2.168,-0.098,True,True,False
34.100,object_goal_state,REJECT cooldown source=elevated_dynamic_target remaining_sec=4.90,PATROL_NAVIGATING mode=AUTO nav_goal=PATROL,AUTO,0.120,0.003,2.168,-0.098,True,True,False
34.200,dynamic_target,count=1 x=1.81 y=-1.89 z=3.40,PATROL_NAVIGATING mode=AUTO nav_goal=PATROL,AUTO,0.120,0.003,2.187,-0.098,True,True,False
34.200,dynamic_lock,True,PATROL_NAVIGATING mode=AUTO nav_goal=PATROL,AUTO,0.120,0.003,2.187,-0.098,True,True,False
34.200,sound_done,False,PATROL_NAVIGATING mode=AUTO nav_goal=PATROL,AUTO,0.120,0.003,2.187,-0.098,True,True,False
34.200,object_goal_state,REJECT cooldown source=elevated_dynamic_target remaining_sec=4.80,PATROL_NAVIGATING mode=AUTO nav_goal=PATROL,AUTO,0.120,0.003,2.187,-0.098,True,True,False
34.200,classification,GAZEBO_FAKE_YOLO11S_CLASSIFICATION class=bird,PATROL_NAVIGATING mode=AUTO nav_goal=PATROL,AUTO,0.120,0.003,2.187,-0.098,True,True,False
34.200,bird_confirmed,True,PATROL_NAVIGATING mode=AUTO nav_goal=PATROL,AUTO,0.120,0.003,2.187,-0.098,True,True,False
34.200,sound_state,IDLE_NO_REQUEST,PATROL_NAVIGATING mode=AUTO nav_goal=PATROL,AUTO,0.120,0.003,2.187,-0.098,True,True,False
34.200,mission_state,PATROL_NAVIGATING mode=AUTO nav_goal=PATROL,PATROL_NAVIGATING mode=AUTO nav_goal=PATROL,AUTO,0.120,0.003,2.187,-0.098,True,True,False
34.200,dynamic_target,count=1 x=1.82 y=-1.89 z=3.40,PATROL_NAVIGATING mode=AUTO nav_goal=PATROL,AUTO,0.120,0.002,2.187,-0.098,True,True,False
34.200,dynamic_lock,True,PATROL_NAVIGATING mode=AUTO nav_goal=PATROL,AUTO,0.120,0.002,2.187,-0.098,True,True,False
34.200,object_goal_state,REJECT cooldown source=elevated_dynamic_target remaining_sec=4.80,PATROL_NAVIGATING mode=AUTO nav_goal=PATROL,AUTO,0.120,0.002,2.187,-0.098,True,True,False
34.300,classification,GAZEBO_FAKE_YOLO11S_CLASSIFICATION class=bird,PATROL_NAVIGATING mode=AUTO nav_goal=PATROL,AUTO,0.120,0.002,2.207,-0.097,True,True,False
34.300,bird_confirmed,True,PATROL_NAVIGATING mode=AUTO nav_goal=PATROL,AUTO,0.120,0.002,2.207,-0.097,True,True,False
34.300,dynamic_target,count=1 x=1.83 y=-1.90 z=3.40,PATROL_NAVIGATING mode=AUTO nav_goal=PATROL,AUTO,0.120,0.002,2.224,-0.096,True,True,False
34.300,dynamic_lock,True,PATROL_NAVIGATING mode=AUTO nav_goal=PATROL,AUTO,0.120,0.002,2.224,-0.096,True,True,False
34.300,object_goal_state,REJECT cooldown source=elevated_dynamic_target remaining_sec=4.70,PATROL_NAVIGATING mode=AUTO nav_goal=PATROL,AUTO,0.120,0.002,2.224,-0.096,True,True,False
34.400,sound_done,False,PATROL_NAVIGATING mode=AUTO nav_goal=PATROL,AUTO,0.120,0.002,2.226,-0.096,True,True,False
34.400,mission_state,PATROL_NAVIGATING mode=AUTO nav_goal=PATROL,PATROL_NAVIGATING mode=AUTO nav_goal=PATROL,AUTO,0.120,0.002,2.226,-0.096,True,True,False
34.400,sound_state,IDLE_NO_REQUEST,PATROL_NAVIGATING mode=AUTO nav_goal=PATROL,AUTO,0.120,0.002,2.226,-0.096,True,True,False
34.400,dynamic_target,count=1 x=1.83 y=-1.90 z=3.40,PATROL_NAVIGATING mode=AUTO nav_goal=PATROL,AUTO,0.120,0.002,2.226,-0.096,True,True,False
34.400,classification,GAZEBO_FAKE_YOLO11S_CLASSIFICATION class=bird,PATROL_NAVIGATING mode=AUTO nav_goal=PATROL,AUTO,0.120,0.002,2.226,-0.096,True,True,False
34.400,bird_confirmed,True,PATROL_NAVIGATING mode=AUTO nav_goal=PATROL,AUTO,0.120,0.002,2.226,-0.096,True,True,False
34.400,dynamic_lock,True,PATROL_NAVIGATING mode=AUTO nav_goal=PATROL,AUTO,0.120,0.002,2.226,-0.096,True,True,False
34.400,dynamic_target,count=1 x=1.83 y=-1.91 z=3.40,PATROL_NAVIGATING mode=AUTO nav_goal=PATROL,AUTO,0.120,0.002,2.226,-0.096,True,True,False
34.400,object_goal_state,REJECT cooldown source=elevated_dynamic_target remaining_sec=4.60,PATROL_NAVIGATING mode=AUTO nav_goal=PATROL,AUTO,0.120,0.002,2.226,-0.096,True,True,False
34.400,dynamic_lock,True,PATROL_NAVIGATING mode=AUTO nav_goal=PATROL,AUTO,0.120,0.002,2.226,-0.096,True,True,False
34.400,object_goal_state,REJECT cooldown source=elevated_dynamic_target remaining_sec=4.60,PATROL_NAVIGATING mode=AUTO nav_goal=PATROL,AUTO,0.120,0.002,2.226,-0.096,True,True,False
34.500,classification,GAZEBO_FAKE_YOLO11S_CLASSIFICATION class=bird,PATROL_NAVIGATING mode=AUTO nav_goal=PATROL,AUTO,0.120,0.002,2.245,-0.096,True,True,False
34.500,bird_confirmed,True,PATROL_NAVIGATING mode=AUTO nav_goal=PATROL,AUTO,0.120,0.002,2.245,-0.096,True,True,False
34.500,dynamic_target,count=1 x=1.84 y=-1.91 z=3.40,PATROL_NAVIGATING mode=AUTO nav_goal=PATROL,AUTO,0.120,0.002,2.245,-0.096,True,True,False
34.500,dynamic_lock,True,PATROL_NAVIGATING mode=AUTO nav_goal=PATROL,AUTO,0.120,0.002,2.245,-0.096,True,True,False
34.500,object_goal_state,REJECT cooldown source=elevated_dynamic_target remaining_sec=4.50,PATROL_NAVIGATING mode=AUTO nav_goal=PATROL,AUTO,0.120,0.002,2.245,-0.096,True,True,False
34.600,bird_confirmed,True,PATROL_NAVIGATING mode=AUTO nav_goal=PATROL,AUTO,0.120,0.002,2.264,-0.095,True,True,False
34.600,classification,GAZEBO_FAKE_YOLO11S_CLASSIFICATION class=bird,PATROL_NAVIGATING mode=AUTO nav_goal=PATROL,AUTO,0.120,0.002,2.264,-0.095,True,True,False
34.600,sound_state,IDLE_NO_REQUEST,PATROL_NAVIGATING mode=AUTO nav_goal=PATROL,AUTO,0.120,0.002,2.264,-0.095,True,True,False
34.600,sound_done,False,PATROL_NAVIGATING mode=AUTO nav_goal=PATROL,AUTO,0.120,0.002,2.264,-0.095,True,True,False
34.600,dynamic_target,count=1 x=1.84 y=-1.91 z=3.40,PATROL_NAVIGATING mode=AUTO nav_goal=PATROL,AUTO,0.120,0.002,2.264,-0.095,True,True,False
34.600,dynamic_lock,True,PATROL_NAVIGATING mode=AUTO nav_goal=PATROL,AUTO,0.120,0.002,2.264,-0.095,True,True,False
34.600,mission_state,PATROL_NAVIGATING mode=AUTO nav_goal=PATROL,PATROL_NAVIGATING mode=AUTO nav_goal=PATROL,AUTO,0.120,0.002,2.264,-0.095,True,True,False
34.600,object_goal_state,REJECT cooldown source=elevated_dynamic_target remaining_sec=4.40,PATROL_NAVIGATING mode=AUTO nav_goal=PATROL,AUTO,0.120,0.002,2.264,-0.095,True,True,False
34.600,dynamic_target,count=1 x=1.84 y=-1.92 z=3.40,PATROL_NAVIGATING mode=AUTO nav_goal=PATROL,AUTO,0.120,0.002,2.264,-0.095,True,True,False
34.600,dynamic_lock,True,PATROL_NAVIGATING mode=AUTO nav_goal=PATROL,AUTO,0.120,0.002,2.264,-0.095,True,True,False
34.600,object_goal_state,REJECT cooldown source=elevated_dynamic_target remaining_sec=4.40,PATROL_NAVIGATING mode=AUTO nav_goal=PATROL,AUTO,0.120,0.002,2.264,-0.095,True,True,False
34.700,classification,GAZEBO_FAKE_YOLO11S_CLASSIFICATION class=bird,PATROL_NAVIGATING mode=AUTO nav_goal=PATROL,AUTO,0.120,0.002,2.283,-0.094,True,True,False
34.700,bird_confirmed,True,PATROL_NAVIGATING mode=AUTO nav_goal=PATROL,AUTO,0.120,0.002,2.283,-0.094,True,True,False
34.700,dynamic_target,count=1 x=1.85 y=-1.93 z=3.40,PATROL_NAVIGATING mode=AUTO nav_goal=PATROL,AUTO,0.120,0.002,2.283,-0.094,True,True,False
34.700,dynamic_lock,True,PATROL_NAVIGATING mode=AUTO nav_goal=PATROL,AUTO,0.120,0.002,2.283,-0.094,True,True,False
34.700,object_goal_state,REJECT cooldown source=elevated_dynamic_target remaining_sec=4.30,PATROL_NAVIGATING mode=AUTO nav_goal=PATROL,AUTO,0.120,0.002,2.283,-0.094,True,True,False
34.800,classification,GAZEBO_FAKE_YOLO11S_CLASSIFICATION class=bird,PATROL_NAVIGATING mode=AUTO nav_goal=PATROL,AUTO,0.120,0.002,2.302,-0.094,True,True,False
34.800,bird_confirmed,True,PATROL_NAVIGATING mode=AUTO nav_goal=PATROL,AUTO,0.120,0.002,2.302,-0.094,True,True,False
34.800,sound_state,IDLE_NO_REQUEST,PATROL_NAVIGATING mode=AUTO nav_goal=PATROL,AUTO,0.120,0.002,2.302,-0.094,True,True,False
34.800,sound_done,False,PATROL_NAVIGATING mode=AUTO nav_goal=PATROL,AUTO,0.120,0.002,2.302,-0.094,True,True,False
34.800,mission_state,PATROL_NAVIGATING mode=AUTO nav_goal=PATROL,PATROL_NAVIGATING mode=AUTO nav_goal=PATROL,AUTO,0.120,0.002,2.302,-0.094,True,True,False
34.800,dynamic_target,count=1 x=1.85 y=-1.93 z=3.40,PATROL_NAVIGATING mode=AUTO nav_goal=PATROL,AUTO,0.120,0.002,2.306,-0.093,True,True,False
34.800,dynamic_lock,True,PATROL_NAVIGATING mode=AUTO nav_goal=PATROL,AUTO,0.120,0.002,2.306,-0.093,True,True,False
34.800,object_goal_state,REJECT cooldown source=elevated_dynamic_target remaining_sec=4.20,PATROL_NAVIGATING mode=AUTO nav_goal=PATROL,AUTO,0.120,0.002,2.306,-0.093,True,True,False
34.800,dynamic_target,count=1 x=1.85 y=-1.93 z=3.40,PATROL_NAVIGATING mode=AUTO nav_goal=PATROL,AUTO,0.120,0.002,2.306,-0.093,True,True,False
34.800,dynamic_lock,True,PATROL_NAVIGATING mode=AUTO nav_goal=PATROL,AUTO,0.120,0.002,2.306,-0.093,True,True,False
34.800,object_goal_state,REJECT cooldown source=elevated_dynamic_target remaining_sec=4.20,PATROL_NAVIGATING mode=AUTO nav_goal=PATROL,AUTO,0.120,0.002,2.306,-0.093,True,True,False
34.900,classification,GAZEBO_FAKE_YOLO11S_CLASSIFICATION class=bird,PATROL_NAVIGATING mode=AUTO nav_goal=PATROL,AUTO,0.120,0.002,2.322,-0.093,True,True,False
34.900,bird_confirmed,True,PATROL_NAVIGATING mode=AUTO nav_goal=PATROL,AUTO,0.120,0.002,2.322,-0.093,True,True,False
34.900,dynamic_target,count=1 x=1.86 y=-1.94 z=3.40,PATROL_NAVIGATING mode=AUTO nav_goal=PATROL,AUTO,0.120,0.002,2.335,-0.092,True,True,False
34.900,dynamic_lock,True,PATROL_NAVIGATING mode=AUTO nav_goal=PATROL,AUTO,0.120,0.002,2.335,-0.092,True,True,False
34.900,object_goal_state,REJECT cooldown source=elevated_dynamic_target remaining_sec=4.10,PATROL_NAVIGATING mode=AUTO nav_goal=PATROL,AUTO,0.120,0.002,2.335,-0.092,True,True,False
35.000,mission_state,PATROL_NAVIGATING mode=AUTO nav_goal=PATROL,PATROL_NAVIGATING mode=AUTO nav_goal=PATROL,AUTO,0.120,0.002,2.341,-0.092,True,True,False
35.000,classification,GAZEBO_FAKE_YOLO11S_CLASSIFICATION class=bird,PATROL_NAVIGATING mode=AUTO nav_goal=PATROL,AUTO,0.120,0.002,2.341,-0.092,True,True,False
35.000,bird_confirmed,True,PATROL_NAVIGATING mode=AUTO nav_goal=PATROL,AUTO,0.120,0.002,2.341,-0.092,True,True,False
35.000,sound_state,IDLE_NO_REQUEST,PATROL_NAVIGATING mode=AUTO nav_goal=PATROL,AUTO,0.120,0.002,2.341,-0.092,True,True,False
35.000,sound_done,False,PATROL_NAVIGATING mode=AUTO nav_goal=PATROL,AUTO,0.120,0.002,2.341,-0.092,True,True,False
35.000,dynamic_target,count=1 x=1.86 y=-1.94 z=3.40,PATROL_NAVIGATING mode=AUTO nav_goal=PATROL,AUTO,0.120,0.002,2.341,-0.092,True,True,False
35.000,dynamic_lock,True,PATROL_NAVIGATING mode=AUTO nav_goal=PATROL,AUTO,0.120,0.002,2.341,-0.092,True,True,False
35.000,object_goal_state,REJECT cooldown source=elevated_dynamic_target remaining_sec=4.00,PATROL_NAVIGATING mode=AUTO nav_goal=PATROL,AUTO,0.120,0.002,2.341,-0.092,True,True,False
35.000,object_goal_state,REJECT cooldown source=elevated_dynamic_target remaining_sec=4.00,PATROL_NAVIGATING mode=AUTO nav_goal=PATROL,AUTO,0.120,0.002,2.343,-0.092,True,True,False
35.000,dynamic_target,count=1 x=1.87 y=-1.94 z=3.40,PATROL_NAVIGATING mode=AUTO nav_goal=PATROL,AUTO,0.120,0.002,2.343,-0.092,True,True,False
35.000,dynamic_lock,True,PATROL_NAVIGATING mode=AUTO nav_goal=PATROL,AUTO,0.120,0.002,2.343,-0.092,True,True,False
35.100,classification,GAZEBO_FAKE_YOLO11S_CLASSIFICATION class=bird,PATROL_NAVIGATING mode=AUTO nav_goal=PATROL,AUTO,0.120,0.002,2.360,-0.092,True,True,False
35.100,bird_confirmed,True,PATROL_NAVIGATING mode=AUTO nav_goal=PATROL,AUTO,0.120,0.002,2.360,-0.092,True,True,False
35.100,dynamic_target,count=1 x=1.87 y=-1.95 z=3.40,PATROL_NAVIGATING mode=AUTO nav_goal=PATROL,AUTO,0.120,0.002,2.366,-0.091,True,True,False
35.100,dynamic_lock,True,PATROL_NAVIGATING mode=AUTO nav_goal=PATROL,AUTO,0.120,0.002,2.366,-0.091,True,True,False
35.100,object_goal_state,REJECT cooldown source=elevated_dynamic_target remaining_sec=3.90,PATROL_NAVIGATING mode=AUTO nav_goal=PATROL,AUTO,0.120,0.002,2.366,-0.091,True,True,False
35.200,bird_confirmed,True,PATROL_NAVIGATING mode=AUTO nav_goal=PATROL,AUTO,0.120,0.002,2.379,-0.091,True,True,False
35.200,classification,GAZEBO_FAKE_YOLO11S_CLASSIFICATION class=bird,PATROL_NAVIGATING mode=AUTO nav_goal=PATROL,AUTO,0.120,0.002,2.379,-0.091,True,True,False
35.200,sound_done,False,PATROL_NAVIGATING mode=AUTO nav_goal=PATROL,AUTO,0.120,0.002,2.379,-0.091,True,True,False
35.200,mission_state,PATROL_NAVIGATING mode=AUTO nav_goal=PATROL,PATROL_NAVIGATING mode=AUTO nav_goal=PATROL,AUTO,0.120,0.002,2.379,-0.091,True,True,False
35.200,sound_state,IDLE_NO_REQUEST,PATROL_NAVIGATING mode=AUTO nav_goal=PATROL,AUTO,0.120,0.002,2.379,-0.091,True,True,False
35.200,dynamic_target,count=1 x=1.88 y=-1.96 z=3.40,PATROL_NAVIGATING mode=AUTO nav_goal=PATROL,AUTO,0.120,0.002,2.394,-0.090,True,True,False
35.200,dynamic_lock,True,PATROL_NAVIGATING mode=AUTO nav_goal=PATROL,AUTO,0.120,0.002,2.394,-0.090,True,True,False
35.200,object_goal_state,REJECT cooldown source=elevated_dynamic_target remaining_sec=3.80,PATROL_NAVIGATING mode=AUTO nav_goal=PATROL,AUTO,0.120,0.002,2.394,-0.090,True,True,False
35.200,dynamic_target,count=1 x=1.88 y=-1.96 z=3.40,PATROL_NAVIGATING mode=AUTO nav_goal=PATROL,AUTO,0.120,0.002,2.394,-0.090,True,True,False
35.200,dynamic_lock,True,PATROL_NAVIGATING mode=AUTO nav_goal=PATROL,AUTO,0.120,0.002,2.394,-0.090,True,True,False
35.200,object_goal_state,REJECT cooldown source=elevated_dynamic_target remaining_sec=3.80,PATROL_NAVIGATING mode=AUTO nav_goal=PATROL,AUTO,0.120,0.002,2.394,-0.090,True,True,False
35.300,classification,GAZEBO_FAKE_YOLO11S_CLASSIFICATION class=bird,PATROL_NAVIGATING mode=AUTO nav_goal=PATROL,AUTO,0.120,0.002,2.398,-0.090,True,True,False
35.300,bird_confirmed,True,PATROL_NAVIGATING mode=AUTO nav_goal=PATROL,AUTO,0.120,0.002,2.398,-0.090,True,True,False
35.300,dynamic_target,count=1 x=1.88 y=-1.96 z=3.40,PATROL_NAVIGATING mode=AUTO nav_goal=PATROL,AUTO,0.120,0.002,2.398,-0.090,True,True,False
35.300,dynamic_lock,True,PATROL_NAVIGATING mode=AUTO nav_goal=PATROL,AUTO,0.120,0.002,2.398,-0.090,True,True,False
35.300,object_goal_state,REJECT cooldown source=elevated_dynamic_target remaining_sec=3.70,PATROL_NAVIGATING mode=AUTO nav_goal=PATROL,AUTO,0.120,0.002,2.398,-0.090,True,True,False
35.400,bird_confirmed,True,PATROL_NAVIGATING mode=AUTO nav_goal=PATROL,AUTO,0.120,0.002,2.417,-0.090,True,True,False
35.400,classification,GAZEBO_FAKE_YOLO11S_CLASSIFICATION class=bird,PATROL_NAVIGATING mode=AUTO nav_goal=PATROL,AUTO,0.120,0.002,2.417,-0.090,True,True,False
35.400,mission_state,PATROL_NAVIGATING mode=AUTO nav_goal=PATROL,PATROL_NAVIGATING mode=AUTO nav_goal=PATROL,AUTO,0.120,0.002,2.417,-0.090,True,True,False
35.400,sound_state,IDLE_NO_REQUEST,PATROL_NAVIGATING mode=AUTO nav_goal=PATROL,AUTO,0.120,0.002,2.417,-0.090,True,True,False
35.400,sound_done,False,PATROL_NAVIGATING mode=AUTO nav_goal=PATROL,AUTO,0.120,0.002,2.417,-0.090,True,True,False
35.400,dynamic_target,count=1 x=1.89 y=-1.97 z=3.40,PATROL_NAVIGATING mode=AUTO nav_goal=PATROL,AUTO,0.120,0.002,2.425,-0.089,True,True,False
35.400,dynamic_lock,True,PATROL_NAVIGATING mode=AUTO nav_goal=PATROL,AUTO,0.120,0.002,2.425,-0.089,True,True,False
35.400,object_goal_state,REJECT cooldown source=elevated_dynamic_target remaining_sec=3.60,PATROL_NAVIGATING mode=AUTO nav_goal=PATROL,AUTO,0.120,0.002,2.425,-0.089,True,True,False
35.400,dynamic_target,count=1 x=1.89 y=-1.97 z=3.40,PATROL_NAVIGATING mode=AUTO nav_goal=PATROL,AUTO,0.120,0.002,2.425,-0.089,True,True,False
35.400,dynamic_lock,True,PATROL_NAVIGATING mode=AUTO nav_goal=PATROL,AUTO,0.120,0.002,2.425,-0.089,True,True,False
35.400,object_goal_state,REJECT cooldown source=elevated_dynamic_target remaining_sec=3.60,PATROL_NAVIGATING mode=AUTO nav_goal=PATROL,AUTO,0.120,0.002,2.425,-0.089,True,True,False
35.500,classification,GAZEBO_FAKE_YOLO11S_CLASSIFICATION class=bird,PATROL_NAVIGATING mode=AUTO nav_goal=PATROL,AUTO,0.120,0.002,2.437,-0.089,True,True,False
35.500,bird_confirmed,True,PATROL_NAVIGATING mode=AUTO nav_goal=PATROL,AUTO,0.120,0.002,2.437,-0.089,True,True,False
35.500,dynamic_target,count=1 x=1.90 y=-1.97 z=3.40,PATROL_NAVIGATING mode=AUTO nav_goal=PATROL,AUTO,0.120,0.002,2.454,-0.088,True,True,False
35.500,dynamic_lock,True,PATROL_NAVIGATING mode=AUTO nav_goal=PATROL,AUTO,0.120,0.002,2.454,-0.088,True,True,False
35.500,object_goal_state,REJECT cooldown source=elevated_dynamic_target remaining_sec=3.50,PATROL_NAVIGATING mode=AUTO nav_goal=PATROL,AUTO,0.120,0.002,2.454,-0.088,True,True,False
35.600,mission_state,PATROL_NAVIGATING mode=AUTO nav_goal=PATROL,PATROL_NAVIGATING mode=AUTO nav_goal=PATROL,AUTO,0.120,0.002,2.456,-0.088,True,True,False
35.600,dynamic_target,count=1 x=1.90 y=-1.97 z=3.40,PATROL_NAVIGATING mode=AUTO nav_goal=PATROL,AUTO,0.120,0.002,2.456,-0.088,True,True,False
35.600,dynamic_lock,True,PATROL_NAVIGATING mode=AUTO nav_goal=PATROL,AUTO,0.120,0.002,2.456,-0.088,True,True,False
35.600,classification,GAZEBO_FAKE_YOLO11S_CLASSIFICATION class=bird,PATROL_NAVIGATING mode=AUTO nav_goal=PATROL,AUTO,0.120,0.002,2.456,-0.088,True,True,False
35.600,bird_confirmed,True,PATROL_NAVIGATING mode=AUTO nav_goal=PATROL,AUTO,0.120,0.002,2.456,-0.088,True,True,False
35.600,sound_done,False,PATROL_NAVIGATING mode=AUTO nav_goal=PATROL,AUTO,0.120,0.002,2.456,-0.088,True,True,False
35.600,object_goal_state,REJECT cooldown source=elevated_dynamic_target remaining_sec=3.40,PATROL_NAVIGATING mode=AUTO nav_goal=PATROL,AUTO,0.120,0.002,2.456,-0.088,True,True,False
35.600,dynamic_target,count=1 x=1.90 y=-1.98 z=3.40,PATROL_NAVIGATING mode=AUTO nav_goal=PATROL,AUTO,0.120,0.002,2.456,-0.088,True,True,False
35.600,dynamic_lock,True,PATROL_NAVIGATING mode=AUTO nav_goal=PATROL,AUTO,0.120,0.002,2.456,-0.088,True,True,False
35.600,sound_state,IDLE_NO_REQUEST,PATROL_NAVIGATING mode=AUTO nav_goal=PATROL,AUTO,0.120,0.002,2.456,-0.088,True,True,False
35.600,object_goal_state,REJECT cooldown source=elevated_dynamic_target remaining_sec=3.40,PATROL_NAVIGATING mode=AUTO nav_goal=PATROL,AUTO,0.120,0.002,2.456,-0.088,True,True,False
35.700,classification,GAZEBO_FAKE_YOLO11S_CLASSIFICATION class=bird,PATROL_NAVIGATING mode=AUTO nav_goal=PATROL,AUTO,0.120,0.002,2.475,-0.088,True,True,False
35.700,bird_confirmed,True,PATROL_NAVIGATING mode=AUTO nav_goal=PATROL,AUTO,0.120,0.002,2.475,-0.088,True,True,False
35.700,dynamic_target,count=1 x=1.91 y=-1.99 z=3.40,PATROL_NAVIGATING mode=AUTO nav_goal=PATROL,AUTO,0.120,0.002,2.485,-0.087,True,True,False
35.700,dynamic_lock,True,PATROL_NAVIGATING mode=AUTO nav_goal=PATROL,AUTO,0.120,0.002,2.485,-0.087,True,True,False
35.700,object_goal_state,REJECT cooldown source=elevated_dynamic_target remaining_sec=3.30,PATROL_NAVIGATING mode=AUTO nav_goal=PATROL,AUTO,0.120,0.002,2.485,-0.087,True,True,False
35.800,classification,GAZEBO_FAKE_YOLO11S_CLASSIFICATION class=bird,PATROL_NAVIGATING mode=AUTO nav_goal=PATROL,AUTO,0.120,0.002,2.494,-0.087,True,True,False
35.800,bird_confirmed,True,PATROL_NAVIGATING mode=AUTO nav_goal=PATROL,AUTO,0.120,0.002,2.494,-0.087,True,True,False
35.800,sound_state,IDLE_NO_REQUEST,PATROL_NAVIGATING mode=AUTO nav_goal=PATROL,AUTO,0.120,0.002,2.494,-0.087,True,True,False
35.800,sound_done,False,PATROL_NAVIGATING mode=AUTO nav_goal=PATROL,AUTO,0.120,0.002,2.494,-0.087,True,True,False
35.800,dynamic_target,count=1 x=1.91 y=-1.99 z=3.40,PATROL_NAVIGATING mode=AUTO nav_goal=PATROL,AUTO,0.120,0.001,2.494,-0.087,True,True,False
35.800,dynamic_lock,True,PATROL_NAVIGATING mode=AUTO nav_goal=PATROL,AUTO,0.120,0.001,2.494,-0.087,True,True,False
35.800,object_goal_state,REJECT cooldown source=elevated_dynamic_target remaining_sec=3.20,PATROL_NAVIGATING mode=AUTO nav_goal=PATROL,AUTO,0.120,0.001,2.494,-0.087,True,True,False
35.800,mission_state,PATROL_NAVIGATING mode=AUTO nav_goal=PATROL,PATROL_NAVIGATING mode=AUTO nav_goal=PATROL,AUTO,0.120,0.001,2.494,-0.087,True,True,False
35.800,dynamic_target,count=1 x=1.91 y=-1.99 z=3.40,PATROL_NAVIGATING mode=AUTO nav_goal=PATROL,AUTO,0.120,0.001,2.494,-0.087,True,True,False
35.800,dynamic_lock,True,PATROL_NAVIGATING mode=AUTO nav_goal=PATROL,AUTO,0.120,0.001,2.494,-0.087,True,True,False
35.800,object_goal_state,REJECT cooldown source=elevated_dynamic_target remaining_sec=3.20,PATROL_NAVIGATING mode=AUTO nav_goal=PATROL,AUTO,0.120,0.001,2.494,-0.087,True,True,False
35.900,bird_confirmed,True,PATROL_NAVIGATING mode=AUTO nav_goal=PATROL,AUTO,0.120,0.001,2.513,-0.086,True,True,False
35.900,classification,GAZEBO_FAKE_YOLO11S_CLASSIFICATION class=bird,PATROL_NAVIGATING mode=AUTO nav_goal=PATROL,AUTO,0.120,0.001,2.513,-0.086,True,True,False
35.900,dynamic_target,count=1 x=1.92 y=-2.00 z=3.40,PATROL_NAVIGATING mode=AUTO nav_goal=PATROL,AUTO,0.120,0.001,2.513,-0.086,True,True,False
35.900,dynamic_lock,True,PATROL_NAVIGATING mode=AUTO nav_goal=PATROL,AUTO,0.120,0.001,2.513,-0.086,True,True,False
35.900,object_goal_state,REJECT cooldown source=elevated_dynamic_target remaining_sec=3.10,PATROL_NAVIGATING mode=AUTO nav_goal=PATROL,AUTO,0.120,0.001,2.513,-0.086,True,True,False
36.000,sound_state,IDLE_NO_REQUEST,PATROL_NAVIGATING mode=AUTO nav_goal=PATROL,AUTO,0.120,0.001,2.533,-0.086,True,True,False
36.000,sound_done,False,PATROL_NAVIGATING mode=AUTO nav_goal=PATROL,AUTO,0.120,0.001,2.533,-0.086,True,True,False
36.000,dynamic_target,count=1 x=1.92 y=-2.00 z=3.40,PATROL_NAVIGATING mode=AUTO nav_goal=PATROL,AUTO,0.120,0.001,2.533,-0.086,True,True,False
36.000,dynamic_lock,True,PATROL_NAVIGATING mode=AUTO nav_goal=PATROL,AUTO,0.120,0.001,2.533,-0.086,True,True,False
36.000,mission_state,PATROL_NAVIGATING mode=AUTO nav_goal=PATROL,PATROL_NAVIGATING mode=AUTO nav_goal=PATROL,AUTO,0.120,0.001,2.533,-0.086,True,True,False
36.000,classification,GAZEBO_FAKE_YOLO11S_CLASSIFICATION class=bird,PATROL_NAVIGATING mode=AUTO nav_goal=PATROL,AUTO,0.120,0.001,2.533,-0.086,True,True,False
36.000,bird_confirmed,True,PATROL_NAVIGATING mode=AUTO nav_goal=PATROL,AUTO,0.120,0.001,2.533,-0.086,True,True,False
36.000,object_goal_state,REJECT cooldown source=elevated_dynamic_target remaining_sec=3.00,PATROL_NAVIGATING mode=AUTO nav_goal=PATROL,AUTO,0.120,0.001,2.533,-0.086,True,True,False
36.000,dynamic_target,count=1 x=1.92 y=-2.00 z=3.40,PATROL_NAVIGATING mode=AUTO nav_goal=PATROL,AUTO,0.120,0.001,2.533,-0.086,True,True,False
36.000,dynamic_lock,True,PATROL_NAVIGATING mode=AUTO nav_goal=PATROL,AUTO,0.120,0.001,2.533,-0.086,True,True,False
36.000,object_goal_state,REJECT cooldown source=elevated_dynamic_target remaining_sec=3.00,PATROL_NAVIGATING mode=AUTO nav_goal=PATROL,AUTO,0.120,0.001,2.533,-0.086,True,True,False
36.100,bird_confirmed,True,PATROL_NAVIGATING mode=AUTO nav_goal=PATROL,AUTO,0.120,0.001,2.552,-0.085,True,True,False
36.100,classification,GAZEBO_FAKE_YOLO11S_CLASSIFICATION class=bird,PATROL_NAVIGATING mode=AUTO nav_goal=PATROL,AUTO,0.120,0.001,2.552,-0.085,True,True,False
36.100,dynamic_target,count=1 x=1.93 y=-2.01 z=3.40,PATROL_NAVIGATING mode=AUTO nav_goal=PATROL,AUTO,0.120,0.001,2.552,-0.085,True,True,False
36.100,dynamic_lock,True,PATROL_NAVIGATING mode=AUTO nav_goal=PATROL,AUTO,0.120,0.001,2.552,-0.085,True,True,False
36.100,object_goal_state,REJECT cooldown source=elevated_dynamic_target remaining_sec=2.90,PATROL_NAVIGATING mode=AUTO nav_goal=PATROL,AUTO,0.120,0.001,2.552,-0.085,True,True,False
36.200,mission_state,PATROL_NAVIGATING mode=AUTO nav_goal=PATROL,PATROL_NAVIGATING mode=AUTO nav_goal=PATROL,AUTO,0.120,0.001,2.571,-0.084,True,True,False
36.200,object_goal_state,REJECT cooldown source=elevated_dynamic_target remaining_sec=2.80,PATROL_NAVIGATING mode=AUTO nav_goal=PATROL,AUTO,0.120,0.001,2.571,-0.084,True,True,False
36.200,dynamic_target,count=1 x=1.93 y=-2.01 z=3.40,PATROL_NAVIGATING mode=AUTO nav_goal=PATROL,AUTO,0.120,0.001,2.571,-0.084,True,True,False
36.200,dynamic_lock,True,PATROL_NAVIGATING mode=AUTO nav_goal=PATROL,AUTO,0.120,0.001,2.571,-0.084,True,True,False
36.200,classification,GAZEBO_FAKE_YOLO11S_CLASSIFICATION class=bird,PATROL_NAVIGATING mode=AUTO nav_goal=PATROL,AUTO,0.120,0.001,2.571,-0.084,True,True,False
36.200,bird_confirmed,True,PATROL_NAVIGATING mode=AUTO nav_goal=PATROL,AUTO,0.120,0.001,2.571,-0.084,True,True,False
36.200,sound_state,IDLE_NO_REQUEST,PATROL_NAVIGATING mode=AUTO nav_goal=PATROL,AUTO,0.120,0.001,2.571,-0.084,True,True,False
36.200,sound_done,False,PATROL_NAVIGATING mode=AUTO nav_goal=PATROL,AUTO,0.120,0.001,2.571,-0.084,True,True,False
36.200,dynamic_target,count=1 x=1.94 y=-2.02 z=3.40,PATROL_NAVIGATING mode=AUTO nav_goal=PATROL,AUTO,0.120,0.001,2.571,-0.084,True,True,False
36.200,dynamic_lock,True,PATROL_NAVIGATING mode=AUTO nav_goal=PATROL,AUTO,0.120,0.001,2.571,-0.084,True,True,False
36.200,object_goal_state,REJECT cooldown source=elevated_dynamic_target remaining_sec=2.80,PATROL_NAVIGATING mode=AUTO nav_goal=PATROL,AUTO,0.120,0.001,2.571,-0.084,True,True,False
36.300,bird_confirmed,True,PATROL_NAVIGATING mode=AUTO nav_goal=PATROL,AUTO,0.120,0.001,2.590,-0.083,True,True,False
36.300,classification,GAZEBO_FAKE_YOLO11S_CLASSIFICATION class=bird,PATROL_NAVIGATING mode=AUTO nav_goal=PATROL,AUTO,0.120,0.001,2.590,-0.083,True,True,False
36.300,dynamic_target,count=1 x=1.94 y=-2.02 z=3.40,PATROL_NAVIGATING mode=AUTO nav_goal=PATROL,AUTO,0.120,0.001,2.598,-0.083,True,True,False
36.300,dynamic_lock,True,PATROL_NAVIGATING mode=AUTO nav_goal=PATROL,AUTO,0.120,0.001,2.598,-0.083,True,True,False
36.300,object_goal_state,REJECT cooldown source=elevated_dynamic_target remaining_sec=2.70,PATROL_NAVIGATING mode=AUTO nav_goal=PATROL,AUTO,0.120,0.001,2.598,-0.083,True,True,False
36.400,dynamic_target,count=1 x=1.94 y=-2.02 z=3.40,PATROL_NAVIGATING mode=AUTO nav_goal=PATROL,AUTO,0.120,0.001,2.609,-0.083,True,True,False
36.400,sound_state,IDLE_NO_REQUEST,PATROL_NAVIGATING mode=AUTO nav_goal=PATROL,AUTO,0.120,0.001,2.609,-0.083,True,True,False
36.400,sound_done,False,PATROL_NAVIGATING mode=AUTO nav_goal=PATROL,AUTO,0.120,0.001,2.609,-0.083,True,True,False
36.400,mission_state,PATROL_NAVIGATING mode=AUTO nav_goal=PATROL,PATROL_NAVIGATING mode=AUTO nav_goal=PATROL,AUTO,0.120,0.001,2.609,-0.083,True,True,False
36.400,dynamic_lock,True,PATROL_NAVIGATING mode=AUTO nav_goal=PATROL,AUTO,0.120,0.001,2.609,-0.083,True,True,False
36.400,bird_confirmed,True,PATROL_NAVIGATING mode=AUTO nav_goal=PATROL,AUTO,0.120,0.001,2.609,-0.083,True,True,False
36.400,object_goal_state,REJECT cooldown source=elevated_dynamic_target remaining_sec=2.60,PATROL_NAVIGATING mode=AUTO nav_goal=PATROL,AUTO,0.120,0.001,2.609,-0.083,True,True,False
36.400,classification,GAZEBO_FAKE_YOLO11S_CLASSIFICATION class=bird,PATROL_NAVIGATING mode=AUTO nav_goal=PATROL,AUTO,0.120,0.001,2.609,-0.083,True,True,False
36.400,dynamic_target,count=1 x=1.95 y=-2.03 z=3.40,PATROL_NAVIGATING mode=AUTO nav_goal=PATROL,AUTO,0.120,0.001,2.609,-0.083,True,True,False
36.400,dynamic_lock,True,PATROL_NAVIGATING mode=AUTO nav_goal=PATROL,AUTO,0.120,0.001,2.609,-0.083,True,True,False
36.400,object_goal_state,REJECT cooldown source=elevated_dynamic_target remaining_sec=2.60,PATROL_NAVIGATING mode=AUTO nav_goal=PATROL,AUTO,0.120,0.001,2.609,-0.083,True,True,False
36.500,classification,GAZEBO_FAKE_YOLO11S_CLASSIFICATION class=bird,PATROL_NAVIGATING mode=AUTO nav_goal=PATROL,AUTO,0.120,0.001,2.628,-0.082,True,True,False
36.500,bird_confirmed,True,PATROL_NAVIGATING mode=AUTO nav_goal=PATROL,AUTO,0.120,0.001,2.628,-0.082,True,True,False
36.500,dynamic_target,count=1 x=1.95 y=-2.03 z=3.40,PATROL_NAVIGATING mode=AUTO nav_goal=PATROL,AUTO,0.120,0.001,2.628,-0.082,True,True,False
36.500,dynamic_lock,True,PATROL_NAVIGATING mode=AUTO nav_goal=PATROL,AUTO,0.120,0.001,2.628,-0.082,True,True,False
36.500,object_goal_state,REJECT cooldown source=elevated_dynamic_target remaining_sec=2.50,PATROL_NAVIGATING mode=AUTO nav_goal=PATROL,AUTO,0.120,0.001,2.628,-0.082,True,True,False
36.600,mission_state,PATROL_NAVIGATING mode=AUTO nav_goal=PATROL,PATROL_NAVIGATING mode=AUTO nav_goal=PATROL,AUTO,0.120,0.001,2.648,-0.081,True,True,False
36.600,classification,GAZEBO_FAKE_YOLO11S_CLASSIFICATION class=bird,PATROL_NAVIGATING mode=AUTO nav_goal=PATROL,AUTO,0.120,0.001,2.648,-0.081,True,True,False
36.600,bird_confirmed,True,PATROL_NAVIGATING mode=AUTO nav_goal=PATROL,AUTO,0.120,0.001,2.648,-0.081,True,True,False
36.600,sound_state,IDLE_NO_REQUEST,PATROL_NAVIGATING mode=AUTO nav_goal=PATROL,AUTO,0.120,0.001,2.648,-0.081,True,True,False
36.600,sound_done,False,PATROL_NAVIGATING mode=AUTO nav_goal=PATROL,AUTO,0.120,0.001,2.648,-0.081,True,True,False
36.600,dynamic_target,count=1 x=1.96 y=-2.04 z=3.40,PATROL_NAVIGATING mode=AUTO nav_goal=PATROL,AUTO,0.120,0.001,2.655,-0.081,True,True,False
36.600,dynamic_lock,True,PATROL_NAVIGATING mode=AUTO nav_goal=PATROL,AUTO,0.120,0.001,2.655,-0.081,True,True,False
36.600,object_goal_state,REJECT cooldown source=elevated_dynamic_target remaining_sec=2.40,PATROL_NAVIGATING mode=AUTO nav_goal=PATROL,AUTO,0.120,0.001,2.655,-0.081,True,True,False
36.600,dynamic_target,count=1 x=1.96 y=-2.04 z=3.40,PATROL_NAVIGATING mode=AUTO nav_goal=PATROL,AUTO,0.120,0.001,2.655,-0.081,True,True,False
36.600,dynamic_lock,True,PATROL_NAVIGATING mode=AUTO nav_goal=PATROL,AUTO,0.120,0.001,2.655,-0.081,True,True,False
36.600,object_goal_state,REJECT cooldown source=elevated_dynamic_target remaining_sec=2.40,PATROL_NAVIGATING mode=AUTO nav_goal=PATROL,AUTO,0.120,0.001,2.655,-0.081,True,True,False
36.700,classification,GAZEBO_FAKE_YOLO11S_CLASSIFICATION class=bird,PATROL_NAVIGATING mode=AUTO nav_goal=PATROL,AUTO,0.120,0.001,2.667,-0.081,True,True,False
36.700,bird_confirmed,True,PATROL_NAVIGATING mode=AUTO nav_goal=PATROL,AUTO,0.120,0.001,2.667,-0.081,True,True,False
36.700,dynamic_target,count=1 x=1.97 y=-2.05 z=3.40,PATROL_NAVIGATING mode=AUTO nav_goal=PATROL,AUTO,0.120,0.001,2.667,-0.081,True,True,False
36.700,dynamic_lock,True,PATROL_NAVIGATING mode=AUTO nav_goal=PATROL,AUTO,0.120,0.001,2.667,-0.081,True,True,False
36.700,object_goal_state,REJECT cooldown source=elevated_dynamic_target remaining_sec=2.30,PATROL_NAVIGATING mode=AUTO nav_goal=PATROL,AUTO,0.120,0.001,2.667,-0.081,True,True,False
36.800,sound_done,False,PATROL_NAVIGATING mode=AUTO nav_goal=PATROL,AUTO,0.120,0.001,2.686,-0.080,True,True,False
36.800,bird_confirmed,True,PATROL_NAVIGATING mode=AUTO nav_goal=PATROL,AUTO,0.120,0.001,2.686,-0.080,True,True,False
36.800,classification,GAZEBO_FAKE_YOLO11S_CLASSIFICATION class=bird,PATROL_NAVIGATING mode=AUTO nav_goal=PATROL,AUTO,0.120,0.001,2.686,-0.080,True,True,False
36.800,mission_state,PATROL_NAVIGATING mode=AUTO nav_goal=PATROL,PATROL_NAVIGATING mode=AUTO nav_goal=PATROL,AUTO,0.120,0.001,2.686,-0.080,True,True,False
36.800,sound_state,IDLE_NO_REQUEST,PATROL_NAVIGATING mode=AUTO nav_goal=PATROL,AUTO,0.120,0.001,2.686,-0.080,True,True,False
36.800,dynamic_target,count=1 x=1.97 y=-2.05 z=3.40,PATROL_NAVIGATING mode=AUTO nav_goal=PATROL,AUTO,0.120,0.001,2.692,-0.080,True,True,False
36.800,dynamic_lock,True,PATROL_NAVIGATING mode=AUTO nav_goal=PATROL,AUTO,0.120,0.001,2.692,-0.080,True,True,False
36.800,object_goal_state,REJECT cooldown source=elevated_dynamic_target remaining_sec=2.20,PATROL_NAVIGATING mode=AUTO nav_goal=PATROL,AUTO,0.120,0.001,2.692,-0.080,True,True,False
36.800,dynamic_target,count=1 x=1.97 y=-2.05 z=3.40,PATROL_NAVIGATING mode=AUTO nav_goal=PATROL,AUTO,0.120,0.001,2.692,-0.080,True,True,False
36.800,dynamic_lock,True,PATROL_NAVIGATING mode=AUTO nav_goal=PATROL,AUTO,0.120,0.001,2.692,-0.080,True,True,False
36.800,object_goal_state,REJECT cooldown source=elevated_dynamic_target remaining_sec=2.20,PATROL_NAVIGATING mode=AUTO nav_goal=PATROL,AUTO,0.120,0.001,2.692,-0.080,True,True,False
36.900,classification,GAZEBO_FAKE_YOLO11S_CLASSIFICATION class=bird,PATROL_NAVIGATING mode=AUTO nav_goal=PATROL,AUTO,0.120,0.001,2.705,-0.079,True,True,False
36.900,bird_confirmed,True,PATROL_NAVIGATING mode=AUTO nav_goal=PATROL,AUTO,0.120,0.001,2.705,-0.079,True,True,False
36.900,dynamic_target,count=1 x=1.98 y=-2.06 z=3.40,PATROL_NAVIGATING mode=AUTO nav_goal=PATROL,AUTO,0.120,0.001,2.720,-0.079,True,True,False
36.900,dynamic_lock,True,PATROL_NAVIGATING mode=AUTO nav_goal=PATROL,AUTO,0.120,0.001,2.720,-0.079,True,True,False
36.900,object_goal_state,REJECT cooldown source=elevated_dynamic_target remaining_sec=2.10,PATROL_NAVIGATING mode=AUTO nav_goal=PATROL,AUTO,0.120,0.001,2.720,-0.079,True,True,False
37.000,classification,GAZEBO_FAKE_YOLO11S_CLASSIFICATION class=bird,PATROL_NAVIGATING mode=AUTO nav_goal=PATROL,AUTO,0.120,0.001,2.724,-0.079,True,True,False
37.000,bird_confirmed,True,PATROL_NAVIGATING mode=AUTO nav_goal=PATROL,AUTO,0.120,0.001,2.724,-0.079,True,True,False
37.000,sound_state,IDLE_NO_REQUEST,PATROL_NAVIGATING mode=AUTO nav_goal=PATROL,AUTO,0.120,0.001,2.724,-0.079,True,True,False
37.000,sound_done,False,PATROL_NAVIGATING mode=AUTO nav_goal=PATROL,AUTO,0.120,0.001,2.724,-0.079,True,True,False
37.000,mission_state,PATROL_NAVIGATING mode=AUTO nav_goal=PATROL,PATROL_NAVIGATING mode=AUTO nav_goal=PATROL,AUTO,0.120,0.001,2.724,-0.079,True,True,False
37.000,dynamic_target,count=1 x=1.98 y=-2.06 z=3.40,PATROL_NAVIGATING mode=AUTO nav_goal=PATROL,AUTO,0.120,0.001,2.724,-0.079,True,True,False
37.000,dynamic_lock,True,PATROL_NAVIGATING mode=AUTO nav_goal=PATROL,AUTO,0.120,0.001,2.724,-0.079,True,True,False
37.000,object_goal_state,REJECT cooldown source=elevated_dynamic_target remaining_sec=2.00,PATROL_NAVIGATING mode=AUTO nav_goal=PATROL,AUTO,0.120,0.001,2.724,-0.079,True,True,False
37.000,dynamic_target,count=1 x=1.98 y=-2.06 z=3.40,PATROL_NAVIGATING mode=AUTO nav_goal=PATROL,AUTO,0.120,0.001,2.724,-0.079,True,True,False
37.000,dynamic_lock,True,PATROL_NAVIGATING mode=AUTO nav_goal=PATROL,AUTO,0.120,0.001,2.724,-0.079,True,True,False
37.000,object_goal_state,REJECT cooldown source=elevated_dynamic_target remaining_sec=2.00,PATROL_NAVIGATING mode=AUTO nav_goal=PATROL,AUTO,0.120,0.001,2.726,-0.079,True,True,False
37.100,classification,GAZEBO_FAKE_YOLO11S_CLASSIFICATION class=bird,PATROL_NAVIGATING mode=AUTO nav_goal=PATROL,AUTO,0.120,0.001,2.743,-0.078,True,True,False
37.100,bird_confirmed,True,PATROL_NAVIGATING mode=AUTO nav_goal=PATROL,AUTO,0.120,0.001,2.743,-0.078,True,True,False
37.100,dynamic_target,count=1 x=1.99 y=-2.07 z=3.40,PATROL_NAVIGATING mode=AUTO nav_goal=PATROL,AUTO,0.120,0.001,2.751,-0.078,True,True,False
37.100,dynamic_lock,True,PATROL_NAVIGATING mode=AUTO nav_goal=PATROL,AUTO,0.120,0.001,2.751,-0.078,True,True,False
37.100,object_goal_state,REJECT cooldown source=elevated_dynamic_target remaining_sec=1.90,PATROL_NAVIGATING mode=AUTO nav_goal=PATROL,AUTO,0.120,0.001,2.751,-0.078,True,True,False
37.200,mission_state,PATROL_NAVIGATING mode=AUTO nav_goal=PATROL,PATROL_NAVIGATING mode=AUTO nav_goal=PATROL,AUTO,0.120,0.001,2.763,-0.077,True,True,False
37.200,dynamic_target,count=1 x=1.99 y=-2.07 z=3.40,PATROL_NAVIGATING mode=AUTO nav_goal=PATROL,AUTO,0.120,0.001,2.763,-0.077,True,True,False
37.200,dynamic_lock,True,PATROL_NAVIGATING mode=AUTO nav_goal=PATROL,AUTO,0.120,0.001,2.763,-0.077,True,True,False
37.200,sound_state,IDLE_NO_REQUEST,PATROL_NAVIGATING mode=AUTO nav_goal=PATROL,AUTO,0.120,0.001,2.763,-0.077,True,True,False
37.200,sound_done,False,PATROL_NAVIGATING mode=AUTO nav_goal=PATROL,AUTO,0.120,0.001,2.763,-0.077,True,True,False
37.200,classification,GAZEBO_FAKE_YOLO11S_CLASSIFICATION class=bird,PATROL_NAVIGATING mode=AUTO nav_goal=PATROL,AUTO,0.120,0.001,2.763,-0.077,True,True,False
37.200,bird_confirmed,True,PATROL_NAVIGATING mode=AUTO nav_goal=PATROL,AUTO,0.120,0.001,2.763,-0.077,True,True,False
37.200,object_goal_state,REJECT cooldown source=elevated_dynamic_target remaining_sec=1.80,PATROL_NAVIGATING mode=AUTO nav_goal=PATROL,AUTO,0.120,0.001,2.763,-0.077,True,True,False
37.200,dynamic_target,count=1 x=1.99 y=-2.08 z=3.40,PATROL_NAVIGATING mode=AUTO nav_goal=PATROL,AUTO,0.120,0.001,2.763,-0.077,True,True,False
37.200,dynamic_lock,True,PATROL_NAVIGATING mode=AUTO nav_goal=PATROL,AUTO,0.120,0.001,2.763,-0.077,True,True,False
37.200,object_goal_state,REJECT cooldown source=elevated_dynamic_target remaining_sec=1.80,PATROL_NAVIGATING mode=AUTO nav_goal=PATROL,AUTO,0.120,0.001,2.763,-0.077,True,True,False
37.300,bird_confirmed,True,PATROL_NAVIGATING mode=AUTO nav_goal=PATROL,AUTO,0.120,0.001,2.782,-0.077,True,True,False
37.300,classification,GAZEBO_FAKE_YOLO11S_CLASSIFICATION class=bird,PATROL_NAVIGATING mode=AUTO nav_goal=PATROL,AUTO,0.120,0.001,2.782,-0.077,True,True,False
37.300,dynamic_target,count=1 x=2.00 y=-2.08 z=3.40,PATROL_NAVIGATING mode=AUTO nav_goal=PATROL,AUTO,0.120,0.001,2.782,-0.077,True,True,False
37.300,dynamic_lock,True,PATROL_NAVIGATING mode=AUTO nav_goal=PATROL,AUTO,0.120,0.001,2.782,-0.077,True,True,False
37.300,object_goal_state,REJECT cooldown source=elevated_dynamic_target remaining_sec=1.70,PATROL_NAVIGATING mode=AUTO nav_goal=PATROL,AUTO,0.120,0.001,2.782,-0.077,True,True,False
37.400,classification,GAZEBO_FAKE_YOLO11S_CLASSIFICATION class=bird,PATROL_NAVIGATING mode=AUTO nav_goal=PATROL,AUTO,0.120,0.001,2.801,-0.076,True,True,False
37.400,bird_confirmed,True,PATROL_NAVIGATING mode=AUTO nav_goal=PATROL,AUTO,0.120,0.001,2.801,-0.076,True,True,False
37.400,sound_state,IDLE_NO_REQUEST,PATROL_NAVIGATING mode=AUTO nav_goal=PATROL,AUTO,0.120,0.001,2.801,-0.076,True,True,False
37.400,sound_done,False,PATROL_NAVIGATING mode=AUTO nav_goal=PATROL,AUTO,0.120,0.001,2.801,-0.076,True,True,False
37.400,mission_state,PATROL_NAVIGATING mode=AUTO nav_goal=PATROL,PATROL_NAVIGATING mode=AUTO nav_goal=PATROL,AUTO,0.120,0.001,2.801,-0.076,True,True,False
37.400,dynamic_target,count=1 x=2.01 y=-2.09 z=3.40,PATROL_NAVIGATING mode=AUTO nav_goal=PATROL,AUTO,0.120,0.001,2.809,-0.076,True,True,False
37.400,dynamic_lock,True,PATROL_NAVIGATING mode=AUTO nav_goal=PATROL,AUTO,0.120,0.001,2.809,-0.076,True,True,False
37.400,object_goal_state,REJECT cooldown source=elevated_dynamic_target remaining_sec=1.60,PATROL_NAVIGATING mode=AUTO nav_goal=PATROL,AUTO,0.120,0.001,2.809,-0.076,True,True,False
37.400,dynamic_target,count=1 x=2.01 y=-2.09 z=3.40,PATROL_NAVIGATING mode=AUTO nav_goal=PATROL,AUTO,0.120,0.001,2.809,-0.076,True,True,False
37.400,dynamic_lock,True,PATROL_NAVIGATING mode=AUTO nav_goal=PATROL,AUTO,0.120,0.001,2.809,-0.076,True,True,False
37.400,object_goal_state,REJECT cooldown source=elevated_dynamic_target remaining_sec=1.60,PATROL_NAVIGATING mode=AUTO nav_goal=PATROL,AUTO,0.120,0.001,2.809,-0.076,True,True,False
37.500,classification,GAZEBO_FAKE_YOLO11S_CLASSIFICATION class=bird,PATROL_NAVIGATING mode=AUTO nav_goal=PATROL,AUTO,0.120,0.001,2.820,-0.075,True,True,False
37.500,bird_confirmed,True,PATROL_NAVIGATING mode=AUTO nav_goal=PATROL,AUTO,0.120,0.001,2.820,-0.075,True,True,False
37.500,dynamic_target,count=1 x=2.01 y=-2.09 z=3.40,PATROL_NAVIGATING mode=AUTO nav_goal=PATROL,AUTO,0.120,0.001,2.837,-0.075,True,True,False
37.500,dynamic_lock,True,PATROL_NAVIGATING mode=AUTO nav_goal=PATROL,AUTO,0.120,0.001,2.837,-0.075,True,True,False
37.500,object_goal_state,REJECT cooldown source=elevated_dynamic_target remaining_sec=1.50,PATROL_NAVIGATING mode=AUTO nav_goal=PATROL,AUTO,0.120,0.001,2.837,-0.075,True,True,False
37.600,sound_state,IDLE_NO_REQUEST,PATROL_NAVIGATING mode=AUTO nav_goal=PATROL,AUTO,0.120,0.001,2.839,-0.075,True,True,False
37.600,sound_done,False,PATROL_NAVIGATING mode=AUTO nav_goal=PATROL,AUTO,0.120,0.001,2.839,-0.075,True,True,False
37.600,classification,GAZEBO_FAKE_YOLO11S_CLASSIFICATION class=bird,PATROL_NAVIGATING mode=AUTO nav_goal=PATROL,AUTO,0.120,0.001,2.839,-0.075,True,True,False
37.600,bird_confirmed,True,PATROL_NAVIGATING mode=AUTO nav_goal=PATROL,AUTO,0.120,0.001,2.839,-0.075,True,True,False
37.600,mission_state,PATROL_NAVIGATING mode=AUTO nav_goal=PATROL,PATROL_NAVIGATING mode=AUTO nav_goal=PATROL,AUTO,0.120,0.001,2.839,-0.075,True,True,False
37.600,object_goal_state,REJECT cooldown source=elevated_dynamic_target remaining_sec=1.40,PATROL_NAVIGATING mode=AUTO nav_goal=PATROL,AUTO,0.120,0.001,2.839,-0.075,True,True,False
37.600,dynamic_target,count=1 x=2.02 y=-2.10 z=3.40,PATROL_NAVIGATING mode=AUTO nav_goal=PATROL,AUTO,0.120,0.001,2.839,-0.075,True,True,False
37.600,dynamic_lock,True,PATROL_NAVIGATING mode=AUTO nav_goal=PATROL,AUTO,0.120,0.001,2.839,-0.075,True,True,False
37.600,dynamic_target,count=1 x=2.02 y=-2.10 z=3.40,PATROL_NAVIGATING mode=AUTO nav_goal=PATROL,AUTO,0.120,0.001,2.839,-0.075,True,True,False
37.600,dynamic_lock,True,PATROL_NAVIGATING mode=AUTO nav_goal=PATROL,AUTO,0.120,0.001,2.839,-0.075,True,True,False
37.600,object_goal_state,REJECT cooldown source=elevated_dynamic_target remaining_sec=1.40,PATROL_NAVIGATING mode=AUTO nav_goal=PATROL,AUTO,0.120,0.001,2.839,-0.075,True,True,False
37.700,classification,GAZEBO_FAKE_YOLO11S_CLASSIFICATION class=bird,PATROL_NAVIGATING mode=AUTO nav_goal=PATROL,AUTO,0.120,0.001,2.858,-0.074,True,True,False
37.700,bird_confirmed,True,PATROL_NAVIGATING mode=AUTO nav_goal=PATROL,AUTO,0.120,0.001,2.858,-0.074,True,True,False
37.700,dynamic_target,count=1 x=2.02 y=-2.11 z=3.40,PATROL_NAVIGATING mode=AUTO nav_goal=PATROL,AUTO,0.120,0.000,2.866,-0.074,True,True,False
37.700,dynamic_lock,True,PATROL_NAVIGATING mode=AUTO nav_goal=PATROL,AUTO,0.120,0.000,2.866,-0.074,True,True,False
37.700,object_goal_state,REJECT cooldown source=elevated_dynamic_target remaining_sec=1.30,PATROL_NAVIGATING mode=AUTO nav_goal=PATROL,AUTO,0.120,0.000,2.866,-0.074,True,True,False
37.800,mission_state,PATROL_NAVIGATING mode=AUTO nav_goal=PATROL,PATROL_NAVIGATING mode=AUTO nav_goal=PATROL,AUTO,0.120,0.000,2.878,-0.073,True,True,False
37.800,bird_confirmed,True,PATROL_NAVIGATING mode=AUTO nav_goal=PATROL,AUTO,0.120,0.000,2.878,-0.073,True,True,False
37.800,dynamic_target,count=1 x=2.02 y=-2.11 z=3.40,PATROL_NAVIGATING mode=AUTO nav_goal=PATROL,AUTO,0.120,0.000,2.878,-0.073,True,True,False
37.800,dynamic_lock,True,PATROL_NAVIGATING mode=AUTO nav_goal=PATROL,AUTO,0.120,0.000,2.878,-0.073,True,True,False
37.800,classification,GAZEBO_FAKE_YOLO11S_CLASSIFICATION class=bird,PATROL_NAVIGATING mode=AUTO nav_goal=PATROL,AUTO,0.120,0.000,2.878,-0.073,True,True,False
37.800,sound_state,IDLE_NO_REQUEST,PATROL_NAVIGATING mode=AUTO nav_goal=PATROL,AUTO,0.120,0.000,2.878,-0.073,True,True,False
37.800,sound_done,False,PATROL_NAVIGATING mode=AUTO nav_goal=PATROL,AUTO,0.120,0.000,2.878,-0.073,True,True,False
37.800,object_goal_state,REJECT cooldown source=elevated_dynamic_target remaining_sec=1.20,PATROL_NAVIGATING mode=AUTO nav_goal=PATROL,AUTO,0.120,0.000,2.878,-0.073,True,True,False
37.900,bird_confirmed,True,PATROL_NAVIGATING mode=AUTO nav_goal=PATROL,AUTO,0.120,0.001,2.897,-0.073,True,True,False
37.900,classification,GAZEBO_FAKE_YOLO11S_CLASSIFICATION class=bird,PATROL_NAVIGATING mode=AUTO nav_goal=PATROL,AUTO,0.120,0.001,2.897,-0.073,True,True,False
37.900,dynamic_target,count=1 x=2.03 y=-2.11 z=3.40,PATROL_NAVIGATING mode=AUTO nav_goal=PATROL,AUTO,0.120,0.001,2.899,-0.072,True,True,False
37.900,dynamic_lock,True,PATROL_NAVIGATING mode=AUTO nav_goal=PATROL,AUTO,0.120,0.001,2.899,-0.072,True,True,False
37.900,object_goal_state,REJECT cooldown source=elevated_dynamic_target remaining_sec=1.10,PATROL_NAVIGATING mode=AUTO nav_goal=PATROL,AUTO,0.120,0.001,2.899,-0.072,True,True,False
37.900,dynamic_target,count=1 x=2.04 y=-2.12 z=3.40,PATROL_NAVIGATING mode=AUTO nav_goal=PATROL,AUTO,0.120,0.001,2.899,-0.072,True,True,False
37.900,dynamic_lock,True,PATROL_NAVIGATING mode=AUTO nav_goal=PATROL,AUTO,0.120,0.001,2.899,-0.072,True,True,False
37.900,object_goal_state,REJECT cooldown source=elevated_dynamic_target remaining_sec=1.10,PATROL_NAVIGATING mode=AUTO nav_goal=PATROL,AUTO,0.120,0.001,2.899,-0.072,True,True,False
38.000,classification,GAZEBO_FAKE_YOLO11S_CLASSIFICATION class=bird,PATROL_NAVIGATING mode=AUTO nav_goal=PATROL,AUTO,0.120,0.001,2.916,-0.072,True,True,False
38.000,bird_confirmed,True,PATROL_NAVIGATING mode=AUTO nav_goal=PATROL,AUTO,0.120,0.001,2.916,-0.072,True,True,False
38.000,sound_state,IDLE_NO_REQUEST,PATROL_NAVIGATING mode=AUTO nav_goal=PATROL,AUTO,0.120,0.001,2.916,-0.072,True,True,False
38.000,sound_done,False,PATROL_NAVIGATING mode=AUTO nav_goal=PATROL,AUTO,0.120,0.001,2.916,-0.072,True,True,False
38.000,mission_state,PATROL_NAVIGATING mode=AUTO nav_goal=PATROL,PATROL_NAVIGATING mode=AUTO nav_goal=PATROL,AUTO,0.120,0.001,2.916,-0.072,True,True,False
38.000,dynamic_target,count=1 x=2.04 y=-2.12 z=3.40,PATROL_NAVIGATING mode=AUTO nav_goal=PATROL,AUTO,0.120,0.001,2.916,-0.072,True,True,False
38.000,dynamic_lock,True,PATROL_NAVIGATING mode=AUTO nav_goal=PATROL,AUTO,0.120,0.001,2.916,-0.072,True,True,False
38.000,object_goal_state,REJECT cooldown source=elevated_dynamic_target remaining_sec=1.00,PATROL_NAVIGATING mode=AUTO nav_goal=PATROL,AUTO,0.120,0.001,2.916,-0.072,True,True,False
38.000,dynamic_target,count=1 x=2.04 y=-2.13 z=3.40,PATROL_NAVIGATING mode=AUTO nav_goal=PATROL,AUTO,0.120,0.001,2.916,-0.072,True,True,False
38.000,dynamic_lock,True,PATROL_NAVIGATING mode=AUTO nav_goal=PATROL,AUTO,0.120,0.001,2.916,-0.072,True,True,False
38.000,object_goal_state,REJECT cooldown source=elevated_dynamic_target remaining_sec=1.00,PATROL_NAVIGATING mode=AUTO nav_goal=PATROL,AUTO,0.120,0.001,2.916,-0.072,True,True,False
38.100,dynamic_target,count=1 x=2.05 y=-2.13 z=3.40,PATROL_NAVIGATING mode=AUTO nav_goal=PATROL,AUTO,0.120,0.001,2.935,-0.071,True,True,False
38.100,dynamic_lock,True,PATROL_NAVIGATING mode=AUTO nav_goal=PATROL,AUTO,0.120,0.001,2.935,-0.071,True,True,False
38.100,classification,GAZEBO_FAKE_YOLO11S_CLASSIFICATION class=bird,PATROL_NAVIGATING mode=AUTO nav_goal=PATROL,AUTO,0.120,0.001,2.935,-0.071,True,True,False
38.100,bird_confirmed,True,PATROL_NAVIGATING mode=AUTO nav_goal=PATROL,AUTO,0.120,0.001,2.935,-0.071,True,True,False
38.100,object_goal_state,REJECT cooldown source=elevated_dynamic_target remaining_sec=0.90,PATROL_NAVIGATING mode=AUTO nav_goal=PATROL,AUTO,0.120,0.001,2.935,-0.071,True,True,False
38.200,sound_state,IDLE_NO_REQUEST,PATROL_NAVIGATING mode=AUTO nav_goal=PATROL,AUTO,0.120,0.001,2.954,-0.071,True,True,False
38.200,sound_done,False,PATROL_NAVIGATING mode=AUTO nav_goal=PATROL,AUTO,0.120,0.001,2.954,-0.071,True,True,False
38.200,mission_state,PATROL_NAVIGATING mode=AUTO nav_goal=PATROL,PATROL_NAVIGATING mode=AUTO nav_goal=PATROL,AUTO,0.120,0.001,2.954,-0.071,True,True,False
38.200,classification,GAZEBO_FAKE_YOLO11S_CLASSIFICATION class=bird,PATROL_NAVIGATING mode=AUTO nav_goal=PATROL,AUTO,0.120,0.001,2.954,-0.071,True,True,False
38.200,bird_confirmed,True,PATROL_NAVIGATING mode=AUTO nav_goal=PATROL,AUTO,0.120,0.001,2.954,-0.071,True,True,False
38.200,dynamic_target,count=1 x=2.05 y=-2.14 z=3.40,PATROL_NAVIGATING mode=AUTO nav_goal=PATROL,AUTO,0.120,0.001,2.958,-0.070,True,True,False
38.200,dynamic_lock,True,PATROL_NAVIGATING mode=AUTO nav_goal=PATROL,AUTO,0.120,0.001,2.958,-0.070,True,True,False
38.200,object_goal_state,REJECT cooldown source=elevated_dynamic_target remaining_sec=0.80,PATROL_NAVIGATING mode=AUTO nav_goal=PATROL,AUTO,0.120,0.001,2.958,-0.070,True,True,False
38.200,dynamic_target,count=1 x=2.05 y=-2.14 z=3.40,PATROL_NAVIGATING mode=AUTO nav_goal=PATROL,AUTO,0.120,0.001,2.958,-0.070,True,True,False
38.200,dynamic_lock,True,PATROL_NAVIGATING mode=AUTO nav_goal=PATROL,AUTO,0.120,0.001,2.958,-0.070,True,True,False
38.200,object_goal_state,REJECT cooldown source=elevated_dynamic_target remaining_sec=0.80,PATROL_NAVIGATING mode=AUTO nav_goal=PATROL,AUTO,0.120,0.001,2.958,-0.070,True,True,False
38.300,bird_confirmed,True,PATROL_NAVIGATING mode=AUTO nav_goal=PATROL,AUTO,0.120,0.001,2.974,-0.070,True,True,False
38.300,classification,GAZEBO_FAKE_YOLO11S_CLASSIFICATION class=bird,PATROL_NAVIGATING mode=AUTO nav_goal=PATROL,AUTO,0.120,0.001,2.974,-0.070,True,True,False
38.300,dynamic_target,count=1 x=2.06 y=-2.14 z=3.40,PATROL_NAVIGATING mode=AUTO nav_goal=PATROL,AUTO,0.120,0.001,2.974,-0.070,True,True,False
38.300,dynamic_lock,True,PATROL_NAVIGATING mode=AUTO nav_goal=PATROL,AUTO,0.120,0.001,2.974,-0.070,True,True,False
38.300,object_goal_state,REJECT cooldown source=elevated_dynamic_target remaining_sec=0.70,PATROL_NAVIGATING mode=AUTO nav_goal=PATROL,AUTO,0.120,0.001,2.974,-0.070,True,True,False
38.400,dynamic_target,count=1 x=2.06 y=-2.14 z=3.40,PATROL_NAVIGATING mode=AUTO nav_goal=PATROL,AUTO,0.120,0.001,2.993,-0.069,True,True,False
38.400,dynamic_lock,True,PATROL_NAVIGATING mode=AUTO nav_goal=PATROL,AUTO,0.120,0.001,2.993,-0.069,True,True,False
38.400,mission_state,PATROL_NAVIGATING mode=AUTO nav_goal=PATROL,PATROL_NAVIGATING mode=AUTO nav_goal=PATROL,AUTO,0.120,0.001,2.993,-0.069,True,True,False
38.400,object_goal_state,REJECT cooldown source=elevated_dynamic_target remaining_sec=0.60,PATROL_NAVIGATING mode=AUTO nav_goal=PATROL,AUTO,0.120,0.001,2.993,-0.069,True,True,False
38.400,sound_state,IDLE_NO_REQUEST,PATROL_NAVIGATING mode=AUTO nav_goal=PATROL,AUTO,0.120,0.001,2.993,-0.069,True,True,False
38.400,sound_done,False,PATROL_NAVIGATING mode=AUTO nav_goal=PATROL,AUTO,0.120,0.001,2.993,-0.069,True,True,False
38.400,dynamic_target,count=1 x=2.06 y=-2.15 z=3.40,PATROL_NAVIGATING mode=AUTO nav_goal=PATROL,AUTO,0.120,0.001,2.993,-0.069,True,True,False
38.400,dynamic_lock,True,PATROL_NAVIGATING mode=AUTO nav_goal=PATROL,AUTO,0.120,0.001,2.993,-0.069,True,True,False
38.400,classification,GAZEBO_FAKE_YOLO11S_CLASSIFICATION class=bird,PATROL_NAVIGATING mode=AUTO nav_goal=PATROL,AUTO,0.120,0.001,2.993,-0.069,True,True,False
38.400,bird_confirmed,True,PATROL_NAVIGATING mode=AUTO nav_goal=PATROL,AUTO,0.120,0.001,2.993,-0.069,True,True,False
38.400,object_goal_state,REJECT cooldown source=elevated_dynamic_target remaining_sec=0.60,PATROL_NAVIGATING mode=AUTO nav_goal=PATROL,AUTO,0.120,0.001,2.993,-0.069,True,True,False
38.500,dynamic_target,count=1 x=2.07 y=-2.16 z=3.40,PATROL_NAVIGATING mode=AUTO nav_goal=PATROL,AUTO,0.120,0.001,3.012,-0.068,True,True,False
38.500,dynamic_lock,True,PATROL_NAVIGATING mode=AUTO nav_goal=PATROL,AUTO,0.120,0.001,3.012,-0.068,True,True,False
38.500,classification,GAZEBO_FAKE_YOLO11S_CLASSIFICATION class=bird,PATROL_NAVIGATING mode=AUTO nav_goal=PATROL,AUTO,0.120,0.001,3.012,-0.068,True,True,False
38.500,bird_confirmed,True,PATROL_NAVIGATING mode=AUTO nav_goal=PATROL,AUTO,0.120,0.001,3.012,-0.068,True,True,False
38.500,object_goal_state,REJECT cooldown source=elevated_dynamic_target remaining_sec=0.50,PATROL_NAVIGATING mode=AUTO nav_goal=PATROL,AUTO,0.120,0.001,3.012,-0.068,True,True,False
38.600,sound_done,False,PATROL_NAVIGATING mode=AUTO nav_goal=PATROL,AUTO,0.120,0.001,3.031,-0.068,True,True,False
38.600,sound_state,IDLE_NO_REQUEST,PATROL_NAVIGATING mode=AUTO nav_goal=PATROL,AUTO,0.120,0.001,3.031,-0.068,True,True,False
38.600,mission_state,PATROL_NAVIGATING mode=AUTO nav_goal=PATROL,PATROL_NAVIGATING mode=AUTO nav_goal=PATROL,AUTO,0.120,0.001,3.031,-0.068,True,True,False
38.600,classification,GAZEBO_FAKE_YOLO11S_CLASSIFICATION class=bird,PATROL_NAVIGATING mode=AUTO nav_goal=PATROL,AUTO,0.120,0.001,3.031,-0.068,True,True,False
38.600,bird_confirmed,True,PATROL_NAVIGATING mode=AUTO nav_goal=PATROL,AUTO,0.120,0.001,3.031,-0.068,True,True,False
38.600,dynamic_target,count=1 x=2.08 y=-2.16 z=3.40,PATROL_NAVIGATING mode=AUTO nav_goal=PATROL,AUTO,0.120,0.001,3.041,-0.067,True,True,False
38.600,dynamic_lock,True,PATROL_NAVIGATING mode=AUTO nav_goal=PATROL,AUTO,0.120,0.001,3.041,-0.067,True,True,False
38.600,object_goal_state,REJECT cooldown source=elevated_dynamic_target remaining_sec=0.40,PATROL_NAVIGATING mode=AUTO nav_goal=PATROL,AUTO,0.120,0.001,3.041,-0.067,True,True,False
38.600,dynamic_target,count=1 x=2.08 y=-2.16 z=3.40,PATROL_NAVIGATING mode=AUTO nav_goal=PATROL,AUTO,0.120,0.001,3.041,-0.067,True,True,False
38.600,dynamic_lock,True,PATROL_NAVIGATING mode=AUTO nav_goal=PATROL,AUTO,0.120,0.001,3.041,-0.067,True,True,False
38.600,object_goal_state,REJECT cooldown source=elevated_dynamic_target remaining_sec=0.40,PATROL_NAVIGATING mode=AUTO nav_goal=PATROL,AUTO,0.120,0.001,3.041,-0.067,True,True,False
38.700,classification,GAZEBO_FAKE_YOLO11S_CLASSIFICATION class=bird,PATROL_NAVIGATING mode=AUTO nav_goal=PATROL,AUTO,0.120,0.001,3.050,-0.067,True,True,False
38.700,bird_confirmed,True,PATROL_NAVIGATING mode=AUTO nav_goal=PATROL,AUTO,0.120,0.001,3.050,-0.067,True,True,False
38.700,dynamic_target,count=1 x=2.08 y=-2.17 z=3.40,PATROL_NAVIGATING mode=AUTO nav_goal=PATROL,AUTO,0.120,0.001,3.050,-0.067,True,True,False
38.700,dynamic_lock,True,PATROL_NAVIGATING mode=AUTO nav_goal=PATROL,AUTO,0.120,0.001,3.050,-0.067,True,True,False
38.700,object_goal_state,REJECT cooldown source=elevated_dynamic_target remaining_sec=0.30,PATROL_NAVIGATING mode=AUTO nav_goal=PATROL,AUTO,0.120,0.001,3.050,-0.067,True,True,False
38.800,sound_state,IDLE_NO_REQUEST,PATROL_NAVIGATING mode=AUTO nav_goal=PATROL,AUTO,0.120,0.001,3.069,-0.066,True,True,False
38.800,sound_done,False,PATROL_NAVIGATING mode=AUTO nav_goal=PATROL,AUTO,0.120,0.001,3.069,-0.066,True,True,False
38.800,mission_state,PATROL_NAVIGATING mode=AUTO nav_goal=PATROL,PATROL_NAVIGATING mode=AUTO nav_goal=PATROL,AUTO,0.120,0.001,3.069,-0.066,True,True,False
38.800,object_goal_state,REJECT cooldown source=elevated_dynamic_target remaining_sec=0.20,PATROL_NAVIGATING mode=AUTO nav_goal=PATROL,AUTO,0.120,0.001,3.069,-0.066,True,True,False
38.800,dynamic_target,count=1 x=2.08 y=-2.17 z=3.40,PATROL_NAVIGATING mode=AUTO nav_goal=PATROL,AUTO,0.120,0.001,3.069,-0.066,True,True,False
38.800,dynamic_lock,True,PATROL_NAVIGATING mode=AUTO nav_goal=PATROL,AUTO,0.120,0.001,3.069,-0.066,True,True,False
38.800,classification,GAZEBO_FAKE_YOLO11S_CLASSIFICATION class=bird,PATROL_NAVIGATING mode=AUTO nav_goal=PATROL,AUTO,0.120,0.001,3.069,-0.066,True,True,False
38.800,bird_confirmed,True,PATROL_NAVIGATING mode=AUTO nav_goal=PATROL,AUTO,0.120,0.001,3.069,-0.066,True,True,False
38.800,dynamic_target,count=1 x=2.09 y=-2.17 z=3.40,PATROL_NAVIGATING mode=AUTO nav_goal=PATROL,AUTO,0.120,0.001,3.069,-0.066,True,True,False
38.800,dynamic_lock,True,PATROL_NAVIGATING mode=AUTO nav_goal=PATROL,AUTO,0.120,0.001,3.069,-0.066,True,True,False
38.800,object_goal_state,REJECT cooldown source=elevated_dynamic_target remaining_sec=0.20,PATROL_NAVIGATING mode=AUTO nav_goal=PATROL,AUTO,0.120,0.001,3.069,-0.066,True,True,False
38.900,classification,GAZEBO_FAKE_YOLO11S_CLASSIFICATION class=bird,PATROL_NAVIGATING mode=AUTO nav_goal=PATROL,AUTO,0.120,0.001,3.089,-0.066,True,True,False
38.900,bird_confirmed,True,PATROL_NAVIGATING mode=AUTO nav_goal=PATROL,AUTO,0.120,0.001,3.089,-0.066,True,True,False
38.900,dynamic_target,count=1 x=2.09 y=-2.18 z=3.40,PATROL_NAVIGATING mode=AUTO nav_goal=PATROL,AUTO,0.120,0.000,3.094,-0.066,True,True,False
38.900,object_goal_state,REJECT cooldown source=elevated_dynamic_target remaining_sec=0.10,PATROL_NAVIGATING mode=AUTO nav_goal=PATROL,AUTO,0.120,0.000,3.094,-0.066,True,True,False
38.900,dynamic_lock,True,PATROL_NAVIGATING mode=AUTO nav_goal=PATROL,AUTO,0.120,0.000,3.094,-0.066,True,True,False
39.000,sound_done,False,PATROL_NAVIGATING mode=AUTO nav_goal=PATROL,AUTO,0.120,0.000,3.108,-0.065,True,True,False
39.000,mission_state,PATROL_NAVIGATING mode=AUTO nav_goal=PATROL,PATROL_NAVIGATING mode=AUTO nav_goal=PATROL,AUTO,0.120,0.000,3.108,-0.065,True,True,False
39.000,sound_state,IDLE_NO_REQUEST,PATROL_NAVIGATING mode=AUTO nav_goal=PATROL,AUTO,0.120,0.000,3.108,-0.065,True,True,False
39.000,classification,GAZEBO_FAKE_YOLO11S_CLASSIFICATION class=bird,PATROL_NAVIGATING mode=AUTO nav_goal=PATROL,AUTO,0.120,0.001,3.108,-0.065,True,True,False
39.000,bird_confirmed,True,PATROL_NAVIGATING mode=AUTO nav_goal=PATROL,AUTO,0.120,0.001,3.108,-0.065,True,True,False
39.000,dynamic_target,count=1 x=2.10 y=-2.19 z=3.40,PATROL_NAVIGATING mode=AUTO nav_goal=PATROL,AUTO,0.120,0.001,3.121,-0.065,True,True,False
39.000,dynamic_lock,True,PATROL_NAVIGATING mode=AUTO nav_goal=PATROL,AUTO,0.120,0.001,3.121,-0.065,True,True,False
39.000,object_goal_state,REJECT cooldown source=elevated_dynamic_target remaining_sec=0.00,PATROL_NAVIGATING mode=AUTO nav_goal=PATROL,AUTO,0.120,0.001,3.121,-0.065,True,True,False
39.000,dynamic_target,count=1 x=2.10 y=-2.19 z=3.40,PATROL_NAVIGATING mode=AUTO nav_goal=PATROL,AUTO,0.120,0.001,3.121,-0.065,True,True,False
39.000,dynamic_lock,True,PATROL_NAVIGATING mode=AUTO nav_goal=PATROL,AUTO,0.120,0.001,3.121,-0.065,True,True,False
39.000,object_goal_state,REJECT cooldown source=elevated_dynamic_target remaining_sec=0.00,PATROL_NAVIGATING mode=AUTO nav_goal=PATROL,AUTO,0.120,0.001,3.121,-0.065,True,True,False
39.100,classification,GAZEBO_FAKE_YOLO11S_CLASSIFICATION class=bird,PATROL_NAVIGATING mode=AUTO nav_goal=PATROL,AUTO,0.120,0.001,3.127,-0.064,True,True,False
39.100,bird_confirmed,True,PATROL_NAVIGATING mode=AUTO nav_goal=PATROL,AUTO,0.120,0.001,3.127,-0.064,True,True,False
39.100,dynamic_target,count=1 x=2.11 y=-2.19 z=3.40,PATROL_NAVIGATING mode=AUTO nav_goal=PATROL,AUTO,0.120,0.001,3.127,-0.064,True,True,False
39.100,dynamic_lock,True,PATROL_NAVIGATING mode=AUTO nav_goal=PATROL,AUTO,0.120,0.001,3.127,-0.064,True,True,False
39.100,object_goal_state,ACCEPT_INSPECTION_GOAL source=elevated_dynamic_target height=3.40 range=2.36 dynamic=True z_valid=True bird_confirmed=True target_class=bird offset_m=2.00 frame=odom goal_x=2.971 goal_y=-0.389,PATROL_NAVIGATING mode=AUTO nav_goal=PATROL,AUTO,0.120,0.001,3.127,-0.064,True,True,False
39.100,inspection_goal,x=2.97 y=-0.39,PATROL_NAVIGATING mode=AUTO nav_goal=PATROL,AUTO,0.120,0.001,3.127,-0.064,True,True,False
39.200,classification,GAZEBO_FAKE_YOLO11S_CLASSIFICATION class=bird,PATROL_NAVIGATING mode=AUTO nav_goal=PATROL,AUTO,0.120,0.001,3.146,-0.064,True,True,False
39.200,bird_confirmed,True,PATROL_NAVIGATING mode=AUTO nav_goal=PATROL,AUTO,0.120,0.001,3.146,-0.064,True,True,False
39.200,sound_state,IDLE_NO_REQUEST,PATROL_NAVIGATING mode=AUTO nav_goal=PATROL,AUTO,0.120,0.001,3.146,-0.064,True,True,False
39.200,sound_done,False,PATROL_NAVIGATING mode=AUTO nav_goal=PATROL,AUTO,0.120,0.001,3.146,-0.064,True,True,False
39.200,mission_state,PATROL_NAVIGATING mode=AUTO nav_goal=PATROL,PATROL_NAVIGATING mode=AUTO nav_goal=PATROL,AUTO,0.120,0.001,3.146,-0.064,True,True,False
39.200,mission_event,timestamp=39.200 mission_id=0 target_mission_id=2 state=PATROL_NAVIGATING event_type=INTERRUPT_PATROL_FOR_LIDAR_TARGET reason=target_id=2 waypoint_index=1 waypoint_index=1,PATROL_NAVIGATING mode=AUTO nav_goal=PATROL,AUTO,0.120,0.001,3.146,-0.064,True,True,False
39.200,mission_event,timestamp=39.200 mission_id=0 target_mission_id=2 state=INSPECTION_GOAL_GENERATED event_type=STATE_CHANGE reason=previous=PATROL_NAVIGATING next=INSPECTION_GOAL_GENERATED reason=lidar_first_inspection_goal waypoint_index=1,PATROL_NAVIGATING mode=AUTO nav_goal=PATROL,AUTO,0.120,0.001,3.146,-0.064,True,True,False
39.200,mission_event,timestamp=39.200 mission_id=0 target_mission_id=2 state=APPROACH_TARGET_OFFSET event_type=STATE_CHANGE reason=previous=INSPECTION_GOAL_GENERATED next=APPROACH_TARGET_OFFSET reason=goal_type=TARGET_INSPECTION waypoint_index=1,PATROL_NAVIGATING mode=AUTO nav_goal=PATROL,AUTO,0.120,0.001,3.146,-0.064,True,True,False
39.200,mission_event,timestamp=39.200 mission_id=0 target_mission_id=2 state=APPROACH_TARGET_OFFSET event_type=NAV2_DISABLED_SIMULATED_GOAL reason=TARGET_INSPECTION waypoint_index=1,PATROL_NAVIGATING mode=AUTO nav_goal=PATROL,AUTO,0.120,0.001,3.146,-0.064,True,True,False
39.200,dynamic_target,count=1 x=2.11 y=-2.20 z=3.40,PATROL_NAVIGATING mode=AUTO nav_goal=PATROL,AUTO,0.120,0.001,3.148,-0.064,True,True,False
39.200,dynamic_lock,True,PATROL_NAVIGATING mode=AUTO nav_goal=PATROL,AUTO,0.120,0.001,3.148,-0.064,True,True,False
39.200,object_goal_state,REJECT cooldown source=elevated_dynamic_target remaining_sec=7.90,PATROL_NAVIGATING mode=AUTO nav_goal=PATROL,AUTO,0.120,0.001,3.148,-0.064,True,True,False
39.200,dynamic_target,count=1 x=2.11 y=-2.20 z=3.40,PATROL_NAVIGATING mode=AUTO nav_goal=PATROL,AUTO,0.120,0.001,3.148,-0.064,True,True,False
39.200,dynamic_lock,True,PATROL_NAVIGATING mode=AUTO nav_goal=PATROL,AUTO,0.120,0.001,3.148,-0.064,True,True,False
39.200,object_goal_state,REJECT cooldown source=elevated_dynamic_target remaining_sec=7.90,PATROL_NAVIGATING mode=AUTO nav_goal=PATROL,AUTO,0.120,0.001,3.148,-0.064,True,True,False
39.300,classification,GAZEBO_FAKE_YOLO11S_CLASSIFICATION class=bird,PATROL_NAVIGATING mode=AUTO nav_goal=PATROL,AUTO,0.120,0.001,3.165,-0.063,True,True,False
39.300,bird_confirmed,True,PATROL_NAVIGATING mode=AUTO nav_goal=PATROL,AUTO,0.120,0.001,3.165,-0.063,True,True,False
39.300,dynamic_target,count=1 x=2.12 y=-2.20 z=3.40,PATROL_NAVIGATING mode=AUTO nav_goal=PATROL,AUTO,0.120,0.001,3.181,-0.063,True,True,False
39.300,dynamic_lock,True,PATROL_NAVIGATING mode=AUTO nav_goal=PATROL,AUTO,0.120,0.001,3.181,-0.063,True,True,False
39.300,object_goal_state,REJECT cooldown source=elevated_dynamic_target remaining_sec=7.80,PATROL_NAVIGATING mode=AUTO nav_goal=PATROL,AUTO,0.120,0.001,3.181,-0.063,True,True,False
39.400,mission_state,APPROACH_TARGET_OFFSET mode=AUTO nav_goal=TARGET_INSPECTION,APPROACH_TARGET_OFFSET mode=AUTO nav_goal=TARGET_INSPECTION,AUTO,0.120,0.001,3.184,-0.062,True,True,False
39.400,dynamic_target,count=1 x=2.12 y=-2.20 z=3.40,APPROACH_TARGET_OFFSET mode=AUTO nav_goal=TARGET_INSPECTION,AUTO,0.120,0.001,3.184,-0.062,True,True,False
39.400,dynamic_lock,True,APPROACH_TARGET_OFFSET mode=AUTO nav_goal=TARGET_INSPECTION,AUTO,0.120,0.001,3.184,-0.062,True,True,False
39.400,sound_state,IDLE_NO_REQUEST,APPROACH_TARGET_OFFSET mode=AUTO nav_goal=TARGET_INSPECTION,AUTO,0.120,0.001,3.184,-0.062,True,True,False
39.400,sound_done,False,APPROACH_TARGET_OFFSET mode=AUTO nav_goal=TARGET_INSPECTION,AUTO,0.120,0.001,3.184,-0.062,True,True,False
39.400,object_goal_state,REJECT cooldown source=elevated_dynamic_target remaining_sec=7.70,APPROACH_TARGET_OFFSET mode=AUTO nav_goal=TARGET_INSPECTION,AUTO,0.040,-0.119,3.184,-0.062,True,True,False
39.400,dynamic_target,count=1 x=2.12 y=-2.21 z=3.40,APPROACH_TARGET_OFFSET mode=AUTO nav_goal=TARGET_INSPECTION,AUTO,0.040,-0.119,3.184,-0.062,True,True,False
39.400,dynamic_lock,True,APPROACH_TARGET_OFFSET mode=AUTO nav_goal=TARGET_INSPECTION,AUTO,0.040,-0.119,3.184,-0.062,True,True,False
39.400,classification,GAZEBO_FAKE_YOLO11S_CLASSIFICATION class=bird,APPROACH_TARGET_OFFSET mode=AUTO nav_goal=TARGET_INSPECTION,AUTO,0.000,-0.239,3.184,-0.062,True,True,False
39.400,bird_confirmed,True,APPROACH_TARGET_OFFSET mode=AUTO nav_goal=TARGET_INSPECTION,AUTO,0.000,-0.239,3.184,-0.062,True,True,False
39.400,object_goal_state,REJECT cooldown source=elevated_dynamic_target remaining_sec=7.70,APPROACH_TARGET_OFFSET mode=AUTO nav_goal=TARGET_INSPECTION,AUTO,0.000,-0.239,3.184,-0.062,True,True,False
39.500,classification,GAZEBO_FAKE_YOLO11S_CLASSIFICATION class=bird,APPROACH_TARGET_OFFSET mode=AUTO nav_goal=TARGET_INSPECTION,AUTO,0.000,-0.350,3.197,-0.062,True,True,False
39.500,bird_confirmed,True,APPROACH_TARGET_OFFSET mode=AUTO nav_goal=TARGET_INSPECTION,AUTO,0.000,-0.350,3.197,-0.062,True,True,False
39.500,dynamic_target,count=1 x=2.13 y=-2.22 z=3.40,APPROACH_TARGET_OFFSET mode=AUTO nav_goal=TARGET_INSPECTION,AUTO,0.000,-0.350,3.198,-0.062,True,True,False
39.500,dynamic_lock,True,APPROACH_TARGET_OFFSET mode=AUTO nav_goal=TARGET_INSPECTION,AUTO,0.000,-0.350,3.198,-0.062,True,True,False
39.500,object_goal_state,REJECT cooldown source=elevated_dynamic_target remaining_sec=7.60,APPROACH_TARGET_OFFSET mode=AUTO nav_goal=TARGET_INSPECTION,AUTO,0.000,-0.350,3.198,-0.062,True,True,False
39.600,mission_state,APPROACH_TARGET_OFFSET mode=AUTO nav_goal=TARGET_INSPECTION,APPROACH_TARGET_OFFSET mode=AUTO nav_goal=TARGET_INSPECTION,AUTO,0.000,-0.350,3.199,-0.062,True,True,False
39.600,sound_state,IDLE_NO_REQUEST,APPROACH_TARGET_OFFSET mode=AUTO nav_goal=TARGET_INSPECTION,AUTO,0.000,-0.350,3.199,-0.062,True,True,False
39.600,sound_done,False,APPROACH_TARGET_OFFSET mode=AUTO nav_goal=TARGET_INSPECTION,AUTO,0.000,-0.350,3.199,-0.062,True,True,False
39.600,bird_confirmed,True,APPROACH_TARGET_OFFSET mode=AUTO nav_goal=TARGET_INSPECTION,AUTO,0.000,-0.350,3.199,-0.062,True,True,False
39.600,classification,GAZEBO_FAKE_YOLO11S_CLASSIFICATION class=bird,APPROACH_TARGET_OFFSET mode=AUTO nav_goal=TARGET_INSPECTION,AUTO,0.000,-0.350,3.199,-0.062,True,True,False
39.600,dynamic_target,count=1 x=2.13 y=-2.22 z=3.40,APPROACH_TARGET_OFFSET mode=AUTO nav_goal=TARGET_INSPECTION,AUTO,0.000,-0.350,3.199,-0.062,True,True,False
39.600,dynamic_lock,True,APPROACH_TARGET_OFFSET mode=AUTO nav_goal=TARGET_INSPECTION,AUTO,0.000,-0.350,3.199,-0.062,True,True,False
39.600,object_goal_state,REJECT cooldown source=elevated_dynamic_target remaining_sec=7.50,APPROACH_TARGET_OFFSET mode=AUTO nav_goal=TARGET_INSPECTION,AUTO,0.000,-0.350,3.199,-0.062,True,True,False
39.600,dynamic_target,count=1 x=2.13 y=-2.22 z=3.40,APPROACH_TARGET_OFFSET mode=AUTO nav_goal=TARGET_INSPECTION,AUTO,0.000,-0.350,3.199,-0.062,True,True,False
39.600,dynamic_lock,True,APPROACH_TARGET_OFFSET mode=AUTO nav_goal=TARGET_INSPECTION,AUTO,0.000,-0.350,3.199,-0.062,True,True,False
39.600,object_goal_state,REJECT cooldown source=elevated_dynamic_target remaining_sec=7.50,APPROACH_TARGET_OFFSET mode=AUTO nav_goal=TARGET_INSPECTION,AUTO,0.000,-0.350,3.199,-0.062,True,True,False
39.700,classification,GAZEBO_FAKE_YOLO11S_CLASSIFICATION class=bird,APPROACH_TARGET_OFFSET mode=AUTO nav_goal=TARGET_INSPECTION,AUTO,0.000,-0.350,3.200,-0.062,True,True,False
39.700,bird_confirmed,True,APPROACH_TARGET_OFFSET mode=AUTO nav_goal=TARGET_INSPECTION,AUTO,0.000,-0.350,3.200,-0.062,True,True,False
39.700,dynamic_target,count=1 x=2.14 y=-2.23 z=3.40,APPROACH_TARGET_OFFSET mode=AUTO nav_goal=TARGET_INSPECTION,AUTO,0.000,-0.350,3.200,-0.062,True,True,False
39.700,dynamic_lock,True,APPROACH_TARGET_OFFSET mode=AUTO nav_goal=TARGET_INSPECTION,AUTO,0.000,-0.350,3.200,-0.062,True,True,False
39.700,object_goal_state,REJECT cooldown source=elevated_dynamic_target remaining_sec=7.40,APPROACH_TARGET_OFFSET mode=AUTO nav_goal=TARGET_INSPECTION,AUTO,0.000,-0.350,3.200,-0.062,True,True,False
39.800,sound_state,IDLE_NO_REQUEST,APPROACH_TARGET_OFFSET mode=AUTO nav_goal=TARGET_INSPECTION,AUTO,0.000,-0.350,3.199,-0.062,True,True,False
39.800,sound_done,False,APPROACH_TARGET_OFFSET mode=AUTO nav_goal=TARGET_INSPECTION,AUTO,0.000,-0.350,3.199,-0.062,True,True,False
39.800,mission_state,APPROACH_TARGET_OFFSET mode=AUTO nav_goal=TARGET_INSPECTION,APPROACH_TARGET_OFFSET mode=AUTO nav_goal=TARGET_INSPECTION,AUTO,0.000,-0.350,3.199,-0.062,True,True,False
39.800,dynamic_target,count=1 x=2.14 y=-2.23 z=3.40,APPROACH_TARGET_OFFSET mode=AUTO nav_goal=TARGET_INSPECTION,AUTO,0.000,-0.350,3.199,-0.062,True,True,False
39.800,bird_confirmed,True,APPROACH_TARGET_OFFSET mode=AUTO nav_goal=TARGET_INSPECTION,AUTO,0.000,-0.350,3.199,-0.062,True,True,False
39.800,object_goal_state,REJECT cooldown source=elevated_dynamic_target remaining_sec=7.30,APPROACH_TARGET_OFFSET mode=AUTO nav_goal=TARGET_INSPECTION,AUTO,0.000,-0.350,3.199,-0.062,True,True,False
39.800,dynamic_lock,True,APPROACH_TARGET_OFFSET mode=AUTO nav_goal=TARGET_INSPECTION,AUTO,0.000,-0.350,3.199,-0.062,True,True,False
39.800,classification,GAZEBO_FAKE_YOLO11S_CLASSIFICATION class=bird,APPROACH_TARGET_OFFSET mode=AUTO nav_goal=TARGET_INSPECTION,AUTO,0.000,-0.350,3.199,-0.062,True,True,False
39.800,dynamic_target,count=1 x=2.15 y=-2.23 z=3.40,APPROACH_TARGET_OFFSET mode=AUTO nav_goal=TARGET_INSPECTION,AUTO,0.000,-0.350,3.199,-0.062,True,True,False
39.800,dynamic_lock,True,APPROACH_TARGET_OFFSET mode=AUTO nav_goal=TARGET_INSPECTION,AUTO,0.000,-0.350,3.199,-0.062,True,True,False
39.800,object_goal_state,REJECT cooldown source=elevated_dynamic_target remaining_sec=7.30,APPROACH_TARGET_OFFSET mode=AUTO nav_goal=TARGET_INSPECTION,AUTO,0.000,-0.350,3.199,-0.062,True,True,False
39.900,classification,GAZEBO_FAKE_YOLO11S_CLASSIFICATION class=bird,APPROACH_TARGET_OFFSET mode=AUTO nav_goal=TARGET_INSPECTION,AUTO,0.000,-0.350,3.199,-0.062,True,True,False
39.900,bird_confirmed,True,APPROACH_TARGET_OFFSET mode=AUTO nav_goal=TARGET_INSPECTION,AUTO,0.000,-0.350,3.199,-0.062,True,True,False
39.900,dynamic_target,count=1 x=2.15 y=-2.24 z=3.40,APPROACH_TARGET_OFFSET mode=AUTO nav_goal=TARGET_INSPECTION,AUTO,0.000,-0.350,3.199,-0.062,True,True,False
39.900,dynamic_lock,True,APPROACH_TARGET_OFFSET mode=AUTO nav_goal=TARGET_INSPECTION,AUTO,0.000,-0.350,3.199,-0.062,True,True,False
39.900,object_goal_state,REJECT cooldown source=elevated_dynamic_target remaining_sec=7.20,APPROACH_TARGET_OFFSET mode=AUTO nav_goal=TARGET_INSPECTION,AUTO,0.000,-0.350,3.198,-0.062,True,True,False
40.000,mission_state,APPROACH_TARGET_OFFSET mode=AUTO nav_goal=TARGET_INSPECTION,APPROACH_TARGET_OFFSET mode=AUTO nav_goal=TARGET_INSPECTION,AUTO,0.000,-0.350,3.200,-0.063,True,True,False
40.000,classification,GAZEBO_FAKE_YOLO11S_CLASSIFICATION class=bird,APPROACH_TARGET_OFFSET mode=AUTO nav_goal=TARGET_INSPECTION,AUTO,0.000,-0.350,3.200,-0.063,True,True,False
40.000,bird_confirmed,True,APPROACH_TARGET_OFFSET mode=AUTO nav_goal=TARGET_INSPECTION,AUTO,0.000,-0.350,3.200,-0.063,True,True,False
40.000,sound_state,IDLE_NO_REQUEST,APPROACH_TARGET_OFFSET mode=AUTO nav_goal=TARGET_INSPECTION,AUTO,0.000,-0.350,3.200,-0.063,True,True,False
40.000,sound_done,False,APPROACH_TARGET_OFFSET mode=AUTO nav_goal=TARGET_INSPECTION,AUTO,0.000,-0.350,3.200,-0.063,True,True,False
40.000,dynamic_target,count=1 x=2.15 y=-2.24 z=3.40,APPROACH_TARGET_OFFSET mode=AUTO nav_goal=TARGET_INSPECTION,AUTO,0.000,-0.350,3.200,-0.063,True,True,False
40.000,dynamic_lock,True,APPROACH_TARGET_OFFSET mode=AUTO nav_goal=TARGET_INSPECTION,AUTO,0.000,-0.350,3.200,-0.063,True,True,False
40.000,object_goal_state,REJECT cooldown source=elevated_dynamic_target remaining_sec=7.10,APPROACH_TARGET_OFFSET mode=AUTO nav_goal=TARGET_INSPECTION,AUTO,0.000,-0.350,3.200,-0.063,True,True,False
40.000,dynamic_target,count=1 x=2.16 y=-2.25 z=3.40,APPROACH_TARGET_OFFSET mode=AUTO nav_goal=TARGET_INSPECTION,AUTO,0.000,-0.350,3.200,-0.063,True,True,False
40.000,dynamic_lock,True,APPROACH_TARGET_OFFSET mode=AUTO nav_goal=TARGET_INSPECTION,AUTO,0.000,-0.350,3.200,-0.063,True,True,False
40.000,object_goal_state,REJECT cooldown source=elevated_dynamic_target remaining_sec=7.10,APPROACH_TARGET_OFFSET mode=AUTO nav_goal=TARGET_INSPECTION,AUTO,0.000,-0.350,3.200,-0.063,True,True,False
40.100,classification,GAZEBO_FAKE_YOLO11S_CLASSIFICATION class=bird,APPROACH_TARGET_OFFSET mode=AUTO nav_goal=TARGET_INSPECTION,AUTO,0.000,-0.350,3.200,-0.063,True,True,False
40.100,bird_confirmed,True,APPROACH_TARGET_OFFSET mode=AUTO nav_goal=TARGET_INSPECTION,AUTO,0.000,-0.350,3.200,-0.063,True,True,False
40.100,dynamic_target,count=1 x=2.16 y=-2.25 z=3.40,APPROACH_TARGET_OFFSET mode=AUTO nav_goal=TARGET_INSPECTION,AUTO,0.000,-0.350,3.200,-0.063,True,True,False
40.100,dynamic_lock,True,APPROACH_TARGET_OFFSET mode=AUTO nav_goal=TARGET_INSPECTION,AUTO,0.000,-0.350,3.200,-0.063,True,True,False
40.100,object_goal_state,REJECT cooldown source=elevated_dynamic_target remaining_sec=7.00,APPROACH_TARGET_OFFSET mode=AUTO nav_goal=TARGET_INSPECTION,AUTO,0.000,-0.350,3.200,-0.063,True,True,False
40.200,mission_state,APPROACH_TARGET_OFFSET mode=AUTO nav_goal=TARGET_INSPECTION,APPROACH_TARGET_OFFSET mode=AUTO nav_goal=TARGET_INSPECTION,AUTO,0.000,-0.350,3.199,-0.063,True,True,False
40.200,sound_state,IDLE_NO_REQUEST,APPROACH_TARGET_OFFSET mode=AUTO nav_goal=TARGET_INSPECTION,AUTO,0.000,-0.350,3.199,-0.063,True,True,False
40.200,sound_done,False,APPROACH_TARGET_OFFSET mode=AUTO nav_goal=TARGET_INSPECTION,AUTO,0.000,-0.350,3.199,-0.063,True,True,False
40.200,dynamic_target,count=1 x=2.16 y=-2.25 z=3.40,APPROACH_TARGET_OFFSET mode=AUTO nav_goal=TARGET_INSPECTION,AUTO,0.000,-0.350,3.199,-0.063,True,True,False
40.200,dynamic_lock,True,APPROACH_TARGET_OFFSET mode=AUTO nav_goal=TARGET_INSPECTION,AUTO,0.000,-0.350,3.199,-0.063,True,True,False
40.200,object_goal_state,REJECT cooldown source=elevated_dynamic_target remaining_sec=6.90,APPROACH_TARGET_OFFSET mode=AUTO nav_goal=TARGET_INSPECTION,AUTO,0.000,-0.350,3.199,-0.063,True,True,False
40.200,classification,GAZEBO_FAKE_YOLO11S_CLASSIFICATION class=bird,APPROACH_TARGET_OFFSET mode=AUTO nav_goal=TARGET_INSPECTION,AUTO,0.000,-0.350,3.199,-0.063,True,True,False
40.200,bird_confirmed,True,APPROACH_TARGET_OFFSET mode=AUTO nav_goal=TARGET_INSPECTION,AUTO,0.000,-0.350,3.199,-0.063,True,True,False
40.200,dynamic_target,count=1 x=2.17 y=-2.26 z=3.40,APPROACH_TARGET_OFFSET mode=AUTO nav_goal=TARGET_INSPECTION,AUTO,0.000,-0.350,3.199,-0.063,True,True,False
40.200,dynamic_lock,True,APPROACH_TARGET_OFFSET mode=AUTO nav_goal=TARGET_INSPECTION,AUTO,0.000,-0.350,3.199,-0.063,True,True,False
40.200,object_goal_state,REJECT cooldown source=elevated_dynamic_target remaining_sec=6.90,APPROACH_TARGET_OFFSET mode=AUTO nav_goal=TARGET_INSPECTION,AUTO,0.000,-0.350,3.199,-0.063,True,True,False
40.300,classification,GAZEBO_FAKE_YOLO11S_CLASSIFICATION class=bird,APPROACH_TARGET_OFFSET mode=AUTO nav_goal=TARGET_INSPECTION,AUTO,0.000,-0.350,3.199,-0.062,True,True,False
40.300,bird_confirmed,True,APPROACH_TARGET_OFFSET mode=AUTO nav_goal=TARGET_INSPECTION,AUTO,0.000,-0.350,3.199,-0.062,True,True,False
40.300,dynamic_target,count=1 x=2.17 y=-2.26 z=3.40,APPROACH_TARGET_OFFSET mode=AUTO nav_goal=TARGET_INSPECTION,AUTO,0.000,-0.350,3.199,-0.062,True,True,False
40.300,dynamic_lock,True,APPROACH_TARGET_OFFSET mode=AUTO nav_goal=TARGET_INSPECTION,AUTO,0.000,-0.350,3.199,-0.062,True,True,False
40.300,object_goal_state,REJECT cooldown source=elevated_dynamic_target remaining_sec=6.80,APPROACH_TARGET_OFFSET mode=AUTO nav_goal=TARGET_INSPECTION,AUTO,0.000,-0.350,3.199,-0.062,True,True,False
40.300,classification,GAZEBO_FAKE_YOLO11S_CLASSIFICATION class=bird,APPROACH_TARGET_OFFSET mode=AUTO nav_goal=TARGET_INSPECTION,AUTO,0.000,-0.350,3.199,-0.063,True,True,False
40.300,bird_confirmed,True,APPROACH_TARGET_OFFSET mode=AUTO nav_goal=TARGET_INSPECTION,AUTO,0.000,-0.350,3.199,-0.063,True,True,False
40.300,sound_state,IDLE_NO_REQUEST,APPROACH_TARGET_OFFSET mode=AUTO nav_goal=TARGET_INSPECTION,AUTO,0.000,-0.350,3.199,-0.063,True,True,False
40.300,sound_done,False,APPROACH_TARGET_OFFSET mode=AUTO nav_goal=TARGET_INSPECTION,AUTO,0.000,-0.350,3.199,-0.063,True,True,False
40.400,dynamic_target,count=1 x=2.17 y=-2.26 z=3.40,APPROACH_TARGET_OFFSET mode=AUTO nav_goal=TARGET_INSPECTION,AUTO,0.000,-0.350,3.199,-0.063,True,True,False
40.400,dynamic_lock,True,APPROACH_TARGET_OFFSET mode=AUTO nav_goal=TARGET_INSPECTION,AUTO,0.000,-0.350,3.199,-0.063,True,True,False
40.400,mission_state,APPROACH_TARGET_OFFSET mode=AUTO nav_goal=TARGET_INSPECTION,APPROACH_TARGET_OFFSET mode=AUTO nav_goal=TARGET_INSPECTION,AUTO,0.000,-0.350,3.199,-0.063,True,True,False
40.400,object_goal_state,REJECT cooldown source=elevated_dynamic_target remaining_sec=6.70,APPROACH_TARGET_OFFSET mode=AUTO nav_goal=TARGET_INSPECTION,AUTO,0.000,-0.350,3.199,-0.063,True,True,False
40.400,dynamic_target,count=1 x=2.18 y=-2.27 z=3.40,APPROACH_TARGET_OFFSET mode=AUTO nav_goal=TARGET_INSPECTION,AUTO,0.000,-0.350,3.199,-0.063,True,True,False
40.400,dynamic_lock,True,APPROACH_TARGET_OFFSET mode=AUTO nav_goal=TARGET_INSPECTION,AUTO,0.000,-0.350,3.199,-0.063,True,True,False
40.400,object_goal_state,REJECT cooldown source=elevated_dynamic_target remaining_sec=6.70,APPROACH_TARGET_OFFSET mode=AUTO nav_goal=TARGET_INSPECTION,AUTO,0.000,-0.350,3.199,-0.063,True,True,False
40.500,classification,GAZEBO_FAKE_YOLO11S_CLASSIFICATION class=bird,APPROACH_TARGET_OFFSET mode=AUTO nav_goal=TARGET_INSPECTION,AUTO,0.000,-0.350,3.200,-0.063,True,True,False
40.500,bird_confirmed,True,APPROACH_TARGET_OFFSET mode=AUTO nav_goal=TARGET_INSPECTION,AUTO,0.000,-0.350,3.200,-0.063,True,True,False
40.500,dynamic_target,count=1 x=2.19 y=-2.28 z=3.40,APPROACH_TARGET_OFFSET mode=AUTO nav_goal=TARGET_INSPECTION,AUTO,0.000,-0.350,3.199,-0.063,True,True,False
40.500,dynamic_lock,True,APPROACH_TARGET_OFFSET mode=AUTO nav_goal=TARGET_INSPECTION,AUTO,0.000,-0.350,3.199,-0.063,True,True,False
40.500,object_goal_state,REJECT cooldown source=elevated_dynamic_target remaining_sec=6.60,APPROACH_TARGET_OFFSET mode=AUTO nav_goal=TARGET_INSPECTION,AUTO,0.000,-0.350,3.199,-0.063,True,True,False
40.600,mission_state,APPROACH_TARGET_OFFSET mode=AUTO nav_goal=TARGET_INSPECTION,APPROACH_TARGET_OFFSET mode=AUTO nav_goal=TARGET_INSPECTION,AUTO,0.000,-0.350,3.200,-0.063,True,True,False
40.600,classification,GAZEBO_FAKE_YOLO11S_CLASSIFICATION class=bird,APPROACH_TARGET_OFFSET mode=AUTO nav_goal=TARGET_INSPECTION,AUTO,0.000,-0.350,3.200,-0.063,True,True,False
40.600,bird_confirmed,True,APPROACH_TARGET_OFFSET mode=AUTO nav_goal=TARGET_INSPECTION,AUTO,0.000,-0.350,3.200,-0.063,True,True,False
40.600,sound_state,IDLE_NO_REQUEST,APPROACH_TARGET_OFFSET mode=AUTO nav_goal=TARGET_INSPECTION,AUTO,0.000,-0.350,3.200,-0.063,True,True,False
40.600,sound_done,False,APPROACH_TARGET_OFFSET mode=AUTO nav_goal=TARGET_INSPECTION,AUTO,0.000,-0.350,3.200,-0.063,True,True,False
40.600,dynamic_target,count=1 x=2.19 y=-2.28 z=3.40,APPROACH_TARGET_OFFSET mode=AUTO nav_goal=TARGET_INSPECTION,AUTO,0.000,-0.350,3.200,-0.063,True,True,False
40.600,dynamic_lock,True,APPROACH_TARGET_OFFSET mode=AUTO nav_goal=TARGET_INSPECTION,AUTO,0.000,-0.350,3.200,-0.063,True,True,False
40.600,object_goal_state,REJECT cooldown source=elevated_dynamic_target remaining_sec=6.50,APPROACH_TARGET_OFFSET mode=AUTO nav_goal=TARGET_INSPECTION,AUTO,0.000,-0.350,3.200,-0.063,True,True,False
40.600,dynamic_target,count=1 x=2.19 y=-2.28 z=3.40,APPROACH_TARGET_OFFSET mode=AUTO nav_goal=TARGET_INSPECTION,AUTO,0.000,-0.350,3.200,-0.063,True,True,False
40.600,dynamic_lock,True,APPROACH_TARGET_OFFSET mode=AUTO nav_goal=TARGET_INSPECTION,AUTO,0.000,-0.350,3.200,-0.063,True,True,False
40.600,object_goal_state,REJECT cooldown source=elevated_dynamic_target remaining_sec=6.50,APPROACH_TARGET_OFFSET mode=AUTO nav_goal=TARGET_INSPECTION,AUTO,0.000,-0.350,3.200,-0.063,True,True,False
40.700,bird_confirmed,True,APPROACH_TARGET_OFFSET mode=AUTO nav_goal=TARGET_INSPECTION,AUTO,0.000,-0.350,3.200,-0.062,True,True,False
40.700,classification,GAZEBO_FAKE_YOLO11S_CLASSIFICATION class=bird,APPROACH_TARGET_OFFSET mode=AUTO nav_goal=TARGET_INSPECTION,AUTO,0.000,-0.350,3.200,-0.062,True,True,False
40.700,dynamic_target,count=1 x=2.20 y=-2.29 z=3.40,APPROACH_TARGET_OFFSET mode=AUTO nav_goal=TARGET_INSPECTION,AUTO,0.000,-0.350,3.200,-0.062,True,True,False
40.700,dynamic_lock,True,APPROACH_TARGET_OFFSET mode=AUTO nav_goal=TARGET_INSPECTION,AUTO,0.000,-0.350,3.200,-0.062,True,True,False
40.700,object_goal_state,REJECT cooldown source=elevated_dynamic_target remaining_sec=6.40,APPROACH_TARGET_OFFSET mode=AUTO nav_goal=TARGET_INSPECTION,AUTO,0.000,-0.350,3.200,-0.062,True,True,False
40.800,bird_confirmed,True,APPROACH_TARGET_OFFSET mode=AUTO nav_goal=TARGET_INSPECTION,AUTO,0.000,-0.350,3.201,-0.063,True,True,False
40.800,sound_state,IDLE_NO_REQUEST,APPROACH_TARGET_OFFSET mode=AUTO nav_goal=TARGET_INSPECTION,AUTO,0.000,-0.350,3.201,-0.063,True,True,False
40.800,sound_done,False,APPROACH_TARGET_OFFSET mode=AUTO nav_goal=TARGET_INSPECTION,AUTO,0.000,-0.350,3.201,-0.063,True,True,False
40.800,mission_state,APPROACH_TARGET_OFFSET mode=AUTO nav_goal=TARGET_INSPECTION,APPROACH_TARGET_OFFSET mode=AUTO nav_goal=TARGET_INSPECTION,AUTO,0.000,-0.350,3.201,-0.063,True,True,False
40.800,classification,GAZEBO_FAKE_YOLO11S_CLASSIFICATION class=bird,APPROACH_TARGET_OFFSET mode=AUTO nav_goal=TARGET_INSPECTION,AUTO,0.000,-0.350,3.201,-0.063,True,True,False
40.800,dynamic_target,count=1 x=2.20 y=-2.29 z=3.40,APPROACH_TARGET_OFFSET mode=AUTO nav_goal=TARGET_INSPECTION,AUTO,0.000,-0.350,3.200,-0.062,True,True,False
40.800,dynamic_lock,True,APPROACH_TARGET_OFFSET mode=AUTO nav_goal=TARGET_INSPECTION,AUTO,0.000,-0.350,3.200,-0.062,True,True,False
40.800,object_goal_state,REJECT cooldown source=elevated_dynamic_target remaining_sec=6.30,APPROACH_TARGET_OFFSET mode=AUTO nav_goal=TARGET_INSPECTION,AUTO,0.000,-0.350,3.200,-0.062,True,True,False
40.800,dynamic_target,count=1 x=2.20 y=-2.29 z=3.40,APPROACH_TARGET_OFFSET mode=AUTO nav_goal=TARGET_INSPECTION,AUTO,0.000,-0.350,3.200,-0.062,True,True,False
40.800,dynamic_lock,True,APPROACH_TARGET_OFFSET mode=AUTO nav_goal=TARGET_INSPECTION,AUTO,0.000,-0.350,3.200,-0.062,True,True,False
40.800,object_goal_state,REJECT cooldown source=elevated_dynamic_target remaining_sec=6.30,APPROACH_TARGET_OFFSET mode=AUTO nav_goal=TARGET_INSPECTION,AUTO,0.000,-0.350,3.200,-0.062,True,True,False
