path,sha256,type
.dockerignore,280c5825a80eafe2232bed2bf8ed2fb8fb1e42915dad9f4a133ffb487f4b83a7,source_file
.env.example,cfaa65d1bfcb662b82161e8741b87323112501f935bc8458f408c3d937023d29,source_file
.gitignore,148e222fb1b1368b8f2b99fa2cae9472994abcc2efebb46e76f938c74364bcb3,source_file
.gitmodules,9e88c4941a1090b139912767c1d5a4d9c72d3bf75398d95ca55402cc4e13ef85,source_file
AGENTS.md,99c6d3eea666d68beaaf659b161d61ac42e88bd440eb1f250a5e0d3e2c453d3b,source_file
AGENT_LOOP.md,eee9cd50dc57be9882834d4745aa505c827459f8ea0445f63000de78ee47a501,source_file
Makefile,54a8c20a045209537c384221abd98583bdd0bd3045c177f6b9ad4d83bb2a783d,source_file
QUALITY_GATES.md,9da9de66ed8fd67a014813b708cb2ebeaf4b1148bc06164b9ca73aa462158143,source_file
README.md,c9dc16fe37dd7ff366bca877b4ffc84fd879360e0fa6eb8da58195f32480c183,source_file
README_BIRD_PATROL_FIELD.md,ce76f053457dfcc38cf1737b973b22d6d3a2eea6a7d2f93c7a9a646b40215cbc,source_file
README_REAL_VEHICLE.md,cc2f6ae6ee351c36a896adcd71d3187df7508c5729d8bb4422b47d4a42b0dbd4,source_file
README_ROS2_WS5_BIRD_PATROL_GAZEBO.md,fac918a9735aab70400c97c0ce22202deca31d2ccb3829c4793a96ad9f25c1fe,source_file
README_UI_SLAM_MAPPING_GAZEBO.md,53c8fdb7a55a5d0161a1774939dcada11b5392ca586972bffe5e24318c1d02ca,source_file
REAL_TEST_REPORT_TEMPLATE.md,2225733d32def3cd8a7f91a2d38a3715df66460be5a42b2d10576ea204e1a44a,source_file
REAL_VEHICLE_TEST_PLAN.md,0f36af79c7ec2b708a238e5de2b960977ecbfe2eec3b90c2ab0b68f01eaff039,source_file
ROSBAG_REGRESSION_GUIDE.md,dfd68220ecb361c4c5a0e4ba664899aecd0fbb020a0a8128c8637d4fd23da6cd,source_file
build_apriltag.sh,4d3c3b5542a935c6ce41cbf68a66ed9aeb06bc2ac14acd2af00d35f2b350e40c,source_file
build_common.sh,40a7ee200f245f2ac8af31c5f9168fde2b5c9b2017036af6bc19b1cbfbba6ef5,source_file
build_first.sh,9963156185ee9cdb2fa484e0d1b2c7ed47578ac147b0dd0359d9726784b5e6d0,source_file
config/hardware_acceptance_matrix.yaml,00535b354a6168b5b9ac84db682f53f57e468d97085335578b981ff3bf005a26,source_file
config/network/waver_ros_domain.yaml,e960f306f4c0e2c605b4f0f8c6604f3c613f048e4365b699846d22e9195d9f3a,source_file
config/perception/bird_model_registry.yaml,f4a3dfdc9509b5ef519cf6db5205717e9783f993fce04bc16d77e59c4fbb54b9,source_file
config/real_profiles/bird_full_experimental.yaml,16e3d240a3f7ff026281e245a57b2c197f30a29da55eb4c1de322cb323240160,source_file
config/real_profiles/bird_patrol_production.yaml,f3c98f31db40f4b4b3f156471dc4a6fe4e0b80430c45d355ff137b230c5d736f,source_file
config/real_profiles/indoor_nav_only.yaml,98642d15bf31475697d5abe01e8e984f66cb1cc71c3076b730207ec076a71b66,source_file
config/real_profiles/lidar_nav_backend.yaml,cb83fec962b92d5dc6bba6203914fc78f5dd22f37ac7a6e51cdcac508528cdce,source_file
config/real_profiles/wheel_off_driver_check.yaml,05fe9089a7f38b46ce48c3a619cdfdf73365cdd06bf83c998b620df3128f395a,source_file
config/real_profiles/wheel_on_low_speed.yaml,8ccd5b5bf4621d12ef5cf98c4116faa0c8f5cc6647d8b5361d45f11df5f3eb89,source_file
config/sensors/camera_intrinsics.yaml,39390bb055e6e86ecc1707e126abca79e106202d3747c76e8af3f07755d63b0a,source_file
config/sensors/camera_lidar_extrinsic.yaml,f42535aff149f13ddf34425dbba2f07fbfaa4feaf85112ba58b64d58188f8a2c,source_file
config/sensors/livox_mid360_field.example.yaml,3640fb36fa345dd7e3d16812857f7941aa63c431130ef1d4a554b91d14fcf6ee,source_file
config/sensors/livox_mount.yaml,236fa319775fc69d4b3418a0b7ca010f450406d18f37b952025115a09f0b7a44,source_file
config/waver_base_feedback_schema.yaml,ff3dc54f24408d7c005a022aaa7315b12d5437342f299d2b151e1ad1322190d4,source_file
config/waver_field_env.example,3412ffe4b06ff2b1d649311aafced5931ef188570d403504f986fba73e694289,source_file
config/waver_field_env.local.example,2f15ccece3d8a683ce5b74f1602aee6e3b9e82d2bb85c139b8035f786c99d5c0,source_file
docker/Dockerfile,77d4593bad9782345f33ac08926526b7bf8663af19d8c82577c6048c095bcb28,source_file
docker/Dockerfile.jetson,f74b6a2c04cb941b9d531a58d54d6639e0c5ca5c94809fa489ab1443ef782807,source_file
docker/Dockerfile.rpi,28276bacc18dd9efb093fc67e0dda891ff7c044c1781620b4a85231a7ca7f190,source_file
docker/entrypoint.sh,c5361e88e39e5c54434da363ea853eda3c13c9d9bace39956bf6ffe8570cbedc,source_file
docker/hailo/.gitkeep,e3b0c44298fc1c149afbf4c8996fb92427ae41e4649b934ca495991b7852b855,source_file
docker/run.sh,21eb7eb8bbc8db9e49780a10d02a400de652c25470d9616ee6915e7f97b63890,source_file
docker-compose.jetson.yml,c82646c6aff2049e6215375b1e9eb91c4929597a281e63739ec136fa68e921bd,source_file
docker-compose.rpi.yml,83ae5a1e494188360e7b47f2dec69aec830fca8f2b746143e6d43bf6a2f717bc,source_file
docker-compose.yml,8d40bb2978a9735f3f9e74fe377e6587dbc847098b6d1f5ea3450ea93ba45b0a,source_file
docs/CLONE_TO_FIELD.md,ecf93e80fc975fc6bdbd22d76c10e6f23a738d14806b3ad40d58dcdf0d4e5486,source_file
docs/SETUP_JETSON.md,5a795f0e76a354792ee53edeec36096c09c8369b8fcf0b8fcae70270d7a64a35,source_file
docs/SETUP_LOCAL_PC.md,cd4b11378bfdc8f17475d24a03f00b8537c16844c7ac47737ae8b00f58184e3b,source_file
docs/TROUBLESHOOTING_FIELD.md,7c0cd1c9a48b58d45015305e32fb37143f9833f3b4ee0750a998c17896288793,source_file
docs/artifact_policy.md,3ad360e4f61ae257e8c0a1e34198cfcd1074b98cc2c739cc6f944666fa606757,source_file
docs/bird_mission_readiness_levels.md,f36d404aab31acd940b3b66dbe020458d0d03cf3b3e9bf6e701ef837af2e407e,source_file
docs/final_bird_patrol_architecture.md,3372a86257f5daacc3b449811ecb56af6104a340a6b9ceb4c4082a9ea672cf79,source_file
docs/hardware_acceptance_matrix.md,c8fbd22384063b5bfa38caa1c43b45bd06237b511091f876ede897898264437d,source_file
docs/hardware_readiness_levels.md,6581fe5edc5ccf5b0d324ce4a49e8c971010a392bae57aec0e6679a302d39d40,source_file
docs/paper_claim_matrix.md,cc03bd613a2c7e5cf900b880bb62bfb7dba99ef7a1ba47e1c6d9816d05aca684,source_file
docs/paper_outline.md,de93251233552c32e162ec3f426385a4921c2cec89cb646227039b392d8600bd,source_file
docs/ros2_control_migration_plan.md,cfea3ffc240a1f26799e658e10fe7cb96bb93c6e76e2a73e95b5c1adafdc8901,source_file
docs/sample_map_metadata.md,a508ae55bb24f2fc67f4bb383bb6359cc225ef658ff92f02ddc6770159558879,source_file
docs/technical_report.md,ef7656f476f505f90e70004ca842b1c340335454ceaccde94a6d6856ebf5e420,source_file
map_points.txt,60ceb31dfddda62f16c845f6c1af8df26c73d95606afb8677048a76b2fdd921f,source_file
maps/waver_latest_map.pgm,5737dfc370d757b8a99b0e4c40d2a4496cfd1ec115130d80ece36181dab98a8b,source_file
maps/waver_latest_map.yaml,6f9a0117ea0149da1c1ad21927ced85ea1f99c180a3839d119c2f3b9cf0d7502,source_file
patches/livox_ros_driver2_humble_mid360.patch,e32fdfd8b7f8a1ad97d82af28ac000d3caf81a14677302f27c4d06676ea1a836,source_file
pytest.ini,e73f847eddc43a88d1bfc4c18fc6b0cf18fa127674d9b9c6a563ccd0c758ff7d,source_file
reports/README.md,0d9dc0bad1a7bd7db5d702124ececb8dee32d657f5c8d490bb36ae25d65e112a,source_file
reports/bird_mission_readiness/1783239228_source.json,635dfbabe0448e1800b748ee735d29c96b713f09302d5aa4a6de9f69f8fdcc04,source_file
reports/bird_mission_readiness/1783243243_source.json,58b8934783281957538c309f49ce808855bc14c4571a720269bc5ff4c9cc5f5a,source_file
reports/bird_mission_readiness/1783243995_source.json,a02f83b2d5214eb3f924c42e975ec5d35727af56c9a443dd00d6fe2e04a37f28,source_file
reports/bird_mission_readiness/1783245712_source.json,bf029f9aca4ae53fc9e8acce35319a1dea44c2327e5f656f1c68bf82495a8286,source_file
reports/bird_mission_readiness/1783245714_source.json,9884bca6e0bc38b9ec62978f4120fae82c328ba51bbf79d7739f088e399567d4,source_file
reports/bird_mission_readiness_audit.md,45dc8c15a58d24699173631734caa41459ad418b3431317f6bab6e16415ea5d2,source_file
reports/bird_mission_regression_audit.md,67b1067dda0ef0e13e4d74d1af085e75aff44feab890a69416ff51e9a22b998e,source_file
reports/codex_readback.md,b2f3eb668f902511ad312800cc88c11265b115d37a3490c4792502138666d74f,source_file
reports/codex_requirement_scoreboard.md,5adde74c7cacec12588e92a2d387ac2f897c74f04359da5a49b6c4f6fd6625af,source_file
reports/command_chain/latest.json,ed68bc89082906de60f5dd3cf3a542f96957e2ef5efd76be8ba540a17cc552a3,source_file
reports/field_bridge_regression/latest.json,1edbc16aae3ca0736f6dfb9cb33a2af86655d092c0c94af62e4d4ae80e7b39b2,source_file
reports/field_hardware_readiness_audit.md,e2c76d384ac0d0363a5dcd1f7af970a924408891603bb8a436f6772c4cfadb16,source_file
reports/hardware_feedback/BIRD_MISSION_FIELD_TEST_REPORT_TEMPLATE.md,5faace48a3829a20729b10861a9cf36b01cefc7a27809d90503466dca0657977,source_file
reports/hardware_feedback/LOW_SPEED_WHEEL_ON_TEST_CHECKLIST.md,a7b3b80e5a47d4cfd018b82a42f571eae6641f77ca49981285f9fad3c84f1e8d,source_file
reports/hardware_feedback/WHEEL_OFF_TEST_CHECKLIST.md,7f121b6f2e7683e1fd5ca839dbd208a42f981107668fa3d990777f74a4f66c7d,source_file
reports/launch_contract/latest.json,d90d98a4ee0066e68855b8fb906b1f1b56ab58285d282136c47073bea0d1edd7,source_file
reports/legacy_validation_not_for_claims/README.md,2a965b4ee32c8d02827e12d5b36da2f8893257522c663f6888c083dd043ef6a7,source_file
reports/livox_submodule_policy.md,8a24aedcde3dadf01da4bb63f32f3fd78f020c424f7bc325835ae16ad9c23654,source_file
reports/local_validation_summary.md,c8bf9b8e0ecda14f312fa16f0ff9ec5cc63fb4bf549e0b069d8f104c36f0df6d,source_file
reports/network/latest.json,9c40cdc3f9727a61a40790319afb567d78ca66000d9346e987cfa661adf45bce,source_file
reports/paper_evidence_manifest.csv,b3c9875164a586dc0342f07de51e2d683e1a26d5d46d646ee071d23957691390,source_file
reports/paper_readiness_audit.md,2b9756c09e37d8fb633cc5789f443480c0b5d90887b70ef32979276dc97a7128,source_file
reports/release_self_test/latest_bird_mission_release_self_test.json,b35bea1e2033032694cd896f863dd91e2d4c8be11fb765102d5463cc9a3c5e7d,source_file
reports/rosbag_replay/README.md,c015bbfa6c59e68d754ba55f92da45fa93d1bdfd0c9abc11ee818727bd3576d4,source_file
reports/waver_baseline_inventory.md,72771395a117c90805d7194e07525db30204475c64ef9ce05fd39df7485460f5,source_file
reports/waver_execution_plan.md,6ab2187894b79bc02a5fe93e9be96f89fe30f4508d3d90376142abbb238c2b84,source_file
reports/waver_final_v8_validation_report.md,2b05be81615f382026034cdca8276784460a9915b6e2eb1f006b611a16f7381c,source_file
reports/waver_redteam_risk_review.md,fe2207f49758faa3ac7b477d59988a2272fc2b1fd9e8b33403730a1ed5cc8e9e,source_file
reports/worktree_inventory.md,729e0affb71ce75d3027f3596d90864fb48a64949bba6ab3f46ad8d6acfb1027,source_file
requirements-jetson-perception.txt,9aa23ec4e795cbd721e341004995a1287c2d5c5f02d069e377f537c1a321de89,source_file
requirements-local-ui.txt,47d9fe78273fd64c750e78a317b1a59a6f87ebb93d8d4cf9ae6d98a0f2fc9f9e,source_file
requirements.txt,3d8cf08b2bcbc8825359b40a0eb1871b3ada7655ed46ff62238d051e98156cce,source_file
save_2d_cartographer_map.sh,5eed8663e9a146dbe2ae40d756fd690afd2129c1fff07b91149d3c2454e4568d,source_file
save_2d_cartographer_map_gazebo.sh,1c408f0e2bd010ff5985de963bcca2e480658193ef169c0dbd65a6fc7750e343,source_file
save_2d_gmapping_map.sh,34bfa07562c3b611904a9d7da49e7b88a861b3a7dcd370e02c8104e9ff5a2405,source_file
save_2d_gmapping_map_gazebo.sh,c0d9b6ba09cc956397cdc1cb62d5d154b1032534ac0121f78a31ffda09b754ba,source_file
scripts/check_bird_mission_field_release.py,3758628f7191ed2766a7b6bb5a6a8d32f8df53d2b153e84e48872376c1c6a64b,source_file
scripts/check_field_release.py,236f432eec69b8e1e77ada936dfb4024d0979c94856ac31b1a094e41ff7d2049,source_file
scripts/check_remote_ui_slam_mapping_result.py,c9398118dff357fdb0cb508ac8f1dd12c5ee1bab573e68c691e5df7a5f41eb4c,source_file
scripts/check_saved_map_ui_startup.py,e17864df768a03e664eac8401be4e65df3b91a58b0b61e64c8be34ef91e21f95,source_file
scripts/check_submission_package.py,e975aa58506b84db3941eb590ee66e1fdb065a3619c45f36078e349cb2e1d808,source_file
scripts/generate_bird_mission_readiness_audit.py,c8aee95d0605075885f3a33eeca4dfbf0ff033c7bc84959029001a28308bcaf2,source_file
scripts/generate_paper_readiness_audit.py,d48ba1dfdff7a638fa66ad38c2f6367e3b9b8e77c3253b589a57ce506339705b,source_file
scripts/make_bird_mission_field_release.py,28e0680f787d05ca52aa38d3e618de6f6411b3f12abea4a72ce8b2864ad9438f,source_file
scripts/make_field_release.py,e1fb2d55d61a08469b37ddfb3b8c2c3adab68993e145c85b97e8ec35b1e77038,source_file
scripts/make_source_archive.py,2520d8ec3613c692b0e095342c87bbd0f5f6599151f06967b8349f657fdc87bd,source_file
scripts/run_bird_mission_release_self_tests.sh,98cff4b4f4bf8144e5a45d01583b3bb9689b19cb04852d0b6e2c7796103dbe37,source_file
scripts/run_gazebo_lidar_spatial_response_smoke.sh,7ad793016cba21820b87bcc205b4a24d5d8d5f72c0ae56a88b575e86806d4a6c,source_file
scripts/run_gazebo_lidar_spatial_visual_experiment.sh,fcecd065561e4961d008f766fc4f1cb02ac3aa4e3a3a34c984f9b660e54d0bc5,source_file
scripts/run_no_ros_unit_tests.sh,175b0d618b2408c6e3f33e2f301d05a4330e322940c03fc07af686ba09fbbdb2,source_file
scripts/run_saved_map_nav2_action_check.py,2ed868e6f86fa1bdb1003d4f50c38ffdfceba7e7d0d882fc6cf1f86a7507e0c0,source_file
scripts/run_saved_map_static_obstacle_nav_check.sh,d751896ddd7967ee14a59d0ca331c1a50ed3b35f1c0feed55f356eff9d524050,source_file
scripts/run_ui_slam_mapping_gazebo_smoke.sh,e8b14d5a94b6df1f711766277a7f15963dcc2193d5b67b2385a2a525c7224fcf,source_file
scripts/run_ui_slam_mapping_interactive.sh,db8455beb816357d3e695a0441abc0535a39194cc11f3c7bc705b50d6a548b1e,source_file
scripts/run_ui_slam_mapping_then_nav2_gazebo_test.sh,c0a7d44ef70e62416b98239bd1c5cd1a338bea02789c36cac4e8729f31f86167,source_file
scripts/run_ui_slam_mapping_then_patrol_gazebo_test.sh,0af01a64b15f41659ad0ef5c9b172a7a86c7a4ff1256a4fb6ad50d8209035884,source_file
scripts/summarize_trial_evidence.py,09a9f1a80f119c19631618f572ac06de27442822a0ce134b8770bfce9a8cb9d6,source_file
scripts/verify_gazebo_spatial_response_trial.py,cf640d20d66af245d779b975c20bf584146b6d318d84909a8f0f5422f895d711,source_file
scripts/verify_ros2_ws5_bird_patrol_log.py,9d69688037fe04c851eecd5ab3fa9b8d256d91c4a762fe9c5b19c00170ef47e3,source_file
scripts/waver_agent_iteration_loop.sh,9ff233ee4f0aa549236175a2dd2e8db171146381d9c20863004e6201fc040df5,source_file
scripts/waver_base_feedback_probe.py,c0f7bb3b4f5f7d7bdef356821fae71336c1f0ed06c8b68d1dcb5371805d7efed,source_file
scripts/waver_bird_detector_probe.py,523b2eeb6e7e072c1657244d588742fe798ff0a59f3fa7007ec5fa9cc0d2a4fc,source_file
scripts/waver_bird_mission_readiness_check.py,622a711f652447b38d100f5f767ecb4148a8ac6d80c248d1ad1a9eadd2965e09,source_file
scripts/waver_bird_mission_supervisor.py,02a29ede9cf23480e99c1b8449fe740e347c11754b8f567d8e5d0857cf7cd00b,source_file
scripts/waver_bird_patrol_field_start.sh,6e3c0db02190ddc386729201649857655f1ab2c4d5e1a338c41b248289c0adb3,source_file
scripts/waver_blackbox_recorder.sh,cd7289270684bb0d57cdcc98bed682227c6ca9b54e9698cf9b8a65d21d3156ed,source_file
scripts/waver_camera_lidar_calibration_check.py,b0f52ddb6b6fbb576e112e1199c620c387087810af6898f4981309c06501ae80,source_file
scripts/waver_camera_probe.py,f34bc0c4a6d487a048ac904ddc463cf4f171f308dcf196108a1bb7e74475291e,source_file
scripts/waver_clone_to_run_acceptance.sh,f0cf4e38983f1e4a71f3b4f335c7c0698e034e7176f876b08f10a9ecbf25235a,source_file
scripts/waver_command_chain_check.py,55c521df731b7213587d07fe216d40a4ce547e3a26e5c72d0a325de56a968816,source_file
scripts/waver_contract_check.py,215e64e2a2f1a67c0ef579f20205ff771420daa9f8e590e367128a55a3ca6a0b,source_file
scripts/waver_create_home_field_env.sh,bfaf5821ba44afcc16094a8fe8b2ea2d7570915ccd456d282899b78cab7a1a85,source_file
scripts/waver_docker_env_check.sh,d9ffd8314b7997584155ff40f8cef1241bd76310cb96b1a53f14a8438417a4d6,source_file
scripts/waver_doctor.sh,6c3ddc4d9537bda810278a53bce669d4734c8cb07abdff7fa99f906932daadf3,source_file
scripts/waver_field_bootstrap_jetson.sh,17e0b538ddeb22c6bc8ab3672f89bdd1b62d369ed6a2b9a22507a43f89821859,source_file
scripts/waver_field_bridge_regression_check.py,79a05da6e10856d364c8043a186905a7a7c4df267cc86aecf9bbb5db9e1b1936,source_file
scripts/waver_field_docker_backend_start.sh,77fb296fc792fc1be355fb5c647ed69e1b23758eb675fe88d5cf3f68f51fdd84,source_file
scripts/waver_field_docker_ssh_check.sh,6fdb30b56dabd61085ef10f20767ba7de3c4162cba01c6a2d7e5254d16e8df88,source_file
scripts/waver_field_env_load.sh,1033f79ec2efa5b7354e467c75fd8fac174903d2f35d9b6ed62d474a565fa380,source_file
scripts/waver_field_lidar_nav_backend_start.sh,092768d9779fadaf9c9d6bb8ffd99fd2f59ca83e3b877e8d70c3ee3d24b9fa4f,source_file
scripts/waver_field_local_ui_start.sh,2d0aac5c81414e551fb6c221718906da32c2a1de1300a68a5521450bb50566a0,source_file
scripts/waver_field_readiness_check.py,2745312dd8f876d9f0be0bac5466c8c32122f42bdcd9690a99dee12e84be3858,source_file
scripts/waver_field_stop_all.sh,2079d546567c3bfb06c8843235da8eea833d1d805a358f873edc01c6540da87d,source_file
scripts/waver_full_readiness_loop.sh,75455f3dda4bce2460a6995336bdefe97535e1e0c44a6fe313e2af5ae7a7c331,source_file
scripts/waver_hardware_guard.sh,ca26a78fcf0490fb5a008333e3ffe81319b6445769b5a4d1b7ca4a2d4e05dd29,source_file
scripts/waver_health_supervisor.py,38baa69077295ad1cbe5cbf167e4b2b52b733669a0568c3fe0ac5a8a37092459,source_file
scripts/waver_launch_contract_check.py,573e2eaf8acf727fd7cff8961deafece2cfb203b01cc514bcbe0e7f8c071baf9,source_file
scripts/waver_launch_dryrun_check.sh,2a25417f4481c812bf9923b290f6a90f6e492494ca659e691e2d3143291a38a5,source_file
scripts/waver_livox_mid360_probe.py,54f9ff1021a96d22f6e2436191e75aa9ffee8a158236b8dbae14ea827afdaa63,source_file
scripts/waver_motor_calibration_wizard.py,e9eedbdb2aa26c15af99de4a0d5c92ecfb0bf5fe637b107225a89eea46ec7519,source_file
scripts/waver_quality_gate.sh,46b706f81bc3bbad1a891c533497b226126bd6ae1aab93df6b3dd440268f3b13,source_file
scripts/waver_quickstart_field.sh,3f1bcc6023b4cb4f2ca883a12a5d8a3629a0d92901284790b907c762334f5131,source_file
scripts/waver_repo_cleanup_audit.py,a7dfa127b4bc23af200d5c081c7e4b2dfc508d3cbb4438635953cc7d79915f13,source_file
scripts/waver_ros_network_check.py,30ed505c7da0e4c409cbeafcd7da5401a7f788636128ebe33ad8c660c38a460a,source_file
scripts/waver_rosbag_replay_check.sh,0fc02f9e46f7b49d837ba40d2e7f9b42629febeb30f33bcf3dc25aebe1ef9484,source_file
scripts/waver_setup_livox_mid360_docker.sh,c8646beba3ec86567402b4708dad43a2b8b6ecefb1ddb8fff89ab5acf52dce23,source_file
scripts/waver_setup_local_pc.sh,4f0a6e1cf43895b5329dc54da2ba37385f0c583f0a8c7fc2d26bf37bc695b63e,source_file
scripts/waver_start_field_backend.sh,a95365810a6c495515801e304273cced6bb00b95f9f5cb1eb80bb9a713522aa9,source_file
scripts/waver_start_local_ui.sh,9a066ee7e9b96cca06be08161530c9594cd49c4b7d7889f25e6d5f4a3ad1721c,source_file
scripts/waver_ui_slam_cleanup.sh,c610a0c0edb9732a6b76e21ee90ee13050db8f3bfbae22403b175999aca03f23,source_file
scripts/waver_worktree_inventory.py,c4a340af73419e44184bf85989b306c8d9d4e938dfeeadafc033aaf86fbb7e10,source_file
setup_local_env.sh,4546436d2f2f89203cb2bdd1203cc9f6cfa64c9b9641135969c4987c639793dd,source_file
src/ugv_main/pcd_cluster_pkg/package.xml,6847a6218ea5f83e7bd0fc4feb436bfeb2a7ae033f3d47326fa24ba8646fbe2c,source_file
src/ugv_main/pcd_cluster_pkg/pcd_cluster_pkg/__init__.py,e3b0c44298fc1c149afbf4c8996fb92427ae41e4649b934ca495991b7852b855,source_file
src/ugv_main/pcd_cluster_pkg/pcd_cluster_pkg/cluster_node.py,59d666cfd0b224ad01a47255aa23926fb94e360f2731003f4ef1d1c876ef6370,source_file
src/ugv_main/pcd_cluster_pkg/pcd_cluster_pkg/cluster_node_backup.py,54eb7eb8dfad8e6ec54790e564e62193ec41edd744a3c58b92cc7be229e3bcb6,source_file
src/ugv_main/pcd_cluster_pkg/pcd_cluster_pkg/lidar_target_follow_node.py,b1467f4fe10d078a5ea452b6bc38c56a1c407348426dac97cf2ab988aee24103,source_file
src/ugv_main/pcd_cluster_pkg/resource/pcd_cluster_pkg,e3b0c44298fc1c149afbf4c8996fb92427ae41e4649b934ca495991b7852b855,source_file
src/ugv_main/pcd_cluster_pkg/setup.cfg,77b5115d02ce536ac4a10b99e4a2c8fd9ba8af7a78e5d75e4c8cb6f3f56b2a35,source_file
src/ugv_main/pcd_cluster_pkg/setup.py,0b6aa1dd281abddf6e217718b819dfeb9827e7591267520c8befaa79e0c5c58c,source_file
src/ugv_main/pcd_cluster_pkg/test/test_copyright.py,ea71bbbc6247b5c14d176ed09f39ee274d563cc9b2ec355828ea451ceff31757,source_file
src/ugv_main/pcd_cluster_pkg/test/test_flake8.py,37a813a0507f0ce51a2d0b57312d2cc078a0307a3ca85580ea801b0d2f9755d2,source_file
src/ugv_main/pcd_cluster_pkg/test/test_pep257.py,e8b88d49ee296987b1b40069f81019b5fa09b1aa1bfee9a1faae45bb5cf53eda,source_file
src/ugv_main/pcd_to_scan_pkg/package.xml,fafb0ee978a6edb2abe0c9aec119453ab1a8068b14cb98f9cdd2a27d97508977,source_file
src/ugv_main/pcd_to_scan_pkg/pcd_to_scan_pkg/__init__.py,e3b0c44298fc1c149afbf4c8996fb92427ae41e4649b934ca495991b7852b855,source_file
src/ugv_main/pcd_to_scan_pkg/pcd_to_scan_pkg/pointcloud_to_laserscan_node.py,41a8d6e89a9c74fdead36ae612c45ff10b3c3ce4a68faa09614d69f6f48ee5e8,source_file
src/ugv_main/pcd_to_scan_pkg/resource/pcd_to_scan_pkg,e3b0c44298fc1c149afbf4c8996fb92427ae41e4649b934ca495991b7852b855,source_file
src/ugv_main/pcd_to_scan_pkg/setup.cfg,15f67a39a4eb15e82d53bd33c03d240f9fa8d53b076ea50f82a228fe039386fb,source_file
src/ugv_main/pcd_to_scan_pkg/setup.py,fb16f0b3cde813f3a83389ab875438c83fdf8f007430c7b31915b5d6112ecb09,source_file
src/ugv_main/plane_fit_pkg/launch/plane_fit.launch.py,021a1af5ecd5e7fbd979fe49913946a18bd07f9619724410e543015c73f7b926,source_file
src/ugv_main/plane_fit_pkg/package.xml,6a13a08328770fb002a9ca16872dfdf81a06963afe36a3c2fbd761e0e431ca89,source_file
src/ugv_main/plane_fit_pkg/plane_fit_pkg/__init__.py,e3b0c44298fc1c149afbf4c8996fb92427ae41e4649b934ca495991b7852b855,source_file
src/ugv_main/plane_fit_pkg/plane_fit_pkg/plane_fit_node.py,61c8b08f9a0a1e92f903fee2699c7c1091b2bbebab03b181e224f1a0c96e16f3,source_file
src/ugv_main/plane_fit_pkg/resource/plane_fit_pkg,e3b0c44298fc1c149afbf4c8996fb92427ae41e4649b934ca495991b7852b855,source_file
src/ugv_main/plane_fit_pkg/setup.cfg,8dd9004d62c039d9e7fbe7a5d5916e593d2dbd48c758c14a001ee76e6234faae,source_file
src/ugv_main/plane_fit_pkg/setup.py,300c02be11dc8c64f55501eb5bfac67ea211a886499c56070dbc9988a8746848,source_file
src/ugv_main/plane_fit_pkg/worlds/plane_fit_world.world,0016db26f940834ed9d9e8d6fa4cd7bc67b1e93280c362c1354e1a67a93eab76,source_file
src/ugv_main/ugv_base_node/CMakeLists.txt,6a5647acbbef50cf94f858aa8ee6f74fb403b884861f83282c7da36a5f846e9d,source_file
src/ugv_main/ugv_base_node/package.xml,40c1f8d074dc5dd142ff3e63410d0f742dba20920c87a4c5048a88fbcf611df3,source_file
src/ugv_main/ugv_base_node/src/base_node.cpp,9eb92def7d4d7656abd857871a14e954858c9af8b0bc3e9d4c1227d5a4ceed65,source_file
src/ugv_main/ugv_base_node/src/base_node_ekf.cpp,814308a07effaec5b28ccd638798750ae144a3c7e6e68e74be5365dd5286c11f,source_file
src/ugv_main/ugv_bringup/launch/bringup_imu_ekf.launch.py,2fcfe37f200e3f089d56c36d782a075b4c8ebb6b808d3e6135cef34ee6c747c2,source_file
src/ugv_main/ugv_bringup/launch/bringup_imu_origin.launch.py,0008efdd6d711aaed8644f7a4865a19e0812fc02df8f72c26fc0d314bb133b27,source_file
src/ugv_main/ugv_bringup/launch/bringup_lidar.launch.py,ee0e2b46eb4fc83761ce56044e7864611642e742ea38ceab7d92842d83be3b4a,source_file
src/ugv_main/ugv_bringup/launch/bringup_lidar_sensors_only.launch.py,ebda57fa400d5868d2bd4ea324aa72c9877eee506ca89d838bd91b9d8e6f7453,source_file
src/ugv_main/ugv_bringup/package.xml,f9f794157bcd5ab23ea3a18d136cc7f488e1be3474d8ce523046f3a314b7ae73,source_file
src/ugv_main/ugv_bringup/param/ekf.yaml,2fcd44edc73651de887f828d3afcecc33183042deaa5b858348cff94d2f3c759,source_file
src/ugv_main/ugv_bringup/param/imu_filter_param.yaml,ffd41a3612a276e35eb8fafbad6a9d35addbff09a02fb33980805d45606b8cfd,source_file
src/ugv_main/ugv_bringup/resource/ugv_bringup,e3b0c44298fc1c149afbf4c8996fb92427ae41e4649b934ca495991b7852b855,source_file
src/ugv_main/ugv_bringup/rviz/view_bringup.rviz,5f13c5f86251422d9df7639cf4935457a8e2238758076df4ae31e37f7d52009b,source_file
src/ugv_main/ugv_bringup/setup.cfg,cb5e3698f1e70659dcf77a633b024aa1fb9f7d8d36c6675fad4e328e820994e5,source_file
src/ugv_main/ugv_bringup/setup.py,9d800c36ab0e259e396cc4052adfacc6273552e687b9851d99a9273f355a68a9,source_file
src/ugv_main/ugv_bringup/test/test_copyright.py,977a2313a0ae218ef9e2b944347d2b8f7aba43447283d2a832391f9904fd37e9,source_file
src/ugv_main/ugv_bringup/test/test_flake8.py,37a813a0507f0ce51a2d0b57312d2cc078a0307a3ca85580ea801b0d2f9755d2,source_file
src/ugv_main/ugv_bringup/test/test_pep257.py,e8b88d49ee296987b1b40069f81019b5fa09b1aa1bfee9a1faae45bb5cf53eda,source_file
src/ugv_main/ugv_bringup/ugv_bringup/__init__.py,01ba4719c80b6fe911b091a7c05124b64eeece964e09c058ef8f9805daca546b,source_file
src/ugv_main/ugv_bringup/ugv_bringup/low_battery.wav,d7eda023190e4ee65168d810215865154a652495301f915881abcaa3c0869ae5,source_file
src/ugv_main/ugv_bringup/ugv_bringup/ugv_bringup.py,005805048a38f0d018a33907f77384c2bbfd092344e8d725166f573c4a6cc614,source_file
src/ugv_main/ugv_bringup/ugv_bringup/ugv_driver.py,eaf3e8b0a4a0324d5a980e4f8bfdd20fae5e7bfa4a5a2c4b50c1339c3569a8e0,source_file
src/ugv_main/ugv_chat_ai/package.xml,70329b86602fb449c70457de2ba667c715e4ff8ccd6a27b202fce88e3f6e9c96,source_file
src/ugv_main/ugv_chat_ai/resource/ugv_chat_ai,e3b0c44298fc1c149afbf4c8996fb92427ae41e4649b934ca495991b7852b855,source_file
src/ugv_main/ugv_chat_ai/setup.cfg,fc7174da262dc397bcc510820a4f421b3a3a430246f3f4d278bbf4e617f24873,source_file
src/ugv_main/ugv_chat_ai/setup.py,b20e9e8e8da81610c825d4b5288a6c3da4a3a73385d0d959d421df7d2e8f0a0c,source_file
src/ugv_main/ugv_chat_ai/test/test_copyright.py,977a2313a0ae218ef9e2b944347d2b8f7aba43447283d2a832391f9904fd37e9,source_file
src/ugv_main/ugv_chat_ai/test/test_flake8.py,37a813a0507f0ce51a2d0b57312d2cc078a0307a3ca85580ea801b0d2f9755d2,source_file
src/ugv_main/ugv_chat_ai/test/test_pep257.py,e8b88d49ee296987b1b40069f81019b5fa09b1aa1bfee9a1faae45bb5cf53eda,source_file
src/ugv_main/ugv_chat_ai/ugv_chat_ai/__init__.py,01ba4719c80b6fe911b091a7c05124b64eeece964e09c058ef8f9805daca546b,source_file
src/ugv_main/ugv_chat_ai/ugv_chat_ai/app.py,97ea4ebe380865927b54b86c8241850a0a5031b62891fa2769fb76437ce380bb,source_file
src/ugv_main/ugv_chat_ai/ugv_chat_ai/static/chat.js,f41b43c72ab02e93937251bef59fd91a3553b8d535379b001342a3d4345940e6,source_file
src/ugv_main/ugv_chat_ai/ugv_chat_ai/static/interface.js,a2df667f1efe45056021ac3ea98e702a3b1832a856d2366b3ad2e4d24eaaaf41,source_file
src/ugv_main/ugv_chat_ai/ugv_chat_ai/static/styles.css,83d3487dff97d89d3ffb781358cfde5f90775bd91de8780553c1beaf2266375d,source_file
src/ugv_main/ugv_chat_ai/ugv_chat_ai/templates/index.html,22290f36a40f724f3561397e69c66ae148fc3049b2d0295f4f50f6d6702154ab,source_file
src/ugv_main/ugv_chat_ai/ugv_chat_ai/tips,2730e183e68860998ec808b9d1b0a1420a2db8904b7c2f2698f1d6ff04f3ac83,source_file
src/ugv_main/ugv_description/CMakeLists.txt,8774fbb4db5bc3ca9c4e9a698a1b5759ef3722de8887f2991cb61407ae3877ba,source_file
src/ugv_main/ugv_description/launch/display.launch.py,039be95db9b7a261670736cfe0107aaa646f34908c4cd183d7d2be8cdf913e26,source_file
src/ugv_main/ugv_description/meshes/rasp_rover/base_lidar_link.stl,b537b08973f334c4274e291dc6b079dbf70cacd86347e910544587d3f19a1ef6,source_file
src/ugv_main/ugv_description/meshes/rasp_rover/base_link.stl,106d270bc25eb1acd13c2e7521f067086a15b7e41e822e65f262b07969ef7593,source_file
src/ugv_main/ugv_description/meshes/rasp_rover/left_down_wheel_link.stl,71a98122f5973f2e301df080a89f21d8950d5d42436509e15a73506c955600d7,source_file
src/ugv_main/ugv_description/meshes/rasp_rover/left_up_wheel_link.stl,4406a29ad7ad61fe952c9d96e9648303b937946e624ae24e0813aa51f4088acc,source_file
src/ugv_main/ugv_description/meshes/rasp_rover/pt_base_link.stl,6f61ec370ab375f8b716825a0406697d1b5a4dd9e67d9ce0923ae2e20f5ca42d,source_file
src/ugv_main/ugv_description/meshes/rasp_rover/pt_camera_link.stl,46cf199375dc92906eaeb2d559de5dd312e45eb80b39d5fd8db0f4c82873c20b,source_file
src/ugv_main/ugv_description/meshes/rasp_rover/pt_link1.stl,592ed8f1ad2b5a7c59bc5e39719ef62b779d1acfd61d3b419bc891740442cc72,source_file
src/ugv_main/ugv_description/meshes/rasp_rover/pt_link2.stl,fcb81bd1f6dd4efe5c5e87532f0b43acede28a9a31fe8be5495abfc892320efe,source_file
src/ugv_main/ugv_description/meshes/rasp_rover/right_down_wheel_link.stl,6bc214fbe8c7df0754b11b8ef88d0e8d0bd65eb9b516b2f0cd8a1d86037c6f02,source_file
src/ugv_main/ugv_description/meshes/rasp_rover/right_up_wheel_link.stl,83c3fe4449a1be0b5a375308f40238f4057a163f487a8b03894140f02457fc03,source_file
src/ugv_main/ugv_description/meshes/ugv_beast/3d_camera_link.stl,558d7cd41b184548763b06a6e2844e068be07e373487de00bdd6fec62e32aef9,source_file
src/ugv_main/ugv_description/meshes/ugv_beast/base_lidar_link.stl,220aa84d98af32a17707179031595f6be99035292e2e7c1cd3d851125413d332,source_file
src/ugv_main/ugv_description/meshes/ugv_beast/base_link.stl,088b08f69f02c936c57400db4e7f7b8b38a19df09c68d6ef6e701c526916408d,source_file
src/ugv_main/ugv_description/meshes/ugv_beast/left_down_wheel_link.stl,8cffbaeb1fd1a9ef7a79207a992b8b5673f748ca1b23506a7033b10d2e74ff8f,source_file
src/ugv_main/ugv_description/meshes/ugv_beast/left_up_wheel_link.stl,7384778b23dfb47201118b1a94a3f2fdd42212030c06e18b5ecc7461647b54c4,source_file
src/ugv_main/ugv_description/meshes/ugv_beast/pt_base_link.stl,3c343da9f0c9c1e555f24b971a815d366855e80fb791237abad09daa330eabea,source_file
src/ugv_main/ugv_description/meshes/ugv_beast/pt_camera_link.stl,a0544133e81641fd381129dd708fbd28c18b9cde4b9eec0f4ab600e2e70366fc,source_file
src/ugv_main/ugv_description/meshes/ugv_beast/pt_link1.stl,8f157eeb8fc8d82ca8ff897f35afcb337dc78195d76113647ff74ea0b6b8a0ed,source_file
src/ugv_main/ugv_description/meshes/ugv_beast/pt_link2.stl,3cc4e0651e69afdd20735bba86b35dec0c97735e7c2c657b3fb5463540ed1a26,source_file
src/ugv_main/ugv_description/meshes/ugv_beast/right_down_wheel_link.stl,58e06beed3c5d8545ef49bf5cabdf97d7f96c896476c8591ca3f2dce346d2981,source_file
src/ugv_main/ugv_description/meshes/ugv_beast/right_up_wheel_link.stl,9afdea4517a2e408283d798546c38df0da57cc14c3359f57c967fc5f72a0e127,source_file
src/ugv_main/ugv_description/meshes/ugv_rover/3d_camera_link.stl,e2338cf2b230cbccd07c8168689eb725aac5a04f23729efb55f936ff0e2ff16f,source_file
src/ugv_main/ugv_description/meshes/ugv_rover/base_lidar_link.stl,50b03dbd9e678a2edefb0a1ed22914228440d5bbec4877541098e4d151bf9b12,source_file
src/ugv_main/ugv_description/meshes/ugv_rover/base_link.stl,75735ebce7f8cf680ebf34b579e68fd84cf8c510801bad795f3d0eec60c44573,source_file
src/ugv_main/ugv_description/meshes/ugv_rover/left_down_wheel_link.stl,16dcde1e4f1cb21b79c42edd492505d8d8bbf26ccd38ed840bf13d1dd310c6ad,source_file
src/ugv_main/ugv_description/meshes/ugv_rover/left_up_wheel_link.stl,16dcde1e4f1cb21b79c42edd492505d8d8bbf26ccd38ed840bf13d1dd310c6ad,source_file
src/ugv_main/ugv_description/meshes/ugv_rover/pt_base_link.stl,ef7ac5759c7583e94fddedab5582f349539e902b5d1f091b2a364976a8a3c920,source_file
src/ugv_main/ugv_description/meshes/ugv_rover/pt_camera_link.stl,b5e42f99c959d8d8efc9897642ed0ba1db0b8fd6c813183ddc4e949df1162bfc,source_file
src/ugv_main/ugv_description/meshes/ugv_rover/pt_link1.stl,6bab5ae468dec02a8c220e9c1c9209dae6d144266380867859b8cffde007699b,source_file
src/ugv_main/ugv_description/meshes/ugv_rover/pt_link2.stl,62ed1c00da5c1166fd64c93a92b5aa5f4a3cab0e140ad5414c8ed49e39bf6e7e,source_file
src/ugv_main/ugv_description/meshes/ugv_rover/right_down_wheel_link.stl,94b918d69dca1136833fc6cc20e959a65a41089ce985cd2ed80a889f0e6442f0,source_file
src/ugv_main/ugv_description/meshes/ugv_rover/right_up_wheel_link.stl,94b918d69dca1136833fc6cc20e959a65a41089ce985cd2ed80a889f0e6442f0,source_file
src/ugv_main/ugv_description/package.xml,bb9511d48cd3fc772658a9d3d17734d659f17bb306c206d5fe31a70c46704104,source_file
src/ugv_main/ugv_description/rviz/view_description.rviz,84507577ee62326ca1a0a9685e1557abcff3e3685147d113607f1015f2e05442,source_file
src/ugv_main/ugv_description/urdf/mid360.xacro,d65ad8f4c361fa141f352149757d896515e84eadc67ccfb24c07535f69615788,source_file
src/ugv_main/ugv_description/urdf/rasp_rover.urdf,ce5a7cf9487d4623c807e6d66007feb36d2532bab04308f7886f1d90be010d12,source_file
src/ugv_main/ugv_description/urdf/ugv_beast.urdf,0f5396b59092154c333db941c4593034c2d8298cde2026a6325836696462f593,source_file
src/ugv_main/ugv_description/urdf/ugv_rover.urdf,66750577c5d68873cbc9779bcd813f87dd72239dc8731ec772ed09ce197d7c7f,source_file
src/ugv_main/ugv_interface/CMakeLists.txt,09e289b3cb6826f00f33c66d64299dd038fdeb9f642d9ca9f52ef4b95655067f,source_file
src/ugv_main/ugv_interface/action/Behavior.action,263ce64b87ee581ad4e694423deab67d1a90baa9deea569b38cd67d26554e2ea,source_file
src/ugv_main/ugv_interface/package.xml,02ca5c8909eaa88ac837e9f200f4e8be91a34760d5d2b455846fcae905ed46b3,source_file
src/ugv_main/ugv_interface/srv/MapSave.srv,2f33ad50ac49153be53fe13af88a1693fb5e8fb0fab4ad5180e3b28f43bb61ba,source_file
src/ugv_main/ugv_lidar_detection/launch/lidar_detection.launch.py,589aad1b4a270027aeed8eded3be1c8e308a2201fe749a1d6aee063a3a5e070b,source_file
src/ugv_main/ugv_lidar_detection/package.xml,2a57b37b82da6173c8ade7c1a6133031729f274571ddaf541f7e4ed85fd31072,source_file
src/ugv_main/ugv_lidar_detection/resource/ugv_lidar_detection,e16f1596201850fd4a63680b27f603cb64e67176159be3d8ed78a4403fdb1700,source_file
src/ugv_main/ugv_lidar_detection/setup.cfg,0f59bf23b5da7bb4cd26e0e5810955df4e5a2d54b7a74e52a6642ce8f1d29d0f,source_file
src/ugv_main/ugv_lidar_detection/setup.py,cec5dd5d8290bd8437c88632fdd895e8b405553481c41dd3ff112ccdddc41cb0,source_file
src/ugv_main/ugv_lidar_detection/ugv_lidar_detection/__init__.py,e3300b082c5f4b2cce28d981fd8f91d40d225213e908eaca6e4275b2b256cb1a,source_file
src/ugv_main/ugv_lidar_detection/ugv_lidar_detection/lidar_detector_node.py,3445c1a28ef47a9caa0ed7cdb6c6b30797a0776fbdeca02e61ab9a3cbc685525,source_file
src/ugv_main/ugv_nav/CMakeLists.txt,cc6184f38651b1a4d04e6a493d5f2585fc714128e00e41cd4665d64b06c89206,source_file
src/ugv_main/ugv_nav/launch/bringup_launch.py,041c237d3a4638ae4c431fe180dbe5f92e2eab7b57bbd77435bfbad220d9d7f4,source_file
src/ugv_main/ugv_nav/launch/nav.launch.py,f5387fc121dcb08ffecd22b2950505e3867cab0ee485683396919ea093cd6a93,source_file
src/ugv_main/ugv_nav/launch/nav_bringup/bringup_launch_cartographer.launch.py,6c584d3b9aed67d9368ca25c8eb4e4a243e0655449cf96e0535d98e685d8fc53,source_file
src/ugv_main/ugv_nav/launch/nav_bringup/cartographer_localization.launch.py,6b69efde223eb1a727a97dc7421b6b8ce861861daee5ee2ad19e5c4db01cc140,source_file
src/ugv_main/ugv_nav/launch/nav_bringup/localization_launch.py,0fffba97e6ef5dd4b052a12447c9e7d7139f02e464c8b9de27546f1490d8e2a9,source_file
src/ugv_main/ugv_nav/launch/nav_bringup/nav2_bringup.launch.py,3b1216f3c9f2a4e5e9c87b07548be0676a151b4b0580a5ac2127beae3c267b1e,source_file
src/ugv_main/ugv_nav/launch/nav_rtabmap.launch.py,b851bd9fbe25e67a9609aef98c5ad645973c4579fd501056ac79a5614b74ae8b,source_file
src/ugv_main/ugv_nav/launch/rtabmap_localization_launch.py,698d2296ce438810adbc1b2e436facad92484e28f3ff27d3709bcfb4c63ab16a,source_file
src/ugv_main/ugv_nav/launch/slam_nav.launch.py,d5965bd78adcf89671356513db9ddfad3c48bc9c263a452827ed9da3ca2a5a43,source_file
src/ugv_main/ugv_nav/maps/map.pbstream,2697f44bfe7d3359ad5546026306948a10f0b2656bbb850cc8229c743f4c394f,source_file
src/ugv_main/ugv_nav/maps/map.pgm,e445bbecf7df194fe333b4f408f56d6ddb26774e3cd9e1e261dc6f08b46281f3,source_file
src/ugv_main/ugv_nav/maps/map.yaml,4391b6fbd31cceddd38ba130de3eb1416cdd6db302524b8141de591c43d084d0,source_file
src/ugv_main/ugv_nav/maps/map_server_params.yaml,3a98ec92d20f96e2774e4409afb5a109ebfb9e17f06f9f55ebf99f0aeb4be49f,source_file
src/ugv_main/ugv_nav/package.xml,2b9f5e89c9645b1b045cf0d33f2eda06e1747b94279fdf2e8fe118f22a54fb05,source_file
src/ugv_main/ugv_nav/param/amcl_dwa.yaml,25b33d3d390991d4a7e033290cc4ac4c61fd0a941e55322aaad7624f43790216,source_file
src/ugv_main/ugv_nav/param/amcl_teb.yaml,41d8d8190cc4b7ace324afb127764b2979a383942f4cd1494992e30a47b44157,source_file
src/ugv_main/ugv_nav/param/emcl_dwa.yaml,7027c08560ffd59ddb1ef63f2b779a41306d1050a0a093eb2993c0d56c030da5,source_file
src/ugv_main/ugv_nav/param/emcl_teb.yaml,1ba0af4c3ed7de6934053322895c6260eb85a85ecf711caca8ecc5a6f84c133e,source_file
src/ugv_main/ugv_nav/param/rtabmap_dwa.yaml,45d45d7c7b7815887b1c21255c1a3fda771c6ecdd0e28f8f37fab1fa78023de5,source_file
src/ugv_main/ugv_nav/param/rtabmap_teb.yaml,e113bd516e143219ceedeaf83bafba75ccede1687f0aa10b10966123771e7cb4,source_file
src/ugv_main/ugv_nav/param/slam_nav.yaml,8b08eca440a4836ba87b1723f6abecdd12527a58f7fc8c87fbd3456e5dcb6864,source_file
src/ugv_main/ugv_nav/rviz/view_nav_2d.rviz,e343fcac12f918be356ada9780ac06cafb2350c71e3dbc8da7e690b28605fe1a,source_file
src/ugv_main/ugv_nav/rviz/view_nav_3d.rviz,841a32bddf7a733ec1e8d923f269495bc8e72a0308e13b58532dea3158a4e255,source_file
src/ugv_main/ugv_slam/CMakeLists.txt,b21dfcad59d83198f6cbbe54bd31c358f944a7072254e3db90e7d64873413fdd,source_file
src/ugv_main/ugv_slam/launch/cartographer.launch.py,49ce3975a9d3aadf6e8ae8ce7d3f73f44e8e249909ba082632709b35f14b8418,source_file
src/ugv_main/ugv_slam/launch/gmapping.launch.py,8cea24d3739e00a498bda6012723041893a62aa2b0b6c882c63e6a70a02b7621,source_file
src/ugv_main/ugv_slam/launch/rtabmap_rgbd.launch.py,dcbe20d104960c40985b1ab655ca5b7943295afea6d1d6f015a53aed93bf79af,source_file
src/ugv_main/ugv_slam/package.xml,366cdaa85d87cdc8a2e3c2033ac5f5903c8a09f53f19ddc1b60b9f525aa6b3ad,source_file
src/ugv_main/ugv_slam/rviz/view_slam_2d.rviz,324d67dd93f385b2529a084f3d4202ebd62ab5ba41f80b9a659330b37f7cd387,source_file
src/ugv_main/ugv_slam/rviz/view_slam_3d.rviz,55f98972a551effbc0763fa20bf14b321c3bb5ef2aebe38b98d2f45f70179e9f,source_file
src/ugv_main/ugv_tools/config/waver_4wd_control.yaml,72d36017680abdcef9bf6031aaa9b056db4ee1aebbfa9a4c10b91db16d39cfef,source_file
src/ugv_main/ugv_tools/docs/waver_visual_operation.md,13f0668c283bb8e8f99854483a71f327ce64ecde028c13b242783d5c8519b682,source_file
src/ugv_main/ugv_tools/launch/teleop_twist_joy.launch.py,f502fa5131d0cb0ee0bc9b48460eb1f05cf543603fe800ce06daa0c7ff911dcc,source_file
src/ugv_main/ugv_tools/launch/waver_gazebo_test.launch.py,dcc87265103e9f910be106c46c35dae075df0a2d328170f7b29c24e14b8c82d4,source_file
src/ugv_main/ugv_tools/launch/waver_operator_panel.launch.py,0157dcb10674ebd288e7c0952c028a4af133f58a0b468cc1e4e439573cb55bdd,source_file
src/ugv_main/ugv_tools/launch/waver_real_control.launch.py,b522491afc8e19851621354fba45c927358d844a8333c42d68aca5846c63849b,source_file
src/ugv_main/ugv_tools/launch/waver_robot_backend.launch.py,3acb76a5a5b7b44bd024b23906256438e14c724b556fa48aef73b817a6300845,source_file
src/ugv_main/ugv_tools/models/waver_safety_sim/model.config,76c93b28b1a07e2076a7ed6ebd3dcb9d4d36b2139933dabd48b1cc49a93d5d98,source_file
src/ugv_main/ugv_tools/models/waver_safety_sim/model.sdf,175dd8abc416d0bcb7eb4449e9e6fa5a3fc43779a52d846ef030434adca20b59,source_file
src/ugv_main/ugv_tools/package.xml,0c2ec862385eb13897987c9b8e4a2bcd896c8dcac2a7c672d2e107380c34f5b2,source_file
src/ugv_main/ugv_tools/resource/ugv_tools,e3b0c44298fc1c149afbf4c8996fb92427ae41e4649b934ca495991b7852b855,source_file
src/ugv_main/ugv_tools/setup.cfg,5db455b4ac978cf6a53932158e9f4347cf9c300a475a98f723af62a852a6abad,source_file
src/ugv_main/ugv_tools/setup.py,2fa7ff0f478cf6eec1a7f83d58896941dedfaa496caff96bac8efca1fae0a818,source_file
src/ugv_main/ugv_tools/test/test_copyright.py,977a2313a0ae218ef9e2b944347d2b8f7aba43447283d2a832391f9904fd37e9,source_file
src/ugv_main/ugv_tools/test/test_flake8.py,37a813a0507f0ce51a2d0b57312d2cc078a0307a3ca85580ea801b0d2f9755d2,source_file
src/ugv_main/ugv_tools/test/test_pep257.py,e8b88d49ee296987b1b40069f81019b5fa09b1aa1bfee9a1faae45bb5cf53eda,source_file
src/ugv_main/ugv_tools/ugv_tools/__init__.py,01ba4719c80b6fe911b091a7c05124b64eeece964e09c058ef8f9805daca546b,source_file
src/ugv_main/ugv_tools/ugv_tools/behavior_ctrl.py,150d5f0d801d4d495143b6488f403f522d21438dfd312309c638bce7d19f6892,source_file
src/ugv_main/ugv_tools/ugv_tools/joy_ctrl.py,4888e3c9bfb9d4f5079f6fb9c3fa229caf3eb6bd91a01745f5b067bb6d137513,source_file
src/ugv_main/ugv_tools/ugv_tools/keyboard_ctrl.py,6212b884a021cb2e0142985b28fb310384cc4c78e78b8c64b641d2120809285e,source_file
src/ugv_main/ugv_tools/ugv_tools/waver_cmd_vel_serial_bridge.py,7770cdc08afa387f633ba1a965faea3d2c37f9c20fce741e015ee69e1859cc6b,source_file
src/ugv_main/ugv_tools/ugv_tools/waver_drive_assist.py,620adf28e92d7a625fb792fbef262d608aa24345ded0f22905db03de0ad956fa,source_file
src/ugv_main/ugv_tools/ugv_tools/waver_gazebo_patrol.py,566d9a9f7e285ed0c1ec7366256c49cac5a326a714da6f7ccf46ac859155950d,source_file
src/ugv_main/ugv_tools/ugv_tools/waver_remote_panel.py,eaa85b640da9acefae2df97d2e56f4391d3d639af184f2882ea6bdbf6ab50d90,source_file
src/ugv_main/ugv_tools/waypoints/waver_0p2m_patrol.yaml,303bfb3c2522ce09a83493ab8aaa35611c4ee9da22784bc695eff7d900a2d69c,source_file
src/ugv_main/ugv_tools/waypoints/waver_0p3m_patrol.yaml,f7d0bd76c785090651a799158a87b075625b807516fd57f43b485568a4ca2ba9,source_file
src/ugv_main/ugv_tools/waypoints/waver_0p5m_patrol.yaml,7ad8690a24b3321bccd466273f81af8e962667a8e827876ff9d5d84fe9d5d2a9,source_file
src/ugv_main/ugv_tools/waypoints/waver_10m_patrol.yaml,6932cb4c8a1e7d8678269997c42cb641bac744a571ae48172a6b7bfea327a7a7,source_file
src/ugv_main/ugv_tools/worlds/waver_flat.world,23443855d21c2429a068d3544189406b36b4e731e7065ec2322d1f5d5f00b09c,source_file
src/ugv_main/ugv_vision/config/camera_info.yaml,a69772bee3532a593d6ec4aa7bdfdde4786db9f93c87197aaf4cf09bffba0a07,source_file
src/ugv_main/ugv_vision/config/oak_d_lite.yaml,0dc73d4f5e5f12d8170357e426746db9c09af84c7ec398e1764684afdd06175f,source_file
src/ugv_main/ugv_vision/config/params.yaml,519228517c0d00ab02d74f3e7eb56fd93eed13d7769f612841cb9c343ad7c6c5,source_file
src/ugv_main/ugv_vision/config/stereo.yaml,4391f96b036a71ca25d1f8904d9522a4bb053cbbc577518ba356b53de7126c8e,source_file
src/ugv_main/ugv_vision/launch/apriltag_track.launch.py,bdebb9c42da943ec6a49ad5ecbcd5f168f33c58bc0a8688e39698bac5cf986b8,source_file
src/ugv_main/ugv_vision/launch/camera.launch.py,617ee3efd62da69f11553e1b66f6c5fcad4a9b46468906b4153f64c3c6d1af79,source_file
src/ugv_main/ugv_vision/launch/gimbal_track.launch.py,6e6fbbb7666773792d7d643becaa97c297ff45ea2ae1b1f11b129c957a69aa45,source_file
src/ugv_main/ugv_vision/launch/oak_d_lite.launch.py,f09c4df9c665518f811b33f943408769fa3ee8ca08b34950fac067dbce52e56a,source_file
src/ugv_main/ugv_vision/launch/stereo.launch.py,66d50536a99a2afba59184f7dd458e59058db3bf9ec2ba0acf42a112db37d693,source_file
src/ugv_main/ugv_vision/package.xml,a46aa6e60e8ee78f92b97e7c3fa23aabb648e457e0953d1881451db52751a703,source_file
src/ugv_main/ugv_vision/resource/ugv_vision,e3b0c44298fc1c149afbf4c8996fb92427ae41e4649b934ca495991b7852b855,source_file
src/ugv_main/ugv_vision/setup.cfg,e586436c4b9afe900b73ad92e6fd44f5acf08f6dd227009552f23781b8807b6d,source_file
src/ugv_main/ugv_vision/setup.py,74f827f5f0a1f72149341b93fcd929cd505ee58cd7935fd5194e7d1f5c4c2723,source_file
src/ugv_main/ugv_vision/test/test_console_scripts.py,169bcce72d0b60ccf9648d1ad88e6c567b11c35f6989e33954089d4a28d36923,source_file
src/ugv_main/ugv_vision/test/test_copyright.py,977a2313a0ae218ef9e2b944347d2b8f7aba43447283d2a832391f9904fd37e9,source_file
src/ugv_main/ugv_vision/test/test_flake8.py,37a813a0507f0ce51a2d0b57312d2cc078a0307a3ca85580ea801b0d2f9755d2,source_file
src/ugv_main/ugv_vision/test/test_pep257.py,e8b88d49ee296987b1b40069f81019b5fa09b1aa1bfee9a1faae45bb5cf53eda,source_file
src/ugv_main/ugv_vision/ugv_vision/__init__.py,01ba4719c80b6fe911b091a7c05124b64eeece964e09c058ef8f9805daca546b,source_file
src/ugv_main/ugv_vision/ugv_vision/apriltag.py,602027df13d1c1d9b88f185a371613d146239fd07fd8e86d23b8a911e42d5d0d,source_file
src/ugv_main/ugv_vision/ugv_vision/apriltag_ctrl.py,b68907caa4e0d7bc855b87c91e0b5000580c4286a7a5f2307802f26abdc4df47,source_file
src/ugv_main/ugv_vision/ugv_vision/apriltag_track_0.py,5c0706a2da93f8e61784fc2d5eb958790671e41ec49492b1d588c930ba0efb51,source_file
src/ugv_main/ugv_vision/ugv_vision/apriltag_track_1.py,ec533a21d0ad2a0800ee94eabc22f2da4b6fb3914579a5517555dd3c5b9c5886,source_file
src/ugv_main/ugv_vision/ugv_vision/apriltag_track_2.py,cc402744c18f435539dc0d2c4788b86df7430eb047afbd49d0a881be6a393626,source_file
src/ugv_main/ugv_vision/ugv_vision/color_track.py,17a37622d612d2a58b9a8193e0632803e0f759ff70bbbc92d38656383f586e80,source_file
src/ugv_main/ugv_vision/ugv_vision/gesture.py,953d00eba5dafafb8bd154c99d1ecc348c2b993f69e0576e94bb51c329431f02,source_file
src/ugv_main/ugv_vision/ugv_vision/gesture_ctrl.py,a6325f5b26f3ccd81fba5f6a12dff3389e3574182db63e4620750177444740e0,source_file
src/ugv_main/ugv_vision/ugv_vision/gimbal_controller_node.py,66e0c54846563e9cc1ab23950442c4f2b8f0e2749e1b0f6dc203dc860e3d9f3b,source_file
src/ugv_main/ugv_vision/ugv_vision/hsv.py,1aead68a3897c6788907253ede93c085a590fbb324d729a54a4929803bd8c63f,source_file
src/ugv_main/ugv_vision/ugv_vision/lidar_camera_fusion_node.py,d3ec84b56b09f9a7d6b70e40495b45d10b1c1b93626fdece41eeede873c67e60,source_file
src/ugv_main/ugv_vision/ugv_vision/yolo_hailo_node.py,9420b91b07010a38cfe83effaf117b8bb5a68b16b73c310aabd034b9cf6a900d,source_file
src/ugv_main/ugv_web_app/launch/bringup.launch.py,9ca3f82c1f65b48dd88923fed9bd98d8817be34c3705aa7ce1eecfa6738a09a3,source_file
src/ugv_main/ugv_web_app/package.xml,401cb68ceaf7233f4f3f0d6a0768d3e114368b6feef4795b8cd16493d4c563ab,source_file
src/ugv_main/ugv_web_app/resource/ugv_web_app,e3b0c44298fc1c149afbf4c8996fb92427ae41e4649b934ca495991b7852b855,source_file
src/ugv_main/ugv_web_app/setup.cfg,0dd9f0f4e21be24e7d7275fd6632d68f84c37a164695ca3fffd48b09e15f21f6,source_file
src/ugv_main/ugv_web_app/setup.py,09c6d36e3bb70dd3e2e644a7175e7df813eac42e61f626d7bae85c5219776fd4,source_file
src/ugv_main/ugv_web_app/test/test_copyright.py,977a2313a0ae218ef9e2b944347d2b8f7aba43447283d2a832391f9904fd37e9,source_file
src/ugv_main/ugv_web_app/test/test_flake8.py,37a813a0507f0ce51a2d0b57312d2cc078a0307a3ca85580ea801b0d2f9755d2,source_file
src/ugv_main/ugv_web_app/test/test_pep257.py,e8b88d49ee296987b1b40069f81019b5fa09b1aa1bfee9a1faae45bb5cf53eda,source_file
src/ugv_main/ugv_web_app/ugv_web_app/__init__.py,01ba4719c80b6fe911b091a7c05124b64eeece964e09c058ef8f9805daca546b,source_file
src/waver_experiment_logger/package.xml,4b30d1416ed1ab6f6496b32097f9b25e2bd8280e077233b80e647e64d94680de,source_file
src/waver_experiment_logger/resource/waver_experiment_logger,13881c195f43fb59689a8b9b57718f5e87f916d822541e80f00e0f2ea0e61fe1,source_file
src/waver_experiment_logger/scripts/check_dataset_integrity.py,d14ffe373e14d57f811340ccd3fafe7769514c601472d16e5f1c1785f93d6e49,source_file
src/waver_experiment_logger/scripts/compute_paper_metrics.py,904781dc625280d54675dac43c5142e6f7654319d8e0eb13eae0d22c23f553bf,source_file
src/waver_experiment_logger/scripts/compute_spatial_response_metrics.py,203f95c1c0c53d6fe7ee522bcaf89f28d33be2c8c5d5488129f32caf8942a6a8,source_file
src/waver_experiment_logger/scripts/plot_paper_figures.py,5cfc69b7e793143d60b81db17cc73aa3fba0863506b5c55076e516a6c2288b7f,source_file
src/waver_experiment_logger/scripts/plot_spatial_response_figures.py,9d324cc2fd62d9da8523b57983480a6f920eda0f68102afd4cbcebba2a748885,source_file
src/waver_experiment_logger/scripts/run_gazebo_bird_trials.sh,0ee7a5c74318ad23df7d46361fd6ac382afba46f1f2fa9f676ba5b38d22d2c23,source_file
src/waver_experiment_logger/setup.cfg,eeeecfe42bccf8fb40e292d6d11644b7e499573a3c1709e274242cc6d74aadd5,source_file
src/waver_experiment_logger/setup.py,6fd67a9479280f52f0002462c9669212480c3a12352ee4b62bfb3671abb58ea4,source_file
src/waver_experiment_logger/waver_experiment_logger/__init__.py,312ad2576cb03711e433786a42e440683a4ad81f5b24fe21659a19d959a3d279,source_file
src/waver_experiment_logger/waver_experiment_logger/gazebo_bird_dataset_logger_node.py,13f888e5ed4a7c7ef2ee4b0ed2e018fe4b8609c800adcc5771565c1e16832a4b,source_file
src/waver_experiment_logger/waver_experiment_logger/seo_mechanism_trial_logger_node.py,8a54ceeb3a9d9338463f6831a10dfd960528fa5941edd2972e06030dda51194f,source_file
src/waver_experiment_logger/waver_experiment_logger/waver_spatial_debug_viz_node.py,9af00f7daf3b674c2d99e45a2068e6fa963982859f1b01c2daf3c7a14299a1fc,source_file
src/waver_experiment_logger/waver_experiment_logger/waver_spatial_response_logger_node.py,67e9cad305c15947a2ff530de3199c1fd739d50f3b0cdeb7f7b9ebe585e47bdc,source_file
src/waver_patrol/LICENSE,b7aad932ec8d996acb8246685257fedb00c1949342002d295eb39c04de0b284c,source_file
src/waver_patrol/README.md,76fe811522703967ff6c2ed9a449d374ea52d68872856d486b2e02df3c7bcabc,source_file
src/waver_patrol/config/collision_monitor_waver.yaml,88fec104a317de93b7ff1a1b03906c444822334867a11a6217d8a80663b985f3,source_file
src/waver_patrol/config/ekf_waver_real.yaml,c99b1b39859c659e7fc69d2ab94f1f762035823e70425f3349716de4bdfb1aca,source_file
src/waver_patrol/config/gazebo_functional_scenarios.yaml,080bbb6debc3d6614e670833fdcaa4bbe57173fb886393ffda80d9acb8ef1db4,source_file
src/waver_patrol/config/keepout_speed_zones.yaml,530407d2b5254df545df95faff4ff0effc7ef190aa488838d527b38d0acdb92e,source_file
src/waver_patrol/config/moving_object_map_transform.yaml,45ecfcbe752a22875801b10fb24b045efed98cd1a33066d0e50d0a1fcabc23db,source_file
src/waver_patrol/config/nav2_params_waver.yaml,3c83b433918a42c44f0631197ce35ed916d0d5917953d514d38fea50e1aa5139,source_file
src/waver_patrol/config/nav2_params_waver_real.yaml,9847e2cac30ca45d9bc539e6945a95748ccf131427bc0e692ac66e93dd162499,source_file
src/waver_patrol/config/velocity_smoother_waver.yaml,c757b122155eb84c2b08cbd390a290a547d0f4758257727052549b9eb67f1213,source_file
src/waver_patrol/config/waver_bird_autonomy.yaml,3252be85054320110ba0e2d84a43875292c31fd9ba28f2d850efbc2e350c2b9d,source_file
src/waver_patrol/config/waver_bird_autonomy_real.yaml,838e028a9e287c8af2ddd17c060369cc131da8b46af5b27eb16b1e7f1de3e052,source_file
src/waver_patrol/config/waver_default.yaml,83d019ddddca3101b30c222746ed1f2161cfee88d44b70b3faa69fc5c888b059,source_file
src/waver_patrol/config/waver_external_lidar_bridge.yaml,5f93ea395d4c2fc0953ef89e82b33ee4cb8ff0b1d74e341c206fba16be701e75,source_file
src/waver_patrol/config/waver_external_yolo_bridge.yaml,d0ae7a4ca4b918a4f9bb295ea7499f0a8bb5964465a2f541b0957918afa73f17,source_file
src/waver_patrol/config/waver_keyboard.yaml,bfb854b9bdc7d95a5cc4c3bf9e7de331a8ecc242b6e1adff1efd05ea7de4aff2,source_file
src/waver_patrol/config/waver_lidar_first_bird_mission_overlay.yaml,822bcc3a2609f80fedf9b125f822dcfc80fe9c87ab4ccae8bfe3fbf17a3aef54,source_file
src/waver_patrol/config/waver_localization.yaml,b89751b482f6d10ea888ea45ad1f53337110275314033f1527e38d66765cec7c,source_file
src/waver_patrol/config/waver_mapping.yaml,d76f624a8e9d886b0d45529a81fe43b3722e7d7d2bcbfdb84426598ad5748c6e,source_file
src/waver_patrol/config/waver_mission_reporter.yaml,1fd5fe2273bf50761778bb4d532dececed754e457fa20334e120e8e1a4d97c2e,source_file
src/waver_patrol/config/waver_nav2.yaml,e18cde229b956edf74d85584d2c0c181d00089a8fd3f1656607f8164f8e1eff7,source_file
src/waver_patrol/config/waver_nav2_radar_bird_mission.yaml,ed8d64262354b4f752c9a078fe2e421fcdd8b995b85e10fa227656cee94c08c9,source_file
src/waver_patrol/config/waver_nav2_radar_bird_mission_real.yaml,133eb09ddbd4abecbfa86df58a182f35af8d02af473a184b26b78723cf702fca,source_file
src/waver_patrol/config/waver_patrol.yaml,0e83fd28bd7bd64499bb4411975afe36128277ca4e27c3d0f6f92f534e2c9f5d,source_file
src/waver_patrol/config/waver_safety.yaml,c9dff51fe7d43bf9cb473fd7f4925ee28e6470b87da0039899ce1736f39b9451,source_file
src/waver_patrol/config/waver_target_departure.yaml,ca78a62b29edbb53c3a89e1468c7fbee633f14a8be97788815c3dee8f55bb2b6,source_file
src/waver_patrol/data/README.md,9a8178d007b7e89e1df2eb2d68ceea9304482e56cf79abfa206db25e905d7b1d,source_file
src/waver_patrol/data/schema/camera_alignment_schema.csv,6a059fb92147a2b805f60d40b4e68136e34031d0cf1afdf07823fc9a5fd220ce,source_file
src/waver_patrol/data/schema/camera_classification_schema.csv,3fdb53a8f84370f70238b47d0240d67c857c63da857285f581f9680a20be44d1,source_file
src/waver_patrol/data/schema/cmd_vel_schema.csv,84c89f8331b8e708e8c580ab5b5a798fb0ec7220f6aa861c16249e8205c2ff00,source_file
src/waver_patrol/data/schema/experiment_summary_schema.csv,5c1338930c4d6343d2bdfb6ac7fe46bf187782f51d1a566f14ad2f467733d911,source_file
src/waver_patrol/data/schema/inspection_goals_schema.csv,5e5b5fc4d90e673a0f5821724ccee425bd415dc81f3015ac55a2aa9f8f35761a,source_file
src/waver_patrol/data/schema/lidar_targets_schema.csv,f102686a50fd9e74507d7e3a7c933bbab944c075bfd8ab53b109261cc5d8dedc,source_file
src/waver_patrol/data/schema/mission_events_schema.csv,d0b3d1a463040bcd96e1540ea756dda076191b405d380c9e6ae70f7871fc117c,source_file
src/waver_patrol/data/schema/radar_targets_schema.csv,7251accdef4eb43515a5e184b609beef8adf2c70b18d0f647e0fdc2518e7b415,source_file
src/waver_patrol/data/schema/return_to_patrol_schema.csv,f7266d5c4992e6b684c9a64f4293ff128babed68fd492362963ba4e4552dd0ba,source_file
src/waver_patrol/data/schema/robot_pose_schema.csv,ad59b30f8eff6043450497d64928e0ef568c93f5169da3544123ef738bf62ce4,source_file
src/waver_patrol/data/schema/safety_state_schema.csv,6cd52e96817f772aaf4517faa7be8c0fe5de8e9ba99ec5b327d96d780e7fb5fe,source_file
src/waver_patrol/data/schema/sound_events_schema.csv,6679108927b9d5bc8b6ffc3dddfbb038c11f3990b705a15e91a0c815d234084d,source_file
src/waver_patrol/data/schema/target_approach_schema.csv,1e86088c63a42066d6cf9eb2a817cd496366b3e1e1c08e745a81b49d1c51ba23,source_file
src/waver_patrol/data/schema/waypoint_progress_schema.csv,1c8d530cc341fdb4001f453151c899f5c26d0b70757e13b02125b8a821ac700d,source_file
src/waver_patrol/docs/PACKAGE_METADATA_AUDIT.md,1476e362a6bae114fbfee9ea2be541d6cab0d228c58a35a2640314fa9df53c68,source_file
src/waver_patrol/docs/REMOTE_UI_SLAM_REAL_PREP_NOTES.md,aeb5c123373d0752848910bb5c936b8f5a715abff1ad88c6314a3e0c78c0a899,source_file
src/waver_patrol/docs/autonomous_patrol_validation.md,7389705ee400a95493af2574cde3a8a77162ab5adca1c4fc2a7ce880025c8f4c,source_file
src/waver_patrol/docs/bird_detection_autonomy_validation.md,7fe7495d50eb2ff5746c98381333fbd081a53aad63ab27c80410f0a2ae7e2f37,source_file
src/waver_patrol/docs/cleanup/cleanup_report.md,e8e767486068f3050c1db33395fd894312365ae32cd3fa5718691dfaabbf9cea,source_file
src/waver_patrol/docs/cleanup/stale_candidates.md,bf0c2c328831bcf91c5fb39bbf4b6893ebd94c128db356a65a7513e6beec3ea9,source_file
src/waver_patrol/docs/current_algorithm_analysis.md,e0b307b3417f570ec699362e24ff442f99213935db8db51c27f025d1c2351394,source_file
src/waver_patrol/docs/current_mechanism_analysis.md,3948788734713d38a53c2c07140be259c185d64351ef35120542c3357e7b6e7f,source_file
src/waver_patrol/docs/emergency_stop.md,b02d005cfe0090c920b64e859b41c12efe67185160f26b8317786703303e265e,source_file
src/waver_patrol/docs/evidence_levels.md,4d293b996ad01a58e489944067d3751eb97505f94e632101c585fd9ffaa56d7f,source_file
src/waver_patrol/docs/experiments_result_schema.md,1be95cc78652497ff862dd9e8e83c01dbf1561a6812b1451888c350dfa256cdd,source_file
src/waver_patrol/docs/external_research_summary.md,ca104b51afb98ba27175deb4844a8172b97b138edf12a3e3fa432ed216a0bf06,source_file
src/waver_patrol/docs/failure_modes.md,25ecec34606560bd57b7bf14dd5698645e8e39f1a9e345b54105b35fcf1ea466,source_file
src/waver_patrol/docs/field_docker_ssh_runbook.md,5fa54488173288a1a379454a181430d44646be3ad48b646563c6dd067d3c2fdb,source_file
src/waver_patrol/docs/final_handover_summary.md,38c0232e25dace6f8740d8e40ce9be4e70be985b91303b15ddaa5482ce1ad66c,source_file
src/waver_patrol/docs/future_package_split.md,0eb17dc5b14e85231f9485db2135a66eaf2538880436ea0db79f1feac62f50ee,source_file
src/waver_patrol/docs/gazebo_height_target_trials.md,b36b5f4b35ebdf72b707529a659ac53591503ae7f2629a92dd20e5ebe897d9dc,source_file
src/waver_patrol/docs/gazebo_mapping_and_dynamic_avoidance.md,24ac4c83bdfa23b189bfd7fe9041b59de8263ff354a53edda7e4b10afff926d5,source_file
src/waver_patrol/docs/gazebo_moving_object_trials.md,fb02af3043743ecf86bb424ada91ca6be74143563102b2b86c0fa42457cc4f96,source_file
src/waver_patrol/docs/indoor_real_patrol_runbook.md,79f23af2cc20de47e777d1e9ff851dd0a8788dd3bebe4cbad07e9bfd2b04fa1e,source_file
src/waver_patrol/docs/indoor_real_topic_contract.md,a1970dc7bc8abaa5a6cfb17575a28b083442155cffadd79eb7001e29c0204dc5,source_file
src/waver_patrol/docs/keyboard_teleop_validation.md,9c3d00371e1e1ec8f74e0a13b6ce065862fcac19d12ae032f820f9f7b93614a4,source_file
src/waver_patrol/docs/livox_ros_driver2_humble_patch.md,e404c7454e4327a93764d6e7c442d2f43975ab011716f4e784c10af1fd5162e4,source_file
src/waver_patrol/docs/mapping_localization_nav2.md,b1251d3e5185df1cf89965c0a325fd7b55dd8405aa80d23cb4057271d291bab1,source_file
src/waver_patrol/docs/moving_object_map_transform.md,70a86eaa0bb9de32b6d1efa24aa4adf8f53883ed17ca88d3f994c20d88796bf7,source_file
src/waver_patrol/docs/open_source_comparison_matrix.md,6f1351209cbed923d98cb8f1bf6af6c8af4049e46ade39588db6a9fa5e9d9b8a,source_file
src/waver_patrol/docs/operator_modes.md,4550b4e0e5ea83c3f9743e9a2bb9f087c8668c0e1d84f1c790a1b222b545d2a8,source_file
src/waver_patrol/docs/outdoor_risk_matrix.md,e76bc113f68f213bf5972ac41e264a9ad2a8370ef1a04f9747b9a5a604fb2d5f,source_file
src/waver_patrol/docs/outdoor_test_checklist.md,090aec28ac237b6f7bca7dfc246127eaef6ee671545c5da5727d5114f4a3661a,source_file
src/waver_patrol/docs/package_integration.md,426d4c2e2e52b1437742e839af5c6597952dbd0be5949266e474dd3dd04696ba,source_file
src/waver_patrol/docs/package_role_matrix.md,cfde17e17368af43f18efd1842ea79d16be586a18f89f4f09261edf76d541763,source_file
src/waver_patrol/docs/patrol_operation.md,538e5260d59f681611fede49d88896433fff10bd2f7d84335a440403926a06e4,source_file
src/waver_patrol/docs/pre_real_safety_audit.md,3c10c62a843efe4c9ccf06aca685af36462f464d7938fb8d7fe2a779265ab2d8,source_file
src/waver_patrol/docs/pre_real_vehicle_repository_audit.md,f0f5088ab7e7f5869a067fd1d92877aad123a837221b605b69658cd009fb4830,source_file
src/waver_patrol/docs/real_bird_detector_contract.md,604318674c5a5be939651cf59e1e7f248e86635830a1bdbefb2138e1ec3361bf,source_file
src/waver_patrol/docs/real_mapping_ui_fix_prompt.md,0928941efa8dd7222fea499ac89b0914f66dccbab15c7858bf087910ff9be494,source_file
src/waver_patrol/docs/real_vehicle_preflight_checklist.md,f0fe229b02f7bb8a2c9e675febd32041f9eb106c14bf0fcf5136b7d79a4a5fdc,source_file
src/waver_patrol/docs/remote_ui_feature_inventory.md,7caff695e9edd56df0547a9a4ecd977e93d43611a92fbda39db7e3a3c6258959,source_file
src/waver_patrol/docs/repo_inventory.md,3a96f59a21c4d7a676a178a4dde1df0eb5fba9fb5f0ab5c39cb4aed3324072ff,source_file
src/waver_patrol/docs/sensor_requirements.md,5f5f8596f26e8795164eaae71071fc43933b503a0586773f3623afb782539aa3,source_file
src/waver_patrol/docs/slam_mapping_validation.md,e3fa64861dfad6898a8a79a9209c3cab18481e97653a0561cb00e4c5f1fa80fa,source_file
src/waver_patrol/docs/slam_nav2_map_path_visualization.md,324455eef001b4179dd5844d8921a1da7151df3e1e1cdd6db70b751fce46751d,source_file
src/waver_patrol/docs/ugv_tools_operator_map_ui.md,ce88ea65b41737c6cc72a196b70b32c26720bcbcac044ee1cf3f783e493a7fc8,source_file
src/waver_patrol/docs/waver_bird_autonomy.md,8b14dcd7ebe03605b0de45e9bf08c027ca52efaae73763a9aa50190ef034a5d7,source_file
src/waver_patrol/docs/waver_experiment_metrics.md,222965cf36d04e003f0fd4575054f9a3822595620f4100b0149e02e998063bdb,source_file
src/waver_patrol/launch/bird_patrol_production.launch.py,836ad305e8d396c0435f884cee5807923510d98f0e43993726ad7c35b5b021ab,source_file
src/waver_patrol/launch/gazebo_bird_detection_validation.launch.py,c3527f57328c10498052d9f1596d6741045ee9ff3b7a2d932130e983dda527dd,source_file
src/waver_patrol/launch/gazebo_dynamic_obstacle_avoidance.launch.py,7ab5c6f1e85e959a7fefe8fb7a509d64333500e1f479152c564160787d8d6253,source_file
src/waver_patrol/launch/gazebo_mapping_mode.launch.py,4d79a2e66d85fb37bb381db7b393f86de4fcd896a5505fc0563a3bfdd8f10584,source_file
src/waver_patrol/launch/gazebo_moving_object_trial.launch.py,9932487be7c55bb86694f4ff86bcd00df8558bed4165b052848cdea8131a7a2d,source_file
src/waver_patrol/launch/gazebo_pre_real_validation.launch.py,0f68b6a6bba21bc315887bd26efaa2a0f0d0dd4b527cbb91eac10fbf84bf49c9,source_file
src/waver_patrol/launch/gazebo_pre_real_validation_headless.launch.py,ac45ae643f9e44a50897069b467e457367eea18fb99c58a01d9895ae42a58246,source_file
src/waver_patrol/launch/include_existing_ugv_nav.launch.py,d03e175846c89100e5c5b86f129173218ce5f47312178cacbaccc2f33a1a1700,source_file
src/waver_patrol/launch/include_existing_ugv_slam.launch.py,2e0cba2325f0282601b66dbacb4fc4fb72a4ba90f0ff7e67ce252adc6ddfd353,source_file
src/waver_patrol/launch/moving_object_map_transform.launch.py,33de63f810ed7b3cb790d74024043f39e30dd049cf689db8342f969e4721dbd3,source_file
src/waver_patrol/launch/remote_visualization.launch.py,3f53fee0aff78d1b3f00a9f2b50043149d3d146f92d8469909fa30373392648f,source_file
src/waver_patrol/launch/sensor_static_transforms.launch.py,1fd0ae1bf5a456d1ea732637aaa9985885a8788c9343b156c347f2122c91b532,source_file
src/waver_patrol/launch/target_mission_test.launch.py,679a8f98045148bc4afca95b657dee5dde9b7157857527bc730c66c842969391,source_file
src/waver_patrol/launch/waver_airport_full_demo.launch.py,ef5aced395b937d7ec1f10865d4dddc7be306f75bcafbcab33344af7abcb382c,source_file
src/waver_patrol/launch/waver_bird_autonomy.launch.py,014a80629798a6da449ebf30e693694a8a446e3d4ec2f8c613e11ad19734489e,source_file
src/waver_patrol/launch/waver_bringup.launch.py,904106819565022bb7572d06cfac420c5691d164248d105d62b3359fcf81b34c,source_file
src/waver_patrol/launch/waver_gazebo_bird_autonomy.launch.py,d2624282a1958d1931623178c6ba24eb63018cd35107cc9843bee71213d885a0,source_file
src/waver_patrol/launch/waver_gazebo_mapping_debug.launch.py,11d3ba8e1d44995bb525bcb9441eb609d397400e6ee06de211fd6c44e7c130cc,source_file
src/waver_patrol/launch/waver_gazebo_nav2_radar_bird_mission.launch.py,c8ae0e0b8ebd841012e9e32788443d3e426e8965c35deffee872024f37da8d73,source_file
src/waver_patrol/launch/waver_gazebo_rover_only.launch.py,d4e4e92a31f51ed6a5a95a541efdfaa952a253b921c55287c45671597e45350d,source_file
src/waver_patrol/launch/waver_indoor_patrol_real.launch.py,0b86d680a8b96bd2cfb54ebe5c0571dfea2d3e18a522e4d8e8e5cd759a14511e,source_file
src/waver_patrol/launch/waver_lidar_first_bird_mission_overlay.launch.py,3771378e06e4ce7f5564fe85cf7c7850fcdd8149df97d7f650072e6757bb0b09,source_file
src/waver_patrol/launch/waver_localization.launch.py,95e1c19286d96d3cd414a5331d091b5df4a09a9633537027ceb3082a26a3c963,source_file
src/waver_patrol/launch/waver_mapping_2d.launch.py,c19f3611cf751439a14b54bfc668cb4b136c85e069f34937df56593c30ee3565,source_file
src/waver_patrol/launch/waver_mapping_3d.launch.py,c44cda1bb0b91fa88ea1fd9011b639b8099e69df2659e63d56f488098ef152d9,source_file
src/waver_patrol/launch/waver_mapping_backend.launch.py,16d5c081e757f5929dce62a2fc25febd4803211f0cd4c18446e59d1996feddab,source_file
src/waver_patrol/launch/waver_nav2.launch.py,00852575b5b49d8897c33c73d160496cb8a4b5ab5c28eb28cc5a402ae5aabd49,source_file
src/waver_patrol/launch/waver_nav2_radar_bird_mission.launch.py,d87d47537e11386cd0b4b3ea98489d61b76a84da34a7c50265e6d4fba43ac328,source_file
src/waver_patrol/launch/waver_patrol.launch.py,ebd38ee8827c9506bfb514d73354daf7362ec7c4067d2ce3ca9ca0e265292800,source_file
src/waver_patrol/launch/waver_real_bird_autonomy.launch.py,65e2ba7fbf293d8ecc8d5444cde08fcf49be65b2fb69b3645eecd65d524f00d3,source_file
src/waver_patrol/launch/waver_slam_nav_patrol.launch.py,8c610892b110753d8fb6540a83386ed1ff6097b0f43de4769c98ccf2a629ba8b,source_file
src/waver_patrol/launch/waver_teleop.launch.py,8dc7c905778608b3e11aae0db7fbe1d2662623cb60428dc8df3e731c463ebbb7,source_file
src/waver_patrol/maps/README.md,f1d95f5b207864a6e386c29329b8e73e99f3eb63a1eef8b93fed2c2a1c9f7d61,source_file
src/waver_patrol/models/dynamic_obstacle_box/model.sdf,f64b945b51b0566e0ac29abe8cb7024c567849ea87ff6f353a64f2c8b23bdd4f,source_file
src/waver_patrol/models/static_obstacle_box/model.sdf,a6853a73bf486ac96aa8d50b97b65a8acfec04b227df7a3041881096466d226e,source_file
src/waver_patrol/package.xml,769bf545225e3dc439cb695329eacac7c469d8e0e07d176c3ec50604256fec56,source_file
src/waver_patrol/resource/waver_patrol,e3b0c44298fc1c149afbf4c8996fb92427ae41e4649b934ca495991b7852b855,source_file
src/waver_patrol/rviz/autonomous_patrol.rviz,04b0e0d1139c7e3ea1a883bda38e0496ccba4ff4c75150739f876ca325aa1d4d,source_file
src/waver_patrol/rviz/gazebo_trial.rviz,97a15ef4041d2c262028a3bea0891832eb4d7411f17010f1d75a3037c4d68af0,source_file
src/waver_patrol/rviz/pre_real_gazebo_validation.rviz,8eca908d5ce829e852896f397759bb88313eb648daaf5b50509c31b4d90b4731,source_file
src/waver_patrol/scripts/analyze_gazebo_trials.py,846187622eb10eea1a90e4864a9273468ac2e91f90d3f4a26edcf54fac2ae8c7,source_file
src/waver_patrol/scripts/analyze_pre_real_gazebo_trials.py,7c5aa4f8380034d37b93959915d32151c992a9f6be9d57b4ee8aab39ffbe7202,source_file
src/waver_patrol/scripts/compute_paper_metrics.py,3db1ebfc53e05d155cc26186c9ec02888f5a1e2b674970b1e6c8c98bad6c1149,source_file
src/waver_patrol/scripts/export_paper_tables.py,f82956aa0b0adc99b3a01d282d28759f707c2d78a02d07519d7a6e5214928a62,source_file
src/waver_patrol/scripts/export_rosbag_to_csv.py,0a11eb90661c2ef3e31609b1488b244af86c66460b514ceb959f674f9e428387,source_file
src/waver_patrol/scripts/generate_pre_real_report.py,ca1c5b6610fae7d36e53039af69e595c6e4f49d2567c41b453a1f772d3ac2d60,source_file
src/waver_patrol/scripts/inspect_waveshare_stack.sh,cf9c8fd1b8962dd01dd68a52fc4cfac316e3c138b84b525026d89f308b148e0e,source_file
src/waver_patrol/scripts/install_udev.sh,84bf8002343130dd473f131cea65b8fac85cfbaaa9812d2fc5cae27f37849cfb,source_file
src/waver_patrol/scripts/plot_gazebo_trial_results.py,cbee39dab11e96dd798b9067dc4e665a2de5ad14bb5a88ae1a240fe0911e6fb0,source_file
src/waver_patrol/scripts/plot_paper_metrics.py,c7ce0e498060f0bab1d4e2e54b885b892d6947fc4c1ed67024a8b801ab719f9d,source_file
src/waver_patrol/scripts/plot_pre_real_gazebo_results.py,8e452d1d9d193a970b65219d12f14af4f5b8b7b220b04af84fdd13b701b53b66,source_file
src/waver_patrol/scripts/prepare_paper_results.py,5e74750948017677a106c62ccc71d1fa6f5a58c8225e7e3c883a4811c378d6d6,source_file
src/waver_patrol/scripts/record_waver_experiment_bag.sh,416fe6e53e50c0c52228fa29e77a9e602215ef28324a37cf7f9c61ba86984ed2,source_file
src/waver_patrol/scripts/record_waver_lidar_bird_mission_bag.sh,82cf77a8fe5fd8d3b9336c2016a066f1032f1f551dd8f4daf75148b95d6e61ff,source_file
src/waver_patrol/scripts/run_ai_gazebo_ui_mapping_trials.sh,3cd7b8da03a2a883450bd2bf8a049aa8f65eb06383f47da8e788dec173e74b38,source_file
src/waver_patrol/scripts/run_bird_detection_gazebo_ui_trials.sh,6b78ee6d372f2582527aea90657446a2834a835327baf55b6762b4f5180cd1de,source_file
src/waver_patrol/scripts/run_dynamic_obstacle_avoidance_check.py,7823ce71883ff2e7f27951a9392dfbb8d8c331b9c99801d03290976a8330e883,source_file
src/waver_patrol/scripts/run_gazebo_mission_trials.sh,ba80335d21831694deb994bce54da5d114522068fb97e30cfa6f6fc51f4f8cff,source_file
src/waver_patrol/scripts/run_localization.sh,ace7445ce930ee1b37c6b3006354232acb90a2e86bc09af0bb3fd9c5087048e2,source_file
src/waver_patrol/scripts/run_mapping.sh,4dec07d0c00a21c08653a87b85828e6cecc391c58751cf8dec484f56d7d25ec0,source_file
src/waver_patrol/scripts/run_mapping_mode_check.py,96b7bc56f01de5b94658bbc062dc3bbf789553fcde204cc9111fd8817467872f,source_file
src/waver_patrol/scripts/run_nav2.sh,0ec1edd211fb7ee579ea9e9cbc4db1b1b46b99906d9850a14dc180f9bd6db96a,source_file
src/waver_patrol/scripts/run_patrol.sh,dd258f7b41195d7d9771594995aee0d889b487bd5c2fecc08743e3d821592668,source_file
src/waver_patrol/scripts/run_pre_real_gazebo_trials.sh,16af1573256f7bc7810d75bca6fba57d2553463ff1d4d7801382df7e1854658e,source_file
src/waver_patrol/scripts/run_pre_real_sequence_validator.py,2f101e7f4729214241b47dd5667d7d91d4540d5778298d4e08774ddcb7155baf,source_file
src/waver_patrol/scripts/run_teleop.sh,2e64dccc3ba5fd232d80cb4942045dc2261cc1fc3298696b9014cb8849c3b09f,source_file
src/waver_patrol/scripts/run_ui_visualization_check.py,f3d93f2145ac095535af0602ef043b3dc9c3344ed2faaf1b916f12a0f41bc5be,source_file
src/waver_patrol/scripts/run_waver_bird_patrol_10x_validation.sh,a097e8c369af651cf48c1a506ccd40da8f3848ec4193fcb05d4d95b160ba2a52,source_file
src/waver_patrol/scripts/stop_waver.sh,85552e8f2f9d7b6f4d7ab6f8c7a66bd540620b865241a773c5852f03b83664f3,source_file
src/waver_patrol/scripts/summarize_experiment.py,9c60860e6598c82f952ba99e7bef1db35a2e8fff22d97f76c33d51e5c48099cb,source_file
src/waver_patrol/scripts/validation_status_utils.py,2c7dd236d2b6323a7ef97b5c9b2f126b57a6986e73417d6c42a40a0918a1f139,source_file
src/waver_patrol/scripts/waver_bird_autonomy_health_check.sh,dc7bd17a95317b28949b6ad77fe554c0cd6dd3c15665553aebcfcb3ff6845b99,source_file
src/waver_patrol/scripts/waver_bird_patrol_trial_validator.py,b8f3fd517073188524cfc80ea5a1b930779aedfefe1da184a1c96307753356f5,source_file
src/waver_patrol/scripts/waver_clean_graph_check.sh,78065106dd2eeb472111237fa714bd12e268a37c2884c7d9dad97d33d61b43cd,source_file
src/waver_patrol/scripts/waver_cleanup_stale_nodes.sh,8eb394b1f39e9ae24fe6597ccaa69d7e88ed0a6b81a060f4b73e7ac9a89dbc5a,source_file
src/waver_patrol/scripts/waver_cmd_chain_check.sh,2a87bf7bd354a3da7f0ee36db0ad91bf36ff98b3cf32f99e210c323c9bf46b9b,source_file
src/waver_patrol/scripts/waver_duplicate_package_check.sh,73be92a7aa1f1b7beb007df1c080658d76135873b50c6eb9d6f12bad19fb1765,source_file
src/waver_patrol/scripts/waver_gazebo_functional_validation_loop.sh,0c164c5aed502f35a6ea4c4377559d33635a75bec096160c443b5a732f5633c8,source_file
src/waver_patrol/scripts/waver_indoor_patrol_status.sh,8d6dd70fc65068ed31d37cc1a8ed70bec93eadb54b871ccca0d47f62f2d387d2,source_file
src/waver_patrol/scripts/waver_map_quality_check.py,0eafa29e4ed03751306be749de74c7bddb92edf69c6160a5ec2104dca89f52c4,source_file
src/waver_patrol/scripts/waver_mapping_health_check.sh,696cf7859fd06f899b4ad2e74859ef1fd1c2513a3fca87efc7edb0dc17518ca1,source_file
src/waver_patrol/scripts/waver_preflight_lidar_bird_check.sh,f888ea0fb9570c85a9af53215f5ca6bcaf91d86298ee52a32e1436d4390bafc2,source_file
src/waver_patrol/scripts/waver_real_preflight_check.sh,aac8d1678c70fb819b36a6c38b183ef6ba98485faaf40dc481713116ddd255ae,source_file
src/waver_patrol/scripts/waver_remote_ui_validation.sh,8d4f979134f12ad90ad951fa55a62b3bed2fb82d8de436ca84ac74044bd45f70,source_file
src/waver_patrol/scripts/waver_scan_quality_check.sh,6a7d87a7482b6bede48d4cbb928bf0ba01e0a20dd4434475f760fba75f203670,source_file
src/waver_patrol/setup.cfg,07e42fae7cbfd8daa60cca129c94d4a0e0e8e50c6961fa160fdb1e0aa258933a,source_file
src/waver_patrol/setup.py,287b3361868183d0de05df8be5b346829cefedd86899ae74bb38ad049aa32fd9,source_file
src/waver_patrol/test/ros_test_utils.py,0ee43b6fbda1fc058718cb4e30f89fc8e5a87be5608d04c7574d74e1779b73b0,source_file
src/waver_patrol/test/test_acceleration_limiter.py,a04ecb0d3f2bff248d070a5a10d2fece6589fd31d978b80706c42baaefff1ad2,source_file
src/waver_patrol/test/test_avoidance_path_generator.py,a8a1dabb9d7e93f06e7394571bdaf42a1d4f8f748b2478a7a4026f5bd4ce2f57,source_file
src/waver_patrol/test/test_base_driver_feedback_schema.py,43a56e1a7d4f98252b905793aee19238d8749c0cddf50307f119600d7147015a,source_file
src/waver_patrol/test/test_base_driver_launch_uses_feedback_schema.py,064f2cb6a9537553bbda83976ea8da7bb5696f4e2d75cedaff2b0cc6a65c7cd5,source_file
src/waver_patrol/test/test_bird_classification_contract.py,6c22fc347704d0deb3cbb3be585985705def9fb44ef92fadf41e1cf8732f65aa,source_file
src/waver_patrol/test/test_bird_detector_deployment_contract.py,20d06780cefc9dc98773129cb76d520492d7d7406552e44136cc8d8bfa202301,source_file
src/waver_patrol/test/test_bird_detector_probe_warmup_contract.py,69aa5580c14ff5aa81c9544ce78c9d0ea51355c0e5d5634bde8314761750cb49,source_file
src/waver_patrol/test/test_bird_entrypoint_uses_production_launch.py,fb1b1a8cfe2503ace00fbee240478fd71b86b540d3777699c7ffc5df81d4c042,source_file
src/waver_patrol/test/test_bird_mission_field_release.py,cd9dedb48537e17eaa58c606c403efc688bd743286262fa2d68312eb255742cf,source_file
src/waver_patrol/test/test_bird_mission_not_removed.py,952a98be2a6fc5a148d90e1c717a1e415da39eca0e64c166ff8c1a2195941dd2,source_file
src/waver_patrol/test/test_bird_mission_policy.py,5d6e2b78054d38295f90e2baff2d62e2ee3654e900eaa812d8e92c4b9fa1a7f2,source_file
src/waver_patrol/test/test_bird_mission_readiness_checker.py,c8a0e2eeba1414cc262e2b9e06ee952645057bc830c23b3ed086cac2a40cbcb2,source_file
src/waver_patrol/test/test_bird_patrol_production_profile.py,eb4ca6e12da0b4f91b2dee2164d0727fd1b68fd3616a070a1120c5215ba2e4fc,source_file
src/waver_patrol/test/test_bird_readiness_v2_contract.py,4eb07a87d8784cdf6c5b83ed5fc8a72f8b15a0c2d323f52047d8c285f8e1078b,source_file
src/waver_patrol/test/test_bird_ready_degraded_policy.py,bf5214f8fdc43765e28997cbd07a49bd6e4b7a4b4de6545fab1594111a9346ee,source_file
src/waver_patrol/test/test_camera_alignment_bbox_error_pipeline.py,e76a421ff5b60f49c4a22d8e782bd07069b3146fbdebc95d53116f90ca1b0110,source_file
src/waver_patrol/test/test_camera_alignment_production_contract.py,5f966fe694b049218d88c548ad96dec75c86ae815079674431876e19061eb940,source_file
src/waver_patrol/test/test_camera_lidar_fusion_gate.py,1deba138370cf7db0d4ac3a8851f36c5f586dc605600b9877f6c77e19c765619,source_file
src/waver_patrol/test/test_cmd_vel_to_json.py,9b9fda2c7fb4ee8200232283a9ad77cfcc9aaa27f40a1c9b8a20b3d1dce7bc51,source_file
src/waver_patrol/test/test_collision_guard.py,979f46c8320506987be6af0ea4de3a8e2fae115113973579a3afef23e9a455a8,source_file
src/waver_patrol/test/test_collision_monitor_production_chain.py,4991da858e61db0d76cee9facf7c4539343de93256efa5dcb471508e07f6e882,source_file
src/waver_patrol/test/test_collision_monitor_topology.py,903931a649f8ef369b1897dad6378964b56ac5f60ba3cb7cc2e932b458035d21,source_file
src/waver_patrol/test/test_command_chain_collision_monitor_contract.py,d9dbfbffe3de354b6e12670fc9db5dae771e67c2fa3203b776245b7f328c4a97,source_file
src/waver_patrol/test/test_command_mux.py,5b76dbe5139f1fd2cd2f129de79cb31d891fa9604fc1934e6204dc2094c9876f,source_file
src/waver_patrol/test/test_command_sanitizer.py,0bbd9044471104c2346b70ce454df1474d543898b6651927a425061dc32ed642,source_file
src/waver_patrol/test/test_copyright.py,4ee770eb6ce20b9143c2fb9cb479a3f2c8fd5becf78115ea8ce0338491d5435c,source_file
src/waver_patrol/test/test_default_backend_uses_strict_readiness.py,d2fd4d1d9f00bf410f72e34a7976cd385b68c0b6f2374b1e101961e3c1025a85,source_file
src/waver_patrol/test/test_existing_waypoint_not_modified.py,e87a65265958ecb5d17a2828a8ddc02003d2d6b2c2ca65e83704cae4570282e5,source_file
src/waver_patrol/test/test_external_lidar_dynamic_bridge.py,3a9e26eb03f53d026aafa98ad4436ad473d5b4e29399804910a53406d3df4af8,source_file
src/waver_patrol/test/test_external_yolo_bridge.py,16498d83523bf3941808ffc10c0415d9031c864da6d499ca1323b95308f40405,source_file
src/waver_patrol/test/test_field_bridge_regression_contract.py,e6fb30de90f2f618dd36fb635df9ccae7061cb00f8898616cddbf7706ecce89c,source_file
src/waver_patrol/test/test_field_readiness_contract.py,f28c4d94d44aae756c0be554f6e07f3549a47f7e389104d577f949cbf61e0616,source_file
src/waver_patrol/test/test_field_release_clone_to_run.py,22936c74524b80548ac44001d3faf4f83a8f1019c9ca2f60da2217e99685749e,source_file
src/waver_patrol/test/test_field_release_contract.py,ff05cde4d9c1b509435eb0c967bbc145382269875f3ae5117c47213193fc053c,source_file
src/waver_patrol/test/test_field_safety_contracts.py,e6f0d6b4c7f6a6e1f7834cbf61eeffe54a225c90e826c6b447e711745aae3a98,source_file
src/waver_patrol/test/test_field_script_no_unconditional_ready.py,e9fed4951f3fba015b5af74e72ae1668ea88cb2379c4cd602ba56bd0edde1010,source_file
src/waver_patrol/test/test_flake8.py,7ec4e84796d3f838e90f6753b346cda8ab71eb0dcc7cc9aab26b68fa781cd031,source_file
src/waver_patrol/test/test_fusion_readiness_uses_calibration_probe.py,f9828ed7cea3bd6d8e2b78a8ab4a2e47bc11d8a3e1df0747f9071f6635f5a68d,source_file
src/waver_patrol/test/test_hardware_free_contract_docs.py,7d4e92be70ade5788b2bb9364d11c87ef2f9f71a4d64564827c5a27af8fc8222,source_file
src/waver_patrol/test/test_hardware_readiness_levels.py,c499ed612345c3e53b0f10c580808811719614f658d60a96f0c99d6162d7ca5e,source_file
src/waver_patrol/test/test_health_supervisor_contract.py,285ff0f52c1351200e8337d3d6348523fe798dc4ff083a9fa07b099b4dd1c454,source_file
src/waver_patrol/test/test_indoor_real_profile_contracts.py,25a9880d456f21fb9d31d081289d23bbf7e4fdc99f670435b11e44904b2e2d42,source_file
src/waver_patrol/test/test_launch_contract_required_args.py,5897c609eaecd1316adbe9188b10a2db097034244627b8ec0c74770b86514cd2,source_file
src/waver_patrol/test/test_legacy_open_loop_requires_explicit_gate.py,3780cb66145ffe528b28f103a14e901c06b711d275a3b3c85b03d8e20054da6f,source_file
src/waver_patrol/test/test_live_target_aim_bridge.py,5e8a79385117fc38390a00e7c62c51bbffe45c6283e7aecffe4074f01a302476,source_file
src/waver_patrol/test/test_livox_field_config_policy.py,35020e0255fe65185b195ac3d58d1e878d94e78ef7ac78e54fe7f0071d58b818,source_file
src/waver_patrol/test/test_livox_probe_json_contract.py,f5d0ac40c30a5f26bd5ab72c871457e776d7faebb11091cc2d7fe256156bdeb9,source_file
src/waver_patrol/test/test_localization_guard.py,c27bfd00cdb868a7f1d3601b156ed959f9d6aadb16301e9b4d31c3ceffc89cb6,source_file
src/waver_patrol/test/test_observation_body_tracker_gating.py,d164ab74a89fa8ff041bf8a750fdbeeba25d6866811c07a5489737bde12b0d9f,source_file
src/waver_patrol/test/test_paper_claim_hygiene.py,fe232de96a0a05d76276cfe0b00a714c6a0bbc689fa0dacd0dfadd6d51fc7b20,source_file
src/waver_patrol/test/test_patrol_route.py,61c1537afff39a843da6532e2dbdfdae6b43e2464a4c5fb2a437641d56802c51,source_file
src/waver_patrol/test/test_patrol_state_machine.py,7e5a209624c0d9b15e4717419d08717f5d9afc65c1248c88c6d0493dc4463e6b,source_file
src/waver_patrol/test/test_pep257.py,abb9663b16f62df18443d6587aee331ef776b2a0a6dec33fd8915ab104d90b9b,source_file
src/waver_patrol/test/test_prepare_paper_results_strict.py,9623d5d2fb48002b6ecc88bae2f2001fa94b462237b1c9bd6aef61088aa7df32,source_file
src/waver_patrol/test/test_real_launch_static_contracts.py,3f0c74c24430fa6364664479c1bc0c7ee61a14a060e9f2571ff324db353b7f65,source_file
src/waver_patrol/test/test_real_profile_source_of_truth.py,b7575478fab19083339b6d68d569580e1b29eb959dac74b733ea3169e09c882f,source_file
src/waver_patrol/test/test_real_profiles_contract.py,2d6f55f62d3c00515e04e0579ef1ea218e12f07156e7b97bb632d2203143f2ca,source_file
src/waver_patrol/test/test_real_vehicle_contract_skeleton.py,cdb66670b410f3afc5da1e523e23fd186952d857c26b45ad071e39ef30272a96,source_file
src/waver_patrol/test/test_release_generation_no_source_mutation.py,f53e885f22fc342eb61c437c2958836498fbb8e904dabf4c4f9c786f3e20b5a9,source_file
src/waver_patrol/test/test_remote_ui_security_contract.py,2b77efaea99c047785bd134a2afc54fa77e0fb57df674b8c3bbf5e6f7b25ea7b,source_file
src/waver_patrol/test/test_runaway_guard.py,64d6ec6dd1d7db5328860a4b7096086a3d9cee3d512eff04fb6ba3ff8747023c,source_file
src/waver_patrol/test/test_safety_supervisor.py,d0019f8364f527fd2278943b142bc6fb83e662e69d1294f162315a96ed7ab5f1,source_file
src/waver_patrol/test/test_script_path_contracts.py,226e3f7a1bd29b0803402341d77485b488b3d3a600abf6706378b699c3e8cf72,source_file
src/waver_patrol/test/test_serial_json_fake.py,2fb7c62d0c451d9da05b2d787a989cfc118eca4615cabdf616ec57b3c8c8249e,source_file
src/waver_patrol/test/test_sound_backend_interface.py,16366b9741fa90c2e91aac75f6ceec641d03cc318d3180bf24579feb21b326bd,source_file
src/waver_patrol/test/test_sound_deterrent_real_backend_gate.py,770319c792503b5831bc2da469d69104cc180eb41536d9b1add8379c70c4ff73,source_file
src/waver_patrol/test/test_source_archive_contract.py,d9af4b93270959401032375332e2337e1ee1e73279b39bb4069b650c46b55e24,source_file
src/waver_patrol/test/test_speed_limiter.py,50e315ab2d0e8d1f3699e5a977f672f93e40a62ff5c726383a38099c9138f040,source_file
src/waver_patrol/test/test_submission_package_check.py,e58e9932dfcac7f789f0f4d2302aa9358019144102e300b58f273042f087be01,source_file
src/waver_patrol/test/test_target_departure_monitor.py,6a157988cd8de91e2c3fb1686faaecd53add610cd0d46a8ed5be66f5e91da4d2,source_file
src/waver_patrol/test/test_ttc_guard.py,5b3720c567bb117fb5e6a2b06b391b801e2742eb2847054876eb80163b104d4d,source_file
src/waver_patrol/test/test_ui_slam_mapping_configs.py,a95678e7a0c6b156f595ea4f4bd3ff6bb7218055325bf1689f8b89ff5a338374,source_file
src/waver_patrol/test/test_validation_status_consistency.py,9ace598856ef51ca0e134300b03b2719194533e4b2a801db24f187f341b2c67a,source_file
src/waver_patrol/test/test_waver_bird_autonomy_core.py,126584f54bb3446b382fb2cdf1473c8404a146b3f6470de96eff472f81e72edf,source_file
src/waver_patrol/test/test_waver_nav2_radar_mission_core.py,eec4ec39029e72d2fe64120089beb54536dc0148ec0e5f822ff73a6562f75241,source_file
src/waver_patrol/test/test_waypoint_store.py,8b6b3ad30efe8a9f030f9f807a6a3515292de24f3a94978d11d7378d0f50a65c,source_file
src/waver_patrol/test/test_worktree_inventory_policy.py,4829393a940e2c9ba7227468ac955d3fb33619be9b3b073709a044dbdc2e1d2c,source_file
src/waver_patrol/waver_patrol/__init__.py,e3b0c44298fc1c149afbf4c8996fb92427ae41e4649b934ca495991b7852b855,source_file
src/waver_patrol/waver_patrol/apps/__init__.py,a063c5ff0abcac19599e848b6c5847886679673ba765f83876667a52585a9a37,source_file
src/waver_patrol/waver_patrol/apps/inspect_stack.py,d4bc11a754638bafca3126607c27d7a2d511634aa229644f2d40bcb4d07ec4d5,source_file
src/waver_patrol/waver_patrol/apps/localization.py,581492fccce8989ba85c2f194911c75467a314d254e0f3205d3a348bdf3dc930,source_file
src/waver_patrol/waver_patrol/apps/mapping_2d.py,20c332711fe031924165094d76ca95730e19358abb1ad272cb959e3f4fe48f26,source_file
src/waver_patrol/waver_patrol/apps/mapping_3d.py,325482a239fb220f6713831b1507f6c87baa83985c19186ecb491b872cf970e9,source_file
src/waver_patrol/waver_patrol/apps/nav2_demo.py,7bf250f0a4752210e487d4d23537855771cd10fe12dca74cd0a9ef6e8bfe473a,source_file
src/waver_patrol/waver_patrol/apps/patrol_run.py,1a8c0371900f085803c4557fff7d0ba777121f53c5a9062382aea2dc54c8b550,source_file
src/waver_patrol/waver_patrol/apps/risk_self_test.py,af5f221efcee580bb32f1cdcfb7b23ccf04bc26eadbcf89e66490727a22e2979,source_file
src/waver_patrol/waver_patrol/apps/save_map.py,e28e53d19b72666b776b31cc4a76e8473705fb5c3efe9736d588d8fae87d7cc2,source_file
src/waver_patrol/waver_patrol/apps/sensor_check.py,80e9b4dd9a2f11a8eeb3057090aa0ac08719a4b6d2818ad35ca7a57fec5915e2,source_file
src/waver_patrol/waver_patrol/apps/slam_nav_patrol.py,9a2cd91f6affb884b06a169259333ac73f7d37fea8d8cce3c46f6c4bd74eb30e,source_file
src/waver_patrol/waver_patrol/apps/stop_robot.py,fa7288981e00b02ab3c59dfa49473ce64462118400cf0004b4caf7a9c5158754,source_file
src/waver_patrol/waver_patrol/apps/teleop_keyboard.py,d98b3d2af1fa9ab77fa7dcbc0a97cf0f2b20aaf2902127a3b7805ed141391ecb,source_file
src/waver_patrol/waver_patrol/autonomy_common.py,9c5337dbcd9b73aa6d3f84e30043ea2d2cc93dcb853b765d165337b6bbbec935,source_file
src/waver_patrol/waver_patrol/bridges/__init__.py,84479ef473dee958b7f2e8b96b2180cef96038f3a3fd1d01a685b3151bbd4f72,source_file
src/waver_patrol/waver_patrol/bridges/cmd_vel_to_json.py,85209ed5cd25de6bf2696f366998a94695a4c5072599069b74ce5c9b0daf4b7c,source_file
src/waver_patrol/waver_patrol/bridges/deep_learning_bridge_stub.py,0fc8a6d2c3a2c79b68188713f5f11dabbe87796f52a4112cefb2c50c3e477b93,source_file
src/waver_patrol/waver_patrol/bridges/gazebo_bird_pose_bridge_node.py,ae8582c5e47e2d0ca0d15f95e3b44130a3960cd3923c53d40cebb912352f65d2,source_file
src/waver_patrol/waver_patrol/bridges/launch_manager.py,30fb0a1b26cb8b8cc1980f41fdcb3534fa8c2c138b4dfdb03ceadcc8474d7642,source_file
src/waver_patrol/waver_patrol/bridges/lifecycle_tools.py,bde8e2586f397ed63dcb7c4c5adf21f4b811b35cd87ffc680e26e40b98533cc4,source_file
src/waver_patrol/waver_patrol/bridges/map_server_client.py,549adae80662ddc7eb7569744f62df94ad979700bbf17fbe71db31e54ab25923,source_file
src/waver_patrol/waver_patrol/bridges/nav2_client.py,36dcb84e335a3dcc3fe6eebaf5ce1522695d138af1d12ed2c3b3ac632f44e3b5,source_file
src/waver_patrol/waver_patrol/bridges/package_inspector.py,aa7610c334c0d7ca847a16f69598e1a6179186844236fd91271b1e63fe342280,source_file
src/waver_patrol/waver_patrol/bridges/ros2_detector.py,93d3aeaba46a4af2c926db0a0c2583780ff8335880b0eeaada8705b5d6881d75,source_file
src/waver_patrol/waver_patrol/bridges/serial_cmd_vel_bridge.py,8d1c7f1b5ba8ba8142641aa70b9706cd2191b004a5c415c6ad4b67e660107aee,source_file
src/waver_patrol/waver_patrol/bridges/sound_alert_stub.py,b07b3e69b0b35d874460ddd2b8adabe86f0403aff1fa751fbeaa0736871612a4,source_file
src/waver_patrol/waver_patrol/bridges/sound_deterrent_node.py,efa9cf67f0a58d5df0ccebf9e252850285ebb7a28ce368a49bc9832b3233bc16,source_file
src/waver_patrol/waver_patrol/bridges/tf_monitor.py,73026133566731c5557c17c47188f2ba86ee3c90ff80c5f4d8f1297eaa969c73,source_file
src/waver_patrol/waver_patrol/bridges/topic_monitor.py,aef74edb60bb162557ccbd632136bd126ad89423602f513cd773d367ed0e56dc,source_file
src/waver_patrol/waver_patrol/bridges/waver_base_driver_node.py,d9e557d8f6eacb7bd8e6917bb6ab76f2ba364c051dc26045e126961b068ba117,source_file
src/waver_patrol/waver_patrol/bridges/waypoint_follower_client.py,3563920f3e7d1b0d3c7c518da4432fca42d7c9d5a8f870e097e86eb9d8639079,source_file
src/waver_patrol/waver_patrol/comms/__init__.py,555c0c86314637079e4a959aa9948c3edc6f7d601fd991c6333503b7cd897ce5,source_file
src/waver_patrol/waver_patrol/comms/http_json_client.py,5d2849e6655e01693142b9bbbdfbe45dff12f1f015650ffc1ed508c4e40e0cf7,source_file
src/waver_patrol/waver_patrol/comms/port_conflict_detector.py,02ee2641880b1fe91ce06f9761a61e5b1fe6a22b0e20c5c86437e1738fbc6132,source_file
src/waver_patrol/waver_patrol/comms/port_detect.py,9b4a59d61447e358de73332cf3d850a0b9d3cebfe902d723982929f05b5e5487,source_file
src/waver_patrol/waver_patrol/comms/process_lock.py,c18de5c7a4fa595a8835e5691fb7e355016835890e573b58fa91a5295f1ccc46,source_file
src/waver_patrol/waver_patrol/comms/serial_json_client.py,5d20f1907eac7f10f9684e801f28c983d8030d8704528578361c782fede620e3,source_file
src/waver_patrol/waver_patrol/comms/wave_rover_adapter.py,f061a737243d180f47814f8ee96116fe80289caf005db43fce2358d58c9bd7a9,source_file
src/waver_patrol/waver_patrol/config.py,02a058cc90b2738c7af4fa1ca9dc8322f9876ded933d7f2f37abfcf46a958793,source_file
src/waver_patrol/waver_patrol/control/__init__.py,cfccdd6ea345dc9df9174f03f9fe5ddd3945de9a6146d6e4cbf3cca3029c1488,source_file
src/waver_patrol/waver_patrol/control/auto_behavior_mux_node.py,fed325e76ad45653266c134cdc389cdc9c0d844fe4bce39a3ee17afbb7fa6acf,source_file
src/waver_patrol/waver_patrol/control/camera_gimbal_controller_node.py,dee4c121dbc48522bdeb675d04fac7410242f7488cfadc6a5efb88f187c464fd,source_file
src/waver_patrol/waver_patrol/control/live_target_aim_bridge_node.py,da5b810c42a6f288cdd75d588330cd90de9a0ab011525df95fe7f7f267b84b6c,source_file
src/waver_patrol/waver_patrol/control/target_body_tracker_node.py,b2fe2fa670f5dd9ab6d9498ee0b392791d8c1b26d582b5738216e24620abc0a2,source_file
src/waver_patrol/waver_patrol/control/target_observation_body_tracker_node.py,2e3062aec22a757373f98c9c7605e86cdc402c1207b9e4a278a9a16f9c2d80fe,source_file
src/waver_patrol/waver_patrol/control/waver_gimbal_feedback_bridge_node.py,eb2af790d3b670b087fb0ae5d280b3e6a90a4740e94430081a2de1bc37381c55,source_file
src/waver_patrol/waver_patrol/localization/__init__.py,91486b2ceaa6f7a33185ffb1b0854dcffb9e0ed74469a27205b75635a8e59c72,source_file
src/waver_patrol/waver_patrol/localization/covariance_monitor.py,4aa91d9020cd6aca1520321dd27dc3af8b30bdcb15aa66c9ea75d79a1cf86ceb,source_file
src/waver_patrol/waver_patrol/localization/gps_interface.py,206917e159e15f6880cd2881756f35f3133f28e8f66754603bf7a31f655d753d,source_file
src/waver_patrol/waver_patrol/localization/localization_manager.py,3f0a2e22603575e9da4ff00060696a1cf7a5550d7c9579a3d56934b8f0566e54,source_file
src/waver_patrol/waver_patrol/localization/pose_source.py,a3fd22550fd999bc5bb567b9daf25150ea1c6e9cc34da1680f540a05d69a8bc7,source_file
src/waver_patrol/waver_patrol/localization/relocalization.py,f45648872f8e0a1e4209e547696f870e9bca3d5bb8688b63789c0a22be2f5f4c,source_file
src/waver_patrol/waver_patrol/log.py,051895138725810862cbbfdc1fb7b82aba2a2238e4e4ca3bb0e86728978f53f7,source_file
src/waver_patrol/waver_patrol/logging/__init__.py,339c2c1d7f657e71341c753bb5c3350804c318ac0e2d1b5a46a702b2a1de3a95,source_file
src/waver_patrol/waver_patrol/logging/experiment_data_logger_node.py,0c874f8d71b52c1101bfbc1326d9f8d56bfa7ec2cc18fe67bb4f6d6cec296440,source_file
src/waver_patrol/waver_patrol/logging/gazebo_trial_logger_node.py,4c98555f6d3a18284315aeac34c577c29caabe478f69f35a48bd197d397ad6f1,source_file
src/waver_patrol/waver_patrol/mapping/__init__.py,ade9800c587078286982e8e4f295d0e05b3fe2ffe8ac20a61fadc4bb3b17c8c3,source_file
src/waver_patrol/waver_patrol/mapping/dynamic_filter.py,504472dc1741bb4490e239dc4ff10018f1fe645ca679ed285517b0c9386958cc,source_file
src/waver_patrol/waver_patrol/mapping/laser_scan_occupancy_mapper_node.py,6ae0f77006eacb29d16a12d14db3e614f5f86851a3bf8bc8ef6a9aae2a301cbf,source_file
src/waver_patrol/waver_patrol/mapping/map_io.py,0e954f7c1bac933768262e5a20f707f1875bc9118fa4c240a5f2e76dafe40dc0,source_file
src/waver_patrol/waver_patrol/mapping/map_quality.py,61f9a49f92658d877bf55cda537bf7b462717c5a932daaebda9c294fec801a74,source_file
src/waver_patrol/waver_patrol/mapping/mapping_backend_manager_node.py,8aeb57d398397053c2c0e0fb93b35ace35e9ecc85de180a471da2c5d8a7d9e79,source_file
src/waver_patrol/waver_patrol/mapping/mapping_path_publisher_node.py,e2e657104de9f625d49267e94606db8c6ec0c9ab3960305fa9cc8200f2bd4484,source_file
src/waver_patrol/waver_patrol/mapping/mapping_workflow_manager_node.py,ab5596a8188589600c273975fac7b5b16fa3fdebfbc6cf81b90bb535ca5a72f6,source_file
src/waver_patrol/waver_patrol/mapping/slam_manager.py,778f641204124c068dcac8867ff7c6e1fc62fd9934d26dc3bcb5feb3055bb24a,source_file
src/waver_patrol/waver_patrol/mapping/static_map_state_publisher_node.py,ca68674d5623e18ed1053965109db5e3a190e7556805fff22efbc9edfdefaf82,source_file
src/waver_patrol/waver_patrol/mission/__init__.py,581610096386b4ba7a83009d51e86b6ad4c970bbb9826c06fe5b0e85110ee90d,source_file
src/waver_patrol/waver_patrol/mission/bird_mission_supervisor_node.py,77c637b42f9adaa7ada0a893fe1f3e23d22e593b0313c4bbc1fc7df41540a0c0,source_file
src/waver_patrol/waver_patrol/mission/mission_data_reporter_node.py,5490ba771e59ceef0b6bb314e388b2a726811bd09f1ad4ce6e91602dabd45aba,source_file
src/waver_patrol/waver_patrol/mission/mission_patrol_manager_node.py,b8ecb3cc280e2f765bf2f97494ce3a5deeeb5d4ffa89d92fed5f434e7eec6b32,source_file
src/waver_patrol/waver_patrol/mission/mission_utils.py,e7b76cf8694b88177c3c6ed8b8a2c95df436adad0cd5614ea56a3d3a6c74305f,source_file
src/waver_patrol/waver_patrol/mission/radar_command_bridge_node.py,dd749a983f5dcda20c98be7253869edb8da6db8e01decd01db7b4e6df120db08,source_file
src/waver_patrol/waver_patrol/mission/target_departure_monitor_node.py,3043f4d28de919e4e878e9d609783a253b24909c4615bcbd7964e1e1bdedf380,source_file
src/waver_patrol/waver_patrol/mission/target_goal_manager_node.py,ed789608cb740421979ffd24341ebcafd7df9a476e4e74eed0d1d77a1bcd8836,source_file
src/waver_patrol/waver_patrol/patrol/__init__.py,e9021c8e734370aea301cf20a865aaf29040cee557752c85024297c503234016,source_file
src/waver_patrol/waver_patrol/patrol/battery_return_manager_node.py,48c50ab7854640cb0256e1d6a9ee77f65ef3f383d01cb5c57c208f6e395dec7a,source_file
src/waver_patrol/waver_patrol/patrol/fixed_waypoint_patrol_node.py,cce1c0163111d5ee89daaa624199ded7ee3dd9f1ed80c7b5e2462776ae917d4b,source_file
src/waver_patrol/waver_patrol/patrol/patrol_events.py,f150d91aac4ae31ceee00abbf7da977640d7c99cc07ac18f70e616dd0d2ecfa6,source_file
src/waver_patrol/waver_patrol/patrol/patrol_logger.py,a5f1ff3d8abb4b33cf474e4ff4ab30e19d1369408f0d3432bcb2d0724f87422b,source_file
src/waver_patrol/waver_patrol/patrol/patrol_manager.py,dee38174fe7fd38a2443e9a6a23a8cb6436e5213359e7e4e1cd45254dff7425b,source_file
src/waver_patrol/waver_patrol/patrol/patrol_route.py,692f638cb410c682eec62788f56a711c8f827a923a35d3e5e26ee97dc8d9e6c5,source_file
src/waver_patrol/waver_patrol/patrol/patrol_state_machine.py,90d40c244a0826015d63e2464361edfe69eab20ae6a20db39390e6189262ba8b,source_file
src/waver_patrol/waver_patrol/patrol/return_home.py,02e1a093789edec93ec86a3c055f53cfb5f7260fa517595589d8a1ea8989e453,source_file
src/waver_patrol/waver_patrol/patrol/return_home_controller_node.py,0ee6b70bd508b2714a94872e60b9fd1e26989769ce84137cca1831848457ae87,source_file
src/waver_patrol/waver_patrol/patrol/waypoint_store.py,35b6dbf5549e20dbba7155d94d67a0f79e731e45593d8e379422fba427b15771,source_file
src/waver_patrol/waver_patrol/patrol/waypoint_tasks.py,d14313fe56242433cbaa04394de0b2e36502ac1a800fb110dfabe0ca89d4c1a7,source_file
src/waver_patrol/waver_patrol/perception/__init__.py,4067f573c4108bd493602f6ef4a9120eed30b2717599f83b34d697a0e02d76c1,source_file
src/waver_patrol/waver_patrol/perception/bird_3d_fusion_node.py,28119235930b08966405402887d03f9c0c42c11c6bbab0bcb0a05a5f7dd92c1f,source_file
src/waver_patrol/waver_patrol/perception/bird_classification.py,94342d54933601e559d6bdb73f2c48985e49176fd961c31f487897e39c6555eb,source_file
src/waver_patrol/waver_patrol/perception/bird_detection_pipeline_node.py,cbb0440ab0bd1cf0ff9219d026de53875c349d017bcf41da75afae58fc65ba78,source_file
src/waver_patrol/waver_patrol/perception/bird_detector_node.py,d5db0f83b887f6ef6ec14c454f5baa95bee45eb41e6d814e7ca18dac92a1cbdd,source_file
src/waver_patrol/waver_patrol/perception/camera_health.py,bf140ac92ac20488385712bd4f8988d2e1edd14b1ce0dcab501efaa4ba5daa97,source_file
src/waver_patrol/waver_patrol/perception/dynamic_obstacle_tracker.py,885700cb7599fd64d4f8fcb47780b1a5bcc9d483c377c8133df8c430779e6e90,source_file
src/waver_patrol/waver_patrol/perception/external_lidar_dynamic_bridge_node.py,d71bb3f48dd97ba06c5208411780981f9e497a87e0557a4611c17cbedacb2e9e,source_file
src/waver_patrol/waver_patrol/perception/external_yolo_bridge_node.py,0bb1ad7759d6e3159a027ad2c7d6f90c383953bb63c6904eb86b41dca2dfa7d0,source_file
src/waver_patrol/waver_patrol/perception/lidar_aerial_motion_detector_node.py,77cd1f6e50cb56791922a9e0f528becdccc30478332bfcec36bd5d7cc253e0b9,source_file
src/waver_patrol/waver_patrol/perception/lidar_anomaly_filter.py,edb63bbe37f712ce264970489e82aedeff828200ecd79f026ea8ebe8477d22e1,source_file
src/waver_patrol/waver_patrol/perception/lidar_scan.py,48b1ddf94b00d6d3d46193d8452f5f8f153f78017d3f67a9d5514de2f7ab34ca,source_file
src/waver_patrol/waver_patrol/perception/lidar_sectorizer.py,3ec6acabe4b154c4ab391ea1cc2447fc6562805132d33c4cbcfcf117fb2f1d78,source_file
src/waver_patrol/waver_patrol/perception/livox_pointcloud_to_scan_node.py,614a4c958f92d7117246e883023c90f771d17b12b5482b1150ed13424258d28f,source_file
src/waver_patrol/waver_patrol/perception/moving_object_goal_relay_node.py,bda9a4831ea5f2397e2fca84d070fc03e4fb3d195de6b4ea0a3e871ea6df95e0,source_file
src/waver_patrol/waver_patrol/perception/moving_object_map_transform_node.py,db8883fc7c1d3ee2dfaf7fe2128c8fb2d75ecd7b4bd91d4a8eb0f4da4799b39d,source_file
src/waver_patrol/waver_patrol/perception/moving_object_motion_filter_node.py,c733db6fe1d2cac03832da04212e722078fbd98836b12d238918b845a7495b88,source_file
src/waver_patrol/waver_patrol/perception/object_detector.py,81688cfef943cc6d898164ad17f4aa6e00f4d38c9315b62d80f679d13b5504cd,source_file
src/waver_patrol/waver_patrol/perception/pointcloud_lidar_objects_node.py,ae87b5df18b2d4e59d11d16be53dac41909927a5f60d49efc92360fbc4810db5,source_file
src/waver_patrol/waver_patrol/perception/scan_republisher_node.py,b6d3e1ef182e0d2464e6858bea7ab5bccb39395d9f770e88117f9ac8d001fa8a,source_file
src/waver_patrol/waver_patrol/perception/sensor_fusion.py,103827beee2e0ffd7be41875e394e9f7af6cd28b4ce1ba4880c476c65824a1c0,source_file
src/waver_patrol/waver_patrol/perception/traversability_estimator.py,0005919935d5375a8d30615325246f66f79a5f50752c074d66b612a4ba101c05,source_file
src/waver_patrol/waver_patrol/planning/__init__.py,8603ed22d35a59c31ca8f086acf390047687b8fd737b46fc1ac7a04d3fbaf2f4,source_file
src/waver_patrol/waver_patrol/planning/avoidance_path_generator.py,d7d8ce0c0ba2a34332c70fc401dc0d74e54ef76f2fd4f3456bd9986d4b384b17,source_file
src/waver_patrol/waver_patrol/planning/dwa_lite.py,d9e689c0ec895846ecd0247aa438dc42f9c0ed8b39cf75f7d9232f7fc1b99f8d,source_file
src/waver_patrol/waver_patrol/planning/keepout_speed_zone_manager.py,936f9d15f3dd12c8f83e1491744e312404520861ed6ca106784adb2f3b8c669a,source_file
src/waver_patrol/waver_patrol/planning/path_validator.py,d467734ccf71d3ccf8bc4a163a42cb96b340ded41971793eddd8f0e1232f25cf,source_file
src/waver_patrol/waver_patrol/planning/recovery_behaviors.py,c32bbf5453214a1531ac522e3d22ca7ec6c3c3e411a8061b3850b6ba1f21b817,source_file
src/waver_patrol/waver_patrol/planning/risk_cost.py,d79cf6d40b0d90b4c67b6e303938bb65d252faa7aa63e525ba82ffdc89cdc547,source_file
src/waver_patrol/waver_patrol/safety/__init__.py,67fb16bd4915b396dae16391e72021f21f1968245c4c0b95466688421cbb7084,source_file
src/waver_patrol/waver_patrol/safety/acceleration_limiter.py,7ac5bf342177f6aaa43c5dbf9ecf8d8e8c4b84ee993070956031b81b505aa601,source_file
src/waver_patrol/waver_patrol/safety/battery_guard.py,f8c8f40622aa1a31763125d0521e93f8ed08716a59d783eb58f6b14e6afdaf68,source_file
src/waver_patrol/waver_patrol/safety/collision_guard.py,34a97d1fd5ee14041eae5a3a59d7c6e66b278aa668c4cbd2bdfd3a849967be19,source_file
src/waver_patrol/waver_patrol/safety/command.py,dfccc65156d654d378d796dec44236f1fc38b1f7ad97525fa5ed541ea6edaee9,source_file
src/waver_patrol/waver_patrol/safety/command_mux.py,92bfc10e24917fac525e7c4e8051ad283a86a9468e059bd505688c76cfe189ce,source_file
src/waver_patrol/waver_patrol/safety/command_sanitizer.py,65cba00351cdeb35500d2ecf65911e0fde9a828da8b0af71b6ecf7d19d6d85db,source_file
src/waver_patrol/waver_patrol/safety/estop.py,92b4f25159dc8264877f0373728f56163fd738169d936f95cdeb0a6b387b9c95,source_file
src/waver_patrol/waver_patrol/safety/localization_guard.py,d3e0823e66f5418bba946fd0601131ab92a8345af474f07a5758fa72b8787ac0,source_file
src/waver_patrol/waver_patrol/safety/process_watchdog.py,4ebf210214a595a3273eae5c440015948564fbb28c91a806e512932bdd53613f,source_file
src/waver_patrol/waver_patrol/safety/runaway_guard.py,4f3c9cd8641775bbd9a1e8641d96b3489ced5a7e2c9f803297ba8a673f50f7a6,source_file
src/waver_patrol/waver_patrol/safety/safety_cmd_mux_node.py,b273197dcf484ab0e5287debde297e4dd7f87ad9dc3a99e728bda4bd009776fe,source_file
src/waver_patrol/waver_patrol/safety/safety_events.py,cecc01a49ccd3f7285efcad072bd10aab92f4f184369dd95f2631bd0cd7e0a99,source_file
src/waver_patrol/waver_patrol/safety/safety_supervisor.py,e30b876fe76bf046590ef664e0c8b6d5e121e7845c2c2136c10a80a2cfc77062,source_file
src/waver_patrol/waver_patrol/safety/sensor_stale_guard.py,7ae0561591bf150def12cb1ea5665271a8d827f6ff9efb2fafc9a889014b7401,source_file
src/waver_patrol/waver_patrol/safety/speed_limiter.py,dbbb1710d23a48e924a3587b154cfca667cb418e11be7a3c2a8f252636da7f17,source_file
src/waver_patrol/waver_patrol/safety/thermal_guard.py,998bc4d6ca3de062532a562e3d7dd127689dfad80a282c66fe57fc3cff58af0b,source_file
src/waver_patrol/waver_patrol/safety/ttc_guard.py,9317608da6f08266cded1eb2656046c3c979095888ca4f6f5910fe4cc687baf6,source_file
src/waver_patrol/waver_patrol/teleop/__init__.py,36882429662b926e83bbfe14b3da11789ab6795303d78c9613660f9478dad28e,source_file
src/waver_patrol/waver_patrol/teleop/keyboard_curses.py,da9c62a273b198c022a25c63c4cf766921063fcef0882329c5a12b46c634af3a,source_file
src/waver_patrol/waver_patrol/teleop/keyboard_evdev.py,aa60b0309eee3815de9891d67e3235b6a55798a09813ea01ababc1911b9b68fb,source_file
src/waver_patrol/waver_patrol/teleop/teleop_node.py,e066d4769a25c88a16a03185c2919262f5c6b38c0029fe3cac6672bec8ec51cd,source_file
src/waver_patrol/waver_patrol/test_nodes/__init__.py,aeba28b9f92bd27c715a054e73ef18fd12fc49506ea60d60526beb036aee958e,source_file
src/waver_patrol/waver_patrol/test_nodes/aerial_target_test_publisher_node.py,3008f2f940bc89efa7de7a47ac1b71b8ddd2df1835339be187a18f1d9affdfe6,source_file
src/waver_patrol/waver_patrol/test_nodes/battery_test_publisher_node.py,549adb9634610ef72cb5b3c6e5db79831159d96b02ae3b9309f97911da21ccb8,source_file
src/waver_patrol/waver_patrol/test_nodes/fake_camera_classification_test_publisher_node.py,1550ac72e5f66ac040f53ec597e440acf27c430d276d0ff228860f788e201af8,source_file
src/waver_patrol/waver_patrol/test_nodes/gazebo_dynamic_obstacle_node.py,7231733bf906b9ea1671a4a54ae4c299a9843f08060a8fad2fcd415138172d35,source_file
src/waver_patrol/waver_patrol/test_nodes/gazebo_live_mapping_node.py,05c8f01ccb5dec89db6fbc209fad9ebdf30fa550e584fe2b35ee565627fc1823,source_file
src/waver_patrol/waver_patrol/test_nodes/gazebo_map_path_visualizer_node.py,4992048e55534a5f2d94794c1e4738d7a10ecb1eba93d95dfd0722a07816e235,source_file
src/waver_patrol/waver_patrol/test_nodes/gazebo_moving_object_trial_publisher_node.py,0fc02fec632882a0f351fb8acfb44283f346fc67c7be6061e509d82ce22b9cff,source_file
src/waver_patrol/waver_patrol/test_nodes/lidar_objects_test_publisher_node.py,e6f27a7f1d07156a0b741d283c67ef8d06c32795b067d45c6d4f3eb486b7a4ba,source_file
src/waver_patrol/waver_patrol/test_nodes/object_mission_goal_test_publisher_node.py,1ea0cbd7340e0b7a0b34ed94b1ae4d25c428809df5169167b75cce13538a0f82,source_file
src/waver_patrol/waver_patrol/test_nodes/radar_target_test_publisher_node.py,9410eea879b04f57d2a9ffe0e252c4810cec19b0d25319b2077d5013942ad9ce,source_file
src/waver_patrol/waver_patrol/test_nodes/simple_nav2_cmd_sim_node.py,913adfeaf9927284623941af6dd4f3780298ad56f6da78dac23dd52d6607769d,source_file
src/waver_patrol/waver_patrol/test_nodes/simple_sim_odom_node.py,8aee313ebe2cf4fb6c22d031b1c212c92a5be946d4e9b2fb8356656927b8dfbc,source_file
src/waver_patrol/waver_patrol/utils.py,115c86c0e9479a1fcca2d85b899fd75eb5e83daf68fd0f6ea09eafe3e343748e,source_file
src/waver_patrol/waypoints/gazebo_airport_patrol_large.yaml,f78db35df17115e4bf9c9c4291b36c01e717d1610457a1dc856372d16b558cc5,source_file
src/waver_patrol/waypoints/gazebo_moving_object_trial.yaml,fb87357b42fe0a0ad17d5021c7721e0f16fb1c4b106bd5e40cdad948e3c2e456,source_file
src/waver_patrol/waypoints/patrol_empty.yaml,a906d50c8633af98aaa1e72374f7de977b96bc8bae01a3e67d1e822edc6ba58a,source_file
src/waver_patrol/waypoints/patrol_example.yaml,46fae66bee49fc3250334cc1bc2cdce73d4e0594d00fe506a07cef3fa99c5b38,source_file
src/waver_patrol/waypoints/patrol_outdoor_demo.yaml,cc09d42da20373087369d1130a89be96b72954aa857ea590cacea3aeb208bcce,source_file
src/waver_patrol/waypoints/waver_4m_then_7m_square_patrol.yaml,067ad85aa28dac13f77c82832c3e53eddeb1e9e29b7b8bee4e31a64f3d3b88d6,source_file
src/waver_patrol/waypoints/waver_bird_patrol_demo.yaml,bfb33ea9ecea3b5ab5b312dd11df0cd2fa7afe4dea053a7c0f4233d3b1f42358,source_file
src/waver_patrol/waypoints/waver_nav2_patrol_mission.yaml,519d615e16b201c9ba79f34672bd8d1a83ea51449a11dfbfd1ebbda35ea4ee2d,source_file
src/waver_patrol/waypoints/waver_real_0p5m_square_patrol.yaml,a6405752a8648f1d76c6da63a5c0574044f422134f4a29c5a01bb2e4f3ceab6d,source_file
src/waver_patrol/worlds/waver_moving_object_trial.world,101cd008650ed4c2ccb773df92136851fa6140ef284169b84a8ce2f9dc40372b,source_file
src/waver_seo_tracking/package.xml,b5848cadebaf8e4b692539876583af0f31fa28fa88d6a8c06d86c9f7186f68c2,source_file
src/waver_seo_tracking/resource/waver_seo_tracking,01ba4719c80b6fe911b091a7c05124b64eeece964e09c058ef8f9805daca546b,source_file
src/waver_seo_tracking/setup.cfg,d20cac70a13f5e6a0a9fd081b819843aa97964a9750b376e3019b58b71341427,source_file
src/waver_seo_tracking/setup.py,c2111cc7a5af650ec720f5b64e670a40a1d4ffebcf924aa66f683643b110da1f,source_file
src/waver_seo_tracking/waver_seo_tracking/__init__.py,01ba4719c80b6fe911b091a7c05124b64eeece964e09c058ef8f9805daca546b,source_file
src/waver_seo_tracking/waver_seo_tracking/mission_state_cmd_selector_node.py,96ffd66a0760ae4193405d432d0de1a4e5b202f7b9e2feed462917902d2387c6,source_file
src/waver_seo_tracking/waver_seo_tracking/remote_ui_patrol_adapter_node.py,a01b3cc7c87c23afe9b7f56b0e43e40c990cd4e68dbaa223fc592f8f943236e4,source_file
src/waver_seo_tracking/waver_seo_tracking/scan_alias_node.py,19bc567789316d2695deacc83479578f5f21157bb1c8ff0cab18a3b129153df2,source_file
src/waver_seo_tracking/waver_seo_tracking/seo_bird_yolo_node.py,d93908ee1c4889fe90b98ffe93f188fc2a10ee95697d24c20da604cf050e0b88,source_file
src/waver_seo_tracking/waver_seo_tracking/seo_camera_tilt_joint_node.py,2372ce22c212b6848956d186f7ed2d82af260aedeba97bbc8ca563ebf4da4bee,source_file
src/waver_seo_tracking/waver_seo_tracking/seo_cluster_tracker_node.py,e344687a90852079440ef2766a8a757d0f8c82e631f50cbc958cde61d47ce2e6,source_file
src/waver_seo_tracking/waver_seo_tracking/seo_observation_body_tracker_node.py,e435562c12071e2a9a03c04ce07923829dc95c687186ad0c84d6f33adb9170c4,source_file
reports/source_manifest.json,8dab379229ab5fdaf5ee2aea735ee67d4792fc4d48ebf54f8374cff4684a6622,generated_manifest
