time_sec,trial_id,goal_x,goal_y,goal_yaw,robot_x,robot_y,robot_yaw,target_error_m,nav_state,nav_success
1.9000000000000001,1,nan,nan,nan,-2.0934221606438917e-20,2.808691786585286e-24,4.0601143545233094e-24,nan,BLOCKED mode=STANDBY estop=False external_stop=False,False
1.9000000000000001,1,nan,nan,nan,-2.0934221606438917e-20,2.808691786585286e-24,4.0601143545233094e-24,nan,BLOCKED mode=STANDBY estop=False external_stop=False,False
2.0,1,nan,nan,nan,-2.493094562382343e-19,1.761188619473493e-23,1.4403693186252289e-24,nan,BLOCKED mode=STANDBY estop=False external_stop=False,False
2.0,1,nan,nan,nan,-2.493094562382343e-19,1.761188619473493e-23,1.4403693186252289e-24,nan,BLOCKED mode=STANDBY estop=False external_stop=False,False
2.1,1,nan,nan,nan,1.3476679122508813e-05,3.6134498233875747e-06,-4.1539039884302814e-05,nan,BLOCKED mode=STANDBY estop=False external_stop=False,False
2.1,1,nan,nan,nan,1.3476679122508813e-05,3.6134498233875747e-06,-4.1539039884302814e-05,nan,BLOCKED mode=STANDBY estop=False external_stop=False,False
2.2,1,nan,nan,nan,1.4484621489324987e-05,3.641042656604987e-06,-6.30335344714692e-05,nan,BLOCKED mode=STANDBY estop=False external_stop=False,False
2.2,1,nan,nan,nan,1.4484621489324987e-05,3.641042656604987e-06,-6.30335344714692e-05,nan,BLOCKED mode=STANDBY estop=False external_stop=False,False
2.3000000000000003,1,nan,nan,nan,1.447072141935882e-05,3.550368180425638e-06,-6.288717862264598e-05,nan,BLOCKED mode=STANDBY estop=False external_stop=False,False
2.3000000000000003,1,nan,nan,nan,1.447072141935882e-05,3.550368180425638e-06,-6.288717862264598e-05,nan,BLOCKED mode=STANDBY estop=False external_stop=False,False
2.4000000000000004,1,nan,nan,nan,1.4469152395071182e-05,3.55043214217449e-06,-6.29011158360385e-05,nan,BLOCKED mode=STANDBY estop=False external_stop=False,False
2.4000000000000004,1,nan,nan,nan,1.4469152395071182e-05,3.55043214217449e-06,-6.29011158360385e-05,nan,BLOCKED mode=STANDBY estop=False external_stop=False,False
2.5,1,nan,nan,nan,1.4467553664478685e-05,3.5504894919163086e-06,-6.291572036045713e-05,nan,BLOCKED mode=STANDBY estop=False external_stop=False,False
2.5,1,nan,nan,nan,1.4467553664478685e-05,3.5504894919163086e-06,-6.291572036045713e-05,nan,BLOCKED mode=STANDBY estop=False external_stop=False,False
2.6,1,nan,nan,nan,1.4466035449145726e-05,3.5505444231171455e-06,-6.292953509982404e-05,nan,BLOCKED mode=STANDBY estop=False external_stop=False,False
2.6,1,nan,nan,nan,1.4466035449145726e-05,3.5505444231171455e-06,-6.292953509982404e-05,nan,BLOCKED mode=STANDBY estop=False external_stop=False,False
2.7,1,nan,nan,nan,1.4464593060504827e-05,3.550596918294292e-06,-6.29426197853614e-05,nan,BLOCKED mode=STANDBY estop=False external_stop=False,False
2.7,1,nan,nan,nan,1.4464593060504827e-05,3.550596918294292e-06,-6.29426197853614e-05,nan,BLOCKED mode=STANDBY estop=False external_stop=False,False
2.8000000000000003,1,nan,nan,nan,1.4463221384109888e-05,3.5506470841476726e-06,-6.295503021849154e-05,nan,BLOCKED mode=STANDBY estop=False external_stop=False,False
2.8000000000000003,1,nan,nan,nan,1.4463221384109888e-05,3.5506470841476726e-06,-6.295503021849154e-05,nan,BLOCKED mode=STANDBY estop=False external_stop=False,False
2.9000000000000004,1,nan,nan,nan,1.446191610658309e-05,3.550695006395481e-06,-6.296681452679834e-05,nan,BLOCKED mode=STANDBY estop=False external_stop=False,False
2.9000000000000004,1,nan,nan,nan,1.446191610658309e-05,3.550695006395481e-06,-6.296681452679834e-05,nan,BLOCKED mode=STANDBY estop=False external_stop=False,False
3.0,1,nan,nan,nan,1.4460673413059401e-05,3.550740770613057e-06,-6.297801442695984e-05,nan,BLOCKED mode=STANDBY estop=False external_stop=False,False
3.0,1,nan,nan,nan,1.4460673413059401e-05,3.550740770613057e-06,-6.297801442695984e-05,nan,BLOCKED mode=STANDBY estop=False external_stop=False,False
3.1,1,nan,nan,nan,1.4459489846559003e-05,3.5507844629492776e-06,-6.298866658322249e-05,nan,BLOCKED mode=STANDBY estop=False external_stop=False,False
3.1,1,nan,nan,nan,1.4459489846559003e-05,3.5507844629492776e-06,-6.298866658322249e-05,nan,BLOCKED mode=STANDBY estop=False external_stop=False,False
3.2,1,nan,nan,nan,1.4458362246856695e-05,3.5508261690110634e-06,-6.299880360912145e-05,nan,BLOCKED mode=STANDBY estop=False external_stop=False,False
3.2,1,nan,nan,nan,1.4458362246856695e-05,3.5508261690110634e-06,-6.299880360912145e-05,nan,BLOCKED mode=STANDBY estop=False external_stop=False,False
3.3000000000000003,1,nan,nan,nan,1.445728770321918e-05,3.5508659730019137e-06,-6.300845483302681e-05,nan,BLOCKED mode=STANDBY estop=False external_stop=False,False
3.3000000000000003,1,nan,nan,nan,1.445728770321918e-05,3.5508659730019137e-06,-6.300845483302681e-05,nan,BLOCKED mode=STANDBY estop=False external_stop=False,False
3.4000000000000004,1,nan,nan,nan,1.4456263517475338e-05,3.5509039571761384e-06,-6.301764688751767e-05,nan,BLOCKED mode=STANDBY estop=False external_stop=False,False
3.4000000000000004,1,nan,nan,nan,1.4456263517475338e-05,3.5509039571761384e-06,-6.301764688751767e-05,nan,BLOCKED mode=STANDBY estop=False external_stop=False,False
3.5,1,nan,nan,nan,1.4455287175144777e-05,3.5509402014273563e-06,-6.302640416197686e-05,nan,BLOCKED mode=STANDBY estop=False external_stop=False,False
3.5,1,nan,nan,nan,1.4455287175144777e-05,3.5509402014273563e-06,-6.302640416197686e-05,nan,BLOCKED mode=STANDBY estop=False external_stop=False,False
3.6,1,nan,nan,nan,1.445435632248922e-05,3.5509747830766934e-06,-6.303474915534337e-05,nan,BLOCKED mode=STANDBY estop=False external_stop=False,False
3.6,1,nan,nan,nan,1.445435632248922e-05,3.5509747830766934e-06,-6.303474915534337e-05,nan,BLOCKED mode=STANDBY estop=False external_stop=False,False
3.7,1,nan,nan,nan,1.44534686077296e-05,3.5510073457862937e-06,-6.304270235578488e-05,nan,BLOCKED mode=STANDBY estop=False external_stop=False,False
3.7,1,nan,nan,nan,1.44534686077296e-05,3.5510073457862937e-06,-6.304270235578488e-05,nan,BLOCKED mode=STANDBY estop=False external_stop=False,False
3.7,1,nan,nan,nan,1.4452621910591445e-05,3.5510378564159826e-06,-6.305028319651039e-05,nan,BLOCKED mode=STANDBY estop=False external_stop=False,False
3.7,1,nan,nan,nan,1.4452621910591445e-05,3.5510378564159826e-06,-6.305028319651039e-05,nan,BLOCKED mode=STANDBY estop=False external_stop=False,False
3.9000000000000004,1,nan,nan,nan,1.4451814421976425e-05,3.5510669676262694e-06,-6.305751070264031e-05,nan,BLOCKED mode=STANDBY estop=False external_stop=False,False
3.9000000000000004,1,nan,nan,nan,1.4451814421976425e-05,3.5510669676262694e-06,-6.305751070264031e-05,nan,BLOCKED mode=STANDBY estop=False external_stop=False,False
4.0,1,nan,nan,nan,1.4451044295051437e-05,3.55109476704235e-06,-6.306440186272119e-05,nan,BLOCKED mode=STANDBY estop=False external_stop=False,False
4.0,1,nan,nan,nan,1.4451044295051437e-05,3.55109476704235e-06,-6.306440186272119e-05,nan,BLOCKED mode=STANDBY estop=False external_stop=False,False
4.1000000000000005,1,nan,nan,nan,1.4450309574463738e-05,3.55112153172622e-06,-6.307097281800456e-05,nan,BLOCKED mode=STANDBY estop=False external_stop=False,False
4.1000000000000005,1,nan,nan,nan,1.4450309574463738e-05,3.55112153172622e-06,-6.307097281800456e-05,nan,BLOCKED mode=STANDBY estop=False external_stop=False,False
4.2,1,nan,nan,nan,1.4449605801486893e-05,3.551149544565781e-06,-6.307724248915653e-05,nan,BLOCKED mode=STANDBY estop=False external_stop=False,False
4.2,1,nan,nan,nan,1.4449605801486893e-05,3.551149544565781e-06,-6.307724248915653e-05,nan,BLOCKED mode=STANDBY estop=False external_stop=False,False
4.300000000000001,1,nan,nan,nan,1.444893417648105e-05,3.551176288486201e-06,-6.308322409061055e-05,nan,BLOCKED mode=STANDBY estop=False external_stop=False,False
4.300000000000001,1,nan,nan,nan,1.444893417648105e-05,3.551176288486201e-06,-6.308322409061055e-05,nan,BLOCKED mode=STANDBY estop=False external_stop=False,False
4.4,1,nan,nan,nan,1.444829190034442e-05,3.5512029341169903e-06,-6.308893274739263e-05,nan,BLOCKED mode=STANDBY estop=False external_stop=False,False
4.4,1,nan,nan,nan,1.444829190034442e-05,3.5512029341169903e-06,-6.308893274739263e-05,nan,BLOCKED mode=STANDBY estop=False external_stop=False,False
4.5,1,nan,nan,nan,1.4447677888046893e-05,3.5512290206487766e-06,-6.30943825994011e-05,nan,BLOCKED mode=STANDBY estop=False external_stop=False,False
4.5,1,nan,nan,nan,1.4447677888046893e-05,3.5512290206487766e-06,-6.30943825994011e-05,nan,BLOCKED mode=STANDBY estop=False external_stop=False,False
4.6000000000000005,1,nan,nan,nan,1.4447091708768405e-05,3.551253925116548e-06,-6.309958447005311e-05,nan,BLOCKED mode=STANDBY estop=False external_stop=False,False
4.6000000000000005,1,nan,nan,nan,1.4447091708768405e-05,3.551253925116548e-06,-6.309958447005311e-05,nan,BLOCKED mode=STANDBY estop=False external_stop=False,False
4.7,1,nan,nan,nan,1.4446532087792897e-05,3.5512777012657736e-06,-6.310454978045244e-05,nan,BLOCKED mode=STANDBY estop=False external_stop=False,False
4.7,1,nan,nan,nan,1.4446532087792897e-05,3.5512777012657736e-06,-6.310454978045244e-05,nan,BLOCKED mode=STANDBY estop=False external_stop=False,False
4.800000000000001,1,nan,nan,nan,1.444599781937684e-05,3.5513004002437964e-06,-6.310928924727046e-05,nan,BLOCKED mode=STANDBY estop=False external_stop=False,False
4.800000000000001,1,nan,nan,nan,1.444599781937684e-05,3.5513004002437964e-06,-6.310928924727046e-05,nan,BLOCKED mode=STANDBY estop=False external_stop=False,False
4.9,1,nan,nan,nan,1.4445487738400872e-05,3.5513220711526467e-06,-6.311381335680766e-05,nan,BLOCKED mode=STANDBY estop=False external_stop=False,False
4.9,1,nan,nan,nan,1.4445487738400872e-05,3.5513220711526467e-06,-6.311381335680766e-05,nan,BLOCKED mode=STANDBY estop=False external_stop=False,False
5.0,1,nan,nan,nan,1.44450007390616e-05,3.55134276080603e-06,-6.311813199235199e-05,nan,BLOCKED mode=STANDBY estop=False external_stop=False,False
5.0,1,nan,nan,nan,1.44450007390616e-05,3.55134276080603e-06,-6.311813199235199e-05,nan,BLOCKED mode=STANDBY estop=False external_stop=False,False
5.1000000000000005,1,nan,nan,nan,1.444453577619917e-05,3.551362513450495e-06,-6.3122254418257e-05,nan,BLOCKED mode=STANDBY estop=False external_stop=False,False
5.1000000000000005,1,nan,nan,nan,1.444453577619917e-05,3.551362513450495e-06,-6.3122254418257e-05,nan,BLOCKED mode=STANDBY estop=False external_stop=False,False
5.2,1,nan,nan,nan,1.4444091829697124e-05,3.551381372520176e-06,-6.312618986883877e-05,nan,BLOCKED mode=STANDBY estop=False external_stop=False,False
5.2,1,nan,nan,nan,1.4444091829697124e-05,3.551381372520176e-06,-6.312618986883877e-05,nan,BLOCKED mode=STANDBY estop=False external_stop=False,False
5.300000000000001,1,nan,nan,nan,1.4443667947131682e-05,3.5513993783798537e-06,-6.312994677306293e-05,nan,BLOCKED mode=STANDBY estop=False external_stop=False,False
5.300000000000001,1,nan,nan,nan,1.4443667947131682e-05,3.5513993783798537e-06,-6.312994677306293e-05,nan,BLOCKED mode=STANDBY estop=False external_stop=False,False
5.4,1,nan,nan,nan,1.4443263213765454e-05,3.5514165701548247e-06,-6.313353328800935e-05,nan,BLOCKED mode=STANDBY estop=False external_stop=False,False
5.4,1,nan,nan,nan,1.4443263213765454e-05,3.5514165701548247e-06,-6.313353328800935e-05,nan,BLOCKED mode=STANDBY estop=False external_stop=False,False
5.5,1,nan,nan,nan,1.4442876756876407e-05,3.551432984675296e-06,-6.313695719406414e-05,nan,BLOCKED mode=STANDBY estop=False external_stop=False,False
5.5,1,nan,nan,nan,1.4442876756876407e-05,3.551432984675296e-06,-6.313695719406414e-05,nan,BLOCKED mode=STANDBY estop=False external_stop=False,False
5.6000000000000005,1,nan,nan,nan,1.44425077437107e-05,3.5514486573136277e-06,-6.314022591378874e-05,nan,BLOCKED mode=STANDBY estop=False external_stop=False,False
5.6000000000000005,1,nan,nan,nan,1.44425077437107e-05,3.5514486573136277e-06,-6.314022591378874e-05,nan,BLOCKED mode=STANDBY estop=False external_stop=False,False
5.7,1,nan,nan,nan,1.4442155379678985e-05,3.5514636218582895e-06,-6.314334652795405e-05,nan,BLOCKED mode=STANDBY estop=False external_stop=False,False
5.7,1,nan,nan,nan,1.4442155379678985e-05,3.5514636218582895e-06,-6.314334652795405e-05,nan,BLOCKED mode=STANDBY estop=False external_stop=False,False
5.800000000000001,1,nan,nan,nan,1.4441818906552576e-05,3.55147791055167e-06,-6.314632579274747e-05,nan,BLOCKED mode=STANDBY estop=False external_stop=False,False
5.800000000000001,1,nan,nan,nan,1.4441818906552576e-05,3.55147791055167e-06,-6.314632579274747e-05,nan,BLOCKED mode=STANDBY estop=False external_stop=False,False
5.9,1,nan,nan,nan,1.444149760077327e-05,3.5514915541669865e-06,-6.314917015464874e-05,nan,BLOCKED mode=STANDBY estop=False external_stop=False,False
5.9,1,nan,nan,nan,1.444149760077327e-05,3.5514915541669865e-06,-6.314917015464874e-05,nan,BLOCKED mode=STANDBY estop=False external_stop=False,False
6.0,1,nan,nan,nan,1.444119077188849e-05,3.5515045820781664e-06,-6.315188576448053e-05,nan,BLOCKED mode=STANDBY estop=False external_stop=False,False
6.0,1,nan,nan,nan,1.444119077188849e-05,3.5515045820781664e-06,-6.315188576448053e-05,nan,BLOCKED mode=STANDBY estop=False external_stop=False,False
6.1000000000000005,1,nan,nan,nan,1.4440897761304207e-05,3.5515170223644375e-06,-6.315447848903157e-05,nan,BLOCKED mode=STANDBY estop=False external_stop=False,False
6.1000000000000005,1,nan,nan,nan,1.4440897761304207e-05,3.5515170223644375e-06,-6.315447848903157e-05,nan,BLOCKED mode=STANDBY estop=False external_stop=False,False
6.2,1,nan,nan,nan,1.444061794886422e-05,3.5515289016046857e-06,-6.315695384018606e-05,nan,BLOCKED mode=STANDBY estop=False external_stop=False,False
6.2,1,nan,nan,nan,1.444061794886422e-05,3.5515289016046857e-06,-6.315695384018606e-05,nan,BLOCKED mode=STANDBY estop=False external_stop=False,False
6.300000000000001,1,nan,nan,nan,1.4440350727195081e-05,3.551540247491567e-06,-6.31593172418571e-05,nan,BLOCKED mode=STANDBY estop=False external_stop=False,False
6.300000000000001,1,nan,nan,nan,1.4440350727195081e-05,3.551540247491567e-06,-6.31593172418571e-05,nan,BLOCKED mode=STANDBY estop=False external_stop=False,False
6.4,1,nan,nan,nan,1.44400955235587e-05,3.5515510853772997e-06,-6.316157379540147e-05,nan,BLOCKED mode=STANDBY estop=False external_stop=False,False
6.4,1,nan,nan,nan,1.44400955235587e-05,3.5515510853772997e-06,-6.316157379540147e-05,nan,BLOCKED mode=STANDBY estop=False external_stop=False,False
6.5,1,nan,nan,nan,1.4439851791090986e-05,3.5515614352011466e-06,-6.316372836899132e-05,nan,BLOCKED mode=STANDBY estop=False external_stop=False,False
6.5,1,nan,nan,nan,1.4439851791090986e-05,3.5515614352011466e-06,-6.316372836899132e-05,nan,BLOCKED mode=STANDBY estop=False external_stop=False,False
6.6000000000000005,1,nan,nan,nan,1.4439619008077157e-05,3.55157131917605e-06,-6.316578560879679e-05,nan,BLOCKED mode=STANDBY estop=False external_stop=False,False
6.6000000000000005,1,nan,nan,nan,1.4439619008077157e-05,3.55157131917605e-06,-6.316578560879679e-05,nan,BLOCKED mode=STANDBY estop=False external_stop=False,False
6.7,1,nan,nan,nan,1.4439396676630273e-05,3.5515807585038862e-06,-6.31677499485949e-05,nan,BLOCKED mode=STANDBY estop=False external_stop=False,False
6.7,1,nan,nan,nan,1.4439396676630273e-05,3.5515807585038862e-06,-6.31677499485949e-05,nan,BLOCKED mode=STANDBY estop=False external_stop=False,False
6.800000000000001,1,nan,nan,nan,1.4439184321607702e-05,3.551589773393219e-06,-6.316962561943925e-05,nan,BLOCKED mode=STANDBY estop=False external_stop=False,False
6.800000000000001,1,nan,nan,nan,1.4439184321607702e-05,3.551589773393219e-06,-6.316962561943925e-05,nan,BLOCKED mode=STANDBY estop=False external_stop=False,False
6.9,1,nan,nan,nan,1.443898148952494e-05,3.551598383157678e-06,-6.317141665943778e-05,nan,BLOCKED mode=STANDBY estop=False external_stop=False,False
6.9,1,nan,nan,nan,1.443898148952494e-05,3.551598383157678e-06,-6.317141665943778e-05,nan,BLOCKED mode=STANDBY estop=False external_stop=False,False
7.0,1,nan,nan,nan,1.4438787747611499e-05,3.5516066062288463e-06,-6.317312692218272e-05,nan,BLOCKED mode=STANDBY estop=False external_stop=False,False
7.0,1,nan,nan,nan,1.4438787747611499e-05,3.5516066062288463e-06,-6.317312692218272e-05,nan,BLOCKED mode=STANDBY estop=False external_stop=False,False
7.1000000000000005,1,nan,nan,nan,1.4438602682853107e-05,3.5516144601862007e-06,-6.31747600850187e-05,nan,BLOCKED mode=STANDBY estop=False external_stop=False,False
7.1000000000000005,1,nan,nan,nan,1.4438602682853107e-05,3.5516144601862007e-06,-6.31747600850187e-05,nan,BLOCKED mode=STANDBY estop=False external_stop=False,False
7.2,1,nan,nan,nan,1.4438425901069377e-05,3.5516219618071766e-06,-6.317631965767714e-05,nan,BLOCKED mode=STANDBY estop=False external_stop=False,False
7.2,1,nan,nan,nan,1.4438425901069377e-05,3.5516219618071766e-06,-6.317631965767714e-05,nan,BLOCKED mode=STANDBY estop=False external_stop=False,False
7.300000000000001,1,nan,nan,nan,1.4438257026078304e-05,3.551629127098349e-06,-6.317780898941456e-05,nan,BLOCKED mode=STANDBY estop=False external_stop=False,False
7.300000000000001,1,nan,nan,nan,1.4438257026078304e-05,3.551629127098349e-06,-6.317780898941456e-05,nan,BLOCKED mode=STANDBY estop=False external_stop=False,False
7.4,1,nan,nan,nan,1.4438095698856755e-05,3.551635971354028e-06,-6.317923127660815e-05,nan,BLOCKED mode=STANDBY estop=False external_stop=False,False
7.4,1,nan,nan,nan,1.4438095698856755e-05,3.551635971354028e-06,-6.317923127660815e-05,nan,BLOCKED mode=STANDBY estop=False external_stop=False,False
7.500000000000001,1,nan,nan,nan,1.4437941576745708e-05,3.551642509158504e-06,-6.318058957005332e-05,nan,BLOCKED mode=STANDBY estop=False external_stop=False,False
7.500000000000001,1,nan,nan,nan,1.4437941576745708e-05,3.551642509158504e-06,-6.318058957005332e-05,nan,BLOCKED mode=STANDBY estop=False external_stop=False,False
7.6000000000000005,1,nan,nan,nan,1.4437794340469941e-05,3.551648753529678e-06,-6.318188681135341e-05,nan,BLOCKED mode=STANDBY estop=False external_stop=False,False
7.6000000000000005,1,nan,nan,nan,1.4437779993832873e-05,3.551649361187972e-06,-6.318201331202717e-05,nan,BLOCKED mode=STANDBY estop=False external_stop=False,False
7.7,1,nan,nan,nan,1.4437653797914729e-05,3.551654705778293e-06,-6.318312589610204e-05,nan,BLOCKED mode=STANDBY estop=False external_stop=False,False
7.7,1,nan,nan,nan,1.4437653797914729e-05,3.551654705778293e-06,-6.318312589610204e-05,nan,BLOCKED mode=STANDBY estop=False external_stop=False,False
7.800000000000001,1,nan,nan,nan,1.4437519532908223e-05,3.551660391360379e-06,-6.318430920591698e-05,nan,BLOCKED mode=STANDBY estop=False external_stop=False,False
7.800000000000001,1,nan,nan,nan,1.4437519532908223e-05,3.551660391360379e-06,-6.318430920591698e-05,nan,BLOCKED mode=STANDBY estop=False external_stop=False,False
7.9,1,nan,nan,nan,1.443739125771495e-05,3.551665822506374e-06,-6.318543928998716e-05,nan,BLOCKED mode=STANDBY estop=False external_stop=False,False
7.9,1,nan,nan,nan,1.443739125771495e-05,3.551665822506374e-06,-6.318543928998716e-05,nan,BLOCKED mode=STANDBY estop=False external_stop=False,False
8.0,1,nan,nan,nan,1.443726870030775e-05,3.5516710107935508e-06,-6.318651857180517e-05,nan,BLOCKED mode=STANDBY estop=False external_stop=False,False
8.0,1,nan,nan,nan,1.443726870030775e-05,3.5516710107935508e-06,-6.318651857180517e-05,nan,BLOCKED mode=STANDBY estop=False external_stop=False,False
8.1,1,nan,nan,nan,1.443715160108302e-05,3.5516759672518673e-06,-6.318754936400789e-05,nan,BLOCKED mode=STANDBY estop=False external_stop=False,False
8.1,1,nan,nan,nan,1.443715160108302e-05,3.5516759672518673e-06,-6.318754936400789e-05,nan,BLOCKED mode=STANDBY estop=False external_stop=False,False
8.200000000000001,1,nan,nan,nan,1.443703971229484e-05,3.551680702425592e-06,-6.318853387358714e-05,nan,BLOCKED mode=STANDBY estop=False external_stop=False,False
8.200000000000001,1,nan,nan,nan,1.443703971229484e-05,3.551680702425592e-06,-6.318853387358714e-05,nan,BLOCKED mode=STANDBY estop=False external_stop=False,False
8.3,1,nan,nan,nan,1.4436932797502843e-05,3.551685226370168e-06,-6.318947420661241e-05,nan,BLOCKED mode=STANDBY estop=False external_stop=False,False
8.3,1,nan,nan,nan,1.4436932797502843e-05,3.551685226370168e-06,-6.318947420661241e-05,nan,BLOCKED mode=STANDBY estop=False external_stop=False,False
8.4,1,nan,nan,nan,1.4436830631066326e-05,3.551689548671351e-06,-6.319037237302564e-05,nan,BLOCKED mode=STANDBY estop=False external_stop=False,False
8.4,1,nan,nan,nan,1.4436830631066326e-05,3.551689548671351e-06,-6.319037237302564e-05,nan,BLOCKED mode=STANDBY estop=False external_stop=False,False
8.5,1,nan,nan,nan,1.4436732997640927e-05,3.5516936784898336e-06,-6.319123029097352e-05,nan,BLOCKED mode=STANDBY estop=False external_stop=False,False
8.5,1,nan,nan,nan,1.4436732997640927e-05,3.5516936784898336e-06,-6.319123029097352e-05,nan,BLOCKED mode=STANDBY estop=False external_stop=False,False
8.600000000000001,1,nan,nan,nan,1.4436639681780294e-05,3.551697625095042e-06,-6.319204996599967e-05,nan,BLOCKED mode=STANDBY estop=False external_stop=False,False
8.600000000000001,1,nan,nan,nan,1.4436639681780294e-05,3.551697625095042e-06,-6.319204996599967e-05,nan,BLOCKED mode=STANDBY estop=False external_stop=False,False
8.700000000000001,1,nan,nan,nan,1.4436550485334752e-05,3.5517013968510472e-06,-6.319283314183119e-05,nan,BLOCKED mode=STANDBY estop=False external_stop=False,False
8.700000000000001,1,nan,nan,nan,1.4436550485334752e-05,3.5517013968510472e-06,-6.319283314183119e-05,nan,BLOCKED mode=STANDBY estop=False external_stop=False,False
8.8,1,nan,nan,nan,1.4436465229821054e-05,3.551705001296391e-06,-6.319358133651716e-05,nan,BLOCKED mode=STANDBY estop=False external_stop=False,False
8.8,1,nan,nan,nan,1.4436465229821054e-05,3.551705001296391e-06,-6.319358133651716e-05,nan,BLOCKED mode=STANDBY estop=False external_stop=False,False
8.9,1,nan,nan,nan,1.4436383736930107e-05,3.551708446000161e-06,-6.3194296138184e-05,nan,BLOCKED mode=STANDBY estop=False external_stop=False,False
8.9,1,nan,nan,nan,1.4436383736930107e-05,3.551708446000161e-06,-6.3194296138184e-05,nan,BLOCKED mode=STANDBY estop=False external_stop=False,False
9.0,1,nan,nan,nan,1.4436305836466075e-05,3.5517117382049212e-06,-6.31949790626333e-05,nan,BLOCKED mode=STANDBY estop=False external_stop=False,False
9.0,1,nan,nan,nan,1.4436305836466075e-05,3.5517117382049212e-06,-6.31949790626333e-05,nan,BLOCKED mode=STANDBY estop=False external_stop=False,False
9.100000000000001,1,nan,nan,nan,1.4436231365992942e-05,3.5517148848232165e-06,-6.319563155668686e-05,nan,BLOCKED mode=STANDBY estop=False external_stop=False,False
9.100000000000001,1,nan,nan,nan,1.4436231365992942e-05,3.5517148848232165e-06,-6.319563155668686e-05,nan,BLOCKED mode=STANDBY estop=False external_stop=False,False
9.200000000000001,1,nan,nan,nan,1.4436160170486361e-05,3.5517178924361702e-06,-6.319625500079679e-05,nan,BLOCKED mode=STANDBY estop=False external_stop=False,False
9.200000000000001,1,nan,nan,nan,1.4436160170486361e-05,3.5517178924361702e-06,-6.319625500079679e-05,nan,BLOCKED mode=STANDBY estop=False external_stop=False,False
9.3,1,nan,nan,nan,1.4436092101963468e-05,3.5517207673325035e-06,-6.319685071287213e-05,nan,BLOCKED mode=STANDBY estop=False external_stop=False,False
9.3,1,nan,nan,nan,1.4436092101963468e-05,3.5517207673325035e-06,-6.319685071287213e-05,nan,BLOCKED mode=STANDBY estop=False external_stop=False,False
9.4,1,nan,nan,nan,1.4436027019208316e-05,3.5517235155222395e-06,-6.319741995038474e-05,nan,BLOCKED mode=STANDBY estop=False external_stop=False,False
9.4,1,nan,nan,nan,1.4436027019208316e-05,3.5517235155222395e-06,-6.319741995038474e-05,nan,BLOCKED mode=STANDBY estop=False external_stop=False,False
9.5,1,nan,nan,nan,1.443596478743143e-05,3.5517261427263413e-06,-6.319796391341774e-05,nan,BLOCKED mode=STANDBY estop=False external_stop=False,False
9.5,1,nan,nan,nan,1.443596478743143e-05,3.5517261427263413e-06,-6.319796391341774e-05,nan,BLOCKED mode=STANDBY estop=False external_stop=False,False
9.600000000000001,1,nan,nan,nan,1.4435905277974425e-05,3.551728654430298e-06,-6.319848374766318e-05,nan,BLOCKED mode=STANDBY estop=False external_stop=False,False
9.600000000000001,1,nan,nan,nan,1.4435905277974425e-05,3.551728654430298e-06,-6.319848374766318e-05,nan,BLOCKED mode=STANDBY estop=False external_stop=False,False
9.700000000000001,1,nan,nan,nan,1.4435848368064826e-05,3.551731055838897e-06,-6.319898054596962e-05,nan,BLOCKED mode=STANDBY estop=False external_stop=False,False
9.700000000000001,1,nan,nan,nan,1.4435848368064826e-05,3.551731055838897e-06,-6.319898054596962e-05,nan,BLOCKED mode=STANDBY estop=False external_stop=False,False
9.8,1,nan,nan,nan,1.4435793940488853e-05,3.55173335194735e-06,-6.319945535202215e-05,nan,BLOCKED mode=STANDBY estop=False external_stop=False,False
9.8,1,nan,nan,nan,1.4435793940488853e-05,3.55173335194735e-06,-6.319945535202215e-05,nan,BLOCKED mode=STANDBY estop=False external_stop=False,False
9.9,1,nan,nan,nan,1.4435741883393509e-05,3.5517355474952175e-06,-6.319990916140189e-05,nan,BLOCKED mode=STANDBY estop=False external_stop=False,False
9.9,1,nan,nan,nan,1.4435741883393509e-05,3.5517355474952175e-06,-6.319990916140189e-05,nan,BLOCKED mode=STANDBY estop=False external_stop=False,False
10.0,1,nan,nan,nan,1.443569208999757e-05,3.551737647033608e-06,-6.320034292469704e-05,nan,BLOCKED mode=STANDBY estop=False external_stop=False,False
10.0,1,nan,nan,nan,1.443569208999757e-05,3.551737647033608e-06,-6.320034292469704e-05,nan,BLOCKED mode=STANDBY estop=False external_stop=False,False
10.100000000000001,1,nan,nan,nan,1.4435644458275214e-05,3.5517396549020853e-06,-6.320075754907216e-05,nan,BLOCKED mode=STANDBY estop=False external_stop=False,False
10.100000000000001,1,nan,nan,nan,1.4435644458275214e-05,3.5517396549020853e-06,-6.320075754907216e-05,nan,BLOCKED mode=STANDBY estop=False external_stop=False,False
10.200000000000001,1,nan,nan,nan,1.443559889085613e-05,3.551741575236464e-06,-6.320115390074288e-05,nan,BLOCKED mode=STANDBY estop=False external_stop=False,False
10.200000000000001,1,nan,nan,nan,1.443559889085613e-05,3.551741575236464e-06,-6.320115390074288e-05,nan,BLOCKED mode=STANDBY estop=False external_stop=False,False
10.3,1,nan,nan,nan,1.4435555295097539e-05,3.551743411967888e-06,-6.320153280548531e-05,nan,BLOCKED mode=STANDBY estop=False external_stop=False,False
10.3,1,nan,nan,nan,1.4435555295097539e-05,3.551743411967888e-06,-6.320153280548531e-05,nan,BLOCKED mode=STANDBY estop=False external_stop=False,False
10.4,1,nan,nan,nan,1.4435513582376297e-05,3.55174516886765e-06,-6.320189505191749e-05,nan,BLOCKED mode=STANDBY estop=False external_stop=False,False
10.4,1,nan,nan,nan,1.4435513582376297e-05,3.55174516886765e-06,-6.320189505191749e-05,nan,BLOCKED mode=STANDBY estop=False external_stop=False,False
10.5,1,nan,nan,nan,1.4435473668113702e-05,3.551746849515719e-06,-6.320224139257301e-05,nan,BLOCKED mode=STANDBY estop=False external_stop=False,False
10.5,1,nan,nan,nan,1.4435473668113702e-05,3.551746849515719e-06,-6.320224139257301e-05,nan,BLOCKED mode=STANDBY estop=False external_stop=False,False
10.600000000000001,1,nan,nan,nan,1.443543547156828e-05,3.5517484573612762e-06,-6.320257254586054e-05,nan,BLOCKED mode=STANDBY estop=False external_stop=False,False
10.600000000000001,1,nan,nan,nan,1.443543547156828e-05,3.5517484573612762e-06,-6.320257254586054e-05,nan,BLOCKED mode=STANDBY estop=False external_stop=False,False
10.700000000000001,1,nan,nan,nan,1.4435398915684907e-05,3.5517499956729694e-06,-6.320288919715269e-05,nan,BLOCKED mode=STANDBY estop=False external_stop=False,False
10.700000000000001,1,nan,nan,nan,1.4435398915684907e-05,3.5517499956729694e-06,-6.320288919715269e-05,nan,BLOCKED mode=STANDBY estop=False external_stop=False,False
10.8,1,nan,nan,nan,1.4435363926897949e-05,3.5517514675713087e-06,-6.320319200093269e-05,nan,BLOCKED mode=STANDBY estop=False external_stop=False,False
10.8,1,nan,nan,nan,1.4435363926897949e-05,3.5517514675713087e-06,-6.320319200093269e-05,nan,BLOCKED mode=STANDBY estop=False external_stop=False,False
10.9,1,nan,nan,nan,1.443533043499598e-05,3.5517528760470647e-06,-6.320348158165163e-05,nan,BLOCKED mode=STANDBY estop=False external_stop=False,False
10.9,1,nan,nan,nan,1.443533043499598e-05,3.5517528760470647e-06,-6.320348158165163e-05,nan,BLOCKED mode=STANDBY estop=False external_stop=False,False
11.0,1,nan,nan,nan,1.4435298372937982e-05,3.551754223941535e-06,-6.320375853570728e-05,nan,BLOCKED mode=STANDBY estop=False external_stop=False,False
11.0,1,nan,nan,nan,1.4435298372937982e-05,3.551754223941535e-06,-6.320375853570728e-05,nan,BLOCKED mode=STANDBY estop=False external_stop=False,False
11.100000000000001,1,nan,nan,nan,1.4435267676764299e-05,3.5517555139782323e-06,-6.32040234316914e-05,nan,BLOCKED mode=STANDBY estop=False external_stop=False,False
11.100000000000001,1,nan,nan,nan,1.4435267676764299e-05,3.5517555139782323e-06,-6.32040234316914e-05,nan,BLOCKED mode=STANDBY estop=False external_stop=False,False
11.200000000000001,1,nan,nan,nan,1.4435238285389164e-05,3.5517567487471125e-06,-6.32042768128381e-05,nan,BLOCKED mode=STANDBY estop=False external_stop=False,False
11.200000000000001,1,nan,nan,nan,1.4435238285389164e-05,3.5517567487471125e-06,-6.32042768128381e-05,nan,BLOCKED mode=STANDBY estop=False external_stop=False,False
11.3,1,nan,nan,nan,1.4435210140512786e-05,3.551757930731776e-06,-6.320451919750309e-05,nan,BLOCKED mode=STANDBY estop=False external_stop=False,False
11.3,1,nan,nan,nan,1.4435210140512786e-05,3.551757930731776e-06,-6.320451919750309e-05,nan,BLOCKED mode=STANDBY estop=False external_stop=False,False
11.4,1,nan,nan,nan,1.4435183186501158e-05,3.551759062295869e-06,-6.320475108020407e-05,nan,BLOCKED mode=STANDBY estop=False external_stop=False,False
11.4,1,nan,nan,nan,1.4435183186501158e-05,3.551759062295869e-06,-6.320475108020407e-05,nan,BLOCKED mode=STANDBY estop=False external_stop=False,False
11.5,1,nan,nan,nan,1.443515737020764e-05,3.551760145686715e-06,-6.320497293342382e-05,nan,BLOCKED mode=STANDBY estop=False external_stop=False,False
11.5,1,nan,nan,nan,1.443515737020764e-05,3.551760145686715e-06,-6.320497293342382e-05,nan,BLOCKED mode=STANDBY estop=False external_stop=False,False
11.600000000000001,1,nan,nan,nan,1.443513264092447e-05,3.551761183067645e-06,-6.32051852078171e-05,nan,BLOCKED mode=STANDBY estop=False external_stop=False,False
11.600000000000001,1,nan,nan,nan,1.443513264092447e-05,3.551761183067645e-06,-6.32051852078171e-05,nan,BLOCKED mode=STANDBY estop=False external_stop=False,False
11.700000000000001,1,nan,nan,nan,1.4435108950252804e-05,3.551762176491128e-06,-6.320538833341756e-05,nan,BLOCKED mode=STANDBY estop=False external_stop=False,False
11.700000000000001,1,nan,nan,nan,1.4435108950252804e-05,3.551762176491128e-06,-6.320538833341756e-05,nan,BLOCKED mode=STANDBY estop=False external_stop=False,False
11.8,1,nan,nan,nan,1.4435086251963044e-05,3.55176312792242e-06,-6.320558272110592e-05,nan,BLOCKED mode=STANDBY estop=False external_stop=False,False
11.8,1,nan,nan,nan,1.4435086251963044e-05,3.55176312792242e-06,-6.320558272110592e-05,nan,BLOCKED mode=STANDBY estop=False external_stop=False,False
11.9,1,nan,nan,nan,1.4435064501925898e-05,3.551764039232054e-06,-6.320576876303327e-05,nan,BLOCKED mode=STANDBY estop=False external_stop=False,False
11.9,1,nan,nan,nan,1.4435064501925898e-05,3.551764039232054e-06,-6.320576876303327e-05,nan,BLOCKED mode=STANDBY estop=False external_stop=False,False
12.0,1,nan,nan,nan,1.4435043658030436e-05,3.5517649122160097e-06,-6.320594683313441e-05,nan,BLOCKED mode=STANDBY estop=False external_stop=False,False
12.0,1,nan,nan,nan,1.4435043658030436e-05,3.5517649122160097e-06,-6.320594683313441e-05,nan,BLOCKED mode=STANDBY estop=False external_stop=False,False
12.100000000000001,1,nan,nan,nan,1.4435023680056795e-05,3.5517657485726827e-06,-6.320611728874263e-05,nan,BLOCKED mode=STANDBY estop=False external_stop=False,False
12.100000000000001,1,nan,nan,nan,1.4435023680056795e-05,3.5517657485726827e-06,-6.320611728874263e-05,nan,BLOCKED mode=STANDBY estop=False external_stop=False,False
12.200000000000001,1,nan,nan,nan,1.4435004529624065e-05,3.5517665499284973e-06,-6.320628047061851e-05,nan,BLOCKED mode=STANDBY estop=False external_stop=False,False
12.200000000000001,1,nan,nan,nan,1.4435004529624065e-05,3.5517665499284973e-06,-6.320628047061851e-05,nan,BLOCKED mode=STANDBY estop=False external_stop=False,False
12.3,1,nan,nan,nan,1.4434986170078178e-05,3.551767317849418e-06,-6.32064367042891e-05,nan,BLOCKED mode=STANDBY estop=False external_stop=False,False
12.3,1,nan,nan,nan,1.4434986170078178e-05,3.551767317849418e-06,-6.32064367042891e-05,nan,BLOCKED mode=STANDBY estop=False external_stop=False,False
12.4,1,nan,nan,nan,1.443496856643908e-05,3.5517680538351085e-06,-6.32065863002039e-05,nan,BLOCKED mode=STANDBY estop=False external_stop=False,False
12.4,1,nan,nan,nan,1.443496856643908e-05,3.5517680538351085e-06,-6.32065863002039e-05,nan,BLOCKED mode=STANDBY estop=False external_stop=False,False
12.5,1,nan,nan,nan,1.4434951685282805e-05,3.5517687592848228e-06,-6.320672955523959e-05,nan,BLOCKED mode=STANDBY estop=False external_stop=False,False
12.5,1,nan,nan,nan,1.4434951685282805e-05,3.5517687592848228e-06,-6.320672955523959e-05,nan,BLOCKED mode=STANDBY estop=False external_stop=False,False
12.600000000000001,1,nan,nan,nan,1.4434935494721558e-05,3.5517694355562573e-06,-6.320686675228686e-05,nan,BLOCKED mode=STANDBY estop=False external_stop=False,False
12.600000000000001,1,nan,nan,nan,1.4434935494721558e-05,3.5517694355562573e-06,-6.320686675228686e-05,nan,BLOCKED mode=STANDBY estop=False external_stop=False,False
12.700000000000001,1,nan,nan,nan,1.4434919964308365e-05,3.551770083943488e-06,-6.320699816152123e-05,nan,BLOCKED mode=STANDBY estop=False external_stop=False,False
12.700000000000001,1,nan,nan,nan,1.4434919964308365e-05,3.551770083943488e-06,-6.320699816152123e-05,nan,BLOCKED mode=STANDBY estop=False external_stop=False,False
12.8,1,nan,nan,nan,1.4434905064965782e-05,3.5517707056774086e-06,-6.320712404088604e-05,nan,BLOCKED mode=STANDBY estop=False external_stop=False,False
12.8,1,nan,nan,nan,1.4434905064965782e-05,3.5517707056774086e-06,-6.320712404088604e-05,nan,BLOCKED mode=STANDBY estop=False external_stop=False,False
12.9,1,nan,nan,nan,1.4434890768933161e-05,3.5517713019393866e-06,-6.320724463673786e-05,nan,BLOCKED mode=STANDBY estop=False external_stop=False,False
12.9,1,nan,nan,nan,1.4434890768933161e-05,3.5517713019393866e-06,-6.320724463673786e-05,nan,BLOCKED mode=STANDBY estop=False external_stop=False,False
13.0,1,nan,nan,nan,1.443487704969614e-05,3.551771873844107e-06,-6.320736018417291e-05,nan,BLOCKED mode=STANDBY estop=False external_stop=False,False
13.0,1,nan,nan,nan,1.443487704969614e-05,3.551771873844107e-06,-6.320736018417291e-05,nan,BLOCKED mode=STANDBY estop=False external_stop=False,False
13.100000000000001,1,nan,nan,nan,1.4434863881953155e-05,3.5517724224722066e-06,-6.320747090756635e-05,nan,BLOCKED mode=STANDBY estop=False external_stop=False,False
13.100000000000001,1,nan,nan,nan,1.4434863881953155e-05,3.5517724224722066e-06,-6.320747090756635e-05,nan,BLOCKED mode=STANDBY estop=False external_stop=False,False
13.200000000000001,1,nan,nan,nan,1.4434851241537624e-05,3.551772948856884e-06,-6.320757702115954e-05,nan,BLOCKED mode=STANDBY estop=False external_stop=False,False
13.200000000000001,1,nan,nan,nan,1.4434851241537624e-05,3.551772948856884e-06,-6.320757702115954e-05,nan,BLOCKED mode=STANDBY estop=False external_stop=False,False
13.3,1,nan,nan,nan,1.44348391053677e-05,3.551773453976477e-06,-6.320767872956041e-05,nan,BLOCKED mode=STANDBY estop=False external_stop=False,False
13.3,1,nan,nan,nan,1.44348391053677e-05,3.551773453976477e-06,-6.320767872956041e-05,nan,BLOCKED mode=STANDBY estop=False external_stop=False,False
13.4,1,nan,nan,nan,1.443482745139457e-05,3.551773938759504e-06,-6.320777622827975e-05,nan,BLOCKED mode=STANDBY estop=False external_stop=False,False
13.4,1,nan,nan,nan,1.443482745139457e-05,3.551773938759504e-06,-6.320777622827975e-05,nan,BLOCKED mode=STANDBY estop=False external_stop=False,False
13.5,1,nan,nan,nan,1.4434816258599535e-05,3.551774404107207e-06,-6.320786970336697e-05,nan,BLOCKED mode=STANDBY estop=False external_stop=False,False
13.5,1,nan,nan,nan,1.4434816258599535e-05,3.551774404107207e-06,-6.320786970336697e-05,nan,BLOCKED mode=STANDBY estop=False external_stop=False,False
13.600000000000001,1,nan,nan,nan,1.4434805506880706e-05,3.551774850860777e-06,-6.320795933288366e-05,nan,BLOCKED mode=STANDBY estop=False external_stop=False,False
13.600000000000001,1,nan,nan,nan,1.4434805506880706e-05,3.551774850860777e-06,-6.320795933288366e-05,nan,BLOCKED mode=STANDBY estop=False external_stop=False,False
13.700000000000001,1,nan,nan,nan,1.4434795177051747e-05,3.551775279837541e-06,-6.32080452867906e-05,nan,BLOCKED mode=STANDBY estop=False external_stop=False,False
13.700000000000001,1,nan,nan,nan,1.4434795177051747e-05,3.551775279837541e-06,-6.32080452867906e-05,nan,BLOCKED mode=STANDBY estop=False external_stop=False,False
13.8,1,nan,nan,nan,1.4434785250794443e-05,3.5517756918172445e-06,-6.320812772719747e-05,nan,BLOCKED mode=STANDBY estop=False external_stop=False,False
13.8,1,nan,nan,nan,1.4434785250794443e-05,3.5517756918172445e-06,-6.320812772719747e-05,nan,BLOCKED mode=STANDBY estop=False external_stop=False,False
13.9,1,nan,nan,nan,1.4434775710598668e-05,3.5517760875376535e-06,-6.320820680920284e-05,nan,BLOCKED mode=STANDBY estop=False external_stop=False,False
13.9,1,nan,nan,nan,1.4434775710598668e-05,3.5517760875376535e-06,-6.320820680920284e-05,nan,BLOCKED mode=STANDBY estop=False external_stop=False,False
14.0,1,nan,nan,nan,1.4434766539757812e-05,3.551776467714497e-06,-6.320828268054474e-05,nan,BLOCKED mode=STANDBY estop=False external_stop=False,False
14.0,1,nan,nan,nan,1.4434766539757812e-05,3.551776467714497e-06,-6.320828268054474e-05,nan,BLOCKED mode=STANDBY estop=False external_stop=False,False
14.100000000000001,1,nan,nan,nan,1.4434757722320209e-05,3.551776833019306e-06,-6.320835548240134e-05,nan,BLOCKED mode=STANDBY estop=False external_stop=False,False
14.100000000000001,1,nan,nan,nan,1.4434757722320209e-05,3.551776833019306e-06,-6.320835548240134e-05,nan,BLOCKED mode=STANDBY estop=False external_stop=False,False
14.200000000000001,1,nan,nan,nan,1.4434749243022057e-05,3.5517771840981447e-06,-6.320842534979156e-05,nan,BLOCKED mode=STANDBY estop=False external_stop=False,False
14.200000000000001,1,nan,nan,nan,1.4434749243022057e-05,3.5517771840981447e-06,-6.320842534979156e-05,nan,BLOCKED mode=STANDBY estop=False external_stop=False,False
14.3,1,nan,nan,nan,1.4434740973428546e-05,3.551777527595076e-06,-6.320849245966515e-05,nan,BLOCKED mode=STANDBY estop=False external_stop=False,False
14.3,1,nan,nan,nan,1.4434740973428546e-05,3.551777527595076e-06,-6.320849245966515e-05,nan,BLOCKED mode=STANDBY estop=False external_stop=False,False
14.4,1,nan,nan,nan,1.4434732809248519e-05,3.5517778682556364e-06,-6.32085572231015e-05,nan,BLOCKED mode=STANDBY estop=False external_stop=False,False
14.4,1,nan,nan,nan,1.4434732809248519e-05,3.5517778682556364e-06,-6.32085572231015e-05,nan,BLOCKED mode=STANDBY estop=False external_stop=False,False
14.500000000000002,1,nan,nan,nan,1.443472491590719e-05,3.5517781975030364e-06,-6.320861967762301e-05,nan,BLOCKED mode=STANDBY estop=False external_stop=False,False
14.500000000000002,1,nan,nan,nan,1.443472491590719e-05,3.5517781975030364e-06,-6.320861967762301e-05,nan,BLOCKED mode=STANDBY estop=False external_stop=False,False
14.600000000000001,1,nan,nan,nan,1.4434717282559579e-05,3.551778515820287e-06,-6.320867991988607e-05,nan,BLOCKED mode=STANDBY estop=False external_stop=False,False
14.600000000000001,1,nan,nan,nan,1.4434717282559579e-05,3.551778515820287e-06,-6.320867991988607e-05,nan,BLOCKED mode=STANDBY estop=False external_stop=False,False
14.700000000000001,1,nan,nan,nan,1.4434709898652938e-05,3.551778823657466e-06,-6.320873804299495e-05,nan,BLOCKED mode=STANDBY estop=False external_stop=False,False
14.700000000000001,1,nan,nan,nan,1.4434709898652938e-05,3.551778823657466e-06,-6.320873804299495e-05,nan,BLOCKED mode=STANDBY estop=False external_stop=False,False
14.8,1,nan,nan,nan,1.443470275411583e-05,3.5517791214316133e-06,-6.320879413555324e-05,nan,BLOCKED mode=STANDBY estop=False external_stop=False,False
14.8,1,nan,nan,nan,1.443470275411583e-05,3.5517791214316133e-06,-6.320879413555324e-05,nan,BLOCKED mode=STANDBY estop=False external_stop=False,False
14.9,1,nan,nan,nan,1.4434695839323405e-05,3.5517794095412746e-06,-6.320884828218624e-05,nan,BLOCKED mode=STANDBY estop=False external_stop=False,False
14.9,1,nan,nan,nan,1.4434695839323405e-05,3.5517794095412746e-06,-6.320884828218624e-05,nan,BLOCKED mode=STANDBY estop=False external_stop=False,False
15.000000000000002,1,nan,nan,nan,1.4434689145080975e-05,3.551779688381461e-06,-6.320890056359998e-05,nan,BLOCKED mode=STANDBY estop=False external_stop=False,False
15.000000000000002,1,nan,nan,nan,1.4434689145080975e-05,3.551779688381461e-06,-6.320890056359998e-05,nan,BLOCKED mode=STANDBY estop=False external_stop=False,False
15.100000000000001,1,nan,nan,nan,1.4434682662585265e-05,3.5517799583225323e-06,-6.320895105717691e-05,nan,BLOCKED mode=STANDBY estop=False external_stop=False,False
15.100000000000001,1,nan,nan,nan,1.4434682662585265e-05,3.5517799583225323e-06,-6.320895105717691e-05,nan,BLOCKED mode=STANDBY estop=False external_stop=False,False
15.200000000000001,1,nan,nan,nan,1.4434676383439183e-05,3.551780219725031e-06,-6.320899983648282e-05,nan,BLOCKED mode=STANDBY estop=False external_stop=False,False
15.200000000000001,1,nan,nan,nan,1.4434676383439183e-05,3.551780219725031e-06,-6.320899983648282e-05,nan,BLOCKED mode=STANDBY estop=False external_stop=False,False
15.3,1,nan,nan,nan,1.4434670299597644e-05,3.5517804729207023e-06,-6.320904697207145e-05,nan,BLOCKED mode=STANDBY estop=False external_stop=False,False
15.3,1,nan,nan,nan,1.4434670299597644e-05,3.5517804729207023e-06,-6.320904697207145e-05,nan,BLOCKED mode=STANDBY estop=False external_stop=False,False
15.4,1,nan,nan,nan,1.4434664403380348e-05,3.5517807182397427e-06,-6.320909253119338e-05,nan,BLOCKED mode=STANDBY estop=False external_stop=False,False
15.4,1,nan,nan,nan,1.4434664403380348e-05,3.5517807182397427e-06,-6.320909253119338e-05,nan,BLOCKED mode=STANDBY estop=False external_stop=False,False
15.500000000000002,1,nan,nan,nan,1.4434658687433401e-05,3.5517809559934723e-06,-6.320913657825349e-05,nan,BLOCKED mode=STANDBY estop=False external_stop=False,False
15.500000000000002,1,nan,nan,nan,1.4434658687433401e-05,3.5517809559934723e-06,-6.320913657825349e-05,nan,BLOCKED mode=STANDBY estop=False external_stop=False,False
15.600000000000001,1,nan,nan,nan,1.4434653144721382e-05,3.551781186483905e-06,-6.320917917483905e-05,nan,BLOCKED mode=STANDBY estop=False external_stop=False,False
15.600000000000001,1,nan,nan,nan,1.4434653144721382e-05,3.551781186483905e-06,-6.320917917483905e-05,nan,BLOCKED mode=STANDBY estop=False external_stop=False,False
15.700000000000001,1,nan,nan,nan,1.4434647768512242e-05,3.5517814099869753e-06,-6.320922037969e-05,nan,BLOCKED mode=STANDBY estop=False external_stop=False,False
15.700000000000001,1,nan,nan,nan,1.4434647768512242e-05,3.5517814099869753e-06,-6.320922037969e-05,nan,BLOCKED mode=STANDBY estop=False external_stop=False,False
15.8,1,nan,nan,nan,1.4434642552388587e-05,3.551781626776221e-06,-6.32092602489635e-05,nan,BLOCKED mode=STANDBY estop=False external_stop=False,False
15.8,1,nan,nan,nan,1.4434642552388587e-05,3.551781626776221e-06,-6.32092602489635e-05,nan,BLOCKED mode=STANDBY estop=False external_stop=False,False
15.9,1,nan,nan,nan,1.4434637490197623e-05,3.55178183712107e-06,-6.32092988361944e-05,nan,BLOCKED mode=STANDBY estop=False external_stop=False,False
15.9,1,nan,nan,nan,1.4434637490197623e-05,3.55178183712107e-06,-6.32092988361944e-05,nan,BLOCKED mode=STANDBY estop=False external_stop=False,False
16.0,1,nan,nan,nan,1.4434632576051415e-05,3.551782041261608e-06,-6.320933619280023e-05,nan,BLOCKED mode=STANDBY estop=False external_stop=False,False
16.0,1,nan,nan,nan,1.4434632576051415e-05,3.551782041261608e-06,-6.320933619280023e-05,nan,BLOCKED mode=STANDBY estop=False external_stop=False,False
16.1,1,nan,nan,nan,1.4434627804307082e-05,3.5517822394321584e-06,-6.320937236794649e-05,nan,BLOCKED mode=STANDBY estop=False external_stop=False,False
16.1,1,nan,nan,nan,1.4434627804307082e-05,3.5517822394321584e-06,-6.320937236794649e-05,nan,BLOCKED mode=STANDBY estop=False external_stop=False,False
16.2,1,nan,nan,nan,1.4434623169585737e-05,3.5517824318689854e-06,-6.32094074084442e-05,nan,BLOCKED mode=STANDBY estop=False external_stop=False,False
16.2,1,nan,nan,nan,1.4434623169585737e-05,3.5517824318689854e-06,-6.32094074084442e-05,nan,BLOCKED mode=STANDBY estop=False external_stop=False,False
16.3,1,nan,nan,nan,1.4434618666724532e-05,3.5517826187906285e-06,-6.320944135921768e-05,nan,BLOCKED mode=STANDBY estop=False external_stop=False,False
16.3,1,nan,nan,nan,1.4434618666724532e-05,3.5517826187906285e-06,-6.320944135921768e-05,nan,BLOCKED mode=STANDBY estop=False external_stop=False,False
16.400000000000002,1,nan,nan,nan,1.4434614290794899e-05,3.5517828004005385e-06,-6.320947426302528e-05,nan,BLOCKED mode=STANDBY estop=False external_stop=False,False
16.400000000000002,1,nan,nan,nan,1.4434614290794899e-05,3.5517828004005385e-06,-6.320947426302528e-05,nan,BLOCKED mode=STANDBY estop=False external_stop=False,False
16.5,1,nan,nan,nan,1.4434610037053312e-05,3.551782976903309e-06,-6.320950616120534e-05,nan,BLOCKED mode=STANDBY estop=False external_stop=False,False
16.5,1,nan,nan,nan,1.4434610037053312e-05,3.551782976903309e-06,-6.320950616120534e-05,nan,BLOCKED mode=STANDBY estop=False external_stop=False,False
16.6,1,nan,nan,nan,1.4434605900997707e-05,3.5517831484887057e-06,-6.32095370926614e-05,nan,BLOCKED mode=STANDBY estop=False external_stop=False,False
16.6,1,nan,nan,nan,1.4434605900997707e-05,3.5517831484887057e-06,-6.32095370926614e-05,nan,BLOCKED mode=STANDBY estop=False external_stop=False,False
16.7,1,nan,nan,nan,1.443460187829417e-05,3.5517833153436796e-06,-6.320956709491554e-05,nan,BLOCKED mode=STANDBY estop=False external_stop=False,False
16.7,1,nan,nan,nan,1.443460187829417e-05,3.5517833153436796e-06,-6.320956709491554e-05,nan,BLOCKED mode=STANDBY estop=False external_stop=False,False
16.8,1,nan,nan,nan,1.4434597964789601e-05,3.551783477634512e-06,-6.320959620406825e-05,nan,BLOCKED mode=STANDBY estop=False external_stop=False,False
16.8,1,nan,nan,nan,1.4434597964789601e-05,3.551783477634512e-06,-6.320959620406825e-05,nan,BLOCKED mode=STANDBY estop=False external_stop=False,False
16.900000000000002,1,nan,nan,nan,1.4434594156509912e-05,3.551783635526783e-06,-6.32096244544556e-05,nan,BLOCKED mode=STANDBY estop=False external_stop=False,False
16.900000000000002,1,nan,nan,nan,1.4434594156509912e-05,3.551783635526783e-06,-6.32096244544556e-05,nan,BLOCKED mode=STANDBY estop=False external_stop=False,False
17.0,1,nan,nan,nan,1.4434590449653491e-05,3.551783789188162e-06,-6.320965187897045e-05,nan,BLOCKED mode=STANDBY estop=False external_stop=False,False
17.0,1,nan,nan,nan,1.4434590449653491e-05,3.551783789188162e-06,-6.320965187897045e-05,nan,BLOCKED mode=STANDBY estop=False external_stop=False,False
17.1,1,nan,nan,nan,1.4434586840582069e-05,3.5517839387705696e-06,-6.320967850891704e-05,nan,BLOCKED mode=STANDBY estop=False external_stop=False,False
17.1,1,nan,nan,nan,1.4434586840582069e-05,3.5517839387705696e-06,-6.320967850891704e-05,nan,BLOCKED mode=STANDBY estop=False external_stop=False,False
17.200000000000003,1,nan,nan,nan,1.4434583325811675e-05,3.551784084422428e-06,-6.32097043743691e-05,nan,BLOCKED mode=STANDBY estop=False external_stop=False,False
17.200000000000003,1,nan,nan,nan,1.4434583325811675e-05,3.551784084422428e-06,-6.32097043743691e-05,nan,BLOCKED mode=STANDBY estop=False external_stop=False,False
17.3,1,nan,nan,nan,1.4434579901991907e-05,3.5517842262840925e-06,-6.320972950420533e-05,nan,BLOCKED mode=STANDBY estop=False external_stop=False,False
17.3,1,nan,nan,nan,1.4434579901991907e-05,3.5517842262840925e-06,-6.320972950420533e-05,nan,BLOCKED mode=STANDBY estop=False external_stop=False,False
17.400000000000002,1,nan,nan,nan,1.4434576565933886e-05,3.5517843644903656e-06,-6.320975392580598e-05,nan,BLOCKED mode=STANDBY estop=False external_stop=False,False
17.400000000000002,1,nan,nan,nan,1.4434576565933886e-05,3.5517843644903656e-06,-6.320975392580598e-05,nan,BLOCKED mode=STANDBY estop=False external_stop=False,False
17.5,1,nan,nan,nan,1.4434573314549793e-05,3.5517844991743747e-06,-6.320977766572397e-05,nan,BLOCKED mode=STANDBY estop=False external_stop=False,False
17.5,1,nan,nan,nan,1.4434573314549793e-05,3.5517844991743747e-06,-6.320977766572397e-05,nan,BLOCKED mode=STANDBY estop=False external_stop=False,False
17.6,1,nan,nan,nan,1.4434570144910917e-05,3.5517846304535514e-06,-6.320980074920038e-05,nan,BLOCKED mode=STANDBY estop=False external_stop=False,False
17.6,1,nan,nan,nan,1.4434570144910917e-05,3.5517846304535514e-06,-6.320980074920038e-05,nan,BLOCKED mode=STANDBY estop=False external_stop=False,False
17.700000000000003,1,nan,nan,nan,1.4434567054195496e-05,3.551784758448287e-06,-6.320982320035745e-05,nan,BLOCKED mode=STANDBY estop=False external_stop=False,False
17.700000000000003,1,nan,nan,nan,1.4434567054195496e-05,3.551784758448287e-06,-6.320982320035745e-05,nan,BLOCKED mode=STANDBY estop=False external_stop=False,False
17.8,1,nan,nan,nan,1.443456403969993e-05,3.551784883276264e-06,-6.320984504235224e-05,nan,BLOCKED mode=STANDBY estop=False external_stop=False,False
17.8,1,nan,nan,nan,1.443456403969993e-05,3.551784883276264e-06,-6.320984504235224e-05,nan,BLOCKED mode=STANDBY estop=False external_stop=False,False
17.900000000000002,1,nan,nan,nan,1.4434561098834007e-05,3.5517850050465264e-06,-6.320986629733687e-05,nan,BLOCKED mode=STANDBY estop=False external_stop=False,False
17.900000000000002,1,nan,nan,nan,1.4434561098834007e-05,3.5517850050465264e-06,-6.320986629733687e-05,nan,BLOCKED mode=STANDBY estop=False external_stop=False,False
18.0,1,nan,nan,nan,1.4434558229108732e-05,3.5517851238581244e-06,-6.320988698658959e-05,nan,BLOCKED mode=STANDBY estop=False external_stop=False,False
18.0,1,nan,nan,nan,1.4434558229108732e-05,3.5517851238581244e-06,-6.320988698658959e-05,nan,BLOCKED mode=STANDBY estop=False external_stop=False,False
18.1,1,nan,nan,nan,1.4434555428144993e-05,3.5517852398133972e-06,-6.320990713038521e-05,nan,BLOCKED mode=STANDBY estop=False external_stop=False,False
18.1,1,nan,nan,nan,1.4434555428144993e-05,3.5517852398133972e-06,-6.320990713038521e-05,nan,BLOCKED mode=STANDBY estop=False external_stop=False,False
18.200000000000003,1,nan,nan,nan,1.443455269365974e-05,3.5517853530170242e-06,-6.320992674816681e-05,nan,BLOCKED mode=STANDBY estop=False external_stop=False,False
18.200000000000003,1,nan,nan,nan,1.443455269365974e-05,3.5517853530170242e-06,-6.320992674816681e-05,nan,BLOCKED mode=STANDBY estop=False external_stop=False,False
18.3,1,nan,nan,nan,1.4434550023450557e-05,3.551785463550318e-06,-6.320994585869433e-05,nan,BLOCKED mode=STANDBY estop=False external_stop=False,False
18.3,1,nan,nan,nan,1.4434550023450557e-05,3.551785463550318e-06,-6.320994585869433e-05,nan,BLOCKED mode=STANDBY estop=False external_stop=False,False
18.400000000000002,1,nan,nan,nan,1.443454741541433e-05,3.5517855715048527e-06,-6.320996447991623e-05,nan,BLOCKED mode=STANDBY estop=False external_stop=False,False
18.400000000000002,1,nan,nan,nan,1.443454741541433e-05,3.5517855715048527e-06,-6.320996447991623e-05,nan,BLOCKED mode=STANDBY estop=False external_stop=False,False
18.5,1,nan,nan,nan,1.4434544867535906e-05,3.5517856769653005e-06,-6.320998262879171e-05,nan,BLOCKED mode=STANDBY estop=False external_stop=False,False
18.5,1,nan,nan,nan,1.4434544867535906e-05,3.5517856769653005e-06,-6.320998262879171e-05,nan,BLOCKED mode=STANDBY estop=False external_stop=False,False
18.6,1,nan,nan,nan,1.4434542377878683e-05,3.5517857800134006e-06,-6.321000032173088e-05,nan,BLOCKED mode=STANDBY estop=False external_stop=False,False
18.6,1,nan,nan,nan,1.4434542377878683e-05,3.5517857800134006e-06,-6.321000032173088e-05,nan,BLOCKED mode=STANDBY estop=False external_stop=False,False
18.700000000000003,1,nan,nan,nan,1.4434539944589283e-05,3.5517858807318907e-06,-6.32100175744101e-05,nan,BLOCKED mode=STANDBY estop=False external_stop=False,False
18.700000000000003,1,nan,nan,nan,1.4434539944589283e-05,3.5517858807318907e-06,-6.32100175744101e-05,nan,BLOCKED mode=STANDBY estop=False external_stop=False,False
18.8,1,nan,nan,nan,1.443453756586748e-05,3.551785979196403e-06,-6.321003440208962e-05,nan,BLOCKED mode=STANDBY estop=False external_stop=False,False
18.8,1,nan,nan,nan,1.443453756586748e-05,3.551785979196403e-06,-6.321003440208962e-05,nan,BLOCKED mode=STANDBY estop=False external_stop=False,False
18.900000000000002,1,nan,nan,nan,1.443453524001467e-05,3.551786075471432e-06,-6.321005081899934e-05,nan,BLOCKED mode=STANDBY estop=False external_stop=False,False
18.900000000000002,1,nan,nan,nan,1.443453524001467e-05,3.551786075471432e-06,-6.321005081899934e-05,nan,BLOCKED mode=STANDBY estop=False external_stop=False,False
19.0,1,nan,nan,nan,1.4434532965368542e-05,3.5517861696333898e-06,-6.321006683924917e-05,nan,BLOCKED mode=STANDBY estop=False external_stop=False,False
19.0,1,nan,nan,nan,1.4434532965368542e-05,3.5517861696333898e-06,-6.321006683924917e-05,nan,BLOCKED mode=STANDBY estop=False external_stop=False,False
19.1,1,nan,nan,nan,1.4434530740358694e-05,3.5517862617395005e-06,-6.321008247589612e-05,nan,BLOCKED mode=STANDBY estop=False external_stop=False,False
19.1,1,nan,nan,nan,1.4434530740358694e-05,3.5517862617395005e-06,-6.321008247589612e-05,nan,BLOCKED mode=STANDBY estop=False external_stop=False,False
19.200000000000003,1,nan,nan,nan,1.4434528563452685e-05,3.5517863518646463e-06,-6.321009774193332e-05,nan,BLOCKED mode=STANDBY estop=False external_stop=False,False
19.200000000000003,1,nan,nan,nan,1.4434528563452685e-05,3.5517863518646463e-06,-6.321009774193332e-05,nan,BLOCKED mode=STANDBY estop=False external_stop=False,False
19.3,1,nan,nan,nan,1.4434526433193888e-05,3.5517864400630455e-06,-6.321011264958076e-05,nan,BLOCKED mode=STANDBY estop=False external_stop=False,False
19.3,1,nan,nan,nan,1.4434526433193888e-05,3.5517864400630455e-06,-6.321011264958076e-05,nan,BLOCKED mode=STANDBY estop=False external_stop=False,False
19.400000000000002,1,nan,nan,nan,1.443452434816743e-05,3.551786526392954e-06,-6.32101272106219e-05,nan,BLOCKED mode=STANDBY estop=False external_stop=False,False
19.400000000000002,1,nan,nan,nan,1.443452434816743e-05,3.551786526392954e-06,-6.32101272106219e-05,nan,BLOCKED mode=STANDBY estop=False external_stop=False,False
19.5,1,nan,nan,nan,1.4434522307038073e-05,3.551786610909496e-06,-6.321014143609169e-05,nan,BLOCKED mode=STANDBY estop=False external_stop=False,False
19.5,1,nan,nan,nan,1.4434522307038073e-05,3.551786610909496e-06,-6.321014143609169e-05,nan,BLOCKED mode=STANDBY estop=False external_stop=False,False
19.6,1,nan,nan,nan,1.4434520308503825e-05,3.5517866936725284e-06,-6.321015533691844e-05,nan,BLOCKED mode=STANDBY estop=False external_stop=False,False
19.6,1,nan,nan,nan,1.4434520308503825e-05,3.5517866936725284e-06,-6.321015533691844e-05,nan,BLOCKED mode=STANDBY estop=False external_stop=False,False
19.700000000000003,1,nan,nan,nan,1.4434518351312615e-05,3.5517867747354797e-06,-6.321016892353509e-05,nan,BLOCKED mode=STANDBY estop=False external_stop=False,False
19.700000000000003,1,nan,nan,nan,1.4434518351312615e-05,3.5517867747354797e-06,-6.321016892353509e-05,nan,BLOCKED mode=STANDBY estop=False external_stop=False,False
19.8,1,nan,nan,nan,1.4434516434270435e-05,3.5517868541479178e-06,-6.32101822058094e-05,nan,BLOCKED mode=STANDBY estop=False external_stop=False,False
19.8,1,nan,nan,nan,1.4434516434270435e-05,3.5517868541479178e-06,-6.32101822058094e-05,nan,BLOCKED mode=STANDBY estop=False external_stop=False,False
19.900000000000002,1,nan,nan,nan,1.4434514556217162e-05,3.5517869319556134e-06,-6.321019519332624e-05,nan,BLOCKED mode=STANDBY estop=False external_stop=False,False
19.900000000000002,1,nan,nan,nan,1.4434514556217162e-05,3.5517869319556134e-06,-6.321019519332624e-05,nan,BLOCKED mode=STANDBY estop=False external_stop=False,False
20.0,1,nan,nan,nan,1.4434512716032253e-05,3.551787008202657e-06,-6.3210207895494e-05,nan,BLOCKED mode=STANDBY estop=False external_stop=False,False
20.0,1,nan,nan,nan,1.4434512716032253e-05,3.551787008202657e-06,-6.3210207895494e-05,nan,BLOCKED mode=STANDBY estop=False external_stop=False,False
20.1,1,nan,nan,nan,1.4434510912656387e-05,3.55178708293684e-06,-6.321022032089655e-05,nan,BLOCKED mode=STANDBY estop=False external_stop=False,False
20.1,1,nan,nan,nan,1.4434510912656387e-05,3.55178708293684e-06,-6.321022032089655e-05,nan,BLOCKED mode=STANDBY estop=False external_stop=False,False
20.200000000000003,1,nan,nan,nan,1.4434509145055197e-05,3.5517871562031126e-06,-6.321023247812686e-05,nan,BLOCKED mode=STANDBY estop=False external_stop=False,False
20.200000000000003,1,nan,nan,nan,1.4434509145055197e-05,3.5517871562031126e-06,-6.321023247812686e-05,nan,BLOCKED mode=STANDBY estop=False external_stop=False,False
20.3,1,nan,nan,nan,1.4434507412237552e-05,3.5517872280418e-06,-6.321024437528195e-05,nan,BLOCKED mode=STANDBY estop=False external_stop=False,False
20.3,1,nan,nan,nan,1.4434507412237552e-05,3.5517872280418e-06,-6.321024437528195e-05,nan,BLOCKED mode=STANDBY estop=False external_stop=False,False
20.400000000000002,1,nan,nan,nan,1.443450571324644e-05,3.5517872984949e-06,-6.321025602025042e-05,nan,BLOCKED mode=STANDBY estop=False external_stop=False,False
20.400000000000002,1,nan,nan,nan,1.443450571324644e-05,3.5517872984949e-06,-6.321025602025042e-05,nan,BLOCKED mode=STANDBY estop=False external_stop=False,False
20.5,1,nan,nan,nan,1.4434504047164602e-05,3.5517873676016535e-06,-6.32102674204486e-05,nan,BLOCKED mode=STANDBY estop=False external_stop=False,False
20.5,1,nan,nan,nan,1.4434504047164602e-05,3.5517873676016535e-06,-6.32102674204486e-05,nan,BLOCKED mode=STANDBY estop=False external_stop=False,False
20.6,1,nan,nan,nan,1.4434502413100073e-05,3.5517874353855998e-06,-6.321027858330845e-05,nan,BLOCKED mode=STANDBY estop=False external_stop=False,False
20.6,1,nan,nan,nan,1.4434502413100073e-05,3.5517874353855998e-06,-6.321027858330845e-05,nan,BLOCKED mode=STANDBY estop=False external_stop=False,False
20.700000000000003,1,nan,nan,nan,1.4434500810196823e-05,3.551787501892937e-06,-6.321028951568089e-05,nan,BLOCKED mode=STANDBY estop=False external_stop=False,False
20.700000000000003,1,nan,nan,nan,1.4434500810196823e-05,3.551787501892937e-06,-6.321028951568089e-05,nan,BLOCKED mode=STANDBY estop=False external_stop=False,False
20.8,1,nan,nan,nan,1.4434499237636577e-05,3.5517875671594983e-06,-6.321030022422763e-05,nan,BLOCKED mode=STANDBY estop=False external_stop=False,False
20.8,1,nan,nan,nan,1.4434499237636577e-05,3.5517875671594983e-06,-6.321030022422763e-05,nan,BLOCKED mode=STANDBY estop=False external_stop=False,False
20.900000000000002,1,nan,nan,nan,1.4434497694616369e-05,3.5517876312145786e-06,-6.32103107154954e-05,nan,BLOCKED mode=STANDBY estop=False external_stop=False,False
20.900000000000002,1,nan,nan,nan,1.4434497694616369e-05,3.5517876312145786e-06,-6.32103107154954e-05,nan,BLOCKED mode=STANDBY estop=False external_stop=False,False
21.0,1,nan,nan,nan,1.4434496180370829e-05,3.551787694090888e-06,-6.321032099577015e-05,nan,BLOCKED mode=STANDBY estop=False external_stop=False,False
21.0,1,nan,nan,nan,1.4434496180370829e-05,3.551787694090888e-06,-6.321032099577015e-05,nan,BLOCKED mode=STANDBY estop=False external_stop=False,False
21.1,1,nan,nan,nan,1.4434494694164265e-05,3.5517877558207e-06,-6.321033107081756e-05,nan,BLOCKED mode=STANDBY estop=False external_stop=False,False
21.1,1,nan,nan,nan,1.4434494694164265e-05,3.5517877558207e-06,-6.321033107081756e-05,nan,BLOCKED mode=STANDBY estop=False external_stop=False,False
21.200000000000003,1,nan,nan,nan,1.4434493235278527e-05,3.5517878164386617e-06,-6.321034094655374e-05,nan,BLOCKED mode=STANDBY estop=False external_stop=False,False
21.200000000000003,1,nan,nan,nan,1.4434493235278527e-05,3.5517878164386617e-06,-6.321034094655374e-05,nan,BLOCKED mode=STANDBY estop=False external_stop=False,False
21.3,1,nan,nan,nan,1.4434491803028446e-05,3.551787875970087e-06,-6.32103506283655e-05,nan,BLOCKED mode=STANDBY estop=False external_stop=False,False
21.3,1,nan,nan,nan,1.4434491803028446e-05,3.551787875970087e-06,-6.32103506283655e-05,nan,BLOCKED mode=STANDBY estop=False external_stop=False,False
21.400000000000002,1,nan,nan,nan,1.4434490396748686e-05,3.5517879344337796e-06,-6.321036012161346e-05,nan,BLOCKED mode=STANDBY estop=False external_stop=False,False
21.400000000000002,1,nan,nan,nan,1.4434490396748686e-05,3.5517879344337796e-06,-6.321036012161346e-05,nan,BLOCKED mode=STANDBY estop=False external_stop=False,False
21.5,1,nan,nan,nan,1.4434489015792667e-05,3.551787991867831e-06,-6.321036943156654e-05,nan,BLOCKED mode=STANDBY estop=False external_stop=False,False
21.5,1,nan,nan,nan,1.4434489015792667e-05,3.551787991867831e-06,-6.321036943156654e-05,nan,BLOCKED mode=STANDBY estop=False external_stop=False,False
21.6,1,nan,nan,nan,1.443448765954742e-05,3.5517880482926802e-06,-6.321037856295906e-05,nan,BLOCKED mode=STANDBY estop=False external_stop=False,False
21.6,1,nan,nan,nan,1.443448765954742e-05,3.5517880482926802e-06,-6.321037856295906e-05,nan,BLOCKED mode=STANDBY estop=False external_stop=False,False
21.700000000000003,1,nan,nan,nan,1.443448632740514e-05,3.551788103727219e-06,-6.32103875207264e-05,nan,BLOCKED mode=STANDBY estop=False external_stop=False,False
21.700000000000003,1,nan,nan,nan,1.443448632740514e-05,3.551788103727219e-06,-6.32103875207264e-05,nan,BLOCKED mode=STANDBY estop=False external_stop=False,False
21.8,1,nan,nan,nan,1.4434485018791253e-05,3.551788158208268e-06,-6.321039630939847e-05,nan,BLOCKED mode=STANDBY estop=False external_stop=False,False
21.8,1,nan,nan,nan,1.4434485018791253e-05,3.551788158208268e-06,-6.321039630939847e-05,nan,BLOCKED mode=STANDBY estop=False external_stop=False,False
21.900000000000002,1,nan,nan,nan,1.443448373314468e-05,3.5517882117540395e-06,-6.321040493342002e-05,nan,BLOCKED mode=STANDBY estop=False external_stop=False,False
21.900000000000002,1,nan,nan,nan,1.443448373314468e-05,3.5517882117540395e-06,-6.321040493342002e-05,nan,BLOCKED mode=STANDBY estop=False external_stop=False,False
22.0,1,nan,nan,nan,1.4434482469924082e-05,3.551788264387833e-06,-6.321041339712621e-05,nan,BLOCKED mode=STANDBY estop=False external_stop=False,False
22.0,1,nan,nan,nan,1.443448234481266e-05,3.5517882696021207e-06,-6.32104142348573e-05,nan,BLOCKED mode=STANDBY estop=False external_stop=False,False
22.1,1,nan,nan,nan,1.443448122860257e-05,3.5517883161235724e-06,-6.321042170453223e-05,nan,BLOCKED mode=STANDBY estop=False external_stop=False,False
22.1,1,nan,nan,nan,1.443448122860257e-05,3.5517883161235724e-06,-6.321042170453223e-05,nan,BLOCKED mode=STANDBY estop=False external_stop=False,False
22.200000000000003,1,nan,nan,nan,1.4434480008676125e-05,3.5517883669912695e-06,-6.321042985974072e-05,nan,BLOCKED mode=STANDBY estop=False external_stop=False,False
22.200000000000003,1,nan,nan,nan,1.4434480008676125e-05,3.5517883669912695e-06,-6.321042985974072e-05,nan,BLOCKED mode=STANDBY estop=False external_stop=False,False
22.3,1,nan,nan,nan,1.4434478809646873e-05,3.551788417004421e-06,-6.321043786662767e-05,nan,BLOCKED mode=STANDBY estop=False external_stop=False,False
22.3,1,nan,nan,nan,1.4434478809646873e-05,3.551788417004421e-06,-6.321043786662767e-05,nan,BLOCKED mode=STANDBY estop=False external_stop=False,False
22.400000000000002,1,nan,nan,nan,1.4434477631044019e-05,3.5517884661884173e-06,-6.321044572881837e-05,nan,BLOCKED mode=STANDBY estop=False external_stop=False,False
22.400000000000002,1,nan,nan,nan,1.4434477631044019e-05,3.5517884661884173e-06,-6.321044572881837e-05,nan,BLOCKED mode=STANDBY estop=False external_stop=False,False
22.5,1,nan,nan,nan,1.4434476472405413e-05,3.551788514559288e-06,-6.321045344993561e-05,nan,BLOCKED mode=STANDBY estop=False external_stop=False,False
22.5,1,nan,nan,nan,1.4434476472405413e-05,3.551788514559288e-06,-6.321045344993561e-05,nan,BLOCKED mode=STANDBY estop=False external_stop=False,False
22.6,1,nan,nan,nan,1.4434475333287995e-05,3.5517885621377765e-06,-6.321046103344842e-05,nan,BLOCKED mode=STANDBY estop=False external_stop=False,False
22.6,1,nan,nan,nan,1.4434475333287995e-05,3.5517885621377765e-06,-6.321046103344842e-05,nan,BLOCKED mode=STANDBY estop=False external_stop=False,False
22.700000000000003,1,nan,nan,nan,1.443447421327026e-05,3.551788608944848e-06,-6.321046848250272e-05,nan,BLOCKED mode=STANDBY estop=False external_stop=False,False
22.700000000000003,1,nan,nan,nan,1.443447421327026e-05,3.551788608944848e-06,-6.321046848250272e-05,nan,BLOCKED mode=STANDBY estop=False external_stop=False,False
22.8,1,nan,nan,nan,1.4434473111916161e-05,3.551788654994615e-06,-6.321047580060669e-05,nan,BLOCKED mode=STANDBY estop=False external_stop=False,False
22.8,1,nan,nan,nan,1.4434473111916161e-05,3.551788654994615e-06,-6.321047580060669e-05,nan,BLOCKED mode=STANDBY estop=False external_stop=False,False
22.900000000000002,1,nan,nan,nan,1.4434472028833605e-05,3.551788700294771e-06,-6.321048299071681e-05,nan,BLOCKED mode=STANDBY estop=False external_stop=False,False
22.900000000000002,1,nan,nan,nan,1.4434472028833605e-05,3.551788700294771e-06,-6.321048299071681e-05,nan,BLOCKED mode=STANDBY estop=False external_stop=False,False
23.0,1,nan,nan,nan,1.4434470963615633e-05,3.5517887448739236e-06,-6.321049005603374e-05,nan,BLOCKED mode=STANDBY estop=False external_stop=False,False
23.0,1,nan,nan,nan,1.4434470963615633e-05,3.5517887448739236e-06,-6.321049005603374e-05,nan,BLOCKED mode=STANDBY estop=False external_stop=False,False
23.1,1,nan,nan,nan,1.443446991589185e-05,3.55178878873655e-06,-6.32104969993505e-05,nan,BLOCKED mode=STANDBY estop=False external_stop=False,False
23.1,1,nan,nan,nan,1.443446991589185e-05,3.55178878873655e-06,-6.32104969993505e-05,nan,BLOCKED mode=STANDBY estop=False external_stop=False,False
23.200000000000003,1,nan,nan,nan,1.4434468885293733e-05,3.5517888319208716e-06,-6.321050382342177e-05,nan,BLOCKED mode=STANDBY estop=False external_stop=False,False
23.200000000000003,1,nan,nan,nan,1.4434468885293733e-05,3.5517888319208716e-06,-6.321050382342177e-05,nan,BLOCKED mode=STANDBY estop=False external_stop=False,False
23.3,1,nan,nan,nan,1.4434467871460453e-05,3.5517888744146956e-06,-6.321051053103772e-05,nan,BLOCKED mode=STANDBY estop=False external_stop=False,False
23.3,1,nan,nan,nan,1.4434467871460453e-05,3.5517888744146956e-06,-6.321051053103772e-05,nan,BLOCKED mode=STANDBY estop=False external_stop=False,False
23.400000000000002,1,nan,nan,nan,1.443446687404741e-05,3.5517889162521287e-06,-6.321051712481821e-05,nan,BLOCKED mode=STANDBY estop=False external_stop=False,False
23.400000000000002,1,nan,nan,nan,1.443446687404741e-05,3.5517889162521287e-06,-6.321051712481821e-05,nan,BLOCKED mode=STANDBY estop=False external_stop=False,False
23.5,1,nan,nan,nan,1.4434465892706476e-05,3.5517889574313334e-06,-6.321052360746061e-05,nan,BLOCKED mode=STANDBY estop=False external_stop=False,False
23.5,1,nan,nan,nan,1.4434465892706476e-05,3.5517889574313334e-06,-6.321052360746061e-05,nan,BLOCKED mode=STANDBY estop=False external_stop=False,False
23.6,1,nan,nan,nan,1.4434464927116555e-05,3.551788997971456e-06,-6.321052998131617e-05,nan,BLOCKED mode=STANDBY estop=False external_stop=False,False
23.6,1,nan,nan,nan,1.4434464927116555e-05,3.551788997971456e-06,-6.321052998131617e-05,nan,BLOCKED mode=STANDBY estop=False external_stop=False,False
23.700000000000003,1,nan,nan,nan,1.4434463976952014e-05,3.5517890378909126e-06,-6.321053624889177e-05,nan,BLOCKED mode=STANDBY estop=False external_stop=False,False
23.700000000000003,1,nan,nan,nan,1.4434463976952014e-05,3.5517890378909126e-06,-6.321053624889177e-05,nan,BLOCKED mode=STANDBY estop=False external_stop=False,False
23.8,1,nan,nan,nan,1.4434463041918713e-05,3.5517890771967222e-06,-6.321054241234937e-05,nan,BLOCKED mode=STANDBY estop=False external_stop=False,False
23.8,1,nan,nan,nan,1.4434463041918713e-05,3.5517890771967222e-06,-6.321054241234937e-05,nan,BLOCKED mode=STANDBY estop=False external_stop=False,False
23.900000000000002,1,nan,nan,nan,1.443446212168856e-05,3.551789115896418e-06,-6.321054847425646e-05,nan,BLOCKED mode=STANDBY estop=False external_stop=False,False
23.900000000000002,1,nan,nan,nan,1.443446212168856e-05,3.551789115896418e-06,-6.321054847425646e-05,nan,BLOCKED mode=STANDBY estop=False external_stop=False,False
24.0,1,nan,nan,nan,1.4434461215993292e-05,3.5517891540173285e-06,-6.321055443648315e-05,nan,BLOCKED mode=STANDBY estop=False external_stop=False,False
24.0,1,nan,nan,nan,1.4434461215993292e-05,3.5517891540173285e-06,-6.321055443648315e-05,nan,BLOCKED mode=STANDBY estop=False external_stop=False,False
24.1,1,nan,nan,nan,1.4434460324530937e-05,3.5517891915553143e-06,-6.321056030138768e-05,nan,BLOCKED mode=STANDBY estop=False external_stop=False,False
24.1,1,nan,nan,nan,1.4434460324530937e-05,3.5517891915553143e-06,-6.321056030138768e-05,nan,BLOCKED mode=STANDBY estop=False external_stop=False,False
24.200000000000003,1,nan,nan,nan,1.443445944704138e-05,3.5517892285400186e-06,-6.32105660708289e-05,nan,BLOCKED mode=STANDBY estop=False external_stop=False,False
24.200000000000003,1,nan,nan,nan,1.443445944704138e-05,3.5517892285400186e-06,-6.32105660708289e-05,nan,BLOCKED mode=STANDBY estop=False external_stop=False,False
24.3,1,nan,nan,nan,1.4434458583236266e-05,3.5517892649628283e-06,-6.321057174703307e-05,nan,BLOCKED mode=STANDBY estop=False external_stop=False,False
24.3,1,nan,nan,nan,1.4434458583236266e-05,3.5517892649628283e-06,-6.321057174703307e-05,nan,BLOCKED mode=STANDBY estop=False external_stop=False,False
24.400000000000002,1,nan,nan,nan,1.4434457732864542e-05,3.5517893008444992e-06,-6.321057733175982e-05,nan,BLOCKED mode=STANDBY estop=False external_stop=False,False
24.400000000000002,1,nan,nan,nan,1.4434457732864542e-05,3.5517893008444992e-06,-6.321057733175982e-05,nan,BLOCKED mode=STANDBY estop=False external_stop=False,False
24.5,1,nan,nan,nan,1.4434456895671971e-05,3.5517893361932322e-06,-6.321058282693034e-05,nan,BLOCKED mode=STANDBY estop=False external_stop=False,False
24.5,1,nan,nan,nan,1.4434456895671971e-05,3.5517893361932322e-06,-6.321058282693034e-05,nan,BLOCKED mode=STANDBY estop=False external_stop=False,False
24.6,1,nan,nan,nan,1.4434456071398125e-05,3.551789371018983e-06,-6.321058823451105e-05,nan,BLOCKED mode=STANDBY estop=False external_stop=False,False
24.6,1,nan,nan,nan,1.4434456071398125e-05,3.551789371018983e-06,-6.321058823451105e-05,nan,BLOCKED mode=STANDBY estop=False external_stop=False,False
24.700000000000003,1,nan,nan,nan,1.4434455259817706e-05,3.5517894053399758e-06,-6.321059355599991e-05,nan,BLOCKED mode=STANDBY estop=False external_stop=False,False
24.700000000000003,1,nan,nan,nan,1.4434455259817706e-05,3.5517894053399758e-06,-6.321059355599991e-05,nan,BLOCKED mode=STANDBY estop=False external_stop=False,False
24.8,1,nan,nan,nan,1.443445446068073e-05,3.5517894391462444e-06,-6.321059879340943e-05,nan,BLOCKED mode=STANDBY estop=False external_stop=False,False
24.8,1,nan,nan,nan,1.443445446068073e-05,3.5517894391462444e-06,-6.321059879340943e-05,nan,BLOCKED mode=STANDBY estop=False external_stop=False,False
24.900000000000002,1,nan,nan,nan,1.443445367376327e-05,3.5517894724665275e-06,-6.32106039482757e-05,nan,BLOCKED mode=STANDBY estop=False external_stop=False,False
24.900000000000002,1,nan,nan,nan,1.443445367376327e-05,3.5517894724665275e-06,-6.32106039482757e-05,nan,BLOCKED mode=STANDBY estop=False external_stop=False,False
25.0,1,nan,nan,nan,1.4434452898852772e-05,3.551789505300594e-06,-6.321060902207267e-05,nan,BLOCKED mode=STANDBY estop=False external_stop=False,False
25.0,1,nan,nan,nan,1.4434452898852772e-05,3.551789505300594e-06,-6.321060902207267e-05,nan,BLOCKED mode=STANDBY estop=False external_stop=False,False
25.1,1,nan,nan,nan,1.443445213570082e-05,3.551789537657077e-06,-6.321061401683305e-05,nan,BLOCKED mode=STANDBY estop=False external_stop=False,False
25.1,1,nan,nan,nan,1.443445213570082e-05,3.551789537657077e-06,-6.321061401683305e-05,nan,BLOCKED mode=STANDBY estop=False external_stop=False,False
25.200000000000003,1,nan,nan,nan,1.4434451384117791e-05,3.5517895695587328e-06,-6.321061893369988e-05,nan,BLOCKED mode=STANDBY estop=False external_stop=False,False
25.200000000000003,1,nan,nan,nan,1.4434451384117791e-05,3.5517895695587328e-06,-6.321061893369988e-05,nan,BLOCKED mode=STANDBY estop=False external_stop=False,False
25.3,1,nan,nan,nan,1.4434450643887288e-05,3.551789600997604e-06,-6.321062377437028e-05,nan,BLOCKED mode=STANDBY estop=False external_stop=False,False
25.3,1,nan,nan,nan,1.4434450643887288e-05,3.551789600997604e-06,-6.321062377437028e-05,nan,BLOCKED mode=STANDBY estop=False external_stop=False,False
25.400000000000002,1,nan,nan,nan,1.4434449914801163e-05,3.5517896319750605e-06,-6.321062854036635e-05,nan,BLOCKED mode=STANDBY estop=False external_stop=False,False
25.400000000000002,1,nan,nan,nan,1.4434449914801163e-05,3.5517896319750605e-06,-6.321062854036635e-05,nan,BLOCKED mode=STANDBY estop=False external_stop=False,False
25.5,1,nan,nan,nan,1.4434449196684988e-05,3.5517896625223292e-06,-6.321063323276005e-05,nan,BLOCKED mode=STANDBY estop=False external_stop=False,False
25.5,1,nan,nan,nan,1.4434449196684988e-05,3.5517896625223292e-06,-6.321063323276005e-05,nan,BLOCKED mode=STANDBY estop=False external_stop=False,False
25.6,1,nan,nan,nan,1.4434448489324948e-05,3.5517896926387055e-06,-6.32106378531716e-05,nan,BLOCKED mode=STANDBY estop=False external_stop=False,False
25.6,1,nan,nan,nan,1.4434448489324948e-05,3.5517896926387055e-06,-6.32106378531716e-05,nan,BLOCKED mode=STANDBY estop=False external_stop=False,False
25.700000000000003,1,nan,nan,nan,1.4434447792508568e-05,3.5517897223145146e-06,-6.321064240346162e-05,nan,BLOCKED mode=STANDBY estop=False external_stop=False,False
25.700000000000003,1,nan,nan,nan,1.4434447792508568e-05,3.5517897223145146e-06,-6.321064240346162e-05,nan,BLOCKED mode=STANDBY estop=False external_stop=False,False
25.8,1,nan,nan,nan,1.4434447106103064e-05,3.551789751584102e-06,-6.321064688401932e-05,nan,BLOCKED mode=STANDBY estop=False external_stop=False,False
25.8,1,nan,nan,nan,1.4434447106103064e-05,3.551789751584102e-06,-6.321064688401932e-05,nan,BLOCKED mode=STANDBY estop=False external_stop=False,False
25.900000000000002,1,nan,nan,nan,1.4434446429893335e-05,3.5517897804489925e-06,-6.321065129674202e-05,nan,BLOCKED mode=STANDBY estop=False external_stop=False,False
25.900000000000002,1,nan,nan,nan,1.4434446429893335e-05,3.5517897804489925e-06,-6.321065129674202e-05,nan,BLOCKED mode=STANDBY estop=False external_stop=False,False
26.0,1,nan,nan,nan,1.4434445763704716e-05,3.551789808899359e-06,-6.321065564281356e-05,nan,BLOCKED mode=STANDBY estop=False external_stop=False,False
26.0,1,nan,nan,nan,1.4434445763704716e-05,3.551789808899359e-06,-6.321065564281356e-05,nan,BLOCKED mode=STANDBY estop=False external_stop=False,False
26.1,1,nan,nan,nan,1.4434445107391392e-05,3.5517898369581976e-06,-6.321065992303051e-05,nan,BLOCKED mode=STANDBY estop=False external_stop=False,False
26.1,1,nan,nan,nan,1.4434445107391392e-05,3.5517898369581976e-06,-6.321065992303051e-05,nan,BLOCKED mode=STANDBY estop=False external_stop=False,False
26.200000000000003,1,nan,nan,nan,1.4434444460753913e-05,3.5517898646224397e-06,-6.321066413917235e-05,nan,BLOCKED mode=STANDBY estop=False external_stop=False,False
26.200000000000003,1,nan,nan,nan,1.4434444460753913e-05,3.5517898646224397e-06,-6.321066413917235e-05,nan,BLOCKED mode=STANDBY estop=False external_stop=False,False
26.3,1,nan,nan,nan,1.4434443823661976e-05,3.5517898919072704e-06,-6.321066829171174e-05,nan,BLOCKED mode=STANDBY estop=False external_stop=False,False
26.3,1,nan,nan,nan,1.4434443823661976e-05,3.5517898919072704e-06,-6.321066829171174e-05,nan,BLOCKED mode=STANDBY estop=False external_stop=False,False
26.400000000000002,1,nan,nan,nan,1.4434443195909383e-05,3.5517899188059773e-06,-6.321067238264794e-05,nan,BLOCKED mode=STANDBY estop=False external_stop=False,False
26.400000000000002,1,nan,nan,nan,1.4434443195909383e-05,3.5517899188059773e-06,-6.321067238264794e-05,nan,BLOCKED mode=STANDBY estop=False external_stop=False,False
26.5,1,nan,nan,nan,1.4434442577384207e-05,3.551789945350159e-06,-6.32106764122586e-05,nan,BLOCKED mode=STANDBY estop=False external_stop=False,False
26.5,1,nan,nan,nan,1.4434442577384207e-05,3.551789945350159e-06,-6.32106764122586e-05,nan,BLOCKED mode=STANDBY estop=False external_stop=False,False
26.6,1,nan,nan,nan,1.4434441967904033e-05,3.551789971522937e-06,-6.321068038217863e-05,nan,BLOCKED mode=STANDBY estop=False external_stop=False,False
26.6,1,nan,nan,nan,1.4434441967904033e-05,3.551789971522937e-06,-6.321068038217863e-05,nan,BLOCKED mode=STANDBY estop=False external_stop=False,False
26.700000000000003,1,nan,nan,nan,1.4434441367333404e-05,3.5517899973357495e-06,-6.321068429312791e-05,nan,BLOCKED mode=STANDBY estop=False external_stop=False,False
26.700000000000003,1,nan,nan,nan,1.4434441367333404e-05,3.5517899973357495e-06,-6.321068429312791e-05,nan,BLOCKED mode=STANDBY estop=False external_stop=False,False
26.8,1,nan,nan,nan,1.4434440775506358e-05,3.551790022797099e-06,-6.321068814647487e-05,nan,BLOCKED mode=STANDBY estop=False external_stop=False,False
26.8,1,nan,nan,nan,1.4434440775506358e-05,3.551790022797099e-06,-6.321068814647487e-05,nan,BLOCKED mode=STANDBY estop=False external_stop=False,False
26.900000000000002,1,nan,nan,nan,1.4434440192306875e-05,3.5517900479189672e-06,-6.321069194272668e-05,nan,BLOCKED mode=STANDBY estop=False external_stop=False,False
26.900000000000002,1,nan,nan,nan,1.4434440192306875e-05,3.5517900479189672e-06,-6.321069194272668e-05,nan,BLOCKED mode=STANDBY estop=False external_stop=False,False
27.0,1,nan,nan,nan,1.4434439617598786e-05,3.551790072708284e-06,-6.321069568282152e-05,nan,BLOCKED mode=STANDBY estop=False external_stop=False,False
27.0,1,nan,nan,nan,1.4434439560585993e-05,3.551790075165921e-06,-6.321069605384839e-05,nan,BLOCKED mode=STANDBY estop=False external_stop=False,False
27.1,1,nan,nan,nan,1.4434439051187961e-05,3.5517900971319876e-06,-6.321069936874713e-05,nan,BLOCKED mode=STANDBY estop=False external_stop=False,False
27.1,1,nan,nan,nan,1.4434439051187961e-05,3.5517900971319876e-06,-6.321069936874713e-05,nan,BLOCKED mode=STANDBY estop=False external_stop=False,False
27.200000000000003,1,nan,nan,nan,1.4434438492988155e-05,3.551790121241436e-06,-6.321070300043074e-05,nan,BLOCKED mode=STANDBY estop=False external_stop=False,False
27.200000000000003,1,nan,nan,nan,1.4434438492988155e-05,3.551790121241436e-06,-6.321070300043074e-05,nan,BLOCKED mode=STANDBY estop=False external_stop=False,False
27.3,1,nan,nan,nan,1.4434437942868033e-05,3.55179014503407e-06,-6.321070657886843e-05,nan,BLOCKED mode=STANDBY estop=False external_stop=False,False
27.3,1,nan,nan,nan,1.4434437942868033e-05,3.55179014503407e-06,-6.321070657886843e-05,nan,BLOCKED mode=STANDBY estop=False external_stop=False,False
27.400000000000002,1,nan,nan,nan,1.4434437400670894e-05,3.551790168509028e-06,-6.321071010541949e-05,nan,BLOCKED mode=STANDBY estop=False external_stop=False,False
27.400000000000002,1,nan,nan,nan,1.4434437400670894e-05,3.551790168509028e-06,-6.321071010541949e-05,nan,BLOCKED mode=STANDBY estop=False external_stop=False,False
27.5,1,nan,nan,nan,1.4434436866282403e-05,3.5517901916611064e-06,-6.321071358067644e-05,nan,BLOCKED mode=STANDBY estop=False external_stop=False,False
27.5,1,nan,nan,nan,1.4434436866282403e-05,3.5517901916611064e-06,-6.321071358067644e-05,nan,BLOCKED mode=STANDBY estop=False external_stop=False,False
27.6,1,nan,nan,nan,1.443443633958158e-05,3.551790214510776e-06,-6.321071700548213e-05,nan,BLOCKED mode=STANDBY estop=False external_stop=False,False
27.6,1,nan,nan,nan,1.443443633958158e-05,3.551790214510776e-06,-6.321071700548213e-05,nan,BLOCKED mode=STANDBY estop=False external_stop=False,False
27.700000000000003,1,nan,nan,nan,1.4434435820420112e-05,3.5517902370462786e-06,-6.321072038111377e-05,nan,BLOCKED mode=STANDBY estop=False external_stop=False,False
27.700000000000003,1,nan,nan,nan,1.4434435820420112e-05,3.5517902370462786e-06,-6.321072038111377e-05,nan,BLOCKED mode=STANDBY estop=False external_stop=False,False
27.8,1,nan,nan,nan,1.4434435308729575e-05,3.5517902593023077e-06,-6.321072370747986e-05,nan,BLOCKED mode=STANDBY estop=False external_stop=False,False
27.8,1,nan,nan,nan,1.4434435257966474e-05,3.5517902615117364e-06,-6.321072403738978e-05,nan,BLOCKED mode=STANDBY estop=False external_stop=False,False
27.900000000000002,1,nan,nan,nan,1.4434434804381989e-05,3.5517902812588916e-06,-6.321072698558794e-05,nan,BLOCKED mode=STANDBY estop=False external_stop=False,False
27.900000000000002,1,nan,nan,nan,1.4434434804381989e-05,3.5517902812588916e-06,-6.321072698558794e-05,nan,BLOCKED mode=STANDBY estop=False external_stop=False,False
28.0,1,nan,nan,nan,1.4434434307200364e-05,3.551790302910764e-06,-6.321073021738191e-05,nan,BLOCKED mode=STANDBY estop=False external_stop=False,False
28.0,1,nan,nan,nan,1.4434434307200364e-05,3.551790302910764e-06,-6.321073021738191e-05,nan,BLOCKED mode=STANDBY estop=False external_stop=False,False
28.1,1,nan,nan,nan,1.4434433817115402e-05,3.5517903242792592e-06,-6.32107334027251e-05,nan,BLOCKED mode=STANDBY estop=False external_stop=False,False
28.1,1,nan,nan,nan,1.4434433817115402e-05,3.5517903242792592e-06,-6.32107334027251e-05,nan,BLOCKED mode=STANDBY estop=False external_stop=False,False
28.200000000000003,1,nan,nan,nan,1.4434433334042002e-05,3.551790345390074e-06,-6.321073654192882e-05,nan,BLOCKED mode=STANDBY estop=False external_stop=False,False
28.200000000000003,1,nan,nan,nan,1.4434433334042002e-05,3.551790345390074e-06,-6.321073654192882e-05,nan,BLOCKED mode=STANDBY estop=False external_stop=False,False
28.3,1,nan,nan,nan,1.4434432857867132e-05,3.551790366215753e-06,-6.321073963589773e-05,nan,BLOCKED mode=STANDBY estop=False external_stop=False,False
28.3,1,nan,nan,nan,1.4434432857867132e-05,3.551790366215753e-06,-6.321073963589773e-05,nan,BLOCKED mode=STANDBY estop=False external_stop=False,False
28.400000000000002,1,nan,nan,nan,1.443443238842101e-05,3.551790386755198e-06,-6.32107426865055e-05,nan,BLOCKED mode=STANDBY estop=False external_stop=False,False
28.400000000000002,1,nan,nan,nan,1.443443238842101e-05,3.551790386755198e-06,-6.32107426865055e-05,nan,BLOCKED mode=STANDBY estop=False external_stop=False,False
28.5,1,nan,nan,nan,1.443443192563145e-05,3.5517904070291943e-06,-6.321074569371301e-05,nan,BLOCKED mode=STANDBY estop=False external_stop=False,False
28.5,1,nan,nan,nan,1.443443192563145e-05,3.5517904070291943e-06,-6.321074569371301e-05,nan,BLOCKED mode=STANDBY estop=False external_stop=False,False
28.6,1,nan,nan,nan,1.4434431469413455e-05,3.551790427044074e-06,-6.321074865800594e-05,nan,BLOCKED mode=STANDBY estop=False external_stop=False,False
28.6,1,nan,nan,nan,1.4434431469413455e-05,3.551790427044074e-06,-6.321074865800594e-05,nan,BLOCKED mode=STANDBY estop=False external_stop=False,False
28.700000000000003,1,nan,nan,nan,1.4434431019676584e-05,3.551790446820952e-06,-6.3210751579833e-05,nan,BLOCKED mode=STANDBY estop=False external_stop=False,False
28.700000000000003,1,nan,nan,nan,1.4434431019676584e-05,3.551790446820952e-06,-6.3210751579833e-05,nan,BLOCKED mode=STANDBY estop=False external_stop=False,False
28.8,1,nan,nan,nan,1.443443057630371e-05,3.5517904663252293e-06,-6.321075446021017e-05,nan,BLOCKED mode=STANDBY estop=False external_stop=False,False
28.8,1,nan,nan,nan,1.443443057630371e-05,3.5517904663252293e-06,-6.321075446021017e-05,nan,BLOCKED mode=STANDBY estop=False external_stop=False,False
28.900000000000002,1,nan,nan,nan,1.4434430139177524e-05,3.5517904855633876e-06,-6.32107573002544e-05,nan,BLOCKED mode=STANDBY estop=False external_stop=False,False
28.900000000000002,1,nan,nan,nan,1.4434430139177524e-05,3.5517904855633876e-06,-6.32107573002544e-05,nan,BLOCKED mode=STANDBY estop=False external_stop=False,False
29.000000000000004,1,nan,nan,nan,1.4434429708215509e-05,3.551790504558419e-06,-6.32107601002396e-05,nan,BLOCKED mode=STANDBY estop=False external_stop=False,False
29.000000000000004,1,nan,nan,nan,1.4434429708215509e-05,3.551790504558419e-06,-6.32107601002396e-05,nan,BLOCKED mode=STANDBY estop=False external_stop=False,False
29.1,1,nan,nan,nan,1.4434429283332448e-05,3.5517905233248046e-06,-6.321076286057472e-05,nan,BLOCKED mode=STANDBY estop=False external_stop=False,False
29.1,1,nan,nan,nan,1.4434429283332448e-05,3.5517905233248046e-06,-6.321076286057472e-05,nan,BLOCKED mode=STANDBY estop=False external_stop=False,False
29.200000000000003,1,nan,nan,nan,1.4434428864452548e-05,3.5517905418651064e-06,-6.321076558167638e-05,nan,BLOCKED mode=STANDBY estop=False external_stop=False,False
29.200000000000003,1,nan,nan,nan,1.4434428864452548e-05,3.5517905418651064e-06,-6.321076558167638e-05,nan,BLOCKED mode=STANDBY estop=False external_stop=False,False
29.3,1,nan,nan,nan,1.4434428451472139e-05,3.5517905601468426e-06,-6.321076826451228e-05,nan,BLOCKED mode=STANDBY estop=False external_stop=False,False
29.3,1,nan,nan,nan,1.4434428451472139e-05,3.5517905601468426e-06,-6.321076826451228e-05,nan,BLOCKED mode=STANDBY estop=False external_stop=False,False
29.400000000000002,1,nan,nan,nan,1.4434428044283862e-05,3.551790578189687e-06,-6.321077090988294e-05,nan,BLOCKED mode=STANDBY estop=False external_stop=False,False
29.400000000000002,1,nan,nan,nan,1.4434428044283862e-05,3.551790578189687e-06,-6.321077090988294e-05,nan,BLOCKED mode=STANDBY estop=False external_stop=False,False
29.500000000000004,1,nan,nan,nan,1.4434427642808339e-05,3.5517905960074507e-06,-6.321077351822903e-05,nan,BLOCKED mode=STANDBY estop=False external_stop=False,False
29.500000000000004,1,nan,nan,nan,1.4434427642808339e-05,3.5517905960074507e-06,-6.321077351822903e-05,nan,BLOCKED mode=STANDBY estop=False external_stop=False,False
29.6,1,nan,nan,nan,1.4434427246941105e-05,3.551790613602103e-06,-6.321077609041017e-05,nan,BLOCKED mode=STANDBY estop=False external_stop=False,False
29.6,1,nan,nan,nan,1.4434427246941105e-05,3.551790613602103e-06,-6.321077609041017e-05,nan,BLOCKED mode=STANDBY estop=False external_stop=False,False
29.700000000000003,1,nan,nan,nan,1.4434426856634792e-05,3.55179063097578e-06,-6.321077862630136e-05,nan,BLOCKED mode=STANDBY estop=False external_stop=False,False
29.700000000000003,1,nan,nan,nan,1.4434426856634792e-05,3.55179063097578e-06,-6.321077862630136e-05,nan,BLOCKED mode=STANDBY estop=False external_stop=False,False
29.8,1,nan,nan,nan,1.4434426471821356e-05,3.551790648141391e-06,-6.321078112633827e-05,nan,BLOCKED mode=STANDBY estop=False external_stop=False,False
29.8,1,nan,nan,nan,1.4434426471821356e-05,3.551790648141391e-06,-6.321078112633827e-05,nan,BLOCKED mode=STANDBY estop=False external_stop=False,False
29.900000000000002,1,nan,nan,nan,1.443442609240486e-05,3.551790665084418e-06,-6.321078359129764e-05,nan,BLOCKED mode=STANDBY estop=False external_stop=False,False
29.900000000000002,1,nan,nan,nan,1.443442609240486e-05,3.551790665084418e-06,-6.321078359129764e-05,nan,BLOCKED mode=STANDBY estop=False external_stop=False,False
30.000000000000004,1,nan,nan,nan,1.4434425718265147e-05,3.551790681808947e-06,-6.321078602244548e-05,nan,BLOCKED mode=STANDBY estop=False external_stop=False,False
30.000000000000004,1,nan,nan,nan,1.4434425718265147e-05,3.551790681808947e-06,-6.321078602244548e-05,nan,BLOCKED mode=STANDBY estop=False external_stop=False,False
30.1,1,nan,nan,nan,1.4434425349331438e-05,3.55179069832609e-06,-6.321078842010968e-05,nan,BLOCKED mode=STANDBY estop=False external_stop=False,False
30.1,1,nan,nan,nan,1.4434425349331438e-05,3.55179069832609e-06,-6.321078842010968e-05,nan,BLOCKED mode=STANDBY estop=False external_stop=False,False
30.200000000000003,1,nan,nan,nan,1.4434424985533811e-05,3.551790714634235e-06,-6.321079078460722e-05,nan,BLOCKED mode=STANDBY estop=False external_stop=False,False
30.200000000000003,1,nan,nan,nan,1.4434424985533811e-05,3.551790714634235e-06,-6.321079078460722e-05,nan,BLOCKED mode=STANDBY estop=False external_stop=False,False
30.3,1,nan,nan,nan,1.4434424626803813e-05,3.551790730739258e-06,-6.321079311618224e-05,nan,BLOCKED mode=STANDBY estop=False external_stop=False,False
30.3,1,nan,nan,nan,1.4434424626803813e-05,3.551790730739258e-06,-6.321079311618224e-05,nan,BLOCKED mode=STANDBY estop=False external_stop=False,False
30.400000000000002,1,nan,nan,nan,1.4434424273095488e-05,3.551790746647058e-06,-6.321079541503305e-05,nan,BLOCKED mode=STANDBY estop=False external_stop=False,False
30.400000000000002,1,nan,nan,nan,1.4434424273095488e-05,3.551790746647058e-06,-6.321079541503305e-05,nan,BLOCKED mode=STANDBY estop=False external_stop=False,False
30.500000000000004,1,nan,nan,nan,1.4434423924319462e-05,3.5517907623578877e-06,-6.321079768179602e-05,nan,BLOCKED mode=STANDBY estop=False external_stop=False,False
30.500000000000004,1,nan,nan,nan,1.4434423924319462e-05,3.5517907623578877e-06,-6.321079768179602e-05,nan,BLOCKED mode=STANDBY estop=False external_stop=False,False
30.6,1,nan,nan,nan,1.4434423580417274e-05,3.5517907778843858e-06,-6.32107999169664e-05,nan,BLOCKED mode=STANDBY estop=False external_stop=False,False
30.6,1,nan,nan,nan,1.4434423580417274e-05,3.5517907778843858e-06,-6.32107999169664e-05,nan,BLOCKED mode=STANDBY estop=False external_stop=False,False
30.700000000000003,1,nan,nan,nan,1.44344232412693e-05,3.5517907932170335e-06,-6.321080212168957e-05,nan,BLOCKED mode=STANDBY estop=False external_stop=False,False
30.700000000000003,1,nan,nan,nan,1.44344232412693e-05,3.5517907932170335e-06,-6.321080212168957e-05,nan,BLOCKED mode=STANDBY estop=False external_stop=False,False
30.8,1,nan,nan,nan,1.4434422906802498e-05,3.551790808356616e-06,-6.321080429660137e-05,nan,BLOCKED mode=STANDBY estop=False external_stop=False,False
30.8,1,nan,nan,nan,1.4434422906802498e-05,3.551790808356616e-06,-6.321080429660137e-05,nan,BLOCKED mode=STANDBY estop=False external_stop=False,False
30.900000000000002,1,nan,nan,nan,1.4434422576954116e-05,3.551790823306849e-06,-6.321080644173164e-05,nan,BLOCKED mode=STANDBY estop=False external_stop=False,False
30.900000000000002,1,nan,nan,nan,1.4434422576954116e-05,3.551790823306849e-06,-6.321080644173164e-05,nan,BLOCKED mode=STANDBY estop=False external_stop=False,False
31.000000000000004,1,nan,nan,nan,1.4434422251673935e-05,3.5517908380632014e-06,-6.321080855735574e-05,nan,BLOCKED mode=STANDBY estop=False external_stop=False,False
31.000000000000004,1,nan,nan,nan,1.4434422251673935e-05,3.5517908380632014e-06,-6.321080855735574e-05,nan,BLOCKED mode=STANDBY estop=False external_stop=False,False
31.1,1,nan,nan,nan,1.4434421930896061e-05,3.5517908526457465e-06,-6.321081064389672e-05,nan,BLOCKED mode=STANDBY estop=False external_stop=False,False
31.1,1,nan,nan,nan,1.4434421930896061e-05,3.5517908526457465e-06,-6.321081064389672e-05,nan,BLOCKED mode=STANDBY estop=False external_stop=False,False
31.200000000000003,1,nan,nan,nan,1.4434421614594675e-05,3.5517908670496523e-06,-6.321081270102555e-05,nan,BLOCKED mode=STANDBY estop=False external_stop=False,False
31.200000000000003,1,nan,nan,nan,1.4434421614594675e-05,3.5517908670496523e-06,-6.321081270102555e-05,nan,BLOCKED mode=STANDBY estop=False external_stop=False,False
31.3,1,nan,nan,nan,1.4434421302674267e-05,3.551790881284893e-06,-6.321081472993689e-05,nan,BLOCKED mode=STANDBY estop=False external_stop=False,False
31.3,1,nan,nan,nan,1.4434421302674267e-05,3.551790881284893e-06,-6.321081472993689e-05,nan,BLOCKED mode=STANDBY estop=False external_stop=False,False
31.400000000000002,1,nan,nan,nan,1.4434420995077274e-05,3.5517908953677048e-06,-6.321081673081305e-05,nan,BLOCKED mode=STANDBY estop=False external_stop=False,False
31.400000000000002,1,nan,nan,nan,1.4434420995077274e-05,3.5517908953677048e-06,-6.321081673081305e-05,nan,BLOCKED mode=STANDBY estop=False external_stop=False,False
31.500000000000004,1,nan,nan,nan,1.4434420691727747e-05,3.5517909092934317e-06,-6.321081870440756e-05,nan,BLOCKED mode=STANDBY estop=False external_stop=False,False
31.500000000000004,1,nan,nan,nan,1.4434420691727747e-05,3.5517909092934317e-06,-6.321081870440756e-05,nan,BLOCKED mode=STANDBY estop=False external_stop=False,False
31.6,1,nan,nan,nan,1.4434420392565564e-05,3.551790923039403e-06,-6.32108206509935e-05,nan,BLOCKED mode=STANDBY estop=False external_stop=False,False
31.6,1,nan,nan,nan,1.4434420392565564e-05,3.551790923039403e-06,-6.32108206509935e-05,nan,BLOCKED mode=STANDBY estop=False external_stop=False,False
31.700000000000003,1,nan,nan,nan,1.4434420097492027e-05,3.551790936605746e-06,-6.321082257168408e-05,nan,BLOCKED mode=STANDBY estop=False external_stop=False,False
31.700000000000003,1,nan,nan,nan,1.4434420097492027e-05,3.551790936605746e-06,-6.321082257168408e-05,nan,BLOCKED mode=STANDBY estop=False external_stop=False,False
31.8,1,nan,nan,nan,1.4434419806482018e-05,3.5517909499806817e-06,-6.321082446618388e-05,nan,BLOCKED mode=STANDBY estop=False external_stop=False,False
31.8,1,nan,nan,nan,1.4434419806482018e-05,3.5517909499806817e-06,-6.321082446618388e-05,nan,BLOCKED mode=STANDBY estop=False external_stop=False,False
31.900000000000002,1,nan,nan,nan,1.4434419519478487e-05,3.5517909631976212e-06,-6.32108263348005e-05,nan,BLOCKED mode=STANDBY estop=False external_stop=False,False
31.900000000000002,1,nan,nan,nan,1.4434419519478487e-05,3.5517909631976212e-06,-6.32108263348005e-05,nan,BLOCKED mode=STANDBY estop=False external_stop=False,False
32.0,1,nan,nan,nan,1.443441923642799e-05,3.5517909762538963e-06,-6.321082817785088e-05,nan,BLOCKED mode=STANDBY estop=False external_stop=False,False
32.0,1,nan,nan,nan,1.443441923642799e-05,3.5517909762538963e-06,-6.321082817785088e-05,nan,BLOCKED mode=STANDBY estop=False external_stop=False,False
32.1,1,nan,nan,nan,1.4434418957261693e-05,3.5517909891633637e-06,-6.321082999599661e-05,nan,BLOCKED mode=STANDBY estop=False external_stop=False,False
32.1,1,nan,nan,nan,1.4434418957261693e-05,3.5517909891633637e-06,-6.321082999599661e-05,nan,BLOCKED mode=STANDBY estop=False external_stop=False,False
32.2,1,nan,nan,nan,1.4434418681947465e-05,3.551791001931443e-06,-6.321083178922037e-05,nan,BLOCKED mode=STANDBY estop=False external_stop=False,False
32.2,1,nan,nan,nan,1.4434418681947465e-05,3.551791001931443e-06,-6.321083178922037e-05,nan,BLOCKED mode=STANDBY estop=False external_stop=False,False
32.300000000000004,1,nan,nan,nan,1.4434418410412047e-05,3.5517910145660283e-06,-6.321083355813758e-05,nan,BLOCKED mode=STANDBY estop=False external_stop=False,False
32.300000000000004,1,nan,nan,nan,1.4434418410412047e-05,3.5517910145660283e-06,-6.321083355813758e-05,nan,BLOCKED mode=STANDBY estop=False external_stop=False,False
32.4,1,nan,nan,nan,1.443441814261909e-05,3.551791027065208e-06,-6.321083530278888e-05,nan,BLOCKED mode=STANDBY estop=False external_stop=False,False
32.4,1,nan,nan,nan,1.443441814261909e-05,3.551791027065208e-06,-6.321083530278888e-05,nan,BLOCKED mode=STANDBY estop=False external_stop=False,False
32.5,1,nan,nan,nan,1.4434417878494633e-05,3.551791039406821e-06,-6.32108370238697e-05,nan,BLOCKED mode=STANDBY estop=False external_stop=False,False
32.5,1,nan,nan,nan,1.4434417878494633e-05,3.551791039406821e-06,-6.32108370238697e-05,nan,BLOCKED mode=STANDBY estop=False external_stop=False,False
32.6,1,nan,nan,nan,1.443441761800385e-05,3.551791051587977e-06,-6.321083872145348e-05,nan,BLOCKED mode=STANDBY estop=False external_stop=False,False
32.6,1,nan,nan,nan,1.443441761800385e-05,3.551791051587977e-06,-6.321083872145348e-05,nan,BLOCKED mode=STANDBY estop=False external_stop=False,False
32.7,1,nan,nan,nan,1.4434417361094174e-05,3.551791063623092e-06,-6.321084039587088e-05,nan,BLOCKED mode=STANDBY estop=False external_stop=False,False
32.7,1,nan,nan,nan,1.4434417361094174e-05,3.551791063623092e-06,-6.321084039587088e-05,nan,BLOCKED mode=STANDBY estop=False external_stop=False,False
32.800000000000004,1,nan,nan,nan,1.4434417107698867e-05,3.5517910755017056e-06,-6.321084204774182e-05,nan,BLOCKED mode=STANDBY estop=False external_stop=False,False
32.800000000000004,1,nan,nan,nan,1.4434417107698867e-05,3.5517910755017056e-06,-6.321084204774182e-05,nan,BLOCKED mode=STANDBY estop=False external_stop=False,False
32.9,1,nan,nan,nan,1.4434416857785682e-05,3.551791087240462e-06,-6.321084367709945e-05,nan,BLOCKED mode=STANDBY estop=False external_stop=False,False
32.9,1,nan,nan,nan,1.4434416857785682e-05,3.551791087240462e-06,-6.321084367709945e-05,nan,BLOCKED mode=STANDBY estop=False external_stop=False,False
33.0,1,nan,nan,nan,1.4434416611277971e-05,3.5517910988534095e-06,-6.321084528474817e-05,nan,BLOCKED mode=STANDBY estop=False external_stop=False,False
33.0,1,nan,nan,nan,1.4434416611277971e-05,3.5517910988534095e-06,-6.321084528474817e-05,nan,BLOCKED mode=STANDBY estop=False external_stop=False,False
33.1,1,nan,nan,nan,1.4434416368114052e-05,3.5517911103334004e-06,-6.32108468712513e-05,nan,BLOCKED mode=STANDBY estop=False external_stop=False,False
33.1,1,nan,nan,nan,1.4434416368114052e-05,3.5517911103334004e-06,-6.32108468712513e-05,nan,BLOCKED mode=STANDBY estop=False external_stop=False,False
33.2,1,nan,nan,nan,1.4434416128250963e-05,3.5517911216805197e-06,-6.32108484368011e-05,nan,BLOCKED mode=STANDBY estop=False external_stop=False,False
33.2,1,nan,nan,nan,1.4434416128250963e-05,3.5517911216805197e-06,-6.32108484368011e-05,nan,BLOCKED mode=STANDBY estop=False external_stop=False,False
33.300000000000004,1,nan,nan,nan,1.4434415891670479e-05,3.5517911329119555e-06,-6.321084998098027e-05,nan,BLOCKED mode=STANDBY estop=False external_stop=False,False
33.300000000000004,1,nan,nan,nan,1.4434415891670479e-05,3.5517911329119555e-06,-6.321084998098027e-05,nan,BLOCKED mode=STANDBY estop=False external_stop=False,False
33.4,1,nan,nan,nan,1.4434415658315505e-05,3.5517911440149367e-06,-6.321085150441018e-05,nan,BLOCKED mode=STANDBY estop=False external_stop=False,False
33.4,1,nan,nan,nan,1.4434415658315505e-05,3.5517911440149367e-06,-6.321085150441018e-05,nan,BLOCKED mode=STANDBY estop=False external_stop=False,False
33.5,1,nan,nan,nan,1.4434415428144936e-05,3.5517911549822557e-06,-6.321085300739794e-05,nan,BLOCKED mode=STANDBY estop=False external_stop=False,False
33.5,1,nan,nan,nan,1.4434415428144936e-05,3.5517911549822557e-06,-6.321085300739794e-05,nan,BLOCKED mode=STANDBY estop=False external_stop=False,False
33.6,1,nan,nan,nan,1.4434415201115068e-05,3.5517911658211972e-06,-6.321085449001753e-05,nan,BLOCKED mode=STANDBY estop=False external_stop=False,False
33.6,1,nan,nan,nan,1.4434415201115068e-05,3.5517911658211972e-06,-6.321085449001753e-05,nan,BLOCKED mode=STANDBY estop=False external_stop=False,False
33.7,1,nan,nan,nan,1.4434414977167303e-05,3.5517911765200102e-06,-6.321085595293986e-05,nan,BLOCKED mode=STANDBY estop=False external_stop=False,False
33.7,1,nan,nan,nan,1.4434414977167303e-05,3.5517911765200102e-06,-6.321085595293986e-05,nan,BLOCKED mode=STANDBY estop=False external_stop=False,False
33.800000000000004,1,nan,nan,nan,1.443441475628424e-05,3.551791187093466e-06,-6.321085739598396e-05,nan,BLOCKED mode=STANDBY estop=False external_stop=False,False
33.800000000000004,1,nan,nan,nan,1.443441475628424e-05,3.551791187093466e-06,-6.321085739598396e-05,nan,BLOCKED mode=STANDBY estop=False external_stop=False,False
33.9,1,nan,nan,nan,1.4434414538401147e-05,3.55179119753933e-06,-6.321085881972984e-05,nan,BLOCKED mode=STANDBY estop=False external_stop=False,False
33.9,1,nan,nan,nan,1.4434414538401147e-05,3.55179119753933e-06,-6.321085881972984e-05,nan,BLOCKED mode=STANDBY estop=False external_stop=False,False
34.0,1,nan,nan,nan,1.4434414323489972e-05,3.5517912078767354e-06,-6.321086022446628e-05,nan,BLOCKED mode=STANDBY estop=False external_stop=False,False
34.0,1,nan,nan,nan,1.4434414323489972e-05,3.5517912078767354e-06,-6.321086022446628e-05,nan,BLOCKED mode=STANDBY estop=False external_stop=False,False
34.1,1,nan,nan,nan,1.4434414111500775e-05,3.551791218127221e-06,-6.321086161028134e-05,nan,BLOCKED mode=STANDBY estop=False external_stop=False,False
34.1,1,nan,nan,nan,1.4434414111500775e-05,3.551791218127221e-06,-6.321086161028134e-05,nan,BLOCKED mode=STANDBY estop=False external_stop=False,False
34.2,1,nan,nan,nan,1.4434413902360913e-05,3.5517912282563075e-06,-6.321086297822482e-05,nan,BLOCKED mode=STANDBY estop=False external_stop=False,False
34.2,1,nan,nan,nan,1.4434413902360913e-05,3.5517912282563075e-06,-6.321086297822482e-05,nan,BLOCKED mode=STANDBY estop=False external_stop=False,False
34.300000000000004,1,nan,nan,nan,1.4434413696088987e-05,3.551791238294122e-06,-6.32108643274052e-05,nan,BLOCKED mode=STANDBY estop=False external_stop=False,False
34.300000000000004,1,nan,nan,nan,1.4434413696088987e-05,3.551791238294122e-06,-6.32108643274052e-05,nan,BLOCKED mode=STANDBY estop=False external_stop=False,False
34.400000000000006,1,nan,nan,nan,1.4434413492612091e-05,3.5517912482184253e-06,-6.321086565865111e-05,nan,BLOCKED mode=STANDBY estop=False external_stop=False,False
34.400000000000006,1,nan,nan,nan,1.4434413492612091e-05,3.5517912482184253e-06,-6.321086565865111e-05,nan,BLOCKED mode=STANDBY estop=False external_stop=False,False
34.5,1,nan,nan,nan,1.443441329190594e-05,3.5517912580304486e-06,-6.321086697200188e-05,nan,BLOCKED mode=STANDBY estop=False external_stop=False,False
34.5,1,nan,nan,nan,1.443441329190594e-05,3.5517912580304486e-06,-6.321086697200188e-05,nan,BLOCKED mode=STANDBY estop=False external_stop=False,False
34.6,1,nan,nan,nan,1.4434413093933522e-05,3.551791267735506e-06,-6.32108682677002e-05,nan,BLOCKED mode=STANDBY estop=False external_stop=False,False
34.6,1,nan,nan,nan,1.4434413074283655e-05,3.5517912686983064e-06,-6.321086839632222e-05,nan,BLOCKED mode=STANDBY estop=False external_stop=False,False
34.7,1,nan,nan,nan,1.4434412898629214e-05,3.551791277310784e-06,-6.321086954637101e-05,nan,BLOCKED mode=STANDBY estop=False external_stop=False,False
34.7,1,nan,nan,nan,1.4434412898629214e-05,3.551791277310784e-06,-6.321086954637101e-05,nan,BLOCKED mode=STANDBY estop=False external_stop=False,False
34.800000000000004,1,nan,nan,nan,1.4434412705971392e-05,3.5517912867700516e-06,-6.32108708080695e-05,nan,BLOCKED mode=STANDBY estop=False external_stop=False,False
34.800000000000004,1,nan,nan,nan,1.4434412705971392e-05,3.5517912867700516e-06,-6.32108708080695e-05,nan,BLOCKED mode=STANDBY estop=False external_stop=False,False
34.900000000000006,1,nan,nan,nan,1.4434412515915737e-05,3.5517912961065303e-06,-6.321087205311231e-05,nan,BLOCKED mode=STANDBY estop=False external_stop=False,False
34.900000000000006,1,nan,nan,nan,1.4434412515915737e-05,3.5517912961065303e-06,-6.321087205311231e-05,nan,BLOCKED mode=STANDBY estop=False external_stop=False,False
35.0,1,nan,nan,nan,1.4434412328415617e-05,3.551791305328576e-06,-6.321087328184445e-05,nan,BLOCKED mode=STANDBY estop=False external_stop=False,False
35.0,1,nan,nan,nan,1.4434412328415617e-05,3.551791305328576e-06,-6.321087328184445e-05,nan,BLOCKED mode=STANDBY estop=False external_stop=False,False
35.1,1,nan,nan,nan,1.4434412143442717e-05,3.55179131444966e-06,-6.321087449441621e-05,nan,BLOCKED mode=STANDBY estop=False external_stop=False,False
35.1,1,nan,nan,nan,1.4434412143442717e-05,3.55179131444966e-06,-6.321087449441621e-05,nan,BLOCKED mode=STANDBY estop=False external_stop=False,False
35.2,1,nan,nan,nan,1.4434411960938557e-05,3.5517913234662527e-06,-6.32108756915184e-05,nan,BLOCKED mode=STANDBY estop=False external_stop=False,False
35.2,1,nan,nan,nan,1.4434411960938557e-05,3.5517913234662527e-06,-6.32108756915184e-05,nan,BLOCKED mode=STANDBY estop=False external_stop=False,False
35.300000000000004,1,nan,nan,nan,1.4434411780890801e-05,3.5517913324166097e-06,-6.321087687282603e-05,nan,BLOCKED mode=STANDBY estop=False external_stop=False,False
35.300000000000004,1,nan,nan,nan,1.4434411780890801e-05,3.5517913324166097e-06,-6.321087687282603e-05,nan,BLOCKED mode=STANDBY estop=False external_stop=False,False
35.400000000000006,1,nan,nan,nan,1.4434411603230245e-05,3.55179134127288e-06,-6.321087803914546e-05,nan,BLOCKED mode=STANDBY estop=False external_stop=False,False
35.400000000000006,1,nan,nan,nan,1.4434411603230245e-05,3.55179134127288e-06,-6.321087803914546e-05,nan,BLOCKED mode=STANDBY estop=False external_stop=False,False
35.5,1,nan,nan,nan,1.4434411427980133e-05,3.5517913500496067e-06,-6.321087918977155e-05,nan,BLOCKED mode=STANDBY estop=False external_stop=False,False
35.5,1,nan,nan,nan,1.4434411427980133e-05,3.5517913500496067e-06,-6.321087918977155e-05,nan,BLOCKED mode=STANDBY estop=False external_stop=False,False
35.6,1,nan,nan,nan,1.4434411255080002e-05,3.5517913587207266e-06,-6.321088032535919e-05,nan,BLOCKED mode=STANDBY estop=False external_stop=False,False
35.6,1,nan,nan,nan,1.4434411255080002e-05,3.5517913587207266e-06,-6.321088032535919e-05,nan,BLOCKED mode=STANDBY estop=False external_stop=False,False
35.7,1,nan,nan,nan,1.4434411084518342e-05,3.551791367308059e-06,-6.321088144567133e-05,nan,BLOCKED mode=STANDBY estop=False external_stop=False,False
35.7,1,nan,nan,nan,1.4434411084518342e-05,3.551791367308059e-06,-6.321088144567133e-05,nan,BLOCKED mode=STANDBY estop=False external_stop=False,False
35.800000000000004,1,nan,nan,nan,1.4434410916232023e-05,3.5517913757946454e-06,-6.32108825515339e-05,nan,BLOCKED mode=STANDBY estop=False external_stop=False,False
35.800000000000004,1,nan,nan,nan,1.4434410916232023e-05,3.5517913757946454e-06,-6.32108825515339e-05,nan,BLOCKED mode=STANDBY estop=False external_stop=False,False
35.900000000000006,1,nan,nan,nan,1.4434410750249002e-05,3.5517913842059524e-06,-6.321088364215471e-05,nan,BLOCKED mode=STANDBY estop=False external_stop=False,False
35.900000000000006,1,nan,nan,nan,1.4434410750249002e-05,3.5517913842059524e-06,-6.321088364215471e-05,nan,BLOCKED mode=STANDBY estop=False external_stop=False,False
36.0,1,nan,nan,nan,1.4434410586475361e-05,3.551791392515178e-06,-6.32108847188979e-05,nan,BLOCKED mode=STANDBY estop=False external_stop=False,False
36.0,1,nan,nan,nan,1.4434410586475361e-05,3.551791392515178e-06,-6.32108847188979e-05,nan,BLOCKED mode=STANDBY estop=False external_stop=False,False
36.1,1,nan,nan,nan,1.4434410424948326e-05,3.5517914007482432e-06,-6.321088578066218e-05,nan,BLOCKED mode=STANDBY estop=False external_stop=False,False
36.1,1,nan,nan,nan,1.4434410424948326e-05,3.5517914007482432e-06,-6.321088578066218e-05,nan,BLOCKED mode=STANDBY estop=False external_stop=False,False
36.2,1,nan,nan,nan,1.443441026558735e-05,3.5517914088622162e-06,-6.321088682861025e-05,nan,BLOCKED mode=STANDBY estop=False external_stop=False,False
36.2,1,nan,nan,nan,1.443441026558735e-05,3.5517914088622162e-06,-6.321088682861025e-05,nan,BLOCKED mode=STANDBY estop=False external_stop=False,False
36.300000000000004,1,nan,nan,nan,1.4434410108375363e-05,3.5517914169019065e-06,-6.321088786268534e-05,nan,BLOCKED mode=STANDBY estop=False external_stop=False,False
36.300000000000004,1,nan,nan,nan,1.4434410108375363e-05,3.5517914169019065e-06,-6.321088786268534e-05,nan,BLOCKED mode=STANDBY estop=False external_stop=False,False
36.400000000000006,1,nan,nan,nan,1.4434409953276466e-05,3.5517914248487006e-06,-6.32108888832277e-05,nan,BLOCKED mode=STANDBY estop=False external_stop=False,False
36.400000000000006,1,nan,nan,nan,1.4434409953276466e-05,3.5517914248487006e-06,-6.32108888832277e-05,nan,BLOCKED mode=STANDBY estop=False external_stop=False,False
36.5,1,nan,nan,nan,1.4434409800227728e-05,3.551791432705475e-06,-6.321088989093121e-05,nan,BLOCKED mode=STANDBY estop=False external_stop=False,False
36.5,1,nan,nan,nan,1.4434409800227728e-05,3.551791432705475e-06,-6.321088989093121e-05,nan,BLOCKED mode=STANDBY estop=False external_stop=False,False
36.6,1,nan,nan,nan,1.443440964923753e-05,3.5517914405016043e-06,-6.321089088528492e-05,nan,BLOCKED mode=STANDBY estop=False external_stop=False,False
36.6,1,nan,nan,nan,1.443440964923753e-05,3.5517914405016043e-06,-6.321089088528492e-05,nan,BLOCKED mode=STANDBY estop=False external_stop=False,False
36.7,1,nan,nan,nan,1.4434409500249076e-05,3.551791448208681e-06,-6.321089186713379e-05,nan,BLOCKED mode=STANDBY estop=False external_stop=False,False
36.7,1,nan,nan,nan,1.4434409500249076e-05,3.551791448208681e-06,-6.321089186713379e-05,nan,BLOCKED mode=STANDBY estop=False external_stop=False,False
36.800000000000004,1,nan,nan,nan,1.4434409353235034e-05,3.5517914558487237e-06,-6.321089283634698e-05,nan,BLOCKED mode=STANDBY estop=False external_stop=False,False
36.800000000000004,1,nan,nan,nan,1.4434409353235034e-05,3.5517914558487237e-06,-6.321089283634698e-05,nan,BLOCKED mode=STANDBY estop=False external_stop=False,False
36.900000000000006,1,nan,nan,nan,1.4434409208206829e-05,3.5517914634302073e-06,-6.321089379273671e-05,nan,BLOCKED mode=STANDBY estop=False external_stop=False,False
36.900000000000006,1,nan,nan,nan,1.4434409208206829e-05,3.5517914634302073e-06,-6.321089379273671e-05,nan,BLOCKED mode=STANDBY estop=False external_stop=False,False
37.0,1,nan,nan,nan,1.4434409065068024e-05,3.551791470918091e-06,-6.321089473731652e-05,nan,BLOCKED mode=STANDBY estop=False external_stop=False,False
37.0,1,nan,nan,nan,1.4434409050856617e-05,3.5517914716652124e-06,-6.321089483114115e-05,nan,BLOCKED mode=STANDBY estop=False external_stop=False,False
37.1,1,nan,nan,nan,1.4434408923875667e-05,3.551791478358045e-06,-6.321089566909346e-05,nan,BLOCKED mode=STANDBY estop=False external_stop=False,False
37.1,1,nan,nan,nan,1.4434408923875667e-05,3.551791478358045e-06,-6.321089566909346e-05,nan,BLOCKED mode=STANDBY estop=False external_stop=False,False
37.2,1,nan,nan,nan,1.4434408784548522e-05,3.5517914856990224e-06,-6.32108965890363e-05,nan,BLOCKED mode=STANDBY estop=False external_stop=False,False
37.2,1,nan,nan,nan,1.4434408784548522e-05,3.5517914856990224e-06,-6.32108965890363e-05,nan,BLOCKED mode=STANDBY estop=False external_stop=False,False
37.300000000000004,1,nan,nan,nan,1.4434408647087522e-05,3.551791492972817e-06,-6.321089749680539e-05,nan,BLOCKED mode=STANDBY estop=False external_stop=False,False
37.300000000000004,1,nan,nan,nan,1.4434408647087522e-05,3.551791492972817e-06,-6.321089749680539e-05,nan,BLOCKED mode=STANDBY estop=False external_stop=False,False
37.400000000000006,1,nan,nan,nan,1.4434408511480966e-05,3.5517915001763854e-06,-6.321089839251031e-05,nan,BLOCKED mode=STANDBY estop=False external_stop=False,False
37.400000000000006,1,nan,nan,nan,1.4434408511480966e-05,3.5517915001763854e-06,-6.321089839251031e-05,nan,BLOCKED mode=STANDBY estop=False external_stop=False,False
37.5,1,nan,nan,nan,1.4434408377649657e-05,3.551791507281526e-06,-6.321089927709231e-05,nan,BLOCKED mode=STANDBY estop=False external_stop=False,False
37.5,1,nan,nan,nan,1.4434408377649657e-05,3.551791507281526e-06,-6.321089927709231e-05,nan,BLOCKED mode=STANDBY estop=False external_stop=False,False
37.6,1,nan,nan,nan,1.4434408245618235e-05,3.5517915143284226e-06,-6.32109001500254e-05,nan,BLOCKED mode=STANDBY estop=False external_stop=False,False
37.6,1,nan,nan,nan,1.4434408245618235e-05,3.5517915143284226e-06,-6.32109001500254e-05,nan,BLOCKED mode=STANDBY estop=False external_stop=False,False
37.7,1,nan,nan,nan,1.4434408115351895e-05,3.5517915212941124e-06,-6.321090101152891e-05,nan,BLOCKED mode=STANDBY estop=False external_stop=False,False
37.7,1,nan,nan,nan,1.4434408115351895e-05,3.5517915212941124e-06,-6.321090101152891e-05,nan,BLOCKED mode=STANDBY estop=False external_stop=False,False
37.800000000000004,1,nan,nan,nan,1.443440798678397e-05,3.551791528175923e-06,-6.321090186237696e-05,nan,BLOCKED mode=STANDBY estop=False external_stop=False,False
37.800000000000004,1,nan,nan,nan,1.443440798678397e-05,3.551791528175923e-06,-6.321090186237696e-05,nan,BLOCKED mode=STANDBY estop=False external_stop=False,False
37.900000000000006,1,nan,nan,nan,1.44344078599496e-05,3.5517915349902595e-06,-6.321090270186996e-05,nan,BLOCKED mode=STANDBY estop=False external_stop=False,False
37.900000000000006,1,nan,nan,nan,1.44344078599496e-05,3.5517915349902595e-06,-6.321090270186996e-05,nan,BLOCKED mode=STANDBY estop=False external_stop=False,False
38.0,1,nan,nan,nan,1.4434407734804874e-05,3.551791541737077e-06,-6.3210903530465e-05,nan,BLOCKED mode=STANDBY estop=False external_stop=False,False
38.0,1,nan,nan,nan,1.4434407734804874e-05,3.551791541737077e-06,-6.3210903530465e-05,nan,BLOCKED mode=STANDBY estop=False external_stop=False,False
38.1,1,nan,nan,nan,1.4434407611283586e-05,3.5517915484130695e-06,-6.321090434901164e-05,nan,BLOCKED mode=STANDBY estop=False external_stop=False,False
38.1,1,nan,nan,nan,1.4434407611283586e-05,3.5517915484130695e-06,-6.321090434901164e-05,nan,BLOCKED mode=STANDBY estop=False external_stop=False,False
38.2,1,nan,nan,nan,1.4434407489405878e-05,3.5517915550180033e-06,-6.321090515689079e-05,nan,BLOCKED mode=STANDBY estop=False external_stop=False,False
38.2,1,nan,nan,nan,1.4434407489405878e-05,3.5517915550180033e-06,-6.321090515689079e-05,nan,BLOCKED mode=STANDBY estop=False external_stop=False,False
38.300000000000004,1,nan,nan,nan,1.4434407369129067e-05,3.5517915615730667e-06,-6.321090595470394e-05,nan,BLOCKED mode=STANDBY estop=False external_stop=False,False
38.300000000000004,1,nan,nan,nan,1.4434407369129067e-05,3.5517915615730667e-06,-6.321090595470394e-05,nan,BLOCKED mode=STANDBY estop=False external_stop=False,False
38.400000000000006,1,nan,nan,nan,1.4434407250429327e-05,3.5517915680570933e-06,-6.321090674243793e-05,nan,BLOCKED mode=STANDBY estop=False external_stop=False,False
38.400000000000006,1,nan,nan,nan,1.4434407250429327e-05,3.5517915680570933e-06,-6.321090674243793e-05,nan,BLOCKED mode=STANDBY estop=False external_stop=False,False
38.5,1,nan,nan,nan,1.4434407133264965e-05,3.551791574482604e-06,-6.321090752071611e-05,nan,BLOCKED mode=STANDBY estop=False external_stop=False,False
38.5,1,nan,nan,nan,1.4434407133264965e-05,3.551791574482604e-06,-6.321090752071611e-05,nan,BLOCKED mode=STANDBY estop=False external_stop=False,False
38.6,1,nan,nan,nan,1.4434407017650945e-05,3.5517915808516327e-06,-6.321090828886029e-05,nan,BLOCKED mode=STANDBY estop=False external_stop=False,False
38.6,1,nan,nan,nan,1.4434407017650945e-05,3.5517915808516327e-06,-6.321090828886029e-05,nan,BLOCKED mode=STANDBY estop=False external_stop=False,False
38.7,1,nan,nan,nan,1.4434406903526721e-05,3.551791587182424e-06,-6.321090904775627e-05,nan,BLOCKED mode=STANDBY estop=False external_stop=False,False
38.7,1,nan,nan,nan,1.4434406903526721e-05,3.551791587182424e-06,-6.321090904775627e-05,nan,BLOCKED mode=STANDBY estop=False external_stop=False,False
38.800000000000004,1,nan,nan,nan,1.4434406790888012e-05,3.551791593419487e-06,-6.321090979719917e-05,nan,BLOCKED mode=STANDBY estop=False external_stop=False,False
38.800000000000004,1,nan,nan,nan,1.4434406790888012e-05,3.551791593419487e-06,-6.321090979719917e-05,nan,BLOCKED mode=STANDBY estop=False external_stop=False,False
38.900000000000006,1,nan,nan,nan,1.4434406679706466e-05,3.551791599628576e-06,-6.321091053755466e-05,nan,BLOCKED mode=STANDBY estop=False external_stop=False,False
38.900000000000006,1,nan,nan,nan,1.4434406679706466e-05,3.551791599628576e-06,-6.321091053755466e-05,nan,BLOCKED mode=STANDBY estop=False external_stop=False,False
39.0,1,nan,nan,nan,1.4434406570028667e-05,3.5517916057766203e-06,-6.321091126755938e-05,nan,BLOCKED mode=STANDBY estop=False external_stop=False,False
39.0,1,nan,nan,nan,1.4434406570028667e-05,3.5517916057766203e-06,-6.321091126755938e-05,nan,BLOCKED mode=STANDBY estop=False external_stop=False,False
39.1,1,nan,nan,nan,1.4434406461719123e-05,3.55179161185996e-06,-6.321091198962463e-05,nan,BLOCKED mode=STANDBY estop=False external_stop=False,False
39.1,1,nan,nan,nan,1.4434406461719123e-05,3.55179161185996e-06,-6.321091198962463e-05,nan,BLOCKED mode=STANDBY estop=False external_stop=False,False
39.2,1,nan,nan,nan,1.4434406354856171e-05,3.551791617877695e-06,-6.321091270194322e-05,nan,BLOCKED mode=STANDBY estop=False external_stop=False,False
39.2,1,nan,nan,nan,1.4434406354856171e-05,3.551791617877695e-06,-6.321091270194322e-05,nan,BLOCKED mode=STANDBY estop=False external_stop=False,False
39.300000000000004,1,nan,nan,nan,1.4434406249400838e-05,3.551791623871311e-06,-6.321091340518122e-05,nan,BLOCKED mode=STANDBY estop=False external_stop=False,False
39.300000000000004,1,nan,nan,nan,1.4434406249400838e-05,3.551791623871311e-06,-6.321091340518122e-05,nan,BLOCKED mode=STANDBY estop=False external_stop=False,False
39.400000000000006,1,nan,nan,nan,1.4434406145346917e-05,3.551791629785654e-06,-6.32109140991588e-05,nan,BLOCKED mode=STANDBY estop=False external_stop=False,False
39.400000000000006,1,nan,nan,nan,1.4434406145346917e-05,3.551791629785654e-06,-6.32109140991588e-05,nan,BLOCKED mode=STANDBY estop=False external_stop=False,False
39.5,1,nan,nan,nan,1.4434406042599708e-05,3.551791635637716e-06,-6.321091478523133e-05,nan,BLOCKED mode=STANDBY estop=False external_stop=False,False
39.5,1,nan,nan,nan,1.4434406042599708e-05,3.551791635637716e-06,-6.321091478523133e-05,nan,BLOCKED mode=STANDBY estop=False external_stop=False,False
39.6,1,nan,nan,nan,1.4434405941258602e-05,3.5517916414448224e-06,-6.32109154616781e-05,nan,BLOCKED mode=STANDBY estop=False external_stop=False,False
39.6,1,nan,nan,nan,1.4434405941258602e-05,3.5517916414448224e-06,-6.32109154616781e-05,nan,BLOCKED mode=STANDBY estop=False external_stop=False,False
39.7,1,nan,nan,nan,1.4434405841240494e-05,3.551791647223488e-06,-6.321091612958829e-05,nan,BLOCKED mode=STANDBY estop=False external_stop=False,False
39.7,1,nan,nan,nan,1.4434405841240494e-05,3.551791647223488e-06,-6.321091612958829e-05,nan,BLOCKED mode=STANDBY estop=False external_stop=False,False
39.800000000000004,1,nan,nan,nan,1.4434405742533356e-05,3.5517916529029784e-06,-6.321091678910454e-05,nan,BLOCKED mode=STANDBY estop=False external_stop=False,False
39.800000000000004,1,nan,nan,nan,1.4434405742533356e-05,3.5517916529029784e-06,-6.321091678910454e-05,nan,BLOCKED mode=STANDBY estop=False external_stop=False,False
39.900000000000006,1,nan,nan,nan,1.443440564509321e-05,3.551791658553986e-06,-6.321091744074922e-05,nan,BLOCKED mode=STANDBY estop=False external_stop=False,False
39.900000000000006,1,nan,nan,nan,1.443440564509321e-05,3.551791658553986e-06,-6.321091744074922e-05,nan,BLOCKED mode=STANDBY estop=False external_stop=False,False
40.0,1,nan,nan,nan,1.4434405549001697e-05,3.5517916641454397e-06,-6.32109180829234e-05,nan,BLOCKED mode=STANDBY estop=False external_stop=False,False
40.0,1,nan,nan,nan,1.4434405539456799e-05,3.5517916647069937e-06,-6.32109181467864e-05,nan,BLOCKED mode=STANDBY estop=False external_stop=False,False
40.1,1,nan,nan,nan,1.4434405454130378e-05,3.551791669719035e-06,-6.321091871764482e-05,nan,BLOCKED mode=STANDBY estop=False external_stop=False,False
40.1,1,nan,nan,nan,1.4434405454130378e-05,3.551791669719035e-06,-6.321091871764482e-05,nan,BLOCKED mode=STANDBY estop=False external_stop=False,False
40.2,1,nan,nan,nan,1.4434405360527704e-05,3.5517916751772184e-06,-6.321091934393094e-05,nan,BLOCKED mode=STANDBY estop=False external_stop=False,False
40.2,1,nan,nan,nan,1.4434405360527704e-05,3.5517916751772184e-06,-6.321091934393094e-05,nan,BLOCKED mode=STANDBY estop=False external_stop=False,False
40.300000000000004,1,nan,nan,nan,1.4434405268117103e-05,3.5517916806452993e-06,-6.32109199630786e-05,nan,BLOCKED mode=STANDBY estop=False external_stop=False,False
40.300000000000004,1,nan,nan,nan,1.4434405268117103e-05,3.5517916806452993e-06,-6.32109199630786e-05,nan,BLOCKED mode=STANDBY estop=False external_stop=False,False
40.400000000000006,1,nan,nan,nan,1.4434405176964203e-05,3.5517916860478516e-06,-6.321092057331876e-05,nan,BLOCKED mode=STANDBY estop=False external_stop=False,False
40.400000000000006,1,nan,nan,nan,1.4434405176964203e-05,3.5517916860478516e-06,-6.321092057331876e-05,nan,BLOCKED mode=STANDBY estop=False external_stop=False,False
40.5,1,nan,nan,nan,1.4434405086982378e-05,3.5517916914176775e-06,-6.321092117651977e-05,nan,BLOCKED mode=STANDBY estop=False external_stop=False,False
40.5,1,nan,nan,nan,1.4434405086982378e-05,3.5517916914176775e-06,-6.321092117651977e-05,nan,BLOCKED mode=STANDBY estop=False external_stop=False,False
40.6,1,nan,nan,nan,1.4434404998146738e-05,3.5517916967213887e-06,-6.321092177260083e-05,nan,BLOCKED mode=STANDBY estop=False external_stop=False,False
40.6,1,nan,nan,nan,1.4434404998146738e-05,3.5517916967213887e-06,-6.321092177260083e-05,nan,BLOCKED mode=STANDBY estop=False external_stop=False,False
40.7,1,nan,nan,nan,1.4434404910472035e-05,3.5517917019889308e-06,-6.32109223611191e-05,nan,BLOCKED mode=STANDBY estop=False external_stop=False,False
40.7,1,nan,nan,nan,1.4434404910472035e-05,3.5517917019889308e-06,-6.32109223611191e-05,nan,BLOCKED mode=STANDBY estop=False external_stop=False,False
40.800000000000004,1,nan,nan,nan,1.4434404823925309e-05,3.551791707225e-06,-6.32109229425977e-05,nan,BLOCKED mode=STANDBY estop=False external_stop=False,False
40.800000000000004,1,nan,nan,nan,1.4434404823925309e-05,3.551791707225e-06,-6.32109229425977e-05,nan,BLOCKED mode=STANDBY estop=False external_stop=False,False
40.900000000000006,1,nan,nan,nan,1.4434404738489617e-05,3.551791712408042e-06,-6.321092351690981e-05,nan,BLOCKED mode=STANDBY estop=False external_stop=False,False
40.900000000000006,1,nan,nan,nan,1.4434404738489617e-05,3.551791712408042e-06,-6.321092351690981e-05,nan,BLOCKED mode=STANDBY estop=False external_stop=False,False
41.0,1,nan,nan,nan,1.4434404654156846e-05,3.5517917175492364e-06,-6.321092408425154e-05,nan,BLOCKED mode=STANDBY estop=False external_stop=False,False
41.0,1,nan,nan,nan,1.4434404654156846e-05,3.5517917175492364e-06,-6.321092408425154e-05,nan,BLOCKED mode=STANDBY estop=False external_stop=False,False
41.1,1,nan,nan,nan,1.44344045708752e-05,3.551791722663282e-06,-6.32109246452184e-05,nan,BLOCKED mode=STANDBY estop=False external_stop=False,False
41.1,1,nan,nan,nan,1.44344045708752e-05,3.551791722663282e-06,-6.32109246452184e-05,nan,BLOCKED mode=STANDBY estop=False external_stop=False,False
41.2,1,nan,nan,nan,1.4434404488659473e-05,3.5517917277169844e-06,-6.32109251992586e-05,nan,BLOCKED mode=STANDBY estop=False external_stop=False,False
41.2,1,nan,nan,nan,1.4434404488659473e-05,3.5517917277169844e-06,-6.32109251992586e-05,nan,BLOCKED mode=STANDBY estop=False external_stop=False,False
41.300000000000004,1,nan,nan,nan,1.443440440749633e-05,3.551791732738052e-06,-6.321092574662068e-05,nan,BLOCKED mode=STANDBY estop=False external_stop=False,False
41.300000000000004,1,nan,nan,nan,1.443440440749633e-05,3.551791732738052e-06,-6.321092574662068e-05,nan,BLOCKED mode=STANDBY estop=False external_stop=False,False
41.400000000000006,1,nan,nan,nan,1.443440432735103e-05,3.551791737736791e-06,-6.321092628769572e-05,nan,BLOCKED mode=STANDBY estop=False external_stop=False,False
41.400000000000006,1,nan,nan,nan,1.443440432735103e-05,3.551791737736791e-06,-6.321092628769572e-05,nan,BLOCKED mode=STANDBY estop=False external_stop=False,False
41.5,1,nan,nan,nan,1.4434404248299209e-05,3.5517917426622133e-06,-6.321092682099351e-05,nan,BLOCKED mode=STANDBY estop=False external_stop=False,False
41.5,1,nan,nan,nan,1.4434404248299209e-05,3.5517917426622133e-06,-6.321092682099351e-05,nan,BLOCKED mode=STANDBY estop=False external_stop=False,False
41.7,1,nan,nan,nan,1.4434404093041944e-05,3.5517917524218277e-06,-6.321092787121617e-05,nan,BLOCKED mode=STANDBY estop=False external_stop=False,False
41.7,1,nan,nan,nan,1.4434404093041944e-05,3.5517917524218277e-06,-6.321092787121617e-05,nan,BLOCKED mode=STANDBY estop=False external_stop=False,False
41.800000000000004,1,nan,nan,nan,1.4434404016940264e-05,3.5517917572052895e-06,-6.321092838576769e-05,nan,BLOCKED mode=STANDBY estop=False external_stop=False,False
41.800000000000004,1,nan,nan,nan,1.4434404016940264e-05,3.5517917572052895e-06,-6.321092838576769e-05,nan,BLOCKED mode=STANDBY estop=False external_stop=False,False
41.900000000000006,1,nan,nan,nan,1.4434403941773727e-05,3.551791762016279e-06,-6.321092889502574e-05,nan,BLOCKED mode=STANDBY estop=False external_stop=False,False
41.900000000000006,1,nan,nan,nan,1.4434403941773727e-05,3.551791762016279e-06,-6.321092889502574e-05,nan,BLOCKED mode=STANDBY estop=False external_stop=False,False
42.0,1,nan,nan,nan,1.4434403867617393e-05,3.5517917667593464e-06,-6.321092939703431e-05,nan,BLOCKED mode=STANDBY estop=False external_stop=False,False
42.0,1,nan,nan,nan,1.4434403867617393e-05,3.5517917667593464e-06,-6.321092939703431e-05,nan,BLOCKED mode=STANDBY estop=False external_stop=False,False
42.1,1,nan,nan,nan,1.4434403794399079e-05,3.5517917714265204e-06,-6.32109298931813e-05,nan,BLOCKED mode=STANDBY estop=False external_stop=False,False
42.1,1,nan,nan,nan,1.4434403794399079e-05,3.5517917714265204e-06,-6.32109298931813e-05,nan,BLOCKED mode=STANDBY estop=False external_stop=False,False
42.2,1,nan,nan,nan,1.4434403722043007e-05,3.551791776097158e-06,-6.321093038452004e-05,nan,BLOCKED mode=STANDBY estop=False external_stop=False,False
42.2,1,nan,nan,nan,1.4434403722043007e-05,3.551791776097158e-06,-6.321093038452004e-05,nan,BLOCKED mode=STANDBY estop=False external_stop=False,False
42.300000000000004,1,nan,nan,nan,1.4434403650662055e-05,3.5517917806976132e-06,-6.321093086889985e-05,nan,BLOCKED mode=STANDBY estop=False external_stop=False,False
42.300000000000004,1,nan,nan,nan,1.4434403650662055e-05,3.5517917806976132e-06,-6.321093086889985e-05,nan,BLOCKED mode=STANDBY estop=False external_stop=False,False
42.400000000000006,1,nan,nan,nan,1.4434403580216756e-05,3.551791785270243e-06,-6.321093134697758e-05,nan,BLOCKED mode=STANDBY estop=False external_stop=False,False
42.400000000000006,1,nan,nan,nan,1.4434403573216811e-05,3.5517917857284278e-06,-6.3210931394543e-05,nan,BLOCKED mode=STANDBY estop=False external_stop=False,False
42.5,1,nan,nan,nan,1.4434403510635147e-05,3.551791789850846e-06,-6.32109318201098e-05,nan,BLOCKED mode=STANDBY estop=False external_stop=False,False
42.5,1,nan,nan,nan,1.4434403503724322e-05,3.5517917903046194e-06,-6.321093186712012e-05,nan,BLOCKED mode=STANDBY estop=False external_stop=False,False
42.6,1,nan,nan,nan,1.443440344195549e-05,3.5517917943425788e-06,-6.321093228698561e-05,nan,BLOCKED mode=STANDBY estop=False external_stop=False,False
42.6,1,nan,nan,nan,1.443440344195549e-05,3.5517917943425788e-06,-6.321093228698561e-05,nan,BLOCKED mode=STANDBY estop=False external_stop=False,False
42.7,1,nan,nan,nan,1.4434403374149427e-05,3.5517917987761237e-06,-6.321093274829494e-05,nan,BLOCKED mode=STANDBY estop=False external_stop=False,False
42.7,1,nan,nan,nan,1.4434403374149427e-05,3.5517917987761237e-06,-6.321093274829494e-05,nan,BLOCKED mode=STANDBY estop=False external_stop=False,False
42.800000000000004,1,nan,nan,nan,1.4434403307141562e-05,3.551791803220613e-06,-6.321093320506312e-05,nan,BLOCKED mode=STANDBY estop=False external_stop=False,False
42.800000000000004,1,nan,nan,nan,1.4434403307141562e-05,3.551791803220613e-06,-6.321093320506312e-05,nan,BLOCKED mode=STANDBY estop=False external_stop=False,False
42.900000000000006,1,nan,nan,nan,1.4434403241034403e-05,3.551791807609974e-06,-6.321093365549634e-05,nan,BLOCKED mode=STANDBY estop=False external_stop=False,False
42.900000000000006,1,nan,nan,nan,1.4434403241034403e-05,3.551791807609974e-06,-6.321093365549634e-05,nan,BLOCKED mode=STANDBY estop=False external_stop=False,False
43.0,1,nan,nan,nan,1.4434403175795917e-05,3.551791811952493e-06,-6.321093410001767e-05,nan,BLOCKED mode=STANDBY estop=False external_stop=False,False
43.0,1,nan,nan,nan,1.4434403175795917e-05,3.551791811952493e-06,-6.321093410001767e-05,nan,BLOCKED mode=STANDBY estop=False external_stop=False,False
43.1,1,nan,nan,nan,1.4434403111345036e-05,3.551791816305055e-06,-6.321093454003313e-05,nan,BLOCKED mode=STANDBY estop=False external_stop=False,False
43.1,1,nan,nan,nan,1.4434403111345036e-05,3.551791816305055e-06,-6.321093454003313e-05,nan,BLOCKED mode=STANDBY estop=False external_stop=False,False
43.2,1,nan,nan,nan,1.4434403047697532e-05,3.5517918205943355e-06,-6.321093497500225e-05,nan,BLOCKED mode=STANDBY estop=False external_stop=False,False
43.2,1,nan,nan,nan,1.4434403047697532e-05,3.5517918205943355e-06,-6.321093497500225e-05,nan,BLOCKED mode=STANDBY estop=False external_stop=False,False
43.300000000000004,1,nan,nan,nan,1.4434402984868803e-05,3.551791824806635e-06,-6.321093540421253e-05,nan,BLOCKED mode=STANDBY estop=False external_stop=False,False
43.300000000000004,1,nan,nan,nan,1.4434402984868803e-05,3.551791824806635e-06,-6.321093540421253e-05,nan,BLOCKED mode=STANDBY estop=False external_stop=False,False
43.400000000000006,1,nan,nan,nan,1.4434402922814684e-05,3.551791829019419e-06,-6.321093582877537e-05,nan,BLOCKED mode=STANDBY estop=False external_stop=False,False
43.400000000000006,1,nan,nan,nan,1.4434402922814684e-05,3.551791829019419e-06,-6.321093582877537e-05,nan,BLOCKED mode=STANDBY estop=False external_stop=False,False
43.5,1,nan,nan,nan,1.4434402861503967e-05,3.5517918332226794e-06,-6.321093624897853e-05,nan,BLOCKED mode=STANDBY estop=False external_stop=False,False
43.5,1,nan,nan,nan,1.4434402861503967e-05,3.5517918332226794e-06,-6.321093624897853e-05,nan,BLOCKED mode=STANDBY estop=False external_stop=False,False
43.6,1,nan,nan,nan,1.4434402801024924e-05,3.551791837370936e-06,-6.321093666307651e-05,nan,BLOCKED mode=STANDBY estop=False external_stop=False,False
43.6,1,nan,nan,nan,1.4434402801024924e-05,3.551791837370936e-06,-6.321093666307651e-05,nan,BLOCKED mode=STANDBY estop=False external_stop=False,False
43.7,1,nan,nan,nan,1.4434402741333617e-05,3.5517918414941247e-06,-6.321093707191326e-05,nan,BLOCKED mode=STANDBY estop=False external_stop=False,False
43.7,1,nan,nan,nan,1.4434402741333617e-05,3.5517918414941247e-06,-6.321093707191326e-05,nan,BLOCKED mode=STANDBY estop=False external_stop=False,False
43.800000000000004,1,nan,nan,nan,1.4434402682336207e-05,3.5517918456043927e-06,-6.321093747688337e-05,nan,BLOCKED mode=STANDBY estop=False external_stop=False,False
43.800000000000004,1,nan,nan,nan,1.4434402682336207e-05,3.5517918456043927e-06,-6.321093747688337e-05,nan,BLOCKED mode=STANDBY estop=False external_stop=False,False
43.900000000000006,1,nan,nan,nan,1.4434402624036886e-05,3.551791849670388e-06,-6.321093787779044e-05,nan,BLOCKED mode=STANDBY estop=False external_stop=False,False
43.900000000000006,1,nan,nan,nan,1.4434402624036886e-05,3.551791849670388e-06,-6.321093787779044e-05,nan,BLOCKED mode=STANDBY estop=False external_stop=False,False
44.0,1,nan,nan,nan,1.4434402566466417e-05,3.551791853691982e-06,-6.321093827385276e-05,nan,BLOCKED mode=STANDBY estop=False external_stop=False,False
44.0,1,nan,nan,nan,1.4434402566466417e-05,3.551791853691982e-06,-6.321093827385276e-05,nan,BLOCKED mode=STANDBY estop=False external_stop=False,False
44.1,1,nan,nan,nan,1.4434402509627955e-05,3.5517918577034473e-06,-6.321093866500033e-05,nan,BLOCKED mode=STANDBY estop=False external_stop=False,False
44.1,1,nan,nan,nan,1.4434402509627955e-05,3.5517918577034473e-06,-6.321093866500033e-05,nan,BLOCKED mode=STANDBY estop=False external_stop=False,False
44.2,1,nan,nan,nan,1.443440245349249e-05,3.551791861706786e-06,-6.32109390517506e-05,nan,BLOCKED mode=STANDBY estop=False external_stop=False,False
44.2,1,nan,nan,nan,1.443440245349249e-05,3.551791861706786e-06,-6.32109390517506e-05,nan,BLOCKED mode=STANDBY estop=False external_stop=False,False
44.300000000000004,1,nan,nan,nan,1.4434402398029568e-05,3.551791865686391e-06,-6.321093943430109e-05,nan,BLOCKED mode=STANDBY estop=False external_stop=False,False
44.300000000000004,1,nan,nan,nan,1.4434402398029568e-05,3.551791865686391e-06,-6.321093943430109e-05,nan,BLOCKED mode=STANDBY estop=False external_stop=False,False
44.400000000000006,1,nan,nan,nan,1.443440234326467e-05,3.5517918696444503e-06,-6.321093981235851e-05,nan,BLOCKED mode=STANDBY estop=False external_stop=False,False
44.400000000000006,1,nan,nan,nan,1.443440234326467e-05,3.5517918696444503e-06,-6.321093981235851e-05,nan,BLOCKED mode=STANDBY estop=False external_stop=False,False
44.5,1,nan,nan,nan,1.443440228917489e-05,3.551791873569605e-06,-6.321094018606356e-05,nan,BLOCKED mode=STANDBY estop=False external_stop=False,False
44.5,1,nan,nan,nan,1.443440228917489e-05,3.551791873569605e-06,-6.321094018606356e-05,nan,BLOCKED mode=STANDBY estop=False external_stop=False,False
44.6,1,nan,nan,nan,1.4434402235719675e-05,3.55179187745815e-06,-6.321094055584126e-05,nan,BLOCKED mode=STANDBY estop=False external_stop=False,False
44.6,1,nan,nan,nan,1.4434402235719675e-05,3.55179187745815e-06,-6.321094055584126e-05,nan,BLOCKED mode=STANDBY estop=False external_stop=False,False
44.7,1,nan,nan,nan,1.4434402182892339e-05,3.551791881328998e-06,-6.321094092198861e-05,nan,BLOCKED mode=STANDBY estop=False external_stop=False,False
44.7,1,nan,nan,nan,1.4434402182892339e-05,3.551791881328998e-06,-6.321094092198861e-05,nan,BLOCKED mode=STANDBY estop=False external_stop=False,False
44.800000000000004,1,nan,nan,nan,1.4434402130700324e-05,3.5517918851798964e-06,-6.321094128407912e-05,nan,BLOCKED mode=STANDBY estop=False external_stop=False,False
44.800000000000004,1,nan,nan,nan,1.4434402130700324e-05,3.5517918851798964e-06,-6.321094128407912e-05,nan,BLOCKED mode=STANDBY estop=False external_stop=False,False
44.900000000000006,1,nan,nan,nan,1.4434402079145445e-05,3.5517918890109633e-06,-6.321094164198859e-05,nan,BLOCKED mode=STANDBY estop=False external_stop=False,False
44.900000000000006,1,nan,nan,nan,1.4434402079145445e-05,3.5517918890109633e-06,-6.321094164198859e-05,nan,BLOCKED mode=STANDBY estop=False external_stop=False,False
45.0,1,nan,nan,nan,1.4434402028226518e-05,3.5517918928008813e-06,-6.321094199571156e-05,nan,BLOCKED mode=STANDBY estop=False external_stop=False,False
45.0,1,nan,nan,nan,1.4434402028226518e-05,3.5517918928008813e-06,-6.321094199571156e-05,nan,BLOCKED mode=STANDBY estop=False external_stop=False,False
45.1,1,nan,nan,nan,1.4434401977906906e-05,3.551791896579428e-06,-6.321094234576093e-05,nan,BLOCKED mode=STANDBY estop=False external_stop=False,False
45.1,1,nan,nan,nan,1.4434401977906906e-05,3.551791896579428e-06,-6.321094234576093e-05,nan,BLOCKED mode=STANDBY estop=False external_stop=False,False
45.2,1,nan,nan,nan,1.4434401928162044e-05,3.5517919003485327e-06,-6.321094269245176e-05,nan,BLOCKED mode=STANDBY estop=False external_stop=False,False
45.2,1,nan,nan,nan,1.4434401928162044e-05,3.5517919003485327e-06,-6.321094269245176e-05,nan,BLOCKED mode=STANDBY estop=False external_stop=False,False
45.300000000000004,1,nan,nan,nan,1.4434401879011766e-05,3.5517919040943166e-06,-6.32109430354082e-05,nan,BLOCKED mode=STANDBY estop=False external_stop=False,False
45.300000000000004,1,nan,nan,nan,1.4434401879011766e-05,3.5517919040943166e-06,-6.32109430354082e-05,nan,BLOCKED mode=STANDBY estop=False external_stop=False,False
45.400000000000006,1,nan,nan,nan,1.4434401830468621e-05,3.5517919077942132e-06,-6.321094337409607e-05,nan,BLOCKED mode=STANDBY estop=False external_stop=False,False
45.400000000000006,1,nan,nan,nan,1.4434401830468621e-05,3.5517919077942132e-06,-6.321094337409607e-05,nan,BLOCKED mode=STANDBY estop=False external_stop=False,False
45.5,1,nan,nan,nan,1.4434401782509352e-05,3.5517919114672475e-06,-6.32109437090014e-05,nan,BLOCKED mode=STANDBY estop=False external_stop=False,False
45.5,1,nan,nan,nan,1.4434401782509352e-05,3.5517919114672475e-06,-6.32109437090014e-05,nan,BLOCKED mode=STANDBY estop=False external_stop=False,False
45.6,1,nan,nan,nan,1.4434401735097355e-05,3.551791915120672e-06,-6.321094404074374e-05,nan,BLOCKED mode=STANDBY estop=False external_stop=False,False
45.6,1,nan,nan,nan,1.4434401735097355e-05,3.551791915120672e-06,-6.321094404074374e-05,nan,BLOCKED mode=STANDBY estop=False external_stop=False,False
45.7,1,nan,nan,nan,1.4434401688224244e-05,3.5517919187663854e-06,-6.321094436938362e-05,nan,BLOCKED mode=STANDBY estop=False external_stop=False,False
45.7,1,nan,nan,nan,1.4434401688224244e-05,3.5517919187663854e-06,-6.321094436938362e-05,nan,BLOCKED mode=STANDBY estop=False external_stop=False,False
45.800000000000004,1,nan,nan,nan,1.4434401641898477e-05,3.551791922384809e-06,-6.321094469452336e-05,nan,BLOCKED mode=STANDBY estop=False external_stop=False,False
45.800000000000004,1,nan,nan,nan,1.4434401641898477e-05,3.551791922384809e-06,-6.321094469452336e-05,nan,BLOCKED mode=STANDBY estop=False external_stop=False,False
45.900000000000006,1,nan,nan,nan,1.4434401596152764e-05,3.5517919259512755e-06,-6.321094501543732e-05,nan,BLOCKED mode=STANDBY estop=False external_stop=False,False
45.900000000000006,1,nan,nan,nan,1.4434401596152764e-05,3.5517919259512755e-06,-6.321094501543732e-05,nan,BLOCKED mode=STANDBY estop=False external_stop=False,False
46.0,1,nan,nan,nan,1.443440155094941e-05,3.5517919295039065e-06,-6.321094533297882e-05,nan,BLOCKED mode=STANDBY estop=False external_stop=False,False
46.0,1,nan,nan,nan,1.44344015464587e-05,3.551791929859307e-06,-6.321094536453576e-05,nan,BLOCKED mode=STANDBY estop=False external_stop=False,False
46.1,1,nan,nan,nan,1.4434401506272754e-05,3.5517919330448363e-06,-6.321094564721327e-05,nan,BLOCKED mode=STANDBY estop=False external_stop=False,False
46.1,1,nan,nan,nan,1.4434401506272754e-05,3.5517919330448363e-06,-6.321094564721327e-05,nan,BLOCKED mode=STANDBY estop=False external_stop=False,False
46.2,1,nan,nan,nan,1.4434401462107921e-05,3.5517919365843477e-06,-6.321094595823302e-05,nan,BLOCKED mode=STANDBY estop=False external_stop=False,False
46.2,1,nan,nan,nan,1.4434401462107921e-05,3.5517919365843477e-06,-6.321094595823302e-05,nan,BLOCKED mode=STANDBY estop=False external_stop=False,False
46.300000000000004,1,nan,nan,nan,1.4434401418470454e-05,3.5517919401052235e-06,-6.321094626590951e-05,nan,BLOCKED mode=STANDBY estop=False external_stop=False,False
46.300000000000004,1,nan,nan,nan,1.4434401418470454e-05,3.5517919401052235e-06,-6.321094626590951e-05,nan,BLOCKED mode=STANDBY estop=False external_stop=False,False
46.400000000000006,1,nan,nan,nan,1.4434401375387163e-05,3.5517919435788214e-06,-6.32109465695479e-05,nan,BLOCKED mode=STANDBY estop=False external_stop=False,False
46.400000000000006,1,nan,nan,nan,1.4434401375387163e-05,3.5517919435788214e-06,-6.32109465695479e-05,nan,BLOCKED mode=STANDBY estop=False external_stop=False,False
46.5,1,nan,nan,nan,1.4434401332799241e-05,3.5517919470181855e-06,-6.321094687019395e-05,nan,BLOCKED mode=STANDBY estop=False external_stop=False,False
46.5,1,nan,nan,nan,1.4434401332799241e-05,3.5517919470181855e-06,-6.321094687019395e-05,nan,BLOCKED mode=STANDBY estop=False external_stop=False,False
46.6,1,nan,nan,nan,1.4434401290665927e-05,3.5517919504326456e-06,-6.321094716823833e-05,nan,BLOCKED mode=STANDBY estop=False external_stop=False,False
46.6,1,nan,nan,nan,1.4434401290665927e-05,3.5517919504326456e-06,-6.321094716823833e-05,nan,BLOCKED mode=STANDBY estop=False external_stop=False,False
46.7,1,nan,nan,nan,1.4434401249020988e-05,3.5517919538355044e-06,-6.321094746336017e-05,nan,BLOCKED mode=STANDBY estop=False external_stop=False,False
46.7,1,nan,nan,nan,1.4434401249020988e-05,3.5517919538355044e-06,-6.321094746336017e-05,nan,BLOCKED mode=STANDBY estop=False external_stop=False,False
46.800000000000004,1,nan,nan,nan,1.4434401207830685e-05,3.551791957225016e-06,-6.321094775586401e-05,nan,BLOCKED mode=STANDBY estop=False external_stop=False,False
46.800000000000004,1,nan,nan,nan,1.4434401207830685e-05,3.551791957225016e-06,-6.321094775586401e-05,nan,BLOCKED mode=STANDBY estop=False external_stop=False,False
46.900000000000006,1,nan,nan,nan,1.443440116714029e-05,3.55179196058339e-06,-6.321094804481274e-05,nan,BLOCKED mode=STANDBY estop=False external_stop=False,False
46.900000000000006,1,nan,nan,nan,1.443440116714029e-05,3.55179196058339e-06,-6.321094804481274e-05,nan,BLOCKED mode=STANDBY estop=False external_stop=False,False
47.0,1,nan,nan,nan,1.4434401126959634e-05,3.551791963913649e-06,-6.3210948329954e-05,nan,BLOCKED mode=STANDBY estop=False external_stop=False,False
47.0,1,nan,nan,nan,1.4434401126959634e-05,3.551791963913649e-06,-6.3210948329954e-05,nan,BLOCKED mode=STANDBY estop=False external_stop=False,False
47.1,1,nan,nan,nan,1.443440108724955e-05,3.551791967244777e-06,-6.321094861216983e-05,nan,BLOCKED mode=STANDBY estop=False external_stop=False,False
47.1,1,nan,nan,nan,1.443440108724955e-05,3.551791967244777e-06,-6.321094861216983e-05,nan,BLOCKED mode=STANDBY estop=False external_stop=False,False
47.2,1,nan,nan,nan,1.4434401048005302e-05,3.551791970566828e-06,-6.321094889132474e-05,nan,BLOCKED mode=STANDBY estop=False external_stop=False,False
47.2,1,nan,nan,nan,1.4434401048005302e-05,3.551791970566828e-06,-6.321094889132474e-05,nan,BLOCKED mode=STANDBY estop=False external_stop=False,False
47.300000000000004,1,nan,nan,nan,1.4434401009229997e-05,3.551791973882625e-06,-6.321094916745313e-05,nan,BLOCKED mode=STANDBY estop=False external_stop=False,False
47.300000000000004,1,nan,nan,nan,1.4434401009229997e-05,3.551791973882625e-06,-6.321094916745313e-05,nan,BLOCKED mode=STANDBY estop=False external_stop=False,False
47.400000000000006,1,nan,nan,nan,1.443440097089954e-05,3.5517919771926623e-06,-6.321094944077226e-05,nan,BLOCKED mode=MANUAL estop=False external_stop=False,False
47.400000000000006,1,nan,nan,nan,1.443440097089954e-05,3.5517919771926623e-06,-6.321094944077226e-05,nan,BLOCKED mode=MANUAL estop=False external_stop=False,False
47.400000000000006,1,0.13213288010933924,-0.5165711589843509,-1.3204051535308663,1.443440097089954e-05,3.5517919771926623e-06,-6.321094944077226e-05,0.533202321365954,OBJECT_GOAL_PUBLISHED,
47.5,1,nan,nan,nan,1.4434400933029462e-05,3.551791980453081e-06,-6.321094971100159e-05,nan,BLOCKED mode=MANUAL estop=False external_stop=False,False
47.5,1,nan,nan,nan,1.4434400929267397e-05,3.5517919807742844e-06,-6.321094973785912e-05,nan,BLOCKED mode=MANUAL estop=False external_stop=False,False
47.6,1,nan,nan,nan,1.44344008955944e-05,3.551791983661709e-06,-6.321094997846e-05,nan,BLOCKED mode=MANUAL estop=False external_stop=False,False
47.6,1,nan,nan,nan,1.44344008955944e-05,3.551791983661709e-06,-6.321094997846e-05,nan,BLOCKED mode=MANUAL estop=False external_stop=False,False
47.7,1,nan,nan,nan,1.4434400858559053e-05,3.5517919868550573e-06,-6.32109502437022e-05,nan,BLOCKED mode=MANUAL estop=False external_stop=False,False
47.7,1,nan,nan,nan,1.4434400858559053e-05,3.5517919868550573e-06,-6.32109502437022e-05,nan,BLOCKED mode=MANUAL estop=False external_stop=False,False
47.800000000000004,1,nan,nan,nan,1.4434400821951535e-05,3.551791990038039e-06,-6.321095050608326e-05,nan,BLOCKED mode=MANUAL estop=False external_stop=False,False
47.800000000000004,1,nan,nan,nan,1.4434400821951535e-05,3.551791990038039e-06,-6.321095050608326e-05,nan,BLOCKED mode=MANUAL estop=False external_stop=False,False
47.900000000000006,1,nan,nan,nan,1.4434400785750764e-05,3.5517919932130297e-06,-6.321095076594304e-05,nan,BLOCKED mode=MANUAL estop=False external_stop=False,False
47.900000000000006,1,nan,nan,nan,1.4434400785750764e-05,3.5517919932130297e-06,-6.321095076594304e-05,nan,BLOCKED mode=MANUAL estop=False external_stop=False,False
48.0,1,nan,nan,nan,1.4434400749958228e-05,3.5517919963803265e-06,-6.321095102341112e-05,nan,BLOCKED mode=MANUAL estop=False external_stop=False,False
48.0,1,nan,nan,nan,1.4434400749958228e-05,3.5517919963803265e-06,-6.321095102341112e-05,nan,BLOCKED mode=MANUAL estop=False external_stop=False,False
48.1,1,nan,nan,nan,1.4434400714595013e-05,3.551791999538606e-06,-6.321095127780788e-05,nan,BLOCKED mode=MANUAL estop=False external_stop=False,False
48.1,1,nan,nan,nan,1.4434400714595013e-05,3.551791999538606e-06,-6.321095127780788e-05,nan,BLOCKED mode=MANUAL estop=False external_stop=False,False
48.2,1,nan,nan,nan,1.4434400679682458e-05,3.551792002670387e-06,-6.3210951528728e-05,nan,BLOCKED mode=MANUAL estop=False external_stop=False,False
48.2,1,nan,nan,nan,1.4434400679682458e-05,3.551792002670387e-06,-6.3210951528728e-05,nan,BLOCKED mode=MANUAL estop=False external_stop=False,False
48.300000000000004,1,nan,nan,nan,1.4434400645157229e-05,3.5517920057855508e-06,-6.321095177724984e-05,nan,BLOCKED mode=MANUAL estop=False external_stop=False,False
48.300000000000004,1,nan,nan,nan,1.4434400645157229e-05,3.5517920057855508e-06,-6.321095177724984e-05,nan,BLOCKED mode=MANUAL estop=False external_stop=False,False
48.400000000000006,1,nan,nan,nan,1.4434400611051323e-05,3.551792008913707e-06,-6.321095202291204e-05,nan,BLOCKED mode=MANUAL estop=False external_stop=False,False
48.400000000000006,1,nan,nan,nan,1.4434400611051323e-05,3.551792008913707e-06,-6.321095202291204e-05,nan,BLOCKED mode=MANUAL estop=False external_stop=False,False
48.5,1,nan,nan,nan,1.4434400577369048e-05,3.551792012021391e-06,-6.321095226558553e-05,nan,BLOCKED mode=MANUAL estop=False external_stop=False,False
48.5,1,nan,nan,nan,1.4434400577369048e-05,3.551792012021391e-06,-6.321095226558553e-05,nan,BLOCKED mode=MANUAL estop=False external_stop=False,False
48.6,1,nan,nan,nan,1.4434400544041368e-05,3.5517920151021903e-06,-6.321095250643119e-05,nan,BLOCKED mode=MANUAL estop=False external_stop=False,False
48.6,1,nan,nan,nan,1.4434400544041368e-05,3.5517920151021903e-06,-6.321095250643119e-05,nan,BLOCKED mode=MANUAL estop=False external_stop=False,False
48.7,1,nan,nan,nan,1.4434400511074126e-05,3.5517920181736393e-06,-6.321095274517512e-05,nan,BLOCKED mode=MANUAL estop=False external_stop=False,False
48.7,1,nan,nan,nan,1.4434400511074126e-05,3.5517920181736393e-06,-6.321095274517512e-05,nan,BLOCKED mode=MANUAL estop=False external_stop=False,False
48.800000000000004,1,nan,nan,nan,1.4434400478480511e-05,3.5517920212115666e-06,-6.321095298136225e-05,nan,BLOCKED mode=MANUAL estop=False external_stop=False,False
48.800000000000004,1,nan,nan,nan,1.4434400478480511e-05,3.5517920212115666e-06,-6.321095298136225e-05,nan,BLOCKED mode=MANUAL estop=False external_stop=False,False
48.900000000000006,1,nan,nan,nan,1.4434400446253821e-05,3.5517920242043906e-06,-6.321095321521692e-05,nan,BLOCKED mode=MANUAL estop=False external_stop=False,False
48.900000000000006,1,nan,nan,nan,1.4434400446253821e-05,3.5517920242043906e-06,-6.321095321521692e-05,nan,BLOCKED mode=MANUAL estop=False external_stop=False,False
49.0,1,nan,nan,nan,1.443440041441267e-05,3.5517920271902872e-06,-6.321095344639512e-05,nan,BLOCKED mode=MANUAL estop=False external_stop=False,False
49.0,1,nan,nan,nan,1.443440041441267e-05,3.5517920271902872e-06,-6.321095344639512e-05,nan,BLOCKED mode=MANUAL estop=False external_stop=False,False
49.1,1,nan,nan,nan,1.4434400382894576e-05,3.551792030165768e-06,-6.321095367581256e-05,nan,BLOCKED mode=MANUAL estop=False external_stop=False,False
49.1,1,nan,nan,nan,1.4434400382894576e-05,3.551792030165768e-06,-6.321095367581256e-05,nan,BLOCKED mode=MANUAL estop=False external_stop=False,False
49.2,1,nan,nan,nan,1.4434400351748909e-05,3.5517920331415204e-06,-6.321095390257116e-05,nan,BLOCKED mode=MANUAL estop=False external_stop=False,False
49.2,1,nan,nan,nan,1.4434400351748909e-05,3.5517920331415204e-06,-6.321095390257116e-05,nan,BLOCKED mode=MANUAL estop=False external_stop=False,False
49.300000000000004,1,nan,nan,nan,1.4434400320976175e-05,3.5517920361071276e-06,-6.321095412672888e-05,nan,BLOCKED mode=MANUAL estop=False external_stop=False,False
49.300000000000004,1,nan,nan,nan,1.4434400320976175e-05,3.5517920361071276e-06,-6.321095412672888e-05,nan,BLOCKED mode=MANUAL estop=False external_stop=False,False
49.400000000000006,1,nan,nan,nan,1.443440029052567e-05,3.5517920390644334e-06,-6.321095434905394e-05,nan,BLOCKED mode=MANUAL estop=False external_stop=False,False
49.400000000000006,1,nan,nan,nan,1.443440029052567e-05,3.5517920390644334e-06,-6.321095434905394e-05,nan,BLOCKED mode=MANUAL estop=False external_stop=False,False
49.5,1,nan,nan,nan,1.4434400260437944e-05,3.551792042032856e-06,-6.321095456886971e-05,nan,BLOCKED mode=MANUAL estop=False external_stop=False,False
49.5,1,nan,nan,nan,1.4434400260437944e-05,3.551792042032856e-06,-6.321095456886971e-05,nan,BLOCKED mode=MANUAL estop=False external_stop=False,False
49.6,1,nan,nan,nan,1.4434400230686093e-05,3.5517920449705536e-06,-6.321095478655338e-05,nan,BLOCKED mode=MANUAL estop=False external_stop=False,False
49.6,1,nan,nan,nan,1.4434400230686093e-05,3.5517920449705536e-06,-6.321095478655338e-05,nan,BLOCKED mode=MANUAL estop=False external_stop=False,False
49.7,1,nan,nan,nan,1.4434400201303103e-05,3.551792047908372e-06,-6.321095500128324e-05,nan,BLOCKED mode=MANUAL estop=False external_stop=False,False
49.7,1,nan,nan,nan,1.4434400201303103e-05,3.551792047908372e-06,-6.321095500128324e-05,nan,BLOCKED mode=MANUAL estop=False external_stop=False,False
49.800000000000004,1,nan,nan,nan,1.4434400172263266e-05,3.5517920508210098e-06,-6.321095521389657e-05,nan,BLOCKED mode=MANUAL estop=False external_stop=False,False
49.800000000000004,1,nan,nan,nan,1.4434400169378633e-05,3.551792051114567e-06,-6.321095523501507e-05,nan,BLOCKED mode=MANUAL estop=False external_stop=False,False
49.900000000000006,1,nan,nan,nan,1.4434400143538097e-05,3.551792053734115e-06,-6.321095542448947e-05,nan,BLOCKED mode=MANUAL estop=False external_stop=False,False
49.900000000000006,1,nan,nan,nan,1.4434400143538097e-05,3.551792053734115e-06,-6.321095542448947e-05,nan,BLOCKED mode=MANUAL estop=False external_stop=False,False
50.0,1,nan,nan,nan,1.4434400115111242e-05,3.551792056617669e-06,-6.32109556333903e-05,nan,BLOCKED mode=MANUAL estop=False external_stop=False,False
50.0,1,nan,nan,nan,1.4434400115111242e-05,3.551792056617669e-06,-6.32109556333903e-05,nan,BLOCKED mode=MANUAL estop=False external_stop=False,False
50.1,1,nan,nan,nan,1.4434400087009996e-05,3.551792059479527e-06,-6.32109558401576e-05,nan,BLOCKED mode=MANUAL estop=False external_stop=False,False
50.1,1,nan,nan,nan,1.4434400087009996e-05,3.551792059479527e-06,-6.32109558401576e-05,nan,BLOCKED mode=MANUAL estop=False external_stop=False,False
50.2,1,nan,nan,nan,1.4434400059197207e-05,3.5517920623244562e-06,-6.321095604532057e-05,nan,BLOCKED mode=MANUAL estop=False external_stop=False,False
50.2,1,nan,nan,nan,1.4434400059197207e-05,3.5517920623244562e-06,-6.321095604532057e-05,nan,BLOCKED mode=MANUAL estop=False external_stop=False,False
50.300000000000004,1,nan,nan,nan,1.4434400031664802e-05,3.551792065159561e-06,-6.32109562488674e-05,nan,BLOCKED mode=MANUAL estop=False external_stop=False,False
50.300000000000004,1,nan,nan,nan,1.4434400031664802e-05,3.551792065159561e-06,-6.32109562488674e-05,nan,BLOCKED mode=MANUAL estop=False external_stop=False,False
50.400000000000006,1,nan,nan,nan,1.4434400004406323e-05,3.5517920679818765e-06,-6.321095645085439e-05,nan,BLOCKED mode=MANUAL estop=False external_stop=False,False
50.400000000000006,1,nan,nan,nan,1.4434400001702315e-05,3.55179206826441e-06,-6.321095647085312e-05,nan,BLOCKED mode=MANUAL estop=False external_stop=False,False
50.5,1,nan,nan,nan,1.4434399977463586e-05,3.551792070798475e-06,-6.321095665048535e-05,nan,BLOCKED mode=MANUAL estop=False external_stop=False,False
50.5,1,nan,nan,nan,1.4434399977463586e-05,3.551792070798475e-06,-6.321095665048535e-05,nan,BLOCKED mode=MANUAL estop=False external_stop=False,False
50.6,1,nan,nan,nan,1.443439995080765e-05,3.551792073592563e-06,-6.32109568482706e-05,nan,BLOCKED mode=MANUAL estop=False external_stop=False,False
50.6,1,nan,nan,nan,1.443439995080765e-05,3.551792073592563e-06,-6.32109568482706e-05,nan,BLOCKED mode=MANUAL estop=False external_stop=False,False
50.7,1,nan,nan,nan,1.4434399924465915e-05,3.5517920763846115e-06,-6.321095704370011e-05,nan,BLOCKED mode=MANUAL estop=False external_stop=False,False
50.7,1,nan,nan,nan,1.4434399924465915e-05,3.5517920763846115e-06,-6.321095704370011e-05,nan,BLOCKED mode=MANUAL estop=False external_stop=False,False
50.800000000000004,1,nan,nan,nan,1.4434399898399589e-05,3.5517920791695834e-06,-6.321095723758106e-05,nan,BLOCKED mode=MANUAL estop=False external_stop=False,False
50.800000000000004,1,nan,nan,nan,1.4434399898399589e-05,3.5517920791695834e-06,-6.321095723758106e-05,nan,BLOCKED mode=MANUAL estop=False external_stop=False,False
50.900000000000006,1,nan,nan,nan,1.4434399872630577e-05,3.5517920819700374e-06,-6.321095742932958e-05,nan,BLOCKED mode=MANUAL estop=False external_stop=False,False
50.900000000000006,1,nan,nan,nan,1.4434399872630577e-05,3.5517920819700374e-06,-6.321095742932958e-05,nan,BLOCKED mode=MANUAL estop=False external_stop=False,False
51.0,1,nan,nan,nan,1.4434399847102518e-05,3.551792084748649e-06,-6.321095761985001e-05,nan,BLOCKED mode=MANUAL estop=False external_stop=False,False
51.0,1,nan,nan,nan,1.4434399844566973e-05,3.5517920850275946e-06,-6.321095763875603e-05,nan,BLOCKED mode=MANUAL estop=False external_stop=False,False
51.1,1,nan,nan,nan,1.4434399821889319e-05,3.5517920875344725e-06,-6.321095780788971e-05,nan,BLOCKED mode=MANUAL estop=False external_stop=False,False
51.1,1,nan,nan,nan,1.4434399821889319e-05,3.5517920875344725e-06,-6.321095780788971e-05,nan,BLOCKED mode=MANUAL estop=False external_stop=False,False
51.2,1,nan,nan,nan,1.4434399796933389e-05,3.5517920902981657e-06,-6.321095799440467e-05,nan,BLOCKED mode=MANUAL estop=False external_stop=False,False
51.2,1,nan,nan,nan,1.4434399796933389e-05,3.5517920902981657e-06,-6.321095799440467e-05,nan,BLOCKED mode=MANUAL estop=False external_stop=False,False
51.300000000000004,1,nan,nan,nan,1.4434399772262528e-05,3.5517920930798083e-06,-6.321095817877576e-05,nan,BLOCKED mode=MANUAL estop=False external_stop=False,False
51.300000000000004,1,nan,nan,nan,1.4434399772262528e-05,3.5517920930798083e-06,-6.321095817877576e-05,nan,BLOCKED mode=MANUAL estop=False external_stop=False,False
51.400000000000006,1,nan,nan,nan,1.4434399747838487e-05,3.5517920958450986e-06,-6.321095836192832e-05,nan,BLOCKED mode=MANUAL estop=False external_stop=False,False
51.400000000000006,1,nan,nan,nan,1.4434399747838487e-05,3.5517920958450986e-06,-6.321095836192832e-05,nan,BLOCKED mode=MANUAL estop=False external_stop=False,False
51.5,1,nan,nan,nan,1.4434399723689979e-05,3.5517920986035194e-06,-6.321095854315399e-05,nan,BLOCKED mode=MANUAL estop=False external_stop=False,False
51.5,1,nan,nan,nan,1.4434399723689979e-05,3.5517920986035194e-06,-6.321095854315399e-05,nan,BLOCKED mode=MANUAL estop=False external_stop=False,False
51.6,1,nan,nan,nan,1.4434399699789545e-05,3.5517921013410596e-06,-6.321095872283555e-05,nan,BLOCKED mode=MANUAL estop=False external_stop=False,False
51.6,1,nan,nan,nan,1.4434399697412254e-05,3.5517921016137415e-06,-6.32109587407425e-05,nan,BLOCKED mode=MANUAL estop=False external_stop=False,False
51.7,1,nan,nan,nan,1.4434399676113072e-05,3.551792104060177e-06,-6.321095890128737e-05,nan,BLOCKED mode=MANUAL estop=False external_stop=False,False
51.7,1,nan,nan,nan,1.4434399676113072e-05,3.551792104060177e-06,-6.321095890128737e-05,nan,BLOCKED mode=MANUAL estop=False external_stop=False,False
51.800000000000004,1,nan,nan,nan,1.4434399652691196e-05,3.551792106773529e-06,-6.321095907796785e-05,nan,BLOCKED mode=MANUAL estop=False external_stop=False,False
51.800000000000004,1,nan,nan,nan,1.4434399652691196e-05,3.551792106773529e-06,-6.321095907796785e-05,nan,BLOCKED mode=MANUAL estop=False external_stop=False,False
51.900000000000006,1,nan,nan,nan,1.4434399629489219e-05,3.5517921094581763e-06,-6.321095925354395e-05,nan,BLOCKED mode=MANUAL estop=False external_stop=False,False
51.900000000000006,1,nan,nan,nan,1.4434399629489219e-05,3.5517921094581763e-06,-6.321095925354395e-05,nan,BLOCKED mode=MANUAL estop=False external_stop=False,False
52.0,1,nan,nan,nan,1.4434399606515332e-05,3.551792112141683e-06,-6.321095942760717e-05,nan,BLOCKED mode=MANUAL estop=False external_stop=False,False
52.0,1,nan,nan,nan,1.4434399606515332e-05,3.551792112141683e-06,-6.321095942760717e-05,nan,BLOCKED mode=MANUAL estop=False external_stop=False,False
52.1,1,nan,nan,nan,1.4434399583758142e-05,3.551792114813851e-06,-6.3210959600499e-05,nan,BLOCKED mode=MANUAL estop=False external_stop=False,False
52.1,1,nan,nan,nan,1.4434399583758142e-05,3.551792114813851e-06,-6.3210959600499e-05,nan,BLOCKED mode=MANUAL estop=False external_stop=False,False
52.2,1,nan,nan,nan,1.4434399561188248e-05,3.5517921174693424e-06,-6.32109597725051e-05,nan,BLOCKED mode=MANUAL estop=False external_stop=False,False
52.2,1,nan,nan,nan,1.4434399561188248e-05,3.5517921174693424e-06,-6.32109597725051e-05,nan,BLOCKED mode=MANUAL estop=False external_stop=False,False
52.300000000000004,1,nan,nan,nan,1.4434399538876836e-05,3.551792120139185e-06,-6.321095994243163e-05,nan,BLOCKED mode=MANUAL estop=False external_stop=False,False
52.300000000000004,1,nan,nan,nan,1.4434399538876836e-05,3.551792120139185e-06,-6.321095994243163e-05,nan,BLOCKED mode=MANUAL estop=False external_stop=False,False
52.400000000000006,1,nan,nan,nan,1.4434399516770204e-05,3.551792122778028e-06,-6.321096011130285e-05,nan,BLOCKED mode=MANUAL estop=False external_stop=False,False
52.400000000000006,1,nan,nan,nan,1.4434399516770204e-05,3.551792122778028e-06,-6.321096011130285e-05,nan,BLOCKED mode=MANUAL estop=False external_stop=False,False
52.5,1,nan,nan,nan,1.4434399494887242e-05,3.5517921254204597e-06,-6.321096027862487e-05,nan,BLOCKED mode=MANUAL estop=False external_stop=False,False
52.5,1,nan,nan,nan,1.4434399494887242e-05,3.5517921254204597e-06,-6.321096027862487e-05,nan,BLOCKED mode=MANUAL estop=False external_stop=False,False
52.6,1,nan,nan,nan,1.4434399473234876e-05,3.5517921280699076e-06,-6.321096044421664e-05,nan,BLOCKED mode=MANUAL estop=False external_stop=False,False
52.6,1,nan,nan,nan,1.4434399473234876e-05,3.5517921280699076e-06,-6.321096044421664e-05,nan,BLOCKED mode=MANUAL estop=False external_stop=False,False
52.7,1,nan,nan,nan,1.443439945175604e-05,3.5517921306979285e-06,-6.32109606091863e-05,nan,BLOCKED mode=MANUAL estop=False external_stop=False,False
52.7,1,nan,nan,nan,1.443439945175604e-05,3.5517921306979285e-06,-6.32109606091863e-05,nan,BLOCKED mode=MANUAL estop=False external_stop=False,False
52.800000000000004,1,nan,nan,nan,1.4434399430515665e-05,3.5517921333399873e-06,-6.321096077228396e-05,nan,BLOCKED mode=MANUAL estop=False external_stop=False,False
52.800000000000004,1,nan,nan,nan,1.4434399430515665e-05,3.5517921333399873e-06,-6.321096077228396e-05,nan,BLOCKED mode=MANUAL estop=False external_stop=False,False
52.900000000000006,1,nan,nan,nan,1.4434399409496827e-05,3.551792135978016e-06,-6.321096093380909e-05,nan,BLOCKED mode=MANUAL estop=False external_stop=False,False
52.900000000000006,1,nan,nan,nan,1.4434399409496827e-05,3.551792135978016e-06,-6.321096093380909e-05,nan,BLOCKED mode=MANUAL estop=False external_stop=False,False
53.0,1,nan,nan,nan,1.4434399388663312e-05,3.5517921385905413e-06,-6.321096109443117e-05,nan,BLOCKED mode=MANUAL estop=False external_stop=False,False
53.0,1,nan,nan,nan,1.4434399388663312e-05,3.5517921385905413e-06,-6.321096109443117e-05,nan,BLOCKED mode=MANUAL estop=False external_stop=False,False
53.1,1,nan,nan,nan,1.4434399368042516e-05,3.551792141213369e-06,-6.321096125344749e-05,nan,BLOCKED mode=MANUAL estop=False external_stop=False,False
53.1,1,nan,nan,nan,1.4434399368042516e-05,3.551792141213369e-06,-6.321096125344749e-05,nan,BLOCKED mode=MANUAL estop=False external_stop=False,False
53.2,1,nan,nan,nan,1.4434399347644792e-05,3.5517921438225126e-06,-6.32109614108436e-05,nan,BLOCKED mode=MANUAL estop=False external_stop=False,False
53.2,1,nan,nan,nan,1.4434399347644792e-05,3.5517921438225126e-06,-6.32109614108436e-05,nan,BLOCKED mode=MANUAL estop=False external_stop=False,False
53.300000000000004,1,nan,nan,nan,1.4434399327416562e-05,3.551792146421907e-06,-6.321096156751244e-05,nan,BLOCKED mode=MANUAL estop=False external_stop=False,False
53.300000000000004,1,nan,nan,nan,1.4434399327416562e-05,3.551792146421907e-06,-6.321096156751244e-05,nan,BLOCKED mode=MANUAL estop=False external_stop=False,False
53.400000000000006,1,nan,nan,nan,1.4434399307400104e-05,3.5517921490307903e-06,-6.321096172260504e-05,nan,BLOCKED mode=MANUAL estop=False external_stop=False,False
53.400000000000006,1,nan,nan,nan,1.4434399307400104e-05,3.5517921490307903e-06,-6.321096172260504e-05,nan,BLOCKED mode=MANUAL estop=False external_stop=False,False
53.5,1,nan,nan,nan,1.4434399287565779e-05,3.551792151638165e-06,-6.321096187669274e-05,nan,BLOCKED mode=MANUAL estop=False external_stop=False,False
53.5,1,nan,nan,nan,1.4434399287565779e-05,3.551792151638165e-06,-6.321096187669274e-05,nan,BLOCKED mode=MANUAL estop=False external_stop=False,False
53.6,1,nan,nan,nan,1.443439926788293e-05,3.55179215422044e-06,-6.321096203010022e-05,nan,BLOCKED mode=MANUAL estop=False external_stop=False,False
53.6,1,nan,nan,nan,1.443439926788293e-05,3.55179215422044e-06,-6.321096203010022e-05,nan,BLOCKED mode=MANUAL estop=False external_stop=False,False
53.7,1,nan,nan,nan,1.4434399248406775e-05,3.5517921568067645e-06,-6.321096218191013e-05,nan,BLOCKED mode=MANUAL estop=False external_stop=False,False
53.7,1,nan,nan,nan,1.4434399248406775e-05,3.5517921568067645e-06,-6.321096218191013e-05,nan,BLOCKED mode=MANUAL estop=False external_stop=False,False
53.800000000000004,1,nan,nan,nan,1.443439922913521e-05,3.5517921593851544e-06,-6.32109623321289e-05,nan,BLOCKED mode=MANUAL estop=False external_stop=False,False
53.800000000000004,1,nan,nan,nan,1.443439922913521e-05,3.5517921593851544e-06,-6.32109623321289e-05,nan,BLOCKED mode=MANUAL estop=False external_stop=False,False
53.900000000000006,1,nan,nan,nan,1.4434399210025578e-05,3.5517921619342166e-06,-6.32109624815985e-05,nan,BLOCKED mode=MANUAL estop=False external_stop=False,False
53.900000000000006,1,nan,nan,nan,1.4434399210025578e-05,3.5517921619342166e-06,-6.32109624815985e-05,nan,BLOCKED mode=MANUAL estop=False external_stop=False,False
54.0,1,nan,nan,nan,1.4434399191111667e-05,3.5517921644850237e-06,-6.32109626296264e-05,nan,BLOCKED mode=MANUAL estop=False external_stop=False,False
54.0,1,nan,nan,nan,1.4434399191111667e-05,3.5517921644850237e-06,-6.32109626296264e-05,nan,BLOCKED mode=MANUAL estop=False external_stop=False,False
54.1,1,nan,nan,nan,1.4434399172371133e-05,3.5517921670386625e-06,-6.321096277649786e-05,nan,BLOCKED mode=MANUAL estop=False external_stop=False,False
54.1,1,nan,nan,nan,1.4434399170505761e-05,3.551792167292798e-06,-6.321096279114957e-05,nan,BLOCKED mode=MANUAL estop=False external_stop=False,False
54.2,1,nan,nan,nan,1.4434399153768097e-05,3.551792169575207e-06,-6.321096292297404e-05,nan,BLOCKED mode=MANUAL estop=False external_stop=False,False
54.2,1,nan,nan,nan,1.4434399153768097e-05,3.551792169575207e-06,-6.321096292297404e-05,nan,BLOCKED mode=MANUAL estop=False external_stop=False,False
54.300000000000004,1,nan,nan,nan,1.4434399135334012e-05,3.5517921721021827e-06,-6.321096306837483e-05,nan,BLOCKED mode=MANUAL estop=False external_stop=False,False
54.300000000000004,1,nan,nan,nan,1.4434399135334012e-05,3.5517921721021827e-06,-6.321096306837483e-05,nan,BLOCKED mode=MANUAL estop=False external_stop=False,False
54.400000000000006,1,nan,nan,nan,1.4434399117084921e-05,3.551792174625591e-06,-6.32109632123632e-05,nan,BLOCKED mode=MANUAL estop=False external_stop=False,False
54.400000000000006,1,nan,nan,nan,1.4434399117084921e-05,3.551792174625591e-06,-6.32109632123632e-05,nan,BLOCKED mode=MANUAL estop=False external_stop=False,False
54.5,1,nan,nan,nan,1.4434399098987043e-05,3.5517921771422494e-06,-6.321096335553555e-05,nan,BLOCKED mode=MANUAL estop=False external_stop=False,False
54.5,1,nan,nan,nan,1.4434399098987043e-05,3.5517921771422494e-06,-6.321096335553555e-05,nan,BLOCKED mode=MANUAL estop=False external_stop=False,False
54.6,1,nan,nan,nan,1.443439908102851e-05,3.551792179635341e-06,-6.321096349808093e-05,nan,BLOCKED mode=MANUAL estop=False external_stop=False,False
54.6,1,nan,nan,nan,1.443439908102851e-05,3.551792179635341e-06,-6.321096349808093e-05,nan,BLOCKED mode=MANUAL estop=False external_stop=False,False
54.7,1,nan,nan,nan,1.4434399063227233e-05,3.5517921821235434e-06,-6.321096363953371e-05,nan,BLOCKED mode=MANUAL estop=False external_stop=False,False
54.7,1,nan,nan,nan,1.4434399063227233e-05,3.5517921821235434e-06,-6.321096363953371e-05,nan,BLOCKED mode=MANUAL estop=False external_stop=False,False
54.800000000000004,1,nan,nan,nan,1.4434399045595463e-05,3.5517921846080355e-06,-6.321096377957762e-05,nan,BLOCKED mode=MANUAL estop=False external_stop=False,False
54.800000000000004,1,nan,nan,nan,1.4434399045595463e-05,3.5517921846080355e-06,-6.321096377957762e-05,nan,BLOCKED mode=MANUAL estop=False external_stop=False,False
54.900000000000006,1,nan,nan,nan,1.4434399028103233e-05,3.5517921870881983e-06,-6.321096391905669e-05,nan,BLOCKED mode=MANUAL estop=False external_stop=False,False
54.900000000000006,1,nan,nan,nan,1.4434399028103233e-05,3.5517921870881983e-06,-6.321096391905669e-05,nan,BLOCKED mode=MANUAL estop=False external_stop=False,False
55.0,1,nan,nan,nan,1.4434399010737866e-05,3.551792189555608e-06,-6.32109640579367e-05,nan,BLOCKED mode=MANUAL estop=False external_stop=False,False
55.0,1,nan,nan,nan,1.4434399010737866e-05,3.551792189555608e-06,-6.32109640579367e-05,nan,BLOCKED mode=MANUAL estop=False external_stop=False,False
55.1,1,nan,nan,nan,1.443439899352908e-05,3.5517921920369794e-06,-6.321096419574075e-05,nan,BLOCKED mode=MANUAL estop=False external_stop=False,False
55.1,1,nan,nan,nan,1.443439899352908e-05,3.5517921920369794e-06,-6.321096419574075e-05,nan,BLOCKED mode=MANUAL estop=False external_stop=False,False
55.2,1,nan,nan,nan,1.4434398976493485e-05,3.5517921945277467e-06,-6.321096433213267e-05,nan,BLOCKED mode=MANUAL estop=False external_stop=False,False
55.2,1,nan,nan,nan,1.4434398976493485e-05,3.5517921945277467e-06,-6.321096433213267e-05,nan,BLOCKED mode=MANUAL estop=False external_stop=False,False
55.300000000000004,1,nan,nan,nan,1.4434398959559561e-05,3.551792197000726e-06,-6.321096446838057e-05,nan,BLOCKED mode=MANUAL estop=False external_stop=False,False
55.300000000000004,1,nan,nan,nan,1.4434398957873586e-05,3.5517921972466217e-06,-6.321096448198026e-05,nan,BLOCKED mode=MANUAL estop=False external_stop=False,False
55.400000000000006,1,nan,nan,nan,1.4434398942753801e-05,3.5517921994573997e-06,-6.321096460393492e-05,nan,BLOCKED mode=MANUAL estop=False external_stop=False,False
55.400000000000006,1,nan,nan,nan,1.4434398942753801e-05,3.5517921994573997e-06,-6.321096460393492e-05,nan,BLOCKED mode=MANUAL estop=False external_stop=False,False
55.5,1,nan,nan,nan,1.4434398926094614e-05,3.551792201911705e-06,-6.321096473824747e-05,nan,BLOCKED mode=MANUAL estop=False external_stop=False,False
55.5,1,nan,nan,nan,1.4434398926094614e-05,3.551792201911705e-06,-6.321096473824747e-05,nan,BLOCKED mode=MANUAL estop=False external_stop=False,False
55.6,1,nan,nan,nan,1.4434398909611307e-05,3.5517922043689457e-06,-6.321096487108742e-05,nan,BLOCKED mode=MANUAL estop=False external_stop=False,False
55.6,1,nan,nan,nan,1.4434398909611307e-05,3.5517922043689457e-06,-6.321096487108742e-05,nan,BLOCKED mode=MANUAL estop=False external_stop=False,False
55.7,1,nan,nan,nan,1.443439889326678e-05,3.551792206807947e-06,-6.321096500312819e-05,nan,BLOCKED mode=MANUAL estop=False external_stop=False,False
55.7,1,nan,nan,nan,1.443439889326678e-05,3.551792206807947e-06,-6.321096500312819e-05,nan,BLOCKED mode=MANUAL estop=False external_stop=False,False
55.800000000000004,1,nan,nan,nan,1.4434398877046802e-05,3.551792209222477e-06,-6.321096513449973e-05,nan,BLOCKED mode=MANUAL estop=False external_stop=False,False
55.800000000000004,1,nan,nan,nan,1.4434398877046802e-05,3.551792209222477e-06,-6.321096513449973e-05,nan,BLOCKED mode=MANUAL estop=False external_stop=False,False
55.900000000000006,1,nan,nan,nan,1.4434398860979162e-05,3.551792211638377e-06,-6.321096526469741e-05,nan,BLOCKED mode=MANUAL estop=False external_stop=False,False
55.900000000000006,1,nan,nan,nan,1.4434398860979162e-05,3.551792211638377e-06,-6.321096526469741e-05,nan,BLOCKED mode=MANUAL estop=False external_stop=False,False
56.0,1,nan,nan,nan,1.4434398845064973e-05,3.551792214069578e-06,-6.321096539373583e-05,nan,BLOCKED mode=MANUAL estop=False external_stop=False,False
56.0,1,nan,nan,nan,1.4434398845064973e-05,3.551792214069578e-06,-6.321096539373583e-05,nan,BLOCKED mode=MANUAL estop=False external_stop=False,False
56.1,1,nan,nan,nan,1.4434398829274844e-05,3.551792216493813e-06,-6.321096552209523e-05,nan,BLOCKED mode=MANUAL estop=False external_stop=False,False
56.1,1,nan,nan,nan,1.4434398829274844e-05,3.551792216493813e-06,-6.321096552209523e-05,nan,BLOCKED mode=MANUAL estop=False external_stop=False,False
56.2,1,nan,nan,nan,1.4434398813580783e-05,3.551792218900489e-06,-6.321096565019734e-05,nan,BLOCKED mode=MANUAL estop=False external_stop=False,False
56.2,1,nan,nan,nan,1.4434398813580783e-05,3.551792218900489e-06,-6.321096565019734e-05,nan,BLOCKED mode=MANUAL estop=False external_stop=False,False
56.300000000000004,1,nan,nan,nan,1.4434398798000771e-05,3.551792221306803e-06,-6.321096577760035e-05,nan,BLOCKED mode=MANUAL estop=False external_stop=False,False
56.300000000000004,1,nan,nan,nan,1.4434398798000771e-05,3.551792221306803e-06,-6.321096577760035e-05,nan,BLOCKED mode=MANUAL estop=False external_stop=False,False
56.400000000000006,1,nan,nan,nan,1.4434398782571156e-05,3.551792223716659e-06,-6.321096590391936e-05,nan,BLOCKED mode=MANUAL estop=False external_stop=False,False
56.400000000000006,1,nan,nan,nan,1.4434398782571156e-05,3.551792223716659e-06,-6.321096590391936e-05,nan,BLOCKED mode=MANUAL estop=False external_stop=False,False
56.5,1,nan,nan,nan,1.4434398767283843e-05,3.5517922261267322e-06,-6.321096602912223e-05,nan,BLOCKED mode=MANUAL estop=False external_stop=False,False
56.5,1,nan,nan,nan,1.4434398767283843e-05,3.5517922261267322e-06,-6.321096602912223e-05,nan,BLOCKED mode=MANUAL estop=False external_stop=False,False
56.6,1,nan,nan,nan,1.4434398750595742e-05,3.5517922287540785e-06,-6.321096616624296e-05,nan,BLOCKED mode=MANUAL estop=False external_stop=False,False
56.6,1,nan,nan,nan,1.4434398750595742e-05,3.5517922287540785e-06,-6.321096616624296e-05,nan,BLOCKED mode=MANUAL estop=False external_stop=False,False
56.7,1,nan,nan,nan,1.4434398737038565e-05,3.5517922308909846e-06,-6.321096627794515e-05,nan,BLOCKED mode=MANUAL estop=False external_stop=False,False
56.7,1,nan,nan,nan,1.4434398737038565e-05,3.5517922308909846e-06,-6.321096627794515e-05,nan,BLOCKED mode=MANUAL estop=False external_stop=False,False
56.800000000000004,1,nan,nan,nan,1.4434398722101117e-05,3.5517922332609134e-06,-6.321096640106154e-05,nan,BLOCKED mode=MANUAL estop=False external_stop=False,False
56.800000000000004,1,nan,nan,nan,1.4434398722101117e-05,3.5517922332609134e-06,-6.321096640106154e-05,nan,BLOCKED mode=MANUAL estop=False external_stop=False,False
56.900000000000006,1,nan,nan,nan,1.4434398707287595e-05,3.551792235643439e-06,-6.321096652329683e-05,nan,BLOCKED mode=MANUAL estop=False external_stop=False,False
56.900000000000006,1,nan,nan,nan,1.4434398707287595e-05,3.551792235643439e-06,-6.321096652329683e-05,nan,BLOCKED mode=MANUAL estop=False external_stop=False,False
57.0,1,nan,nan,nan,1.4434398692590253e-05,3.5517922380305877e-06,-6.321096664468396e-05,nan,BLOCKED mode=MANUAL estop=False external_stop=False,False
57.0,1,nan,nan,nan,1.4434398692590253e-05,3.5517922380305877e-06,-6.321096664468396e-05,nan,BLOCKED mode=MANUAL estop=False external_stop=False,False
57.1,1,nan,nan,nan,1.4434398678002657e-05,3.551792240408141e-06,-6.321096676556967e-05,nan,BLOCKED mode=MANUAL estop=False external_stop=False,False
57.1,1,nan,nan,nan,1.4434398678002657e-05,3.551792240408141e-06,-6.321096676556967e-05,nan,BLOCKED mode=MANUAL estop=False external_stop=False,False
57.2,1,nan,nan,nan,1.4434398663501192e-05,3.551792242774964e-06,-6.321096688623495e-05,nan,BLOCKED mode=MANUAL estop=False external_stop=False,False
57.2,1,nan,nan,nan,1.4434398663501192e-05,3.551792242774964e-06,-6.321096688623495e-05,nan,BLOCKED mode=MANUAL estop=False external_stop=False,False
57.300000000000004,1,nan,nan,nan,1.4434398649102215e-05,3.5517922451408423e-06,-6.3210967006253e-05,nan,BLOCKED mode=MANUAL estop=False external_stop=False,False
57.300000000000004,1,nan,nan,nan,1.4434398649102215e-05,3.5517922451408423e-06,-6.3210967006253e-05,nan,BLOCKED mode=MANUAL estop=False external_stop=False,False
57.400000000000006,1,nan,nan,nan,1.4434398634824241e-05,3.551792247516243e-06,-6.321096712533222e-05,nan,BLOCKED mode=MANUAL estop=False external_stop=False,False
57.400000000000006,1,nan,nan,nan,1.4434398634824241e-05,3.551792247516243e-06,-6.321096712533222e-05,nan,BLOCKED mode=MANUAL estop=False external_stop=False,False
57.50000000000001,1,nan,nan,nan,1.4434398620667835e-05,3.551792249893136e-06,-6.321096724344454e-05,nan,BLOCKED mode=MANUAL estop=False external_stop=False,False
57.50000000000001,1,nan,nan,nan,1.4434398620667835e-05,3.551792249893136e-06,-6.321096724344454e-05,nan,BLOCKED mode=MANUAL estop=False external_stop=False,False
57.6,1,nan,nan,nan,1.443439860660683e-05,3.5517922522599094e-06,-6.321096736106942e-05,nan,BLOCKED mode=MANUAL estop=False external_stop=False,False
57.6,1,nan,nan,nan,1.443439860660683e-05,3.5517922522599094e-06,-6.321096736106942e-05,nan,BLOCKED mode=MANUAL estop=False external_stop=False,False
57.7,1,nan,nan,nan,1.4434398592628514e-05,3.5517922546029165e-06,-6.321096747843477e-05,nan,BLOCKED mode=MANUAL estop=False external_stop=False,False
57.7,1,nan,nan,nan,1.4434398592628514e-05,3.5517922546029165e-06,-6.321096747843477e-05,nan,BLOCKED mode=MANUAL estop=False external_stop=False,False
57.800000000000004,1,nan,nan,nan,1.4434398578758158e-05,3.5517922569367696e-06,-6.321096759495963e-05,nan,BLOCKED mode=MANUAL estop=False external_stop=False,False
57.800000000000004,1,nan,nan,nan,1.4434398578758158e-05,3.5517922569367696e-06,-6.321096759495963e-05,nan,BLOCKED mode=MANUAL estop=False external_stop=False,False
57.900000000000006,1,nan,nan,nan,1.44343985649988e-05,3.551792259270764e-06,-6.321096771056328e-05,nan,BLOCKED mode=MANUAL estop=False external_stop=False,False
57.900000000000006,1,nan,nan,nan,1.44343985649988e-05,3.551792259270764e-06,-6.321096771056328e-05,nan,BLOCKED mode=MANUAL estop=False external_stop=False,False
58.00000000000001,1,nan,nan,nan,1.443439855136014e-05,3.5517922615996818e-06,-6.321096782511046e-05,nan,BLOCKED mode=MANUAL estop=False external_stop=False,False
58.00000000000001,1,nan,nan,nan,1.443439855136014e-05,3.5517922615996818e-06,-6.321096782511046e-05,nan,BLOCKED mode=MANUAL estop=False external_stop=False,False
58.1,1,nan,nan,nan,1.4434398537863736e-05,3.5517922639272474e-06,-6.321096793845051e-05,nan,BLOCKED mode=MANUAL estop=False external_stop=False,False
58.1,1,nan,nan,nan,1.4434398536520325e-05,3.5517922641582333e-06,-6.321096794974385e-05,nan,BLOCKED mode=MANUAL estop=False external_stop=False,False
58.2,1,nan,nan,nan,1.443439852446158e-05,3.5517922662312223e-06,-6.32109680513176e-05,nan,BLOCKED mode=MANUAL estop=False external_stop=False,False
58.2,1,nan,nan,nan,1.443439852446158e-05,3.5517922662312223e-06,-6.32109680513176e-05,nan,BLOCKED mode=MANUAL estop=False external_stop=False,False
58.300000000000004,1,nan,nan,nan,1.4434398511136158e-05,3.551792268524726e-06,-6.321096816403564e-05,nan,BLOCKED mode=MANUAL estop=False external_stop=False,False
58.300000000000004,1,nan,nan,nan,1.4434398511136158e-05,3.551792268524726e-06,-6.321096816403564e-05,nan,BLOCKED mode=MANUAL estop=False external_stop=False,False
58.400000000000006,1,nan,nan,nan,1.4434398497901938e-05,3.551792270817019e-06,-6.321096827623464e-05,nan,BLOCKED mode=MANUAL estop=False external_stop=False,False
58.400000000000006,1,nan,nan,nan,1.4434398497901938e-05,3.551792270817019e-06,-6.321096827623464e-05,nan,BLOCKED mode=MANUAL estop=False external_stop=False,False
58.50000000000001,1,nan,nan,nan,1.443439848477325e-05,3.5517922731146034e-06,-6.32109683876361e-05,nan,BLOCKED mode=MANUAL estop=False external_stop=False,False
58.50000000000001,1,nan,nan,nan,1.443439848477325e-05,3.5517922731146034e-06,-6.32109683876361e-05,nan,BLOCKED mode=MANUAL estop=False external_stop=False,False
58.6,1,nan,nan,nan,1.4434398471751659e-05,3.5517922754188676e-06,-6.321096849820831e-05,nan,BLOCKED mode=MANUAL estop=False external_stop=False,False
58.6,1,nan,nan,nan,1.4434398471751659e-05,3.5517922754188676e-06,-6.321096849820831e-05,nan,BLOCKED mode=MANUAL estop=False external_stop=False,False
58.7,1,nan,nan,nan,1.4434398458831301e-05,3.551792277725153e-06,-6.321096860808442e-05,nan,BLOCKED mode=MANUAL estop=False external_stop=False,False
58.7,1,nan,nan,nan,1.4434398458831301e-05,3.551792277725153e-06,-6.321096860808442e-05,nan,BLOCKED mode=MANUAL estop=False external_stop=False,False
58.800000000000004,1,nan,nan,nan,1.4434398445995901e-05,3.5517922800256435e-06,-6.321096871753079e-05,nan,BLOCKED mode=MANUAL estop=False external_stop=False,False
58.800000000000004,1,nan,nan,nan,1.4434398445995901e-05,3.5517922800256435e-06,-6.321096871753079e-05,nan,BLOCKED mode=MANUAL estop=False external_stop=False,False
58.900000000000006,1,nan,nan,nan,1.4434398433219464e-05,3.5517922823108126e-06,-6.321096882695638e-05,nan,BLOCKED mode=MANUAL estop=False external_stop=False,False
58.900000000000006,1,nan,nan,nan,1.4434398433219464e-05,3.5517922823108126e-06,-6.321096882695638e-05,nan,BLOCKED mode=MANUAL estop=False external_stop=False,False
59.00000000000001,1,nan,nan,nan,1.4434398420505959e-05,3.5517922845916593e-06,-6.321096893612674e-05,nan,BLOCKED mode=MANUAL estop=False external_stop=False,False
59.00000000000001,1,nan,nan,nan,1.4434398420505959e-05,3.5517922845916593e-06,-6.321096893612674e-05,nan,BLOCKED mode=MANUAL estop=False external_stop=False,False
59.1,1,nan,nan,nan,1.4434398407889393e-05,3.551792286874567e-06,-6.32109690446382e-05,nan,BLOCKED mode=MANUAL estop=False external_stop=False,False
59.1,1,nan,nan,nan,1.4434398407889393e-05,3.551792286874567e-06,-6.32109690446382e-05,nan,BLOCKED mode=MANUAL estop=False external_stop=False,False
59.2,1,nan,nan,nan,1.4434398395361046e-05,3.5517922891551154e-06,-6.321096915249175e-05,nan,BLOCKED mode=MANUAL estop=False external_stop=False,False
59.2,1,nan,nan,nan,1.4434398395361046e-05,3.5517922891551154e-06,-6.321096915249175e-05,nan,BLOCKED mode=MANUAL estop=False external_stop=False,False
59.300000000000004,1,nan,nan,nan,1.443439838293444e-05,3.5517922914359303e-06,-6.32109692594679e-05,nan,BLOCKED mode=MANUAL estop=False external_stop=False,False
59.300000000000004,1,nan,nan,nan,1.443439838293444e-05,3.5517922914359303e-06,-6.32109692594679e-05,nan,BLOCKED mode=MANUAL estop=False external_stop=False,False
59.400000000000006,1,nan,nan,nan,1.443439837060135e-05,3.551792293711088e-06,-6.321096936572751e-05,nan,BLOCKED mode=MANUAL estop=False external_stop=False,False
59.400000000000006,1,nan,nan,nan,1.443439837060135e-05,3.551792293711088e-06,-6.321096936572751e-05,nan,BLOCKED mode=MANUAL estop=False external_stop=False,False
59.50000000000001,1,nan,nan,nan,1.4434398358347844e-05,3.551792295972857e-06,-6.321096947154011e-05,nan,BLOCKED mode=MANUAL estop=False external_stop=False,False
59.50000000000001,1,nan,nan,nan,1.4434398358347844e-05,3.551792295972857e-06,-6.321096947154011e-05,nan,BLOCKED mode=MANUAL estop=False external_stop=False,False
59.6,1,nan,nan,nan,1.4434398346153668e-05,3.5517922982244805e-06,-6.321096957723359e-05,nan,BLOCKED mode=MANUAL estop=False external_stop=False,False
59.6,1,nan,nan,nan,1.4434398346153668e-05,3.5517922982244805e-06,-6.321096957723359e-05,nan,BLOCKED mode=MANUAL estop=False external_stop=False,False
59.7,1,nan,nan,nan,1.4434398334021112e-05,3.551792300466594e-06,-6.321096968272599e-05,nan,BLOCKED mode=MANUAL estop=False external_stop=False,False
59.7,1,nan,nan,nan,1.4434398334021112e-05,3.551792300466594e-06,-6.321096968272599e-05,nan,BLOCKED mode=MANUAL estop=False external_stop=False,False
59.800000000000004,1,nan,nan,nan,1.4434398321962346e-05,3.5517923027134917e-06,-6.321096978771182e-05,nan,BLOCKED mode=MANUAL estop=False external_stop=False,False
59.800000000000004,1,nan,nan,nan,1.4434398321962346e-05,3.5517923027134917e-06,-6.321096978771182e-05,nan,BLOCKED mode=MANUAL estop=False external_stop=False,False
59.900000000000006,1,nan,nan,nan,1.4434398309983467e-05,3.551792304960888e-06,-6.32109698921201e-05,nan,BLOCKED mode=MANUAL estop=False external_stop=False,False
59.900000000000006,1,nan,nan,nan,1.4434398309983467e-05,3.551792304960888e-06,-6.32109698921201e-05,nan,BLOCKED mode=MANUAL estop=False external_stop=False,False
60.00000000000001,1,nan,nan,nan,1.4434398298081797e-05,3.5517923072117656e-06,-6.321096999594594e-05,nan,BLOCKED mode=MANUAL estop=False external_stop=False,False
60.00000000000001,1,nan,nan,nan,1.4434398298081797e-05,3.5517923072117656e-06,-6.321096999594594e-05,nan,BLOCKED mode=MANUAL estop=False external_stop=False,False
60.1,1,nan,nan,nan,1.4434398286261274e-05,3.5517923094701346e-06,-6.32109700991153e-05,nan,BLOCKED mode=MANUAL estop=False external_stop=False,False
60.1,1,nan,nan,nan,1.4434398286261274e-05,3.5517923094701346e-06,-6.32109700991153e-05,nan,BLOCKED mode=MANUAL estop=False external_stop=False,False
60.2,1,nan,nan,nan,1.4434398274503374e-05,3.5517923117253946e-06,-6.321097020194234e-05,nan,BLOCKED mode=MANUAL estop=False external_stop=False,False
60.2,1,nan,nan,nan,1.4434398274503374e-05,3.5517923117253946e-06,-6.321097020194234e-05,nan,BLOCKED mode=MANUAL estop=False external_stop=False,False
60.300000000000004,1,nan,nan,nan,1.4434398262813339e-05,3.5517923139764236e-06,-6.321097030451166e-05,nan,BLOCKED mode=MANUAL estop=False external_stop=False,False
60.300000000000004,1,nan,nan,nan,1.4434398262813339e-05,3.5517923139764236e-06,-6.321097030451166e-05,nan,BLOCKED mode=MANUAL estop=False external_stop=False,False
60.400000000000006,1,nan,nan,nan,1.4434398251163853e-05,3.551792316206771e-06,-6.321097040716119e-05,nan,BLOCKED mode=MANUAL estop=False external_stop=False,False
60.400000000000006,1,nan,nan,nan,1.4434398251163853e-05,3.551792316206771e-06,-6.321097040716119e-05,nan,BLOCKED mode=MANUAL estop=False external_stop=False,False
60.50000000000001,1,nan,nan,nan,1.4434398239568827e-05,3.5517923184387977e-06,-6.321097050956656e-05,nan,BLOCKED mode=MANUAL estop=False external_stop=False,False
60.50000000000001,1,nan,nan,nan,1.4434398239568827e-05,3.5517923184387977e-06,-6.321097050956656e-05,nan,BLOCKED mode=MANUAL estop=False external_stop=False,False
60.6,1,nan,nan,nan,1.443439822803769e-05,3.5517923206721445e-06,-6.321097061154791e-05,nan,BLOCKED mode=MANUAL estop=False external_stop=False,False
60.6,1,nan,nan,nan,1.443439822803769e-05,3.5517923206721445e-06,-6.321097061154791e-05,nan,BLOCKED mode=MANUAL estop=False external_stop=False,False
60.7,1,nan,nan,nan,1.4434398216576384e-05,3.5517923229097616e-06,-6.321097071299153e-05,nan,BLOCKED mode=MANUAL estop=False external_stop=False,False
60.7,1,nan,nan,nan,1.4434398216576384e-05,3.5517923229097616e-06,-6.321097071299153e-05,nan,BLOCKED mode=MANUAL estop=False external_stop=False,False
60.800000000000004,1,nan,nan,nan,1.4434398205187956e-05,3.5517923251488347e-06,-6.321097081383853e-05,nan,BLOCKED mode=MANUAL estop=False external_stop=False,False
60.800000000000004,1,nan,nan,nan,1.4434398205187956e-05,3.5517923251488347e-06,-6.321097081383853e-05,nan,BLOCKED mode=MANUAL estop=False external_stop=False,False
60.900000000000006,1,nan,nan,nan,1.4434398193871364e-05,3.551792327383476e-06,-6.321097091413574e-05,nan,BLOCKED mode=MANUAL estop=False external_stop=False,False
60.900000000000006,1,nan,nan,nan,1.4434398193871364e-05,3.551792327383476e-06,-6.321097091413574e-05,nan,BLOCKED mode=MANUAL estop=False external_stop=False,False
61.00000000000001,1,nan,nan,nan,1.4434398182637984e-05,3.5517923296174523e-06,-6.321097101368768e-05,nan,BLOCKED mode=MANUAL estop=False external_stop=False,False
61.00000000000001,1,nan,nan,nan,1.4434398182637984e-05,3.5517923296174523e-06,-6.321097101368768e-05,nan,BLOCKED mode=MANUAL estop=False external_stop=False,False
61.1,1,nan,nan,nan,1.4434398171473641e-05,3.5517923318444493e-06,-6.321097111274695e-05,nan,BLOCKED mode=MANUAL estop=False external_stop=False,False
61.1,1,nan,nan,nan,1.4434398171473641e-05,3.5517923318444493e-06,-6.321097111274695e-05,nan,BLOCKED mode=MANUAL estop=False external_stop=False,False
61.2,1,nan,nan,nan,1.4434398160356559e-05,3.551792334049129e-06,-6.321097121174597e-05,nan,BLOCKED mode=MANUAL estop=False external_stop=False,False
61.2,1,nan,nan,nan,1.4434398160356559e-05,3.551792334049129e-06,-6.321097121174597e-05,nan,BLOCKED mode=MANUAL estop=False external_stop=False,False
61.300000000000004,1,nan,nan,nan,1.44343981492898e-05,3.551792336239393e-06,-6.321097131057266e-05,nan,BLOCKED mode=MANUAL estop=False external_stop=False,False
61.300000000000004,1,nan,nan,nan,1.44343981492898e-05,3.551792336239393e-06,-6.321097131057266e-05,nan,BLOCKED mode=MANUAL estop=False external_stop=False,False
61.400000000000006,1,nan,nan,nan,1.4434398138273412e-05,3.5517923384188573e-06,-6.321097140912554e-05,nan,BLOCKED mode=MANUAL estop=False external_stop=False,False
61.400000000000006,1,nan,nan,nan,1.4434398138273412e-05,3.5517923384188573e-06,-6.321097140912554e-05,nan,BLOCKED mode=MANUAL estop=False external_stop=False,False
61.50000000000001,1,nan,nan,nan,1.4434398127327868e-05,3.551792340597459e-06,-6.321097150705304e-05,nan,BLOCKED mode=MANUAL estop=False external_stop=False,False
61.50000000000001,1,nan,nan,nan,1.4434398127327868e-05,3.551792340597459e-06,-6.321097150705304e-05,nan,BLOCKED mode=MANUAL estop=False external_stop=False,False
61.6,1,nan,nan,nan,1.443439811645923e-05,3.5517923427743766e-06,-6.321097160432453e-05,nan,BLOCKED mode=MANUAL estop=False external_stop=False,False
61.6,1,nan,nan,nan,1.443439811645923e-05,3.5517923427743766e-06,-6.321097160432453e-05,nan,BLOCKED mode=MANUAL estop=False external_stop=False,False
61.7,1,nan,nan,nan,1.4434398105660646e-05,3.551792344952912e-06,-6.321097170096139e-05,nan,BLOCKED mode=MANUAL estop=False external_stop=False,False
61.7,1,nan,nan,nan,1.4434398105660646e-05,3.551792344952912e-06,-6.321097170096139e-05,nan,BLOCKED mode=MANUAL estop=False external_stop=False,False
61.800000000000004,1,nan,nan,nan,1.443439809493238e-05,3.5517923471262303e-06,-6.321097179705469e-05,nan,BLOCKED mode=MANUAL estop=False external_stop=False,False
61.800000000000004,1,nan,nan,nan,1.443439809493238e-05,3.5517923471262303e-06,-6.321097179705469e-05,nan,BLOCKED mode=MANUAL estop=False external_stop=False,False
61.900000000000006,1,nan,nan,nan,1.4434398084298458e-05,3.551792349306562e-06,-6.321097189230035e-05,nan,BLOCKED mode=MANUAL estop=False external_stop=False,False
61.900000000000006,1,nan,nan,nan,1.4434398084298458e-05,3.551792349306562e-06,-6.321097189230035e-05,nan,BLOCKED mode=MANUAL estop=False external_stop=False,False
62.00000000000001,1,nan,nan,nan,1.443439807373206e-05,3.5517923514892e-06,-6.321097198708351e-05,nan,BLOCKED mode=MANUAL estop=False external_stop=False,False
62.00000000000001,1,nan,nan,nan,1.443439807373206e-05,3.5517923514892e-06,-6.321097198708351e-05,nan,BLOCKED mode=MANUAL estop=False external_stop=False,False
62.1,1,nan,nan,nan,1.4434398063210221e-05,3.5517923536605156e-06,-6.321097208183743e-05,nan,BLOCKED mode=MANUAL estop=False external_stop=False,False
62.1,1,nan,nan,nan,1.4434398063210221e-05,3.5517923536605156e-06,-6.321097208183743e-05,nan,BLOCKED mode=MANUAL estop=False external_stop=False,False
62.2,1,nan,nan,nan,1.443439805273542e-05,3.5517923558246344e-06,-6.321097217645465e-05,nan,BLOCKED mode=MANUAL estop=False external_stop=False,False
62.2,1,nan,nan,nan,1.443439805273542e-05,3.5517923558246344e-06,-6.321097217645465e-05,nan,BLOCKED mode=MANUAL estop=False external_stop=False,False
62.300000000000004,1,nan,nan,nan,1.4434398042304467e-05,3.551792357982251e-06,-6.321097227090546e-05,nan,BLOCKED mode=MANUAL estop=False external_stop=False,False
62.300000000000004,1,nan,nan,nan,1.4434398042304467e-05,3.551792357982251e-06,-6.321097227090546e-05,nan,BLOCKED mode=MANUAL estop=False external_stop=False,False
62.400000000000006,1,nan,nan,nan,1.4434398031931651e-05,3.551792360143511e-06,-6.32109723650008e-05,nan,BLOCKED mode=MANUAL estop=False external_stop=False,False
62.400000000000006,1,nan,nan,nan,1.4434398031931651e-05,3.551792360143511e-06,-6.32109723650008e-05,nan,BLOCKED mode=MANUAL estop=False external_stop=False,False
62.50000000000001,1,nan,nan,nan,1.4434398021606094e-05,3.551792362299716e-06,-6.321097245883164e-05,nan,BLOCKED mode=MANUAL estop=False external_stop=False,False
62.50000000000001,1,nan,nan,nan,1.4434398020574454e-05,3.5517923625149906e-06,-6.321097246821373e-05,nan,BLOCKED mode=MANUAL estop=False external_stop=False,False
62.6,1,nan,nan,nan,1.443439801133502e-05,3.5517923644592975e-06,-6.321097255228044e-05,nan,BLOCKED mode=MANUAL estop=False external_stop=False,False
62.6,1,nan,nan,nan,1.443439801133502e-05,3.5517923644592975e-06,-6.321097255228044e-05,nan,BLOCKED mode=MANUAL estop=False external_stop=False,False
62.7,1,nan,nan,nan,1.4434398001123159e-05,3.551792366621905e-06,-6.321097264525982e-05,nan,BLOCKED mode=MANUAL estop=False external_stop=False,False
62.7,1,nan,nan,nan,1.4434398001123159e-05,3.551792366621905e-06,-6.321097264525982e-05,nan,BLOCKED mode=MANUAL estop=False external_stop=False,False
62.800000000000004,1,nan,nan,nan,1.4434397990967196e-05,3.5517923687891385e-06,-6.321097273786118e-05,nan,BLOCKED mode=MANUAL estop=False external_stop=False,False
62.800000000000004,1,nan,nan,nan,1.4434397990967196e-05,3.5517923687891385e-06,-6.321097273786118e-05,nan,BLOCKED mode=MANUAL estop=False external_stop=False,False
62.900000000000006,1,nan,nan,nan,1.4434397980878483e-05,3.551792370964392e-06,-6.32109728298595e-05,nan,BLOCKED mode=MANUAL estop=False external_stop=False,False
62.900000000000006,1,nan,nan,nan,1.4434397980878483e-05,3.551792370964392e-06,-6.32109728298595e-05,nan,BLOCKED mode=MANUAL estop=False external_stop=False,False
63.00000000000001,1,nan,nan,nan,1.4434397970851965e-05,3.551792373142903e-06,-6.321097292136757e-05,nan,BLOCKED mode=MANUAL estop=False external_stop=False,False
63.00000000000001,1,nan,nan,nan,1.4434397970851965e-05,3.551792373142903e-06,-6.321097292136757e-05,nan,BLOCKED mode=MANUAL estop=False external_stop=False,False
63.1,1,nan,nan,nan,1.4434397960884416e-05,3.551792375322049e-06,-6.321097301247693e-05,nan,BLOCKED mode=MANUAL estop=False external_stop=False,False
63.1,1,nan,nan,nan,1.4434397959888709e-05,3.5517923755380497e-06,-6.321097302159907e-05,nan,BLOCKED mode=MANUAL estop=False external_stop=False,False
63.2,1,nan,nan,nan,1.4434397950956187e-05,3.5517923774954633e-06,-6.321097310344431e-05,nan,BLOCKED mode=MANUAL estop=False external_stop=False,False
63.2,1,nan,nan,nan,1.4434397950956187e-05,3.5517923774954633e-06,-6.321097310344431e-05,nan,BLOCKED mode=MANUAL estop=False external_stop=False,False
63.300000000000004,1,nan,nan,nan,1.4434397941064076e-05,3.5517923796590967e-06,-6.321097319434916e-05,nan,BLOCKED mode=MANUAL estop=False external_stop=False,False
63.300000000000004,1,nan,nan,nan,1.4434397941064076e-05,3.5517923796590967e-06,-6.321097319434916e-05,nan,BLOCKED mode=MANUAL estop=False external_stop=False,False
63.400000000000006,1,nan,nan,nan,1.4434397931199684e-05,3.5517923818142555e-06,-6.321097328532926e-05,nan,BLOCKED mode=MANUAL estop=False external_stop=False,False
63.400000000000006,1,nan,nan,nan,1.4434397931199684e-05,3.5517923818142555e-06,-6.321097328532926e-05,nan,BLOCKED mode=MANUAL estop=False external_stop=False,False
63.50000000000001,1,nan,nan,nan,1.4434397921365359e-05,3.5517923839609576e-06,-6.321097337627135e-05,nan,BLOCKED mode=MANUAL estop=False external_stop=False,False
63.50000000000001,1,nan,nan,nan,1.4434397921365359e-05,3.5517923839609576e-06,-6.321097337627135e-05,nan,BLOCKED mode=MANUAL estop=False external_stop=False,False
63.6,1,nan,nan,nan,1.4434397911574161e-05,3.5517923861059835e-06,-6.3210973466879e-05,nan,BLOCKED mode=MANUAL estop=False external_stop=False,False
63.6,1,nan,nan,nan,1.4434397911574161e-05,3.5517923861059835e-06,-6.3210973466879e-05,nan,BLOCKED mode=MANUAL estop=False external_stop=False,False
63.7,1,nan,nan,nan,1.443439790182865e-05,3.5517923882540505e-06,-6.321097355705966e-05,nan,BLOCKED mode=MANUAL estop=False external_stop=False,False
63.7,1,nan,nan,nan,1.443439790182865e-05,3.5517923882540505e-06,-6.321097355705966e-05,nan,BLOCKED mode=MANUAL estop=False external_stop=False,False
63.800000000000004,1,nan,nan,nan,1.4434397892139712e-05,3.551792390396674e-06,-6.321097364680382e-05,nan,BLOCKED mode=MANUAL estop=False external_stop=False,False
63.800000000000004,1,nan,nan,nan,1.4434397892139712e-05,3.551792390396674e-06,-6.321097364680382e-05,nan,BLOCKED mode=MANUAL estop=False external_stop=False,False
63.900000000000006,1,nan,nan,nan,1.4434397882504085e-05,3.5517923925366567e-06,-6.321097373611478e-05,nan,BLOCKED mode=MANUAL estop=False external_stop=False,False
63.900000000000006,1,nan,nan,nan,1.4434397882504085e-05,3.5517923925366567e-06,-6.321097373611478e-05,nan,BLOCKED mode=MANUAL estop=False external_stop=False,False
64.0,1,nan,nan,nan,1.4434397872926735e-05,3.5517923946802964e-06,-6.321097382487267e-05,nan,BLOCKED mode=MANUAL estop=False external_stop=False,False
64.0,1,nan,nan,nan,1.4434397872926735e-05,3.5517923946802964e-06,-6.321097382487267e-05,nan,BLOCKED mode=MANUAL estop=False external_stop=False,False
64.10000000000001,1,nan,nan,nan,1.4434397863404373e-05,3.551792396826834e-06,-6.321097391319655e-05,nan,BLOCKED mode=MANUAL estop=False external_stop=False,False
64.10000000000001,1,nan,nan,nan,1.4434397863404373e-05,3.551792396826834e-06,-6.321097391319655e-05,nan,BLOCKED mode=MANUAL estop=False external_stop=False,False
64.2,1,nan,nan,nan,1.443439785393697e-05,3.5517923989794794e-06,-6.321097400107908e-05,nan,BLOCKED mode=MANUAL estop=False external_stop=False,False
64.2,1,nan,nan,nan,1.443439785393697e-05,3.5517923989794794e-06,-6.321097400107908e-05,nan,BLOCKED mode=MANUAL estop=False external_stop=False,False
64.3,1,nan,nan,nan,1.4434397844522076e-05,3.551792401135154e-06,-6.321097408855026e-05,nan,BLOCKED mode=MANUAL estop=False external_stop=False,False
64.3,1,nan,nan,nan,1.4434397844522076e-05,3.551792401135154e-06,-6.321097408855026e-05,nan,BLOCKED mode=MANUAL estop=False external_stop=False,False
64.4,1,nan,nan,nan,1.4434397835148786e-05,3.5517924032869376e-06,-6.321097417581529e-05,nan,BLOCKED mode=MANUAL estop=False external_stop=False,False
64.4,1,nan,nan,nan,1.4434397835148786e-05,3.5517924032869376e-06,-6.321097417581529e-05,nan,BLOCKED mode=MANUAL estop=False external_stop=False,False
64.5,1,nan,nan,nan,1.4434397825815674e-05,3.551792405433868e-06,-6.321097426291101e-05,nan,BLOCKED mode=MANUAL estop=False external_stop=False,False
64.5,1,nan,nan,nan,1.4434397825815674e-05,3.551792405433868e-06,-6.321097426291101e-05,nan,BLOCKED mode=MANUAL estop=False external_stop=False,False
64.60000000000001,1,nan,nan,nan,1.4434397816504791e-05,3.551792407574225e-06,-6.321097435005993e-05,nan,BLOCKED mode=MANUAL estop=False external_stop=False,False
64.60000000000001,1,nan,nan,nan,1.4434397816504791e-05,3.551792407574225e-06,-6.321097435005993e-05,nan,BLOCKED mode=MANUAL estop=False external_stop=False,False
64.7,1,nan,nan,nan,1.4434397807221284e-05,3.5517924097066198e-06,-6.321097443717884e-05,nan,BLOCKED mode=MANUAL estop=False external_stop=False,False
64.7,1,nan,nan,nan,1.4434397807221284e-05,3.5517924097066198e-06,-6.321097443717884e-05,nan,BLOCKED mode=MANUAL estop=False external_stop=False,False
64.8,1,nan,nan,nan,1.4434397797971287e-05,3.5517924118377983e-06,-6.321097452411471e-05,nan,BLOCKED mode=MANUAL estop=False external_stop=False,False
64.8,1,nan,nan,nan,1.4434397797971287e-05,3.5517924118377983e-06,-6.321097452411471e-05,nan,BLOCKED mode=MANUAL estop=False external_stop=False,False
64.9,1,nan,nan,nan,1.443439778874321e-05,3.5517924139619943e-06,-6.321097461106957e-05,nan,BLOCKED mode=MANUAL estop=False external_stop=False,False
64.9,1,nan,nan,nan,1.443439778874321e-05,3.5517924139619943e-06,-6.321097461106957e-05,nan,BLOCKED mode=MANUAL estop=False external_stop=False,False
65.0,1,nan,nan,nan,1.4434397779546988e-05,3.551792416086012e-06,-6.321097469782164e-05,nan,BLOCKED mode=MANUAL estop=False external_stop=False,False
65.0,1,nan,nan,nan,1.4434397779546988e-05,3.551792416086012e-06,-6.321097469782164e-05,nan,BLOCKED mode=MANUAL estop=False external_stop=False,False
65.10000000000001,1,nan,nan,nan,1.4434397770390901e-05,3.5517924182169135e-06,-6.321097478424495e-05,nan,BLOCKED mode=MANUAL estop=False external_stop=False,False
65.10000000000001,1,nan,nan,nan,1.4434397770390901e-05,3.5517924182169135e-06,-6.321097478424495e-05,nan,BLOCKED mode=MANUAL estop=False external_stop=False,False
65.2,1,nan,nan,nan,1.443439776126998e-05,3.551792420347358e-06,-6.321097487040967e-05,nan,BLOCKED mode=MANUAL estop=False external_stop=False,False
65.2,1,nan,nan,nan,1.443439776126998e-05,3.551792420347358e-06,-6.321097487040967e-05,nan,BLOCKED mode=MANUAL estop=False external_stop=False,False
65.3,1,nan,nan,nan,1.4434397752187848e-05,3.5517924224832986e-06,-6.32109749562771e-05,nan,BLOCKED mode=MANUAL estop=False external_stop=False,False
65.3,1,nan,nan,nan,1.4434397752187848e-05,3.5517924224832986e-06,-6.32109749562771e-05,nan,BLOCKED mode=MANUAL estop=False external_stop=False,False
65.4,1,nan,nan,nan,1.4434397743145354e-05,3.551792424621797e-06,-6.32109750418214e-05,nan,BLOCKED mode=MANUAL estop=False external_stop=False,False
65.4,1,nan,nan,nan,1.4434397743145354e-05,3.551792424621797e-06,-6.32109750418214e-05,nan,BLOCKED mode=MANUAL estop=False external_stop=False,False
65.5,1,nan,nan,nan,1.4434397734144316e-05,3.5517924267632697e-06,-6.321097512705721e-05,nan,BLOCKED mode=MANUAL estop=False external_stop=False,False
65.5,1,nan,nan,nan,1.4434397734144316e-05,3.5517924267632697e-06,-6.321097512705721e-05,nan,BLOCKED mode=MANUAL estop=False external_stop=False,False
65.60000000000001,1,nan,nan,nan,1.4434397725183282e-05,3.5517924289091875e-06,-6.321097521195108e-05,nan,BLOCKED mode=MANUAL estop=False external_stop=False,False
65.60000000000001,1,nan,nan,nan,1.4434397725183282e-05,3.5517924289091875e-06,-6.321097521195108e-05,nan,BLOCKED mode=MANUAL estop=False external_stop=False,False
65.7,1,nan,nan,nan,1.443439771626354e-05,3.5517924310567247e-06,-6.321097529653654e-05,nan,BLOCKED mode=MANUAL estop=False external_stop=False,False
65.7,1,nan,nan,nan,1.443439771626354e-05,3.5517924310567247e-06,-6.321097529653654e-05,nan,BLOCKED mode=MANUAL estop=False external_stop=False,False
65.8,1,nan,nan,nan,1.4434397707380615e-05,3.5517924332078187e-06,-6.321097538082651e-05,nan,BLOCKED mode=MANUAL estop=False external_stop=False,False
65.8,1,nan,nan,nan,1.4434397707380615e-05,3.5517924332078187e-06,-6.321097538082651e-05,nan,BLOCKED mode=MANUAL estop=False external_stop=False,False
65.9,1,nan,nan,nan,1.4434397698537393e-05,3.5517924353611607e-06,-6.321097546482733e-05,nan,BLOCKED mode=MANUAL estop=False external_stop=False,False
65.9,1,nan,nan,nan,1.4434397698537393e-05,3.5517924353611607e-06,-6.321097546482733e-05,nan,BLOCKED mode=MANUAL estop=False external_stop=False,False
66.0,1,nan,nan,nan,1.4434397689726283e-05,3.5517924375121072e-06,-6.321097554865478e-05,nan,BLOCKED mode=MANUAL estop=False external_stop=False,False
66.0,1,nan,nan,nan,1.4434397689726283e-05,3.5517924375121072e-06,-6.321097554865478e-05,nan,BLOCKED mode=MANUAL estop=False external_stop=False,False
66.10000000000001,1,nan,nan,nan,1.44343976809453e-05,3.551792439659709e-06,-6.321097563237067e-05,nan,BLOCKED mode=MANUAL estop=False external_stop=False,False
66.10000000000001,1,nan,nan,nan,1.44343976809453e-05,3.551792439659709e-06,-6.321097563237067e-05,nan,BLOCKED mode=MANUAL estop=False external_stop=False,False
66.2,1,nan,nan,nan,1.4434397672192901e-05,3.5517924418031774e-06,-6.32109757159714e-05,nan,BLOCKED mode=MANUAL estop=False external_stop=False,False
66.2,1,nan,nan,nan,1.4434397672192901e-05,3.5517924418031774e-06,-6.32109757159714e-05,nan,BLOCKED mode=MANUAL estop=False external_stop=False,False
66.3,1,nan,nan,nan,1.4434397663455729e-05,3.551792443937433e-06,-6.321097579964803e-05,nan,BLOCKED mode=MANUAL estop=False external_stop=False,False
66.3,1,nan,nan,nan,1.4434397663455729e-05,3.551792443937433e-06,-6.321097579964803e-05,nan,BLOCKED mode=MANUAL estop=False external_stop=False,False
66.4,1,nan,nan,nan,1.4434397654748435e-05,3.5517924460675927e-06,-6.321097588310906e-05,nan,BLOCKED mode=MANUAL estop=False external_stop=False,False
66.4,1,nan,nan,nan,1.4434397654748435e-05,3.5517924460675927e-06,-6.321097588310906e-05,nan,BLOCKED mode=MANUAL estop=False external_stop=False,False
66.5,1,nan,nan,nan,1.4434397646059588e-05,3.551792448189421e-06,-6.321097596660637e-05,nan,BLOCKED mode=MANUAL estop=False external_stop=False,False
66.5,1,nan,nan,nan,1.4434397646059588e-05,3.551792448189421e-06,-6.321097596660637e-05,nan,BLOCKED mode=MANUAL estop=False external_stop=False,False
66.60000000000001,1,nan,nan,nan,1.443439763739854e-05,3.5517924503100246e-06,-6.321097604986867e-05,nan,BLOCKED mode=MANUAL estop=False external_stop=False,False
66.60000000000001,1,nan,nan,nan,1.443439763739854e-05,3.5517924503100246e-06,-6.321097604986867e-05,nan,BLOCKED mode=MANUAL estop=False external_stop=False,False
66.7,1,nan,nan,nan,1.4434397628758596e-05,3.5517924524240172e-06,-6.321097613307406e-05,nan,BLOCKED mode=MANUAL estop=False external_stop=False,False
66.7,1,nan,nan,nan,1.4434397628758596e-05,3.5517924524240172e-06,-6.321097613307406e-05,nan,BLOCKED mode=MANUAL estop=False external_stop=False,False
66.8,1,nan,nan,nan,1.4434397620145859e-05,3.551792454537203e-06,-6.321097621605716e-05,nan,BLOCKED mode=MANUAL estop=False external_stop=False,False
66.8,1,nan,nan,nan,1.4434397620145859e-05,3.551792454537203e-06,-6.321097621605716e-05,nan,BLOCKED mode=MANUAL estop=False external_stop=False,False
66.9,1,nan,nan,nan,1.4434397611574084e-05,3.5517924566538702e-06,-6.321097629866142e-05,nan,BLOCKED mode=MANUAL estop=False external_stop=False,False
66.9,1,nan,nan,nan,1.4434397611574084e-05,3.5517924566538702e-06,-6.321097629866142e-05,nan,BLOCKED mode=MANUAL estop=False external_stop=False,False
67.0,1,nan,nan,nan,1.4434397603033156e-05,3.5517924587661307e-06,-6.321097638099721e-05,nan,BLOCKED mode=MANUAL estop=False external_stop=False,False
67.0,1,nan,nan,nan,1.4434397603033156e-05,3.5517924587661307e-06,-6.321097638099721e-05,nan,BLOCKED mode=MANUAL estop=False external_stop=False,False
67.10000000000001,1,nan,nan,nan,1.4434397594532079e-05,3.5517924608828885e-06,-6.321097646296471e-05,nan,BLOCKED mode=MANUAL estop=False external_stop=False,False
67.10000000000001,1,nan,nan,nan,1.4434397594532079e-05,3.5517924608828885e-06,-6.321097646296471e-05,nan,BLOCKED mode=MANUAL estop=False external_stop=False,False
67.2,1,nan,nan,nan,1.4434397586066288e-05,3.5517924629967253e-06,-6.321097654463721e-05,nan,BLOCKED mode=MANUAL estop=False external_stop=False,False
67.2,1,nan,nan,nan,1.4434397586066288e-05,3.5517924629967253e-06,-6.321097654463721e-05,nan,BLOCKED mode=MANUAL estop=False external_stop=False,False
67.3,1,nan,nan,nan,1.4434397577641732e-05,3.5517924651100195e-06,-6.321097662591921e-05,nan,BLOCKED mode=MANUAL estop=False external_stop=False,False
67.3,1,nan,nan,nan,1.4434397577641732e-05,3.5517924651100195e-06,-6.321097662591921e-05,nan,BLOCKED mode=MANUAL estop=False external_stop=False,False
67.4,1,nan,nan,nan,1.4434397569258735e-05,3.5517924672255614e-06,-6.32109767068196e-05,nan,BLOCKED mode=MANUAL estop=False external_stop=False,False
67.4,1,nan,nan,nan,1.4434397569258735e-05,3.5517924672255614e-06,-6.32109767068196e-05,nan,BLOCKED mode=MANUAL estop=False external_stop=False,False
67.5,1,nan,nan,nan,1.443439756091804e-05,3.551792469338724e-06,-6.321097678735104e-05,nan,BLOCKED mode=MANUAL estop=False external_stop=False,False
67.5,1,nan,nan,nan,1.443439756091804e-05,3.551792469338724e-06,-6.321097678735104e-05,nan,BLOCKED mode=MANUAL estop=False external_stop=False,False
67.60000000000001,1,nan,nan,nan,1.4434397552625147e-05,3.5517924714528542e-06,-6.321097686739322e-05,nan,BLOCKED mode=MANUAL estop=False external_stop=False,False
67.60000000000001,1,nan,nan,nan,1.4434397551798362e-05,3.551792471662825e-06,-6.321097687537204e-05,nan,BLOCKED mode=MANUAL estop=False external_stop=False,False
67.7,1,nan,nan,nan,1.4434397544372383e-05,3.5517924735641787e-06,-6.321097694711991e-05,nan,BLOCKED mode=MANUAL estop=False external_stop=False,False
67.7,1,nan,nan,nan,1.4434397543549274e-05,3.551792473774292e-06,-6.321097695507118e-05,nan,BLOCKED mode=MANUAL estop=False external_stop=False,False
67.8,1,nan,nan,nan,1.4434397536158214e-05,3.5517924756713125e-06,-6.321097702653735e-05,nan,BLOCKED mode=MANUAL estop=False external_stop=False,False
67.8,1,nan,nan,nan,1.4434397536158214e-05,3.5517924756713125e-06,-6.321097702653735e-05,nan,BLOCKED mode=MANUAL estop=False external_stop=False,False
67.9,1,nan,nan,nan,1.443439752798516e-05,3.551792477773601e-06,-6.321097710563008e-05,nan,BLOCKED mode=MANUAL estop=False external_stop=False,False
67.9,1,nan,nan,nan,1.443439752798516e-05,3.551792477773601e-06,-6.321097710563008e-05,nan,BLOCKED mode=MANUAL estop=False external_stop=False,False
68.0,1,nan,nan,nan,1.4434397519848276e-05,3.551792479871228e-06,-6.32109771844396e-05,nan,BLOCKED mode=MANUAL estop=False external_stop=False,False
68.0,1,nan,nan,nan,1.4434397519848276e-05,3.551792479871228e-06,-6.32109771844396e-05,nan,BLOCKED mode=MANUAL estop=False external_stop=False,False
68.10000000000001,1,nan,nan,nan,1.4434397511746983e-05,3.55179248196447e-06,-6.321097726301655e-05,nan,BLOCKED mode=MANUAL estop=False external_stop=False,False
68.10000000000001,1,nan,nan,nan,1.4434397511746983e-05,3.55179248196447e-06,-6.321097726301655e-05,nan,BLOCKED mode=MANUAL estop=False external_stop=False,False
68.2,1,nan,nan,nan,1.4434397503679467e-05,3.551792484049743e-06,-6.321097734132968e-05,nan,BLOCKED mode=MANUAL estop=False external_stop=False,False
68.2,1,nan,nan,nan,1.4434397503679467e-05,3.551792484049743e-06,-6.321097734132968e-05,nan,BLOCKED mode=MANUAL estop=False external_stop=False,False
68.3,1,nan,nan,nan,1.4434397495642583e-05,3.5517924861312923e-06,-6.321097741945463e-05,nan,BLOCKED mode=MANUAL estop=False external_stop=False,False
68.3,1,nan,nan,nan,1.4434397495642583e-05,3.5517924861312923e-06,-6.321097741945463e-05,nan,BLOCKED mode=MANUAL estop=False external_stop=False,False
68.4,1,nan,nan,nan,1.443439748763379e-05,3.551792488204087e-06,-6.321097749743126e-05,nan,BLOCKED mode=MANUAL estop=False external_stop=False,False
68.4,1,nan,nan,nan,1.443439748763379e-05,3.551792488204087e-06,-6.321097749743126e-05,nan,BLOCKED mode=MANUAL estop=False external_stop=False,False
68.5,1,nan,nan,nan,1.4434397479654487e-05,3.5517924902742397e-06,-6.321097757520178e-05,nan,BLOCKED mode=MANUAL estop=False external_stop=False,False
68.5,1,nan,nan,nan,1.4434397479654487e-05,3.5517924902742397e-06,-6.321097757520178e-05,nan,BLOCKED mode=MANUAL estop=False external_stop=False,False
68.60000000000001,1,nan,nan,nan,1.4434397471699003e-05,3.5517924923393467e-06,-6.321097765288087e-05,nan,BLOCKED mode=MANUAL estop=False external_stop=False,False
68.60000000000001,1,nan,nan,nan,1.4434397471699003e-05,3.5517924923393467e-06,-6.321097765288087e-05,nan,BLOCKED mode=MANUAL estop=False external_stop=False,False
68.7,1,nan,nan,nan,1.4434397463761252e-05,3.551792494403576e-06,-6.321097773050504e-05,nan,BLOCKED mode=MANUAL estop=False external_stop=False,False
68.7,1,nan,nan,nan,1.4434397463761252e-05,3.551792494403576e-06,-6.321097773050504e-05,nan,BLOCKED mode=MANUAL estop=False external_stop=False,False
68.80000000000001,1,nan,nan,nan,1.4434397455060947e-05,3.5517924966712206e-06,-6.321097781569724e-05,nan,BLOCKED mode=MANUAL estop=False external_stop=False,False
68.80000000000001,1,nan,nan,nan,1.4434397455060947e-05,3.5517924966712206e-06,-6.321097781569724e-05,nan,BLOCKED mode=MANUAL estop=False external_stop=False,False
68.9,1,nan,nan,nan,1.4434397447960213e-05,3.5517924985266937e-06,-6.321097788531164e-05,nan,BLOCKED mode=MANUAL estop=False external_stop=False,False
68.9,1,nan,nan,nan,1.4434397447173428e-05,3.5517924987323965e-06,-6.321097789302255e-05,nan,BLOCKED mode=MANUAL estop=False external_stop=False,False
69.0,1,nan,nan,nan,1.4434397440089372e-05,3.5517925005870984e-06,-6.321097796259583e-05,nan,BLOCKED mode=MANUAL estop=False external_stop=False,False
69.0,1,nan,nan,nan,1.4434397440089372e-05,3.5517925005870984e-06,-6.321097796259583e-05,nan,BLOCKED mode=MANUAL estop=False external_stop=False,False
69.10000000000001,1,nan,nan,nan,1.4434397432243543e-05,3.55179250264698e-06,-6.321097803967667e-05,nan,BLOCKED mode=MANUAL estop=False external_stop=False,False
69.10000000000001,1,nan,nan,nan,1.4434397432243543e-05,3.55179250264698e-06,-6.321097803967667e-05,nan,BLOCKED mode=MANUAL estop=False external_stop=False,False
69.2,1,nan,nan,nan,1.4434397424424663e-05,3.5517925047088085e-06,-6.321097811658104e-05,nan,BLOCKED mode=MANUAL estop=False external_stop=False,False
69.2,1,nan,nan,nan,1.4434397424424663e-05,3.5517925047088085e-06,-6.321097811658104e-05,nan,BLOCKED mode=MANUAL estop=False external_stop=False,False
69.30000000000001,1,nan,nan,nan,1.4434397416627933e-05,3.5517925067686372e-06,-6.321097819333452e-05,nan,BLOCKED mode=MANUAL estop=False external_stop=False,False
69.30000000000001,1,nan,nan,nan,1.4434397415851043e-05,3.5517925069753527e-06,-6.32109782009834e-05,nan,BLOCKED mode=MANUAL estop=False external_stop=False,False
69.4,1,nan,nan,nan,1.443439740885686e-05,3.551792508830056e-06,-6.321097826990656e-05,nan,BLOCKED mode=MANUAL estop=False external_stop=False,False
69.4,1,nan,nan,nan,1.443439740885686e-05,3.551792508830056e-06,-6.321097826990656e-05,nan,BLOCKED mode=MANUAL estop=False external_stop=False,False
69.5,1,nan,nan,nan,1.4434397401108492e-05,3.5517925108918e-06,-6.321097834631069e-05,nan,BLOCKED mode=MANUAL estop=False external_stop=False,False
69.5,1,nan,nan,nan,1.4434397401108492e-05,3.5517925108918e-06,-6.321097834631069e-05,nan,BLOCKED mode=MANUAL estop=False external_stop=False,False
69.60000000000001,1,nan,nan,nan,1.4434397393383653e-05,3.5517925129547776e-06,-6.321097842255179e-05,nan,BLOCKED mode=MANUAL estop=False external_stop=False,False
69.60000000000001,1,nan,nan,nan,1.4434397393383653e-05,3.5517925129547776e-06,-6.321097842255179e-05,nan,BLOCKED mode=MANUAL estop=False external_stop=False,False
69.7,1,nan,nan,nan,1.4434397385678974e-05,3.5517925150159103e-06,-6.321097849866236e-05,nan,BLOCKED mode=MANUAL estop=False external_stop=False,False
69.7,1,nan,nan,nan,1.4434397385678974e-05,3.5517925150159103e-06,-6.321097849866236e-05,nan,BLOCKED mode=MANUAL estop=False external_stop=False,False
69.80000000000001,1,nan,nan,nan,1.4434397377998218e-05,3.5517925170783763e-06,-6.321097857458775e-05,nan,BLOCKED mode=MANUAL estop=False external_stop=False,False
69.80000000000001,1,nan,nan,nan,1.4434397377998218e-05,3.5517925170783763e-06,-6.321097857458775e-05,nan,BLOCKED mode=MANUAL estop=False external_stop=False,False
69.9,1,nan,nan,nan,1.4434397370338399e-05,3.5517925191410535e-06,-6.321097865038321e-05,nan,BLOCKED mode=MANUAL estop=False external_stop=False,False
69.9,1,nan,nan,nan,1.4434397370338399e-05,3.5517925191410535e-06,-6.321097865038321e-05,nan,BLOCKED mode=MANUAL estop=False external_stop=False,False
70.0,1,nan,nan,nan,1.4434397362701194e-05,3.5517925212038854e-06,-6.321097872602118e-05,nan,BLOCKED mode=MANUAL estop=False external_stop=False,False
70.0,1,nan,nan,nan,1.4434397362701194e-05,3.5517925212038854e-06,-6.321097872602118e-05,nan,BLOCKED mode=MANUAL estop=False external_stop=False,False
70.10000000000001,1,nan,nan,nan,1.4434397355079593e-05,3.5517925232651536e-06,-6.321097880159091e-05,nan,BLOCKED mode=MANUAL estop=False external_stop=False,False
70.10000000000001,1,nan,nan,nan,1.4434397355079593e-05,3.5517925232651536e-06,-6.321097880159091e-05,nan,BLOCKED mode=MANUAL estop=False external_stop=False,False
70.2,1,nan,nan,nan,1.4434397347477998e-05,3.5517925253242534e-06,-6.321097887705577e-05,nan,BLOCKED mode=MANUAL estop=False external_stop=False,False
70.2,1,nan,nan,nan,1.4434397347477998e-05,3.5517925253242534e-06,-6.321097887705577e-05,nan,BLOCKED mode=MANUAL estop=False external_stop=False,False
70.30000000000001,1,nan,nan,nan,1.443439733989356e-05,3.55179252738291e-06,-6.321097895242658e-05,nan,BLOCKED mode=MANUAL estop=False external_stop=False,False
70.30000000000001,1,nan,nan,nan,1.443439733989356e-05,3.55179252738291e-06,-6.321097895242658e-05,nan,BLOCKED mode=MANUAL estop=False external_stop=False,False
70.4,1,nan,nan,nan,1.4434397332325154e-05,3.551792529441943e-06,-6.321097902770029e-05,nan,BLOCKED mode=MANUAL estop=False external_stop=False,False
70.4,1,nan,nan,nan,1.4434397332325154e-05,3.551792529441943e-06,-6.321097902770029e-05,nan,BLOCKED mode=MANUAL estop=False external_stop=False,False
70.5,1,nan,nan,nan,1.4434397324773293e-05,3.5517925315005183e-06,-6.321097910288984e-05,nan,BLOCKED mode=MANUAL estop=False external_stop=False,False
70.5,1,nan,nan,nan,1.4434397324773293e-05,3.5517925315005183e-06,-6.321097910288984e-05,nan,BLOCKED mode=MANUAL estop=False external_stop=False,False
70.60000000000001,1,nan,nan,nan,1.4434397317239564e-05,3.5517925335565184e-06,-6.321097917796199e-05,nan,BLOCKED mode=MANUAL estop=False external_stop=False,False
70.60000000000001,1,nan,nan,nan,1.4434397317239564e-05,3.5517925335565184e-06,-6.321097917796199e-05,nan,BLOCKED mode=MANUAL estop=False external_stop=False,False
70.7,1,nan,nan,nan,1.4434397309719276e-05,3.551792535615062e-06,-6.321097925298363e-05,nan,BLOCKED mode=MANUAL estop=False external_stop=False,False
70.7,1,nan,nan,nan,1.4434397309719276e-05,3.551792535615062e-06,-6.321097925298363e-05,nan,BLOCKED mode=MANUAL estop=False external_stop=False,False
70.80000000000001,1,nan,nan,nan,1.4434397302217961e-05,3.5517925376712007e-06,-6.321097932787708e-05,nan,BLOCKED mode=MANUAL estop=False external_stop=False,False
70.80000000000001,1,nan,nan,nan,1.4434397302217961e-05,3.5517925376712007e-06,-6.321097932787708e-05,nan,BLOCKED mode=MANUAL estop=False external_stop=False,False
70.9,1,nan,nan,nan,1.4434397294731006e-05,3.5517925397261518e-06,-6.321097940268506e-05,nan,BLOCKED mode=MANUAL estop=False external_stop=False,False
70.9,1,nan,nan,nan,1.4434397294731006e-05,3.5517925397261518e-06,-6.321097940268506e-05,nan,BLOCKED mode=MANUAL estop=False external_stop=False,False
71.0,1,nan,nan,nan,1.4434397287256425e-05,3.551792541782518e-06,-6.321097947744608e-05,nan,BLOCKED mode=MANUAL estop=False external_stop=False,False
71.0,1,nan,nan,nan,1.4434397287256425e-05,3.551792541782518e-06,-6.321097947744608e-05,nan,BLOCKED mode=MANUAL estop=False external_stop=False,False
71.10000000000001,1,nan,nan,nan,1.4434397279797907e-05,3.55179254383813e-06,-6.321097955210966e-05,nan,BLOCKED mode=MANUAL estop=False external_stop=False,False
71.10000000000001,1,nan,nan,nan,1.4434397279797907e-05,3.55179254383813e-06,-6.321097955210966e-05,nan,BLOCKED mode=MANUAL estop=False external_stop=False,False
71.2,1,nan,nan,nan,1.443439727235235e-05,3.5517925458914225e-06,-6.321097962671436e-05,nan,BLOCKED mode=MANUAL estop=False external_stop=False,False
71.2,1,nan,nan,nan,1.443439727235235e-05,3.5517925458914225e-06,-6.321097962671436e-05,nan,BLOCKED mode=MANUAL estop=False external_stop=False,False
71.30000000000001,1,nan,nan,nan,1.44343972649197e-05,3.5517925479450056e-06,-6.321097970125889e-05,nan,BLOCKED mode=MANUAL estop=False external_stop=False,False
71.30000000000001,1,nan,nan,nan,1.44343972649197e-05,3.5517925479450056e-06,-6.321097970125889e-05,nan,BLOCKED mode=MANUAL estop=False external_stop=False,False
71.4,1,nan,nan,nan,1.443439725749799e-05,3.5517925499967337e-06,-6.321097977576639e-05,nan,BLOCKED mode=MANUAL estop=False external_stop=False,False
71.4,1,nan,nan,nan,1.443439725749799e-05,3.5517925499967337e-06,-6.321097977576639e-05,nan,BLOCKED mode=MANUAL estop=False external_stop=False,False
71.5,1,nan,nan,nan,1.4434397250085158e-05,3.5517925520471138e-06,-6.321097985026871e-05,nan,BLOCKED mode=MANUAL estop=False external_stop=False,False
71.5,1,nan,nan,nan,1.4434397250085158e-05,3.5517925520471138e-06,-6.321097985026871e-05,nan,BLOCKED mode=MANUAL estop=False external_stop=False,False
71.60000000000001,1,nan,nan,nan,1.4434397242678689e-05,3.5517925540940477e-06,-6.321097992482798e-05,nan,BLOCKED mode=MANUAL estop=False external_stop=False,False
71.60000000000001,1,nan,nan,nan,1.4434397242678689e-05,3.5517925540940477e-06,-6.321097992482798e-05,nan,BLOCKED mode=MANUAL estop=False external_stop=False,False
71.7,1,nan,nan,nan,1.4434397235280307e-05,3.5517925561392024e-06,-6.321097999936699e-05,nan,BLOCKED mode=MANUAL estop=False external_stop=False,False
71.7,1,nan,nan,nan,1.4434397235280307e-05,3.5517925561392024e-06,-6.321097999936699e-05,nan,BLOCKED mode=MANUAL estop=False external_stop=False,False
71.80000000000001,1,nan,nan,nan,1.4434397227889512e-05,3.551792558183369e-06,-6.321098007388422e-05,nan,BLOCKED mode=MANUAL estop=False external_stop=False,False
71.80000000000001,1,nan,nan,nan,1.4434397227889512e-05,3.551792558183369e-06,-6.321098007388422e-05,nan,BLOCKED mode=MANUAL estop=False external_stop=False,False
71.9,1,nan,nan,nan,1.4434397220506105e-05,3.5517925602270774e-06,-6.32109801484171e-05,nan,BLOCKED mode=MANUAL estop=False external_stop=False,False
71.9,1,nan,nan,nan,1.4434397220506105e-05,3.5517925602270774e-06,-6.32109801484171e-05,nan,BLOCKED mode=MANUAL estop=False external_stop=False,False
72.0,1,nan,nan,nan,1.4434397213129384e-05,3.551792562269358e-06,-6.321098022294479e-05,nan,BLOCKED mode=MANUAL estop=False external_stop=False,False
72.0,1,nan,nan,nan,1.4434397213129384e-05,3.551792562269358e-06,-6.321098022294479e-05,nan,BLOCKED mode=MANUAL estop=False external_stop=False,False
72.10000000000001,1,nan,nan,nan,1.4434397205761342e-05,3.551792564310154e-06,-6.321098029740738e-05,nan,BLOCKED mode=MANUAL estop=False external_stop=False,False
72.10000000000001,1,nan,nan,nan,1.4434397205761342e-05,3.551792564310154e-06,-6.321098029740738e-05,nan,BLOCKED mode=MANUAL estop=False external_stop=False,False
72.2,1,nan,nan,nan,1.4434397198400399e-05,3.551792566351671e-06,-6.321098037188137e-05,nan,BLOCKED mode=MANUAL estop=False external_stop=False,False
72.2,1,nan,nan,nan,1.4434397198400399e-05,3.551792566351671e-06,-6.321098037188137e-05,nan,BLOCKED mode=MANUAL estop=False external_stop=False,False
72.30000000000001,1,nan,nan,nan,1.4434397191048824e-05,3.551792568393921e-06,-6.321098044629915e-05,nan,BLOCKED mode=MANUAL estop=False external_stop=False,False
72.30000000000001,1,nan,nan,nan,1.4434397191048824e-05,3.551792568393921e-06,-6.321098044629915e-05,nan,BLOCKED mode=MANUAL estop=False external_stop=False,False
72.4,1,nan,nan,nan,1.4434397183704115e-05,3.5517925704341463e-06,-6.321098052069575e-05,nan,BLOCKED mode=MANUAL estop=False external_stop=False,False
72.4,1,nan,nan,nan,1.4434397183704115e-05,3.5517925704341463e-06,-6.321098052069575e-05,nan,BLOCKED mode=MANUAL estop=False external_stop=False,False
72.5,1,nan,nan,nan,1.443439717636535e-05,3.551792572475185e-06,-6.321098059507237e-05,nan,BLOCKED mode=MANUAL estop=False external_stop=False,False
72.5,1,nan,nan,nan,1.443439717636535e-05,3.551792572475185e-06,-6.321098059507237e-05,nan,BLOCKED mode=MANUAL estop=False external_stop=False,False
72.5,1,-0.02930179257320767,-0.502307394419411,-1.6290929045491587,1.4434397175633287e-05,3.551792572678614e-06,-6.321098060249752e-05,0.5031657061527121,OBJECT_GOAL_PUBLISHED,
72.60000000000001,1,nan,nan,nan,1.4434397169038554e-05,3.551792574515197e-06,-6.321098066936566e-05,nan,BLOCKED mode=MANUAL estop=False external_stop=False,False
72.60000000000001,1,nan,nan,nan,1.4434397169038554e-05,3.551792574515197e-06,-6.321098066936566e-05,nan,BLOCKED mode=MANUAL estop=False external_stop=False,False
72.7,1,nan,nan,nan,1.4434397161718699e-05,3.5517925765558e-06,-6.321098074364106e-05,nan,BLOCKED mode=MANUAL estop=False external_stop=False,False
72.7,1,nan,nan,nan,1.4434397161718699e-05,3.5517925765558e-06,-6.321098074364106e-05,nan,BLOCKED mode=MANUAL estop=False external_stop=False,False
72.80000000000001,1,nan,nan,nan,1.443439715440853e-05,3.5517925785973945e-06,-6.321098081785369e-05,nan,BLOCKED mode=MANUAL estop=False external_stop=False,False
72.80000000000001,1,nan,nan,nan,1.443439715440853e-05,3.5517925785973945e-06,-6.321098081785369e-05,nan,BLOCKED mode=MANUAL estop=False external_stop=False,False
72.9,1,nan,nan,nan,1.4434397147107685e-05,3.5517925806388875e-06,-6.321098089200057e-05,nan,BLOCKED mode=MANUAL estop=False external_stop=False,False
72.9,1,nan,nan,nan,1.443439714637909e-05,3.5517925808433926e-06,-6.321098089940798e-05,nan,BLOCKED mode=MANUAL estop=False external_stop=False,False
73.0,1,nan,nan,nan,1.4434397139816375e-05,3.5517925826809997e-06,-6.321098096608934e-05,nan,BLOCKED mode=MANUAL estop=False external_stop=False,False
73.0,1,nan,nan,nan,1.4434397139816375e-05,3.5517925826809997e-06,-6.321098096608934e-05,nan,BLOCKED mode=MANUAL estop=False external_stop=False,False
73.10000000000001,1,nan,nan,nan,1.4434397132535108e-05,3.5517925847238636e-06,-6.321098104011801e-05,nan,BLOCKED mode=MANUAL estop=False external_stop=False,False
73.10000000000001,1,nan,nan,nan,1.4434397132535108e-05,3.5517925847238636e-06,-6.321098104011801e-05,nan,BLOCKED mode=MANUAL estop=False external_stop=False,False
73.2,1,nan,nan,nan,1.4434397125263368e-05,3.551792586765967e-06,-6.321098111407048e-05,nan,BLOCKED mode=MANUAL estop=False external_stop=False,False
73.2,1,nan,nan,nan,1.4434397125263368e-05,3.551792586765967e-06,-6.321098111407048e-05,nan,BLOCKED mode=MANUAL estop=False external_stop=False,False
73.30000000000001,1,nan,nan,nan,1.4434397118000865e-05,3.551792588809105e-06,-6.321098118798392e-05,nan,BLOCKED mode=MANUAL estop=False external_stop=False,False
73.30000000000001,1,nan,nan,nan,1.4434397118000865e-05,3.551792588809105e-06,-6.321098118798392e-05,nan,BLOCKED mode=MANUAL estop=False external_stop=False,False
73.4,1,nan,nan,nan,1.4434397110748543e-05,3.5517925908522084e-06,-6.321098126182725e-05,nan,BLOCKED mode=MANUAL estop=False external_stop=False,False
73.4,1,nan,nan,nan,1.4434397110748543e-05,3.5517925908522084e-06,-6.321098126182725e-05,nan,BLOCKED mode=MANUAL estop=False external_stop=False,False
73.5,1,nan,nan,nan,1.4434397103507386e-05,3.5517925928955576e-06,-6.321098133557924e-05,nan,BLOCKED mode=MANUAL estop=False external_stop=False,False
73.5,1,nan,nan,nan,1.4434397103507386e-05,3.5517925928955576e-06,-6.321098133557924e-05,nan,BLOCKED mode=MANUAL estop=False external_stop=False,False
73.60000000000001,1,nan,nan,nan,1.4434397096275778e-05,3.5517925949392008e-06,-6.321098140927634e-05,nan,BLOCKED mode=MANUAL estop=False external_stop=False,False
73.60000000000001,1,nan,nan,nan,1.4434397096275778e-05,3.5517925949392008e-06,-6.321098140927634e-05,nan,BLOCKED mode=MANUAL estop=False external_stop=False,False
73.7,1,nan,nan,nan,1.4434397089049723e-05,3.551792596983488e-06,-6.321098148298312e-05,nan,BLOCKED mode=MANUAL estop=False external_stop=False,False
73.7,1,nan,nan,nan,1.4434397089049723e-05,3.551792596983488e-06,-6.321098148298312e-05,nan,BLOCKED mode=MANUAL estop=False external_stop=False,False
73.80000000000001,1,nan,nan,nan,1.4434397081838127e-05,3.551792599027141e-06,-6.3210981556543e-05,nan,BLOCKED mode=MANUAL estop=False external_stop=False,False
73.80000000000001,1,nan,nan,nan,1.4434397081838127e-05,3.551792599027141e-06,-6.3210981556543e-05,nan,BLOCKED mode=MANUAL estop=False external_stop=False,False
73.9,1,nan,nan,nan,1.4434397074635855e-05,3.5517926010716977e-06,-6.321098163005189e-05,nan,BLOCKED mode=MANUAL estop=False external_stop=False,False
73.9,1,nan,nan,nan,1.4434397074635855e-05,3.5517926010716977e-06,-6.321098163005189e-05,nan,BLOCKED mode=MANUAL estop=False external_stop=False,False
74.0,1,nan,nan,nan,1.4434397067445378e-05,3.551792603118081e-06,-6.3210981703464e-05,nan,BLOCKED mode=MANUAL estop=False external_stop=False,False
74.0,1,nan,nan,nan,1.4434397067445378e-05,3.551792603118081e-06,-6.3210981703464e-05,nan,BLOCKED mode=MANUAL estop=False external_stop=False,False
74.10000000000001,1,nan,nan,nan,1.4434397060263779e-05,3.55179260516254e-06,-6.321098177682746e-05,nan,BLOCKED mode=MANUAL estop=False external_stop=False,False
74.10000000000001,1,nan,nan,nan,1.4434397060263779e-05,3.55179260516254e-06,-6.321098177682746e-05,nan,BLOCKED mode=MANUAL estop=False external_stop=False,False
74.2,1,nan,nan,nan,1.4434397053094589e-05,3.5517926072091096e-06,-6.321098185008812e-05,nan,BLOCKED mode=MANUAL estop=False external_stop=False,False
74.2,1,nan,nan,nan,1.4434397053094589e-05,3.5517926072091096e-06,-6.321098185008812e-05,nan,BLOCKED mode=MANUAL estop=False external_stop=False,False
74.30000000000001,1,nan,nan,nan,1.4434397045934692e-05,3.5517926092552036e-06,-6.321098192328961e-05,nan,BLOCKED mode=MANUAL estop=False external_stop=False,False
74.30000000000001,1,nan,nan,nan,1.4434397045934692e-05,3.5517926092552036e-06,-6.321098192328961e-05,nan,BLOCKED mode=MANUAL estop=False external_stop=False,False
74.4,1,nan,nan,nan,1.4434397038785661e-05,3.5517926113013307e-06,-6.321098199640607e-05,nan,BLOCKED mode=MANUAL estop=False external_stop=False,False
74.4,1,nan,nan,nan,1.4434397038785661e-05,3.5517926113013307e-06,-6.321098199640607e-05,nan,BLOCKED mode=MANUAL estop=False external_stop=False,False
74.5,1,nan,nan,nan,1.4434397031644718e-05,3.5517926133472253e-06,-6.321098206949772e-05,nan,BLOCKED mode=MANUAL estop=False external_stop=False,False
74.5,1,nan,nan,nan,1.4434397031644718e-05,3.5517926133472253e-06,-6.321098206949772e-05,nan,BLOCKED mode=MANUAL estop=False external_stop=False,False
74.60000000000001,1,nan,nan,nan,1.443439702451689e-05,3.5517926153940597e-06,-6.32109821424784e-05,nan,BLOCKED mode=MANUAL estop=False external_stop=False,False
74.60000000000001,1,nan,nan,nan,1.443439702451689e-05,3.5517926153940597e-06,-6.32109821424784e-05,nan,BLOCKED mode=MANUAL estop=False external_stop=False,False
74.7,1,nan,nan,nan,1.4434397017398313e-05,3.5517926174408944e-06,-6.321098221538948e-05,nan,BLOCKED mode=MANUAL estop=False external_stop=False,False
74.7,1,nan,nan,nan,1.4434397017398313e-05,3.5517926174408944e-06,-6.321098221538948e-05,nan,BLOCKED mode=MANUAL estop=False external_stop=False,False
74.80000000000001,1,nan,nan,nan,1.4434397010291576e-05,3.551792619488465e-06,-6.321098228821354e-05,nan,BLOCKED mode=MANUAL estop=False external_stop=False,False
74.80000000000001,1,nan,nan,nan,1.4434397010291576e-05,3.551792619488465e-06,-6.321098228821354e-05,nan,BLOCKED mode=MANUAL estop=False external_stop=False,False
74.9,1,nan,nan,nan,1.4434397003191543e-05,3.5517926215354983e-06,-6.321098236101873e-05,nan,BLOCKED mode=MANUAL estop=False external_stop=False,False
74.9,1,nan,nan,nan,1.4434397003191543e-05,3.5517926215354983e-06,-6.321098236101873e-05,nan,BLOCKED mode=MANUAL estop=False external_stop=False,False
75.0,1,nan,nan,nan,1.4434396996102776e-05,3.551792623582445e-06,-6.321098243372416e-05,nan,BLOCKED mode=MANUAL estop=False external_stop=False,False
75.0,1,nan,nan,nan,1.4434396995395052e-05,3.5517926237875632e-06,-6.321098244097583e-05,nan,BLOCKED mode=MANUAL estop=False external_stop=False,False
75.10000000000001,1,nan,nan,nan,1.4434396989024505e-05,3.551792625628606e-06,-6.32109825063594e-05,nan,BLOCKED mode=MANUAL estop=False external_stop=False,False
75.10000000000001,1,nan,nan,nan,1.4434396989024505e-05,3.551792625628606e-06,-6.32109825063594e-05,nan,BLOCKED mode=MANUAL estop=False external_stop=False,False
75.2,1,nan,nan,nan,1.4434396981956169e-05,3.5517926276743124e-06,-6.321098257893267e-05,nan,BLOCKED mode=MANUAL estop=False external_stop=False,False
75.2,1,nan,nan,nan,1.4434396981956169e-05,3.5517926276743124e-06,-6.321098257893267e-05,nan,BLOCKED mode=MANUAL estop=False external_stop=False,False
75.30000000000001,1,nan,nan,nan,1.4434396974897393e-05,3.5517926297175062e-06,-6.321098265142061e-05,nan,BLOCKED mode=MANUAL estop=False external_stop=False,False
75.30000000000001,1,nan,nan,nan,1.4434396974897393e-05,3.5517926297175062e-06,-6.321098265142061e-05,nan,BLOCKED mode=MANUAL estop=False external_stop=False,False
75.4,1,nan,nan,nan,1.4434396967851253e-05,3.5517926317612405e-06,-6.321098272379832e-05,nan,BLOCKED mode=MANUAL estop=False external_stop=False,False
75.4,1,nan,nan,nan,1.4434396967851253e-05,3.5517926317612405e-06,-6.321098272379832e-05,nan,BLOCKED mode=MANUAL estop=False external_stop=False,False
75.5,1,nan,nan,nan,1.4434396960814555e-05,3.551792633804224e-06,-6.321098279611679e-05,nan,BLOCKED mode=MANUAL estop=False external_stop=False,False
75.5,1,nan,nan,nan,1.4434396960814555e-05,3.551792633804224e-06,-6.321098279611679e-05,nan,BLOCKED mode=MANUAL estop=False external_stop=False,False
75.60000000000001,1,nan,nan,nan,1.443439695379163e-05,3.551792635846184e-06,-6.32109828683057e-05,nan,BLOCKED mode=MANUAL estop=False external_stop=False,False
75.60000000000001,1,nan,nan,nan,1.443439695379163e-05,3.551792635846184e-06,-6.32109828683057e-05,nan,BLOCKED mode=MANUAL estop=False external_stop=False,False
75.7,1,nan,nan,nan,1.4434396946774949e-05,3.5517926378861382e-06,-6.321098294048709e-05,nan,BLOCKED mode=MANUAL estop=False external_stop=False,False
75.7,1,nan,nan,nan,1.4434396946774949e-05,3.5517926378861382e-06,-6.321098294048709e-05,nan,BLOCKED mode=MANUAL estop=False external_stop=False,False
75.80000000000001,1,nan,nan,nan,1.4434396939765741e-05,3.5517926399224757e-06,-6.321098301265302e-05,nan,BLOCKED mode=MANUAL estop=False external_stop=False,False
75.80000000000001,1,nan,nan,nan,1.4434396939765741e-05,3.5517926399224757e-06,-6.321098301265302e-05,nan,BLOCKED mode=MANUAL estop=False external_stop=False,False
75.9,1,nan,nan,nan,1.4434396932772257e-05,3.551792641961063e-06,-6.321098308461243e-05,nan,BLOCKED mode=MANUAL estop=False external_stop=False,False
75.9,1,nan,nan,nan,1.4434396932772257e-05,3.551792641961063e-06,-6.321098308461243e-05,nan,BLOCKED mode=MANUAL estop=False external_stop=False,False
76.0,1,nan,nan,nan,1.4434396925783475e-05,3.551792643996777e-06,-6.321098315661809e-05,nan,BLOCKED mode=MANUAL estop=False external_stop=False,False
76.0,1,nan,nan,nan,1.4434396925086025e-05,3.551792644201342e-06,-6.32109831637933e-05,nan,BLOCKED mode=MANUAL estop=False external_stop=False,False
76.10000000000001,1,nan,nan,nan,1.4434396918804113e-05,3.551792646032366e-06,-6.321098322851987e-05,nan,BLOCKED mode=MANUAL estop=False external_stop=False,False
76.10000000000001,1,nan,nan,nan,1.4434396918804113e-05,3.551792646032366e-06,-6.321098322851987e-05,nan,BLOCKED mode=MANUAL estop=False external_stop=False,False
76.2,1,nan,nan,nan,1.4434396911829742e-05,3.5517926480616064e-06,-6.321098330046425e-05,nan,BLOCKED mode=MANUAL estop=False external_stop=False,False
76.2,1,nan,nan,nan,1.4434396911829742e-05,3.5517926480616064e-06,-6.321098330046425e-05,nan,BLOCKED mode=MANUAL estop=False external_stop=False,False
76.30000000000001,1,nan,nan,nan,1.4434396904867269e-05,3.5517926500956248e-06,-6.321098337226431e-05,nan,BLOCKED mode=MANUAL estop=False external_stop=False,False
76.30000000000001,1,nan,nan,nan,1.4434396904867269e-05,3.5517926500956248e-06,-6.321098337226431e-05,nan,BLOCKED mode=MANUAL estop=False external_stop=False,False
76.4,1,nan,nan,nan,1.4434396897915686e-05,3.551792652126216e-06,-6.321098344397011e-05,nan,BLOCKED mode=MANUAL estop=False external_stop=False,False
76.4,1,nan,nan,nan,1.4434396897915686e-05,3.551792652126216e-06,-6.321098344397011e-05,nan,BLOCKED mode=MANUAL estop=False external_stop=False,False
76.5,1,nan,nan,nan,1.443439689096514e-05,3.5517926541537253e-06,-6.321098351573668e-05,nan,BLOCKED mode=MANUAL estop=False external_stop=False,False
76.5,1,nan,nan,nan,1.443439689096514e-05,3.5517926541537253e-06,-6.321098351573668e-05,nan,BLOCKED mode=MANUAL estop=False external_stop=False,False
76.60000000000001,1,nan,nan,nan,1.4434396884018025e-05,3.5517926561777686e-06,-6.321098358754737e-05,nan,BLOCKED mode=MANUAL estop=False external_stop=False,False
76.60000000000001,1,nan,nan,nan,1.4434396884018025e-05,3.5517926561777686e-06,-6.321098358754737e-05,nan,BLOCKED mode=MANUAL estop=False external_stop=False,False
76.7,1,nan,nan,nan,1.443439687708174e-05,3.5517926582039463e-06,-6.321098365921417e-05,nan,BLOCKED mode=MANUAL estop=False external_stop=False,False
76.7,1,nan,nan,nan,1.443439687708174e-05,3.5517926582039463e-06,-6.321098365921417e-05,nan,BLOCKED mode=MANUAL estop=False external_stop=False,False
76.80000000000001,1,nan,nan,nan,1.4434396870158855e-05,3.551792660228393e-06,-6.321098373074629e-05,nan,BLOCKED mode=MANUAL estop=False external_stop=False,False
76.80000000000001,1,nan,nan,nan,1.4434396870158855e-05,3.551792660228393e-06,-6.321098373074629e-05,nan,BLOCKED mode=MANUAL estop=False external_stop=False,False
76.9,1,nan,nan,nan,1.443439686324166e-05,3.551792662253516e-06,-6.321098380225335e-05,nan,BLOCKED mode=MANUAL estop=False external_stop=False,False
76.9,1,nan,nan,nan,1.443439686324166e-05,3.551792662253516e-06,-6.321098380225335e-05,nan,BLOCKED mode=MANUAL estop=False external_stop=False,False
77.0,1,nan,nan,nan,1.4434396856326645e-05,3.5517926642716715e-06,-6.32109838738389e-05,nan,BLOCKED mode=MANUAL estop=False external_stop=False,False
77.0,1,nan,nan,nan,1.4434396856326645e-05,3.5517926642716715e-06,-6.32109838738389e-05,nan,BLOCKED mode=MANUAL estop=False external_stop=False,False
77.10000000000001,1,nan,nan,nan,1.4434396849415769e-05,3.5517926662895374e-06,-6.321098394542052e-05,nan,BLOCKED mode=MANUAL estop=False external_stop=False,False
77.10000000000001,1,nan,nan,nan,1.4434396849415769e-05,3.5517926662895374e-06,-6.321098394542052e-05,nan,BLOCKED mode=MANUAL estop=False external_stop=False,False
77.2,1,nan,nan,nan,1.443439684251413e-05,3.5517926683095487e-06,-6.321098401691015e-05,nan,BLOCKED mode=MANUAL estop=False external_stop=False,False
77.2,1,nan,nan,nan,1.443439684251413e-05,3.5517926683095487e-06,-6.321098401691015e-05,nan,BLOCKED mode=MANUAL estop=False external_stop=False,False
77.30000000000001,1,nan,nan,nan,1.4434396835618419e-05,3.5517926703268246e-06,-6.321098408835493e-05,nan,BLOCKED mode=MANUAL estop=False external_stop=False,False
77.30000000000001,1,nan,nan,nan,1.4434396835618419e-05,3.5517926703268246e-06,-6.321098408835493e-05,nan,BLOCKED mode=MANUAL estop=False external_stop=False,False
77.4,1,nan,nan,nan,1.4434396828719754e-05,3.551792672340694e-06,-6.32109841599129e-05,nan,BLOCKED mode=MANUAL estop=False external_stop=False,False
77.4,1,nan,nan,nan,1.4434396828719754e-05,3.551792672340694e-06,-6.32109841599129e-05,nan,BLOCKED mode=MANUAL estop=False external_stop=False,False
77.5,1,nan,nan,nan,1.4434396821827015e-05,3.551792674356337e-06,-6.321098423143604e-05,nan,BLOCKED mode=MANUAL estop=False external_stop=False,False
77.5,1,nan,nan,nan,1.4434396821827015e-05,3.551792674356337e-06,-6.321098423143604e-05,nan,BLOCKED mode=MANUAL estop=False external_stop=False,False
77.60000000000001,1,nan,nan,nan,1.4434396814940264e-05,3.5517926763724545e-06,-6.321098430293998e-05,nan,BLOCKED mode=MANUAL estop=False external_stop=False,False
77.60000000000001,1,nan,nan,nan,1.4434396814940264e-05,3.5517926763724545e-06,-6.321098430293998e-05,nan,BLOCKED mode=MANUAL estop=False external_stop=False,False
77.7,1,nan,nan,nan,1.4434396808053056e-05,3.5517926783852174e-06,-6.321098437447112e-05,nan,BLOCKED mode=MANUAL estop=False external_stop=False,False
77.7,1,nan,nan,nan,1.4434396808053056e-05,3.5517926783852174e-06,-6.321098437447112e-05,nan,BLOCKED mode=MANUAL estop=False external_stop=False,False
77.80000000000001,1,nan,nan,nan,1.4434396801166312e-05,3.5517926803974534e-06,-6.321098444604988e-05,nan,BLOCKED mode=MANUAL estop=False external_stop=False,False
77.80000000000001,1,nan,nan,nan,1.4434396801166312e-05,3.5517926803974534e-06,-6.321098444604988e-05,nan,BLOCKED mode=MANUAL estop=False external_stop=False,False
77.9,1,nan,nan,nan,1.4434396794287117e-05,3.551792682411325e-06,-6.321098451756091e-05,nan,BLOCKED mode=MANUAL estop=False external_stop=False,False
77.9,1,nan,nan,nan,1.4434396794287117e-05,3.551792682411325e-06,-6.321098451756091e-05,nan,BLOCKED mode=MANUAL estop=False external_stop=False,False
78.0,1,nan,nan,nan,1.4434396787405518e-05,3.55179268442259e-06,-6.321098458915347e-05,nan,BLOCKED mode=MANUAL estop=False external_stop=False,False
78.0,1,nan,nan,nan,1.4434396787405518e-05,3.55179268442259e-06,-6.321098458915347e-05,nan,BLOCKED mode=MANUAL estop=False external_stop=False,False
78.10000000000001,1,nan,nan,nan,1.4434396780528238e-05,3.551792686435098e-06,-6.321098466066775e-05,nan,BLOCKED mode=MANUAL estop=False external_stop=False,False
78.10000000000001,1,nan,nan,nan,1.4434396780528238e-05,3.551792686435098e-06,-6.321098466066775e-05,nan,BLOCKED mode=MANUAL estop=False external_stop=False,False
78.2,1,nan,nan,nan,1.4434396773651379e-05,3.5517926884446323e-06,-6.321098473226748e-05,nan,BLOCKED mode=MANUAL estop=False external_stop=False,False
78.2,1,nan,nan,nan,1.4434396773651379e-05,3.5517926884446323e-06,-6.321098473226748e-05,nan,BLOCKED mode=MANUAL estop=False external_stop=False,False
78.30000000000001,1,nan,nan,nan,1.4434396766777568e-05,3.551792690454267e-06,-6.321098480385149e-05,nan,BLOCKED mode=MANUAL estop=False external_stop=False,False
78.30000000000001,1,nan,nan,nan,1.4434396766777568e-05,3.551792690454267e-06,-6.321098480385149e-05,nan,BLOCKED mode=MANUAL estop=False external_stop=False,False
78.4,1,nan,nan,nan,1.4434396759906482e-05,3.551792692466237e-06,-6.321098487539586e-05,nan,BLOCKED mode=MANUAL estop=False external_stop=False,False
78.4,1,nan,nan,nan,1.4434396759906482e-05,3.551792692466237e-06,-6.321098487539586e-05,nan,BLOCKED mode=MANUAL estop=False external_stop=False,False
78.5,1,nan,nan,nan,1.4434396753037658e-05,3.5517926944761613e-06,-6.321098494695954e-05,nan,BLOCKED mode=MANUAL estop=False external_stop=False,False
78.5,1,nan,nan,nan,1.4434396753037658e-05,3.5517926944761613e-06,-6.321098494695954e-05,nan,BLOCKED mode=MANUAL estop=False external_stop=False,False
78.60000000000001,1,nan,nan,nan,1.4434396746168719e-05,3.5517926964860938e-06,-6.321098501857388e-05,nan,BLOCKED mode=MANUAL estop=False external_stop=False,False
78.60000000000001,1,nan,nan,nan,1.4434396746168719e-05,3.5517926964860938e-06,-6.321098501857388e-05,nan,BLOCKED mode=MANUAL estop=False external_stop=False,False
78.7,1,nan,nan,nan,1.4434396739297044e-05,3.5517926984940167e-06,-6.321098509024068e-05,nan,BLOCKED mode=MANUAL estop=False external_stop=False,False
78.7,1,nan,nan,nan,1.4434396739297044e-05,3.5517926984940167e-06,-6.321098509024068e-05,nan,BLOCKED mode=MANUAL estop=False external_stop=False,False
78.80000000000001,1,nan,nan,nan,1.4434396732430529e-05,3.5517927005017842e-06,-6.321098516185792e-05,nan,BLOCKED mode=MANUAL estop=False external_stop=False,False
78.80000000000001,1,nan,nan,nan,1.4434396732430529e-05,3.5517927005017842e-06,-6.321098516185792e-05,nan,BLOCKED mode=MANUAL estop=False external_stop=False,False
78.9,1,nan,nan,nan,1.4434396725565415e-05,3.5517927025108494e-06,-6.321098523349243e-05,nan,BLOCKED mode=MANUAL estop=False external_stop=False,False
78.9,1,nan,nan,nan,1.4434396725565415e-05,3.5517927025108494e-06,-6.321098523349243e-05,nan,BLOCKED mode=MANUAL estop=False external_stop=False,False
79.0,1,nan,nan,nan,1.443439671870453e-05,3.5517927045198074e-06,-6.321098530506566e-05,nan,BLOCKED mode=MANUAL estop=False external_stop=False,False
79.0,1,nan,nan,nan,1.443439671870453e-05,3.5517927045198074e-06,-6.321098530506566e-05,nan,BLOCKED mode=MANUAL estop=False external_stop=False,False
79.10000000000001,1,nan,nan,nan,1.4434396711843596e-05,3.5517927065274216e-06,-6.321098537669695e-05,nan,BLOCKED mode=MANUAL estop=False external_stop=False,False
79.10000000000001,1,nan,nan,nan,1.4434396711843596e-05,3.5517927065274216e-06,-6.321098537669695e-05,nan,BLOCKED mode=MANUAL estop=False external_stop=False,False
79.2,1,nan,nan,nan,1.4434396704984478e-05,3.551792708536474e-06,-6.32109854483073e-05,nan,BLOCKED mode=MANUAL estop=False external_stop=False,False
79.2,1,nan,nan,nan,1.4434396704984478e-05,3.551792708536474e-06,-6.32109854483073e-05,nan,BLOCKED mode=MANUAL estop=False external_stop=False,False
79.30000000000001,1,nan,nan,nan,1.4434396698123596e-05,3.551792710543372e-06,-6.321098551997934e-05,nan,BLOCKED mode=MANUAL estop=False external_stop=False,False
79.30000000000001,1,nan,nan,nan,1.4434396698123596e-05,3.551792710543372e-06,-6.321098551997934e-05,nan,BLOCKED mode=MANUAL estop=False external_stop=False,False
79.4,1,nan,nan,nan,1.4434396691270025e-05,3.5517927125517592e-06,-6.321098559156092e-05,nan,BLOCKED mode=MANUAL estop=False external_stop=False,False
79.4,1,nan,nan,nan,1.4434396691270025e-05,3.5517927125517592e-06,-6.321098559156092e-05,nan,BLOCKED mode=MANUAL estop=False external_stop=False,False
79.5,1,nan,nan,nan,1.4434396684417096e-05,3.5517927145609027e-06,-6.321098566316502e-05,nan,BLOCKED mode=MANUAL estop=False external_stop=False,False
79.5,1,nan,nan,nan,1.4434396684417096e-05,3.5517927145609027e-06,-6.321098566316502e-05,nan,BLOCKED mode=MANUAL estop=False external_stop=False,False
79.60000000000001,1,nan,nan,nan,1.4434396677563016e-05,3.551792716566867e-06,-6.321098573482715e-05,nan,BLOCKED mode=MANUAL estop=False external_stop=False,False
79.60000000000001,1,nan,nan,nan,1.4434396677563016e-05,3.551792716566867e-06,-6.321098573482715e-05,nan,BLOCKED mode=MANUAL estop=False external_stop=False,False
79.7,1,nan,nan,nan,1.4434396670712102e-05,3.5517927185741677e-06,-6.321098580643153e-05,nan,BLOCKED mode=MANUAL estop=False external_stop=False,False
79.7,1,nan,nan,nan,1.4434396670712102e-05,3.5517927185741677e-06,-6.321098580643153e-05,nan,BLOCKED mode=MANUAL estop=False external_stop=False,False
79.80000000000001,1,nan,nan,nan,1.4434396663861426e-05,3.5517927205810264e-06,-6.321098587809083e-05,nan,BLOCKED mode=MANUAL estop=False external_stop=False,False
79.80000000000001,1,nan,nan,nan,1.4434396663861426e-05,3.5517927205810264e-06,-6.321098587809083e-05,nan,BLOCKED mode=MANUAL estop=False external_stop=False,False
79.9,1,nan,nan,nan,1.4434396657014666e-05,3.55179272258728e-06,-6.321098594969228e-05,nan,BLOCKED mode=MANUAL estop=False external_stop=False,False
79.9,1,nan,nan,nan,1.4434396657014666e-05,3.55179272258728e-06,-6.321098594969228e-05,nan,BLOCKED mode=MANUAL estop=False external_stop=False,False
80.0,1,nan,nan,nan,1.4434396650169154e-05,3.551792724594782e-06,-6.321098602131532e-05,nan,BLOCKED mode=MANUAL estop=False external_stop=False,False
80.0,1,nan,nan,nan,1.4434396650169154e-05,3.551792724594782e-06,-6.321098602131532e-05,nan,BLOCKED mode=MANUAL estop=False external_stop=False,False
80.10000000000001,1,nan,nan,nan,1.443439664332571e-05,3.5517927266020224e-06,-6.321098609290283e-05,nan,BLOCKED mode=MANUAL estop=False external_stop=False,False
80.10000000000001,1,nan,nan,nan,1.443439664332571e-05,3.5517927266020224e-06,-6.321098609290283e-05,nan,BLOCKED mode=MANUAL estop=False external_stop=False,False
80.2,1,nan,nan,nan,1.4434396636484149e-05,3.5517927286093884e-06,-6.321098616451329e-05,nan,BLOCKED mode=MANUAL estop=False external_stop=False,False
80.2,1,nan,nan,nan,1.4434396636484149e-05,3.5517927286093884e-06,-6.321098616451329e-05,nan,BLOCKED mode=MANUAL estop=False external_stop=False,False
80.30000000000001,1,nan,nan,nan,1.4434396629647353e-05,3.551792730617725e-06,-6.321098623605386e-05,nan,BLOCKED mode=MANUAL estop=False external_stop=False,False
80.30000000000001,1,nan,nan,nan,1.4434396629647353e-05,3.551792730617725e-06,-6.321098623605386e-05,nan,BLOCKED mode=MANUAL estop=False external_stop=False,False
80.4,1,nan,nan,nan,1.4434396622812517e-05,3.551792732624895e-06,-6.321098630761011e-05,nan,BLOCKED mode=MANUAL estop=False external_stop=False,False
80.4,1,nan,nan,nan,1.4434396622812517e-05,3.551792732624895e-06,-6.321098630761011e-05,nan,BLOCKED mode=MANUAL estop=False external_stop=False,False
80.5,1,nan,nan,nan,1.4434396615980331e-05,3.551792734634184e-06,-6.321098637912778e-05,nan,BLOCKED mode=MANUAL estop=False external_stop=False,False
80.5,1,nan,nan,nan,1.4434396615980331e-05,3.551792734634184e-06,-6.321098637912778e-05,nan,BLOCKED mode=MANUAL estop=False external_stop=False,False
80.60000000000001,1,nan,nan,nan,1.4434396609151641e-05,3.551792736642109e-06,-6.321098645063541e-05,nan,BLOCKED mode=MANUAL estop=False external_stop=False,False
80.60000000000001,1,nan,nan,nan,1.4434396609151641e-05,3.551792736642109e-06,-6.321098645063541e-05,nan,BLOCKED mode=MANUAL estop=False external_stop=False,False
80.7,1,nan,nan,nan,1.4434396602328335e-05,3.5517927386510267e-06,-6.321098652210625e-05,nan,BLOCKED mode=MANUAL estop=False external_stop=False,False
80.7,1,nan,nan,nan,1.4434396602328335e-05,3.5517927386510267e-06,-6.321098652210625e-05,nan,BLOCKED mode=MANUAL estop=False external_stop=False,False
80.80000000000001,1,nan,nan,nan,1.4434396595503275e-05,3.551792740658665e-06,-6.321098659360461e-05,nan,BLOCKED mode=MANUAL estop=False external_stop=False,False
80.80000000000001,1,nan,nan,nan,1.4434396595503275e-05,3.551792740658665e-06,-6.321098659360461e-05,nan,BLOCKED mode=MANUAL estop=False external_stop=False,False
80.9,1,nan,nan,nan,1.443439658868332e-05,3.5517927426673787e-06,-6.321098666504615e-05,nan,BLOCKED mode=MANUAL estop=False external_stop=False,False
80.9,1,nan,nan,nan,1.443439658868332e-05,3.5517927426673787e-06,-6.321098666504615e-05,nan,BLOCKED mode=MANUAL estop=False external_stop=False,False
81.0,1,nan,nan,nan,1.4434396581868359e-05,3.5517927446749243e-06,-6.321098673644776e-05,nan,BLOCKED mode=MANUAL estop=False external_stop=False,False
81.0,1,nan,nan,nan,1.4434396581868359e-05,3.5517927446749243e-06,-6.321098673644776e-05,nan,BLOCKED mode=MANUAL estop=False external_stop=False,False
81.10000000000001,1,nan,nan,nan,1.4434396575055131e-05,3.5517927466852536e-06,-6.321098680784757e-05,nan,BLOCKED mode=MANUAL estop=False external_stop=False,False
81.10000000000001,1,nan,nan,nan,1.4434396575055131e-05,3.5517927466852536e-06,-6.321098680784757e-05,nan,BLOCKED mode=MANUAL estop=False external_stop=False,False
81.2,1,nan,nan,nan,1.4434396568242647e-05,3.5517927486926794e-06,-6.32109868792578e-05,nan,BLOCKED mode=MANUAL estop=False external_stop=False,False
81.2,1,nan,nan,nan,1.4434396568242647e-05,3.5517927486926794e-06,-6.32109868792578e-05,nan,BLOCKED mode=MANUAL estop=False external_stop=False,False
81.30000000000001,1,nan,nan,nan,1.4434396561432825e-05,3.551792750701109e-06,-6.321098695067003e-05,nan,BLOCKED mode=MANUAL estop=False external_stop=False,False
81.30000000000001,1,nan,nan,nan,1.4434396561432825e-05,3.551792750701109e-06,-6.321098695067003e-05,nan,BLOCKED mode=MANUAL estop=False external_stop=False,False
81.4,1,nan,nan,nan,1.4434396554625865e-05,3.5517927527089573e-06,-6.321098702205639e-05,nan,BLOCKED mode=MANUAL estop=False external_stop=False,False
81.4,1,nan,nan,nan,1.4434396554625865e-05,3.5517927527089573e-06,-6.321098702205639e-05,nan,BLOCKED mode=MANUAL estop=False external_stop=False,False
81.5,1,nan,nan,nan,1.4434396547822425e-05,3.551792754716675e-06,-6.321098709341447e-05,nan,BLOCKED mode=MANUAL estop=False external_stop=False,False
81.5,1,nan,nan,nan,1.4434396547822425e-05,3.551792754716675e-06,-6.321098709341447e-05,nan,BLOCKED mode=MANUAL estop=False external_stop=False,False
81.60000000000001,1,nan,nan,nan,1.4434396541022392e-05,3.551792756724881e-06,-6.321098716475661e-05,nan,BLOCKED mode=MANUAL estop=False external_stop=False,False
81.60000000000001,1,nan,nan,nan,1.4434396541022392e-05,3.551792756724881e-06,-6.321098716475661e-05,nan,BLOCKED mode=MANUAL estop=False external_stop=False,False
81.7,1,nan,nan,nan,1.4434396534224387e-05,3.55179275873279e-06,-6.321098723608994e-05,nan,BLOCKED mode=MANUAL estop=False external_stop=False,False
81.7,1,nan,nan,nan,1.4434396534224387e-05,3.55179275873279e-06,-6.321098723608994e-05,nan,BLOCKED mode=MANUAL estop=False external_stop=False,False
81.80000000000001,1,nan,nan,nan,1.4434396527429762e-05,3.5517927607407697e-06,-6.321098730739526e-05,nan,BLOCKED mode=MANUAL estop=False external_stop=False,False
81.80000000000001,1,nan,nan,nan,1.4434396527429762e-05,3.5517927607407697e-06,-6.321098730739526e-05,nan,BLOCKED mode=MANUAL estop=False external_stop=False,False
81.9,1,nan,nan,nan,1.4434396520639378e-05,3.551792762748496e-06,-6.321098737866463e-05,nan,BLOCKED mode=MANUAL estop=False external_stop=False,False
81.9,1,nan,nan,nan,1.4434396520639378e-05,3.551792762748496e-06,-6.321098737866463e-05,nan,BLOCKED mode=MANUAL estop=False external_stop=False,False
82.0,1,nan,nan,nan,1.4434396513853346e-05,3.551792764760228e-06,-6.321098744987421e-05,nan,BLOCKED mode=MANUAL estop=False external_stop=False,False
82.0,1,nan,nan,nan,1.4434396513853346e-05,3.551792764760228e-06,-6.321098744987421e-05,nan,BLOCKED mode=MANUAL estop=False external_stop=False,False
82.10000000000001,1,nan,nan,nan,1.4434396507074198e-05,3.5517927667713834e-06,-6.321098752104404e-05,nan,BLOCKED mode=MANUAL estop=False external_stop=False,False
82.10000000000001,1,nan,nan,nan,1.4434396507074198e-05,3.5517927667713834e-06,-6.321098752104404e-05,nan,BLOCKED mode=MANUAL estop=False external_stop=False,False
82.2,1,nan,nan,nan,1.4434396500296721e-05,3.551792768782079e-06,-6.321098759219156e-05,nan,BLOCKED mode=MANUAL estop=False external_stop=False,False
82.2,1,nan,nan,nan,1.4434396500296721e-05,3.551792768782079e-06,-6.321098759219156e-05,nan,BLOCKED mode=MANUAL estop=False external_stop=False,False
82.30000000000001,1,nan,nan,nan,1.443439649352259e-05,3.55179277079183e-06,-6.321098766334302e-05,nan,BLOCKED mode=MANUAL estop=False external_stop=False,False
82.30000000000001,1,nan,nan,nan,1.443439649352259e-05,3.55179277079183e-06,-6.321098766334302e-05,nan,BLOCKED mode=MANUAL estop=False external_stop=False,False
82.4,1,nan,nan,nan,1.443439648675679e-05,3.5517927728046623e-06,-6.321098773438864e-05,nan,BLOCKED mode=MANUAL estop=False external_stop=False,False
82.4,1,nan,nan,nan,1.443439648675679e-05,3.5517927728046623e-06,-6.321098773438864e-05,nan,BLOCKED mode=MANUAL estop=False external_stop=False,False
82.5,1,nan,nan,nan,1.443439647998551e-05,3.5517927748120703e-06,-6.321098780553282e-05,nan,BLOCKED mode=MANUAL estop=False external_stop=False,False
82.5,1,nan,nan,nan,1.443439647998551e-05,3.5517927748120703e-06,-6.321098780553282e-05,nan,BLOCKED mode=MANUAL estop=False external_stop=False,False
82.60000000000001,1,nan,nan,nan,1.443439647322113e-05,3.5517927768214408e-06,-6.321098787661246e-05,nan,BLOCKED mode=MANUAL estop=False external_stop=False,False
82.60000000000001,1,nan,nan,nan,1.443439647322113e-05,3.5517927768214408e-06,-6.321098787661246e-05,nan,BLOCKED mode=MANUAL estop=False external_stop=False,False
82.7,1,nan,nan,nan,1.4434396466458336e-05,3.551792778830372e-06,-6.321098794770711e-05,nan,BLOCKED mode=MANUAL estop=False external_stop=False,False
82.7,1,nan,nan,nan,1.4434396466458336e-05,3.551792778830372e-06,-6.321098794770711e-05,nan,BLOCKED mode=MANUAL estop=False external_stop=False,False
82.80000000000001,1,nan,nan,nan,1.443439645969822e-05,3.5517927808387203e-06,-6.321098801875547e-05,nan,BLOCKED mode=MANUAL estop=False external_stop=False,False
82.80000000000001,1,nan,nan,nan,1.443439645969822e-05,3.5517927808387203e-06,-6.321098801875547e-05,nan,BLOCKED mode=MANUAL estop=False external_stop=False,False
82.9,1,nan,nan,nan,1.443439645294408e-05,3.5517927828494875e-06,-6.321098808974509e-05,nan,BLOCKED mode=MANUAL estop=False external_stop=False,False
82.9,1,nan,nan,nan,1.443439645294408e-05,3.5517927828494875e-06,-6.321098808974509e-05,nan,BLOCKED mode=MANUAL estop=False external_stop=False,False
83.0,1,nan,nan,nan,1.4434396446193312e-05,3.5517927848612776e-06,-6.321098816070055e-05,nan,BLOCKED mode=MANUAL estop=False external_stop=False,False
83.0,1,nan,nan,nan,1.4434396446193312e-05,3.5517927848612776e-06,-6.321098816070055e-05,nan,BLOCKED mode=MANUAL estop=False external_stop=False,False
83.10000000000001,1,nan,nan,nan,1.4434396439445095e-05,3.5517927868709717e-06,-6.321098823167439e-05,nan,BLOCKED mode=MANUAL estop=False external_stop=False,False
83.10000000000001,1,nan,nan,nan,1.4434396439445095e-05,3.5517927868709717e-06,-6.321098823167439e-05,nan,BLOCKED mode=MANUAL estop=False external_stop=False,False
83.2,1,nan,nan,nan,1.443439643270084e-05,3.5517927888799907e-06,-6.321098830259864e-05,nan,BLOCKED mode=MANUAL estop=False external_stop=False,False
83.2,1,nan,nan,nan,1.443439643270084e-05,3.5517927888799907e-06,-6.321098830259864e-05,nan,BLOCKED mode=MANUAL estop=False external_stop=False,False
83.30000000000001,1,nan,nan,nan,1.4434396425957685e-05,3.5517927908902675e-06,-6.32109883735376e-05,nan,BLOCKED mode=MANUAL estop=False external_stop=False,False
83.30000000000001,1,nan,nan,nan,1.4434396425957685e-05,3.5517927908902675e-06,-6.32109883735376e-05,nan,BLOCKED mode=MANUAL estop=False external_stop=False,False
83.4,1,nan,nan,nan,1.4434396419221542e-05,3.5517927929014494e-06,-6.32109884443959e-05,nan,BLOCKED mode=MANUAL estop=False external_stop=False,False
83.4,1,nan,nan,nan,1.4434396419221542e-05,3.5517927929014494e-06,-6.32109884443959e-05,nan,BLOCKED mode=MANUAL estop=False external_stop=False,False
83.5,1,nan,nan,nan,1.4434396412485795e-05,3.5517927949076372e-06,-6.321098851526065e-05,nan,BLOCKED mode=MANUAL estop=False external_stop=False,False
83.5,1,nan,nan,nan,1.4434396412485795e-05,3.5517927949076372e-06,-6.321098851526065e-05,nan,BLOCKED mode=MANUAL estop=False external_stop=False,False
83.60000000000001,1,nan,nan,nan,1.4434396405752115e-05,3.5517927969165737e-06,-6.321098858614137e-05,nan,BLOCKED mode=MANUAL estop=False external_stop=False,False
83.60000000000001,1,nan,nan,nan,1.4434396405752115e-05,3.5517927969165737e-06,-6.321098858614137e-05,nan,BLOCKED mode=MANUAL estop=False external_stop=False,False
83.7,1,nan,nan,nan,1.4434396399018879e-05,3.551792798924598e-06,-6.321098865700895e-05,nan,BLOCKED mode=MANUAL estop=False external_stop=False,False
83.7,1,nan,nan,nan,1.4434396399018879e-05,3.551792798924598e-06,-6.321098865700895e-05,nan,BLOCKED mode=MANUAL estop=False external_stop=False,False
83.80000000000001,1,nan,nan,nan,1.4434396392294259e-05,3.5517928009342402e-06,-6.321098872779999e-05,nan,BLOCKED mode=MANUAL estop=False external_stop=False,False
83.80000000000001,1,nan,nan,nan,1.4434396392294259e-05,3.5517928009342402e-06,-6.321098872779999e-05,nan,BLOCKED mode=MANUAL estop=False external_stop=False,False
83.9,1,nan,nan,nan,1.4434396385568072e-05,3.551792802944323e-06,-6.321098879860123e-05,nan,BLOCKED mode=MANUAL estop=False external_stop=False,False
83.9,1,nan,nan,nan,1.4434396385568072e-05,3.551792802944323e-06,-6.321098879860123e-05,nan,BLOCKED mode=MANUAL estop=False external_stop=False,False
84.0,1,nan,nan,nan,1.4434396378849015e-05,3.551792804955593e-06,-6.321098886935523e-05,nan,BLOCKED mode=MANUAL estop=False external_stop=False,False
84.0,1,nan,nan,nan,1.4434396378177068e-05,3.5517928051569676e-06,-6.321098887641654e-05,nan,BLOCKED mode=MANUAL estop=False external_stop=False,False
84.10000000000001,1,nan,nan,nan,1.443439637213063e-05,3.551792806964943e-06,-6.321098894010469e-05,nan,BLOCKED mode=MANUAL estop=False external_stop=False,False
84.10000000000001,1,nan,nan,nan,1.443439637213063e-05,3.551792806964943e-06,-6.321098894010469e-05,nan,BLOCKED mode=MANUAL estop=False external_stop=False,False
84.2,1,nan,nan,nan,1.4434396365415928e-05,3.5517928089749334e-06,-6.321098901082948e-05,nan,BLOCKED mode=MANUAL estop=False external_stop=False,False
84.2,1,nan,nan,nan,1.4434396365415928e-05,3.5517928089749334e-06,-6.321098901082948e-05,nan,BLOCKED mode=MANUAL estop=False external_stop=False,False
84.30000000000001,1,nan,nan,nan,1.4434396358706902e-05,3.551792810986234e-06,-6.321098908149654e-05,nan,BLOCKED mode=MANUAL estop=False external_stop=False,False
84.30000000000001,1,nan,nan,nan,1.4434396358706902e-05,3.551792810986234e-06,-6.321098908149654e-05,nan,BLOCKED mode=MANUAL estop=False external_stop=False,False
84.4,1,nan,nan,nan,1.4434396352000785e-05,3.5517928129988647e-06,-6.32109891521131e-05,nan,BLOCKED mode=MANUAL estop=False external_stop=False,False
84.4,1,nan,nan,nan,1.4434396352000785e-05,3.5517928129988647e-06,-6.32109891521131e-05,nan,BLOCKED mode=MANUAL estop=False external_stop=False,False
84.5,1,nan,nan,nan,1.443439634529301e-05,3.5517928150071705e-06,-6.321098922281824e-05,nan,BLOCKED mode=MANUAL estop=False external_stop=False,False
84.5,1,nan,nan,nan,1.443439634529301e-05,3.5517928150071705e-06,-6.321098922281824e-05,nan,BLOCKED mode=MANUAL estop=False external_stop=False,False
84.60000000000001,1,nan,nan,nan,1.4434396338593475e-05,3.5517928170176464e-06,-6.321098929342081e-05,nan,BLOCKED mode=MANUAL estop=False external_stop=False,False
84.60000000000001,1,nan,nan,nan,1.4434396338593475e-05,3.5517928170176464e-06,-6.321098929342081e-05,nan,BLOCKED mode=MANUAL estop=False external_stop=False,False
84.7,1,nan,nan,nan,1.443439633189281e-05,3.5517928190275653e-06,-6.321098936403568e-05,nan,BLOCKED mode=MANUAL estop=False external_stop=False,False
84.7,1,nan,nan,nan,1.443439633189281e-05,3.5517928190275653e-06,-6.321098936403568e-05,nan,BLOCKED mode=MANUAL estop=False external_stop=False,False
84.80000000000001,1,nan,nan,nan,1.4434396325195721e-05,3.5517928210380565e-06,-6.321098943463503e-05,nan,BLOCKED mode=MANUAL estop=False external_stop=False,False
84.80000000000001,1,nan,nan,nan,1.4434396325195721e-05,3.5517928210380565e-06,-6.321098943463503e-05,nan,BLOCKED mode=MANUAL estop=False external_stop=False,False
84.9,1,nan,nan,nan,1.4434396318504052e-05,3.551792823047972e-06,-6.321098950517231e-05,nan,BLOCKED mode=MANUAL estop=False external_stop=False,False
84.9,1,nan,nan,nan,1.4434396318504052e-05,3.551792823047972e-06,-6.321098950517231e-05,nan,BLOCKED mode=MANUAL estop=False external_stop=False,False
85.0,1,nan,nan,nan,1.4434396311815512e-05,3.551792825060648e-06,-6.321098957568184e-05,nan,BLOCKED mode=MANUAL estop=False external_stop=False,False
85.0,1,nan,nan,nan,1.4434396311815512e-05,3.551792825060648e-06,-6.321098957568184e-05,nan,BLOCKED mode=MANUAL estop=False external_stop=False,False
85.10000000000001,1,nan,nan,nan,1.4434396305124345e-05,3.5517928270689107e-06,-6.321098964624604e-05,nan,BLOCKED mode=MANUAL estop=False external_stop=False,False
85.10000000000001,1,nan,nan,nan,1.4434396305124345e-05,3.5517928270689107e-06,-6.321098964624604e-05,nan,BLOCKED mode=MANUAL estop=False external_stop=False,False
85.2,1,nan,nan,nan,1.4434396298442282e-05,3.5517928290815487e-06,-6.321098971671325e-05,nan,BLOCKED mode=MANUAL estop=False external_stop=False,False
85.2,1,nan,nan,nan,1.4434396298442282e-05,3.5517928290815487e-06,-6.321098971671325e-05,nan,BLOCKED mode=MANUAL estop=False external_stop=False,False
85.30000000000001,1,nan,nan,nan,1.4434396291765297e-05,3.551792831096115e-06,-6.321098978710746e-05,nan,BLOCKED mode=MANUAL estop=False external_stop=False,False
85.30000000000001,1,nan,nan,nan,1.4434396291765297e-05,3.551792831096115e-06,-6.321098978710746e-05,nan,BLOCKED mode=MANUAL estop=False external_stop=False,False
85.4,1,nan,nan,nan,1.4434396285085743e-05,3.551792833106081e-06,-6.321098985756461e-05,nan,BLOCKED mode=MANUAL estop=False external_stop=False,False
85.4,1,nan,nan,nan,1.4434396285085743e-05,3.551792833106081e-06,-6.321098985756461e-05,nan,BLOCKED mode=MANUAL estop=False external_stop=False,False
85.5,1,nan,nan,nan,1.44343962784103e-05,3.551792835115549e-06,-6.321098992800662e-05,nan,BLOCKED mode=MANUAL estop=False external_stop=False,False
85.5,1,nan,nan,nan,1.44343962784103e-05,3.551792835115549e-06,-6.321098992800662e-05,nan,BLOCKED mode=MANUAL estop=False external_stop=False,False
85.60000000000001,1,nan,nan,nan,1.4434396271735231e-05,3.5517928371254657e-06,-6.321098999845115e-05,nan,BLOCKED mode=MANUAL estop=False external_stop=False,False
85.60000000000001,1,nan,nan,nan,1.4434396271735231e-05,3.5517928371254657e-06,-6.321098999845115e-05,nan,BLOCKED mode=MANUAL estop=False external_stop=False,False
85.7,1,nan,nan,nan,1.443439626506038e-05,3.55179283913293e-06,-6.321099006890156e-05,nan,BLOCKED mode=MANUAL estop=False external_stop=False,False
85.7,1,nan,nan,nan,1.443439626506038e-05,3.55179283913293e-06,-6.321099006890156e-05,nan,BLOCKED mode=MANUAL estop=False external_stop=False,False
85.80000000000001,1,nan,nan,nan,1.4434396258390163e-05,3.5517928411428354e-06,-6.321099013930636e-05,nan,BLOCKED mode=MANUAL estop=False external_stop=False,False
85.80000000000001,1,nan,nan,nan,1.4434396258390163e-05,3.5517928411428354e-06,-6.321099013930636e-05,nan,BLOCKED mode=MANUAL estop=False external_stop=False,False
85.9,1,nan,nan,nan,1.4434396251722045e-05,3.5517928431522097e-06,-6.321099020969469e-05,nan,BLOCKED mode=MANUAL estop=False external_stop=False,False
85.9,1,nan,nan,nan,1.4434396251722045e-05,3.5517928431522097e-06,-6.321099020969469e-05,nan,BLOCKED mode=MANUAL estop=False external_stop=False,False
86.0,1,nan,nan,nan,1.4434396245056783e-05,3.551792845158456e-06,-6.321099028005429e-05,nan,BLOCKED mode=MANUAL estop=False external_stop=False,False
86.0,1,nan,nan,nan,1.4434396244389543e-05,3.5517928453599223e-06,-6.321099028709764e-05,nan,BLOCKED mode=MANUAL estop=False external_stop=False,False
86.10000000000001,1,nan,nan,nan,1.443439623839229e-05,3.5517928471690835e-06,-6.32109903504118e-05,nan,BLOCKED mode=MANUAL estop=False external_stop=False,False
86.10000000000001,1,nan,nan,nan,1.4434396237727899e-05,3.551792847371244e-06,-6.321099035741481e-05,nan,BLOCKED mode=MANUAL estop=False external_stop=False,False
86.2,1,nan,nan,nan,1.4434396231735324e-05,3.551792849182269e-06,-6.321099042067116e-05,nan,BLOCKED mode=MANUAL estop=False external_stop=False,False
86.2,1,nan,nan,nan,1.4434396231735324e-05,3.551792849182269e-06,-6.321099042067116e-05,nan,BLOCKED mode=MANUAL estop=False external_stop=False,False
86.30000000000001,1,nan,nan,nan,1.4434396225077321e-05,3.5517928511912165e-06,-6.321099049097789e-05,nan,BLOCKED mode=MANUAL estop=False external_stop=False,False
86.30000000000001,1,nan,nan,nan,1.4434396225077321e-05,3.5517928511912165e-06,-6.321099049097789e-05,nan,BLOCKED mode=MANUAL estop=False external_stop=False,False
86.4,1,nan,nan,nan,1.4434396218423632e-05,3.551792853202717e-06,-6.321099056126344e-05,nan,BLOCKED mode=MANUAL estop=False external_stop=False,False
86.4,1,nan,nan,nan,1.4434396218423632e-05,3.551792853202717e-06,-6.321099056126344e-05,nan,BLOCKED mode=MANUAL estop=False external_stop=False,False
86.5,1,nan,nan,nan,1.4434396211769998e-05,3.5517928552118748e-06,-6.321099063154867e-05,nan,BLOCKED mode=MANUAL estop=False external_stop=False,False
86.5,1,nan,nan,nan,1.4434396211769998e-05,3.5517928552118748e-06,-6.321099063154867e-05,nan,BLOCKED mode=MANUAL estop=False external_stop=False,False
86.60000000000001,1,nan,nan,nan,1.4434396205118936e-05,3.551792857222995e-06,-6.321099070178967e-05,nan,BLOCKED mode=MANUAL estop=False external_stop=False,False
86.60000000000001,1,nan,nan,nan,1.4434396205118936e-05,3.551792857222995e-06,-6.321099070178967e-05,nan,BLOCKED mode=MANUAL estop=False external_stop=False,False
86.7,1,nan,nan,nan,1.4434396198468963e-05,3.5517928592318122e-06,-6.321099077204492e-05,nan,BLOCKED mode=MANUAL estop=False external_stop=False,False
86.7,1,nan,nan,nan,1.4434396198468963e-05,3.5517928592318122e-06,-6.321099077204492e-05,nan,BLOCKED mode=MANUAL estop=False external_stop=False,False
86.80000000000001,1,nan,nan,nan,1.4434396191822069e-05,3.551792861242798e-06,-6.321099084228131e-05,nan,BLOCKED mode=MANUAL estop=False external_stop=False,False
86.80000000000001,1,nan,nan,nan,1.4434396191822069e-05,3.551792861242798e-06,-6.321099084228131e-05,nan,BLOCKED mode=MANUAL estop=False external_stop=False,False
86.9,1,nan,nan,nan,1.4434396185180128e-05,3.5517928632544064e-06,-6.321099091244307e-05,nan,BLOCKED mode=MANUAL estop=False external_stop=False,False
86.9,1,nan,nan,nan,1.4434396185180128e-05,3.5517928632544064e-06,-6.321099091244307e-05,nan,BLOCKED mode=MANUAL estop=False external_stop=False,False
87.0,1,nan,nan,nan,1.443439617853543e-05,3.5517928652618538e-06,-6.321099098268689e-05,nan,BLOCKED mode=MANUAL estop=False external_stop=False,False
87.0,1,nan,nan,nan,1.443439617787181e-05,3.551792865462048e-06,-6.321099098970472e-05,nan,BLOCKED mode=MANUAL estop=False external_stop=False,False
87.10000000000001,1,nan,nan,nan,1.4434396171894072e-05,3.5517928672709765e-06,-6.321099105287488e-05,nan,BLOCKED mode=MANUAL estop=False external_stop=False,False
87.10000000000001,1,nan,nan,nan,1.4434396171894072e-05,3.5517928672709765e-06,-6.321099105287488e-05,nan,BLOCKED mode=MANUAL estop=False external_stop=False,False
87.2,1,nan,nan,nan,1.443439616525521e-05,3.5517928692801946e-06,-6.321099112305681e-05,nan,BLOCKED mode=MANUAL estop=False external_stop=False,False
87.2,1,nan,nan,nan,1.443439616525521e-05,3.5517928692801946e-06,-6.321099112305681e-05,nan,BLOCKED mode=MANUAL estop=False external_stop=False,False
87.30000000000001,1,nan,nan,nan,1.4434396158616128e-05,3.5517928712896888e-06,-6.321099119323372e-05,nan,BLOCKED mode=MANUAL estop=False external_stop=False,False
87.30000000000001,1,nan,nan,nan,1.4434396158616128e-05,3.5517928712896888e-06,-6.321099119323372e-05,nan,BLOCKED mode=MANUAL estop=False external_stop=False,False
87.4,1,nan,nan,nan,1.4434396151983626e-05,3.5517928733001117e-06,-6.321099126334971e-05,nan,BLOCKED mode=MANUAL estop=False external_stop=False,False
87.4,1,nan,nan,nan,1.4434396151983626e-05,3.5517928733001117e-06,-6.321099126334971e-05,nan,BLOCKED mode=MANUAL estop=False external_stop=False,False
87.5,1,nan,nan,nan,1.4434396145351056e-05,3.5517928753112144e-06,-6.321099133347619e-05,nan,BLOCKED mode=MANUAL estop=False external_stop=False,False
87.5,1,nan,nan,nan,1.4434396145351056e-05,3.5517928753112144e-06,-6.321099133347619e-05,nan,BLOCKED mode=MANUAL estop=False external_stop=False,False
87.60000000000001,1,nan,nan,nan,1.4434396138721965e-05,3.5517928773221757e-06,-6.32109914035592e-05,nan,BLOCKED mode=MANUAL estop=False external_stop=False,False
87.60000000000001,1,nan,nan,nan,1.4434396138721965e-05,3.5517928773221757e-06,-6.32109914035592e-05,nan,BLOCKED mode=MANUAL estop=False external_stop=False,False
87.7,1,nan,nan,nan,1.443439613209213e-05,3.551792879331901e-06,-6.321099147366855e-05,nan,BLOCKED mode=MANUAL estop=False external_stop=False,False
87.7,1,nan,nan,nan,1.443439613209213e-05,3.551792879331901e-06,-6.321099147366855e-05,nan,BLOCKED mode=MANUAL estop=False external_stop=False,False
87.80000000000001,1,nan,nan,nan,1.4434396125464666e-05,3.551792881341048e-06,-6.321099154376311e-05,nan,BLOCKED mode=MANUAL estop=False external_stop=False,False
87.80000000000001,1,nan,nan,nan,1.4434396125464666e-05,3.551792881341048e-06,-6.321099154376311e-05,nan,BLOCKED mode=MANUAL estop=False external_stop=False,False
87.9,1,nan,nan,nan,1.4434396118839579e-05,3.551792883351019e-06,-6.321099161383988e-05,nan,BLOCKED mode=MANUAL estop=False external_stop=False,False
87.9,1,nan,nan,nan,1.4434396118839579e-05,3.551792883351019e-06,-6.321099161383988e-05,nan,BLOCKED mode=MANUAL estop=False external_stop=False,False
88.0,1,nan,nan,nan,1.4434396112226044e-05,3.551792885368262e-06,-6.321099168374913e-05,nan,BLOCKED mode=MANUAL estop=False external_stop=False,False
88.0,1,nan,nan,nan,1.4434396112226044e-05,3.551792885368262e-06,-6.321099168374913e-05,nan,BLOCKED mode=MANUAL estop=False external_stop=False,False
88.10000000000001,1,nan,nan,nan,1.4434396105609514e-05,3.551792887381601e-06,-6.321099175371368e-05,nan,BLOCKED mode=MANUAL estop=False external_stop=False,False
88.10000000000001,1,nan,nan,nan,1.4434396105609514e-05,3.551792887381601e-06,-6.321099175371368e-05,nan,BLOCKED mode=MANUAL estop=False external_stop=False,False
88.2,1,nan,nan,nan,1.4434396098998207e-05,3.5517928893971055e-06,-6.321099182361153e-05,nan,BLOCKED mode=MANUAL estop=False external_stop=False,False
88.2,1,nan,nan,nan,1.4434396098998207e-05,3.5517928893971055e-06,-6.321099182361153e-05,nan,BLOCKED mode=MANUAL estop=False external_stop=False,False
88.30000000000001,1,nan,nan,nan,1.4434396092395573e-05,3.5517928914153246e-06,-6.321099189342136e-05,nan,BLOCKED mode=MANUAL estop=False external_stop=False,False
88.30000000000001,1,nan,nan,nan,1.4434396092395573e-05,3.5517928914153246e-06,-6.321099189342136e-05,nan,BLOCKED mode=MANUAL estop=False external_stop=False,False
88.4,1,nan,nan,nan,1.4434396085784086e-05,3.5517928934244833e-06,-6.321099196339065e-05,nan,BLOCKED mode=MANUAL estop=False external_stop=False,False
88.4,1,nan,nan,nan,1.4434396085784086e-05,3.5517928934244833e-06,-6.321099196339065e-05,nan,BLOCKED mode=MANUAL estop=False external_stop=False,False
88.5,1,nan,nan,nan,1.4434396079175759e-05,3.551792895435025e-06,-6.321099203333148e-05,nan,BLOCKED mode=MANUAL estop=False external_stop=False,False
88.5,1,nan,nan,nan,1.4434396079175759e-05,3.551792895435025e-06,-6.321099203333148e-05,nan,BLOCKED mode=MANUAL estop=False external_stop=False,False
88.60000000000001,1,nan,nan,nan,1.4434396072564553e-05,3.551792897442858e-06,-6.321099210331133e-05,nan,BLOCKED mode=MANUAL estop=False external_stop=False,False
88.60000000000001,1,nan,nan,nan,1.4434396071905405e-05,3.5517928976441893e-06,-6.321099211028727e-05,nan,BLOCKED mode=MANUAL estop=False external_stop=False,False
88.7,1,nan,nan,nan,1.443439606596005e-05,3.551792899453344e-06,-6.321099217322528e-05,nan,BLOCKED mode=MANUAL estop=False external_stop=False,False
88.7,1,nan,nan,nan,1.443439606596005e-05,3.551792899453344e-06,-6.321099217322528e-05,nan,BLOCKED mode=MANUAL estop=False external_stop=False,False
88.80000000000001,1,nan,nan,nan,1.4434396059356402e-05,3.55179290146581e-06,-6.321099224310436e-05,nan,BLOCKED mode=MANUAL estop=False external_stop=False,False
88.80000000000001,1,nan,nan,nan,1.4434396059356402e-05,3.55179290146581e-06,-6.321099224310436e-05,nan,BLOCKED mode=MANUAL estop=False external_stop=False,False
88.9,1,nan,nan,nan,1.4434396052753814e-05,3.5517929034757723e-06,-6.321099231299954e-05,nan,BLOCKED mode=MANUAL estop=False external_stop=False,False
88.9,1,nan,nan,nan,1.4434396052753814e-05,3.5517929034757723e-06,-6.321099231299954e-05,nan,BLOCKED mode=MANUAL estop=False external_stop=False,False
89.0,1,nan,nan,nan,1.4434396046159441e-05,3.551792905490443e-06,-6.321099238278394e-05,nan,BLOCKED mode=MANUAL estop=False external_stop=False,False
89.0,1,nan,nan,nan,1.443439604549999e-05,3.5517929056930064e-06,-6.321099238975228e-05,nan,BLOCKED mode=MANUAL estop=False external_stop=False,False
89.10000000000001,1,nan,nan,nan,1.4434396039566943e-05,3.551792907505953e-06,-6.321099245255056e-05,nan,BLOCKED mode=MANUAL estop=False external_stop=False,False
89.10000000000001,1,nan,nan,nan,1.4434396039566943e-05,3.551792907505953e-06,-6.321099245255056e-05,nan,BLOCKED mode=MANUAL estop=False external_stop=False,False
89.2,1,nan,nan,nan,1.4434396032974089e-05,3.5517929095193214e-06,-6.321099252234118e-05,nan,BLOCKED mode=MANUAL estop=False external_stop=False,False
89.2,1,nan,nan,nan,1.4434396032974089e-05,3.5517929095193214e-06,-6.321099252234118e-05,nan,BLOCKED mode=MANUAL estop=False external_stop=False,False
89.30000000000001,1,nan,nan,nan,1.4434396026388137e-05,3.5517929115352933e-06,-6.321099259203626e-05,nan,BLOCKED mode=MANUAL estop=False external_stop=False,False
89.30000000000001,1,nan,nan,nan,1.4434396026388137e-05,3.5517929115352933e-06,-6.321099259203626e-05,nan,BLOCKED mode=MANUAL estop=False external_stop=False,False
89.4,1,nan,nan,nan,1.4434396019802325e-05,3.551792913550336e-06,-6.321099266175564e-05,nan,BLOCKED mode=MANUAL estop=False external_stop=False,False
89.4,1,nan,nan,nan,1.4434396019802325e-05,3.551792913550336e-06,-6.321099266175564e-05,nan,BLOCKED mode=MANUAL estop=False external_stop=False,False
89.5,1,nan,nan,nan,1.4434396013217843e-05,3.5517929155623992e-06,-6.321099273148382e-05,nan,BLOCKED mode=MANUAL estop=False external_stop=False,False
89.5,1,nan,nan,nan,1.4434396013217843e-05,3.5517929155623992e-06,-6.321099273148382e-05,nan,BLOCKED mode=MANUAL estop=False external_stop=False,False
89.60000000000001,1,nan,nan,nan,1.4434396006635115e-05,3.5517929175769472e-06,-6.321099280117967e-05,nan,BLOCKED mode=MANUAL estop=False external_stop=False,False
89.60000000000001,1,nan,nan,nan,1.4434396006635115e-05,3.5517929175769472e-06,-6.321099280117967e-05,nan,BLOCKED mode=MANUAL estop=False external_stop=False,False
89.7,1,nan,nan,nan,1.4434396000051475e-05,3.5517929195888627e-06,-6.321099287091655e-05,nan,BLOCKED mode=MANUAL estop=False external_stop=False,False
89.7,1,nan,nan,nan,1.4434396000051475e-05,3.5517929195888627e-06,-6.321099287091655e-05,nan,BLOCKED mode=MANUAL estop=False external_stop=False,False
89.80000000000001,1,nan,nan,nan,1.4434395993464307e-05,3.5517929215952986e-06,-6.321099294073365e-05,nan,BLOCKED mode=MANUAL estop=False external_stop=False,False
89.80000000000001,1,nan,nan,nan,1.4434395993464307e-05,3.5517929215952986e-06,-6.321099294073365e-05,nan,BLOCKED mode=MANUAL estop=False external_stop=False,False
89.9,1,nan,nan,nan,1.4434395986881004e-05,3.551792923606939e-06,-6.321099301046072e-05,nan,BLOCKED mode=MANUAL estop=False external_stop=False,False
89.9,1,nan,nan,nan,1.4434395986881004e-05,3.551792923606939e-06,-6.321099301046072e-05,nan,BLOCKED mode=MANUAL estop=False external_stop=False,False
90.0,1,nan,nan,nan,1.4434395980302551e-05,3.5517929256203374e-06,-6.321099308014416e-05,nan,BLOCKED mode=MANUAL estop=False external_stop=False,False
90.0,1,nan,nan,nan,1.4434395980302551e-05,3.5517929256203374e-06,-6.321099308014416e-05,nan,BLOCKED mode=MANUAL estop=False external_stop=False,False
90.10000000000001,1,nan,nan,nan,1.443439597373263e-05,3.551792927637813e-06,-6.321099314971809e-05,nan,BLOCKED mode=MANUAL estop=False external_stop=False,False
90.10000000000001,1,nan,nan,nan,1.443439597373263e-05,3.551792927637813e-06,-6.321099314971809e-05,nan,BLOCKED mode=MANUAL estop=False external_stop=False,False
90.2,1,nan,nan,nan,1.4434395967160122e-05,3.5517929296524323e-06,-6.321099321934303e-05,nan,BLOCKED mode=MANUAL estop=False external_stop=False,False
90.2,1,nan,nan,nan,1.4434395967160122e-05,3.5517929296524323e-06,-6.321099321934303e-05,nan,BLOCKED mode=MANUAL estop=False external_stop=False,False
90.30000000000001,1,nan,nan,nan,1.4434395960588302e-05,3.551792931665386e-06,-6.321099328897304e-05,nan,BLOCKED mode=MANUAL estop=False external_stop=False,False
90.30000000000001,1,nan,nan,nan,1.4434395960588302e-05,3.551792931665386e-06,-6.321099328897304e-05,nan,BLOCKED mode=MANUAL estop=False external_stop=False,False
90.4,1,nan,nan,nan,1.4434395954020164e-05,3.5517929336797106e-06,-6.321099335855452e-05,nan,BLOCKED mode=MANUAL estop=False external_stop=False,False
90.4,1,nan,nan,nan,1.4434395954020164e-05,3.5517929336797106e-06,-6.321099335855452e-05,nan,BLOCKED mode=MANUAL estop=False external_stop=False,False
90.4,1,-0.013635405327745003,-0.016077152009812308,-2.2746127744499307,1.4434395950739296e-05,3.5517929346904263e-06,-6.321099339328483e-05,0.021092822458700592,OBJECT_GOAL_PUBLISHED,
90.5,1,nan,nan,nan,1.4434395947460656e-05,3.5517929356990672e-06,-6.321099342801762e-05,nan,BLOCKED mode=MANUAL estop=False external_stop=False,False
90.5,1,nan,nan,nan,1.4434395947460656e-05,3.5517929356990672e-06,-6.321099342801762e-05,nan,BLOCKED mode=MANUAL estop=False external_stop=False,False
90.60000000000001,1,nan,nan,nan,1.4434395940890854e-05,3.5517929377084047e-06,-6.321099349768359e-05,nan,BLOCKED mode=MANUAL estop=False external_stop=False,False
90.60000000000001,1,nan,nan,nan,1.4434395940890854e-05,3.5517929377084047e-06,-6.321099349768359e-05,nan,BLOCKED mode=MANUAL estop=False external_stop=False,False
90.7,1,nan,nan,nan,1.4434395934328754e-05,3.5517929397225152e-06,-6.32109935672121e-05,nan,BLOCKED mode=MANUAL estop=False external_stop=False,False
90.7,1,nan,nan,nan,1.4434395934328754e-05,3.5517929397225152e-06,-6.32109935672121e-05,nan,BLOCKED mode=MANUAL estop=False external_stop=False,False
90.80000000000001,1,nan,nan,nan,1.4434395927764493e-05,3.5517929417361895e-06,-6.321099363678802e-05,nan,BLOCKED mode=MANUAL estop=False external_stop=False,False
90.80000000000001,1,nan,nan,nan,1.4434395927764493e-05,3.5517929417361895e-06,-6.321099363678802e-05,nan,BLOCKED mode=MANUAL estop=False external_stop=False,False
90.9,1,nan,nan,nan,1.4434395921204061e-05,3.5517929437502492e-06,-6.321099370631309e-05,nan,BLOCKED mode=MANUAL estop=False external_stop=False,False
90.9,1,nan,nan,nan,1.4434395921204061e-05,3.5517929437502492e-06,-6.321099370631309e-05,nan,BLOCKED mode=MANUAL estop=False external_stop=False,False
91.0,1,nan,nan,nan,1.4434395914641027e-05,3.551792945757461e-06,-6.321099377591063e-05,nan,BLOCKED mode=MANUAL estop=False external_stop=False,False
91.0,1,nan,nan,nan,1.4434395913985623e-05,3.551792945959356e-06,-6.321099378285714e-05,nan,BLOCKED mode=MANUAL estop=False external_stop=False,False
91.10000000000001,1,nan,nan,nan,1.443439590808298e-05,3.5517929477705352e-06,-6.321099384543084e-05,nan,BLOCKED mode=MANUAL estop=False external_stop=False,False
91.10000000000001,1,nan,nan,nan,1.443439590808298e-05,3.5517929477705352e-06,-6.321099384543084e-05,nan,BLOCKED mode=MANUAL estop=False external_stop=False,False
91.2,1,nan,nan,nan,1.443439590152557e-05,3.5517929497849024e-06,-6.321099391493695e-05,nan,BLOCKED mode=MANUAL estop=False external_stop=False,False
91.2,1,nan,nan,nan,1.443439590152557e-05,3.5517929497849024e-06,-6.321099391493695e-05,nan,BLOCKED mode=MANUAL estop=False external_stop=False,False
91.30000000000001,1,nan,nan,nan,1.4434395894966535e-05,3.55179295179584e-06,-6.321099398448119e-05,nan,BLOCKED mode=MANUAL estop=False external_stop=False,False
91.30000000000001,1,nan,nan,nan,1.4434395894966535e-05,3.55179295179584e-06,-6.321099398448119e-05,nan,BLOCKED mode=MANUAL estop=False external_stop=False,False
91.4,1,nan,nan,nan,1.443439588841774e-05,3.5517929538154723e-06,-6.321099405388716e-05,nan,BLOCKED mode=MANUAL estop=False external_stop=False,False
91.4,1,nan,nan,nan,1.443439588841774e-05,3.5517929538154723e-06,-6.321099405388716e-05,nan,BLOCKED mode=MANUAL estop=False external_stop=False,False
91.5,1,nan,nan,nan,1.443439588186622e-05,3.551792955830098e-06,-6.321099412334385e-05,nan,BLOCKED mode=MANUAL estop=False external_stop=False,False
91.5,1,nan,nan,nan,1.443439588186622e-05,3.551792955830098e-06,-6.321099412334385e-05,nan,BLOCKED mode=MANUAL estop=False external_stop=False,False
91.60000000000001,1,nan,nan,nan,1.4434395875317344e-05,3.5517929578438407e-06,-6.321099419278245e-05,nan,BLOCKED mode=MANUAL estop=False external_stop=False,False
91.60000000000001,1,nan,nan,nan,1.4434395875317344e-05,3.5517929578438407e-06,-6.321099419278245e-05,nan,BLOCKED mode=MANUAL estop=False external_stop=False,False
91.7,1,nan,nan,nan,1.4434395868767182e-05,3.5517929598563008e-06,-6.321099426224725e-05,nan,BLOCKED mode=MANUAL estop=False external_stop=False,False
91.7,1,nan,nan,nan,1.4434395868767182e-05,3.5517929598563008e-06,-6.321099426224725e-05,nan,BLOCKED mode=MANUAL estop=False external_stop=False,False
91.80000000000001,1,nan,nan,nan,1.4434395862221117e-05,3.5517929618719334e-06,-6.321099433166238e-05,nan,BLOCKED mode=MANUAL estop=False external_stop=False,False
91.80000000000001,1,nan,nan,nan,1.4434395862221117e-05,3.5517929618719334e-06,-6.321099433166238e-05,nan,BLOCKED mode=MANUAL estop=False external_stop=False,False
91.9,1,nan,nan,nan,1.4434395855674396e-05,3.5517929638839225e-06,-6.321099440110244e-05,nan,BLOCKED mode=MANUAL estop=False external_stop=False,False
91.9,1,nan,nan,nan,1.4434395855674396e-05,3.5517929638839225e-06,-6.321099440110244e-05,nan,BLOCKED mode=MANUAL estop=False external_stop=False,False
92.0,1,nan,nan,nan,1.4434395849125623e-05,3.5517929658946013e-06,-6.32109944705827e-05,nan,BLOCKED mode=MANUAL estop=False external_stop=False,False
92.0,1,nan,nan,nan,1.4434395849125623e-05,3.5517929658946013e-06,-6.32109944705827e-05,nan,BLOCKED mode=MANUAL estop=False external_stop=False,False
92.10000000000001,1,nan,nan,nan,1.4434395842579937e-05,3.5517929679082197e-06,-6.321099454001099e-05,nan,BLOCKED mode=MANUAL estop=False external_stop=False,False
92.10000000000001,1,nan,nan,nan,1.4434395842579937e-05,3.5517929679082197e-06,-6.321099454001099e-05,nan,BLOCKED mode=MANUAL estop=False external_stop=False,False
92.2,1,nan,nan,nan,1.4434395836032949e-05,3.5517929699195883e-06,-6.321099460947854e-05,nan,BLOCKED mode=MANUAL estop=False external_stop=False,False
92.2,1,nan,nan,nan,1.4434395836032949e-05,3.5517929699195883e-06,-6.321099460947854e-05,nan,BLOCKED mode=MANUAL estop=False external_stop=False,False
92.30000000000001,1,nan,nan,nan,1.4434395829490048e-05,3.551792971932281e-06,-6.321099467888102e-05,nan,BLOCKED mode=MANUAL estop=False external_stop=False,False
92.30000000000001,1,nan,nan,nan,1.4434395829490048e-05,3.551792971932281e-06,-6.321099467888102e-05,nan,BLOCKED mode=MANUAL estop=False external_stop=False,False
92.4,1,nan,nan,nan,1.4434395822950787e-05,3.5517929739474557e-06,-6.321099474824619e-05,nan,BLOCKED mode=MANUAL estop=False external_stop=False,False
92.4,1,nan,nan,nan,1.4434395822950787e-05,3.5517929739474557e-06,-6.321099474824619e-05,nan,BLOCKED mode=MANUAL estop=False external_stop=False,False
92.5,1,nan,nan,nan,1.4434395816407897e-05,3.5517929759597223e-06,-6.321099481765921e-05,nan,BLOCKED mode=MANUAL estop=False external_stop=False,False
92.5,1,nan,nan,nan,1.4434395816407897e-05,3.5517929759597223e-06,-6.321099481765921e-05,nan,BLOCKED mode=MANUAL estop=False external_stop=False,False
92.60000000000001,1,nan,nan,nan,1.4434395809217119e-05,3.5517929781777954e-06,-6.321099489392447e-05,nan,BLOCKED mode=MANUAL estop=False external_stop=False,False
92.60000000000001,1,nan,nan,nan,1.4434395809217119e-05,3.5517929781777954e-06,-6.321099489392447e-05,nan,BLOCKED mode=MANUAL estop=False external_stop=False,False
92.7,1,nan,nan,nan,1.4434395803330585e-05,3.5517929799881568e-06,-6.321099495638573e-05,nan,BLOCKED mode=MANUAL estop=False external_stop=False,False
92.7,1,nan,nan,nan,1.4434395803330585e-05,3.5517929799881568e-06,-6.321099495638573e-05,nan,BLOCKED mode=MANUAL estop=False external_stop=False,False
92.80000000000001,1,nan,nan,nan,1.4434395796797402e-05,3.551792982004095e-06,-6.321099502569992e-05,nan,BLOCKED mode=MANUAL estop=False external_stop=False,False
92.80000000000001,1,nan,nan,nan,1.4434395796797402e-05,3.551792982004095e-06,-6.321099502569992e-05,nan,BLOCKED mode=MANUAL estop=False external_stop=False,False
92.9,1,nan,nan,nan,1.4434395790262515e-05,3.5517929840166916e-06,-6.321099509506098e-05,nan,BLOCKED mode=MANUAL estop=False external_stop=False,False
92.9,1,nan,nan,nan,1.4434395790262515e-05,3.5517929840166916e-06,-6.321099509506098e-05,nan,BLOCKED mode=MANUAL estop=False external_stop=False,False
93.0,1,nan,nan,nan,1.4434395783727573e-05,3.551792986030236e-06,-6.321099516439676e-05,nan,BLOCKED mode=MANUAL estop=False external_stop=False,False
93.0,1,nan,nan,nan,1.4434395783727573e-05,3.551792986030236e-06,-6.321099516439676e-05,nan,BLOCKED mode=MANUAL estop=False external_stop=False,False
93.10000000000001,1,nan,nan,nan,1.4434395777193995e-05,3.5517929880448737e-06,-6.321099523372902e-05,nan,BLOCKED mode=MANUAL estop=False external_stop=False,False
93.10000000000001,1,nan,nan,nan,1.4434395777193995e-05,3.5517929880448737e-06,-6.321099523372902e-05,nan,BLOCKED mode=MANUAL estop=False external_stop=False,False
93.2,1,nan,nan,nan,1.4434395770662087e-05,3.5517929900583125e-06,-6.321099530303866e-05,nan,BLOCKED mode=MANUAL estop=False external_stop=False,False
93.2,1,nan,nan,nan,1.4434395770662087e-05,3.5517929900583125e-06,-6.321099530303866e-05,nan,BLOCKED mode=MANUAL estop=False external_stop=False,False
93.30000000000001,1,nan,nan,nan,1.4434395764126833e-05,3.551792992068908e-06,-6.3210995372412e-05,nan,BLOCKED mode=MANUAL estop=False external_stop=False,False
93.30000000000001,1,nan,nan,nan,1.4434395764126833e-05,3.551792992068908e-06,-6.3210995372412e-05,nan,BLOCKED mode=MANUAL estop=False external_stop=False,False
93.4,1,nan,nan,nan,1.4434395757592272e-05,3.5517929940794917e-06,-6.32109954418111e-05,nan,BLOCKED mode=MANUAL estop=False external_stop=False,False
93.4,1,nan,nan,nan,1.4434395757592272e-05,3.5517929940794917e-06,-6.32109954418111e-05,nan,BLOCKED mode=MANUAL estop=False external_stop=False,False
93.5,1,nan,nan,nan,1.4434395751063059e-05,3.5517929960924215e-06,-6.321099551109126e-05,nan,BLOCKED mode=MANUAL estop=False external_stop=False,False
93.5,1,nan,nan,nan,1.4434395751063059e-05,3.5517929960924215e-06,-6.321099551109126e-05,nan,BLOCKED mode=MANUAL estop=False external_stop=False,False
93.60000000000001,1,nan,nan,nan,1.4434395744539172e-05,3.551792998109761e-06,-6.32109955803256e-05,nan,BLOCKED mode=MANUAL estop=False external_stop=False,False
93.60000000000001,1,nan,nan,nan,1.4434395744539172e-05,3.551792998109761e-06,-6.32109955803256e-05,nan,BLOCKED mode=MANUAL estop=False external_stop=False,False
93.7,1,nan,nan,nan,1.443439573801684e-05,3.5517930001267056e-06,-6.321099564952466e-05,nan,BLOCKED mode=MANUAL estop=False external_stop=False,False
93.7,1,nan,nan,nan,1.443439573801684e-05,3.5517930001267056e-06,-6.321099564952466e-05,nan,BLOCKED mode=MANUAL estop=False external_stop=False,False
93.80000000000001,1,nan,nan,nan,1.4434395731489515e-05,3.5517930021406907e-06,-6.321099571881641e-05,nan,BLOCKED mode=MANUAL estop=False external_stop=False,False
93.80000000000001,1,nan,nan,nan,1.4434395731489515e-05,3.5517930021406907e-06,-6.321099571881641e-05,nan,BLOCKED mode=MANUAL estop=False external_stop=False,False
93.9,1,nan,nan,nan,1.443439572496064e-05,3.5517930041504666e-06,-6.32109957881445e-05,nan,BLOCKED mode=MANUAL estop=False external_stop=False,False
93.9,1,nan,nan,nan,1.443439572496064e-05,3.5517930041504666e-06,-6.32109957881445e-05,nan,BLOCKED mode=MANUAL estop=False external_stop=False,False
94.0,1,nan,nan,nan,1.4434395718433403e-05,3.55179300616223e-06,-6.321099585746333e-05,nan,BLOCKED mode=MANUAL estop=False external_stop=False,False
94.0,1,nan,nan,nan,1.4434395718433403e-05,3.55179300616223e-06,-6.321099585746333e-05,nan,BLOCKED mode=MANUAL estop=False external_stop=False,False
94.10000000000001,1,nan,nan,nan,1.4434395711912623e-05,3.5517930081794864e-06,-6.321099592665968e-05,nan,BLOCKED mode=MANUAL estop=False external_stop=False,False
94.10000000000001,1,nan,nan,nan,1.4434395711912623e-05,3.5517930081794864e-06,-6.321099592665968e-05,nan,BLOCKED mode=MANUAL estop=False external_stop=False,False
94.2,1,nan,nan,nan,1.4434395705390083e-05,3.551793010191664e-06,-6.321099599592358e-05,nan,BLOCKED mode=MANUAL estop=False external_stop=False,False
94.2,1,nan,nan,nan,1.4434395705390083e-05,3.551793010191664e-06,-6.321099599592358e-05,nan,BLOCKED mode=MANUAL estop=False external_stop=False,False
94.30000000000001,1,nan,nan,nan,1.4434395698863107e-05,3.551793012203568e-06,-6.321099606523184e-05,nan,BLOCKED mode=MANUAL estop=False external_stop=False,False
94.30000000000001,1,nan,nan,nan,1.4434395698863107e-05,3.551793012203568e-06,-6.321099606523184e-05,nan,BLOCKED mode=MANUAL estop=False external_stop=False,False
94.4,1,nan,nan,nan,1.4434395692342046e-05,3.551793014216441e-06,-6.321099613447963e-05,nan,BLOCKED mode=MANUAL estop=False external_stop=False,False
94.4,1,nan,nan,nan,1.4434395692342046e-05,3.551793014216441e-06,-6.321099613447963e-05,nan,BLOCKED mode=MANUAL estop=False external_stop=False,False
94.5,1,nan,nan,nan,1.4434395685821767e-05,3.5517930162318445e-06,-6.321099620369782e-05,nan,BLOCKED mode=MANUAL estop=False external_stop=False,False
94.5,1,nan,nan,nan,1.4434395685821767e-05,3.5517930162318445e-06,-6.321099620369782e-05,nan,BLOCKED mode=MANUAL estop=False external_stop=False,False
94.60000000000001,1,nan,nan,nan,1.4434395679305883e-05,3.551793018247289e-06,-6.321099627288033e-05,nan,BLOCKED mode=MANUAL estop=False external_stop=False,False
94.60000000000001,1,nan,nan,nan,1.4434395678654957e-05,3.5517930184492014e-06,-6.321099627978832e-05,nan,BLOCKED mode=MANUAL estop=False external_stop=False,False
94.7,1,nan,nan,nan,1.4434395672787975e-05,3.5517930202628925e-06,-6.321099634209193e-05,nan,BLOCKED mode=MANUAL estop=False external_stop=False,False
94.7,1,nan,nan,nan,1.4434395672787975e-05,3.5517930202628925e-06,-6.321099634209193e-05,nan,BLOCKED mode=MANUAL estop=False external_stop=False,False
94.80000000000001,1,nan,nan,nan,1.4434395666275237e-05,3.5517930222795144e-06,-6.321099641124194e-05,nan,BLOCKED mode=MANUAL estop=False external_stop=False,False
94.80000000000001,1,nan,nan,nan,1.4434395666275237e-05,3.5517930222795144e-06,-6.321099641124194e-05,nan,BLOCKED mode=MANUAL estop=False external_stop=False,False
94.9,1,nan,nan,nan,1.443439565975963e-05,3.5517930242941734e-06,-6.321099648042756e-05,nan,BLOCKED mode=MANUAL estop=False external_stop=False,False
94.9,1,nan,nan,nan,1.443439565975963e-05,3.5517930242941734e-06,-6.321099648042756e-05,nan,BLOCKED mode=MANUAL estop=False external_stop=False,False
95.0,1,nan,nan,nan,1.4434395653241982e-05,3.5517930263070447e-06,-6.321099654965534e-05,nan,BLOCKED mode=MANUAL estop=False external_stop=False,False
95.0,1,nan,nan,nan,1.4434395653241982e-05,3.5517930263070447e-06,-6.321099654965534e-05,nan,BLOCKED mode=MANUAL estop=False external_stop=False,False
95.10000000000001,1,nan,nan,nan,1.4434395646730406e-05,3.551793028322143e-06,-6.321099661880277e-05,nan,BLOCKED mode=MANUAL estop=False external_stop=False,False
95.10000000000001,1,nan,nan,nan,1.4434395646730406e-05,3.551793028322143e-06,-6.321099661880277e-05,nan,BLOCKED mode=MANUAL estop=False external_stop=False,False
95.2,1,nan,nan,nan,1.4434395640218078e-05,3.5517930303357566e-06,-6.321099668797362e-05,nan,BLOCKED mode=MANUAL estop=False external_stop=False,False
95.2,1,nan,nan,nan,1.4434395640218078e-05,3.5517930303357566e-06,-6.321099668797362e-05,nan,BLOCKED mode=MANUAL estop=False external_stop=False,False
95.30000000000001,1,nan,nan,nan,1.4434395633706075e-05,3.551793032351464e-06,-6.32109967571476e-05,nan,BLOCKED mode=MANUAL estop=False external_stop=False,False
95.30000000000001,1,nan,nan,nan,1.4434395633706075e-05,3.551793032351464e-06,-6.32109967571476e-05,nan,BLOCKED mode=MANUAL estop=False external_stop=False,False
95.4,1,nan,nan,nan,1.4434395627189493e-05,3.551793034364098e-06,-6.321099682636273e-05,nan,BLOCKED mode=MANUAL estop=False external_stop=False,False
95.4,1,nan,nan,nan,1.4434395627189493e-05,3.551793034364098e-06,-6.321099682636273e-05,nan,BLOCKED mode=MANUAL estop=False external_stop=False,False
95.5,1,nan,nan,nan,1.4434395620677763e-05,3.551793036376474e-06,-6.321099689553868e-05,nan,BLOCKED mode=MANUAL estop=False external_stop=False,False
95.5,1,nan,nan,nan,1.4434395620677763e-05,3.551793036376474e-06,-6.321099689553868e-05,nan,BLOCKED mode=MANUAL estop=False external_stop=False,False
95.60000000000001,1,nan,nan,nan,1.4434395614169163e-05,3.55179303839196e-06,-6.321099696468092e-05,nan,BLOCKED mode=MANUAL estop=False external_stop=False,False
95.60000000000001,1,nan,nan,nan,1.4434395614169163e-05,3.55179303839196e-06,-6.321099696468092e-05,nan,BLOCKED mode=MANUAL estop=False external_stop=False,False
95.7,1,nan,nan,nan,1.4434395607653384e-05,3.5517930404016505e-06,-6.321099703391088e-05,nan,BLOCKED mode=MANUAL estop=False external_stop=False,False
95.7,1,nan,nan,nan,1.4434395607653384e-05,3.5517930404016505e-06,-6.321099703391088e-05,nan,BLOCKED mode=MANUAL estop=False external_stop=False,False
95.80000000000001,1,nan,nan,nan,1.4434395601143643e-05,3.551793042416442e-06,-6.321099710306453e-05,nan,BLOCKED mode=MANUAL estop=False external_stop=False,False
95.80000000000001,1,nan,nan,nan,1.4434395601143643e-05,3.551793042416442e-06,-6.321099710306453e-05,nan,BLOCKED mode=MANUAL estop=False external_stop=False,False
95.9,1,nan,nan,nan,1.4434395594632084e-05,3.5517930444299757e-06,-6.321099717224086e-05,nan,BLOCKED mode=MANUAL estop=False external_stop=False,False
95.9,1,nan,nan,nan,1.4434395594632084e-05,3.5517930444299757e-06,-6.321099717224086e-05,nan,BLOCKED mode=MANUAL estop=False external_stop=False,False
96.0,1,nan,nan,nan,1.443439558812491e-05,3.5517930464438863e-06,-6.32109972413684e-05,nan,BLOCKED mode=MANUAL estop=False external_stop=False,False
96.0,1,nan,nan,nan,1.443439558812491e-05,3.5517930464438863e-06,-6.32109972413684e-05,nan,BLOCKED mode=MANUAL estop=False external_stop=False,False
96.10000000000001,1,nan,nan,nan,1.4434395581616103e-05,3.5517930484575767e-06,-6.321099731053366e-05,nan,BLOCKED mode=MANUAL estop=False external_stop=False,False
96.10000000000001,1,nan,nan,nan,1.4434395581616103e-05,3.5517930484575767e-06,-6.321099731053366e-05,nan,BLOCKED mode=MANUAL estop=False external_stop=False,False
96.2,1,nan,nan,nan,1.4434395575111598e-05,3.55179305047538e-06,-6.321099737960848e-05,nan,BLOCKED mode=MANUAL estop=False external_stop=False,False
96.2,1,nan,nan,nan,1.4434395575111598e-05,3.55179305047538e-06,-6.321099737960848e-05,nan,BLOCKED mode=MANUAL estop=False external_stop=False,False
96.30000000000001,1,nan,nan,nan,1.4434395568608494e-05,3.5517930524933567e-06,-6.321099744868634e-05,nan,BLOCKED mode=MANUAL estop=False external_stop=False,False
96.30000000000001,1,nan,nan,nan,1.4434395568608494e-05,3.5517930524933567e-06,-6.321099744868634e-05,nan,BLOCKED mode=MANUAL estop=False external_stop=False,False
96.4,1,nan,nan,nan,1.4434395562106234e-05,3.5517930545085904e-06,-6.321099751777747e-05,nan,BLOCKED mode=MANUAL estop=False external_stop=False,False
96.4,1,nan,nan,nan,1.4434395562106234e-05,3.5517930545085904e-06,-6.321099751777747e-05,nan,BLOCKED mode=MANUAL estop=False external_stop=False,False
96.5,1,nan,nan,nan,1.4434395555604299e-05,3.551793056524453e-06,-6.321099758686413e-05,nan,BLOCKED mode=MANUAL estop=False external_stop=False,False
96.5,1,nan,nan,nan,1.4434395555604299e-05,3.551793056524453e-06,-6.321099758686413e-05,nan,BLOCKED mode=MANUAL estop=False external_stop=False,False
96.60000000000001,1,nan,nan,nan,1.4434395549108546e-05,3.5517930585450526e-06,-6.321099765584708e-05,nan,BLOCKED mode=MANUAL estop=False external_stop=False,False
96.60000000000001,1,nan,nan,nan,1.4434395549108546e-05,3.5517930585450526e-06,-6.321099765584708e-05,nan,BLOCKED mode=MANUAL estop=False external_stop=False,False
96.7,1,nan,nan,nan,1.4434395542606872e-05,3.551793060557652e-06,-6.321099772494188e-05,nan,BLOCKED mode=MANUAL estop=False external_stop=False,False
96.7,1,nan,nan,nan,1.4434395542606872e-05,3.551793060557652e-06,-6.321099772494188e-05,nan,BLOCKED mode=MANUAL estop=False external_stop=False,False
96.80000000000001,1,nan,nan,nan,1.4434395536106104e-05,3.551793062572589e-06,-6.321099779401656e-05,nan,BLOCKED mode=MANUAL estop=False external_stop=False,False
96.80000000000001,1,nan,nan,nan,1.4434395536106104e-05,3.551793062572589e-06,-6.321099779401656e-05,nan,BLOCKED mode=MANUAL estop=False external_stop=False,False
96.9,1,nan,nan,nan,1.4434395529603157e-05,3.551793064584066e-06,-6.321099786314877e-05,nan,BLOCKED mode=MANUAL estop=False external_stop=False,False
96.9,1,nan,nan,nan,1.4434395529603157e-05,3.551793064584066e-06,-6.321099786314877e-05,nan,BLOCKED mode=MANUAL estop=False external_stop=False,False
97.0,1,nan,nan,nan,1.4434395523105463e-05,3.55179306659952e-06,-6.321099793219238e-05,nan,BLOCKED mode=MANUAL estop=False external_stop=False,False
97.0,1,nan,nan,nan,1.4434395523105463e-05,3.55179306659952e-06,-6.321099793219238e-05,nan,BLOCKED mode=MANUAL estop=False external_stop=False,False
97.10000000000001,1,nan,nan,nan,1.4434395516602626e-05,3.5517930686124585e-06,-6.32109980012977e-05,nan,BLOCKED mode=MANUAL estop=False external_stop=False,False
97.10000000000001,1,nan,nan,nan,1.4434395516602626e-05,3.5517930686124585e-06,-6.32109980012977e-05,nan,BLOCKED mode=MANUAL estop=False external_stop=False,False
97.2,1,nan,nan,nan,1.4434395510106947e-05,3.551793070629007e-06,-6.321099807033218e-05,nan,BLOCKED mode=MANUAL estop=False external_stop=False,False
97.2,1,nan,nan,nan,1.4434395510106947e-05,3.551793070629007e-06,-6.321099807033218e-05,nan,BLOCKED mode=MANUAL estop=False external_stop=False,False
97.30000000000001,1,nan,nan,nan,1.4434395503612314e-05,3.551793072647367e-06,-6.321099813934666e-05,nan,BLOCKED mode=MANUAL estop=False external_stop=False,False
97.30000000000001,1,nan,nan,nan,1.4434395503612314e-05,3.551793072647367e-06,-6.321099813934666e-05,nan,BLOCKED mode=MANUAL estop=False external_stop=False,False
97.4,1,nan,nan,nan,1.4434395497119149e-05,3.5517930746652644e-06,-6.321099820833053e-05,nan,BLOCKED mode=MANUAL estop=False external_stop=False,False
97.4,1,nan,nan,nan,1.4434395497119149e-05,3.5517930746652644e-06,-6.321099820833053e-05,nan,BLOCKED mode=MANUAL estop=False external_stop=False,False
97.5,1,nan,nan,nan,1.4434395490631964e-05,3.5517930766855113e-06,-6.321099827723312e-05,nan,BLOCKED mode=MANUAL estop=False external_stop=False,False
97.5,1,nan,nan,nan,1.4434395490631964e-05,3.5517930766855113e-06,-6.321099827723312e-05,nan,BLOCKED mode=MANUAL estop=False external_stop=False,False
97.60000000000001,1,nan,nan,nan,1.4434395484140592e-05,3.551793078703015e-06,-6.321099834623301e-05,nan,BLOCKED mode=MANUAL estop=False external_stop=False,False
97.60000000000001,1,nan,nan,nan,1.4434395484140592e-05,3.551793078703015e-06,-6.321099834623301e-05,nan,BLOCKED mode=MANUAL estop=False external_stop=False,False
97.7,1,nan,nan,nan,1.443439547765108e-05,3.551793080719126e-06,-6.321099841520667e-05,nan,BLOCKED mode=MANUAL estop=False external_stop=False,False
97.7,1,nan,nan,nan,1.443439547765108e-05,3.551793080719126e-06,-6.321099841520667e-05,nan,BLOCKED mode=MANUAL estop=False external_stop=False,False
97.80000000000001,1,nan,nan,nan,1.4434395471157225e-05,3.551793082730911e-06,-6.321099848424029e-05,nan,BLOCKED mode=MANUAL estop=False external_stop=False,False
97.80000000000001,1,nan,nan,nan,1.4434395471157225e-05,3.551793082730911e-06,-6.321099848424029e-05,nan,BLOCKED mode=MANUAL estop=False external_stop=False,False
97.9,1,nan,nan,nan,1.4434395464667724e-05,3.5517930847464774e-06,-6.321099855322078e-05,nan,BLOCKED mode=MANUAL estop=False external_stop=False,False
97.9,1,nan,nan,nan,1.4434395464667724e-05,3.5517930847464774e-06,-6.321099855322078e-05,nan,BLOCKED mode=MANUAL estop=False external_stop=False,False
98.0,1,nan,nan,nan,1.4434395458178646e-05,3.551793086763479e-06,-6.321099862218713e-05,nan,BLOCKED mode=MANUAL estop=False external_stop=False,False
98.0,1,nan,nan,nan,1.4434395458178646e-05,3.551793086763479e-06,-6.321099862218713e-05,nan,BLOCKED mode=MANUAL estop=False external_stop=False,False
98.10000000000001,1,nan,nan,nan,1.4434395451682862e-05,3.5517930887734266e-06,-6.321099869127685e-05,nan,BLOCKED mode=MANUAL estop=False external_stop=False,False
98.10000000000001,1,nan,nan,nan,1.4434395451682862e-05,3.5517930887734266e-06,-6.321099869127685e-05,nan,BLOCKED mode=MANUAL estop=False external_stop=False,False
98.2,1,nan,nan,nan,1.4434395445187334e-05,3.5517930907846313e-06,-6.321099876035461e-05,nan,BLOCKED mode=MANUAL estop=False external_stop=False,False
98.2,1,nan,nan,nan,1.4434395445187334e-05,3.5517930907846313e-06,-6.321099876035461e-05,nan,BLOCKED mode=MANUAL estop=False external_stop=False,False
98.30000000000001,1,nan,nan,nan,1.4434395438695533e-05,3.551793092799361e-06,-6.32109988293662e-05,nan,BLOCKED mode=MANUAL estop=False external_stop=False,False
98.30000000000001,1,nan,nan,nan,1.4434395438695533e-05,3.551793092799361e-06,-6.32109988293662e-05,nan,BLOCKED mode=MANUAL estop=False external_stop=False,False
98.4,1,nan,nan,nan,1.4434395432206852e-05,3.55179309481564e-06,-6.32109988983319e-05,nan,BLOCKED mode=MANUAL estop=False external_stop=False,False
98.4,1,nan,nan,nan,1.4434395432206852e-05,3.55179309481564e-06,-6.32109988983319e-05,nan,BLOCKED mode=MANUAL estop=False external_stop=False,False
98.5,1,nan,nan,nan,1.4434395425715207e-05,3.551793096829183e-06,-6.321099896735368e-05,nan,BLOCKED mode=MANUAL estop=False external_stop=False,False
98.5,1,nan,nan,nan,1.4434395425715207e-05,3.551793096829183e-06,-6.321099896735368e-05,nan,BLOCKED mode=MANUAL estop=False external_stop=False,False
98.60000000000001,1,nan,nan,nan,1.4434395419225821e-05,3.5517930988423994e-06,-6.32109990363391e-05,nan,BLOCKED mode=MANUAL estop=False external_stop=False,False
98.60000000000001,1,nan,nan,nan,1.4434395418578022e-05,3.5517930990442313e-06,-6.321099904323213e-05,nan,BLOCKED mode=MANUAL estop=False external_stop=False,False
98.7,1,nan,nan,nan,1.4434395412734918e-05,3.551793100855697e-06,-6.321099910534949e-05,nan,BLOCKED mode=MANUAL estop=False external_stop=False,False
98.7,1,nan,nan,nan,1.4434395412734918e-05,3.551793100855697e-06,-6.321099910534949e-05,nan,BLOCKED mode=MANUAL estop=False external_stop=False,False
98.80000000000001,1,nan,nan,nan,1.4434395406241921e-05,3.551793102867632e-06,-6.32109991743964e-05,nan,BLOCKED mode=MANUAL estop=False external_stop=False,False
98.80000000000001,1,nan,nan,nan,1.4434395406241921e-05,3.551793102867632e-06,-6.32109991743964e-05,nan,BLOCKED mode=MANUAL estop=False external_stop=False,False
98.9,1,nan,nan,nan,1.4434395399753308e-05,3.5517931048818206e-06,-6.321099924337247e-05,nan,BLOCKED mode=MANUAL estop=False external_stop=False,False
98.9,1,nan,nan,nan,1.4434395399753308e-05,3.5517931048818206e-06,-6.321099924337247e-05,nan,BLOCKED mode=MANUAL estop=False external_stop=False,False
99.0,1,nan,nan,nan,1.4434395393264722e-05,3.5517931068968857e-06,-6.321099931236792e-05,nan,BLOCKED mode=MANUAL estop=False external_stop=False,False
99.0,1,nan,nan,nan,1.4434395393264722e-05,3.5517931068968857e-06,-6.321099931236792e-05,nan,BLOCKED mode=MANUAL estop=False external_stop=False,False
99.10000000000001,1,nan,nan,nan,1.4434395386777463e-05,3.551793108913166e-06,-6.321099938133745e-05,nan,BLOCKED mode=MANUAL estop=False external_stop=False,False
99.10000000000001,1,nan,nan,nan,1.4434395386777463e-05,3.551793108913166e-06,-6.321099938133745e-05,nan,BLOCKED mode=MANUAL estop=False external_stop=False,False
99.2,1,nan,nan,nan,1.4434395380287749e-05,3.551793110927599e-06,-6.321099945035706e-05,nan,BLOCKED mode=MANUAL estop=False external_stop=False,False
99.2,1,nan,nan,nan,1.4434395380287749e-05,3.551793110927599e-06,-6.321099945035706e-05,nan,BLOCKED mode=MANUAL estop=False external_stop=False,False
99.30000000000001,1,nan,nan,nan,1.4434395373804057e-05,3.5517931129452054e-06,-6.321099951926582e-05,nan,BLOCKED mode=MANUAL estop=False external_stop=False,False
99.30000000000001,1,nan,nan,nan,1.4434395373804057e-05,3.5517931129452054e-06,-6.321099951926582e-05,nan,BLOCKED mode=MANUAL estop=False external_stop=False,False
99.4,1,nan,nan,nan,1.4434395367314445e-05,3.5517931149575197e-06,-6.321099958828404e-05,nan,BLOCKED mode=MANUAL estop=False external_stop=False,False
99.4,1,nan,nan,nan,1.4434395367314445e-05,3.5517931149575197e-06,-6.321099958828404e-05,nan,BLOCKED mode=MANUAL estop=False external_stop=False,False
99.5,1,nan,nan,nan,1.4434395360836305e-05,3.551793116978827e-06,-6.32109996571394e-05,nan,BLOCKED mode=MANUAL estop=False external_stop=False,False
99.5,1,nan,nan,nan,1.4434395360836305e-05,3.551793116978827e-06,-6.32109996571394e-05,nan,BLOCKED mode=MANUAL estop=False external_stop=False,False
99.60000000000001,1,nan,nan,nan,1.443439535434819e-05,3.5517931189921244e-06,-6.321099972612534e-05,nan,BLOCKED mode=MANUAL estop=False external_stop=False,False
99.60000000000001,1,nan,nan,nan,1.443439535434819e-05,3.5517931189921244e-06,-6.321099972612534e-05,nan,BLOCKED mode=MANUAL estop=False external_stop=False,False
99.7,1,nan,nan,nan,1.4434395347867089e-05,3.5517931210082462e-06,-6.321099979503086e-05,nan,BLOCKED mode=MANUAL estop=False external_stop=False,False
99.7,1,nan,nan,nan,1.4434395347867089e-05,3.5517931210082462e-06,-6.321099979503086e-05,nan,BLOCKED mode=MANUAL estop=False external_stop=False,False
99.80000000000001,1,nan,nan,nan,1.4434395341381749e-05,3.551793123023065e-06,-6.321099986400107e-05,nan,BLOCKED mode=MANUAL estop=False external_stop=False,False
99.80000000000001,1,nan,nan,nan,1.4434395341381749e-05,3.551793123023065e-06,-6.321099986400107e-05,nan,BLOCKED mode=MANUAL estop=False external_stop=False,False
99.9,1,nan,nan,nan,1.4434395334901055e-05,3.551793125039148e-06,-6.321099993289297e-05,nan,BLOCKED mode=MANUAL estop=False external_stop=False,False
99.9,1,nan,nan,nan,1.4434395334901055e-05,3.551793125039148e-06,-6.321099993289297e-05,nan,BLOCKED mode=MANUAL estop=False external_stop=False,False
100.0,1,nan,nan,nan,1.443439532841174e-05,3.551793127048789e-06,-6.321100000194299e-05,nan,BLOCKED mode=MANUAL estop=False external_stop=False,False
100.0,1,nan,nan,nan,1.443439532841174e-05,3.551793127048789e-06,-6.321100000194299e-05,nan,BLOCKED mode=MANUAL estop=False external_stop=False,False
100.10000000000001,1,nan,nan,nan,1.443439532192474e-05,3.5517931290617512e-06,-6.321100007094604e-05,nan,BLOCKED mode=MANUAL estop=False external_stop=False,False
100.10000000000001,1,nan,nan,nan,1.443439532192474e-05,3.5517931290617512e-06,-6.321100007094604e-05,nan,BLOCKED mode=MANUAL estop=False external_stop=False,False
100.2,1,nan,nan,nan,1.4434395315440912e-05,3.551793131076408e-06,-6.321100013988604e-05,nan,BLOCKED mode=MANUAL estop=False external_stop=False,False
100.2,1,nan,nan,nan,1.4434395315440912e-05,3.551793131076408e-06,-6.321100013988604e-05,nan,BLOCKED mode=MANUAL estop=False external_stop=False,False
100.30000000000001,1,nan,nan,nan,1.4434395308958091e-05,3.5517931330916113e-06,-6.321100020882718e-05,nan,BLOCKED mode=MANUAL estop=False external_stop=False,False
100.30000000000001,1,nan,nan,nan,1.4434395308958091e-05,3.5517931330916113e-06,-6.321100020882718e-05,nan,BLOCKED mode=MANUAL estop=False external_stop=False,False
100.4,1,nan,nan,nan,1.4434395302475521e-05,3.5517931351064706e-06,-6.321100027777765e-05,nan,BLOCKED mode=MANUAL estop=False external_stop=False,False
100.4,1,nan,nan,nan,1.4434395302475521e-05,3.5517931351064706e-06,-6.321100027777765e-05,nan,BLOCKED mode=MANUAL estop=False external_stop=False,False
100.5,1,nan,nan,nan,1.4434395295995597e-05,3.5517931371249022e-06,-6.321100034667007e-05,nan,BLOCKED mode=MANUAL estop=False external_stop=False,False
100.5,1,nan,nan,nan,1.4434395295995597e-05,3.5517931371249022e-06,-6.321100034667007e-05,nan,BLOCKED mode=MANUAL estop=False external_stop=False,False
100.60000000000001,1,nan,nan,nan,1.4434395289507654e-05,3.5517931391344333e-06,-6.32110004156941e-05,nan,BLOCKED mode=MANUAL estop=False external_stop=False,False
100.60000000000001,1,nan,nan,nan,1.4434395289507654e-05,3.5517931391344333e-06,-6.32110004156941e-05,nan,BLOCKED mode=MANUAL estop=False external_stop=False,False
100.7,1,nan,nan,nan,1.4434395283026542e-05,3.5517931411513534e-06,-6.32110004846123e-05,nan,BLOCKED mode=MANUAL estop=False external_stop=False,False
100.7,1,nan,nan,nan,1.4434395283026542e-05,3.5517931411513534e-06,-6.32110004846123e-05,nan,BLOCKED mode=MANUAL estop=False external_stop=False,False
100.80000000000001,1,nan,nan,nan,1.4434395276543852e-05,3.551793143165604e-06,-6.321100055356688e-05,nan,BLOCKED mode=MANUAL estop=False external_stop=False,False
100.80000000000001,1,nan,nan,nan,1.4434395276543852e-05,3.551793143165604e-06,-6.321100055356688e-05,nan,BLOCKED mode=MANUAL estop=False external_stop=False,False
100.9,1,nan,nan,nan,1.4434395270058706e-05,3.551793145177704e-06,-6.321100062254638e-05,nan,BLOCKED mode=MANUAL estop=False external_stop=False,False
100.9,1,nan,nan,nan,1.4434395270058706e-05,3.551793145177704e-06,-6.321100062254638e-05,nan,BLOCKED mode=MANUAL estop=False external_stop=False,False
101.0,1,nan,nan,nan,1.4434395263568216e-05,3.55179314718625e-06,-6.321100069163256e-05,nan,BLOCKED mode=MANUAL estop=False external_stop=False,False
101.0,1,nan,nan,nan,1.4434395263568216e-05,3.55179314718625e-06,-6.321100069163256e-05,nan,BLOCKED mode=MANUAL estop=False external_stop=False,False
101.10000000000001,1,nan,nan,nan,1.4434395257092194e-05,3.55179314920546e-06,-6.321100076046836e-05,nan,BLOCKED mode=MANUAL estop=False external_stop=False,False
101.10000000000001,1,nan,nan,nan,1.4434395257092194e-05,3.55179314920546e-06,-6.321100076046836e-05,nan,BLOCKED mode=MANUAL estop=False external_stop=False,False
101.2,1,nan,nan,nan,1.4434395250609907e-05,3.5517931512183273e-06,-6.321100082939664e-05,nan,BLOCKED mode=MANUAL estop=False external_stop=False,False
101.2,1,nan,nan,nan,1.4434395250609907e-05,3.5517931512183273e-06,-6.321100082939664e-05,nan,BLOCKED mode=MANUAL estop=False external_stop=False,False
101.30000000000001,1,nan,nan,nan,1.4434395244131822e-05,3.5517931532354045e-06,-6.321100089829584e-05,nan,BLOCKED mode=MANUAL estop=False external_stop=False,False
101.30000000000001,1,nan,nan,nan,1.4434395244131822e-05,3.5517931532354045e-06,-6.321100089829584e-05,nan,BLOCKED mode=MANUAL estop=False external_stop=False,False
101.4,1,nan,nan,nan,1.4434395237648444e-05,3.551793155248723e-06,-6.321100096725864e-05,nan,BLOCKED mode=MANUAL estop=False external_stop=False,False
101.4,1,nan,nan,nan,1.4434395237648444e-05,3.551793155248723e-06,-6.321100096725864e-05,nan,BLOCKED mode=MANUAL estop=False external_stop=False,False
101.5,1,nan,nan,nan,1.4434395231168317e-05,3.551793157264311e-06,-6.321100103617738e-05,nan,BLOCKED mode=MANUAL estop=False external_stop=False,False
101.5,1,nan,nan,nan,1.4434395231168317e-05,3.551793157264311e-06,-6.321100103617738e-05,nan,BLOCKED mode=MANUAL estop=False external_stop=False,False
101.60000000000001,1,nan,nan,nan,1.4434395224688718e-05,3.551793159278057e-06,-6.32110011051049e-05,nan,BLOCKED mode=MANUAL estop=False external_stop=False,False
101.60000000000001,1,nan,nan,nan,1.4434395224688718e-05,3.551793159278057e-06,-6.32110011051049e-05,nan,BLOCKED mode=MANUAL estop=False external_stop=False,False
101.7,1,nan,nan,nan,1.4434395218211742e-05,3.5517931612959555e-06,-6.32110011739701e-05,nan,BLOCKED mode=MANUAL estop=False external_stop=False,False
101.7,1,nan,nan,nan,1.4434395218211742e-05,3.5517931612959555e-06,-6.32110011739701e-05,nan,BLOCKED mode=MANUAL estop=False external_stop=False,False
101.80000000000001,1,nan,nan,nan,1.44343952117348e-05,3.551793163311696e-06,-6.321100124285845e-05,nan,BLOCKED mode=MANUAL estop=False external_stop=False,False
101.80000000000001,1,nan,nan,nan,1.44343952117348e-05,3.551793163311696e-06,-6.321100124285845e-05,nan,BLOCKED mode=MANUAL estop=False external_stop=False,False
101.9,1,nan,nan,nan,1.4434395205254935e-05,3.55179316532589e-06,-6.321100131179274e-05,nan,BLOCKED mode=MANUAL estop=False external_stop=False,False
101.9,1,nan,nan,nan,1.4434395204607959e-05,3.5517931655269444e-06,-6.321100131867916e-05,nan,BLOCKED mode=MANUAL estop=False external_stop=False,False
102.0,1,nan,nan,nan,1.4434395198776823e-05,3.5517931673400205e-06,-6.32110013807037e-05,nan,BLOCKED mode=MANUAL estop=False external_stop=False,False
102.0,1,nan,nan,nan,1.4434395198776823e-05,3.5517931673400205e-06,-6.32110013807037e-05,nan,BLOCKED mode=MANUAL estop=False external_stop=False,False
102.10000000000001,1,nan,nan,nan,1.4434395192294965e-05,3.551793169352956e-06,-6.321100144966449e-05,nan,BLOCKED mode=MANUAL estop=False external_stop=False,False
102.10000000000001,1,nan,nan,nan,1.4434395192294965e-05,3.551793169352956e-06,-6.321100144966449e-05,nan,BLOCKED mode=MANUAL estop=False external_stop=False,False
102.2,1,nan,nan,nan,1.4434395185816718e-05,3.551793171368294e-06,-6.321100151859143e-05,nan,BLOCKED mode=MANUAL estop=False external_stop=False,False
102.2,1,nan,nan,nan,1.4434395185816718e-05,3.551793171368294e-06,-6.321100151859143e-05,nan,BLOCKED mode=MANUAL estop=False external_stop=False,False
102.30000000000001,1,nan,nan,nan,1.443439517933695e-05,3.551793173382326e-06,-6.321100158751883e-05,nan,BLOCKED mode=MANUAL estop=False external_stop=False,False
102.30000000000001,1,nan,nan,nan,1.443439517933695e-05,3.551793173382326e-06,-6.321100158751883e-05,nan,BLOCKED mode=MANUAL estop=False external_stop=False,False
102.4,1,nan,nan,nan,1.4434395172854249e-05,3.5517931753923354e-06,-6.32110016565235e-05,nan,BLOCKED mode=MANUAL estop=False external_stop=False,False
102.4,1,nan,nan,nan,1.4434395172854249e-05,3.5517931753923354e-06,-6.32110016565235e-05,nan,BLOCKED mode=MANUAL estop=False external_stop=False,False
102.5,1,nan,nan,nan,1.4434395166371479e-05,3.551793177405431e-06,-6.32110017254984e-05,nan,BLOCKED mode=MANUAL estop=False external_stop=False,False
102.5,1,nan,nan,nan,1.4434395166371479e-05,3.551793177405431e-06,-6.32110017254984e-05,nan,BLOCKED mode=MANUAL estop=False external_stop=False,False
102.60000000000001,1,nan,nan,nan,1.4434395159898736e-05,3.5517931794255557e-06,-6.321100179431376e-05,nan,BLOCKED mode=MANUAL estop=False external_stop=False,False
102.60000000000001,1,nan,nan,nan,1.4434395159898736e-05,3.5517931794255557e-06,-6.321100179431376e-05,nan,BLOCKED mode=MANUAL estop=False external_stop=False,False
102.7,1,nan,nan,nan,1.4434395153417951e-05,3.5517931814375427e-06,-6.321100186328787e-05,nan,BLOCKED mode=MANUAL estop=False external_stop=False,False
102.7,1,nan,nan,nan,1.4434395153417951e-05,3.5517931814375427e-06,-6.321100186328787e-05,nan,BLOCKED mode=MANUAL estop=False external_stop=False,False
102.80000000000001,1,nan,nan,nan,1.4434395146941512e-05,3.551793183455546e-06,-6.321100193217526e-05,nan,BLOCKED mode=MANUAL estop=False external_stop=False,False
102.80000000000001,1,nan,nan,nan,1.4434395146941512e-05,3.551793183455546e-06,-6.321100193217526e-05,nan,BLOCKED mode=MANUAL estop=False external_stop=False,False
102.9,1,nan,nan,nan,1.4434395140456941e-05,3.5517931854633115e-06,-6.321100200119398e-05,nan,BLOCKED mode=MANUAL estop=False external_stop=False,False
102.9,1,nan,nan,nan,1.4434395140456941e-05,3.5517931854633115e-06,-6.321100200119398e-05,nan,BLOCKED mode=MANUAL estop=False external_stop=False,False
103.0,1,nan,nan,nan,1.4434395133978183e-05,3.551793187477184e-06,-6.321100207012558e-05,nan,BLOCKED mode=MANUAL estop=False external_stop=False,False
103.0,1,nan,nan,nan,1.4434395133978183e-05,3.551793187477184e-06,-6.321100207012558e-05,nan,BLOCKED mode=MANUAL estop=False external_stop=False,False
103.10000000000001,1,nan,nan,nan,1.4434395127500242e-05,3.551793189493038e-06,-6.321100213902386e-05,nan,BLOCKED mode=MANUAL estop=False external_stop=False,False
103.10000000000001,1,nan,nan,nan,1.4434395127500242e-05,3.551793189493038e-06,-6.321100213902386e-05,nan,BLOCKED mode=MANUAL estop=False external_stop=False,False
103.2,1,nan,nan,nan,1.4434395121025914e-05,3.5517931915112657e-06,-6.321100220787423e-05,nan,BLOCKED mode=MANUAL estop=False external_stop=False,False
103.2,1,nan,nan,nan,1.4434395121025914e-05,3.5517931915112657e-06,-6.321100220787423e-05,nan,BLOCKED mode=MANUAL estop=False external_stop=False,False
103.30000000000001,1,nan,nan,nan,1.443439511454812e-05,3.55179319352424e-06,-6.321100227681302e-05,nan,BLOCKED mode=MANUAL estop=False external_stop=False,False
103.30000000000001,1,nan,nan,nan,1.443439511454812e-05,3.55179319352424e-06,-6.321100227681302e-05,nan,BLOCKED mode=MANUAL estop=False external_stop=False,False
103.4,1,nan,nan,nan,1.443439510807084e-05,3.5517931955391018e-06,-6.321100234572296e-05,nan,BLOCKED mode=MANUAL estop=False external_stop=False,False
103.4,1,nan,nan,nan,1.443439510807084e-05,3.5517931955391018e-06,-6.321100234572296e-05,nan,BLOCKED mode=MANUAL estop=False external_stop=False,False
103.5,1,nan,nan,nan,1.4434395101595978e-05,3.551793197555458e-06,-6.321100241458744e-05,nan,BLOCKED mode=MANUAL estop=False external_stop=False,False
103.5,1,nan,nan,nan,1.4434395101595978e-05,3.551793197555458e-06,-6.321100241458744e-05,nan,BLOCKED mode=MANUAL estop=False external_stop=False,False
103.60000000000001,1,nan,nan,nan,1.4434395095120523e-05,3.55179319956905e-06,-6.321100248346924e-05,nan,BLOCKED mode=MANUAL estop=False external_stop=False,False
103.60000000000001,1,nan,nan,nan,1.4434395095120523e-05,3.55179319956905e-06,-6.321100248346924e-05,nan,BLOCKED mode=MANUAL estop=False external_stop=False,False
103.7,1,nan,nan,nan,1.4434395088640068e-05,3.5517932015795952e-06,-6.321100255243723e-05,nan,BLOCKED mode=MANUAL estop=False external_stop=False,False
103.7,1,nan,nan,nan,1.4434395087993154e-05,3.551793201782204e-06,-6.321100255932432e-05,nan,BLOCKED mode=MANUAL estop=False external_stop=False,False
103.80000000000001,1,nan,nan,nan,1.4434395082161225e-05,3.5517932035938955e-06,-6.321100262141598e-05,nan,BLOCKED mode=MANUAL estop=False external_stop=False,False
103.80000000000001,1,nan,nan,nan,1.4434395082161225e-05,3.5517932035938955e-06,-6.321100262141598e-05,nan,BLOCKED mode=MANUAL estop=False external_stop=False,False
103.9,1,nan,nan,nan,1.4434395075686251e-05,3.5517932056098127e-06,-6.321100269029645e-05,nan,BLOCKED mode=MANUAL estop=False external_stop=False,False
103.9,1,nan,nan,nan,1.4434395075686251e-05,3.5517932056098127e-06,-6.321100269029645e-05,nan,BLOCKED mode=MANUAL estop=False external_stop=False,False
104.0,1,nan,nan,nan,1.4434395069204374e-05,3.5517932076199668e-06,-6.321100275928969e-05,nan,BLOCKED mode=MANUAL estop=False external_stop=False,False
104.0,1,nan,nan,nan,1.4434395069204374e-05,3.5517932076199668e-06,-6.321100275928969e-05,nan,BLOCKED mode=MANUAL estop=False external_stop=False,False
104.10000000000001,1,nan,nan,nan,1.443439506272701e-05,3.551793209633968e-06,-6.321100282820608e-05,nan,BLOCKED mode=MANUAL estop=False external_stop=False,False
104.10000000000001,1,nan,nan,nan,1.443439506272701e-05,3.551793209633968e-06,-6.321100282820608e-05,nan,BLOCKED mode=MANUAL estop=False external_stop=False,False
104.2,1,nan,nan,nan,1.4434395056249654e-05,3.551793211648499e-06,-6.32110028971115e-05,nan,BLOCKED mode=MANUAL estop=False external_stop=False,False
104.2,1,nan,nan,nan,1.4434395056249654e-05,3.551793211648499e-06,-6.32110028971115e-05,nan,BLOCKED mode=MANUAL estop=False external_stop=False,False
104.30000000000001,1,nan,nan,nan,1.4434395049767846e-05,3.551793213659294e-06,-6.321100296609939e-05,nan,BLOCKED mode=MANUAL estop=False external_stop=False,False
104.30000000000001,1,nan,nan,nan,1.4434395049767846e-05,3.551793213659294e-06,-6.321100296609939e-05,nan,BLOCKED mode=MANUAL estop=False external_stop=False,False
104.4,1,nan,nan,nan,1.443439504329663e-05,3.5517932156779593e-06,-6.321100303491696e-05,nan,BLOCKED mode=MANUAL estop=False external_stop=False,False
104.4,1,nan,nan,nan,1.443439504329663e-05,3.5517932156779593e-06,-6.321100303491696e-05,nan,BLOCKED mode=MANUAL estop=False external_stop=False,False
104.5,1,nan,nan,nan,1.4434395036825511e-05,3.5517932176948964e-06,-6.321100310375952e-05,nan,BLOCKED mode=MANUAL estop=False external_stop=False,False
104.5,1,nan,nan,nan,1.4434395036825511e-05,3.5517932176948964e-06,-6.321100310375952e-05,nan,BLOCKED mode=MANUAL estop=False external_stop=False,False
104.60000000000001,1,nan,nan,nan,1.4434395030354562e-05,3.551793219713216e-06,-6.321100317257786e-05,nan,BLOCKED mode=MANUAL estop=False external_stop=False,False
104.60000000000001,1,nan,nan,nan,1.4434395030354562e-05,3.551793219713216e-06,-6.321100317257786e-05,nan,BLOCKED mode=MANUAL estop=False external_stop=False,False
104.7,1,nan,nan,nan,1.4434395023878287e-05,3.5517932217256776e-06,-6.321100324151745e-05,nan,BLOCKED mode=MANUAL estop=False external_stop=False,False
104.7,1,nan,nan,nan,1.4434395023878287e-05,3.5517932217256776e-06,-6.321100324151745e-05,nan,BLOCKED mode=MANUAL estop=False external_stop=False,False
104.80000000000001,1,nan,nan,nan,1.443439501740475e-05,3.5517932237429115e-06,-6.321100331037349e-05,nan,BLOCKED mode=MANUAL estop=False external_stop=False,False
104.80000000000001,1,nan,nan,nan,1.443439501740475e-05,3.5517932237429115e-06,-6.321100331037349e-05,nan,BLOCKED mode=MANUAL estop=False external_stop=False,False
104.9,1,nan,nan,nan,1.4434395010930022e-05,3.5517932257569047e-06,-6.321100337929499e-05,nan,BLOCKED mode=MANUAL estop=False external_stop=False,False
104.9,1,nan,nan,nan,1.4434395010930022e-05,3.5517932257569047e-06,-6.321100337929499e-05,nan,BLOCKED mode=MANUAL estop=False external_stop=False,False
105.0,1,nan,nan,nan,1.443439500445459e-05,3.551793227771318e-06,-6.321100344819345e-05,nan,BLOCKED mode=MANUAL estop=False external_stop=False,False
105.0,1,nan,nan,nan,1.443439500445459e-05,3.551793227771318e-06,-6.321100344819345e-05,nan,BLOCKED mode=MANUAL estop=False external_stop=False,False
105.10000000000001,1,nan,nan,nan,1.4434394997986108e-05,3.5517932297893317e-06,-6.321100351699854e-05,nan,BLOCKED mode=MANUAL estop=False external_stop=False,False
105.10000000000001,1,nan,nan,nan,1.4434394997986108e-05,3.5517932297893317e-06,-6.321100351699854e-05,nan,BLOCKED mode=MANUAL estop=False external_stop=False,False
105.2,1,nan,nan,nan,1.443439499151128e-05,3.551793231802965e-06,-6.321100358590497e-05,nan,BLOCKED mode=MANUAL estop=False external_stop=False,False
105.2,1,nan,nan,nan,1.443439499151128e-05,3.551793231802965e-06,-6.321100358590497e-05,nan,BLOCKED mode=MANUAL estop=False external_stop=False,False
105.30000000000001,1,nan,nan,nan,1.4434394985035769e-05,3.551793233815209e-06,-6.32110036548366e-05,nan,BLOCKED mode=MANUAL estop=False external_stop=False,False
105.30000000000001,1,nan,nan,nan,1.4434394985035769e-05,3.551793233815209e-06,-6.32110036548366e-05,nan,BLOCKED mode=MANUAL estop=False external_stop=False,False
105.4,1,nan,nan,nan,1.443439497856193e-05,3.551793235829476e-06,-6.321100372371494e-05,nan,BLOCKED mode=MANUAL estop=False external_stop=False,False
105.4,1,nan,nan,nan,1.443439497856193e-05,3.551793235829476e-06,-6.321100372371494e-05,nan,BLOCKED mode=MANUAL estop=False external_stop=False,False
105.5,1,nan,nan,nan,1.4434394972094925e-05,3.551793237848094e-06,-6.321100379250689e-05,nan,BLOCKED mode=MANUAL estop=False external_stop=False,False
105.5,1,nan,nan,nan,1.4434394972094925e-05,3.551793237848094e-06,-6.321100379250689e-05,nan,BLOCKED mode=MANUAL estop=False external_stop=False,False
105.60000000000001,1,nan,nan,nan,1.4434394965621169e-05,3.551793239861731e-06,-6.321100386139887e-05,nan,BLOCKED mode=MANUAL estop=False external_stop=False,False
105.60000000000001,1,nan,nan,nan,1.4434394965621169e-05,3.551793239861731e-06,-6.321100386139887e-05,nan,BLOCKED mode=MANUAL estop=False external_stop=False,False
105.7,1,nan,nan,nan,1.4434394959150301e-05,3.5517932418782944e-06,-6.32110039302288e-05,nan,BLOCKED mode=MANUAL estop=False external_stop=False,False
105.7,1,nan,nan,nan,1.4434394959150301e-05,3.5517932418782944e-06,-6.32110039302288e-05,nan,BLOCKED mode=MANUAL estop=False external_stop=False,False
105.80000000000001,1,nan,nan,nan,1.4434394952684213e-05,3.5517932438953864e-06,-6.321100399905205e-05,nan,BLOCKED mode=MANUAL estop=False external_stop=False,False
105.80000000000001,1,nan,nan,nan,1.4434394952684213e-05,3.5517932438953864e-06,-6.321100399905205e-05,nan,BLOCKED mode=MANUAL estop=False external_stop=False,False
105.9,1,nan,nan,nan,1.4434394946218732e-05,3.5517932459156845e-06,-6.321100406781674e-05,nan,BLOCKED mode=MANUAL estop=False external_stop=False,False
105.9,1,nan,nan,nan,1.4434394946218732e-05,3.5517932459156845e-06,-6.321100406781674e-05,nan,BLOCKED mode=MANUAL estop=False external_stop=False,False
106.0,1,nan,nan,nan,1.4434394939752171e-05,3.5517932479319753e-06,-6.321100413662029e-05,nan,BLOCKED mode=MANUAL estop=False external_stop=False,False
106.0,1,nan,nan,nan,1.4434394939752171e-05,3.5517932479319753e-06,-6.321100413662029e-05,nan,BLOCKED mode=MANUAL estop=False external_stop=False,False
106.10000000000001,1,nan,nan,nan,1.4434394933284775e-05,3.5517932499470273e-06,-6.321100420545139e-05,nan,BLOCKED mode=MANUAL estop=False external_stop=False,False
106.10000000000001,1,nan,nan,nan,1.4434394933284775e-05,3.5517932499470273e-06,-6.321100420545139e-05,nan,BLOCKED mode=MANUAL estop=False external_stop=False,False
106.2,1,nan,nan,nan,1.4434394926820924e-05,3.551793251964941e-06,-6.321100427421008e-05,nan,BLOCKED mode=MANUAL estop=False external_stop=False,False
106.2,1,nan,nan,nan,1.4434394926820924e-05,3.551793251964941e-06,-6.321100427421008e-05,nan,BLOCKED mode=MANUAL estop=False external_stop=False,False
106.30000000000001,1,nan,nan,nan,1.443439492035213e-05,3.551793253978632e-06,-6.321100434305956e-05,nan,BLOCKED mode=MANUAL estop=False external_stop=False,False
106.30000000000001,1,nan,nan,nan,1.443439492035213e-05,3.551793253978632e-06,-6.321100434305956e-05,nan,BLOCKED mode=MANUAL estop=False external_stop=False,False
106.4,1,nan,nan,nan,1.443439491388619e-05,3.55179325599302e-06,-6.32110044118737e-05,nan,BLOCKED mode=MANUAL estop=False external_stop=False,False
106.4,1,nan,nan,nan,1.443439491388619e-05,3.55179325599302e-06,-6.32110044118737e-05,nan,BLOCKED mode=MANUAL estop=False external_stop=False,False
106.5,1,nan,nan,nan,1.4434394907418276e-05,3.551793258008877e-06,-6.321100448070551e-05,nan,BLOCKED mode=MANUAL estop=False external_stop=False,False
106.5,1,nan,nan,nan,1.4434394907418276e-05,3.551793258008877e-06,-6.321100448070551e-05,nan,BLOCKED mode=MANUAL estop=False external_stop=False,False
106.60000000000001,1,nan,nan,nan,1.4434394900952638e-05,3.5517932600239597e-06,-6.321100454953256e-05,nan,BLOCKED mode=MANUAL estop=False external_stop=False,False
106.60000000000001,1,nan,nan,nan,1.4434394900952638e-05,3.5517932600239597e-06,-6.321100454953256e-05,nan,BLOCKED mode=MANUAL estop=False external_stop=False,False
106.7,1,nan,nan,nan,1.4434394894484032e-05,3.5517932620397766e-06,-6.321100461837177e-05,nan,BLOCKED mode=MANUAL estop=False external_stop=False,False
106.7,1,nan,nan,nan,1.4434394894484032e-05,3.5517932620397766e-06,-6.321100461837177e-05,nan,BLOCKED mode=MANUAL estop=False external_stop=False,False
106.80000000000001,1,nan,nan,nan,1.44343948880168e-05,3.551793264055543e-06,-6.321100468722793e-05,nan,BLOCKED mode=MANUAL estop=False external_stop=False,False
106.80000000000001,1,nan,nan,nan,1.44343948880168e-05,3.551793264055543e-06,-6.321100468722793e-05,nan,BLOCKED mode=MANUAL estop=False external_stop=False,False
106.9,1,nan,nan,nan,1.443439488155349e-05,3.5517932660734466e-06,-6.321100475597751e-05,nan,BLOCKED mode=MANUAL estop=False external_stop=False,False
106.9,1,nan,nan,nan,1.443439488155349e-05,3.5517932660734466e-06,-6.321100475597751e-05,nan,BLOCKED mode=MANUAL estop=False external_stop=False,False
107.0,1,nan,nan,nan,1.4434394875090184e-05,3.551793268091354e-06,-6.32110048247524e-05,nan,BLOCKED mode=MANUAL estop=False external_stop=False,False
107.0,1,nan,nan,nan,1.4434394875090184e-05,3.551793268091354e-06,-6.32110048247524e-05,nan,BLOCKED mode=MANUAL estop=False external_stop=False,False
107.10000000000001,1,nan,nan,nan,1.4434394868629444e-05,3.551793270110195e-06,-6.321100489349811e-05,nan,BLOCKED mode=MANUAL estop=False external_stop=False,False
107.10000000000001,1,nan,nan,nan,1.4434394868629444e-05,3.551793270110195e-06,-6.321100489349811e-05,nan,BLOCKED mode=MANUAL estop=False external_stop=False,False
107.2,1,nan,nan,nan,1.4434394862162611e-05,3.5517932721240223e-06,-6.321100496232186e-05,nan,BLOCKED mode=MANUAL estop=False external_stop=False,False
107.2,1,nan,nan,nan,1.4434394862162611e-05,3.5517932721240223e-06,-6.321100496232186e-05,nan,BLOCKED mode=MANUAL estop=False external_stop=False,False
107.30000000000001,1,nan,nan,nan,1.4434394855698739e-05,3.55179327413933e-06,-6.321100503111172e-05,nan,BLOCKED mode=MANUAL estop=False external_stop=False,False
107.30000000000001,1,nan,nan,nan,1.4434394855698739e-05,3.55179327413933e-06,-6.321100503111172e-05,nan,BLOCKED mode=MANUAL estop=False external_stop=False,False
107.4,1,nan,nan,nan,1.443439484924074e-05,3.551793276160238e-06,-6.321100509982688e-05,nan,BLOCKED mode=MANUAL estop=False external_stop=False,False
107.4,1,nan,nan,nan,1.443439484924074e-05,3.551793276160238e-06,-6.321100509982688e-05,nan,BLOCKED mode=MANUAL estop=False external_stop=False,False
107.5,1,nan,nan,nan,1.4434394842775899e-05,3.5517932781756285e-06,-6.321100516863166e-05,nan,BLOCKED mode=MANUAL estop=False external_stop=False,False
107.5,1,nan,nan,nan,1.4434394842775899e-05,3.5517932781756285e-06,-6.321100516863166e-05,nan,BLOCKED mode=MANUAL estop=False external_stop=False,False
107.60000000000001,1,nan,nan,nan,1.4434394836311826e-05,3.5517932801892956e-06,-6.321100523745514e-05,nan,BLOCKED mode=MANUAL estop=False external_stop=False,False
107.60000000000001,1,nan,nan,nan,1.4434394836311826e-05,3.5517932801892956e-06,-6.321100523745514e-05,nan,BLOCKED mode=MANUAL estop=False external_stop=False,False
107.7,1,nan,nan,nan,1.4434394829850263e-05,3.551793282207094e-06,-6.321100530620539e-05,nan,BLOCKED mode=MANUAL estop=False external_stop=False,False
107.7,1,nan,nan,nan,1.4434394829850263e-05,3.551793282207094e-06,-6.321100530620539e-05,nan,BLOCKED mode=MANUAL estop=False external_stop=False,False
107.80000000000001,1,nan,nan,nan,1.4434394823381423e-05,3.551793284219251e-06,-6.321100537507464e-05,nan,BLOCKED mode=MANUAL estop=False external_stop=False,False
107.80000000000001,1,nan,nan,nan,1.4434394823381423e-05,3.551793284219251e-06,-6.321100537507464e-05,nan,BLOCKED mode=MANUAL estop=False external_stop=False,False
107.9,1,nan,nan,nan,1.4434394816915897e-05,3.551793286231982e-06,-6.321100544391264e-05,nan,BLOCKED mode=MANUAL estop=False external_stop=False,False
107.9,1,nan,nan,nan,1.4434394816915897e-05,3.551793286231982e-06,-6.321100544391264e-05,nan,BLOCKED mode=MANUAL estop=False external_stop=False,False
108.0,1,nan,nan,nan,1.4434394810453567e-05,3.5517932882499156e-06,-6.32110055126797e-05,nan,BLOCKED mode=MANUAL estop=False external_stop=False,False
108.0,1,nan,nan,nan,1.4434394810453567e-05,3.5517932882499156e-06,-6.32110055126797e-05,nan,BLOCKED mode=MANUAL estop=False external_stop=False,False
108.10000000000001,1,nan,nan,nan,1.443439480398603e-05,3.5517932902630766e-06,-6.321100558154555e-05,nan,BLOCKED mode=MANUAL estop=False external_stop=False,False
108.10000000000001,1,nan,nan,nan,1.443439480398603e-05,3.5517932902630766e-06,-6.321100558154555e-05,nan,BLOCKED mode=MANUAL estop=False external_stop=False,False
108.2,1,nan,nan,nan,1.443439479752208e-05,3.551793292278465e-06,-6.321100565033301e-05,nan,BLOCKED mode=MANUAL estop=False external_stop=False,False
108.2,1,nan,nan,nan,1.443439479752208e-05,3.551793292278465e-06,-6.321100565033301e-05,nan,BLOCKED mode=MANUAL estop=False external_stop=False,False
108.30000000000001,1,nan,nan,nan,1.4434394791060053e-05,3.551793294295669e-06,-6.321100571913292e-05,nan,BLOCKED mode=MANUAL estop=False external_stop=False,False
108.30000000000001,1,nan,nan,nan,1.4434394791060053e-05,3.551793294295669e-06,-6.321100571913292e-05,nan,BLOCKED mode=MANUAL estop=False external_stop=False,False
108.4,1,nan,nan,nan,1.4434394784599034e-05,3.551793296314595e-06,-6.321100578787295e-05,nan,BLOCKED mode=MANUAL estop=False external_stop=False,False
108.4,1,nan,nan,nan,1.4434394784599034e-05,3.551793296314595e-06,-6.321100578787295e-05,nan,BLOCKED mode=MANUAL estop=False external_stop=False,False
108.5,1,nan,nan,nan,1.4434394778139264e-05,3.5517932983325333e-06,-6.321100585659792e-05,nan,BLOCKED mode=MANUAL estop=False external_stop=False,False
108.5,1,nan,nan,nan,1.4434394778139264e-05,3.5517932983325333e-06,-6.321100585659792e-05,nan,BLOCKED mode=MANUAL estop=False external_stop=False,False
108.60000000000001,1,nan,nan,nan,1.4434394771675042e-05,3.551793300347043e-06,-6.321100592542195e-05,nan,BLOCKED mode=MANUAL estop=False external_stop=False,False
108.60000000000001,1,nan,nan,nan,1.4434394771675042e-05,3.551793300347043e-06,-6.321100592542195e-05,nan,BLOCKED mode=MANUAL estop=False external_stop=False,False
108.7,1,nan,nan,nan,1.4434394765210371e-05,3.5517933023622917e-06,-6.321100599423958e-05,nan,BLOCKED mode=MANUAL estop=False external_stop=False,False
108.7,1,nan,nan,nan,1.4434394765210371e-05,3.5517933023622917e-06,-6.321100599423958e-05,nan,BLOCKED mode=MANUAL estop=False external_stop=False,False
108.80000000000001,1,nan,nan,nan,1.4434394758751484e-05,3.5517933043782933e-06,-6.321100606298345e-05,nan,BLOCKED mode=MANUAL estop=False external_stop=False,False
108.80000000000001,1,nan,nan,nan,1.4434394758751484e-05,3.5517933043782933e-06,-6.321100606298345e-05,nan,BLOCKED mode=MANUAL estop=False external_stop=False,False
108.9,1,nan,nan,nan,1.4434394752285331e-05,3.5517933063907156e-06,-6.321100613182496e-05,nan,BLOCKED mode=MANUAL estop=False external_stop=False,False
108.9,1,nan,nan,nan,1.4434394752285331e-05,3.5517933063907156e-06,-6.321100613182496e-05,nan,BLOCKED mode=MANUAL estop=False external_stop=False,False
109.0,1,nan,nan,nan,1.4434394745820003e-05,3.551793308404833e-06,-6.321100620066875e-05,nan,BLOCKED mode=MANUAL estop=False external_stop=False,False
109.0,1,nan,nan,nan,1.4434394745820003e-05,3.551793308404833e-06,-6.321100620066875e-05,nan,BLOCKED mode=MANUAL estop=False external_stop=False,False
109.10000000000001,1,nan,nan,nan,1.443439473935066e-05,3.551793310415714e-06,-6.321100626955332e-05,nan,BLOCKED mode=MANUAL estop=False external_stop=False,False
109.10000000000001,1,nan,nan,nan,1.443439473935066e-05,3.551793310415714e-06,-6.321100626955332e-05,nan,BLOCKED mode=MANUAL estop=False external_stop=False,False
