ros_time_sec,event,detail,mission_state,mode,cmd_linear,cmd_angular,odom_x,odom_y,dynamic_lock,bird_confirmed,sound_done
0.000,mission_event,timestamp=0.000 mission_id=0 target_mission_id=0 state=IDLE event_type=MISSION_COMMAND reason=START_PATROL waypoint_index=0,UNKNOWN,AUTO,0.000,0.000,0.000,0.000,False,False,False
0.000,mission_event,timestamp=0.000 mission_id=0 target_mission_id=0 state=IDLE event_type=MODE_CHANGE reason=previous=STANDBY next=AUTO reason=START_PATROL waypoint_index=0,UNKNOWN,AUTO,0.000,0.000,0.000,0.000,False,False,False
0.000,mission_event,timestamp=0.000 mission_id=0 target_mission_id=0 state=IDLE event_type=MISSION_RESET reason=operator_reset_pulse waypoint_index=0,UNKNOWN,AUTO,0.000,0.000,0.000,0.000,False,False,False
1.500,bird_confirmed,False,UNKNOWN,AUTO,0.000,0.000,-0.000,0.000,False,False,False
1.500,sound_done,False,UNKNOWN,AUTO,0.000,0.000,-0.000,0.000,False,False,False
1.500,mission_state,IDLE mode=AUTO nav_goal=NONE,IDLE mode=AUTO nav_goal=NONE,AUTO,0.000,0.000,-0.000,0.000,False,False,False
1.500,mission_event,timestamp=1.500 mission_id=0 target_mission_id=0 state=PATROL_NAVIGATING event_type=STATE_CHANGE reason=previous=IDLE next=PATROL_NAVIGATING reason=goal_type=PATROL waypoint_index=0,IDLE mode=AUTO nav_goal=NONE,AUTO,0.000,0.000,-0.000,0.000,False,False,False
1.500,dynamic_lock,False,IDLE mode=AUTO nav_goal=NONE,AUTO,0.000,0.000,-0.000,0.000,False,False,False
1.500,classification,WAITING_DYNAMIC_LOCK,IDLE mode=AUTO nav_goal=NONE,AUTO,0.000,0.000,-0.000,0.000,False,False,False
1.500,bird_confirmed,False,IDLE mode=AUTO nav_goal=NONE,AUTO,0.000,0.000,-0.000,0.000,False,False,False
1.500,sound_state,IDLE_NO_REQUEST,IDLE mode=AUTO nav_goal=NONE,AUTO,0.000,0.000,-0.000,0.000,False,False,False
1.500,mission_event,timestamp=1.500 mission_id=0 target_mission_id=0 state=PATROL_NAVIGATING event_type=NAV2_DISABLED_SIMULATED_GOAL reason=PATROL waypoint_index=0,IDLE mode=AUTO nav_goal=NONE,AUTO,0.000,0.000,-0.000,0.000,False,False,False
1.500,classification,WAITING_DYNAMIC_LOCK,IDLE mode=AUTO nav_goal=NONE,AUTO,0.000,0.000,-0.000,0.000,False,False,False
1.600,dynamic_lock,False,IDLE mode=AUTO nav_goal=NONE,AUTO,0.000,0.000,-0.000,0.000,False,False,False
1.600,sound_state,IDLE_NO_REQUEST,IDLE mode=AUTO nav_goal=NONE,AUTO,0.000,0.000,-0.000,0.000,False,False,False
1.600,sound_done,False,IDLE mode=AUTO nav_goal=NONE,AUTO,0.000,0.000,-0.000,0.000,False,False,False
1.600,classification,WAITING_DYNAMIC_LOCK,IDLE mode=AUTO nav_goal=NONE,AUTO,0.000,0.000,-0.000,0.000,False,False,False
1.600,bird_confirmed,False,IDLE mode=AUTO nav_goal=NONE,AUTO,0.000,0.000,-0.000,0.000,False,False,False
1.600,mission_state,PATROL_NAVIGATING mode=AUTO nav_goal=PATROL,PATROL_NAVIGATING mode=AUTO nav_goal=PATROL,AUTO,0.000,0.000,-0.000,0.000,False,False,False
1.700,classification,WAITING_DYNAMIC_LOCK,PATROL_NAVIGATING mode=AUTO nav_goal=PATROL,AUTO,0.000,0.000,0.000,0.000,False,False,False
1.700,bird_confirmed,False,PATROL_NAVIGATING mode=AUTO nav_goal=PATROL,AUTO,0.000,0.000,0.000,0.000,False,False,False
1.800,mission_state,PATROL_NAVIGATING mode=AUTO nav_goal=PATROL,PATROL_NAVIGATING mode=AUTO nav_goal=PATROL,AUTO,0.000,0.000,0.000,0.000,False,False,False
1.800,bird_confirmed,False,PATROL_NAVIGATING mode=AUTO nav_goal=PATROL,AUTO,0.000,0.000,0.000,0.000,False,False,False
1.800,sound_state,IDLE_NO_REQUEST,PATROL_NAVIGATING mode=AUTO nav_goal=PATROL,AUTO,0.000,0.000,0.000,0.000,False,False,False
1.800,sound_done,False,PATROL_NAVIGATING mode=AUTO nav_goal=PATROL,AUTO,0.000,0.000,0.000,0.000,False,False,False
1.800,classification,WAITING_DYNAMIC_LOCK,PATROL_NAVIGATING mode=AUTO nav_goal=PATROL,AUTO,0.080,0.000,0.000,0.000,False,False,False
1.800,dynamic_lock,False,PATROL_NAVIGATING mode=AUTO nav_goal=PATROL,AUTO,0.120,0.000,0.001,0.000,False,False,False
1.900,classification,WAITING_DYNAMIC_LOCK,PATROL_NAVIGATING mode=AUTO nav_goal=PATROL,AUTO,0.120,0.000,0.006,0.000,False,False,False
1.900,bird_confirmed,False,PATROL_NAVIGATING mode=AUTO nav_goal=PATROL,AUTO,0.120,0.000,0.006,0.000,False,False,False
2.000,mission_state,PATROL_NAVIGATING mode=AUTO nav_goal=PATROL,PATROL_NAVIGATING mode=AUTO nav_goal=PATROL,AUTO,0.120,0.000,0.024,0.000,False,False,False
2.000,classification,WAITING_DYNAMIC_LOCK,PATROL_NAVIGATING mode=AUTO nav_goal=PATROL,AUTO,0.120,0.000,0.024,0.000,False,False,False
2.000,bird_confirmed,False,PATROL_NAVIGATING mode=AUTO nav_goal=PATROL,AUTO,0.120,0.000,0.024,0.000,False,False,False
2.000,sound_state,IDLE_NO_REQUEST,PATROL_NAVIGATING mode=AUTO nav_goal=PATROL,AUTO,0.120,0.000,0.024,0.000,False,False,False
2.000,sound_done,False,PATROL_NAVIGATING mode=AUTO nav_goal=PATROL,AUTO,0.120,0.000,0.024,0.000,False,False,False
2.000,dynamic_lock,False,PATROL_NAVIGATING mode=AUTO nav_goal=PATROL,AUTO,0.120,0.000,0.030,0.000,False,False,False
2.100,classification,WAITING_DYNAMIC_LOCK,PATROL_NAVIGATING mode=AUTO nav_goal=PATROL,AUTO,0.120,0.000,0.043,0.000,False,False,False
2.100,bird_confirmed,False,PATROL_NAVIGATING mode=AUTO nav_goal=PATROL,AUTO,0.120,0.000,0.043,0.000,False,False,False
2.200,classification,WAITING_DYNAMIC_LOCK,PATROL_NAVIGATING mode=AUTO nav_goal=PATROL,AUTO,0.120,0.000,0.062,0.000,False,False,False
2.200,bird_confirmed,False,PATROL_NAVIGATING mode=AUTO nav_goal=PATROL,AUTO,0.120,0.000,0.062,0.000,False,False,False
2.200,sound_state,IDLE_NO_REQUEST,PATROL_NAVIGATING mode=AUTO nav_goal=PATROL,AUTO,0.120,0.000,0.062,0.000,False,False,False
2.200,sound_done,False,PATROL_NAVIGATING mode=AUTO nav_goal=PATROL,AUTO,0.120,0.000,0.062,0.000,False,False,False
2.200,mission_state,PATROL_NAVIGATING mode=AUTO nav_goal=PATROL,PATROL_NAVIGATING mode=AUTO nav_goal=PATROL,AUTO,0.120,0.000,0.064,0.000,False,False,False
2.200,dynamic_lock,False,PATROL_NAVIGATING mode=AUTO nav_goal=PATROL,AUTO,0.120,0.000,0.064,0.000,False,False,False
2.300,bird_confirmed,False,PATROL_NAVIGATING mode=AUTO nav_goal=PATROL,AUTO,0.120,0.000,0.081,-0.000,False,False,False
2.300,classification,WAITING_DYNAMIC_LOCK,PATROL_NAVIGATING mode=AUTO nav_goal=PATROL,AUTO,0.120,0.000,0.081,-0.000,False,False,False
2.400,classification,WAITING_DYNAMIC_LOCK,PATROL_NAVIGATING mode=AUTO nav_goal=PATROL,AUTO,0.120,0.000,0.101,-0.000,False,False,False
2.400,bird_confirmed,False,PATROL_NAVIGATING mode=AUTO nav_goal=PATROL,AUTO,0.120,0.000,0.101,-0.000,False,False,False
2.400,sound_state,IDLE_NO_REQUEST,PATROL_NAVIGATING mode=AUTO nav_goal=PATROL,AUTO,0.120,0.000,0.101,-0.000,False,False,False
2.400,sound_done,False,PATROL_NAVIGATING mode=AUTO nav_goal=PATROL,AUTO,0.120,0.000,0.101,-0.000,False,False,False
2.400,mission_state,PATROL_NAVIGATING mode=AUTO nav_goal=PATROL,PATROL_NAVIGATING mode=AUTO nav_goal=PATROL,AUTO,0.120,0.000,0.101,-0.000,False,False,False
2.400,dynamic_lock,False,PATROL_NAVIGATING mode=AUTO nav_goal=PATROL,AUTO,0.120,0.000,0.106,-0.000,False,False,False
2.500,classification,WAITING_DYNAMIC_LOCK,PATROL_NAVIGATING mode=AUTO nav_goal=PATROL,AUTO,0.120,0.000,0.120,-0.000,False,False,False
2.500,bird_confirmed,False,PATROL_NAVIGATING mode=AUTO nav_goal=PATROL,AUTO,0.120,0.000,0.120,-0.000,False,False,False
2.600,mission_state,PATROL_NAVIGATING mode=AUTO nav_goal=PATROL,PATROL_NAVIGATING mode=AUTO nav_goal=PATROL,AUTO,0.120,0.000,0.139,-0.000,False,False,False
2.600,classification,WAITING_DYNAMIC_LOCK,PATROL_NAVIGATING mode=AUTO nav_goal=PATROL,AUTO,0.120,0.000,0.139,-0.000,False,False,False
2.600,bird_confirmed,False,PATROL_NAVIGATING mode=AUTO nav_goal=PATROL,AUTO,0.120,0.000,0.139,-0.000,False,False,False
2.600,sound_state,IDLE_NO_REQUEST,PATROL_NAVIGATING mode=AUTO nav_goal=PATROL,AUTO,0.120,0.000,0.139,-0.000,False,False,False
2.600,sound_done,False,PATROL_NAVIGATING mode=AUTO nav_goal=PATROL,AUTO,0.120,0.000,0.139,-0.000,False,False,False
2.600,dynamic_lock,False,PATROL_NAVIGATING mode=AUTO nav_goal=PATROL,AUTO,0.120,0.000,0.143,-0.000,False,False,False
2.700,classification,WAITING_DYNAMIC_LOCK,PATROL_NAVIGATING mode=AUTO nav_goal=PATROL,AUTO,0.120,0.000,0.158,-0.000,False,False,False
2.700,bird_confirmed,False,PATROL_NAVIGATING mode=AUTO nav_goal=PATROL,AUTO,0.120,0.000,0.158,-0.000,False,False,False
2.800,bird_confirmed,False,PATROL_NAVIGATING mode=AUTO nav_goal=PATROL,AUTO,0.120,0.000,0.177,-0.000,False,False,False
2.800,sound_state,IDLE_NO_REQUEST,PATROL_NAVIGATING mode=AUTO nav_goal=PATROL,AUTO,0.120,0.000,0.177,-0.000,False,False,False
2.800,sound_done,False,PATROL_NAVIGATING mode=AUTO nav_goal=PATROL,AUTO,0.120,0.000,0.177,-0.000,False,False,False
2.800,classification,WAITING_DYNAMIC_LOCK,PATROL_NAVIGATING mode=AUTO nav_goal=PATROL,AUTO,0.120,0.000,0.177,-0.000,False,False,False
2.800,dynamic_lock,False,PATROL_NAVIGATING mode=AUTO nav_goal=PATROL,AUTO,0.120,0.000,0.179,-0.000,False,False,False
2.800,mission_state,PATROL_NAVIGATING mode=AUTO nav_goal=PATROL,PATROL_NAVIGATING mode=AUTO nav_goal=PATROL,AUTO,0.120,0.000,0.179,-0.000,False,False,False
2.900,bird_confirmed,False,PATROL_NAVIGATING mode=AUTO nav_goal=PATROL,AUTO,0.120,0.000,0.196,-0.000,False,False,False
2.900,classification,WAITING_DYNAMIC_LOCK,PATROL_NAVIGATING mode=AUTO nav_goal=PATROL,AUTO,0.120,0.000,0.196,-0.000,False,False,False
3.000,dynamic_lock,False,PATROL_NAVIGATING mode=AUTO nav_goal=PATROL,AUTO,0.120,0.000,0.216,-0.000,False,False,False
3.000,sound_state,IDLE_NO_REQUEST,PATROL_NAVIGATING mode=AUTO nav_goal=PATROL,AUTO,0.120,0.000,0.216,-0.000,False,False,False
3.000,sound_done,False,PATROL_NAVIGATING mode=AUTO nav_goal=PATROL,AUTO,0.120,0.000,0.216,-0.000,False,False,False
3.000,bird_confirmed,False,PATROL_NAVIGATING mode=AUTO nav_goal=PATROL,AUTO,0.120,0.000,0.218,-0.000,False,False,False
3.000,mission_state,PATROL_NAVIGATING mode=AUTO nav_goal=PATROL,PATROL_NAVIGATING mode=AUTO nav_goal=PATROL,AUTO,0.120,0.000,0.218,-0.000,False,False,False
3.000,classification,WAITING_DYNAMIC_LOCK,PATROL_NAVIGATING mode=AUTO nav_goal=PATROL,AUTO,0.120,0.000,0.218,-0.000,False,False,False
3.100,classification,WAITING_DYNAMIC_LOCK,PATROL_NAVIGATING mode=AUTO nav_goal=PATROL,AUTO,0.120,0.000,0.235,-0.000,False,False,False
3.100,bird_confirmed,False,PATROL_NAVIGATING mode=AUTO nav_goal=PATROL,AUTO,0.120,0.000,0.235,-0.000,False,False,False
3.200,dynamic_lock,False,PATROL_NAVIGATING mode=AUTO nav_goal=PATROL,AUTO,0.120,0.000,0.254,-0.000,False,False,False
3.200,classification,WAITING_DYNAMIC_LOCK,PATROL_NAVIGATING mode=AUTO nav_goal=PATROL,AUTO,0.120,0.000,0.254,-0.000,False,False,False
3.200,bird_confirmed,False,PATROL_NAVIGATING mode=AUTO nav_goal=PATROL,AUTO,0.120,0.000,0.254,-0.000,False,False,False
3.200,sound_state,IDLE_NO_REQUEST,PATROL_NAVIGATING mode=AUTO nav_goal=PATROL,AUTO,0.120,0.000,0.254,-0.000,False,False,False
3.200,sound_done,False,PATROL_NAVIGATING mode=AUTO nav_goal=PATROL,AUTO,0.120,0.000,0.254,-0.000,False,False,False
3.200,mission_state,PATROL_NAVIGATING mode=AUTO nav_goal=PATROL,PATROL_NAVIGATING mode=AUTO nav_goal=PATROL,AUTO,0.120,0.000,0.254,-0.000,False,False,False
3.300,classification,WAITING_DYNAMIC_LOCK,PATROL_NAVIGATING mode=AUTO nav_goal=PATROL,AUTO,0.120,0.000,0.273,-0.000,False,False,False
3.300,bird_confirmed,False,PATROL_NAVIGATING mode=AUTO nav_goal=PATROL,AUTO,0.120,0.000,0.273,-0.000,False,False,False
3.400,bird_confirmed,False,PATROL_NAVIGATING mode=AUTO nav_goal=PATROL,AUTO,0.120,0.000,0.292,-0.000,False,False,False
3.400,sound_state,IDLE_NO_REQUEST,PATROL_NAVIGATING mode=AUTO nav_goal=PATROL,AUTO,0.120,0.000,0.292,-0.000,False,False,False
3.400,sound_done,False,PATROL_NAVIGATING mode=AUTO nav_goal=PATROL,AUTO,0.120,0.000,0.292,-0.000,False,False,False
3.400,dynamic_lock,False,PATROL_NAVIGATING mode=AUTO nav_goal=PATROL,AUTO,0.120,0.000,0.292,-0.000,False,False,False
3.400,classification,WAITING_DYNAMIC_LOCK,PATROL_NAVIGATING mode=AUTO nav_goal=PATROL,AUTO,0.120,0.000,0.292,-0.000,False,False,False
3.400,mission_state,PATROL_NAVIGATING mode=AUTO nav_goal=PATROL,PATROL_NAVIGATING mode=AUTO nav_goal=PATROL,AUTO,0.120,0.000,0.294,-0.000,False,False,False
3.500,classification,WAITING_DYNAMIC_LOCK,PATROL_NAVIGATING mode=AUTO nav_goal=PATROL,AUTO,0.120,0.000,0.313,-0.000,False,False,False
3.500,bird_confirmed,False,PATROL_NAVIGATING mode=AUTO nav_goal=PATROL,AUTO,0.120,0.000,0.313,-0.000,False,False,False
3.600,mission_state,PATROL_NAVIGATING mode=AUTO nav_goal=PATROL,PATROL_NAVIGATING mode=AUTO nav_goal=PATROL,AUTO,0.120,0.000,0.331,-0.000,False,False,False
3.600,dynamic_lock,False,PATROL_NAVIGATING mode=AUTO nav_goal=PATROL,AUTO,0.120,0.000,0.331,-0.000,False,False,False
3.600,classification,WAITING_DYNAMIC_LOCK,PATROL_NAVIGATING mode=AUTO nav_goal=PATROL,AUTO,0.120,0.000,0.331,-0.000,False,False,False
3.600,bird_confirmed,False,PATROL_NAVIGATING mode=AUTO nav_goal=PATROL,AUTO,0.120,0.000,0.331,-0.000,False,False,False
3.600,sound_state,IDLE_NO_REQUEST,PATROL_NAVIGATING mode=AUTO nav_goal=PATROL,AUTO,0.120,0.000,0.331,-0.000,False,False,False
3.600,sound_done,False,PATROL_NAVIGATING mode=AUTO nav_goal=PATROL,AUTO,0.120,0.000,0.331,-0.000,False,False,False
3.700,classification,WAITING_DYNAMIC_LOCK,PATROL_NAVIGATING mode=AUTO nav_goal=PATROL,AUTO,0.120,0.000,0.350,-0.000,False,False,False
3.700,bird_confirmed,False,PATROL_NAVIGATING mode=AUTO nav_goal=PATROL,AUTO,0.120,0.000,0.350,-0.000,False,False,False
3.800,mission_state,PATROL_NAVIGATING mode=AUTO nav_goal=PATROL,PATROL_NAVIGATING mode=AUTO nav_goal=PATROL,AUTO,0.120,0.000,0.369,-0.000,False,False,False
3.800,dynamic_lock,False,PATROL_NAVIGATING mode=AUTO nav_goal=PATROL,AUTO,0.120,0.000,0.369,-0.000,False,False,False
3.800,classification,WAITING_DYNAMIC_LOCK,PATROL_NAVIGATING mode=AUTO nav_goal=PATROL,AUTO,0.120,0.000,0.369,-0.000,False,False,False
3.800,bird_confirmed,False,PATROL_NAVIGATING mode=AUTO nav_goal=PATROL,AUTO,0.120,0.000,0.369,-0.000,False,False,False
3.800,sound_state,IDLE_NO_REQUEST,PATROL_NAVIGATING mode=AUTO nav_goal=PATROL,AUTO,0.120,0.000,0.369,-0.000,False,False,False
3.800,sound_done,False,PATROL_NAVIGATING mode=AUTO nav_goal=PATROL,AUTO,0.120,0.000,0.369,-0.000,False,False,False
3.900,classification,WAITING_DYNAMIC_LOCK,PATROL_NAVIGATING mode=AUTO nav_goal=PATROL,AUTO,0.120,0.000,0.388,-0.000,False,False,False
3.900,bird_confirmed,False,PATROL_NAVIGATING mode=AUTO nav_goal=PATROL,AUTO,0.120,0.000,0.388,-0.000,False,False,False
4.000,classification,WAITING_DYNAMIC_LOCK,PATROL_NAVIGATING mode=AUTO nav_goal=PATROL,AUTO,0.120,0.000,0.407,-0.000,False,False,False
4.000,bird_confirmed,False,PATROL_NAVIGATING mode=AUTO nav_goal=PATROL,AUTO,0.120,0.000,0.407,-0.000,False,False,False
4.000,mission_state,PATROL_NAVIGATING mode=AUTO nav_goal=PATROL,PATROL_NAVIGATING mode=AUTO nav_goal=PATROL,AUTO,0.120,0.000,0.407,-0.000,False,False,False
4.000,sound_state,IDLE_NO_REQUEST,PATROL_NAVIGATING mode=AUTO nav_goal=PATROL,AUTO,0.120,0.000,0.407,-0.000,False,False,False
4.000,sound_done,False,PATROL_NAVIGATING mode=AUTO nav_goal=PATROL,AUTO,0.120,0.000,0.407,-0.000,False,False,False
4.000,dynamic_lock,False,PATROL_NAVIGATING mode=AUTO nav_goal=PATROL,AUTO,0.120,0.000,0.423,-0.000,False,False,False
4.100,classification,WAITING_DYNAMIC_LOCK,PATROL_NAVIGATING mode=AUTO nav_goal=PATROL,AUTO,0.120,0.000,0.427,-0.000,False,False,False
4.100,bird_confirmed,False,PATROL_NAVIGATING mode=AUTO nav_goal=PATROL,AUTO,0.120,0.000,0.427,-0.000,False,False,False
4.200,mission_state,PATROL_NAVIGATING mode=AUTO nav_goal=PATROL,PATROL_NAVIGATING mode=AUTO nav_goal=PATROL,AUTO,0.120,0.000,0.446,-0.000,False,False,False
4.200,classification,WAITING_DYNAMIC_LOCK,PATROL_NAVIGATING mode=AUTO nav_goal=PATROL,AUTO,0.120,0.000,0.446,-0.000,False,False,False
4.200,bird_confirmed,False,PATROL_NAVIGATING mode=AUTO nav_goal=PATROL,AUTO,0.120,0.000,0.446,-0.000,False,False,False
4.200,sound_state,IDLE_NO_REQUEST,PATROL_NAVIGATING mode=AUTO nav_goal=PATROL,AUTO,0.120,0.000,0.446,-0.000,False,False,False
4.200,sound_done,False,PATROL_NAVIGATING mode=AUTO nav_goal=PATROL,AUTO,0.120,0.000,0.446,-0.000,False,False,False
4.200,dynamic_lock,False,PATROL_NAVIGATING mode=AUTO nav_goal=PATROL,AUTO,0.120,0.000,0.463,-0.000,False,False,False
4.300,bird_confirmed,False,PATROL_NAVIGATING mode=AUTO nav_goal=PATROL,AUTO,0.120,0.000,0.465,-0.000,False,False,False
4.300,classification,WAITING_DYNAMIC_LOCK,PATROL_NAVIGATING mode=AUTO nav_goal=PATROL,AUTO,0.120,0.000,0.465,-0.000,False,False,False
4.400,classification,WAITING_DYNAMIC_LOCK,PATROL_NAVIGATING mode=AUTO nav_goal=PATROL,AUTO,0.120,0.000,0.484,-0.000,False,False,False
4.400,bird_confirmed,False,PATROL_NAVIGATING mode=AUTO nav_goal=PATROL,AUTO,0.120,0.000,0.484,-0.000,False,False,False
4.400,mission_state,PATROL_NAVIGATING mode=AUTO nav_goal=PATROL,PATROL_NAVIGATING mode=AUTO nav_goal=PATROL,AUTO,0.120,0.000,0.484,-0.000,False,False,False
4.400,sound_done,False,PATROL_NAVIGATING mode=AUTO nav_goal=PATROL,AUTO,0.120,0.000,0.484,-0.000,False,False,False
4.400,sound_state,IDLE_NO_REQUEST,PATROL_NAVIGATING mode=AUTO nav_goal=PATROL,AUTO,0.120,0.000,0.486,-0.000,False,False,False
4.400,dynamic_lock,False,PATROL_NAVIGATING mode=AUTO nav_goal=PATROL,AUTO,0.120,0.000,0.498,-0.000,False,False,False
4.500,classification,WAITING_DYNAMIC_LOCK,PATROL_NAVIGATING mode=AUTO nav_goal=PATROL,AUTO,0.120,0.000,0.503,-0.000,False,False,False
4.500,bird_confirmed,False,PATROL_NAVIGATING mode=AUTO nav_goal=PATROL,AUTO,0.120,0.000,0.503,-0.000,False,False,False
4.600,classification,WAITING_DYNAMIC_LOCK,PATROL_NAVIGATING mode=AUTO nav_goal=PATROL,AUTO,0.120,0.000,0.522,-0.000,False,False,False
4.600,bird_confirmed,False,PATROL_NAVIGATING mode=AUTO nav_goal=PATROL,AUTO,0.120,0.000,0.522,-0.000,False,False,False
4.600,sound_state,IDLE_NO_REQUEST,PATROL_NAVIGATING mode=AUTO nav_goal=PATROL,AUTO,0.120,0.000,0.522,-0.000,False,False,False
4.600,sound_done,False,PATROL_NAVIGATING mode=AUTO nav_goal=PATROL,AUTO,0.120,0.000,0.522,-0.000,False,False,False
4.600,mission_state,PATROL_NAVIGATING mode=AUTO nav_goal=PATROL,PATROL_NAVIGATING mode=AUTO nav_goal=PATROL,AUTO,0.120,0.000,0.524,-0.000,False,False,False
4.600,dynamic_lock,False,PATROL_NAVIGATING mode=AUTO nav_goal=PATROL,AUTO,0.120,0.000,0.532,-0.000,False,False,False
4.700,classification,WAITING_DYNAMIC_LOCK,PATROL_NAVIGATING mode=AUTO nav_goal=PATROL,AUTO,0.120,0.000,0.542,-0.000,False,False,False
4.700,bird_confirmed,False,PATROL_NAVIGATING mode=AUTO nav_goal=PATROL,AUTO,0.120,0.000,0.542,-0.000,False,False,False
4.800,mission_state,PATROL_NAVIGATING mode=AUTO nav_goal=PATROL,PATROL_NAVIGATING mode=AUTO nav_goal=PATROL,AUTO,0.120,0.000,0.561,-0.000,False,False,False
4.800,classification,WAITING_DYNAMIC_LOCK,PATROL_NAVIGATING mode=AUTO nav_goal=PATROL,AUTO,0.120,0.000,0.561,-0.000,False,False,False
4.800,bird_confirmed,False,PATROL_NAVIGATING mode=AUTO nav_goal=PATROL,AUTO,0.120,0.000,0.561,-0.000,False,False,False
4.800,sound_state,IDLE_NO_REQUEST,PATROL_NAVIGATING mode=AUTO nav_goal=PATROL,AUTO,0.120,0.000,0.561,-0.000,False,False,False
4.800,sound_done,False,PATROL_NAVIGATING mode=AUTO nav_goal=PATROL,AUTO,0.120,0.000,0.561,-0.000,False,False,False
4.800,dynamic_lock,False,PATROL_NAVIGATING mode=AUTO nav_goal=PATROL,AUTO,0.120,0.000,0.569,-0.000,False,False,False
4.900,bird_confirmed,False,PATROL_NAVIGATING mode=AUTO nav_goal=PATROL,AUTO,0.120,0.000,0.580,-0.000,False,False,False
4.900,classification,WAITING_DYNAMIC_LOCK,PATROL_NAVIGATING mode=AUTO nav_goal=PATROL,AUTO,0.120,0.000,0.580,-0.000,False,False,False
5.000,mission_state,PATROL_NAVIGATING mode=AUTO nav_goal=PATROL,PATROL_NAVIGATING mode=AUTO nav_goal=PATROL,AUTO,0.120,0.000,0.599,-0.000,False,False,False
5.000,classification,WAITING_DYNAMIC_LOCK,PATROL_NAVIGATING mode=AUTO nav_goal=PATROL,AUTO,0.120,0.000,0.599,-0.000,False,False,False
5.000,bird_confirmed,False,PATROL_NAVIGATING mode=AUTO nav_goal=PATROL,AUTO,0.120,0.000,0.599,-0.000,False,False,False
5.000,sound_state,IDLE_NO_REQUEST,PATROL_NAVIGATING mode=AUTO nav_goal=PATROL,AUTO,0.120,0.000,0.599,-0.000,False,False,False
5.000,sound_done,False,PATROL_NAVIGATING mode=AUTO nav_goal=PATROL,AUTO,0.120,0.000,0.599,-0.000,False,False,False
5.000,dynamic_lock,False,PATROL_NAVIGATING mode=AUTO nav_goal=PATROL,AUTO,0.120,0.000,0.601,-0.000,False,False,False
5.100,classification,WAITING_DYNAMIC_LOCK,PATROL_NAVIGATING mode=AUTO nav_goal=PATROL,AUTO,0.120,0.000,0.620,-0.000,False,False,False
5.100,bird_confirmed,False,PATROL_NAVIGATING mode=AUTO nav_goal=PATROL,AUTO,0.120,0.000,0.620,-0.000,False,False,False
5.200,mission_state,PATROL_NAVIGATING mode=AUTO nav_goal=PATROL,PATROL_NAVIGATING mode=AUTO nav_goal=PATROL,AUTO,0.120,0.000,0.638,-0.000,False,False,False
5.200,dynamic_lock,False,PATROL_NAVIGATING mode=AUTO nav_goal=PATROL,AUTO,0.120,0.000,0.638,-0.000,False,False,False
5.200,classification,WAITING_DYNAMIC_LOCK,PATROL_NAVIGATING mode=AUTO nav_goal=PATROL,AUTO,0.120,0.000,0.638,-0.000,False,False,False
5.200,bird_confirmed,False,PATROL_NAVIGATING mode=AUTO nav_goal=PATROL,AUTO,0.120,0.000,0.638,-0.000,False,False,False
5.200,sound_state,IDLE_NO_REQUEST,PATROL_NAVIGATING mode=AUTO nav_goal=PATROL,AUTO,0.120,0.000,0.638,-0.000,False,False,False
5.200,sound_done,False,PATROL_NAVIGATING mode=AUTO nav_goal=PATROL,AUTO,0.120,0.000,0.638,-0.000,False,False,False
5.300,classification,WAITING_DYNAMIC_LOCK,PATROL_NAVIGATING mode=AUTO nav_goal=PATROL,AUTO,0.120,0.000,0.657,-0.000,False,False,False
5.300,bird_confirmed,False,PATROL_NAVIGATING mode=AUTO nav_goal=PATROL,AUTO,0.120,0.000,0.657,-0.000,False,False,False
5.400,bird_confirmed,False,PATROL_NAVIGATING mode=AUTO nav_goal=PATROL,AUTO,0.120,0.000,0.676,-0.000,False,False,False
5.400,sound_state,IDLE_NO_REQUEST,PATROL_NAVIGATING mode=AUTO nav_goal=PATROL,AUTO,0.120,0.000,0.676,-0.000,False,False,False
5.400,sound_done,False,PATROL_NAVIGATING mode=AUTO nav_goal=PATROL,AUTO,0.120,0.000,0.676,-0.000,False,False,False
5.400,dynamic_lock,False,PATROL_NAVIGATING mode=AUTO nav_goal=PATROL,AUTO,0.120,0.000,0.676,-0.000,False,False,False
5.400,classification,WAITING_DYNAMIC_LOCK,PATROL_NAVIGATING mode=AUTO nav_goal=PATROL,AUTO,0.120,0.000,0.676,-0.000,False,False,False
5.400,mission_state,PATROL_NAVIGATING mode=AUTO nav_goal=PATROL,PATROL_NAVIGATING mode=AUTO nav_goal=PATROL,AUTO,0.120,0.000,0.678,-0.000,False,False,False
5.500,classification,WAITING_DYNAMIC_LOCK,PATROL_NAVIGATING mode=AUTO nav_goal=PATROL,AUTO,0.120,0.000,0.695,-0.000,False,False,False
5.500,bird_confirmed,False,PATROL_NAVIGATING mode=AUTO nav_goal=PATROL,AUTO,0.120,0.000,0.695,-0.000,False,False,False
5.600,dynamic_lock,False,PATROL_NAVIGATING mode=AUTO nav_goal=PATROL,AUTO,0.120,0.000,0.714,-0.000,False,False,False
5.600,classification,WAITING_DYNAMIC_LOCK,PATROL_NAVIGATING mode=AUTO nav_goal=PATROL,AUTO,0.120,0.000,0.714,-0.000,False,False,False
5.600,bird_confirmed,False,PATROL_NAVIGATING mode=AUTO nav_goal=PATROL,AUTO,0.120,0.000,0.714,-0.000,False,False,False
5.600,mission_state,PATROL_NAVIGATING mode=AUTO nav_goal=PATROL,PATROL_NAVIGATING mode=AUTO nav_goal=PATROL,AUTO,0.120,0.000,0.714,-0.000,False,False,False
5.600,sound_state,IDLE_NO_REQUEST,PATROL_NAVIGATING mode=AUTO nav_goal=PATROL,AUTO,0.120,0.000,0.716,-0.000,False,False,False
5.600,sound_done,False,PATROL_NAVIGATING mode=AUTO nav_goal=PATROL,AUTO,0.120,0.000,0.716,-0.000,False,False,False
5.700,classification,WAITING_DYNAMIC_LOCK,PATROL_NAVIGATING mode=AUTO nav_goal=PATROL,AUTO,0.120,0.000,0.733,-0.000,False,False,False
5.700,bird_confirmed,False,PATROL_NAVIGATING mode=AUTO nav_goal=PATROL,AUTO,0.120,0.000,0.733,-0.000,False,False,False
5.800,mission_state,PATROL_NAVIGATING mode=AUTO nav_goal=PATROL,PATROL_NAVIGATING mode=AUTO nav_goal=PATROL,AUTO,0.120,0.000,0.753,-0.000,False,False,False
5.800,dynamic_lock,False,PATROL_NAVIGATING mode=AUTO nav_goal=PATROL,AUTO,0.120,0.000,0.753,-0.000,False,False,False
5.800,classification,WAITING_DYNAMIC_LOCK,PATROL_NAVIGATING mode=AUTO nav_goal=PATROL,AUTO,0.120,0.000,0.753,-0.000,False,False,False
5.800,bird_confirmed,False,PATROL_NAVIGATING mode=AUTO nav_goal=PATROL,AUTO,0.120,0.000,0.753,-0.000,False,False,False
5.800,sound_state,IDLE_NO_REQUEST,PATROL_NAVIGATING mode=AUTO nav_goal=PATROL,AUTO,0.120,0.000,0.753,-0.000,False,False,False
5.800,sound_done,False,PATROL_NAVIGATING mode=AUTO nav_goal=PATROL,AUTO,0.120,0.000,0.753,-0.000,False,False,False
5.800,mission_event,timestamp=5.800 mission_id=0 target_mission_id=0 state=PATROL_NAVIGATING event_type=SIM_NAV_GOAL_ARRIVED reason=PATROL waypoint_index=0,PATROL_NAVIGATING mode=AUTO nav_goal=PATROL,AUTO,0.120,0.001,0.755,-0.000,False,False,False
5.800,mission_event,timestamp=5.800 mission_id=0 target_mission_id=0 state=PATROL_NAVIGATING event_type=NAV2_GOAL_SUCCEEDED reason=PATROL waypoint_index=0,PATROL_NAVIGATING mode=AUTO nav_goal=PATROL,AUTO,0.120,0.001,0.755,-0.000,False,False,False
5.800,mission_event,timestamp=5.800 mission_id=0 target_mission_id=0 state=PATROL_DWELL event_type=STATE_CHANGE reason=previous=PATROL_NAVIGATING next=PATROL_DWELL reason=inside_a waypoint_index=0,PATROL_NAVIGATING mode=AUTO nav_goal=PATROL,AUTO,0.120,0.001,0.755,-0.000,False,False,False
5.900,classification,WAITING_DYNAMIC_LOCK,PATROL_NAVIGATING mode=AUTO nav_goal=PATROL,AUTO,0.120,0.001,0.774,-0.000,False,False,False
5.900,bird_confirmed,False,PATROL_NAVIGATING mode=AUTO nav_goal=PATROL,AUTO,0.120,0.001,0.774,-0.000,False,False,False
6.000,sound_done,False,PATROL_NAVIGATING mode=AUTO nav_goal=PATROL,AUTO,0.120,0.001,0.791,-0.000,False,False,False
6.000,sound_state,IDLE_NO_REQUEST,PATROL_NAVIGATING mode=AUTO nav_goal=PATROL,AUTO,0.040,0.000,0.791,-0.000,False,False,False
6.000,dynamic_lock,False,PATROL_NAVIGATING mode=AUTO nav_goal=PATROL,AUTO,0.000,0.000,0.793,-0.000,False,False,False
6.000,classification,WAITING_DYNAMIC_LOCK,PATROL_NAVIGATING mode=AUTO nav_goal=PATROL,AUTO,0.000,0.000,0.793,-0.000,False,False,False
6.000,bird_confirmed,False,PATROL_NAVIGATING mode=AUTO nav_goal=PATROL,AUTO,0.000,0.000,0.793,-0.000,False,False,False
6.000,mission_state,PATROL_DWELL mode=AUTO nav_goal=NONE,PATROL_DWELL mode=AUTO nav_goal=NONE,AUTO,0.000,0.000,0.793,-0.000,False,False,False
6.100,bird_confirmed,False,PATROL_DWELL mode=AUTO nav_goal=NONE,AUTO,0.000,0.000,0.802,-0.000,False,False,False
6.100,classification,WAITING_DYNAMIC_LOCK,PATROL_DWELL mode=AUTO nav_goal=NONE,AUTO,0.000,0.000,0.802,-0.000,False,False,False
6.200,mission_state,PATROL_DWELL mode=AUTO nav_goal=NONE,PATROL_DWELL mode=AUTO nav_goal=NONE,AUTO,0.000,0.000,0.802,-0.000,False,False,False
6.200,dynamic_lock,False,PATROL_DWELL mode=AUTO nav_goal=NONE,AUTO,0.000,0.000,0.802,-0.000,False,False,False
6.200,classification,WAITING_DYNAMIC_LOCK,PATROL_DWELL mode=AUTO nav_goal=NONE,AUTO,0.000,0.000,0.802,-0.000,False,False,False
6.200,bird_confirmed,False,PATROL_DWELL mode=AUTO nav_goal=NONE,AUTO,0.000,0.000,0.802,-0.000,False,False,False
6.200,sound_state,IDLE_NO_REQUEST,PATROL_DWELL mode=AUTO nav_goal=NONE,AUTO,0.000,0.000,0.802,-0.000,False,False,False
6.200,sound_done,False,PATROL_DWELL mode=AUTO nav_goal=NONE,AUTO,0.000,0.000,0.802,-0.000,False,False,False
6.300,classification,WAITING_DYNAMIC_LOCK,PATROL_DWELL mode=AUTO nav_goal=NONE,AUTO,0.000,0.000,0.802,-0.000,False,False,False
6.300,bird_confirmed,False,PATROL_DWELL mode=AUTO nav_goal=NONE,AUTO,0.000,0.000,0.802,-0.000,False,False,False
6.400,sound_state,IDLE_NO_REQUEST,PATROL_DWELL mode=AUTO nav_goal=NONE,AUTO,0.000,0.000,0.802,-0.000,False,False,False
6.400,sound_done,False,PATROL_DWELL mode=AUTO nav_goal=NONE,AUTO,0.000,0.000,0.802,-0.000,False,False,False
6.400,mission_state,PATROL_DWELL mode=AUTO nav_goal=NONE,PATROL_DWELL mode=AUTO nav_goal=NONE,AUTO,0.000,0.000,0.802,-0.000,False,False,False
6.400,dynamic_lock,False,PATROL_DWELL mode=AUTO nav_goal=NONE,AUTO,0.000,0.000,0.802,-0.000,False,False,False
6.400,classification,WAITING_DYNAMIC_LOCK,PATROL_DWELL mode=AUTO nav_goal=NONE,AUTO,0.000,0.000,0.802,-0.000,False,False,False
6.400,bird_confirmed,False,PATROL_DWELL mode=AUTO nav_goal=NONE,AUTO,0.000,0.000,0.802,-0.000,False,False,False
6.400,mission_event,timestamp=6.400 mission_id=0 target_mission_id=0 state=RESUME_PATROL event_type=STATE_CHANGE reason=previous=PATROL_DWELL next=RESUME_PATROL reason=next_index=1 waypoint_index=1,PATROL_DWELL mode=AUTO nav_goal=NONE,AUTO,0.000,0.000,0.802,-0.000,False,False,False
6.500,classification,WAITING_DYNAMIC_LOCK,PATROL_DWELL mode=AUTO nav_goal=NONE,AUTO,0.000,0.000,0.802,-0.000,False,False,False
6.500,bird_confirmed,False,PATROL_DWELL mode=AUTO nav_goal=NONE,AUTO,0.000,0.000,0.802,-0.000,False,False,False
6.600,sound_state,IDLE_NO_REQUEST,PATROL_DWELL mode=AUTO nav_goal=NONE,AUTO,0.000,0.000,0.802,-0.000,False,False,False
6.600,sound_done,False,PATROL_DWELL mode=AUTO nav_goal=NONE,AUTO,0.000,0.000,0.802,-0.000,False,False,False
6.600,classification,WAITING_DYNAMIC_LOCK,PATROL_DWELL mode=AUTO nav_goal=NONE,AUTO,0.000,0.000,0.802,-0.000,False,False,False
6.600,bird_confirmed,False,PATROL_DWELL mode=AUTO nav_goal=NONE,AUTO,0.000,0.000,0.802,-0.000,False,False,False
6.600,mission_state,RESUME_PATROL mode=AUTO nav_goal=NONE,RESUME_PATROL mode=AUTO nav_goal=NONE,AUTO,0.000,0.000,0.802,-0.000,False,False,False
6.600,dynamic_lock,False,RESUME_PATROL mode=AUTO nav_goal=NONE,AUTO,0.000,0.000,0.802,-0.000,False,False,False
6.600,mission_event,timestamp=6.600 mission_id=0 target_mission_id=0 state=PATROL_NAVIGATING event_type=STATE_CHANGE reason=previous=RESUME_PATROL next=PATROL_NAVIGATING reason=goal_type=PATROL waypoint_index=1,RESUME_PATROL mode=AUTO nav_goal=NONE,AUTO,0.000,0.000,0.802,-0.000,False,False,False
6.600,mission_event,timestamp=6.600 mission_id=0 target_mission_id=0 state=PATROL_NAVIGATING event_type=NAV2_DISABLED_SIMULATED_GOAL reason=PATROL waypoint_index=1,RESUME_PATROL mode=AUTO nav_goal=NONE,AUTO,0.000,0.000,0.802,-0.000,False,False,False
6.700,classification,WAITING_DYNAMIC_LOCK,RESUME_PATROL mode=AUTO nav_goal=NONE,AUTO,0.000,0.000,0.802,-0.000,False,False,False
6.700,bird_confirmed,False,RESUME_PATROL mode=AUTO nav_goal=NONE,AUTO,0.000,0.000,0.802,-0.000,False,False,False
6.800,sound_state,IDLE_NO_REQUEST,RESUME_PATROL mode=AUTO nav_goal=NONE,AUTO,0.000,0.000,0.802,-0.000,False,False,False
6.800,sound_done,False,RESUME_PATROL mode=AUTO nav_goal=NONE,AUTO,0.000,0.000,0.802,-0.000,False,False,False
6.800,bird_confirmed,False,RESUME_PATROL mode=AUTO nav_goal=NONE,AUTO,0.000,0.000,0.802,-0.000,False,False,False
6.800,classification,WAITING_DYNAMIC_LOCK,RESUME_PATROL mode=AUTO nav_goal=NONE,AUTO,0.000,0.000,0.802,-0.000,False,False,False
6.800,mission_state,PATROL_NAVIGATING mode=AUTO nav_goal=PATROL,PATROL_NAVIGATING mode=AUTO nav_goal=PATROL,AUTO,0.000,0.000,0.802,-0.000,False,False,False
6.800,dynamic_lock,False,PATROL_NAVIGATING mode=AUTO nav_goal=PATROL,AUTO,0.000,0.000,0.802,-0.000,False,False,False
6.900,classification,WAITING_DYNAMIC_LOCK,PATROL_NAVIGATING mode=AUTO nav_goal=PATROL,AUTO,0.000,0.000,0.802,-0.000,False,False,False
6.900,bird_confirmed,False,PATROL_NAVIGATING mode=AUTO nav_goal=PATROL,AUTO,0.000,0.000,0.802,-0.000,False,False,False
7.000,dynamic_lock,False,PATROL_NAVIGATING mode=AUTO nav_goal=PATROL,AUTO,0.120,0.000,0.810,-0.000,False,False,False
7.000,classification,WAITING_DYNAMIC_LOCK,PATROL_NAVIGATING mode=AUTO nav_goal=PATROL,AUTO,0.120,0.000,0.810,-0.000,False,False,False
7.000,bird_confirmed,False,PATROL_NAVIGATING mode=AUTO nav_goal=PATROL,AUTO,0.120,0.000,0.810,-0.000,False,False,False
7.000,sound_state,IDLE_NO_REQUEST,PATROL_NAVIGATING mode=AUTO nav_goal=PATROL,AUTO,0.120,0.000,0.810,-0.000,False,False,False
7.000,sound_done,False,PATROL_NAVIGATING mode=AUTO nav_goal=PATROL,AUTO,0.120,0.000,0.810,-0.000,False,False,False
7.000,mission_state,PATROL_NAVIGATING mode=AUTO nav_goal=PATROL,PATROL_NAVIGATING mode=AUTO nav_goal=PATROL,AUTO,0.120,0.000,0.812,-0.000,False,False,False
7.100,classification,WAITING_DYNAMIC_LOCK,PATROL_NAVIGATING mode=AUTO nav_goal=PATROL,AUTO,0.120,0.000,0.829,-0.000,False,False,False
7.100,bird_confirmed,False,PATROL_NAVIGATING mode=AUTO nav_goal=PATROL,AUTO,0.120,0.000,0.829,-0.000,False,False,False
7.200,sound_state,IDLE_NO_REQUEST,PATROL_NAVIGATING mode=AUTO nav_goal=PATROL,AUTO,0.120,0.000,0.848,-0.000,False,False,False
7.200,sound_done,False,PATROL_NAVIGATING mode=AUTO nav_goal=PATROL,AUTO,0.120,0.000,0.848,-0.000,False,False,False
7.200,dynamic_lock,False,PATROL_NAVIGATING mode=AUTO nav_goal=PATROL,AUTO,0.120,0.000,0.848,-0.000,False,False,False
7.200,classification,WAITING_DYNAMIC_LOCK,PATROL_NAVIGATING mode=AUTO nav_goal=PATROL,AUTO,0.120,0.000,0.848,-0.000,False,False,False
7.200,bird_confirmed,False,PATROL_NAVIGATING mode=AUTO nav_goal=PATROL,AUTO,0.120,0.000,0.848,-0.000,False,False,False
7.200,mission_state,PATROL_NAVIGATING mode=AUTO nav_goal=PATROL,PATROL_NAVIGATING mode=AUTO nav_goal=PATROL,AUTO,0.120,0.000,0.850,-0.000,False,False,False
7.300,classification,WAITING_DYNAMIC_LOCK,PATROL_NAVIGATING mode=AUTO nav_goal=PATROL,AUTO,0.120,0.000,0.867,-0.000,False,False,False
7.300,bird_confirmed,False,PATROL_NAVIGATING mode=AUTO nav_goal=PATROL,AUTO,0.120,0.000,0.867,-0.000,False,False,False
7.400,mission_state,PATROL_NAVIGATING mode=AUTO nav_goal=PATROL,PATROL_NAVIGATING mode=AUTO nav_goal=PATROL,AUTO,0.120,0.000,0.887,-0.000,False,False,False
7.400,dynamic_lock,False,PATROL_NAVIGATING mode=AUTO nav_goal=PATROL,AUTO,0.120,0.000,0.887,-0.000,False,False,False
7.400,classification,WAITING_DYNAMIC_LOCK,PATROL_NAVIGATING mode=AUTO nav_goal=PATROL,AUTO,0.120,0.000,0.887,-0.000,False,False,False
7.400,bird_confirmed,False,PATROL_NAVIGATING mode=AUTO nav_goal=PATROL,AUTO,0.120,0.000,0.887,-0.000,False,False,False
7.400,sound_state,IDLE_NO_REQUEST,PATROL_NAVIGATING mode=AUTO nav_goal=PATROL,AUTO,0.120,0.000,0.887,-0.000,False,False,False
7.400,sound_done,False,PATROL_NAVIGATING mode=AUTO nav_goal=PATROL,AUTO,0.120,0.000,0.887,-0.000,False,False,False
7.500,bird_confirmed,False,PATROL_NAVIGATING mode=AUTO nav_goal=PATROL,AUTO,0.120,0.000,0.908,-0.000,False,False,False
7.500,classification,WAITING_DYNAMIC_LOCK,PATROL_NAVIGATING mode=AUTO nav_goal=PATROL,AUTO,0.120,0.000,0.908,-0.000,False,False,False
7.600,bird_confirmed,False,PATROL_NAVIGATING mode=AUTO nav_goal=PATROL,AUTO,0.120,0.000,0.925,-0.000,False,False,False
7.600,mission_state,PATROL_NAVIGATING mode=AUTO nav_goal=PATROL,PATROL_NAVIGATING mode=AUTO nav_goal=PATROL,AUTO,0.120,0.000,0.925,-0.000,False,False,False
7.600,classification,WAITING_DYNAMIC_LOCK,PATROL_NAVIGATING mode=AUTO nav_goal=PATROL,AUTO,0.120,0.000,0.925,-0.000,False,False,False
7.600,sound_state,IDLE_NO_REQUEST,PATROL_NAVIGATING mode=AUTO nav_goal=PATROL,AUTO,0.120,0.000,0.925,-0.000,False,False,False
7.600,sound_done,False,PATROL_NAVIGATING mode=AUTO nav_goal=PATROL,AUTO,0.120,0.000,0.925,-0.000,False,False,False
7.600,dynamic_lock,False,PATROL_NAVIGATING mode=AUTO nav_goal=PATROL,AUTO,0.120,0.000,0.940,-0.000,False,False,False
7.700,bird_confirmed,False,PATROL_NAVIGATING mode=AUTO nav_goal=PATROL,AUTO,0.120,0.000,0.944,-0.000,False,False,False
7.700,classification,WAITING_DYNAMIC_LOCK,PATROL_NAVIGATING mode=AUTO nav_goal=PATROL,AUTO,0.120,0.000,0.944,-0.000,False,False,False
7.800,classification,WAITING_DYNAMIC_LOCK,PATROL_NAVIGATING mode=AUTO nav_goal=PATROL,AUTO,0.120,0.000,0.963,-0.000,False,False,False
7.800,bird_confirmed,False,PATROL_NAVIGATING mode=AUTO nav_goal=PATROL,AUTO,0.120,0.000,0.963,-0.000,False,False,False
7.800,sound_state,IDLE_NO_REQUEST,PATROL_NAVIGATING mode=AUTO nav_goal=PATROL,AUTO,0.120,0.000,0.963,-0.000,False,False,False
7.800,sound_done,False,PATROL_NAVIGATING mode=AUTO nav_goal=PATROL,AUTO,0.120,0.000,0.963,-0.000,False,False,False
7.800,mission_state,PATROL_NAVIGATING mode=AUTO nav_goal=PATROL,PATROL_NAVIGATING mode=AUTO nav_goal=PATROL,AUTO,0.120,0.000,0.965,-0.000,False,False,False
7.800,dynamic_lock,False,PATROL_NAVIGATING mode=AUTO nav_goal=PATROL,AUTO,0.120,0.000,0.975,-0.000,False,False,False
7.900,classification,WAITING_DYNAMIC_LOCK,PATROL_NAVIGATING mode=AUTO nav_goal=PATROL,AUTO,0.120,0.000,0.985,-0.000,False,False,False
7.900,bird_confirmed,False,PATROL_NAVIGATING mode=AUTO nav_goal=PATROL,AUTO,0.120,0.000,0.985,-0.000,False,False,False
8.000,sound_state,IDLE_NO_REQUEST,PATROL_NAVIGATING mode=AUTO nav_goal=PATROL,AUTO,0.120,-0.000,1.002,-0.000,False,False,False
8.000,sound_done,False,PATROL_NAVIGATING mode=AUTO nav_goal=PATROL,AUTO,0.120,-0.000,1.002,-0.000,False,False,False
8.000,dynamic_lock,False,PATROL_NAVIGATING mode=AUTO nav_goal=PATROL,AUTO,0.120,-0.000,1.004,-0.000,False,False,False
8.000,classification,WAITING_DYNAMIC_LOCK,PATROL_NAVIGATING mode=AUTO nav_goal=PATROL,AUTO,0.120,-0.000,1.004,-0.000,False,False,False
8.000,bird_confirmed,False,PATROL_NAVIGATING mode=AUTO nav_goal=PATROL,AUTO,0.120,-0.000,1.004,-0.000,False,False,False
8.000,mission_state,PATROL_NAVIGATING mode=AUTO nav_goal=PATROL,PATROL_NAVIGATING mode=AUTO nav_goal=PATROL,AUTO,0.120,-0.000,1.004,-0.000,False,False,False
8.100,bird_confirmed,False,PATROL_NAVIGATING mode=AUTO nav_goal=PATROL,AUTO,0.120,-0.000,1.021,-0.000,False,False,False
8.100,classification,WAITING_DYNAMIC_LOCK,PATROL_NAVIGATING mode=AUTO nav_goal=PATROL,AUTO,0.120,0.000,1.021,-0.000,False,False,False
8.200,sound_state,IDLE_NO_REQUEST,PATROL_NAVIGATING mode=AUTO nav_goal=PATROL,AUTO,0.120,0.000,1.040,-0.000,False,False,False
8.200,sound_done,False,PATROL_NAVIGATING mode=AUTO nav_goal=PATROL,AUTO,0.120,0.000,1.040,-0.000,False,False,False
8.200,mission_state,PATROL_NAVIGATING mode=AUTO nav_goal=PATROL,PATROL_NAVIGATING mode=AUTO nav_goal=PATROL,AUTO,0.120,-0.000,1.040,-0.000,False,False,False
8.200,classification,WAITING_DYNAMIC_LOCK,PATROL_NAVIGATING mode=AUTO nav_goal=PATROL,AUTO,0.120,-0.000,1.040,-0.000,False,False,False
8.200,bird_confirmed,False,PATROL_NAVIGATING mode=AUTO nav_goal=PATROL,AUTO,0.120,-0.000,1.040,-0.000,False,False,False
8.200,dynamic_lock,False,PATROL_NAVIGATING mode=AUTO nav_goal=PATROL,AUTO,0.120,-0.000,1.046,-0.000,False,False,False
8.300,classification,WAITING_DYNAMIC_LOCK,PATROL_NAVIGATING mode=AUTO nav_goal=PATROL,AUTO,0.120,-0.000,1.059,-0.000,False,False,False
8.300,bird_confirmed,False,PATROL_NAVIGATING mode=AUTO nav_goal=PATROL,AUTO,0.120,-0.000,1.059,-0.000,False,False,False
8.400,mission_state,PATROL_NAVIGATING mode=AUTO nav_goal=PATROL,PATROL_NAVIGATING mode=AUTO nav_goal=PATROL,AUTO,0.120,0.000,1.079,-0.000,False,False,False
8.400,sound_state,IDLE_NO_REQUEST,PATROL_NAVIGATING mode=AUTO nav_goal=PATROL,AUTO,0.120,0.000,1.079,-0.000,False,False,False
8.400,sound_done,False,PATROL_NAVIGATING mode=AUTO nav_goal=PATROL,AUTO,0.120,0.000,1.079,-0.000,False,False,False
8.400,classification,WAITING_DYNAMIC_LOCK,PATROL_NAVIGATING mode=AUTO nav_goal=PATROL,AUTO,0.120,0.000,1.080,-0.000,False,False,False
8.400,bird_confirmed,False,PATROL_NAVIGATING mode=AUTO nav_goal=PATROL,AUTO,0.120,0.000,1.080,-0.000,False,False,False
8.400,dynamic_lock,False,PATROL_NAVIGATING mode=AUTO nav_goal=PATROL,AUTO,0.120,0.000,1.082,-0.000,False,False,False
8.500,classification,WAITING_DYNAMIC_LOCK,PATROL_NAVIGATING mode=AUTO nav_goal=PATROL,AUTO,0.120,0.000,1.098,-0.000,False,False,False
8.500,bird_confirmed,False,PATROL_NAVIGATING mode=AUTO nav_goal=PATROL,AUTO,0.120,0.000,1.098,-0.000,False,False,False
8.600,classification,WAITING_DYNAMIC_LOCK,PATROL_NAVIGATING mode=AUTO nav_goal=PATROL,AUTO,0.120,-0.000,1.117,0.000,False,False,False
8.600,bird_confirmed,False,PATROL_NAVIGATING mode=AUTO nav_goal=PATROL,AUTO,0.120,-0.000,1.117,0.000,False,False,False
8.600,sound_state,IDLE_NO_REQUEST,PATROL_NAVIGATING mode=AUTO nav_goal=PATROL,AUTO,0.120,-0.000,1.117,0.000,False,False,False
8.600,sound_done,False,PATROL_NAVIGATING mode=AUTO nav_goal=PATROL,AUTO,0.120,-0.000,1.117,0.000,False,False,False
8.600,mission_state,PATROL_NAVIGATING mode=AUTO nav_goal=PATROL,PATROL_NAVIGATING mode=AUTO nav_goal=PATROL,AUTO,0.120,-0.000,1.119,0.000,False,False,False
8.600,dynamic_lock,False,PATROL_NAVIGATING mode=AUTO nav_goal=PATROL,AUTO,0.120,-0.000,1.119,0.000,False,False,False
8.700,classification,WAITING_DYNAMIC_LOCK,PATROL_NAVIGATING mode=AUTO nav_goal=PATROL,AUTO,0.120,-0.000,1.136,0.000,False,False,False
8.700,bird_confirmed,False,PATROL_NAVIGATING mode=AUTO nav_goal=PATROL,AUTO,0.120,-0.000,1.136,0.000,False,False,False
8.800,dynamic_lock,False,PATROL_NAVIGATING mode=AUTO nav_goal=PATROL,AUTO,0.120,-0.000,1.155,0.000,False,False,False
8.800,classification,WAITING_DYNAMIC_LOCK,PATROL_NAVIGATING mode=AUTO nav_goal=PATROL,AUTO,0.120,-0.000,1.155,0.000,False,False,False
8.800,bird_confirmed,False,PATROL_NAVIGATING mode=AUTO nav_goal=PATROL,AUTO,0.120,-0.000,1.155,0.000,False,False,False
8.800,sound_state,IDLE_NO_REQUEST,PATROL_NAVIGATING mode=AUTO nav_goal=PATROL,AUTO,0.120,-0.000,1.155,0.000,False,False,False
8.800,sound_done,False,PATROL_NAVIGATING mode=AUTO nav_goal=PATROL,AUTO,0.120,-0.000,1.155,0.000,False,False,False
8.800,mission_state,PATROL_NAVIGATING mode=AUTO nav_goal=PATROL,PATROL_NAVIGATING mode=AUTO nav_goal=PATROL,AUTO,0.120,-0.000,1.155,0.000,False,False,False
8.900,classification,WAITING_DYNAMIC_LOCK,PATROL_NAVIGATING mode=AUTO nav_goal=PATROL,AUTO,0.120,-0.000,1.174,0.000,False,False,False
8.900,bird_confirmed,False,PATROL_NAVIGATING mode=AUTO nav_goal=PATROL,AUTO,0.120,-0.000,1.174,0.000,False,False,False
9.000,dynamic_lock,False,PATROL_NAVIGATING mode=AUTO nav_goal=PATROL,AUTO,0.120,-0.000,1.194,0.000,False,False,False
9.000,classification,WAITING_DYNAMIC_LOCK,PATROL_NAVIGATING mode=AUTO nav_goal=PATROL,AUTO,0.120,-0.000,1.194,0.000,False,False,False
9.000,bird_confirmed,False,PATROL_NAVIGATING mode=AUTO nav_goal=PATROL,AUTO,0.120,-0.000,1.194,0.000,False,False,False
9.000,sound_state,IDLE_NO_REQUEST,PATROL_NAVIGATING mode=AUTO nav_goal=PATROL,AUTO,0.120,-0.000,1.194,0.000,False,False,False
9.000,sound_done,False,PATROL_NAVIGATING mode=AUTO nav_goal=PATROL,AUTO,0.120,-0.000,1.194,0.000,False,False,False
9.000,mission_state,PATROL_NAVIGATING mode=AUTO nav_goal=PATROL,PATROL_NAVIGATING mode=AUTO nav_goal=PATROL,AUTO,0.120,-0.000,1.196,0.000,False,False,False
9.100,classification,WAITING_DYNAMIC_LOCK,PATROL_NAVIGATING mode=AUTO nav_goal=PATROL,AUTO,0.120,-0.000,1.213,0.000,False,False,False
9.100,bird_confirmed,False,PATROL_NAVIGATING mode=AUTO nav_goal=PATROL,AUTO,0.120,-0.000,1.213,0.000,False,False,False
9.200,sound_state,IDLE_NO_REQUEST,PATROL_NAVIGATING mode=AUTO nav_goal=PATROL,AUTO,0.120,-0.000,1.232,0.000,False,False,False
9.200,sound_done,False,PATROL_NAVIGATING mode=AUTO nav_goal=PATROL,AUTO,0.120,-0.000,1.232,0.000,False,False,False
9.200,dynamic_lock,False,PATROL_NAVIGATING mode=AUTO nav_goal=PATROL,AUTO,0.120,-0.000,1.232,0.000,False,False,False
9.200,classification,WAITING_DYNAMIC_LOCK,PATROL_NAVIGATING mode=AUTO nav_goal=PATROL,AUTO,0.120,-0.000,1.232,0.000,False,False,False
9.200,bird_confirmed,False,PATROL_NAVIGATING mode=AUTO nav_goal=PATROL,AUTO,0.120,-0.000,1.232,0.000,False,False,False
9.200,mission_state,PATROL_NAVIGATING mode=AUTO nav_goal=PATROL,PATROL_NAVIGATING mode=AUTO nav_goal=PATROL,AUTO,0.120,-0.000,1.234,0.000,False,False,False
9.300,bird_confirmed,False,PATROL_NAVIGATING mode=AUTO nav_goal=PATROL,AUTO,0.120,-0.000,1.253,0.000,False,False,False
9.300,classification,WAITING_DYNAMIC_LOCK,PATROL_NAVIGATING mode=AUTO nav_goal=PATROL,AUTO,0.120,-0.000,1.253,0.000,False,False,False
9.400,sound_state,IDLE_NO_REQUEST,PATROL_NAVIGATING mode=AUTO nav_goal=PATROL,AUTO,0.120,-0.000,1.270,0.000,False,False,False
9.400,sound_done,False,PATROL_NAVIGATING mode=AUTO nav_goal=PATROL,AUTO,0.120,-0.000,1.270,0.000,False,False,False
9.400,classification,WAITING_DYNAMIC_LOCK,PATROL_NAVIGATING mode=AUTO nav_goal=PATROL,AUTO,0.120,-0.000,1.270,0.000,False,False,False
9.400,bird_confirmed,False,PATROL_NAVIGATING mode=AUTO nav_goal=PATROL,AUTO,0.120,-0.000,1.270,0.000,False,False,False
9.400,mission_state,PATROL_NAVIGATING mode=AUTO nav_goal=PATROL,PATROL_NAVIGATING mode=AUTO nav_goal=PATROL,AUTO,0.120,-0.000,1.270,0.000,False,False,False
9.400,dynamic_lock,False,PATROL_NAVIGATING mode=AUTO nav_goal=PATROL,AUTO,0.120,-0.000,1.270,0.000,False,False,False
9.500,classification,WAITING_DYNAMIC_LOCK,PATROL_NAVIGATING mode=AUTO nav_goal=PATROL,AUTO,0.120,-0.000,1.290,0.000,False,False,False
9.500,bird_confirmed,False,PATROL_NAVIGATING mode=AUTO nav_goal=PATROL,AUTO,0.120,-0.000,1.290,0.000,False,False,False
9.600,dynamic_lock,False,PATROL_NAVIGATING mode=AUTO nav_goal=PATROL,AUTO,0.120,-0.000,1.309,0.000,False,False,False
9.600,mission_state,PATROL_NAVIGATING mode=AUTO nav_goal=PATROL,PATROL_NAVIGATING mode=AUTO nav_goal=PATROL,AUTO,0.120,-0.000,1.309,0.000,False,False,False
9.600,classification,WAITING_DYNAMIC_LOCK,PATROL_NAVIGATING mode=AUTO nav_goal=PATROL,AUTO,0.120,-0.000,1.309,0.000,False,False,False
9.600,bird_confirmed,False,PATROL_NAVIGATING mode=AUTO nav_goal=PATROL,AUTO,0.120,-0.000,1.309,0.000,False,False,False
9.600,sound_state,IDLE_NO_REQUEST,PATROL_NAVIGATING mode=AUTO nav_goal=PATROL,AUTO,0.120,-0.000,1.309,0.000,False,False,False
9.600,sound_done,False,PATROL_NAVIGATING mode=AUTO nav_goal=PATROL,AUTO,0.120,-0.000,1.309,0.000,False,False,False
9.700,classification,WAITING_DYNAMIC_LOCK,PATROL_NAVIGATING mode=AUTO nav_goal=PATROL,AUTO,0.120,-0.000,1.328,0.000,False,False,False
9.700,bird_confirmed,False,PATROL_NAVIGATING mode=AUTO nav_goal=PATROL,AUTO,0.120,-0.000,1.328,0.000,False,False,False
9.800,sound_state,IDLE_NO_REQUEST,PATROL_NAVIGATING mode=AUTO nav_goal=PATROL,AUTO,0.120,-0.000,1.347,0.000,False,False,False
9.800,sound_done,False,PATROL_NAVIGATING mode=AUTO nav_goal=PATROL,AUTO,0.120,-0.000,1.347,0.000,False,False,False
9.800,classification,WAITING_DYNAMIC_LOCK,PATROL_NAVIGATING mode=AUTO nav_goal=PATROL,AUTO,0.120,-0.000,1.347,0.000,False,False,False
9.800,bird_confirmed,False,PATROL_NAVIGATING mode=AUTO nav_goal=PATROL,AUTO,0.120,-0.000,1.347,0.000,False,False,False
9.800,mission_state,PATROL_NAVIGATING mode=AUTO nav_goal=PATROL,PATROL_NAVIGATING mode=AUTO nav_goal=PATROL,AUTO,0.120,-0.000,1.349,0.000,False,False,False
9.800,dynamic_lock,False,PATROL_NAVIGATING mode=AUTO nav_goal=PATROL,AUTO,0.120,-0.000,1.349,0.000,False,False,False
9.900,classification,WAITING_DYNAMIC_LOCK,PATROL_NAVIGATING mode=AUTO nav_goal=PATROL,AUTO,0.120,-0.000,1.366,0.000,False,False,False
9.900,bird_confirmed,False,PATROL_NAVIGATING mode=AUTO nav_goal=PATROL,AUTO,0.120,-0.000,1.366,0.000,False,False,False
10.000,mission_state,PATROL_NAVIGATING mode=AUTO nav_goal=PATROL,PATROL_NAVIGATING mode=AUTO nav_goal=PATROL,AUTO,0.120,-0.000,1.386,0.000,False,False,False
10.000,classification,WAITING_DYNAMIC_LOCK,PATROL_NAVIGATING mode=AUTO nav_goal=PATROL,AUTO,0.120,-0.000,1.386,0.000,False,False,False
10.000,bird_confirmed,False,PATROL_NAVIGATING mode=AUTO nav_goal=PATROL,AUTO,0.120,-0.000,1.386,0.000,False,False,False
10.000,sound_state,IDLE_NO_REQUEST,PATROL_NAVIGATING mode=AUTO nav_goal=PATROL,AUTO,0.120,-0.000,1.386,0.000,False,False,False
10.000,sound_done,False,PATROL_NAVIGATING mode=AUTO nav_goal=PATROL,AUTO,0.120,-0.000,1.386,0.000,False,False,False
10.000,dynamic_lock,False,PATROL_NAVIGATING mode=AUTO nav_goal=PATROL,AUTO,0.120,-0.000,1.401,0.000,False,False,False
10.100,classification,WAITING_DYNAMIC_LOCK,PATROL_NAVIGATING mode=AUTO nav_goal=PATROL,AUTO,0.120,-0.000,1.405,0.000,False,False,False
10.100,bird_confirmed,False,PATROL_NAVIGATING mode=AUTO nav_goal=PATROL,AUTO,0.120,-0.000,1.405,0.000,False,False,False
10.200,sound_state,IDLE_NO_REQUEST,PATROL_NAVIGATING mode=AUTO nav_goal=PATROL,AUTO,0.120,-0.000,1.424,0.000,False,False,False
10.200,sound_done,False,PATROL_NAVIGATING mode=AUTO nav_goal=PATROL,AUTO,0.120,-0.000,1.424,0.000,False,False,False
10.200,classification,WAITING_DYNAMIC_LOCK,PATROL_NAVIGATING mode=AUTO nav_goal=PATROL,AUTO,0.120,-0.000,1.424,0.000,False,False,False
10.200,bird_confirmed,False,PATROL_NAVIGATING mode=AUTO nav_goal=PATROL,AUTO,0.120,-0.000,1.424,0.000,False,False,False
10.200,mission_state,PATROL_NAVIGATING mode=AUTO nav_goal=PATROL,PATROL_NAVIGATING mode=AUTO nav_goal=PATROL,AUTO,0.120,-0.000,1.424,0.000,False,False,False
10.200,dynamic_lock,False,PATROL_NAVIGATING mode=AUTO nav_goal=PATROL,AUTO,0.120,-0.000,1.435,0.000,False,False,False
10.300,bird_confirmed,False,PATROL_NAVIGATING mode=AUTO nav_goal=PATROL,AUTO,0.120,-0.000,1.443,0.000,False,False,False
10.300,classification,WAITING_DYNAMIC_LOCK,PATROL_NAVIGATING mode=AUTO nav_goal=PATROL,AUTO,0.120,-0.000,1.443,0.000,False,False,False
10.400,mission_state,PATROL_NAVIGATING mode=AUTO nav_goal=PATROL,PATROL_NAVIGATING mode=AUTO nav_goal=PATROL,AUTO,0.120,-0.000,1.462,0.000,False,False,False
10.400,classification,WAITING_DYNAMIC_LOCK,PATROL_NAVIGATING mode=AUTO nav_goal=PATROL,AUTO,0.120,-0.000,1.462,0.000,False,False,False
10.400,bird_confirmed,False,PATROL_NAVIGATING mode=AUTO nav_goal=PATROL,AUTO,0.120,-0.000,1.462,0.000,False,False,False
10.400,sound_state,IDLE_NO_REQUEST,PATROL_NAVIGATING mode=AUTO nav_goal=PATROL,AUTO,0.120,-0.000,1.462,0.000,False,False,False
10.400,sound_done,False,PATROL_NAVIGATING mode=AUTO nav_goal=PATROL,AUTO,0.120,-0.000,1.462,0.000,False,False,False
10.400,dynamic_lock,False,PATROL_NAVIGATING mode=AUTO nav_goal=PATROL,AUTO,0.120,-0.000,1.472,0.000,False,False,False
10.500,classification,WAITING_DYNAMIC_LOCK,PATROL_NAVIGATING mode=AUTO nav_goal=PATROL,AUTO,0.120,-0.000,1.482,0.000,False,False,False
10.500,bird_confirmed,False,PATROL_NAVIGATING mode=AUTO nav_goal=PATROL,AUTO,0.120,-0.000,1.482,0.000,False,False,False
10.600,classification,WAITING_DYNAMIC_LOCK,PATROL_NAVIGATING mode=AUTO nav_goal=PATROL,AUTO,0.120,-0.000,1.501,0.000,False,False,False
10.600,bird_confirmed,False,PATROL_NAVIGATING mode=AUTO nav_goal=PATROL,AUTO,0.120,-0.000,1.501,0.000,False,False,False
10.600,sound_state,IDLE_NO_REQUEST,PATROL_NAVIGATING mode=AUTO nav_goal=PATROL,AUTO,0.120,-0.000,1.501,0.000,False,False,False
10.600,sound_done,False,PATROL_NAVIGATING mode=AUTO nav_goal=PATROL,AUTO,0.120,-0.000,1.501,0.000,False,False,False
10.600,mission_state,PATROL_NAVIGATING mode=AUTO nav_goal=PATROL,PATROL_NAVIGATING mode=AUTO nav_goal=PATROL,AUTO,0.120,-0.000,1.501,0.000,False,False,False
10.600,dynamic_lock,False,PATROL_NAVIGATING mode=AUTO nav_goal=PATROL,AUTO,0.120,-0.000,1.506,0.000,False,False,False
10.700,classification,WAITING_DYNAMIC_LOCK,PATROL_NAVIGATING mode=AUTO nav_goal=PATROL,AUTO,0.120,-0.000,1.520,0.000,False,False,False
10.700,bird_confirmed,False,PATROL_NAVIGATING mode=AUTO nav_goal=PATROL,AUTO,0.120,-0.000,1.520,0.000,False,False,False
10.800,sound_done,False,PATROL_NAVIGATING mode=AUTO nav_goal=PATROL,AUTO,0.120,-0.000,1.539,0.000,False,False,False
10.800,sound_state,IDLE_NO_REQUEST,PATROL_NAVIGATING mode=AUTO nav_goal=PATROL,AUTO,0.120,-0.000,1.539,0.000,False,False,False
10.800,dynamic_lock,False,PATROL_NAVIGATING mode=AUTO nav_goal=PATROL,AUTO,0.120,-0.000,1.541,0.000,False,False,False
10.800,mission_state,PATROL_NAVIGATING mode=AUTO nav_goal=PATROL,PATROL_NAVIGATING mode=AUTO nav_goal=PATROL,AUTO,0.120,-0.000,1.541,0.000,False,False,False
10.800,bird_confirmed,False,PATROL_NAVIGATING mode=AUTO nav_goal=PATROL,AUTO,0.120,-0.000,1.541,0.000,False,False,False
10.800,classification,WAITING_DYNAMIC_LOCK,PATROL_NAVIGATING mode=AUTO nav_goal=PATROL,AUTO,0.120,-0.000,1.541,0.000,False,False,False
10.900,classification,WAITING_DYNAMIC_LOCK,PATROL_NAVIGATING mode=AUTO nav_goal=PATROL,AUTO,0.120,-0.000,1.558,0.000,False,False,False
10.900,bird_confirmed,False,PATROL_NAVIGATING mode=AUTO nav_goal=PATROL,AUTO,0.120,-0.000,1.558,0.000,False,False,False
11.000,classification,WAITING_DYNAMIC_LOCK,PATROL_NAVIGATING mode=AUTO nav_goal=PATROL,AUTO,0.120,-0.000,1.577,0.000,False,False,False
11.000,bird_confirmed,False,PATROL_NAVIGATING mode=AUTO nav_goal=PATROL,AUTO,0.120,-0.000,1.577,0.000,False,False,False
11.000,sound_state,IDLE_NO_REQUEST,PATROL_NAVIGATING mode=AUTO nav_goal=PATROL,AUTO,0.120,-0.000,1.577,0.000,False,False,False
11.000,sound_done,False,PATROL_NAVIGATING mode=AUTO nav_goal=PATROL,AUTO,0.120,-0.000,1.577,0.000,False,False,False
11.000,mission_state,PATROL_NAVIGATING mode=AUTO nav_goal=PATROL,PATROL_NAVIGATING mode=AUTO nav_goal=PATROL,AUTO,0.120,-0.000,1.579,0.000,False,False,False
11.000,dynamic_lock,False,PATROL_NAVIGATING mode=AUTO nav_goal=PATROL,AUTO,0.120,-0.000,1.583,0.000,False,False,False
11.100,classification,WAITING_DYNAMIC_LOCK,PATROL_NAVIGATING mode=AUTO nav_goal=PATROL,AUTO,0.120,-0.000,1.597,0.000,False,False,False
11.100,bird_confirmed,False,PATROL_NAVIGATING mode=AUTO nav_goal=PATROL,AUTO,0.120,-0.000,1.597,0.000,False,False,False
11.200,mission_state,PATROL_NAVIGATING mode=AUTO nav_goal=PATROL,PATROL_NAVIGATING mode=AUTO nav_goal=PATROL,AUTO,0.120,-0.000,1.616,0.000,False,False,False
11.200,classification,WAITING_DYNAMIC_LOCK,PATROL_NAVIGATING mode=AUTO nav_goal=PATROL,AUTO,0.120,-0.000,1.616,0.000,False,False,False
11.200,bird_confirmed,False,PATROL_NAVIGATING mode=AUTO nav_goal=PATROL,AUTO,0.120,-0.000,1.616,0.000,False,False,False
11.200,sound_state,IDLE_NO_REQUEST,PATROL_NAVIGATING mode=AUTO nav_goal=PATROL,AUTO,0.120,-0.000,1.616,0.000,False,False,False
11.200,sound_done,False,PATROL_NAVIGATING mode=AUTO nav_goal=PATROL,AUTO,0.120,-0.000,1.616,0.000,False,False,False
11.200,dynamic_lock,False,PATROL_NAVIGATING mode=AUTO nav_goal=PATROL,AUTO,0.120,-0.000,1.620,0.000,False,False,False
11.300,classification,WAITING_DYNAMIC_LOCK,PATROL_NAVIGATING mode=AUTO nav_goal=PATROL,AUTO,0.120,-0.000,1.635,0.000,False,False,False
11.300,bird_confirmed,False,PATROL_NAVIGATING mode=AUTO nav_goal=PATROL,AUTO,0.120,-0.000,1.635,0.000,False,False,False
11.400,classification,WAITING_DYNAMIC_LOCK,PATROL_NAVIGATING mode=AUTO nav_goal=PATROL,AUTO,0.120,-0.000,1.654,0.000,False,False,False
11.400,bird_confirmed,False,PATROL_NAVIGATING mode=AUTO nav_goal=PATROL,AUTO,0.120,-0.000,1.654,0.000,False,False,False
11.400,sound_state,IDLE_NO_REQUEST,PATROL_NAVIGATING mode=AUTO nav_goal=PATROL,AUTO,0.120,-0.000,1.654,0.000,False,False,False
11.400,sound_done,False,PATROL_NAVIGATING mode=AUTO nav_goal=PATROL,AUTO,0.120,-0.000,1.654,0.000,False,False,False
11.400,mission_state,PATROL_NAVIGATING mode=AUTO nav_goal=PATROL,PATROL_NAVIGATING mode=AUTO nav_goal=PATROL,AUTO,0.120,-0.000,1.654,0.000,False,False,False
11.400,dynamic_lock,False,PATROL_NAVIGATING mode=AUTO nav_goal=PATROL,AUTO,0.120,-0.000,1.654,0.000,False,False,False
11.500,classification,WAITING_DYNAMIC_LOCK,PATROL_NAVIGATING mode=AUTO nav_goal=PATROL,AUTO,0.120,-0.000,1.673,0.000,False,False,False
11.500,bird_confirmed,False,PATROL_NAVIGATING mode=AUTO nav_goal=PATROL,AUTO,0.120,-0.000,1.673,0.000,False,False,False
11.600,classification,WAITING_DYNAMIC_LOCK,PATROL_NAVIGATING mode=AUTO nav_goal=PATROL,AUTO,0.120,-0.000,1.693,0.000,False,False,False
11.600,bird_confirmed,False,PATROL_NAVIGATING mode=AUTO nav_goal=PATROL,AUTO,0.120,-0.000,1.693,0.000,False,False,False
11.600,dynamic_lock,False,PATROL_NAVIGATING mode=AUTO nav_goal=PATROL,AUTO,0.120,-0.000,1.693,0.000,False,False,False
11.600,mission_state,PATROL_NAVIGATING mode=AUTO nav_goal=PATROL,PATROL_NAVIGATING mode=AUTO nav_goal=PATROL,AUTO,0.120,-0.000,1.695,0.000,False,False,False
11.600,sound_state,IDLE_NO_REQUEST,PATROL_NAVIGATING mode=AUTO nav_goal=PATROL,AUTO,0.120,-0.000,1.695,0.000,False,False,False
11.600,sound_done,False,PATROL_NAVIGATING mode=AUTO nav_goal=PATROL,AUTO,0.120,-0.000,1.695,0.000,False,False,False
11.700,classification,WAITING_DYNAMIC_LOCK,PATROL_NAVIGATING mode=AUTO nav_goal=PATROL,AUTO,0.120,-0.000,1.712,0.000,False,False,False
11.700,bird_confirmed,False,PATROL_NAVIGATING mode=AUTO nav_goal=PATROL,AUTO,0.120,-0.000,1.712,0.000,False,False,False
11.800,dynamic_lock,False,PATROL_NAVIGATING mode=AUTO nav_goal=PATROL,AUTO,0.120,-0.000,1.731,0.000,False,False,False
11.800,classification,WAITING_DYNAMIC_LOCK,PATROL_NAVIGATING mode=AUTO nav_goal=PATROL,AUTO,0.120,-0.000,1.731,0.000,False,False,False
11.800,bird_confirmed,False,PATROL_NAVIGATING mode=AUTO nav_goal=PATROL,AUTO,0.120,-0.000,1.731,0.000,False,False,False
11.800,sound_state,IDLE_NO_REQUEST,PATROL_NAVIGATING mode=AUTO nav_goal=PATROL,AUTO,0.120,-0.000,1.731,0.000,False,False,False
11.800,sound_done,False,PATROL_NAVIGATING mode=AUTO nav_goal=PATROL,AUTO,0.120,-0.000,1.731,0.000,False,False,False
11.800,mission_state,PATROL_NAVIGATING mode=AUTO nav_goal=PATROL,PATROL_NAVIGATING mode=AUTO nav_goal=PATROL,AUTO,0.120,-0.000,1.733,0.000,False,False,False
11.900,classification,WAITING_DYNAMIC_LOCK,PATROL_NAVIGATING mode=AUTO nav_goal=PATROL,AUTO,0.120,-0.000,1.750,0.000,False,False,False
11.900,bird_confirmed,False,PATROL_NAVIGATING mode=AUTO nav_goal=PATROL,AUTO,0.120,-0.000,1.750,0.000,False,False,False
11.900,mission_event,timestamp=11.900 mission_id=0 target_mission_id=0 state=PATROL_NAVIGATING event_type=SIM_NAV_GOAL_ARRIVED reason=PATROL waypoint_index=1,PATROL_NAVIGATING mode=AUTO nav_goal=PATROL,AUTO,0.120,-0.000,1.750,0.000,False,False,False
11.900,mission_event,timestamp=11.900 mission_id=0 target_mission_id=0 state=PATROL_NAVIGATING event_type=NAV2_GOAL_SUCCEEDED reason=PATROL waypoint_index=1,PATROL_NAVIGATING mode=AUTO nav_goal=PATROL,AUTO,0.120,-0.000,1.752,0.000,False,False,False
11.900,mission_event,timestamp=11.900 mission_id=0 target_mission_id=0 state=PATROL_DWELL event_type=STATE_CHANGE reason=previous=PATROL_NAVIGATING next=PATROL_DWELL reason=inside_b waypoint_index=1,PATROL_NAVIGATING mode=AUTO nav_goal=PATROL,AUTO,0.120,-0.000,1.752,0.000,False,False,False
12.000,mission_state,PATROL_DWELL mode=AUTO nav_goal=NONE,PATROL_DWELL mode=AUTO nav_goal=NONE,AUTO,0.120,-0.000,1.769,0.000,False,False,False
12.000,dynamic_lock,False,PATROL_DWELL mode=AUTO nav_goal=NONE,AUTO,0.120,-0.000,1.769,0.000,False,False,False
12.000,classification,WAITING_DYNAMIC_LOCK,PATROL_DWELL mode=AUTO nav_goal=NONE,AUTO,0.120,-0.000,1.769,0.000,False,False,False
12.000,bird_confirmed,False,PATROL_DWELL mode=AUTO nav_goal=NONE,AUTO,0.120,-0.000,1.769,0.000,False,False,False
12.000,sound_state,IDLE_NO_REQUEST,PATROL_DWELL mode=AUTO nav_goal=NONE,AUTO,0.120,-0.000,1.769,0.000,False,False,False
12.000,sound_done,False,PATROL_DWELL mode=AUTO nav_goal=NONE,AUTO,0.120,-0.000,1.769,0.000,False,False,False
12.100,classification,WAITING_DYNAMIC_LOCK,PATROL_DWELL mode=AUTO nav_goal=NONE,AUTO,0.000,0.000,1.783,0.000,False,False,False
12.100,bird_confirmed,False,PATROL_DWELL mode=AUTO nav_goal=NONE,AUTO,0.000,0.000,1.783,0.000,False,False,False
12.200,classification,WAITING_DYNAMIC_LOCK,PATROL_DWELL mode=AUTO nav_goal=NONE,AUTO,0.000,0.000,1.784,0.000,False,False,False
12.200,bird_confirmed,False,PATROL_DWELL mode=AUTO nav_goal=NONE,AUTO,0.000,0.000,1.784,0.000,False,False,False
12.200,sound_state,IDLE_NO_REQUEST,PATROL_DWELL mode=AUTO nav_goal=NONE,AUTO,0.000,0.000,1.784,0.000,False,False,False
12.200,sound_done,False,PATROL_DWELL mode=AUTO nav_goal=NONE,AUTO,0.000,0.000,1.784,0.000,False,False,False
12.200,dynamic_lock,False,PATROL_DWELL mode=AUTO nav_goal=NONE,AUTO,0.000,0.000,1.784,0.000,False,False,False
12.200,mission_state,PATROL_DWELL mode=AUTO nav_goal=NONE,PATROL_DWELL mode=AUTO nav_goal=NONE,AUTO,0.000,0.000,1.784,0.000,False,False,False
12.300,classification,WAITING_DYNAMIC_LOCK,PATROL_DWELL mode=AUTO nav_goal=NONE,AUTO,0.000,0.000,1.784,0.000,False,False,False
12.300,bird_confirmed,False,PATROL_DWELL mode=AUTO nav_goal=NONE,AUTO,0.000,0.000,1.784,0.000,False,False,False
12.400,mission_state,PATROL_DWELL mode=AUTO nav_goal=NONE,PATROL_DWELL mode=AUTO nav_goal=NONE,AUTO,0.000,0.000,1.784,0.000,False,False,False
12.400,classification,WAITING_DYNAMIC_LOCK,PATROL_DWELL mode=AUTO nav_goal=NONE,AUTO,0.000,0.000,1.784,0.000,False,False,False
12.400,bird_confirmed,False,PATROL_DWELL mode=AUTO nav_goal=NONE,AUTO,0.000,0.000,1.784,0.000,False,False,False
12.400,sound_state,IDLE_NO_REQUEST,PATROL_DWELL mode=AUTO nav_goal=NONE,AUTO,0.000,0.000,1.784,0.000,False,False,False
12.400,sound_done,False,PATROL_DWELL mode=AUTO nav_goal=NONE,AUTO,0.000,0.000,1.784,0.000,False,False,False
12.400,mission_event,timestamp=12.400 mission_id=0 target_mission_id=0 state=RESUME_PATROL event_type=STATE_CHANGE reason=previous=PATROL_DWELL next=RESUME_PATROL reason=next_index=2 waypoint_index=2,PATROL_DWELL mode=AUTO nav_goal=NONE,AUTO,0.000,0.000,1.784,0.000,False,False,False
12.400,dynamic_lock,False,PATROL_DWELL mode=AUTO nav_goal=NONE,AUTO,0.000,0.000,1.784,0.000,False,False,False
12.500,classification,WAITING_DYNAMIC_LOCK,PATROL_DWELL mode=AUTO nav_goal=NONE,AUTO,0.000,0.000,1.784,0.000,False,False,False
12.500,bird_confirmed,False,PATROL_DWELL mode=AUTO nav_goal=NONE,AUTO,0.000,0.000,1.784,0.000,False,False,False
12.600,bird_confirmed,False,PATROL_DWELL mode=AUTO nav_goal=NONE,AUTO,0.000,0.000,1.784,0.000,False,False,False
12.600,dynamic_lock,False,PATROL_DWELL mode=AUTO nav_goal=NONE,AUTO,0.000,0.000,1.784,0.000,False,False,False
12.600,classification,WAITING_DYNAMIC_LOCK,PATROL_DWELL mode=AUTO nav_goal=NONE,AUTO,0.000,0.000,1.784,0.000,False,False,False
12.600,sound_state,IDLE_NO_REQUEST,PATROL_DWELL mode=AUTO nav_goal=NONE,AUTO,0.000,0.000,1.784,0.000,False,False,False
12.600,sound_done,False,PATROL_DWELL mode=AUTO nav_goal=NONE,AUTO,0.000,0.000,1.784,0.000,False,False,False
12.600,mission_state,RESUME_PATROL mode=AUTO nav_goal=NONE,RESUME_PATROL mode=AUTO nav_goal=NONE,AUTO,0.000,0.000,1.784,0.000,False,False,False
12.600,mission_event,timestamp=12.600 mission_id=0 target_mission_id=0 state=PATROL_NAVIGATING event_type=STATE_CHANGE reason=previous=RESUME_PATROL next=PATROL_NAVIGATING reason=goal_type=PATROL waypoint_index=2,RESUME_PATROL mode=AUTO nav_goal=NONE,AUTO,0.000,0.000,1.784,0.000,False,False,False
12.600,mission_event,timestamp=12.600 mission_id=0 target_mission_id=0 state=PATROL_NAVIGATING event_type=NAV2_DISABLED_SIMULATED_GOAL reason=PATROL waypoint_index=2,RESUME_PATROL mode=AUTO nav_goal=NONE,AUTO,0.000,0.000,1.784,0.000,False,False,False
12.700,classification,WAITING_DYNAMIC_LOCK,RESUME_PATROL mode=AUTO nav_goal=NONE,AUTO,0.000,0.000,1.784,0.000,False,False,False
12.700,bird_confirmed,False,RESUME_PATROL mode=AUTO nav_goal=NONE,AUTO,0.000,0.000,1.784,0.000,False,False,False
12.800,bird_confirmed,False,RESUME_PATROL mode=AUTO nav_goal=NONE,AUTO,0.000,0.000,1.784,0.000,False,False,False
12.800,sound_done,False,RESUME_PATROL mode=AUTO nav_goal=NONE,AUTO,0.000,0.000,1.784,0.000,False,False,False
12.800,classification,WAITING_DYNAMIC_LOCK,RESUME_PATROL mode=AUTO nav_goal=NONE,AUTO,0.000,0.000,1.784,0.000,False,False,False
12.800,sound_state,IDLE_NO_REQUEST,RESUME_PATROL mode=AUTO nav_goal=NONE,AUTO,0.000,0.000,1.784,0.000,False,False,False
12.800,mission_state,PATROL_NAVIGATING mode=AUTO nav_goal=PATROL,PATROL_NAVIGATING mode=AUTO nav_goal=PATROL,AUTO,0.000,0.000,1.784,0.000,False,False,False
12.800,dynamic_lock,False,PATROL_NAVIGATING mode=AUTO nav_goal=PATROL,AUTO,0.000,0.000,1.784,0.000,False,False,False
12.900,classification,WAITING_DYNAMIC_LOCK,PATROL_NAVIGATING mode=AUTO nav_goal=PATROL,AUTO,0.000,0.120,1.784,0.000,False,False,False
12.900,bird_confirmed,False,PATROL_NAVIGATING mode=AUTO nav_goal=PATROL,AUTO,0.000,0.120,1.784,0.000,False,False,False
13.000,dynamic_lock,False,PATROL_NAVIGATING mode=AUTO nav_goal=PATROL,AUTO,0.000,0.350,1.785,0.001,False,False,False
13.000,classification,WAITING_DYNAMIC_LOCK,PATROL_NAVIGATING mode=AUTO nav_goal=PATROL,AUTO,0.000,0.350,1.785,0.001,False,False,False
13.000,bird_confirmed,False,PATROL_NAVIGATING mode=AUTO nav_goal=PATROL,AUTO,0.000,0.350,1.785,0.001,False,False,False
13.000,sound_state,IDLE_NO_REQUEST,PATROL_NAVIGATING mode=AUTO nav_goal=PATROL,AUTO,0.000,0.350,1.785,0.001,False,False,False
13.000,sound_done,False,PATROL_NAVIGATING mode=AUTO nav_goal=PATROL,AUTO,0.000,0.350,1.785,0.001,False,False,False
13.000,mission_state,PATROL_NAVIGATING mode=AUTO nav_goal=PATROL,PATROL_NAVIGATING mode=AUTO nav_goal=PATROL,AUTO,0.000,0.350,1.785,0.001,False,False,False
13.100,classification,WAITING_DYNAMIC_LOCK,PATROL_NAVIGATING mode=AUTO nav_goal=PATROL,AUTO,0.000,0.350,1.785,0.001,False,False,False
13.100,bird_confirmed,False,PATROL_NAVIGATING mode=AUTO nav_goal=PATROL,AUTO,0.000,0.350,1.785,0.001,False,False,False
13.200,classification,WAITING_DYNAMIC_LOCK,PATROL_NAVIGATING mode=AUTO nav_goal=PATROL,AUTO,0.000,0.350,1.785,0.001,False,False,False
13.200,bird_confirmed,False,PATROL_NAVIGATING mode=AUTO nav_goal=PATROL,AUTO,0.000,0.350,1.785,0.001,False,False,False
13.200,sound_state,IDLE_NO_REQUEST,PATROL_NAVIGATING mode=AUTO nav_goal=PATROL,AUTO,0.000,0.350,1.785,0.001,False,False,False
13.200,sound_done,False,PATROL_NAVIGATING mode=AUTO nav_goal=PATROL,AUTO,0.000,0.350,1.785,0.001,False,False,False
13.200,mission_state,PATROL_NAVIGATING mode=AUTO nav_goal=PATROL,PATROL_NAVIGATING mode=AUTO nav_goal=PATROL,AUTO,0.000,0.350,1.785,0.001,False,False,False
13.200,dynamic_lock,False,PATROL_NAVIGATING mode=AUTO nav_goal=PATROL,AUTO,0.000,0.350,1.785,0.001,False,False,False
13.300,bird_confirmed,False,PATROL_NAVIGATING mode=AUTO nav_goal=PATROL,AUTO,0.000,0.350,1.785,0.000,False,False,False
13.300,classification,WAITING_DYNAMIC_LOCK,PATROL_NAVIGATING mode=AUTO nav_goal=PATROL,AUTO,0.000,0.350,1.785,0.000,False,False,False
13.400,sound_done,False,PATROL_NAVIGATING mode=AUTO nav_goal=PATROL,AUTO,0.000,0.350,1.785,0.001,False,False,False
13.400,dynamic_lock,False,PATROL_NAVIGATING mode=AUTO nav_goal=PATROL,AUTO,0.000,0.350,1.785,0.001,False,False,False
13.400,classification,WAITING_DYNAMIC_LOCK,PATROL_NAVIGATING mode=AUTO nav_goal=PATROL,AUTO,0.000,0.350,1.785,0.001,False,False,False
13.400,bird_confirmed,False,PATROL_NAVIGATING mode=AUTO nav_goal=PATROL,AUTO,0.000,0.350,1.785,0.001,False,False,False
13.400,sound_state,IDLE_NO_REQUEST,PATROL_NAVIGATING mode=AUTO nav_goal=PATROL,AUTO,0.000,0.350,1.785,0.001,False,False,False
13.400,mission_state,PATROL_NAVIGATING mode=AUTO nav_goal=PATROL,PATROL_NAVIGATING mode=AUTO nav_goal=PATROL,AUTO,0.000,0.350,1.785,0.001,False,False,False
13.500,classification,WAITING_DYNAMIC_LOCK,PATROL_NAVIGATING mode=AUTO nav_goal=PATROL,AUTO,0.000,0.350,1.785,0.001,False,False,False
13.500,bird_confirmed,False,PATROL_NAVIGATING mode=AUTO nav_goal=PATROL,AUTO,0.000,0.350,1.785,0.001,False,False,False
13.600,mission_state,PATROL_NAVIGATING mode=AUTO nav_goal=PATROL,PATROL_NAVIGATING mode=AUTO nav_goal=PATROL,AUTO,0.000,0.350,1.785,0.001,False,False,False
13.600,classification,WAITING_DYNAMIC_LOCK,PATROL_NAVIGATING mode=AUTO nav_goal=PATROL,AUTO,0.000,0.350,1.785,0.001,False,False,False
13.600,bird_confirmed,False,PATROL_NAVIGATING mode=AUTO nav_goal=PATROL,AUTO,0.000,0.350,1.785,0.001,False,False,False
13.600,sound_state,IDLE_NO_REQUEST,PATROL_NAVIGATING mode=AUTO nav_goal=PATROL,AUTO,0.000,0.350,1.785,0.001,False,False,False
13.600,sound_done,False,PATROL_NAVIGATING mode=AUTO nav_goal=PATROL,AUTO,0.000,0.350,1.785,0.001,False,False,False
13.600,dynamic_lock,False,PATROL_NAVIGATING mode=AUTO nav_goal=PATROL,AUTO,0.000,0.350,1.785,0.001,False,False,False
13.600,dynamic_lock,False,PATROL_NAVIGATING mode=AUTO nav_goal=PATROL,AUTO,0.000,0.350,1.785,0.001,False,False,False
13.700,classification,WAITING_DYNAMIC_LOCK,PATROL_NAVIGATING mode=AUTO nav_goal=PATROL,AUTO,0.000,0.350,1.785,0.001,False,False,False
13.700,bird_confirmed,False,PATROL_NAVIGATING mode=AUTO nav_goal=PATROL,AUTO,0.000,0.350,1.785,0.001,False,False,False
13.800,sound_state,IDLE_NO_REQUEST,PATROL_NAVIGATING mode=AUTO nav_goal=PATROL,AUTO,0.000,0.350,1.784,0.001,False,False,False
13.800,sound_done,False,PATROL_NAVIGATING mode=AUTO nav_goal=PATROL,AUTO,0.000,0.350,1.784,0.001,False,False,False
13.800,bird_confirmed,False,PATROL_NAVIGATING mode=AUTO nav_goal=PATROL,AUTO,0.000,0.350,1.784,0.001,False,False,False
13.800,mission_state,PATROL_NAVIGATING mode=AUTO nav_goal=PATROL,PATROL_NAVIGATING mode=AUTO nav_goal=PATROL,AUTO,0.000,0.350,1.784,0.001,False,False,False
13.800,classification,WAITING_DYNAMIC_LOCK,PATROL_NAVIGATING mode=AUTO nav_goal=PATROL,AUTO,0.000,0.350,1.784,0.001,False,False,False
13.800,dynamic_target,count=1 x=4.72 y=-0.47 z=3.34,PATROL_NAVIGATING mode=AUTO nav_goal=PATROL,AUTO,0.000,0.350,1.784,0.001,False,False,False
13.800,dynamic_lock,True,PATROL_NAVIGATING mode=AUTO nav_goal=PATROL,AUTO,0.000,0.350,1.784,0.001,True,False,False
13.800,inspection_goal,x=2.74 y=-0.15,PATROL_NAVIGATING mode=AUTO nav_goal=PATROL,AUTO,0.000,0.350,1.784,0.001,True,False,False
13.800,object_goal_state,ACCEPT_INSPECTION_GOAL source=elevated_dynamic_target height=3.34 range=2.97 dynamic=True z_valid=True bird_confirmed=False target_class=unknown offset_m=2.00 frame=odom goal_x=2.741 goal_y=-0.154,PATROL_NAVIGATING mode=AUTO nav_goal=PATROL,AUTO,0.000,0.350,1.784,0.001,True,False,False
13.800,dynamic_target,count=1 x=4.72 y=-0.47 z=3.34,PATROL_NAVIGATING mode=AUTO nav_goal=PATROL,AUTO,0.000,0.350,1.784,0.001,True,False,False
13.800,dynamic_lock,True,PATROL_NAVIGATING mode=AUTO nav_goal=PATROL,AUTO,0.000,0.350,1.784,0.001,True,False,False
13.800,object_goal_state,REJECT cooldown source=elevated_dynamic_target remaining_sec=8.00,PATROL_NAVIGATING mode=AUTO nav_goal=PATROL,AUTO,0.000,0.350,1.784,0.001,True,False,False
13.900,bird_confirmed,False,PATROL_NAVIGATING mode=AUTO nav_goal=PATROL,AUTO,0.000,0.350,1.784,0.001,True,False,False
13.900,classification,WAITING_DYNAMIC_LOCK,PATROL_NAVIGATING mode=AUTO nav_goal=PATROL,AUTO,0.000,0.350,1.784,0.001,True,False,False
14.000,sound_done,False,PATROL_NAVIGATING mode=AUTO nav_goal=PATROL,AUTO,0.000,0.350,1.784,0.001,True,False,False
14.000,classification,WAITING_DYNAMIC_LOCK,PATROL_NAVIGATING mode=AUTO nav_goal=PATROL,AUTO,0.000,0.350,1.784,0.001,True,False,False
14.000,bird_confirmed,False,PATROL_NAVIGATING mode=AUTO nav_goal=PATROL,AUTO,0.000,0.350,1.784,0.001,True,False,False
14.000,sound_state,IDLE_NO_REQUEST,PATROL_NAVIGATING mode=AUTO nav_goal=PATROL,AUTO,0.000,0.350,1.784,0.001,True,False,False
14.000,mission_state,PATROL_NAVIGATING mode=AUTO nav_goal=PATROL,PATROL_NAVIGATING mode=AUTO nav_goal=PATROL,AUTO,0.000,0.350,1.784,0.001,True,False,False
14.000,mission_event,timestamp=14.000 mission_id=0 target_mission_id=1 state=PATROL_NAVIGATING event_type=INTERRUPT_PATROL_FOR_LIDAR_TARGET reason=target_id=1 waypoint_index=2 waypoint_index=2,PATROL_NAVIGATING mode=AUTO nav_goal=PATROL,AUTO,0.000,0.350,1.784,0.001,True,False,False
14.000,mission_event,timestamp=14.000 mission_id=0 target_mission_id=1 state=INSPECTION_GOAL_GENERATED event_type=STATE_CHANGE reason=previous=PATROL_NAVIGATING next=INSPECTION_GOAL_GENERATED reason=lidar_first_inspection_goal waypoint_index=2,PATROL_NAVIGATING mode=AUTO nav_goal=PATROL,AUTO,0.000,0.350,1.784,0.001,True,False,False
14.000,mission_event,timestamp=14.000 mission_id=0 target_mission_id=1 state=APPROACH_TARGET_OFFSET event_type=STATE_CHANGE reason=previous=INSPECTION_GOAL_GENERATED next=APPROACH_TARGET_OFFSET reason=goal_type=TARGET_INSPECTION waypoint_index=2,PATROL_NAVIGATING mode=AUTO nav_goal=PATROL,AUTO,0.000,0.350,1.784,0.001,True,False,False
14.000,mission_event,timestamp=14.000 mission_id=0 target_mission_id=1 state=APPROACH_TARGET_OFFSET event_type=NAV2_DISABLED_SIMULATED_GOAL reason=TARGET_INSPECTION waypoint_index=2,PATROL_NAVIGATING mode=AUTO nav_goal=PATROL,AUTO,0.000,0.350,1.784,0.001,True,False,False
14.000,dynamic_target,count=1 x=4.69 y=-0.50 z=3.32,PATROL_NAVIGATING mode=AUTO nav_goal=PATROL,AUTO,0.000,0.350,1.784,0.001,True,False,False
14.000,dynamic_lock,True,PATROL_NAVIGATING mode=AUTO nav_goal=PATROL,AUTO,0.000,0.350,1.784,0.001,True,False,False
14.000,object_goal_state,REJECT cooldown source=elevated_dynamic_target remaining_sec=7.80,PATROL_NAVIGATING mode=AUTO nav_goal=PATROL,AUTO,0.000,0.350,1.784,0.001,True,False,False
14.000,dynamic_target,count=1 x=4.69 y=-0.50 z=3.32,PATROL_NAVIGATING mode=AUTO nav_goal=PATROL,AUTO,0.000,0.350,1.784,0.001,True,False,False
14.000,dynamic_lock,True,PATROL_NAVIGATING mode=AUTO nav_goal=PATROL,AUTO,0.000,0.350,1.784,0.001,True,False,False
14.000,object_goal_state,REJECT cooldown source=elevated_dynamic_target remaining_sec=7.80,PATROL_NAVIGATING mode=AUTO nav_goal=PATROL,AUTO,0.000,0.350,1.784,0.001,True,False,False
14.100,classification,WAITING_DYNAMIC_LOCK,PATROL_NAVIGATING mode=AUTO nav_goal=PATROL,AUTO,0.000,0.350,1.785,0.001,True,False,False
14.100,bird_confirmed,False,PATROL_NAVIGATING mode=AUTO nav_goal=PATROL,AUTO,0.000,0.350,1.785,0.001,True,False,False
14.200,classification,GAZEBO_FAKE_YOLO11S_CLASSIFICATION class=bird,PATROL_NAVIGATING mode=AUTO nav_goal=PATROL,AUTO,0.000,0.350,1.785,0.001,True,False,False
14.200,bird_confirmed,True,PATROL_NAVIGATING mode=AUTO nav_goal=PATROL,AUTO,0.000,0.350,1.785,0.001,True,True,False
14.200,sound_state,IDLE_NO_REQUEST,PATROL_NAVIGATING mode=AUTO nav_goal=PATROL,AUTO,0.000,0.350,1.785,0.001,True,True,False
14.200,sound_done,False,PATROL_NAVIGATING mode=AUTO nav_goal=PATROL,AUTO,0.000,0.350,1.785,0.001,True,True,False
14.200,mission_state,APPROACH_TARGET_OFFSET mode=AUTO nav_goal=TARGET_INSPECTION,APPROACH_TARGET_OFFSET mode=AUTO nav_goal=TARGET_INSPECTION,AUTO,0.000,0.350,1.784,0.001,True,True,False
14.200,bird_removal_state,TRACKING_HOLD_STARTED bird=bird_test_target mission_state=APPROACH_TARGET_OFFSET target_class=bird bird_confirmed=True dynamic_lock=True,APPROACH_TARGET_OFFSET mode=AUTO nav_goal=TARGET_INSPECTION,AUTO,0.000,0.350,1.784,0.001,True,True,False
14.200,dynamic_target,count=1 x=4.64 y=-0.52 z=3.32,APPROACH_TARGET_OFFSET mode=AUTO nav_goal=TARGET_INSPECTION,AUTO,0.000,0.350,1.785,0.001,True,True,False
14.200,dynamic_lock,True,APPROACH_TARGET_OFFSET mode=AUTO nav_goal=TARGET_INSPECTION,AUTO,0.000,0.350,1.785,0.001,True,True,False
14.200,object_goal_state,REJECT cooldown source=elevated_dynamic_target remaining_sec=7.60,APPROACH_TARGET_OFFSET mode=AUTO nav_goal=TARGET_INSPECTION,AUTO,0.000,0.350,1.785,0.001,True,True,False
14.200,dynamic_target,count=1 x=4.64 y=-0.52 z=3.32,APPROACH_TARGET_OFFSET mode=AUTO nav_goal=TARGET_INSPECTION,AUTO,0.000,0.350,1.785,0.001,True,True,False
14.200,dynamic_lock,True,APPROACH_TARGET_OFFSET mode=AUTO nav_goal=TARGET_INSPECTION,AUTO,0.000,0.350,1.785,0.001,True,True,False
14.200,object_goal_state,REJECT cooldown source=elevated_dynamic_target remaining_sec=7.60,APPROACH_TARGET_OFFSET mode=AUTO nav_goal=TARGET_INSPECTION,AUTO,0.000,0.350,1.785,0.001,True,True,False
14.300,classification,GAZEBO_FAKE_YOLO11S_CLASSIFICATION class=bird,APPROACH_TARGET_OFFSET mode=AUTO nav_goal=TARGET_INSPECTION,AUTO,0.000,0.350,1.785,0.000,True,True,False
14.300,bird_confirmed,True,APPROACH_TARGET_OFFSET mode=AUTO nav_goal=TARGET_INSPECTION,AUTO,0.000,0.350,1.785,0.000,True,True,False
14.400,bird_confirmed,True,APPROACH_TARGET_OFFSET mode=AUTO nav_goal=TARGET_INSPECTION,AUTO,0.120,0.110,1.789,0.003,True,True,False
14.400,sound_done,False,APPROACH_TARGET_OFFSET mode=AUTO nav_goal=TARGET_INSPECTION,AUTO,0.120,0.110,1.789,0.003,True,True,False
14.400,mission_state,APPROACH_TARGET_OFFSET mode=AUTO nav_goal=TARGET_INSPECTION,APPROACH_TARGET_OFFSET mode=AUTO nav_goal=TARGET_INSPECTION,AUTO,0.120,-0.010,1.791,0.003,True,True,False
14.400,classification,GAZEBO_FAKE_YOLO11S_CLASSIFICATION class=bird,APPROACH_TARGET_OFFSET mode=AUTO nav_goal=TARGET_INSPECTION,AUTO,0.120,-0.010,1.791,0.003,True,True,False
14.400,sound_state,IDLE_NO_REQUEST,APPROACH_TARGET_OFFSET mode=AUTO nav_goal=TARGET_INSPECTION,AUTO,0.120,-0.010,1.791,0.003,True,True,False
14.400,dynamic_target,count=1 x=4.59 y=-0.53 z=3.29,APPROACH_TARGET_OFFSET mode=AUTO nav_goal=TARGET_INSPECTION,AUTO,0.120,-0.130,1.798,0.006,True,True,False
14.400,dynamic_lock,True,APPROACH_TARGET_OFFSET mode=AUTO nav_goal=TARGET_INSPECTION,AUTO,0.120,-0.130,1.798,0.006,True,True,False
14.400,object_goal_state,REJECT cooldown source=elevated_dynamic_target remaining_sec=7.40,APPROACH_TARGET_OFFSET mode=AUTO nav_goal=TARGET_INSPECTION,AUTO,0.120,-0.130,1.798,0.006,True,True,False
14.400,dynamic_target,count=1 x=4.59 y=-0.53 z=3.29,APPROACH_TARGET_OFFSET mode=AUTO nav_goal=TARGET_INSPECTION,AUTO,0.120,-0.130,1.798,0.006,True,True,False
14.400,dynamic_lock,True,APPROACH_TARGET_OFFSET mode=AUTO nav_goal=TARGET_INSPECTION,AUTO,0.120,-0.130,1.798,0.006,True,True,False
14.400,object_goal_state,REJECT cooldown source=elevated_dynamic_target remaining_sec=7.40,APPROACH_TARGET_OFFSET mode=AUTO nav_goal=TARGET_INSPECTION,AUTO,0.120,-0.130,1.798,0.006,True,True,False
14.500,classification,GAZEBO_FAKE_YOLO11S_CLASSIFICATION class=bird,APPROACH_TARGET_OFFSET mode=AUTO nav_goal=TARGET_INSPECTION,AUTO,0.120,-0.130,1.805,0.009,True,True,False
14.500,bird_confirmed,True,APPROACH_TARGET_OFFSET mode=AUTO nav_goal=TARGET_INSPECTION,AUTO,0.120,-0.130,1.805,0.009,True,True,False
14.600,sound_state,IDLE_NO_REQUEST,APPROACH_TARGET_OFFSET mode=AUTO nav_goal=TARGET_INSPECTION,AUTO,0.120,-0.350,1.823,0.015,True,True,False
14.600,sound_done,False,APPROACH_TARGET_OFFSET mode=AUTO nav_goal=TARGET_INSPECTION,AUTO,0.120,-0.350,1.823,0.015,True,True,False
14.600,mission_state,APPROACH_TARGET_OFFSET mode=AUTO nav_goal=TARGET_INSPECTION,APPROACH_TARGET_OFFSET mode=AUTO nav_goal=TARGET_INSPECTION,AUTO,0.120,-0.350,1.825,0.016,True,True,False
14.600,classification,GAZEBO_FAKE_YOLO11S_CLASSIFICATION class=bird,APPROACH_TARGET_OFFSET mode=AUTO nav_goal=TARGET_INSPECTION,AUTO,0.120,-0.350,1.825,0.016,True,True,False
14.600,bird_confirmed,True,APPROACH_TARGET_OFFSET mode=AUTO nav_goal=TARGET_INSPECTION,AUTO,0.120,-0.350,1.825,0.016,True,True,False
14.600,dynamic_target,count=1 x=4.52 y=-0.54 z=3.28,APPROACH_TARGET_OFFSET mode=AUTO nav_goal=TARGET_INSPECTION,AUTO,0.120,-0.350,1.832,0.019,True,True,False
14.600,dynamic_lock,True,APPROACH_TARGET_OFFSET mode=AUTO nav_goal=TARGET_INSPECTION,AUTO,0.120,-0.350,1.832,0.019,True,True,False
14.600,object_goal_state,REJECT cooldown source=elevated_dynamic_target remaining_sec=7.20,APPROACH_TARGET_OFFSET mode=AUTO nav_goal=TARGET_INSPECTION,AUTO,0.120,-0.350,1.832,0.019,True,True,False
14.600,dynamic_target,count=1 x=4.52 y=-0.54 z=3.28,APPROACH_TARGET_OFFSET mode=AUTO nav_goal=TARGET_INSPECTION,AUTO,0.120,-0.350,1.832,0.019,True,True,False
14.600,dynamic_lock,True,APPROACH_TARGET_OFFSET mode=AUTO nav_goal=TARGET_INSPECTION,AUTO,0.120,-0.350,1.832,0.019,True,True,False
14.600,object_goal_state,REJECT cooldown source=elevated_dynamic_target remaining_sec=7.20,APPROACH_TARGET_OFFSET mode=AUTO nav_goal=TARGET_INSPECTION,AUTO,0.120,-0.350,1.832,0.019,True,True,False
14.700,classification,GAZEBO_FAKE_YOLO11S_CLASSIFICATION class=bird,APPROACH_TARGET_OFFSET mode=AUTO nav_goal=TARGET_INSPECTION,AUTO,0.120,-0.350,1.844,0.023,True,True,False
14.700,bird_confirmed,True,APPROACH_TARGET_OFFSET mode=AUTO nav_goal=TARGET_INSPECTION,AUTO,0.120,-0.350,1.844,0.023,True,True,False
14.800,sound_state,IDLE_NO_REQUEST,APPROACH_TARGET_OFFSET mode=AUTO nav_goal=TARGET_INSPECTION,AUTO,0.120,-0.350,1.860,0.029,True,True,False
14.800,sound_done,False,APPROACH_TARGET_OFFSET mode=AUTO nav_goal=TARGET_INSPECTION,AUTO,0.120,-0.350,1.860,0.029,True,True,False
14.800,mission_state,APPROACH_TARGET_OFFSET mode=AUTO nav_goal=TARGET_INSPECTION,APPROACH_TARGET_OFFSET mode=AUTO nav_goal=TARGET_INSPECTION,AUTO,0.120,-0.350,1.862,0.029,True,True,False
14.800,classification,GAZEBO_FAKE_YOLO11S_CLASSIFICATION class=bird,APPROACH_TARGET_OFFSET mode=AUTO nav_goal=TARGET_INSPECTION,AUTO,0.120,-0.350,1.862,0.029,True,True,False
14.800,bird_confirmed,True,APPROACH_TARGET_OFFSET mode=AUTO nav_goal=TARGET_INSPECTION,AUTO,0.120,-0.350,1.862,0.029,True,True,False
14.800,dynamic_target,count=1 x=4.50 y=-0.59 z=3.27,APPROACH_TARGET_OFFSET mode=AUTO nav_goal=TARGET_INSPECTION,AUTO,0.120,-0.350,1.867,0.031,True,True,False
14.800,dynamic_lock,True,APPROACH_TARGET_OFFSET mode=AUTO nav_goal=TARGET_INSPECTION,AUTO,0.120,-0.350,1.867,0.031,True,True,False
14.800,object_goal_state,REJECT cooldown source=elevated_dynamic_target remaining_sec=7.00,APPROACH_TARGET_OFFSET mode=AUTO nav_goal=TARGET_INSPECTION,AUTO,0.120,-0.350,1.867,0.031,True,True,False
14.800,dynamic_target,count=1 x=4.50 y=-0.59 z=3.27,APPROACH_TARGET_OFFSET mode=AUTO nav_goal=TARGET_INSPECTION,AUTO,0.120,-0.350,1.867,0.031,True,True,False
14.800,dynamic_lock,True,APPROACH_TARGET_OFFSET mode=AUTO nav_goal=TARGET_INSPECTION,AUTO,0.120,-0.350,1.867,0.031,True,True,False
14.800,object_goal_state,REJECT cooldown source=elevated_dynamic_target remaining_sec=7.00,APPROACH_TARGET_OFFSET mode=AUTO nav_goal=TARGET_INSPECTION,AUTO,0.120,-0.350,1.867,0.031,True,True,False
14.900,classification,GAZEBO_FAKE_YOLO11S_CLASSIFICATION class=bird,APPROACH_TARGET_OFFSET mode=AUTO nav_goal=TARGET_INSPECTION,AUTO,0.120,-0.350,1.879,0.035,True,True,False
14.900,bird_confirmed,True,APPROACH_TARGET_OFFSET mode=AUTO nav_goal=TARGET_INSPECTION,AUTO,0.120,-0.350,1.879,0.035,True,True,False
15.000,classification,GAZEBO_FAKE_YOLO11S_CLASSIFICATION class=bird,APPROACH_TARGET_OFFSET mode=AUTO nav_goal=TARGET_INSPECTION,AUTO,0.120,-0.350,1.897,0.040,True,True,False
15.000,bird_confirmed,True,APPROACH_TARGET_OFFSET mode=AUTO nav_goal=TARGET_INSPECTION,AUTO,0.120,-0.350,1.897,0.040,True,True,False
15.000,sound_state,IDLE_NO_REQUEST,APPROACH_TARGET_OFFSET mode=AUTO nav_goal=TARGET_INSPECTION,AUTO,0.120,-0.350,1.897,0.040,True,True,False
15.000,sound_done,False,APPROACH_TARGET_OFFSET mode=AUTO nav_goal=TARGET_INSPECTION,AUTO,0.120,-0.350,1.897,0.040,True,True,False
15.000,mission_state,APPROACH_TARGET_OFFSET mode=AUTO nav_goal=TARGET_INSPECTION,APPROACH_TARGET_OFFSET mode=AUTO nav_goal=TARGET_INSPECTION,AUTO,0.120,-0.350,1.899,0.041,True,True,False
15.000,dynamic_target,count=1 x=4.50 y=-0.62 z=3.27,APPROACH_TARGET_OFFSET mode=AUTO nav_goal=TARGET_INSPECTION,AUTO,0.120,-0.350,1.903,0.041,True,True,False
15.000,dynamic_lock,True,APPROACH_TARGET_OFFSET mode=AUTO nav_goal=TARGET_INSPECTION,AUTO,0.120,-0.350,1.903,0.041,True,True,False
15.000,object_goal_state,REJECT cooldown source=elevated_dynamic_target remaining_sec=6.80,APPROACH_TARGET_OFFSET mode=AUTO nav_goal=TARGET_INSPECTION,AUTO,0.120,-0.350,1.903,0.041,True,True,False
15.000,dynamic_target,count=1 x=4.50 y=-0.62 z=3.27,APPROACH_TARGET_OFFSET mode=AUTO nav_goal=TARGET_INSPECTION,AUTO,0.120,-0.350,1.903,0.041,True,True,False
15.000,dynamic_lock,True,APPROACH_TARGET_OFFSET mode=AUTO nav_goal=TARGET_INSPECTION,AUTO,0.120,-0.350,1.903,0.041,True,True,False
15.000,object_goal_state,REJECT cooldown source=elevated_dynamic_target remaining_sec=6.80,APPROACH_TARGET_OFFSET mode=AUTO nav_goal=TARGET_INSPECTION,AUTO,0.120,-0.350,1.903,0.041,True,True,False
15.100,classification,GAZEBO_FAKE_YOLO11S_CLASSIFICATION class=bird,APPROACH_TARGET_OFFSET mode=AUTO nav_goal=TARGET_INSPECTION,AUTO,0.120,-0.350,1.916,0.045,True,True,False
15.100,bird_confirmed,True,APPROACH_TARGET_OFFSET mode=AUTO nav_goal=TARGET_INSPECTION,AUTO,0.120,-0.350,1.916,0.045,True,True,False
15.200,sound_state,IDLE_NO_REQUEST,APPROACH_TARGET_OFFSET mode=AUTO nav_goal=TARGET_INSPECTION,AUTO,0.120,-0.350,1.935,0.050,True,True,False
15.200,sound_done,False,APPROACH_TARGET_OFFSET mode=AUTO nav_goal=TARGET_INSPECTION,AUTO,0.120,-0.350,1.935,0.050,True,True,False
15.200,mission_state,APPROACH_TARGET_OFFSET mode=AUTO nav_goal=TARGET_INSPECTION,APPROACH_TARGET_OFFSET mode=AUTO nav_goal=TARGET_INSPECTION,AUTO,0.120,-0.350,1.937,0.050,True,True,False
15.200,classification,GAZEBO_FAKE_YOLO11S_CLASSIFICATION class=bird,APPROACH_TARGET_OFFSET mode=AUTO nav_goal=TARGET_INSPECTION,AUTO,0.120,-0.350,1.937,0.050,True,True,False
15.200,bird_confirmed,True,APPROACH_TARGET_OFFSET mode=AUTO nav_goal=TARGET_INSPECTION,AUTO,0.120,-0.350,1.937,0.050,True,True,False
15.200,dynamic_target,count=1 x=4.53 y=-0.64 z=3.27,APPROACH_TARGET_OFFSET mode=AUTO nav_goal=TARGET_INSPECTION,AUTO,0.120,-0.350,1.941,0.051,True,True,False
15.200,dynamic_lock,True,APPROACH_TARGET_OFFSET mode=AUTO nav_goal=TARGET_INSPECTION,AUTO,0.120,-0.350,1.941,0.051,True,True,False
15.200,object_goal_state,REJECT cooldown source=elevated_dynamic_target remaining_sec=6.60,APPROACH_TARGET_OFFSET mode=AUTO nav_goal=TARGET_INSPECTION,AUTO,0.120,-0.350,1.941,0.051,True,True,False
15.200,dynamic_target,count=1 x=4.53 y=-0.64 z=3.27,APPROACH_TARGET_OFFSET mode=AUTO nav_goal=TARGET_INSPECTION,AUTO,0.120,-0.350,1.941,0.051,True,True,False
15.200,dynamic_lock,True,APPROACH_TARGET_OFFSET mode=AUTO nav_goal=TARGET_INSPECTION,AUTO,0.120,-0.350,1.941,0.051,True,True,False
15.200,object_goal_state,REJECT cooldown source=elevated_dynamic_target remaining_sec=6.60,APPROACH_TARGET_OFFSET mode=AUTO nav_goal=TARGET_INSPECTION,AUTO,0.120,-0.350,1.941,0.051,True,True,False
15.300,classification,GAZEBO_FAKE_YOLO11S_CLASSIFICATION class=bird,APPROACH_TARGET_OFFSET mode=AUTO nav_goal=TARGET_INSPECTION,AUTO,0.120,-0.350,1.957,0.054,True,True,False
15.300,bird_confirmed,True,APPROACH_TARGET_OFFSET mode=AUTO nav_goal=TARGET_INSPECTION,AUTO,0.120,-0.350,1.957,0.054,True,True,False
15.400,mission_state,APPROACH_TARGET_OFFSET mode=AUTO nav_goal=TARGET_INSPECTION,APPROACH_TARGET_OFFSET mode=AUTO nav_goal=TARGET_INSPECTION,AUTO,0.120,-0.350,1.974,0.058,True,True,False
15.400,classification,GAZEBO_FAKE_YOLO11S_CLASSIFICATION class=bird,APPROACH_TARGET_OFFSET mode=AUTO nav_goal=TARGET_INSPECTION,AUTO,0.120,-0.350,1.974,0.058,True,True,False
15.400,bird_confirmed,True,APPROACH_TARGET_OFFSET mode=AUTO nav_goal=TARGET_INSPECTION,AUTO,0.120,-0.350,1.974,0.058,True,True,False
15.400,sound_state,IDLE_NO_REQUEST,APPROACH_TARGET_OFFSET mode=AUTO nav_goal=TARGET_INSPECTION,AUTO,0.120,-0.350,1.974,0.058,True,True,False
15.400,sound_done,False,APPROACH_TARGET_OFFSET mode=AUTO nav_goal=TARGET_INSPECTION,AUTO,0.120,-0.350,1.974,0.058,True,True,False
15.400,dynamic_target,count=1 x=4.59 y=-0.64 z=3.28,APPROACH_TARGET_OFFSET mode=AUTO nav_goal=TARGET_INSPECTION,AUTO,0.120,-0.350,1.977,0.058,True,True,False
15.400,dynamic_lock,True,APPROACH_TARGET_OFFSET mode=AUTO nav_goal=TARGET_INSPECTION,AUTO,0.120,-0.350,1.977,0.058,True,True,False
15.400,object_goal_state,REJECT cooldown source=elevated_dynamic_target remaining_sec=6.40,APPROACH_TARGET_OFFSET mode=AUTO nav_goal=TARGET_INSPECTION,AUTO,0.120,-0.350,1.977,0.058,True,True,False
15.400,dynamic_target,count=1 x=4.59 y=-0.64 z=3.28,APPROACH_TARGET_OFFSET mode=AUTO nav_goal=TARGET_INSPECTION,AUTO,0.120,-0.350,1.977,0.058,True,True,False
15.400,dynamic_lock,True,APPROACH_TARGET_OFFSET mode=AUTO nav_goal=TARGET_INSPECTION,AUTO,0.120,-0.350,1.977,0.058,True,True,False
15.400,object_goal_state,REJECT cooldown source=elevated_dynamic_target remaining_sec=6.40,APPROACH_TARGET_OFFSET mode=AUTO nav_goal=TARGET_INSPECTION,AUTO,0.120,-0.350,1.977,0.058,True,True,False
15.500,classification,GAZEBO_FAKE_YOLO11S_CLASSIFICATION class=bird,APPROACH_TARGET_OFFSET mode=AUTO nav_goal=TARGET_INSPECTION,AUTO,0.120,-0.350,1.993,0.061,True,True,False
15.500,bird_confirmed,True,APPROACH_TARGET_OFFSET mode=AUTO nav_goal=TARGET_INSPECTION,AUTO,0.120,-0.350,1.993,0.061,True,True,False
15.600,sound_done,False,APPROACH_TARGET_OFFSET mode=AUTO nav_goal=TARGET_INSPECTION,AUTO,0.120,-0.350,2.012,0.064,True,True,False
15.600,mission_state,APPROACH_TARGET_OFFSET mode=AUTO nav_goal=TARGET_INSPECTION,APPROACH_TARGET_OFFSET mode=AUTO nav_goal=TARGET_INSPECTION,AUTO,0.120,-0.350,2.012,0.064,True,True,False
15.600,classification,GAZEBO_FAKE_YOLO11S_CLASSIFICATION class=bird,APPROACH_TARGET_OFFSET mode=AUTO nav_goal=TARGET_INSPECTION,AUTO,0.120,-0.350,2.012,0.064,True,True,False
15.600,bird_confirmed,True,APPROACH_TARGET_OFFSET mode=AUTO nav_goal=TARGET_INSPECTION,AUTO,0.120,-0.350,2.012,0.064,True,True,False
15.600,sound_state,IDLE_NO_REQUEST,APPROACH_TARGET_OFFSET mode=AUTO nav_goal=TARGET_INSPECTION,AUTO,0.120,-0.350,2.012,0.064,True,True,False
15.600,dynamic_target,count=1 x=4.59 y=-0.64 z=3.28,APPROACH_TARGET_OFFSET mode=AUTO nav_goal=TARGET_INSPECTION,AUTO,0.120,-0.350,2.014,0.064,True,True,False
15.600,dynamic_lock,True,APPROACH_TARGET_OFFSET mode=AUTO nav_goal=TARGET_INSPECTION,AUTO,0.120,-0.350,2.014,0.064,True,True,False
15.600,object_goal_state,REJECT cooldown source=elevated_dynamic_target remaining_sec=6.20,APPROACH_TARGET_OFFSET mode=AUTO nav_goal=TARGET_INSPECTION,AUTO,0.120,-0.350,2.014,0.064,True,True,False
15.700,classification,GAZEBO_FAKE_YOLO11S_CLASSIFICATION class=bird,APPROACH_TARGET_OFFSET mode=AUTO nav_goal=TARGET_INSPECTION,AUTO,0.120,-0.350,2.032,0.066,True,True,False
15.700,bird_confirmed,True,APPROACH_TARGET_OFFSET mode=AUTO nav_goal=TARGET_INSPECTION,AUTO,0.120,-0.350,2.032,0.066,True,True,False
15.800,classification,GAZEBO_FAKE_YOLO11S_CLASSIFICATION class=bird,APPROACH_TARGET_OFFSET mode=AUTO nav_goal=TARGET_INSPECTION,AUTO,0.120,-0.350,2.051,0.068,True,True,False
15.800,bird_confirmed,True,APPROACH_TARGET_OFFSET mode=AUTO nav_goal=TARGET_INSPECTION,AUTO,0.120,-0.350,2.051,0.068,True,True,False
15.800,sound_state,IDLE_NO_REQUEST,APPROACH_TARGET_OFFSET mode=AUTO nav_goal=TARGET_INSPECTION,AUTO,0.120,-0.350,2.051,0.068,True,True,False
15.800,sound_done,False,APPROACH_TARGET_OFFSET mode=AUTO nav_goal=TARGET_INSPECTION,AUTO,0.120,-0.350,2.051,0.068,True,True,False
15.800,mission_state,APPROACH_TARGET_OFFSET mode=AUTO nav_goal=TARGET_INSPECTION,APPROACH_TARGET_OFFSET mode=AUTO nav_goal=TARGET_INSPECTION,AUTO,0.120,-0.350,2.051,0.068,True,True,False
15.800,dynamic_target,count=1 x=4.59 y=-0.64 z=3.28,APPROACH_TARGET_OFFSET mode=AUTO nav_goal=TARGET_INSPECTION,AUTO,0.120,-0.350,2.051,0.068,True,True,False
15.800,dynamic_lock,True,APPROACH_TARGET_OFFSET mode=AUTO nav_goal=TARGET_INSPECTION,AUTO,0.120,-0.350,2.051,0.068,True,True,False
15.800,object_goal_state,REJECT cooldown source=elevated_dynamic_target remaining_sec=6.00,APPROACH_TARGET_OFFSET mode=AUTO nav_goal=TARGET_INSPECTION,AUTO,0.120,-0.350,2.054,0.069,True,True,False
15.900,classification,GAZEBO_FAKE_YOLO11S_CLASSIFICATION class=bird,APPROACH_TARGET_OFFSET mode=AUTO nav_goal=TARGET_INSPECTION,AUTO,0.120,-0.350,2.073,0.071,True,True,False
15.900,bird_confirmed,True,APPROACH_TARGET_OFFSET mode=AUTO nav_goal=TARGET_INSPECTION,AUTO,0.120,-0.350,2.073,0.071,True,True,False
16.000,sound_done,False,APPROACH_TARGET_OFFSET mode=AUTO nav_goal=TARGET_INSPECTION,AUTO,0.120,-0.350,2.090,0.073,True,True,False
16.000,mission_state,APPROACH_TARGET_OFFSET mode=AUTO nav_goal=TARGET_INSPECTION,APPROACH_TARGET_OFFSET mode=AUTO nav_goal=TARGET_INSPECTION,AUTO,0.120,-0.350,2.090,0.073,True,True,False
16.000,object_goal_state,TARGET_LOST_TIMEOUT,APPROACH_TARGET_OFFSET mode=AUTO nav_goal=TARGET_INSPECTION,AUTO,0.120,-0.350,2.090,0.073,True,True,False
16.000,dynamic_target,count=1 x=4.59 y=-0.64 z=3.28,APPROACH_TARGET_OFFSET mode=AUTO nav_goal=TARGET_INSPECTION,AUTO,0.120,-0.350,2.090,0.073,True,True,False
16.000,dynamic_lock,True,APPROACH_TARGET_OFFSET mode=AUTO nav_goal=TARGET_INSPECTION,AUTO,0.120,-0.350,2.090,0.073,True,True,False
16.000,classification,GAZEBO_FAKE_YOLO11S_CLASSIFICATION class=bird,APPROACH_TARGET_OFFSET mode=AUTO nav_goal=TARGET_INSPECTION,AUTO,0.120,-0.350,2.090,0.073,True,True,False
16.000,bird_confirmed,True,APPROACH_TARGET_OFFSET mode=AUTO nav_goal=TARGET_INSPECTION,AUTO,0.120,-0.350,2.090,0.073,True,True,False
16.000,sound_state,IDLE_NO_REQUEST,APPROACH_TARGET_OFFSET mode=AUTO nav_goal=TARGET_INSPECTION,AUTO,0.120,-0.350,2.090,0.073,True,True,False
16.000,object_goal_state,REJECT cooldown source=elevated_dynamic_target remaining_sec=5.80,APPROACH_TARGET_OFFSET mode=AUTO nav_goal=TARGET_INSPECTION,AUTO,0.120,-0.350,2.092,0.073,True,True,False
16.100,classification,GAZEBO_FAKE_YOLO11S_CLASSIFICATION class=bird,APPROACH_TARGET_OFFSET mode=AUTO nav_goal=TARGET_INSPECTION,AUTO,0.120,-0.350,2.110,0.074,True,True,False
16.100,bird_confirmed,True,APPROACH_TARGET_OFFSET mode=AUTO nav_goal=TARGET_INSPECTION,AUTO,0.120,-0.350,2.110,0.074,True,True,False
16.200,dynamic_target,count=1 x=4.59 y=-0.64 z=3.28,APPROACH_TARGET_OFFSET mode=AUTO nav_goal=TARGET_INSPECTION,AUTO,0.120,-0.350,2.129,0.075,True,True,False
16.200,dynamic_lock,True,APPROACH_TARGET_OFFSET mode=AUTO nav_goal=TARGET_INSPECTION,AUTO,0.120,-0.350,2.129,0.075,True,True,False
16.200,classification,GAZEBO_FAKE_YOLO11S_CLASSIFICATION class=bird,APPROACH_TARGET_OFFSET mode=AUTO nav_goal=TARGET_INSPECTION,AUTO,0.120,-0.350,2.129,0.075,True,True,False
16.200,bird_confirmed,True,APPROACH_TARGET_OFFSET mode=AUTO nav_goal=TARGET_INSPECTION,AUTO,0.120,-0.350,2.129,0.075,True,True,False
16.200,sound_state,IDLE_NO_REQUEST,APPROACH_TARGET_OFFSET mode=AUTO nav_goal=TARGET_INSPECTION,AUTO,0.120,-0.350,2.129,0.075,True,True,False
16.200,sound_done,False,APPROACH_TARGET_OFFSET mode=AUTO nav_goal=TARGET_INSPECTION,AUTO,0.120,-0.350,2.129,0.075,True,True,False
16.200,mission_state,APPROACH_TARGET_OFFSET mode=AUTO nav_goal=TARGET_INSPECTION,APPROACH_TARGET_OFFSET mode=AUTO nav_goal=TARGET_INSPECTION,AUTO,0.120,-0.350,2.129,0.075,True,True,False
16.200,object_goal_state,REJECT cooldown source=elevated_dynamic_target remaining_sec=5.60,APPROACH_TARGET_OFFSET mode=AUTO nav_goal=TARGET_INSPECTION,AUTO,0.120,-0.350,2.129,0.075,True,True,False
16.300,classification,GAZEBO_FAKE_YOLO11S_CLASSIFICATION class=bird,APPROACH_TARGET_OFFSET mode=AUTO nav_goal=TARGET_INSPECTION,AUTO,0.120,-0.350,2.148,0.076,True,True,False
16.300,bird_confirmed,True,APPROACH_TARGET_OFFSET mode=AUTO nav_goal=TARGET_INSPECTION,AUTO,0.120,-0.350,2.148,0.076,True,True,False
16.400,mission_state,APPROACH_TARGET_OFFSET mode=AUTO nav_goal=TARGET_INSPECTION,APPROACH_TARGET_OFFSET mode=AUTO nav_goal=TARGET_INSPECTION,AUTO,0.120,-0.350,2.168,0.077,True,True,False
16.400,classification,GAZEBO_FAKE_YOLO11S_CLASSIFICATION class=bird,APPROACH_TARGET_OFFSET mode=AUTO nav_goal=TARGET_INSPECTION,AUTO,0.120,-0.350,2.168,0.077,True,True,False
16.400,bird_confirmed,True,APPROACH_TARGET_OFFSET mode=AUTO nav_goal=TARGET_INSPECTION,AUTO,0.120,-0.350,2.168,0.077,True,True,False
16.400,sound_state,IDLE_NO_REQUEST,APPROACH_TARGET_OFFSET mode=AUTO nav_goal=TARGET_INSPECTION,AUTO,0.120,-0.350,2.168,0.077,True,True,False
16.400,sound_done,False,APPROACH_TARGET_OFFSET mode=AUTO nav_goal=TARGET_INSPECTION,AUTO,0.120,-0.350,2.168,0.077,True,True,False
16.500,bird_confirmed,True,APPROACH_TARGET_OFFSET mode=AUTO nav_goal=TARGET_INSPECTION,AUTO,0.120,-0.350,2.187,0.077,True,True,False
16.500,classification,GAZEBO_FAKE_YOLO11S_CLASSIFICATION class=bird,APPROACH_TARGET_OFFSET mode=AUTO nav_goal=TARGET_INSPECTION,AUTO,0.120,-0.350,2.188,0.077,True,True,False
16.600,mission_state,APPROACH_TARGET_OFFSET mode=AUTO nav_goal=TARGET_INSPECTION,APPROACH_TARGET_OFFSET mode=AUTO nav_goal=TARGET_INSPECTION,AUTO,0.120,-0.350,2.206,0.078,True,True,False
16.600,classification,GAZEBO_FAKE_YOLO11S_CLASSIFICATION class=bird,APPROACH_TARGET_OFFSET mode=AUTO nav_goal=TARGET_INSPECTION,AUTO,0.120,-0.350,2.206,0.078,True,True,False
16.600,bird_confirmed,True,APPROACH_TARGET_OFFSET mode=AUTO nav_goal=TARGET_INSPECTION,AUTO,0.120,-0.350,2.206,0.078,True,True,False
16.600,sound_state,IDLE_NO_REQUEST,APPROACH_TARGET_OFFSET mode=AUTO nav_goal=TARGET_INSPECTION,AUTO,0.120,-0.350,2.206,0.078,True,True,False
16.600,sound_done,False,APPROACH_TARGET_OFFSET mode=AUTO nav_goal=TARGET_INSPECTION,AUTO,0.120,-0.350,2.206,0.078,True,True,False
16.700,bird_confirmed,True,APPROACH_TARGET_OFFSET mode=AUTO nav_goal=TARGET_INSPECTION,AUTO,0.120,-0.350,2.225,0.077,True,True,False
16.700,classification,GAZEBO_FAKE_YOLO11S_CLASSIFICATION class=bird,APPROACH_TARGET_OFFSET mode=AUTO nav_goal=TARGET_INSPECTION,AUTO,0.120,-0.350,2.225,0.077,True,True,False
16.800,bird_confirmed,True,APPROACH_TARGET_OFFSET mode=AUTO nav_goal=TARGET_INSPECTION,AUTO,0.120,-0.350,2.244,0.077,True,True,False
16.800,sound_state,IDLE_NO_REQUEST,APPROACH_TARGET_OFFSET mode=AUTO nav_goal=TARGET_INSPECTION,AUTO,0.120,-0.350,2.244,0.077,True,True,False
16.800,sound_done,False,APPROACH_TARGET_OFFSET mode=AUTO nav_goal=TARGET_INSPECTION,AUTO,0.120,-0.350,2.244,0.077,True,True,False
16.800,classification,GAZEBO_FAKE_YOLO11S_CLASSIFICATION class=bird,APPROACH_TARGET_OFFSET mode=AUTO nav_goal=TARGET_INSPECTION,AUTO,0.120,-0.350,2.244,0.077,True,True,False
16.800,mission_state,APPROACH_TARGET_OFFSET mode=AUTO nav_goal=TARGET_INSPECTION,APPROACH_TARGET_OFFSET mode=AUTO nav_goal=TARGET_INSPECTION,AUTO,0.120,-0.350,2.247,0.077,True,True,False
16.900,classification,GAZEBO_FAKE_YOLO11S_CLASSIFICATION class=bird,APPROACH_TARGET_OFFSET mode=AUTO nav_goal=TARGET_INSPECTION,AUTO,0.120,-0.350,2.264,0.076,True,True,False
16.900,bird_confirmed,True,APPROACH_TARGET_OFFSET mode=AUTO nav_goal=TARGET_INSPECTION,AUTO,0.120,-0.350,2.264,0.076,True,True,False
17.000,classification,GAZEBO_FAKE_YOLO11S_CLASSIFICATION class=bird,APPROACH_TARGET_OFFSET mode=AUTO nav_goal=TARGET_INSPECTION,AUTO,0.120,-0.350,2.284,0.075,True,True,False
17.000,bird_confirmed,True,APPROACH_TARGET_OFFSET mode=AUTO nav_goal=TARGET_INSPECTION,AUTO,0.120,-0.350,2.284,0.075,True,True,False
17.000,sound_state,IDLE_NO_REQUEST,APPROACH_TARGET_OFFSET mode=AUTO nav_goal=TARGET_INSPECTION,AUTO,0.120,-0.350,2.284,0.075,True,True,False
17.000,sound_done,False,APPROACH_TARGET_OFFSET mode=AUTO nav_goal=TARGET_INSPECTION,AUTO,0.120,-0.350,2.284,0.075,True,True,False
17.000,mission_state,APPROACH_TARGET_OFFSET mode=AUTO nav_goal=TARGET_INSPECTION,APPROACH_TARGET_OFFSET mode=AUTO nav_goal=TARGET_INSPECTION,AUTO,0.120,-0.350,2.284,0.075,True,True,False
17.000,bird_removed,REMOVED bird=bird_test_target removed_count=1 remaining_count=1 detected_hold_sec=5.26 tracking_hold_sec=5.26 mission_state=APPROACH_TARGET_OFFSET dynamic_lock=True sound_done_seen=False,APPROACH_TARGET_OFFSET mode=AUTO nav_goal=TARGET_INSPECTION,AUTO,0.120,-0.350,2.286,0.075,True,True,False
17.000,bird_removal_state,RELEASED bird=bird_single removed_count=1 remaining_count=1,APPROACH_TARGET_OFFSET mode=AUTO nav_goal=TARGET_INSPECTION,AUTO,0.120,-0.350,2.286,0.075,True,True,False
17.100,classification,GAZEBO_FAKE_YOLO11S_CLASSIFICATION class=bird,APPROACH_TARGET_OFFSET mode=AUTO nav_goal=TARGET_INSPECTION,AUTO,0.120,-0.350,2.303,0.073,True,True,False
17.100,bird_confirmed,True,APPROACH_TARGET_OFFSET mode=AUTO nav_goal=TARGET_INSPECTION,AUTO,0.120,-0.350,2.303,0.073,True,True,False
17.100,bird_removal_state,TRACKING_HOLD_STARTED bird=bird_single mission_state=APPROACH_TARGET_OFFSET target_class=bird bird_confirmed=True dynamic_lock=True,APPROACH_TARGET_OFFSET mode=AUTO nav_goal=TARGET_INSPECTION,AUTO,0.120,-0.350,2.305,0.073,True,True,False
17.200,mission_state,APPROACH_TARGET_OFFSET mode=AUTO nav_goal=TARGET_INSPECTION,APPROACH_TARGET_OFFSET mode=AUTO nav_goal=TARGET_INSPECTION,AUTO,0.120,-0.350,2.322,0.072,True,True,False
17.200,sound_state,IDLE_NO_REQUEST,APPROACH_TARGET_OFFSET mode=AUTO nav_goal=TARGET_INSPECTION,AUTO,0.120,-0.350,2.322,0.072,True,True,False
17.200,sound_done,False,APPROACH_TARGET_OFFSET mode=AUTO nav_goal=TARGET_INSPECTION,AUTO,0.120,-0.350,2.322,0.072,True,True,False
17.200,classification,GAZEBO_FAKE_YOLO11S_CLASSIFICATION class=bird,APPROACH_TARGET_OFFSET mode=AUTO nav_goal=TARGET_INSPECTION,AUTO,0.120,-0.350,2.324,0.072,True,True,False
17.200,bird_confirmed,True,APPROACH_TARGET_OFFSET mode=AUTO nav_goal=TARGET_INSPECTION,AUTO,0.120,-0.350,2.324,0.072,True,True,False
17.300,classification,GAZEBO_FAKE_YOLO11S_CLASSIFICATION class=bird,APPROACH_TARGET_OFFSET mode=AUTO nav_goal=TARGET_INSPECTION,AUTO,0.120,-0.350,2.342,0.070,True,True,False
17.300,bird_confirmed,True,APPROACH_TARGET_OFFSET mode=AUTO nav_goal=TARGET_INSPECTION,AUTO,0.120,-0.350,2.342,0.070,True,True,False
17.400,mission_state,APPROACH_TARGET_OFFSET mode=AUTO nav_goal=TARGET_INSPECTION,APPROACH_TARGET_OFFSET mode=AUTO nav_goal=TARGET_INSPECTION,AUTO,0.120,-0.350,2.361,0.068,True,True,False
17.400,dynamic_lock,False,APPROACH_TARGET_OFFSET mode=AUTO nav_goal=TARGET_INSPECTION,AUTO,0.120,-0.350,2.361,0.068,False,True,False
17.400,classification,GAZEBO_FAKE_YOLO11S_CLASSIFICATION class=bird,APPROACH_TARGET_OFFSET mode=AUTO nav_goal=TARGET_INSPECTION,AUTO,0.120,-0.350,2.361,0.068,False,True,False
17.400,bird_confirmed,True,APPROACH_TARGET_OFFSET mode=AUTO nav_goal=TARGET_INSPECTION,AUTO,0.120,-0.350,2.361,0.068,False,True,False
17.400,sound_state,IDLE_NO_REQUEST,APPROACH_TARGET_OFFSET mode=AUTO nav_goal=TARGET_INSPECTION,AUTO,0.120,-0.350,2.361,0.068,False,True,False
17.400,sound_done,False,APPROACH_TARGET_OFFSET mode=AUTO nav_goal=TARGET_INSPECTION,AUTO,0.120,-0.350,2.361,0.068,False,True,False
17.500,classification,WAITING_DYNAMIC_LOCK,APPROACH_TARGET_OFFSET mode=AUTO nav_goal=TARGET_INSPECTION,AUTO,0.120,-0.350,2.381,0.065,False,True,False
17.500,bird_confirmed,False,APPROACH_TARGET_OFFSET mode=AUTO nav_goal=TARGET_INSPECTION,AUTO,0.120,-0.350,2.381,0.065,False,False,False
17.600,sound_done,False,APPROACH_TARGET_OFFSET mode=AUTO nav_goal=TARGET_INSPECTION,AUTO,0.120,-0.350,2.400,0.063,False,False,False
17.600,mission_state,APPROACH_TARGET_OFFSET mode=AUTO nav_goal=TARGET_INSPECTION,APPROACH_TARGET_OFFSET mode=AUTO nav_goal=TARGET_INSPECTION,AUTO,0.120,-0.350,2.400,0.063,False,False,False
17.600,dynamic_lock,False,APPROACH_TARGET_OFFSET mode=AUTO nav_goal=TARGET_INSPECTION,AUTO,0.120,-0.350,2.400,0.063,False,False,False
17.600,classification,WAITING_DYNAMIC_LOCK,APPROACH_TARGET_OFFSET mode=AUTO nav_goal=TARGET_INSPECTION,AUTO,0.120,-0.350,2.400,0.063,False,False,False
17.600,bird_confirmed,False,APPROACH_TARGET_OFFSET mode=AUTO nav_goal=TARGET_INSPECTION,AUTO,0.120,-0.350,2.400,0.063,False,False,False
17.600,sound_state,IDLE_NO_REQUEST,APPROACH_TARGET_OFFSET mode=AUTO nav_goal=TARGET_INSPECTION,AUTO,0.120,-0.350,2.400,0.063,False,False,False
17.700,classification,WAITING_DYNAMIC_LOCK,APPROACH_TARGET_OFFSET mode=AUTO nav_goal=TARGET_INSPECTION,AUTO,0.120,-0.350,2.419,0.060,False,False,False
17.700,bird_confirmed,False,APPROACH_TARGET_OFFSET mode=AUTO nav_goal=TARGET_INSPECTION,AUTO,0.120,-0.350,2.419,0.060,False,False,False
17.800,mission_state,APPROACH_TARGET_OFFSET mode=AUTO nav_goal=TARGET_INSPECTION,APPROACH_TARGET_OFFSET mode=AUTO nav_goal=TARGET_INSPECTION,AUTO,0.120,-0.350,2.438,0.056,False,False,False
17.800,classification,WAITING_DYNAMIC_LOCK,APPROACH_TARGET_OFFSET mode=AUTO nav_goal=TARGET_INSPECTION,AUTO,0.120,-0.350,2.438,0.056,False,False,False
17.800,bird_confirmed,False,APPROACH_TARGET_OFFSET mode=AUTO nav_goal=TARGET_INSPECTION,AUTO,0.120,-0.350,2.438,0.056,False,False,False
17.800,sound_state,IDLE_NO_REQUEST,APPROACH_TARGET_OFFSET mode=AUTO nav_goal=TARGET_INSPECTION,AUTO,0.120,-0.350,2.438,0.056,False,False,False
17.800,sound_done,False,APPROACH_TARGET_OFFSET mode=AUTO nav_goal=TARGET_INSPECTION,AUTO,0.120,-0.350,2.438,0.056,False,False,False
17.800,dynamic_lock,False,APPROACH_TARGET_OFFSET mode=AUTO nav_goal=TARGET_INSPECTION,AUTO,0.120,-0.350,2.454,0.053,False,False,False
17.900,bird_confirmed,False,APPROACH_TARGET_OFFSET mode=AUTO nav_goal=TARGET_INSPECTION,AUTO,0.120,-0.350,2.457,0.053,False,False,False
17.900,classification,WAITING_DYNAMIC_LOCK,APPROACH_TARGET_OFFSET mode=AUTO nav_goal=TARGET_INSPECTION,AUTO,0.120,-0.350,2.457,0.053,False,False,False
18.000,mission_state,APPROACH_TARGET_OFFSET mode=AUTO nav_goal=TARGET_INSPECTION,APPROACH_TARGET_OFFSET mode=AUTO nav_goal=TARGET_INSPECTION,AUTO,0.120,-0.350,2.476,0.049,False,False,False
18.000,classification,WAITING_DYNAMIC_LOCK,APPROACH_TARGET_OFFSET mode=AUTO nav_goal=TARGET_INSPECTION,AUTO,0.120,-0.350,2.476,0.049,False,False,False
18.000,bird_confirmed,False,APPROACH_TARGET_OFFSET mode=AUTO nav_goal=TARGET_INSPECTION,AUTO,0.120,-0.350,2.476,0.049,False,False,False
18.000,sound_state,IDLE_NO_REQUEST,APPROACH_TARGET_OFFSET mode=AUTO nav_goal=TARGET_INSPECTION,AUTO,0.120,-0.350,2.476,0.049,False,False,False
18.000,sound_done,False,APPROACH_TARGET_OFFSET mode=AUTO nav_goal=TARGET_INSPECTION,AUTO,0.120,-0.350,2.476,0.049,False,False,False
18.000,dynamic_lock,False,APPROACH_TARGET_OFFSET mode=AUTO nav_goal=TARGET_INSPECTION,AUTO,0.120,-0.350,2.488,0.046,False,False,False
18.100,classification,WAITING_DYNAMIC_LOCK,APPROACH_TARGET_OFFSET mode=AUTO nav_goal=TARGET_INSPECTION,AUTO,0.120,-0.350,2.496,0.044,False,False,False
18.100,bird_confirmed,False,APPROACH_TARGET_OFFSET mode=AUTO nav_goal=TARGET_INSPECTION,AUTO,0.120,-0.350,2.496,0.044,False,False,False
18.200,bird_confirmed,False,APPROACH_TARGET_OFFSET mode=AUTO nav_goal=TARGET_INSPECTION,AUTO,0.120,-0.350,2.514,0.040,False,False,False
18.200,sound_state,IDLE_NO_REQUEST,APPROACH_TARGET_OFFSET mode=AUTO nav_goal=TARGET_INSPECTION,AUTO,0.120,-0.350,2.514,0.040,False,False,False
18.200,sound_done,False,APPROACH_TARGET_OFFSET mode=AUTO nav_goal=TARGET_INSPECTION,AUTO,0.120,-0.350,2.514,0.040,False,False,False
18.200,classification,WAITING_DYNAMIC_LOCK,APPROACH_TARGET_OFFSET mode=AUTO nav_goal=TARGET_INSPECTION,AUTO,0.120,-0.350,2.514,0.040,False,False,False
18.200,mission_state,APPROACH_TARGET_OFFSET mode=AUTO nav_goal=TARGET_INSPECTION,APPROACH_TARGET_OFFSET mode=AUTO nav_goal=TARGET_INSPECTION,AUTO,0.120,-0.350,2.516,0.039,False,False,False
18.200,dynamic_lock,False,APPROACH_TARGET_OFFSET mode=AUTO nav_goal=TARGET_INSPECTION,AUTO,0.120,-0.350,2.524,0.038,False,False,False
18.300,classification,WAITING_DYNAMIC_LOCK,APPROACH_TARGET_OFFSET mode=AUTO nav_goal=TARGET_INSPECTION,AUTO,0.120,-0.350,2.535,0.034,False,False,False
18.300,bird_confirmed,False,APPROACH_TARGET_OFFSET mode=AUTO nav_goal=TARGET_INSPECTION,AUTO,0.120,-0.350,2.535,0.034,False,False,False
18.400,sound_state,IDLE_NO_REQUEST,APPROACH_TARGET_OFFSET mode=AUTO nav_goal=TARGET_INSPECTION,AUTO,0.120,-0.350,2.552,0.029,False,False,False
18.400,sound_done,False,APPROACH_TARGET_OFFSET mode=AUTO nav_goal=TARGET_INSPECTION,AUTO,0.120,-0.350,2.552,0.029,False,False,False
18.400,bird_confirmed,False,APPROACH_TARGET_OFFSET mode=AUTO nav_goal=TARGET_INSPECTION,AUTO,0.120,-0.350,2.554,0.029,False,False,False
18.400,mission_state,APPROACH_TARGET_OFFSET mode=AUTO nav_goal=TARGET_INSPECTION,APPROACH_TARGET_OFFSET mode=AUTO nav_goal=TARGET_INSPECTION,AUTO,0.120,-0.350,2.554,0.029,False,False,False
18.400,classification,WAITING_DYNAMIC_LOCK,APPROACH_TARGET_OFFSET mode=AUTO nav_goal=TARGET_INSPECTION,AUTO,0.120,-0.350,2.554,0.029,False,False,False
18.400,dynamic_lock,False,APPROACH_TARGET_OFFSET mode=AUTO nav_goal=TARGET_INSPECTION,AUTO,0.120,-0.350,2.558,0.027,False,False,False
18.500,bird_confirmed,False,APPROACH_TARGET_OFFSET mode=AUTO nav_goal=TARGET_INSPECTION,AUTO,0.120,-0.350,2.570,0.023,False,False,False
18.500,mission_event,timestamp=18.500 mission_id=0 target_mission_id=1 state=APPROACH_TARGET_OFFSET event_type=SIM_NAV_GOAL_ARRIVED reason=TARGET_INSPECTION waypoint_index=2,APPROACH_TARGET_OFFSET mode=AUTO nav_goal=TARGET_INSPECTION,AUTO,0.120,-0.350,2.570,0.023,False,False,False
18.500,classification,WAITING_DYNAMIC_LOCK,APPROACH_TARGET_OFFSET mode=AUTO nav_goal=TARGET_INSPECTION,AUTO,0.120,-0.350,2.570,0.023,False,False,False
18.500,mission_event,timestamp=18.500 mission_id=0 target_mission_id=1 state=APPROACH_TARGET_OFFSET event_type=NAV2_GOAL_SUCCEEDED reason=TARGET_INSPECTION waypoint_index=2,APPROACH_TARGET_OFFSET mode=AUTO nav_goal=TARGET_INSPECTION,AUTO,0.120,-0.350,2.572,0.023,False,False,False
18.500,mission_event,timestamp=18.500 mission_id=0 target_mission_id=1 state=TARGET_REACHED event_type=STATE_CHANGE reason=previous=APPROACH_TARGET_OFFSET next=TARGET_REACHED reason=inspection_offset_goal_reached waypoint_index=2,APPROACH_TARGET_OFFSET mode=AUTO nav_goal=TARGET_INSPECTION,AUTO,0.120,-0.350,2.572,0.023,False,False,False
18.600,dynamic_lock,False,APPROACH_TARGET_OFFSET mode=AUTO nav_goal=TARGET_INSPECTION,AUTO,0.120,-0.350,2.589,0.017,False,False,False
18.600,classification,WAITING_DYNAMIC_LOCK,APPROACH_TARGET_OFFSET mode=AUTO nav_goal=TARGET_INSPECTION,AUTO,0.120,-0.350,2.589,0.017,False,False,False
18.600,bird_confirmed,False,APPROACH_TARGET_OFFSET mode=AUTO nav_goal=TARGET_INSPECTION,AUTO,0.120,-0.350,2.589,0.017,False,False,False
18.600,sound_state,IDLE_NO_REQUEST,APPROACH_TARGET_OFFSET mode=AUTO nav_goal=TARGET_INSPECTION,AUTO,0.120,-0.350,2.589,0.017,False,False,False
18.600,sound_done,False,APPROACH_TARGET_OFFSET mode=AUTO nav_goal=TARGET_INSPECTION,AUTO,0.120,-0.350,2.589,0.017,False,False,False
18.600,mission_state,TARGET_REACHED mode=AUTO nav_goal=NONE,TARGET_REACHED mode=AUTO nav_goal=NONE,AUTO,0.120,-0.350,2.591,0.016,False,False,False
18.600,mission_event,timestamp=18.600 mission_id=0 target_mission_id=1 state=TARGET_REACHED event_type=CAMERA_AIM_REQUESTED reason=target_goal_reached waypoint_index=2,TARGET_REACHED mode=AUTO nav_goal=NONE,AUTO,0.120,-0.350,2.591,0.016,False,False,False
18.600,mission_event,timestamp=18.600 mission_id=0 target_mission_id=1 state=CAMERA_ALIGN_TO_TARGET event_type=STATE_CHANGE reason=previous=TARGET_REACHED next=CAMERA_ALIGN_TO_TARGET reason=target_goal_reached waypoint_index=2,TARGET_REACHED mode=AUTO nav_goal=NONE,AUTO,0.120,-0.350,2.591,0.016,False,False,False
18.700,classification,GAZEBO_FAKE_YOLO11S_CLASSIFICATION camera_alignment_requested=true class=bird,TARGET_REACHED mode=AUTO nav_goal=NONE,AUTO,0.040,-0.230,2.607,0.010,False,False,False
18.700,bird_confirmed,True,TARGET_REACHED mode=AUTO nav_goal=NONE,AUTO,0.040,-0.230,2.607,0.010,False,True,False
18.700,camera_alignment,CAMERA_ALIGNMENT mode=logical centered=False bearing=-0.338 tilt_cmd=-0.700 joint_publish=False,TARGET_REACHED mode=AUTO nav_goal=NONE,AUTO,0.000,-0.110,2.609,0.009,False,True,False
18.800,dynamic_lock,False,TARGET_REACHED mode=AUTO nav_goal=NONE,AUTO,0.000,-0.110,2.619,0.006,False,True,False
18.800,camera_alignment,CAMERA_ALIGNMENT mode=logical centered=False bearing=-0.338 tilt_cmd=-0.700 joint_publish=False,TARGET_REACHED mode=AUTO nav_goal=NONE,AUTO,0.000,-0.110,2.619,0.006,False,True,False
18.800,classification,GAZEBO_FAKE_YOLO11S_CLASSIFICATION camera_alignment_requested=true class=bird,TARGET_REACHED mode=AUTO nav_goal=NONE,AUTO,0.000,-0.110,2.619,0.006,False,True,False
18.800,bird_confirmed,True,TARGET_REACHED mode=AUTO nav_goal=NONE,AUTO,0.000,-0.110,2.619,0.006,False,True,False
18.800,sound_state,IDLE_NO_REQUEST,TARGET_REACHED mode=AUTO nav_goal=NONE,AUTO,0.000,-0.110,2.619,0.006,False,True,False
18.800,sound_done,False,TARGET_REACHED mode=AUTO nav_goal=NONE,AUTO,0.000,-0.110,2.619,0.006,False,True,False
18.800,mission_state,CAMERA_ALIGN_TO_TARGET mode=AUTO nav_goal=NONE,CAMERA_ALIGN_TO_TARGET mode=AUTO nav_goal=NONE,AUTO,0.000,0.000,2.620,0.005,False,True,False
18.800,mission_event,timestamp=18.800 mission_id=0 target_mission_id=1 state=CAMERA_ALIGN_TO_TARGET event_type=CAMERA_AIM_REQUESTED reason=aligning waypoint_index=2,CAMERA_ALIGN_TO_TARGET mode=AUTO nav_goal=NONE,AUTO,0.000,0.000,2.620,0.005,False,True,False
18.900,camera_alignment,CAMERA_ALIGNMENT mode=logical centered=False bearing=-0.338 tilt_cmd=-0.700 joint_publish=False,CAMERA_ALIGN_TO_TARGET mode=AUTO nav_goal=NONE,AUTO,0.000,0.000,2.621,0.005,False,True,False
18.900,classification,GAZEBO_FAKE_YOLO11S_CLASSIFICATION camera_alignment_requested=true class=bird,CAMERA_ALIGN_TO_TARGET mode=AUTO nav_goal=NONE,AUTO,0.000,0.000,2.621,0.005,False,True,False
18.900,bird_confirmed,True,CAMERA_ALIGN_TO_TARGET mode=AUTO nav_goal=NONE,AUTO,0.000,0.000,2.621,0.005,False,True,False
19.000,mission_state,CAMERA_ALIGN_TO_TARGET mode=AUTO nav_goal=NONE,CAMERA_ALIGN_TO_TARGET mode=AUTO nav_goal=NONE,AUTO,0.000,0.000,2.621,0.005,False,True,False
19.000,dynamic_lock,False,CAMERA_ALIGN_TO_TARGET mode=AUTO nav_goal=NONE,AUTO,0.000,0.000,2.621,0.005,False,True,False
19.000,camera_alignment,CAMERA_ALIGNMENT mode=logical centered=False bearing=-0.338 tilt_cmd=-0.700 joint_publish=False,CAMERA_ALIGN_TO_TARGET mode=AUTO nav_goal=NONE,AUTO,0.000,0.000,2.621,0.005,False,True,False
19.000,classification,GAZEBO_FAKE_YOLO11S_CLASSIFICATION camera_alignment_requested=true class=bird,CAMERA_ALIGN_TO_TARGET mode=AUTO nav_goal=NONE,AUTO,0.000,0.000,2.621,0.005,False,True,False
19.000,bird_confirmed,True,CAMERA_ALIGN_TO_TARGET mode=AUTO nav_goal=NONE,AUTO,0.000,0.000,2.621,0.005,False,True,False
19.000,sound_state,IDLE_NO_REQUEST,CAMERA_ALIGN_TO_TARGET mode=AUTO nav_goal=NONE,AUTO,0.000,0.000,2.621,0.005,False,True,False
19.000,sound_done,False,CAMERA_ALIGN_TO_TARGET mode=AUTO nav_goal=NONE,AUTO,0.000,0.000,2.621,0.005,False,True,False
19.000,mission_event,timestamp=19.000 mission_id=0 target_mission_id=1 state=CAMERA_ALIGN_TO_TARGET event_type=CAMERA_AIM_REQUESTED reason=aligning waypoint_index=2,CAMERA_ALIGN_TO_TARGET mode=AUTO nav_goal=NONE,AUTO,0.000,0.000,2.621,0.005,False,True,False
19.100,camera_alignment,CAMERA_ALIGNMENT mode=logical centered=False bearing=-0.338 tilt_cmd=-0.700 joint_publish=False,CAMERA_ALIGN_TO_TARGET mode=AUTO nav_goal=NONE,AUTO,0.000,0.000,2.621,0.005,False,True,False
19.100,classification,GAZEBO_FAKE_YOLO11S_CLASSIFICATION camera_alignment_requested=true class=bird,CAMERA_ALIGN_TO_TARGET mode=AUTO nav_goal=NONE,AUTO,0.000,0.000,2.621,0.005,False,True,False
19.100,bird_confirmed,True,CAMERA_ALIGN_TO_TARGET mode=AUTO nav_goal=NONE,AUTO,0.000,0.000,2.621,0.005,False,True,False
19.200,sound_done,False,CAMERA_ALIGN_TO_TARGET mode=AUTO nav_goal=NONE,AUTO,0.000,-0.240,2.622,0.005,False,True,False
19.200,camera_alignment,CAMERA_ALIGNMENT mode=logical centered=False bearing=-0.338 tilt_cmd=-0.700 joint_publish=False,CAMERA_ALIGN_TO_TARGET mode=AUTO nav_goal=NONE,AUTO,0.000,-0.240,2.622,0.005,False,True,False
19.200,classification,GAZEBO_FAKE_YOLO11S_CLASSIFICATION camera_alignment_requested=true class=bird,CAMERA_ALIGN_TO_TARGET mode=AUTO nav_goal=NONE,AUTO,0.000,-0.240,2.622,0.005,False,True,False
19.200,bird_confirmed,True,CAMERA_ALIGN_TO_TARGET mode=AUTO nav_goal=NONE,AUTO,0.000,-0.240,2.622,0.005,False,True,False
19.200,sound_state,IDLE_NO_REQUEST,CAMERA_ALIGN_TO_TARGET mode=AUTO nav_goal=NONE,AUTO,0.000,-0.240,2.622,0.005,False,True,False
19.200,dynamic_lock,False,CAMERA_ALIGN_TO_TARGET mode=AUTO nav_goal=NONE,AUTO,0.000,-0.338,2.622,0.005,False,True,False
19.200,mission_state,CAMERA_ALIGN_TO_TARGET mode=AUTO nav_goal=NONE,CAMERA_ALIGN_TO_TARGET mode=AUTO nav_goal=NONE,AUTO,0.000,-0.338,2.622,0.005,False,True,False
19.200,mission_event,timestamp=19.200 mission_id=0 target_mission_id=1 state=CAMERA_ALIGN_TO_TARGET event_type=CAMERA_AIM_REQUESTED reason=aligning waypoint_index=2,CAMERA_ALIGN_TO_TARGET mode=AUTO nav_goal=NONE,AUTO,0.000,-0.338,2.622,0.005,False,True,False
19.300,camera_alignment,CAMERA_ALIGNMENT mode=logical centered=False bearing=-0.338 tilt_cmd=-0.700 joint_publish=False,CAMERA_ALIGN_TO_TARGET mode=AUTO nav_goal=NONE,AUTO,0.000,-0.338,2.622,0.005,False,True,False
19.300,classification,GAZEBO_FAKE_YOLO11S_CLASSIFICATION camera_alignment_requested=true class=bird,CAMERA_ALIGN_TO_TARGET mode=AUTO nav_goal=NONE,AUTO,0.000,-0.338,2.622,0.005,False,True,False
19.300,bird_confirmed,True,CAMERA_ALIGN_TO_TARGET mode=AUTO nav_goal=NONE,AUTO,0.000,-0.338,2.622,0.005,False,True,False
19.400,camera_alignment,CAMERA_ALIGNMENT mode=logical centered=False bearing=-0.338 tilt_cmd=-0.700 joint_publish=False,CAMERA_ALIGN_TO_TARGET mode=AUTO nav_goal=NONE,AUTO,0.000,-0.338,2.623,0.005,False,True,False
19.400,classification,GAZEBO_FAKE_YOLO11S_CLASSIFICATION camera_alignment_requested=true class=bird,CAMERA_ALIGN_TO_TARGET mode=AUTO nav_goal=NONE,AUTO,0.000,-0.338,2.623,0.005,False,True,False
19.400,bird_confirmed,True,CAMERA_ALIGN_TO_TARGET mode=AUTO nav_goal=NONE,AUTO,0.000,-0.338,2.623,0.005,False,True,False
19.400,sound_state,IDLE_NO_REQUEST,CAMERA_ALIGN_TO_TARGET mode=AUTO nav_goal=NONE,AUTO,0.000,-0.338,2.623,0.005,False,True,False
19.400,sound_done,False,CAMERA_ALIGN_TO_TARGET mode=AUTO nav_goal=NONE,AUTO,0.000,-0.338,2.623,0.005,False,True,False
19.400,mission_state,CAMERA_ALIGN_TO_TARGET mode=AUTO nav_goal=NONE,CAMERA_ALIGN_TO_TARGET mode=AUTO nav_goal=NONE,AUTO,0.000,-0.338,2.623,0.005,False,True,False
19.400,mission_event,timestamp=19.400 mission_id=0 target_mission_id=1 state=CAMERA_ALIGN_TO_TARGET event_type=CAMERA_AIM_REQUESTED reason=aligning waypoint_index=2,CAMERA_ALIGN_TO_TARGET mode=AUTO nav_goal=NONE,AUTO,0.000,-0.338,2.623,0.005,False,True,False
19.400,dynamic_lock,False,CAMERA_ALIGN_TO_TARGET mode=AUTO nav_goal=NONE,AUTO,0.000,-0.338,2.623,0.005,False,True,False
19.500,camera_alignment,CAMERA_ALIGNMENT mode=logical centered=False bearing=-0.338 tilt_cmd=-0.700 joint_publish=False,CAMERA_ALIGN_TO_TARGET mode=AUTO nav_goal=NONE,AUTO,0.000,-0.338,2.623,0.004,False,True,False
19.500,classification,GAZEBO_FAKE_YOLO11S_CLASSIFICATION camera_alignment_requested=true class=bird,CAMERA_ALIGN_TO_TARGET mode=AUTO nav_goal=NONE,AUTO,0.000,-0.338,2.623,0.004,False,True,False
19.500,bird_confirmed,True,CAMERA_ALIGN_TO_TARGET mode=AUTO nav_goal=NONE,AUTO,0.000,-0.338,2.623,0.004,False,True,False
19.600,sound_done,False,CAMERA_ALIGN_TO_TARGET mode=AUTO nav_goal=NONE,AUTO,0.000,-0.338,2.623,0.004,False,True,False
19.600,camera_alignment,CAMERA_ALIGNMENT mode=logical centered=False bearing=-0.338 tilt_cmd=-0.700 joint_publish=False,CAMERA_ALIGN_TO_TARGET mode=AUTO nav_goal=NONE,AUTO,0.000,-0.338,2.623,0.004,False,True,False
19.600,classification,GAZEBO_FAKE_YOLO11S_CLASSIFICATION camera_alignment_requested=true class=bird,CAMERA_ALIGN_TO_TARGET mode=AUTO nav_goal=NONE,AUTO,0.000,-0.338,2.623,0.004,False,True,False
19.600,bird_confirmed,True,CAMERA_ALIGN_TO_TARGET mode=AUTO nav_goal=NONE,AUTO,0.000,-0.338,2.623,0.004,False,True,False
19.600,sound_state,IDLE_NO_REQUEST,CAMERA_ALIGN_TO_TARGET mode=AUTO nav_goal=NONE,AUTO,0.000,-0.338,2.623,0.004,False,True,False
19.600,mission_state,CAMERA_ALIGN_TO_TARGET mode=AUTO nav_goal=NONE,CAMERA_ALIGN_TO_TARGET mode=AUTO nav_goal=NONE,AUTO,0.000,-0.338,2.623,0.004,False,True,False
19.600,dynamic_lock,False,CAMERA_ALIGN_TO_TARGET mode=AUTO nav_goal=NONE,AUTO,0.000,-0.338,2.623,0.004,False,True,False
19.600,mission_event,timestamp=19.600 mission_id=0 target_mission_id=1 state=CAMERA_ALIGN_TO_TARGET event_type=CAMERA_AIM_REQUESTED reason=aligning waypoint_index=2,CAMERA_ALIGN_TO_TARGET mode=AUTO nav_goal=NONE,AUTO,0.000,-0.338,2.623,0.003,False,True,False
19.700,camera_alignment,CAMERA_ALIGNMENT mode=logical centered=False bearing=-0.338 tilt_cmd=-0.700 joint_publish=False,CAMERA_ALIGN_TO_TARGET mode=AUTO nav_goal=NONE,AUTO,0.000,-0.338,2.624,0.003,False,True,False
19.700,classification,GAZEBO_FAKE_YOLO11S_CLASSIFICATION camera_alignment_requested=true class=bird,CAMERA_ALIGN_TO_TARGET mode=AUTO nav_goal=NONE,AUTO,0.000,-0.338,2.624,0.003,False,True,False
19.700,bird_confirmed,True,CAMERA_ALIGN_TO_TARGET mode=AUTO nav_goal=NONE,AUTO,0.000,-0.338,2.624,0.003,False,True,False
19.800,dynamic_lock,False,CAMERA_ALIGN_TO_TARGET mode=AUTO nav_goal=NONE,AUTO,0.000,-0.338,2.624,0.004,False,True,False
19.800,camera_alignment,CAMERA_ALIGNMENT mode=logical centered=False bearing=-0.338 tilt_cmd=-0.700 joint_publish=False,CAMERA_ALIGN_TO_TARGET mode=AUTO nav_goal=NONE,AUTO,0.000,-0.338,2.624,0.004,False,True,False
19.800,classification,GAZEBO_FAKE_YOLO11S_CLASSIFICATION camera_alignment_requested=true class=bird,CAMERA_ALIGN_TO_TARGET mode=AUTO nav_goal=NONE,AUTO,0.000,-0.338,2.624,0.004,False,True,False
19.800,bird_confirmed,True,CAMERA_ALIGN_TO_TARGET mode=AUTO nav_goal=NONE,AUTO,0.000,-0.338,2.624,0.004,False,True,False
19.800,sound_state,IDLE_NO_REQUEST,CAMERA_ALIGN_TO_TARGET mode=AUTO nav_goal=NONE,AUTO,0.000,-0.338,2.624,0.004,False,True,False
19.800,sound_done,False,CAMERA_ALIGN_TO_TARGET mode=AUTO nav_goal=NONE,AUTO,0.000,-0.338,2.624,0.004,False,True,False
19.800,mission_state,CAMERA_ALIGN_TO_TARGET mode=AUTO nav_goal=NONE,CAMERA_ALIGN_TO_TARGET mode=AUTO nav_goal=NONE,AUTO,0.000,-0.338,2.624,0.004,False,True,False
19.800,mission_event,timestamp=19.800 mission_id=0 target_mission_id=1 state=CAMERA_ALIGN_TO_TARGET event_type=CAMERA_AIM_REQUESTED reason=aligning waypoint_index=2,CAMERA_ALIGN_TO_TARGET mode=AUTO nav_goal=NONE,AUTO,0.000,-0.338,2.624,0.004,False,True,False
19.800,bird_removed,REMOVED bird=bird_single removed_count=2 remaining_count=0 detected_hold_sec=5.17 tracking_hold_sec=5.17 mission_state=CAMERA_ALIGN_TO_TARGET dynamic_lock=False sound_done_seen=False,CAMERA_ALIGN_TO_TARGET mode=AUTO nav_goal=NONE,AUTO,0.000,-0.338,2.624,0.004,False,True,False
19.800,bird_removal_state,REMOVAL_GOAL_REACHED removed_count=2 goal=2,CAMERA_ALIGN_TO_TARGET mode=AUTO nav_goal=NONE,AUTO,0.000,-0.338,2.624,0.004,False,True,False
19.900,classification,GAZEBO_FAKE_YOLO11S_CLASSIFICATION camera_alignment_requested=true class=bird,CAMERA_ALIGN_TO_TARGET mode=AUTO nav_goal=NONE,AUTO,0.000,-0.338,2.624,0.003,False,True,False
19.900,bird_confirmed,True,CAMERA_ALIGN_TO_TARGET mode=AUTO nav_goal=NONE,AUTO,0.000,-0.338,2.624,0.003,False,True,False
19.900,camera_alignment,CAMERA_ALIGNMENT mode=logical centered=False bearing=-0.338 tilt_cmd=-0.700 joint_publish=False,CAMERA_ALIGN_TO_TARGET mode=AUTO nav_goal=NONE,AUTO,0.000,-0.338,2.624,0.003,False,True,False
20.000,dynamic_lock,False,CAMERA_ALIGN_TO_TARGET mode=AUTO nav_goal=NONE,AUTO,0.000,-0.338,2.624,0.003,False,True,False
20.000,camera_alignment,CAMERA_ALIGNMENT mode=logical centered=False bearing=-0.338 tilt_cmd=-0.700 joint_publish=False,CAMERA_ALIGN_TO_TARGET mode=AUTO nav_goal=NONE,AUTO,0.000,-0.338,2.624,0.003,False,True,False
20.000,classification,GAZEBO_FAKE_YOLO11S_CLASSIFICATION camera_alignment_requested=true class=bird,CAMERA_ALIGN_TO_TARGET mode=AUTO nav_goal=NONE,AUTO,0.000,-0.338,2.624,0.003,False,True,False
20.000,bird_confirmed,True,CAMERA_ALIGN_TO_TARGET mode=AUTO nav_goal=NONE,AUTO,0.000,-0.338,2.624,0.003,False,True,False
20.000,sound_state,IDLE_NO_REQUEST,CAMERA_ALIGN_TO_TARGET mode=AUTO nav_goal=NONE,AUTO,0.000,-0.338,2.624,0.003,False,True,False
20.000,sound_done,False,CAMERA_ALIGN_TO_TARGET mode=AUTO nav_goal=NONE,AUTO,0.000,-0.338,2.624,0.003,False,True,False
20.000,mission_state,CAMERA_ALIGN_TO_TARGET mode=AUTO nav_goal=NONE,CAMERA_ALIGN_TO_TARGET mode=AUTO nav_goal=NONE,AUTO,0.000,-0.338,2.624,0.003,False,True,False
20.000,mission_event,timestamp=20.000 mission_id=0 target_mission_id=1 state=CAMERA_ALIGN_TO_TARGET event_type=CAMERA_AIM_REQUESTED reason=aligning waypoint_index=2,CAMERA_ALIGN_TO_TARGET mode=AUTO nav_goal=NONE,AUTO,0.000,-0.338,2.624,0.003,False,True,False
20.100,camera_alignment,CAMERA_ALIGNMENT mode=logical centered=False bearing=-0.338 tilt_cmd=-0.700 joint_publish=False,CAMERA_ALIGN_TO_TARGET mode=AUTO nav_goal=NONE,AUTO,0.000,-0.338,2.624,0.003,False,True,False
20.100,bird_confirmed,True,CAMERA_ALIGN_TO_TARGET mode=AUTO nav_goal=NONE,AUTO,0.000,-0.338,2.624,0.003,False,True,False
20.100,classification,GAZEBO_FAKE_YOLO11S_CLASSIFICATION camera_alignment_requested=true class=bird,CAMERA_ALIGN_TO_TARGET mode=AUTO nav_goal=NONE,AUTO,0.000,-0.338,2.624,0.003,False,True,False
20.200,camera_alignment,CAMERA_ALIGNMENT mode=logical centered=False bearing=-0.338 tilt_cmd=-0.700 joint_publish=False,CAMERA_ALIGN_TO_TARGET mode=AUTO nav_goal=NONE,AUTO,0.000,-0.338,2.625,0.002,False,True,False
20.200,classification,GAZEBO_FAKE_YOLO11S_CLASSIFICATION camera_alignment_requested=true class=bird,CAMERA_ALIGN_TO_TARGET mode=AUTO nav_goal=NONE,AUTO,0.000,-0.338,2.625,0.002,False,True,False
20.200,bird_confirmed,True,CAMERA_ALIGN_TO_TARGET mode=AUTO nav_goal=NONE,AUTO,0.000,-0.338,2.625,0.002,False,True,False
20.200,sound_state,IDLE_NO_REQUEST,CAMERA_ALIGN_TO_TARGET mode=AUTO nav_goal=NONE,AUTO,0.000,-0.338,2.625,0.002,False,True,False
20.200,sound_done,False,CAMERA_ALIGN_TO_TARGET mode=AUTO nav_goal=NONE,AUTO,0.000,-0.338,2.625,0.002,False,True,False
20.200,dynamic_lock,False,CAMERA_ALIGN_TO_TARGET mode=AUTO nav_goal=NONE,AUTO,0.000,-0.338,2.625,0.002,False,True,False
20.200,mission_state,CAMERA_ALIGN_TO_TARGET mode=AUTO nav_goal=NONE,CAMERA_ALIGN_TO_TARGET mode=AUTO nav_goal=NONE,AUTO,0.000,-0.338,2.625,0.002,False,True,False
20.200,mission_event,timestamp=20.200 mission_id=0 target_mission_id=1 state=CAMERA_ALIGN_TO_TARGET event_type=CAMERA_AIM_REQUESTED reason=aligning waypoint_index=2,CAMERA_ALIGN_TO_TARGET mode=AUTO nav_goal=NONE,AUTO,0.000,-0.338,2.625,0.002,False,True,False
20.300,classification,GAZEBO_FAKE_YOLO11S_CLASSIFICATION camera_alignment_requested=true class=bird,CAMERA_ALIGN_TO_TARGET mode=AUTO nav_goal=NONE,AUTO,0.000,-0.338,2.625,0.002,False,True,False
20.300,bird_confirmed,True,CAMERA_ALIGN_TO_TARGET mode=AUTO nav_goal=NONE,AUTO,0.000,-0.338,2.625,0.002,False,True,False
20.300,camera_alignment,CAMERA_ALIGNMENT mode=logical centered=False bearing=-0.338 tilt_cmd=-0.700 joint_publish=False,CAMERA_ALIGN_TO_TARGET mode=AUTO nav_goal=NONE,AUTO,0.000,-0.338,2.625,0.002,False,True,False
20.400,dynamic_lock,False,CAMERA_ALIGN_TO_TARGET mode=AUTO nav_goal=NONE,AUTO,0.000,-0.338,2.625,0.002,False,True,False
20.400,camera_alignment,CAMERA_ALIGNMENT mode=logical centered=False bearing=-0.338 tilt_cmd=-0.700 joint_publish=False,CAMERA_ALIGN_TO_TARGET mode=AUTO nav_goal=NONE,AUTO,0.000,-0.338,2.625,0.002,False,True,False
20.400,bird_confirmed,True,CAMERA_ALIGN_TO_TARGET mode=AUTO nav_goal=NONE,AUTO,0.000,-0.338,2.625,0.002,False,True,False
20.400,sound_done,False,CAMERA_ALIGN_TO_TARGET mode=AUTO nav_goal=NONE,AUTO,0.000,-0.338,2.625,0.002,False,True,False
20.400,mission_state,CAMERA_ALIGN_TO_TARGET mode=AUTO nav_goal=NONE,CAMERA_ALIGN_TO_TARGET mode=AUTO nav_goal=NONE,AUTO,0.000,-0.338,2.625,0.002,False,True,False
20.400,mission_event,timestamp=20.400 mission_id=0 target_mission_id=1 state=CAMERA_ALIGN_TO_TARGET event_type=CAMERA_AIM_REQUESTED reason=aligning waypoint_index=2,CAMERA_ALIGN_TO_TARGET mode=AUTO nav_goal=NONE,AUTO,0.000,-0.338,2.625,0.002,False,True,False
20.400,classification,GAZEBO_FAKE_YOLO11S_CLASSIFICATION camera_alignment_requested=true class=bird,CAMERA_ALIGN_TO_TARGET mode=AUTO nav_goal=NONE,AUTO,0.000,-0.338,2.625,0.002,False,True,False
20.400,sound_state,IDLE_NO_REQUEST,CAMERA_ALIGN_TO_TARGET mode=AUTO nav_goal=NONE,AUTO,0.000,-0.338,2.625,0.002,False,True,False
20.500,camera_alignment,CAMERA_ALIGNMENT mode=logical centered=False bearing=-0.338 tilt_cmd=-0.700 joint_publish=False,CAMERA_ALIGN_TO_TARGET mode=AUTO nav_goal=NONE,AUTO,0.000,-0.338,2.626,0.002,False,True,False
20.500,classification,GAZEBO_FAKE_YOLO11S_CLASSIFICATION camera_alignment_requested=true class=bird,CAMERA_ALIGN_TO_TARGET mode=AUTO nav_goal=NONE,AUTO,0.000,-0.338,2.626,0.002,False,True,False
20.500,bird_confirmed,True,CAMERA_ALIGN_TO_TARGET mode=AUTO nav_goal=NONE,AUTO,0.000,-0.338,2.626,0.002,False,True,False
20.600,camera_alignment,CAMERA_ALIGNMENT mode=logical centered=False bearing=-0.338 tilt_cmd=-0.700 joint_publish=False,CAMERA_ALIGN_TO_TARGET mode=AUTO nav_goal=NONE,AUTO,0.000,-0.338,2.626,0.001,False,True,False
20.600,classification,GAZEBO_FAKE_YOLO11S_CLASSIFICATION camera_alignment_requested=true class=bird,CAMERA_ALIGN_TO_TARGET mode=AUTO nav_goal=NONE,AUTO,0.000,-0.338,2.626,0.001,False,True,False
20.600,bird_confirmed,True,CAMERA_ALIGN_TO_TARGET mode=AUTO nav_goal=NONE,AUTO,0.000,-0.338,2.626,0.001,False,True,False
20.600,sound_state,IDLE_NO_REQUEST,CAMERA_ALIGN_TO_TARGET mode=AUTO nav_goal=NONE,AUTO,0.000,-0.338,2.626,0.001,False,True,False
20.600,sound_done,False,CAMERA_ALIGN_TO_TARGET mode=AUTO nav_goal=NONE,AUTO,0.000,-0.338,2.626,0.001,False,True,False
20.600,mission_state,CAMERA_ALIGN_TO_TARGET mode=AUTO nav_goal=NONE,CAMERA_ALIGN_TO_TARGET mode=AUTO nav_goal=NONE,AUTO,0.000,-0.338,2.626,0.001,False,True,False
20.600,mission_event,timestamp=20.600 mission_id=0 target_mission_id=1 state=CAMERA_ALIGN_TO_TARGET event_type=CAMERA_AIM_REQUESTED reason=aligning waypoint_index=2,CAMERA_ALIGN_TO_TARGET mode=AUTO nav_goal=NONE,AUTO,0.000,-0.338,2.626,0.001,False,True,False
20.600,dynamic_lock,False,CAMERA_ALIGN_TO_TARGET mode=AUTO nav_goal=NONE,AUTO,0.000,-0.338,2.626,0.001,False,True,False
20.700,classification,GAZEBO_FAKE_YOLO11S_CLASSIFICATION camera_alignment_requested=true class=bird,CAMERA_ALIGN_TO_TARGET mode=AUTO nav_goal=NONE,AUTO,0.000,-0.338,2.626,0.002,False,True,False
20.700,bird_confirmed,True,CAMERA_ALIGN_TO_TARGET mode=AUTO nav_goal=NONE,AUTO,0.000,-0.338,2.626,0.002,False,True,False
20.700,camera_alignment,CAMERA_ALIGNMENT mode=logical centered=False bearing=-0.338 tilt_cmd=-0.700 joint_publish=False,CAMERA_ALIGN_TO_TARGET mode=AUTO nav_goal=NONE,AUTO,0.000,-0.338,2.626,0.002,False,True,False
20.800,camera_alignment,CAMERA_ALIGNMENT mode=logical centered=False bearing=-0.338 tilt_cmd=-0.700 joint_publish=False,CAMERA_ALIGN_TO_TARGET mode=AUTO nav_goal=NONE,AUTO,0.000,-0.338,2.626,0.002,False,True,False
20.800,classification,GAZEBO_FAKE_YOLO11S_CLASSIFICATION camera_alignment_requested=true class=bird,CAMERA_ALIGN_TO_TARGET mode=AUTO nav_goal=NONE,AUTO,0.000,-0.338,2.626,0.002,False,True,False
20.800,bird_confirmed,True,CAMERA_ALIGN_TO_TARGET mode=AUTO nav_goal=NONE,AUTO,0.000,-0.338,2.626,0.002,False,True,False
20.800,mission_state,CAMERA_ALIGN_TO_TARGET mode=AUTO nav_goal=NONE,CAMERA_ALIGN_TO_TARGET mode=AUTO nav_goal=NONE,AUTO,0.000,-0.338,2.626,0.002,False,True,False
20.800,mission_event,timestamp=20.800 mission_id=0 target_mission_id=1 state=CAMERA_ALIGN_TO_TARGET event_type=CAMERA_AIM_REQUESTED reason=aligning waypoint_index=2,CAMERA_ALIGN_TO_TARGET mode=AUTO nav_goal=NONE,AUTO,0.000,-0.338,2.626,0.002,False,True,False
20.800,sound_state,IDLE_NO_REQUEST,CAMERA_ALIGN_TO_TARGET mode=AUTO nav_goal=NONE,AUTO,0.000,-0.338,2.626,0.002,False,True,False
20.800,sound_done,False,CAMERA_ALIGN_TO_TARGET mode=AUTO nav_goal=NONE,AUTO,0.000,-0.338,2.626,0.002,False,True,False
20.800,dynamic_lock,False,CAMERA_ALIGN_TO_TARGET mode=AUTO nav_goal=NONE,AUTO,0.000,-0.338,2.626,0.002,False,True,False
20.900,classification,GAZEBO_FAKE_YOLO11S_CLASSIFICATION camera_alignment_requested=true class=bird,CAMERA_ALIGN_TO_TARGET mode=AUTO nav_goal=NONE,AUTO,0.000,-0.338,2.626,0.002,False,True,False
20.900,bird_confirmed,True,CAMERA_ALIGN_TO_TARGET mode=AUTO nav_goal=NONE,AUTO,0.000,-0.338,2.626,0.002,False,True,False
20.900,camera_alignment,CAMERA_ALIGNMENT mode=logical centered=False bearing=-0.338 tilt_cmd=-0.700 joint_publish=False,CAMERA_ALIGN_TO_TARGET mode=AUTO nav_goal=NONE,AUTO,0.000,-0.338,2.627,0.002,False,True,False
21.000,camera_alignment,CAMERA_ALIGNMENT mode=logical centered=False bearing=-0.338 tilt_cmd=-0.700 joint_publish=False,CAMERA_ALIGN_TO_TARGET mode=AUTO nav_goal=NONE,AUTO,0.000,-0.338,2.627,0.001,False,True,False
21.000,classification,GAZEBO_FAKE_YOLO11S_CLASSIFICATION camera_alignment_requested=true class=bird,CAMERA_ALIGN_TO_TARGET mode=AUTO nav_goal=NONE,AUTO,0.000,-0.338,2.627,0.001,False,True,False
21.000,bird_confirmed,True,CAMERA_ALIGN_TO_TARGET mode=AUTO nav_goal=NONE,AUTO,0.000,-0.338,2.627,0.001,False,True,False
21.000,sound_state,IDLE_NO_REQUEST,CAMERA_ALIGN_TO_TARGET mode=AUTO nav_goal=NONE,AUTO,0.000,-0.338,2.627,0.001,False,True,False
21.000,sound_done,False,CAMERA_ALIGN_TO_TARGET mode=AUTO nav_goal=NONE,AUTO,0.000,-0.338,2.627,0.001,False,True,False
21.000,mission_state,CAMERA_ALIGN_TO_TARGET mode=AUTO nav_goal=NONE,CAMERA_ALIGN_TO_TARGET mode=AUTO nav_goal=NONE,AUTO,0.000,-0.338,2.627,0.001,False,True,False
21.000,mission_event,timestamp=21.000 mission_id=0 target_mission_id=1 state=CAMERA_ALIGN_TO_TARGET event_type=CAMERA_AIM_REQUESTED reason=aligning waypoint_index=2,CAMERA_ALIGN_TO_TARGET mode=AUTO nav_goal=NONE,AUTO,0.000,-0.338,2.627,0.001,False,True,False
21.000,dynamic_lock,False,CAMERA_ALIGN_TO_TARGET mode=AUTO nav_goal=NONE,AUTO,0.000,-0.338,2.626,0.001,False,True,False
21.100,camera_alignment,CAMERA_ALIGNMENT mode=logical centered=False bearing=-0.338 tilt_cmd=-0.700 joint_publish=False,CAMERA_ALIGN_TO_TARGET mode=AUTO nav_goal=NONE,AUTO,0.000,-0.338,2.626,0.001,False,True,False
21.100,bird_confirmed,True,CAMERA_ALIGN_TO_TARGET mode=AUTO nav_goal=NONE,AUTO,0.000,-0.338,2.626,0.001,False,True,False
21.100,classification,GAZEBO_FAKE_YOLO11S_CLASSIFICATION camera_alignment_requested=true class=bird,CAMERA_ALIGN_TO_TARGET mode=AUTO nav_goal=NONE,AUTO,0.000,-0.338,2.626,0.001,False,True,False
21.200,classification,GAZEBO_FAKE_YOLO11S_CLASSIFICATION camera_alignment_requested=true class=bird,CAMERA_ALIGN_TO_TARGET mode=AUTO nav_goal=NONE,AUTO,0.000,-0.338,2.627,0.001,False,True,False
21.200,bird_confirmed,True,CAMERA_ALIGN_TO_TARGET mode=AUTO nav_goal=NONE,AUTO,0.000,-0.338,2.627,0.001,False,True,False
21.200,sound_done,False,CAMERA_ALIGN_TO_TARGET mode=AUTO nav_goal=NONE,AUTO,0.000,-0.338,2.627,0.001,False,True,False
21.200,mission_state,CAMERA_ALIGN_TO_TARGET mode=AUTO nav_goal=NONE,CAMERA_ALIGN_TO_TARGET mode=AUTO nav_goal=NONE,AUTO,0.000,-0.338,2.626,0.001,False,True,False
21.200,mission_event,timestamp=21.200 mission_id=0 target_mission_id=1 state=CAMERA_ALIGN_TO_TARGET event_type=CAMERA_AIM_REQUESTED reason=aligning waypoint_index=2,CAMERA_ALIGN_TO_TARGET mode=AUTO nav_goal=NONE,AUTO,0.000,-0.338,2.626,0.001,False,True,False
21.200,sound_state,IDLE_NO_REQUEST,CAMERA_ALIGN_TO_TARGET mode=AUTO nav_goal=NONE,AUTO,0.000,-0.338,2.626,0.001,False,True,False
21.200,camera_alignment,CAMERA_ALIGNMENT mode=logical centered=False bearing=-0.338 tilt_cmd=-0.700 joint_publish=False,CAMERA_ALIGN_TO_TARGET mode=AUTO nav_goal=NONE,AUTO,0.000,-0.338,2.626,0.001,False,True,False
21.200,dynamic_lock,False,CAMERA_ALIGN_TO_TARGET mode=AUTO nav_goal=NONE,AUTO,0.000,-0.338,2.626,0.001,False,True,False
21.300,camera_alignment,CAMERA_ALIGNMENT mode=logical centered=False bearing=-0.338 tilt_cmd=-0.700 joint_publish=False,CAMERA_ALIGN_TO_TARGET mode=AUTO nav_goal=NONE,AUTO,0.000,-0.338,2.626,0.000,False,True,False
21.300,classification,GAZEBO_FAKE_YOLO11S_CLASSIFICATION camera_alignment_requested=true class=bird,CAMERA_ALIGN_TO_TARGET mode=AUTO nav_goal=NONE,AUTO,0.000,-0.338,2.626,0.000,False,True,False
21.300,bird_confirmed,True,CAMERA_ALIGN_TO_TARGET mode=AUTO nav_goal=NONE,AUTO,0.000,-0.338,2.626,0.000,False,True,False
21.400,sound_done,False,CAMERA_ALIGN_TO_TARGET mode=AUTO nav_goal=NONE,AUTO,0.000,-0.338,2.626,0.000,False,True,False
21.400,classification,GAZEBO_FAKE_YOLO11S_CLASSIFICATION camera_alignment_requested=true class=bird,CAMERA_ALIGN_TO_TARGET mode=AUTO nav_goal=NONE,AUTO,0.000,-0.338,2.626,0.000,False,True,False
21.400,bird_confirmed,True,CAMERA_ALIGN_TO_TARGET mode=AUTO nav_goal=NONE,AUTO,0.000,-0.338,2.626,0.000,False,True,False
21.400,sound_state,IDLE_NO_REQUEST,CAMERA_ALIGN_TO_TARGET mode=AUTO nav_goal=NONE,AUTO,0.000,-0.338,2.626,0.000,False,True,False
21.400,mission_state,CAMERA_ALIGN_TO_TARGET mode=AUTO nav_goal=NONE,CAMERA_ALIGN_TO_TARGET mode=AUTO nav_goal=NONE,AUTO,0.000,-0.338,2.626,0.000,False,True,False
21.400,mission_event,timestamp=21.400 mission_id=0 target_mission_id=1 state=CAMERA_ALIGN_TO_TARGET event_type=CAMERA_AIM_REQUESTED reason=aligning waypoint_index=2,CAMERA_ALIGN_TO_TARGET mode=AUTO nav_goal=NONE,AUTO,0.000,-0.338,2.626,0.000,False,True,False
21.400,camera_alignment,CAMERA_ALIGNMENT mode=logical centered=False bearing=-0.338 tilt_cmd=-0.700 joint_publish=False,CAMERA_ALIGN_TO_TARGET mode=AUTO nav_goal=NONE,AUTO,0.000,-0.338,2.626,0.000,False,True,False
21.400,dynamic_lock,False,CAMERA_ALIGN_TO_TARGET mode=AUTO nav_goal=NONE,AUTO,0.000,-0.338,2.625,0.000,False,True,False
21.500,camera_alignment,CAMERA_ALIGNMENT mode=logical centered=False bearing=-0.338 tilt_cmd=-0.700 joint_publish=False,CAMERA_ALIGN_TO_TARGET mode=AUTO nav_goal=NONE,AUTO,0.000,-0.338,2.625,0.000,False,True,False
21.500,classification,GAZEBO_FAKE_YOLO11S_CLASSIFICATION camera_alignment_requested=true class=bird,CAMERA_ALIGN_TO_TARGET mode=AUTO nav_goal=NONE,AUTO,0.000,-0.338,2.625,0.000,False,True,False
21.500,bird_confirmed,True,CAMERA_ALIGN_TO_TARGET mode=AUTO nav_goal=NONE,AUTO,0.000,-0.338,2.625,0.000,False,True,False
21.600,mission_state,CAMERA_ALIGN_TO_TARGET mode=AUTO nav_goal=NONE,CAMERA_ALIGN_TO_TARGET mode=AUTO nav_goal=NONE,AUTO,0.000,-0.338,2.625,-0.000,False,True,False
21.600,camera_alignment,CAMERA_ALIGNMENT mode=logical centered=False bearing=-0.338 tilt_cmd=-0.700 joint_publish=False,CAMERA_ALIGN_TO_TARGET mode=AUTO nav_goal=NONE,AUTO,0.000,-0.338,2.625,-0.000,False,True,False
21.600,classification,GAZEBO_FAKE_YOLO11S_CLASSIFICATION camera_alignment_requested=true class=bird,CAMERA_ALIGN_TO_TARGET mode=AUTO nav_goal=NONE,AUTO,0.000,-0.338,2.625,-0.000,False,True,False
21.600,bird_confirmed,True,CAMERA_ALIGN_TO_TARGET mode=AUTO nav_goal=NONE,AUTO,0.000,-0.338,2.625,-0.000,False,True,False
21.600,sound_state,IDLE_NO_REQUEST,CAMERA_ALIGN_TO_TARGET mode=AUTO nav_goal=NONE,AUTO,0.000,-0.338,2.625,-0.000,False,True,False
21.600,sound_done,False,CAMERA_ALIGN_TO_TARGET mode=AUTO nav_goal=NONE,AUTO,0.000,-0.338,2.625,-0.000,False,True,False
21.600,mission_event,timestamp=21.600 mission_id=0 target_mission_id=1 state=CAMERA_ALIGN_TO_TARGET event_type=CAMERA_AIM_REQUESTED reason=aligning waypoint_index=2,CAMERA_ALIGN_TO_TARGET mode=AUTO nav_goal=NONE,AUTO,0.000,-0.338,2.625,0.000,False,True,False
21.600,dynamic_lock,False,CAMERA_ALIGN_TO_TARGET mode=AUTO nav_goal=NONE,AUTO,0.000,-0.338,2.626,0.000,False,True,False
21.700,camera_alignment,CAMERA_ALIGNMENT mode=logical centered=False bearing=-0.338 tilt_cmd=-0.700 joint_publish=False,CAMERA_ALIGN_TO_TARGET mode=AUTO nav_goal=NONE,AUTO,0.000,-0.338,2.625,-0.000,False,True,False
21.700,classification,GAZEBO_FAKE_YOLO11S_CLASSIFICATION camera_alignment_requested=true class=bird,CAMERA_ALIGN_TO_TARGET mode=AUTO nav_goal=NONE,AUTO,0.000,-0.338,2.625,-0.000,False,True,False
21.700,bird_confirmed,True,CAMERA_ALIGN_TO_TARGET mode=AUTO nav_goal=NONE,AUTO,0.000,-0.338,2.625,-0.000,False,True,False
21.800,mission_state,CAMERA_ALIGN_TO_TARGET mode=AUTO nav_goal=NONE,CAMERA_ALIGN_TO_TARGET mode=AUTO nav_goal=NONE,AUTO,0.000,-0.338,2.626,0.001,False,True,False
21.800,mission_event,timestamp=21.800 mission_id=0 target_mission_id=1 state=CAMERA_ALIGN_TO_TARGET event_type=CAMERA_AIM_REQUESTED reason=aligning waypoint_index=2,CAMERA_ALIGN_TO_TARGET mode=AUTO nav_goal=NONE,AUTO,0.000,-0.338,2.626,0.001,False,True,False
21.800,classification,GAZEBO_FAKE_YOLO11S_CLASSIFICATION camera_alignment_requested=true class=bird,CAMERA_ALIGN_TO_TARGET mode=AUTO nav_goal=NONE,AUTO,0.000,-0.338,2.626,0.001,False,True,False
21.800,bird_confirmed,True,CAMERA_ALIGN_TO_TARGET mode=AUTO nav_goal=NONE,AUTO,0.000,-0.338,2.626,0.001,False,True,False
21.800,camera_alignment,CAMERA_ALIGNMENT mode=logical centered=False bearing=-0.338 tilt_cmd=-0.700 joint_publish=False,CAMERA_ALIGN_TO_TARGET mode=AUTO nav_goal=NONE,AUTO,0.000,-0.338,2.626,0.001,False,True,False
21.800,sound_state,IDLE_NO_REQUEST,CAMERA_ALIGN_TO_TARGET mode=AUTO nav_goal=NONE,AUTO,0.000,-0.338,2.626,0.001,False,True,False
21.800,sound_done,False,CAMERA_ALIGN_TO_TARGET mode=AUTO nav_goal=NONE,AUTO,0.000,-0.338,2.626,0.001,False,True,False
21.800,dynamic_lock,False,CAMERA_ALIGN_TO_TARGET mode=AUTO nav_goal=NONE,AUTO,0.000,-0.338,2.626,0.000,False,True,False
21.900,classification,GAZEBO_FAKE_YOLO11S_CLASSIFICATION camera_alignment_requested=true class=bird,CAMERA_ALIGN_TO_TARGET mode=AUTO nav_goal=NONE,AUTO,0.000,-0.338,2.626,0.000,False,True,False
21.900,bird_confirmed,True,CAMERA_ALIGN_TO_TARGET mode=AUTO nav_goal=NONE,AUTO,0.000,-0.338,2.626,0.000,False,True,False
21.900,camera_alignment,CAMERA_ALIGNMENT mode=logical centered=False bearing=-0.338 tilt_cmd=-0.700 joint_publish=False,CAMERA_ALIGN_TO_TARGET mode=AUTO nav_goal=NONE,AUTO,0.000,-0.338,2.626,0.000,False,True,False
22.000,sound_done,False,CAMERA_ALIGN_TO_TARGET mode=AUTO nav_goal=NONE,AUTO,0.000,-0.338,2.626,0.000,False,True,False
22.000,mission_state,CAMERA_ALIGN_TO_TARGET mode=AUTO nav_goal=NONE,CAMERA_ALIGN_TO_TARGET mode=AUTO nav_goal=NONE,AUTO,0.000,-0.338,2.626,0.000,False,True,False
22.000,mission_event,timestamp=22.000 mission_id=0 target_mission_id=1 state=CAMERA_ALIGN_TO_TARGET event_type=CAMERA_AIM_REQUESTED reason=aligning waypoint_index=2,CAMERA_ALIGN_TO_TARGET mode=AUTO nav_goal=NONE,AUTO,0.000,-0.338,2.626,0.000,False,True,False
22.000,camera_alignment,CAMERA_ALIGNMENT mode=logical centered=False bearing=-0.338 tilt_cmd=-0.700 joint_publish=False,CAMERA_ALIGN_TO_TARGET mode=AUTO nav_goal=NONE,AUTO,0.000,-0.338,2.626,0.000,False,True,False
22.000,classification,GAZEBO_FAKE_YOLO11S_CLASSIFICATION camera_alignment_requested=true class=bird,CAMERA_ALIGN_TO_TARGET mode=AUTO nav_goal=NONE,AUTO,0.000,-0.338,2.626,0.000,False,True,False
22.000,bird_confirmed,True,CAMERA_ALIGN_TO_TARGET mode=AUTO nav_goal=NONE,AUTO,0.000,-0.338,2.626,0.000,False,True,False
22.000,sound_state,IDLE_NO_REQUEST,CAMERA_ALIGN_TO_TARGET mode=AUTO nav_goal=NONE,AUTO,0.000,-0.338,2.626,0.000,False,True,False
22.000,dynamic_lock,False,CAMERA_ALIGN_TO_TARGET mode=AUTO nav_goal=NONE,AUTO,0.000,-0.338,2.626,0.000,False,True,False
22.100,camera_alignment,CAMERA_ALIGNMENT mode=logical centered=False bearing=-0.338 tilt_cmd=-0.700 joint_publish=False,CAMERA_ALIGN_TO_TARGET mode=AUTO nav_goal=NONE,AUTO,0.000,-0.338,2.626,0.001,False,True,False
22.100,classification,GAZEBO_FAKE_YOLO11S_CLASSIFICATION camera_alignment_requested=true class=bird,CAMERA_ALIGN_TO_TARGET mode=AUTO nav_goal=NONE,AUTO,0.000,-0.338,2.626,0.001,False,True,False
22.100,bird_confirmed,True,CAMERA_ALIGN_TO_TARGET mode=AUTO nav_goal=NONE,AUTO,0.000,-0.338,2.626,0.001,False,True,False
22.200,sound_done,False,CAMERA_ALIGN_TO_TARGET mode=AUTO nav_goal=NONE,AUTO,0.000,-0.338,2.626,0.001,False,True,False
22.200,dynamic_lock,False,CAMERA_ALIGN_TO_TARGET mode=AUTO nav_goal=NONE,AUTO,0.000,-0.338,2.626,0.001,False,True,False
22.200,classification,GAZEBO_FAKE_YOLO11S_CLASSIFICATION camera_alignment_requested=true class=bird,CAMERA_ALIGN_TO_TARGET mode=AUTO nav_goal=NONE,AUTO,0.000,-0.338,2.626,0.001,False,True,False
22.200,bird_confirmed,True,CAMERA_ALIGN_TO_TARGET mode=AUTO nav_goal=NONE,AUTO,0.000,-0.338,2.626,0.001,False,True,False
22.200,sound_state,IDLE_NO_REQUEST,CAMERA_ALIGN_TO_TARGET mode=AUTO nav_goal=NONE,AUTO,0.000,-0.338,2.626,0.001,False,True,False
22.200,camera_alignment,CAMERA_ALIGNMENT mode=logical centered=False bearing=-0.338 tilt_cmd=-0.700 joint_publish=False,CAMERA_ALIGN_TO_TARGET mode=AUTO nav_goal=NONE,AUTO,0.000,-0.338,2.626,0.001,False,True,False
22.200,mission_state,CAMERA_ALIGN_TO_TARGET mode=AUTO nav_goal=NONE,CAMERA_ALIGN_TO_TARGET mode=AUTO nav_goal=NONE,AUTO,0.000,-0.338,2.626,0.001,False,True,False
22.200,mission_event,timestamp=22.200 mission_id=0 target_mission_id=1 state=CAMERA_ALIGN_TO_TARGET event_type=CAMERA_AIM_REQUESTED reason=aligning waypoint_index=2,CAMERA_ALIGN_TO_TARGET mode=AUTO nav_goal=NONE,AUTO,0.000,-0.338,2.626,0.001,False,True,False
22.300,camera_alignment,CAMERA_ALIGNMENT mode=logical centered=False bearing=-0.338 tilt_cmd=-0.700 joint_publish=False,CAMERA_ALIGN_TO_TARGET mode=AUTO nav_goal=NONE,AUTO,0.000,-0.338,2.627,0.001,False,True,False
22.300,classification,GAZEBO_FAKE_YOLO11S_CLASSIFICATION camera_alignment_requested=true class=bird,CAMERA_ALIGN_TO_TARGET mode=AUTO nav_goal=NONE,AUTO,0.000,-0.338,2.627,0.001,False,True,False
22.300,bird_confirmed,True,CAMERA_ALIGN_TO_TARGET mode=AUTO nav_goal=NONE,AUTO,0.000,-0.338,2.627,0.001,False,True,False
22.400,mission_state,CAMERA_ALIGN_TO_TARGET mode=AUTO nav_goal=NONE,CAMERA_ALIGN_TO_TARGET mode=AUTO nav_goal=NONE,AUTO,0.000,-0.338,2.627,0.000,False,True,False
22.400,camera_alignment,CAMERA_ALIGNMENT mode=logical centered=False bearing=-0.338 tilt_cmd=-0.700 joint_publish=False,CAMERA_ALIGN_TO_TARGET mode=AUTO nav_goal=NONE,AUTO,0.000,-0.338,2.627,0.000,False,True,False
22.400,classification,GAZEBO_FAKE_YOLO11S_CLASSIFICATION camera_alignment_requested=true class=bird,CAMERA_ALIGN_TO_TARGET mode=AUTO nav_goal=NONE,AUTO,0.000,-0.338,2.627,0.000,False,True,False
22.400,bird_confirmed,True,CAMERA_ALIGN_TO_TARGET mode=AUTO nav_goal=NONE,AUTO,0.000,-0.338,2.627,0.000,False,True,False
22.400,sound_state,IDLE_NO_REQUEST,CAMERA_ALIGN_TO_TARGET mode=AUTO nav_goal=NONE,AUTO,0.000,-0.338,2.627,0.000,False,True,False
22.400,sound_done,False,CAMERA_ALIGN_TO_TARGET mode=AUTO nav_goal=NONE,AUTO,0.000,-0.338,2.627,0.000,False,True,False
22.400,mission_event,timestamp=22.400 mission_id=0 target_mission_id=1 state=CAMERA_ALIGN_TO_TARGET event_type=CAMERA_AIM_REQUESTED reason=aligning waypoint_index=2,CAMERA_ALIGN_TO_TARGET mode=AUTO nav_goal=NONE,AUTO,0.000,-0.338,2.627,0.000,False,True,False
22.400,dynamic_lock,False,CAMERA_ALIGN_TO_TARGET mode=AUTO nav_goal=NONE,AUTO,0.000,-0.338,2.627,0.000,False,True,False
22.500,camera_alignment,CAMERA_ALIGNMENT mode=logical centered=False bearing=-0.338 tilt_cmd=-0.700 joint_publish=False,CAMERA_ALIGN_TO_TARGET mode=AUTO nav_goal=NONE,AUTO,0.000,-0.338,2.626,-0.000,False,True,False
22.500,classification,GAZEBO_FAKE_YOLO11S_CLASSIFICATION camera_alignment_requested=true class=bird,CAMERA_ALIGN_TO_TARGET mode=AUTO nav_goal=NONE,AUTO,0.000,-0.338,2.626,-0.000,False,True,False
22.500,bird_confirmed,True,CAMERA_ALIGN_TO_TARGET mode=AUTO nav_goal=NONE,AUTO,0.000,-0.338,2.626,-0.000,False,True,False
22.600,dynamic_lock,False,CAMERA_ALIGN_TO_TARGET mode=AUTO nav_goal=NONE,AUTO,0.000,-0.338,2.626,-0.001,False,True,False
22.600,camera_alignment,CAMERA_ALIGNMENT mode=logical centered=False bearing=-0.338 tilt_cmd=-0.700 joint_publish=False,CAMERA_ALIGN_TO_TARGET mode=AUTO nav_goal=NONE,AUTO,0.000,-0.338,2.626,-0.001,False,True,False
22.600,classification,GAZEBO_FAKE_YOLO11S_CLASSIFICATION camera_alignment_requested=true class=bird,CAMERA_ALIGN_TO_TARGET mode=AUTO nav_goal=NONE,AUTO,0.000,-0.338,2.626,-0.001,False,True,False
22.600,bird_confirmed,True,CAMERA_ALIGN_TO_TARGET mode=AUTO nav_goal=NONE,AUTO,0.000,-0.338,2.626,-0.001,False,True,False
22.600,sound_state,IDLE_NO_REQUEST,CAMERA_ALIGN_TO_TARGET mode=AUTO nav_goal=NONE,AUTO,0.000,-0.338,2.626,-0.001,False,True,False
22.600,sound_done,False,CAMERA_ALIGN_TO_TARGET mode=AUTO nav_goal=NONE,AUTO,0.000,-0.338,2.626,-0.001,False,True,False
22.600,mission_state,CAMERA_ALIGN_TO_TARGET mode=AUTO nav_goal=NONE,CAMERA_ALIGN_TO_TARGET mode=AUTO nav_goal=NONE,AUTO,0.000,-0.338,2.626,-0.001,False,True,False
22.600,mission_event,timestamp=22.600 mission_id=0 target_mission_id=1 state=CAMERA_ALIGN_TO_TARGET event_type=CAMERA_AIM_REQUESTED reason=aligning waypoint_index=2,CAMERA_ALIGN_TO_TARGET mode=AUTO nav_goal=NONE,AUTO,0.000,-0.338,2.626,-0.001,False,True,False
22.700,camera_alignment,CAMERA_ALIGNMENT mode=logical centered=False bearing=-0.338 tilt_cmd=-0.700 joint_publish=False,CAMERA_ALIGN_TO_TARGET mode=AUTO nav_goal=NONE,AUTO,0.000,-0.338,2.627,-0.001,False,True,False
22.700,bird_confirmed,True,CAMERA_ALIGN_TO_TARGET mode=AUTO nav_goal=NONE,AUTO,0.000,-0.338,2.627,-0.001,False,True,False
22.700,classification,GAZEBO_FAKE_YOLO11S_CLASSIFICATION camera_alignment_requested=true class=bird,CAMERA_ALIGN_TO_TARGET mode=AUTO nav_goal=NONE,AUTO,0.000,-0.338,2.627,-0.001,False,True,False
22.800,dynamic_lock,False,CAMERA_ALIGN_TO_TARGET mode=AUTO nav_goal=NONE,AUTO,0.000,-0.338,2.627,-0.001,False,True,False
22.800,camera_alignment,CAMERA_ALIGNMENT mode=logical centered=False bearing=-0.338 tilt_cmd=-0.700 joint_publish=False,CAMERA_ALIGN_TO_TARGET mode=AUTO nav_goal=NONE,AUTO,0.000,-0.338,2.627,-0.001,False,True,False
22.800,classification,GAZEBO_FAKE_YOLO11S_CLASSIFICATION camera_alignment_requested=true class=bird,CAMERA_ALIGN_TO_TARGET mode=AUTO nav_goal=NONE,AUTO,0.000,-0.338,2.627,-0.001,False,True,False
22.800,bird_confirmed,True,CAMERA_ALIGN_TO_TARGET mode=AUTO nav_goal=NONE,AUTO,0.000,-0.338,2.627,-0.001,False,True,False
22.800,mission_state,CAMERA_ALIGN_TO_TARGET mode=AUTO nav_goal=NONE,CAMERA_ALIGN_TO_TARGET mode=AUTO nav_goal=NONE,AUTO,0.000,-0.338,2.627,-0.001,False,True,False
22.800,mission_event,timestamp=22.800 mission_id=0 target_mission_id=1 state=CAMERA_ALIGN_TO_TARGET event_type=CAMERA_AIM_REQUESTED reason=aligning waypoint_index=2,CAMERA_ALIGN_TO_TARGET mode=AUTO nav_goal=NONE,AUTO,0.000,-0.338,2.627,-0.001,False,True,False
22.800,sound_state,IDLE_NO_REQUEST,CAMERA_ALIGN_TO_TARGET mode=AUTO nav_goal=NONE,AUTO,0.000,-0.338,2.627,-0.001,False,True,False
22.800,sound_done,False,CAMERA_ALIGN_TO_TARGET mode=AUTO nav_goal=NONE,AUTO,0.000,-0.338,2.627,-0.001,False,True,False
22.900,camera_alignment,CAMERA_ALIGNMENT mode=logical centered=False bearing=-0.338 tilt_cmd=-0.700 joint_publish=False,CAMERA_ALIGN_TO_TARGET mode=AUTO nav_goal=NONE,AUTO,0.000,-0.338,2.628,-0.001,False,True,False
22.900,classification,GAZEBO_FAKE_YOLO11S_CLASSIFICATION camera_alignment_requested=true class=bird,CAMERA_ALIGN_TO_TARGET mode=AUTO nav_goal=NONE,AUTO,0.000,-0.338,2.628,-0.001,False,True,False
22.900,bird_confirmed,True,CAMERA_ALIGN_TO_TARGET mode=AUTO nav_goal=NONE,AUTO,0.000,-0.338,2.628,-0.001,False,True,False
23.000,camera_alignment,CAMERA_ALIGNMENT mode=logical centered=False bearing=-0.338 tilt_cmd=-0.700 joint_publish=False,CAMERA_ALIGN_TO_TARGET mode=AUTO nav_goal=NONE,AUTO,0.000,-0.338,2.628,-0.002,False,True,False
23.000,bird_confirmed,True,CAMERA_ALIGN_TO_TARGET mode=AUTO nav_goal=NONE,AUTO,0.000,-0.338,2.628,-0.002,False,True,False
23.000,sound_state,IDLE_NO_REQUEST,CAMERA_ALIGN_TO_TARGET mode=AUTO nav_goal=NONE,AUTO,0.000,-0.338,2.628,-0.002,False,True,False
23.000,sound_done,False,CAMERA_ALIGN_TO_TARGET mode=AUTO nav_goal=NONE,AUTO,0.000,-0.338,2.628,-0.002,False,True,False
23.000,mission_state,CAMERA_ALIGN_TO_TARGET mode=AUTO nav_goal=NONE,CAMERA_ALIGN_TO_TARGET mode=AUTO nav_goal=NONE,AUTO,0.000,-0.338,2.628,-0.002,False,True,False
23.000,dynamic_lock,False,CAMERA_ALIGN_TO_TARGET mode=AUTO nav_goal=NONE,AUTO,0.000,-0.338,2.628,-0.002,False,True,False
23.000,mission_event,timestamp=23.000 mission_id=0 target_mission_id=1 state=CAMERA_ALIGN_TO_TARGET event_type=CAMERA_AIM_REQUESTED reason=aligning waypoint_index=2,CAMERA_ALIGN_TO_TARGET mode=AUTO nav_goal=NONE,AUTO,0.000,-0.338,2.628,-0.002,False,True,False
23.000,classification,GAZEBO_FAKE_YOLO11S_CLASSIFICATION camera_alignment_requested=true class=bird,CAMERA_ALIGN_TO_TARGET mode=AUTO nav_goal=NONE,AUTO,0.000,-0.338,2.628,-0.002,False,True,False
23.100,camera_alignment,CAMERA_ALIGNMENT mode=logical centered=False bearing=-0.338 tilt_cmd=-0.700 joint_publish=False,CAMERA_ALIGN_TO_TARGET mode=AUTO nav_goal=NONE,AUTO,0.000,-0.338,2.628,-0.002,False,True,False
23.100,bird_confirmed,True,CAMERA_ALIGN_TO_TARGET mode=AUTO nav_goal=NONE,AUTO,0.000,-0.338,2.628,-0.002,False,True,False
23.100,classification,GAZEBO_FAKE_YOLO11S_CLASSIFICATION camera_alignment_requested=true class=bird,CAMERA_ALIGN_TO_TARGET mode=AUTO nav_goal=NONE,AUTO,0.000,-0.338,2.628,-0.002,False,True,False
23.200,dynamic_lock,False,CAMERA_ALIGN_TO_TARGET mode=AUTO nav_goal=NONE,AUTO,0.000,-0.338,2.628,-0.003,False,True,False
23.200,camera_alignment,CAMERA_ALIGNMENT mode=logical centered=False bearing=-0.338 tilt_cmd=-0.700 joint_publish=False,CAMERA_ALIGN_TO_TARGET mode=AUTO nav_goal=NONE,AUTO,0.000,-0.338,2.628,-0.003,False,True,False
23.200,classification,GAZEBO_FAKE_YOLO11S_CLASSIFICATION camera_alignment_requested=true class=bird,CAMERA_ALIGN_TO_TARGET mode=AUTO nav_goal=NONE,AUTO,0.000,-0.338,2.628,-0.003,False,True,False
23.200,bird_confirmed,True,CAMERA_ALIGN_TO_TARGET mode=AUTO nav_goal=NONE,AUTO,0.000,-0.338,2.628,-0.003,False,True,False
23.200,sound_state,IDLE_NO_REQUEST,CAMERA_ALIGN_TO_TARGET mode=AUTO nav_goal=NONE,AUTO,0.000,-0.338,2.628,-0.003,False,True,False
23.200,sound_done,False,CAMERA_ALIGN_TO_TARGET mode=AUTO nav_goal=NONE,AUTO,0.000,-0.338,2.628,-0.003,False,True,False
23.200,mission_state,CAMERA_ALIGN_TO_TARGET mode=AUTO nav_goal=NONE,CAMERA_ALIGN_TO_TARGET mode=AUTO nav_goal=NONE,AUTO,0.000,-0.338,2.628,-0.002,False,True,False
23.200,mission_event,timestamp=23.200 mission_id=0 target_mission_id=1 state=CAMERA_ALIGN_TO_TARGET event_type=CAMERA_AIM_REQUESTED reason=aligning waypoint_index=2,CAMERA_ALIGN_TO_TARGET mode=AUTO nav_goal=NONE,AUTO,0.000,-0.338,2.628,-0.002,False,True,False
23.300,camera_alignment,CAMERA_ALIGNMENT mode=logical centered=False bearing=-0.338 tilt_cmd=-0.700 joint_publish=False,CAMERA_ALIGN_TO_TARGET mode=AUTO nav_goal=NONE,AUTO,0.000,-0.338,2.628,-0.003,False,True,False
23.300,classification,GAZEBO_FAKE_YOLO11S_CLASSIFICATION camera_alignment_requested=true class=bird,CAMERA_ALIGN_TO_TARGET mode=AUTO nav_goal=NONE,AUTO,0.000,-0.338,2.628,-0.003,False,True,False
23.300,bird_confirmed,True,CAMERA_ALIGN_TO_TARGET mode=AUTO nav_goal=NONE,AUTO,0.000,-0.338,2.628,-0.003,False,True,False
23.400,sound_state,IDLE_NO_REQUEST,CAMERA_ALIGN_TO_TARGET mode=AUTO nav_goal=NONE,AUTO,0.000,-0.338,2.629,-0.003,False,True,False
23.400,sound_done,False,CAMERA_ALIGN_TO_TARGET mode=AUTO nav_goal=NONE,AUTO,0.000,-0.338,2.629,-0.003,False,True,False
23.400,mission_state,CAMERA_ALIGN_TO_TARGET mode=AUTO nav_goal=NONE,CAMERA_ALIGN_TO_TARGET mode=AUTO nav_goal=NONE,AUTO,0.000,-0.338,2.629,-0.003,False,True,False
23.400,mission_event,timestamp=23.400 mission_id=0 target_mission_id=1 state=CAMERA_ALIGN_TO_TARGET event_type=CAMERA_AIM_REQUESTED reason=aligning waypoint_index=2,CAMERA_ALIGN_TO_TARGET mode=AUTO nav_goal=NONE,AUTO,0.000,-0.338,2.629,-0.003,False,True,False
23.400,dynamic_lock,False,CAMERA_ALIGN_TO_TARGET mode=AUTO nav_goal=NONE,AUTO,0.000,-0.338,2.629,-0.003,False,True,False
23.400,camera_alignment,CAMERA_ALIGNMENT mode=logical centered=False bearing=-0.338 tilt_cmd=-0.700 joint_publish=False,CAMERA_ALIGN_TO_TARGET mode=AUTO nav_goal=NONE,AUTO,0.000,-0.338,2.629,-0.003,False,True,False
23.400,classification,GAZEBO_FAKE_YOLO11S_CLASSIFICATION camera_alignment_requested=true class=bird,CAMERA_ALIGN_TO_TARGET mode=AUTO nav_goal=NONE,AUTO,0.000,-0.338,2.629,-0.003,False,True,False
23.400,bird_confirmed,True,CAMERA_ALIGN_TO_TARGET mode=AUTO nav_goal=NONE,AUTO,0.000,-0.338,2.629,-0.003,False,True,False
23.500,camera_alignment,CAMERA_ALIGNMENT mode=logical centered=False bearing=-0.338 tilt_cmd=-0.700 joint_publish=False,CAMERA_ALIGN_TO_TARGET mode=AUTO nav_goal=NONE,AUTO,0.000,-0.338,2.629,-0.002,False,True,False
23.500,bird_confirmed,True,CAMERA_ALIGN_TO_TARGET mode=AUTO nav_goal=NONE,AUTO,0.000,-0.338,2.629,-0.002,False,True,False
23.500,classification,GAZEBO_FAKE_YOLO11S_CLASSIFICATION camera_alignment_requested=true class=bird,CAMERA_ALIGN_TO_TARGET mode=AUTO nav_goal=NONE,AUTO,0.000,-0.338,2.629,-0.002,False,True,False
23.600,sound_done,False,CAMERA_ALIGN_TO_TARGET mode=AUTO nav_goal=NONE,AUTO,0.000,-0.338,2.631,-0.003,False,True,False
23.600,mission_state,CAMERA_ALIGN_TO_TARGET mode=AUTO nav_goal=NONE,CAMERA_ALIGN_TO_TARGET mode=AUTO nav_goal=NONE,AUTO,0.000,-0.338,2.631,-0.003,False,True,False
23.600,mission_event,timestamp=23.600 mission_id=0 target_mission_id=1 state=CAMERA_ALIGN_TO_TARGET event_type=CAMERA_AIM_REQUESTED reason=aligning waypoint_index=2,CAMERA_ALIGN_TO_TARGET mode=AUTO nav_goal=NONE,AUTO,0.000,-0.338,2.631,-0.003,False,True,False
23.600,dynamic_lock,False,CAMERA_ALIGN_TO_TARGET mode=AUTO nav_goal=NONE,AUTO,0.000,-0.338,2.631,-0.003,False,True,False
23.600,camera_alignment,CAMERA_ALIGNMENT mode=logical centered=False bearing=-0.338 tilt_cmd=-0.700 joint_publish=False,CAMERA_ALIGN_TO_TARGET mode=AUTO nav_goal=NONE,AUTO,0.000,-0.338,2.631,-0.003,False,True,False
23.600,classification,GAZEBO_FAKE_YOLO11S_CLASSIFICATION camera_alignment_requested=true class=bird,CAMERA_ALIGN_TO_TARGET mode=AUTO nav_goal=NONE,AUTO,0.000,-0.338,2.631,-0.003,False,True,False
23.600,bird_confirmed,True,CAMERA_ALIGN_TO_TARGET mode=AUTO nav_goal=NONE,AUTO,0.000,-0.338,2.631,-0.003,False,True,False
23.600,sound_state,IDLE_NO_REQUEST,CAMERA_ALIGN_TO_TARGET mode=AUTO nav_goal=NONE,AUTO,0.000,-0.338,2.631,-0.003,False,True,False
23.700,camera_alignment,CAMERA_ALIGNMENT mode=logical centered=False bearing=-0.338 tilt_cmd=-0.700 joint_publish=False,CAMERA_ALIGN_TO_TARGET mode=AUTO nav_goal=NONE,AUTO,0.000,-0.338,2.631,-0.003,False,True,False
23.700,classification,GAZEBO_FAKE_YOLO11S_CLASSIFICATION camera_alignment_requested=true class=bird,CAMERA_ALIGN_TO_TARGET mode=AUTO nav_goal=NONE,AUTO,0.000,-0.338,2.631,-0.003,False,True,False
23.700,bird_confirmed,True,CAMERA_ALIGN_TO_TARGET mode=AUTO nav_goal=NONE,AUTO,0.000,-0.338,2.631,-0.003,False,True,False
23.800,bird_confirmed,True,CAMERA_ALIGN_TO_TARGET mode=AUTO nav_goal=NONE,AUTO,0.000,-0.338,2.631,-0.003,False,True,False
23.800,mission_state,CAMERA_ALIGN_TO_TARGET mode=AUTO nav_goal=NONE,CAMERA_ALIGN_TO_TARGET mode=AUTO nav_goal=NONE,AUTO,0.000,-0.338,2.631,-0.003,False,True,False
23.800,dynamic_lock,False,CAMERA_ALIGN_TO_TARGET mode=AUTO nav_goal=NONE,AUTO,0.000,-0.338,2.631,-0.003,False,True,False
23.800,camera_alignment,CAMERA_ALIGNMENT mode=logical centered=False bearing=-0.338 tilt_cmd=-0.700 joint_publish=False,CAMERA_ALIGN_TO_TARGET mode=AUTO nav_goal=NONE,AUTO,0.000,-0.338,2.631,-0.003,False,True,False
23.800,classification,GAZEBO_FAKE_YOLO11S_CLASSIFICATION camera_alignment_requested=true class=bird,CAMERA_ALIGN_TO_TARGET mode=AUTO nav_goal=NONE,AUTO,0.000,-0.338,2.631,-0.003,False,True,False
23.800,sound_state,IDLE_NO_REQUEST,CAMERA_ALIGN_TO_TARGET mode=AUTO nav_goal=NONE,AUTO,0.000,-0.338,2.631,-0.003,False,True,False
23.800,sound_done,False,CAMERA_ALIGN_TO_TARGET mode=AUTO nav_goal=NONE,AUTO,0.000,-0.338,2.631,-0.003,False,True,False
23.800,mission_event,timestamp=23.800 mission_id=0 target_mission_id=1 state=CAMERA_ALIGN_TO_TARGET event_type=CAMERA_AIM_REQUESTED reason=aligning waypoint_index=2,CAMERA_ALIGN_TO_TARGET mode=AUTO nav_goal=NONE,AUTO,0.000,-0.338,2.631,-0.003,False,True,False
23.900,camera_alignment,CAMERA_ALIGNMENT mode=logical centered=False bearing=-0.338 tilt_cmd=-0.700 joint_publish=False,CAMERA_ALIGN_TO_TARGET mode=AUTO nav_goal=NONE,AUTO,0.000,-0.338,2.631,-0.004,False,True,False
23.900,bird_confirmed,True,CAMERA_ALIGN_TO_TARGET mode=AUTO nav_goal=NONE,AUTO,0.000,-0.338,2.631,-0.004,False,True,False
23.900,classification,GAZEBO_FAKE_YOLO11S_CLASSIFICATION camera_alignment_requested=true class=bird,CAMERA_ALIGN_TO_TARGET mode=AUTO nav_goal=NONE,AUTO,0.000,-0.338,2.631,-0.004,False,True,False
24.000,mission_state,CAMERA_ALIGN_TO_TARGET mode=AUTO nav_goal=NONE,CAMERA_ALIGN_TO_TARGET mode=AUTO nav_goal=NONE,AUTO,0.000,-0.338,2.631,-0.005,False,True,False
24.000,dynamic_lock,False,CAMERA_ALIGN_TO_TARGET mode=AUTO nav_goal=NONE,AUTO,0.000,-0.338,2.631,-0.005,False,True,False
24.000,mission_event,timestamp=24.000 mission_id=0 target_mission_id=1 state=CAMERA_ALIGN_TO_TARGET event_type=CAMERA_AIM_REQUESTED reason=aligning waypoint_index=2,CAMERA_ALIGN_TO_TARGET mode=AUTO nav_goal=NONE,AUTO,0.000,-0.338,2.631,-0.005,False,True,False
24.000,classification,GAZEBO_FAKE_YOLO11S_CLASSIFICATION camera_alignment_requested=true class=bird,CAMERA_ALIGN_TO_TARGET mode=AUTO nav_goal=NONE,AUTO,0.000,-0.338,2.631,-0.005,False,True,False
24.000,bird_confirmed,True,CAMERA_ALIGN_TO_TARGET mode=AUTO nav_goal=NONE,AUTO,0.000,-0.338,2.631,-0.005,False,True,False
24.000,camera_alignment,CAMERA_ALIGNMENT mode=logical centered=False bearing=-0.338 tilt_cmd=-0.700 joint_publish=False,CAMERA_ALIGN_TO_TARGET mode=AUTO nav_goal=NONE,AUTO,0.000,-0.338,2.631,-0.004,False,True,False
24.000,sound_state,IDLE_NO_REQUEST,CAMERA_ALIGN_TO_TARGET mode=AUTO nav_goal=NONE,AUTO,0.000,-0.338,2.631,-0.004,False,True,False
24.000,sound_done,False,CAMERA_ALIGN_TO_TARGET mode=AUTO nav_goal=NONE,AUTO,0.000,-0.338,2.631,-0.004,False,True,False
24.100,classification,GAZEBO_FAKE_YOLO11S_CLASSIFICATION camera_alignment_requested=true class=bird,CAMERA_ALIGN_TO_TARGET mode=AUTO nav_goal=NONE,AUTO,0.000,-0.338,2.631,-0.004,False,True,False
24.100,bird_confirmed,True,CAMERA_ALIGN_TO_TARGET mode=AUTO nav_goal=NONE,AUTO,0.000,-0.338,2.631,-0.004,False,True,False
24.100,camera_alignment,CAMERA_ALIGNMENT mode=logical centered=False bearing=-0.338 tilt_cmd=-0.700 joint_publish=False,CAMERA_ALIGN_TO_TARGET mode=AUTO nav_goal=NONE,AUTO,0.000,-0.338,2.631,-0.004,False,True,False
24.200,sound_state,IDLE_NO_REQUEST,CAMERA_ALIGN_TO_TARGET mode=AUTO nav_goal=NONE,AUTO,0.000,-0.338,2.631,-0.005,False,True,False
24.200,sound_done,False,CAMERA_ALIGN_TO_TARGET mode=AUTO nav_goal=NONE,AUTO,0.000,-0.338,2.631,-0.005,False,True,False
24.200,mission_state,CAMERA_ALIGN_TO_TARGET mode=AUTO nav_goal=NONE,CAMERA_ALIGN_TO_TARGET mode=AUTO nav_goal=NONE,AUTO,0.000,-0.338,2.631,-0.005,False,True,False
24.200,mission_event,timestamp=24.200 mission_id=0 target_mission_id=1 state=CAMERA_ALIGN_TO_TARGET event_type=CAMERA_AIM_REQUESTED reason=aligning waypoint_index=2,CAMERA_ALIGN_TO_TARGET mode=AUTO nav_goal=NONE,AUTO,0.000,-0.338,2.631,-0.005,False,True,False
24.200,camera_alignment,CAMERA_ALIGNMENT mode=logical centered=False bearing=-0.338 tilt_cmd=-0.700 joint_publish=False,CAMERA_ALIGN_TO_TARGET mode=AUTO nav_goal=NONE,AUTO,0.000,-0.338,2.631,-0.005,False,True,False
24.200,classification,GAZEBO_FAKE_YOLO11S_CLASSIFICATION camera_alignment_requested=true class=bird,CAMERA_ALIGN_TO_TARGET mode=AUTO nav_goal=NONE,AUTO,0.000,-0.338,2.631,-0.005,False,True,False
24.200,bird_confirmed,True,CAMERA_ALIGN_TO_TARGET mode=AUTO nav_goal=NONE,AUTO,0.000,-0.338,2.631,-0.005,False,True,False
24.200,dynamic_lock,False,CAMERA_ALIGN_TO_TARGET mode=AUTO nav_goal=NONE,AUTO,0.000,-0.338,2.631,-0.005,False,True,False
24.300,classification,GAZEBO_FAKE_YOLO11S_CLASSIFICATION camera_alignment_requested=true class=bird,CAMERA_ALIGN_TO_TARGET mode=AUTO nav_goal=NONE,AUTO,0.000,-0.338,2.631,-0.005,False,True,False
24.300,bird_confirmed,True,CAMERA_ALIGN_TO_TARGET mode=AUTO nav_goal=NONE,AUTO,0.000,-0.338,2.631,-0.005,False,True,False
24.300,camera_alignment,CAMERA_ALIGNMENT mode=logical centered=False bearing=-0.338 tilt_cmd=-0.700 joint_publish=False,CAMERA_ALIGN_TO_TARGET mode=AUTO nav_goal=NONE,AUTO,0.000,-0.338,2.631,-0.004,False,True,False
24.400,mission_state,CAMERA_ALIGN_TO_TARGET mode=AUTO nav_goal=NONE,CAMERA_ALIGN_TO_TARGET mode=AUTO nav_goal=NONE,AUTO,0.000,-0.338,2.631,-0.005,False,True,False
24.400,mission_event,timestamp=24.400 mission_id=0 target_mission_id=1 state=CAMERA_ALIGN_TO_TARGET event_type=CAMERA_AIM_REQUESTED reason=aligning waypoint_index=2,CAMERA_ALIGN_TO_TARGET mode=AUTO nav_goal=NONE,AUTO,0.000,-0.338,2.631,-0.005,False,True,False
24.400,dynamic_lock,False,CAMERA_ALIGN_TO_TARGET mode=AUTO nav_goal=NONE,AUTO,0.000,-0.338,2.631,-0.005,False,True,False
24.400,camera_alignment,CAMERA_ALIGNMENT mode=logical centered=False bearing=-0.338 tilt_cmd=-0.700 joint_publish=False,CAMERA_ALIGN_TO_TARGET mode=AUTO nav_goal=NONE,AUTO,0.000,-0.338,2.631,-0.005,False,True,False
24.400,bird_confirmed,True,CAMERA_ALIGN_TO_TARGET mode=AUTO nav_goal=NONE,AUTO,0.000,-0.338,2.631,-0.005,False,True,False
24.400,sound_state,IDLE_NO_REQUEST,CAMERA_ALIGN_TO_TARGET mode=AUTO nav_goal=NONE,AUTO,0.000,-0.338,2.631,-0.005,False,True,False
24.400,sound_done,False,CAMERA_ALIGN_TO_TARGET mode=AUTO nav_goal=NONE,AUTO,0.000,-0.338,2.631,-0.005,False,True,False
24.400,classification,GAZEBO_FAKE_YOLO11S_CLASSIFICATION camera_alignment_requested=true class=bird,CAMERA_ALIGN_TO_TARGET mode=AUTO nav_goal=NONE,AUTO,0.000,-0.338,2.631,-0.005,False,True,False
24.500,camera_alignment,CAMERA_ALIGNMENT mode=logical centered=False bearing=-0.338 tilt_cmd=-0.700 joint_publish=False,CAMERA_ALIGN_TO_TARGET mode=AUTO nav_goal=NONE,AUTO,0.000,-0.338,2.630,-0.006,False,True,False
24.500,bird_confirmed,True,CAMERA_ALIGN_TO_TARGET mode=AUTO nav_goal=NONE,AUTO,0.000,-0.338,2.630,-0.006,False,True,False
24.500,classification,GAZEBO_FAKE_YOLO11S_CLASSIFICATION camera_alignment_requested=true class=bird,CAMERA_ALIGN_TO_TARGET mode=AUTO nav_goal=NONE,AUTO,0.000,-0.338,2.630,-0.006,False,True,False
24.600,dynamic_lock,False,CAMERA_ALIGN_TO_TARGET mode=AUTO nav_goal=NONE,AUTO,0.000,-0.338,2.630,-0.006,False,True,False
24.600,sound_state,IDLE_NO_REQUEST,CAMERA_ALIGN_TO_TARGET mode=AUTO nav_goal=NONE,AUTO,0.000,-0.338,2.630,-0.006,False,True,False
24.600,sound_done,False,CAMERA_ALIGN_TO_TARGET mode=AUTO nav_goal=NONE,AUTO,0.000,-0.338,2.630,-0.006,False,True,False
24.600,camera_alignment,CAMERA_ALIGNMENT mode=logical centered=False bearing=-0.338 tilt_cmd=-0.700 joint_publish=False,CAMERA_ALIGN_TO_TARGET mode=AUTO nav_goal=NONE,AUTO,0.000,-0.338,2.630,-0.006,False,True,False
24.600,mission_state,CAMERA_ALIGN_TO_TARGET mode=AUTO nav_goal=NONE,CAMERA_ALIGN_TO_TARGET mode=AUTO nav_goal=NONE,AUTO,0.000,-0.338,2.630,-0.006,False,True,False
24.600,mission_event,timestamp=24.600 mission_id=0 target_mission_id=1 state=CAMERA_ALIGN_TO_TARGET event_type=CAMERA_AIM_REQUESTED reason=aligning waypoint_index=2,CAMERA_ALIGN_TO_TARGET mode=AUTO nav_goal=NONE,AUTO,0.000,-0.338,2.630,-0.006,False,True,False
24.600,classification,GAZEBO_FAKE_YOLO11S_CLASSIFICATION camera_alignment_requested=true class=bird,CAMERA_ALIGN_TO_TARGET mode=AUTO nav_goal=NONE,AUTO,0.000,-0.338,2.630,-0.006,False,True,False
24.600,bird_confirmed,True,CAMERA_ALIGN_TO_TARGET mode=AUTO nav_goal=NONE,AUTO,0.000,-0.338,2.630,-0.006,False,True,False
24.700,camera_alignment,CAMERA_ALIGNMENT mode=logical centered=False bearing=-0.338 tilt_cmd=-0.700 joint_publish=False,CAMERA_ALIGN_TO_TARGET mode=AUTO nav_goal=NONE,AUTO,0.000,-0.338,2.630,-0.007,False,True,False
24.700,classification,GAZEBO_FAKE_YOLO11S_CLASSIFICATION camera_alignment_requested=true class=bird,CAMERA_ALIGN_TO_TARGET mode=AUTO nav_goal=NONE,AUTO,0.000,-0.338,2.630,-0.007,False,True,False
24.700,bird_confirmed,True,CAMERA_ALIGN_TO_TARGET mode=AUTO nav_goal=NONE,AUTO,0.000,-0.338,2.630,-0.007,False,True,False
24.800,dynamic_lock,False,CAMERA_ALIGN_TO_TARGET mode=AUTO nav_goal=NONE,AUTO,0.000,-0.338,2.630,-0.007,False,True,False
24.800,sound_state,IDLE_NO_REQUEST,CAMERA_ALIGN_TO_TARGET mode=AUTO nav_goal=NONE,AUTO,0.000,-0.338,2.630,-0.007,False,True,False
24.800,sound_done,False,CAMERA_ALIGN_TO_TARGET mode=AUTO nav_goal=NONE,AUTO,0.000,-0.338,2.630,-0.007,False,True,False
24.800,classification,GAZEBO_FAKE_YOLO11S_CLASSIFICATION camera_alignment_requested=true class=bird,CAMERA_ALIGN_TO_TARGET mode=AUTO nav_goal=NONE,AUTO,0.000,-0.338,2.630,-0.007,False,True,False
24.800,bird_confirmed,True,CAMERA_ALIGN_TO_TARGET mode=AUTO nav_goal=NONE,AUTO,0.000,-0.338,2.630,-0.007,False,True,False
24.800,camera_alignment,CAMERA_ALIGNMENT mode=logical centered=False bearing=-0.338 tilt_cmd=-0.700 joint_publish=False,CAMERA_ALIGN_TO_TARGET mode=AUTO nav_goal=NONE,AUTO,0.000,-0.338,2.630,-0.007,False,True,False
24.800,mission_state,CAMERA_ALIGN_TO_TARGET mode=AUTO nav_goal=NONE,CAMERA_ALIGN_TO_TARGET mode=AUTO nav_goal=NONE,AUTO,0.000,-0.338,2.630,-0.007,False,True,False
24.800,mission_event,timestamp=24.800 mission_id=0 target_mission_id=1 state=CAMERA_ALIGN_TO_TARGET event_type=CAMERA_AIM_REQUESTED reason=aligning waypoint_index=2,CAMERA_ALIGN_TO_TARGET mode=AUTO nav_goal=NONE,AUTO,0.000,-0.338,2.630,-0.007,False,True,False
24.900,camera_alignment,CAMERA_ALIGNMENT mode=logical centered=False bearing=-0.338 tilt_cmd=-0.700 joint_publish=False,CAMERA_ALIGN_TO_TARGET mode=AUTO nav_goal=NONE,AUTO,0.000,-0.338,2.630,-0.008,False,True,False
24.900,bird_confirmed,True,CAMERA_ALIGN_TO_TARGET mode=AUTO nav_goal=NONE,AUTO,0.000,-0.338,2.630,-0.008,False,True,False
24.900,classification,GAZEBO_FAKE_YOLO11S_CLASSIFICATION camera_alignment_requested=true class=bird,CAMERA_ALIGN_TO_TARGET mode=AUTO nav_goal=NONE,AUTO,0.000,-0.338,2.630,-0.008,False,True,False
25.000,camera_alignment,CAMERA_ALIGNMENT mode=logical centered=False bearing=-0.338 tilt_cmd=-0.700 joint_publish=False,CAMERA_ALIGN_TO_TARGET mode=AUTO nav_goal=NONE,AUTO,0.000,-0.338,2.630,-0.009,False,True,False
25.000,classification,GAZEBO_FAKE_YOLO11S_CLASSIFICATION camera_alignment_requested=true class=bird,CAMERA_ALIGN_TO_TARGET mode=AUTO nav_goal=NONE,AUTO,0.000,-0.338,2.630,-0.009,False,True,False
25.000,bird_confirmed,True,CAMERA_ALIGN_TO_TARGET mode=AUTO nav_goal=NONE,AUTO,0.000,-0.338,2.630,-0.009,False,True,False
25.000,sound_state,IDLE_NO_REQUEST,CAMERA_ALIGN_TO_TARGET mode=AUTO nav_goal=NONE,AUTO,0.000,-0.338,2.630,-0.009,False,True,False
25.000,sound_done,False,CAMERA_ALIGN_TO_TARGET mode=AUTO nav_goal=NONE,AUTO,0.000,-0.338,2.630,-0.009,False,True,False
25.000,mission_state,CAMERA_ALIGN_TO_TARGET mode=AUTO nav_goal=NONE,CAMERA_ALIGN_TO_TARGET mode=AUTO nav_goal=NONE,AUTO,0.000,-0.338,2.630,-0.008,False,True,False
25.000,mission_event,timestamp=25.000 mission_id=0 target_mission_id=1 state=CAMERA_ALIGN_TO_TARGET event_type=CAMERA_AIM_REQUESTED reason=aligning waypoint_index=2,CAMERA_ALIGN_TO_TARGET mode=AUTO nav_goal=NONE,AUTO,0.000,-0.338,2.630,-0.008,False,True,False
25.000,dynamic_lock,False,CAMERA_ALIGN_TO_TARGET mode=AUTO nav_goal=NONE,AUTO,0.000,-0.338,2.629,-0.008,False,True,False
25.100,classification,GAZEBO_FAKE_YOLO11S_CLASSIFICATION camera_alignment_requested=true class=bird,CAMERA_ALIGN_TO_TARGET mode=AUTO nav_goal=NONE,AUTO,0.000,-0.338,2.629,-0.008,False,True,False
25.100,bird_confirmed,True,CAMERA_ALIGN_TO_TARGET mode=AUTO nav_goal=NONE,AUTO,0.000,-0.338,2.629,-0.008,False,True,False
25.100,camera_alignment,CAMERA_ALIGNMENT mode=logical centered=False bearing=-0.338 tilt_cmd=-0.700 joint_publish=False,CAMERA_ALIGN_TO_TARGET mode=AUTO nav_goal=NONE,AUTO,0.000,-0.338,2.629,-0.008,False,True,False
25.200,sound_done,False,CAMERA_ALIGN_TO_TARGET mode=AUTO nav_goal=NONE,AUTO,0.000,-0.338,2.629,-0.009,False,True,False
25.200,camera_alignment,CAMERA_ALIGNMENT mode=logical centered=False bearing=-0.338 tilt_cmd=-0.700 joint_publish=False,CAMERA_ALIGN_TO_TARGET mode=AUTO nav_goal=NONE,AUTO,0.000,-0.338,2.629,-0.009,False,True,False
25.200,sound_state,IDLE_NO_REQUEST,CAMERA_ALIGN_TO_TARGET mode=AUTO nav_goal=NONE,AUTO,0.000,-0.338,2.629,-0.009,False,True,False
25.200,dynamic_lock,False,CAMERA_ALIGN_TO_TARGET mode=AUTO nav_goal=NONE,AUTO,0.000,-0.338,2.629,-0.009,False,True,False
25.200,classification,GAZEBO_FAKE_YOLO11S_CLASSIFICATION camera_alignment_requested=true class=bird,CAMERA_ALIGN_TO_TARGET mode=AUTO nav_goal=NONE,AUTO,0.000,-0.338,2.629,-0.009,False,True,False
25.200,bird_confirmed,True,CAMERA_ALIGN_TO_TARGET mode=AUTO nav_goal=NONE,AUTO,0.000,-0.338,2.629,-0.009,False,True,False
25.200,mission_state,CAMERA_ALIGN_TO_TARGET mode=AUTO nav_goal=NONE,CAMERA_ALIGN_TO_TARGET mode=AUTO nav_goal=NONE,AUTO,0.000,-0.338,2.629,-0.009,False,True,False
25.200,mission_event,timestamp=25.200 mission_id=0 target_mission_id=1 state=CAMERA_ALIGN_TO_TARGET event_type=CAMERA_AIM_REQUESTED reason=aligning waypoint_index=2,CAMERA_ALIGN_TO_TARGET mode=AUTO nav_goal=NONE,AUTO,0.000,-0.338,2.629,-0.009,False,True,False
25.300,camera_alignment,CAMERA_ALIGNMENT mode=logical centered=False bearing=-0.338 tilt_cmd=-0.700 joint_publish=False,CAMERA_ALIGN_TO_TARGET mode=AUTO nav_goal=NONE,AUTO,0.000,-0.338,2.629,-0.009,False,True,False
25.300,classification,GAZEBO_FAKE_YOLO11S_CLASSIFICATION camera_alignment_requested=true class=bird,CAMERA_ALIGN_TO_TARGET mode=AUTO nav_goal=NONE,AUTO,0.000,-0.338,2.629,-0.009,False,True,False
25.300,bird_confirmed,True,CAMERA_ALIGN_TO_TARGET mode=AUTO nav_goal=NONE,AUTO,0.000,-0.338,2.629,-0.009,False,True,False
25.400,camera_alignment,CAMERA_ALIGNMENT mode=logical centered=False bearing=-0.338 tilt_cmd=-0.700 joint_publish=False,CAMERA_ALIGN_TO_TARGET mode=AUTO nav_goal=NONE,AUTO,0.000,-0.338,2.629,-0.009,False,True,False
25.400,bird_confirmed,True,CAMERA_ALIGN_TO_TARGET mode=AUTO nav_goal=NONE,AUTO,0.000,-0.338,2.629,-0.009,False,True,False
25.400,mission_state,CAMERA_ALIGN_TO_TARGET mode=AUTO nav_goal=NONE,CAMERA_ALIGN_TO_TARGET mode=AUTO nav_goal=NONE,AUTO,0.000,-0.338,2.629,-0.009,False,True,False
25.400,mission_event,timestamp=25.400 mission_id=0 target_mission_id=1 state=CAMERA_ALIGN_TO_TARGET event_type=CAMERA_AIM_REQUESTED reason=aligning waypoint_index=2,CAMERA_ALIGN_TO_TARGET mode=AUTO nav_goal=NONE,AUTO,0.000,-0.338,2.629,-0.009,False,True,False
25.400,classification,GAZEBO_FAKE_YOLO11S_CLASSIFICATION camera_alignment_requested=true class=bird,CAMERA_ALIGN_TO_TARGET mode=AUTO nav_goal=NONE,AUTO,0.000,-0.338,2.629,-0.009,False,True,False
25.400,sound_state,IDLE_NO_REQUEST,CAMERA_ALIGN_TO_TARGET mode=AUTO nav_goal=NONE,AUTO,0.000,-0.338,2.629,-0.009,False,True,False
25.400,sound_done,False,CAMERA_ALIGN_TO_TARGET mode=AUTO nav_goal=NONE,AUTO,0.000,-0.338,2.629,-0.009,False,True,False
25.400,dynamic_lock,False,CAMERA_ALIGN_TO_TARGET mode=AUTO nav_goal=NONE,AUTO,0.000,-0.338,2.630,-0.009,False,True,False
25.500,camera_alignment,CAMERA_ALIGNMENT mode=logical centered=False bearing=-0.338 tilt_cmd=-0.700 joint_publish=False,CAMERA_ALIGN_TO_TARGET mode=AUTO nav_goal=NONE,AUTO,0.000,-0.338,2.629,-0.010,False,True,False
25.500,classification,GAZEBO_FAKE_YOLO11S_CLASSIFICATION camera_alignment_requested=true class=bird,CAMERA_ALIGN_TO_TARGET mode=AUTO nav_goal=NONE,AUTO,0.000,-0.338,2.629,-0.010,False,True,False
25.500,bird_confirmed,True,CAMERA_ALIGN_TO_TARGET mode=AUTO nav_goal=NONE,AUTO,0.000,-0.338,2.629,-0.010,False,True,False
25.600,sound_state,IDLE_NO_REQUEST,CAMERA_ALIGN_TO_TARGET mode=AUTO nav_goal=NONE,AUTO,0.000,-0.338,2.630,-0.010,False,True,False
25.600,sound_done,False,CAMERA_ALIGN_TO_TARGET mode=AUTO nav_goal=NONE,AUTO,0.000,-0.338,2.630,-0.010,False,True,False
25.600,mission_state,CAMERA_ALIGN_TO_TARGET mode=AUTO nav_goal=NONE,CAMERA_ALIGN_TO_TARGET mode=AUTO nav_goal=NONE,AUTO,0.000,-0.338,2.630,-0.010,False,True,False
25.600,mission_event,timestamp=25.600 mission_id=0 target_mission_id=1 state=CAMERA_ALIGN_TO_TARGET event_type=CAMERA_AIM_REQUESTED reason=aligning waypoint_index=2,CAMERA_ALIGN_TO_TARGET mode=AUTO nav_goal=NONE,AUTO,0.000,-0.338,2.630,-0.010,False,True,False
25.600,camera_alignment,CAMERA_ALIGNMENT mode=logical centered=False bearing=-0.338 tilt_cmd=-0.700 joint_publish=False,CAMERA_ALIGN_TO_TARGET mode=AUTO nav_goal=NONE,AUTO,0.000,-0.338,2.630,-0.010,False,True,False
25.600,classification,GAZEBO_FAKE_YOLO11S_CLASSIFICATION camera_alignment_requested=true class=bird,CAMERA_ALIGN_TO_TARGET mode=AUTO nav_goal=NONE,AUTO,0.000,-0.338,2.630,-0.010,False,True,False
25.600,bird_confirmed,True,CAMERA_ALIGN_TO_TARGET mode=AUTO nav_goal=NONE,AUTO,0.000,-0.338,2.630,-0.010,False,True,False
25.600,dynamic_lock,False,CAMERA_ALIGN_TO_TARGET mode=AUTO nav_goal=NONE,AUTO,0.000,-0.338,2.629,-0.010,False,True,False
25.700,classification,GAZEBO_FAKE_YOLO11S_CLASSIFICATION camera_alignment_requested=true class=bird,CAMERA_ALIGN_TO_TARGET mode=AUTO nav_goal=NONE,AUTO,0.000,-0.338,2.628,-0.011,False,True,False
25.700,bird_confirmed,True,CAMERA_ALIGN_TO_TARGET mode=AUTO nav_goal=NONE,AUTO,0.000,-0.338,2.628,-0.011,False,True,False
25.700,camera_alignment,CAMERA_ALIGNMENT mode=logical centered=False bearing=-0.338 tilt_cmd=-0.700 joint_publish=False,CAMERA_ALIGN_TO_TARGET mode=AUTO nav_goal=NONE,AUTO,0.000,-0.338,2.628,-0.011,False,True,False
25.800,sound_done,False,CAMERA_ALIGN_TO_TARGET mode=AUTO nav_goal=NONE,AUTO,0.000,-0.338,2.628,-0.010,False,True,False
25.800,sound_state,IDLE_NO_REQUEST,CAMERA_ALIGN_TO_TARGET mode=AUTO nav_goal=NONE,AUTO,0.000,-0.338,2.628,-0.010,False,True,False
25.800,mission_state,CAMERA_ALIGN_TO_TARGET mode=AUTO nav_goal=NONE,CAMERA_ALIGN_TO_TARGET mode=AUTO nav_goal=NONE,AUTO,0.000,-0.338,2.628,-0.010,False,True,False
25.800,mission_event,timestamp=25.800 mission_id=0 target_mission_id=1 state=CAMERA_ALIGN_TO_TARGET event_type=CAMERA_AIM_REQUESTED reason=aligning waypoint_index=2,CAMERA_ALIGN_TO_TARGET mode=AUTO nav_goal=NONE,AUTO,0.000,-0.338,2.628,-0.010,False,True,False
25.800,camera_alignment,CAMERA_ALIGNMENT mode=logical centered=False bearing=-0.338 tilt_cmd=-0.700 joint_publish=False,CAMERA_ALIGN_TO_TARGET mode=AUTO nav_goal=NONE,AUTO,0.000,-0.338,2.628,-0.010,False,True,False
25.800,classification,GAZEBO_FAKE_YOLO11S_CLASSIFICATION camera_alignment_requested=true class=bird,CAMERA_ALIGN_TO_TARGET mode=AUTO nav_goal=NONE,AUTO,0.000,-0.338,2.628,-0.010,False,True,False
25.800,bird_confirmed,True,CAMERA_ALIGN_TO_TARGET mode=AUTO nav_goal=NONE,AUTO,0.000,-0.338,2.628,-0.010,False,True,False
25.800,dynamic_lock,False,CAMERA_ALIGN_TO_TARGET mode=AUTO nav_goal=NONE,AUTO,0.000,-0.338,2.629,-0.010,False,True,False
25.900,camera_alignment,CAMERA_ALIGNMENT mode=logical centered=False bearing=-0.338 tilt_cmd=-0.700 joint_publish=False,CAMERA_ALIGN_TO_TARGET mode=AUTO nav_goal=NONE,AUTO,0.000,-0.338,2.629,-0.010,False,True,False
25.900,bird_confirmed,True,CAMERA_ALIGN_TO_TARGET mode=AUTO nav_goal=NONE,AUTO,0.000,-0.338,2.629,-0.010,False,True,False
25.900,classification,GAZEBO_FAKE_YOLO11S_CLASSIFICATION camera_alignment_requested=true class=bird,CAMERA_ALIGN_TO_TARGET mode=AUTO nav_goal=NONE,AUTO,0.000,-0.338,2.629,-0.010,False,True,False
26.000,sound_done,False,CAMERA_ALIGN_TO_TARGET mode=AUTO nav_goal=NONE,AUTO,0.000,-0.338,2.628,-0.011,False,True,False
26.000,camera_alignment,CAMERA_ALIGNMENT mode=logical centered=False bearing=-0.338 tilt_cmd=-0.700 joint_publish=False,CAMERA_ALIGN_TO_TARGET mode=AUTO nav_goal=NONE,AUTO,0.000,-0.338,2.628,-0.011,False,True,False
26.000,bird_confirmed,True,CAMERA_ALIGN_TO_TARGET mode=AUTO nav_goal=NONE,AUTO,0.000,-0.338,2.628,-0.011,False,True,False
26.000,sound_state,IDLE_NO_REQUEST,CAMERA_ALIGN_TO_TARGET mode=AUTO nav_goal=NONE,AUTO,0.000,-0.338,2.628,-0.011,False,True,False
26.000,mission_state,CAMERA_ALIGN_TO_TARGET mode=AUTO nav_goal=NONE,CAMERA_ALIGN_TO_TARGET mode=AUTO nav_goal=NONE,AUTO,0.000,-0.338,2.628,-0.011,False,True,False
26.000,mission_event,timestamp=26.000 mission_id=0 target_mission_id=1 state=CAMERA_ALIGN_TO_TARGET event_type=CAMERA_AIM_REQUESTED reason=aligning waypoint_index=2,CAMERA_ALIGN_TO_TARGET mode=AUTO nav_goal=NONE,AUTO,0.000,-0.338,2.628,-0.011,False,True,False
26.000,classification,GAZEBO_FAKE_YOLO11S_CLASSIFICATION camera_alignment_requested=true class=bird,CAMERA_ALIGN_TO_TARGET mode=AUTO nav_goal=NONE,AUTO,0.000,-0.338,2.628,-0.011,False,True,False
26.000,dynamic_lock,False,CAMERA_ALIGN_TO_TARGET mode=AUTO nav_goal=NONE,AUTO,0.000,-0.338,2.628,-0.011,False,True,False
26.100,camera_alignment,CAMERA_ALIGNMENT mode=logical centered=False bearing=-0.338 tilt_cmd=-0.700 joint_publish=False,CAMERA_ALIGN_TO_TARGET mode=AUTO nav_goal=NONE,AUTO,0.000,-0.338,2.627,-0.011,False,True,False
26.100,classification,GAZEBO_FAKE_YOLO11S_CLASSIFICATION camera_alignment_requested=true class=bird,CAMERA_ALIGN_TO_TARGET mode=AUTO nav_goal=NONE,AUTO,0.000,-0.338,2.627,-0.011,False,True,False
26.100,bird_confirmed,True,CAMERA_ALIGN_TO_TARGET mode=AUTO nav_goal=NONE,AUTO,0.000,-0.338,2.627,-0.011,False,True,False
26.200,mission_state,CAMERA_ALIGN_TO_TARGET mode=AUTO nav_goal=NONE,CAMERA_ALIGN_TO_TARGET mode=AUTO nav_goal=NONE,AUTO,0.000,-0.338,2.627,-0.011,False,True,False
26.200,classification,GAZEBO_FAKE_YOLO11S_CLASSIFICATION camera_alignment_requested=true class=bird,CAMERA_ALIGN_TO_TARGET mode=AUTO nav_goal=NONE,AUTO,0.000,-0.338,2.627,-0.011,False,True,False
26.200,bird_confirmed,True,CAMERA_ALIGN_TO_TARGET mode=AUTO nav_goal=NONE,AUTO,0.000,-0.338,2.627,-0.011,False,True,False
26.200,sound_state,IDLE_NO_REQUEST,CAMERA_ALIGN_TO_TARGET mode=AUTO nav_goal=NONE,AUTO,0.000,-0.338,2.627,-0.011,False,True,False
26.200,sound_done,False,CAMERA_ALIGN_TO_TARGET mode=AUTO nav_goal=NONE,AUTO,0.000,-0.338,2.627,-0.011,False,True,False
26.200,mission_event,timestamp=26.200 mission_id=0 target_mission_id=1 state=CAMERA_ALIGN_TO_TARGET event_type=CAMERA_AIM_REQUESTED reason=aligning waypoint_index=2,CAMERA_ALIGN_TO_TARGET mode=AUTO nav_goal=NONE,AUTO,0.000,-0.338,2.627,-0.011,False,True,False
26.200,camera_alignment,CAMERA_ALIGNMENT mode=logical centered=False bearing=-0.338 tilt_cmd=-0.700 joint_publish=False,CAMERA_ALIGN_TO_TARGET mode=AUTO nav_goal=NONE,AUTO,0.000,-0.338,2.627,-0.011,False,True,False
26.200,dynamic_lock,False,CAMERA_ALIGN_TO_TARGET mode=AUTO nav_goal=NONE,AUTO,0.000,-0.338,2.626,-0.011,False,True,False
26.300,camera_alignment,CAMERA_ALIGNMENT mode=logical centered=False bearing=-0.338 tilt_cmd=-0.700 joint_publish=False,CAMERA_ALIGN_TO_TARGET mode=AUTO nav_goal=NONE,AUTO,0.000,-0.338,2.627,-0.011,False,True,False
26.300,classification,GAZEBO_FAKE_YOLO11S_CLASSIFICATION camera_alignment_requested=true class=bird,CAMERA_ALIGN_TO_TARGET mode=AUTO nav_goal=NONE,AUTO,0.000,-0.338,2.627,-0.011,False,True,False
26.300,bird_confirmed,True,CAMERA_ALIGN_TO_TARGET mode=AUTO nav_goal=NONE,AUTO,0.000,-0.338,2.627,-0.011,False,True,False
26.400,camera_alignment,CAMERA_ALIGNMENT mode=logical centered=False bearing=-0.338 tilt_cmd=-0.700 joint_publish=False,CAMERA_ALIGN_TO_TARGET mode=AUTO nav_goal=NONE,AUTO,0.000,-0.338,2.625,-0.011,False,True,False
26.400,sound_done,False,CAMERA_ALIGN_TO_TARGET mode=AUTO nav_goal=NONE,AUTO,0.000,-0.338,2.625,-0.011,False,True,False
26.400,mission_state,CAMERA_ALIGN_TO_TARGET mode=AUTO nav_goal=NONE,CAMERA_ALIGN_TO_TARGET mode=AUTO nav_goal=NONE,AUTO,0.000,-0.338,2.625,-0.011,False,True,False
26.400,classification,GAZEBO_FAKE_YOLO11S_CLASSIFICATION camera_alignment_requested=true class=bird,CAMERA_ALIGN_TO_TARGET mode=AUTO nav_goal=NONE,AUTO,0.000,-0.338,2.625,-0.011,False,True,False
26.400,bird_confirmed,True,CAMERA_ALIGN_TO_TARGET mode=AUTO nav_goal=NONE,AUTO,0.000,-0.338,2.625,-0.011,False,True,False
26.400,sound_state,IDLE_NO_REQUEST,CAMERA_ALIGN_TO_TARGET mode=AUTO nav_goal=NONE,AUTO,0.000,-0.338,2.625,-0.011,False,True,False
26.400,mission_event,timestamp=26.400 mission_id=0 target_mission_id=1 state=CAMERA_ALIGN_TO_TARGET event_type=CAMERA_AIM_REQUESTED reason=aligning waypoint_index=2,CAMERA_ALIGN_TO_TARGET mode=AUTO nav_goal=NONE,AUTO,0.000,-0.338,2.625,-0.011,False,True,False
26.400,dynamic_lock,False,CAMERA_ALIGN_TO_TARGET mode=AUTO nav_goal=NONE,AUTO,0.000,-0.338,2.626,-0.011,False,True,False
26.500,camera_alignment,CAMERA_ALIGNMENT mode=logical centered=False bearing=-0.338 tilt_cmd=-0.700 joint_publish=False,CAMERA_ALIGN_TO_TARGET mode=AUTO nav_goal=NONE,AUTO,0.000,-0.338,2.625,-0.011,False,True,False
26.500,classification,GAZEBO_FAKE_YOLO11S_CLASSIFICATION camera_alignment_requested=true class=bird,CAMERA_ALIGN_TO_TARGET mode=AUTO nav_goal=NONE,AUTO,0.000,-0.338,2.625,-0.011,False,True,False
26.500,bird_confirmed,True,CAMERA_ALIGN_TO_TARGET mode=AUTO nav_goal=NONE,AUTO,0.000,-0.338,2.625,-0.011,False,True,False
26.600,camera_alignment,CAMERA_ALIGNMENT mode=logical centered=False bearing=-0.338 tilt_cmd=-0.700 joint_publish=False,CAMERA_ALIGN_TO_TARGET mode=AUTO nav_goal=NONE,AUTO,0.000,-0.338,2.625,-0.011,False,True,False
26.600,classification,GAZEBO_FAKE_YOLO11S_CLASSIFICATION camera_alignment_requested=true class=bird,CAMERA_ALIGN_TO_TARGET mode=AUTO nav_goal=NONE,AUTO,0.000,-0.338,2.625,-0.011,False,True,False
26.600,bird_confirmed,True,CAMERA_ALIGN_TO_TARGET mode=AUTO nav_goal=NONE,AUTO,0.000,-0.338,2.625,-0.011,False,True,False
26.600,sound_state,IDLE_NO_REQUEST,CAMERA_ALIGN_TO_TARGET mode=AUTO nav_goal=NONE,AUTO,0.000,-0.338,2.625,-0.011,False,True,False
26.600,sound_done,False,CAMERA_ALIGN_TO_TARGET mode=AUTO nav_goal=NONE,AUTO,0.000,-0.338,2.625,-0.011,False,True,False
26.600,mission_state,CAMERA_ALIGN_TO_TARGET mode=AUTO nav_goal=NONE,CAMERA_ALIGN_TO_TARGET mode=AUTO nav_goal=NONE,AUTO,0.000,-0.338,2.625,-0.011,False,True,False
26.600,mission_event,timestamp=26.600 mission_id=0 target_mission_id=1 state=CAMERA_ALIGN_TO_TARGET event_type=CAMERA_AIM_REQUESTED reason=aligning waypoint_index=2,CAMERA_ALIGN_TO_TARGET mode=AUTO nav_goal=NONE,AUTO,0.000,-0.338,2.625,-0.011,False,True,False
26.600,dynamic_lock,False,CAMERA_ALIGN_TO_TARGET mode=AUTO nav_goal=NONE,AUTO,0.000,-0.338,2.624,-0.012,False,True,False
26.700,camera_alignment,CAMERA_ALIGNMENT mode=logical centered=False bearing=-0.338 tilt_cmd=-0.700 joint_publish=False,CAMERA_ALIGN_TO_TARGET mode=AUTO nav_goal=NONE,AUTO,0.000,-0.338,2.624,-0.012,False,True,False
26.700,bird_confirmed,True,CAMERA_ALIGN_TO_TARGET mode=AUTO nav_goal=NONE,AUTO,0.000,-0.338,2.624,-0.012,False,True,False
26.700,classification,GAZEBO_FAKE_YOLO11S_CLASSIFICATION camera_alignment_requested=true class=bird,CAMERA_ALIGN_TO_TARGET mode=AUTO nav_goal=NONE,AUTO,0.000,-0.338,2.624,-0.012,False,True,False
26.800,camera_alignment,CAMERA_ALIGNMENT mode=logical centered=False bearing=-0.338 tilt_cmd=-0.700 joint_publish=False,CAMERA_ALIGN_TO_TARGET mode=AUTO nav_goal=NONE,AUTO,0.000,-0.338,2.624,-0.012,False,True,False
26.800,sound_state,IDLE_NO_REQUEST,CAMERA_ALIGN_TO_TARGET mode=AUTO nav_goal=NONE,AUTO,0.000,-0.338,2.624,-0.012,False,True,False
26.800,sound_done,False,CAMERA_ALIGN_TO_TARGET mode=AUTO nav_goal=NONE,AUTO,0.000,-0.338,2.624,-0.012,False,True,False
26.800,classification,GAZEBO_FAKE_YOLO11S_CLASSIFICATION camera_alignment_requested=true class=bird,CAMERA_ALIGN_TO_TARGET mode=AUTO nav_goal=NONE,AUTO,0.000,-0.338,2.624,-0.012,False,True,False
26.800,bird_confirmed,True,CAMERA_ALIGN_TO_TARGET mode=AUTO nav_goal=NONE,AUTO,0.000,-0.338,2.624,-0.012,False,True,False
26.800,mission_state,CAMERA_ALIGN_TO_TARGET mode=AUTO nav_goal=NONE,CAMERA_ALIGN_TO_TARGET mode=AUTO nav_goal=NONE,AUTO,0.000,-0.338,2.624,-0.012,False,True,False
26.800,mission_event,timestamp=26.800 mission_id=0 target_mission_id=1 state=CAMERA_ALIGN_TO_TARGET event_type=CAMERA_AIM_REQUESTED reason=aligning waypoint_index=2,CAMERA_ALIGN_TO_TARGET mode=AUTO nav_goal=NONE,AUTO,0.000,-0.338,2.624,-0.012,False,True,False
26.800,dynamic_lock,False,CAMERA_ALIGN_TO_TARGET mode=AUTO nav_goal=NONE,AUTO,0.000,-0.338,2.624,-0.012,False,True,False
26.900,camera_alignment,CAMERA_ALIGNMENT mode=logical centered=False bearing=-0.338 tilt_cmd=-0.700 joint_publish=False,CAMERA_ALIGN_TO_TARGET mode=AUTO nav_goal=NONE,AUTO,0.000,-0.338,2.624,-0.012,False,True,False
26.900,classification,GAZEBO_FAKE_YOLO11S_CLASSIFICATION camera_alignment_requested=true class=bird,CAMERA_ALIGN_TO_TARGET mode=AUTO nav_goal=NONE,AUTO,0.000,-0.338,2.624,-0.012,False,True,False
26.900,bird_confirmed,True,CAMERA_ALIGN_TO_TARGET mode=AUTO nav_goal=NONE,AUTO,0.000,-0.338,2.624,-0.012,False,True,False
27.000,mission_state,CAMERA_ALIGN_TO_TARGET mode=AUTO nav_goal=NONE,CAMERA_ALIGN_TO_TARGET mode=AUTO nav_goal=NONE,AUTO,0.000,-0.338,2.623,-0.012,False,True,False
27.000,camera_alignment,CAMERA_ALIGNMENT mode=logical centered=False bearing=-0.338 tilt_cmd=-0.700 joint_publish=False,CAMERA_ALIGN_TO_TARGET mode=AUTO nav_goal=NONE,AUTO,0.000,-0.338,2.623,-0.012,False,True,False
27.000,classification,GAZEBO_FAKE_YOLO11S_CLASSIFICATION camera_alignment_requested=true class=bird,CAMERA_ALIGN_TO_TARGET mode=AUTO nav_goal=NONE,AUTO,0.000,-0.338,2.623,-0.012,False,True,False
27.000,bird_confirmed,True,CAMERA_ALIGN_TO_TARGET mode=AUTO nav_goal=NONE,AUTO,0.000,-0.338,2.623,-0.012,False,True,False
27.000,sound_state,IDLE_NO_REQUEST,CAMERA_ALIGN_TO_TARGET mode=AUTO nav_goal=NONE,AUTO,0.000,-0.338,2.623,-0.012,False,True,False
27.000,sound_done,False,CAMERA_ALIGN_TO_TARGET mode=AUTO nav_goal=NONE,AUTO,0.000,-0.338,2.623,-0.012,False,True,False
27.000,mission_event,timestamp=27.000 mission_id=0 target_mission_id=1 state=CAMERA_ALIGN_TO_TARGET event_type=CAMERA_AIM_REQUESTED reason=aligning waypoint_index=2,CAMERA_ALIGN_TO_TARGET mode=AUTO nav_goal=NONE,AUTO,0.000,-0.338,2.623,-0.012,False,True,False
27.000,dynamic_lock,False,CAMERA_ALIGN_TO_TARGET mode=AUTO nav_goal=NONE,AUTO,0.000,-0.338,2.623,-0.012,False,True,False
27.100,classification,GAZEBO_FAKE_YOLO11S_CLASSIFICATION camera_alignment_requested=true class=bird,CAMERA_ALIGN_TO_TARGET mode=AUTO nav_goal=NONE,AUTO,0.000,-0.338,2.622,-0.012,False,True,False
27.100,bird_confirmed,True,CAMERA_ALIGN_TO_TARGET mode=AUTO nav_goal=NONE,AUTO,0.000,-0.338,2.622,-0.012,False,True,False
27.100,camera_alignment,CAMERA_ALIGNMENT mode=logical centered=False bearing=-0.338 tilt_cmd=-0.700 joint_publish=False,CAMERA_ALIGN_TO_TARGET mode=AUTO nav_goal=NONE,AUTO,0.000,-0.338,2.622,-0.012,False,True,False
27.200,dynamic_lock,False,CAMERA_ALIGN_TO_TARGET mode=AUTO nav_goal=NONE,AUTO,0.000,-0.338,2.622,-0.012,False,True,False
27.200,sound_state,IDLE_NO_REQUEST,CAMERA_ALIGN_TO_TARGET mode=AUTO nav_goal=NONE,AUTO,0.000,-0.338,2.622,-0.012,False,True,False
27.200,sound_done,False,CAMERA_ALIGN_TO_TARGET mode=AUTO nav_goal=NONE,AUTO,0.000,-0.338,2.622,-0.012,False,True,False
27.200,mission_state,CAMERA_ALIGN_TO_TARGET mode=AUTO nav_goal=NONE,CAMERA_ALIGN_TO_TARGET mode=AUTO nav_goal=NONE,AUTO,0.000,-0.338,2.622,-0.012,False,True,False
27.200,camera_alignment,CAMERA_ALIGNMENT mode=logical centered=False bearing=-0.338 tilt_cmd=-0.700 joint_publish=False,CAMERA_ALIGN_TO_TARGET mode=AUTO nav_goal=NONE,AUTO,0.000,-0.338,2.622,-0.012,False,True,False
27.200,classification,GAZEBO_FAKE_YOLO11S_CLASSIFICATION camera_alignment_requested=true class=bird,CAMERA_ALIGN_TO_TARGET mode=AUTO nav_goal=NONE,AUTO,0.000,-0.338,2.622,-0.012,False,True,False
27.200,bird_confirmed,True,CAMERA_ALIGN_TO_TARGET mode=AUTO nav_goal=NONE,AUTO,0.000,-0.338,2.622,-0.012,False,True,False
27.200,mission_event,timestamp=27.200 mission_id=0 target_mission_id=1 state=CAMERA_ALIGN_TO_TARGET event_type=CAMERA_AIM_REQUESTED reason=aligning waypoint_index=2,CAMERA_ALIGN_TO_TARGET mode=AUTO nav_goal=NONE,AUTO,0.000,-0.338,2.622,-0.012,False,True,False
27.300,camera_alignment,CAMERA_ALIGNMENT mode=logical centered=False bearing=-0.338 tilt_cmd=-0.700 joint_publish=False,CAMERA_ALIGN_TO_TARGET mode=AUTO nav_goal=NONE,AUTO,0.000,-0.338,2.622,-0.012,False,True,False
27.300,bird_confirmed,True,CAMERA_ALIGN_TO_TARGET mode=AUTO nav_goal=NONE,AUTO,0.000,-0.338,2.622,-0.012,False,True,False
27.300,classification,GAZEBO_FAKE_YOLO11S_CLASSIFICATION camera_alignment_requested=true class=bird,CAMERA_ALIGN_TO_TARGET mode=AUTO nav_goal=NONE,AUTO,0.000,-0.338,2.622,-0.012,False,True,False
27.400,sound_state,IDLE_NO_REQUEST,CAMERA_ALIGN_TO_TARGET mode=AUTO nav_goal=NONE,AUTO,0.000,-0.338,2.622,-0.012,False,True,False
27.400,sound_done,False,CAMERA_ALIGN_TO_TARGET mode=AUTO nav_goal=NONE,AUTO,0.000,-0.338,2.622,-0.012,False,True,False
27.400,mission_state,CAMERA_ALIGN_TO_TARGET mode=AUTO nav_goal=NONE,CAMERA_ALIGN_TO_TARGET mode=AUTO nav_goal=NONE,AUTO,0.000,-0.338,2.622,-0.012,False,True,False
27.400,dynamic_lock,False,CAMERA_ALIGN_TO_TARGET mode=AUTO nav_goal=NONE,AUTO,0.000,-0.338,2.622,-0.012,False,True,False
27.400,camera_alignment,CAMERA_ALIGNMENT mode=logical centered=False bearing=-0.338 tilt_cmd=-0.700 joint_publish=False,CAMERA_ALIGN_TO_TARGET mode=AUTO nav_goal=NONE,AUTO,0.000,-0.338,2.622,-0.012,False,True,False
27.400,classification,GAZEBO_FAKE_YOLO11S_CLASSIFICATION camera_alignment_requested=true class=bird,CAMERA_ALIGN_TO_TARGET mode=AUTO nav_goal=NONE,AUTO,0.000,-0.338,2.622,-0.012,False,True,False
27.400,bird_confirmed,True,CAMERA_ALIGN_TO_TARGET mode=AUTO nav_goal=NONE,AUTO,0.000,-0.338,2.622,-0.012,False,True,False
27.400,mission_event,timestamp=27.400 mission_id=0 target_mission_id=1 state=CAMERA_ALIGN_TO_TARGET event_type=CAMERA_AIM_REQUESTED reason=aligning waypoint_index=2,CAMERA_ALIGN_TO_TARGET mode=AUTO nav_goal=NONE,AUTO,0.000,-0.338,2.622,-0.012,False,True,False
27.500,camera_alignment,CAMERA_ALIGNMENT mode=logical centered=False bearing=-0.338 tilt_cmd=-0.700 joint_publish=False,CAMERA_ALIGN_TO_TARGET mode=AUTO nav_goal=NONE,AUTO,0.000,-0.338,2.623,-0.012,False,True,False
27.500,bird_confirmed,True,CAMERA_ALIGN_TO_TARGET mode=AUTO nav_goal=NONE,AUTO,0.000,-0.338,2.622,-0.012,False,True,False
27.500,classification,GAZEBO_FAKE_YOLO11S_CLASSIFICATION camera_alignment_requested=true class=bird,CAMERA_ALIGN_TO_TARGET mode=AUTO nav_goal=NONE,AUTO,0.000,-0.338,2.622,-0.012,False,True,False
27.600,mission_state,CAMERA_ALIGN_TO_TARGET mode=AUTO nav_goal=NONE,CAMERA_ALIGN_TO_TARGET mode=AUTO nav_goal=NONE,AUTO,0.000,-0.338,2.622,-0.012,False,True,False
27.600,dynamic_lock,False,CAMERA_ALIGN_TO_TARGET mode=AUTO nav_goal=NONE,AUTO,0.000,-0.338,2.622,-0.012,False,True,False
27.600,camera_alignment,CAMERA_ALIGNMENT mode=logical centered=False bearing=-0.338 tilt_cmd=-0.700 joint_publish=False,CAMERA_ALIGN_TO_TARGET mode=AUTO nav_goal=NONE,AUTO,0.000,-0.338,2.622,-0.012,False,True,False
27.600,classification,GAZEBO_FAKE_YOLO11S_CLASSIFICATION camera_alignment_requested=true class=bird,CAMERA_ALIGN_TO_TARGET mode=AUTO nav_goal=NONE,AUTO,0.000,-0.338,2.622,-0.012,False,True,False
27.600,bird_confirmed,True,CAMERA_ALIGN_TO_TARGET mode=AUTO nav_goal=NONE,AUTO,0.000,-0.338,2.622,-0.012,False,True,False
27.600,sound_state,IDLE_NO_REQUEST,CAMERA_ALIGN_TO_TARGET mode=AUTO nav_goal=NONE,AUTO,0.000,-0.338,2.622,-0.012,False,True,False
27.600,sound_done,False,CAMERA_ALIGN_TO_TARGET mode=AUTO nav_goal=NONE,AUTO,0.000,-0.338,2.622,-0.012,False,True,False
27.600,mission_event,timestamp=27.600 mission_id=0 target_mission_id=1 state=CAMERA_ALIGN_TO_TARGET event_type=CAMERA_AIM_REQUESTED reason=aligning waypoint_index=2,CAMERA_ALIGN_TO_TARGET mode=AUTO nav_goal=NONE,AUTO,0.000,-0.338,2.622,-0.012,False,True,False
27.700,classification,GAZEBO_FAKE_YOLO11S_CLASSIFICATION camera_alignment_requested=true class=bird,CAMERA_ALIGN_TO_TARGET mode=AUTO nav_goal=NONE,AUTO,0.000,-0.338,2.622,-0.011,False,True,False
27.700,bird_confirmed,True,CAMERA_ALIGN_TO_TARGET mode=AUTO nav_goal=NONE,AUTO,0.000,-0.338,2.622,-0.011,False,True,False
27.700,camera_alignment,CAMERA_ALIGNMENT mode=logical centered=False bearing=-0.338 tilt_cmd=-0.700 joint_publish=False,CAMERA_ALIGN_TO_TARGET mode=AUTO nav_goal=NONE,AUTO,0.000,-0.338,2.622,-0.011,False,True,False
27.800,dynamic_lock,False,CAMERA_ALIGN_TO_TARGET mode=AUTO nav_goal=NONE,AUTO,0.000,-0.338,2.622,-0.011,False,True,False
27.800,camera_alignment,CAMERA_ALIGNMENT mode=logical centered=False bearing=-0.338 tilt_cmd=-0.700 joint_publish=False,CAMERA_ALIGN_TO_TARGET mode=AUTO nav_goal=NONE,AUTO,0.000,-0.338,2.622,-0.011,False,True,False
27.800,classification,GAZEBO_FAKE_YOLO11S_CLASSIFICATION camera_alignment_requested=true class=bird,CAMERA_ALIGN_TO_TARGET mode=AUTO nav_goal=NONE,AUTO,0.000,-0.338,2.622,-0.011,False,True,False
27.800,bird_confirmed,True,CAMERA_ALIGN_TO_TARGET mode=AUTO nav_goal=NONE,AUTO,0.000,-0.338,2.622,-0.011,False,True,False
27.800,sound_state,IDLE_NO_REQUEST,CAMERA_ALIGN_TO_TARGET mode=AUTO nav_goal=NONE,AUTO,0.000,-0.338,2.622,-0.011,False,True,False
27.800,sound_done,False,CAMERA_ALIGN_TO_TARGET mode=AUTO nav_goal=NONE,AUTO,0.000,-0.338,2.622,-0.011,False,True,False
27.800,mission_state,CAMERA_ALIGN_TO_TARGET mode=AUTO nav_goal=NONE,CAMERA_ALIGN_TO_TARGET mode=AUTO nav_goal=NONE,AUTO,0.000,-0.338,2.622,-0.011,False,True,False
27.800,mission_event,timestamp=27.800 mission_id=0 target_mission_id=1 state=CAMERA_ALIGN_TO_TARGET event_type=CAMERA_AIM_REQUESTED reason=aligning waypoint_index=2,CAMERA_ALIGN_TO_TARGET mode=AUTO nav_goal=NONE,AUTO,0.000,-0.338,2.622,-0.011,False,True,False
27.900,classification,GAZEBO_FAKE_YOLO11S_CLASSIFICATION camera_alignment_requested=true class=bird,CAMERA_ALIGN_TO_TARGET mode=AUTO nav_goal=NONE,AUTO,0.000,-0.338,2.622,-0.012,False,True,False
27.900,bird_confirmed,True,CAMERA_ALIGN_TO_TARGET mode=AUTO nav_goal=NONE,AUTO,0.000,-0.338,2.622,-0.012,False,True,False
27.900,camera_alignment,CAMERA_ALIGNMENT mode=logical centered=False bearing=-0.338 tilt_cmd=-0.700 joint_publish=False,CAMERA_ALIGN_TO_TARGET mode=AUTO nav_goal=NONE,AUTO,0.000,-0.338,2.622,-0.012,False,True,False
28.000,classification,GAZEBO_FAKE_YOLO11S_CLASSIFICATION camera_alignment_requested=true class=bird,CAMERA_ALIGN_TO_TARGET mode=AUTO nav_goal=NONE,AUTO,0.000,-0.338,2.623,-0.012,False,True,False
28.000,bird_confirmed,True,CAMERA_ALIGN_TO_TARGET mode=AUTO nav_goal=NONE,AUTO,0.000,-0.338,2.623,-0.012,False,True,False
28.000,dynamic_lock,False,CAMERA_ALIGN_TO_TARGET mode=AUTO nav_goal=NONE,AUTO,0.000,-0.338,2.623,-0.012,False,True,False
28.000,camera_alignment,CAMERA_ALIGNMENT mode=logical centered=False bearing=-0.338 tilt_cmd=-0.700 joint_publish=False,CAMERA_ALIGN_TO_TARGET mode=AUTO nav_goal=NONE,AUTO,0.000,-0.338,2.623,-0.012,False,True,False
28.000,sound_state,IDLE_NO_REQUEST,CAMERA_ALIGN_TO_TARGET mode=AUTO nav_goal=NONE,AUTO,0.000,-0.338,2.623,-0.012,False,True,False
28.000,sound_done,False,CAMERA_ALIGN_TO_TARGET mode=AUTO nav_goal=NONE,AUTO,0.000,-0.338,2.623,-0.012,False,True,False
28.000,mission_state,CAMERA_ALIGN_TO_TARGET mode=AUTO nav_goal=NONE,CAMERA_ALIGN_TO_TARGET mode=AUTO nav_goal=NONE,AUTO,0.000,-0.338,2.622,-0.012,False,True,False
28.000,mission_event,timestamp=28.000 mission_id=0 target_mission_id=1 state=CAMERA_ALIGN_TO_TARGET event_type=CAMERA_AIM_REQUESTED reason=aligning waypoint_index=2,CAMERA_ALIGN_TO_TARGET mode=AUTO nav_goal=NONE,AUTO,0.000,-0.338,2.622,-0.012,False,True,False
28.100,classification,GAZEBO_FAKE_YOLO11S_CLASSIFICATION camera_alignment_requested=true class=bird,CAMERA_ALIGN_TO_TARGET mode=AUTO nav_goal=NONE,AUTO,0.000,-0.338,2.622,-0.012,False,True,False
28.100,bird_confirmed,True,CAMERA_ALIGN_TO_TARGET mode=AUTO nav_goal=NONE,AUTO,0.000,-0.338,2.622,-0.012,False,True,False
28.100,camera_alignment,CAMERA_ALIGNMENT mode=logical centered=False bearing=-0.338 tilt_cmd=-0.700 joint_publish=False,CAMERA_ALIGN_TO_TARGET mode=AUTO nav_goal=NONE,AUTO,0.000,-0.338,2.622,-0.012,False,True,False
28.200,mission_state,CAMERA_ALIGN_TO_TARGET mode=AUTO nav_goal=NONE,CAMERA_ALIGN_TO_TARGET mode=AUTO nav_goal=NONE,AUTO,0.000,-0.338,2.622,-0.012,False,True,False
28.200,mission_event,timestamp=28.200 mission_id=0 target_mission_id=1 state=CAMERA_ALIGN_TO_TARGET event_type=CAMERA_AIM_REQUESTED reason=aligning waypoint_index=2,CAMERA_ALIGN_TO_TARGET mode=AUTO nav_goal=NONE,AUTO,0.000,-0.338,2.622,-0.012,False,True,False
28.200,camera_alignment,CAMERA_ALIGNMENT mode=logical centered=False bearing=-0.338 tilt_cmd=-0.700 joint_publish=False,CAMERA_ALIGN_TO_TARGET mode=AUTO nav_goal=NONE,AUTO,0.000,-0.338,2.622,-0.012,False,True,False
28.200,classification,GAZEBO_FAKE_YOLO11S_CLASSIFICATION camera_alignment_requested=true class=bird,CAMERA_ALIGN_TO_TARGET mode=AUTO nav_goal=NONE,AUTO,0.000,-0.338,2.622,-0.012,False,True,False
28.200,bird_confirmed,True,CAMERA_ALIGN_TO_TARGET mode=AUTO nav_goal=NONE,AUTO,0.000,-0.338,2.622,-0.012,False,True,False
28.200,sound_state,IDLE_NO_REQUEST,CAMERA_ALIGN_TO_TARGET mode=AUTO nav_goal=NONE,AUTO,0.000,-0.338,2.622,-0.012,False,True,False
28.200,sound_done,False,CAMERA_ALIGN_TO_TARGET mode=AUTO nav_goal=NONE,AUTO,0.000,-0.338,2.622,-0.012,False,True,False
28.200,dynamic_lock,False,CAMERA_ALIGN_TO_TARGET mode=AUTO nav_goal=NONE,AUTO,0.000,-0.338,2.622,-0.013,False,True,False
28.300,camera_alignment,CAMERA_ALIGNMENT mode=logical centered=False bearing=-0.338 tilt_cmd=-0.700 joint_publish=False,CAMERA_ALIGN_TO_TARGET mode=AUTO nav_goal=NONE,AUTO,0.000,-0.338,2.622,-0.013,False,True,False
28.300,classification,GAZEBO_FAKE_YOLO11S_CLASSIFICATION camera_alignment_requested=true class=bird,CAMERA_ALIGN_TO_TARGET mode=AUTO nav_goal=NONE,AUTO,0.000,-0.338,2.622,-0.013,False,True,False
28.300,bird_confirmed,True,CAMERA_ALIGN_TO_TARGET mode=AUTO nav_goal=NONE,AUTO,0.000,-0.338,2.622,-0.013,False,True,False
28.400,camera_alignment,CAMERA_ALIGNMENT mode=logical centered=False bearing=-0.338 tilt_cmd=-0.700 joint_publish=False,CAMERA_ALIGN_TO_TARGET mode=AUTO nav_goal=NONE,AUTO,0.000,-0.338,2.621,-0.012,False,True,False
28.400,classification,GAZEBO_FAKE_YOLO11S_CLASSIFICATION camera_alignment_requested=true class=bird,CAMERA_ALIGN_TO_TARGET mode=AUTO nav_goal=NONE,AUTO,0.000,-0.338,2.621,-0.012,False,True,False
28.400,bird_confirmed,True,CAMERA_ALIGN_TO_TARGET mode=AUTO nav_goal=NONE,AUTO,0.000,-0.338,2.621,-0.012,False,True,False
28.400,sound_state,IDLE_NO_REQUEST,CAMERA_ALIGN_TO_TARGET mode=AUTO nav_goal=NONE,AUTO,0.000,-0.338,2.621,-0.012,False,True,False
28.400,sound_done,False,CAMERA_ALIGN_TO_TARGET mode=AUTO nav_goal=NONE,AUTO,0.000,-0.338,2.621,-0.012,False,True,False
28.400,dynamic_lock,False,CAMERA_ALIGN_TO_TARGET mode=AUTO nav_goal=NONE,AUTO,0.000,-0.338,2.621,-0.012,False,True,False
28.400,mission_state,CAMERA_ALIGN_TO_TARGET mode=AUTO nav_goal=NONE,CAMERA_ALIGN_TO_TARGET mode=AUTO nav_goal=NONE,AUTO,0.000,-0.338,2.621,-0.012,False,True,False
28.400,mission_event,timestamp=28.400 mission_id=0 target_mission_id=1 state=CAMERA_ALIGN_TO_TARGET event_type=CAMERA_AIM_REQUESTED reason=aligning waypoint_index=2,CAMERA_ALIGN_TO_TARGET mode=AUTO nav_goal=NONE,AUTO,0.000,-0.338,2.621,-0.012,False,True,False
28.500,camera_alignment,CAMERA_ALIGNMENT mode=logical centered=False bearing=-0.338 tilt_cmd=-0.700 joint_publish=False,CAMERA_ALIGN_TO_TARGET mode=AUTO nav_goal=NONE,AUTO,0.000,-0.338,2.621,-0.012,False,True,False
28.500,classification,GAZEBO_FAKE_YOLO11S_CLASSIFICATION camera_alignment_requested=true class=bird,CAMERA_ALIGN_TO_TARGET mode=AUTO nav_goal=NONE,AUTO,0.000,-0.338,2.621,-0.012,False,True,False
28.500,bird_confirmed,True,CAMERA_ALIGN_TO_TARGET mode=AUTO nav_goal=NONE,AUTO,0.000,-0.338,2.621,-0.012,False,True,False
28.600,sound_state,IDLE_NO_REQUEST,CAMERA_ALIGN_TO_TARGET mode=AUTO nav_goal=NONE,AUTO,0.000,-0.338,2.620,-0.012,False,True,False
28.600,sound_done,False,CAMERA_ALIGN_TO_TARGET mode=AUTO nav_goal=NONE,AUTO,0.000,-0.338,2.620,-0.012,False,True,False
28.600,dynamic_lock,False,CAMERA_ALIGN_TO_TARGET mode=AUTO nav_goal=NONE,AUTO,0.000,-0.338,2.620,-0.012,False,True,False
28.600,camera_alignment,CAMERA_ALIGNMENT mode=logical centered=False bearing=-0.338 tilt_cmd=-0.700 joint_publish=False,CAMERA_ALIGN_TO_TARGET mode=AUTO nav_goal=NONE,AUTO,0.000,-0.338,2.620,-0.012,False,True,False
28.600,classification,GAZEBO_FAKE_YOLO11S_CLASSIFICATION camera_alignment_requested=true class=bird,CAMERA_ALIGN_TO_TARGET mode=AUTO nav_goal=NONE,AUTO,0.000,-0.338,2.620,-0.012,False,True,False
28.600,bird_confirmed,True,CAMERA_ALIGN_TO_TARGET mode=AUTO nav_goal=NONE,AUTO,0.000,-0.338,2.620,-0.012,False,True,False
28.600,mission_state,CAMERA_ALIGN_TO_TARGET mode=AUTO nav_goal=NONE,CAMERA_ALIGN_TO_TARGET mode=AUTO nav_goal=NONE,AUTO,0.000,-0.338,2.620,-0.012,False,True,False
28.600,mission_event,timestamp=28.600 mission_id=0 target_mission_id=1 state=CAMERA_ALIGN_TO_TARGET event_type=CAMERA_AIM_REQUESTED reason=aligning waypoint_index=2,CAMERA_ALIGN_TO_TARGET mode=AUTO nav_goal=NONE,AUTO,0.000,-0.338,2.620,-0.012,False,True,False
28.700,camera_alignment,CAMERA_ALIGNMENT mode=logical centered=False bearing=-0.338 tilt_cmd=-0.700 joint_publish=False,CAMERA_ALIGN_TO_TARGET mode=AUTO nav_goal=NONE,AUTO,0.000,-0.338,2.620,-0.012,False,True,False
28.700,classification,GAZEBO_FAKE_YOLO11S_CLASSIFICATION camera_alignment_requested=true class=bird,CAMERA_ALIGN_TO_TARGET mode=AUTO nav_goal=NONE,AUTO,0.000,-0.338,2.620,-0.012,False,True,False
28.700,bird_confirmed,True,CAMERA_ALIGN_TO_TARGET mode=AUTO nav_goal=NONE,AUTO,0.000,-0.338,2.620,-0.012,False,True,False
28.800,classification,GAZEBO_FAKE_YOLO11S_CLASSIFICATION camera_alignment_requested=true class=bird,CAMERA_ALIGN_TO_TARGET mode=AUTO nav_goal=NONE,AUTO,0.000,-0.338,2.620,-0.011,False,True,False
28.800,bird_confirmed,True,CAMERA_ALIGN_TO_TARGET mode=AUTO nav_goal=NONE,AUTO,0.000,-0.338,2.620,-0.011,False,True,False
28.800,camera_alignment,CAMERA_ALIGNMENT mode=logical centered=False bearing=-0.338 tilt_cmd=-0.700 joint_publish=False,CAMERA_ALIGN_TO_TARGET mode=AUTO nav_goal=NONE,AUTO,0.000,-0.338,2.620,-0.011,False,True,False
28.800,sound_state,IDLE_NO_REQUEST,CAMERA_ALIGN_TO_TARGET mode=AUTO nav_goal=NONE,AUTO,0.000,-0.338,2.620,-0.011,False,True,False
28.800,sound_done,False,CAMERA_ALIGN_TO_TARGET mode=AUTO nav_goal=NONE,AUTO,0.000,-0.338,2.620,-0.011,False,True,False
28.800,mission_state,CAMERA_ALIGN_TO_TARGET mode=AUTO nav_goal=NONE,CAMERA_ALIGN_TO_TARGET mode=AUTO nav_goal=NONE,AUTO,0.000,-0.338,2.620,-0.011,False,True,False
28.800,mission_event,timestamp=28.800 mission_id=0 target_mission_id=1 state=CAMERA_ALIGN_TO_TARGET event_type=CAMERA_AIM_REQUESTED reason=aligning waypoint_index=2,CAMERA_ALIGN_TO_TARGET mode=AUTO nav_goal=NONE,AUTO,0.000,-0.338,2.620,-0.011,False,True,False
28.800,dynamic_lock,False,CAMERA_ALIGN_TO_TARGET mode=AUTO nav_goal=NONE,AUTO,0.000,-0.338,2.620,-0.011,False,True,False
28.900,camera_alignment,CAMERA_ALIGNMENT mode=logical centered=False bearing=-0.338 tilt_cmd=-0.700 joint_publish=False,CAMERA_ALIGN_TO_TARGET mode=AUTO nav_goal=NONE,AUTO,0.000,-0.338,2.619,-0.011,False,True,False
28.900,classification,GAZEBO_FAKE_YOLO11S_CLASSIFICATION camera_alignment_requested=true class=bird,CAMERA_ALIGN_TO_TARGET mode=AUTO nav_goal=NONE,AUTO,0.000,-0.338,2.619,-0.011,False,True,False
28.900,bird_confirmed,True,CAMERA_ALIGN_TO_TARGET mode=AUTO nav_goal=NONE,AUTO,0.000,-0.338,2.619,-0.011,False,True,False
29.000,bird_confirmed,True,CAMERA_ALIGN_TO_TARGET mode=AUTO nav_goal=NONE,AUTO,0.000,-0.338,2.618,-0.011,False,True,False
29.000,classification,GAZEBO_FAKE_YOLO11S_CLASSIFICATION camera_alignment_requested=true class=bird,CAMERA_ALIGN_TO_TARGET mode=AUTO nav_goal=NONE,AUTO,0.000,-0.338,2.618,-0.011,False,True,False
29.000,sound_state,IDLE_NO_REQUEST,CAMERA_ALIGN_TO_TARGET mode=AUTO nav_goal=NONE,AUTO,0.000,-0.338,2.618,-0.011,False,True,False
29.000,sound_done,False,CAMERA_ALIGN_TO_TARGET mode=AUTO nav_goal=NONE,AUTO,0.000,-0.338,2.618,-0.011,False,True,False
29.000,mission_state,CAMERA_ALIGN_TO_TARGET mode=AUTO nav_goal=NONE,CAMERA_ALIGN_TO_TARGET mode=AUTO nav_goal=NONE,AUTO,0.000,-0.338,2.619,-0.011,False,True,False
29.000,mission_event,timestamp=29.000 mission_id=0 target_mission_id=1 state=CAMERA_ALIGN_TO_TARGET event_type=CAMERA_AIM_REQUESTED reason=aligning waypoint_index=2,CAMERA_ALIGN_TO_TARGET mode=AUTO nav_goal=NONE,AUTO,0.000,-0.338,2.619,-0.011,False,True,False
29.000,camera_alignment,CAMERA_ALIGNMENT mode=logical centered=False bearing=-0.338 tilt_cmd=-0.700 joint_publish=False,CAMERA_ALIGN_TO_TARGET mode=AUTO nav_goal=NONE,AUTO,0.000,-0.338,2.619,-0.011,False,True,False
29.000,dynamic_lock,False,CAMERA_ALIGN_TO_TARGET mode=AUTO nav_goal=NONE,AUTO,0.000,-0.338,2.619,-0.011,False,True,False
29.100,camera_alignment,CAMERA_ALIGNMENT mode=logical centered=False bearing=-0.338 tilt_cmd=-0.700 joint_publish=False,CAMERA_ALIGN_TO_TARGET mode=AUTO nav_goal=NONE,AUTO,0.000,-0.338,2.619,-0.012,False,True,False
29.100,classification,GAZEBO_FAKE_YOLO11S_CLASSIFICATION camera_alignment_requested=true class=bird,CAMERA_ALIGN_TO_TARGET mode=AUTO nav_goal=NONE,AUTO,0.000,-0.338,2.619,-0.012,False,True,False
29.100,bird_confirmed,True,CAMERA_ALIGN_TO_TARGET mode=AUTO nav_goal=NONE,AUTO,0.000,-0.338,2.619,-0.012,False,True,False
29.200,sound_state,IDLE_NO_REQUEST,CAMERA_ALIGN_TO_TARGET mode=AUTO nav_goal=NONE,AUTO,0.000,-0.338,2.619,-0.011,False,True,False
29.200,sound_done,False,CAMERA_ALIGN_TO_TARGET mode=AUTO nav_goal=NONE,AUTO,0.000,-0.338,2.619,-0.011,False,True,False
29.200,classification,GAZEBO_FAKE_YOLO11S_CLASSIFICATION camera_alignment_requested=true class=bird,CAMERA_ALIGN_TO_TARGET mode=AUTO nav_goal=NONE,AUTO,0.000,-0.338,2.619,-0.011,False,True,False
29.200,bird_confirmed,True,CAMERA_ALIGN_TO_TARGET mode=AUTO nav_goal=NONE,AUTO,0.000,-0.338,2.619,-0.011,False,True,False
29.200,mission_state,CAMERA_ALIGN_TO_TARGET mode=AUTO nav_goal=NONE,CAMERA_ALIGN_TO_TARGET mode=AUTO nav_goal=NONE,AUTO,0.000,-0.338,2.619,-0.011,False,True,False
29.200,mission_event,timestamp=29.200 mission_id=0 target_mission_id=1 state=CAMERA_ALIGN_TO_TARGET event_type=CAMERA_AIM_REQUESTED reason=aligning waypoint_index=2,CAMERA_ALIGN_TO_TARGET mode=AUTO nav_goal=NONE,AUTO,0.000,-0.338,2.619,-0.011,False,True,False
29.200,camera_alignment,CAMERA_ALIGNMENT mode=logical centered=False bearing=-0.338 tilt_cmd=-0.700 joint_publish=False,CAMERA_ALIGN_TO_TARGET mode=AUTO nav_goal=NONE,AUTO,0.000,-0.338,2.619,-0.011,False,True,False
29.300,classification,GAZEBO_FAKE_YOLO11S_CLASSIFICATION camera_alignment_requested=true class=bird,CAMERA_ALIGN_TO_TARGET mode=AUTO nav_goal=NONE,AUTO,0.000,-0.338,2.619,-0.012,False,True,False
29.300,bird_confirmed,True,CAMERA_ALIGN_TO_TARGET mode=AUTO nav_goal=NONE,AUTO,0.000,-0.338,2.619,-0.012,False,True,False
29.300,camera_alignment,CAMERA_ALIGNMENT mode=logical centered=False bearing=-0.338 tilt_cmd=-0.700 joint_publish=False,CAMERA_ALIGN_TO_TARGET mode=AUTO nav_goal=NONE,AUTO,0.000,-0.338,2.619,-0.012,False,True,False
29.300,dynamic_lock,False,CAMERA_ALIGN_TO_TARGET mode=AUTO nav_goal=NONE,AUTO,0.000,-0.338,2.619,-0.012,False,True,False
29.400,camera_alignment,CAMERA_ALIGNMENT mode=logical centered=False bearing=-0.338 tilt_cmd=-0.700 joint_publish=False,CAMERA_ALIGN_TO_TARGET mode=AUTO nav_goal=NONE,AUTO,0.000,-0.338,2.619,-0.012,False,True,False
29.400,sound_state,IDLE_NO_REQUEST,CAMERA_ALIGN_TO_TARGET mode=AUTO nav_goal=NONE,AUTO,0.000,-0.338,2.619,-0.012,False,True,False
29.400,sound_done,False,CAMERA_ALIGN_TO_TARGET mode=AUTO nav_goal=NONE,AUTO,0.000,-0.338,2.619,-0.012,False,True,False
29.400,bird_confirmed,True,CAMERA_ALIGN_TO_TARGET mode=AUTO nav_goal=NONE,AUTO,0.000,-0.338,2.619,-0.012,False,True,False
29.400,mission_state,CAMERA_ALIGN_TO_TARGET mode=AUTO nav_goal=NONE,CAMERA_ALIGN_TO_TARGET mode=AUTO nav_goal=NONE,AUTO,0.000,-0.338,2.619,-0.012,False,True,False
29.400,mission_event,timestamp=29.400 mission_id=0 target_mission_id=1 state=CAMERA_ALIGN_TO_TARGET event_type=CAMERA_AIM_REQUESTED reason=aligning waypoint_index=2,CAMERA_ALIGN_TO_TARGET mode=AUTO nav_goal=NONE,AUTO,0.000,-0.338,2.619,-0.012,False,True,False
29.400,dynamic_lock,False,CAMERA_ALIGN_TO_TARGET mode=AUTO nav_goal=NONE,AUTO,0.000,-0.338,2.619,-0.012,False,True,False
29.400,classification,GAZEBO_FAKE_YOLO11S_CLASSIFICATION camera_alignment_requested=true class=bird,CAMERA_ALIGN_TO_TARGET mode=AUTO nav_goal=NONE,AUTO,0.000,-0.338,2.619,-0.012,False,True,False
29.500,camera_alignment,CAMERA_ALIGNMENT mode=logical centered=False bearing=-0.338 tilt_cmd=-0.700 joint_publish=False,CAMERA_ALIGN_TO_TARGET mode=AUTO nav_goal=NONE,AUTO,0.000,-0.338,2.619,-0.012,False,True,False
29.500,classification,GAZEBO_FAKE_YOLO11S_CLASSIFICATION camera_alignment_requested=true class=bird,CAMERA_ALIGN_TO_TARGET mode=AUTO nav_goal=NONE,AUTO,0.000,-0.338,2.619,-0.012,False,True,False
29.500,bird_confirmed,True,CAMERA_ALIGN_TO_TARGET mode=AUTO nav_goal=NONE,AUTO,0.000,-0.338,2.619,-0.012,False,True,False
29.600,camera_alignment,CAMERA_ALIGNMENT mode=logical centered=False bearing=-0.338 tilt_cmd=-0.700 joint_publish=False,CAMERA_ALIGN_TO_TARGET mode=AUTO nav_goal=NONE,AUTO,0.000,-0.338,2.619,-0.012,False,True,False
29.600,bird_confirmed,True,CAMERA_ALIGN_TO_TARGET mode=AUTO nav_goal=NONE,AUTO,0.000,-0.338,2.619,-0.012,False,True,False
29.600,sound_state,IDLE_NO_REQUEST,CAMERA_ALIGN_TO_TARGET mode=AUTO nav_goal=NONE,AUTO,0.000,-0.338,2.619,-0.012,False,True,False
29.600,sound_done,False,CAMERA_ALIGN_TO_TARGET mode=AUTO nav_goal=NONE,AUTO,0.000,-0.338,2.619,-0.012,False,True,False
29.600,mission_state,CAMERA_ALIGN_TO_TARGET mode=AUTO nav_goal=NONE,CAMERA_ALIGN_TO_TARGET mode=AUTO nav_goal=NONE,AUTO,0.000,-0.338,2.619,-0.012,False,True,False
29.600,mission_event,timestamp=29.600 mission_id=0 target_mission_id=1 state=CAMERA_ALIGN_TO_TARGET event_type=CAMERA_AIM_REQUESTED reason=aligning waypoint_index=2,CAMERA_ALIGN_TO_TARGET mode=AUTO nav_goal=NONE,AUTO,0.000,-0.338,2.619,-0.012,False,True,False
29.600,classification,GAZEBO_FAKE_YOLO11S_CLASSIFICATION camera_alignment_requested=true class=bird,CAMERA_ALIGN_TO_TARGET mode=AUTO nav_goal=NONE,AUTO,0.000,-0.338,2.619,-0.012,False,True,False
29.600,dynamic_lock,False,CAMERA_ALIGN_TO_TARGET mode=AUTO nav_goal=NONE,AUTO,0.000,-0.338,2.619,-0.012,False,True,False
29.700,classification,GAZEBO_FAKE_YOLO11S_CLASSIFICATION camera_alignment_requested=true class=bird,CAMERA_ALIGN_TO_TARGET mode=AUTO nav_goal=NONE,AUTO,0.000,-0.338,2.619,-0.012,False,True,False
29.700,bird_confirmed,True,CAMERA_ALIGN_TO_TARGET mode=AUTO nav_goal=NONE,AUTO,0.000,-0.338,2.619,-0.012,False,True,False
29.700,camera_alignment,CAMERA_ALIGNMENT mode=logical centered=False bearing=-0.338 tilt_cmd=-0.700 joint_publish=False,CAMERA_ALIGN_TO_TARGET mode=AUTO nav_goal=NONE,AUTO,0.000,-0.338,2.619,-0.012,False,True,False
29.800,camera_alignment,CAMERA_ALIGNMENT mode=logical centered=False bearing=-0.338 tilt_cmd=-0.700 joint_publish=False,CAMERA_ALIGN_TO_TARGET mode=AUTO nav_goal=NONE,AUTO,0.000,-0.338,2.618,-0.011,False,True,False
29.800,classification,GAZEBO_FAKE_YOLO11S_CLASSIFICATION camera_alignment_requested=true class=bird,CAMERA_ALIGN_TO_TARGET mode=AUTO nav_goal=NONE,AUTO,0.000,-0.338,2.618,-0.011,False,True,False
29.800,bird_confirmed,True,CAMERA_ALIGN_TO_TARGET mode=AUTO nav_goal=NONE,AUTO,0.000,-0.338,2.618,-0.011,False,True,False
29.800,sound_state,IDLE_NO_REQUEST,CAMERA_ALIGN_TO_TARGET mode=AUTO nav_goal=NONE,AUTO,0.000,-0.338,2.618,-0.011,False,True,False
29.800,sound_done,False,CAMERA_ALIGN_TO_TARGET mode=AUTO nav_goal=NONE,AUTO,0.000,-0.338,2.618,-0.011,False,True,False
29.800,mission_state,CAMERA_ALIGN_TO_TARGET mode=AUTO nav_goal=NONE,CAMERA_ALIGN_TO_TARGET mode=AUTO nav_goal=NONE,AUTO,0.000,-0.338,2.618,-0.011,False,True,False
29.800,mission_event,timestamp=29.800 mission_id=0 target_mission_id=1 state=CAMERA_ALIGN_TO_TARGET event_type=CAMERA_AIM_REQUESTED reason=aligning waypoint_index=2,CAMERA_ALIGN_TO_TARGET mode=AUTO nav_goal=NONE,AUTO,0.000,-0.338,2.618,-0.011,False,True,False
29.800,dynamic_lock,False,CAMERA_ALIGN_TO_TARGET mode=AUTO nav_goal=NONE,AUTO,0.000,-0.338,2.617,-0.011,False,True,False
29.900,camera_alignment,CAMERA_ALIGNMENT mode=logical centered=False bearing=-0.338 tilt_cmd=-0.700 joint_publish=False,CAMERA_ALIGN_TO_TARGET mode=AUTO nav_goal=NONE,AUTO,0.000,-0.338,2.618,-0.011,False,True,False
29.900,classification,GAZEBO_FAKE_YOLO11S_CLASSIFICATION camera_alignment_requested=true class=bird,CAMERA_ALIGN_TO_TARGET mode=AUTO nav_goal=NONE,AUTO,0.000,-0.338,2.618,-0.011,False,True,False
29.900,bird_confirmed,True,CAMERA_ALIGN_TO_TARGET mode=AUTO nav_goal=NONE,AUTO,0.000,-0.338,2.618,-0.011,False,True,False
30.000,mission_state,CAMERA_ALIGN_TO_TARGET mode=AUTO nav_goal=NONE,CAMERA_ALIGN_TO_TARGET mode=AUTO nav_goal=NONE,AUTO,0.000,-0.338,2.618,-0.011,False,True,False
30.000,mission_event,timestamp=30.000 mission_id=0 target_mission_id=1 state=CAMERA_ALIGN_TO_TARGET event_type=CAMERA_AIM_REQUESTED reason=aligning waypoint_index=2,CAMERA_ALIGN_TO_TARGET mode=AUTO nav_goal=NONE,AUTO,0.000,-0.338,2.618,-0.011,False,True,False
30.000,camera_alignment,CAMERA_ALIGNMENT mode=logical centered=False bearing=-0.338 tilt_cmd=-0.700 joint_publish=False,CAMERA_ALIGN_TO_TARGET mode=AUTO nav_goal=NONE,AUTO,0.000,-0.338,2.618,-0.011,False,True,False
30.000,classification,GAZEBO_FAKE_YOLO11S_CLASSIFICATION camera_alignment_requested=true class=bird,CAMERA_ALIGN_TO_TARGET mode=AUTO nav_goal=NONE,AUTO,0.000,-0.338,2.618,-0.011,False,True,False
30.000,bird_confirmed,True,CAMERA_ALIGN_TO_TARGET mode=AUTO nav_goal=NONE,AUTO,0.000,-0.338,2.618,-0.011,False,True,False
30.000,sound_state,IDLE_NO_REQUEST,CAMERA_ALIGN_TO_TARGET mode=AUTO nav_goal=NONE,AUTO,0.000,-0.338,2.618,-0.011,False,True,False
30.000,sound_done,False,CAMERA_ALIGN_TO_TARGET mode=AUTO nav_goal=NONE,AUTO,0.000,-0.338,2.618,-0.011,False,True,False
30.000,dynamic_lock,False,CAMERA_ALIGN_TO_TARGET mode=AUTO nav_goal=NONE,AUTO,0.000,-0.338,2.617,-0.011,False,True,False
30.100,classification,GAZEBO_FAKE_YOLO11S_CLASSIFICATION camera_alignment_requested=true class=bird,CAMERA_ALIGN_TO_TARGET mode=AUTO nav_goal=NONE,AUTO,0.000,-0.338,2.617,-0.012,False,True,False
30.100,bird_confirmed,True,CAMERA_ALIGN_TO_TARGET mode=AUTO nav_goal=NONE,AUTO,0.000,-0.338,2.617,-0.012,False,True,False
30.100,camera_alignment,CAMERA_ALIGNMENT mode=logical centered=False bearing=-0.338 tilt_cmd=-0.700 joint_publish=False,CAMERA_ALIGN_TO_TARGET mode=AUTO nav_goal=NONE,AUTO,0.000,-0.338,2.617,-0.012,False,True,False
30.200,camera_alignment,CAMERA_ALIGNMENT mode=logical centered=False bearing=-0.338 tilt_cmd=-0.700 joint_publish=False,CAMERA_ALIGN_TO_TARGET mode=AUTO nav_goal=NONE,AUTO,0.000,-0.338,2.616,-0.011,False,True,False
30.200,sound_state,IDLE_NO_REQUEST,CAMERA_ALIGN_TO_TARGET mode=AUTO nav_goal=NONE,AUTO,0.000,-0.338,2.616,-0.011,False,True,False
30.200,sound_done,False,CAMERA_ALIGN_TO_TARGET mode=AUTO nav_goal=NONE,AUTO,0.000,-0.338,2.616,-0.011,False,True,False
30.200,mission_state,CAMERA_ALIGN_TO_TARGET mode=AUTO nav_goal=NONE,CAMERA_ALIGN_TO_TARGET mode=AUTO nav_goal=NONE,AUTO,0.000,-0.338,2.616,-0.012,False,True,False
30.200,mission_event,timestamp=30.200 mission_id=0 target_mission_id=1 state=CAMERA_ALIGN_TO_TARGET event_type=CAMERA_AIM_REQUESTED reason=aligning waypoint_index=2,CAMERA_ALIGN_TO_TARGET mode=AUTO nav_goal=NONE,AUTO,0.000,-0.338,2.616,-0.012,False,True,False
30.200,classification,GAZEBO_FAKE_YOLO11S_CLASSIFICATION camera_alignment_requested=true class=bird,CAMERA_ALIGN_TO_TARGET mode=AUTO nav_goal=NONE,AUTO,0.000,-0.338,2.616,-0.012,False,True,False
30.200,bird_confirmed,True,CAMERA_ALIGN_TO_TARGET mode=AUTO nav_goal=NONE,AUTO,0.000,-0.338,2.616,-0.012,False,True,False
30.200,dynamic_lock,False,CAMERA_ALIGN_TO_TARGET mode=AUTO nav_goal=NONE,AUTO,0.000,-0.338,2.616,-0.013,False,True,False
30.300,camera_alignment,CAMERA_ALIGNMENT mode=logical centered=False bearing=-0.338 tilt_cmd=-0.700 joint_publish=False,CAMERA_ALIGN_TO_TARGET mode=AUTO nav_goal=NONE,AUTO,0.000,-0.338,2.615,-0.012,False,True,False
30.300,classification,GAZEBO_FAKE_YOLO11S_CLASSIFICATION camera_alignment_requested=true class=bird,CAMERA_ALIGN_TO_TARGET mode=AUTO nav_goal=NONE,AUTO,0.000,-0.338,2.615,-0.012,False,True,False
30.300,bird_confirmed,True,CAMERA_ALIGN_TO_TARGET mode=AUTO nav_goal=NONE,AUTO,0.000,-0.338,2.615,-0.012,False,True,False
30.400,sound_done,False,CAMERA_ALIGN_TO_TARGET mode=AUTO nav_goal=NONE,AUTO,0.000,-0.338,2.615,-0.012,False,True,False
30.400,sound_state,IDLE_NO_REQUEST,CAMERA_ALIGN_TO_TARGET mode=AUTO nav_goal=NONE,AUTO,0.000,-0.338,2.615,-0.012,False,True,False
30.400,mission_state,CAMERA_ALIGN_TO_TARGET mode=AUTO nav_goal=NONE,CAMERA_ALIGN_TO_TARGET mode=AUTO nav_goal=NONE,AUTO,0.000,-0.338,2.615,-0.012,False,True,False
30.400,camera_alignment,CAMERA_ALIGNMENT mode=logical centered=False bearing=-0.338 tilt_cmd=-0.700 joint_publish=False,CAMERA_ALIGN_TO_TARGET mode=AUTO nav_goal=NONE,AUTO,0.000,-0.338,2.615,-0.012,False,True,False
30.400,mission_event,timestamp=30.400 mission_id=0 target_mission_id=1 state=CAMERA_ALIGN_TO_TARGET event_type=CAMERA_AIM_REQUESTED reason=aligning waypoint_index=2,CAMERA_ALIGN_TO_TARGET mode=AUTO nav_goal=NONE,AUTO,0.000,-0.338,2.615,-0.012,False,True,False
30.400,bird_confirmed,True,CAMERA_ALIGN_TO_TARGET mode=AUTO nav_goal=NONE,AUTO,0.000,-0.338,2.615,-0.012,False,True,False
30.400,classification,GAZEBO_FAKE_YOLO11S_CLASSIFICATION camera_alignment_requested=true class=bird,CAMERA_ALIGN_TO_TARGET mode=AUTO nav_goal=NONE,AUTO,0.000,-0.338,2.615,-0.012,False,True,False
30.400,dynamic_lock,False,CAMERA_ALIGN_TO_TARGET mode=AUTO nav_goal=NONE,AUTO,0.000,-0.338,2.615,-0.012,False,True,False
30.500,camera_alignment,CAMERA_ALIGNMENT mode=logical centered=False bearing=-0.338 tilt_cmd=-0.700 joint_publish=False,CAMERA_ALIGN_TO_TARGET mode=AUTO nav_goal=NONE,AUTO,0.000,-0.338,2.616,-0.012,False,True,False
30.500,bird_confirmed,True,CAMERA_ALIGN_TO_TARGET mode=AUTO nav_goal=NONE,AUTO,0.000,-0.338,2.616,-0.012,False,True,False
30.500,classification,GAZEBO_FAKE_YOLO11S_CLASSIFICATION camera_alignment_requested=true class=bird,CAMERA_ALIGN_TO_TARGET mode=AUTO nav_goal=NONE,AUTO,0.000,-0.338,2.616,-0.012,False,True,False
30.600,camera_alignment,CAMERA_ALIGNMENT mode=logical centered=False bearing=-0.338 tilt_cmd=-0.700 joint_publish=False,CAMERA_ALIGN_TO_TARGET mode=AUTO nav_goal=NONE,AUTO,0.000,-0.338,2.615,-0.011,False,True,False
30.600,mission_state,CAMERA_ALIGN_TO_TARGET mode=AUTO nav_goal=NONE,CAMERA_ALIGN_TO_TARGET mode=AUTO nav_goal=NONE,AUTO,0.000,-0.338,2.615,-0.011,False,True,False
30.600,sound_state,IDLE_NO_REQUEST,CAMERA_ALIGN_TO_TARGET mode=AUTO nav_goal=NONE,AUTO,0.000,-0.338,2.615,-0.011,False,True,False
30.600,sound_done,False,CAMERA_ALIGN_TO_TARGET mode=AUTO nav_goal=NONE,AUTO,0.000,-0.338,2.615,-0.011,False,True,False
30.600,mission_event,timestamp=30.600 mission_id=0 target_mission_id=1 state=CAMERA_ALIGN_TO_TARGET event_type=CAMERA_AIM_REQUESTED reason=aligning waypoint_index=2,CAMERA_ALIGN_TO_TARGET mode=AUTO nav_goal=NONE,AUTO,0.000,-0.338,2.615,-0.011,False,True,False
30.600,classification,GAZEBO_FAKE_YOLO11S_CLASSIFICATION camera_alignment_requested=true class=bird,CAMERA_ALIGN_TO_TARGET mode=AUTO nav_goal=NONE,AUTO,0.000,-0.338,2.615,-0.011,False,True,False
30.600,bird_confirmed,True,CAMERA_ALIGN_TO_TARGET mode=AUTO nav_goal=NONE,AUTO,0.000,-0.338,2.615,-0.011,False,True,False
30.600,dynamic_lock,False,CAMERA_ALIGN_TO_TARGET mode=AUTO nav_goal=NONE,AUTO,0.000,-0.338,2.615,-0.011,False,True,False
30.700,bird_confirmed,True,CAMERA_ALIGN_TO_TARGET mode=AUTO nav_goal=NONE,AUTO,0.000,-0.338,2.615,-0.011,False,True,False
30.700,camera_alignment,CAMERA_ALIGNMENT mode=logical centered=False bearing=-0.338 tilt_cmd=-0.700 joint_publish=False,CAMERA_ALIGN_TO_TARGET mode=AUTO nav_goal=NONE,AUTO,0.000,-0.338,2.615,-0.011,False,True,False
30.700,classification,GAZEBO_FAKE_YOLO11S_CLASSIFICATION camera_alignment_requested=true class=bird,CAMERA_ALIGN_TO_TARGET mode=AUTO nav_goal=NONE,AUTO,0.000,-0.338,2.615,-0.011,False,True,False
30.800,sound_done,False,CAMERA_ALIGN_TO_TARGET mode=AUTO nav_goal=NONE,AUTO,0.000,-0.338,2.615,-0.010,False,True,False
30.800,mission_state,CAMERA_ALIGN_TO_TARGET mode=AUTO nav_goal=NONE,CAMERA_ALIGN_TO_TARGET mode=AUTO nav_goal=NONE,AUTO,0.000,-0.338,2.615,-0.010,False,True,False
30.800,mission_event,timestamp=30.800 mission_id=0 target_mission_id=1 state=CAMERA_ALIGN_TO_TARGET event_type=CAMERA_AIM_REQUESTED reason=aligning waypoint_index=2,CAMERA_ALIGN_TO_TARGET mode=AUTO nav_goal=NONE,AUTO,0.000,-0.338,2.615,-0.010,False,True,False
30.800,sound_state,IDLE_NO_REQUEST,CAMERA_ALIGN_TO_TARGET mode=AUTO nav_goal=NONE,AUTO,0.000,-0.338,2.615,-0.010,False,True,False
30.800,mission_event,timestamp=30.800 mission_id=0 target_mission_id=1 state=CAMERA_ALIGN_FAILED event_type=STATE_CHANGE reason=previous=CAMERA_ALIGN_TO_TARGET next=CAMERA_ALIGN_FAILED reason=timeout state=CAMERA_ALIGNMENT mode=logical centered=False bearing=-0.338 tilt_cmd=-0.700 joint_publish=False waypoint_index=2,CAMERA_ALIGN_TO_TARGET mode=AUTO nav_goal=NONE,AUTO,0.000,-0.338,2.615,-0.010,False,True,False
30.800,camera_alignment,CAMERA_ALIGNMENT mode=logical centered=False bearing=-0.338 tilt_cmd=-0.700 joint_publish=False,CAMERA_ALIGN_TO_TARGET mode=AUTO nav_goal=NONE,AUTO,0.000,-0.338,2.615,-0.010,False,True,False
30.800,classification,GAZEBO_FAKE_YOLO11S_CLASSIFICATION camera_alignment_requested=true class=bird,CAMERA_ALIGN_TO_TARGET mode=AUTO nav_goal=NONE,AUTO,0.000,-0.338,2.615,-0.010,False,True,False
30.800,bird_confirmed,True,CAMERA_ALIGN_TO_TARGET mode=AUTO nav_goal=NONE,AUTO,0.000,-0.338,2.615,-0.010,False,True,False
30.800,dynamic_lock,False,CAMERA_ALIGN_TO_TARGET mode=AUTO nav_goal=NONE,AUTO,0.000,-0.338,2.615,-0.010,False,True,False
30.900,classification,WAITING_DYNAMIC_LOCK,CAMERA_ALIGN_TO_TARGET mode=AUTO nav_goal=NONE,AUTO,0.000,-0.338,2.615,-0.010,False,True,False
30.900,bird_confirmed,False,CAMERA_ALIGN_TO_TARGET mode=AUTO nav_goal=NONE,AUTO,0.000,-0.338,2.615,-0.010,False,False,False
31.000,bird_confirmed,False,CAMERA_ALIGN_TO_TARGET mode=AUTO nav_goal=NONE,AUTO,0.000,-0.338,2.615,-0.009,False,False,False
31.000,mission_state,CAMERA_ALIGN_FAILED mode=AUTO nav_goal=NONE,CAMERA_ALIGN_FAILED mode=AUTO nav_goal=NONE,AUTO,0.000,-0.338,2.615,-0.009,False,False,False
31.000,classification,WAITING_DYNAMIC_LOCK,CAMERA_ALIGN_FAILED mode=AUTO nav_goal=NONE,AUTO,0.000,-0.338,2.615,-0.009,False,False,False
31.000,sound_state,IDLE_NO_REQUEST,CAMERA_ALIGN_FAILED mode=AUTO nav_goal=NONE,AUTO,0.000,-0.338,2.615,-0.009,False,False,False
31.000,sound_done,False,CAMERA_ALIGN_FAILED mode=AUTO nav_goal=NONE,AUTO,0.000,-0.338,2.615,-0.009,False,False,False
31.000,mission_event,timestamp=31.000 mission_id=0 target_mission_id=1 state=RETURN_TO_INTERRUPTED_WAYPOINT event_type=STATE_CHANGE reason=previous=CAMERA_ALIGN_FAILED next=RETURN_TO_INTERRUPTED_WAYPOINT reason=goal_type=RETURN_TO_INTERRUPTED_WAYPOINT waypoint_index=2,CAMERA_ALIGN_FAILED mode=AUTO nav_goal=NONE,AUTO,0.000,-0.338,2.615,-0.009,False,False,False
31.000,mission_event,timestamp=31.000 mission_id=0 target_mission_id=1 state=RETURN_TO_INTERRUPTED_WAYPOINT event_type=NAV2_DISABLED_SIMULATED_GOAL reason=RETURN_TO_INTERRUPTED_WAYPOINT waypoint_index=2,CAMERA_ALIGN_FAILED mode=AUTO nav_goal=NONE,AUTO,0.000,-0.338,2.616,-0.010,False,False,False
31.000,object_goal_state,INSPECTION_MEMORY_COMMITTED terminal_state=CAMERA_ALIGN_FAILED,CAMERA_ALIGN_FAILED mode=AUTO nav_goal=NONE,AUTO,0.000,-0.338,2.616,-0.010,False,False,False
31.000,dynamic_lock,False,CAMERA_ALIGN_FAILED mode=AUTO nav_goal=NONE,AUTO,0.000,-0.338,2.615,-0.010,False,False,False
31.100,classification,WAITING_DYNAMIC_LOCK,CAMERA_ALIGN_FAILED mode=AUTO nav_goal=NONE,AUTO,0.000,-0.338,2.616,-0.010,False,False,False
31.100,bird_confirmed,False,CAMERA_ALIGN_FAILED mode=AUTO nav_goal=NONE,AUTO,0.000,-0.338,2.616,-0.010,False,False,False
31.200,classification,WAITING_DYNAMIC_LOCK,CAMERA_ALIGN_FAILED mode=AUTO nav_goal=NONE,AUTO,0.000,-0.338,2.615,-0.010,False,False,False
31.200,bird_confirmed,False,CAMERA_ALIGN_FAILED mode=AUTO nav_goal=NONE,AUTO,0.000,-0.338,2.615,-0.010,False,False,False
31.200,sound_state,IDLE_NO_REQUEST,CAMERA_ALIGN_FAILED mode=AUTO nav_goal=NONE,AUTO,0.000,-0.338,2.615,-0.010,False,False,False
31.200,sound_done,False,CAMERA_ALIGN_FAILED mode=AUTO nav_goal=NONE,AUTO,0.000,-0.338,2.615,-0.010,False,False,False
31.200,mission_state,RETURN_TO_INTERRUPTED_WAYPOINT mode=AUTO nav_goal=RETURN_TO_INTERRUPTED_WAYPOINT,RETURN_TO_INTERRUPTED_WAYPOINT mode=AUTO nav_goal=RETURN_TO_INTERRUPTED_WAYPOINT,AUTO,0.000,-0.098,2.615,-0.010,False,False,False
31.200,dynamic_lock,False,RETURN_TO_INTERRUPTED_WAYPOINT mode=AUTO nav_goal=RETURN_TO_INTERRUPTED_WAYPOINT,AUTO,0.000,-0.098,2.615,-0.010,False,False,False
31.300,bird_confirmed,False,RETURN_TO_INTERRUPTED_WAYPOINT mode=AUTO nav_goal=RETURN_TO_INTERRUPTED_WAYPOINT,AUTO,0.000,-0.098,2.616,-0.010,False,False,False
31.300,classification,WAITING_DYNAMIC_LOCK,RETURN_TO_INTERRUPTED_WAYPOINT mode=AUTO nav_goal=RETURN_TO_INTERRUPTED_WAYPOINT,AUTO,0.000,-0.218,2.616,-0.010,False,False,False
31.400,sound_state,IDLE_NO_REQUEST,RETURN_TO_INTERRUPTED_WAYPOINT mode=AUTO nav_goal=RETURN_TO_INTERRUPTED_WAYPOINT,AUTO,0.000,-0.338,2.616,-0.010,False,False,False
31.400,sound_done,False,RETURN_TO_INTERRUPTED_WAYPOINT mode=AUTO nav_goal=RETURN_TO_INTERRUPTED_WAYPOINT,AUTO,0.000,-0.338,2.616,-0.010,False,False,False
31.400,classification,WAITING_DYNAMIC_LOCK,RETURN_TO_INTERRUPTED_WAYPOINT mode=AUTO nav_goal=RETURN_TO_INTERRUPTED_WAYPOINT,AUTO,0.000,-0.338,2.616,-0.010,False,False,False
31.400,bird_confirmed,False,RETURN_TO_INTERRUPTED_WAYPOINT mode=AUTO nav_goal=RETURN_TO_INTERRUPTED_WAYPOINT,AUTO,0.000,-0.338,2.616,-0.010,False,False,False
31.400,mission_state,RETURN_TO_INTERRUPTED_WAYPOINT mode=AUTO nav_goal=RETURN_TO_INTERRUPTED_WAYPOINT,RETURN_TO_INTERRUPTED_WAYPOINT mode=AUTO nav_goal=RETURN_TO_INTERRUPTED_WAYPOINT,AUTO,0.000,-0.350,2.616,-0.010,False,False,False
31.400,dynamic_lock,False,RETURN_TO_INTERRUPTED_WAYPOINT mode=AUTO nav_goal=RETURN_TO_INTERRUPTED_WAYPOINT,AUTO,0.000,-0.350,2.616,-0.010,False,False,False
31.500,classification,WAITING_DYNAMIC_LOCK,RETURN_TO_INTERRUPTED_WAYPOINT mode=AUTO nav_goal=RETURN_TO_INTERRUPTED_WAYPOINT,AUTO,0.000,-0.350,2.616,-0.009,False,False,False
31.500,bird_confirmed,False,RETURN_TO_INTERRUPTED_WAYPOINT mode=AUTO nav_goal=RETURN_TO_INTERRUPTED_WAYPOINT,AUTO,0.000,-0.350,2.616,-0.009,False,False,False
31.600,classification,WAITING_DYNAMIC_LOCK,RETURN_TO_INTERRUPTED_WAYPOINT mode=AUTO nav_goal=RETURN_TO_INTERRUPTED_WAYPOINT,AUTO,0.000,-0.350,2.616,-0.010,False,False,False
31.600,bird_confirmed,False,RETURN_TO_INTERRUPTED_WAYPOINT mode=AUTO nav_goal=RETURN_TO_INTERRUPTED_WAYPOINT,AUTO,0.000,-0.350,2.616,-0.010,False,False,False
31.600,sound_state,IDLE_NO_REQUEST,RETURN_TO_INTERRUPTED_WAYPOINT mode=AUTO nav_goal=RETURN_TO_INTERRUPTED_WAYPOINT,AUTO,0.000,-0.350,2.616,-0.010,False,False,False
31.600,sound_done,False,RETURN_TO_INTERRUPTED_WAYPOINT mode=AUTO nav_goal=RETURN_TO_INTERRUPTED_WAYPOINT,AUTO,0.000,-0.350,2.616,-0.010,False,False,False
31.600,mission_state,RETURN_TO_INTERRUPTED_WAYPOINT mode=AUTO nav_goal=RETURN_TO_INTERRUPTED_WAYPOINT,RETURN_TO_INTERRUPTED_WAYPOINT mode=AUTO nav_goal=RETURN_TO_INTERRUPTED_WAYPOINT,AUTO,0.000,-0.350,2.616,-0.010,False,False,False
31.600,dynamic_lock,False,RETURN_TO_INTERRUPTED_WAYPOINT mode=AUTO nav_goal=RETURN_TO_INTERRUPTED_WAYPOINT,AUTO,0.000,-0.350,2.616,-0.009,False,False,False
31.700,classification,WAITING_DYNAMIC_LOCK,RETURN_TO_INTERRUPTED_WAYPOINT mode=AUTO nav_goal=RETURN_TO_INTERRUPTED_WAYPOINT,AUTO,0.000,-0.350,2.615,-0.009,False,False,False
31.700,bird_confirmed,False,RETURN_TO_INTERRUPTED_WAYPOINT mode=AUTO nav_goal=RETURN_TO_INTERRUPTED_WAYPOINT,AUTO,0.000,-0.350,2.615,-0.009,False,False,False
31.800,classification,WAITING_DYNAMIC_LOCK,RETURN_TO_INTERRUPTED_WAYPOINT mode=AUTO nav_goal=RETURN_TO_INTERRUPTED_WAYPOINT,AUTO,0.000,-0.350,2.614,-0.009,False,False,False
31.800,bird_confirmed,False,RETURN_TO_INTERRUPTED_WAYPOINT mode=AUTO nav_goal=RETURN_TO_INTERRUPTED_WAYPOINT,AUTO,0.000,-0.350,2.614,-0.009,False,False,False
31.800,sound_state,IDLE_NO_REQUEST,RETURN_TO_INTERRUPTED_WAYPOINT mode=AUTO nav_goal=RETURN_TO_INTERRUPTED_WAYPOINT,AUTO,0.000,-0.350,2.614,-0.009,False,False,False
31.800,sound_done,False,RETURN_TO_INTERRUPTED_WAYPOINT mode=AUTO nav_goal=RETURN_TO_INTERRUPTED_WAYPOINT,AUTO,0.000,-0.350,2.614,-0.009,False,False,False
31.800,mission_state,RETURN_TO_INTERRUPTED_WAYPOINT mode=AUTO nav_goal=RETURN_TO_INTERRUPTED_WAYPOINT,RETURN_TO_INTERRUPTED_WAYPOINT mode=AUTO nav_goal=RETURN_TO_INTERRUPTED_WAYPOINT,AUTO,0.000,-0.350,2.614,-0.010,False,False,False
31.800,dynamic_lock,False,RETURN_TO_INTERRUPTED_WAYPOINT mode=AUTO nav_goal=RETURN_TO_INTERRUPTED_WAYPOINT,AUTO,0.000,-0.350,2.614,-0.010,False,False,False
31.900,classification,WAITING_DYNAMIC_LOCK,RETURN_TO_INTERRUPTED_WAYPOINT mode=AUTO nav_goal=RETURN_TO_INTERRUPTED_WAYPOINT,AUTO,0.000,-0.350,2.614,-0.009,False,False,False
31.900,bird_confirmed,False,RETURN_TO_INTERRUPTED_WAYPOINT mode=AUTO nav_goal=RETURN_TO_INTERRUPTED_WAYPOINT,AUTO,0.000,-0.350,2.614,-0.009,False,False,False
32.000,dynamic_lock,False,RETURN_TO_INTERRUPTED_WAYPOINT mode=AUTO nav_goal=RETURN_TO_INTERRUPTED_WAYPOINT,AUTO,0.000,-0.350,2.614,-0.010,False,False,False
32.000,classification,WAITING_DYNAMIC_LOCK,RETURN_TO_INTERRUPTED_WAYPOINT mode=AUTO nav_goal=RETURN_TO_INTERRUPTED_WAYPOINT,AUTO,0.000,-0.350,2.614,-0.010,False,False,False
32.000,bird_confirmed,False,RETURN_TO_INTERRUPTED_WAYPOINT mode=AUTO nav_goal=RETURN_TO_INTERRUPTED_WAYPOINT,AUTO,0.000,-0.350,2.614,-0.010,False,False,False
32.000,sound_state,IDLE_NO_REQUEST,RETURN_TO_INTERRUPTED_WAYPOINT mode=AUTO nav_goal=RETURN_TO_INTERRUPTED_WAYPOINT,AUTO,0.000,-0.350,2.614,-0.010,False,False,False
32.000,sound_done,False,RETURN_TO_INTERRUPTED_WAYPOINT mode=AUTO nav_goal=RETURN_TO_INTERRUPTED_WAYPOINT,AUTO,0.000,-0.350,2.614,-0.010,False,False,False
32.000,mission_state,RETURN_TO_INTERRUPTED_WAYPOINT mode=AUTO nav_goal=RETURN_TO_INTERRUPTED_WAYPOINT,RETURN_TO_INTERRUPTED_WAYPOINT mode=AUTO nav_goal=RETURN_TO_INTERRUPTED_WAYPOINT,AUTO,0.000,-0.350,2.614,-0.010,False,False,False
32.100,classification,WAITING_DYNAMIC_LOCK,RETURN_TO_INTERRUPTED_WAYPOINT mode=AUTO nav_goal=RETURN_TO_INTERRUPTED_WAYPOINT,AUTO,0.000,-0.350,2.613,-0.010,False,False,False
32.100,bird_confirmed,False,RETURN_TO_INTERRUPTED_WAYPOINT mode=AUTO nav_goal=RETURN_TO_INTERRUPTED_WAYPOINT,AUTO,0.000,-0.350,2.613,-0.010,False,False,False
32.200,mission_state,RETURN_TO_INTERRUPTED_WAYPOINT mode=AUTO nav_goal=RETURN_TO_INTERRUPTED_WAYPOINT,RETURN_TO_INTERRUPTED_WAYPOINT mode=AUTO nav_goal=RETURN_TO_INTERRUPTED_WAYPOINT,AUTO,0.000,-0.350,2.613,-0.010,False,False,False
32.200,classification,WAITING_DYNAMIC_LOCK,RETURN_TO_INTERRUPTED_WAYPOINT mode=AUTO nav_goal=RETURN_TO_INTERRUPTED_WAYPOINT,AUTO,0.000,-0.350,2.613,-0.010,False,False,False
32.200,bird_confirmed,False,RETURN_TO_INTERRUPTED_WAYPOINT mode=AUTO nav_goal=RETURN_TO_INTERRUPTED_WAYPOINT,AUTO,0.000,-0.350,2.613,-0.010,False,False,False
32.200,sound_state,IDLE_NO_REQUEST,RETURN_TO_INTERRUPTED_WAYPOINT mode=AUTO nav_goal=RETURN_TO_INTERRUPTED_WAYPOINT,AUTO,0.000,-0.350,2.613,-0.010,False,False,False
32.200,sound_done,False,RETURN_TO_INTERRUPTED_WAYPOINT mode=AUTO nav_goal=RETURN_TO_INTERRUPTED_WAYPOINT,AUTO,0.000,-0.350,2.613,-0.010,False,False,False
32.200,dynamic_lock,False,RETURN_TO_INTERRUPTED_WAYPOINT mode=AUTO nav_goal=RETURN_TO_INTERRUPTED_WAYPOINT,AUTO,0.000,-0.350,2.613,-0.010,False,False,False
32.300,bird_confirmed,False,RETURN_TO_INTERRUPTED_WAYPOINT mode=AUTO nav_goal=RETURN_TO_INTERRUPTED_WAYPOINT,AUTO,0.000,-0.350,2.612,-0.010,False,False,False
32.300,classification,WAITING_DYNAMIC_LOCK,RETURN_TO_INTERRUPTED_WAYPOINT mode=AUTO nav_goal=RETURN_TO_INTERRUPTED_WAYPOINT,AUTO,0.000,-0.350,2.612,-0.010,False,False,False
32.400,mission_state,RETURN_TO_INTERRUPTED_WAYPOINT mode=AUTO nav_goal=RETURN_TO_INTERRUPTED_WAYPOINT,RETURN_TO_INTERRUPTED_WAYPOINT mode=AUTO nav_goal=RETURN_TO_INTERRUPTED_WAYPOINT,AUTO,0.000,-0.350,2.612,-0.010,False,False,False
32.400,dynamic_lock,False,RETURN_TO_INTERRUPTED_WAYPOINT mode=AUTO nav_goal=RETURN_TO_INTERRUPTED_WAYPOINT,AUTO,0.000,-0.350,2.612,-0.010,False,False,False
32.400,classification,WAITING_DYNAMIC_LOCK,RETURN_TO_INTERRUPTED_WAYPOINT mode=AUTO nav_goal=RETURN_TO_INTERRUPTED_WAYPOINT,AUTO,0.000,-0.350,2.612,-0.010,False,False,False
32.400,bird_confirmed,False,RETURN_TO_INTERRUPTED_WAYPOINT mode=AUTO nav_goal=RETURN_TO_INTERRUPTED_WAYPOINT,AUTO,0.000,-0.350,2.612,-0.010,False,False,False
32.400,sound_state,IDLE_NO_REQUEST,RETURN_TO_INTERRUPTED_WAYPOINT mode=AUTO nav_goal=RETURN_TO_INTERRUPTED_WAYPOINT,AUTO,0.000,-0.350,2.612,-0.010,False,False,False
32.400,sound_done,False,RETURN_TO_INTERRUPTED_WAYPOINT mode=AUTO nav_goal=RETURN_TO_INTERRUPTED_WAYPOINT,AUTO,0.000,-0.350,2.612,-0.010,False,False,False
32.500,classification,WAITING_DYNAMIC_LOCK,RETURN_TO_INTERRUPTED_WAYPOINT mode=AUTO nav_goal=RETURN_TO_INTERRUPTED_WAYPOINT,AUTO,0.000,-0.350,2.612,-0.010,False,False,False
32.500,bird_confirmed,False,RETURN_TO_INTERRUPTED_WAYPOINT mode=AUTO nav_goal=RETURN_TO_INTERRUPTED_WAYPOINT,AUTO,0.000,-0.350,2.612,-0.010,False,False,False
32.600,mission_state,RETURN_TO_INTERRUPTED_WAYPOINT mode=AUTO nav_goal=RETURN_TO_INTERRUPTED_WAYPOINT,RETURN_TO_INTERRUPTED_WAYPOINT mode=AUTO nav_goal=RETURN_TO_INTERRUPTED_WAYPOINT,AUTO,0.000,-0.350,2.611,-0.009,False,False,False
32.600,dynamic_lock,False,RETURN_TO_INTERRUPTED_WAYPOINT mode=AUTO nav_goal=RETURN_TO_INTERRUPTED_WAYPOINT,AUTO,0.000,-0.350,2.611,-0.009,False,False,False
32.600,bird_confirmed,False,RETURN_TO_INTERRUPTED_WAYPOINT mode=AUTO nav_goal=RETURN_TO_INTERRUPTED_WAYPOINT,AUTO,0.000,-0.350,2.611,-0.009,False,False,False
32.600,sound_state,IDLE_NO_REQUEST,RETURN_TO_INTERRUPTED_WAYPOINT mode=AUTO nav_goal=RETURN_TO_INTERRUPTED_WAYPOINT,AUTO,0.000,-0.350,2.611,-0.009,False,False,False
32.600,sound_done,False,RETURN_TO_INTERRUPTED_WAYPOINT mode=AUTO nav_goal=RETURN_TO_INTERRUPTED_WAYPOINT,AUTO,0.000,-0.350,2.611,-0.009,False,False,False
32.600,classification,WAITING_DYNAMIC_LOCK,RETURN_TO_INTERRUPTED_WAYPOINT mode=AUTO nav_goal=RETURN_TO_INTERRUPTED_WAYPOINT,AUTO,0.000,-0.350,2.611,-0.009,False,False,False
32.700,classification,WAITING_DYNAMIC_LOCK,RETURN_TO_INTERRUPTED_WAYPOINT mode=AUTO nav_goal=RETURN_TO_INTERRUPTED_WAYPOINT,AUTO,0.000,-0.350,2.612,-0.009,False,False,False
32.700,bird_confirmed,False,RETURN_TO_INTERRUPTED_WAYPOINT mode=AUTO nav_goal=RETURN_TO_INTERRUPTED_WAYPOINT,AUTO,0.000,-0.350,2.612,-0.009,False,False,False
32.800,mission_state,RETURN_TO_INTERRUPTED_WAYPOINT mode=AUTO nav_goal=RETURN_TO_INTERRUPTED_WAYPOINT,RETURN_TO_INTERRUPTED_WAYPOINT mode=AUTO nav_goal=RETURN_TO_INTERRUPTED_WAYPOINT,AUTO,0.000,-0.350,2.612,-0.010,False,False,False
32.800,dynamic_lock,False,RETURN_TO_INTERRUPTED_WAYPOINT mode=AUTO nav_goal=RETURN_TO_INTERRUPTED_WAYPOINT,AUTO,0.000,-0.350,2.612,-0.010,False,False,False
32.800,classification,WAITING_DYNAMIC_LOCK,RETURN_TO_INTERRUPTED_WAYPOINT mode=AUTO nav_goal=RETURN_TO_INTERRUPTED_WAYPOINT,AUTO,0.000,-0.350,2.612,-0.010,False,False,False
32.800,bird_confirmed,False,RETURN_TO_INTERRUPTED_WAYPOINT mode=AUTO nav_goal=RETURN_TO_INTERRUPTED_WAYPOINT,AUTO,0.000,-0.350,2.612,-0.010,False,False,False
32.800,sound_state,IDLE_NO_REQUEST,RETURN_TO_INTERRUPTED_WAYPOINT mode=AUTO nav_goal=RETURN_TO_INTERRUPTED_WAYPOINT,AUTO,0.000,-0.350,2.612,-0.010,False,False,False
32.800,sound_done,False,RETURN_TO_INTERRUPTED_WAYPOINT mode=AUTO nav_goal=RETURN_TO_INTERRUPTED_WAYPOINT,AUTO,0.000,-0.350,2.612,-0.010,False,False,False
32.900,classification,WAITING_DYNAMIC_LOCK,RETURN_TO_INTERRUPTED_WAYPOINT mode=AUTO nav_goal=RETURN_TO_INTERRUPTED_WAYPOINT,AUTO,0.000,-0.350,2.611,-0.010,False,False,False
32.900,bird_confirmed,False,RETURN_TO_INTERRUPTED_WAYPOINT mode=AUTO nav_goal=RETURN_TO_INTERRUPTED_WAYPOINT,AUTO,0.000,-0.350,2.611,-0.010,False,False,False
32.900,mission_state,RETURN_TO_INTERRUPTED_WAYPOINT mode=AUTO nav_goal=RETURN_TO_INTERRUPTED_WAYPOINT,RETURN_TO_INTERRUPTED_WAYPOINT mode=AUTO nav_goal=RETURN_TO_INTERRUPTED_WAYPOINT,AUTO,0.000,-0.350,2.612,-0.010,False,False,False
32.900,dynamic_lock,False,RETURN_TO_INTERRUPTED_WAYPOINT mode=AUTO nav_goal=RETURN_TO_INTERRUPTED_WAYPOINT,AUTO,0.000,-0.350,2.612,-0.010,False,False,False
32.900,classification,WAITING_DYNAMIC_LOCK,RETURN_TO_INTERRUPTED_WAYPOINT mode=AUTO nav_goal=RETURN_TO_INTERRUPTED_WAYPOINT,AUTO,0.000,-0.350,2.612,-0.010,False,False,False
32.900,bird_confirmed,False,RETURN_TO_INTERRUPTED_WAYPOINT mode=AUTO nav_goal=RETURN_TO_INTERRUPTED_WAYPOINT,AUTO,0.000,-0.350,2.612,-0.010,False,False,False
32.900,sound_state,IDLE_NO_REQUEST,RETURN_TO_INTERRUPTED_WAYPOINT mode=AUTO nav_goal=RETURN_TO_INTERRUPTED_WAYPOINT,AUTO,0.000,-0.350,2.612,-0.010,False,False,False
32.900,sound_done,False,RETURN_TO_INTERRUPTED_WAYPOINT mode=AUTO nav_goal=RETURN_TO_INTERRUPTED_WAYPOINT,AUTO,0.000,-0.350,2.612,-0.010,False,False,False
33.100,classification,WAITING_DYNAMIC_LOCK,RETURN_TO_INTERRUPTED_WAYPOINT mode=AUTO nav_goal=RETURN_TO_INTERRUPTED_WAYPOINT,AUTO,0.000,-0.350,2.611,-0.010,False,False,False
33.100,bird_confirmed,False,RETURN_TO_INTERRUPTED_WAYPOINT mode=AUTO nav_goal=RETURN_TO_INTERRUPTED_WAYPOINT,AUTO,0.000,-0.350,2.611,-0.010,False,False,False
33.200,mission_state,RETURN_TO_INTERRUPTED_WAYPOINT mode=AUTO nav_goal=RETURN_TO_INTERRUPTED_WAYPOINT,RETURN_TO_INTERRUPTED_WAYPOINT mode=AUTO nav_goal=RETURN_TO_INTERRUPTED_WAYPOINT,AUTO,0.000,-0.350,2.611,-0.010,False,False,False
33.200,dynamic_lock,False,RETURN_TO_INTERRUPTED_WAYPOINT mode=AUTO nav_goal=RETURN_TO_INTERRUPTED_WAYPOINT,AUTO,0.000,-0.350,2.611,-0.010,False,False,False
33.200,classification,WAITING_DYNAMIC_LOCK,RETURN_TO_INTERRUPTED_WAYPOINT mode=AUTO nav_goal=RETURN_TO_INTERRUPTED_WAYPOINT,AUTO,0.000,-0.350,2.611,-0.010,False,False,False
33.200,bird_confirmed,False,RETURN_TO_INTERRUPTED_WAYPOINT mode=AUTO nav_goal=RETURN_TO_INTERRUPTED_WAYPOINT,AUTO,0.000,-0.350,2.611,-0.010,False,False,False
33.200,sound_state,IDLE_NO_REQUEST,RETURN_TO_INTERRUPTED_WAYPOINT mode=AUTO nav_goal=RETURN_TO_INTERRUPTED_WAYPOINT,AUTO,0.000,-0.350,2.611,-0.010,False,False,False
33.200,sound_done,False,RETURN_TO_INTERRUPTED_WAYPOINT mode=AUTO nav_goal=RETURN_TO_INTERRUPTED_WAYPOINT,AUTO,0.000,-0.350,2.611,-0.010,False,False,False
33.300,classification,WAITING_DYNAMIC_LOCK,RETURN_TO_INTERRUPTED_WAYPOINT mode=AUTO nav_goal=RETURN_TO_INTERRUPTED_WAYPOINT,AUTO,0.000,-0.350,2.612,-0.010,False,False,False
33.300,bird_confirmed,False,RETURN_TO_INTERRUPTED_WAYPOINT mode=AUTO nav_goal=RETURN_TO_INTERRUPTED_WAYPOINT,AUTO,0.000,-0.350,2.612,-0.010,False,False,False
33.400,mission_state,RETURN_TO_INTERRUPTED_WAYPOINT mode=AUTO nav_goal=RETURN_TO_INTERRUPTED_WAYPOINT,RETURN_TO_INTERRUPTED_WAYPOINT mode=AUTO nav_goal=RETURN_TO_INTERRUPTED_WAYPOINT,AUTO,0.000,-0.350,2.612,-0.010,False,False,False
33.400,dynamic_lock,False,RETURN_TO_INTERRUPTED_WAYPOINT mode=AUTO nav_goal=RETURN_TO_INTERRUPTED_WAYPOINT,AUTO,0.000,-0.350,2.612,-0.010,False,False,False
33.400,classification,WAITING_DYNAMIC_LOCK,RETURN_TO_INTERRUPTED_WAYPOINT mode=AUTO nav_goal=RETURN_TO_INTERRUPTED_WAYPOINT,AUTO,0.000,-0.350,2.612,-0.010,False,False,False
33.400,bird_confirmed,False,RETURN_TO_INTERRUPTED_WAYPOINT mode=AUTO nav_goal=RETURN_TO_INTERRUPTED_WAYPOINT,AUTO,0.000,-0.350,2.612,-0.010,False,False,False
33.400,sound_state,IDLE_NO_REQUEST,RETURN_TO_INTERRUPTED_WAYPOINT mode=AUTO nav_goal=RETURN_TO_INTERRUPTED_WAYPOINT,AUTO,0.000,-0.350,2.612,-0.010,False,False,False
33.400,sound_done,False,RETURN_TO_INTERRUPTED_WAYPOINT mode=AUTO nav_goal=RETURN_TO_INTERRUPTED_WAYPOINT,AUTO,0.000,-0.350,2.612,-0.010,False,False,False
33.500,classification,WAITING_DYNAMIC_LOCK,RETURN_TO_INTERRUPTED_WAYPOINT mode=AUTO nav_goal=RETURN_TO_INTERRUPTED_WAYPOINT,AUTO,0.000,-0.350,2.612,-0.010,False,False,False
33.500,bird_confirmed,False,RETURN_TO_INTERRUPTED_WAYPOINT mode=AUTO nav_goal=RETURN_TO_INTERRUPTED_WAYPOINT,AUTO,0.000,-0.350,2.612,-0.010,False,False,False
33.600,mission_state,RETURN_TO_INTERRUPTED_WAYPOINT mode=AUTO nav_goal=RETURN_TO_INTERRUPTED_WAYPOINT,RETURN_TO_INTERRUPTED_WAYPOINT mode=AUTO nav_goal=RETURN_TO_INTERRUPTED_WAYPOINT,AUTO,0.000,-0.350,2.613,-0.010,False,False,False
33.600,classification,WAITING_DYNAMIC_LOCK,RETURN_TO_INTERRUPTED_WAYPOINT mode=AUTO nav_goal=RETURN_TO_INTERRUPTED_WAYPOINT,AUTO,0.000,-0.350,2.613,-0.010,False,False,False
33.600,bird_confirmed,False,RETURN_TO_INTERRUPTED_WAYPOINT mode=AUTO nav_goal=RETURN_TO_INTERRUPTED_WAYPOINT,AUTO,0.000,-0.350,2.613,-0.010,False,False,False
33.600,sound_state,IDLE_NO_REQUEST,RETURN_TO_INTERRUPTED_WAYPOINT mode=AUTO nav_goal=RETURN_TO_INTERRUPTED_WAYPOINT,AUTO,0.000,-0.350,2.613,-0.010,False,False,False
33.600,sound_done,False,RETURN_TO_INTERRUPTED_WAYPOINT mode=AUTO nav_goal=RETURN_TO_INTERRUPTED_WAYPOINT,AUTO,0.000,-0.350,2.613,-0.010,False,False,False
33.600,dynamic_lock,False,RETURN_TO_INTERRUPTED_WAYPOINT mode=AUTO nav_goal=RETURN_TO_INTERRUPTED_WAYPOINT,AUTO,0.120,-0.350,2.608,-0.006,False,False,False
33.700,classification,WAITING_DYNAMIC_LOCK,RETURN_TO_INTERRUPTED_WAYPOINT mode=AUTO nav_goal=RETURN_TO_INTERRUPTED_WAYPOINT,AUTO,0.120,-0.350,2.606,-0.005,False,False,False
33.700,bird_confirmed,False,RETURN_TO_INTERRUPTED_WAYPOINT mode=AUTO nav_goal=RETURN_TO_INTERRUPTED_WAYPOINT,AUTO,0.120,-0.350,2.606,-0.005,False,False,False
33.800,sound_done,False,RETURN_TO_INTERRUPTED_WAYPOINT mode=AUTO nav_goal=RETURN_TO_INTERRUPTED_WAYPOINT,AUTO,0.120,-0.350,2.593,0.006,False,False,False
33.800,sound_state,IDLE_NO_REQUEST,RETURN_TO_INTERRUPTED_WAYPOINT mode=AUTO nav_goal=RETURN_TO_INTERRUPTED_WAYPOINT,AUTO,0.120,-0.350,2.593,0.006,False,False,False
33.800,mission_state,RETURN_TO_INTERRUPTED_WAYPOINT mode=AUTO nav_goal=RETURN_TO_INTERRUPTED_WAYPOINT,RETURN_TO_INTERRUPTED_WAYPOINT mode=AUTO nav_goal=RETURN_TO_INTERRUPTED_WAYPOINT,AUTO,0.120,-0.350,2.591,0.007,False,False,False
33.800,classification,WAITING_DYNAMIC_LOCK,RETURN_TO_INTERRUPTED_WAYPOINT mode=AUTO nav_goal=RETURN_TO_INTERRUPTED_WAYPOINT,AUTO,0.120,-0.350,2.591,0.007,False,False,False
33.800,bird_confirmed,False,RETURN_TO_INTERRUPTED_WAYPOINT mode=AUTO nav_goal=RETURN_TO_INTERRUPTED_WAYPOINT,AUTO,0.120,-0.350,2.591,0.007,False,False,False
33.800,dynamic_lock,False,RETURN_TO_INTERRUPTED_WAYPOINT mode=AUTO nav_goal=RETURN_TO_INTERRUPTED_WAYPOINT,AUTO,0.120,-0.350,2.581,0.017,False,False,False
33.900,classification,WAITING_DYNAMIC_LOCK,RETURN_TO_INTERRUPTED_WAYPOINT mode=AUTO nav_goal=RETURN_TO_INTERRUPTED_WAYPOINT,AUTO,0.120,-0.350,2.578,0.020,False,False,False
33.900,bird_confirmed,False,RETURN_TO_INTERRUPTED_WAYPOINT mode=AUTO nav_goal=RETURN_TO_INTERRUPTED_WAYPOINT,AUTO,0.120,-0.350,2.578,0.020,False,False,False
34.000,mission_state,RETURN_TO_INTERRUPTED_WAYPOINT mode=AUTO nav_goal=RETURN_TO_INTERRUPTED_WAYPOINT,RETURN_TO_INTERRUPTED_WAYPOINT mode=AUTO nav_goal=RETURN_TO_INTERRUPTED_WAYPOINT,AUTO,0.120,-0.350,2.564,0.033,False,False,False
34.000,classification,WAITING_DYNAMIC_LOCK,RETURN_TO_INTERRUPTED_WAYPOINT mode=AUTO nav_goal=RETURN_TO_INTERRUPTED_WAYPOINT,AUTO,0.120,-0.350,2.564,0.033,False,False,False
34.000,bird_confirmed,False,RETURN_TO_INTERRUPTED_WAYPOINT mode=AUTO nav_goal=RETURN_TO_INTERRUPTED_WAYPOINT,AUTO,0.120,-0.350,2.564,0.033,False,False,False
34.000,sound_state,IDLE_NO_REQUEST,RETURN_TO_INTERRUPTED_WAYPOINT mode=AUTO nav_goal=RETURN_TO_INTERRUPTED_WAYPOINT,AUTO,0.120,-0.350,2.564,0.033,False,False,False
34.000,sound_done,False,RETURN_TO_INTERRUPTED_WAYPOINT mode=AUTO nav_goal=RETURN_TO_INTERRUPTED_WAYPOINT,AUTO,0.120,-0.350,2.564,0.033,False,False,False
34.000,dynamic_lock,False,RETURN_TO_INTERRUPTED_WAYPOINT mode=AUTO nav_goal=RETURN_TO_INTERRUPTED_WAYPOINT,AUTO,0.120,-0.350,2.553,0.044,False,False,False
34.100,classification,WAITING_DYNAMIC_LOCK,RETURN_TO_INTERRUPTED_WAYPOINT mode=AUTO nav_goal=RETURN_TO_INTERRUPTED_WAYPOINT,AUTO,0.120,-0.350,2.550,0.047,False,False,False
34.100,bird_confirmed,False,RETURN_TO_INTERRUPTED_WAYPOINT mode=AUTO nav_goal=RETURN_TO_INTERRUPTED_WAYPOINT,AUTO,0.120,-0.350,2.550,0.047,False,False,False
34.200,classification,WAITING_DYNAMIC_LOCK,RETURN_TO_INTERRUPTED_WAYPOINT mode=AUTO nav_goal=RETURN_TO_INTERRUPTED_WAYPOINT,AUTO,0.120,-0.350,2.536,0.061,False,False,False
34.200,bird_confirmed,False,RETURN_TO_INTERRUPTED_WAYPOINT mode=AUTO nav_goal=RETURN_TO_INTERRUPTED_WAYPOINT,AUTO,0.120,-0.350,2.536,0.061,False,False,False
34.200,sound_state,IDLE_NO_REQUEST,RETURN_TO_INTERRUPTED_WAYPOINT mode=AUTO nav_goal=RETURN_TO_INTERRUPTED_WAYPOINT,AUTO,0.120,-0.350,2.536,0.061,False,False,False
34.200,sound_done,False,RETURN_TO_INTERRUPTED_WAYPOINT mode=AUTO nav_goal=RETURN_TO_INTERRUPTED_WAYPOINT,AUTO,0.120,-0.350,2.536,0.061,False,False,False
34.200,mission_state,RETURN_TO_INTERRUPTED_WAYPOINT mode=AUTO nav_goal=RETURN_TO_INTERRUPTED_WAYPOINT,RETURN_TO_INTERRUPTED_WAYPOINT mode=AUTO nav_goal=RETURN_TO_INTERRUPTED_WAYPOINT,AUTO,0.120,-0.350,2.535,0.062,False,False,False
34.200,dynamic_lock,False,RETURN_TO_INTERRUPTED_WAYPOINT mode=AUTO nav_goal=RETURN_TO_INTERRUPTED_WAYPOINT,AUTO,0.120,-0.350,2.527,0.070,False,False,False
34.300,classification,WAITING_DYNAMIC_LOCK,RETURN_TO_INTERRUPTED_WAYPOINT mode=AUTO nav_goal=RETURN_TO_INTERRUPTED_WAYPOINT,AUTO,0.120,-0.350,2.523,0.075,False,False,False
34.300,bird_confirmed,False,RETURN_TO_INTERRUPTED_WAYPOINT mode=AUTO nav_goal=RETURN_TO_INTERRUPTED_WAYPOINT,AUTO,0.120,-0.350,2.523,0.075,False,False,False
34.400,bird_confirmed,False,RETURN_TO_INTERRUPTED_WAYPOINT mode=AUTO nav_goal=RETURN_TO_INTERRUPTED_WAYPOINT,AUTO,0.120,-0.350,2.510,0.089,False,False,False
34.400,sound_done,False,RETURN_TO_INTERRUPTED_WAYPOINT mode=AUTO nav_goal=RETURN_TO_INTERRUPTED_WAYPOINT,AUTO,0.120,-0.350,2.510,0.089,False,False,False
34.400,sound_state,IDLE_NO_REQUEST,RETURN_TO_INTERRUPTED_WAYPOINT mode=AUTO nav_goal=RETURN_TO_INTERRUPTED_WAYPOINT,AUTO,0.120,-0.350,2.510,0.089,False,False,False
34.400,mission_state,RETURN_TO_INTERRUPTED_WAYPOINT mode=AUTO nav_goal=RETURN_TO_INTERRUPTED_WAYPOINT,RETURN_TO_INTERRUPTED_WAYPOINT mode=AUTO nav_goal=RETURN_TO_INTERRUPTED_WAYPOINT,AUTO,0.120,-0.350,2.509,0.091,False,False,False
34.400,classification,WAITING_DYNAMIC_LOCK,RETURN_TO_INTERRUPTED_WAYPOINT mode=AUTO nav_goal=RETURN_TO_INTERRUPTED_WAYPOINT,AUTO,0.120,-0.350,2.509,0.091,False,False,False
34.400,dynamic_lock,False,RETURN_TO_INTERRUPTED_WAYPOINT mode=AUTO nav_goal=RETURN_TO_INTERRUPTED_WAYPOINT,AUTO,0.120,-0.350,2.501,0.100,False,False,False
34.500,classification,WAITING_DYNAMIC_LOCK,RETURN_TO_INTERRUPTED_WAYPOINT mode=AUTO nav_goal=RETURN_TO_INTERRUPTED_WAYPOINT,AUTO,0.120,-0.350,2.497,0.104,False,False,False
34.500,bird_confirmed,False,RETURN_TO_INTERRUPTED_WAYPOINT mode=AUTO nav_goal=RETURN_TO_INTERRUPTED_WAYPOINT,AUTO,0.120,-0.350,2.497,0.104,False,False,False
34.600,mission_state,RETURN_TO_INTERRUPTED_WAYPOINT mode=AUTO nav_goal=RETURN_TO_INTERRUPTED_WAYPOINT,RETURN_TO_INTERRUPTED_WAYPOINT mode=AUTO nav_goal=RETURN_TO_INTERRUPTED_WAYPOINT,AUTO,0.120,-0.350,2.483,0.121,False,False,False
34.600,sound_state,IDLE_NO_REQUEST,RETURN_TO_INTERRUPTED_WAYPOINT mode=AUTO nav_goal=RETURN_TO_INTERRUPTED_WAYPOINT,AUTO,0.120,-0.350,2.483,0.121,False,False,False
34.600,sound_done,False,RETURN_TO_INTERRUPTED_WAYPOINT mode=AUTO nav_goal=RETURN_TO_INTERRUPTED_WAYPOINT,AUTO,0.120,-0.350,2.483,0.121,False,False,False
34.600,classification,WAITING_DYNAMIC_LOCK,RETURN_TO_INTERRUPTED_WAYPOINT mode=AUTO nav_goal=RETURN_TO_INTERRUPTED_WAYPOINT,AUTO,0.120,-0.350,2.483,0.121,False,False,False
34.600,bird_confirmed,False,RETURN_TO_INTERRUPTED_WAYPOINT mode=AUTO nav_goal=RETURN_TO_INTERRUPTED_WAYPOINT,AUTO,0.120,-0.350,2.483,0.121,False,False,False
34.600,dynamic_lock,False,RETURN_TO_INTERRUPTED_WAYPOINT mode=AUTO nav_goal=RETURN_TO_INTERRUPTED_WAYPOINT,AUTO,0.120,-0.350,2.477,0.128,False,False,False
34.700,classification,WAITING_DYNAMIC_LOCK,RETURN_TO_INTERRUPTED_WAYPOINT mode=AUTO nav_goal=RETURN_TO_INTERRUPTED_WAYPOINT,AUTO,0.120,-0.350,2.472,0.134,False,False,False
34.700,bird_confirmed,False,RETURN_TO_INTERRUPTED_WAYPOINT mode=AUTO nav_goal=RETURN_TO_INTERRUPTED_WAYPOINT,AUTO,0.120,-0.350,2.472,0.134,False,False,False
34.800,classification,WAITING_DYNAMIC_LOCK,RETURN_TO_INTERRUPTED_WAYPOINT mode=AUTO nav_goal=RETURN_TO_INTERRUPTED_WAYPOINT,AUTO,0.120,-0.350,2.460,0.150,False,False,False
34.800,bird_confirmed,False,RETURN_TO_INTERRUPTED_WAYPOINT mode=AUTO nav_goal=RETURN_TO_INTERRUPTED_WAYPOINT,AUTO,0.120,-0.350,2.460,0.150,False,False,False
34.800,sound_state,IDLE_NO_REQUEST,RETURN_TO_INTERRUPTED_WAYPOINT mode=AUTO nav_goal=RETURN_TO_INTERRUPTED_WAYPOINT,AUTO,0.120,-0.350,2.460,0.150,False,False,False
34.800,sound_done,False,RETURN_TO_INTERRUPTED_WAYPOINT mode=AUTO nav_goal=RETURN_TO_INTERRUPTED_WAYPOINT,AUTO,0.120,-0.350,2.460,0.150,False,False,False
34.800,mission_state,RETURN_TO_INTERRUPTED_WAYPOINT mode=AUTO nav_goal=RETURN_TO_INTERRUPTED_WAYPOINT,RETURN_TO_INTERRUPTED_WAYPOINT mode=AUTO nav_goal=RETURN_TO_INTERRUPTED_WAYPOINT,AUTO,0.120,-0.350,2.459,0.152,False,False,False
34.800,dynamic_lock,False,RETURN_TO_INTERRUPTED_WAYPOINT mode=AUTO nav_goal=RETURN_TO_INTERRUPTED_WAYPOINT,AUTO,0.120,-0.350,2.455,0.157,False,False,False
34.900,classification,WAITING_DYNAMIC_LOCK,RETURN_TO_INTERRUPTED_WAYPOINT mode=AUTO nav_goal=RETURN_TO_INTERRUPTED_WAYPOINT,AUTO,0.120,-0.350,2.449,0.166,False,False,False
34.900,bird_confirmed,False,RETURN_TO_INTERRUPTED_WAYPOINT mode=AUTO nav_goal=RETURN_TO_INTERRUPTED_WAYPOINT,AUTO,0.120,-0.350,2.449,0.166,False,False,False
35.000,classification,WAITING_DYNAMIC_LOCK,RETURN_TO_INTERRUPTED_WAYPOINT mode=AUTO nav_goal=RETURN_TO_INTERRUPTED_WAYPOINT,AUTO,0.120,-0.350,2.437,0.182,False,False,False
35.000,bird_confirmed,False,RETURN_TO_INTERRUPTED_WAYPOINT mode=AUTO nav_goal=RETURN_TO_INTERRUPTED_WAYPOINT,AUTO,0.120,-0.350,2.437,0.182,False,False,False
35.000,sound_state,IDLE_NO_REQUEST,RETURN_TO_INTERRUPTED_WAYPOINT mode=AUTO nav_goal=RETURN_TO_INTERRUPTED_WAYPOINT,AUTO,0.120,-0.350,2.437,0.182,False,False,False
35.000,sound_done,False,RETURN_TO_INTERRUPTED_WAYPOINT mode=AUTO nav_goal=RETURN_TO_INTERRUPTED_WAYPOINT,AUTO,0.120,-0.350,2.437,0.182,False,False,False
35.000,mission_state,RETURN_TO_INTERRUPTED_WAYPOINT mode=AUTO nav_goal=RETURN_TO_INTERRUPTED_WAYPOINT,RETURN_TO_INTERRUPTED_WAYPOINT mode=AUTO nav_goal=RETURN_TO_INTERRUPTED_WAYPOINT,AUTO,0.120,-0.350,2.437,0.182,False,False,False
35.000,dynamic_lock,False,RETURN_TO_INTERRUPTED_WAYPOINT mode=AUTO nav_goal=RETURN_TO_INTERRUPTED_WAYPOINT,AUTO,0.120,-0.350,2.433,0.188,False,False,False
35.100,bird_confirmed,False,RETURN_TO_INTERRUPTED_WAYPOINT mode=AUTO nav_goal=RETURN_TO_INTERRUPTED_WAYPOINT,AUTO,0.120,-0.350,2.426,0.198,False,False,False
35.100,classification,WAITING_DYNAMIC_LOCK,RETURN_TO_INTERRUPTED_WAYPOINT mode=AUTO nav_goal=RETURN_TO_INTERRUPTED_WAYPOINT,AUTO,0.120,-0.350,2.426,0.198,False,False,False
35.200,bird_confirmed,False,RETURN_TO_INTERRUPTED_WAYPOINT mode=AUTO nav_goal=RETURN_TO_INTERRUPTED_WAYPOINT,AUTO,0.120,-0.350,2.416,0.214,False,False,False
35.200,sound_state,IDLE_NO_REQUEST,RETURN_TO_INTERRUPTED_WAYPOINT mode=AUTO nav_goal=RETURN_TO_INTERRUPTED_WAYPOINT,AUTO,0.120,-0.350,2.416,0.214,False,False,False
35.200,sound_done,False,RETURN_TO_INTERRUPTED_WAYPOINT mode=AUTO nav_goal=RETURN_TO_INTERRUPTED_WAYPOINT,AUTO,0.120,-0.350,2.416,0.214,False,False,False
35.200,mission_state,RETURN_TO_INTERRUPTED_WAYPOINT mode=AUTO nav_goal=RETURN_TO_INTERRUPTED_WAYPOINT,RETURN_TO_INTERRUPTED_WAYPOINT mode=AUTO nav_goal=RETURN_TO_INTERRUPTED_WAYPOINT,AUTO,0.120,-0.350,2.416,0.214,False,False,False
35.200,classification,WAITING_DYNAMIC_LOCK,RETURN_TO_INTERRUPTED_WAYPOINT mode=AUTO nav_goal=RETURN_TO_INTERRUPTED_WAYPOINT,AUTO,0.120,-0.350,2.416,0.214,False,False,False
35.200,dynamic_lock,False,RETURN_TO_INTERRUPTED_WAYPOINT mode=AUTO nav_goal=RETURN_TO_INTERRUPTED_WAYPOINT,AUTO,0.120,-0.350,2.412,0.221,False,False,False
35.300,classification,WAITING_DYNAMIC_LOCK,RETURN_TO_INTERRUPTED_WAYPOINT mode=AUTO nav_goal=RETURN_TO_INTERRUPTED_WAYPOINT,AUTO,0.120,-0.350,2.406,0.230,False,False,False
35.300,bird_confirmed,False,RETURN_TO_INTERRUPTED_WAYPOINT mode=AUTO nav_goal=RETURN_TO_INTERRUPTED_WAYPOINT,AUTO,0.120,-0.350,2.406,0.230,False,False,False
35.400,dynamic_lock,False,RETURN_TO_INTERRUPTED_WAYPOINT mode=AUTO nav_goal=RETURN_TO_INTERRUPTED_WAYPOINT,AUTO,0.120,-0.350,2.396,0.247,False,False,False
35.400,classification,WAITING_DYNAMIC_LOCK,RETURN_TO_INTERRUPTED_WAYPOINT mode=AUTO nav_goal=RETURN_TO_INTERRUPTED_WAYPOINT,AUTO,0.120,-0.350,2.396,0.247,False,False,False
35.400,bird_confirmed,False,RETURN_TO_INTERRUPTED_WAYPOINT mode=AUTO nav_goal=RETURN_TO_INTERRUPTED_WAYPOINT,AUTO,0.120,-0.350,2.396,0.247,False,False,False
35.400,sound_done,False,RETURN_TO_INTERRUPTED_WAYPOINT mode=AUTO nav_goal=RETURN_TO_INTERRUPTED_WAYPOINT,AUTO,0.120,-0.350,2.396,0.247,False,False,False
35.400,mission_state,RETURN_TO_INTERRUPTED_WAYPOINT mode=AUTO nav_goal=RETURN_TO_INTERRUPTED_WAYPOINT,RETURN_TO_INTERRUPTED_WAYPOINT mode=AUTO nav_goal=RETURN_TO_INTERRUPTED_WAYPOINT,AUTO,0.120,-0.350,2.395,0.249,False,False,False
35.400,sound_state,IDLE_NO_REQUEST,RETURN_TO_INTERRUPTED_WAYPOINT mode=AUTO nav_goal=RETURN_TO_INTERRUPTED_WAYPOINT,AUTO,0.120,-0.350,2.395,0.249,False,False,False
35.500,classification,WAITING_DYNAMIC_LOCK,RETURN_TO_INTERRUPTED_WAYPOINT mode=AUTO nav_goal=RETURN_TO_INTERRUPTED_WAYPOINT,AUTO,0.120,-0.350,2.385,0.266,False,False,False
35.500,bird_confirmed,False,RETURN_TO_INTERRUPTED_WAYPOINT mode=AUTO nav_goal=RETURN_TO_INTERRUPTED_WAYPOINT,AUTO,0.120,-0.350,2.385,0.266,False,False,False
35.600,mission_state,RETURN_TO_INTERRUPTED_WAYPOINT mode=AUTO nav_goal=RETURN_TO_INTERRUPTED_WAYPOINT,RETURN_TO_INTERRUPTED_WAYPOINT mode=AUTO nav_goal=RETURN_TO_INTERRUPTED_WAYPOINT,AUTO,0.120,-0.350,2.376,0.281,False,False,False
35.600,classification,WAITING_DYNAMIC_LOCK,RETURN_TO_INTERRUPTED_WAYPOINT mode=AUTO nav_goal=RETURN_TO_INTERRUPTED_WAYPOINT,AUTO,0.120,-0.350,2.376,0.281,False,False,False
35.600,bird_confirmed,False,RETURN_TO_INTERRUPTED_WAYPOINT mode=AUTO nav_goal=RETURN_TO_INTERRUPTED_WAYPOINT,AUTO,0.120,-0.350,2.376,0.281,False,False,False
35.600,sound_state,IDLE_NO_REQUEST,RETURN_TO_INTERRUPTED_WAYPOINT mode=AUTO nav_goal=RETURN_TO_INTERRUPTED_WAYPOINT,AUTO,0.120,-0.350,2.376,0.281,False,False,False
35.600,sound_done,False,RETURN_TO_INTERRUPTED_WAYPOINT mode=AUTO nav_goal=RETURN_TO_INTERRUPTED_WAYPOINT,AUTO,0.120,-0.350,2.376,0.281,False,False,False
35.600,dynamic_lock,False,RETURN_TO_INTERRUPTED_WAYPOINT mode=AUTO nav_goal=RETURN_TO_INTERRUPTED_WAYPOINT,AUTO,0.120,-0.350,2.373,0.286,False,False,False
35.700,bird_confirmed,False,RETURN_TO_INTERRUPTED_WAYPOINT mode=AUTO nav_goal=RETURN_TO_INTERRUPTED_WAYPOINT,AUTO,0.120,-0.350,2.368,0.299,False,False,False
35.700,classification,WAITING_DYNAMIC_LOCK,RETURN_TO_INTERRUPTED_WAYPOINT mode=AUTO nav_goal=RETURN_TO_INTERRUPTED_WAYPOINT,AUTO,0.120,-0.350,2.368,0.299,False,False,False
35.800,sound_done,False,RETURN_TO_INTERRUPTED_WAYPOINT mode=AUTO nav_goal=RETURN_TO_INTERRUPTED_WAYPOINT,AUTO,0.120,-0.349,2.359,0.317,False,False,False
35.800,mission_state,RETURN_TO_INTERRUPTED_WAYPOINT mode=AUTO nav_goal=RETURN_TO_INTERRUPTED_WAYPOINT,RETURN_TO_INTERRUPTED_WAYPOINT mode=AUTO nav_goal=RETURN_TO_INTERRUPTED_WAYPOINT,AUTO,0.120,-0.319,2.359,0.317,False,False,False
35.800,classification,WAITING_DYNAMIC_LOCK,RETURN_TO_INTERRUPTED_WAYPOINT mode=AUTO nav_goal=RETURN_TO_INTERRUPTED_WAYPOINT,AUTO,0.120,-0.319,2.359,0.317,False,False,False
35.800,bird_confirmed,False,RETURN_TO_INTERRUPTED_WAYPOINT mode=AUTO nav_goal=RETURN_TO_INTERRUPTED_WAYPOINT,AUTO,0.120,-0.319,2.359,0.317,False,False,False
35.800,sound_state,IDLE_NO_REQUEST,RETURN_TO_INTERRUPTED_WAYPOINT mode=AUTO nav_goal=RETURN_TO_INTERRUPTED_WAYPOINT,AUTO,0.120,-0.319,2.359,0.317,False,False,False
35.800,dynamic_lock,False,RETURN_TO_INTERRUPTED_WAYPOINT mode=AUTO nav_goal=RETURN_TO_INTERRUPTED_WAYPOINT,AUTO,0.120,-0.290,2.358,0.320,False,False,False
35.900,classification,WAITING_DYNAMIC_LOCK,RETURN_TO_INTERRUPTED_WAYPOINT mode=AUTO nav_goal=RETURN_TO_INTERRUPTED_WAYPOINT,AUTO,0.120,-0.290,2.352,0.335,False,False,False
35.900,bird_confirmed,False,RETURN_TO_INTERRUPTED_WAYPOINT mode=AUTO nav_goal=RETURN_TO_INTERRUPTED_WAYPOINT,AUTO,0.120,-0.290,2.352,0.335,False,False,False
36.000,sound_done,False,RETURN_TO_INTERRUPTED_WAYPOINT mode=AUTO nav_goal=RETURN_TO_INTERRUPTED_WAYPOINT,AUTO,0.120,-0.290,2.345,0.353,False,False,False
                                                                                                                                                                                                                                                                                                                                                                                                                                                                                                                                                                                                                                                                                                                                                                                                                                                                                                                                                                                                                                                                                                                                                                                                                                                                                                                                                                                                                                                                                                                                                                                                                                                                                                                                                                                                                                                                                                                                                                                                                                                                                                                                                                                                                                                                                                                                                                                                                                                                                                                                                                                                                                                                                                                                                                                                                                                                                                                                                                                                                                                                                                                                                                                                                                                  