ros_time_sec,event,detail,mission_state,mode,cmd_linear,cmd_angular,odom_x,odom_y,dynamic_lock,bird_confirmed,sound_done
0.000,mission_event,timestamp=0.000 mission_id=0 target_mission_id=0 state=IDLE event_type=STARTUP reason=mission_patrol_manager initialized waypoint_index=0,UNKNOWN,UNKNOWN,0.000,0.000,0.000,0.000,False,False,False
0.000,mission_event,timestamp=0.000 mission_id=0 target_mission_id=0 state=IDLE event_type=MISSION_COMMAND reason=START_PATROL waypoint_index=0,UNKNOWN,AUTO,0.000,0.000,0.000,0.000,False,False,False
0.000,mission_event,timestamp=0.000 mission_id=0 target_mission_id=0 state=IDLE event_type=MODE_CHANGE reason=previous=STANDBY next=AUTO reason=START_PATROL waypoint_index=0,UNKNOWN,AUTO,0.000,0.000,0.000,0.000,False,False,False
0.000,mission_event,timestamp=0.000 mission_id=0 target_mission_id=0 state=IDLE event_type=MISSION_RESET reason=operator_reset_pulse waypoint_index=0,UNKNOWN,AUTO,0.000,0.000,0.000,0.000,False,False,False
1.300,sound_state,IDLE_NO_REQUEST,UNKNOWN,AUTO,0.000,0.000,-0.000,0.000,False,False,False
1.300,sound_done,False,UNKNOWN,AUTO,0.000,0.000,-0.000,0.000,False,False,False
1.300,mission_state,IDLE mode=AUTO nav_goal=NONE,IDLE mode=AUTO nav_goal=NONE,AUTO,0.000,0.000,-0.000,0.000,False,False,False
1.300,mission_event,timestamp=1.300 mission_id=0 target_mission_id=0 state=PATROL_NAVIGATING event_type=STATE_CHANGE reason=previous=IDLE next=PATROL_NAVIGATING reason=goal_type=PATROL waypoint_index=0,IDLE mode=AUTO nav_goal=NONE,AUTO,0.000,0.000,-0.000,0.000,False,False,False
1.300,dynamic_lock,False,IDLE mode=AUTO nav_goal=NONE,AUTO,0.000,0.000,-0.000,0.000,False,False,False
1.300,mission_event,timestamp=1.300 mission_id=0 target_mission_id=0 state=PATROL_NAVIGATING event_type=NAV2_DISABLED_SIMULATED_GOAL reason=PATROL waypoint_index=0,IDLE mode=AUTO nav_goal=NONE,AUTO,0.000,0.000,-0.000,0.000,False,False,False
1.300,bird_confirmed,False,IDLE mode=AUTO nav_goal=NONE,AUTO,0.000,0.000,-0.000,0.000,False,False,False
1.300,classification,WAITING_DYNAMIC_LOCK,IDLE mode=AUTO nav_goal=NONE,AUTO,0.000,0.000,-0.000,0.000,False,False,False
1.300,bird_confirmed,False,IDLE mode=AUTO nav_goal=NONE,AUTO,0.000,0.000,-0.000,0.000,False,False,False
1.300,classification,WAITING_DYNAMIC_LOCK,IDLE mode=AUTO nav_goal=NONE,AUTO,0.000,0.000,-0.000,0.000,False,False,False
1.400,dynamic_lock,False,IDLE mode=AUTO nav_goal=NONE,AUTO,0.000,0.000,-0.000,0.000,False,False,False
1.400,classification,WAITING_DYNAMIC_LOCK,IDLE mode=AUTO nav_goal=NONE,AUTO,0.000,0.000,-0.000,0.000,False,False,False
1.400,bird_confirmed,False,IDLE mode=AUTO nav_goal=NONE,AUTO,0.000,0.000,-0.000,0.000,False,False,False
1.400,sound_state,IDLE_NO_REQUEST,IDLE mode=AUTO nav_goal=NONE,AUTO,0.000,0.000,-0.000,0.000,False,False,False
1.400,sound_done,False,IDLE mode=AUTO nav_goal=NONE,AUTO,0.000,0.000,-0.000,0.000,False,False,False
1.400,mission_state,PATROL_NAVIGATING mode=AUTO nav_goal=PATROL,PATROL_NAVIGATING mode=AUTO nav_goal=PATROL,AUTO,0.000,0.000,-0.000,0.000,False,False,False
1.500,bird_confirmed,False,PATROL_NAVIGATING mode=AUTO nav_goal=PATROL,AUTO,0.000,0.000,0.000,0.000,False,False,False
1.500,classification,WAITING_DYNAMIC_LOCK,PATROL_NAVIGATING mode=AUTO nav_goal=PATROL,AUTO,0.000,0.000,0.000,0.000,False,False,False
1.600,sound_state,IDLE_NO_REQUEST,PATROL_NAVIGATING mode=AUTO nav_goal=PATROL,AUTO,0.000,0.000,0.000,0.000,False,False,False
1.600,sound_done,False,PATROL_NAVIGATING mode=AUTO nav_goal=PATROL,AUTO,0.000,0.000,0.000,0.000,False,False,False
1.600,mission_state,PATROL_NAVIGATING mode=AUTO nav_goal=PATROL,PATROL_NAVIGATING mode=AUTO nav_goal=PATROL,AUTO,0.000,0.000,0.000,0.000,False,False,False
1.600,classification,WAITING_DYNAMIC_LOCK,PATROL_NAVIGATING mode=AUTO nav_goal=PATROL,AUTO,0.000,0.000,0.000,0.000,False,False,False
1.600,bird_confirmed,False,PATROL_NAVIGATING mode=AUTO nav_goal=PATROL,AUTO,0.000,0.000,0.000,0.000,False,False,False
1.600,dynamic_lock,False,PATROL_NAVIGATING mode=AUTO nav_goal=PATROL,AUTO,0.000,0.000,0.000,0.000,False,False,False
1.700,bird_confirmed,False,PATROL_NAVIGATING mode=AUTO nav_goal=PATROL,AUTO,0.120,0.000,0.007,0.000,False,False,False
1.700,classification,WAITING_DYNAMIC_LOCK,PATROL_NAVIGATING mode=AUTO nav_goal=PATROL,AUTO,0.120,0.000,0.007,0.000,False,False,False
1.800,classification,WAITING_DYNAMIC_LOCK,PATROL_NAVIGATING mode=AUTO nav_goal=PATROL,AUTO,0.120,0.000,0.026,0.000,False,False,False
1.800,bird_confirmed,False,PATROL_NAVIGATING mode=AUTO nav_goal=PATROL,AUTO,0.120,0.000,0.026,0.000,False,False,False
1.800,sound_state,IDLE_NO_REQUEST,PATROL_NAVIGATING mode=AUTO nav_goal=PATROL,AUTO,0.120,0.000,0.026,0.000,False,False,False
1.800,sound_done,False,PATROL_NAVIGATING mode=AUTO nav_goal=PATROL,AUTO,0.120,0.000,0.026,0.000,False,False,False
1.800,mission_state,PATROL_NAVIGATING mode=AUTO nav_goal=PATROL,PATROL_NAVIGATING mode=AUTO nav_goal=PATROL,AUTO,0.120,0.000,0.026,0.000,False,False,False
1.800,dynamic_lock,False,PATROL_NAVIGATING mode=AUTO nav_goal=PATROL,AUTO,0.120,0.000,0.026,0.000,False,False,False
1.900,bird_confirmed,False,PATROL_NAVIGATING mode=AUTO nav_goal=PATROL,AUTO,0.120,0.000,0.045,0.000,False,False,False
1.900,classification,WAITING_DYNAMIC_LOCK,PATROL_NAVIGATING mode=AUTO nav_goal=PATROL,AUTO,0.120,0.000,0.045,0.000,False,False,False
2.000,sound_state,IDLE_NO_REQUEST,PATROL_NAVIGATING mode=AUTO nav_goal=PATROL,AUTO,0.120,0.000,0.064,0.000,False,False,False
2.000,sound_done,False,PATROL_NAVIGATING mode=AUTO nav_goal=PATROL,AUTO,0.120,0.000,0.064,0.000,False,False,False
2.000,mission_state,PATROL_NAVIGATING mode=AUTO nav_goal=PATROL,PATROL_NAVIGATING mode=AUTO nav_goal=PATROL,AUTO,0.120,0.000,0.064,0.000,False,False,False
2.000,bird_confirmed,False,PATROL_NAVIGATING mode=AUTO nav_goal=PATROL,AUTO,0.120,0.000,0.064,0.000,False,False,False
2.000,classification,WAITING_DYNAMIC_LOCK,PATROL_NAVIGATING mode=AUTO nav_goal=PATROL,AUTO,0.120,0.000,0.064,0.000,False,False,False
2.000,dynamic_lock,False,PATROL_NAVIGATING mode=AUTO nav_goal=PATROL,AUTO,0.120,0.000,0.072,0.000,False,False,False
2.100,classification,WAITING_DYNAMIC_LOCK,PATROL_NAVIGATING mode=AUTO nav_goal=PATROL,AUTO,0.120,0.000,0.083,-0.000,False,False,False
2.100,bird_confirmed,False,PATROL_NAVIGATING mode=AUTO nav_goal=PATROL,AUTO,0.120,0.000,0.083,-0.000,False,False,False
2.200,mission_state,PATROL_NAVIGATING mode=AUTO nav_goal=PATROL,PATROL_NAVIGATING mode=AUTO nav_goal=PATROL,AUTO,0.120,0.000,0.103,-0.000,False,False,False
2.200,dynamic_lock,False,PATROL_NAVIGATING mode=AUTO nav_goal=PATROL,AUTO,0.120,0.000,0.103,-0.000,False,False,False
2.200,classification,WAITING_DYNAMIC_LOCK,PATROL_NAVIGATING mode=AUTO nav_goal=PATROL,AUTO,0.120,0.000,0.103,-0.000,False,False,False
2.200,bird_confirmed,False,PATROL_NAVIGATING mode=AUTO nav_goal=PATROL,AUTO,0.120,0.000,0.103,-0.000,False,False,False
2.200,sound_state,IDLE_NO_REQUEST,PATROL_NAVIGATING mode=AUTO nav_goal=PATROL,AUTO,0.120,0.000,0.103,-0.000,False,False,False
2.200,sound_done,False,PATROL_NAVIGATING mode=AUTO nav_goal=PATROL,AUTO,0.120,0.000,0.103,-0.000,False,False,False
2.300,bird_confirmed,False,PATROL_NAVIGATING mode=AUTO nav_goal=PATROL,AUTO,0.120,0.000,0.122,-0.000,False,False,False
2.300,classification,WAITING_DYNAMIC_LOCK,PATROL_NAVIGATING mode=AUTO nav_goal=PATROL,AUTO,0.120,0.000,0.122,-0.000,False,False,False
2.400,mission_state,PATROL_NAVIGATING mode=AUTO nav_goal=PATROL,PATROL_NAVIGATING mode=AUTO nav_goal=PATROL,AUTO,0.120,0.000,0.141,-0.000,False,False,False
2.400,dynamic_lock,False,PATROL_NAVIGATING mode=AUTO nav_goal=PATROL,AUTO,0.120,0.000,0.141,-0.000,False,False,False
2.400,classification,WAITING_DYNAMIC_LOCK,PATROL_NAVIGATING mode=AUTO nav_goal=PATROL,AUTO,0.120,0.000,0.141,-0.000,False,False,False
2.400,bird_confirmed,False,PATROL_NAVIGATING mode=AUTO nav_goal=PATROL,AUTO,0.120,0.000,0.141,-0.000,False,False,False
2.400,sound_state,IDLE_NO_REQUEST,PATROL_NAVIGATING mode=AUTO nav_goal=PATROL,AUTO,0.120,0.000,0.141,-0.000,False,False,False
2.400,sound_done,False,PATROL_NAVIGATING mode=AUTO nav_goal=PATROL,AUTO,0.120,0.000,0.141,-0.000,False,False,False
2.500,classification,WAITING_DYNAMIC_LOCK,PATROL_NAVIGATING mode=AUTO nav_goal=PATROL,AUTO,0.120,0.000,0.160,-0.000,False,False,False
2.500,bird_confirmed,False,PATROL_NAVIGATING mode=AUTO nav_goal=PATROL,AUTO,0.120,0.000,0.160,-0.000,False,False,False
2.600,bird_confirmed,False,PATROL_NAVIGATING mode=AUTO nav_goal=PATROL,AUTO,0.120,0.000,0.179,-0.000,False,False,False
2.600,classification,WAITING_DYNAMIC_LOCK,PATROL_NAVIGATING mode=AUTO nav_goal=PATROL,AUTO,0.120,0.000,0.179,-0.000,False,False,False
2.600,sound_done,False,PATROL_NAVIGATING mode=AUTO nav_goal=PATROL,AUTO,0.120,0.000,0.179,-0.000,False,False,False
2.600,dynamic_lock,False,PATROL_NAVIGATING mode=AUTO nav_goal=PATROL,AUTO,0.120,0.000,0.179,-0.000,False,False,False
2.600,sound_state,IDLE_NO_REQUEST,PATROL_NAVIGATING mode=AUTO nav_goal=PATROL,AUTO,0.120,0.000,0.179,-0.000,False,False,False
2.600,mission_state,PATROL_NAVIGATING mode=AUTO nav_goal=PATROL,PATROL_NAVIGATING mode=AUTO nav_goal=PATROL,AUTO,0.120,0.000,0.179,-0.000,False,False,False
2.700,bird_confirmed,False,PATROL_NAVIGATING mode=AUTO nav_goal=PATROL,AUTO,0.120,0.000,0.198,-0.000,False,False,False
2.700,classification,WAITING_DYNAMIC_LOCK,PATROL_NAVIGATING mode=AUTO nav_goal=PATROL,AUTO,0.120,0.000,0.198,-0.000,False,False,False
2.800,classification,WAITING_DYNAMIC_LOCK,PATROL_NAVIGATING mode=AUTO nav_goal=PATROL,AUTO,0.120,0.000,0.218,-0.000,False,False,False
2.800,bird_confirmed,False,PATROL_NAVIGATING mode=AUTO nav_goal=PATROL,AUTO,0.120,0.000,0.218,-0.000,False,False,False
2.800,mission_state,PATROL_NAVIGATING mode=AUTO nav_goal=PATROL,PATROL_NAVIGATING mode=AUTO nav_goal=PATROL,AUTO,0.120,0.000,0.218,-0.000,False,False,False
2.800,dynamic_lock,False,PATROL_NAVIGATING mode=AUTO nav_goal=PATROL,AUTO,0.120,0.000,0.218,-0.000,False,False,False
2.800,sound_state,IDLE_NO_REQUEST,PATROL_NAVIGATING mode=AUTO nav_goal=PATROL,AUTO,0.120,0.000,0.218,-0.000,False,False,False
2.800,sound_done,False,PATROL_NAVIGATING mode=AUTO nav_goal=PATROL,AUTO,0.120,0.000,0.218,-0.000,False,False,False
2.900,bird_confirmed,False,PATROL_NAVIGATING mode=AUTO nav_goal=PATROL,AUTO,0.120,0.000,0.237,-0.000,False,False,False
2.900,classification,WAITING_DYNAMIC_LOCK,PATROL_NAVIGATING mode=AUTO nav_goal=PATROL,AUTO,0.120,0.000,0.237,-0.000,False,False,False
3.000,sound_state,IDLE_NO_REQUEST,PATROL_NAVIGATING mode=AUTO nav_goal=PATROL,AUTO,0.120,0.000,0.256,-0.000,False,False,False
3.000,sound_done,False,PATROL_NAVIGATING mode=AUTO nav_goal=PATROL,AUTO,0.120,0.000,0.256,-0.000,False,False,False
3.000,classification,WAITING_DYNAMIC_LOCK,PATROL_NAVIGATING mode=AUTO nav_goal=PATROL,AUTO,0.120,0.000,0.256,-0.000,False,False,False
3.000,bird_confirmed,False,PATROL_NAVIGATING mode=AUTO nav_goal=PATROL,AUTO,0.120,0.000,0.256,-0.000,False,False,False
3.000,mission_state,PATROL_NAVIGATING mode=AUTO nav_goal=PATROL,PATROL_NAVIGATING mode=AUTO nav_goal=PATROL,AUTO,0.120,0.000,0.256,-0.000,False,False,False
3.000,dynamic_lock,False,PATROL_NAVIGATING mode=AUTO nav_goal=PATROL,AUTO,0.120,0.000,0.271,-0.000,False,False,False
3.100,classification,WAITING_DYNAMIC_LOCK,PATROL_NAVIGATING mode=AUTO nav_goal=PATROL,AUTO,0.120,0.000,0.275,-0.000,False,False,False
3.100,bird_confirmed,False,PATROL_NAVIGATING mode=AUTO nav_goal=PATROL,AUTO,0.120,0.000,0.275,-0.000,False,False,False
3.200,sound_state,IDLE_NO_REQUEST,PATROL_NAVIGATING mode=AUTO nav_goal=PATROL,AUTO,0.120,0.000,0.294,-0.000,False,False,False
3.200,sound_done,False,PATROL_NAVIGATING mode=AUTO nav_goal=PATROL,AUTO,0.120,0.000,0.294,-0.000,False,False,False
3.200,mission_state,PATROL_NAVIGATING mode=AUTO nav_goal=PATROL,PATROL_NAVIGATING mode=AUTO nav_goal=PATROL,AUTO,0.120,0.000,0.294,-0.000,False,False,False
3.200,classification,WAITING_DYNAMIC_LOCK,PATROL_NAVIGATING mode=AUTO nav_goal=PATROL,AUTO,0.120,0.000,0.294,-0.000,False,False,False
3.200,bird_confirmed,False,PATROL_NAVIGATING mode=AUTO nav_goal=PATROL,AUTO,0.120,0.000,0.294,-0.000,False,False,False
3.200,dynamic_lock,False,PATROL_NAVIGATING mode=AUTO nav_goal=PATROL,AUTO,0.120,0.000,0.306,-0.000,False,False,False
3.300,bird_confirmed,False,PATROL_NAVIGATING mode=AUTO nav_goal=PATROL,AUTO,0.120,0.000,0.313,-0.000,False,False,False
3.300,classification,WAITING_DYNAMIC_LOCK,PATROL_NAVIGATING mode=AUTO nav_goal=PATROL,AUTO,0.120,0.000,0.313,-0.000,False,False,False
3.400,sound_state,IDLE_NO_REQUEST,PATROL_NAVIGATING mode=AUTO nav_goal=PATROL,AUTO,0.120,0.000,0.333,-0.000,False,False,False
3.400,sound_done,False,PATROL_NAVIGATING mode=AUTO nav_goal=PATROL,AUTO,0.120,0.000,0.333,-0.000,False,False,False
3.400,mission_state,PATROL_NAVIGATING mode=AUTO nav_goal=PATROL,PATROL_NAVIGATING mode=AUTO nav_goal=PATROL,AUTO,0.120,0.000,0.333,-0.000,False,False,False
3.400,dynamic_lock,False,PATROL_NAVIGATING mode=AUTO nav_goal=PATROL,AUTO,0.120,0.000,0.333,-0.000,False,False,False
3.400,classification,WAITING_DYNAMIC_LOCK,PATROL_NAVIGATING mode=AUTO nav_goal=PATROL,AUTO,0.120,0.000,0.333,-0.000,False,False,False
3.400,bird_confirmed,False,PATROL_NAVIGATING mode=AUTO nav_goal=PATROL,AUTO,0.120,0.000,0.333,-0.000,False,False,False
3.500,classification,WAITING_DYNAMIC_LOCK,PATROL_NAVIGATING mode=AUTO nav_goal=PATROL,AUTO,0.120,0.000,0.352,-0.000,False,False,False
3.500,bird_confirmed,False,PATROL_NAVIGATING mode=AUTO nav_goal=PATROL,AUTO,0.120,0.000,0.352,-0.000,False,False,False
3.600,dynamic_lock,False,PATROL_NAVIGATING mode=AUTO nav_goal=PATROL,AUTO,0.120,0.000,0.371,-0.000,False,False,False
3.600,classification,WAITING_DYNAMIC_LOCK,PATROL_NAVIGATING mode=AUTO nav_goal=PATROL,AUTO,0.120,0.000,0.371,-0.000,False,False,False
3.600,bird_confirmed,False,PATROL_NAVIGATING mode=AUTO nav_goal=PATROL,AUTO,0.120,0.000,0.371,-0.000,False,False,False
3.600,sound_state,IDLE_NO_REQUEST,PATROL_NAVIGATING mode=AUTO nav_goal=PATROL,AUTO,0.120,0.000,0.371,-0.000,False,False,False
3.600,sound_done,False,PATROL_NAVIGATING mode=AUTO nav_goal=PATROL,AUTO,0.120,0.000,0.371,-0.000,False,False,False
3.600,mission_state,PATROL_NAVIGATING mode=AUTO nav_goal=PATROL,PATROL_NAVIGATING mode=AUTO nav_goal=PATROL,AUTO,0.120,0.000,0.371,-0.000,False,False,False
3.700,classification,WAITING_DYNAMIC_LOCK,PATROL_NAVIGATING mode=AUTO nav_goal=PATROL,AUTO,0.120,0.000,0.390,-0.000,False,False,False
3.700,bird_confirmed,False,PATROL_NAVIGATING mode=AUTO nav_goal=PATROL,AUTO,0.120,0.000,0.390,-0.000,False,False,False
3.800,classification,WAITING_DYNAMIC_LOCK,PATROL_NAVIGATING mode=AUTO nav_goal=PATROL,AUTO,0.120,0.000,0.409,-0.000,False,False,False
3.800,bird_confirmed,False,PATROL_NAVIGATING mode=AUTO nav_goal=PATROL,AUTO,0.120,0.000,0.409,-0.000,False,False,False
3.800,sound_state,IDLE_NO_REQUEST,PATROL_NAVIGATING mode=AUTO nav_goal=PATROL,AUTO,0.120,0.000,0.409,-0.000,False,False,False
3.800,sound_done,False,PATROL_NAVIGATING mode=AUTO nav_goal=PATROL,AUTO,0.120,0.000,0.409,-0.000,False,False,False
3.800,mission_state,PATROL_NAVIGATING mode=AUTO nav_goal=PATROL,PATROL_NAVIGATING mode=AUTO nav_goal=PATROL,AUTO,0.120,0.000,0.409,-0.000,False,False,False
3.800,dynamic_lock,False,PATROL_NAVIGATING mode=AUTO nav_goal=PATROL,AUTO,0.120,0.000,0.419,-0.000,False,False,False
3.900,classification,WAITING_DYNAMIC_LOCK,PATROL_NAVIGATING mode=AUTO nav_goal=PATROL,AUTO,0.120,0.000,0.429,-0.000,False,False,False
3.900,bird_confirmed,False,PATROL_NAVIGATING mode=AUTO nav_goal=PATROL,AUTO,0.120,0.000,0.429,-0.000,False,False,False
4.000,classification,WAITING_DYNAMIC_LOCK,PATROL_NAVIGATING mode=AUTO nav_goal=PATROL,AUTO,0.120,0.000,0.448,-0.000,False,False,False
4.000,bird_confirmed,False,PATROL_NAVIGATING mode=AUTO nav_goal=PATROL,AUTO,0.120,0.000,0.448,-0.000,False,False,False
4.000,dynamic_lock,False,PATROL_NAVIGATING mode=AUTO nav_goal=PATROL,AUTO,0.120,0.000,0.448,-0.000,False,False,False
4.000,sound_done,False,PATROL_NAVIGATING mode=AUTO nav_goal=PATROL,AUTO,0.120,0.000,0.448,-0.000,False,False,False
4.000,sound_state,IDLE_NO_REQUEST,PATROL_NAVIGATING mode=AUTO nav_goal=PATROL,AUTO,0.120,0.000,0.448,-0.000,False,False,False
4.000,mission_state,PATROL_NAVIGATING mode=AUTO nav_goal=PATROL,PATROL_NAVIGATING mode=AUTO nav_goal=PATROL,AUTO,0.120,0.000,0.448,-0.000,False,False,False
4.100,bird_confirmed,False,PATROL_NAVIGATING mode=AUTO nav_goal=PATROL,AUTO,0.120,0.000,0.467,-0.000,False,False,False
4.100,classification,WAITING_DYNAMIC_LOCK,PATROL_NAVIGATING mode=AUTO nav_goal=PATROL,AUTO,0.120,0.000,0.467,-0.000,False,False,False
4.200,classification,WAITING_DYNAMIC_LOCK,PATROL_NAVIGATING mode=AUTO nav_goal=PATROL,AUTO,0.120,0.000,0.486,-0.000,False,False,False
4.200,bird_confirmed,False,PATROL_NAVIGATING mode=AUTO nav_goal=PATROL,AUTO,0.120,0.000,0.486,-0.000,False,False,False
4.200,sound_state,IDLE_NO_REQUEST,PATROL_NAVIGATING mode=AUTO nav_goal=PATROL,AUTO,0.120,0.000,0.486,-0.000,False,False,False
4.200,sound_done,False,PATROL_NAVIGATING mode=AUTO nav_goal=PATROL,AUTO,0.120,0.000,0.486,-0.000,False,False,False
4.200,mission_state,PATROL_NAVIGATING mode=AUTO nav_goal=PATROL,PATROL_NAVIGATING mode=AUTO nav_goal=PATROL,AUTO,0.120,0.000,0.486,-0.000,False,False,False
4.200,dynamic_lock,False,PATROL_NAVIGATING mode=AUTO nav_goal=PATROL,AUTO,0.120,0.000,0.499,-0.000,False,False,False
4.300,classification,WAITING_DYNAMIC_LOCK,PATROL_NAVIGATING mode=AUTO nav_goal=PATROL,AUTO,0.120,0.000,0.505,-0.000,False,False,False
4.300,bird_confirmed,False,PATROL_NAVIGATING mode=AUTO nav_goal=PATROL,AUTO,0.120,0.000,0.505,-0.000,False,False,False
4.400,sound_state,IDLE_NO_REQUEST,PATROL_NAVIGATING mode=AUTO nav_goal=PATROL,AUTO,0.120,0.000,0.524,-0.000,False,False,False
4.400,sound_done,False,PATROL_NAVIGATING mode=AUTO nav_goal=PATROL,AUTO,0.120,0.000,0.524,-0.000,False,False,False
4.400,classification,WAITING_DYNAMIC_LOCK,PATROL_NAVIGATING mode=AUTO nav_goal=PATROL,AUTO,0.120,0.000,0.524,-0.000,False,False,False
4.400,bird_confirmed,False,PATROL_NAVIGATING mode=AUTO nav_goal=PATROL,AUTO,0.120,0.000,0.524,-0.000,False,False,False
4.400,mission_state,PATROL_NAVIGATING mode=AUTO nav_goal=PATROL,PATROL_NAVIGATING mode=AUTO nav_goal=PATROL,AUTO,0.120,0.000,0.524,-0.000,False,False,False
4.400,dynamic_lock,False,PATROL_NAVIGATING mode=AUTO nav_goal=PATROL,AUTO,0.120,0.000,0.528,-0.000,False,False,False
4.500,classification,WAITING_DYNAMIC_LOCK,PATROL_NAVIGATING mode=AUTO nav_goal=PATROL,AUTO,0.120,0.000,0.544,-0.000,False,False,False
4.500,bird_confirmed,False,PATROL_NAVIGATING mode=AUTO nav_goal=PATROL,AUTO,0.120,0.000,0.544,-0.000,False,False,False
4.600,classification,WAITING_DYNAMIC_LOCK,PATROL_NAVIGATING mode=AUTO nav_goal=PATROL,AUTO,0.120,0.000,0.563,-0.000,False,False,False
4.600,bird_confirmed,False,PATROL_NAVIGATING mode=AUTO nav_goal=PATROL,AUTO,0.120,0.000,0.563,-0.000,False,False,False
4.600,mission_state,PATROL_NAVIGATING mode=AUTO nav_goal=PATROL,PATROL_NAVIGATING mode=AUTO nav_goal=PATROL,AUTO,0.120,0.000,0.563,-0.000,False,False,False
4.600,dynamic_lock,False,PATROL_NAVIGATING mode=AUTO nav_goal=PATROL,AUTO,0.120,0.000,0.563,-0.000,False,False,False
4.600,sound_done,False,PATROL_NAVIGATING mode=AUTO nav_goal=PATROL,AUTO,0.120,0.000,0.563,-0.000,False,False,False
4.600,sound_state,IDLE_NO_REQUEST,PATROL_NAVIGATING mode=AUTO nav_goal=PATROL,AUTO,0.120,0.000,0.563,-0.000,False,False,False
4.700,classification,WAITING_DYNAMIC_LOCK,PATROL_NAVIGATING mode=AUTO nav_goal=PATROL,AUTO,0.120,0.000,0.582,-0.000,False,False,False
4.700,bird_confirmed,False,PATROL_NAVIGATING mode=AUTO nav_goal=PATROL,AUTO,0.120,0.000,0.582,-0.000,False,False,False
4.800,classification,WAITING_DYNAMIC_LOCK,PATROL_NAVIGATING mode=AUTO nav_goal=PATROL,AUTO,0.120,0.000,0.601,-0.000,False,False,False
4.800,bird_confirmed,False,PATROL_NAVIGATING mode=AUTO nav_goal=PATROL,AUTO,0.120,0.000,0.601,-0.000,False,False,False
4.800,mission_state,PATROL_NAVIGATING mode=AUTO nav_goal=PATROL,PATROL_NAVIGATING mode=AUTO nav_goal=PATROL,AUTO,0.120,0.000,0.601,-0.000,False,False,False
4.800,sound_state,IDLE_NO_REQUEST,PATROL_NAVIGATING mode=AUTO nav_goal=PATROL,AUTO,0.120,0.000,0.601,-0.000,False,False,False
4.800,sound_done,False,PATROL_NAVIGATING mode=AUTO nav_goal=PATROL,AUTO,0.120,0.000,0.601,-0.000,False,False,False
4.800,dynamic_lock,False,PATROL_NAVIGATING mode=AUTO nav_goal=PATROL,AUTO,0.120,0.000,0.605,-0.000,False,False,False
4.900,bird_confirmed,False,PATROL_NAVIGATING mode=AUTO nav_goal=PATROL,AUTO,0.120,0.000,0.620,-0.000,False,False,False
4.900,classification,WAITING_DYNAMIC_LOCK,PATROL_NAVIGATING mode=AUTO nav_goal=PATROL,AUTO,0.120,0.000,0.620,-0.000,False,False,False
5.000,mission_state,PATROL_NAVIGATING mode=AUTO nav_goal=PATROL,PATROL_NAVIGATING mode=AUTO nav_goal=PATROL,AUTO,0.120,0.000,0.639,-0.000,False,False,False
5.000,dynamic_lock,False,PATROL_NAVIGATING mode=AUTO nav_goal=PATROL,AUTO,0.120,0.000,0.639,-0.000,False,False,False
5.000,classification,WAITING_DYNAMIC_LOCK,PATROL_NAVIGATING mode=AUTO nav_goal=PATROL,AUTO,0.120,0.000,0.639,-0.000,False,False,False
5.000,bird_confirmed,False,PATROL_NAVIGATING mode=AUTO nav_goal=PATROL,AUTO,0.120,0.000,0.639,-0.000,False,False,False
5.000,sound_state,IDLE_NO_REQUEST,PATROL_NAVIGATING mode=AUTO nav_goal=PATROL,AUTO,0.120,0.000,0.639,-0.000,False,False,False
5.000,sound_done,False,PATROL_NAVIGATING mode=AUTO nav_goal=PATROL,AUTO,0.120,0.000,0.639,-0.000,False,False,False
5.100,classification,WAITING_DYNAMIC_LOCK,PATROL_NAVIGATING mode=AUTO nav_goal=PATROL,AUTO,0.120,0.000,0.659,-0.000,False,False,False
5.100,bird_confirmed,False,PATROL_NAVIGATING mode=AUTO nav_goal=PATROL,AUTO,0.120,0.000,0.659,-0.000,False,False,False
5.200,sound_state,IDLE_NO_REQUEST,PATROL_NAVIGATING mode=AUTO nav_goal=PATROL,AUTO,0.120,0.000,0.678,-0.000,False,False,False
5.200,sound_done,False,PATROL_NAVIGATING mode=AUTO nav_goal=PATROL,AUTO,0.120,0.000,0.678,-0.000,False,False,False
5.200,mission_state,PATROL_NAVIGATING mode=AUTO nav_goal=PATROL,PATROL_NAVIGATING mode=AUTO nav_goal=PATROL,AUTO,0.120,0.000,0.678,-0.000,False,False,False
5.200,classification,WAITING_DYNAMIC_LOCK,PATROL_NAVIGATING mode=AUTO nav_goal=PATROL,AUTO,0.120,0.000,0.678,-0.000,False,False,False
5.200,bird_confirmed,False,PATROL_NAVIGATING mode=AUTO nav_goal=PATROL,AUTO,0.120,0.000,0.678,-0.000,False,False,False
5.200,dynamic_lock,False,PATROL_NAVIGATING mode=AUTO nav_goal=PATROL,AUTO,0.120,0.000,0.687,-0.000,False,False,False
5.300,classification,WAITING_DYNAMIC_LOCK,PATROL_NAVIGATING mode=AUTO nav_goal=PATROL,AUTO,0.120,0.000,0.697,-0.000,False,False,False
5.300,bird_confirmed,False,PATROL_NAVIGATING mode=AUTO nav_goal=PATROL,AUTO,0.120,0.000,0.697,-0.000,False,False,False
5.400,dynamic_lock,False,PATROL_NAVIGATING mode=AUTO nav_goal=PATROL,AUTO,0.120,0.000,0.716,-0.000,False,False,False
5.400,classification,WAITING_DYNAMIC_LOCK,PATROL_NAVIGATING mode=AUTO nav_goal=PATROL,AUTO,0.120,0.000,0.716,-0.000,False,False,False
5.400,bird_confirmed,False,PATROL_NAVIGATING mode=AUTO nav_goal=PATROL,AUTO,0.120,0.000,0.716,-0.000,False,False,False
5.400,sound_state,IDLE_NO_REQUEST,PATROL_NAVIGATING mode=AUTO nav_goal=PATROL,AUTO,0.120,0.000,0.716,-0.000,False,False,False
5.400,sound_done,False,PATROL_NAVIGATING mode=AUTO nav_goal=PATROL,AUTO,0.120,0.000,0.716,-0.000,False,False,False
5.400,mission_state,PATROL_NAVIGATING mode=AUTO nav_goal=PATROL,PATROL_NAVIGATING mode=AUTO nav_goal=PATROL,AUTO,0.120,0.000,0.716,-0.000,False,False,False
5.500,bird_confirmed,False,PATROL_NAVIGATING mode=AUTO nav_goal=PATROL,AUTO,0.120,0.000,0.735,-0.000,False,False,False
5.500,classification,WAITING_DYNAMIC_LOCK,PATROL_NAVIGATING mode=AUTO nav_goal=PATROL,AUTO,0.120,0.000,0.735,-0.000,False,False,False
5.600,sound_state,IDLE_NO_REQUEST,PATROL_NAVIGATING mode=AUTO nav_goal=PATROL,AUTO,0.120,0.000,0.755,-0.000,False,False,False
5.600,sound_done,False,PATROL_NAVIGATING mode=AUTO nav_goal=PATROL,AUTO,0.120,0.000,0.755,-0.000,False,False,False
5.600,mission_state,PATROL_NAVIGATING mode=AUTO nav_goal=PATROL,PATROL_NAVIGATING mode=AUTO nav_goal=PATROL,AUTO,0.120,0.001,0.755,-0.000,False,False,False
5.600,mission_event,timestamp=5.600 mission_id=0 target_mission_id=0 state=PATROL_NAVIGATING event_type=SIM_NAV_GOAL_ARRIVED reason=PATROL waypoint_index=0,PATROL_NAVIGATING mode=AUTO nav_goal=PATROL,AUTO,0.120,0.001,0.755,-0.000,False,False,False
5.600,classification,WAITING_DYNAMIC_LOCK,PATROL_NAVIGATING mode=AUTO nav_goal=PATROL,AUTO,0.120,0.001,0.755,-0.000,False,False,False
5.600,bird_confirmed,False,PATROL_NAVIGATING mode=AUTO nav_goal=PATROL,AUTO,0.120,0.001,0.755,-0.000,False,False,False
5.600,mission_event,timestamp=5.600 mission_id=0 target_mission_id=0 state=PATROL_NAVIGATING event_type=NAV2_GOAL_SUCCEEDED reason=PATROL waypoint_index=0,PATROL_NAVIGATING mode=AUTO nav_goal=PATROL,AUTO,0.120,0.001,0.755,-0.000,False,False,False
5.600,mission_event,timestamp=5.600 mission_id=0 target_mission_id=0 state=PATROL_DWELL event_type=STATE_CHANGE reason=previous=PATROL_NAVIGATING next=PATROL_DWELL reason=inside_a waypoint_index=0,PATROL_NAVIGATING mode=AUTO nav_goal=PATROL,AUTO,0.120,0.001,0.755,-0.000,False,False,False
5.600,dynamic_lock,False,PATROL_NAVIGATING mode=AUTO nav_goal=PATROL,AUTO,0.120,0.001,0.768,-0.000,False,False,False
5.700,classification,WAITING_DYNAMIC_LOCK,PATROL_NAVIGATING mode=AUTO nav_goal=PATROL,AUTO,0.040,0.000,0.774,-0.000,False,False,False
5.700,bird_confirmed,False,PATROL_NAVIGATING mode=AUTO nav_goal=PATROL,AUTO,0.040,0.000,0.774,-0.000,False,False,False
5.800,classification,WAITING_DYNAMIC_LOCK,PATROL_NAVIGATING mode=AUTO nav_goal=PATROL,AUTO,0.000,0.000,0.785,-0.000,False,False,False
5.800,bird_confirmed,False,PATROL_NAVIGATING mode=AUTO nav_goal=PATROL,AUTO,0.000,0.000,0.785,-0.000,False,False,False
5.800,sound_state,IDLE_NO_REQUEST,PATROL_NAVIGATING mode=AUTO nav_goal=PATROL,AUTO,0.000,0.000,0.785,-0.000,False,False,False
5.800,sound_done,False,PATROL_NAVIGATING mode=AUTO nav_goal=PATROL,AUTO,0.000,0.000,0.785,-0.000,False,False,False
5.800,mission_state,PATROL_DWELL mode=AUTO nav_goal=NONE,PATROL_DWELL mode=AUTO nav_goal=NONE,AUTO,0.000,0.000,0.785,-0.000,False,False,False
5.800,dynamic_lock,False,PATROL_DWELL mode=AUTO nav_goal=NONE,AUTO,0.000,0.000,0.785,-0.000,False,False,False
5.900,bird_confirmed,False,PATROL_DWELL mode=AUTO nav_goal=NONE,AUTO,0.000,0.000,0.785,-0.000,False,False,False
5.900,classification,WAITING_DYNAMIC_LOCK,PATROL_DWELL mode=AUTO nav_goal=NONE,AUTO,0.000,0.000,0.785,-0.000,False,False,False
6.000,classification,WAITING_DYNAMIC_LOCK,PATROL_DWELL mode=AUTO nav_goal=NONE,AUTO,0.000,0.000,0.785,-0.000,False,False,False
6.000,bird_confirmed,False,PATROL_DWELL mode=AUTO nav_goal=NONE,AUTO,0.000,0.000,0.785,-0.000,False,False,False
6.000,dynamic_lock,False,PATROL_DWELL mode=AUTO nav_goal=NONE,AUTO,0.000,0.000,0.785,-0.000,False,False,False
6.000,sound_state,IDLE_NO_REQUEST,PATROL_DWELL mode=AUTO nav_goal=NONE,AUTO,0.000,0.000,0.785,-0.000,False,False,False
6.000,sound_done,False,PATROL_DWELL mode=AUTO nav_goal=NONE,AUTO,0.000,0.000,0.785,-0.000,False,False,False
6.000,mission_state,PATROL_DWELL mode=AUTO nav_goal=NONE,PATROL_DWELL mode=AUTO nav_goal=NONE,AUTO,0.000,0.000,0.785,-0.000,False,False,False
6.100,bird_confirmed,False,PATROL_DWELL mode=AUTO nav_goal=NONE,AUTO,0.000,0.000,0.785,-0.000,False,False,False
6.100,classification,WAITING_DYNAMIC_LOCK,PATROL_DWELL mode=AUTO nav_goal=NONE,AUTO,0.000,0.000,0.785,-0.000,False,False,False
6.200,sound_state,IDLE_NO_REQUEST,PATROL_DWELL mode=AUTO nav_goal=NONE,AUTO,0.000,0.000,0.785,-0.000,False,False,False
6.200,sound_done,False,PATROL_DWELL mode=AUTO nav_goal=NONE,AUTO,0.000,0.000,0.785,-0.000,False,False,False
6.200,mission_state,PATROL_DWELL mode=AUTO nav_goal=NONE,PATROL_DWELL mode=AUTO nav_goal=NONE,AUTO,0.000,0.000,0.785,-0.000,False,False,False
6.200,classification,WAITING_DYNAMIC_LOCK,PATROL_DWELL mode=AUTO nav_goal=NONE,AUTO,0.000,0.000,0.785,-0.000,False,False,False
6.200,bird_confirmed,False,PATROL_DWELL mode=AUTO nav_goal=NONE,AUTO,0.000,0.000,0.785,-0.000,False,False,False
6.200,mission_event,timestamp=6.200 mission_id=0 target_mission_id=0 state=RESUME_PATROL event_type=STATE_CHANGE reason=previous=PATROL_DWELL next=RESUME_PATROL reason=next_index=1 waypoint_index=1,PATROL_DWELL mode=AUTO nav_goal=NONE,AUTO,0.000,0.000,0.785,-0.000,False,False,False
6.200,dynamic_lock,False,PATROL_DWELL mode=AUTO nav_goal=NONE,AUTO,0.000,0.000,0.785,-0.000,False,False,False
6.300,classification,WAITING_DYNAMIC_LOCK,PATROL_DWELL mode=AUTO nav_goal=NONE,AUTO,0.000,0.000,0.785,-0.000,False,False,False
6.300,bird_confirmed,False,PATROL_DWELL mode=AUTO nav_goal=NONE,AUTO,0.000,0.000,0.785,-0.000,False,False,False
6.400,classification,WAITING_DYNAMIC_LOCK,PATROL_DWELL mode=AUTO nav_goal=NONE,AUTO,0.000,0.000,0.785,-0.000,False,False,False
6.400,bird_confirmed,False,PATROL_DWELL mode=AUTO nav_goal=NONE,AUTO,0.000,0.000,0.785,-0.000,False,False,False
6.400,sound_done,False,PATROL_DWELL mode=AUTO nav_goal=NONE,AUTO,0.000,0.000,0.785,-0.000,False,False,False
6.400,sound_state,IDLE_NO_REQUEST,PATROL_DWELL mode=AUTO nav_goal=NONE,AUTO,0.000,0.000,0.785,-0.000,False,False,False
6.400,dynamic_lock,False,PATROL_DWELL mode=AUTO nav_goal=NONE,AUTO,0.000,0.000,0.785,-0.000,False,False,False
6.400,mission_state,RESUME_PATROL mode=AUTO nav_goal=NONE,RESUME_PATROL mode=AUTO nav_goal=NONE,AUTO,0.000,0.000,0.785,-0.000,False,False,False
6.400,mission_event,timestamp=6.400 mission_id=0 target_mission_id=0 state=PATROL_NAVIGATING event_type=STATE_CHANGE reason=previous=RESUME_PATROL next=PATROL_NAVIGATING reason=goal_type=PATROL waypoint_index=1,RESUME_PATROL mode=AUTO nav_goal=NONE,AUTO,0.000,0.000,0.785,-0.000,False,False,False
6.400,mission_event,timestamp=6.400 mission_id=0 target_mission_id=0 state=PATROL_NAVIGATING event_type=NAV2_DISABLED_SIMULATED_GOAL reason=PATROL waypoint_index=1,RESUME_PATROL mode=AUTO nav_goal=NONE,AUTO,0.000,0.000,0.785,-0.000,False,False,False
6.500,classification,WAITING_DYNAMIC_LOCK,RESUME_PATROL mode=AUTO nav_goal=NONE,AUTO,0.000,0.000,0.785,-0.000,False,False,False
6.500,bird_confirmed,False,RESUME_PATROL mode=AUTO nav_goal=NONE,AUTO,0.000,0.000,0.785,-0.000,False,False,False
6.600,classification,WAITING_DYNAMIC_LOCK,RESUME_PATROL mode=AUTO nav_goal=NONE,AUTO,0.000,0.000,0.785,-0.000,False,False,False
6.600,bird_confirmed,False,RESUME_PATROL mode=AUTO nav_goal=NONE,AUTO,0.000,0.000,0.785,-0.000,False,False,False
6.600,mission_state,PATROL_NAVIGATING mode=AUTO nav_goal=PATROL,PATROL_NAVIGATING mode=AUTO nav_goal=PATROL,AUTO,0.000,0.000,0.785,-0.000,False,False,False
6.600,sound_state,IDLE_NO_REQUEST,PATROL_NAVIGATING mode=AUTO nav_goal=PATROL,AUTO,0.000,0.000,0.785,-0.000,False,False,False
6.600,sound_done,False,PATROL_NAVIGATING mode=AUTO nav_goal=PATROL,AUTO,0.000,0.000,0.785,-0.000,False,False,False
6.600,dynamic_lock,False,PATROL_NAVIGATING mode=AUTO nav_goal=PATROL,AUTO,0.000,0.000,0.785,-0.000,False,False,False
6.700,classification,WAITING_DYNAMIC_LOCK,PATROL_NAVIGATING mode=AUTO nav_goal=PATROL,AUTO,0.000,0.000,0.785,-0.000,False,False,False
6.700,bird_confirmed,False,PATROL_NAVIGATING mode=AUTO nav_goal=PATROL,AUTO,0.000,0.000,0.785,-0.000,False,False,False
6.800,classification,WAITING_DYNAMIC_LOCK,PATROL_NAVIGATING mode=AUTO nav_goal=PATROL,AUTO,0.120,0.000,0.793,-0.000,False,False,False
6.800,bird_confirmed,False,PATROL_NAVIGATING mode=AUTO nav_goal=PATROL,AUTO,0.120,0.000,0.793,-0.000,False,False,False
6.800,mission_state,PATROL_NAVIGATING mode=AUTO nav_goal=PATROL,PATROL_NAVIGATING mode=AUTO nav_goal=PATROL,AUTO,0.120,0.000,0.793,-0.000,False,False,False
6.800,sound_done,False,PATROL_NAVIGATING mode=AUTO nav_goal=PATROL,AUTO,0.120,0.000,0.793,-0.000,False,False,False
6.800,sound_state,IDLE_NO_REQUEST,PATROL_NAVIGATING mode=AUTO nav_goal=PATROL,AUTO,0.120,0.000,0.793,-0.000,False,False,False
6.800,dynamic_lock,False,PATROL_NAVIGATING mode=AUTO nav_goal=PATROL,AUTO,0.120,0.000,0.798,-0.000,False,False,False
6.900,classification,WAITING_DYNAMIC_LOCK,PATROL_NAVIGATING mode=AUTO nav_goal=PATROL,AUTO,0.120,0.000,0.812,-0.000,False,False,False
6.900,bird_confirmed,False,PATROL_NAVIGATING mode=AUTO nav_goal=PATROL,AUTO,0.120,0.000,0.812,-0.000,False,False,False
7.000,dynamic_lock,False,PATROL_NAVIGATING mode=AUTO nav_goal=PATROL,AUTO,0.120,0.000,0.831,-0.000,False,False,False
7.000,classification,WAITING_DYNAMIC_LOCK,PATROL_NAVIGATING mode=AUTO nav_goal=PATROL,AUTO,0.120,0.000,0.831,-0.000,False,False,False
7.000,bird_confirmed,False,PATROL_NAVIGATING mode=AUTO nav_goal=PATROL,AUTO,0.120,0.000,0.831,-0.000,False,False,False
7.000,sound_state,IDLE_NO_REQUEST,PATROL_NAVIGATING mode=AUTO nav_goal=PATROL,AUTO,0.120,0.000,0.831,-0.000,False,False,False
7.000,sound_done,False,PATROL_NAVIGATING mode=AUTO nav_goal=PATROL,AUTO,0.120,0.000,0.831,-0.000,False,False,False
7.000,mission_state,PATROL_NAVIGATING mode=AUTO nav_goal=PATROL,PATROL_NAVIGATING mode=AUTO nav_goal=PATROL,AUTO,0.120,0.000,0.831,-0.000,False,False,False
7.100,classification,WAITING_DYNAMIC_LOCK,PATROL_NAVIGATING mode=AUTO nav_goal=PATROL,AUTO,0.120,0.000,0.850,-0.000,False,False,False
7.100,bird_confirmed,False,PATROL_NAVIGATING mode=AUTO nav_goal=PATROL,AUTO,0.120,0.000,0.850,-0.000,False,False,False
7.200,bird_confirmed,False,PATROL_NAVIGATING mode=AUTO nav_goal=PATROL,AUTO,0.120,0.000,0.869,-0.000,False,False,False
7.200,mission_state,PATROL_NAVIGATING mode=AUTO nav_goal=PATROL,PATROL_NAVIGATING mode=AUTO nav_goal=PATROL,AUTO,0.120,0.000,0.869,-0.000,False,False,False
7.200,classification,WAITING_DYNAMIC_LOCK,PATROL_NAVIGATING mode=AUTO nav_goal=PATROL,AUTO,0.120,0.000,0.869,-0.000,False,False,False
7.200,dynamic_lock,False,PATROL_NAVIGATING mode=AUTO nav_goal=PATROL,AUTO,0.120,0.000,0.869,-0.000,False,False,False
7.200,sound_done,False,PATROL_NAVIGATING mode=AUTO nav_goal=PATROL,AUTO,0.120,0.000,0.869,-0.000,False,False,False
7.200,sound_state,IDLE_NO_REQUEST,PATROL_NAVIGATING mode=AUTO nav_goal=PATROL,AUTO,0.120,0.000,0.869,-0.000,False,False,False
7.300,bird_confirmed,False,PATROL_NAVIGATING mode=AUTO nav_goal=PATROL,AUTO,0.120,0.000,0.888,-0.000,False,False,False
7.300,classification,WAITING_DYNAMIC_LOCK,PATROL_NAVIGATING mode=AUTO nav_goal=PATROL,AUTO,0.120,0.000,0.888,-0.000,False,False,False
7.400,mission_state,PATROL_NAVIGATING mode=AUTO nav_goal=PATROL,PATROL_NAVIGATING mode=AUTO nav_goal=PATROL,AUTO,0.120,0.000,0.908,-0.000,False,False,False
7.400,classification,WAITING_DYNAMIC_LOCK,PATROL_NAVIGATING mode=AUTO nav_goal=PATROL,AUTO,0.120,0.000,0.908,-0.000,False,False,False
7.400,bird_confirmed,False,PATROL_NAVIGATING mode=AUTO nav_goal=PATROL,AUTO,0.120,0.000,0.908,-0.000,False,False,False
7.400,sound_state,IDLE_NO_REQUEST,PATROL_NAVIGATING mode=AUTO nav_goal=PATROL,AUTO,0.120,0.000,0.908,-0.000,False,False,False
7.400,sound_done,False,PATROL_NAVIGATING mode=AUTO nav_goal=PATROL,AUTO,0.120,0.000,0.908,-0.000,False,False,False
7.400,dynamic_lock,False,PATROL_NAVIGATING mode=AUTO nav_goal=PATROL,AUTO,0.120,0.000,0.911,-0.000,False,False,False
7.400,dynamic_lock,False,PATROL_NAVIGATING mode=AUTO nav_goal=PATROL,AUTO,0.120,0.000,0.911,-0.000,False,False,False
7.500,classification,WAITING_DYNAMIC_LOCK,PATROL_NAVIGATING mode=AUTO nav_goal=PATROL,AUTO,0.120,0.000,0.927,-0.000,False,False,False
7.500,bird_confirmed,False,PATROL_NAVIGATING mode=AUTO nav_goal=PATROL,AUTO,0.120,0.000,0.927,-0.000,False,False,False
7.600,sound_state,IDLE_NO_REQUEST,PATROL_NAVIGATING mode=AUTO nav_goal=PATROL,AUTO,0.120,0.000,0.946,-0.000,False,False,False
7.600,sound_done,False,PATROL_NAVIGATING mode=AUTO nav_goal=PATROL,AUTO,0.120,0.000,0.946,-0.000,False,False,False
7.600,mission_state,PATROL_NAVIGATING mode=AUTO nav_goal=PATROL,PATROL_NAVIGATING mode=AUTO nav_goal=PATROL,AUTO,0.120,0.000,0.946,-0.000,False,False,False
7.600,dynamic_lock,False,PATROL_NAVIGATING mode=AUTO nav_goal=PATROL,AUTO,0.120,0.000,0.946,-0.000,False,False,False
7.600,classification,WAITING_DYNAMIC_LOCK,PATROL_NAVIGATING mode=AUTO nav_goal=PATROL,AUTO,0.120,0.000,0.946,-0.000,False,False,False
7.600,bird_confirmed,False,PATROL_NAVIGATING mode=AUTO nav_goal=PATROL,AUTO,0.120,0.000,0.946,-0.000,False,False,False
7.700,classification,WAITING_DYNAMIC_LOCK,PATROL_NAVIGATING mode=AUTO nav_goal=PATROL,AUTO,0.120,0.000,0.965,-0.000,False,False,False
7.700,bird_confirmed,False,PATROL_NAVIGATING mode=AUTO nav_goal=PATROL,AUTO,0.120,0.000,0.965,-0.000,False,False,False
7.800,sound_done,False,PATROL_NAVIGATING mode=AUTO nav_goal=PATROL,AUTO,0.120,0.000,0.984,-0.000,False,False,False
7.800,sound_state,IDLE_NO_REQUEST,PATROL_NAVIGATING mode=AUTO nav_goal=PATROL,AUTO,0.120,0.000,0.984,-0.000,False,False,False
7.800,classification,WAITING_DYNAMIC_LOCK,PATROL_NAVIGATING mode=AUTO nav_goal=PATROL,AUTO,0.120,0.000,0.984,-0.000,False,False,False
7.800,bird_confirmed,False,PATROL_NAVIGATING mode=AUTO nav_goal=PATROL,AUTO,0.120,0.000,0.984,-0.000,False,False,False
7.800,mission_state,PATROL_NAVIGATING mode=AUTO nav_goal=PATROL,PATROL_NAVIGATING mode=AUTO nav_goal=PATROL,AUTO,0.120,0.000,0.984,-0.000,False,False,False
7.800,dynamic_target,count=1 x=4.21 y=0.88 z=3.44,PATROL_NAVIGATING mode=AUTO nav_goal=PATROL,AUTO,0.120,0.000,0.998,-0.000,False,False,False
7.800,dynamic_lock,True,PATROL_NAVIGATING mode=AUTO nav_goal=PATROL,AUTO,0.120,0.000,0.998,-0.000,True,False,False
7.800,object_goal_state,ACCEPT_INSPECTION_GOAL source=elevated_dynamic_target height=3.44 range=3.33 dynamic=True z_valid=True bird_confirmed=False target_class=unknown offset_m=2.00 frame=odom goal_x=2.276 goal_y=0.350,PATROL_NAVIGATING mode=AUTO nav_goal=PATROL,AUTO,0.120,0.000,0.998,-0.000,True,False,False
7.800,dynamic_target,count=1 x=4.21 y=0.88 z=3.44,PATROL_NAVIGATING mode=AUTO nav_goal=PATROL,AUTO,0.120,0.000,0.998,-0.000,True,False,False
7.800,dynamic_lock,True,PATROL_NAVIGATING mode=AUTO nav_goal=PATROL,AUTO,0.120,0.000,0.998,-0.000,True,False,False
7.800,inspection_goal,x=2.28 y=0.35,PATROL_NAVIGATING mode=AUTO nav_goal=PATROL,AUTO,0.120,0.000,0.998,-0.000,True,False,False
7.800,object_goal_state,REJECT cooldown source=elevated_dynamic_target remaining_sec=8.00,PATROL_NAVIGATING mode=AUTO nav_goal=PATROL,AUTO,0.120,0.000,0.998,-0.000,True,False,False
7.900,bird_confirmed,False,PATROL_NAVIGATING mode=AUTO nav_goal=PATROL,AUTO,0.120,0.000,1.004,-0.000,True,False,False
7.900,classification,WAITING_DYNAMIC_LOCK,PATROL_NAVIGATING mode=AUTO nav_goal=PATROL,AUTO,0.120,0.000,1.004,-0.000,True,False,False
8.000,classification,WAITING_DYNAMIC_LOCK,PATROL_NAVIGATING mode=AUTO nav_goal=PATROL,AUTO,0.120,0.000,1.023,-0.000,True,False,False
8.000,bird_confirmed,False,PATROL_NAVIGATING mode=AUTO nav_goal=PATROL,AUTO,0.120,0.000,1.023,-0.000,True,False,False
8.000,sound_state,IDLE_NO_REQUEST,PATROL_NAVIGATING mode=AUTO nav_goal=PATROL,AUTO,0.120,0.000,1.023,-0.000,True,False,False
8.000,sound_done,False,PATROL_NAVIGATING mode=AUTO nav_goal=PATROL,AUTO,0.120,0.000,1.023,-0.000,True,False,False
8.000,mission_state,PATROL_NAVIGATING mode=AUTO nav_goal=PATROL,PATROL_NAVIGATING mode=AUTO nav_goal=PATROL,AUTO,0.120,0.000,1.023,-0.000,True,False,False
8.000,mission_event,timestamp=8.000 mission_id=0 target_mission_id=1 state=PATROL_NAVIGATING event_type=INTERRUPT_PATROL_FOR_LIDAR_TARGET reason=target_id=1 waypoint_index=1 waypoint_index=1,PATROL_NAVIGATING mode=AUTO nav_goal=PATROL,AUTO,0.120,0.000,1.023,-0.000,True,False,False
8.000,mission_event,timestamp=8.000 mission_id=0 target_mission_id=1 state=INSPECTION_GOAL_GENERATED event_type=STATE_CHANGE reason=previous=PATROL_NAVIGATING next=INSPECTION_GOAL_GENERATED reason=lidar_first_inspection_goal waypoint_index=1,PATROL_NAVIGATING mode=AUTO nav_goal=PATROL,AUTO,0.120,0.000,1.023,-0.000,True,False,False
8.000,mission_event,timestamp=8.000 mission_id=0 target_mission_id=1 state=APPROACH_TARGET_OFFSET event_type=STATE_CHANGE reason=previous=INSPECTION_GOAL_GENERATED next=APPROACH_TARGET_OFFSET reason=goal_type=TARGET_INSPECTION waypoint_index=1,PATROL_NAVIGATING mode=AUTO nav_goal=PATROL,AUTO,0.120,0.000,1.023,-0.000,True,False,False
8.000,mission_event,timestamp=8.000 mission_id=0 target_mission_id=1 state=APPROACH_TARGET_OFFSET event_type=NAV2_DISABLED_SIMULATED_GOAL reason=TARGET_INSPECTION waypoint_index=1,PATROL_NAVIGATING mode=AUTO nav_goal=PATROL,AUTO,0.120,0.000,1.023,-0.000,True,False,False
8.000,dynamic_target,count=1 x=4.20 y=0.89 z=3.41,PATROL_NAVIGATING mode=AUTO nav_goal=PATROL,AUTO,0.120,0.000,1.034,-0.000,True,False,False
8.000,dynamic_lock,True,PATROL_NAVIGATING mode=AUTO nav_goal=PATROL,AUTO,0.120,0.000,1.034,-0.000,True,False,False
8.000,object_goal_state,REJECT cooldown source=elevated_dynamic_target remaining_sec=7.80,PATROL_NAVIGATING mode=AUTO nav_goal=PATROL,AUTO,0.120,0.000,1.034,-0.000,True,False,False
8.000,dynamic_target,count=1 x=4.20 y=0.89 z=3.41,PATROL_NAVIGATING mode=AUTO nav_goal=PATROL,AUTO,0.120,0.000,1.034,-0.000,True,False,False
8.000,dynamic_lock,True,PATROL_NAVIGATING mode=AUTO nav_goal=PATROL,AUTO,0.120,0.000,1.034,-0.000,True,False,False
8.000,object_goal_state,REJECT cooldown source=elevated_dynamic_target remaining_sec=7.80,PATROL_NAVIGATING mode=AUTO nav_goal=PATROL,AUTO,0.120,0.000,1.034,-0.000,True,False,False
8.100,classification,WAITING_DYNAMIC_LOCK,PATROL_NAVIGATING mode=AUTO nav_goal=PATROL,AUTO,0.120,0.000,1.042,-0.000,True,False,False
8.100,bird_confirmed,False,PATROL_NAVIGATING mode=AUTO nav_goal=PATROL,AUTO,0.120,0.000,1.042,-0.000,True,False,False
8.200,classification,GAZEBO_FAKE_YOLO11S_CLASSIFICATION class=bird,PATROL_NAVIGATING mode=AUTO nav_goal=PATROL,AUTO,0.120,0.000,1.061,-0.000,True,False,False
8.200,bird_confirmed,True,PATROL_NAVIGATING mode=AUTO nav_goal=PATROL,AUTO,0.120,0.000,1.061,-0.000,True,True,False
8.200,sound_done,False,PATROL_NAVIGATING mode=AUTO nav_goal=PATROL,AUTO,0.120,0.000,1.061,-0.000,True,True,False
8.200,mission_state,APPROACH_TARGET_OFFSET mode=AUTO nav_goal=TARGET_INSPECTION,APPROACH_TARGET_OFFSET mode=AUTO nav_goal=TARGET_INSPECTION,AUTO,0.120,0.000,1.061,-0.000,True,True,False
8.200,sound_state,IDLE_NO_REQUEST,APPROACH_TARGET_OFFSET mode=AUTO nav_goal=TARGET_INSPECTION,AUTO,0.120,0.000,1.061,-0.000,True,True,False
8.200,bird_removal_state,TRACKING_HOLD_STARTED bird=bird_test_target mission_state=APPROACH_TARGET_OFFSET target_class=bird bird_confirmed=True dynamic_lock=True,APPROACH_TARGET_OFFSET mode=AUTO nav_goal=TARGET_INSPECTION,AUTO,0.120,0.000,1.061,-0.000,True,True,False
8.200,dynamic_target,count=1 x=4.21 y=0.89 z=3.46,APPROACH_TARGET_OFFSET mode=AUTO nav_goal=TARGET_INSPECTION,AUTO,0.120,0.000,1.063,-0.000,True,True,False
8.200,dynamic_lock,True,APPROACH_TARGET_OFFSET mode=AUTO nav_goal=TARGET_INSPECTION,AUTO,0.120,0.000,1.063,-0.000,True,True,False
8.200,object_goal_state,REJECT cooldown source=elevated_dynamic_target remaining_sec=7.60,APPROACH_TARGET_OFFSET mode=AUTO nav_goal=TARGET_INSPECTION,AUTO,0.120,0.000,1.063,-0.000,True,True,False
8.200,dynamic_target,count=1 x=4.21 y=0.89 z=3.46,APPROACH_TARGET_OFFSET mode=AUTO nav_goal=TARGET_INSPECTION,AUTO,0.120,0.000,1.063,-0.000,True,True,False
8.200,dynamic_lock,True,APPROACH_TARGET_OFFSET mode=AUTO nav_goal=TARGET_INSPECTION,AUTO,0.120,0.000,1.063,-0.000,True,True,False
8.200,object_goal_state,REJECT cooldown source=elevated_dynamic_target remaining_sec=7.60,APPROACH_TARGET_OFFSET mode=AUTO nav_goal=TARGET_INSPECTION,AUTO,0.120,0.000,1.063,-0.000,True,True,False
8.300,classification,GAZEBO_FAKE_YOLO11S_CLASSIFICATION class=bird,APPROACH_TARGET_OFFSET mode=AUTO nav_goal=TARGET_INSPECTION,AUTO,0.120,0.000,1.080,-0.000,True,True,False
8.300,bird_confirmed,True,APPROACH_TARGET_OFFSET mode=AUTO nav_goal=TARGET_INSPECTION,AUTO,0.120,0.000,1.080,-0.000,True,True,False
8.400,sound_state,IDLE_NO_REQUEST,APPROACH_TARGET_OFFSET mode=AUTO nav_goal=TARGET_INSPECTION,AUTO,0.120,0.240,1.100,-0.000,True,True,False
8.400,sound_done,False,APPROACH_TARGET_OFFSET mode=AUTO nav_goal=TARGET_INSPECTION,AUTO,0.120,0.240,1.100,-0.000,True,True,False
8.400,classification,GAZEBO_FAKE_YOLO11S_CLASSIFICATION class=bird,APPROACH_TARGET_OFFSET mode=AUTO nav_goal=TARGET_INSPECTION,AUTO,0.120,0.240,1.100,-0.000,True,True,False
8.400,bird_confirmed,True,APPROACH_TARGET_OFFSET mode=AUTO nav_goal=TARGET_INSPECTION,AUTO,0.120,0.240,1.100,-0.000,True,True,False
8.400,dynamic_target,count=1 x=4.21 y=0.89 z=3.46,APPROACH_TARGET_OFFSET mode=AUTO nav_goal=TARGET_INSPECTION,AUTO,0.120,0.240,1.100,-0.000,True,True,False
8.400,dynamic_lock,True,APPROACH_TARGET_OFFSET mode=AUTO nav_goal=TARGET_INSPECTION,AUTO,0.120,0.240,1.100,-0.000,True,True,False
8.400,mission_state,APPROACH_TARGET_OFFSET mode=AUTO nav_goal=TARGET_INSPECTION,APPROACH_TARGET_OFFSET mode=AUTO nav_goal=TARGET_INSPECTION,AUTO,0.120,0.240,1.100,-0.000,True,True,False
8.400,object_goal_state,REJECT cooldown source=elevated_dynamic_target remaining_sec=7.40,APPROACH_TARGET_OFFSET mode=AUTO nav_goal=TARGET_INSPECTION,AUTO,0.120,0.337,1.100,-0.000,True,True,False
8.500,classification,GAZEBO_FAKE_YOLO11S_CLASSIFICATION class=bird,APPROACH_TARGET_OFFSET mode=AUTO nav_goal=TARGET_INSPECTION,AUTO,0.120,0.337,1.119,-0.000,True,True,False
8.500,bird_confirmed,True,APPROACH_TARGET_OFFSET mode=AUTO nav_goal=TARGET_INSPECTION,AUTO,0.120,0.337,1.119,-0.000,True,True,False
8.600,mission_state,APPROACH_TARGET_OFFSET mode=AUTO nav_goal=TARGET_INSPECTION,APPROACH_TARGET_OFFSET mode=AUTO nav_goal=TARGET_INSPECTION,AUTO,0.120,0.342,1.137,0.000,True,True,False
8.600,bird_confirmed,True,APPROACH_TARGET_OFFSET mode=AUTO nav_goal=TARGET_INSPECTION,AUTO,0.120,0.342,1.137,0.000,True,True,False
8.600,sound_state,IDLE_NO_REQUEST,APPROACH_TARGET_OFFSET mode=AUTO nav_goal=TARGET_INSPECTION,AUTO,0.120,0.342,1.137,0.000,True,True,False
8.600,sound_done,False,APPROACH_TARGET_OFFSET mode=AUTO nav_goal=TARGET_INSPECTION,AUTO,0.120,0.342,1.137,0.000,True,True,False
8.600,classification,GAZEBO_FAKE_YOLO11S_CLASSIFICATION class=bird,APPROACH_TARGET_OFFSET mode=AUTO nav_goal=TARGET_INSPECTION,AUTO,0.120,0.342,1.137,0.000,True,True,False
8.600,dynamic_target,count=1 x=4.21 y=0.90 z=3.42,APPROACH_TARGET_OFFSET mode=AUTO nav_goal=TARGET_INSPECTION,AUTO,0.120,0.344,1.148,0.000,True,True,False
8.600,dynamic_lock,True,APPROACH_TARGET_OFFSET mode=AUTO nav_goal=TARGET_INSPECTION,AUTO,0.120,0.344,1.148,0.000,True,True,False
8.600,object_goal_state,REJECT cooldown source=elevated_dynamic_target remaining_sec=7.20,APPROACH_TARGET_OFFSET mode=AUTO nav_goal=TARGET_INSPECTION,AUTO,0.120,0.344,1.148,0.000,True,True,False
8.600,dynamic_target,count=1 x=4.21 y=0.90 z=3.42,APPROACH_TARGET_OFFSET mode=AUTO nav_goal=TARGET_INSPECTION,AUTO,0.120,0.344,1.148,0.000,True,True,False
8.600,dynamic_lock,True,APPROACH_TARGET_OFFSET mode=AUTO nav_goal=TARGET_INSPECTION,AUTO,0.120,0.344,1.148,0.000,True,True,False
8.600,object_goal_state,REJECT cooldown source=elevated_dynamic_target remaining_sec=7.20,APPROACH_TARGET_OFFSET mode=AUTO nav_goal=TARGET_INSPECTION,AUTO,0.120,0.344,1.148,0.000,True,True,False
8.700,classification,GAZEBO_FAKE_YOLO11S_CLASSIFICATION class=bird,APPROACH_TARGET_OFFSET mode=AUTO nav_goal=TARGET_INSPECTION,AUTO,0.120,0.344,1.156,0.000,True,True,False
8.700,bird_confirmed,True,APPROACH_TARGET_OFFSET mode=AUTO nav_goal=TARGET_INSPECTION,AUTO,0.120,0.344,1.156,0.000,True,True,False
8.700,sound_done,False,APPROACH_TARGET_OFFSET mode=AUTO nav_goal=TARGET_INSPECTION,AUTO,0.120,0.345,1.175,0.001,True,True,False
8.800,classification,GAZEBO_FAKE_YOLO11S_CLASSIFICATION class=bird,APPROACH_TARGET_OFFSET mode=AUTO nav_goal=TARGET_INSPECTION,AUTO,0.120,0.345,1.175,0.001,True,True,False
8.800,bird_confirmed,True,APPROACH_TARGET_OFFSET mode=AUTO nav_goal=TARGET_INSPECTION,AUTO,0.120,0.345,1.175,0.001,True,True,False
8.800,sound_state,IDLE_NO_REQUEST,APPROACH_TARGET_OFFSET mode=AUTO nav_goal=TARGET_INSPECTION,AUTO,0.120,0.345,1.175,0.001,True,True,False
8.800,mission_state,APPROACH_TARGET_OFFSET mode=AUTO nav_goal=TARGET_INSPECTION,APPROACH_TARGET_OFFSET mode=AUTO nav_goal=TARGET_INSPECTION,AUTO,0.120,0.345,1.175,0.001,True,True,False
8.800,dynamic_target,count=1 x=4.22 y=0.92 z=3.44,APPROACH_TARGET_OFFSET mode=AUTO nav_goal=TARGET_INSPECTION,AUTO,0.120,0.345,1.180,0.001,True,True,False
8.800,object_goal_state,REJECT cooldown source=elevated_dynamic_target remaining_sec=7.00,APPROACH_TARGET_OFFSET mode=AUTO nav_goal=TARGET_INSPECTION,AUTO,0.120,0.345,1.180,0.001,True,True,False
8.800,dynamic_lock,True,APPROACH_TARGET_OFFSET mode=AUTO nav_goal=TARGET_INSPECTION,AUTO,0.120,0.345,1.180,0.001,True,True,False
8.800,dynamic_target,count=1 x=4.22 y=0.92 z=3.44,APPROACH_TARGET_OFFSET mode=AUTO nav_goal=TARGET_INSPECTION,AUTO,0.120,0.345,1.180,0.001,True,True,False
8.800,dynamic_lock,True,APPROACH_TARGET_OFFSET mode=AUTO nav_goal=TARGET_INSPECTION,AUTO,0.120,0.345,1.180,0.001,True,True,False
8.800,object_goal_state,REJECT cooldown source=elevated_dynamic_target remaining_sec=7.00,APPROACH_TARGET_OFFSET mode=AUTO nav_goal=TARGET_INSPECTION,AUTO,0.120,0.345,1.180,0.001,True,True,False
8.900,classification,GAZEBO_FAKE_YOLO11S_CLASSIFICATION class=bird,APPROACH_TARGET_OFFSET mode=AUTO nav_goal=TARGET_INSPECTION,AUTO,0.120,0.345,1.194,0.002,True,True,False
8.900,bird_confirmed,True,APPROACH_TARGET_OFFSET mode=AUTO nav_goal=TARGET_INSPECTION,AUTO,0.120,0.345,1.194,0.002,True,True,False
8.900,dynamic_target,count=1 x=4.22 y=0.94 z=3.42,APPROACH_TARGET_OFFSET mode=AUTO nav_goal=TARGET_INSPECTION,AUTO,0.120,0.340,1.207,0.002,True,True,False
8.900,dynamic_lock,True,APPROACH_TARGET_OFFSET mode=AUTO nav_goal=TARGET_INSPECTION,AUTO,0.120,0.340,1.207,0.002,True,True,False
8.900,object_goal_state,REJECT cooldown source=elevated_dynamic_target remaining_sec=6.90,APPROACH_TARGET_OFFSET mode=AUTO nav_goal=TARGET_INSPECTION,AUTO,0.120,0.340,1.207,0.002,True,True,False
9.000,classification,GAZEBO_FAKE_YOLO11S_CLASSIFICATION class=bird,APPROACH_TARGET_OFFSET mode=AUTO nav_goal=TARGET_INSPECTION,AUTO,0.120,0.340,1.214,0.002,True,True,False
9.000,bird_confirmed,True,APPROACH_TARGET_OFFSET mode=AUTO nav_goal=TARGET_INSPECTION,AUTO,0.120,0.340,1.214,0.002,True,True,False
9.000,mission_state,APPROACH_TARGET_OFFSET mode=AUTO nav_goal=TARGET_INSPECTION,APPROACH_TARGET_OFFSET mode=AUTO nav_goal=TARGET_INSPECTION,AUTO,0.120,0.340,1.214,0.002,True,True,False
9.000,object_goal_state,REJECT cooldown source=elevated_dynamic_target remaining_sec=6.80,APPROACH_TARGET_OFFSET mode=AUTO nav_goal=TARGET_INSPECTION,AUTO,0.120,0.340,1.214,0.002,True,True,False
9.000,dynamic_target,count=1 x=4.22 y=0.94 z=3.42,APPROACH_TARGET_OFFSET mode=AUTO nav_goal=TARGET_INSPECTION,AUTO,0.120,0.340,1.214,0.002,True,True,False
9.000,dynamic_lock,True,APPROACH_TARGET_OFFSET mode=AUTO nav_goal=TARGET_INSPECTION,AUTO,0.120,0.340,1.214,0.002,True,True,False
9.000,sound_state,IDLE_NO_REQUEST,APPROACH_TARGET_OFFSET mode=AUTO nav_goal=TARGET_INSPECTION,AUTO,0.120,0.340,1.214,0.002,True,True,False
9.000,sound_done,False,APPROACH_TARGET_OFFSET mode=AUTO nav_goal=TARGET_INSPECTION,AUTO,0.120,0.340,1.214,0.002,True,True,False
9.100,classification,GAZEBO_FAKE_YOLO11S_CLASSIFICATION class=bird,APPROACH_TARGET_OFFSET mode=AUTO nav_goal=TARGET_INSPECTION,AUTO,0.120,0.340,1.233,0.003,True,True,False
9.100,bird_confirmed,True,APPROACH_TARGET_OFFSET mode=AUTO nav_goal=TARGET_INSPECTION,AUTO,0.120,0.340,1.233,0.003,True,True,False
9.100,dynamic_target,count=1 x=4.22 y=0.95 z=3.41,APPROACH_TARGET_OFFSET mode=AUTO nav_goal=TARGET_INSPECTION,AUTO,0.120,0.329,1.236,0.003,True,True,False
9.100,dynamic_lock,True,APPROACH_TARGET_OFFSET mode=AUTO nav_goal=TARGET_INSPECTION,AUTO,0.120,0.329,1.236,0.003,True,True,False
9.100,object_goal_state,REJECT cooldown source=elevated_dynamic_target remaining_sec=6.70,APPROACH_TARGET_OFFSET mode=AUTO nav_goal=TARGET_INSPECTION,AUTO,0.120,0.329,1.236,0.003,True,True,False
9.200,bird_confirmed,True,APPROACH_TARGET_OFFSET mode=AUTO nav_goal=TARGET_INSPECTION,AUTO,0.120,0.329,1.252,0.005,True,True,False
9.200,mission_state,APPROACH_TARGET_OFFSET mode=AUTO nav_goal=TARGET_INSPECTION,APPROACH_TARGET_OFFSET mode=AUTO nav_goal=TARGET_INSPECTION,AUTO,0.120,0.329,1.252,0.005,True,True,False
9.200,object_goal_state,REJECT cooldown source=elevated_dynamic_target remaining_sec=6.60,APPROACH_TARGET_OFFSET mode=AUTO nav_goal=TARGET_INSPECTION,AUTO,0.120,0.329,1.252,0.005,True,True,False
9.200,dynamic_target,count=1 x=4.22 y=0.95 z=3.41,APPROACH_TARGET_OFFSET mode=AUTO nav_goal=TARGET_INSPECTION,AUTO,0.120,0.329,1.252,0.005,True,True,False
9.200,dynamic_lock,True,APPROACH_TARGET_OFFSET mode=AUTO nav_goal=TARGET_INSPECTION,AUTO,0.120,0.329,1.252,0.005,True,True,False
9.200,classification,GAZEBO_FAKE_YOLO11S_CLASSIFICATION class=bird,APPROACH_TARGET_OFFSET mode=AUTO nav_goal=TARGET_INSPECTION,AUTO,0.120,0.329,1.252,0.005,True,True,False
9.200,sound_state,IDLE_NO_REQUEST,APPROACH_TARGET_OFFSET mode=AUTO nav_goal=TARGET_INSPECTION,AUTO,0.120,0.329,1.252,0.005,True,True,False
9.200,sound_done,False,APPROACH_TARGET_OFFSET mode=AUTO nav_goal=TARGET_INSPECTION,AUTO,0.120,0.329,1.252,0.005,True,True,False
9.300,classification,GAZEBO_FAKE_YOLO11S_CLASSIFICATION class=bird,APPROACH_TARGET_OFFSET mode=AUTO nav_goal=TARGET_INSPECTION,AUTO,0.120,0.319,1.271,0.006,True,True,False
9.300,bird_confirmed,True,APPROACH_TARGET_OFFSET mode=AUTO nav_goal=TARGET_INSPECTION,AUTO,0.120,0.319,1.271,0.006,True,True,False
9.400,sound_done,False,APPROACH_TARGET_OFFSET mode=AUTO nav_goal=TARGET_INSPECTION,AUTO,0.120,0.319,1.290,0.008,True,True,False
9.400,mission_state,APPROACH_TARGET_OFFSET mode=AUTO nav_goal=TARGET_INSPECTION,APPROACH_TARGET_OFFSET mode=AUTO nav_goal=TARGET_INSPECTION,AUTO,0.120,0.305,1.290,0.008,True,True,False
9.400,sound_state,IDLE_NO_REQUEST,APPROACH_TARGET_OFFSET mode=AUTO nav_goal=TARGET_INSPECTION,AUTO,0.120,0.305,1.290,0.008,True,True,False
9.400,bird_confirmed,True,APPROACH_TARGET_OFFSET mode=AUTO nav_goal=TARGET_INSPECTION,AUTO,0.120,0.305,1.290,0.008,True,True,False
9.400,classification,GAZEBO_FAKE_YOLO11S_CLASSIFICATION class=bird,APPROACH_TARGET_OFFSET mode=AUTO nav_goal=TARGET_INSPECTION,AUTO,0.120,0.305,1.290,0.008,True,True,False
9.400,dynamic_target,count=1 x=4.22 y=0.95 z=3.41,APPROACH_TARGET_OFFSET mode=AUTO nav_goal=TARGET_INSPECTION,AUTO,0.120,0.305,1.292,0.009,True,True,False
9.400,dynamic_lock,True,APPROACH_TARGET_OFFSET mode=AUTO nav_goal=TARGET_INSPECTION,AUTO,0.120,0.305,1.292,0.009,True,True,False
9.400,object_goal_state,REJECT cooldown source=elevated_dynamic_target remaining_sec=6.40,APPROACH_TARGET_OFFSET mode=AUTO nav_goal=TARGET_INSPECTION,AUTO,0.120,0.305,1.292,0.009,True,True,False
9.500,classification,GAZEBO_FAKE_YOLO11S_CLASSIFICATION class=bird,APPROACH_TARGET_OFFSET mode=AUTO nav_goal=TARGET_INSPECTION,AUTO,0.120,0.305,1.310,0.011,True,True,False
9.500,bird_confirmed,True,APPROACH_TARGET_OFFSET mode=AUTO nav_goal=TARGET_INSPECTION,AUTO,0.120,0.305,1.310,0.011,True,True,False
9.600,sound_done,False,APPROACH_TARGET_OFFSET mode=AUTO nav_goal=TARGET_INSPECTION,AUTO,0.120,0.294,1.329,0.013,True,True,False
9.600,mission_state,APPROACH_TARGET_OFFSET mode=AUTO nav_goal=TARGET_INSPECTION,APPROACH_TARGET_OFFSET mode=AUTO nav_goal=TARGET_INSPECTION,AUTO,0.120,0.294,1.329,0.013,True,True,False
9.600,classification,GAZEBO_FAKE_YOLO11S_CLASSIFICATION class=bird,APPROACH_TARGET_OFFSET mode=AUTO nav_goal=TARGET_INSPECTION,AUTO,0.120,0.294,1.329,0.013,True,True,False
9.600,bird_confirmed,True,APPROACH_TARGET_OFFSET mode=AUTO nav_goal=TARGET_INSPECTION,AUTO,0.120,0.294,1.329,0.013,True,True,False
9.600,sound_state,IDLE_NO_REQUEST,APPROACH_TARGET_OFFSET mode=AUTO nav_goal=TARGET_INSPECTION,AUTO,0.120,0.294,1.329,0.013,True,True,False
9.600,dynamic_target,count=1 x=4.22 y=0.95 z=3.41,APPROACH_TARGET_OFFSET mode=AUTO nav_goal=TARGET_INSPECTION,AUTO,0.120,0.294,1.329,0.013,True,True,False
9.600,dynamic_lock,True,APPROACH_TARGET_OFFSET mode=AUTO nav_goal=TARGET_INSPECTION,AUTO,0.120,0.294,1.329,0.013,True,True,False
9.600,object_goal_state,REJECT cooldown source=elevated_dynamic_target remaining_sec=6.20,APPROACH_TARGET_OFFSET mode=AUTO nav_goal=TARGET_INSPECTION,AUTO,0.120,0.276,1.329,0.013,True,True,False
9.700,bird_confirmed,True,APPROACH_TARGET_OFFSET mode=AUTO nav_goal=TARGET_INSPECTION,AUTO,0.120,0.276,1.348,0.015,True,True,False
9.700,classification,GAZEBO_FAKE_YOLO11S_CLASSIFICATION class=bird,APPROACH_TARGET_OFFSET mode=AUTO nav_goal=TARGET_INSPECTION,AUTO,0.120,0.276,1.348,0.015,True,True,False
9.800,classification,GAZEBO_FAKE_YOLO11S_CLASSIFICATION class=bird,APPROACH_TARGET_OFFSET mode=AUTO nav_goal=TARGET_INSPECTION,AUTO,0.120,0.276,1.367,0.018,True,True,False
9.800,bird_confirmed,True,APPROACH_TARGET_OFFSET mode=AUTO nav_goal=TARGET_INSPECTION,AUTO,0.120,0.276,1.367,0.018,True,True,False
9.800,sound_state,IDLE_NO_REQUEST,APPROACH_TARGET_OFFSET mode=AUTO nav_goal=TARGET_INSPECTION,AUTO,0.120,0.276,1.367,0.018,True,True,False
9.800,sound_done,False,APPROACH_TARGET_OFFSET mode=AUTO nav_goal=TARGET_INSPECTION,AUTO,0.120,0.276,1.367,0.018,True,True,False
9.800,mission_state,APPROACH_TARGET_OFFSET mode=AUTO nav_goal=TARGET_INSPECTION,APPROACH_TARGET_OFFSET mode=AUTO nav_goal=TARGET_INSPECTION,AUTO,0.120,0.264,1.367,0.018,True,True,False
9.900,classification,GAZEBO_FAKE_YOLO11S_CLASSIFICATION class=bird,APPROACH_TARGET_OFFSET mode=AUTO nav_goal=TARGET_INSPECTION,AUTO,0.120,0.251,1.386,0.022,True,True,False
9.900,bird_confirmed,True,APPROACH_TARGET_OFFSET mode=AUTO nav_goal=TARGET_INSPECTION,AUTO,0.120,0.251,1.386,0.022,True,True,False
9.900,dynamic_target,count=1 x=4.22 y=0.95 z=3.41,APPROACH_TARGET_OFFSET mode=AUTO nav_goal=TARGET_INSPECTION,AUTO,0.120,0.251,1.388,0.022,True,True,False
9.900,dynamic_lock,True,APPROACH_TARGET_OFFSET mode=AUTO nav_goal=TARGET_INSPECTION,AUTO,0.120,0.251,1.388,0.022,True,True,False
9.900,object_goal_state,REJECT cooldown source=elevated_dynamic_target remaining_sec=5.90,APPROACH_TARGET_OFFSET mode=AUTO nav_goal=TARGET_INSPECTION,AUTO,0.120,0.251,1.388,0.022,True,True,False
10.000,object_goal_state,TARGET_LOST_TIMEOUT,APPROACH_TARGET_OFFSET mode=AUTO nav_goal=TARGET_INSPECTION,AUTO,0.120,0.251,1.404,0.025,True,True,False
10.000,classification,GAZEBO_FAKE_YOLO11S_CLASSIFICATION class=bird,APPROACH_TARGET_OFFSET mode=AUTO nav_goal=TARGET_INSPECTION,AUTO,0.120,0.224,1.404,0.025,True,True,False
10.000,bird_confirmed,True,APPROACH_TARGET_OFFSET mode=AUTO nav_goal=TARGET_INSPECTION,AUTO,0.120,0.224,1.404,0.025,True,True,False
10.000,mission_state,APPROACH_TARGET_OFFSET mode=AUTO nav_goal=TARGET_INSPECTION,APPROACH_TARGET_OFFSET mode=AUTO nav_goal=TARGET_INSPECTION,AUTO,0.120,0.224,1.404,0.025,True,True,False
10.000,sound_state,IDLE_NO_REQUEST,APPROACH_TARGET_OFFSET mode=AUTO nav_goal=TARGET_INSPECTION,AUTO,0.120,0.224,1.404,0.025,True,True,False
10.000,sound_done,False,APPROACH_TARGET_OFFSET mode=AUTO nav_goal=TARGET_INSPECTION,AUTO,0.120,0.224,1.404,0.025,True,True,False
10.000,dynamic_target,count=1 x=4.22 y=0.95 z=3.41,APPROACH_TARGET_OFFSET mode=AUTO nav_goal=TARGET_INSPECTION,AUTO,0.120,0.224,1.421,0.028,True,True,False
10.000,dynamic_lock,True,APPROACH_TARGET_OFFSET mode=AUTO nav_goal=TARGET_INSPECTION,AUTO,0.120,0.224,1.421,0.028,True,True,False
10.000,object_goal_state,REJECT cooldown source=elevated_dynamic_target remaining_sec=5.80,APPROACH_TARGET_OFFSET mode=AUTO nav_goal=TARGET_INSPECTION,AUTO,0.120,0.224,1.421,0.028,True,True,False
10.100,classification,GAZEBO_FAKE_YOLO11S_CLASSIFICATION class=bird,APPROACH_TARGET_OFFSET mode=AUTO nav_goal=TARGET_INSPECTION,AUTO,0.120,0.224,1.423,0.028,True,True,False
10.100,bird_confirmed,True,APPROACH_TARGET_OFFSET mode=AUTO nav_goal=TARGET_INSPECTION,AUTO,0.120,0.224,1.423,0.028,True,True,False
10.200,sound_state,IDLE_NO_REQUEST,APPROACH_TARGET_OFFSET mode=AUTO nav_goal=TARGET_INSPECTION,AUTO,0.120,0.224,1.442,0.032,True,True,False
10.200,sound_done,False,APPROACH_TARGET_OFFSET mode=AUTO nav_goal=TARGET_INSPECTION,AUTO,0.120,0.224,1.442,0.032,True,True,False
10.200,classification,GAZEBO_FAKE_YOLO11S_CLASSIFICATION class=bird,APPROACH_TARGET_OFFSET mode=AUTO nav_goal=TARGET_INSPECTION,AUTO,0.120,0.224,1.442,0.032,True,True,False
10.200,bird_confirmed,True,APPROACH_TARGET_OFFSET mode=AUTO nav_goal=TARGET_INSPECTION,AUTO,0.120,0.224,1.442,0.032,True,True,False
10.200,mission_state,APPROACH_TARGET_OFFSET mode=AUTO nav_goal=TARGET_INSPECTION,APPROACH_TARGET_OFFSET mode=AUTO nav_goal=TARGET_INSPECTION,AUTO,0.120,0.214,1.442,0.032,True,True,False
10.300,classification,GAZEBO_FAKE_YOLO11S_CLASSIFICATION class=bird,APPROACH_TARGET_OFFSET mode=AUTO nav_goal=TARGET_INSPECTION,AUTO,0.120,0.214,1.461,0.035,True,True,False
10.300,bird_confirmed,True,APPROACH_TARGET_OFFSET mode=AUTO nav_goal=TARGET_INSPECTION,AUTO,0.120,0.214,1.461,0.035,True,True,False
10.400,classification,GAZEBO_FAKE_YOLO11S_CLASSIFICATION class=bird,APPROACH_TARGET_OFFSET mode=AUTO nav_goal=TARGET_INSPECTION,AUTO,0.120,0.214,1.479,0.039,True,True,False
10.400,bird_confirmed,True,APPROACH_TARGET_OFFSET mode=AUTO nav_goal=TARGET_INSPECTION,AUTO,0.120,0.214,1.479,0.039,True,True,False
10.400,mission_state,APPROACH_TARGET_OFFSET mode=AUTO nav_goal=TARGET_INSPECTION,APPROACH_TARGET_OFFSET mode=AUTO nav_goal=TARGET_INSPECTION,AUTO,0.120,0.212,1.479,0.039,True,True,False
10.400,sound_state,IDLE_NO_REQUEST,APPROACH_TARGET_OFFSET mode=AUTO nav_goal=TARGET_INSPECTION,AUTO,0.120,0.212,1.479,0.039,True,True,False
10.400,sound_done,False,APPROACH_TARGET_OFFSET mode=AUTO nav_goal=TARGET_INSPECTION,AUTO,0.120,0.212,1.479,0.039,True,True,False
10.500,classification,GAZEBO_FAKE_YOLO11S_CLASSIFICATION class=bird,APPROACH_TARGET_OFFSET mode=AUTO nav_goal=TARGET_INSPECTION,AUTO,0.120,0.211,1.498,0.043,True,True,False
10.500,bird_confirmed,True,APPROACH_TARGET_OFFSET mode=AUTO nav_goal=TARGET_INSPECTION,AUTO,0.120,0.211,1.498,0.043,True,True,False
10.600,mission_state,APPROACH_TARGET_OFFSET mode=AUTO nav_goal=TARGET_INSPECTION,APPROACH_TARGET_OFFSET mode=AUTO nav_goal=TARGET_INSPECTION,AUTO,0.120,0.206,1.517,0.047,True,True,False
10.600,classification,GAZEBO_FAKE_YOLO11S_CLASSIFICATION class=bird,APPROACH_TARGET_OFFSET mode=AUTO nav_goal=TARGET_INSPECTION,AUTO,0.120,0.206,1.517,0.047,True,True,False
10.600,bird_confirmed,True,APPROACH_TARGET_OFFSET mode=AUTO nav_goal=TARGET_INSPECTION,AUTO,0.120,0.206,1.517,0.047,True,True,False
10.600,sound_state,IDLE_NO_REQUEST,APPROACH_TARGET_OFFSET mode=AUTO nav_goal=TARGET_INSPECTION,AUTO,0.120,0.206,1.517,0.047,True,True,False
10.600,sound_done,False,APPROACH_TARGET_OFFSET mode=AUTO nav_goal=TARGET_INSPECTION,AUTO,0.120,0.206,1.517,0.047,True,True,False
10.600,bird_removed,REMOVED bird=bird_test_target removed_count=1 remaining_count=1 detected_hold_sec=5.04 tracking_hold_sec=5.04 mission_state=APPROACH_TARGET_OFFSET dynamic_lock=True sound_done_seen=False,APPROACH_TARGET_OFFSET mode=AUTO nav_goal=TARGET_INSPECTION,AUTO,0.120,0.206,1.517,0.047,True,True,False
10.600,bird_removal_state,RELEASED bird=bird_single removed_count=1 remaining_count=1,APPROACH_TARGET_OFFSET mode=AUTO nav_goal=TARGET_INSPECTION,AUTO,0.120,0.206,1.517,0.047,True,True,False
10.700,bird_confirmed,True,APPROACH_TARGET_OFFSET mode=AUTO nav_goal=TARGET_INSPECTION,AUTO,0.120,0.206,1.535,0.051,True,True,False
10.700,classification,GAZEBO_FAKE_YOLO11S_CLASSIFICATION class=bird,APPROACH_TARGET_OFFSET mode=AUTO nav_goal=TARGET_INSPECTION,AUTO,0.120,0.202,1.535,0.051,True,True,False
10.700,bird_removal_state,TRACKING_HOLD_STARTED bird=bird_single mission_state=APPROACH_TARGET_OFFSET target_class=bird bird_confirmed=True dynamic_lock=True,APPROACH_TARGET_OFFSET mode=AUTO nav_goal=TARGET_INSPECTION,AUTO,0.120,0.202,1.535,0.051,True,True,False
10.800,sound_done,False,APPROACH_TARGET_OFFSET mode=AUTO nav_goal=TARGET_INSPECTION,AUTO,0.120,0.202,1.554,0.056,True,True,False
10.800,mission_state,APPROACH_TARGET_OFFSET mode=AUTO nav_goal=TARGET_INSPECTION,APPROACH_TARGET_OFFSET mode=AUTO nav_goal=TARGET_INSPECTION,AUTO,0.120,0.202,1.554,0.056,True,True,False
10.800,classification,GAZEBO_FAKE_YOLO11S_CLASSIFICATION class=bird,APPROACH_TARGET_OFFSET mode=AUTO nav_goal=TARGET_INSPECTION,AUTO,0.120,0.202,1.554,0.056,True,True,False
10.800,bird_confirmed,True,APPROACH_TARGET_OFFSET mode=AUTO nav_goal=TARGET_INSPECTION,AUTO,0.120,0.202,1.554,0.056,True,True,False
10.800,sound_state,IDLE_NO_REQUEST,APPROACH_TARGET_OFFSET mode=AUTO nav_goal=TARGET_INSPECTION,AUTO,0.120,0.199,1.554,0.056,True,True,False
10.900,bird_confirmed,True,APPROACH_TARGET_OFFSET mode=AUTO nav_goal=TARGET_INSPECTION,AUTO,0.120,0.199,1.573,0.060,True,True,False
10.900,classification,GAZEBO_FAKE_YOLO11S_CLASSIFICATION class=bird,APPROACH_TARGET_OFFSET mode=AUTO nav_goal=TARGET_INSPECTION,AUTO,0.120,0.199,1.573,0.060,True,True,False
11.000,mission_state,APPROACH_TARGET_OFFSET mode=AUTO nav_goal=TARGET_INSPECTION,APPROACH_TARGET_OFFSET mode=AUTO nav_goal=TARGET_INSPECTION,AUTO,0.120,0.193,1.591,0.065,True,True,False
11.000,classification,GAZEBO_FAKE_YOLO11S_CLASSIFICATION class=bird,APPROACH_TARGET_OFFSET mode=AUTO nav_goal=TARGET_INSPECTION,AUTO,0.120,0.193,1.591,0.065,True,True,False
11.000,bird_confirmed,True,APPROACH_TARGET_OFFSET mode=AUTO nav_goal=TARGET_INSPECTION,AUTO,0.120,0.193,1.591,0.065,True,True,False
11.000,sound_state,IDLE_NO_REQUEST,APPROACH_TARGET_OFFSET mode=AUTO nav_goal=TARGET_INSPECTION,AUTO,0.120,0.193,1.591,0.065,True,True,False
11.000,sound_done,False,APPROACH_TARGET_OFFSET mode=AUTO nav_goal=TARGET_INSPECTION,AUTO,0.120,0.193,1.591,0.065,True,True,False
11.000,dynamic_lock,False,APPROACH_TARGET_OFFSET mode=AUTO nav_goal=TARGET_INSPECTION,AUTO,0.120,0.187,1.595,0.066,False,True,False
11.000,dynamic_lock,False,APPROACH_TARGET_OFFSET mode=AUTO nav_goal=TARGET_INSPECTION,AUTO,0.120,0.187,1.595,0.066,False,True,False
11.100,classification,WAITING_DYNAMIC_LOCK,APPROACH_TARGET_OFFSET mode=AUTO nav_goal=TARGET_INSPECTION,AUTO,0.120,0.181,1.609,0.070,False,True,False
11.100,bird_confirmed,False,APPROACH_TARGET_OFFSET mode=AUTO nav_goal=TARGET_INSPECTION,AUTO,0.120,0.181,1.609,0.070,False,False,False
11.200,dynamic_lock,False,APPROACH_TARGET_OFFSET mode=AUTO nav_goal=TARGET_INSPECTION,AUTO,0.120,0.181,1.628,0.075,False,False,False
11.200,classification,WAITING_DYNAMIC_LOCK,APPROACH_TARGET_OFFSET mode=AUTO nav_goal=TARGET_INSPECTION,AUTO,0.120,0.181,1.628,0.075,False,False,False
11.200,bird_confirmed,False,APPROACH_TARGET_OFFSET mode=AUTO nav_goal=TARGET_INSPECTION,AUTO,0.120,0.181,1.628,0.075,False,False,False
11.200,sound_state,IDLE_NO_REQUEST,APPROACH_TARGET_OFFSET mode=AUTO nav_goal=TARGET_INSPECTION,AUTO,0.120,0.181,1.628,0.075,False,False,False
11.200,sound_done,False,APPROACH_TARGET_OFFSET mode=AUTO nav_goal=TARGET_INSPECTION,AUTO,0.120,0.181,1.628,0.075,False,False,False
11.200,mission_state,APPROACH_TARGET_OFFSET mode=AUTO nav_goal=TARGET_INSPECTION,APPROACH_TARGET_OFFSET mode=AUTO nav_goal=TARGET_INSPECTION,AUTO,0.120,0.177,1.628,0.075,False,False,False
11.300,classification,WAITING_DYNAMIC_LOCK,APPROACH_TARGET_OFFSET mode=AUTO nav_goal=TARGET_INSPECTION,AUTO,0.120,0.173,1.646,0.080,False,False,False
11.300,bird_confirmed,False,APPROACH_TARGET_OFFSET mode=AUTO nav_goal=TARGET_INSPECTION,AUTO,0.120,0.173,1.646,0.080,False,False,False
11.300,dynamic_target,count=1 x=2.33 y=-5.32 z=3.40,APPROACH_TARGET_OFFSET mode=AUTO nav_goal=TARGET_INSPECTION,AUTO,0.120,0.173,1.656,0.082,False,False,False
11.300,dynamic_lock,True,APPROACH_TARGET_OFFSET mode=AUTO nav_goal=TARGET_INSPECTION,AUTO,0.120,0.173,1.656,0.082,True,False,False
11.300,object_goal_state,REJECT cooldown source=elevated_dynamic_target remaining_sec=4.50,APPROACH_TARGET_OFFSET mode=AUTO nav_goal=TARGET_INSPECTION,AUTO,0.120,0.173,1.656,0.082,True,False,False
11.400,classification,WAITING_DYNAMIC_LOCK,APPROACH_TARGET_OFFSET mode=AUTO nav_goal=TARGET_INSPECTION,AUTO,0.120,0.173,1.665,0.085,True,False,False
11.400,bird_confirmed,False,APPROACH_TARGET_OFFSET mode=AUTO nav_goal=TARGET_INSPECTION,AUTO,0.120,0.173,1.665,0.085,True,False,False
11.400,dynamic_target,count=1 x=2.33 y=-5.32 z=3.40,APPROACH_TARGET_OFFSET mode=AUTO nav_goal=TARGET_INSPECTION,AUTO,0.120,0.173,1.665,0.085,True,False,False
11.400,sound_state,IDLE_NO_REQUEST,APPROACH_TARGET_OFFSET mode=AUTO nav_goal=TARGET_INSPECTION,AUTO,0.120,0.173,1.665,0.085,True,False,False
11.400,sound_done,False,APPROACH_TARGET_OFFSET mode=AUTO nav_goal=TARGET_INSPECTION,AUTO,0.120,0.173,1.665,0.085,True,False,False
11.400,mission_state,APPROACH_TARGET_OFFSET mode=AUTO nav_goal=TARGET_INSPECTION,APPROACH_TARGET_OFFSET mode=AUTO nav_goal=TARGET_INSPECTION,AUTO,0.120,0.173,1.665,0.085,True,False,False
11.400,dynamic_lock,True,APPROACH_TARGET_OFFSET mode=AUTO nav_goal=TARGET_INSPECTION,AUTO,0.120,0.173,1.665,0.085,True,False,False
11.400,object_goal_state,REJECT cooldown source=elevated_dynamic_target remaining_sec=4.40,APPROACH_TARGET_OFFSET mode=AUTO nav_goal=TARGET_INSPECTION,AUTO,0.120,0.169,1.665,0.085,True,False,False
11.500,bird_confirmed,False,APPROACH_TARGET_OFFSET mode=AUTO nav_goal=TARGET_INSPECTION,AUTO,0.120,0.164,1.683,0.090,True,False,False
11.500,classification,WAITING_DYNAMIC_LOCK,APPROACH_TARGET_OFFSET mode=AUTO nav_goal=TARGET_INSPECTION,AUTO,0.120,0.164,1.683,0.090,True,False,False
11.500,dynamic_target,count=1 x=2.32 y=-5.33 z=3.41,APPROACH_TARGET_OFFSET mode=AUTO nav_goal=TARGET_INSPECTION,AUTO,0.120,0.164,1.687,0.091,True,False,False
11.500,dynamic_lock,True,APPROACH_TARGET_OFFSET mode=AUTO nav_goal=TARGET_INSPECTION,AUTO,0.120,0.164,1.687,0.091,True,False,False
11.500,object_goal_state,REJECT cooldown source=elevated_dynamic_target remaining_sec=4.30,APPROACH_TARGET_OFFSET mode=AUTO nav_goal=TARGET_INSPECTION,AUTO,0.120,0.164,1.687,0.091,True,False,False
11.600,sound_done,False,APPROACH_TARGET_OFFSET mode=AUTO nav_goal=TARGET_INSPECTION,AUTO,0.120,0.164,1.702,0.096,True,False,False
11.600,object_goal_state,REJECT cooldown source=elevated_dynamic_target remaining_sec=4.20,APPROACH_TARGET_OFFSET mode=AUTO nav_goal=TARGET_INSPECTION,AUTO,0.120,0.164,1.702,0.096,True,False,False
11.600,dynamic_target,count=1 x=2.32 y=-5.33 z=3.41,APPROACH_TARGET_OFFSET mode=AUTO nav_goal=TARGET_INSPECTION,AUTO,0.120,0.164,1.702,0.096,True,False,False
11.600,dynamic_lock,True,APPROACH_TARGET_OFFSET mode=AUTO nav_goal=TARGET_INSPECTION,AUTO,0.120,0.164,1.702,0.096,True,False,False
11.600,classification,WAITING_DYNAMIC_LOCK,APPROACH_TARGET_OFFSET mode=AUTO nav_goal=TARGET_INSPECTION,AUTO,0.120,0.164,1.702,0.096,True,False,False
11.600,bird_confirmed,False,APPROACH_TARGET_OFFSET mode=AUTO nav_goal=TARGET_INSPECTION,AUTO,0.120,0.164,1.702,0.096,True,False,False
11.600,sound_state,IDLE_NO_REQUEST,APPROACH_TARGET_OFFSET mode=AUTO nav_goal=TARGET_INSPECTION,AUTO,0.120,0.164,1.702,0.096,True,False,False
11.600,mission_state,APPROACH_TARGET_OFFSET mode=AUTO nav_goal=TARGET_INSPECTION,APPROACH_TARGET_OFFSET mode=AUTO nav_goal=TARGET_INSPECTION,AUTO,0.120,0.164,1.702,0.096,True,False,False
11.700,classification,GAZEBO_FAKE_YOLO11S_CLASSIFICATION class=bird,APPROACH_TARGET_OFFSET mode=AUTO nav_goal=TARGET_INSPECTION,AUTO,0.120,0.159,1.720,0.101,True,False,False
11.700,bird_confirmed,True,APPROACH_TARGET_OFFSET mode=AUTO nav_goal=TARGET_INSPECTION,AUTO,0.120,0.159,1.720,0.101,True,True,False
11.800,mission_state,APPROACH_TARGET_OFFSET mode=AUTO nav_goal=TARGET_INSPECTION,APPROACH_TARGET_OFFSET mode=AUTO nav_goal=TARGET_INSPECTION,AUTO,0.120,0.159,1.738,0.107,True,True,False
11.800,classification,GAZEBO_FAKE_YOLO11S_CLASSIFICATION class=bird,APPROACH_TARGET_OFFSET mode=AUTO nav_goal=TARGET_INSPECTION,AUTO,0.120,0.159,1.738,0.107,True,True,False
11.800,bird_confirmed,True,APPROACH_TARGET_OFFSET mode=AUTO nav_goal=TARGET_INSPECTION,AUTO,0.120,0.159,1.738,0.107,True,True,False
11.800,sound_state,IDLE_NO_REQUEST,APPROACH_TARGET_OFFSET mode=AUTO nav_goal=TARGET_INSPECTION,AUTO,0.120,0.159,1.738,0.107,True,True,False
11.800,sound_done,False,APPROACH_TARGET_OFFSET mode=AUTO nav_goal=TARGET_INSPECTION,AUTO,0.120,0.159,1.738,0.107,True,True,False
11.800,dynamic_target,count=1 x=2.35 y=-5.33 z=3.44,APPROACH_TARGET_OFFSET mode=AUTO nav_goal=TARGET_INSPECTION,AUTO,0.120,0.150,1.749,0.110,True,True,False
11.800,dynamic_lock,True,APPROACH_TARGET_OFFSET mode=AUTO nav_goal=TARGET_INSPECTION,AUTO,0.120,0.150,1.749,0.110,True,True,False
11.800,object_goal_state,REJECT cooldown source=elevated_dynamic_target remaining_sec=4.00,APPROACH_TARGET_OFFSET mode=AUTO nav_goal=TARGET_INSPECTION,AUTO,0.120,0.150,1.749,0.110,True,True,False
11.800,dynamic_target,count=1 x=2.35 y=-5.33 z=3.44,APPROACH_TARGET_OFFSET mode=AUTO nav_goal=TARGET_INSPECTION,AUTO,0.120,0.150,1.749,0.110,True,True,False
11.800,dynamic_lock,True,APPROACH_TARGET_OFFSET mode=AUTO nav_goal=TARGET_INSPECTION,AUTO,0.120,0.150,1.749,0.110,True,True,False
11.800,object_goal_state,REJECT cooldown source=elevated_dynamic_target remaining_sec=4.00,APPROACH_TARGET_OFFSET mode=AUTO nav_goal=TARGET_INSPECTION,AUTO,0.120,0.150,1.749,0.110,True,True,False
11.900,bird_confirmed,True,APPROACH_TARGET_OFFSET mode=AUTO nav_goal=TARGET_INSPECTION,AUTO,0.120,0.150,1.756,0.113,True,True,False
11.900,classification,GAZEBO_FAKE_YOLO11S_CLASSIFICATION class=bird,APPROACH_TARGET_OFFSET mode=AUTO nav_goal=TARGET_INSPECTION,AUTO,0.120,0.150,1.756,0.113,True,True,False
12.000,sound_done,False,APPROACH_TARGET_OFFSET mode=AUTO nav_goal=TARGET_INSPECTION,AUTO,0.120,0.150,1.775,0.119,True,True,False
12.000,classification,GAZEBO_FAKE_YOLO11S_CLASSIFICATION class=bird,APPROACH_TARGET_OFFSET mode=AUTO nav_goal=TARGET_INSPECTION,AUTO,0.120,0.147,1.775,0.119,True,True,False
12.000,bird_confirmed,True,APPROACH_TARGET_OFFSET mode=AUTO nav_goal=TARGET_INSPECTION,AUTO,0.120,0.147,1.775,0.119,True,True,False
12.000,sound_state,IDLE_NO_REQUEST,APPROACH_TARGET_OFFSET mode=AUTO nav_goal=TARGET_INSPECTION,AUTO,0.120,0.147,1.775,0.119,True,True,False
12.000,mission_state,APPROACH_TARGET_OFFSET mode=AUTO nav_goal=TARGET_INSPECTION,APPROACH_TARGET_OFFSET mode=AUTO nav_goal=TARGET_INSPECTION,AUTO,0.120,0.147,1.775,0.119,True,True,False
12.000,dynamic_target,count=1 x=2.37 y=-5.34 z=3.44,APPROACH_TARGET_OFFSET mode=AUTO nav_goal=TARGET_INSPECTION,AUTO,0.120,0.147,1.775,0.119,True,True,False
12.000,dynamic_lock,True,APPROACH_TARGET_OFFSET mode=AUTO nav_goal=TARGET_INSPECTION,AUTO,0.120,0.147,1.775,0.119,True,True,False
12.000,object_goal_state,REJECT cooldown source=elevated_dynamic_target remaining_sec=3.80,APPROACH_TARGET_OFFSET mode=AUTO nav_goal=TARGET_INSPECTION,AUTO,0.120,0.147,1.775,0.119,True,True,False
12.000,dynamic_target,count=1 x=2.37 y=-5.34 z=3.44,APPROACH_TARGET_OFFSET mode=AUTO nav_goal=TARGET_INSPECTION,AUTO,0.120,0.147,1.775,0.119,True,True,False
12.000,dynamic_lock,True,APPROACH_TARGET_OFFSET mode=AUTO nav_goal=TARGET_INSPECTION,AUTO,0.120,0.147,1.775,0.119,True,True,False
12.000,object_goal_state,REJECT cooldown source=elevated_dynamic_target remaining_sec=3.80,APPROACH_TARGET_OFFSET mode=AUTO nav_goal=TARGET_INSPECTION,AUTO,0.120,0.147,1.775,0.119,True,True,False
12.100,classification,GAZEBO_FAKE_YOLO11S_CLASSIFICATION class=bird,APPROACH_TARGET_OFFSET mode=AUTO nav_goal=TARGET_INSPECTION,AUTO,0.120,0.147,1.793,0.125,True,True,False
12.100,bird_confirmed,True,APPROACH_TARGET_OFFSET mode=AUTO nav_goal=TARGET_INSPECTION,AUTO,0.120,0.147,1.793,0.125,True,True,False
12.100,dynamic_target,count=1 x=2.38 y=-5.32 z=3.47,APPROACH_TARGET_OFFSET mode=AUTO nav_goal=TARGET_INSPECTION,AUTO,0.120,0.145,1.802,0.128,True,True,False
12.100,dynamic_lock,True,APPROACH_TARGET_OFFSET mode=AUTO nav_goal=TARGET_INSPECTION,AUTO,0.120,0.145,1.802,0.128,True,True,False
12.100,object_goal_state,REJECT cooldown source=elevated_dynamic_target remaining_sec=3.70,APPROACH_TARGET_OFFSET mode=AUTO nav_goal=TARGET_INSPECTION,AUTO,0.120,0.145,1.802,0.128,True,True,False
12.200,mission_state,APPROACH_TARGET_OFFSET mode=AUTO nav_goal=TARGET_INSPECTION,APPROACH_TARGET_OFFSET mode=AUTO nav_goal=TARGET_INSPECTION,AUTO,0.120,0.145,1.811,0.130,True,True,False
12.200,dynamic_target,count=1 x=2.38 y=-5.32 z=3.47,APPROACH_TARGET_OFFSET mode=AUTO nav_goal=TARGET_INSPECTION,AUTO,0.120,0.145,1.811,0.130,True,True,False
12.200,dynamic_lock,True,APPROACH_TARGET_OFFSET mode=AUTO nav_goal=TARGET_INSPECTION,AUTO,0.120,0.145,1.811,0.130,True,True,False
12.200,classification,GAZEBO_FAKE_YOLO11S_CLASSIFICATION class=bird,APPROACH_TARGET_OFFSET mode=AUTO nav_goal=TARGET_INSPECTION,AUTO,0.120,0.145,1.811,0.130,True,True,False
12.200,bird_confirmed,True,APPROACH_TARGET_OFFSET mode=AUTO nav_goal=TARGET_INSPECTION,AUTO,0.120,0.145,1.811,0.130,True,True,False
12.200,sound_state,IDLE_NO_REQUEST,APPROACH_TARGET_OFFSET mode=AUTO nav_goal=TARGET_INSPECTION,AUTO,0.120,0.145,1.811,0.130,True,True,False
12.200,sound_done,False,APPROACH_TARGET_OFFSET mode=AUTO nav_goal=TARGET_INSPECTION,AUTO,0.120,0.145,1.811,0.130,True,True,False
12.200,object_goal_state,REJECT cooldown source=elevated_dynamic_target remaining_sec=3.60,APPROACH_TARGET_OFFSET mode=AUTO nav_goal=TARGET_INSPECTION,AUTO,0.120,0.143,1.811,0.130,True,True,False
12.300,classification,GAZEBO_FAKE_YOLO11S_CLASSIFICATION class=bird,APPROACH_TARGET_OFFSET mode=AUTO nav_goal=TARGET_INSPECTION,AUTO,0.120,0.143,1.829,0.137,True,True,False
12.300,bird_confirmed,True,APPROACH_TARGET_OFFSET mode=AUTO nav_goal=TARGET_INSPECTION,AUTO,0.120,0.143,1.829,0.137,True,True,False
12.300,dynamic_target,count=1 x=2.38 y=-5.30 z=3.47,APPROACH_TARGET_OFFSET mode=AUTO nav_goal=TARGET_INSPECTION,AUTO,0.120,0.140,1.831,0.137,True,True,False
12.300,dynamic_lock,True,APPROACH_TARGET_OFFSET mode=AUTO nav_goal=TARGET_INSPECTION,AUTO,0.120,0.140,1.831,0.137,True,True,False
12.300,object_goal_state,REJECT cooldown source=elevated_dynamic_target remaining_sec=3.50,APPROACH_TARGET_OFFSET mode=AUTO nav_goal=TARGET_INSPECTION,AUTO,0.120,0.140,1.831,0.137,True,True,False
12.400,sound_state,IDLE_NO_REQUEST,APPROACH_TARGET_OFFSET mode=AUTO nav_goal=TARGET_INSPECTION,AUTO,0.120,0.140,1.847,0.143,True,True,False
12.400,sound_done,False,APPROACH_TARGET_OFFSET mode=AUTO nav_goal=TARGET_INSPECTION,AUTO,0.120,0.140,1.847,0.143,True,True,False
12.400,dynamic_target,count=1 x=2.38 y=-5.30 z=3.47,APPROACH_TARGET_OFFSET mode=AUTO nav_goal=TARGET_INSPECTION,AUTO,0.120,0.140,1.847,0.143,True,True,False
12.400,dynamic_lock,True,APPROACH_TARGET_OFFSET mode=AUTO nav_goal=TARGET_INSPECTION,AUTO,0.120,0.140,1.847,0.143,True,True,False
12.400,classification,GAZEBO_FAKE_YOLO11S_CLASSIFICATION class=bird,APPROACH_TARGET_OFFSET mode=AUTO nav_goal=TARGET_INSPECTION,AUTO,0.120,0.140,1.847,0.143,True,True,False
12.400,bird_confirmed,True,APPROACH_TARGET_OFFSET mode=AUTO nav_goal=TARGET_INSPECTION,AUTO,0.120,0.140,1.847,0.143,True,True,False
12.400,mission_state,APPROACH_TARGET_OFFSET mode=AUTO nav_goal=TARGET_INSPECTION,APPROACH_TARGET_OFFSET mode=AUTO nav_goal=TARGET_INSPECTION,AUTO,0.120,0.140,1.847,0.143,True,True,False
12.400,object_goal_state,REJECT cooldown source=elevated_dynamic_target remaining_sec=3.40,APPROACH_TARGET_OFFSET mode=AUTO nav_goal=TARGET_INSPECTION,AUTO,0.120,0.140,1.847,0.143,True,True,False
12.500,classification,GAZEBO_FAKE_YOLO11S_CLASSIFICATION class=bird,APPROACH_TARGET_OFFSET mode=AUTO nav_goal=TARGET_INSPECTION,AUTO,0.120,0.139,1.865,0.149,True,True,False
12.500,bird_confirmed,True,APPROACH_TARGET_OFFSET mode=AUTO nav_goal=TARGET_INSPECTION,AUTO,0.120,0.139,1.865,0.149,True,True,False
12.600,classification,GAZEBO_FAKE_YOLO11S_CLASSIFICATION class=bird,APPROACH_TARGET_OFFSET mode=AUTO nav_goal=TARGET_INSPECTION,AUTO,0.120,0.139,1.883,0.156,True,True,False
12.600,bird_confirmed,True,APPROACH_TARGET_OFFSET mode=AUTO nav_goal=TARGET_INSPECTION,AUTO,0.120,0.139,1.883,0.156,True,True,False
12.600,mission_state,APPROACH_TARGET_OFFSET mode=AUTO nav_goal=TARGET_INSPECTION,APPROACH_TARGET_OFFSET mode=AUTO nav_goal=TARGET_INSPECTION,AUTO,0.120,0.139,1.883,0.156,True,True,False
12.600,sound_done,False,APPROACH_TARGET_OFFSET mode=AUTO nav_goal=TARGET_INSPECTION,AUTO,0.120,0.139,1.883,0.156,True,True,False
12.600,sound_state,IDLE_NO_REQUEST,APPROACH_TARGET_OFFSET mode=AUTO nav_goal=TARGET_INSPECTION,AUTO,0.120,0.139,1.883,0.156,True,True,False
12.600,dynamic_target,count=1 x=2.40 y=-5.25 z=3.48,APPROACH_TARGET_OFFSET mode=AUTO nav_goal=TARGET_INSPECTION,AUTO,0.120,0.135,1.885,0.157,True,True,False
12.600,dynamic_lock,True,APPROACH_TARGET_OFFSET mode=AUTO nav_goal=TARGET_INSPECTION,AUTO,0.120,0.135,1.885,0.157,True,True,False
12.600,object_goal_state,REJECT cooldown source=elevated_dynamic_target remaining_sec=3.20,APPROACH_TARGET_OFFSET mode=AUTO nav_goal=TARGET_INSPECTION,AUTO,0.120,0.135,1.885,0.157,True,True,False
12.600,dynamic_target,count=1 x=2.40 y=-5.25 z=3.48,APPROACH_TARGET_OFFSET mode=AUTO nav_goal=TARGET_INSPECTION,AUTO,0.120,0.135,1.885,0.157,True,True,False
12.600,dynamic_lock,True,APPROACH_TARGET_OFFSET mode=AUTO nav_goal=TARGET_INSPECTION,AUTO,0.120,0.135,1.885,0.157,True,True,False
12.600,object_goal_state,REJECT cooldown source=elevated_dynamic_target remaining_sec=3.20,APPROACH_TARGET_OFFSET mode=AUTO nav_goal=TARGET_INSPECTION,AUTO,0.120,0.135,1.885,0.157,True,True,False
12.700,bird_confirmed,True,APPROACH_TARGET_OFFSET mode=AUTO nav_goal=TARGET_INSPECTION,AUTO,0.120,0.135,1.901,0.162,True,True,False
12.700,classification,GAZEBO_FAKE_YOLO11S_CLASSIFICATION class=bird,APPROACH_TARGET_OFFSET mode=AUTO nav_goal=TARGET_INSPECTION,AUTO,0.120,0.133,1.901,0.162,True,True,False
12.800,mission_state,APPROACH_TARGET_OFFSET mode=AUTO nav_goal=TARGET_INSPECTION,APPROACH_TARGET_OFFSET mode=AUTO nav_goal=TARGET_INSPECTION,AUTO,0.120,0.133,1.919,0.169,True,True,False
12.800,classification,GAZEBO_FAKE_YOLO11S_CLASSIFICATION class=bird,APPROACH_TARGET_OFFSET mode=AUTO nav_goal=TARGET_INSPECTION,AUTO,0.120,0.133,1.919,0.169,True,True,False
12.800,bird_confirmed,True,APPROACH_TARGET_OFFSET mode=AUTO nav_goal=TARGET_INSPECTION,AUTO,0.120,0.133,1.919,0.169,True,True,False
12.800,sound_state,IDLE_NO_REQUEST,APPROACH_TARGET_OFFSET mode=AUTO nav_goal=TARGET_INSPECTION,AUTO,0.120,0.133,1.919,0.169,True,True,False
12.800,sound_done,False,APPROACH_TARGET_OFFSET mode=AUTO nav_goal=TARGET_INSPECTION,AUTO,0.120,0.133,1.919,0.169,True,True,False
12.800,dynamic_target,count=1 x=2.40 y=-5.25 z=3.48,APPROACH_TARGET_OFFSET mode=AUTO nav_goal=TARGET_INSPECTION,AUTO,0.120,0.130,1.919,0.169,True,True,False
12.800,dynamic_lock,True,APPROACH_TARGET_OFFSET mode=AUTO nav_goal=TARGET_INSPECTION,AUTO,0.120,0.130,1.919,0.169,True,True,False
12.800,object_goal_state,REJECT cooldown source=elevated_dynamic_target remaining_sec=3.00,APPROACH_TARGET_OFFSET mode=AUTO nav_goal=TARGET_INSPECTION,AUTO,0.120,0.130,1.919,0.169,True,True,False
12.900,bird_confirmed,True,APPROACH_TARGET_OFFSET mode=AUTO nav_goal=TARGET_INSPECTION,AUTO,0.120,0.130,1.937,0.176,True,True,False
12.900,classification,GAZEBO_FAKE_YOLO11S_CLASSIFICATION class=bird,APPROACH_TARGET_OFFSET mode=AUTO nav_goal=TARGET_INSPECTION,AUTO,0.120,0.128,1.937,0.176,True,True,False
12.900,dynamic_target,count=1 x=2.38 y=-5.20 z=3.48,APPROACH_TARGET_OFFSET mode=AUTO nav_goal=TARGET_INSPECTION,AUTO,0.120,0.128,1.942,0.179,True,True,False
12.900,dynamic_lock,True,APPROACH_TARGET_OFFSET mode=AUTO nav_goal=TARGET_INSPECTION,AUTO,0.120,0.128,1.942,0.179,True,True,False
12.900,object_goal_state,REJECT cooldown source=elevated_dynamic_target remaining_sec=2.90,APPROACH_TARGET_OFFSET mode=AUTO nav_goal=TARGET_INSPECTION,AUTO,0.120,0.128,1.942,0.179,True,True,False
13.000,sound_state,IDLE_NO_REQUEST,APPROACH_TARGET_OFFSET mode=AUTO nav_goal=TARGET_INSPECTION,AUTO,0.120,0.128,1.954,0.183,True,True,False
13.000,sound_done,False,APPROACH_TARGET_OFFSET mode=AUTO nav_goal=TARGET_INSPECTION,AUTO,0.120,0.128,1.954,0.183,True,True,False
13.000,classification,GAZEBO_FAKE_YOLO11S_CLASSIFICATION class=bird,APPROACH_TARGET_OFFSET mode=AUTO nav_goal=TARGET_INSPECTION,AUTO,0.120,0.124,1.954,0.183,True,True,False
13.000,bird_confirmed,True,APPROACH_TARGET_OFFSET mode=AUTO nav_goal=TARGET_INSPECTION,AUTO,0.120,0.124,1.954,0.183,True,True,False
13.000,mission_state,APPROACH_TARGET_OFFSET mode=AUTO nav_goal=TARGET_INSPECTION,APPROACH_TARGET_OFFSET mode=AUTO nav_goal=TARGET_INSPECTION,AUTO,0.120,0.124,1.954,0.183,True,True,False
13.000,dynamic_target,count=1 x=2.35 y=-5.15 z=3.48,APPROACH_TARGET_OFFSET mode=AUTO nav_goal=TARGET_INSPECTION,AUTO,0.120,0.124,1.970,0.190,True,True,False
13.000,dynamic_lock,True,APPROACH_TARGET_OFFSET mode=AUTO nav_goal=TARGET_INSPECTION,AUTO,0.120,0.124,1.970,0.190,True,True,False
13.000,object_goal_state,REJECT cooldown source=elevated_dynamic_target remaining_sec=2.80,APPROACH_TARGET_OFFSET mode=AUTO nav_goal=TARGET_INSPECTION,AUTO,0.120,0.124,1.970,0.190,True,True,False
13.000,dynamic_target,count=1 x=2.35 y=-5.15 z=3.48,APPROACH_TARGET_OFFSET mode=AUTO nav_goal=TARGET_INSPECTION,AUTO,0.120,0.124,1.970,0.190,True,True,False
13.000,dynamic_lock,True,APPROACH_TARGET_OFFSET mode=AUTO nav_goal=TARGET_INSPECTION,AUTO,0.120,0.124,1.970,0.190,True,True,False
13.000,object_goal_state,REJECT cooldown source=elevated_dynamic_target remaining_sec=2.80,APPROACH_TARGET_OFFSET mode=AUTO nav_goal=TARGET_INSPECTION,AUTO,0.120,0.124,1.970,0.190,True,True,False
13.100,bird_confirmed,True,APPROACH_TARGET_OFFSET mode=AUTO nav_goal=TARGET_INSPECTION,AUTO,0.120,0.124,1.972,0.191,True,True,False
13.100,classification,GAZEBO_FAKE_YOLO11S_CLASSIFICATION class=bird,APPROACH_TARGET_OFFSET mode=AUTO nav_goal=TARGET_INSPECTION,AUTO,0.120,0.122,1.972,0.191,True,True,False
13.100,bird_removed,REMOVED bird=bird_single removed_count=2 remaining_count=0 detected_hold_sec=5.05 tracking_hold_sec=5.05 mission_state=APPROACH_TARGET_OFFSET dynamic_lock=True sound_done_seen=False,APPROACH_TARGET_OFFSET mode=AUTO nav_goal=TARGET_INSPECTION,AUTO,0.120,0.122,1.972,0.191,True,True,False
13.100,bird_removal_state,REMOVAL_GOAL_REACHED removed_count=2 goal=2,APPROACH_TARGET_OFFSET mode=AUTO nav_goal=TARGET_INSPECTION,AUTO,0.120,0.122,1.972,0.191,True,True,False
13.200,classification,GAZEBO_FAKE_YOLO11S_CLASSIFICATION class=bird,APPROACH_TARGET_OFFSET mode=AUTO nav_goal=TARGET_INSPECTION,AUTO,0.120,0.122,1.990,0.198,True,True,False
13.200,bird_confirmed,True,APPROACH_TARGET_OFFSET mode=AUTO nav_goal=TARGET_INSPECTION,AUTO,0.120,0.122,1.990,0.198,True,True,False
13.200,sound_state,IDLE_NO_REQUEST,APPROACH_TARGET_OFFSET mode=AUTO nav_goal=TARGET_INSPECTION,AUTO,0.120,0.122,1.990,0.198,True,True,False
13.200,sound_done,False,APPROACH_TARGET_OFFSET mode=AUTO nav_goal=TARGET_INSPECTION,AUTO,0.120,0.122,1.990,0.198,True,True,False
13.200,mission_state,APPROACH_TARGET_OFFSET mode=AUTO nav_goal=TARGET_INSPECTION,APPROACH_TARGET_OFFSET mode=AUTO nav_goal=TARGET_INSPECTION,AUTO,0.120,0.119,1.990,0.198,True,True,False
13.200,dynamic_target,count=1 x=2.34 y=-5.11 z=3.48,APPROACH_TARGET_OFFSET mode=AUTO nav_goal=TARGET_INSPECTION,AUTO,0.120,0.119,1.999,0.202,True,True,False
13.200,dynamic_lock,True,APPROACH_TARGET_OFFSET mode=AUTO nav_goal=TARGET_INSPECTION,AUTO,0.120,0.119,1.999,0.202,True,True,False
13.200,object_goal_state,REJECT cooldown source=elevated_dynamic_target remaining_sec=2.60,APPROACH_TARGET_OFFSET mode=AUTO nav_goal=TARGET_INSPECTION,AUTO,0.120,0.119,1.999,0.202,True,True,False
13.200,dynamic_target,count=1 x=2.34 y=-5.11 z=3.48,APPROACH_TARGET_OFFSET mode=AUTO nav_goal=TARGET_INSPECTION,AUTO,0.120,0.119,1.999,0.202,True,True,False
13.200,dynamic_lock,True,APPROACH_TARGET_OFFSET mode=AUTO nav_goal=TARGET_INSPECTION,AUTO,0.120,0.119,1.999,0.202,True,True,False
13.200,object_goal_state,REJECT cooldown source=elevated_dynamic_target remaining_sec=2.60,APPROACH_TARGET_OFFSET mode=AUTO nav_goal=TARGET_INSPECTION,AUTO,0.120,0.119,1.999,0.202,True,True,False
13.300,classification,GAZEBO_FAKE_YOLO11S_CLASSIFICATION class=bird,APPROACH_TARGET_OFFSET mode=AUTO nav_goal=TARGET_INSPECTION,AUTO,0.120,0.119,2.008,0.205,True,True,False
13.300,bird_confirmed,True,APPROACH_TARGET_OFFSET mode=AUTO nav_goal=TARGET_INSPECTION,AUTO,0.120,0.119,2.008,0.205,True,True,False
13.400,sound_state,IDLE_NO_REQUEST,APPROACH_TARGET_OFFSET mode=AUTO nav_goal=TARGET_INSPECTION,AUTO,0.120,0.119,2.025,0.213,True,True,False
13.400,sound_done,False,APPROACH_TARGET_OFFSET mode=AUTO nav_goal=TARGET_INSPECTION,AUTO,0.120,0.119,2.025,0.213,True,True,False
13.400,bird_confirmed,True,APPROACH_TARGET_OFFSET mode=AUTO nav_goal=TARGET_INSPECTION,AUTO,0.120,0.119,2.025,0.213,True,True,False
13.400,mission_state,APPROACH_TARGET_OFFSET mode=AUTO nav_goal=TARGET_INSPECTION,APPROACH_TARGET_OFFSET mode=AUTO nav_goal=TARGET_INSPECTION,AUTO,0.120,0.119,2.025,0.213,True,True,False
13.400,classification,GAZEBO_FAKE_YOLO11S_CLASSIFICATION class=bird,APPROACH_TARGET_OFFSET mode=AUTO nav_goal=TARGET_INSPECTION,AUTO,0.120,0.119,2.025,0.213,True,True,False
13.400,dynamic_target,count=1 x=2.34 y=-5.11 z=3.48,APPROACH_TARGET_OFFSET mode=AUTO nav_goal=TARGET_INSPECTION,AUTO,0.120,0.119,2.025,0.213,True,True,False
13.400,dynamic_lock,True,APPROACH_TARGET_OFFSET mode=AUTO nav_goal=TARGET_INSPECTION,AUTO,0.120,0.119,2.025,0.213,True,True,False
13.400,object_goal_state,REJECT cooldown source=elevated_dynamic_target remaining_sec=2.40,APPROACH_TARGET_OFFSET mode=AUTO nav_goal=TARGET_INSPECTION,AUTO,0.120,0.119,2.025,0.213,True,True,False
13.500,classification,GAZEBO_FAKE_YOLO11S_CLASSIFICATION class=bird,APPROACH_TARGET_OFFSET mode=AUTO nav_goal=TARGET_INSPECTION,AUTO,0.120,0.119,2.043,0.220,True,True,False
13.500,bird_confirmed,True,APPROACH_TARGET_OFFSET mode=AUTO nav_goal=TARGET_INSPECTION,AUTO,0.120,0.119,2.043,0.220,True,True,False
13.600,mission_state,APPROACH_TARGET_OFFSET mode=AUTO nav_goal=TARGET_INSPECTION,APPROACH_TARGET_OFFSET mode=AUTO nav_goal=TARGET_INSPECTION,AUTO,0.120,0.119,2.060,0.228,True,True,False
13.600,object_goal_state,REJECT cooldown source=elevated_dynamic_target remaining_sec=2.20,APPROACH_TARGET_OFFSET mode=AUTO nav_goal=TARGET_INSPECTION,AUTO,0.120,0.119,2.060,0.228,True,True,False
13.600,dynamic_target,count=1 x=2.34 y=-5.11 z=3.48,APPROACH_TARGET_OFFSET mode=AUTO nav_goal=TARGET_INSPECTION,AUTO,0.120,0.119,2.060,0.228,True,True,False
13.600,dynamic_lock,True,APPROACH_TARGET_OFFSET mode=AUTO nav_goal=TARGET_INSPECTION,AUTO,0.120,0.119,2.060,0.228,True,True,False
13.600,classification,GAZEBO_FAKE_YOLO11S_CLASSIFICATION class=bird,APPROACH_TARGET_OFFSET mode=AUTO nav_goal=TARGET_INSPECTION,AUTO,0.120,0.119,2.060,0.228,True,True,False
13.600,bird_confirmed,True,APPROACH_TARGET_OFFSET mode=AUTO nav_goal=TARGET_INSPECTION,AUTO,0.120,0.119,2.060,0.228,True,True,False
13.600,sound_state,IDLE_NO_REQUEST,APPROACH_TARGET_OFFSET mode=AUTO nav_goal=TARGET_INSPECTION,AUTO,0.120,0.119,2.060,0.228,True,True,False
13.600,sound_done,False,APPROACH_TARGET_OFFSET mode=AUTO nav_goal=TARGET_INSPECTION,AUTO,0.120,0.119,2.060,0.228,True,True,False
13.600,mission_event,timestamp=13.600 mission_id=0 target_mission_id=1 state=APPROACH_TARGET_OFFSET event_type=SIM_NAV_GOAL_ARRIVED reason=TARGET_INSPECTION waypoint_index=1,APPROACH_TARGET_OFFSET mode=AUTO nav_goal=TARGET_INSPECTION,AUTO,0.120,0.119,2.060,0.228,True,True,False
13.600,mission_event,timestamp=13.600 mission_id=0 target_mission_id=1 state=APPROACH_TARGET_OFFSET event_type=NAV2_GOAL_SUCCEEDED reason=TARGET_INSPECTION waypoint_index=1,APPROACH_TARGET_OFFSET mode=AUTO nav_goal=TARGET_INSPECTION,AUTO,0.120,0.119,2.060,0.228,True,True,False
13.600,mission_event,timestamp=13.600 mission_id=0 target_mission_id=1 state=TARGET_REACHED event_type=STATE_CHANGE reason=previous=APPROACH_TARGET_OFFSET next=TARGET_REACHED reason=inspection_offset_goal_reached waypoint_index=1,APPROACH_TARGET_OFFSET mode=AUTO nav_goal=TARGET_INSPECTION,AUTO,0.120,0.119,2.062,0.229,True,True,False
13.700,bird_confirmed,True,APPROACH_TARGET_OFFSET mode=AUTO nav_goal=TARGET_INSPECTION,AUTO,0.120,0.122,2.078,0.235,True,True,False
13.700,classification,GAZEBO_FAKE_YOLO11S_CLASSIFICATION class=bird,APPROACH_TARGET_OFFSET mode=AUTO nav_goal=TARGET_INSPECTION,AUTO,0.120,0.122,2.078,0.235,True,True,False
13.800,mission_state,TARGET_REACHED mode=AUTO nav_goal=NONE,TARGET_REACHED mode=AUTO nav_goal=NONE,AUTO,0.120,0.122,2.095,0.243,True,True,False
13.800,bird_confirmed,True,TARGET_REACHED mode=AUTO nav_goal=NONE,AUTO,0.120,0.122,2.095,0.243,True,True,False
13.800,mission_event,timestamp=13.800 mission_id=0 target_mission_id=1 state=TARGET_REACHED event_type=CAMERA_AIM_REQUESTED reason=target_goal_reached waypoint_index=1,TARGET_REACHED mode=AUTO nav_goal=NONE,AUTO,0.120,0.122,2.095,0.243,True,True,False
13.800,classification,GAZEBO_FAKE_YOLO11S_CLASSIFICATION class=bird,TARGET_REACHED mode=AUTO nav_goal=NONE,AUTO,0.120,0.122,2.095,0.243,True,True,False
13.800,mission_event,timestamp=13.800 mission_id=0 target_mission_id=1 state=CAMERA_ALIGN_TO_TARGET event_type=STATE_CHANGE reason=previous=TARGET_REACHED next=CAMERA_ALIGN_TO_TARGET reason=target_goal_reached waypoint_index=1,TARGET_REACHED mode=AUTO nav_goal=NONE,AUTO,0.040,0.002,2.095,0.243,True,True,False
13.800,sound_state,IDLE_NO_REQUEST,TARGET_REACHED mode=AUTO nav_goal=NONE,AUTO,0.000,0.000,2.095,0.243,True,True,False
13.800,sound_done,False,TARGET_REACHED mode=AUTO nav_goal=NONE,AUTO,0.000,0.000,2.095,0.243,True,True,False
13.800,dynamic_target,count=1 x=2.34 y=-5.11 z=3.48,TARGET_REACHED mode=AUTO nav_goal=NONE,AUTO,0.000,0.000,2.104,0.247,True,True,False
13.800,dynamic_lock,True,TARGET_REACHED mode=AUTO nav_goal=NONE,AUTO,0.000,0.000,2.104,0.247,True,True,False
13.800,object_goal_state,REJECT cooldown source=elevated_dynamic_target remaining_sec=2.00,TARGET_REACHED mode=AUTO nav_goal=NONE,AUTO,0.000,0.000,2.104,0.247,True,True,False
13.900,classification,GAZEBO_FAKE_YOLO11S_CLASSIFICATION camera_alignment_requested=true class=bird,TARGET_REACHED mode=AUTO nav_goal=NONE,AUTO,0.000,0.000,2.107,0.248,True,True,False
13.900,bird_confirmed,True,TARGET_REACHED mode=AUTO nav_goal=NONE,AUTO,0.000,0.000,2.107,0.248,True,True,False
13.900,camera_alignment,CAMERA_ALIGNMENT mode=logical centered=False bearing=-1.944 tilt_cmd=-0.576 joint_publish=False,TARGET_REACHED mode=AUTO nav_goal=NONE,AUTO,0.000,0.000,2.107,0.248,True,True,False
14.000,sound_state,IDLE_NO_REQUEST,TARGET_REACHED mode=AUTO nav_goal=NONE,AUTO,0.000,0.000,2.107,0.249,True,True,False
14.000,sound_done,False,TARGET_REACHED mode=AUTO nav_goal=NONE,AUTO,0.000,0.000,2.107,0.249,True,True,False
14.000,mission_state,CAMERA_ALIGN_TO_TARGET mode=AUTO nav_goal=NONE,CAMERA_ALIGN_TO_TARGET mode=AUTO nav_goal=NONE,AUTO,0.000,0.000,2.107,0.249,True,True,False
14.000,mission_event,timestamp=14.000 mission_id=0 target_mission_id=1 state=CAMERA_ALIGN_TO_TARGET event_type=CAMERA_AIM_REQUESTED reason=aligning waypoint_index=1,CAMERA_ALIGN_TO_TARGET mode=AUTO nav_goal=NONE,AUTO,0.000,0.000,2.107,0.249,True,True,False
14.000,camera_alignment,CAMERA_ALIGNMENT mode=logical centered=False bearing=-1.944 tilt_cmd=-0.576 joint_publish=False,CAMERA_ALIGN_TO_TARGET mode=AUTO nav_goal=NONE,AUTO,0.000,0.000,2.107,0.249,True,True,False
14.000,classification,GAZEBO_FAKE_YOLO11S_CLASSIFICATION camera_alignment_requested=true class=bird,CAMERA_ALIGN_TO_TARGET mode=AUTO nav_goal=NONE,AUTO,0.000,0.000,2.107,0.249,True,True,False
14.000,bird_confirmed,True,CAMERA_ALIGN_TO_TARGET mode=AUTO nav_goal=NONE,AUTO,0.000,0.000,2.107,0.249,True,True,False
14.000,dynamic_target,count=1 x=2.34 y=-5.11 z=3.48,CAMERA_ALIGN_TO_TARGET mode=AUTO nav_goal=NONE,AUTO,0.000,0.000,2.107,0.249,True,True,False
14.000,dynamic_lock,True,CAMERA_ALIGN_TO_TARGET mode=AUTO nav_goal=NONE,AUTO,0.000,0.000,2.107,0.249,True,True,False
14.000,object_goal_state,REJECT cooldown source=elevated_dynamic_target remaining_sec=1.80,CAMERA_ALIGN_TO_TARGET mode=AUTO nav_goal=NONE,AUTO,0.000,0.000,2.107,0.249,True,True,False
14.100,camera_alignment,CAMERA_ALIGNMENT mode=logical centered=False bearing=-1.959 tilt_cmd=-0.576 joint_publish=False,CAMERA_ALIGN_TO_TARGET mode=AUTO nav_goal=NONE,AUTO,0.000,0.000,2.107,0.249,True,True,False
14.100,classification,GAZEBO_FAKE_YOLO11S_CLASSIFICATION camera_alignment_requested=true class=bird,CAMERA_ALIGN_TO_TARGET mode=AUTO nav_goal=NONE,AUTO,0.000,0.000,2.107,0.249,True,True,False
14.100,bird_confirmed,True,CAMERA_ALIGN_TO_TARGET mode=AUTO nav_goal=NONE,AUTO,0.000,0.000,2.107,0.249,True,True,False
14.200,camera_alignment,CAMERA_ALIGNMENT mode=logical centered=False bearing=-1.959 tilt_cmd=-0.576 joint_publish=False,CAMERA_ALIGN_TO_TARGET mode=AUTO nav_goal=NONE,AUTO,0.000,0.000,2.107,0.249,True,True,False
14.200,classification,GAZEBO_FAKE_YOLO11S_CLASSIFICATION camera_alignment_requested=true class=bird,CAMERA_ALIGN_TO_TARGET mode=AUTO nav_goal=NONE,AUTO,0.000,0.000,2.107,0.249,True,True,False
14.200,bird_confirmed,True,CAMERA_ALIGN_TO_TARGET mode=AUTO nav_goal=NONE,AUTO,0.000,0.000,2.107,0.249,True,True,False
14.200,mission_state,CAMERA_ALIGN_TO_TARGET mode=AUTO nav_goal=NONE,CAMERA_ALIGN_TO_TARGET mode=AUTO nav_goal=NONE,AUTO,0.000,-0.120,2.107,0.249,True,True,False
14.200,mission_event,timestamp=14.200 mission_id=0 target_mission_id=1 state=CAMERA_ALIGN_TO_TARGET event_type=CAMERA_AIM_REQUESTED reason=aligning waypoint_index=1,CAMERA_ALIGN_TO_TARGET mode=AUTO nav_goal=NONE,AUTO,0.000,-0.120,2.107,0.249,True,True,False
14.200,sound_state,IDLE_NO_REQUEST,CAMERA_ALIGN_TO_TARGET mode=AUTO nav_goal=NONE,AUTO,0.000,-0.120,2.107,0.249,True,True,False
14.200,sound_done,False,CAMERA_ALIGN_TO_TARGET mode=AUTO nav_goal=NONE,AUTO,0.000,-0.120,2.107,0.249,True,True,False
14.300,classification,GAZEBO_FAKE_YOLO11S_CLASSIFICATION camera_alignment_requested=true class=bird,CAMERA_ALIGN_TO_TARGET mode=AUTO nav_goal=NONE,AUTO,0.000,-0.240,2.108,0.249,True,True,False
14.300,bird_confirmed,True,CAMERA_ALIGN_TO_TARGET mode=AUTO nav_goal=NONE,AUTO,0.000,-0.240,2.108,0.249,True,True,False
14.300,camera_alignment,CAMERA_ALIGNMENT mode=logical centered=False bearing=-1.959 tilt_cmd=-0.576 joint_publish=False,CAMERA_ALIGN_TO_TARGET mode=AUTO nav_goal=NONE,AUTO,0.000,-0.240,2.108,0.249,True,True,False
14.400,sound_done,False,CAMERA_ALIGN_TO_TARGET mode=AUTO nav_goal=NONE,AUTO,0.000,-0.350,2.108,0.249,True,True,False
14.400,camera_alignment,CAMERA_ALIGNMENT mode=logical centered=False bearing=-1.959 tilt_cmd=-0.576 joint_publish=False,CAMERA_ALIGN_TO_TARGET mode=AUTO nav_goal=NONE,AUTO,0.000,-0.350,2.108,0.249,True,True,False
14.400,classification,GAZEBO_FAKE_YOLO11S_CLASSIFICATION camera_alignment_requested=true class=bird,CAMERA_ALIGN_TO_TARGET mode=AUTO nav_goal=NONE,AUTO,0.000,-0.350,2.108,0.249,True,True,False
14.400,bird_confirmed,True,CAMERA_ALIGN_TO_TARGET mode=AUTO nav_goal=NONE,AUTO,0.000,-0.350,2.108,0.249,True,True,False
14.400,sound_state,IDLE_NO_REQUEST,CAMERA_ALIGN_TO_TARGET mode=AUTO nav_goal=NONE,AUTO,0.000,-0.350,2.108,0.249,True,True,False
14.400,mission_state,CAMERA_ALIGN_TO_TARGET mode=AUTO nav_goal=NONE,CAMERA_ALIGN_TO_TARGET mode=AUTO nav_goal=NONE,AUTO,0.000,-0.350,2.108,0.249,True,True,False
14.400,mission_event,timestamp=14.400 mission_id=0 target_mission_id=1 state=CAMERA_ALIGN_TO_TARGET event_type=CAMERA_AIM_REQUESTED reason=aligning waypoint_index=1,CAMERA_ALIGN_TO_TARGET mode=AUTO nav_goal=NONE,AUTO,0.000,-0.350,2.108,0.249,True,True,False
14.500,camera_alignment,CAMERA_ALIGNMENT mode=logical centered=False bearing=-1.959 tilt_cmd=-0.576 joint_publish=False,CAMERA_ALIGN_TO_TARGET mode=AUTO nav_goal=NONE,AUTO,0.000,-0.350,2.108,0.248,True,True,False
14.500,classification,GAZEBO_FAKE_YOLO11S_CLASSIFICATION camera_alignment_requested=true class=bird,CAMERA_ALIGN_TO_TARGET mode=AUTO nav_goal=NONE,AUTO,0.000,-0.350,2.108,0.248,True,True,False
14.500,bird_confirmed,True,CAMERA_ALIGN_TO_TARGET mode=AUTO nav_goal=NONE,AUTO,0.000,-0.350,2.108,0.248,True,True,False
14.600,camera_alignment,CAMERA_ALIGNMENT mode=logical centered=False bearing=-1.959 tilt_cmd=-0.576 joint_publish=False,CAMERA_ALIGN_TO_TARGET mode=AUTO nav_goal=NONE,AUTO,0.000,-0.350,2.108,0.248,True,True,False
14.600,sound_state,IDLE_NO_REQUEST,CAMERA_ALIGN_TO_TARGET mode=AUTO nav_goal=NONE,AUTO,0.000,-0.350,2.108,0.248,True,True,False
14.600,sound_done,False,CAMERA_ALIGN_TO_TARGET mode=AUTO nav_goal=NONE,AUTO,0.000,-0.350,2.108,0.248,True,True,False
14.600,mission_state,CAMERA_ALIGN_TO_TARGET mode=AUTO nav_goal=NONE,CAMERA_ALIGN_TO_TARGET mode=AUTO nav_goal=NONE,AUTO,0.000,-0.350,2.108,0.248,True,True,False
14.600,mission_event,timestamp=14.600 mission_id=0 target_mission_id=1 state=CAMERA_ALIGN_TO_TARGET event_type=CAMERA_AIM_REQUESTED reason=aligning waypoint_index=1,CAMERA_ALIGN_TO_TARGET mode=AUTO nav_goal=NONE,AUTO,0.000,-0.350,2.108,0.248,True,True,False
14.600,bird_confirmed,True,CAMERA_ALIGN_TO_TARGET mode=AUTO nav_goal=NONE,AUTO,0.000,-0.350,2.108,0.248,True,True,False
14.600,classification,GAZEBO_FAKE_YOLO11S_CLASSIFICATION camera_alignment_requested=true class=bird,CAMERA_ALIGN_TO_TARGET mode=AUTO nav_goal=NONE,AUTO,0.000,-0.350,2.108,0.248,True,True,False
14.700,bird_confirmed,True,CAMERA_ALIGN_TO_TARGET mode=AUTO nav_goal=NONE,AUTO,0.000,-0.350,2.108,0.247,True,True,False
14.700,camera_alignment,CAMERA_ALIGNMENT mode=logical centered=False bearing=-1.959 tilt_cmd=-0.576 joint_publish=False,CAMERA_ALIGN_TO_TARGET mode=AUTO nav_goal=NONE,AUTO,0.000,-0.350,2.108,0.247,True,True,False
14.700,classification,GAZEBO_FAKE_YOLO11S_CLASSIFICATION camera_alignment_requested=true class=bird,CAMERA_ALIGN_TO_TARGET mode=AUTO nav_goal=NONE,AUTO,0.000,-0.350,2.108,0.247,True,True,False
14.800,mission_state,CAMERA_ALIGN_TO_TARGET mode=AUTO nav_goal=NONE,CAMERA_ALIGN_TO_TARGET mode=AUTO nav_goal=NONE,AUTO,0.000,-0.350,2.108,0.248,True,True,False
14.800,camera_alignment,CAMERA_ALIGNMENT mode=logical centered=False bearing=-1.959 tilt_cmd=-0.576 joint_publish=False,CAMERA_ALIGN_TO_TARGET mode=AUTO nav_goal=NONE,AUTO,0.000,-0.350,2.108,0.248,True,True,False
14.800,bird_confirmed,True,CAMERA_ALIGN_TO_TARGET mode=AUTO nav_goal=NONE,AUTO,0.000,-0.350,2.108,0.248,True,True,False
14.800,classification,GAZEBO_FAKE_YOLO11S_CLASSIFICATION camera_alignment_requested=true class=bird,CAMERA_ALIGN_TO_TARGET mode=AUTO nav_goal=NONE,AUTO,0.000,-0.350,2.108,0.248,True,True,False
14.800,mission_event,timestamp=14.800 mission_id=0 target_mission_id=1 state=CAMERA_ALIGN_TO_TARGET event_type=CAMERA_AIM_REQUESTED reason=aligning waypoint_index=1,CAMERA_ALIGN_TO_TARGET mode=AUTO nav_goal=NONE,AUTO,0.000,-0.350,2.108,0.248,True,True,False
14.800,sound_done,False,CAMERA_ALIGN_TO_TARGET mode=AUTO nav_goal=NONE,AUTO,0.000,-0.350,2.108,0.248,True,True,False
14.800,sound_state,IDLE_NO_REQUEST,CAMERA_ALIGN_TO_TARGET mode=AUTO nav_goal=NONE,AUTO,0.000,-0.350,2.108,0.248,True,True,False
14.900,camera_alignment,CAMERA_ALIGNMENT mode=logical centered=False bearing=-1.959 tilt_cmd=-0.576 joint_publish=False,CAMERA_ALIGN_TO_TARGET mode=AUTO nav_goal=NONE,AUTO,0.000,-0.350,2.108,0.247,True,True,False
14.900,classification,GAZEBO_FAKE_YOLO11S_CLASSIFICATION camera_alignment_requested=true class=bird,CAMERA_ALIGN_TO_TARGET mode=AUTO nav_goal=NONE,AUTO,0.000,-0.350,2.108,0.247,True,True,False
14.900,bird_confirmed,True,CAMERA_ALIGN_TO_TARGET mode=AUTO nav_goal=NONE,AUTO,0.000,-0.350,2.108,0.247,True,True,False
15.000,camera_alignment,CAMERA_ALIGNMENT mode=logical centered=False bearing=-1.959 tilt_cmd=-0.576 joint_publish=False,CAMERA_ALIGN_TO_TARGET mode=AUTO nav_goal=NONE,AUTO,0.000,-0.350,2.109,0.246,True,True,False
15.000,classification,GAZEBO_FAKE_YOLO11S_CLASSIFICATION camera_alignment_requested=true class=bird,CAMERA_ALIGN_TO_TARGET mode=AUTO nav_goal=NONE,AUTO,0.000,-0.350,2.109,0.246,True,True,False
15.000,bird_confirmed,True,CAMERA_ALIGN_TO_TARGET mode=AUTO nav_goal=NONE,AUTO,0.000,-0.350,2.109,0.246,True,True,False
15.000,sound_state,IDLE_NO_REQUEST,CAMERA_ALIGN_TO_TARGET mode=AUTO nav_goal=NONE,AUTO,0.000,-0.350,2.109,0.246,True,True,False
15.000,sound_done,False,CAMERA_ALIGN_TO_TARGET mode=AUTO nav_goal=NONE,AUTO,0.000,-0.350,2.109,0.246,True,True,False
15.000,mission_state,CAMERA_ALIGN_TO_TARGET mode=AUTO nav_goal=NONE,CAMERA_ALIGN_TO_TARGET mode=AUTO nav_goal=NONE,AUTO,0.000,-0.350,2.109,0.246,True,True,False
15.000,mission_event,timestamp=15.000 mission_id=0 target_mission_id=1 state=CAMERA_ALIGN_TO_TARGET event_type=CAMERA_AIM_REQUESTED reason=aligning waypoint_index=1,CAMERA_ALIGN_TO_TARGET mode=AUTO nav_goal=NONE,AUTO,0.000,-0.350,2.109,0.246,True,True,False
15.100,camera_alignment,CAMERA_ALIGNMENT mode=logical centered=False bearing=-1.959 tilt_cmd=-0.576 joint_publish=False,CAMERA_ALIGN_TO_TARGET mode=AUTO nav_goal=NONE,AUTO,0.000,-0.350,2.109,0.246,True,True,False
15.100,bird_confirmed,True,CAMERA_ALIGN_TO_TARGET mode=AUTO nav_goal=NONE,AUTO,0.000,-0.350,2.109,0.246,True,True,False
15.100,classification,GAZEBO_FAKE_YOLO11S_CLASSIFICATION camera_alignment_requested=true class=bird,CAMERA_ALIGN_TO_TARGET mode=AUTO nav_goal=NONE,AUTO,0.000,-0.350,2.109,0.246,True,True,False
15.200,camera_alignment,CAMERA_ALIGNMENT mode=logical centered=False bearing=-1.959 tilt_cmd=-0.576 joint_publish=False,CAMERA_ALIGN_TO_TARGET mode=AUTO nav_goal=NONE,AUTO,0.000,-0.350,2.109,0.246,True,True,False
15.200,classification,GAZEBO_FAKE_YOLO11S_CLASSIFICATION camera_alignment_requested=true class=bird,CAMERA_ALIGN_TO_TARGET mode=AUTO nav_goal=NONE,AUTO,0.000,-0.350,2.109,0.246,True,True,False
15.200,bird_confirmed,True,CAMERA_ALIGN_TO_TARGET mode=AUTO nav_goal=NONE,AUTO,0.000,-0.350,2.109,0.246,True,True,False
15.200,sound_state,IDLE_NO_REQUEST,CAMERA_ALIGN_TO_TARGET mode=AUTO nav_goal=NONE,AUTO,0.000,-0.350,2.109,0.246,True,True,False
15.200,sound_done,False,CAMERA_ALIGN_TO_TARGET mode=AUTO nav_goal=NONE,AUTO,0.000,-0.350,2.109,0.246,True,True,False
15.200,mission_state,CAMERA_ALIGN_TO_TARGET mode=AUTO nav_goal=NONE,CAMERA_ALIGN_TO_TARGET mode=AUTO nav_goal=NONE,AUTO,0.000,-0.350,2.109,0.246,True,True,False
15.200,mission_event,timestamp=15.200 mission_id=0 target_mission_id=1 state=CAMERA_ALIGN_TO_TARGET event_type=CAMERA_AIM_REQUESTED reason=aligning waypoint_index=1,CAMERA_ALIGN_TO_TARGET mode=AUTO nav_goal=NONE,AUTO,0.000,-0.350,2.109,0.246,True,True,False
15.200,dynamic_lock,False,CAMERA_ALIGN_TO_TARGET mode=AUTO nav_goal=NONE,AUTO,0.000,-0.350,2.109,0.247,False,True,False
15.300,camera_alignment,CAMERA_ALIGNMENT mode=logical centered=False bearing=-1.959 tilt_cmd=-0.576 joint_publish=False,CAMERA_ALIGN_TO_TARGET mode=AUTO nav_goal=NONE,AUTO,0.000,-0.350,2.109,0.246,False,True,False
15.300,classification,GAZEBO_FAKE_YOLO11S_CLASSIFICATION camera_alignment_requested=true class=bird,CAMERA_ALIGN_TO_TARGET mode=AUTO nav_goal=NONE,AUTO,0.000,-0.350,2.109,0.246,False,True,False
15.300,bird_confirmed,True,CAMERA_ALIGN_TO_TARGET mode=AUTO nav_goal=NONE,AUTO,0.000,-0.350,2.109,0.246,False,True,False
15.400,classification,GAZEBO_FAKE_YOLO11S_CLASSIFICATION camera_alignment_requested=true class=bird,CAMERA_ALIGN_TO_TARGET mode=AUTO nav_goal=NONE,AUTO,0.000,-0.350,2.110,0.246,False,True,False
15.400,bird_confirmed,True,CAMERA_ALIGN_TO_TARGET mode=AUTO nav_goal=NONE,AUTO,0.000,-0.350,2.110,0.246,False,True,False
15.400,sound_state,IDLE_NO_REQUEST,CAMERA_ALIGN_TO_TARGET mode=AUTO nav_goal=NONE,AUTO,0.000,-0.350,2.110,0.246,False,True,False
15.400,sound_done,False,CAMERA_ALIGN_TO_TARGET mode=AUTO nav_goal=NONE,AUTO,0.000,-0.350,2.110,0.246,False,True,False
15.400,dynamic_lock,False,CAMERA_ALIGN_TO_TARGET mode=AUTO nav_goal=NONE,AUTO,0.000,-0.350,2.110,0.246,False,True,False
15.400,camera_alignment,CAMERA_ALIGNMENT mode=logical centered=False bearing=-1.959 tilt_cmd=-0.576 joint_publish=False,CAMERA_ALIGN_TO_TARGET mode=AUTO nav_goal=NONE,AUTO,0.000,-0.350,2.110,0.246,False,True,False
15.400,mission_state,CAMERA_ALIGN_TO_TARGET mode=AUTO nav_goal=NONE,CAMERA_ALIGN_TO_TARGET mode=AUTO nav_goal=NONE,AUTO,0.000,-0.350,2.110,0.246,False,True,False
15.400,mission_event,timestamp=15.400 mission_id=0 target_mission_id=1 state=CAMERA_ALIGN_TO_TARGET event_type=CAMERA_AIM_REQUESTED reason=aligning waypoint_index=1,CAMERA_ALIGN_TO_TARGET mode=AUTO nav_goal=NONE,AUTO,0.000,-0.350,2.110,0.246,False,True,False
15.500,camera_alignment,CAMERA_ALIGNMENT mode=logical centered=False bearing=-1.959 tilt_cmd=-0.576 joint_publish=False,CAMERA_ALIGN_TO_TARGET mode=AUTO nav_goal=NONE,AUTO,0.000,-0.350,2.110,0.247,False,True,False
15.500,classification,GAZEBO_FAKE_YOLO11S_CLASSIFICATION camera_alignment_requested=true class=bird,CAMERA_ALIGN_TO_TARGET mode=AUTO nav_goal=NONE,AUTO,0.000,-0.350,2.110,0.247,False,True,False
15.500,bird_confirmed,True,CAMERA_ALIGN_TO_TARGET mode=AUTO nav_goal=NONE,AUTO,0.000,-0.350,2.110,0.247,False,True,False
15.600,camera_alignment,CAMERA_ALIGNMENT mode=logical centered=False bearing=-1.959 tilt_cmd=-0.576 joint_publish=False,CAMERA_ALIGN_TO_TARGET mode=AUTO nav_goal=NONE,AUTO,0.000,-0.350,2.110,0.246,False,True,False
15.600,classification,GAZEBO_FAKE_YOLO11S_CLASSIFICATION camera_alignment_requested=true class=bird,CAMERA_ALIGN_TO_TARGET mode=AUTO nav_goal=NONE,AUTO,0.000,-0.350,2.110,0.246,False,True,False
15.600,bird_confirmed,True,CAMERA_ALIGN_TO_TARGET mode=AUTO nav_goal=NONE,AUTO,0.000,-0.350,2.110,0.246,False,True,False
15.600,mission_state,CAMERA_ALIGN_TO_TARGET mode=AUTO nav_goal=NONE,CAMERA_ALIGN_TO_TARGET mode=AUTO nav_goal=NONE,AUTO,0.000,-0.350,2.110,0.246,False,True,False
15.600,mission_event,timestamp=15.600 mission_id=0 target_mission_id=1 state=CAMERA_ALIGN_TO_TARGET event_type=CAMERA_AIM_REQUESTED reason=aligning waypoint_index=1,CAMERA_ALIGN_TO_TARGET mode=AUTO nav_goal=NONE,AUTO,0.000,-0.350,2.110,0.246,False,True,False
15.600,sound_state,IDLE_NO_REQUEST,CAMERA_ALIGN_TO_TARGET mode=AUTO nav_goal=NONE,AUTO,0.000,-0.350,2.110,0.246,False,True,False
15.600,sound_done,False,CAMERA_ALIGN_TO_TARGET mode=AUTO nav_goal=NONE,AUTO,0.000,-0.350,2.110,0.246,False,True,False
15.600,dynamic_lock,False,CAMERA_ALIGN_TO_TARGET mode=AUTO nav_goal=NONE,AUTO,0.000,-0.350,2.110,0.246,False,True,False
15.700,classification,GAZEBO_FAKE_YOLO11S_CLASSIFICATION camera_alignment_requested=true class=bird,CAMERA_ALIGN_TO_TARGET mode=AUTO nav_goal=NONE,AUTO,0.000,-0.350,2.110,0.246,False,True,False
15.700,bird_confirmed,True,CAMERA_ALIGN_TO_TARGET mode=AUTO nav_goal=NONE,AUTO,0.000,-0.350,2.110,0.246,False,True,False
15.700,camera_alignment,CAMERA_ALIGNMENT mode=logical centered=False bearing=-1.959 tilt_cmd=-0.576 joint_publish=False,CAMERA_ALIGN_TO_TARGET mode=AUTO nav_goal=NONE,AUTO,0.000,-0.350,2.110,0.246,False,True,False
15.800,sound_done,False,CAMERA_ALIGN_TO_TARGET mode=AUTO nav_goal=NONE,AUTO,0.000,-0.350,2.111,0.246,False,True,False
15.800,camera_alignment,CAMERA_ALIGNMENT mode=logical centered=False bearing=-1.959 tilt_cmd=-0.576 joint_publish=False,CAMERA_ALIGN_TO_TARGET mode=AUTO nav_goal=NONE,AUTO,0.000,-0.350,2.111,0.246,False,True,False
15.800,classification,GAZEBO_FAKE_YOLO11S_CLASSIFICATION camera_alignment_requested=true class=bird,CAMERA_ALIGN_TO_TARGET mode=AUTO nav_goal=NONE,AUTO,0.000,-0.350,2.111,0.246,False,True,False
15.800,bird_confirmed,True,CAMERA_ALIGN_TO_TARGET mode=AUTO nav_goal=NONE,AUTO,0.000,-0.350,2.111,0.246,False,True,False
15.800,sound_state,IDLE_NO_REQUEST,CAMERA_ALIGN_TO_TARGET mode=AUTO nav_goal=NONE,AUTO,0.000,-0.350,2.111,0.246,False,True,False
15.800,mission_state,CAMERA_ALIGN_TO_TARGET mode=AUTO nav_goal=NONE,CAMERA_ALIGN_TO_TARGET mode=AUTO nav_goal=NONE,AUTO,0.000,-0.350,2.111,0.246,False,True,False
15.800,mission_event,timestamp=15.800 mission_id=0 target_mission_id=1 state=CAMERA_ALIGN_TO_TARGET event_type=CAMERA_AIM_REQUESTED reason=aligning waypoint_index=1,CAMERA_ALIGN_TO_TARGET mode=AUTO nav_goal=NONE,AUTO,0.000,-0.350,2.111,0.246,False,True,False
15.800,dynamic_lock,False,CAMERA_ALIGN_TO_TARGET mode=AUTO nav_goal=NONE,AUTO,0.000,-0.350,2.110,0.246,False,True,False
15.900,camera_alignment,CAMERA_ALIGNMENT mode=logical centered=False bearing=-1.959 tilt_cmd=-0.576 joint_publish=False,CAMERA_ALIGN_TO_TARGET mode=AUTO nav_goal=NONE,AUTO,0.000,-0.350,2.110,0.246,False,True,False
15.900,classification,GAZEBO_FAKE_YOLO11S_CLASSIFICATION camera_alignment_requested=true class=bird,CAMERA_ALIGN_TO_TARGET mode=AUTO nav_goal=NONE,AUTO,0.000,-0.350,2.110,0.246,False,True,False
15.900,bird_confirmed,True,CAMERA_ALIGN_TO_TARGET mode=AUTO nav_goal=NONE,AUTO,0.000,-0.350,2.110,0.246,False,True,False
16.000,camera_alignment,CAMERA_ALIGNMENT mode=logical centered=False bearing=-1.959 tilt_cmd=-0.576 joint_publish=False,CAMERA_ALIGN_TO_TARGET mode=AUTO nav_goal=NONE,AUTO,0.000,-0.350,2.110,0.246,False,True,False
16.000,classification,GAZEBO_FAKE_YOLO11S_CLASSIFICATION camera_alignment_requested=true class=bird,CAMERA_ALIGN_TO_TARGET mode=AUTO nav_goal=NONE,AUTO,0.000,-0.350,2.110,0.246,False,True,False
16.000,bird_confirmed,True,CAMERA_ALIGN_TO_TARGET mode=AUTO nav_goal=NONE,AUTO,0.000,-0.350,2.110,0.246,False,True,False
16.000,sound_state,IDLE_NO_REQUEST,CAMERA_ALIGN_TO_TARGET mode=AUTO nav_goal=NONE,AUTO,0.000,-0.350,2.110,0.246,False,True,False
16.000,sound_done,False,CAMERA_ALIGN_TO_TARGET mode=AUTO nav_goal=NONE,AUTO,0.000,-0.350,2.110,0.246,False,True,False
16.000,mission_state,CAMERA_ALIGN_TO_TARGET mode=AUTO nav_goal=NONE,CAMERA_ALIGN_TO_TARGET mode=AUTO nav_goal=NONE,AUTO,0.000,-0.350,2.110,0.246,False,True,False
16.000,mission_event,timestamp=16.000 mission_id=0 target_mission_id=1 state=CAMERA_ALIGN_TO_TARGET event_type=CAMERA_AIM_REQUESTED reason=aligning waypoint_index=1,CAMERA_ALIGN_TO_TARGET mode=AUTO nav_goal=NONE,AUTO,0.000,-0.350,2.110,0.246,False,True,False
16.000,dynamic_lock,False,CAMERA_ALIGN_TO_TARGET mode=AUTO nav_goal=NONE,AUTO,0.000,-0.350,2.110,0.246,False,True,False
16.100,camera_alignment,CAMERA_ALIGNMENT mode=logical centered=False bearing=-1.959 tilt_cmd=-0.576 joint_publish=False,CAMERA_ALIGN_TO_TARGET mode=AUTO nav_goal=NONE,AUTO,0.000,-0.350,2.110,0.246,False,True,False
16.100,classification,GAZEBO_FAKE_YOLO11S_CLASSIFICATION camera_alignment_requested=true class=bird,CAMERA_ALIGN_TO_TARGET mode=AUTO nav_goal=NONE,AUTO,0.000,-0.350,2.110,0.246,False,True,False
16.100,bird_confirmed,True,CAMERA_ALIGN_TO_TARGET mode=AUTO nav_goal=NONE,AUTO,0.000,-0.350,2.110,0.246,False,True,False
16.200,dynamic_lock,False,CAMERA_ALIGN_TO_TARGET mode=AUTO nav_goal=NONE,AUTO,0.000,-0.350,2.111,0.245,False,True,False
16.200,camera_alignment,CAMERA_ALIGNMENT mode=logical centered=False bearing=-1.959 tilt_cmd=-0.576 joint_publish=False,CAMERA_ALIGN_TO_TARGET mode=AUTO nav_goal=NONE,AUTO,0.000,-0.350,2.111,0.245,False,True,False
16.200,classification,GAZEBO_FAKE_YOLO11S_CLASSIFICATION camera_alignment_requested=true class=bird,CAMERA_ALIGN_TO_TARGET mode=AUTO nav_goal=NONE,AUTO,0.000,-0.350,2.111,0.245,False,True,False
16.200,bird_confirmed,True,CAMERA_ALIGN_TO_TARGET mode=AUTO nav_goal=NONE,AUTO,0.000,-0.350,2.111,0.245,False,True,False
16.200,sound_state,IDLE_NO_REQUEST,CAMERA_ALIGN_TO_TARGET mode=AUTO nav_goal=NONE,AUTO,0.000,-0.350,2.111,0.245,False,True,False
16.200,sound_done,False,CAMERA_ALIGN_TO_TARGET mode=AUTO nav_goal=NONE,AUTO,0.000,-0.350,2.111,0.245,False,True,False
16.200,mission_state,CAMERA_ALIGN_TO_TARGET mode=AUTO nav_goal=NONE,CAMERA_ALIGN_TO_TARGET mode=AUTO nav_goal=NONE,AUTO,0.000,-0.350,2.111,0.245,False,True,False
16.200,mission_event,timestamp=16.200 mission_id=0 target_mission_id=1 state=CAMERA_ALIGN_TO_TARGET event_type=CAMERA_AIM_REQUESTED reason=aligning waypoint_index=1,CAMERA_ALIGN_TO_TARGET mode=AUTO nav_goal=NONE,AUTO,0.000,-0.350,2.111,0.245,False,True,False
16.300,camera_alignment,CAMERA_ALIGNMENT mode=logical centered=False bearing=-1.959 tilt_cmd=-0.576 joint_publish=False,CAMERA_ALIGN_TO_TARGET mode=AUTO nav_goal=NONE,AUTO,0.000,-0.350,2.111,0.245,False,True,False
16.300,classification,GAZEBO_FAKE_YOLO11S_CLASSIFICATION camera_alignment_requested=true class=bird,CAMERA_ALIGN_TO_TARGET mode=AUTO nav_goal=NONE,AUTO,0.000,-0.350,2.111,0.245,False,True,False
16.300,bird_confirmed,True,CAMERA_ALIGN_TO_TARGET mode=AUTO nav_goal=NONE,AUTO,0.000,-0.350,2.111,0.245,False,True,False
16.400,sound_done,False,CAMERA_ALIGN_TO_TARGET mode=AUTO nav_goal=NONE,AUTO,0.000,-0.350,2.111,0.246,False,True,False
16.400,mission_state,CAMERA_ALIGN_TO_TARGET mode=AUTO nav_goal=NONE,CAMERA_ALIGN_TO_TARGET mode=AUTO nav_goal=NONE,AUTO,0.000,-0.350,2.111,0.246,False,True,False
16.400,mission_event,timestamp=16.400 mission_id=0 target_mission_id=1 state=CAMERA_ALIGN_TO_TARGET event_type=CAMERA_AIM_REQUESTED reason=aligning waypoint_index=1,CAMERA_ALIGN_TO_TARGET mode=AUTO nav_goal=NONE,AUTO,0.000,-0.350,2.111,0.246,False,True,False
16.400,sound_state,IDLE_NO_REQUEST,CAMERA_ALIGN_TO_TARGET mode=AUTO nav_goal=NONE,AUTO,0.000,-0.350,2.111,0.246,False,True,False
16.400,bird_confirmed,True,CAMERA_ALIGN_TO_TARGET mode=AUTO nav_goal=NONE,AUTO,0.000,-0.350,2.111,0.246,False,True,False
16.400,camera_alignment,CAMERA_ALIGNMENT mode=logical centered=False bearing=-1.959 tilt_cmd=-0.576 joint_publish=False,CAMERA_ALIGN_TO_TARGET mode=AUTO nav_goal=NONE,AUTO,0.000,-0.350,2.111,0.246,False,True,False
16.400,classification,GAZEBO_FAKE_YOLO11S_CLASSIFICATION camera_alignment_requested=true class=bird,CAMERA_ALIGN_TO_TARGET mode=AUTO nav_goal=NONE,AUTO,0.000,-0.350,2.111,0.246,False,True,False
16.400,dynamic_lock,False,CAMERA_ALIGN_TO_TARGET mode=AUTO nav_goal=NONE,AUTO,0.000,-0.350,2.111,0.245,False,True,False
16.500,classification,GAZEBO_FAKE_YOLO11S_CLASSIFICATION camera_alignment_requested=true class=bird,CAMERA_ALIGN_TO_TARGET mode=AUTO nav_goal=NONE,AUTO,0.000,-0.350,2.111,0.245,False,True,False
16.500,bird_confirmed,True,CAMERA_ALIGN_TO_TARGET mode=AUTO nav_goal=NONE,AUTO,0.000,-0.350,2.111,0.245,False,True,False
16.500,camera_alignment,CAMERA_ALIGNMENT mode=logical centered=False bearing=-1.959 tilt_cmd=-0.576 joint_publish=False,CAMERA_ALIGN_TO_TARGET mode=AUTO nav_goal=NONE,AUTO,0.000,-0.350,2.111,0.245,False,True,False
16.600,bird_confirmed,True,CAMERA_ALIGN_TO_TARGET mode=AUTO nav_goal=NONE,AUTO,0.000,-0.350,2.111,0.245,False,True,False
16.600,mission_state,CAMERA_ALIGN_TO_TARGET mode=AUTO nav_goal=NONE,CAMERA_ALIGN_TO_TARGET mode=AUTO nav_goal=NONE,AUTO,0.000,-0.350,2.111,0.245,False,True,False
16.600,camera_alignment,CAMERA_ALIGNMENT mode=logical centered=False bearing=-1.959 tilt_cmd=-0.576 joint_publish=False,CAMERA_ALIGN_TO_TARGET mode=AUTO nav_goal=NONE,AUTO,0.000,-0.350,2.111,0.245,False,True,False
16.600,classification,GAZEBO_FAKE_YOLO11S_CLASSIFICATION camera_alignment_requested=true class=bird,CAMERA_ALIGN_TO_TARGET mode=AUTO nav_goal=NONE,AUTO,0.000,-0.350,2.111,0.245,False,True,False
16.600,sound_state,IDLE_NO_REQUEST,CAMERA_ALIGN_TO_TARGET mode=AUTO nav_goal=NONE,AUTO,0.000,-0.350,2.111,0.245,False,True,False
16.600,sound_done,False,CAMERA_ALIGN_TO_TARGET mode=AUTO nav_goal=NONE,AUTO,0.000,-0.350,2.111,0.245,False,True,False
16.600,mission_event,timestamp=16.600 mission_id=0 target_mission_id=1 state=CAMERA_ALIGN_TO_TARGET event_type=CAMERA_AIM_REQUESTED reason=aligning waypoint_index=1,CAMERA_ALIGN_TO_TARGET mode=AUTO nav_goal=NONE,AUTO,0.000,-0.350,2.111,0.245,False,True,False
16.600,dynamic_lock,False,CAMERA_ALIGN_TO_TARGET mode=AUTO nav_goal=NONE,AUTO,0.000,-0.350,2.110,0.245,False,True,False
16.700,camera_alignment,CAMERA_ALIGNMENT mode=logical centered=False bearing=-1.959 tilt_cmd=-0.576 joint_publish=False,CAMERA_ALIGN_TO_TARGET mode=AUTO nav_goal=NONE,AUTO,0.000,-0.350,2.110,0.245,False,True,False
16.700,bird_confirmed,True,CAMERA_ALIGN_TO_TARGET mode=AUTO nav_goal=NONE,AUTO,0.000,-0.350,2.110,0.245,False,True,False
16.700,classification,GAZEBO_FAKE_YOLO11S_CLASSIFICATION camera_alignment_requested=true class=bird,CAMERA_ALIGN_TO_TARGET mode=AUTO nav_goal=NONE,AUTO,0.000,-0.350,2.110,0.245,False,True,False
16.800,classification,GAZEBO_FAKE_YOLO11S_CLASSIFICATION camera_alignment_requested=true class=bird,CAMERA_ALIGN_TO_TARGET mode=AUTO nav_goal=NONE,AUTO,0.000,-0.350,2.110,0.246,False,True,False
16.800,bird_confirmed,True,CAMERA_ALIGN_TO_TARGET mode=AUTO nav_goal=NONE,AUTO,0.000,-0.350,2.110,0.246,False,True,False
16.800,sound_done,False,CAMERA_ALIGN_TO_TARGET mode=AUTO nav_goal=NONE,AUTO,0.000,-0.350,2.110,0.246,False,True,False
16.800,mission_state,CAMERA_ALIGN_TO_TARGET mode=AUTO nav_goal=NONE,CAMERA_ALIGN_TO_TARGET mode=AUTO nav_goal=NONE,AUTO,0.000,-0.350,2.110,0.246,False,True,False
16.800,mission_event,timestamp=16.800 mission_id=0 target_mission_id=1 state=CAMERA_ALIGN_TO_TARGET event_type=CAMERA_AIM_REQUESTED reason=aligning waypoint_index=1,CAMERA_ALIGN_TO_TARGET mode=AUTO nav_goal=NONE,AUTO,0.000,-0.350,2.110,0.246,False,True,False
16.800,dynamic_lock,False,CAMERA_ALIGN_TO_TARGET mode=AUTO nav_goal=NONE,AUTO,0.000,-0.350,2.110,0.246,False,True,False
16.800,camera_alignment,CAMERA_ALIGNMENT mode=logical centered=False bearing=-1.959 tilt_cmd=-0.576 joint_publish=False,CAMERA_ALIGN_TO_TARGET mode=AUTO nav_goal=NONE,AUTO,0.000,-0.350,2.110,0.246,False,True,False
16.800,sound_state,IDLE_NO_REQUEST,CAMERA_ALIGN_TO_TARGET mode=AUTO nav_goal=NONE,AUTO,0.000,-0.350,2.110,0.246,False,True,False
16.900,camera_alignment,CAMERA_ALIGNMENT mode=logical centered=False bearing=-1.959 tilt_cmd=-0.576 joint_publish=False,CAMERA_ALIGN_TO_TARGET mode=AUTO nav_goal=NONE,AUTO,0.000,-0.350,2.110,0.245,False,True,False
16.900,classification,GAZEBO_FAKE_YOLO11S_CLASSIFICATION camera_alignment_requested=true class=bird,CAMERA_ALIGN_TO_TARGET mode=AUTO nav_goal=NONE,AUTO,0.000,-0.350,2.110,0.245,False,True,False
16.900,bird_confirmed,True,CAMERA_ALIGN_TO_TARGET mode=AUTO nav_goal=NONE,AUTO,0.000,-0.350,2.110,0.245,False,True,False
17.000,mission_state,CAMERA_ALIGN_TO_TARGET mode=AUTO nav_goal=NONE,CAMERA_ALIGN_TO_TARGET mode=AUTO nav_goal=NONE,AUTO,0.000,-0.350,2.110,0.245,False,True,False
17.000,mission_event,timestamp=17.000 mission_id=0 target_mission_id=1 state=CAMERA_ALIGN_TO_TARGET event_type=CAMERA_AIM_REQUESTED reason=aligning waypoint_index=1,CAMERA_ALIGN_TO_TARGET mode=AUTO nav_goal=NONE,AUTO,0.000,-0.350,2.110,0.245,False,True,False
17.000,camera_alignment,CAMERA_ALIGNMENT mode=logical centered=False bearing=-1.959 tilt_cmd=-0.576 joint_publish=False,CAMERA_ALIGN_TO_TARGET mode=AUTO nav_goal=NONE,AUTO,0.000,-0.350,2.110,0.245,False,True,False
17.000,classification,GAZEBO_FAKE_YOLO11S_CLASSIFICATION camera_alignment_requested=true class=bird,CAMERA_ALIGN_TO_TARGET mode=AUTO nav_goal=NONE,AUTO,0.000,-0.350,2.110,0.245,False,True,False
17.000,bird_confirmed,True,CAMERA_ALIGN_TO_TARGET mode=AUTO nav_goal=NONE,AUTO,0.000,-0.350,2.110,0.245,False,True,False
17.000,dynamic_lock,False,CAMERA_ALIGN_TO_TARGET mode=AUTO nav_goal=NONE,AUTO,0.000,-0.350,2.110,0.245,False,True,False
17.000,sound_state,IDLE_NO_REQUEST,CAMERA_ALIGN_TO_TARGET mode=AUTO nav_goal=NONE,AUTO,0.000,-0.350,2.110,0.245,False,True,False
17.000,sound_done,False,CAMERA_ALIGN_TO_TARGET mode=AUTO nav_goal=NONE,AUTO,0.000,-0.350,2.110,0.245,False,True,False
17.100,classification,GAZEBO_FAKE_YOLO11S_CLASSIFICATION camera_alignment_requested=true class=bird,CAMERA_ALIGN_TO_TARGET mode=AUTO nav_goal=NONE,AUTO,0.000,-0.350,2.110,0.245,False,True,False
17.100,bird_confirmed,True,CAMERA_ALIGN_TO_TARGET mode=AUTO nav_goal=NONE,AUTO,0.000,-0.350,2.110,0.245,False,True,False
17.100,camera_alignment,CAMERA_ALIGNMENT mode=logical centered=False bearing=-1.959 tilt_cmd=-0.576 joint_publish=False,CAMERA_ALIGN_TO_TARGET mode=AUTO nav_goal=NONE,AUTO,0.000,-0.350,2.110,0.245,False,True,False
17.200,camera_alignment,CAMERA_ALIGNMENT mode=logical centered=False bearing=-1.959 tilt_cmd=-0.576 joint_publish=False,CAMERA_ALIGN_TO_TARGET mode=AUTO nav_goal=NONE,AUTO,0.000,-0.350,2.109,0.244,False,True,False
17.200,classification,GAZEBO_FAKE_YOLO11S_CLASSIFICATION camera_alignment_requested=true class=bird,CAMERA_ALIGN_TO_TARGET mode=AUTO nav_goal=NONE,AUTO,0.000,-0.350,2.109,0.244,False,True,False
17.200,bird_confirmed,True,CAMERA_ALIGN_TO_TARGET mode=AUTO nav_goal=NONE,AUTO,0.000,-0.350,2.109,0.244,False,True,False
17.200,sound_state,IDLE_NO_REQUEST,CAMERA_ALIGN_TO_TARGET mode=AUTO nav_goal=NONE,AUTO,0.000,-0.350,2.109,0.244,False,True,False
17.200,sound_done,False,CAMERA_ALIGN_TO_TARGET mode=AUTO nav_goal=NONE,AUTO,0.000,-0.350,2.109,0.244,False,True,False
17.200,mission_state,CAMERA_ALIGN_TO_TARGET mode=AUTO nav_goal=NONE,CAMERA_ALIGN_TO_TARGET mode=AUTO nav_goal=NONE,AUTO,0.000,-0.350,2.109,0.244,False,True,False
17.200,mission_event,timestamp=17.200 mission_id=0 target_mission_id=1 state=CAMERA_ALIGN_TO_TARGET event_type=CAMERA_AIM_REQUESTED reason=aligning waypoint_index=1,CAMERA_ALIGN_TO_TARGET mode=AUTO nav_goal=NONE,AUTO,0.000,-0.350,2.109,0.244,False,True,False
17.200,dynamic_lock,False,CAMERA_ALIGN_TO_TARGET mode=AUTO nav_goal=NONE,AUTO,0.000,-0.350,2.109,0.244,False,True,False
17.300,classification,GAZEBO_FAKE_YOLO11S_CLASSIFICATION camera_alignment_requested=true class=bird,CAMERA_ALIGN_TO_TARGET mode=AUTO nav_goal=NONE,AUTO,0.000,-0.350,2.109,0.244,False,True,False
17.300,bird_confirmed,True,CAMERA_ALIGN_TO_TARGET mode=AUTO nav_goal=NONE,AUTO,0.000,-0.350,2.109,0.244,False,True,False
17.300,camera_alignment,CAMERA_ALIGNMENT mode=logical centered=False bearing=-1.959 tilt_cmd=-0.576 joint_publish=False,CAMERA_ALIGN_TO_TARGET mode=AUTO nav_goal=NONE,AUTO,0.000,-0.350,2.109,0.244,False,True,False
17.400,mission_state,CAMERA_ALIGN_TO_TARGET mode=AUTO nav_goal=NONE,CAMERA_ALIGN_TO_TARGET mode=AUTO nav_goal=NONE,AUTO,0.000,-0.350,2.109,0.243,False,True,False
17.400,camera_alignment,CAMERA_ALIGNMENT mode=logical centered=False bearing=-1.959 tilt_cmd=-0.576 joint_publish=False,CAMERA_ALIGN_TO_TARGET mode=AUTO nav_goal=NONE,AUTO,0.000,-0.350,2.109,0.243,False,True,False
17.400,sound_state,IDLE_NO_REQUEST,CAMERA_ALIGN_TO_TARGET mode=AUTO nav_goal=NONE,AUTO,0.000,-0.350,2.109,0.243,False,True,False
17.400,sound_done,False,CAMERA_ALIGN_TO_TARGET mode=AUTO nav_goal=NONE,AUTO,0.000,-0.350,2.109,0.243,False,True,False
17.400,mission_event,timestamp=17.400 mission_id=0 target_mission_id=1 state=CAMERA_ALIGN_TO_TARGET event_type=CAMERA_AIM_REQUESTED reason=aligning waypoint_index=1,CAMERA_ALIGN_TO_TARGET mode=AUTO nav_goal=NONE,AUTO,0.000,-0.350,2.109,0.243,False,True,False
17.400,classification,GAZEBO_FAKE_YOLO11S_CLASSIFICATION camera_alignment_requested=true class=bird,CAMERA_ALIGN_TO_TARGET mode=AUTO nav_goal=NONE,AUTO,0.000,-0.350,2.109,0.243,False,True,False
17.400,bird_confirmed,True,CAMERA_ALIGN_TO_TARGET mode=AUTO nav_goal=NONE,AUTO,0.000,-0.350,2.109,0.243,False,True,False
17.400,dynamic_lock,False,CAMERA_ALIGN_TO_TARGET mode=AUTO nav_goal=NONE,AUTO,0.000,-0.350,2.109,0.244,False,True,False
17.500,camera_alignment,CAMERA_ALIGNMENT mode=logical centered=False bearing=-1.959 tilt_cmd=-0.576 joint_publish=False,CAMERA_ALIGN_TO_TARGET mode=AUTO nav_goal=NONE,AUTO,0.000,-0.350,2.110,0.244,False,True,False
17.500,bird_confirmed,True,CAMERA_ALIGN_TO_TARGET mode=AUTO nav_goal=NONE,AUTO,0.000,-0.350,2.110,0.244,False,True,False
17.500,classification,GAZEBO_FAKE_YOLO11S_CLASSIFICATION camera_alignment_requested=true class=bird,CAMERA_ALIGN_TO_TARGET mode=AUTO nav_goal=NONE,AUTO,0.000,-0.350,2.110,0.244,False,True,False
17.600,dynamic_lock,False,CAMERA_ALIGN_TO_TARGET mode=AUTO nav_goal=NONE,AUTO,0.000,-0.350,2.109,0.243,False,True,False
17.600,sound_done,False,CAMERA_ALIGN_TO_TARGET mode=AUTO nav_goal=NONE,AUTO,0.000,-0.350,2.109,0.243,False,True,False
17.600,sound_state,IDLE_NO_REQUEST,CAMERA_ALIGN_TO_TARGET mode=AUTO nav_goal=NONE,AUTO,0.000,-0.350,2.109,0.243,False,True,False
17.600,mission_state,CAMERA_ALIGN_TO_TARGET mode=AUTO nav_goal=NONE,CAMERA_ALIGN_TO_TARGET mode=AUTO nav_goal=NONE,AUTO,0.000,-0.350,2.109,0.243,False,True,False
17.600,camera_alignment,CAMERA_ALIGNMENT mode=logical centered=False bearing=-1.959 tilt_cmd=-0.576 joint_publish=False,CAMERA_ALIGN_TO_TARGET mode=AUTO nav_goal=NONE,AUTO,0.000,-0.350,2.109,0.243,False,True,False
17.600,bird_confirmed,True,CAMERA_ALIGN_TO_TARGET mode=AUTO nav_goal=NONE,AUTO,0.000,-0.350,2.109,0.243,False,True,False
17.600,mission_event,timestamp=17.600 mission_id=0 target_mission_id=1 state=CAMERA_ALIGN_TO_TARGET event_type=CAMERA_AIM_REQUESTED reason=aligning waypoint_index=1,CAMERA_ALIGN_TO_TARGET mode=AUTO nav_goal=NONE,AUTO,0.000,-0.350,2.109,0.243,False,True,False
17.600,classification,GAZEBO_FAKE_YOLO11S_CLASSIFICATION camera_alignment_requested=true class=bird,CAMERA_ALIGN_TO_TARGET mode=AUTO nav_goal=NONE,AUTO,0.000,-0.350,2.109,0.243,False,True,False
17.700,bird_confirmed,True,CAMERA_ALIGN_TO_TARGET mode=AUTO nav_goal=NONE,AUTO,0.000,-0.350,2.109,0.243,False,True,False
17.700,classification,GAZEBO_FAKE_YOLO11S_CLASSIFICATION camera_alignment_requested=true class=bird,CAMERA_ALIGN_TO_TARGET mode=AUTO nav_goal=NONE,AUTO,0.000,-0.350,2.109,0.243,False,True,False
17.700,camera_alignment,CAMERA_ALIGNMENT mode=logical centered=False bearing=-1.959 tilt_cmd=-0.576 joint_publish=False,CAMERA_ALIGN_TO_TARGET mode=AUTO nav_goal=NONE,AUTO,0.000,-0.350,2.109,0.243,False,True,False
17.800,mission_state,CAMERA_ALIGN_TO_TARGET mode=AUTO nav_goal=NONE,CAMERA_ALIGN_TO_TARGET mode=AUTO nav_goal=NONE,AUTO,0.000,-0.350,2.110,0.243,False,True,False
17.800,camera_alignment,CAMERA_ALIGNMENT mode=logical centered=False bearing=-1.959 tilt_cmd=-0.576 joint_publish=False,CAMERA_ALIGN_TO_TARGET mode=AUTO nav_goal=NONE,AUTO,0.000,-0.350,2.110,0.243,False,True,False
17.800,classification,GAZEBO_FAKE_YOLO11S_CLASSIFICATION camera_alignment_requested=true class=bird,CAMERA_ALIGN_TO_TARGET mode=AUTO nav_goal=NONE,AUTO,0.000,-0.350,2.110,0.243,False,True,False
17.800,bird_confirmed,True,CAMERA_ALIGN_TO_TARGET mode=AUTO nav_goal=NONE,AUTO,0.000,-0.350,2.110,0.243,False,True,False
17.800,mission_event,timestamp=17.800 mission_id=0 target_mission_id=1 state=CAMERA_ALIGN_TO_TARGET event_type=CAMERA_AIM_REQUESTED reason=aligning waypoint_index=1,CAMERA_ALIGN_TO_TARGET mode=AUTO nav_goal=NONE,AUTO,0.000,-0.350,2.110,0.243,False,True,False
17.800,sound_done,False,CAMERA_ALIGN_TO_TARGET mode=AUTO nav_goal=NONE,AUTO,0.000,-0.350,2.110,0.243,False,True,False
17.800,dynamic_lock,False,CAMERA_ALIGN_TO_TARGET mode=AUTO nav_goal=NONE,AUTO,0.000,-0.350,2.110,0.243,False,True,False
17.800,sound_state,IDLE_NO_REQUEST,CAMERA_ALIGN_TO_TARGET mode=AUTO nav_goal=NONE,AUTO,0.000,-0.350,2.110,0.243,False,True,False
17.900,camera_alignment,CAMERA_ALIGNMENT mode=logical centered=False bearing=-1.959 tilt_cmd=-0.576 joint_publish=False,CAMERA_ALIGN_TO_TARGET mode=AUTO nav_goal=NONE,AUTO,0.000,-0.350,2.110,0.242,False,True,False
17.900,classification,GAZEBO_FAKE_YOLO11S_CLASSIFICATION camera_alignment_requested=true class=bird,CAMERA_ALIGN_TO_TARGET mode=AUTO nav_goal=NONE,AUTO,0.000,-0.350,2.110,0.242,False,True,False
17.900,bird_confirmed,True,CAMERA_ALIGN_TO_TARGET mode=AUTO nav_goal=NONE,AUTO,0.000,-0.350,2.110,0.242,False,True,False
18.000,bird_confirmed,True,CAMERA_ALIGN_TO_TARGET mode=AUTO nav_goal=NONE,AUTO,0.000,-0.350,2.110,0.240,False,True,False
18.000,sound_done,False,CAMERA_ALIGN_TO_TARGET mode=AUTO nav_goal=NONE,AUTO,0.000,-0.350,2.110,0.240,False,True,False
18.000,mission_state,CAMERA_ALIGN_TO_TARGET mode=AUTO nav_goal=NONE,CAMERA_ALIGN_TO_TARGET mode=AUTO nav_goal=NONE,AUTO,0.000,-0.350,2.110,0.240,False,True,False
18.000,mission_event,timestamp=18.000 mission_id=0 target_mission_id=1 state=CAMERA_ALIGN_TO_TARGET event_type=CAMERA_AIM_REQUESTED reason=aligning waypoint_index=1,CAMERA_ALIGN_TO_TARGET mode=AUTO nav_goal=NONE,AUTO,0.000,-0.350,2.110,0.240,False,True,False
18.000,camera_alignment,CAMERA_ALIGNMENT mode=logical centered=False bearing=-1.959 tilt_cmd=-0.576 joint_publish=False,CAMERA_ALIGN_TO_TARGET mode=AUTO nav_goal=NONE,AUTO,0.000,-0.350,2.110,0.240,False,True,False
18.000,classification,GAZEBO_FAKE_YOLO11S_CLASSIFICATION camera_alignment_requested=true class=bird,CAMERA_ALIGN_TO_TARGET mode=AUTO nav_goal=NONE,AUTO,0.000,-0.350,2.110,0.240,False,True,False
18.000,sound_state,IDLE_NO_REQUEST,CAMERA_ALIGN_TO_TARGET mode=AUTO nav_goal=NONE,AUTO,0.000,-0.350,2.110,0.240,False,True,False
18.000,dynamic_lock,False,CAMERA_ALIGN_TO_TARGET mode=AUTO nav_goal=NONE,AUTO,0.000,-0.350,2.110,0.240,False,True,False
18.100,camera_alignment,CAMERA_ALIGNMENT mode=logical centered=False bearing=-1.959 tilt_cmd=-0.576 joint_publish=False,CAMERA_ALIGN_TO_TARGET mode=AUTO nav_goal=NONE,AUTO,0.000,-0.350,2.111,0.240,False,True,False
18.100,classification,GAZEBO_FAKE_YOLO11S_CLASSIFICATION camera_alignment_requested=true class=bird,CAMERA_ALIGN_TO_TARGET mode=AUTO nav_goal=NONE,AUTO,0.000,-0.350,2.111,0.240,False,True,False
18.100,bird_confirmed,True,CAMERA_ALIGN_TO_TARGET mode=AUTO nav_goal=NONE,AUTO,0.000,-0.350,2.111,0.240,False,True,False
18.200,camera_alignment,CAMERA_ALIGNMENT mode=logical centered=False bearing=-1.959 tilt_cmd=-0.576 joint_publish=False,CAMERA_ALIGN_TO_TARGET mode=AUTO nav_goal=NONE,AUTO,0.000,-0.350,2.111,0.240,False,True,False
18.200,sound_state,IDLE_NO_REQUEST,CAMERA_ALIGN_TO_TARGET mode=AUTO nav_goal=NONE,AUTO,0.000,-0.350,2.111,0.240,False,True,False
18.200,sound_done,False,CAMERA_ALIGN_TO_TARGET mode=AUTO nav_goal=NONE,AUTO,0.000,-0.350,2.111,0.240,False,True,False
18.200,classification,GAZEBO_FAKE_YOLO11S_CLASSIFICATION camera_alignment_requested=true class=bird,CAMERA_ALIGN_TO_TARGET mode=AUTO nav_goal=NONE,AUTO,0.000,-0.350,2.111,0.240,False,True,False
18.200,bird_confirmed,True,CAMERA_ALIGN_TO_TARGET mode=AUTO nav_goal=NONE,AUTO,0.000,-0.350,2.111,0.240,False,True,False
18.200,mission_state,CAMERA_ALIGN_TO_TARGET mode=AUTO nav_goal=NONE,CAMERA_ALIGN_TO_TARGET mode=AUTO nav_goal=NONE,AUTO,0.000,-0.350,2.111,0.240,False,True,False
18.200,mission_event,timestamp=18.200 mission_id=0 target_mission_id=1 state=CAMERA_ALIGN_TO_TARGET event_type=CAMERA_AIM_REQUESTED reason=aligning waypoint_index=1,CAMERA_ALIGN_TO_TARGET mode=AUTO nav_goal=NONE,AUTO,0.000,-0.350,2.111,0.240,False,True,False
18.200,dynamic_lock,False,CAMERA_ALIGN_TO_TARGET mode=AUTO nav_goal=NONE,AUTO,0.000,-0.350,2.111,0.240,False,True,False
18.300,camera_alignment,CAMERA_ALIGNMENT mode=logical centered=False bearing=-1.959 tilt_cmd=-0.576 joint_publish=False,CAMERA_ALIGN_TO_TARGET mode=AUTO nav_goal=NONE,AUTO,0.000,-0.350,2.111,0.239,False,True,False
18.300,bird_confirmed,True,CAMERA_ALIGN_TO_TARGET mode=AUTO nav_goal=NONE,AUTO,0.000,-0.350,2.111,0.239,False,True,False
18.300,classification,GAZEBO_FAKE_YOLO11S_CLASSIFICATION camera_alignment_requested=true class=bird,CAMERA_ALIGN_TO_TARGET mode=AUTO nav_goal=NONE,AUTO,0.000,-0.350,2.111,0.239,False,True,False
18.400,bird_confirmed,True,CAMERA_ALIGN_TO_TARGET mode=AUTO nav_goal=NONE,AUTO,0.000,-0.350,2.111,0.239,False,True,False
18.400,mission_state,CAMERA_ALIGN_TO_TARGET mode=AUTO nav_goal=NONE,CAMERA_ALIGN_TO_TARGET mode=AUTO nav_goal=NONE,AUTO,0.000,-0.350,2.111,0.239,False,True,False
18.400,mission_event,timestamp=18.400 mission_id=0 target_mission_id=1 state=CAMERA_ALIGN_TO_TARGET event_type=CAMERA_AIM_REQUESTED reason=aligning waypoint_index=1,CAMERA_ALIGN_TO_TARGET mode=AUTO nav_goal=NONE,AUTO,0.000,-0.350,2.111,0.239,False,True,False
18.400,camera_alignment,CAMERA_ALIGNMENT mode=logical centered=False bearing=-1.959 tilt_cmd=-0.576 joint_publish=False,CAMERA_ALIGN_TO_TARGET mode=AUTO nav_goal=NONE,AUTO,0.000,-0.350,2.111,0.239,False,True,False
18.400,classification,GAZEBO_FAKE_YOLO11S_CLASSIFICATION camera_alignment_requested=true class=bird,CAMERA_ALIGN_TO_TARGET mode=AUTO nav_goal=NONE,AUTO,0.000,-0.350,2.111,0.239,False,True,False
18.400,sound_state,IDLE_NO_REQUEST,CAMERA_ALIGN_TO_TARGET mode=AUTO nav_goal=NONE,AUTO,0.000,-0.350,2.111,0.239,False,True,False
18.400,sound_done,False,CAMERA_ALIGN_TO_TARGET mode=AUTO nav_goal=NONE,AUTO,0.000,-0.350,2.111,0.239,False,True,False
18.400,dynamic_lock,False,CAMERA_ALIGN_TO_TARGET mode=AUTO nav_goal=NONE,AUTO,0.000,-0.350,2.111,0.239,False,True,False
18.500,bird_confirmed,True,CAMERA_ALIGN_TO_TARGET mode=AUTO nav_goal=NONE,AUTO,0.000,-0.350,2.111,0.240,False,True,False
18.500,classification,GAZEBO_FAKE_YOLO11S_CLASSIFICATION camera_alignment_requested=true class=bird,CAMERA_ALIGN_TO_TARGET mode=AUTO nav_goal=NONE,AUTO,0.000,-0.350,2.111,0.240,False,True,False
18.500,camera_alignment,CAMERA_ALIGNMENT mode=logical centered=False bearing=-1.959 tilt_cmd=-0.576 joint_publish=False,CAMERA_ALIGN_TO_TARGET mode=AUTO nav_goal=NONE,AUTO,0.000,-0.350,2.111,0.240,False,True,False
18.600,dynamic_lock,False,CAMERA_ALIGN_TO_TARGET mode=AUTO nav_goal=NONE,AUTO,0.000,-0.350,2.111,0.239,False,True,False
18.600,camera_alignment,CAMERA_ALIGNMENT mode=logical centered=False bearing=-1.959 tilt_cmd=-0.576 joint_publish=False,CAMERA_ALIGN_TO_TARGET mode=AUTO nav_goal=NONE,AUTO,0.000,-0.350,2.111,0.239,False,True,False
18.600,classification,GAZEBO_FAKE_YOLO11S_CLASSIFICATION camera_alignment_requested=true class=bird,CAMERA_ALIGN_TO_TARGET mode=AUTO nav_goal=NONE,AUTO,0.000,-0.350,2.111,0.239,False,True,False
18.600,bird_confirmed,True,CAMERA_ALIGN_TO_TARGET mode=AUTO nav_goal=NONE,AUTO,0.000,-0.350,2.111,0.239,False,True,False
18.600,sound_state,IDLE_NO_REQUEST,CAMERA_ALIGN_TO_TARGET mode=AUTO nav_goal=NONE,AUTO,0.000,-0.350,2.111,0.239,False,True,False
18.600,sound_done,False,CAMERA_ALIGN_TO_TARGET mode=AUTO nav_goal=NONE,AUTO,0.000,-0.350,2.111,0.239,False,True,False
18.600,mission_state,CAMERA_ALIGN_TO_TARGET mode=AUTO nav_goal=NONE,CAMERA_ALIGN_TO_TARGET mode=AUTO nav_goal=NONE,AUTO,0.000,-0.350,2.111,0.239,False,True,False
18.600,mission_event,timestamp=18.600 mission_id=0 target_mission_id=1 state=CAMERA_ALIGN_TO_TARGET event_type=CAMERA_AIM_REQUESTED reason=aligning waypoint_index=1,CAMERA_ALIGN_TO_TARGET mode=AUTO nav_goal=NONE,AUTO,0.000,-0.350,2.111,0.239,False,True,False
18.700,camera_alignment,CAMERA_ALIGNMENT mode=logical centered=False bearing=-1.959 tilt_cmd=-0.576 joint_publish=False,CAMERA_ALIGN_TO_TARGET mode=AUTO nav_goal=NONE,AUTO,0.000,-0.350,2.111,0.239,False,True,False
18.700,classification,GAZEBO_FAKE_YOLO11S_CLASSIFICATION camera_alignment_requested=true class=bird,CAMERA_ALIGN_TO_TARGET mode=AUTO nav_goal=NONE,AUTO,0.000,-0.350,2.111,0.239,False,True,False
18.700,bird_confirmed,True,CAMERA_ALIGN_TO_TARGET mode=AUTO nav_goal=NONE,AUTO,0.000,-0.350,2.111,0.239,False,True,False
18.800,camera_alignment,CAMERA_ALIGNMENT mode=logical centered=False bearing=-1.959 tilt_cmd=-0.576 joint_publish=False,CAMERA_ALIGN_TO_TARGET mode=AUTO nav_goal=NONE,AUTO,0.000,-0.350,2.111,0.239,False,True,False
18.800,classification,GAZEBO_FAKE_YOLO11S_CLASSIFICATION camera_alignment_requested=true class=bird,CAMERA_ALIGN_TO_TARGET mode=AUTO nav_goal=NONE,AUTO,0.000,-0.350,2.111,0.239,False,True,False
18.800,bird_confirmed,True,CAMERA_ALIGN_TO_TARGET mode=AUTO nav_goal=NONE,AUTO,0.000,-0.350,2.111,0.239,False,True,False
18.800,sound_state,IDLE_NO_REQUEST,CAMERA_ALIGN_TO_TARGET mode=AUTO nav_goal=NONE,AUTO,0.000,-0.350,2.111,0.239,False,True,False
18.800,sound_done,False,CAMERA_ALIGN_TO_TARGET mode=AUTO nav_goal=NONE,AUTO,0.000,-0.350,2.111,0.239,False,True,False
18.800,mission_state,CAMERA_ALIGN_TO_TARGET mode=AUTO nav_goal=NONE,CAMERA_ALIGN_TO_TARGET mode=AUTO nav_goal=NONE,AUTO,0.000,-0.350,2.111,0.239,False,True,False
18.800,mission_event,timestamp=18.800 mission_id=0 target_mission_id=1 state=CAMERA_ALIGN_TO_TARGET event_type=CAMERA_AIM_REQUESTED reason=aligning waypoint_index=1,CAMERA_ALIGN_TO_TARGET mode=AUTO nav_goal=NONE,AUTO,0.000,-0.350,2.111,0.239,False,True,False
18.800,dynamic_lock,False,CAMERA_ALIGN_TO_TARGET mode=AUTO nav_goal=NONE,AUTO,0.000,-0.350,2.111,0.239,False,True,False
18.900,camera_alignment,CAMERA_ALIGNMENT mode=logical centered=False bearing=-1.959 tilt_cmd=-0.576 joint_publish=False,CAMERA_ALIGN_TO_TARGET mode=AUTO nav_goal=NONE,AUTO,0.000,-0.350,2.112,0.240,False,True,False
18.900,classification,GAZEBO_FAKE_YOLO11S_CLASSIFICATION camera_alignment_requested=true class=bird,CAMERA_ALIGN_TO_TARGET mode=AUTO nav_goal=NONE,AUTO,0.000,-0.350,2.112,0.240,False,True,False
18.900,bird_confirmed,True,CAMERA_ALIGN_TO_TARGET mode=AUTO nav_goal=NONE,AUTO,0.000,-0.350,2.112,0.240,False,True,False
19.000,camera_alignment,CAMERA_ALIGNMENT mode=logical centered=False bearing=-1.959 tilt_cmd=-0.576 joint_publish=False,CAMERA_ALIGN_TO_TARGET mode=AUTO nav_goal=NONE,AUTO,0.000,-0.350,2.111,0.239,False,True,False
19.000,mission_state,CAMERA_ALIGN_TO_TARGET mode=AUTO nav_goal=NONE,CAMERA_ALIGN_TO_TARGET mode=AUTO nav_goal=NONE,AUTO,0.000,-0.350,2.111,0.239,False,True,False
19.000,sound_state,IDLE_NO_REQUEST,CAMERA_ALIGN_TO_TARGET mode=AUTO nav_goal=NONE,AUTO,0.000,-0.350,2.111,0.239,False,True,False
19.000,sound_done,False,CAMERA_ALIGN_TO_TARGET mode=AUTO nav_goal=NONE,AUTO,0.000,-0.350,2.111,0.239,False,True,False
19.000,mission_event,timestamp=19.000 mission_id=0 target_mission_id=1 state=CAMERA_ALIGN_TO_TARGET event_type=CAMERA_AIM_REQUESTED reason=aligning waypoint_index=1,CAMERA_ALIGN_TO_TARGET mode=AUTO nav_goal=NONE,AUTO,0.000,-0.350,2.111,0.239,False,True,False
19.000,classification,GAZEBO_FAKE_YOLO11S_CLASSIFICATION camera_alignment_requested=true class=bird,CAMERA_ALIGN_TO_TARGET mode=AUTO nav_goal=NONE,AUTO,0.000,-0.350,2.111,0.239,False,True,False
19.000,bird_confirmed,True,CAMERA_ALIGN_TO_TARGET mode=AUTO nav_goal=NONE,AUTO,0.000,-0.350,2.111,0.239,False,True,False
19.000,dynamic_lock,False,CAMERA_ALIGN_TO_TARGET mode=AUTO nav_goal=NONE,AUTO,0.000,-0.350,2.111,0.239,False,True,False
19.100,classification,GAZEBO_FAKE_YOLO11S_CLASSIFICATION camera_alignment_requested=true class=bird,CAMERA_ALIGN_TO_TARGET mode=AUTO nav_goal=NONE,AUTO,0.000,-0.350,2.111,0.239,False,True,False
19.100,bird_confirmed,True,CAMERA_ALIGN_TO_TARGET mode=AUTO nav_goal=NONE,AUTO,0.000,-0.350,2.111,0.239,False,True,False
19.100,camera_alignment,CAMERA_ALIGNMENT mode=logical centered=False bearing=-1.959 tilt_cmd=-0.576 joint_publish=False,CAMERA_ALIGN_TO_TARGET mode=AUTO nav_goal=NONE,AUTO,0.000,-0.350,2.111,0.239,False,True,False
19.200,sound_state,IDLE_NO_REQUEST,CAMERA_ALIGN_TO_TARGET mode=AUTO nav_goal=NONE,AUTO,0.000,-0.350,2.111,0.239,False,True,False
19.200,sound_done,False,CAMERA_ALIGN_TO_TARGET mode=AUTO nav_goal=NONE,AUTO,0.000,-0.350,2.111,0.239,False,True,False
19.200,mission_state,CAMERA_ALIGN_TO_TARGET mode=AUTO nav_goal=NONE,CAMERA_ALIGN_TO_TARGET mode=AUTO nav_goal=NONE,AUTO,0.000,-0.350,2.111,0.239,False,True,False
19.200,mission_event,timestamp=19.200 mission_id=0 target_mission_id=1 state=CAMERA_ALIGN_TO_TARGET event_type=CAMERA_AIM_REQUESTED reason=aligning waypoint_index=1,CAMERA_ALIGN_TO_TARGET mode=AUTO nav_goal=NONE,AUTO,0.000,-0.350,2.111,0.239,False,True,False
19.200,dynamic_lock,False,CAMERA_ALIGN_TO_TARGET mode=AUTO nav_goal=NONE,AUTO,0.000,-0.350,2.111,0.239,False,True,False
19.200,classification,GAZEBO_FAKE_YOLO11S_CLASSIFICATION camera_alignment_requested=true class=bird,CAMERA_ALIGN_TO_TARGET mode=AUTO nav_goal=NONE,AUTO,0.000,-0.350,2.111,0.239,False,True,False
19.200,bird_confirmed,True,CAMERA_ALIGN_TO_TARGET mode=AUTO nav_goal=NONE,AUTO,0.000,-0.350,2.111,0.239,False,True,False
19.200,camera_alignment,CAMERA_ALIGNMENT mode=logical centered=False bearing=-1.959 tilt_cmd=-0.576 joint_publish=False,CAMERA_ALIGN_TO_TARGET mode=AUTO nav_goal=NONE,AUTO,0.000,-0.350,2.111,0.239,False,True,False
19.300,camera_alignment,CAMERA_ALIGNMENT mode=logical centered=False bearing=-1.959 tilt_cmd=-0.576 joint_publish=False,CAMERA_ALIGN_TO_TARGET mode=AUTO nav_goal=NONE,AUTO,0.000,-0.350,2.111,0.240,False,True,False
19.300,classification,GAZEBO_FAKE_YOLO11S_CLASSIFICATION camera_alignment_requested=true class=bird,CAMERA_ALIGN_TO_TARGET mode=AUTO nav_goal=NONE,AUTO,0.000,-0.350,2.111,0.240,False,True,False
19.300,bird_confirmed,True,CAMERA_ALIGN_TO_TARGET mode=AUTO nav_goal=NONE,AUTO,0.000,-0.350,2.111,0.240,False,True,False
19.400,classification,GAZEBO_FAKE_YOLO11S_CLASSIFICATION camera_alignment_requested=true class=bird,CAMERA_ALIGN_TO_TARGET mode=AUTO nav_goal=NONE,AUTO,0.000,-0.350,2.110,0.239,False,True,False
19.400,bird_confirmed,True,CAMERA_ALIGN_TO_TARGET mode=AUTO nav_goal=NONE,AUTO,0.000,-0.350,2.110,0.239,False,True,False
19.400,camera_alignment,CAMERA_ALIGNMENT mode=logical centered=False bearing=-1.959 tilt_cmd=-0.576 joint_publish=False,CAMERA_ALIGN_TO_TARGET mode=AUTO nav_goal=NONE,AUTO,0.000,-0.350,2.110,0.239,False,True,False
19.400,sound_state,IDLE_NO_REQUEST,CAMERA_ALIGN_TO_TARGET mode=AUTO nav_goal=NONE,AUTO,0.000,-0.350,2.110,0.239,False,True,False
19.400,sound_done,False,CAMERA_ALIGN_TO_TARGET mode=AUTO nav_goal=NONE,AUTO,0.000,-0.350,2.110,0.239,False,True,False
19.400,mission_state,CAMERA_ALIGN_TO_TARGET mode=AUTO nav_goal=NONE,CAMERA_ALIGN_TO_TARGET mode=AUTO nav_goal=NONE,AUTO,0.000,-0.350,2.110,0.239,False,True,False
19.400,mission_event,timestamp=19.400 mission_id=0 target_mission_id=1 state=CAMERA_ALIGN_TO_TARGET event_type=CAMERA_AIM_REQUESTED reason=aligning waypoint_index=1,CAMERA_ALIGN_TO_TARGET mode=AUTO nav_goal=NONE,AUTO,0.000,-0.350,2.110,0.239,False,True,False
19.500,camera_alignment,CAMERA_ALIGNMENT mode=logical centered=False bearing=-1.959 tilt_cmd=-0.576 joint_publish=False,CAMERA_ALIGN_TO_TARGET mode=AUTO nav_goal=NONE,AUTO,0.000,-0.350,2.110,0.239,False,True,False
19.500,classification,GAZEBO_FAKE_YOLO11S_CLASSIFICATION camera_alignment_requested=true class=bird,CAMERA_ALIGN_TO_TARGET mode=AUTO nav_goal=NONE,AUTO,0.000,-0.350,2.110,0.239,False,True,False
19.500,bird_confirmed,True,CAMERA_ALIGN_TO_TARGET mode=AUTO nav_goal=NONE,AUTO,0.000,-0.350,2.110,0.239,False,True,False
19.500,dynamic_lock,False,CAMERA_ALIGN_TO_TARGET mode=AUTO nav_goal=NONE,AUTO,0.000,-0.350,2.110,0.239,False,True,False
19.600,mission_state,CAMERA_ALIGN_TO_TARGET mode=AUTO nav_goal=NONE,CAMERA_ALIGN_TO_TARGET mode=AUTO nav_goal=NONE,AUTO,0.000,-0.350,2.109,0.239,False,True,False
19.600,mission_event,timestamp=19.600 mission_id=0 target_mission_id=1 state=CAMERA_ALIGN_TO_TARGET event_type=CAMERA_AIM_REQUESTED reason=aligning waypoint_index=1,CAMERA_ALIGN_TO_TARGET mode=AUTO nav_goal=NONE,AUTO,0.000,-0.350,2.109,0.239,False,True,False
19.600,dynamic_lock,False,CAMERA_ALIGN_TO_TARGET mode=AUTO nav_goal=NONE,AUTO,0.000,-0.350,2.109,0.239,False,True,False
19.600,camera_alignment,CAMERA_ALIGNMENT mode=logical centered=False bearing=-1.959 tilt_cmd=-0.576 joint_publish=False,CAMERA_ALIGN_TO_TARGET mode=AUTO nav_goal=NONE,AUTO,0.000,-0.350,2.109,0.239,False,True,False
19.600,classification,GAZEBO_FAKE_YOLO11S_CLASSIFICATION camera_alignment_requested=true class=bird,CAMERA_ALIGN_TO_TARGET mode=AUTO nav_goal=NONE,AUTO,0.000,-0.350,2.109,0.239,False,True,False
19.600,bird_confirmed,True,CAMERA_ALIGN_TO_TARGET mode=AUTO nav_goal=NONE,AUTO,0.000,-0.350,2.109,0.239,False,True,False
19.600,sound_state,IDLE_NO_REQUEST,CAMERA_ALIGN_TO_TARGET mode=AUTO nav_goal=NONE,AUTO,0.000,-0.350,2.109,0.239,False,True,False
19.600,sound_done,False,CAMERA_ALIGN_TO_TARGET mode=AUTO nav_goal=NONE,AUTO,0.000,-0.350,2.109,0.239,False,True,False
19.700,camera_alignment,CAMERA_ALIGNMENT mode=logical centered=False bearing=-1.959 tilt_cmd=-0.576 joint_publish=False,CAMERA_ALIGN_TO_TARGET mode=AUTO nav_goal=NONE,AUTO,0.000,-0.350,2.108,0.239,False,True,False
19.700,classification,GAZEBO_FAKE_YOLO11S_CLASSIFICATION camera_alignment_requested=true class=bird,CAMERA_ALIGN_TO_TARGET mode=AUTO nav_goal=NONE,AUTO,0.000,-0.350,2.108,0.239,False,True,False
19.700,bird_confirmed,True,CAMERA_ALIGN_TO_TARGET mode=AUTO nav_goal=NONE,AUTO,0.000,-0.350,2.108,0.239,False,True,False
19.800,sound_done,False,CAMERA_ALIGN_TO_TARGET mode=AUTO nav_goal=NONE,AUTO,0.000,-0.350,2.108,0.239,False,True,False
19.800,sound_state,IDLE_NO_REQUEST,CAMERA_ALIGN_TO_TARGET mode=AUTO nav_goal=NONE,AUTO,0.000,-0.350,2.108,0.239,False,True,False
19.800,camera_alignment,CAMERA_ALIGNMENT mode=logical centered=False bearing=-1.959 tilt_cmd=-0.576 joint_publish=False,CAMERA_ALIGN_TO_TARGET mode=AUTO nav_goal=NONE,AUTO,0.000,-0.350,2.108,0.239,False,True,False
19.800,classification,GAZEBO_FAKE_YOLO11S_CLASSIFICATION camera_alignment_requested=true class=bird,CAMERA_ALIGN_TO_TARGET mode=AUTO nav_goal=NONE,AUTO,0.000,-0.350,2.108,0.239,False,True,False
19.800,bird_confirmed,True,CAMERA_ALIGN_TO_TARGET mode=AUTO nav_goal=NONE,AUTO,0.000,-0.350,2.108,0.239,False,True,False
19.800,mission_state,CAMERA_ALIGN_TO_TARGET mode=AUTO nav_goal=NONE,CAMERA_ALIGN_TO_TARGET mode=AUTO nav_goal=NONE,AUTO,0.000,-0.350,2.108,0.239,False,True,False
19.800,mission_event,timestamp=19.800 mission_id=0 target_mission_id=1 state=CAMERA_ALIGN_TO_TARGET event_type=CAMERA_AIM_REQUESTED reason=aligning waypoint_index=1,CAMERA_ALIGN_TO_TARGET mode=AUTO nav_goal=NONE,AUTO,0.000,-0.350,2.108,0.239,False,True,False
19.800,dynamic_lock,False,CAMERA_ALIGN_TO_TARGET mode=AUTO nav_goal=NONE,AUTO,0.000,-0.350,2.108,0.239,False,True,False
19.900,camera_alignment,CAMERA_ALIGNMENT mode=logical centered=False bearing=-1.959 tilt_cmd=-0.576 joint_publish=False,CAMERA_ALIGN_TO_TARGET mode=AUTO nav_goal=NONE,AUTO,0.000,-0.350,2.108,0.239,False,True,False
19.900,classification,GAZEBO_FAKE_YOLO11S_CLASSIFICATION camera_alignment_requested=true class=bird,CAMERA_ALIGN_TO_TARGET mode=AUTO nav_goal=NONE,AUTO,0.000,-0.350,2.108,0.239,False,True,False
19.900,bird_confirmed,True,CAMERA_ALIGN_TO_TARGET mode=AUTO nav_goal=NONE,AUTO,0.000,-0.350,2.108,0.239,False,True,False
20.000,camera_alignment,CAMERA_ALIGNMENT mode=logical centered=False bearing=-1.959 tilt_cmd=-0.576 joint_publish=False,CAMERA_ALIGN_TO_TARGET mode=AUTO nav_goal=NONE,AUTO,0.000,-0.350,2.109,0.239,False,True,False
20.000,classification,GAZEBO_FAKE_YOLO11S_CLASSIFICATION camera_alignment_requested=true class=bird,CAMERA_ALIGN_TO_TARGET mode=AUTO nav_goal=NONE,AUTO,0.000,-0.350,2.109,0.239,False,True,False
20.000,bird_confirmed,True,CAMERA_ALIGN_TO_TARGET mode=AUTO nav_goal=NONE,AUTO,0.000,-0.350,2.109,0.239,False,True,False
20.000,sound_state,IDLE_NO_REQUEST,CAMERA_ALIGN_TO_TARGET mode=AUTO nav_goal=NONE,AUTO,0.000,-0.350,2.109,0.239,False,True,False
20.000,sound_done,False,CAMERA_ALIGN_TO_TARGET mode=AUTO nav_goal=NONE,AUTO,0.000,-0.350,2.109,0.239,False,True,False
20.000,mission_state,CAMERA_ALIGN_TO_TARGET mode=AUTO nav_goal=NONE,CAMERA_ALIGN_TO_TARGET mode=AUTO nav_goal=NONE,AUTO,0.000,-0.350,2.109,0.239,False,True,False
20.000,dynamic_lock,False,CAMERA_ALIGN_TO_TARGET mode=AUTO nav_goal=NONE,AUTO,0.000,-0.350,2.109,0.239,False,True,False
20.000,mission_event,timestamp=20.000 mission_id=0 target_mission_id=1 state=CAMERA_ALIGN_TO_TARGET event_type=CAMERA_AIM_REQUESTED reason=aligning waypoint_index=1,CAMERA_ALIGN_TO_TARGET mode=AUTO nav_goal=NONE,AUTO,0.000,-0.350,2.109,0.239,False,True,False
20.100,camera_alignment,CAMERA_ALIGNMENT mode=logical centered=False bearing=-1.959 tilt_cmd=-0.576 joint_publish=False,CAMERA_ALIGN_TO_TARGET mode=AUTO nav_goal=NONE,AUTO,0.000,-0.350,2.109,0.238,False,True,False
20.100,bird_confirmed,True,CAMERA_ALIGN_TO_TARGET mode=AUTO nav_goal=NONE,AUTO,0.000,-0.350,2.109,0.238,False,True,False
20.100,classification,GAZEBO_FAKE_YOLO11S_CLASSIFICATION camera_alignment_requested=true class=bird,CAMERA_ALIGN_TO_TARGET mode=AUTO nav_goal=NONE,AUTO,0.000,-0.350,2.109,0.238,False,True,False
20.200,classification,GAZEBO_FAKE_YOLO11S_CLASSIFICATION camera_alignment_requested=true class=bird,CAMERA_ALIGN_TO_TARGET mode=AUTO nav_goal=NONE,AUTO,0.000,-0.350,2.110,0.238,False,True,False
20.200,bird_confirmed,True,CAMERA_ALIGN_TO_TARGET mode=AUTO nav_goal=NONE,AUTO,0.000,-0.350,2.110,0.238,False,True,False
20.200,sound_state,IDLE_NO_REQUEST,CAMERA_ALIGN_TO_TARGET mode=AUTO nav_goal=NONE,AUTO,0.000,-0.350,2.110,0.238,False,True,False
20.200,sound_done,False,CAMERA_ALIGN_TO_TARGET mode=AUTO nav_goal=NONE,AUTO,0.000,-0.350,2.110,0.238,False,True,False
20.200,mission_state,CAMERA_ALIGN_TO_TARGET mode=AUTO nav_goal=NONE,CAMERA_ALIGN_TO_TARGET mode=AUTO nav_goal=NONE,AUTO,0.000,-0.350,2.110,0.238,False,True,False
20.200,camera_alignment,CAMERA_ALIGNMENT mode=logical centered=False bearing=-1.959 tilt_cmd=-0.576 joint_publish=False,CAMERA_ALIGN_TO_TARGET mode=AUTO nav_goal=NONE,AUTO,0.000,-0.350,2.110,0.238,False,True,False
20.200,mission_event,timestamp=20.200 mission_id=0 target_mission_id=1 state=CAMERA_ALIGN_TO_TARGET event_type=CAMERA_AIM_REQUESTED reason=aligning waypoint_index=1,CAMERA_ALIGN_TO_TARGET mode=AUTO nav_goal=NONE,AUTO,0.000,-0.350,2.110,0.238,False,True,False
20.200,dynamic_lock,False,CAMERA_ALIGN_TO_TARGET mode=AUTO nav_goal=NONE,AUTO,0.000,-0.350,2.111,0.238,False,True,False
20.300,camera_alignment,CAMERA_ALIGNMENT mode=logical centered=False bearing=-1.959 tilt_cmd=-0.576 joint_publish=False,CAMERA_ALIGN_TO_TARGET mode=AUTO nav_goal=NONE,AUTO,0.000,-0.350,2.111,0.237,False,True,False
20.300,classification,GAZEBO_FAKE_YOLO11S_CLASSIFICATION camera_alignment_requested=true class=bird,CAMERA_ALIGN_TO_TARGET mode=AUTO nav_goal=NONE,AUTO,0.000,-0.350,2.111,0.237,False,True,False
20.300,bird_confirmed,True,CAMERA_ALIGN_TO_TARGET mode=AUTO nav_goal=NONE,AUTO,0.000,-0.350,2.111,0.237,False,True,False
20.400,mission_state,CAMERA_ALIGN_TO_TARGET mode=AUTO nav_goal=NONE,CAMERA_ALIGN_TO_TARGET mode=AUTO nav_goal=NONE,AUTO,0.000,-0.350,2.111,0.237,False,True,False
20.400,mission_event,timestamp=20.400 mission_id=0 target_mission_id=1 state=CAMERA_ALIGN_TO_TARGET event_type=CAMERA_AIM_REQUESTED reason=aligning waypoint_index=1,CAMERA_ALIGN_TO_TARGET mode=AUTO nav_goal=NONE,AUTO,0.000,-0.350,2.111,0.237,False,True,False
20.400,camera_alignment,CAMERA_ALIGNMENT mode=logical centered=False bearing=-1.959 tilt_cmd=-0.576 joint_publish=False,CAMERA_ALIGN_TO_TARGET mode=AUTO nav_goal=NONE,AUTO,0.000,-0.350,2.111,0.237,False,True,False
20.400,sound_state,IDLE_NO_REQUEST,CAMERA_ALIGN_TO_TARGET mode=AUTO nav_goal=NONE,AUTO,0.000,-0.350,2.111,0.237,False,True,False
20.400,sound_done,False,CAMERA_ALIGN_TO_TARGET mode=AUTO nav_goal=NONE,AUTO,0.000,-0.350,2.111,0.237,False,True,False
20.400,bird_confirmed,True,CAMERA_ALIGN_TO_TARGET mode=AUTO nav_goal=NONE,AUTO,0.000,-0.350,2.111,0.237,False,True,False
20.400,classification,GAZEBO_FAKE_YOLO11S_CLASSIFICATION camera_alignment_requested=true class=bird,CAMERA_ALIGN_TO_TARGET mode=AUTO nav_goal=NONE,AUTO,0.000,-0.350,2.111,0.237,False,True,False
20.400,dynamic_lock,False,CAMERA_ALIGN_TO_TARGET mode=AUTO nav_goal=NONE,AUTO,0.000,-0.350,2.110,0.237,False,True,False
20.400,camera_alignment,CAMERA_ALIGNMENT mode=logical centered=False bearing=-1.959 tilt_cmd=-0.576 joint_publish=False,CAMERA_ALIGN_TO_TARGET mode=AUTO nav_goal=NONE,AUTO,0.000,-0.350,2.110,0.236,False,True,False
20.400,bird_confirmed,True,CAMERA_ALIGN_TO_TARGET mode=AUTO nav_goal=NONE,AUTO,0.000,-0.350,2.110,0.236,False,True,False
20.400,classification,GAZEBO_FAKE_YOLO11S_CLASSIFICATION camera_alignment_requested=true class=bird,CAMERA_ALIGN_TO_TARGET mode=AUTO nav_goal=NONE,AUTO,0.000,-0.350,2.110,0.236,False,True,False
20.600,mission_state,CAMERA_ALIGN_TO_TARGET mode=AUTO nav_goal=NONE,CAMERA_ALIGN_TO_TARGET mode=AUTO nav_goal=NONE,AUTO,0.000,-0.350,2.109,0.236,False,True,False
20.600,mission_event,timestamp=20.600 mission_id=0 target_mission_id=1 state=CAMERA_ALIGN_TO_TARGET event_type=CAMERA_AIM_REQUESTED reason=aligning waypoint_index=1,CAMERA_ALIGN_TO_TARGET mode=AUTO nav_goal=NONE,AUTO,0.000,-0.350,2.109,0.236,False,True,False
20.600,dynamic_lock,False,CAMERA_ALIGN_TO_TARGET mode=AUTO nav_goal=NONE,AUTO,0.000,-0.350,2.109,0.236,False,True,False
20.600,camera_alignment,CAMERA_ALIGNMENT mode=logical centered=False bearing=-1.959 tilt_cmd=-0.576 joint_publish=False,CAMERA_ALIGN_TO_TARGET mode=AUTO nav_goal=NONE,AUTO,0.000,-0.350,2.109,0.236,False,True,False
20.600,classification,GAZEBO_FAKE_YOLO11S_CLASSIFICATION camera_alignment_requested=true class=bird,CAMERA_ALIGN_TO_TARGET mode=AUTO nav_goal=NONE,AUTO,0.000,-0.350,2.109,0.236,False,True,False
20.600,bird_confirmed,True,CAMERA_ALIGN_TO_TARGET mode=AUTO nav_goal=NONE,AUTO,0.000,-0.350,2.109,0.236,False,True,False
20.600,sound_state,IDLE_NO_REQUEST,CAMERA_ALIGN_TO_TARGET mode=AUTO nav_goal=NONE,AUTO,0.000,-0.350,2.109,0.236,False,True,False
20.600,sound_done,False,CAMERA_ALIGN_TO_TARGET mode=AUTO nav_goal=NONE,AUTO,0.000,-0.350,2.109,0.236,False,True,False
20.700,camera_alignment,CAMERA_ALIGNMENT mode=logical centered=False bearing=-1.959 tilt_cmd=-0.576 joint_publish=False,CAMERA_ALIGN_TO_TARGET mode=AUTO nav_goal=NONE,AUTO,0.000,-0.350,2.110,0.236,False,True,False
20.700,classification,GAZEBO_FAKE_YOLO11S_CLASSIFICATION camera_alignment_requested=true class=bird,CAMERA_ALIGN_TO_TARGET mode=AUTO nav_goal=NONE,AUTO,0.000,-0.350,2.110,0.236,False,True,False
20.700,bird_confirmed,True,CAMERA_ALIGN_TO_TARGET mode=AUTO nav_goal=NONE,AUTO,0.000,-0.350,2.110,0.236,False,True,False
20.800,camera_alignment,CAMERA_ALIGNMENT mode=logical centered=False bearing=-1.959 tilt_cmd=-0.576 joint_publish=False,CAMERA_ALIGN_TO_TARGET mode=AUTO nav_goal=NONE,AUTO,0.000,-0.350,2.109,0.236,False,True,False
20.800,classification,GAZEBO_FAKE_YOLO11S_CLASSIFICATION camera_alignment_requested=true class=bird,CAMERA_ALIGN_TO_TARGET mode=AUTO nav_goal=NONE,AUTO,0.000,-0.350,2.109,0.236,False,True,False
20.800,bird_confirmed,True,CAMERA_ALIGN_TO_TARGET mode=AUTO nav_goal=NONE,AUTO,0.000,-0.350,2.109,0.236,False,True,False
20.800,sound_state,IDLE_NO_REQUEST,CAMERA_ALIGN_TO_TARGET mode=AUTO nav_goal=NONE,AUTO,0.000,-0.350,2.109,0.236,False,True,False
20.800,sound_done,False,CAMERA_ALIGN_TO_TARGET mode=AUTO nav_goal=NONE,AUTO,0.000,-0.350,2.109,0.236,False,True,False
20.800,mission_state,CAMERA_ALIGN_TO_TARGET mode=AUTO nav_goal=NONE,CAMERA_ALIGN_TO_TARGET mode=AUTO nav_goal=NONE,AUTO,0.000,-0.350,2.109,0.236,False,True,False
20.800,mission_event,timestamp=20.800 mission_id=0 target_mission_id=1 state=CAMERA_ALIGN_TO_TARGET event_type=CAMERA_AIM_REQUESTED reason=aligning waypoint_index=1,CAMERA_ALIGN_TO_TARGET mode=AUTO nav_goal=NONE,AUTO,0.000,-0.350,2.109,0.236,False,True,False
20.800,dynamic_lock,False,CAMERA_ALIGN_TO_TARGET mode=AUTO nav_goal=NONE,AUTO,0.000,-0.350,2.109,0.236,False,True,False
20.900,camera_alignment,CAMERA_ALIGNMENT mode=logical centered=False bearing=-1.959 tilt_cmd=-0.576 joint_publish=False,CAMERA_ALIGN_TO_TARGET mode=AUTO nav_goal=NONE,AUTO,0.000,-0.350,2.108,0.236,False,True,False
20.900,classification,GAZEBO_FAKE_YOLO11S_CLASSIFICATION camera_alignment_requested=true class=bird,CAMERA_ALIGN_TO_TARGET mode=AUTO nav_goal=NONE,AUTO,0.000,-0.350,2.108,0.236,False,True,False
20.900,bird_confirmed,True,CAMERA_ALIGN_TO_TARGET mode=AUTO nav_goal=NONE,AUTO,0.000,-0.350,2.108,0.236,False,True,False
21.000,classification,GAZEBO_FAKE_YOLO11S_CLASSIFICATION camera_alignment_requested=true class=bird,CAMERA_ALIGN_TO_TARGET mode=AUTO nav_goal=NONE,AUTO,0.000,-0.350,2.108,0.236,False,True,False
21.000,bird_confirmed,True,CAMERA_ALIGN_TO_TARGET mode=AUTO nav_goal=NONE,AUTO,0.000,-0.350,2.108,0.236,False,True,False
21.000,sound_state,IDLE_NO_REQUEST,CAMERA_ALIGN_TO_TARGET mode=AUTO nav_goal=NONE,AUTO,0.000,-0.350,2.108,0.236,False,True,False
21.000,sound_done,False,CAMERA_ALIGN_TO_TARGET mode=AUTO nav_goal=NONE,AUTO,0.000,-0.350,2.108,0.236,False,True,False
21.000,mission_state,CAMERA_ALIGN_TO_TARGET mode=AUTO nav_goal=NONE,CAMERA_ALIGN_TO_TARGET mode=AUTO nav_goal=NONE,AUTO,0.000,-0.350,2.108,0.236,False,True,False
21.000,camera_alignment,CAMERA_ALIGNMENT mode=logical centered=False bearing=-1.959 tilt_cmd=-0.576 joint_publish=False,CAMERA_ALIGN_TO_TARGET mode=AUTO nav_goal=NONE,AUTO,0.000,-0.350,2.108,0.236,False,True,False
21.000,mission_event,timestamp=21.000 mission_id=0 target_mission_id=1 state=CAMERA_ALIGN_TO_TARGET event_type=CAMERA_AIM_REQUESTED reason=aligning waypoint_index=1,CAMERA_ALIGN_TO_TARGET mode=AUTO nav_goal=NONE,AUTO,0.000,-0.350,2.108,0.236,False,True,False
21.000,dynamic_lock,False,CAMERA_ALIGN_TO_TARGET mode=AUTO nav_goal=NONE,AUTO,0.000,-0.350,2.108,0.235,False,True,False
21.100,camera_alignment,CAMERA_ALIGNMENT mode=logical centered=False bearing=-1.959 tilt_cmd=-0.576 joint_publish=False,CAMERA_ALIGN_TO_TARGET mode=AUTO nav_goal=NONE,AUTO,0.000,-0.350,2.108,0.236,False,True,False
21.100,classification,GAZEBO_FAKE_YOLO11S_CLASSIFICATION camera_alignment_requested=true class=bird,CAMERA_ALIGN_TO_TARGET mode=AUTO nav_goal=NONE,AUTO,0.000,-0.350,2.108,0.236,False,True,False
21.100,bird_confirmed,True,CAMERA_ALIGN_TO_TARGET mode=AUTO nav_goal=NONE,AUTO,0.000,-0.350,2.108,0.236,False,True,False
21.200,sound_state,IDLE_NO_REQUEST,CAMERA_ALIGN_TO_TARGET mode=AUTO nav_goal=NONE,AUTO,0.000,-0.350,2.107,0.235,False,True,False
21.200,sound_done,False,CAMERA_ALIGN_TO_TARGET mode=AUTO nav_goal=NONE,AUTO,0.000,-0.350,2.107,0.235,False,True,False
21.200,camera_alignment,CAMERA_ALIGNMENT mode=logical centered=False bearing=-1.959 tilt_cmd=-0.576 joint_publish=False,CAMERA_ALIGN_TO_TARGET mode=AUTO nav_goal=NONE,AUTO,0.000,-0.350,2.107,0.235,False,True,False
21.200,classification,GAZEBO_FAKE_YOLO11S_CLASSIFICATION camera_alignment_requested=true class=bird,CAMERA_ALIGN_TO_TARGET mode=AUTO nav_goal=NONE,AUTO,0.000,-0.350,2.107,0.235,False,True,False
21.200,bird_confirmed,True,CAMERA_ALIGN_TO_TARGET mode=AUTO nav_goal=NONE,AUTO,0.000,-0.350,2.107,0.235,False,True,False
21.200,mission_state,CAMERA_ALIGN_TO_TARGET mode=AUTO nav_goal=NONE,CAMERA_ALIGN_TO_TARGET mode=AUTO nav_goal=NONE,AUTO,0.000,-0.350,2.107,0.235,False,True,False
21.200,mission_event,timestamp=21.200 mission_id=0 target_mission_id=1 state=CAMERA_ALIGN_TO_TARGET event_type=CAMERA_AIM_REQUESTED reason=aligning waypoint_index=1,CAMERA_ALIGN_TO_TARGET mode=AUTO nav_goal=NONE,AUTO,0.000,-0.350,2.107,0.235,False,True,False
21.200,dynamic_lock,False,CAMERA_ALIGN_TO_TARGET mode=AUTO nav_goal=NONE,AUTO,0.000,-0.350,2.107,0.235,False,True,False
21.300,camera_alignment,CAMERA_ALIGNMENT mode=logical centered=False bearing=-1.959 tilt_cmd=-0.576 joint_publish=False,CAMERA_ALIGN_TO_TARGET mode=AUTO nav_goal=NONE,AUTO,0.000,-0.350,2.107,0.235,False,True,False
21.300,classification,GAZEBO_FAKE_YOLO11S_CLASSIFICATION camera_alignment_requested=true class=bird,CAMERA_ALIGN_TO_TARGET mode=AUTO nav_goal=NONE,AUTO,0.000,-0.350,2.107,0.235,False,True,False
21.300,bird_confirmed,True,CAMERA_ALIGN_TO_TARGET mode=AUTO nav_goal=NONE,AUTO,0.000,-0.350,2.107,0.235,False,True,False
21.400,dynamic_lock,False,CAMERA_ALIGN_TO_TARGET mode=AUTO nav_goal=NONE,AUTO,0.000,-0.350,2.107,0.236,False,True,False
21.400,camera_alignment,CAMERA_ALIGNMENT mode=logical centered=False bearing=-1.959 tilt_cmd=-0.576 joint_publish=False,CAMERA_ALIGN_TO_TARGET mode=AUTO nav_goal=NONE,AUTO,0.000,-0.350,2.107,0.236,False,True,False
21.400,classification,GAZEBO_FAKE_YOLO11S_CLASSIFICATION camera_alignment_requested=true class=bird,CAMERA_ALIGN_TO_TARGET mode=AUTO nav_goal=NONE,AUTO,0.000,-0.350,2.107,0.236,False,True,False
21.400,bird_confirmed,True,CAMERA_ALIGN_TO_TARGET mode=AUTO nav_goal=NONE,AUTO,0.000,-0.350,2.107,0.236,False,True,False
21.400,sound_state,IDLE_NO_REQUEST,CAMERA_ALIGN_TO_TARGET mode=AUTO nav_goal=NONE,AUTO,0.000,-0.350,2.107,0.236,False,True,False
21.400,sound_done,False,CAMERA_ALIGN_TO_TARGET mode=AUTO nav_goal=NONE,AUTO,0.000,-0.350,2.107,0.236,False,True,False
21.400,mission_state,CAMERA_ALIGN_TO_TARGET mode=AUTO nav_goal=NONE,CAMERA_ALIGN_TO_TARGET mode=AUTO nav_goal=NONE,AUTO,0.000,-0.350,2.107,0.236,False,True,False
21.400,mission_event,timestamp=21.400 mission_id=0 target_mission_id=1 state=CAMERA_ALIGN_TO_TARGET event_type=CAMERA_AIM_REQUESTED reason=aligning waypoint_index=1,CAMERA_ALIGN_TO_TARGET mode=AUTO nav_goal=NONE,AUTO,0.000,-0.350,2.107,0.236,False,True,False
21.500,camera_alignment,CAMERA_ALIGNMENT mode=logical centered=False bearing=-1.959 tilt_cmd=-0.576 joint_publish=False,CAMERA_ALIGN_TO_TARGET mode=AUTO nav_goal=NONE,AUTO,0.000,-0.350,2.108,0.236,False,True,False
21.500,classification,GAZEBO_FAKE_YOLO11S_CLASSIFICATION camera_alignment_requested=true class=bird,CAMERA_ALIGN_TO_TARGET mode=AUTO nav_goal=NONE,AUTO,0.000,-0.350,2.108,0.236,False,True,False
21.500,bird_confirmed,True,CAMERA_ALIGN_TO_TARGET mode=AUTO nav_goal=NONE,AUTO,0.000,-0.350,2.108,0.236,False,True,False
21.600,camera_alignment,CAMERA_ALIGNMENT mode=logical centered=False bearing=-1.959 tilt_cmd=-0.576 joint_publish=False,CAMERA_ALIGN_TO_TARGET mode=AUTO nav_goal=NONE,AUTO,0.000,-0.350,2.107,0.236,False,True,False
21.600,sound_state,IDLE_NO_REQUEST,CAMERA_ALIGN_TO_TARGET mode=AUTO nav_goal=NONE,AUTO,0.000,-0.350,2.107,0.236,False,True,False
21.600,sound_done,False,CAMERA_ALIGN_TO_TARGET mode=AUTO nav_goal=NONE,AUTO,0.000,-0.350,2.107,0.236,False,True,False
21.600,bird_confirmed,True,CAMERA_ALIGN_TO_TARGET mode=AUTO nav_goal=NONE,AUTO,0.000,-0.350,2.107,0.236,False,True,False
21.600,classification,GAZEBO_FAKE_YOLO11S_CLASSIFICATION camera_alignment_requested=true class=bird,CAMERA_ALIGN_TO_TARGET mode=AUTO nav_goal=NONE,AUTO,0.000,-0.350,2.107,0.236,False,True,False
21.600,mission_state,CAMERA_ALIGN_TO_TARGET mode=AUTO nav_goal=NONE,CAMERA_ALIGN_TO_TARGET mode=AUTO nav_goal=NONE,AUTO,0.000,-0.350,2.107,0.236,False,True,False
21.600,mission_event,timestamp=21.600 mission_id=0 target_mission_id=1 state=CAMERA_ALIGN_TO_TARGET event_type=CAMERA_AIM_REQUESTED reason=aligning waypoint_index=1,CAMERA_ALIGN_TO_TARGET mode=AUTO nav_goal=NONE,AUTO,0.000,-0.350,2.107,0.236,False,True,False
21.600,dynamic_lock,False,CAMERA_ALIGN_TO_TARGET mode=AUTO nav_goal=NONE,AUTO,0.000,-0.350,2.107,0.236,False,True,False
21.700,camera_alignment,CAMERA_ALIGNMENT mode=logical centered=False bearing=-1.959 tilt_cmd=-0.576 joint_publish=False,CAMERA_ALIGN_TO_TARGET mode=AUTO nav_goal=NONE,AUTO,0.000,-0.350,2.107,0.236,False,True,False
21.700,classification,GAZEBO_FAKE_YOLO11S_CLASSIFICATION camera_alignment_requested=true class=bird,CAMERA_ALIGN_TO_TARGET mode=AUTO nav_goal=NONE,AUTO,0.000,-0.350,2.107,0.236,False,True,False
21.700,bird_confirmed,True,CAMERA_ALIGN_TO_TARGET mode=AUTO nav_goal=NONE,AUTO,0.000,-0.350,2.107,0.236,False,True,False
21.800,dynamic_lock,False,CAMERA_ALIGN_TO_TARGET mode=AUTO nav_goal=NONE,AUTO,0.000,-0.350,2.107,0.236,False,True,False
21.800,camera_alignment,CAMERA_ALIGNMENT mode=logical centered=False bearing=-1.959 tilt_cmd=-0.576 joint_publish=False,CAMERA_ALIGN_TO_TARGET mode=AUTO nav_goal=NONE,AUTO,0.000,-0.350,2.107,0.236,False,True,False
21.800,classification,GAZEBO_FAKE_YOLO11S_CLASSIFICATION camera_alignment_requested=true class=bird,CAMERA_ALIGN_TO_TARGET mode=AUTO nav_goal=NONE,AUTO,0.000,-0.350,2.107,0.236,False,True,False
21.800,bird_confirmed,True,CAMERA_ALIGN_TO_TARGET mode=AUTO nav_goal=NONE,AUTO,0.000,-0.350,2.107,0.236,False,True,False
21.800,sound_state,IDLE_NO_REQUEST,CAMERA_ALIGN_TO_TARGET mode=AUTO nav_goal=NONE,AUTO,0.000,-0.350,2.107,0.236,False,True,False
21.800,sound_done,False,CAMERA_ALIGN_TO_TARGET mode=AUTO nav_goal=NONE,AUTO,0.000,-0.350,2.107,0.236,False,True,False
21.800,mission_state,CAMERA_ALIGN_TO_TARGET mode=AUTO nav_goal=NONE,CAMERA_ALIGN_TO_TARGET mode=AUTO nav_goal=NONE,AUTO,0.000,-0.350,2.107,0.236,False,True,False
21.800,mission_event,timestamp=21.800 mission_id=0 target_mission_id=1 state=CAMERA_ALIGN_TO_TARGET event_type=CAMERA_AIM_REQUESTED reason=aligning waypoint_index=1,CAMERA_ALIGN_TO_TARGET mode=AUTO nav_goal=NONE,AUTO,0.000,-0.350,2.107,0.236,False,True,False
21.900,camera_alignment,CAMERA_ALIGNMENT mode=logical centered=False bearing=-1.959 tilt_cmd=-0.576 joint_publish=False,CAMERA_ALIGN_TO_TARGET mode=AUTO nav_goal=NONE,AUTO,0.000,-0.350,2.107,0.235,False,True,False
21.900,classification,GAZEBO_FAKE_YOLO11S_CLASSIFICATION camera_alignment_requested=true class=bird,CAMERA_ALIGN_TO_TARGET mode=AUTO nav_goal=NONE,AUTO,0.000,-0.350,2.107,0.235,False,True,False
21.900,bird_confirmed,True,CAMERA_ALIGN_TO_TARGET mode=AUTO nav_goal=NONE,AUTO,0.000,-0.350,2.107,0.235,False,True,False
22.000,bird_confirmed,True,CAMERA_ALIGN_TO_TARGET mode=AUTO nav_goal=NONE,AUTO,0.000,-0.350,2.106,0.235,False,True,False
22.000,mission_state,CAMERA_ALIGN_TO_TARGET mode=AUTO nav_goal=NONE,CAMERA_ALIGN_TO_TARGET mode=AUTO nav_goal=NONE,AUTO,0.000,-0.350,2.106,0.235,False,True,False
22.000,dynamic_lock,False,CAMERA_ALIGN_TO_TARGET mode=AUTO nav_goal=NONE,AUTO,0.000,-0.350,2.106,0.235,False,True,False
22.000,camera_alignment,CAMERA_ALIGNMENT mode=logical centered=False bearing=-1.959 tilt_cmd=-0.576 joint_publish=False,CAMERA_ALIGN_TO_TARGET mode=AUTO nav_goal=NONE,AUTO,0.000,-0.350,2.106,0.235,False,True,False
22.000,classification,GAZEBO_FAKE_YOLO11S_CLASSIFICATION camera_alignment_requested=true class=bird,CAMERA_ALIGN_TO_TARGET mode=AUTO nav_goal=NONE,AUTO,0.000,-0.350,2.106,0.235,False,True,False
22.000,mission_event,timestamp=22.000 mission_id=0 target_mission_id=1 state=CAMERA_ALIGN_TO_TARGET event_type=CAMERA_AIM_REQUESTED reason=aligning waypoint_index=1,CAMERA_ALIGN_TO_TARGET mode=AUTO nav_goal=NONE,AUTO,0.000,-0.350,2.106,0.235,False,True,False
22.000,sound_state,IDLE_NO_REQUEST,CAMERA_ALIGN_TO_TARGET mode=AUTO nav_goal=NONE,AUTO,0.000,-0.350,2.106,0.235,False,True,False
22.000,sound_done,False,CAMERA_ALIGN_TO_TARGET mode=AUTO nav_goal=NONE,AUTO,0.000,-0.350,2.106,0.235,False,True,False
22.100,camera_alignment,CAMERA_ALIGNMENT mode=logical centered=False bearing=-1.959 tilt_cmd=-0.576 joint_publish=False,CAMERA_ALIGN_TO_TARGET mode=AUTO nav_goal=NONE,AUTO,0.000,-0.350,2.107,0.234,False,True,False
22.100,classification,GAZEBO_FAKE_YOLO11S_CLASSIFICATION camera_alignment_requested=true class=bird,CAMERA_ALIGN_TO_TARGET mode=AUTO nav_goal=NONE,AUTO,0.000,-0.350,2.107,0.234,False,True,False
22.100,bird_confirmed,True,CAMERA_ALIGN_TO_TARGET mode=AUTO nav_goal=NONE,AUTO,0.000,-0.350,2.107,0.234,False,True,False
22.200,classification,GAZEBO_FAKE_YOLO11S_CLASSIFICATION camera_alignment_requested=true class=bird,CAMERA_ALIGN_TO_TARGET mode=AUTO nav_goal=NONE,AUTO,0.000,-0.350,2.107,0.235,False,True,False
22.200,bird_confirmed,True,CAMERA_ALIGN_TO_TARGET mode=AUTO nav_goal=NONE,AUTO,0.000,-0.350,2.107,0.235,False,True,False
22.200,mission_state,CAMERA_ALIGN_TO_TARGET mode=AUTO nav_goal=NONE,CAMERA_ALIGN_TO_TARGET mode=AUTO nav_goal=NONE,AUTO,0.000,-0.350,2.107,0.235,False,True,False
22.200,mission_event,timestamp=22.200 mission_id=0 target_mission_id=1 state=CAMERA_ALIGN_TO_TARGET event_type=CAMERA_AIM_REQUESTED reason=aligning waypoint_index=1,CAMERA_ALIGN_TO_TARGET mode=AUTO nav_goal=NONE,AUTO,0.000,-0.350,2.107,0.235,False,True,False
22.200,camera_alignment,CAMERA_ALIGNMENT mode=logical centered=False bearing=-1.959 tilt_cmd=-0.576 joint_publish=False,CAMERA_ALIGN_TO_TARGET mode=AUTO nav_goal=NONE,AUTO,0.000,-0.350,2.107,0.235,False,True,False
22.200,sound_state,IDLE_NO_REQUEST,CAMERA_ALIGN_TO_TARGET mode=AUTO nav_goal=NONE,AUTO,0.000,-0.350,2.107,0.235,False,True,False
22.200,sound_done,False,CAMERA_ALIGN_TO_TARGET mode=AUTO nav_goal=NONE,AUTO,0.000,-0.350,2.107,0.235,False,True,False
22.200,dynamic_lock,False,CAMERA_ALIGN_TO_TARGET mode=AUTO nav_goal=NONE,AUTO,0.000,-0.350,2.107,0.235,False,True,False
22.300,camera_alignment,CAMERA_ALIGNMENT mode=logical centered=False bearing=-1.959 tilt_cmd=-0.576 joint_publish=False,CAMERA_ALIGN_TO_TARGET mode=AUTO nav_goal=NONE,AUTO,0.000,-0.350,2.107,0.235,False,True,False
22.300,classification,GAZEBO_FAKE_YOLO11S_CLASSIFICATION camera_alignment_requested=true class=bird,CAMERA_ALIGN_TO_TARGET mode=AUTO nav_goal=NONE,AUTO,0.000,-0.350,2.107,0.235,False,True,False
22.300,bird_confirmed,True,CAMERA_ALIGN_TO_TARGET mode=AUTO nav_goal=NONE,AUTO,0.000,-0.350,2.107,0.235,False,True,False
22.400,camera_alignment,CAMERA_ALIGNMENT mode=logical centered=False bearing=-1.959 tilt_cmd=-0.576 joint_publish=False,CAMERA_ALIGN_TO_TARGET mode=AUTO nav_goal=NONE,AUTO,0.000,-0.350,2.107,0.235,False,True,False
22.400,mission_state,CAMERA_ALIGN_TO_TARGET mode=AUTO nav_goal=NONE,CAMERA_ALIGN_TO_TARGET mode=AUTO nav_goal=NONE,AUTO,0.000,-0.350,2.107,0.235,False,True,False
22.400,mission_event,timestamp=22.400 mission_id=0 target_mission_id=1 state=CAMERA_ALIGN_TO_TARGET event_type=CAMERA_AIM_REQUESTED reason=aligning waypoint_index=1,CAMERA_ALIGN_TO_TARGET mode=AUTO nav_goal=NONE,AUTO,0.000,-0.350,2.107,0.235,False,True,False
22.400,sound_state,IDLE_NO_REQUEST,CAMERA_ALIGN_TO_TARGET mode=AUTO nav_goal=NONE,AUTO,0.000,-0.350,2.107,0.235,False,True,False
22.400,sound_done,False,CAMERA_ALIGN_TO_TARGET mode=AUTO nav_goal=NONE,AUTO,0.000,-0.350,2.107,0.235,False,True,False
22.400,dynamic_lock,False,CAMERA_ALIGN_TO_TARGET mode=AUTO nav_goal=NONE,AUTO,0.000,-0.350,2.107,0.235,False,True,False
22.400,classification,GAZEBO_FAKE_YOLO11S_CLASSIFICATION camera_alignment_requested=true class=bird,CAMERA_ALIGN_TO_TARGET mode=AUTO nav_goal=NONE,AUTO,0.000,-0.350,2.107,0.235,False,True,False
22.400,bird_confirmed,True,CAMERA_ALIGN_TO_TARGET mode=AUTO nav_goal=NONE,AUTO,0.000,-0.350,2.107,0.235,False,True,False
22.500,camera_alignment,CAMERA_ALIGNMENT mode=logical centered=False bearing=-1.959 tilt_cmd=-0.576 joint_publish=False,CAMERA_ALIGN_TO_TARGET mode=AUTO nav_goal=NONE,AUTO,0.000,-0.350,2.108,0.235,False,True,False
22.500,classification,GAZEBO_FAKE_YOLO11S_CLASSIFICATION camera_alignment_requested=true class=bird,CAMERA_ALIGN_TO_TARGET mode=AUTO nav_goal=NONE,AUTO,0.000,-0.350,2.108,0.235,False,True,False
22.500,bird_confirmed,True,CAMERA_ALIGN_TO_TARGET mode=AUTO nav_goal=NONE,AUTO,0.000,-0.350,2.108,0.235,False,True,False
22.600,classification,GAZEBO_FAKE_YOLO11S_CLASSIFICATION camera_alignment_requested=true class=bird,CAMERA_ALIGN_TO_TARGET mode=AUTO nav_goal=NONE,AUTO,0.000,-0.350,2.108,0.234,False,True,False
22.600,bird_confirmed,True,CAMERA_ALIGN_TO_TARGET mode=AUTO nav_goal=NONE,AUTO,0.000,-0.350,2.108,0.234,False,True,False
22.600,sound_state,IDLE_NO_REQUEST,CAMERA_ALIGN_TO_TARGET mode=AUTO nav_goal=NONE,AUTO,0.000,-0.350,2.108,0.234,False,True,False
22.600,sound_done,False,CAMERA_ALIGN_TO_TARGET mode=AUTO nav_goal=NONE,AUTO,0.000,-0.350,2.108,0.234,False,True,False
22.600,mission_state,CAMERA_ALIGN_TO_TARGET mode=AUTO nav_goal=NONE,CAMERA_ALIGN_TO_TARGET mode=AUTO nav_goal=NONE,AUTO,0.000,-0.350,2.108,0.234,False,True,False
22.600,dynamic_lock,False,CAMERA_ALIGN_TO_TARGET mode=AUTO nav_goal=NONE,AUTO,0.000,-0.350,2.108,0.234,False,True,False
22.600,camera_alignment,CAMERA_ALIGNMENT mode=logical centered=False bearing=-1.959 tilt_cmd=-0.576 joint_publish=False,CAMERA_ALIGN_TO_TARGET mode=AUTO nav_goal=NONE,AUTO,0.000,-0.350,2.108,0.234,False,True,False
22.600,mission_event,timestamp=22.600 mission_id=0 target_mission_id=1 state=CAMERA_ALIGN_TO_TARGET event_type=CAMERA_AIM_REQUESTED reason=aligning waypoint_index=1,CAMERA_ALIGN_TO_TARGET mode=AUTO nav_goal=NONE,AUTO,0.000,-0.350,2.108,0.234,False,True,False
22.700,camera_alignment,CAMERA_ALIGNMENT mode=logical centered=False bearing=-1.959 tilt_cmd=-0.576 joint_publish=False,CAMERA_ALIGN_TO_TARGET mode=AUTO nav_goal=NONE,AUTO,0.000,-0.350,2.107,0.235,False,True,False
22.700,classification,GAZEBO_FAKE_YOLO11S_CLASSIFICATION camera_alignment_requested=true class=bird,CAMERA_ALIGN_TO_TARGET mode=AUTO nav_goal=NONE,AUTO,0.000,-0.350,2.107,0.235,False,True,False
22.700,bird_confirmed,True,CAMERA_ALIGN_TO_TARGET mode=AUTO nav_goal=NONE,AUTO,0.000,-0.350,2.107,0.235,False,True,False
22.800,classification,GAZEBO_FAKE_YOLO11S_CLASSIFICATION camera_alignment_requested=true class=bird,CAMERA_ALIGN_TO_TARGET mode=AUTO nav_goal=NONE,AUTO,0.000,-0.350,2.108,0.234,False,True,False
22.800,bird_confirmed,True,CAMERA_ALIGN_TO_TARGET mode=AUTO nav_goal=NONE,AUTO,0.000,-0.350,2.108,0.234,False,True,False
22.800,sound_state,IDLE_NO_REQUEST,CAMERA_ALIGN_TO_TARGET mode=AUTO nav_goal=NONE,AUTO,0.000,-0.350,2.108,0.234,False,True,False
22.800,sound_done,False,CAMERA_ALIGN_TO_TARGET mode=AUTO nav_goal=NONE,AUTO,0.000,-0.350,2.108,0.234,False,True,False
22.800,mission_state,CAMERA_ALIGN_TO_TARGET mode=AUTO nav_goal=NONE,CAMERA_ALIGN_TO_TARGET mode=AUTO nav_goal=NONE,AUTO,0.000,-0.350,2.108,0.234,False,True,False
22.800,mission_event,timestamp=22.800 mission_id=0 target_mission_id=1 state=CAMERA_ALIGN_TO_TARGET event_type=CAMERA_AIM_REQUESTED reason=aligning waypoint_index=1,CAMERA_ALIGN_TO_TARGET mode=AUTO nav_goal=NONE,AUTO,0.000,-0.350,2.108,0.234,False,True,False
22.800,camera_alignment,CAMERA_ALIGNMENT mode=logical centered=False bearing=-1.959 tilt_cmd=-0.576 joint_publish=False,CAMERA_ALIGN_TO_TARGET mode=AUTO nav_goal=NONE,AUTO,0.000,-0.350,2.108,0.234,False,True,False
22.800,dynamic_lock,False,CAMERA_ALIGN_TO_TARGET mode=AUTO nav_goal=NONE,AUTO,0.000,-0.350,2.107,0.234,False,True,False
22.900,camera_alignment,CAMERA_ALIGNMENT mode=logical centered=False bearing=-1.959 tilt_cmd=-0.576 joint_publish=False,CAMERA_ALIGN_TO_TARGET mode=AUTO nav_goal=NONE,AUTO,0.000,-0.350,2.108,0.234,False,True,False
22.900,bird_confirmed,True,CAMERA_ALIGN_TO_TARGET mode=AUTO nav_goal=NONE,AUTO,0.000,-0.350,2.108,0.234,False,True,False
22.900,classification,GAZEBO_FAKE_YOLO11S_CLASSIFICATION camera_alignment_requested=true class=bird,CAMERA_ALIGN_TO_TARGET mode=AUTO nav_goal=NONE,AUTO,0.000,-0.350,2.108,0.234,False,True,False
23.000,dynamic_lock,False,CAMERA_ALIGN_TO_TARGET mode=AUTO nav_goal=NONE,AUTO,0.000,-0.350,2.108,0.235,False,True,False
23.000,sound_state,IDLE_NO_REQUEST,CAMERA_ALIGN_TO_TARGET mode=AUTO nav_goal=NONE,AUTO,0.000,-0.350,2.108,0.235,False,True,False
23.000,sound_done,False,CAMERA_ALIGN_TO_TARGET mode=AUTO nav_goal=NONE,AUTO,0.000,-0.350,2.108,0.235,False,True,False
23.000,mission_state,CAMERA_ALIGN_TO_TARGET mode=AUTO nav_goal=NONE,CAMERA_ALIGN_TO_TARGET mode=AUTO nav_goal=NONE,AUTO,0.000,-0.350,2.108,0.235,False,True,False
23.000,mission_event,timestamp=23.000 mission_id=0 target_mission_id=1 state=CAMERA_ALIGN_TO_TARGET event_type=CAMERA_AIM_REQUESTED reason=aligning waypoint_index=1,CAMERA_ALIGN_TO_TARGET mode=AUTO nav_goal=NONE,AUTO,0.000,-0.350,2.108,0.235,False,True,False
23.000,camera_alignment,CAMERA_ALIGNMENT mode=logical centered=False bearing=-1.959 tilt_cmd=-0.576 joint_publish=False,CAMERA_ALIGN_TO_TARGET mode=AUTO nav_goal=NONE,AUTO,0.000,-0.350,2.108,0.235,False,True,False
23.000,classification,GAZEBO_FAKE_YOLO11S_CLASSIFICATION camera_alignment_requested=true class=bird,CAMERA_ALIGN_TO_TARGET mode=AUTO nav_goal=NONE,AUTO,0.000,-0.350,2.108,0.235,False,True,False
23.000,bird_confirmed,True,CAMERA_ALIGN_TO_TARGET mode=AUTO nav_goal=NONE,AUTO,0.000,-0.350,2.108,0.235,False,True,False
23.100,camera_alignment,CAMERA_ALIGNMENT mode=logical centered=False bearing=-1.959 tilt_cmd=-0.576 joint_publish=False,CAMERA_ALIGN_TO_TARGET mode=AUTO nav_goal=NONE,AUTO,0.000,-0.350,2.108,0.235,False,True,False
23.100,classification,GAZEBO_FAKE_YOLO11S_CLASSIFICATION camera_alignment_requested=true class=bird,CAMERA_ALIGN_TO_TARGET mode=AUTO nav_goal=NONE,AUTO,0.000,-0.350,2.108,0.235,False,True,False
23.100,bird_confirmed,True,CAMERA_ALIGN_TO_TARGET mode=AUTO nav_goal=NONE,AUTO,0.000,-0.350,2.108,0.235,False,True,False
23.200,classification,GAZEBO_FAKE_YOLO11S_CLASSIFICATION camera_alignment_requested=true class=bird,CAMERA_ALIGN_TO_TARGET mode=AUTO nav_goal=NONE,AUTO,0.000,-0.350,2.109,0.235,False,True,False
23.200,bird_confirmed,True,CAMERA_ALIGN_TO_TARGET mode=AUTO nav_goal=NONE,AUTO,0.000,-0.350,2.109,0.235,False,True,False
23.200,camera_alignment,CAMERA_ALIGNMENT mode=logical centered=False bearing=-1.959 tilt_cmd=-0.576 joint_publish=False,CAMERA_ALIGN_TO_TARGET mode=AUTO nav_goal=NONE,AUTO,0.000,-0.350,2.109,0.235,False,True,False
23.200,sound_state,IDLE_NO_REQUEST,CAMERA_ALIGN_TO_TARGET mode=AUTO nav_goal=NONE,AUTO,0.000,-0.350,2.109,0.235,False,True,False
23.200,sound_done,False,CAMERA_ALIGN_TO_TARGET mode=AUTO nav_goal=NONE,AUTO,0.000,-0.350,2.109,0.235,False,True,False
23.200,mission_state,CAMERA_ALIGN_TO_TARGET mode=AUTO nav_goal=NONE,CAMERA_ALIGN_TO_TARGET mode=AUTO nav_goal=NONE,AUTO,0.000,-0.350,2.109,0.235,False,True,False
23.200,mission_event,timestamp=23.200 mission_id=0 target_mission_id=1 state=CAMERA_ALIGN_TO_TARGET event_type=CAMERA_AIM_REQUESTED reason=aligning waypoint_index=1,CAMERA_ALIGN_TO_TARGET mode=AUTO nav_goal=NONE,AUTO,0.000,-0.350,2.109,0.235,False,True,False
23.200,dynamic_lock,False,CAMERA_ALIGN_TO_TARGET mode=AUTO nav_goal=NONE,AUTO,0.000,-0.350,2.109,0.235,False,True,False
23.300,camera_alignment,CAMERA_ALIGNMENT mode=logical centered=False bearing=-1.959 tilt_cmd=-0.576 joint_publish=False,CAMERA_ALIGN_TO_TARGET mode=AUTO nav_goal=NONE,AUTO,0.000,-0.350,2.110,0.235,False,True,False
23.300,classification,GAZEBO_FAKE_YOLO11S_CLASSIFICATION camera_alignment_requested=true class=bird,CAMERA_ALIGN_TO_TARGET mode=AUTO nav_goal=NONE,AUTO,0.000,-0.350,2.110,0.235,False,True,False
23.300,bird_confirmed,True,CAMERA_ALIGN_TO_TARGET mode=AUTO nav_goal=NONE,AUTO,0.000,-0.350,2.110,0.235,False,True,False
23.400,mission_state,CAMERA_ALIGN_TO_TARGET mode=AUTO nav_goal=NONE,CAMERA_ALIGN_TO_TARGET mode=AUTO nav_goal=NONE,AUTO,0.000,-0.350,2.109,0.235,False,True,False
23.400,mission_event,timestamp=23.400 mission_id=0 target_mission_id=1 state=CAMERA_ALIGN_TO_TARGET event_type=CAMERA_AIM_REQUESTED reason=aligning waypoint_index=1,CAMERA_ALIGN_TO_TARGET mode=AUTO nav_goal=NONE,AUTO,0.000,-0.350,2.109,0.235,False,True,False
23.400,camera_alignment,CAMERA_ALIGNMENT mode=logical centered=False bearing=-1.959 tilt_cmd=-0.576 joint_publish=False,CAMERA_ALIGN_TO_TARGET mode=AUTO nav_goal=NONE,AUTO,0.000,-0.350,2.109,0.235,False,True,False
23.400,classification,GAZEBO_FAKE_YOLO11S_CLASSIFICATION camera_alignment_requested=true class=bird,CAMERA_ALIGN_TO_TARGET mode=AUTO nav_goal=NONE,AUTO,0.000,-0.350,2.109,0.235,False,True,False
23.400,bird_confirmed,True,CAMERA_ALIGN_TO_TARGET mode=AUTO nav_goal=NONE,AUTO,0.000,-0.350,2.109,0.235,False,True,False
23.400,sound_state,IDLE_NO_REQUEST,CAMERA_ALIGN_TO_TARGET mode=AUTO nav_goal=NONE,AUTO,0.000,-0.350,2.109,0.235,False,True,False
23.400,sound_done,False,CAMERA_ALIGN_TO_TARGET mode=AUTO nav_goal=NONE,AUTO,0.000,-0.350,2.109,0.235,False,True,False
23.400,dynamic_lock,False,CAMERA_ALIGN_TO_TARGET mode=AUTO nav_goal=NONE,AUTO,0.000,-0.350,2.109,0.235,False,True,False
23.500,camera_alignment,CAMERA_ALIGNMENT mode=logical centered=False bearing=-1.959 tilt_cmd=-0.576 joint_publish=False,CAMERA_ALIGN_TO_TARGET mode=AUTO nav_goal=NONE,AUTO,0.000,-0.350,2.109,0.235,False,True,False
23.500,classification,GAZEBO_FAKE_YOLO11S_CLASSIFICATION camera_alignment_requested=true class=bird,CAMERA_ALIGN_TO_TARGET mode=AUTO nav_goal=NONE,AUTO,0.000,-0.350,2.109,0.235,False,True,False
23.500,bird_confirmed,True,CAMERA_ALIGN_TO_TARGET mode=AUTO nav_goal=NONE,AUTO,0.000,-0.350,2.109,0.235,False,True,False
23.600,dynamic_lock,False,CAMERA_ALIGN_TO_TARGET mode=AUTO nav_goal=NONE,AUTO,0.000,-0.350,2.109,0.235,False,True,False
23.600,camera_alignment,CAMERA_ALIGNMENT mode=logical centered=False bearing=-1.959 tilt_cmd=-0.576 joint_publish=False,CAMERA_ALIGN_TO_TARGET mode=AUTO nav_goal=NONE,AUTO,0.000,-0.350,2.109,0.235,False,True,False
23.600,classification,GAZEBO_FAKE_YOLO11S_CLASSIFICATION camera_alignment_requested=true class=bird,CAMERA_ALIGN_TO_TARGET mode=AUTO nav_goal=NONE,AUTO,0.000,-0.350,2.109,0.235,False,True,False
23.600,bird_confirmed,True,CAMERA_ALIGN_TO_TARGET mode=AUTO nav_goal=NONE,AUTO,0.000,-0.350,2.109,0.235,False,True,False
23.600,sound_state,IDLE_NO_REQUEST,CAMERA_ALIGN_TO_TARGET mode=AUTO nav_goal=NONE,AUTO,0.000,-0.350,2.109,0.235,False,True,False
23.600,sound_done,False,CAMERA_ALIGN_TO_TARGET mode=AUTO nav_goal=NONE,AUTO,0.000,-0.350,2.109,0.235,False,True,False
23.600,mission_state,CAMERA_ALIGN_TO_TARGET mode=AUTO nav_goal=NONE,CAMERA_ALIGN_TO_TARGET mode=AUTO nav_goal=NONE,AUTO,0.000,-0.350,2.109,0.235,False,True,False
23.600,mission_event,timestamp=23.600 mission_id=0 target_mission_id=1 state=CAMERA_ALIGN_TO_TARGET event_type=CAMERA_AIM_REQUESTED reason=aligning waypoint_index=1,CAMERA_ALIGN_TO_TARGET mode=AUTO nav_goal=NONE,AUTO,0.000,-0.350,2.109,0.235,False,True,False
23.700,classification,GAZEBO_FAKE_YOLO11S_CLASSIFICATION camera_alignment_requested=true class=bird,CAMERA_ALIGN_TO_TARGET mode=AUTO nav_goal=NONE,AUTO,0.000,-0.350,2.108,0.235,False,True,False
23.700,bird_confirmed,True,CAMERA_ALIGN_TO_TARGET mode=AUTO nav_goal=NONE,AUTO,0.000,-0.350,2.108,0.235,False,True,False
23.700,camera_alignment,CAMERA_ALIGNMENT mode=logical centered=False bearing=-1.959 tilt_cmd=-0.576 joint_publish=False,CAMERA_ALIGN_TO_TARGET mode=AUTO nav_goal=NONE,AUTO,0.000,-0.350,2.108,0.235,False,True,False
23.800,classification,GAZEBO_FAKE_YOLO11S_CLASSIFICATION camera_alignment_requested=true class=bird,CAMERA_ALIGN_TO_TARGET mode=AUTO nav_goal=NONE,AUTO,0.000,-0.350,2.108,0.235,False,True,False
23.800,bird_confirmed,True,CAMERA_ALIGN_TO_TARGET mode=AUTO nav_goal=NONE,AUTO,0.000,-0.350,2.108,0.235,False,True,False
23.800,sound_done,False,CAMERA_ALIGN_TO_TARGET mode=AUTO nav_goal=NONE,AUTO,0.000,-0.350,2.108,0.235,False,True,False
23.800,mission_state,CAMERA_ALIGN_TO_TARGET mode=AUTO nav_goal=NONE,CAMERA_ALIGN_TO_TARGET mode=AUTO nav_goal=NONE,AUTO,0.000,-0.350,2.108,0.235,False,True,False
23.800,dynamic_lock,False,CAMERA_ALIGN_TO_TARGET mode=AUTO nav_goal=NONE,AUTO,0.000,-0.350,2.108,0.235,False,True,False
23.800,camera_alignment,CAMERA_ALIGNMENT mode=logical centered=False bearing=-1.959 tilt_cmd=-0.576 joint_publish=False,CAMERA_ALIGN_TO_TARGET mode=AUTO nav_goal=NONE,AUTO,0.000,-0.350,2.108,0.235,False,True,False
23.800,sound_state,IDLE_NO_REQUEST,CAMERA_ALIGN_TO_TARGET mode=AUTO nav_goal=NONE,AUTO,0.000,-0.350,2.108,0.235,False,True,False
23.800,mission_event,timestamp=23.800 mission_id=0 target_mission_id=1 state=CAMERA_ALIGN_TO_TARGET event_type=CAMERA_AIM_REQUESTED reason=aligning waypoint_index=1,CAMERA_ALIGN_TO_TARGET mode=AUTO nav_goal=NONE,AUTO,0.000,-0.350,2.108,0.235,False,True,False
23.900,camera_alignment,CAMERA_ALIGNMENT mode=logical centered=False bearing=-1.959 tilt_cmd=-0.576 joint_publish=False,CAMERA_ALIGN_TO_TARGET mode=AUTO nav_goal=NONE,AUTO,0.000,-0.350,2.108,0.235,False,True,False
23.900,classification,GAZEBO_FAKE_YOLO11S_CLASSIFICATION camera_alignment_requested=true class=bird,CAMERA_ALIGN_TO_TARGET mode=AUTO nav_goal=NONE,AUTO,0.000,-0.350,2.108,0.235,False,True,False
23.900,bird_confirmed,True,CAMERA_ALIGN_TO_TARGET mode=AUTO nav_goal=NONE,AUTO,0.000,-0.350,2.108,0.235,False,True,False
24.000,camera_alignment,CAMERA_ALIGNMENT mode=logical centered=False bearing=-1.959 tilt_cmd=-0.576 joint_publish=False,CAMERA_ALIGN_TO_TARGET mode=AUTO nav_goal=NONE,AUTO,0.000,-0.350,2.108,0.234,False,True,False
24.000,classification,GAZEBO_FAKE_YOLO11S_CLASSIFICATION camera_alignment_requested=true class=bird,CAMERA_ALIGN_TO_TARGET mode=AUTO nav_goal=NONE,AUTO,0.000,-0.350,2.108,0.234,False,True,False
24.000,bird_confirmed,True,CAMERA_ALIGN_TO_TARGET mode=AUTO nav_goal=NONE,AUTO,0.000,-0.350,2.108,0.234,False,True,False
24.000,sound_done,False,CAMERA_ALIGN_TO_TARGET mode=AUTO nav_goal=NONE,AUTO,0.000,-0.350,2.108,0.234,False,True,False
24.000,sound_state,IDLE_NO_REQUEST,CAMERA_ALIGN_TO_TARGET mode=AUTO nav_goal=NONE,AUTO,0.000,-0.350,2.108,0.234,False,True,False
24.000,mission_state,CAMERA_ALIGN_TO_TARGET mode=AUTO nav_goal=NONE,CAMERA_ALIGN_TO_TARGET mode=AUTO nav_goal=NONE,AUTO,0.000,-0.350,2.108,0.234,False,True,False
24.000,mission_event,timestamp=24.000 mission_id=0 target_mission_id=1 state=CAMERA_ALIGN_TO_TARGET event_type=CAMERA_AIM_REQUESTED reason=aligning waypoint_index=1,CAMERA_ALIGN_TO_TARGET mode=AUTO nav_goal=NONE,AUTO,0.000,-0.350,2.108,0.234,False,True,False
24.000,dynamic_lock,False,CAMERA_ALIGN_TO_TARGET mode=AUTO nav_goal=NONE,AUTO,0.000,-0.350,2.108,0.233,False,True,False
24.100,camera_alignment,CAMERA_ALIGNMENT mode=logical centered=False bearing=-1.959 tilt_cmd=-0.576 joint_publish=False,CAMERA_ALIGN_TO_TARGET mode=AUTO nav_goal=NONE,AUTO,0.000,-0.350,2.108,0.233,False,True,False
24.100,classification,GAZEBO_FAKE_YOLO11S_CLASSIFICATION camera_alignment_requested=true class=bird,CAMERA_ALIGN_TO_TARGET mode=AUTO nav_goal=NONE,AUTO,0.000,-0.350,2.108,0.233,False,True,False
24.100,bird_confirmed,True,CAMERA_ALIGN_TO_TARGET mode=AUTO nav_goal=NONE,AUTO,0.000,-0.350,2.108,0.233,False,True,False
24.200,camera_alignment,CAMERA_ALIGNMENT mode=logical centered=False bearing=-1.959 tilt_cmd=-0.576 joint_publish=False,CAMERA_ALIGN_TO_TARGET mode=AUTO nav_goal=NONE,AUTO,0.000,-0.350,2.108,0.233,False,True,False
24.200,classification,GAZEBO_FAKE_YOLO11S_CLASSIFICATION camera_alignment_requested=true class=bird,CAMERA_ALIGN_TO_TARGET mode=AUTO nav_goal=NONE,AUTO,0.000,-0.350,2.108,0.233,False,True,False
24.200,bird_confirmed,True,CAMERA_ALIGN_TO_TARGET mode=AUTO nav_goal=NONE,AUTO,0.000,-0.350,2.108,0.233,False,True,False
24.200,mission_state,CAMERA_ALIGN_TO_TARGET mode=AUTO nav_goal=NONE,CAMERA_ALIGN_TO_TARGET mode=AUTO nav_goal=NONE,AUTO,0.000,-0.350,2.108,0.233,False,True,False
24.200,mission_event,timestamp=24.200 mission_id=0 target_mission_id=1 state=CAMERA_ALIGN_TO_TARGET event_type=CAMERA_AIM_REQUESTED reason=aligning waypoint_index=1,CAMERA_ALIGN_TO_TARGET mode=AUTO nav_goal=NONE,AUTO,0.000,-0.350,2.108,0.233,False,True,False
24.200,sound_state,IDLE_NO_REQUEST,CAMERA_ALIGN_TO_TARGET mode=AUTO nav_goal=NONE,AUTO,0.000,-0.350,2.108,0.233,False,True,False
24.200,sound_done,False,CAMERA_ALIGN_TO_TARGET mode=AUTO nav_goal=NONE,AUTO,0.000,-0.350,2.108,0.233,False,True,False
24.200,dynamic_lock,False,CAMERA_ALIGN_TO_TARGET mode=AUTO nav_goal=NONE,AUTO,0.000,-0.350,2.108,0.233,False,True,False
24.300,classification,GAZEBO_FAKE_YOLO11S_CLASSIFICATION camera_alignment_requested=true class=bird,CAMERA_ALIGN_TO_TARGET mode=AUTO nav_goal=NONE,AUTO,0.000,-0.350,2.108,0.234,False,True,False
24.300,bird_confirmed,True,CAMERA_ALIGN_TO_TARGET mode=AUTO nav_goal=NONE,AUTO,0.000,-0.350,2.108,0.234,False,True,False
24.300,camera_alignment,CAMERA_ALIGNMENT mode=logical centered=False bearing=-1.959 tilt_cmd=-0.576 joint_publish=False,CAMERA_ALIGN_TO_TARGET mode=AUTO nav_goal=NONE,AUTO,0.000,-0.350,2.108,0.234,False,True,False
24.400,dynamic_lock,False,CAMERA_ALIGN_TO_TARGET mode=AUTO nav_goal=NONE,AUTO,0.000,-0.350,2.107,0.234,False,True,False
24.400,camera_alignment,CAMERA_ALIGNMENT mode=logical centered=False bearing=-1.959 tilt_cmd=-0.576 joint_publish=False,CAMERA_ALIGN_TO_TARGET mode=AUTO nav_goal=NONE,AUTO,0.000,-0.350,2.107,0.234,False,True,False
24.400,classification,GAZEBO_FAKE_YOLO11S_CLASSIFICATION camera_alignment_requested=true class=bird,CAMERA_ALIGN_TO_TARGET mode=AUTO nav_goal=NONE,AUTO,0.000,-0.350,2.107,0.234,False,True,False
24.400,bird_confirmed,True,CAMERA_ALIGN_TO_TARGET mode=AUTO nav_goal=NONE,AUTO,0.000,-0.350,2.107,0.234,False,True,False
24.400,mission_state,CAMERA_ALIGN_TO_TARGET mode=AUTO nav_goal=NONE,CAMERA_ALIGN_TO_TARGET mode=AUTO nav_goal=NONE,AUTO,0.000,-0.350,2.107,0.234,False,True,False
24.400,mission_event,timestamp=24.400 mission_id=0 target_mission_id=1 state=CAMERA_ALIGN_TO_TARGET event_type=CAMERA_AIM_REQUESTED reason=aligning waypoint_index=1,CAMERA_ALIGN_TO_TARGET mode=AUTO nav_goal=NONE,AUTO,0.000,-0.350,2.107,0.234,False,True,False
24.400,sound_state,IDLE_NO_REQUEST,CAMERA_ALIGN_TO_TARGET mode=AUTO nav_goal=NONE,AUTO,0.000,-0.350,2.107,0.234,False,True,False
24.400,sound_done,False,CAMERA_ALIGN_TO_TARGET mode=AUTO nav_goal=NONE,AUTO,0.000,-0.350,2.107,0.234,False,True,False
24.500,classification,GAZEBO_FAKE_YOLO11S_CLASSIFICATION camera_alignment_requested=true class=bird,CAMERA_ALIGN_TO_TARGET mode=AUTO nav_goal=NONE,AUTO,0.000,-0.350,2.107,0.234,False,True,False
24.500,bird_confirmed,True,CAMERA_ALIGN_TO_TARGET mode=AUTO nav_goal=NONE,AUTO,0.000,-0.350,2.107,0.234,False,True,False
24.500,camera_alignment,CAMERA_ALIGNMENT mode=logical centered=False bearing=-1.959 tilt_cmd=-0.576 joint_publish=False,CAMERA_ALIGN_TO_TARGET mode=AUTO nav_goal=NONE,AUTO,0.000,-0.350,2.107,0.234,False,True,False
24.600,sound_done,False,CAMERA_ALIGN_TO_TARGET mode=AUTO nav_goal=NONE,AUTO,0.000,-0.350,2.108,0.234,False,True,False
24.600,sound_state,IDLE_NO_REQUEST,CAMERA_ALIGN_TO_TARGET mode=AUTO nav_goal=NONE,AUTO,0.000,-0.350,2.108,0.234,False,True,False
24.600,camera_alignment,CAMERA_ALIGNMENT mode=logical centered=False bearing=-1.959 tilt_cmd=-0.576 joint_publish=False,CAMERA_ALIGN_TO_TARGET mode=AUTO nav_goal=NONE,AUTO,0.000,-0.350,2.108,0.234,False,True,False
24.600,classification,GAZEBO_FAKE_YOLO11S_CLASSIFICATION camera_alignment_requested=true class=bird,CAMERA_ALIGN_TO_TARGET mode=AUTO nav_goal=NONE,AUTO,0.000,-0.350,2.108,0.234,False,True,False
24.600,bird_confirmed,True,CAMERA_ALIGN_TO_TARGET mode=AUTO nav_goal=NONE,AUTO,0.000,-0.350,2.108,0.234,False,True,False
24.600,mission_state,CAMERA_ALIGN_TO_TARGET mode=AUTO nav_goal=NONE,CAMERA_ALIGN_TO_TARGET mode=AUTO nav_goal=NONE,AUTO,0.000,-0.350,2.108,0.234,False,True,False
24.600,mission_event,timestamp=24.600 mission_id=0 target_mission_id=1 state=CAMERA_ALIGN_TO_TARGET event_type=CAMERA_AIM_REQUESTED reason=aligning waypoint_index=1,CAMERA_ALIGN_TO_TARGET mode=AUTO nav_goal=NONE,AUTO,0.000,-0.350,2.108,0.234,False,True,False
24.600,dynamic_lock,False,CAMERA_ALIGN_TO_TARGET mode=AUTO nav_goal=NONE,AUTO,0.000,-0.350,2.107,0.233,False,True,False
24.700,camera_alignment,CAMERA_ALIGNMENT mode=logical centered=False bearing=-1.959 tilt_cmd=-0.576 joint_publish=False,CAMERA_ALIGN_TO_TARGET mode=AUTO nav_goal=NONE,AUTO,0.000,-0.350,2.108,0.233,False,True,False
24.700,bird_confirmed,True,CAMERA_ALIGN_TO_TARGET mode=AUTO nav_goal=NONE,AUTO,0.000,-0.350,2.108,0.233,False,True,False
24.700,classification,GAZEBO_FAKE_YOLO11S_CLASSIFICATION camera_alignment_requested=true class=bird,CAMERA_ALIGN_TO_TARGET mode=AUTO nav_goal=NONE,AUTO,0.000,-0.350,2.108,0.233,False,True,False
24.800,camera_alignment,CAMERA_ALIGNMENT mode=logical centered=False bearing=-1.959 tilt_cmd=-0.576 joint_publish=False,CAMERA_ALIGN_TO_TARGET mode=AUTO nav_goal=NONE,AUTO,0.000,-0.350,2.107,0.233,False,True,False
24.800,mission_state,CAMERA_ALIGN_TO_TARGET mode=AUTO nav_goal=NONE,CAMERA_ALIGN_TO_TARGET mode=AUTO nav_goal=NONE,AUTO,0.000,-0.350,2.107,0.233,False,True,False
24.800,mission_event,timestamp=24.800 mission_id=0 target_mission_id=1 state=CAMERA_ALIGN_TO_TARGET event_type=CAMERA_AIM_REQUESTED reason=aligning waypoint_index=1,CAMERA_ALIGN_TO_TARGET mode=AUTO nav_goal=NONE,AUTO,0.000,-0.350,2.107,0.233,False,True,False
24.800,classification,GAZEBO_FAKE_YOLO11S_CLASSIFICATION camera_alignment_requested=true class=bird,CAMERA_ALIGN_TO_TARGET mode=AUTO nav_goal=NONE,AUTO,0.000,-0.350,2.107,0.233,False,True,False
24.800,bird_confirmed,True,CAMERA_ALIGN_TO_TARGET mode=AUTO nav_goal=NONE,AUTO,0.000,-0.350,2.107,0.233,False,True,False
24.800,sound_state,IDLE_NO_REQUEST,CAMERA_ALIGN_TO_TARGET mode=AUTO nav_goal=NONE,AUTO,0.000,-0.350,2.107,0.233,False,True,False
24.800,sound_done,False,CAMERA_ALIGN_TO_TARGET mode=AUTO nav_goal=NONE,AUTO,0.000,-0.350,2.107,0.233,False,True,False
24.800,dynamic_lock,False,CAMERA_ALIGN_TO_TARGET mode=AUTO nav_goal=NONE,AUTO,0.000,-0.350,2.107,0.233,False,True,False
24.900,bird_confirmed,True,CAMERA_ALIGN_TO_TARGET mode=AUTO nav_goal=NONE,AUTO,0.000,-0.350,2.108,0.233,False,True,False
24.900,camera_alignment,CAMERA_ALIGNMENT mode=logical centered=False bearing=-1.959 tilt_cmd=-0.576 joint_publish=False,CAMERA_ALIGN_TO_TARGET mode=AUTO nav_goal=NONE,AUTO,0.000,-0.350,2.108,0.233,False,True,False
24.900,classification,GAZEBO_FAKE_YOLO11S_CLASSIFICATION camera_alignment_requested=true class=bird,CAMERA_ALIGN_TO_TARGET mode=AUTO nav_goal=NONE,AUTO,0.000,-0.350,2.108,0.233,False,True,False
25.000,camera_alignment,CAMERA_ALIGNMENT mode=logical centered=False bearing=-1.959 tilt_cmd=-0.576 joint_publish=False,CAMERA_ALIGN_TO_TARGET mode=AUTO nav_goal=NONE,AUTO,0.000,-0.350,2.108,0.233,False,True,False
25.000,sound_state,IDLE_NO_REQUEST,CAMERA_ALIGN_TO_TARGET mode=AUTO nav_goal=NONE,AUTO,0.000,-0.350,2.108,0.233,False,True,False
25.000,sound_done,False,CAMERA_ALIGN_TO_TARGET mode=AUTO nav_goal=NONE,AUTO,0.000,-0.350,2.108,0.233,False,True,False
25.000,mission_state,CAMERA_ALIGN_TO_TARGET mode=AUTO nav_goal=NONE,CAMERA_ALIGN_TO_TARGET mode=AUTO nav_goal=NONE,AUTO,0.000,-0.350,2.108,0.233,False,True,False
25.000,classification,GAZEBO_FAKE_YOLO11S_CLASSIFICATION camera_alignment_requested=true class=bird,CAMERA_ALIGN_TO_TARGET mode=AUTO nav_goal=NONE,AUTO,0.000,-0.350,2.108,0.233,False,True,False
25.000,bird_confirmed,True,CAMERA_ALIGN_TO_TARGET mode=AUTO nav_goal=NONE,AUTO,0.000,-0.350,2.108,0.233,False,True,False
25.000,mission_event,timestamp=25.000 mission_id=0 target_mission_id=1 state=CAMERA_ALIGN_TO_TARGET event_type=CAMERA_AIM_REQUESTED reason=aligning waypoint_index=1,CAMERA_ALIGN_TO_TARGET mode=AUTO nav_goal=NONE,AUTO,0.000,-0.350,2.108,0.233,False,True,False
25.000,dynamic_lock,False,CAMERA_ALIGN_TO_TARGET mode=AUTO nav_goal=NONE,AUTO,0.000,-0.350,2.107,0.233,False,True,False
25.100,classification,GAZEBO_FAKE_YOLO11S_CLASSIFICATION camera_alignment_requested=true class=bird,CAMERA_ALIGN_TO_TARGET mode=AUTO nav_goal=NONE,AUTO,0.000,-0.350,2.108,0.233,False,True,False
25.100,bird_confirmed,True,CAMERA_ALIGN_TO_TARGET mode=AUTO nav_goal=NONE,AUTO,0.000,-0.350,2.108,0.233,False,True,False
25.100,camera_alignment,CAMERA_ALIGNMENT mode=logical centered=False bearing=-1.959 tilt_cmd=-0.576 joint_publish=False,CAMERA_ALIGN_TO_TARGET mode=AUTO nav_goal=NONE,AUTO,0.000,-0.350,2.108,0.233,False,True,False
25.200,camera_alignment,CAMERA_ALIGNMENT mode=logical centered=False bearing=-1.959 tilt_cmd=-0.576 joint_publish=False,CAMERA_ALIGN_TO_TARGET mode=AUTO nav_goal=NONE,AUTO,0.000,-0.350,2.107,0.232,False,True,False
25.200,sound_done,False,CAMERA_ALIGN_TO_TARGET mode=AUTO nav_goal=NONE,AUTO,0.000,-0.350,2.107,0.232,False,True,False
25.200,sound_state,IDLE_NO_REQUEST,CAMERA_ALIGN_TO_TARGET mode=AUTO nav_goal=NONE,AUTO,0.000,-0.350,2.107,0.232,False,True,False
25.200,mission_state,CAMERA_ALIGN_TO_TARGET mode=AUTO nav_goal=NONE,CAMERA_ALIGN_TO_TARGET mode=AUTO nav_goal=NONE,AUTO,0.000,-0.350,2.107,0.232,False,True,False
25.200,mission_event,timestamp=25.200 mission_id=0 target_mission_id=1 state=CAMERA_ALIGN_TO_TARGET event_type=CAMERA_AIM_REQUESTED reason=aligning waypoint_index=1,CAMERA_ALIGN_TO_TARGET mode=AUTO nav_goal=NONE,AUTO,0.000,-0.350,2.107,0.232,False,True,False
25.200,classification,GAZEBO_FAKE_YOLO11S_CLASSIFICATION camera_alignment_requested=true class=bird,CAMERA_ALIGN_TO_TARGET mode=AUTO nav_goal=NONE,AUTO,0.000,-0.350,2.107,0.232,False,True,False
25.200,bird_confirmed,True,CAMERA_ALIGN_TO_TARGET mode=AUTO nav_goal=NONE,AUTO,0.000,-0.350,2.107,0.232,False,True,False
25.200,dynamic_lock,False,CAMERA_ALIGN_TO_TARGET mode=AUTO nav_goal=NONE,AUTO,0.000,-0.350,2.107,0.232,False,True,False
25.300,camera_alignment,CAMERA_ALIGNMENT mode=logical centered=False bearing=-1.959 tilt_cmd=-0.576 joint_publish=False,CAMERA_ALIGN_TO_TARGET mode=AUTO nav_goal=NONE,AUTO,0.000,-0.350,2.107,0.232,False,True,False
25.300,classification,GAZEBO_FAKE_YOLO11S_CLASSIFICATION camera_alignment_requested=true class=bird,CAMERA_ALIGN_TO_TARGET mode=AUTO nav_goal=NONE,AUTO,0.000,-0.350,2.107,0.232,False,True,False
25.300,bird_confirmed,True,CAMERA_ALIGN_TO_TARGET mode=AUTO nav_goal=NONE,AUTO,0.000,-0.350,2.107,0.232,False,True,False
25.400,dynamic_lock,False,CAMERA_ALIGN_TO_TARGET mode=AUTO nav_goal=NONE,AUTO,0.000,-0.350,2.107,0.232,False,True,False
25.400,camera_alignment,CAMERA_ALIGNMENT mode=logical centered=False bearing=-1.959 tilt_cmd=-0.576 joint_publish=False,CAMERA_ALIGN_TO_TARGET mode=AUTO nav_goal=NONE,AUTO,0.000,-0.350,2.107,0.232,False,True,False
25.400,sound_state,IDLE_NO_REQUEST,CAMERA_ALIGN_TO_TARGET mode=AUTO nav_goal=NONE,AUTO,0.000,-0.350,2.107,0.232,False,True,False
25.400,sound_done,False,CAMERA_ALIGN_TO_TARGET mode=AUTO nav_goal=NONE,AUTO,0.000,-0.350,2.107,0.232,False,True,False
25.400,classification,GAZEBO_FAKE_YOLO11S_CLASSIFICATION camera_alignment_requested=true class=bird,CAMERA_ALIGN_TO_TARGET mode=AUTO nav_goal=NONE,AUTO,0.000,-0.350,2.107,0.232,False,True,False
25.400,bird_confirmed,True,CAMERA_ALIGN_TO_TARGET mode=AUTO nav_goal=NONE,AUTO,0.000,-0.350,2.107,0.232,False,True,False
25.400,mission_state,CAMERA_ALIGN_TO_TARGET mode=AUTO nav_goal=NONE,CAMERA_ALIGN_TO_TARGET mode=AUTO nav_goal=NONE,AUTO,0.000,-0.350,2.107,0.232,False,True,False
25.400,mission_event,timestamp=25.400 mission_id=0 target_mission_id=1 state=CAMERA_ALIGN_TO_TARGET event_type=CAMERA_AIM_REQUESTED reason=aligning waypoint_index=1,CAMERA_ALIGN_TO_TARGET mode=AUTO nav_goal=NONE,AUTO,0.000,-0.350,2.107,0.232,False,True,False
25.500,camera_alignment,CAMERA_ALIGNMENT mode=logical centered=False bearing=-1.959 tilt_cmd=-0.576 joint_publish=False,CAMERA_ALIGN_TO_TARGET mode=AUTO nav_goal=NONE,AUTO,0.000,-0.350,2.107,0.232,False,True,False
25.500,classification,GAZEBO_FAKE_YOLO11S_CLASSIFICATION camera_alignment_requested=true class=bird,CAMERA_ALIGN_TO_TARGET mode=AUTO nav_goal=NONE,AUTO,0.000,-0.350,2.107,0.232,False,True,False
25.500,bird_confirmed,True,CAMERA_ALIGN_TO_TARGET mode=AUTO nav_goal=NONE,AUTO,0.000,-0.350,2.107,0.232,False,True,False
