time_sec,trial_id,goal_x,goal_y,goal_yaw,robot_x,robot_y,robot_yaw,target_error_m,nav_state,nav_success
1.5,1,1.0,0.0,0.0,1.3969267968650826e-19,3.8163251738441098e-25,-3.887871057083844e-24,1.0,IDLE_NO_GOAL,False
1.5,1,1.0,0.0,0.0,-2.0934221606438917e-20,2.808691786585286e-24,4.0601143545233094e-24,1.0,IDLE_NO_GOAL,False
1.5,1,1.0,0.0,0.0,-2.0934221606438917e-20,2.808691786585286e-24,4.0601143545233094e-24,1.0,GOAL_RECEIVED frame=odom x=1.000 y=0.000,False
1.6,1,1.0,0.0,0.0,-2.225241114925336e-19,1.5677490144636132e-23,6.224933615469759e-24,1.0,TRACKING distance=1.000 heading_error=0.000 linear=0.350 angular=0.000 ,False
1.6,1,1.0,0.0,0.0,-2.493094562382343e-19,1.761188619473493e-23,1.4403693186252289e-24,1.0,TRACKING distance=1.000 heading_error=0.000 linear=0.350 angular=0.000 ,False
1.7000000000000002,1,1.0,0.0,0.0,1.3476679122508813e-05,3.6134498233875747e-06,-4.1539039884302814e-05,0.999986523327406,TRACKING distance=1.000 heading_error=0.000 linear=0.350 angular=0.000 ,False
1.7000000000000002,1,1.0,0.0,0.0,1.3476679122508813e-05,3.6134498233875747e-06,-4.1539039884302814e-05,0.999986523327406,TRACKING distance=1.000 heading_error=0.000 linear=0.350 angular=0.000 ,False
1.8,1,1.0,0.0,0.0,1.4484621489324987e-05,3.641042656604987e-06,-6.30335344714692e-05,0.9999855153851394,TRACKING distance=1.000 heading_error=0.000 linear=0.350 angular=0.000 ,False
1.8,1,1.0,0.0,0.0,1.4484621489324987e-05,3.641042656604987e-06,-6.30335344714692e-05,0.9999855153851394,TRACKING distance=1.000 heading_error=0.000 linear=0.350 angular=0.000 ,False
1.9000000000000001,1,1.0,0.0,0.0,0.007138592153685602,4.244655772027002e-06,-6.389852819700765e-05,0.9928614078553877,TRACKING distance=0.994 heading_error=0.000 linear=0.350 angular=0.000 ,False
1.9000000000000001,1,1.0,0.0,0.0,0.007138592153685602,4.244655772027002e-06,-6.389852819700765e-05,0.9928614078553877,TRACKING distance=0.994 heading_error=0.000 linear=0.350 angular=0.000 ,False
2.0,1,1.0,0.0,0.0,0.025819116424034273,3.1791666044984755e-06,-7.607673777715448e-05,0.9741808835811533,TRACKING distance=0.976 heading_error=0.000 linear=0.350 angular=0.000 ,False
2.0,1,1.0,0.0,0.0,0.025819116424034273,3.1791666044984755e-06,-7.607673777715448e-05,0.9741808835811533,TRACKING distance=0.976 heading_error=0.000 linear=0.350 angular=0.000 ,False
2.1,1,1.0,0.0,0.0,0.04499750378558982,3.3800782840757913e-06,-7.770348681100055e-05,0.9550024962203918,TRACKING distance=0.957 heading_error=0.000 linear=0.350 angular=0.000 ,False
2.1,1,1.0,0.0,0.0,0.04499750378558982,3.3800782840757913e-06,-7.770348681100055e-05,0.9550024962203918,TRACKING distance=0.957 heading_error=0.000 linear=0.350 angular=0.000 ,False
2.2,1,1.0,0.0,0.0,0.06225326820275084,1.980564271893093e-06,-7.20455552645415e-05,0.9377467317993408,TRACKING distance=0.938 heading_error=0.000 linear=0.350 angular=0.000 ,False
2.2,1,1.0,0.0,0.0,0.0641729412585175,2.127532367159967e-06,-7.472729218009418e-05,0.9358270587439009,TRACKING distance=0.938 heading_error=0.000 linear=0.350 angular=0.000 ,False
2.3000000000000003,1,1.0,0.0,0.0,0.08143078409722515,-6.357582571480446e-07,-8.084157936609725e-05,0.9185692159029949,TRACKING distance=0.919 heading_error=0.000 linear=0.350 angular=0.000 ,False
2.3000000000000003,1,1.0,0.0,0.0,0.08143078409722515,-6.357582571480446e-07,-8.084157936609725e-05,0.9185692159029949,TRACKING distance=0.919 heading_error=0.000 linear=0.350 angular=0.000 ,False
2.4000000000000004,1,1.0,0.0,0.0,0.10252733413189054,-2.3115096773696245e-06,-8.431164131132888e-05,0.8974726658710862,TRACKING distance=0.899 heading_error=0.000 linear=0.350 angular=0.000 ,False
2.4000000000000004,1,1.0,0.0,0.0,0.10252733413189054,-2.3115096773696245e-06,-8.431164131132888e-05,0.8974726658710862,TRACKING distance=0.899 heading_error=0.000 linear=0.350 angular=0.000 ,False
2.5,1,1.0,0.0,0.0,0.11978507835961398,-2.85359946519856e-06,-8.098198215920609e-05,0.8802149216450117,TRACKING distance=0.880 heading_error=0.000 linear=0.350 angular=0.000 ,False
2.5,1,1.0,0.0,0.0,0.11978507835961398,-2.85359946519856e-06,-8.098198215920609e-05,0.8802149216450117,TRACKING distance=0.880 heading_error=0.000 linear=0.350 angular=0.000 ,False
2.6,1,1.0,0.0,0.0,0.13896210653479996,-3.348343957030121e-06,-8.55591388487372e-05,0.8610378934717104,TRACKING distance=0.861 heading_error=0.000 linear=0.350 angular=0.000 ,False
2.6,1,1.0,0.0,0.0,0.13896210653479996,-3.348343957030121e-06,-8.55591388487372e-05,0.8610378934717104,TRACKING distance=0.861 heading_error=0.000 linear=0.350 angular=0.000 ,False
2.7,1,1.0,0.0,0.0,0.1600546023856668,-7.045943497967085e-06,-8.873759678510872e-05,0.8399453976438859,TRACKING distance=0.842 heading_error=0.000 linear=0.350 angular=0.000 ,False
2.7,1,1.0,0.0,0.0,0.1600546023856668,-7.045943497967085e-06,-8.873759678510872e-05,0.8399453976438859,TRACKING distance=0.842 heading_error=0.000 linear=0.350 angular=0.000 ,False
2.8000000000000003,1,1.0,0.0,0.0,0.17731514578367535,-9.128170178751524e-06,-8.883257037416369e-05,0.8226848542669658,TRACKING distance=0.823 heading_error=0.000 linear=0.350 angular=0.000 ,False
2.8000000000000003,1,1.0,0.0,0.0,0.17731514578367535,-9.128170178751524e-06,-8.883257037416369e-05,0.8226848542669658,TRACKING distance=0.823 heading_error=0.000 linear=0.350 angular=0.000 ,False
2.9000000000000004,1,1.0,0.0,0.0,0.1964904478087832,-8.724900895795294e-06,-9.92330411721825e-05,0.8035095522385864,TRACKING distance=0.804 heading_error=0.000 linear=0.350 angular=0.000 ,False
2.9000000000000004,1,1.0,0.0,0.0,0.19840680468130664,-7.959153803758056e-06,-0.00010195803559844947,0.8015931953582072,TRACKING distance=0.804 heading_error=0.000 linear=0.350 angular=0.000 ,False
3.0,1,1.0,0.0,0.0,0.21566652235343597,-1.1425135040852408e-05,-0.00011225916986856372,0.7843334777297771,TRACKING distance=0.784 heading_error=0.000 linear=0.350 angular=0.000 ,False
3.0,1,1.0,0.0,0.0,0.21758425718218402,-1.1289537528191984e-05,-0.00011245004704407695,0.7824157428992649,TRACKING distance=0.784 heading_error=0.000 linear=0.350 angular=0.000 ,False
3.1,1,1.0,0.0,0.0,0.23676059043332062,-1.329981459073955e-05,-0.00011218535294079228,0.7632394096825572,TRACKING distance=0.765 heading_error=0.000 linear=0.350 angular=0.000 ,False
3.1,1,1.0,0.0,0.0,0.23676059043332062,-1.329981459073955e-05,-0.00011218535294079228,0.7632394096825572,TRACKING distance=0.765 heading_error=0.000 linear=0.350 angular=0.000 ,False
3.3000000000000003,1,1.0,0.0,0.0,0.27319160480986665,-1.7860722059431833e-05,-0.00011605698112487873,0.7268083954095897,TRACKING distance=0.727 heading_error=0.000 linear=0.350 angular=0.000 ,False
3.3000000000000003,1,1.0,0.0,0.0,0.27511107193450907,-1.795667150269686e-05,-0.00011833175109970076,0.7248889282878987,TRACKING distance=0.727 heading_error=0.000 linear=0.350 angular=0.000 ,False
3.4000000000000004,1,1.0,0.0,0.0,0.2923669776726804,-1.9260171552273538e-05,-0.0001154237011731154,0.7076330225894288,TRACKING distance=0.708 heading_error=0.000 linear=0.350 angular=0.000 ,False
3.4000000000000004,1,1.0,0.0,0.0,0.2923669776726804,-1.9260171552273538e-05,-0.0001154237011731154,0.7076330225894288,TRACKING distance=0.708 heading_error=0.000 linear=0.350 angular=0.000 ,False
3.5,1,1.0,0.0,0.0,0.311543770122339,-2.229124350419468e-05,-0.00011676888400919388,0.6884562302385405,TRACKING distance=0.688 heading_error=0.000 linear=0.350 angular=0.000 ,False
3.5,1,1.0,0.0,0.0,0.311543770122339,-2.229124350419468e-05,-0.00011676888400919388,0.6884562302385405,TRACKING distance=0.688 heading_error=0.000 linear=0.350 angular=0.000 ,False
3.6,1,1.0,0.0,0.0,0.33263926757376644,-2.512418094726887e-05,-0.00011255822913704059,0.6673607328991596,TRACKING distance=0.669 heading_error=0.000 linear=0.350 angular=0.000 ,False
3.6,1,1.0,0.0,0.0,0.33263926757376644,-2.512418094726887e-05,-0.00011255822913704059,0.6673607328991596,TRACKING distance=0.669 heading_error=0.000 linear=0.350 angular=0.000 ,False
3.7,1,1.0,0.0,0.0,0.3499004764415537,-2.5687602958865108e-05,-0.000112218281475488,0.6500995240659478,TRACKING distance=0.650 heading_error=0.000 linear=0.350 angular=0.000 ,False
3.7,1,1.0,0.0,0.0,0.3499004764415537,-2.5687602958865108e-05,-0.000112218281475488,0.6500995240659478,TRACKING distance=0.650 heading_error=0.000 linear=0.350 angular=0.000 ,False
3.8000000000000003,1,1.0,0.0,0.0,0.3690781880398259,-2.98332142940685e-05,-0.00011307857008211227,0.6309218126655076,TRACKING distance=0.631 heading_error=0.000 linear=0.347 angular=0.000 ,False
3.8000000000000003,1,1.0,0.0,0.0,0.37099307790939573,-2.9939537846437498e-05,-0.00011343127867706247,0.6290069228031369,TRACKING distance=0.631 heading_error=0.000 linear=0.347 angular=0.000 ,False
3.9000000000000004,1,1.0,0.0,0.0,0.3882526329887871,-3.144293084624163e-05,-0.00010773608251227058,0.6117473678192735,TRACKING distance=0.612 heading_error=0.000 linear=0.336 angular=0.000 ,False
3.9000000000000004,1,1.0,0.0,0.0,0.3882526329887871,-3.144293084624163e-05,-0.00010773608251227058,0.6117473678192735,TRACKING distance=0.612 heading_error=0.000 linear=0.336 angular=0.000 ,False
4.0,1,1.0,0.0,0.0,0.40742850371114203,-3.4689601009388734e-05,-0.0001108443283039551,0.5925714973042362,TRACKING distance=0.593 heading_error=0.000 linear=0.326 angular=0.000 ,False
4.0,1,1.0,0.0,0.0,0.4093457017776733,-3.442913960828797e-05,-0.00011249459406706388,0.590654299225761,TRACKING distance=0.593 heading_error=0.000 linear=0.326 angular=0.000 ,False
4.1000000000000005,1,1.0,0.0,0.0,0.4285216827849488,-3.70886537773209e-05,-0.00011218737910299454,0.5714783184185687,TRACKING distance=0.573 heading_error=0.000 linear=0.315 angular=0.000 ,False
4.1000000000000005,1,1.0,0.0,0.0,0.4285216827849488,-3.70886537773209e-05,-0.00011218737910299454,0.5714783184185687,TRACKING distance=0.573 heading_error=0.000 linear=0.315 angular=0.000 ,False
4.2,1,1.0,0.0,0.0,0.4457767926331584,-3.9024701433989164e-05,-0.00010268766132856965,0.5542232087407712,TRACKING distance=0.554 heading_error=0.000 linear=0.305 angular=0.000 ,False
4.2,1,1.0,0.0,0.0,0.447695937874859,-3.8698250010277625e-05,-0.00010571107544995094,0.5523040634808747,TRACKING distance=0.554 heading_error=0.000 linear=0.305 angular=0.000 ,False
4.300000000000001,1,1.0,0.0,0.0,0.4649518588251224,-4.021136492627324e-05,-0.00012998330244230516,0.5350481426859134,TRACKING distance=0.535 heading_error=0.000 linear=0.294 angular=0.000 ,False
4.300000000000001,1,1.0,0.0,0.0,0.4668714942330801,-4.0526703468831436e-05,-0.00013117712368393978,0.5331285073072743,TRACKING distance=0.535 heading_error=0.000 linear=0.294 angular=0.000 ,False
4.4,1,1.0,0.0,0.0,0.4860472288522805,-4.2579432045864715e-05,-0.00013062709182115102,0.513952772911508,TRACKING distance=0.516 heading_error=0.000 linear=0.284 angular=0.000 ,False
4.4,1,1.0,0.0,0.0,0.4860472288522805,-4.2579432045864715e-05,-0.00013062709182115102,0.513952772911508,TRACKING distance=0.514 heading_error=0.000 linear=0.283 angular=0.000 ,False
4.5,1,1.0,0.0,0.0,0.5052221533329159,-4.596931970589626e-05,-0.00013259218862913017,0.4947778488025661,TRACKING distance=0.497 heading_error=0.000 linear=0.273 angular=0.000 ,False
4.5,1,1.0,0.0,0.0,0.5052221533329159,-4.596931970589626e-05,-0.00013259218862913017,0.4947778488025661,TRACKING distance=0.497 heading_error=0.000 linear=0.273 angular=0.000 ,False
4.6000000000000005,1,1.0,0.0,0.0,0.5243977898033838,-4.697848548464289e-05,-0.00014583084716287433,0.47560221251680945,TRACKING distance=0.478 heading_error=0.000 linear=0.263 angular=0.000 ,False
4.6000000000000005,1,1.0,0.0,0.0,0.5243977898033838,-4.697848548464289e-05,-0.00014583084716287433,0.47560221251680945,TRACKING distance=0.478 heading_error=0.000 linear=0.263 angular=0.000 ,False
4.7,1,1.0,0.0,0.0,0.5416576823397087,-4.9076040378771855e-05,-0.00014617135160274467,0.45834232028764826,TRACKING distance=0.458 heading_error=0.000 linear=0.252 angular=0.000 ,False
4.7,1,1.0,0.0,0.0,0.5435738051820169,-4.868369642681535e-05,-0.0001450704417711287,0.4564261974143528,TRACKING distance=0.458 heading_error=0.000 linear=0.252 angular=0.000 ,False
4.800000000000001,1,1.0,0.0,0.0,0.5608358757496364,-5.0019694072053856e-05,-0.0001463069401305337,0.4391641270989225,TRACKING distance=0.439 heading_error=0.000 linear=0.242 angular=0.000 ,False
4.800000000000001,1,1.0,0.0,0.0,0.5627508525722336,-5.2070338327382556e-05,-0.00014579847192376644,0.43724915052819574,TRACKING distance=0.439 heading_error=0.000 linear=0.242 angular=0.000 ,False
4.9,1,1.0,0.0,0.0,0.580011902674817,-5.364741922277303e-05,-0.00014014735321115336,0.4199881007515249,TRACKING distance=0.420 heading_error=0.000 linear=0.231 angular=0.000 ,False
4.9,1,1.0,0.0,0.0,0.580011902674817,-5.364741922277303e-05,-0.00014014735321115336,0.4199881007515249,TRACKING distance=0.420 heading_error=0.000 linear=0.231 angular=0.000 ,False
5.0,1,1.0,0.0,0.0,0.5991889640850916,-5.632872159416905e-05,-0.00014081741108383852,0.400811039873039,TRACKING distance=0.401 heading_error=0.000 linear=0.220 angular=0.000 ,False
5.0,1,1.0,0.0,0.0,0.5991889640850916,-5.632872159416905e-05,-0.00014081741108383852,0.400811039873039,TRACKING distance=0.401 heading_error=0.000 linear=0.220 angular=0.000 ,False
5.1000000000000005,1,1.0,0.0,0.0,0.6183655316286816,-6.144602850927046e-05,-0.00014163925959466783,0.38163447331795547,TRACKING distance=0.382 heading_error=0.000 linear=0.210 angular=0.000 ,False
5.1000000000000005,1,1.0,0.0,0.0,0.6202837298874316,-6.151353922639907e-05,-0.00014151005401010918,0.3797162750951248,TRACKING distance=0.382 heading_error=0.000 linear=0.210 angular=0.000 ,False
5.2,1,1.0,0.0,0.0,0.6375378149761789,-6.388651428458301e-05,-0.00013528500066388132,0.3624621906540452,TRACKING distance=0.362 heading_error=0.000 linear=0.199 angular=0.000 ,False
5.2,1,1.0,0.0,0.0,0.6394568949111066,-6.369659473103914e-05,-0.00013792455173347693,0.360543110715483,TRACKING distance=0.362 heading_error=0.000 linear=0.199 angular=0.000 ,False
5.300000000000001,1,1.0,0.0,0.0,0.6567130884687988,-6.719522730088093e-05,-0.00013757825189522114,0.3432869181076222,TRACKING distance=0.343 heading_error=0.000 linear=0.189 angular=0.000 ,False
5.300000000000001,1,1.0,0.0,0.0,0.658632594042504,-6.76020620079436e-05,-0.00013926951563669174,0.34136741265122056,TRACKING distance=0.343 heading_error=0.000 linear=0.189 angular=0.000 ,False
5.4,1,1.0,0.0,0.0,0.6778072470668759,-7.054136190435543e-05,-0.00014001202524493837,0.3221927606553395,TRACKING distance=0.324 heading_error=0.000 linear=0.178 angular=0.000 ,False
5.4,1,1.0,0.0,0.0,0.6778072470668759,-7.054136190435543e-05,-0.00014001202524493837,0.3221927606553395,TRACKING distance=0.324 heading_error=0.000 linear=0.178 angular=0.000 ,False
5.5,1,1.0,0.0,0.0,0.6950622054984937,-7.290869187658112e-05,-0.00014124347738939499,0.30493780321750896,TRACKING distance=0.305 heading_error=0.000 linear=0.168 angular=0.000 ,False
5.5,1,1.0,0.0,0.0,0.6950622054984937,-7.290869187658112e-05,-0.00014124347738939499,0.30493780321750896,TRACKING distance=0.305 heading_error=0.000 linear=0.168 angular=0.000 ,False
5.6000000000000005,1,1.0,0.0,0.0,0.7142369267437896,-7.513634884921208e-05,-0.00013842818641021806,0.28576308313409765,TRACKING distance=0.286 heading_error=0.000 linear=0.157 angular=0.000 ,False
5.6000000000000005,1,1.0,0.0,0.0,0.7142369267437896,-7.513634884921208e-05,-0.00013842818641021806,0.28576308313409765,TRACKING distance=0.286 heading_error=0.000 linear=0.157 angular=0.000 ,False
5.7,1,1.0,0.0,0.0,0.7334132035424072,-7.734755757567328e-05,-0.0001406808130812108,0.26658680767841203,TRACKING distance=0.267 heading_error=0.000 linear=0.147 angular=0.001 ,False
5.7,1,1.0,0.0,0.0,0.7334132035424072,-7.734755757567328e-05,-0.0001406808130812108,0.26658680767841203,TRACKING distance=0.267 heading_error=0.000 linear=0.147 angular=0.001 ,False
5.800000000000001,1,1.0,0.0,0.0,0.7525888739945494,-8.2064532533794e-05,-0.0001400962450801696,0.24741113961556468,ARRIVED distance=0.247 yaw_error=0.000,True
5.800000000000001,1,1.0,0.0,0.0,0.7525888739945494,-8.2064532533794e-05,-0.0001400962450801696,0.24741113961556468,ARRIVED distance=0.247 yaw_error=0.000,True
5.9,1,1.0,0.0,0.0,0.7717605696169528,-8.501823663735411e-05,-0.00013202684084708802,0.22823944621751605,ARRIVED distance=0.228 yaw_error=0.000,True
5.9,1,1.0,0.0,0.0,0.7736756990117796,-8.448961750737372e-05,-0.00013774215872897977,0.2263243167587214,ARRIVED distance=0.228 yaw_error=0.000,True
6.0,1,1.0,0.0,0.0,0.792852343538801,-8.660267147119575e-05,-0.00013911802547999185,0.2071476745642819,ARRIVED distance=0.209 yaw_error=0.000,True
6.0,1,1.0,0.0,0.0,0.792852343538801,-8.660267147119575e-05,-0.00013911802547999185,0.2071476745642819,ARRIVED distance=0.207 yaw_error=0.000,True
6.1000000000000005,1,1.0,0.0,0.0,0.8021669968084336,-8.84878225323436e-05,-0.00020151489635094553,0.19783302298122285,ARRIVED distance=0.198 yaw_error=0.000,True
6.1000000000000005,1,1.0,0.0,0.0,0.8023383054154465,-8.88344472476649e-05,-0.00020160640868204446,0.19766171454683967,ARRIVED distance=0.198 yaw_error=0.000,True
6.2,1,1.0,0.0,0.0,0.8023691604341038,-8.842297924577396e-05,-0.0002537830977131041,0.19763085934677374,ARRIVED distance=0.198 yaw_error=0.000,True
6.2,1,1.0,0.0,0.0,0.8023694115575614,-8.827096548489908e-05,-0.0002506551297576219,0.19763060815538647,ARRIVED distance=0.198 yaw_error=0.000,True
6.300000000000001,1,1.0,0.0,0.0,0.8023696673322224,-8.870713306072952e-05,-0.0002456464876081313,0.19763035257604514,ARRIVED distance=0.198 yaw_error=0.000,True
6.300000000000001,1,1.0,0.0,0.0,0.8023696673322224,-8.870713306072952e-05,-0.0002456464876081313,0.19763035257604514,ARRIVED distance=0.198 yaw_error=0.000,True
6.4,1,1.0,0.0,0.0,0.80236987896896,-8.866666746222334e-05,-0.0002453384080067357,0.19763014092116987,ARRIVED distance=0.198 yaw_error=0.000,True
6.4,1,1.0,0.0,0.0,0.80236987896896,-8.866666746222334e-05,-0.0002453384080067357,0.19763014092116987,ARRIVED distance=0.198 yaw_error=0.000,True
6.5,1,1.0,0.0,0.0,0.8023700701801529,-8.866968820473512e-05,-0.00024530440310580347,0.1976299497113514,ARRIVED distance=0.198 yaw_error=0.000,True
6.5,1,1.0,0.0,0.0,0.8023700701801529,-8.866968820473512e-05,-0.00024530440310580347,0.1976299497113514,ARRIVED distance=0.198 yaw_error=0.000,True
6.6000000000000005,1,2.0,0.0,0.0,0.8023703012410847,-8.867713097392103e-05,-0.0002452639667294039,1.197629702041914,ARRIVED distance=0.198 yaw_error=0.000,True
6.6000000000000005,1,2.0,0.0,0.0,0.8023703012410847,-8.867713097392103e-05,-0.0002452639667294039,1.197629702041914,GOAL_RECEIVED frame=odom x=2.000 y=0.000,False
6.6000000000000005,1,2.0,0.0,0.0,0.8023703012410847,-8.867713097392103e-05,-0.0002452639667294039,1.197629702041914,TRACKING distance=1.198 heading_error=0.000 linear=0.350 angular=0.000 ,False
6.7,1,2.0,0.0,0.0,0.8023704878957557,-8.868019764288334e-05,-0.00024523363926113033,1.1976295153874708,TRACKING distance=1.198 heading_error=0.000 linear=0.350 angular=0.000 ,False
6.7,1,2.0,0.0,0.0,0.8023705085199148,-8.867675186063747e-05,-0.00024523090015651913,1.1976294947630564,TRACKING distance=1.198 heading_error=0.000 linear=0.350 angular=0.000 ,False
6.800000000000001,1,2.0,0.0,0.0,0.8023707132128391,-8.868912702116517e-05,-0.00024519822769072225,1.1976292900710488,TRACKING distance=1.198 heading_error=0.000 linear=0.350 angular=0.000 ,False
6.800000000000001,1,2.0,0.0,0.0,0.8023707132128391,-8.868912702116517e-05,-0.00024519822769072225,1.1976292900710488,TRACKING distance=1.198 heading_error=0.000 linear=0.350 angular=0.000 ,False
6.9,1,2.0,0.0,0.0,0.8102957975336244,-8.943033573079796e-05,-0.0002534235061714466,1.1897042058276248,TRACKING distance=1.190 heading_error=0.000 linear=0.350 angular=0.000 ,False
6.9,1,2.0,0.0,0.0,0.8118846168643308,-8.98277812710911e-05,-0.0002337475609716273,1.188115386531396,TRACKING distance=1.190 heading_error=0.000 linear=0.350 angular=0.000 ,False
7.0,1,2.0,0.0,0.0,0.8310062191357218,-7.58742277809034e-05,-0.00012038718816489663,1.1689937833266086,TRACKING distance=1.171 heading_error=0.000 linear=0.350 angular=0.000 ,False
7.0,1,2.0,0.0,0.0,0.8310062191357218,-7.58742277809034e-05,-0.00012038718816489663,1.1689937833266086,TRACKING distance=1.171 heading_error=0.000 linear=0.350 angular=0.000 ,False
7.1000000000000005,1,2.0,0.0,0.0,0.8501948919873413,-7.078438614342506e-05,-6.89918244090857e-05,1.1498051101914752,TRACKING distance=1.152 heading_error=0.000 linear=0.350 angular=0.000 ,False
7.1000000000000005,1,2.0,0.0,0.0,0.8501948919873413,-7.078438614342506e-05,-6.89918244090857e-05,1.1498051101914752,TRACKING distance=1.152 heading_error=0.000 linear=0.350 angular=0.000 ,False
7.2,1,2.0,0.0,0.0,0.8693840947837291,-6.580070378765709e-05,-1.5247467127518773e-05,1.1306159071310382,TRACKING distance=1.131 heading_error=0.000 linear=0.350 angular=0.000 ,False
7.2,1,2.0,0.0,0.0,0.8693840947837291,-6.580070378765709e-05,-1.5247467127518773e-05,1.1306159071310382,TRACKING distance=1.131 heading_error=0.000 linear=0.350 angular=0.000 ,False
7.300000000000001,1,2.0,0.0,0.0,0.8866537837041051,-6.432940424551724e-05,2.990938075662502e-05,1.113346218154379,TRACKING distance=1.113 heading_error=0.000 linear=0.350 angular=0.000 ,False
7.300000000000001,1,2.0,0.0,0.0,0.8866537837041051,-6.432940424551724e-05,2.990938075662502e-05,1.113346218154379,TRACKING distance=1.113 heading_error=0.000 linear=0.350 angular=0.000 ,False
7.4,1,2.0,0.0,0.0,0.9077612993261456,-6.0034252683054346e-05,6.158277328024085e-05,1.092238702323728,TRACKING distance=1.094 heading_error=-0.000 linear=0.350 angular=-0.000 ,False
7.4,1,2.0,0.0,0.0,0.9077612993261456,-6.0034252683054346e-05,6.158277328024085e-05,1.092238702323728,TRACKING distance=1.094 heading_error=-0.000 linear=0.350 angular=-0.000 ,False
7.500000000000001,1,2.0,0.0,0.0,0.9250309705521954,-5.780500277107563e-05,7.300306388420829e-05,1.0749690310019973,TRACKING distance=1.075 heading_error=-0.000 linear=0.350 angular=-0.000 ,False
7.500000000000001,1,2.0,0.0,0.0,0.9250309705521954,-5.780500277107563e-05,7.300306388420829e-05,1.0749690310019973,TRACKING distance=1.075 heading_error=-0.000 linear=0.350 angular=-0.000 ,False
7.6000000000000005,1,2.0,0.0,0.0,0.9461389371420041,-5.449068637140005e-05,7.600481846816019e-05,1.053861064266737,TRACKING distance=1.056 heading_error=-0.000 linear=0.350 angular=-0.000 ,False
7.6000000000000005,1,2.0,0.0,0.0,0.9461389371420041,-5.449068637140005e-05,7.600481846816019e-05,1.053861064266737,TRACKING distance=1.054 heading_error=-0.000 linear=0.350 angular=-0.000 ,False
7.7,1,2.0,0.0,0.0,0.9634102428156813,-5.0099382916116e-05,6.991707307800575e-05,1.0365897583949943,TRACKING distance=1.037 heading_error=-0.000 linear=0.350 angular=-0.000 ,False
7.7,1,2.0,0.0,0.0,0.9653280231687432,-5.032085302139036e-05,6.89269038295661e-05,1.0346719780549238,TRACKING distance=1.037 heading_error=-0.000 linear=0.350 angular=-0.000 ,False
7.800000000000001,1,2.0,0.0,0.0,0.9825986007633865,-4.8386714636869064e-05,6.486490933648101e-05,1.0174014003872283,TRACKING distance=1.017 heading_error=-0.000 linear=0.350 angular=-0.000 ,False
7.800000000000001,1,2.0,0.0,0.0,0.9845170945167038,-4.8523691712027876e-05,6.430894595671707e-05,1.015482906642621,TRACKING distance=1.017 heading_error=-0.000 linear=0.350 angular=-0.000 ,False
7.9,1,2.0,0.0,0.0,1.0017871769831352,-4.477935547726575e-05,5.4014209551160124e-05,0.9982128240212551,TRACKING distance=0.998 heading_error=-0.000 linear=0.350 angular=-0.000 ,False
7.9,1,2.0,0.0,0.0,1.0037071807414915,-4.437760070500693e-05,5.284194682700061e-05,0.9962928202468583,TRACKING distance=0.998 heading_error=-0.000 linear=0.350 angular=-0.000 ,False
8.0,1,2.0,0.0,0.0,1.0209757468444007,-4.165674354833311e-05,4.225440502352957e-05,0.9790242540418308,TRACKING distance=0.979 heading_error=0.000 linear=0.350 angular=0.000 ,False
8.0,1,2.0,0.0,0.0,1.0228960529665931,-4.1647045289238806e-05,4.1980952091582624e-05,0.9771039479209667,TRACKING distance=0.979 heading_error=0.000 linear=0.350 angular=0.000 ,False
8.1,1,2.0,0.0,0.0,1.0401644422993759,-3.8501618935701407e-05,3.787008028525161e-05,0.9598355584728265,TRACKING distance=0.960 heading_error=0.000 linear=0.350 angular=0.000 ,False
8.1,1,2.0,0.0,0.0,1.0420844821263537,-3.7228040863158455e-05,3.7713118142006814e-05,0.957915518597054,TRACKING distance=0.960 heading_error=0.000 linear=0.350 angular=0.000 ,False
8.200000000000001,1,2.0,0.0,0.0,1.059354943424864,-2.2376111926215424e-05,3.417970224656901e-05,0.9406450568412781,TRACKING distance=0.941 heading_error=-0.000 linear=0.350 angular=-0.000 ,False
8.200000000000001,1,2.0,0.0,0.0,1.0612744934646399,-1.9295692815387807e-05,3.508471241650468e-05,0.9387255067336736,TRACKING distance=0.941 heading_error=-0.000 linear=0.350 angular=-0.000 ,False
8.200000000000001,1,2.2626119143031715,0.3369437069088291,0.27681589411013985,1.0766279193781336,-6.2960885074072506e-06,3.928738292804649e-05,1.2329206546806883,OBJECT_GOAL_PUBLISHED,
8.3,1,2.0,0.0,0.0,1.0804648018662553,-2.9225630797581303e-06,4.080936924593051e-05,0.9195351981383891,TRACKING distance=0.921 heading_error=-0.000 linear=0.350 angular=-0.000 ,False
8.3,1,2.0,0.0,0.0,1.0804648018662553,-2.9225630797581303e-06,4.080936924593051e-05,0.9195351981383891,TRACKING distance=0.921 heading_error=-0.000 linear=0.350 angular=-0.000 ,False
8.4,1,2.0,0.0,0.0,1.0977352900891908,2.7071761964487785e-06,3.8162693885579066e-05,0.9022647099148705,TRACKING distance=0.902 heading_error=-0.000 linear=0.350 angular=-0.000 ,False
8.4,1,2.2626119143031715,0.3369437069088291,0.27681589411013985,1.0996544658206433,3.716223354270605e-06,3.917691071136556e-05,1.210784284794001,TRACKING distance=0.902 heading_error=-0.000 linear=0.350 angular=-0.000 ,False
8.4,1,2.2626119143031715,0.3369437069088291,0.27681589411013985,1.0996544658206433,3.716223354270605e-06,3.917691071136556e-05,1.210784284794001,GOAL_RECEIVED frame=odom x=2.263 y=0.337,False
8.5,1,2.2626119143031715,0.3369437069088291,0.27681589411013985,1.1169258543719585,1.2789119390507906e-05,4.194411155919421e-05,1.1942022405284378,TRACKING distance=1.194 heading_error=0.286 linear=0.350 angular=0.343 ,False
8.5,1,2.2626119143031715,0.3369437069088291,0.27681589411013985,1.1169258543719585,1.2789119390507906e-05,4.194411155919421e-05,1.1942022405284378,TRACKING distance=1.194 heading_error=0.286 linear=0.350 angular=0.343 ,False
8.600000000000001,1,2.2626119143031715,0.3369437069088291,0.27681589411013985,1.1380337896812425,1.3373817784851461e-05,3.903686657516749e-05,1.1739667830628842,TRACKING distance=1.176 heading_error=0.291 linear=0.350 angular=0.349 ,False
8.600000000000001,1,2.2626119143031715,0.3369437069088291,0.27681589411013985,1.1380337896812425,1.3373817784851461e-05,3.903686657516749e-05,1.1739667830628842,TRACKING distance=1.176 heading_error=0.291 linear=0.350 angular=0.349 ,False
8.700000000000001,1,2.2626119143031715,0.3369437069088291,0.27681589411013985,1.1572234566222013,1.6352427726784836e-05,2.946568663606637e-05,1.1555966790242815,TRACKING distance=1.157 heading_error=0.295 linear=0.350 angular=0.354 ,False
8.700000000000001,1,2.2626119143031715,0.3369437069088291,0.27681589411013985,1.1572234566222013,1.6352427726784836e-05,2.946568663606637e-05,1.1555966790242815,TRACKING distance=1.157 heading_error=0.295 linear=0.350 angular=0.354 ,False
8.8,1,2.2626119143031715,0.3369437069088291,0.27681589411013985,1.1742691195261308,0.0001433634079220558,0.006811399980164105,1.1392648991017975,TRACKING distance=1.139 heading_error=0.293 linear=0.350 angular=0.352 ,False
8.8,1,2.2626119143031715,0.3369437069088291,0.27681589411013985,1.1742691195261308,0.0001433634079220558,0.006811399980164105,1.1392648991017975,TRACKING distance=1.139 heading_error=0.293 linear=0.350 angular=0.352 ,False
8.9,1,2.2626119143031715,0.3369437069088291,0.27681589411013985,1.193144740753754,0.0004987835492431029,0.0251307107388051,1.1211401436725996,TRACKING distance=1.121 heading_error=0.280 linear=0.350 angular=0.336 ,False
8.9,1,2.2626119143031715,0.3369437069088291,0.27681589411013985,1.1949702274762088,0.0005221833349515145,0.02743916010690083,1.1193918942776437,TRACKING distance=1.121 heading_error=0.280 linear=0.350 angular=0.336 ,False
9.0,1,2.2626119143031715,0.3369437069088291,0.27681589411013985,1.212682911841941,0.0016117228290186642,0.048993090910993374,1.1021789554133832,TRACKING distance=1.102 heading_error=0.260 linear=0.350 angular=0.312 ,False
9.0,1,2.2626119143031715,0.3369437069088291,0.27681589411013985,1.2144576593769998,0.0017120863136476775,0.051410196661574474,1.1004578963171239,TRACKING distance=1.102 heading_error=0.260 linear=0.350 angular=0.312 ,False
9.100000000000001,1,2.2626119143031715,0.3369437069088291,0.27681589411013985,1.2315986518133648,0.0027276747245838753,0.07433674342261608,1.083830569599721,TRACKING distance=1.084 heading_error=0.239 linear=0.350 angular=0.287 ,False
9.100000000000001,1,2.2626119143031715,0.3369437069088291,0.27681589411013985,1.2333007359470445,0.003085363566626909,0.0771032363673193,1.0821011483720357,TRACKING distance=1.084 heading_error=0.239 linear=0.350 angular=0.287 ,False
9.200000000000001,1,2.2626119143031715,0.3369437069088291,0.27681589411013985,1.250041003867748,0.0042830878990933255,0.10248455855708234,1.0658156201238387,TRACKING distance=1.066 heading_error=0.215 linear=0.350 angular=0.258 ,False
9.200000000000001,1,2.2626119143031715,0.3369437069088291,0.27681589411013985,1.250041003867748,0.0042830878990933255,0.10248455855708234,1.0658156201238387,TRACKING distance=1.066 heading_error=0.215 linear=0.350 angular=0.258 ,False
9.3,1,2.2626119143031715,0.3369437069088291,0.27681589411013985,1.268669302073163,0.006675407987791192,0.13147903673548014,1.0473772317932108,TRACKING distance=1.047 heading_error=0.189 linear=0.350 angular=0.227 ,False
9.3,1,2.2626119143031715,0.3369437069088291,0.27681589411013985,1.2707004190525177,0.007165431178279413,0.13443906167887323,1.0452952336800365,TRACKING distance=1.047 heading_error=0.189 linear=0.350 angular=0.227 ,False
9.4,1,2.2626119143031715,0.3369437069088291,0.27681589411013985,1.2878511258017653,0.009496205179285604,0.15869780967385613,1.0282900666586265,TRACKING distance=1.028 heading_error=0.165 linear=0.350 angular=0.198 ,False
9.4,1,2.2626119143031715,0.3369437069088291,0.27681589411013985,1.2878511258017653,0.009496205179285604,0.15869780967385613,1.0282900666586265,TRACKING distance=1.028 heading_error=0.165 linear=0.350 angular=0.198 ,False
9.5,1,2.2626119143031715,0.3369437069088291,0.27681589411013985,1.3065723996879253,0.012488976312612067,0.18357504101921024,1.0095951791247912,TRACKING distance=1.010 heading_error=0.144 linear=0.350 angular=0.172 ,False
9.5,1,2.2626119143031715,0.3369437069088291,0.27681589411013985,1.3065723996879253,0.012488976312612067,0.18357504101921024,1.0095951791247912,TRACKING distance=1.010 heading_error=0.144 linear=0.350 angular=0.172 ,False
9.600000000000001,1,2.2626119143031715,0.3369437069088291,0.27681589411013985,1.3250943283856866,0.016304089576363794,0.20889438119820378,0.9908324722715028,TRACKING distance=0.991 heading_error=0.121 linear=0.350 angular=0.145 ,False
9.600000000000001,1,2.2626119143031715,0.3369437069088291,0.27681589411013985,1.3268598031386034,0.016453890867907335,0.2111788511186136,0.9891136111361981,TRACKING distance=0.991 heading_error=0.121 linear=0.350 angular=0.145 ,False
9.700000000000001,1,2.2626119143031715,0.3369437069088291,0.27681589411013985,1.3453406235683187,0.020869903268131703,0.23186457872992358,0.9702006339692224,TRACKING distance=0.972 heading_error=0.102 linear=0.350 angular=0.122 ,False
9.700000000000001,1,2.2626119143031715,0.3369437069088291,0.27681589411013985,1.3453406235683187,0.020869903268131703,0.23186457872992358,0.9702006339692224,TRACKING distance=0.972 heading_error=0.102 linear=0.350 angular=0.122 ,False
9.9,1,2.2626119143031715,0.3369437069088291,0.27681589411013985,1.3802423953911804,0.030328580107483093,0.2636879584097333,0.934124619035589,TRACKING distance=0.934 heading_error=0.071 linear=0.350 angular=0.085 ,False
9.9,1,2.2626119143031715,0.3369437069088291,0.27681589411013985,1.3802423953911804,0.030328580107483093,0.2636879584097333,0.934124619035589,TRACKING distance=0.934 heading_error=0.071 linear=0.350 angular=0.085 ,False
10.0,1,2.2626119143031715,0.3369437069088291,0.27681589411013985,1.4004230486369393,0.03581603089067892,0.2782565641642623,0.9132620200922166,TRACKING distance=0.915 heading_error=0.059 linear=0.350 angular=0.070 ,False
10.0,1,2.2626119143031715,0.3369437069088291,0.27681589411013985,1.4004230486369393,0.03581603089067892,0.2782565641642623,0.9132620200922166,TRACKING distance=0.915 heading_error=0.059 linear=0.350 angular=0.070 ,False
10.100000000000001,1,2.2626119143031715,0.3369437069088291,0.27681589411013985,1.4168352181705917,0.04081482630123148,0.28743043119500117,0.8961197094422436,TRACKING distance=0.896 heading_error=0.049 linear=0.350 angular=0.059 ,False
10.100000000000001,1,2.2626119143031715,0.3369437069088291,0.27681589411013985,1.4186830026479709,0.041265230162201426,0.2884166918005562,0.8942269116609819,TRACKING distance=0.896 heading_error=0.049 linear=0.350 angular=0.059 ,False
10.200000000000001,1,2.2626119143031715,0.3369437069088291,0.27681589411013985,1.436868499631638,0.046740805054405796,0.2974916842374155,0.8752541980008619,TRACKING distance=0.877 heading_error=0.041 linear=0.350 angular=0.049 ,False
10.200000000000001,1,2.2626119143031715,0.3369437069088291,0.27681589411013985,1.436868499631638,0.046740805054405796,0.2974916842374155,0.8752541980008619,TRACKING distance=0.877 heading_error=0.041 linear=0.350 angular=0.049 ,False
10.3,1,2.2626119143031715,0.3369437069088291,0.27681589411013985,1.4550871276800437,0.052308797031742724,0.30411618220033954,0.856220364702607,TRACKING distance=0.858 heading_error=0.035 linear=0.350 angular=0.042 ,False
10.3,1,2.2626119143031715,0.3369437069088291,0.27681589411013985,1.4550871276800437,0.052308797031742724,0.30411618220033954,0.856220364702607,TRACKING distance=0.858 heading_error=0.035 linear=0.350 angular=0.042 ,False
10.4,1,2.2626119143031715,0.3369437069088291,0.27681589411013985,1.4714856969478058,0.05761150030526412,0.3094795392047503,0.8389917600507326,TRACKING distance=0.839 heading_error=0.030 linear=0.350 angular=0.036 ,False
10.4,1,2.2626119143031715,0.3369437069088291,0.27681589411013985,1.473322977324125,0.05814803680110589,0.31017122442176764,0.8370806721626821,TRACKING distance=0.839 heading_error=0.030 linear=0.350 angular=0.036 ,False
10.5,1,2.2626119143031715,0.3369437069088291,0.27681589411013985,1.491451622855183,0.0640824697691494,0.31621589456521243,0.818010666091551,TRACKING distance=0.820 heading_error=0.024 linear=0.350 angular=0.029 ,False
10.5,1,2.2626119143031715,0.3369437069088291,0.27681589411013985,1.491451622855183,0.0640824697691494,0.31621589456521243,0.818010666091551,TRACKING distance=0.820 heading_error=0.024 linear=0.350 angular=0.029 ,False
10.600000000000001,1,2.2626119143031715,0.3369437069088291,0.27681589411013985,1.5095652283797283,0.07014536344876302,0.3205646555427553,0.7989121774346141,TRACKING distance=0.801 heading_error=0.020 linear=0.350 angular=0.024 ,False
10.600000000000001,1,2.2626119143031715,0.3369437069088291,0.27681589411013985,1.5095652283797283,0.07014536344876302,0.3205646555427553,0.7989121774346141,TRACKING distance=0.799 heading_error=0.020 linear=0.350 angular=0.024 ,False
10.700000000000001,1,2.2626119143031715,0.3369437069088291,0.27681589411013985,1.527772887555749,0.07621387109964219,0.32339711829256507,0.7797233115100412,TRACKING distance=0.780 heading_error=0.018 linear=0.350 angular=0.021 ,False
10.700000000000001,1,2.2626119143031715,0.3369437069088291,0.27681589411013985,1.527772887555749,0.07621387109964219,0.32339711829256507,0.7797233115100412,TRACKING distance=0.780 heading_error=0.018 linear=0.350 angular=0.021 ,False
10.8,1,2.2626119143031715,0.3369437069088291,0.27681589411013985,1.5441060511466878,0.08171632629118139,0.325335646477296,0.7624904531908511,TRACKING distance=0.762 heading_error=0.016 linear=0.350 angular=0.019 ,False
10.8,1,2.2626119143031715,0.3369437069088291,0.27681589411013985,1.5441060511466878,0.08171632629118139,0.325335646477296,0.7624904531908511,TRACKING distance=0.762 heading_error=0.016 linear=0.350 angular=0.019 ,False
10.9,1,2.2626119143031715,0.3369437069088291,0.27681589411013985,1.5622529816706394,0.08790223280981853,0.3271571508617336,0.7433197766369383,TRACKING distance=0.743 heading_error=0.014 linear=0.350 angular=0.017 ,False
10.9,1,2.2626119143031715,0.3369437069088291,0.27681589411013985,1.5640435980761112,0.0885222882986987,0.3273094104688807,0.7414249076343334,TRACKING distance=0.743 heading_error=0.014 linear=0.350 angular=0.017 ,False
11.0,1,2.2626119143031715,0.3369437069088291,0.27681589411013985,1.5803749961583682,0.09411045137992574,0.32883140641975894,0.7241651762343208,TRACKING distance=0.724 heading_error=0.013 linear=0.350 angular=0.016 ,False
11.0,1,2.2626119143031715,0.3369437069088291,0.27681589411013985,1.582183836104244,0.09471489489594036,0.3290245583899036,0.7222583796472432,TRACKING distance=0.724 heading_error=0.013 linear=0.350 angular=0.016 ,False
11.100000000000001,1,2.2626119143031715,0.3369437069088291,0.27681589411013985,1.598485869555821,0.10035090198369247,0.3305983218833071,0.7050103252109884,TRACKING distance=0.705 heading_error=0.012 linear=0.350 angular=0.014 ,False
11.100000000000001,1,2.2626119143031715,0.3369437069088291,0.27681589411013985,1.598485869555821,0.10035090198369247,0.3305983218833071,0.7050103252109884,TRACKING distance=0.705 heading_error=0.012 linear=0.350 angular=0.014 ,False
11.200000000000001,1,2.2626119143031715,0.3369437069088291,0.27681589411013985,1.6184186245816892,0.10719700748231346,0.3326349631483695,0.683936064570047,TRACKING distance=0.684 heading_error=0.010 linear=0.350 angular=0.012 ,False
11.200000000000001,1,2.2626119143031715,0.3369437069088291,0.27681589411013985,1.6184186245816892,0.10719700748231346,0.3326349631483695,0.683936064570047,TRACKING distance=0.684 heading_error=0.010 linear=0.350 angular=0.012 ,False
11.3,1,2.2626119143031715,0.3369437069088291,0.27681589411013985,1.6346750568249468,0.11288264338284949,0.33439699079000723,0.6667143745023212,TRACKING distance=0.667 heading_error=0.008 linear=0.350 angular=0.010 ,False
11.3,1,2.2626119143031715,0.3369437069088291,0.27681589411013985,1.636489848263854,0.11349554744663785,0.3345793408705067,0.6647991588054128,TRACKING distance=0.667 heading_error=0.008 linear=0.350 angular=0.010 ,False
11.4,1,2.2626119143031715,0.3369437069088291,0.27681589411013985,1.652759657239903,0.11919939131189379,0.33611658413970186,0.6475587714022107,TRACKING distance=0.648 heading_error=0.007 linear=0.350 angular=0.008 ,False
11.4,1,2.2626119143031715,0.3369437069088291,0.27681589411013985,1.652759657239903,0.11919939131189379,0.33611658413970186,0.6475587714022107,TRACKING distance=0.648 heading_error=0.007 linear=0.350 angular=0.008 ,False
11.5,1,2.2626119143031715,0.3369437069088291,0.27681589411013985,1.6708305283009734,0.1255498056033046,0.3374695989829018,0.6284047981419719,TRACKING distance=0.628 heading_error=0.006 linear=0.346 angular=0.007 ,False
11.5,1,2.2626119143031715,0.3369437069088291,0.27681589411013985,1.6708305283009734,0.1255498056033046,0.3374695989829018,0.6284047981419719,TRACKING distance=0.628 heading_error=0.006 linear=0.346 angular=0.007 ,False
11.600000000000001,1,2.2626119143031715,0.3369437069088291,0.27681589411013985,1.6906913571637827,0.13257317693783827,0.3385842474055251,0.6073388158180346,TRACKING distance=0.609 heading_error=0.005 linear=0.335 angular=0.006 ,False
11.600000000000001,1,2.2626119143031715,0.3369437069088291,0.27681589411013985,1.6906913571637827,0.13257317693783827,0.3385842474055251,0.6073388158180346,TRACKING distance=0.609 heading_error=0.005 linear=0.335 angular=0.006 ,False
11.700000000000001,1,2.2626119143031715,0.3369437069088291,0.27681589411013985,1.708756881868783,0.1389718835904795,0.33944982817812525,0.5881736476423347,TRACKING distance=0.590 heading_error=0.004 linear=0.325 angular=0.005 ,False
11.700000000000001,1,2.2626119143031715,0.3369437069088291,0.27681589411013985,1.708756881868783,0.1389718835904795,0.33944982817812525,0.5881736476423347,TRACKING distance=0.590 heading_error=0.004 linear=0.325 angular=0.005 ,False
11.8,1,2.2626119143031715,0.3369437069088291,0.27681589411013985,1.7268172886982436,0.14537689122913044,0.3401571511209334,0.5690111824004732,TRACKING distance=0.571 heading_error=0.003 linear=0.314 angular=0.004 ,False
11.8,1,2.2626119143031715,0.3369437069088291,0.27681589411013985,1.7268172886982436,0.14537689122913044,0.3401571511209334,0.5690111824004732,TRACKING distance=0.571 heading_error=0.003 linear=0.314 angular=0.004 ,False
11.9,1,2.2626119143031715,0.3369437069088291,0.27681589411013985,1.744867966824893,0.15182183088388387,0.340777268216354,0.5498444363030198,TRACKING distance=0.552 heading_error=0.003 linear=0.303 angular=0.003 ,False
11.9,1,2.2626119143031715,0.3369437069088291,0.27681589411013985,1.744867966824893,0.15182183088388387,0.340777268216354,0.5498444363030198,TRACKING distance=0.552 heading_error=0.003 linear=0.303 angular=0.003 ,False
12.0,1,2.2626119143031715,0.3369437069088291,0.27681589411013985,1.7611273454766674,0.1576103661955436,0.34127023976562504,0.5325854108614806,TRACKING distance=0.533 heading_error=0.002 linear=0.293 angular=0.003 ,False
12.0,1,2.2626119143031715,0.3369437069088291,0.27681589411013985,1.7629338367181009,0.15824605577938664,0.3413058879490265,0.5306703607120825,TRACKING distance=0.533 heading_error=0.002 linear=0.293 angular=0.003 ,False
12.100000000000001,1,2.2626119143031715,0.3369437069088291,0.27681589411013985,1.7809847027336605,0.16470197251040664,0.3417014829164211,0.5114997419283799,TRACKING distance=0.513 heading_error=0.002 linear=0.282 angular=0.002 ,False
12.100000000000001,1,2.2626119143031715,0.3369437069088291,0.27681589411013985,1.7809847027336605,0.16470197251040664,0.3417014829164211,0.5114997419283799,TRACKING distance=0.513 heading_error=0.002 linear=0.282 angular=0.002 ,False
12.200000000000001,1,2.2626119143031715,0.3369437069088291,0.27681589411013985,1.7990450943081215,0.171150468478332,0.3420897651691779,0.4923226528503383,TRACKING distance=0.494 heading_error=0.001 linear=0.272 angular=0.002 ,False
12.200000000000001,1,2.2626119143031715,0.3369437069088291,0.27681589411013985,1.7990450943081215,0.171150468478332,0.3420897651691779,0.4923226528503383,TRACKING distance=0.494 heading_error=0.001 linear=0.272 angular=0.002 ,False
12.3,1,2.2626119143031715,0.3369437069088291,0.27681589411013985,1.815301132002601,0.17694024319097265,0.3423960964285973,0.4750663578533634,TRACKING distance=0.475 heading_error=0.001 linear=0.261 angular=0.001 ,False
12.3,1,2.2626119143031715,0.3369437069088291,0.27681589411013985,1.8171018504583778,0.1775973409524894,0.34242919736141514,0.47314953379506136,TRACKING distance=0.475 heading_error=0.001 linear=0.261 angular=0.001 ,False
12.4,1,2.2626119143031715,0.3369437069088291,0.27681589411013985,1.8351539778768537,0.18406220768829745,0.342733106335214,0.45397471319200516,TRACKING distance=0.454 heading_error=0.001 linear=0.250 angular=0.001 ,False
12.4,1,2.2626119143031715,0.3369437069088291,0.27681589411013985,1.8351539778768537,0.18406220768829745,0.342733106335214,0.45397471319200516,TRACKING distance=0.454 heading_error=0.001 linear=0.250 angular=0.001 ,False
12.5,1,2.2626119143031715,0.3369437069088291,0.27681589411013985,1.8513998043635114,0.18989391010947343,0.3429909542208324,0.43671391333430054,TRACKING distance=0.437 heading_error=0.000 linear=0.240 angular=0.001 ,False
12.5,1,2.2626119143031715,0.3369437069088291,0.27681589411013985,1.8513998043635114,0.18989391010947343,0.3429909542208324,0.43671391333430054,TRACKING distance=0.437 heading_error=0.000 linear=0.240 angular=0.001 ,False
12.600000000000001,1,2.2626119143031715,0.3369437069088291,0.27681589411013985,1.869451359165221,0.1963564239194335,0.3432101413483375,0.41754042469528835,TRACKING distance=0.418 heading_error=0.000 linear=0.230 angular=0.000 ,False
12.600000000000001,1,2.2626119143031715,0.3369437069088291,0.27681589411013985,1.8712546576723992,0.19700427736410656,0.343234440482118,0.4156242849724575,TRACKING distance=0.418 heading_error=0.000 linear=0.230 angular=0.000 ,False
12.700000000000001,1,2.2626119143031715,0.3369437069088291,0.27681589411013985,1.889302732067143,0.20347893381006393,0.34343899972532715,0.3964499857485649,TRACKING distance=0.398 heading_error=-0.000 linear=0.219 angular=-0.000 ,False
12.700000000000001,1,2.2626119143031715,0.3369437069088291,0.27681589411013985,1.889302732067143,0.20347893381006393,0.34343899972532715,0.3964499857485649,TRACKING distance=0.398 heading_error=-0.000 linear=0.219 angular=-0.000 ,False
12.8,1,2.2626119143031715,0.3369437069088291,0.27681589411013985,1.9073486120417886,0.20995432900915595,0.3435742468543864,0.37727750533660065,TRACKING distance=0.379 heading_error=-0.000 linear=0.209 angular=-0.000 ,False
12.8,1,2.2626119143031715,0.3369437069088291,0.27681589411013985,1.9073486120417886,0.20995432900915595,0.3435742468543864,0.37727750533660065,TRACKING distance=0.379 heading_error=-0.000 linear=0.209 angular=-0.000 ,False
12.9,1,2.2626119143031715,0.3369437069088291,0.27681589411013985,1.9253947174198558,0.21644295064954067,0.3436736505342182,0.3581003632124678,TRACKING distance=0.360 heading_error=-0.000 linear=0.198 angular=-0.001 ,False
12.9,1,2.2626119143031715,0.3369437069088291,0.27681589411013985,1.9253947174198558,0.21644295064954067,0.3436736505342182,0.3581003632124678,TRACKING distance=0.360 heading_error=-0.000 linear=0.198 angular=-0.001 ,False
13.0,1,2.2626119143031715,0.3369437069088291,0.27681589411013985,1.9434439399968968,0.22292423977838866,0.34375764544860954,0.3389227562549916,TRACKING distance=0.341 heading_error=-0.001 linear=0.187 angular=-0.001 ,False
13.0,1,2.2626119143031715,0.3369437069088291,0.27681589411013985,1.9434439399968968,0.22292423977838866,0.34375764544860954,0.3389227562549916,TRACKING distance=0.341 heading_error=-0.001 linear=0.187 angular=-0.001 ,False
13.100000000000001,1,2.2626119143031715,0.3369437069088291,0.27681589411013985,1.959678327340687,0.22878294479726555,0.34380052625794666,0.3216636575221257,TRACKING distance=0.322 heading_error=-0.001 linear=0.177 angular=-0.001 ,False
13.100000000000001,1,2.2626119143031715,0.3369437069088291,0.27681589411013985,1.9614871973212658,0.22942775187745432,0.343799736773994,0.31974329666740703,TRACKING distance=0.322 heading_error=-0.001 linear=0.177 angular=-0.001 ,False
13.200000000000001,1,2.2626119143031715,0.3369437069088291,0.27681589411013985,1.9777219539431763,0.2352726857655403,0.3437550679692305,0.30248848912684057,TRACKING distance=0.302 heading_error=-0.001 linear=0.166 angular=-0.001 ,False
13.200000000000001,1,2.2626119143031715,0.3369437069088291,0.27681589411013985,1.9795306388984113,0.23591626039377367,0.3437573119027005,0.3005687166591661,TRACKING distance=0.302 heading_error=-0.001 linear=0.166 angular=-0.001 ,False
13.3,1,2.2626119143031715,0.3369437069088291,0.27681589411013985,1.9957834506166503,0.24174704332013394,0.3438053445258441,0.2833016657058839,TRACKING distance=0.283 heading_error=-0.001 linear=0.156 angular=-0.001 ,False
13.3,1,2.2626119143031715,0.3369437069088291,0.27681589411013985,1.9957834506166503,0.24174704332013394,0.3438053445258441,0.2833016657058839,TRACKING distance=0.283 heading_error=-0.001 linear=0.156 angular=-0.001 ,False
13.4,1,2.2626119143031715,0.3369437069088291,0.27681589411013985,2.0138346478284963,0.2482396683098596,0.34369371804316873,0.26411841052523966,TRACKING distance=0.264 heading_error=-0.001 linear=0.145 angular=-0.001 ,False
13.4,1,2.2626119143031715,0.3369437069088291,0.27681589411013985,2.0138346478284963,0.2482396683098596,0.34369371804316873,0.26411841052523966,TRACKING distance=0.264 heading_error=-0.001 linear=0.145 angular=-0.001 ,False
13.5,1,2.2626119143031715,0.3369437069088291,0.27681589411013985,2.0318850508264386,0.25471477408904,0.3436219618571624,0.24494179496870755,ARRIVED distance=0.245 yaw_error=-0.067,True
13.5,1,2.2626119143031715,0.3369437069088291,0.27681589411013985,2.0318850508264386,0.25471477408904,0.3436219618571624,0.24494179496870755,ARRIVED distance=0.245 yaw_error=-0.067,True
13.600000000000001,1,2.2626119143031715,0.3369437069088291,0.27681589411013985,2.0517451846071846,0.26183960801784534,0.3435431702540184,0.22384236275313726,ARRIVED distance=0.226 yaw_error=-0.067,True
13.600000000000001,1,2.2626119143031715,0.3369437069088291,0.27681589411013985,2.0517451846071846,0.26183960801784534,0.3435431702540184,0.22384236275313726,ARRIVED distance=0.226 yaw_error=-0.067,True
13.700000000000001,1,2.2626119143031715,0.3369437069088291,0.27681589411013985,2.067993656158486,0.2676856919873323,0.34354278763670404,0.20657429422398535,ARRIVED distance=0.207 yaw_error=-0.067,True
13.700000000000001,1,2.2626119143031715,0.3369437069088291,0.27681589411013985,2.0697987003709004,0.2683310355942191,0.34352973016866156,0.20465735787363828,ARRIVED distance=0.207 yaw_error=-0.067,True
13.8,1,2.2626119143031715,0.3369437069088291,0.27681589411013985,2.079602837095449,0.27204329757965107,0.34647637648353835,0.19417617122478506,ARRIVED distance=0.194 yaw_error=-0.070,True
13.8,1,2.2626119143031715,0.3369437069088291,0.27681589411013985,2.0801381890013517,0.27217380696079124,0.34711044433763333,0.19362799478588533,ARRIVED distance=0.194 yaw_error=-0.070,True
13.9,1,2.2626119143031715,0.3369437069088291,0.27681589411013985,2.0805468304182813,0.2720075916853273,0.3518417190519255,0.19329871657704312,ARRIVED distance=0.193 yaw_error=-0.075,True
13.9,1,2.2626119143031715,0.3369437069088291,0.27681589411013985,2.080541325915033,0.2720052729226183,0.35191989475328395,0.19330468014144006,ARRIVED distance=0.193 yaw_error=-0.075,True
14.0,1,2.2626119143031715,0.3369437069088291,0.27681589411013985,2.08053676922447,0.27199827059974424,0.35187182803708034,0.19331132442981105,ARRIVED distance=0.193 yaw_error=-0.075,True
14.0,1,2.2626119143031715,0.3369437069088291,0.27681589411013985,2.08053676922447,0.27199827059974424,0.35187182803708034,0.19331132442981105,ARRIVED distance=0.193 yaw_error=-0.075,True
14.100000000000001,1,2.2626119143031715,0.3369437069088291,0.27681589411013985,2.080533358823479,0.27200076740419304,0.35185377121010974,0.19331369779990845,ARRIVED distance=0.193 yaw_error=-0.075,True
14.100000000000001,1,2.2626119143031715,0.3369437069088291,0.27681589411013985,2.080533358823479,0.27200076740419304,0.35185377121010974,0.19331369779990845,ARRIVED distance=0.193 yaw_error=-0.075,True
14.200000000000001,1,2.2626119143031715,0.3369437069088291,0.27681589411013985,2.080864257169412,0.2719748228249081,0.3441207271081657,0.19301079444611527,ARRIVED distance=0.193 yaw_error=-0.067,True
14.200000000000001,1,2.2626119143031715,0.3369437069088291,0.27681589411013985,2.0808578805867906,0.2718405032361079,0.34234220225038153,0.19306205194348053,ARRIVED distance=0.193 yaw_error=-0.067,True
14.3,1,2.2626119143031715,0.3369437069088291,0.27681589411013985,2.0805631633556603,0.27110713306180506,0.3189504865449292,0.1935877118452089,ARRIVED distance=0.194 yaw_error=-0.045,True
14.3,1,2.2626119143031715,0.3369437069088291,0.27681589411013985,2.0805631633556603,0.27110713306180506,0.3189504865449292,0.1935877118452089,ARRIVED distance=0.194 yaw_error=-0.045,True
14.500000000000002,1,2.2626119143031715,0.3369437069088291,0.27681589411013985,2.0810941008726926,0.27075519853136326,0.27134077319865973,0.19320878663719207,ARRIVED distance=0.193 yaw_error=0.003,True
14.500000000000002,1,2.2626119143031715,0.3369437069088291,0.27681589411013985,2.0810941008726926,0.27075519853136326,0.27134077319865973,0.19320878663719207,ARRIVED distance=0.193 yaw_error=0.003,True
14.600000000000001,1,2.2626119143031715,0.3369437069088291,0.27681589411013985,2.0814859278820093,0.27023633856044194,0.24710685084587747,0.19301941858011715,ARRIVED distance=0.193 yaw_error=0.028,True
14.600000000000001,1,2.2626119143031715,0.3369437069088291,0.27681589411013985,2.0814859278820093,0.27023633856044194,0.24710685084587747,0.19301941858011715,ARRIVED distance=0.193 yaw_error=0.028,True
14.700000000000001,1,2.2626119143031715,0.3369437069088291,0.27681589411013985,2.0810587520822152,0.26991370024509614,0.23178155742611245,0.1935318384808271,ARRIVED distance=0.194 yaw_error=0.045,True
14.700000000000001,1,2.2626119143031715,0.3369437069088291,0.27681589411013985,2.0810587520822152,0.26991370024509614,0.23178155742611245,0.1935318384808271,ARRIVED distance=0.194 yaw_error=0.045,True
14.8,1,2.2626119143031715,0.3369437069088291,0.27681589411013985,2.0816344281904735,0.26962917723961294,0.21313024748207662,0.1930909018681605,ARRIVED distance=0.193 yaw_error=0.062,True
14.8,1,2.2626119143031715,0.3369437069088291,0.27681589411013985,2.0816344281904735,0.26962917723961294,0.21313024748207662,0.1930909018681605,ARRIVED distance=0.193 yaw_error=0.062,True
14.9,1,2.2626119143031715,0.3369437069088291,0.27681589411013985,2.0819347779650927,0.26976165683537806,0.19464024582507605,0.1927632108245772,ARRIVED distance=0.193 yaw_error=0.082,True
14.9,1,2.2626119143031715,0.3369437069088291,0.27681589411013985,2.0817806908564163,0.269545446231722,0.19274922689366583,0.1929830482595547,ARRIVED distance=0.193 yaw_error=0.082,True
15.200000000000001,1,2.2626119143031715,0.3369437069088291,0.27681589411013985,2.0814657634620715,0.2684289690667444,0.13749744434476815,0.1936703314039509,ARRIVED distance=0.194 yaw_error=0.139,True
15.200000000000001,1,2.2626119143031715,0.3369437069088291,0.27681589411013985,2.0814786803176037,0.2686412556687201,0.13606388489865295,0.19358324643284067,ARRIVED distance=0.194 yaw_error=0.139,True
15.3,1,2.2626119143031715,0.3369437069088291,0.27681589411013985,2.081917307369814,0.26910913705002104,0.1206967144224716,0.19300795279658853,ARRIVED distance=0.193 yaw_error=0.155,True
15.3,1,2.2626119143031715,0.3369437069088291,0.27681589411013985,2.081917307369814,0.26910913705002104,0.1206967144224716,0.19300795279658853,ARRIVED distance=0.193 yaw_error=0.155,True
15.4,1,2.2626119143031715,0.3369437069088291,0.27681589411013985,2.081922266418863,0.2689264289862386,0.10661324816096213,0.1930676020168954,ARRIVED distance=0.193 yaw_error=0.170,True
15.4,1,2.2626119143031715,0.3369437069088291,0.27681589411013985,2.0819542863741956,0.26882146215690056,0.1045563974667452,0.19307464556219178,ARRIVED distance=0.193 yaw_error=0.170,True
15.500000000000002,1,2.2626119143031715,0.3369437069088291,0.27681589411013985,2.0811945469735385,0.26889683986422824,0.08755719056111012,0.1937592250278696,ARRIVED distance=0.194 yaw_error=0.189,True
15.500000000000002,1,2.2626119143031715,0.3369437069088291,0.27681589411013985,2.0809847574215214,0.26902725412459805,0.08580600439396484,0.19390994991413985,ARRIVED distance=0.194 yaw_error=0.189,True
15.600000000000001,1,2.2626119143031715,0.3369437069088291,0.27681589411013985,2.081005530199431,0.26918794172228117,0.06918660336692674,0.1938342654518288,ARRIVED distance=0.194 yaw_error=0.206,True
15.600000000000001,1,2.2626119143031715,0.3369437069088291,0.27681589411013985,2.081005530199431,0.26918794172228117,0.06918660336692674,0.1938342654518288,ARRIVED distance=0.194 yaw_error=0.206,True
15.700000000000001,1,2.2626119143031715,0.3369437069088291,0.27681589411013985,2.0815806519098947,0.269087917718809,0.05102978026859614,0.19333061343280294,ARRIVED distance=0.194 yaw_error=0.224,True
15.700000000000001,1,2.2626119143031715,0.3369437069088291,0.27681589411013985,2.0815806519098947,0.269087917718809,0.05102978026859614,0.19333061343280294,ARRIVED distance=0.194 yaw_error=0.224,True
15.8,1,2.2626119143031715,0.3369437069088291,0.27681589411013985,2.082594858174278,0.2689319029854028,0.03468761942150058,0.19243634264408513,ARRIVED distance=0.192 yaw_error=0.242,True
15.8,1,2.2626119143031715,0.3369437069088291,0.27681589411013985,2.082594858174278,0.2689319029854028,0.03468761942150058,0.19243634264408513,ARRIVED distance=0.192 yaw_error=0.242,True
15.9,1,2.2626119143031715,0.3369437069088291,0.27681589411013985,2.0823241561715395,0.2694675170371237,0.01570448981597078,0.19250119981894212,ARRIVED distance=0.193 yaw_error=0.261,True
15.9,1,2.2626119143031715,0.3369437069088291,0.27681589411013985,2.0823241561715395,0.2694675170371237,0.01570448981597078,0.19250119981894212,ARRIVED distance=0.193 yaw_error=0.261,True
16.0,1,2.2626119143031715,0.3369437069088291,0.27681589411013985,2.0827935321084983,0.26871672610682873,-0.0077180731680767155,0.19232673107102433,ARRIVED distance=0.192 yaw_error=0.282,True
16.0,1,2.2626119143031715,0.3369437069088291,0.27681589411013985,2.0827935321084983,0.26871672610682873,-0.0077180731680767155,0.19232673107102433,ARRIVED distance=0.192 yaw_error=0.282,True
16.1,1,2.2626119143031715,0.3369437069088291,0.27681589411013985,2.082918327989017,0.2690713757810182,-0.033202243793303984,0.19208445615188563,ARRIVED distance=0.192 yaw_error=0.307,True
16.1,1,2.2626119143031715,0.3369437069088291,0.27681589411013985,2.082918327989017,0.2690713757810182,-0.033202243793303984,0.19208445615188563,ARRIVED distance=0.192 yaw_error=0.307,True
16.2,1,2.2626119143031715,0.3369437069088291,0.27681589411013985,2.083007879851366,0.26870821002903783,-0.06347438485714792,0.19212936325766924,ARRIVED distance=0.192 yaw_error=0.337,True
16.2,1,2.2626119143031715,0.3369437069088291,0.27681589411013985,2.083007879851366,0.26870821002903783,-0.06347438485714792,0.19212936325766924,ARRIVED distance=0.192 yaw_error=0.337,True
16.3,1,2.2626119143031715,0.3369437069088291,0.27681589411013985,2.0835147867850394,0.2691878209032598,-0.09377948620165007,0.19148535498477623,ARRIVED distance=0.191 yaw_error=0.371,True
16.3,1,2.2626119143031715,0.3369437069088291,0.27681589411013985,2.0835147867850394,0.2691878209032598,-0.09377948620165007,0.19148535498477623,ARRIVED distance=0.191 yaw_error=0.371,True
16.400000000000002,1,2.2626119143031715,0.3369437069088291,0.27681589411013985,2.083063014322788,0.27012009454961844,-0.12939689576566496,0.19158079928035543,ARRIVED distance=0.192 yaw_error=0.403,True
16.400000000000002,1,2.2626119143031715,0.3369437069088291,0.27681589411013985,2.083063014322788,0.27012009454961844,-0.12939689576566496,0.19158079928035543,ARRIVED distance=0.192 yaw_error=0.403,True
16.5,1,2.2626119143031715,0.3369437069088291,0.27681589411013985,2.0835946341529965,0.26991408342417,-0.16381575063072717,0.191154798571371,ARRIVED distance=0.191 yaw_error=0.437,True
16.5,1,2.2626119143031715,0.3369437069088291,0.27681589411013985,2.0835946341529965,0.26991408342417,-0.16381575063072717,0.191154798571371,ARRIVED distance=0.191 yaw_error=0.437,True
16.6,1,2.2626119143031715,0.3369437069088291,0.27681589411013985,2.084224901125717,0.2704298512578787,-0.19480004824310748,0.1903838739597679,ALIGN_YAW distance=0.190 yaw_error=0.472,False
16.6,1,2.2626119143031715,0.3369437069088291,0.27681589411013985,2.084224901125717,0.2704298512578787,-0.19480004824310748,0.1903838739597679,ALIGN_YAW distance=0.190 yaw_error=0.472,False
16.7,1,2.2626119143031715,0.3369437069088291,0.27681589411013985,2.0843884341236767,0.27148724961502674,-0.22291023986323796,0.18986352121654693,ALIGN_YAW distance=0.190 yaw_error=0.500,False
16.7,1,2.2626119143031715,0.3369437069088291,0.27681589411013985,2.0843884341236767,0.27148724961502674,-0.22291023986323796,0.18986352121654693,ALIGN_YAW distance=0.190 yaw_error=0.500,False
16.8,1,2.2626119143031715,0.3369437069088291,0.27681589411013985,2.0848829904994792,0.27154216982862456,-0.24807456979437179,0.18938038813159094,ALIGN_YAW distance=0.189 yaw_error=0.523,False
16.8,1,2.2626119143031715,0.3369437069088291,0.27681589411013985,2.0848829904994792,0.27154216982862456,-0.24807456979437179,0.18938038813159094,ALIGN_YAW distance=0.189 yaw_error=0.523,False
16.900000000000002,1,2.2626119143031715,0.3369437069088291,0.27681589411013985,2.0846763029950894,0.27113595018494796,-0.2674353139092768,0.18971489824631696,ALIGN_YAW distance=0.190 yaw_error=0.544,False
16.900000000000002,1,2.2626119143031715,0.3369437069088291,0.27681589411013985,2.08493676870788,0.27124301807006573,-0.26945083663432445,0.18943346556560717,ALIGN_YAW distance=0.190 yaw_error=0.544,False
17.0,1,2.2626119143031715,0.3369437069088291,0.27681589411013985,2.085989688370538,0.27083451918336865,-0.28847938818170227,0.18858906488743832,ALIGN_YAW distance=0.188 yaw_error=0.563,False
17.0,1,2.2626119143031715,0.3369437069088291,0.27681589411013985,2.085989688370538,0.27083451918336865,-0.28847938818170227,0.18858906488743832,ALIGN_YAW distance=0.188 yaw_error=0.563,False
17.1,1,2.2626119143031715,0.3369437069088291,0.27681589411013985,2.08572977718632,0.27112180477818787,-0.3062045342369012,0.1887321202951962,ALIGN_YAW distance=0.189 yaw_error=0.581,False
17.1,1,2.2626119143031715,0.3369437069088291,0.27681589411013985,2.08572977718632,0.27112180477818787,-0.3062045342369012,0.1887321202951962,ALIGN_YAW distance=0.189 yaw_error=0.581,False
17.200000000000003,1,2.2626119143031715,0.3369437069088291,0.27681589411013985,2.086417896967653,0.2709830393037589,-0.3283425540809949,0.188135965237207,ALIGN_YAW distance=0.188 yaw_error=0.603,False
17.200000000000003,1,2.2626119143031715,0.3369437069088291,0.27681589411013985,2.086417896967653,0.2709830393037589,-0.3283425540809949,0.188135965237207,ALIGN_YAW distance=0.188 yaw_error=0.605,False
17.3,1,2.2626119143031715,0.3369437069088291,0.27681589411013985,2.0866983133361363,0.2706793883112691,-0.3530432567971968,0.18798019822414336,ALIGN_YAW distance=0.188 yaw_error=0.628,False
17.3,1,2.2626119143031715,0.3369437069088291,0.27681589411013985,2.0866983133361363,0.2706793883112691,-0.3530432567971968,0.18798019822414336,ALIGN_YAW distance=0.188 yaw_error=0.628,False
17.400000000000002,1,2.2626119143031715,0.3369437069088291,0.27681589411013985,2.087620369721333,0.27040617584791216,-0.3707376453769816,0.18721453927198095,ALIGN_YAW distance=0.187 yaw_error=0.648,False
17.400000000000002,1,2.2626119143031715,0.3369437069088291,0.27681589411013985,2.087848964062177,0.27014546629316727,-0.3728644262751878,0.1870938099625004,ALIGN_YAW distance=0.187 yaw_error=0.648,False
17.5,1,2.2626119143031715,0.3369437069088291,0.27681589411013985,2.088598282235058,0.2708281999551344,-0.3969685696586267,0.1861504885980179,ALIGN_YAW distance=0.186 yaw_error=0.674,False
17.5,1,2.2626119143031715,0.3369437069088291,0.27681589411013985,2.088598282235058,0.2708281999551344,-0.3969685696586267,0.1861504885980179,ALIGN_YAW distance=0.186 yaw_error=0.674,False
17.6,1,2.2626119143031715,0.3369437069088291,0.27681589411013985,2.088812287822762,0.27018827321195177,-0.42481572956959857,0.1861789410561465,ALIGN_YAW distance=0.186 yaw_error=0.702,False
17.6,1,2.2626119143031715,0.3369437069088291,0.27681589411013985,2.088812287822762,0.27018827321195177,-0.42481572956959857,0.1861789410561465,ALIGN_YAW distance=0.186 yaw_error=0.702,False
17.700000000000003,1,2.2626119143031715,0.3369437069088291,0.27681589411013985,2.088586108352731,0.27035570540840825,-0.4447245449852754,0.18633019905672943,ALIGN_YAW distance=0.186 yaw_error=0.722,False
17.700000000000003,1,2.2626119143031715,0.3369437069088291,0.27681589411013985,2.0887721774407644,0.27013822193527753,-0.4470308884565411,0.1862343333946305,ALIGN_YAW distance=0.186 yaw_error=0.722,False
17.8,1,2.2626119143031715,0.3369437069088291,0.27681589411013985,2.0891678677867804,0.26990192786826517,-0.47006291953681517,0.18595009386634856,ALIGN_YAW distance=0.186 yaw_error=0.745,False
17.8,1,2.2626119143031715,0.3369437069088291,0.27681589411013985,2.0891678677867804,0.26990192786826517,-0.47006291953681517,0.18595009386634856,ALIGN_YAW distance=0.186 yaw_error=0.747,False
17.900000000000002,1,2.2626119143031715,0.3369437069088291,0.27681589411013985,2.08963654863123,0.2696786649110347,-0.4910188387323378,0.18559381186964988,ALIGN_YAW distance=0.186 yaw_error=0.766,False
17.900000000000002,1,2.2626119143031715,0.3369437069088291,0.27681589411013985,2.08963654863123,0.2696786649110347,-0.4910188387323378,0.18559381186964988,ALIGN_YAW distance=0.186 yaw_error=0.766,False
18.0,1,2.2626119143031715,0.3369437069088291,0.27681589411013985,2.0892587808667056,0.2695879447594442,-0.5127708577710389,0.18597878257200653,ALIGN_YAW distance=0.186 yaw_error=0.790,False
18.0,1,2.2626119143031715,0.3369437069088291,0.27681589411013985,2.089154183643674,0.26941786657051797,-0.5157494037596445,0.1861379151031244,ALIGN_YAW distance=0.186 yaw_error=0.790,False
18.1,1,2.2626119143031715,0.3369437069088291,0.27681589411013985,2.0901158545710836,0.2690849457600213,-0.5391026434229641,0.18536370218504752,ALIGN_YAW distance=0.185 yaw_error=0.816,False
18.1,1,2.2626119143031715,0.3369437069088291,0.27681589411013985,2.0901158545710836,0.2690849457600213,-0.5391026434229641,0.18536370218504752,ALIGN_YAW distance=0.185 yaw_error=0.816,False
18.200000000000003,1,2.2626119143031715,0.3369437069088291,0.27681589411013985,2.0900836657741766,0.26995704251152386,-0.5687790067075825,0.18507622685682742,ALIGN_YAW distance=0.185 yaw_error=0.843,False
18.200000000000003,1,2.2626119143031715,0.3369437069088291,0.27681589411013985,2.0900836657741766,0.26995704251152386,-0.5687790067075825,0.18507622685682742,ALIGN_YAW distance=0.185 yaw_error=0.843,False
18.3,1,2.2626119143031715,0.3369437069088291,0.27681589411013985,2.0906306294366055,0.26910545353342963,-0.5967327421186402,0.1848772321444148,ALIGN_YAW distance=0.185 yaw_error=0.871,False
18.3,1,2.2626119143031715,0.3369437069088291,0.27681589411013985,2.0906306294366055,0.26910545353342963,-0.5967327421186402,0.1848772321444148,ALIGN_YAW distance=0.185 yaw_error=0.871,False
18.400000000000002,1,2.2626119143031715,0.3369437069088291,0.27681589411013985,2.0909205274866562,0.26947495160573776,-0.6248199900599759,0.18447212594082255,ALIGN_YAW distance=0.184 yaw_error=0.899,False
18.400000000000002,1,2.2626119143031715,0.3369437069088291,0.27681589411013985,2.0909205274866562,0.26947495160573776,-0.6248199900599759,0.18447212594082255,ALIGN_YAW distance=0.184 yaw_error=0.899,False
18.5,1,2.2626119143031715,0.3369437069088291,0.27681589411013985,2.0915782252111903,0.2690997155680152,-0.6520108277981018,0.18399817924497225,ALIGN_YAW distance=0.184 yaw_error=0.929,False
18.5,1,2.2626119143031715,0.3369437069088291,0.27681589411013985,2.0917171075971672,0.26870589213530643,-0.6547047461222879,0.18401476659265192,ALIGN_YAW distance=0.184 yaw_error=0.929,False
18.6,1,2.2626119143031715,0.3369437069088291,0.27681589411013985,2.092136194040957,0.26919436467000923,-0.6850483467149092,0.18344466351658623,ALIGN_YAW distance=0.184 yaw_error=0.959,False
18.6,1,2.2626119143031715,0.3369437069088291,0.27681589411013985,2.092136194040957,0.26919436467000923,-0.6850483467149092,0.18344466351658623,ALIGN_YAW distance=0.184 yaw_error=0.959,False
18.700000000000003,1,2.2626119143031715,0.3369437069088291,0.27681589411013985,2.092473295298853,0.269159397185682,-0.7096113323211939,0.18314437562027455,ALIGN_YAW distance=0.183 yaw_error=0.986,False
18.700000000000003,1,2.2626119143031715,0.3369437069088291,0.27681589411013985,2.092777999157701,0.269128921886386,-0.7120593589555133,0.1828726436656918,ALIGN_YAW distance=0.183 yaw_error=0.986,False
18.8,1,2.2626119143031715,0.3369437069088291,0.27681589411013985,2.0931067829278334,0.26818628382261345,-0.7377607963701864,0.18291958012205123,ALIGN_YAW distance=0.183 yaw_error=1.012,False
18.8,1,2.2626119143031715,0.3369437069088291,0.27681589411013985,2.0931067829278334,0.26818628382261345,-0.7377607963701864,0.18291958012205123,ALIGN_YAW distance=0.183 yaw_error=1.012,False
18.900000000000002,1,2.2626119143031715,0.3369437069088291,0.27681589411013985,2.093527880820225,0.26803928783804426,-0.7647571956352209,0.18258485519435746,ALIGN_YAW distance=0.183 yaw_error=1.039,False
18.900000000000002,1,2.2626119143031715,0.3369437069088291,0.27681589411013985,2.093527880820225,0.26803928783804426,-0.7647571956352209,0.18258485519435746,ALIGN_YAW distance=0.183 yaw_error=1.042,False
19.0,1,2.2626119143031715,0.3369437069088291,0.27681589411013985,2.0939360428885205,0.2681937814300638,-0.7912408440407596,0.18214857081741725,ALIGN_YAW distance=0.182 yaw_error=1.065,False
19.0,1,2.2626119143031715,0.3369437069088291,0.27681589411013985,2.0939360428885205,0.2681937814300638,-0.7912408440407596,0.18214857081741725,ALIGN_YAW distance=0.182 yaw_error=1.065,False
19.1,1,2.2626119143031715,0.3369437069088291,0.27681589411013985,2.0936579856450983,0.26836301577461436,-0.8181095488542987,0.18234237358728184,ALIGN_YAW distance=0.182 yaw_error=1.093,False
19.1,1,2.2626119143031715,0.3369437069088291,0.27681589411013985,2.0936579856450983,0.26836301577461436,-0.8181095488542987,0.18234237358728184,ALIGN_YAW distance=0.182 yaw_error=1.095,False
19.200000000000003,1,2.2626119143031715,0.3369437069088291,0.27681589411013985,2.0944681286174176,0.2689270207226225,-0.8438223391508886,0.18137971844858966,ALIGN_YAW distance=0.181 yaw_error=1.118,False
19.200000000000003,1,2.2626119143031715,0.3369437069088291,0.27681589411013985,2.0944681286174176,0.2689270207226225,-0.8438223391508886,0.18137971844858966,ALIGN_YAW distance=0.181 yaw_error=1.118,False
19.3,1,2.2626119143031715,0.3369437069088291,0.27681589411013985,2.094453773068536,0.268466717032714,-0.8661857916420533,0.18156612736405767,ALIGN_YAW distance=0.182 yaw_error=1.143,False
19.3,1,2.2626119143031715,0.3369437069088291,0.27681589411013985,2.094440971422919,0.26838737469970425,-0.8689591086251657,0.18160792029865058,ALIGN_YAW distance=0.182 yaw_error=1.143,False
19.400000000000002,1,2.2626119143031715,0.3369437069088291,0.27681589411013985,2.0944562933016493,0.2684275415335167,-0.8942484589843406,0.1815785719520471,ALIGN_YAW distance=0.182 yaw_error=1.169,False
19.400000000000002,1,2.2626119143031715,0.3369437069088291,0.27681589411013985,2.0944562933016493,0.2684275415335167,-0.8942484589843406,0.1815785719520471,ALIGN_YAW distance=0.182 yaw_error=1.169,False
19.5,1,2.2626119143031715,0.3369437069088291,0.27681589411013985,2.0943100487678112,0.26788047416253746,-0.9171899612855315,0.18192099400577974,ALIGN_YAW distance=0.182 yaw_error=1.194,False
19.5,1,2.2626119143031715,0.3369437069088291,0.27681589411013985,2.0944923611696606,0.26789767777657403,-0.9194044366615187,0.18174580678723679,ALIGN_YAW distance=0.182 yaw_error=1.194,False
19.6,1,2.2626119143031715,0.3369437069088291,0.27681589411013985,2.0949303712873086,0.26734965776288505,-0.9392598391087256,0.1815500799909181,ALIGN_YAW distance=0.182 yaw_error=1.216,False
19.6,1,2.2626119143031715,0.3369437069088291,0.27681589411013985,2.0949303712873086,0.26734965776288505,-0.9392598391087256,0.1815500799909181,ALIGN_YAW distance=0.182 yaw_error=1.216,False
19.700000000000003,1,2.2626119143031715,0.3369437069088291,0.27681589411013985,2.0954353384782594,0.2674783396496202,-0.9627299644376439,0.1810343745066096,ALIGN_YAW distance=0.181 yaw_error=1.240,False
19.700000000000003,1,2.2626119143031715,0.3369437069088291,0.27681589411013985,2.0954353384782594,0.2674783396496202,-0.9627299644376439,0.1810343745066096,ALIGN_YAW distance=0.181 yaw_error=1.240,False
19.8,1,2.2626119143031715,0.3369437069088291,0.27681589411013985,2.0948462216785733,0.2664252720289009,-0.9877198359302186,0.18198400281268096,ALIGN_YAW distance=0.182 yaw_error=1.265,False
19.8,1,2.2626119143031715,0.3369437069088291,0.27681589411013985,2.0948462216785733,0.2664252720289009,-0.9877198359302186,0.18198400281268096,ALIGN_YAW distance=0.182 yaw_error=1.265,False
19.900000000000002,1,2.2626119143031715,0.3369437069088291,0.27681589411013985,2.095506855007129,0.2658675805842537,-1.0127766101477313,0.18159272170337915,ALIGN_YAW distance=0.182 yaw_error=1.290,False
19.900000000000002,1,2.2626119143031715,0.3369437069088291,0.27681589411013985,2.095506855007129,0.2658675805842537,-1.0127766101477313,0.18159272170337915,ALIGN_YAW distance=0.182 yaw_error=1.290,False
20.0,1,2.2626119143031715,0.3369437069088291,0.27681589411013985,2.0962637789748295,0.26643946789142375,-1.0414325761563932,0.1806724933315523,ALIGN_YAW distance=0.181 yaw_error=1.318,False
20.0,1,2.2626119143031715,0.3369437069088291,0.27681589411013985,2.096420630762326,0.26662319737146395,-1.0444857386312858,0.18045641242845417,ALIGN_YAW distance=0.181 yaw_error=1.318,False
20.1,1,2.2626119143031715,0.3369437069088291,0.27681589411013985,2.097064498638977,0.2664696211599334,-1.0685831496751401,0.17992371604442914,ALIGN_YAW distance=0.180 yaw_error=1.345,False
20.1,1,2.2626119143031715,0.3369437069088291,0.27681589411013985,2.097111212075537,0.2665345330344024,-1.0710360852796892,0.17985531463795942,ALIGN_YAW distance=0.180 yaw_error=1.345,False
20.200000000000003,1,2.2626119143031715,0.3369437069088291,0.27681589411013985,2.0968801530933785,0.26594670692089767,-1.097656808406267,0.180298615305238,ALIGN_YAW distance=0.180 yaw_error=1.372,False
20.200000000000003,1,2.2626119143031715,0.3369437069088291,0.27681589411013985,2.0968801530933785,0.26594670692089767,-1.097656808406267,0.180298615305238,ALIGN_YAW distance=0.180 yaw_error=1.372,False
20.3,1,2.2626119143031715,0.3369437069088291,0.27681589411013985,2.097608068308049,0.2660107702985873,-1.1271321062058781,0.1796044283678291,ALIGN_YAW distance=0.179 yaw_error=1.401,False
20.3,1,2.2626119143031715,0.3369437069088291,0.27681589411013985,2.097608068308049,0.2660107702985873,-1.1271321062058781,0.1796044283678291,ALIGN_YAW distance=0.179 yaw_error=1.401,False
20.400000000000002,1,2.2626119143031715,0.3369437069088291,0.27681589411013985,2.097808214081627,0.2657591349728839,-1.1538411319088107,0.17952020189498563,ALIGN_YAW distance=0.179 yaw_error=1.428,False
20.400000000000002,1,2.2626119143031715,0.3369437069088291,0.27681589411013985,2.097808214081627,0.2657591349728839,-1.1538411319088107,0.17952020189498563,ALIGN_YAW distance=0.179 yaw_error=1.428,False
20.5,1,2.2626119143031715,0.3369437069088291,0.27681589411013985,2.0973022765784957,0.26606323113002733,-1.1794005383909139,0.17986472186421906,ALIGN_YAW distance=0.180 yaw_error=1.456,False
20.5,1,2.2626119143031715,0.3369437069088291,0.27681589411013985,2.0973022765784957,0.26606323113002733,-1.1794005383909139,0.17986472186421906,ALIGN_YAW distance=0.180 yaw_error=1.456,False
20.6,1,2.2626119143031715,0.3369437069088291,0.27681589411013985,2.0978005966369424,0.2660367983321061,-1.2081225801298943,0.17941727930939774,ALIGN_YAW distance=0.179 yaw_error=1.485,False
20.6,1,2.2626119143031715,0.3369437069088291,0.27681589411013985,2.097654024340078,0.2656575056361367,-1.2109732867324963,0.17970205327977454,ALIGN_YAW distance=0.179 yaw_error=1.485,False
20.700000000000003,1,2.2626119143031715,0.3369437069088291,0.27681589411013985,2.0975276675177286,0.26545660560962564,-1.2357512227293765,0.17989778817117127,ALIGN_YAW distance=0.180 yaw_error=1.513,False
20.700000000000003,1,2.2626119143031715,0.3369437069088291,0.27681589411013985,2.097471685175393,0.2653354584532468,-1.2388382747550195,0.1799973236558022,ALIGN_YAW distance=0.180 yaw_error=1.513,False
20.8,1,2.2626119143031715,0.3369437069088291,0.27681589411013985,2.0979656518796808,0.2655087855426682,-1.2684202074728153,0.17947517856409723,ALIGN_YAW distance=0.179 yaw_error=1.545,False
20.8,1,2.2626119143031715,0.3369437069088291,0.27681589411013985,2.0979656518796808,0.2655087855426682,-1.2684202074728153,0.17947517856409723,ALIGN_YAW distance=0.179 yaw_error=1.545,False
20.900000000000002,1,2.2626119143031715,0.3369437069088291,0.27681589411013985,2.0986450665583596,0.2648927048879402,-1.297895791831164,0.179099062118104,ALIGN_YAW distance=0.179 yaw_error=1.575,False
20.900000000000002,1,2.2626119143031715,0.3369437069088291,0.27681589411013985,2.0986450665583596,0.2648927048879402,-1.297895791831164,0.179099062118104,ALIGN_YAW distance=0.179 yaw_error=1.575,False
21.0,1,2.2626119143031715,0.3369437069088291,0.27681589411013985,2.098822545355944,0.2651424187946086,-1.3226381388878996,0.17883618860564066,ALIGN_YAW distance=0.179 yaw_error=1.599,False
21.0,1,2.2626119143031715,0.3369437069088291,0.27681589411013985,2.098809183812146,0.2651422144152748,-1.324939047033013,0.17884850807489966,ALIGN_YAW distance=0.179 yaw_error=1.599,False
21.1,1,2.2626119143031715,0.3369437069088291,0.27681589411013985,2.097946448255279,0.26416595674791316,-1.3432237336636188,0.18003143233128585,ALIGN_YAW distance=0.180 yaw_error=1.620,False
21.1,1,2.2626119143031715,0.3369437069088291,0.27681589411013985,2.097975169359059,0.2641162610967568,-1.3452527774915628,0.1800252611421604,ALIGN_YAW distance=0.180 yaw_error=1.620,False
21.200000000000003,1,2.2626119143031715,0.3369437069088291,0.27681589411013985,2.097957613573202,0.26443436212999943,-1.3646336381939366,0.17991287844156795,ALIGN_YAW distance=0.180 yaw_error=1.639,False
21.200000000000003,1,2.2626119143031715,0.3369437069088291,0.27681589411013985,2.097957613573202,0.26443436212999943,-1.3646336381939366,0.17991287844156795,ALIGN_YAW distance=0.180 yaw_error=1.639,False
21.3,1,2.2626119143031715,0.3369437069088291,0.27681589411013985,2.0983654496656317,0.2642990394531007,-1.3860958790032794,0.17959440095861565,ALIGN_YAW distance=0.180 yaw_error=1.661,False
21.3,1,2.2626119143031715,0.3369437069088291,0.27681589411013985,2.0983654496656317,0.2642990394531007,-1.3860958790032794,0.17959440095861565,ALIGN_YAW distance=0.180 yaw_error=1.663,False
21.400000000000002,1,2.2626119143031715,0.3369437069088291,0.27681589411013985,2.0980440144353385,0.26423105575219474,-1.4003563494451083,0.17991587841303924,ALIGN_YAW distance=0.180 yaw_error=1.677,False
21.400000000000002,1,2.2626119143031715,0.3369437069088291,0.27681589411013985,2.0981370717966175,0.2645556695854093,-1.4021118213548736,0.17969975449369033,ALIGN_YAW distance=0.180 yaw_error=1.677,False
21.5,1,2.2626119143031715,0.3369437069088291,0.27681589411013985,2.097814672392042,0.2639376561950399,-1.4178421684972158,0.18024431858546797,ALIGN_YAW distance=0.180 yaw_error=1.695,False
21.5,1,2.2626119143031715,0.3369437069088291,0.27681589411013985,2.097717233181743,0.2636771019447381,-1.4195223027566466,0.18043905138606148,ALIGN_YAW distance=0.180 yaw_error=1.695,False
21.6,1,2.2626119143031715,0.3369437069088291,0.27681589411013985,2.097855577397567,0.26390826794924077,-1.432911649369647,0.18021882780268209,ALIGN_YAW distance=0.180 yaw_error=1.710,False
21.6,1,2.2626119143031715,0.3369437069088291,0.27681589411013985,2.0980040454845006,0.2640571577033657,-1.4344769227323821,0.18002277503723027,ALIGN_YAW distance=0.180 yaw_error=1.710,False
21.700000000000003,1,2.2626119143031715,0.3369437069088291,0.27681589411013985,2.0978533999419606,0.2634981987019123,-1.4502632221906464,0.18038739071865756,ALIGN_YAW distance=0.180 yaw_error=1.727,False
21.700000000000003,1,2.2626119143031715,0.3369437069088291,0.27681589411013985,2.097759518658833,0.2632639871903049,-1.4520362496573438,0.180568583777682,ALIGN_YAW distance=0.180 yaw_error=1.727,False
21.8,1,2.2626119143031715,0.3369437069088291,0.27681589411013985,2.096768126127044,0.26338296116793963,-1.4695867382807937,0.18142586747915548,ALIGN_YAW distance=0.181 yaw_error=1.745,False
21.8,1,2.2626119143031715,0.3369437069088291,0.27681589411013985,2.096768126127044,0.26338296116793963,-1.4695867382807937,0.18142586747915548,ALIGN_YAW distance=0.181 yaw_error=1.745,False
21.900000000000002,1,2.2626119143031715,0.3369437069088291,0.27681589411013985,2.0963760836062786,0.2630684114047511,-1.48638794329425,0.18191182120274896,ALIGN_YAW distance=0.182 yaw_error=1.761,False
21.900000000000002,1,2.2626119143031715,0.3369437069088291,0.27681589411013985,2.0963760836062786,0.2630684114047511,-1.48638794329425,0.18191182120274896,ALIGN_YAW distance=0.182 yaw_error=1.761,False
22.0,1,2.2626119143031715,0.3369437069088291,0.27681589411013985,2.096529593004869,0.2639163707763557,-1.503903001103698,0.1814285789792717,ALIGN_YAW distance=0.181 yaw_error=1.781,False
22.0,1,2.2626119143031715,0.3369437069088291,0.27681589411013985,2.0965155656918983,0.26397737141232674,-1.5057561809721007,0.1814168766619736,ALIGN_YAW distance=0.181 yaw_error=1.781,False
22.1,1,2.2626119143031715,0.3369437069088291,0.27681589411013985,2.0961198405651356,0.2640802258332936,-1.5231512121458253,0.181737991328276,ALIGN_YAW distance=0.182 yaw_error=1.800,False
22.1,1,2.2626119143031715,0.3369437069088291,0.27681589411013985,2.095988937849873,0.263696962245811,-1.5250826201050447,0.18201181798412383,ALIGN_YAW distance=0.182 yaw_error=1.800,False
22.200000000000003,1,2.2626119143031715,0.3369437069088291,0.27681589411013985,2.0959747454855284,0.2635797847493706,-1.541954486478826,0.18207199429395718,ALIGN_YAW distance=0.182 yaw_error=1.819,False
22.200000000000003,1,2.2626119143031715,0.3369437069088291,0.27681589411013985,2.0959747454855284,0.2635797847493706,-1.541954486478826,0.18207199429395718,ALIGN_YAW distance=0.182 yaw_error=1.819,False
22.3,1,2.2626119143031715,0.3369437069088291,0.27681589411013985,2.095881374271583,0.26402054701231764,-1.563561341257814,0.18198038418609117,ALIGN_YAW distance=0.182 yaw_error=1.838,False
22.3,1,2.2626119143031715,0.3369437069088291,0.27681589411013985,2.095881374271583,0.26402054701231764,-1.563561341257814,0.18198038418609117,ALIGN_YAW distance=0.182 yaw_error=1.838,False
22.400000000000002,1,2.2626119143031715,0.3369437069088291,0.27681589411013985,2.0960812434248433,0.26473561106977883,-1.5832530547746932,0.18151163446977045,ALIGN_YAW distance=0.182 yaw_error=1.858,False
22.400000000000002,1,2.2626119143031715,0.3369437069088291,0.27681589411013985,2.0960812434248433,0.26473561106977883,-1.5832530547746932,0.18151163446977045,ALIGN_YAW distance=0.182 yaw_error=1.858,False
22.5,1,2.2626119143031715,0.3369437069088291,0.27681589411013985,2.095661495637812,0.26504221006529216,-1.6026428708703844,0.1817753215947644,ALIGN_YAW distance=0.182 yaw_error=1.879,False
22.5,1,2.2626119143031715,0.3369437069088291,0.27681589411013985,2.095661495637812,0.26504221006529216,-1.6026428708703844,0.1817753215947644,ALIGN_YAW distance=0.182 yaw_error=1.879,False
22.6,1,2.2626119143031715,0.3369437069088291,0.27681589411013985,2.0963631483604526,0.26487097834629064,-1.6217782885095664,0.18119914563795908,ALIGN_YAW distance=0.181 yaw_error=1.899,False
22.6,1,2.2626119143031715,0.3369437069088291,0.27681589411013985,2.0963631483604526,0.26487097834629064,-1.6217782885095664,0.18119914563795908,ALIGN_YAW distance=0.181 yaw_error=1.899,False
22.700000000000003,1,2.2626119143031715,0.3369437069088291,0.27681589411013985,2.096592000662864,0.26434463984120765,-1.640388768969149,0.1811994378143158,ALIGN_YAW distance=0.181 yaw_error=1.917,False
22.700000000000003,1,2.2626119143031715,0.3369437069088291,0.27681589411013985,2.096592000662864,0.26434463984120765,-1.640388768969149,0.1811994378143158,ALIGN_YAW distance=0.181 yaw_error=1.917,False
22.8,1,2.2626119143031715,0.3369437069088291,0.27681589411013985,2.096115475418933,0.26565081342510877,-1.6574726523211751,0.18111803008649946,ALIGN_YAW distance=0.181 yaw_error=1.934,False
22.8,1,2.2626119143031715,0.3369437069088291,0.27681589411013985,2.0961244610179253,0.2653152001821983,-1.6590011916939646,0.18124214487059584,ALIGN_YAW distance=0.181 yaw_error=1.934,False
22.900000000000002,1,2.2626119143031715,0.3369437069088291,0.27681589411013985,2.096150941545998,0.2654076801295182,-1.6750709299313788,0.1811812865023174,ALIGN_YAW distance=0.181 yaw_error=1.950,False
22.900000000000002,1,2.2626119143031715,0.3369437069088291,0.27681589411013985,2.096150941545998,0.2654076801295182,-1.6750709299313788,0.1811812865023174,ALIGN_YAW distance=0.181 yaw_error=1.950,False
23.0,1,2.2626119143031715,0.3369437069088291,0.27681589411013985,2.0961974611936633,0.2652046195067174,-1.6974790557946948,0.18121883694865862,ALIGN_YAW distance=0.181 yaw_error=1.972,False
23.0,1,2.2626119143031715,0.3369437069088291,0.27681589411013985,2.0961974611936633,0.2652046195067174,-1.6974790557946948,0.18121883694865862,ALIGN_YAW distance=0.181 yaw_error=1.972,False
23.1,1,2.2626119143031715,0.3369437069088291,0.27681589411013985,2.0956305311251016,0.2658276792246881,-1.7175665765228874,0.18149455011551432,ALIGN_YAW distance=0.181 yaw_error=1.994,False
23.1,1,2.2626119143031715,0.3369437069088291,0.27681589411013985,2.0956305311251016,0.2658276792246881,-1.7175665765228874,0.18149455011551432,ALIGN_YAW distance=0.181 yaw_error=1.994,False
23.200000000000003,1,2.2626119143031715,0.3369437069088291,0.27681589411013985,2.0951683042134333,0.26495386604781324,-1.7448503285955508,0.1822632704279134,ALIGN_YAW distance=0.182 yaw_error=2.019,False
23.200000000000003,1,2.2626119143031715,0.3369437069088291,0.27681589411013985,2.0951683042134333,0.26495386604781324,-1.7448503285955508,0.1822632704279134,ALIGN_YAW distance=0.182 yaw_error=2.019,False
23.3,1,2.2626119143031715,0.3369437069088291,0.27681589411013985,2.095053802721306,0.26521513744953407,-1.7706981950461929,0.18226548887147517,ALIGN_YAW distance=0.182 yaw_error=2.045,False
23.3,1,2.2626119143031715,0.3369437069088291,0.27681589411013985,2.095053802721306,0.26521513744953407,-1.7706981950461929,0.18226548887147517,ALIGN_YAW distance=0.182 yaw_error=2.048,False
23.400000000000002,1,2.2626119143031715,0.3369437069088291,0.27681589411013985,2.095136941519468,0.26510460111995976,-1.7902183150436983,0.18223260857883436,ALIGN_YAW distance=0.182 yaw_error=2.067,False
23.400000000000002,1,2.2626119143031715,0.3369437069088291,0.27681589411013985,2.0952837270084537,0.26474471265811556,-1.7924434013374,0.18223999844751632,ALIGN_YAW distance=0.182 yaw_error=2.067,False
23.5,1,2.2626119143031715,0.3369437069088291,0.27681589411013985,2.094970685562988,0.2652616821998149,-1.8101025090137743,0.1823235975947771,ALIGN_YAW distance=0.182 yaw_error=2.087,False
23.5,1,2.2626119143031715,0.3369437069088291,0.27681589411013985,2.09518203285333,0.2654436834273765,-1.8119925122536003,0.18205773413990467,ALIGN_YAW distance=0.182 yaw_error=2.087,False
23.6,1,2.2626119143031715,0.3369437069088291,0.27681589411013985,2.0949324443444883,0.26614480478967484,-1.8298849556846577,0.1820134313365432,ALIGN_YAW distance=0.182 yaw_error=2.107,False
23.6,1,2.2626119143031715,0.3369437069088291,0.27681589411013985,2.094817290710294,0.26619734317203314,-1.8316311342395448,0.18209910403034524,ALIGN_YAW distance=0.182 yaw_error=2.107,False
23.700000000000003,1,2.2626119143031715,0.3369437069088291,0.27681589411013985,2.094079469903114,0.2664166543008363,-1.8510893139021316,0.18269441689616317,ALIGN_YAW distance=0.183 yaw_error=2.128,False
23.700000000000003,1,2.2626119143031715,0.3369437069088291,0.27681589411013985,2.0941276547863246,0.2662650704566938,-1.853460339185775,0.18270855304466002,ALIGN_YAW distance=0.183 yaw_error=2.128,False
23.8,1,2.2626119143031715,0.3369437069088291,0.27681589411013985,2.093737051457084,0.2656317821086077,-1.8771370751968297,0.18331423818131898,ALIGN_YAW distance=0.184 yaw_error=2.152,False
23.8,1,2.2626119143031715,0.3369437069088291,0.27681589411013985,2.093737051457084,0.2656317821086077,-1.8771370751968297,0.18331423818131898,ALIGN_YAW distance=0.184 yaw_error=2.152,False
23.900000000000002,1,2.2626119143031715,0.3369437069088291,0.27681589411013985,2.0936994464777134,0.26437894891453095,-1.8954520638168377,0.18383978320716513,ALIGN_YAW distance=0.184 yaw_error=2.172,False
23.900000000000002,1,2.2626119143031715,0.3369437069088291,0.27681589411013985,2.093625360554695,0.26436503090450053,-1.8976944957915909,0.1839133479612834,ALIGN_YAW distance=0.184 yaw_error=2.172,False
24.0,1,2.2626119143031715,0.3369437069088291,0.27681589411013985,2.094040967378276,0.2643250834176838,-1.9203247503822845,0.18354734709307222,ALIGN_YAW distance=0.184 yaw_error=2.195,False
24.0,1,2.2626119143031715,0.3369437069088291,0.27681589411013985,2.094040967378276,0.2643250834176838,-1.9203247503822845,0.18354734709307222,ALIGN_YAW distance=0.184 yaw_error=2.195,False
24.1,1,2.2626119143031715,0.3369437069088291,0.27681589411013985,2.0932065678331435,0.2642130022356446,-1.945672353043082,0.1843581482194053,ALIGN_YAW distance=0.184 yaw_error=2.220,False
24.1,1,2.2626119143031715,0.3369437069088291,0.27681589411013985,2.0932065678331435,0.2642130022356446,-1.945672353043082,0.1843581482194053,ALIGN_YAW distance=0.184 yaw_error=2.220,False
24.200000000000003,1,2.2626119143031715,0.3369437069088291,0.27681589411013985,2.092883278861734,0.2635808760904477,-1.9686323453088401,0.18490515037310018,ALIGN_YAW distance=0.185 yaw_error=2.243,False
24.200000000000003,1,2.2626119143031715,0.3369437069088291,0.27681589411013985,2.092883278861734,0.2635808760904477,-1.9686323453088401,0.18490515037310018,ALIGN_YAW distance=0.185 yaw_error=2.243,False
24.3,1,2.2626119143031715,0.3369437069088291,0.27681589411013985,2.0930774243340826,0.2631963164062067,-1.98954593787128,0.1848800175655157,ALIGN_YAW distance=0.185 yaw_error=2.264,False
24.3,1,2.2626119143031715,0.3369437069088291,0.27681589411013985,2.0930774243340826,0.2631963164062067,-1.98954593787128,0.1848800175655157,ALIGN_YAW distance=0.185 yaw_error=2.264,False
24.400000000000002,1,2.2626119143031715,0.3369437069088291,0.27681589411013985,2.092092004122358,0.2628042893239559,-2.0142891705023973,0.18594002529820441,ALIGN_YAW distance=0.186 yaw_error=2.291,False
24.400000000000002,1,2.2626119143031715,0.3369437069088291,0.27681589411013985,2.0920403240776677,0.26289211399244,-2.017023027269385,0.1859524288776885,ALIGN_YAW distance=0.186 yaw_error=2.291,False
24.5,1,2.2626119143031715,0.3369437069088291,0.27681589411013985,2.0923382889047817,0.2627226593227038,-2.0390882333251383,0.18574679381107248,ALIGN_YAW distance=0.186 yaw_error=2.316,False
24.5,1,2.2626119143031715,0.3369437069088291,0.27681589411013985,2.0923382889047817,0.2627226593227038,-2.0390882333251383,0.18574679381107248,ALIGN_YAW distance=0.186 yaw_error=2.316,False
24.6,1,2.2626119143031715,0.3369437069088291,0.27681589411013985,2.092038314040601,0.2617146325857095,-2.060627929610892,0.18642630375043273,ALIGN_YAW distance=0.186 yaw_error=2.336,False
24.6,1,2.2626119143031715,0.3369437069088291,0.27681589411013985,2.092038314040601,0.2617146325857095,-2.060627929610892,0.18642630375043273,ALIGN_YAW distance=0.186 yaw_error=2.336,False
24.700000000000003,1,2.2626119143031715,0.3369437069088291,0.27681589411013985,2.0920998120590393,0.2618652709657111,-2.078279189008923,0.18630928198932625,ALIGN_YAW distance=0.186 yaw_error=2.353,False
24.700000000000003,1,2.2626119143031715,0.3369437069088291,0.27681589411013985,2.0920998120590393,0.2618652709657111,-2.078279189008923,0.18630928198932625,ALIGN_YAW distance=0.186 yaw_error=2.353,False
24.8,1,2.2626119143031715,0.3369437069088291,0.27681589411013985,2.0914018202016242,0.2612578723280762,-2.101538374097832,0.18719306044414621,ALIGN_YAW distance=0.187 yaw_error=2.376,False
24.8,1,2.2626119143031715,0.3369437069088291,0.27681589411013985,2.0914018202016242,0.2612578723280762,-2.101538374097832,0.18719306044414621,ALIGN_YAW distance=0.187 yaw_error=2.376,False
24.900000000000002,1,2.2626119143031715,0.3369437069088291,0.27681589411013985,2.090613234120525,0.261488481538146,-2.123282280687131,0.18782182253485055,ALIGN_YAW distance=0.188 yaw_error=2.400,False
24.900000000000002,1,2.2626119143031715,0.3369437069088291,0.27681589411013985,2.09049291510488,0.2616162793134818,-2.1260222392738535,0.18788073672719546,ALIGN_YAW distance=0.188 yaw_error=2.400,False
25.0,1,2.2626119143031715,0.3369437069088291,0.27681589411013985,2.09000669475972,0.2612677420941679,-2.152328501575898,0.1884659477578722,ALIGN_YAW distance=0.189 yaw_error=2.427,False
25.0,1,2.2626119143031715,0.3369437069088291,0.27681589411013985,2.09000669475972,0.2612677420941679,-2.152328501575898,0.1884659477578722,ALIGN_YAW distance=0.189 yaw_error=2.427,False
25.1,1,2.2626119143031715,0.3369437069088291,0.27681589411013985,2.090124914946052,0.26084216199270605,-2.1788106947505317,0.1885290696042486,ALIGN_YAW distance=0.189 yaw_error=2.456,False
25.1,1,2.2626119143031715,0.3369437069088291,0.27681589411013985,2.0901707729435133,0.2609288937829305,-2.1816164425334925,0.18845211340812001,ALIGN_YAW distance=0.189 yaw_error=2.456,False
25.200000000000003,1,2.2626119143031715,0.3369437069088291,0.27681589411013985,2.0900149398067005,0.26058707431934114,-2.205755706666404,0.18873275006140702,ALIGN_YAW distance=0.189 yaw_error=2.483,False
25.200000000000003,1,2.2626119143031715,0.3369437069088291,0.27681589411013985,2.0900149398067005,0.26058707431934114,-2.205755706666404,0.18873275006140702,ALIGN_YAW distance=0.189 yaw_error=2.483,False
25.3,1,2.2626119143031715,0.3369437069088291,0.27681589411013985,2.089367541806643,0.25975045088580173,-2.2342566492778047,0.1896639432711253,ALIGN_YAW distance=0.190 yaw_error=2.508,False
25.3,1,2.2626119143031715,0.3369437069088291,0.27681589411013985,2.089367541806643,0.25975045088580173,-2.2342566492778047,0.1896639432711253,ALIGN_YAW distance=0.190 yaw_error=2.508,False
25.400000000000002,1,2.2626119143031715,0.3369437069088291,0.27681589411013985,2.0891926589031606,0.2596832021478298,-2.258310324827054,0.18985105672452446,ALIGN_YAW distance=0.190 yaw_error=2.535,False
25.400000000000002,1,2.2626119143031715,0.3369437069088291,0.27681589411013985,2.0891926589031606,0.2596832021478298,-2.258310324827054,0.18985105672452446,ALIGN_YAW distance=0.190 yaw_error=2.535,False
25.5,1,2.2626119143031715,0.3369437069088291,0.27681589411013985,2.088907654536987,0.25899286652092063,-2.2876369370948453,0.1903930234491255,ALIGN_YAW distance=0.190 yaw_error=2.564,False
25.5,1,2.2626119143031715,0.3369437069088291,0.27681589411013985,2.088907654536987,0.25899286652092063,-2.2876369370948453,0.1903930234491255,ALIGN_YAW distance=0.190 yaw_error=2.564,False
25.6,1,2.2626119143031715,0.3369437069088291,0.27681589411013985,2.088068694103914,0.2591140022895325,-2.319662133706718,0.19110938919543802,ALIGN_YAW distance=0.191 yaw_error=2.593,False
25.6,1,2.2626119143031715,0.3369437069088291,0.27681589411013985,2.088068694103914,0.2591140022895325,-2.319662133706718,0.19110938919543802,ALIGN_YAW distance=0.191 yaw_error=2.593,False
25.700000000000003,1,2.2626119143031715,0.3369437069088291,0.27681589411013985,2.088187484541615,0.25872284731876816,-2.3485834374704933,0.19116062505822753,ALIGN_YAW distance=0.191 yaw_error=2.623,False
25.700000000000003,1,2.2626119143031715,0.3369437069088291,0.27681589411013985,2.088187484541615,0.25872284731876816,-2.3485834374704933,0.19116062505822753,ALIGN_YAW distance=0.191 yaw_error=2.623,False
25.8,1,2.2626119143031715,0.3369437069088291,0.27681589411013985,2.088388612386862,0.25793581764199675,-2.372957540836353,0.19130082461145237,ALIGN_YAW distance=0.191 yaw_error=2.650,False
25.8,1,2.2626119143031715,0.3369437069088291,0.27681589411013985,2.088388612386862,0.25793581764199675,-2.372957540836353,0.19130082461145237,ALIGN_YAW distance=0.191 yaw_error=2.650,False
25.900000000000002,1,2.2626119143031715,0.3369437069088291,0.27681589411013985,2.0878032320674853,0.25773323716731694,-2.402106245780707,0.19191762269694812,ALIGN_YAW distance=0.192 yaw_error=2.679,False
25.900000000000002,1,2.2626119143031715,0.3369437069088291,0.27681589411013985,2.0878032320674853,0.25773323716731694,-2.402106245780707,0.19191762269694812,ALIGN_YAW distance=0.192 yaw_error=2.679,False
26.0,1,2.0,0.0,0.0,2.0879741404183063,0.25835629090430773,-2.428179996982375,0.27292383998502434,ALIGN_YAW distance=0.192 yaw_error=2.705,False
26.0,1,2.0,0.0,0.0,2.0879741404183063,0.25835629090430773,-2.428179996982375,0.27292383998502434,ALIGN_YAW distance=0.192 yaw_error=2.705,False
26.0,1,2.0,0.0,0.0,2.0879741404183063,0.25835629090430773,-2.428179996982375,0.27292383998502434,GOAL_RECEIVED frame=odom x=2.000 y=0.000,False
26.1,1,2.0,0.0,0.0,2.087245166492194,0.2579698373630507,-2.451084152736597,0.27232362377393826,TRACKING distance=0.272 heading_error=0.554 linear=0.150 angular=0.550 ,False
26.1,1,2.0,0.0,0.0,2.0875056039390825,0.25792591374956303,-2.453846334744252,0.2723655773116173,TRACKING distance=0.272 heading_error=0.554 linear=0.150 angular=0.550 ,False
26.200000000000003,1,2.0,0.0,0.0,2.087497500316959,0.2577811932537686,-2.4832387359658292,0.27222592851720245,TRACKING distance=0.272 heading_error=0.582 linear=0.150 angular=0.550 ,False
26.200000000000003,1,2.0,0.0,0.0,2.087497500316959,0.2577811932537686,-2.4832387359658292,0.27222592851720245,TRACKING distance=0.272 heading_error=0.585 linear=0.150 angular=0.550 ,False
26.3,1,2.0,0.0,0.0,2.0815632040072987,0.25401394561507856,-2.510995694162221,0.2667876324248864,TRACKING distance=0.267 heading_error=0.630 linear=0.147 angular=0.550 ,False
26.3,1,2.0,0.0,0.0,2.0815632040072987,0.25401394561507856,-2.510995694162221,0.2667876324248864,TRACKING distance=0.267 heading_error=0.630 linear=0.147 angular=0.550 ,False
26.400000000000002,1,2.0,0.0,0.0,2.069765222854119,0.245915222513894,-2.5293648007786023,0.25561980162722703,TRACKING distance=0.256 heading_error=0.682 linear=0.141 angular=0.550 ,False
26.400000000000002,1,2.0,0.0,0.0,2.069765222854119,0.245915222513894,-2.5293648007786023,0.25561980162722703,TRACKING distance=0.256 heading_error=0.682 linear=0.141 angular=0.550 ,False
26.5,1,2.0,0.0,0.0,2.052594101994099,0.23400929004046864,-2.532616806357177,0.23984679983233018,ALIGN_YAW distance=0.241 yaw_error=2.533,False
26.5,1,2.0,0.0,0.0,2.052594101994099,0.23400929004046864,-2.532616806357177,0.23984679983233018,ALIGN_YAW distance=0.241 yaw_error=2.533,False
26.6,1,2.0,0.0,0.0,2.0387977803775867,0.22447734931923735,-2.524829741433184,0.22780550502483113,ALIGN_YAW distance=0.228 yaw_error=2.525,False
26.6,1,2.0,0.0,0.0,2.0387977803775867,0.22447734931923735,-2.524829741433184,0.22780550502483113,ALIGN_YAW distance=0.228 yaw_error=2.525,False
26.700000000000003,1,2.0,0.0,0.0,2.0232215473085,0.2130662047887569,-2.51396488694546,0.21432789804989313,ALIGN_YAW distance=0.214 yaw_error=2.514,False
26.700000000000003,1,2.0,0.0,0.0,2.0232215473085,0.2130662047887569,-2.51396488694546,0.21432789804989313,ALIGN_YAW distance=0.214 yaw_error=2.514,False
26.8,1,2.0,0.0,0.0,2.0123942302271995,0.20525346624248575,-2.500998272243962,0.20562733852160822,ALIGN_YAW distance=0.206 yaw_error=2.502,False
26.8,1,2.0,0.0,0.0,2.0123942302271995,0.20525346624248575,-2.500998272243962,0.20562733852160822,ALIGN_YAW distance=0.206 yaw_error=2.502,False
26.900000000000002,1,2.0,0.0,0.0,2.0121564940213155,0.20489009135736347,-2.488456510941241,0.20525040775433073,ALIGN_YAW distance=0.205 yaw_error=2.488,False
26.900000000000002,1,2.0,0.0,0.0,2.0121564940213155,0.20489009135736347,-2.488456510941241,0.20525040775433073,ALIGN_YAW distance=0.205 yaw_error=2.488,False
27.0,1,2.0,0.0,0.0,2.012398552688297,0.20519485495953235,-2.4684242049321337,0.20556909449289307,ALIGN_YAW distance=0.206 yaw_error=2.471,False
27.0,1,2.0,0.0,0.0,2.012398552688297,0.20519485495953235,-2.4684242049321337,0.20556909449289307,ALIGN_YAW distance=0.206 yaw_error=2.471,False
27.1,1,2.0,0.0,0.0,2.0129991882218783,0.20551591919908643,-2.441641118254166,0.20592661784886684,ALIGN_YAW distance=0.206 yaw_error=2.444,False
27.1,1,2.0,0.0,0.0,2.0129991882218783,0.20551591919908643,-2.441641118254166,0.20592661784886684,ALIGN_YAW distance=0.206 yaw_error=2.444,False
27.200000000000003,1,2.0,0.0,0.0,2.013229150986397,0.20553238559850615,-2.4177916473752052,0.2059576946016679,ALIGN_YAW distance=0.206 yaw_error=2.418,False
27.200000000000003,1,2.0,0.0,0.0,2.013229150986397,0.20553238559850615,-2.4177916473752052,0.2059576946016679,ALIGN_YAW distance=0.206 yaw_error=2.418,False
27.3,1,2.0,0.0,0.0,2.0142332976829342,0.20515905364771456,-2.3889062771727314,0.20565219195660628,ALIGN_YAW distance=0.205 yaw_error=2.391,False
27.3,1,2.0,0.0,0.0,2.0142332976829342,0.20515905364771456,-2.3889062771727314,0.20565219195660628,ALIGN_YAW distance=0.205 yaw_error=2.391,False
27.400000000000002,1,2.0,0.0,0.0,2.0144086991738206,0.2051673786385438,-2.364046134651297,0.2056727105604758,ALIGN_YAW distance=0.206 yaw_error=2.364,False
27.400000000000002,1,2.0,0.0,0.0,2.0144517197693395,0.20506075650233233,-2.3612020208518243,0.20556937043635742,ALIGN_YAW distance=0.206 yaw_error=2.364,False
27.5,1,2.0,0.0,0.0,2.0150727192397944,0.20456245364618103,-2.3336828497011983,0.20511700150652465,ALIGN_YAW distance=0.205 yaw_error=2.336,False
27.5,1,2.0,0.0,0.0,2.0150727192397944,0.20456245364618103,-2.3336828497011983,0.20511700150652465,ALIGN_YAW distance=0.205 yaw_error=2.336,False
27.6,1,2.0,0.0,0.0,2.014724423074676,0.20478298607154333,-2.3062293964871756,0.20531166557032252,ALIGN_YAW distance=0.205 yaw_error=2.309,False
27.6,1,2.0,0.0,0.0,2.014724423074676,0.20478298607154333,-2.3062293964871756,0.20531166557032252,ALIGN_YAW distance=0.205 yaw_error=2.309,False
27.700000000000003,1,2.0,0.0,0.0,2.015069006293885,0.20506673896417385,-2.282000285338633,0.20561965465413506,ALIGN_YAW distance=0.206 yaw_error=2.282,False
27.700000000000003,1,2.0,0.0,0.0,2.015069006293885,0.20506673896417385,-2.282000285338633,0.20561965465413506,ALIGN_YAW distance=0.206 yaw_error=2.282,False
27.8,1,2.0,0.0,0.0,2.0160316280011266,0.20482499623261696,-2.260577688361152,0.2054514350839586,ALIGN_YAW distance=0.205 yaw_error=2.261,False
27.8,1,2.0,0.0,0.0,2.01625004029543,0.2048439386943165,-2.2579949589159827,0.20548747657559083,ALIGN_YAW distance=0.205 yaw_error=2.261,False
27.900000000000002,1,2.0,0.0,0.0,2.0170789123295036,0.20473516503098968,-2.2345886848390184,0.20544628749779212,ALIGN_YAW distance=0.205 yaw_error=2.235,False
27.900000000000002,1,2.0,0.0,0.0,2.0170789123295036,0.20473516503098968,-2.2345886848390184,0.20544628749779212,ALIGN_YAW distance=0.205 yaw_error=2.235,False
28.0,1,2.0,0.0,0.0,2.0166798421054786,0.20436160793708463,-2.2052266029751917,0.20504117618491752,ALIGN_YAW distance=0.205 yaw_error=2.205,False
28.0,1,2.0,0.0,0.0,2.0166798421054786,0.20436160793708463,-2.2052266029751917,0.20504117618491752,ALIGN_YAW distance=0.205 yaw_error=2.205,False
28.1,1,2.0,0.0,0.0,2.017254574726852,0.20460060049310497,-2.178243581590973,0.20532687615396011,ALIGN_YAW distance=0.205 yaw_error=2.178,False
28.1,1,2.0,0.0,0.0,2.017380236241978,0.2043620870313492,-2.1752103262289504,0.2050998177172172,ALIGN_YAW distance=0.205 yaw_error=2.178,False
28.200000000000003,1,2.0,0.0,0.0,2.017637692123526,0.20457410390466807,-2.1498432994411334,0.20533302747449622,ALIGN_YAW distance=0.205 yaw_error=2.150,False
28.200000000000003,1,2.0,0.0,0.0,2.0175359939046142,0.204613818798263,-2.1469328563259165,0.20536388661454347,ALIGN_YAW distance=0.205 yaw_error=2.150,False
28.3,1,2.0,0.0,0.0,2.017329255125938,0.2043290789796969,-2.1174786100285083,0.20506261385223554,ALIGN_YAW distance=0.205 yaw_error=2.120,False
28.3,1,2.0,0.0,0.0,2.017329255125938,0.2043290789796969,-2.1174786100285083,0.20506261385223554,ALIGN_YAW distance=0.205 yaw_error=2.117,False
28.400000000000002,1,2.0,0.0,0.0,2.017339558902889,0.20396921644846056,-2.087340754282996,0.20470491337910215,ALIGN_YAW distance=0.204 yaw_error=2.090,False
28.400000000000002,1,2.0,0.0,0.0,2.017339558902889,0.20396921644846056,-2.087340754282996,0.20470491337910215,ALIGN_YAW distance=0.204 yaw_error=2.090,False
28.5,1,2.0,0.0,0.0,2.0170065492410254,0.2044752596155068,-2.063527820927896,0.20518127232258876,ALIGN_YAW distance=0.205 yaw_error=2.064,False
28.5,1,2.0,0.0,0.0,2.0170065492410254,0.2044752596155068,-2.063527820927896,0.20518127232258876,ALIGN_YAW distance=0.205 yaw_error=2.064,False
28.6,1,2.0,0.0,0.0,2.017587802995931,0.20443718932113852,-2.036004362107787,0.20519233706878703,ALIGN_YAW distance=0.205 yaw_error=2.036,False
28.6,1,2.0,0.0,0.0,2.017507264211513,0.20447512028821907,-2.0331337316225944,0.2052232421463353,ALIGN_YAW distance=0.205 yaw_error=2.036,False
28.700000000000003,1,2.0,0.0,0.0,2.016996235091692,0.20442744379907946,-2.0055822138582498,0.2051327662405932,ALIGN_YAW distance=0.205 yaw_error=2.006,False
28.700000000000003,1,2.0,0.0,0.0,2.0169254811714583,0.20425678189737406,-2.002669894102154,0.20495683658750402,ALIGN_YAW distance=0.205 yaw_error=2.006,False
28.8,1,2.0,0.0,0.0,2.0173103882399506,0.2039348481894479,-1.974573397384664,0.20466819940350034,ALIGN_YAW distance=0.205 yaw_error=1.975,False
28.8,1,2.0,0.0,0.0,2.0174892492549823,0.20367419462799244,-1.9713464179244542,0.2044237055648494,ALIGN_YAW distance=0.205 yaw_error=1.975,False
28.900000000000002,1,2.0,0.0,0.0,2.0173030705982313,0.20437769103779216,-1.9414830674594639,0.2051088414624455,ALIGN_YAW distance=0.205 yaw_error=1.945,False
28.900000000000002,1,2.0,0.0,0.0,2.0173030705982313,0.20437769103779216,-1.9414830674594639,0.2051088414624455,ALIGN_YAW distance=0.205 yaw_error=1.945,False
29.000000000000004,1,2.0,0.0,0.0,2.0175126610659277,0.20409746228480227,-1.911297489800597,0.20484742470606349,ALIGN_YAW distance=0.205 yaw_error=1.914,False
29.000000000000004,1,2.0,0.0,0.0,2.0175126610659277,0.20409746228480227,-1.911297489800597,0.20484742470606349,ALIGN_YAW distance=0.205 yaw_error=1.914,False
29.1,1,2.0,0.0,0.0,2.017157680324497,0.2041137197448207,-1.8830932153386823,0.20483358265232007,ALIGN_YAW distance=0.205 yaw_error=1.883,False
29.1,1,2.0,0.0,0.0,2.017157680324497,0.2041137197448207,-1.8830932153386823,0.20483358265232007,ALIGN_YAW distance=0.205 yaw_error=1.883,False
29.200000000000003,1,2.0,0.0,0.0,2.0166117029206436,0.2044711830687732,-1.8575461405978564,0.2051448595004698,ALIGN_YAW distance=0.205 yaw_error=1.858,False
29.200000000000003,1,2.0,0.0,0.0,2.0166117029206436,0.2044711830687732,-1.8575461405978564,0.2051448595004698,ALIGN_YAW distance=0.205 yaw_error=1.858,False
29.3,1,2.0,0.0,0.0,2.016808814963898,0.20429856179575498,-1.834241430665079,0.20498887436225527,ALIGN_YAW distance=0.205 yaw_error=1.834,False
29.3,1,2.0,0.0,0.0,2.0166551130920896,0.20431166246985433,-1.8321276784912286,0.20498938561131885,ALIGN_YAW distance=0.205 yaw_error=1.834,False
29.400000000000002,1,2.0,0.0,0.0,2.0162740069896583,0.20427968116486564,-1.8120184041281673,0.20492689291627542,ALIGN_YAW distance=0.205 yaw_error=1.812,False
29.400000000000002,1,2.0,0.0,0.0,2.0165152279712224,0.2044890361527968,-1.8100243072009918,0.20515486506939404,ALIGN_YAW distance=0.205 yaw_error=1.812,False
29.500000000000004,1,2.0,0.0,0.0,2.017005162455815,0.204255371800896,-1.7880211214494581,0.20496202687246956,ALIGN_YAW distance=0.205 yaw_error=1.788,False
29.500000000000004,1,2.0,0.0,0.0,2.0169500581520627,0.20444234130288008,-1.785177581408525,0.20514379198201835,ALIGN_YAW distance=0.205 yaw_error=1.788,False
29.6,1,2.0,0.0,0.0,2.0170583135803066,0.20447388187033566,-1.7592753739392584,0.2051841963439876,ALIGN_YAW distance=0.205 yaw_error=1.762,False
29.6,1,2.0,0.0,0.0,2.0170583135803066,0.20447388187033566,-1.7592753739392584,0.2051841963439876,ALIGN_YAW distance=0.205 yaw_error=1.762,False
29.700000000000003,1,2.0,0.0,0.0,2.0166500451179856,0.20510332401544962,-1.7299426260950554,0.2057780297422868,ALIGN_YAW distance=0.205 yaw_error=1.733,False
29.700000000000003,1,2.0,0.0,0.0,2.0166500451179856,0.20510332401544962,-1.7299426260950554,0.2057780297422868,ALIGN_YAW distance=0.205 yaw_error=1.733,False
29.8,1,2.0,0.0,0.0,2.0171294109808504,0.2054944382614324,-1.7019016548774009,0.2062071310040769,ALIGN_YAW distance=0.206 yaw_error=1.705,False
29.8,1,2.0,0.0,0.0,2.0171294109808504,0.2054944382614324,-1.7019016548774009,0.2062071310040769,ALIGN_YAW distance=0.206 yaw_error=1.705,False
29.900000000000002,1,2.0,0.0,0.0,2.0181199963586613,0.20477702923153368,-1.6778349320656862,0.20557715332431836,ALIGN_YAW distance=0.206 yaw_error=1.678,False
29.900000000000002,1,2.0,0.0,0.0,2.0181199963586613,0.20477702923153368,-1.6778349320656862,0.20557715332431836,ALIGN_YAW distance=0.206 yaw_error=1.678,False
30.000000000000004,1,2.0,0.0,0.0,2.0176400926336777,0.2054159198973144,-1.6509679398023727,0.2061719501178194,ALIGN_YAW distance=0.206 yaw_error=1.654,False
30.000000000000004,1,2.0,0.0,0.0,2.0176400926336777,0.2054159198973144,-1.6509679398023727,0.2061719501178194,ALIGN_YAW distance=0.206 yaw_error=1.654,False
30.1,1,2.0,0.0,0.0,2.0175316475494562,0.20533235737259412,-1.6256428578704842,0.2060794401438073,ALIGN_YAW distance=0.206 yaw_error=1.628,False
30.1,1,2.0,0.0,0.0,2.0175316475494562,0.20533235737259412,-1.6256428578704842,0.2060794401438073,ALIGN_YAW distance=0.206 yaw_error=1.628,False
30.200000000000003,1,2.0,0.0,0.0,2.0179602923178224,0.20565700619757088,-1.6015436362257596,0.20643976433402877,ALIGN_YAW distance=0.206 yaw_error=1.602,False
30.200000000000003,1,2.0,0.0,0.0,2.0179602923178224,0.20565700619757088,-1.6015436362257596,0.20643976433402877,ALIGN_YAW distance=0.206 yaw_error=1.602,False
30.3,1,2.0,0.0,0.0,2.018257559108341,0.20519881215009278,-1.5766871072829842,0.20600944389130232,ALIGN_YAW distance=0.206 yaw_error=1.577,False
30.3,1,2.0,0.0,0.0,2.018257559108341,0.20519881215009278,-1.5766871072829842,0.20600944389130232,ALIGN_YAW distance=0.206 yaw_error=1.577,False
30.400000000000002,1,2.0,0.0,0.0,2.0180892643212185,0.2055488166857793,-1.5480543084450529,0.20634325170600323,ALIGN_YAW distance=0.206 yaw_error=1.551,False
30.400000000000002,1,2.0,0.0,0.0,2.0180892643212185,0.2055488166857793,-1.5480543084450529,0.20634325170600323,ALIGN_YAW distance=0.206 yaw_error=1.551,False
30.500000000000004,1,2.0,0.0,0.0,2.019144513786003,0.20560150556367238,-1.5228537097359418,0.20649089931072329,ALIGN_YAW distance=0.206 yaw_error=1.523,False
30.500000000000004,1,2.0,0.0,0.0,2.018904105955447,0.20585174192900882,-1.520082515710473,0.206717935547891,ALIGN_YAW distance=0.206 yaw_error=1.523,False
30.6,1,2.0,0.0,0.0,2.0197494069362874,0.2054381913195715,-1.4961166909825354,0.2063852938728725,ALIGN_YAW distance=0.206 yaw_error=1.498,False
30.6,1,2.0,0.0,0.0,2.0197494069362874,0.2054381913195715,-1.4961166909825354,0.2063852938728725,ALIGN_YAW distance=0.206 yaw_error=1.496,False
30.700000000000003,1,2.0,0.0,0.0,2.019818262534348,0.206170733296677,-1.4734002191724975,0.20712106314416664,ALIGN_YAW distance=0.207 yaw_error=1.476,False
30.700000000000003,1,2.0,0.0,0.0,2.019818262534348,0.206170733296677,-1.4734002191724975,0.20712106314416664,ALIGN_YAW distance=0.207 yaw_error=1.476,False
30.8,1,2.0,0.0,0.0,2.0201356113425786,0.20672262676083075,-1.451563076509948,0.2077009563267274,ALIGN_YAW distance=0.208 yaw_error=1.452,False
30.8,1,2.0,0.0,0.0,2.0201356113425786,0.20672262676083075,-1.451563076509948,0.2077009563267274,ALIGN_YAW distance=0.208 yaw_error=1.452,False
30.900000000000002,1,2.0,0.0,0.0,2.020877672915647,0.20705192769983966,-1.415328548440017,0.20810184523591413,ALIGN_YAW distance=0.208 yaw_error=1.419,False
30.900000000000002,1,2.0,0.0,0.0,2.020877672915647,0.20705192769983966,-1.415328548440017,0.20810184523591413,ALIGN_YAW distance=0.208 yaw_error=1.419,False
31.000000000000004,1,2.0,0.0,0.0,2.0195349972261942,0.20686160526527492,-1.3740928069695617,0.20778195265603275,ALIGN_YAW distance=0.208 yaw_error=1.374,False
31.000000000000004,1,2.0,0.0,0.0,2.0191347317507136,0.2066708680465229,-1.3690850743482752,0.2075547774884381,ALIGN_YAW distance=0.208 yaw_error=1.374,False
31.1,1,2.0,0.0,0.0,2.019928601831457,0.2070157709613828,-1.3198145990591155,0.20797278330996208,ALIGN_YAW distance=0.208 yaw_error=1.325,False
31.1,1,2.0,0.0,0.0,2.019928601831457,0.2070157709613828,-1.3198145990591155,0.20797278330996208,ALIGN_YAW distance=0.208 yaw_error=1.325,False
31.200000000000003,1,2.0,0.0,0.0,2.020769287685423,0.20735795465558593,-1.2694757150088776,0.20839550059900022,ALIGN_YAW distance=0.208 yaw_error=1.275,False
31.200000000000003,1,2.0,0.0,0.0,2.020769287685423,0.20735795465558593,-1.2694757150088776,0.20839550059900022,ALIGN_YAW distance=0.208 yaw_error=1.275,False
31.3,1,2.0,0.0,0.0,2.02097686597555,0.20736214674979558,-1.2174109638024695,0.20842046159348163,ALIGN_YAW distance=0.208 yaw_error=1.223,False
31.3,1,2.0,0.0,0.0,2.02097686597555,0.20736214674979558,-1.2174109638024695,0.20842046159348163,ALIGN_YAW distance=0.208 yaw_error=1.217,False
31.400000000000002,1,2.0,0.0,0.0,2.0188617760862546,0.2069136079875378,-1.1691660298991853,0.2077715278077063,ALIGN_YAW distance=0.208 yaw_error=1.169,False
31.400000000000002,1,2.0,0.0,0.0,2.0188617760862546,0.2069136079875378,-1.1691660298991853,0.2077715278077063,ALIGN_YAW distance=0.208 yaw_error=1.169,False
31.500000000000004,1,2.0,0.0,0.0,2.0201547665726367,0.20799558547675975,-1.1186821299863037,0.20896980210886343,ALIGN_YAW distance=0.209 yaw_error=1.119,False
31.500000000000004,1,2.0,0.0,0.0,2.0197913841887,0.20768117444412013,-1.1136120708641641,0.20862207243384814,ALIGN_YAW distance=0.209 yaw_error=1.119,False
31.6,1,2.0,0.0,0.0,2.0211251962553414,0.20832614224782414,-1.0688301488862957,0.20939449720727465,ALIGN_YAW distance=0.209 yaw_error=1.069,False
31.6,1,2.0,0.0,0.0,2.020624462254302,0.208258080982388,-1.0639799360994635,0.20927684233508972,ALIGN_YAW distance=0.209 yaw_error=1.069,False
31.700000000000003,1,2.0,0.0,0.0,2.02026796613523,0.20841664842317145,-1.0198834908300043,0.20939983235715995,ALIGN_YAW distance=0.209 yaw_error=1.020,False
31.700000000000003,1,2.0,0.0,0.0,2.020613701893381,0.20867556119685013,-1.0148311799559255,0.2096912362178485,ALIGN_YAW distance=0.209 yaw_error=1.020,False
31.8,1,2.0,0.0,0.0,2.0188000662895744,0.20773823885543782,-0.9703113948468998,0.20858719609614423,ALIGN_YAW distance=0.209 yaw_error=0.970,False
31.8,1,2.0,0.0,0.0,2.0191706134872756,0.20798183602104453,-0.9656353059379014,0.2088634878004367,ALIGN_YAW distance=0.209 yaw_error=0.970,False
31.900000000000002,1,2.0,0.0,0.0,2.0198620177663247,0.20878372084032193,-0.9223177519086161,0.2097263498887998,ALIGN_YAW distance=0.210 yaw_error=0.922,False
31.900000000000002,1,2.0,0.0,0.0,2.0194882306974775,0.20856345766612727,-0.9174041535841905,0.2094719718944961,ALIGN_YAW distance=0.210 yaw_error=0.922,False
32.0,1,2.0,0.0,0.0,2.0205742682817474,0.20960062766751095,-0.868440150760075,0.21060798568417075,ALIGN_YAW distance=0.211 yaw_error=0.873,False
32.0,1,2.0,0.0,0.0,2.0205742682817474,0.20960062766751095,-0.868440150760075,0.21060798568417075,ALIGN_YAW distance=0.211 yaw_error=0.873,False
32.1,1,2.0,0.0,0.0,2.0203428725899792,0.2094644688171658,-0.8213630285186575,0.2104499849419561,ALIGN_YAW distance=0.210 yaw_error=0.826,False
32.1,1,2.0,0.0,0.0,2.0203428725899792,0.2094644688171658,-0.8213630285186575,0.2104499849419561,ALIGN_YAW distance=0.210 yaw_error=0.821,False
32.2,1,2.0,0.0,0.0,2.019029761443967,0.2084733905721238,-0.7803530101897332,0.20934012132711582,ALIGN_YAW distance=0.209 yaw_error=0.780,False
32.2,1,2.0,0.0,0.0,2.0193331080693113,0.20879372657206094,-0.7759730329710915,0.20968688400438454,ALIGN_YAW distance=0.209 yaw_error=0.780,False
32.300000000000004,1,2.0,0.0,0.0,2.019754491660036,0.20982045170512031,-0.7356374845279837,0.21074833782141003,ALIGN_YAW distance=0.211 yaw_error=0.736,False
32.300000000000004,1,2.0,0.0,0.0,2.0194963151690923,0.20951237878666557,-0.7312361576990679,0.21041754482461725,ALIGN_YAW distance=0.211 yaw_error=0.736,False
32.4,1,2.0,0.0,0.0,2.020384650673171,0.2107695804655237,-0.69236769948728,0.21175304019701835,ALIGN_YAW distance=0.212 yaw_error=0.692,False
32.4,1,2.0,0.0,0.0,2.0202622107492756,0.2107577072278355,-0.6880790650973581,0.21172946970221712,ALIGN_YAW distance=0.212 yaw_error=0.692,False
32.5,1,2.0,0.0,0.0,2.018975694201549,0.21090090080941926,-0.6469506403511799,0.21175284397772606,ALIGN_YAW distance=0.211 yaw_error=0.651,False
32.5,1,2.0,0.0,0.0,2.018975694201549,0.21090090080941926,-0.6469506403511799,0.21175284397772606,ALIGN_YAW distance=0.211 yaw_error=0.651,False
32.6,1,2.0,0.0,0.0,2.0182170731176536,0.2106454669911548,-0.6081346901525164,0.21143172542666255,ALIGN_YAW distance=0.211 yaw_error=0.612,False
32.6,1,2.0,0.0,0.0,2.0182170731176536,0.2106454669911548,-0.6081346901525164,0.21143172542666255,ALIGN_YAW distance=0.211 yaw_error=0.608,False
32.7,1,2.0,0.0,0.0,2.0170664132458525,0.21086549392028195,-0.569995741691189,0.21155500227440302,ALIGN_YAW distance=0.212 yaw_error=0.574,False
32.7,1,2.0,0.0,0.0,2.0170664132458525,0.21086549392028195,-0.569995741691189,0.21155500227440302,ALIGN_YAW distance=0.212 yaw_error=0.574,False
32.800000000000004,1,2.0,0.0,0.0,2.016621300797975,0.2118449948257619,-0.5374209245258568,0.21249604578190123,ALIGN_YAW distance=0.212 yaw_error=0.537,False
32.800000000000004,1,2.0,0.0,0.0,2.0162291667113097,0.21176621628197279,-0.533909889182113,0.2123871846664171,ALIGN_YAW distance=0.212 yaw_error=0.537,False
32.9,1,2.0,0.0,0.0,2.016690008003735,0.21270546676622887,-0.5033963595462612,0.21335925562160185,ALIGN_YAW distance=0.213 yaw_error=0.503,False
32.9,1,2.0,0.0,0.0,2.016690008003735,0.21270546676622887,-0.5033963595462612,0.21335925562160185,ALIGN_YAW distance=0.213 yaw_error=0.503,False
33.0,1,2.0,0.0,0.0,2.0158490320175444,0.21255137341599267,-0.46996779734756294,0.2131414510528581,ALIGN_YAW distance=0.213 yaw_error=0.470,False
33.0,1,2.0,0.0,0.0,2.0158220008291665,0.21265900461576218,-0.4666876965753121,0.2132467771254818,ALIGN_YAW distance=0.213 yaw_error=0.470,False
33.1,1,2.0,0.0,0.0,2.015870137355348,0.21354117241095755,-0.437711471698592,0.2141300856356339,ARRIVED distance=0.214 yaw_error=0.438,True
33.1,1,2.0,0.0,0.0,2.015792593611298,0.21350021370895345,-0.4348203959497331,0.21408350535886786,ARRIVED distance=0.214 yaw_error=0.438,True
33.2,1,2.0,0.0,0.0,2.0149176653830647,0.21384221720508095,-0.4059158161800664,0.21436191499346638,ARRIVED distance=0.215 yaw_error=0.409,True
33.2,1,2.0,0.0,0.0,2.0149176653830647,0.21384221720508095,-0.4059158161800664,0.21436191499346638,ARRIVED distance=0.215 yaw_error=0.409,True
33.2,1,2.0,0.0,0.0,2.0149176653830647,0.21384221720508095,-0.4059158161800664,0.21436191499346638,GOAL_RECEIVED frame=odom x=2.000 y=0.000,False
33.300000000000004,1,2.0,0.0,0.0,2.0152325345752,0.2150349584498775,-0.38242387166838443,0.21557380050721656,ARRIVED distance=0.216 yaw_error=0.382,True
33.300000000000004,1,2.0,0.0,0.0,2.015288001434972,0.21508585123883306,-0.37996098893052405,0.21562849160305586,ARRIVED distance=0.216 yaw_error=0.382,True
33.4,1,2.0,0.0,0.0,2.015438630972945,0.21481325984236616,-0.3641769216852171,0.2153673325516725,ARRIVED distance=0.215 yaw_error=0.365,True
33.4,1,2.0,0.0,0.0,2.015438630972945,0.21481325984236616,-0.3641769216852171,0.2153673325516725,ARRIVED distance=0.215 yaw_error=0.365,True
33.5,1,2.0,0.0,0.0,2.0153415386532463,0.21488359254568004,-0.361445711628572,0.21543054832958786,ARRIVED distance=0.215 yaw_error=0.361,True
33.5,1,2.0,0.0,0.0,2.0153421760326773,0.2148838671525688,-0.3615282986976471,0.21543086763010655,ARRIVED distance=0.215 yaw_error=0.361,True
33.6,1,2.0,0.0,0.0,2.0153418435401615,0.21488381293909375,-0.3616055263781232,0.21543078987566802,ARRIVED distance=0.215 yaw_error=0.362,True
33.6,1,2.0,0.0,0.0,2.015341782050311,0.21488380786284456,-0.3616079503306952,0.2154307804333335,ARRIVED distance=0.215 yaw_error=0.362,True
33.7,1,2.0,0.0,0.0,2.0153397862727007,0.21488451399036407,-0.3616169677288053,0.21543134264950192,ARRIVED distance=0.215 yaw_error=0.362,True
33.7,1,2.0,0.0,0.0,2.015339546577706,0.21488471215934712,-0.3616176880923249,0.21543152324814277,ARRIVED distance=0.215 yaw_error=0.362,True
33.800000000000004,1,2.0,0.0,0.0,2.0153370210500343,0.21488553781066594,-0.3616201249066817,0.21543216699199852,ARRIVED distance=0.215 yaw_error=0.362,True
33.800000000000004,1,2.0,0.0,0.0,2.0153370210500343,0.21488553781066594,-0.3616201249066817,0.21543216699199852,ARRIVED distance=0.215 yaw_error=0.362,True
33.9,1,2.0,0.0,0.0,2.015334544338118,0.21488669587976955,-0.3616212490363877,0.2154331458160101,ARRIVED distance=0.215 yaw_error=0.362,True
33.9,1,2.0,0.0,0.0,2.015334544338118,0.21488669587976955,-0.3616212490363877,0.2154331458160101,ARRIVED distance=0.215 yaw_error=0.362,True
34.0,1,2.0,0.0,0.0,2.015332100633361,0.21488758903485522,-0.36162179127145727,0.2154338627770582,ARRIVED distance=0.215 yaw_error=0.362,True
34.0,1,2.0,2.0,1.5707963267948963,2.015332100633361,0.21488758903485522,-0.36162179127145727,1.7851782524699384,ARRIVED distance=0.215 yaw_error=0.362,True
34.0,1,2.0,2.0,1.5707963267948963,2.015332100633361,0.21488758903485522,-0.36162179127145727,1.7851782524699384,GOAL_RECEIVED frame=odom x=2.000 y=2.000,False
34.1,1,2.0,2.0,1.5707963267948963,2.0153298716912103,0.2148885077676906,-0.36162234722221553,1.7851773146289787,TRACKING distance=1.785 heading_error=1.941 linear=0.000 angular=0.550 ,False
34.1,1,2.0,2.0,1.5707963267948963,2.0153298716912103,0.2148885077676906,-0.36162234722221553,1.7851773146289787,TRACKING distance=1.785 heading_error=1.941 linear=0.000 angular=0.550 ,False
34.2,1,2.0,2.0,1.5707963267948963,2.0153273803175886,0.2148894099707499,-0.36162289646664125,1.785176391066714,TRACKING distance=1.785 heading_error=1.941 linear=0.000 angular=0.550 ,False
34.2,1,2.0,2.0,1.5707963267948963,2.0153273803175886,0.2148894099707499,-0.36162289646664125,1.785176391066714,TRACKING distance=1.785 heading_error=1.941 linear=0.000 angular=0.550 ,False
34.300000000000004,1,2.0,2.0,1.5707963267948963,2.0153249046622888,0.21489045454242614,-0.3616232917672116,1.785175325279468,TRACKING distance=1.785 heading_error=1.941 linear=0.000 angular=0.550 ,False
34.300000000000004,1,2.0,2.0,1.5707963267948963,2.015324627208465,0.2148905597750214,-0.36162346071765405,1.7851752176689588,TRACKING distance=1.785 heading_error=1.941 linear=0.000 angular=0.550 ,False
34.400000000000006,1,2.0,2.0,1.5707963267948963,2.015909066211988,0.2148945157720646,-0.353578009707794,1.7851763745379305,TRACKING distance=1.785 heading_error=1.933 linear=0.000 angular=0.550 ,False
34.400000000000006,1,2.0,2.0,1.5707963267948963,2.015758791639771,0.21494662077245905,-0.3524085636834725,1.7851229386811456,TRACKING distance=1.785 heading_error=1.933 linear=0.000 angular=0.550 ,False
34.5,1,2.0,2.0,1.5707963267948963,2.0153782448235233,0.21519783403926093,-0.33488113780057327,1.7848684158872883,TRACKING distance=1.785 heading_error=1.914 linear=0.000 angular=0.550 ,False
34.5,1,2.0,2.0,1.5707963267948963,2.0152635429647883,0.21522729072997662,-0.332707076992935,1.7848379756994464,TRACKING distance=1.785 heading_error=1.914 linear=0.000 angular=0.550 ,False
34.6,1,2.0,2.0,1.5707963267948963,2.015381983866711,0.2155578625762263,-0.3134361617682226,1.784508432942025,TRACKING distance=1.784 heading_error=1.895 linear=0.000 angular=0.550 ,False
34.6,1,2.0,2.0,1.5707963267948963,2.015381983866711,0.2155578625762263,-0.3134361617682226,1.784508432942025,TRACKING distance=1.785 heading_error=1.893 linear=0.000 angular=0.550 ,False
34.7,1,2.0,2.0,1.5707963267948963,2.015397410957617,0.21534823873374234,-0.2921123068020997,1.7847181820262137,TRACKING distance=1.785 heading_error=1.872 linear=0.000 angular=0.550 ,False
34.7,1,2.0,2.0,1.5707963267948963,2.015171014073799,0.2151343893183737,-0.2900108319706536,1.7849300848666096,TRACKING distance=1.785 heading_error=1.872 linear=0.000 angular=0.550 ,False
34.800000000000004,1,2.0,2.0,1.5707963267948963,2.0154272673542173,0.2152815637649484,-0.2646970776943603,1.7847851123357419,TRACKING distance=1.785 heading_error=1.844 linear=0.000 angular=0.550 ,False
34.800000000000004,1,2.0,2.0,1.5707963267948963,2.0154272673542173,0.2152815637649484,-0.2646970776943603,1.7847851123357419,TRACKING distance=1.785 heading_error=1.844 linear=0.000 angular=0.550 ,False
34.900000000000006,1,2.0,2.0,1.5707963267948963,2.0152877815836128,0.2155993832276505,-0.23571363714434476,1.7844661043021492,TRACKING distance=1.784 heading_error=1.815 linear=0.000 angular=0.550 ,False
34.900000000000006,1,2.0,2.0,1.5707963267948963,2.0152877815836128,0.2155993832276505,-0.23571363714434476,1.7844661043021492,TRACKING distance=1.784 heading_error=1.815 linear=0.000 angular=0.550 ,False
35.0,1,2.0,2.0,1.5707963267948963,2.014998302147676,0.21603763049957514,-0.2100371279413222,1.7840254159795155,TRACKING distance=1.784 heading_error=1.789 linear=0.000 angular=0.550 ,False
35.0,1,2.0,2.0,1.5707963267948963,2.014998302147676,0.21603763049957514,-0.2100371279413222,1.7840254159795155,TRACKING distance=1.784 heading_error=1.789 linear=0.000 angular=0.550 ,False
35.1,1,2.0,2.0,1.5707963267948963,2.0150801929136706,0.21572170020735162,-0.18288766058427075,1.784342025321731,TRACKING distance=1.784 heading_error=1.762 linear=0.000 angular=0.550 ,False
35.1,1,2.0,2.0,1.5707963267948963,2.015307904937071,0.21561101404297017,-0.18050333340847538,1.7844546464279556,TRACKING distance=1.784 heading_error=1.762 linear=0.000 angular=0.550 ,False
35.2,1,2.0,2.0,1.5707963267948963,2.015111723974392,0.21595716179116034,-0.15690932801967025,1.7841068389437136,TRACKING distance=1.784 heading_error=1.738 linear=0.000 angular=0.550 ,False
35.2,1,2.0,2.0,1.5707963267948963,2.015111723974392,0.21595716179116034,-0.15690932801967025,1.7841068389437136,TRACKING distance=1.784 heading_error=1.738 linear=0.000 angular=0.550 ,False
35.300000000000004,1,2.0,2.0,1.5707963267948963,2.0151049380666404,0.21616365825336684,-0.13562694414475227,1.7839002924182754,TRACKING distance=1.784 heading_error=1.717 linear=0.000 angular=0.550 ,False
35.300000000000004,1,2.0,2.0,1.5707963267948963,2.0151049380666404,0.21616365825336684,-0.13562694414475227,1.7839002924182754,TRACKING distance=1.784 heading_error=1.717 linear=0.000 angular=0.550 ,False
35.400000000000006,1,2.0,2.0,1.5707963267948963,2.0157285196508266,0.21644583215619925,-0.11526550492967298,1.7836235185608533,TRACKING distance=1.784 heading_error=1.697 linear=0.000 angular=0.550 ,False
35.400000000000006,1,2.0,2.0,1.5707963267948963,2.0157285196508266,0.21644583215619925,-0.11526550492967298,1.7836235185608533,TRACKING distance=1.784 heading_error=1.697 linear=0.000 angular=0.550 ,False
35.5,1,2.0,2.0,1.5707963267948963,2.0152716322547133,0.21611293014032404,-0.09829325893965818,1.7839524379209957,TRACKING distance=1.784 heading_error=1.678 linear=0.000 angular=0.550 ,False
35.5,1,2.0,2.0,1.5707963267948963,2.0152218674921563,0.21614525379449762,-0.09657842120491406,1.7839196901233658,TRACKING distance=1.784 heading_error=1.678 linear=0.000 angular=0.550 ,False
35.6,1,2.0,2.0,1.5707963267948963,2.0157019313849363,0.21651018709403802,-0.07591946899774689,1.7835589318518636,TRACKING distance=1.784 heading_error=1.658 linear=0.000 angular=0.550 ,False
35.6,1,2.0,2.0,1.5707963267948963,2.0157019313849363,0.21651018709403802,-0.07591946899774689,1.7835589318518636,TRACKING distance=1.784 heading_error=1.658 linear=0.000 angular=0.550 ,False
35.7,1,2.0,2.0,1.5707963267948963,2.015514024250157,0.21636665972980013,-0.0528033688135884,1.7837008094049476,TRACKING distance=1.784 heading_error=1.635 linear=0.000 angular=0.550 ,False
35.7,1,2.0,2.0,1.5707963267948963,2.015514024250157,0.21636665972980013,-0.0528033688135884,1.7837008094049476,TRACKING distance=1.784 heading_error=1.635 linear=0.000 angular=0.550 ,False
35.800000000000004,1,2.0,2.0,1.5707963267948963,2.015156267911506,0.21713056849098633,-0.03207823765443806,1.7829338524651661,TRACKING distance=1.783 heading_error=1.611 linear=0.000 angular=0.550 ,False
35.800000000000004,1,2.0,2.0,1.5707963267948963,2.015293273191419,0.21692634961930726,-0.029863292000199004,1.783139233735503,TRACKING distance=1.783 heading_error=1.611 linear=0.000 angular=0.550 ,False
35.900000000000006,1,2.0,2.0,1.5707963267948963,2.0150788396757218,0.21699007925002975,-0.01035377419874486,1.7830736801654556,TRACKING distance=1.783 heading_error=1.590 linear=0.000 angular=0.550 ,False
35.900000000000006,1,2.0,2.0,1.5707963267948963,2.0153921344876067,0.21717935488563786,-0.008349764026534062,1.782887088530868,TRACKING distance=1.783 heading_error=1.590 linear=0.000 angular=0.550 ,False
36.0,1,2.0,2.0,1.5707963267948963,2.015205335844176,0.21723806651980454,0.009217009373039455,1.7828267761350733,TRACKING distance=1.783 heading_error=1.570 linear=0.000 angular=0.550 ,False
36.0,1,2.0,2.0,1.5707963267948963,2.0153346577992632,0.21737446593814888,0.011115651518408626,1.7826914894111994,TRACKING distance=1.783 heading_error=1.570 linear=0.000 angular=0.550 ,False
36.1,1,2.0,2.0,1.5707963267948963,2.0156210469441658,0.21671277951796114,0.0296039209421277,1.7833556369502377,TRACKING distance=1.783 heading_error=1.550 linear=0.000 angular=0.550 ,False
36.1,1,2.0,2.0,1.5707963267948963,2.0156210469441658,0.21671277951796114,0.0296039209421277,1.7833556369502377,TRACKING distance=1.783 heading_error=1.550 linear=0.000 angular=0.550 ,False
36.2,1,2.0,2.0,1.5707963267948963,2.0154238275933616,0.21747451610738128,0.05049964538789924,1.7825922122527755,TRACKING distance=1.783 heading_error=1.529 linear=0.000 angular=0.550 ,False
36.2,1,2.0,2.0,1.5707963267948963,2.0154238275933616,0.21747451610738128,0.05049964538789924,1.7825922122527755,TRACKING distance=1.783 heading_error=1.529 linear=0.000 angular=0.550 ,False
36.300000000000004,1,2.0,2.0,1.5707963267948963,2.015815883211475,0.21756505192653214,0.07215462550869524,1.7825051153574356,TRACKING distance=1.783 heading_error=1.508 linear=0.000 angular=0.550 ,False
36.300000000000004,1,2.0,2.0,1.5707963267948963,2.01549570283955,0.21735821468025662,0.07431065795232673,1.7827091326333788,TRACKING distance=1.783 heading_error=1.508 linear=0.000 angular=0.550 ,False
36.400000000000006,1,2.0,2.0,1.5707963267948963,2.015169256679946,0.21820903627275234,0.09560830907700303,1.7818555342025617,TRACKING distance=1.782 heading_error=1.486 linear=0.000 angular=0.550 ,False
36.400000000000006,1,2.0,2.0,1.5707963267948963,2.015169256679946,0.21820903627275234,0.09560830907700303,1.7818555342025617,TRACKING distance=1.782 heading_error=1.486 linear=0.000 angular=0.550 ,False
36.5,1,2.0,2.0,1.5707963267948963,2.0148999259740146,0.2176596637952906,0.11884322229738417,1.7824026149712493,TRACKING distance=1.782 heading_error=1.460 linear=0.000 angular=0.550 ,False
36.5,1,2.0,2.0,1.5707963267948963,2.0151167149066764,0.2174571371287733,0.12159131907971374,1.7826069597762484,TRACKING distance=1.782 heading_error=1.460 linear=0.000 angular=0.550 ,False
36.6,1,2.0,2.0,1.5707963267948963,2.0149747026558993,0.21748640902108587,0.1432056239020422,1.782576490292682,TRACKING distance=1.783 heading_error=1.436 linear=0.000 angular=0.550 ,False
36.6,1,2.0,2.0,1.5707963267948963,2.0146859409001374,0.21725015066715977,0.14531635585234856,1.7828103382458793,TRACKING distance=1.783 heading_error=1.436 linear=0.000 angular=0.550 ,False
36.7,1,2.0,2.0,1.5707963267948963,2.014023268953207,0.21696251379679696,0.16610398103011448,1.783092630593815,TRACKING distance=1.783 heading_error=1.415 linear=0.000 angular=0.550 ,False
36.7,1,2.0,2.0,1.5707963267948963,2.014023268953207,0.21696251379679696,0.16610398103011448,1.783092630593815,TRACKING distance=1.783 heading_error=1.415 linear=0.000 angular=0.550 ,False
36.800000000000004,1,2.0,2.0,1.5707963267948963,2.0143966862323848,0.21733944276172865,0.19073038708877657,1.782718689784661,TRACKING distance=1.783 heading_error=1.391 linear=0.000 angular=0.550 ,False
36.800000000000004,1,2.0,2.0,1.5707963267948963,2.0143966862323848,0.21733944276172865,0.19073038708877657,1.782718689784661,TRACKING distance=1.783 heading_error=1.391 linear=0.000 angular=0.550 ,False
36.900000000000006,1,2.0,2.0,1.5707963267948963,2.0139819832778385,0.2176440372249088,0.21396881679644067,1.7824108039103397,TRACKING distance=1.782 heading_error=1.365 linear=0.000 angular=0.550 ,False
36.900000000000006,1,2.0,2.0,1.5707963267948963,2.013874485525618,0.2176389643830265,0.21657310288808382,1.7824150365821678,TRACKING distance=1.782 heading_error=1.365 linear=0.000 angular=0.550 ,False
37.0,1,2.0,2.0,1.5707963267948963,2.013586700990622,0.21766439889093248,0.2413376019336964,1.7823873859025792,TRACKING distance=1.782 heading_error=1.337 linear=0.000 angular=0.550 ,False
37.0,1,2.0,2.0,1.5707963267948963,2.0135969571806727,0.21776336823851183,0.24413525428004548,1.7822884976448419,TRACKING distance=1.782 heading_error=1.337 linear=0.000 angular=0.550 ,False
37.1,1,2.0,2.0,1.5707963267948963,2.0131226328616085,0.2183167944708626,0.27235639463021305,1.7817315309433694,TRACKING distance=1.782 heading_error=1.308 linear=0.000 angular=0.550 ,False
37.1,1,2.0,2.0,1.5707963267948963,2.0131226328616085,0.2183167944708626,0.27235639463021305,1.7817315309433694,TRACKING distance=1.782 heading_error=1.308 linear=0.000 angular=0.550 ,False
37.2,1,2.0,2.0,1.5707963267948963,2.0130978513128155,0.2190560467546106,0.2965015693794432,1.780992116296512,TRACKING distance=1.781 heading_error=1.282 linear=0.000 angular=0.550 ,False
37.2,1,2.0,2.0,1.5707963267948963,2.013252304243318,0.21921646790302945,0.2991368014386775,1.7808328421711903,TRACKING distance=1.781 heading_error=1.282 linear=0.000 angular=0.550 ,False
37.300000000000004,1,2.0,2.0,1.5707963267948963,2.013200346964239,0.21975640317785738,0.32136966817604756,1.7802925358452233,TRACKING distance=1.780 heading_error=1.259 linear=0.000 angular=0.550 ,False
37.300000000000004,1,2.0,2.0,1.5707963267948963,2.013200346964239,0.21975640317785738,0.32136966817604756,1.7802925358452233,TRACKING distance=1.780 heading_error=1.259 linear=0.000 angular=0.550 ,False
37.400000000000006,1,2.0,2.0,1.5707963267948963,2.013110907526424,0.22008519702220686,0.34456913109110077,1.7799630899981165,TRACKING distance=1.780 heading_error=1.236 linear=0.000 angular=0.550 ,False
37.400000000000006,1,2.0,2.0,1.5707963267948963,2.013110907526424,0.22008519702220686,0.34456913109110077,1.7799630899981165,TRACKING distance=1.780 heading_error=1.236 linear=0.000 angular=0.550 ,False
37.5,1,2.0,2.0,1.5707963267948963,2.0127234244330583,0.2194092608426808,0.3710111811715457,1.7806361969538056,TRACKING distance=1.781 heading_error=1.210 linear=0.000 angular=0.550 ,False
37.5,1,2.0,2.0,1.5707963267948963,2.0127234244330583,0.2194092608426808,0.3710111811715457,1.7806361969538056,TRACKING distance=1.781 heading_error=1.207 linear=0.000 angular=0.550 ,False
37.6,1,2.0,2.0,1.5707963267948963,2.0127585776188193,0.2193676633319616,0.39663196717739285,1.780678044928598,TRACKING distance=1.781 heading_error=1.184 linear=0.000 angular=0.550 ,False
37.6,1,2.0,2.0,1.5707963267948963,2.0127585776188193,0.2193676633319616,0.39663196717739285,1.780678044928598,TRACKING distance=1.781 heading_error=1.184 linear=0.000 angular=0.550 ,False
37.7,1,2.0,2.0,1.5707963267948963,2.012761360146533,0.219944689688463,0.4190841026124002,1.7801010533340775,TRACKING distance=1.780 heading_error=1.161 linear=0.000 angular=0.550 ,False
37.7,1,2.0,2.0,1.5707963267948963,2.012761360146533,0.219944689688463,0.4190841026124002,1.7801010533340775,TRACKING distance=1.780 heading_error=1.161 linear=0.000 angular=0.550 ,False
37.800000000000004,1,2.0,2.0,1.5707963267948963,2.0121280763982803,0.2190491373089237,0.4450138895982043,1.7809921576349548,TRACKING distance=1.781 heading_error=1.133 linear=0.000 angular=0.550 ,False
37.800000000000004,1,2.0,2.0,1.5707963267948963,2.0122786815278575,0.218929461642113,0.4482819276781949,1.781112862405557,TRACKING distance=1.781 heading_error=1.133 linear=0.000 angular=0.550 ,False
37.900000000000006,1,2.0,2.0,1.5707963267948963,2.0120261773625403,0.21859340214297168,0.4771023065660029,1.7814471914234526,TRACKING distance=1.781 heading_error=1.103 linear=0.000 angular=0.550 ,False
37.900000000000006,1,2.0,2.0,1.5707963267948963,2.0120261773625403,0.21859340214297168,0.4771023065660029,1.7814471914234526,TRACKING distance=1.781 heading_error=1.103 linear=0.000 angular=0.550 ,False
38.0,1,2.0,2.0,1.5707963267948963,2.011079353912365,0.21905730809479493,0.5044232414938171,1.7809771542424888,TRACKING distance=1.781 heading_error=1.075 linear=0.000 angular=0.550 ,False
38.0,1,2.0,2.0,1.5707963267948963,2.011079353912365,0.21905730809479493,0.5044232414938171,1.7809771542424888,TRACKING distance=1.781 heading_error=1.075 linear=0.000 angular=0.550 ,False
38.1,1,2.0,2.0,1.5707963267948963,2.0108665565147397,0.2189760343037599,0.5274602123243735,1.781057115433093,TRACKING distance=1.781 heading_error=1.049 linear=0.000 angular=0.550 ,False
38.1,1,2.0,2.0,1.5707963267948963,2.0108665565147397,0.2189760343037599,0.5274602123243735,1.781057115433093,TRACKING distance=1.781 heading_error=1.049 linear=0.000 angular=0.550 ,False
38.2,1,2.0,2.0,1.5707963267948963,2.010710048598374,0.21866060659093234,0.5584341983353488,1.781371589436624,TRACKING distance=1.781 heading_error=1.021 linear=0.000 angular=0.550 ,False
38.2,1,2.0,2.0,1.5707963267948963,2.010710048598374,0.21866060659093234,0.5584341983353488,1.781371589436624,TRACKING distance=1.781 heading_error=1.021 linear=0.000 angular=0.550 ,False
38.300000000000004,1,2.0,2.0,1.5707963267948963,2.0103206069653154,0.21803633884246643,0.5884095918409322,1.7819935478598383,TRACKING distance=1.782 heading_error=0.991 linear=0.000 angular=0.550 ,False
38.300000000000004,1,2.0,2.0,1.5707963267948963,2.0103206069653154,0.21803633884246643,0.5884095918409322,1.7819935478598383,TRACKING distance=1.782 heading_error=0.991 linear=0.000 angular=0.550 ,False
38.400000000000006,1,2.0,2.0,1.5707963267948963,2.009837510429727,0.21898807976115023,0.6154594158480503,1.7810390890276186,TRACKING distance=1.781 heading_error=0.961 linear=0.000 angular=0.550 ,False
38.400000000000006,1,2.0,2.0,1.5707963267948963,2.0098702408620306,0.21902737936754071,0.6185443826639286,1.7809999711109272,TRACKING distance=1.781 heading_error=0.961 linear=0.000 angular=0.550 ,False
38.5,1,2.0,2.0,1.5707963267948963,2.0094631390082687,0.2185270633258177,0.6501660995413318,1.7814980704739551,TRACKING distance=1.781 heading_error=0.926 linear=0.000 angular=0.550 ,False
38.5,1,2.0,2.0,1.5707963267948963,2.009242674207707,0.21863102464001674,0.6533817766499351,1.7813929531132615,TRACKING distance=1.781 heading_error=0.926 linear=0.000 angular=0.550 ,False
38.6,1,2.0,2.0,1.5707963267948963,2.0092838604636,0.21811400379170506,0.6804153513923079,1.7819101811113642,TRACKING distance=1.782 heading_error=0.898 linear=0.000 angular=0.550 ,False
38.6,1,2.0,2.0,1.5707963267948963,2.0092838604636,0.21811400379170506,0.6804153513923079,1.7819101811113642,TRACKING distance=1.782 heading_error=0.898 linear=0.000 angular=0.550 ,False
38.7,1,2.0,2.0,1.5707963267948963,2.0095148688992595,0.21828382152893144,0.7050335245907066,1.7817415843369988,TRACKING distance=1.782 heading_error=0.871 linear=0.000 angular=0.550 ,False
38.7,1,2.0,2.0,1.5707963267948963,2.0095148688992595,0.21828382152893144,0.7050335245907066,1.7817415843369988,TRACKING distance=1.782 heading_error=0.871 linear=0.000 angular=0.550 ,False
38.800000000000004,1,2.0,2.0,1.5707963267948963,2.009250238580046,0.2183277143346905,0.7297211216743535,1.7816962985934601,TRACKING distance=1.782 heading_error=0.846 linear=0.000 angular=0.550 ,False
38.800000000000004,1,2.0,2.0,1.5707963267948963,2.009250238580046,0.2183277143346905,0.7297211216743535,1.7816962985934601,TRACKING distance=1.782 heading_error=0.846 linear=0.000 angular=0.550 ,False
38.900000000000006,1,2.0,2.0,1.5707963267948963,2.009090109887827,0.21860274802384025,0.7510065743442219,1.7814204443213248,TRACKING distance=1.781 heading_error=0.825 linear=0.000 angular=0.550 ,False
38.900000000000006,1,2.0,2.0,1.5707963267948963,2.0087583837341265,0.21857246979236655,0.753493008611285,1.7814490603627438,TRACKING distance=1.781 heading_error=0.825 linear=0.000 angular=0.550 ,False
39.0,1,2.0,2.0,1.5707963267948963,2.0093921156929415,0.2179422350709262,0.7762821231542147,1.7820825147509853,TRACKING distance=1.782 heading_error=0.800 linear=0.000 angular=0.550 ,False
39.0,1,2.0,2.0,1.5707963267948963,2.0094354228892155,0.21823035156272486,0.7789756768163643,1.7817946310664956,TRACKING distance=1.782 heading_error=0.800 linear=0.000 angular=0.550 ,False
39.1,1,2.0,2.0,1.5707963267948963,2.0095343603632427,0.21878163310101242,0.8064678807442662,1.7812438840893834,TRACKING distance=1.781 heading_error=0.772 linear=0.000 angular=0.550 ,False
39.1,1,2.0,2.0,1.5707963267948963,2.0095343603632427,0.21878163310101242,0.8064678807442662,1.7812438840893834,TRACKING distance=1.781 heading_error=0.772 linear=0.000 angular=0.550 ,False
39.2,1,2.0,2.0,1.5707963267948963,2.0094486103386004,0.21887982729650377,0.8349728388693511,1.7811452343502656,TRACKING distance=1.781 heading_error=0.744 linear=0.000 angular=0.550 ,False
39.2,1,2.0,2.0,1.5707963267948963,2.0094486103386004,0.21887982729650377,0.8349728388693511,1.7811452343502656,TRACKING distance=1.781 heading_error=0.744 linear=0.000 angular=0.550 ,False
39.300000000000004,1,2.0,2.0,1.5707963267948963,2.0095112073430847,0.21912155273658782,0.8608265945905863,1.7809038455212751,TRACKING distance=1.781 heading_error=0.715 linear=0.000 angular=0.550 ,False
39.300000000000004,1,2.0,2.0,1.5707963267948963,2.0094786902585104,0.2193309760794729,0.8636476211877603,1.7806942517790918,TRACKING distance=1.781 heading_error=0.715 linear=0.000 angular=0.550 ,False
39.400000000000006,1,2.0,2.0,1.5707963267948963,2.008844089751701,0.21841509345320884,0.8914986543004075,1.781606858192591,TRACKING distance=1.781 heading_error=0.687 linear=0.350 angular=0.550 ,False
39.400000000000006,1,2.0,2.0,1.5707963267948963,2.008844089751701,0.21841509345320884,0.8914986543004075,1.781606858192591,TRACKING distance=1.781 heading_error=0.687 linear=0.350 angular=0.550 ,False
39.5,1,2.0,2.0,1.5707963267948963,2.008760826064659,0.21888724738737497,0.9194675432322457,1.7811342985840952,TRACKING distance=1.781 heading_error=0.659 linear=0.350 angular=0.550 ,False
39.5,1,2.0,2.0,1.5707963267948963,2.008760826064659,0.21888724738737497,0.9194675432322457,1.7811342985840952,TRACKING distance=1.781 heading_error=0.659 linear=0.350 angular=0.550 ,False
39.6,1,2.0,2.0,1.5707963267948963,2.0090243588736145,0.21794331378313245,0.9451856728580509,1.7820795358073453,TRACKING distance=1.782 heading_error=0.633 linear=0.350 angular=0.550 ,False
39.6,1,2.0,2.0,1.5707963267948963,2.0090243588736145,0.21794331378313245,0.9451856728580509,1.7820795358073453,TRACKING distance=1.782 heading_error=0.633 linear=0.350 angular=0.550 ,False
39.7,1,2.0,2.0,1.5707963267948963,2.012301126713827,0.2218996766886743,0.9643584432122481,1.7781428731905293,TRACKING distance=1.778 heading_error=0.613 linear=0.350 angular=0.550 ,False
39.7,1,2.0,2.0,1.5707963267948963,2.01299133597771,0.22320322474145488,0.9662662976763448,1.776844268747166,TRACKING distance=1.778 heading_error=0.613 linear=0.350 angular=0.550 ,False
39.800000000000004,1,2.0,2.0,1.5707963267948963,2.0231605094942164,0.238208634334638,0.9885900107816079,1.7619435931189888,TRACKING distance=1.763 heading_error=0.597 linear=0.350 angular=0.550 ,False
39.800000000000004,1,2.0,2.0,1.5707963267948963,2.0231605094942164,0.238208634334638,0.9885900107816079,1.7619435931189888,TRACKING distance=1.763 heading_error=0.597 linear=0.350 angular=0.550 ,False
39.900000000000006,1,2.0,2.0,1.5707963267948963,2.033204709682594,0.25487741271386494,1.0149077849791885,1.745438454200365,TRACKING distance=1.747 heading_error=0.577 linear=0.350 angular=0.550 ,False
39.900000000000006,1,2.0,2.0,1.5707963267948963,2.033204709682594,0.25487741271386494,1.0149077849791885,1.745438454200365,TRACKING distance=1.747 heading_error=0.577 linear=0.350 angular=0.550 ,False
40.0,1,2.0,2.0,1.5707963267948963,2.041503497655941,0.2696288885715118,1.0417874953168436,1.7308687771127937,TRACKING distance=1.731 heading_error=0.553 linear=0.350 angular=0.550 ,False
40.0,1,2.0,2.0,1.5707963267948963,2.041503497655941,0.2696288885715118,1.0417874953168436,1.7308687771127937,TRACKING distance=1.731 heading_error=0.553 linear=0.350 angular=0.550 ,False
40.1,1,2.0,2.0,1.5707963267948963,2.0504705392680385,0.28555969577473367,1.068292648809271,1.7151830316575634,TRACKING distance=1.715 heading_error=0.532 linear=0.350 angular=0.550 ,False
40.1,1,2.0,2.0,1.5707963267948963,2.051292091782336,0.28743552010089013,1.0711433617283899,1.7133324185608336,TRACKING distance=1.715 heading_error=0.532 linear=0.350 angular=0.550 ,False
40.2,1,2.0,2.0,1.5707963267948963,2.059282140413808,0.3023120441680189,1.097409388190493,1.6987226870649055,TRACKING distance=1.699 heading_error=0.508 linear=0.350 angular=0.550 ,False
40.2,1,2.0,2.0,1.5707963267948963,2.060437247311362,0.30398931102702564,1.1006232688580944,1.6970871863204784,TRACKING distance=1.699 heading_error=0.508 linear=0.350 angular=0.550 ,False
40.300000000000004,1,2.0,2.0,1.5707963267948963,2.068436788873644,0.320501440757745,1.1339962718244652,1.6808923239066045,TRACKING distance=1.682 heading_error=0.480 linear=0.350 angular=0.550 ,False
40.300000000000004,1,2.0,2.0,1.5707963267948963,2.068436788873644,0.320501440757745,1.1339962718244652,1.6808923239066045,TRACKING distance=1.682 heading_error=0.480 linear=0.350 angular=0.550 ,False
40.400000000000006,1,2.0,2.0,1.5707963267948963,2.076067181627499,0.33749864067737195,1.1665956074469361,1.6642406634469478,TRACKING distance=1.666 heading_error=0.452 linear=0.350 angular=0.543 ,False
40.400000000000006,1,2.0,2.0,1.5707963267948963,2.076067181627499,0.33749864067737195,1.1665956074469361,1.6642406634469478,TRACKING distance=1.666 heading_error=0.452 linear=0.350 angular=0.543 ,False
40.5,1,2.0,2.0,1.5707963267948963,2.082264416603526,0.3530029097056322,1.1924247037180689,1.6490502871887298,TRACKING distance=1.649 heading_error=0.428 linear=0.350 angular=0.514 ,False
40.5,1,2.0,2.0,1.5707963267948963,2.082264416603526,0.3530029097056322,1.1924247037180689,1.6490502871887298,TRACKING distance=1.649 heading_error=0.428 linear=0.350 angular=0.514 ,False
40.6,1,2.0,2.0,1.5707963267948963,2.0887655675277186,0.37066932719006473,1.2180530057000871,1.6317468453586157,TRACKING distance=1.632 heading_error=0.407 linear=0.350 angular=0.489 ,False
40.6,1,2.0,2.0,1.5707963267948963,2.08963048146495,0.3725820229370921,1.2206952429280293,1.6298843195991444,TRACKING distance=1.632 heading_error=0.407 linear=0.350 angular=0.489 ,False
40.7,1,2.0,2.0,1.5707963267948963,2.095261748134008,0.3907950101607686,1.2470604035277997,1.6120221772609171,TRACKING distance=1.614 heading_error=0.385 linear=0.350 angular=0.462 ,False
40.7,1,2.0,2.0,1.5707963267948963,2.095261748134008,0.3907950101607686,1.2470604035277997,1.6120221772609171,TRACKING distance=1.612 heading_error=0.383 linear=0.350 angular=0.459 ,False
40.800000000000004,1,2.0,2.0,1.5707963267948963,2.100660068402601,0.40932751291708847,1.2731842746704334,1.5938542626392638,TRACKING distance=1.596 heading_error=0.363 linear=0.350 angular=0.436 ,False
40.800000000000004,1,2.0,2.0,1.5707963267948963,2.100660068402601,0.40932751291708847,1.2731842746704334,1.5938542626392638,TRACKING distance=1.596 heading_error=0.363 linear=0.350 angular=0.436 ,False
40.900000000000006,1,2.0,2.0,1.5707963267948963,2.105603213406057,0.42552341013010536,1.295638798428165,1.5780141224748332,TRACKING distance=1.578 heading_error=0.342 linear=0.350 angular=0.411 ,False
40.900000000000006,1,2.0,2.0,1.5707963267948963,2.105953748388547,0.42758505053203494,1.2982895531542433,1.575980637605655,TRACKING distance=1.578 heading_error=0.342 linear=0.350 angular=0.411 ,False
41.0,1,2.0,2.0,1.5707963267948963,2.1105560472272646,0.4459660292738908,1.3238290581368526,1.5579615597790837,TRACKING distance=1.560 heading_error=0.320 linear=0.350 angular=0.384 ,False
41.0,1,2.0,2.0,1.5707963267948963,2.1105560472272646,0.4459660292738908,1.3238290581368526,1.5579615597790837,TRACKING distance=1.560 heading_error=0.320 linear=0.350 angular=0.384 ,False
41.1,1,2.0,2.0,1.5707963267948963,2.114575749861593,0.4640922266461699,1.3432988179872676,1.5401754090703652,TRACKING distance=1.542 heading_error=0.304 linear=0.350 angular=0.364 ,False
41.1,1,2.0,2.0,1.5707963267948963,2.114575749861593,0.4640922266461699,1.3432988179872676,1.5401754090703652,TRACKING distance=1.542 heading_error=0.304 linear=0.350 angular=0.364 ,False
41.2,1,2.0,2.0,1.5707963267948963,2.1184379884003026,0.4808478829896285,1.360401567589436,1.523762025945457,TRACKING distance=1.524 heading_error=0.288 linear=0.350 angular=0.346 ,False
41.2,1,2.0,2.0,1.5707963267948963,2.1184379884003026,0.4808478829896285,1.360401567589436,1.523762025945457,TRACKING distance=1.524 heading_error=0.288 linear=0.350 angular=0.346 ,False
41.300000000000004,1,2.0,2.0,1.5707963267948963,2.1218776561054797,0.49969011366126465,1.377563061199012,1.5052521111440151,TRACKING distance=1.505 heading_error=0.274 linear=0.350 angular=0.329 ,False
41.300000000000004,1,2.0,2.0,1.5707963267948963,2.1223505092401473,0.5016443602548357,1.3792797703873105,1.5033426988772267,TRACKING distance=1.505 heading_error=0.274 linear=0.350 angular=0.329 ,False
41.400000000000006,1,2.0,2.0,1.5707963267948963,2.1256939601767204,0.5202780659129368,1.3962458264852464,1.485050832073861,TRACKING distance=1.487 heading_error=0.261 linear=0.350 angular=0.313 ,False
41.400000000000006,1,2.0,2.0,1.5707963267948963,2.1256939601767204,0.5202780659129368,1.3962458264852464,1.485050832073861,TRACKING distance=1.485 heading_error=0.259 linear=0.350 angular=0.311 ,False
41.5,1,2.0,2.0,1.5707963267948963,2.128264955663298,0.5373902958859079,1.4112700080659057,1.4682230911615644,TRACKING distance=1.468 heading_error=0.247 linear=0.350 angular=0.296 ,False
41.5,1,2.0,2.0,1.5707963267948963,2.1285747956960854,0.5391968834576522,1.412954505826779,1.466450552657036,TRACKING distance=1.468 heading_error=0.247 linear=0.350 angular=0.296 ,False
41.6,1,2.0,2.0,1.5707963267948963,2.1312411146150056,0.5577141867452239,1.431739649466406,1.4482446607121946,TRACKING distance=1.450 heading_error=0.232 linear=0.350 angular=0.278 ,False
41.6,1,2.0,2.0,1.5707963267948963,2.1312411146150056,0.5577141867452239,1.431739649466406,1.4482446607121946,TRACKING distance=1.450 heading_error=0.232 linear=0.350 angular=0.278 ,False
41.7,1,2.0,2.0,1.5707963267948963,2.1336021548847395,0.5748245878954564,1.4506049346878642,1.4314239382716785,TRACKING distance=1.431 heading_error=0.214 linear=0.350 angular=0.256 ,False
41.7,1,2.0,2.0,1.5707963267948963,2.1336021548847395,0.5748245878954564,1.4506049346878642,1.4314239382716785,TRACKING distance=1.431 heading_error=0.214 linear=0.350 angular=0.256 ,False
41.800000000000004,1,2.0,2.0,1.5707963267948963,2.135445216719322,0.5939287772808518,1.4715700187562126,1.412579799547999,TRACKING distance=1.413 heading_error=0.195 linear=0.350 angular=0.234 ,False
41.800000000000004,1,2.0,2.0,1.5707963267948963,2.135445216719322,0.5939287772808518,1.4715700187562126,1.412579799547999,TRACKING distance=1.413 heading_error=0.195 linear=0.350 angular=0.234 ,False
41.900000000000006,1,2.0,2.0,1.5707963267948963,2.1366586071617877,0.6150803607111013,1.4937142170718134,1.3916457818710526,TRACKING distance=1.393 heading_error=0.177 linear=0.350 angular=0.213 ,False
41.900000000000006,1,2.0,2.0,1.5707963267948963,2.1366586071617877,0.6150803607111013,1.4937142170718134,1.3916457818710526,TRACKING distance=1.393 heading_error=0.177 linear=0.350 angular=0.213 ,False
42.0,1,2.0,2.0,1.5707963267948963,2.137873792085552,0.6339622714698324,1.5106217778967774,1.3729778797605992,TRACKING distance=1.375 heading_error=0.162 linear=0.350 angular=0.194 ,False
42.0,1,2.0,2.0,1.5707963267948963,2.137873792085552,0.6339622714698324,1.5106217778967774,1.3729778797605992,TRACKING distance=1.375 heading_error=0.162 linear=0.350 angular=0.194 ,False
42.1,1,2.0,2.0,1.5707963267948963,2.1385895256620264,0.6510616716761717,1.5264290468039197,1.3560389633946033,TRACKING distance=1.356 heading_error=0.147 linear=0.350 angular=0.176 ,False
42.1,1,2.0,2.0,1.5707963267948963,2.1388774982885015,0.6529767346112809,1.5285126564691027,1.3541634454634197,TRACKING distance=1.356 heading_error=0.147 linear=0.350 angular=0.176 ,False
42.2,1,2.0,2.0,1.5707963267948963,2.1395421783300037,0.6699029224469506,1.546531709527903,1.337396820412044,TRACKING distance=1.337 heading_error=0.129 linear=0.350 angular=0.155 ,False
42.2,1,2.0,2.0,1.5707963267948963,2.1394056908208663,0.6716640127776119,1.5481927824488957,1.3356311023569791,TRACKING distance=1.337 heading_error=0.129 linear=0.350 angular=0.155 ,False
42.300000000000004,1,2.0,2.0,1.5707963267948963,2.1399081276310503,0.6907407107525874,1.5591290120906633,1.3167133973108447,TRACKING distance=1.318 heading_error=0.119 linear=0.350 angular=0.142 ,False
42.300000000000004,1,2.0,2.0,1.5707963267948963,2.1399081276310503,0.6907407107525874,1.5591290120906633,1.3167133973108447,TRACKING distance=1.318 heading_error=0.119 linear=0.350 angular=0.142 ,False
42.400000000000006,1,2.0,2.0,1.5707963267948963,2.1399308881831116,0.7097900148214005,1.5647696698657758,1.2977759665374746,TRACKING distance=1.300 heading_error=0.114 linear=0.350 angular=0.137 ,False
42.400000000000006,1,2.0,2.0,1.5707963267948963,2.1399308881831116,0.7097900148214005,1.5647696698657758,1.2977759665374746,TRACKING distance=1.300 heading_error=0.114 linear=0.350 angular=0.137 ,False
42.5,1,2.0,2.0,1.5707963267948963,2.139991316351633,0.729052331997418,1.5684111131335237,1.2786342492890859,TRACKING distance=1.281 heading_error=0.112 linear=0.350 angular=0.135 ,False
42.5,1,2.0,2.0,1.5707963267948963,2.139991316351633,0.729052331997418,1.5684111131335237,1.2786342492890859,TRACKING distance=1.281 heading_error=0.112 linear=0.350 angular=0.135 ,False
42.6,1,2.0,2.0,1.5707963267948963,2.1399578633979703,0.7463752507001254,1.5738197486078473,1.2614131819447971,TRACKING distance=1.261 heading_error=0.108 linear=0.350 angular=0.130 ,False
42.6,1,2.0,2.0,1.5707963267948963,2.1399578633979703,0.7463752507001254,1.5738197486078473,1.2614131819447971,TRACKING distance=1.261 heading_error=0.108 linear=0.350 angular=0.130 ,False
42.7,1,2.0,2.0,1.5707963267948963,2.139793948785563,0.7674006129280879,1.5777500160741635,1.2405013491033026,TRACKING distance=1.242 heading_error=0.106 linear=0.350 angular=0.127 ,False
42.7,1,2.0,2.0,1.5707963267948963,2.139793948785563,0.7674006129280879,1.5777500160741635,1.2405013491033026,TRACKING distance=1.242 heading_error=0.106 linear=0.350 angular=0.127 ,False
42.800000000000004,1,2.0,2.0,1.5707963267948963,2.139608619899413,0.7866326300044921,1.5808429423630261,1.2213725645027542,TRACKING distance=1.223 heading_error=0.105 linear=0.350 angular=0.125 ,False
42.800000000000004,1,2.0,2.0,1.5707963267948963,2.139608619899413,0.7866326300044921,1.5808429423630261,1.2213725645027542,TRACKING distance=1.223 heading_error=0.105 linear=0.350 angular=0.125 ,False
42.900000000000006,1,2.0,2.0,1.5707963267948963,2.13929298957375,0.8057335941878135,1.5838486867119714,1.2023621688143513,TRACKING distance=1.204 heading_error=0.103 linear=0.350 angular=0.124 ,False
42.900000000000006,1,2.0,2.0,1.5707963267948963,2.13929298957375,0.8057335941878135,1.5838486867119714,1.2023621688143513,TRACKING distance=1.204 heading_error=0.103 linear=0.350 angular=0.124 ,False
43.0,1,2.0,2.0,1.5707963267948963,2.1390714432121043,0.8229026743844685,1.588228560056805,1.1852843457535134,TRACKING distance=1.185 heading_error=0.100 linear=0.350 angular=0.120 ,False
43.0,1,2.0,2.0,1.5707963267948963,2.1390714432121043,0.8229026743844685,1.588228560056805,1.1852843457535134,TRACKING distance=1.185 heading_error=0.100 linear=0.350 angular=0.120 ,False
43.1,1,2.0,2.0,1.5707963267948963,2.1386094781299465,0.8420682626950946,1.5921044556545707,1.1661983089017975,TRACKING distance=1.166 heading_error=0.098 linear=0.350 angular=0.117 ,False
43.1,1,2.0,2.0,1.5707963267948963,2.1386094781299465,0.8420682626950946,1.5921044556545707,1.1661983089017975,TRACKING distance=1.166 heading_error=0.098 linear=0.350 angular=0.117 ,False
43.2,1,2.0,2.0,1.5707963267948963,2.138126182457166,0.8611434241977785,1.5972202147688794,1.1472023110716574,TRACKING distance=1.147 heading_error=0.094 linear=0.350 angular=0.113 ,False
43.2,1,2.0,2.0,1.5707963267948963,2.138083892872592,0.8632100058077365,1.597521079943675,1.1451456904544923,TRACKING distance=1.147 heading_error=0.094 linear=0.350 angular=0.113 ,False
43.300000000000004,1,2.0,2.0,1.5707963267948963,2.1376330252858486,0.8804274788014462,1.6009948712040176,1.1280006559715385,TRACKING distance=1.128 heading_error=0.092 linear=0.350 angular=0.111 ,False
43.300000000000004,1,2.0,2.0,1.5707963267948963,2.1375317006940704,0.882292085829748,1.6018579295707023,1.126137624846368,TRACKING distance=1.128 heading_error=0.092 linear=0.350 angular=0.111 ,False
43.400000000000006,1,2.0,2.0,1.5707963267948963,2.1368787045415583,0.8995597457424229,1.6073028676283323,1.1089204358056786,TRACKING distance=1.109 heading_error=0.087 linear=0.350 angular=0.105 ,False
43.400000000000006,1,2.0,2.0,1.5707963267948963,2.136840360429957,0.9014238710648715,1.6076858072189195,1.1070658495810863,TRACKING distance=1.109 heading_error=0.087 linear=0.350 angular=0.105 ,False
43.5,1,2.0,2.0,1.5707963267948963,2.1360836989820235,0.9186774833161394,1.6106307057436493,1.0898518973769546,TRACKING distance=1.090 heading_error=0.085 linear=0.350 angular=0.102 ,False
43.5,1,2.0,2.0,1.5707963267948963,2.1360836989820235,0.9186774833161394,1.6106307057436493,1.0898518973769546,TRACKING distance=1.090 heading_error=0.085 linear=0.350 angular=0.102 ,False
43.6,1,2.0,2.0,1.5707963267948963,2.135156993990158,0.9395530527407261,1.616863187959218,1.0690253228880824,TRACKING distance=1.071 heading_error=0.081 linear=0.350 angular=0.097 ,False
43.6,1,2.0,2.0,1.5707963267948963,2.135156993990158,0.9395530527407261,1.616863187959218,1.0690253228880824,TRACKING distance=1.069 heading_error=0.081 linear=0.350 angular=0.097 ,False
43.7,1,2.0,2.0,1.5707963267948963,2.134317463480762,0.957004910508199,1.6189131779178747,1.0516082624722554,TRACKING distance=1.052 heading_error=0.080 linear=0.350 angular=0.096 ,False
43.7,1,2.0,2.0,1.5707963267948963,2.134317463480762,0.957004910508199,1.6189131779178747,1.0516082624722554,TRACKING distance=1.052 heading_error=0.080 linear=0.350 angular=0.096 ,False
43.800000000000004,1,2.0,2.0,1.5707963267948963,2.1333499759437897,0.9759486845819046,1.6243465788476816,1.0326971059772272,TRACKING distance=1.033 heading_error=0.076 linear=0.350 angular=0.091 ,False
43.800000000000004,1,2.0,2.0,1.5707963267948963,2.1332591020041036,0.9779384336125493,1.6249216409027856,1.030712294364101,TRACKING distance=1.033 heading_error=0.076 linear=0.350 angular=0.091 ,False
43.900000000000006,1,2.0,2.0,1.5707963267948963,2.132135515148436,0.9970575031321705,1.627815530180603,1.0116093348654998,TRACKING distance=1.014 heading_error=0.074 linear=0.350 angular=0.089 ,False
43.900000000000006,1,2.0,2.0,1.5707963267948963,2.132135515148436,0.9970575031321705,1.627815530180603,1.0116093348654998,TRACKING distance=1.014 heading_error=0.074 linear=0.350 angular=0.089 ,False
44.0,1,2.0,2.0,1.5707963267948963,2.1310782258981957,1.0143641856706689,1.6305900570011214,0.9943135621086852,TRACKING distance=0.994 heading_error=0.072 linear=0.350 angular=0.087 ,False
44.0,1,2.0,2.0,1.5707963267948963,2.1310090736047367,1.0163192137018897,1.6311918962892504,0.9923664981743588,TRACKING distance=0.994 heading_error=0.072 linear=0.350 angular=0.087 ,False
44.1,1,2.0,2.0,1.5707963267948963,2.129763386326363,1.0334368566331662,1.6364979503374195,0.9752347648366825,TRACKING distance=0.975 heading_error=0.068 linear=0.350 angular=0.081 ,False
44.1,1,2.0,2.0,1.5707963267948963,2.129763386326363,1.0334368566331662,1.6364979503374195,0.9752347648366825,TRACKING distance=0.975 heading_error=0.068 linear=0.350 angular=0.081 ,False
44.2,1,2.0,2.0,1.5707963267948963,2.1284223554563266,1.05262556411749,1.6394637299450094,0.9560390280447003,TRACKING distance=0.956 heading_error=0.066 linear=0.350 angular=0.079 ,False
44.2,1,2.0,2.0,1.5707963267948963,2.1284223554563266,1.05262556411749,1.6394637299450094,0.9560390280447003,TRACKING distance=0.956 heading_error=0.066 linear=0.350 angular=0.079 ,False
44.300000000000004,1,2.0,2.0,1.5707963267948963,2.1269222519551576,1.0735951537223973,1.642750241226483,0.9350589271527208,TRACKING distance=0.937 heading_error=0.065 linear=0.350 angular=0.078 ,False
44.300000000000004,1,2.0,2.0,1.5707963267948963,2.1269222519551576,1.0735951537223973,1.642750241226483,0.9350589271527208,TRACKING distance=0.935 heading_error=0.064 linear=0.350 angular=0.077 ,False
44.400000000000006,1,2.0,2.0,1.5707963267948963,2.125576827468673,1.0907386940876118,1.64609737204396,0.9178919664244798,TRACKING distance=0.918 heading_error=0.062 linear=0.350 angular=0.074 ,False
44.400000000000006,1,2.0,2.0,1.5707963267948963,2.12543166813972,1.092689691428822,1.6463055500858301,0.9159394627440391,TRACKING distance=0.918 heading_error=0.062 linear=0.350 angular=0.074 ,False
44.5,1,2.0,2.0,1.5707963267948963,2.1240939073446605,1.1098442774052126,1.6478152070600072,0.8987638779503286,TRACKING distance=0.899 heading_error=0.061 linear=0.350 angular=0.074 ,False
44.5,1,2.0,2.0,1.5707963267948963,2.1239307625714328,1.1118327003539115,1.6479245552098398,0.8967719810922739,TRACKING distance=0.899 heading_error=0.061 linear=0.350 angular=0.074 ,False
44.6,1,2.0,2.0,1.5707963267948963,2.1225213989479657,1.129050155140142,1.651229058536482,0.8795255115467528,TRACKING distance=0.880 heading_error=0.059 linear=0.350 angular=0.071 ,False
44.6,1,2.0,2.0,1.5707963267948963,2.1223315669298386,1.1308765413830628,1.6516455940620889,0.8776904913383626,TRACKING distance=0.880 heading_error=0.059 linear=0.350 angular=0.071 ,False
44.7,1,2.0,2.0,1.5707963267948963,2.12074722252175,1.1498792782796319,1.6561472480822228,0.8586530924914185,TRACKING distance=0.860 heading_error=0.056 linear=0.350 angular=0.067 ,False
44.7,1,2.0,2.0,1.5707963267948963,2.12074722252175,1.1498792782796319,1.6561472480822228,0.8586530924914185,TRACKING distance=0.860 heading_error=0.056 linear=0.350 angular=0.067 ,False
44.800000000000004,1,2.0,2.0,1.5707963267948963,2.1191953360042066,1.1671281930227264,1.658051476785228,0.8413578162605637,TRACKING distance=0.841 heading_error=0.055 linear=0.350 angular=0.066 ,False
44.800000000000004,1,2.0,2.0,1.5707963267948963,2.1191953360042066,1.1671281930227264,1.658051476785228,0.8413578162605637,TRACKING distance=0.841 heading_error=0.055 linear=0.350 angular=0.066 ,False
44.900000000000006,1,2.0,2.0,1.5707963267948963,2.1173210517731222,1.1880664830709864,1.6600537455262738,0.8203659336551393,TRACKING distance=0.822 heading_error=0.054 linear=0.350 angular=0.065 ,False
44.900000000000006,1,2.0,2.0,1.5707963267948963,2.1173210517731222,1.1880664830709864,1.6600537455262738,0.8203659336551393,TRACKING distance=0.822 heading_error=0.054 linear=0.350 angular=0.065 ,False
45.0,1,2.0,2.0,1.5707963267948963,2.1155028222791583,1.2070580972368925,1.6639668025822385,0.8013100293344819,TRACKING distance=0.803 heading_error=0.052 linear=0.350 angular=0.062 ,False
45.0,1,2.0,2.0,1.5707963267948963,2.1155028222791583,1.2070580972368925,1.6639668025822385,0.8013100293344819,TRACKING distance=0.803 heading_error=0.052 linear=0.350 angular=0.062 ,False
45.1,1,2.0,2.0,1.5707963267948963,2.1136670537457154,1.2260659519738983,1.6669143407307738,0.7822366073006937,TRACKING distance=0.784 heading_error=0.050 linear=0.350 angular=0.060 ,False
45.1,1,2.0,2.0,1.5707963267948963,2.1136670537457154,1.2260659519738983,1.6669143407307738,0.7822366073006937,TRACKING distance=0.784 heading_error=0.050 linear=0.350 angular=0.060 ,False
45.2,1,2.0,2.0,1.5707963267948963,2.111784290767469,1.2451475587198668,1.6681691978982958,0.7630844879624817,TRACKING distance=0.765 heading_error=0.050 linear=0.350 angular=0.060 ,False
45.2,1,2.0,2.0,1.5707963267948963,2.111784290767469,1.2451475587198668,1.6681691978982958,0.7630844879624817,TRACKING distance=0.765 heading_error=0.050 linear=0.350 angular=0.060 ,False
45.300000000000004,1,2.0,2.0,1.5707963267948963,2.1100346367989937,1.262361725153056,1.669732253449242,0.745800137982464,TRACKING distance=0.746 heading_error=0.049 linear=0.350 angular=0.059 ,False
45.300000000000004,1,2.0,2.0,1.5707963267948963,2.1100346367989937,1.262361725153056,1.669732253449242,0.745800137982464,TRACKING distance=0.746 heading_error=0.049 linear=0.350 angular=0.059 ,False
45.400000000000006,1,2.0,2.0,1.5707963267948963,2.1078674335133467,1.283248973448167,1.6734367903671818,0.7248223349731041,TRACKING distance=0.727 heading_error=0.047 linear=0.350 angular=0.057 ,False
45.400000000000006,1,2.0,2.0,1.5707963267948963,2.1078674335133467,1.283248973448167,1.6734367903671818,0.7248223349731041,TRACKING distance=0.727 heading_error=0.047 linear=0.350 angular=0.057 ,False
45.5,1,2.0,2.0,1.5707963267948963,2.1058310240583027,1.3022786071433405,1.676024555678263,0.7057020247264889,TRACKING distance=0.706 heading_error=0.045 linear=0.350 angular=0.054 ,False
45.5,1,2.0,2.0,1.5707963267948963,2.1058310240583027,1.3022786071433405,1.676024555678263,0.7057020247264889,TRACKING distance=0.706 heading_error=0.045 linear=0.350 angular=0.054 ,False
45.6,1,2.0,2.0,1.5707963267948963,2.103988005404915,1.319427759643189,1.6770862825461694,0.6884708269871583,TRACKING distance=0.688 heading_error=0.045 linear=0.350 angular=0.054 ,False
45.6,1,2.0,2.0,1.5707963267948963,2.1037822404639708,1.3212936045106696,1.6771858926540484,0.686595313641042,TRACKING distance=0.688 heading_error=0.045 linear=0.350 angular=0.054 ,False
45.7,1,2.0,2.0,1.5707963267948963,2.101893105300029,1.338484835069876,1.6785535305557755,0.6693164560506578,TRACKING distance=0.669 heading_error=0.045 linear=0.350 angular=0.054 ,False
45.7,1,2.0,2.0,1.5707963267948963,2.1017095519809197,1.3403575604323203,1.6788110035796615,0.6674376233349145,TRACKING distance=0.669 heading_error=0.045 linear=0.350 angular=0.054 ,False
45.800000000000004,1,2.0,2.0,1.5707963267948963,2.0997270867488607,1.3574560315816917,1.681874985906929,0.6502370669088027,TRACKING distance=0.650 heading_error=0.043 linear=0.350 angular=0.051 ,False
45.800000000000004,1,2.0,2.0,1.5707963267948963,2.099537807102521,1.359368911442513,1.6822425094292104,0.6483177975878262,TRACKING distance=0.650 heading_error=0.043 linear=0.350 angular=0.051 ,False
45.900000000000006,1,2.0,2.0,1.5707963267948963,2.097535252490459,1.3764557988110009,1.6853026159371542,0.6311263711134281,TRACKING distance=0.631 heading_error=0.041 linear=0.347 angular=0.049 ,False
45.900000000000006,1,2.0,2.0,1.5707963267948963,2.0973092907725945,1.3783575318636774,1.685510277974251,0.6292125684228537,TRACKING distance=0.631 heading_error=0.041 linear=0.347 angular=0.049 ,False
46.0,1,2.0,2.0,1.5707963267948963,2.0950774310041522,1.3972967197183717,1.686888218659532,0.6101565061101818,TRACKING distance=0.612 heading_error=0.040 linear=0.337 angular=0.048 ,False
46.0,1,2.0,2.0,1.5707963267948963,2.0950774310041522,1.3972967197183717,1.686888218659532,0.6101565061101818,TRACKING distance=0.612 heading_error=0.040 linear=0.337 angular=0.048 ,False
46.1,1,2.0,2.0,1.5707963267948963,2.093040471275077,1.4145065323215331,1.687740985276026,0.592839885626165,TRACKING distance=0.593 heading_error=0.041 linear=0.326 angular=0.049 ,False
46.1,1,2.0,2.0,1.5707963267948963,2.0928185329820814,1.4163462172416326,1.687853003909631,0.5909881709417688,TRACKING distance=0.593 heading_error=0.041 linear=0.326 angular=0.049 ,False
46.2,1,2.0,2.0,1.5707963267948963,2.090529299528447,1.4353674849146096,1.690523558334307,0.5718438870572674,TRACKING distance=0.574 heading_error=0.039 linear=0.316 angular=0.047 ,False
46.2,1,2.0,2.0,1.5707963267948963,2.090529299528447,1.4353674849146096,1.690523558334307,0.5718438870572674,TRACKING distance=0.574 heading_error=0.039 linear=0.316 angular=0.047 ,False
46.300000000000004,1,2.0,2.0,1.5707963267948963,2.088358746231507,1.4524449118182097,1.6936300717408042,0.5546384792181048,TRACKING distance=0.555 heading_error=0.037 linear=0.305 angular=0.045 ,False
46.300000000000004,1,2.0,2.0,1.5707963267948963,2.088358746231507,1.4524449118182097,1.6936300717408042,0.5546384792181048,TRACKING distance=0.555 heading_error=0.037 linear=0.305 angular=0.045 ,False
46.400000000000006,1,2.0,2.0,1.5707963267948963,2.0859597472053735,1.4713787111570762,1.6964331712644316,0.5355646974526659,TRACKING distance=0.536 heading_error=0.036 linear=0.295 angular=0.043 ,False
46.400000000000006,1,2.0,2.0,1.5707963267948963,2.085709707394983,1.473279274815159,1.6965908928228397,0.5336486449724934,TRACKING distance=0.536 heading_error=0.036 linear=0.295 angular=0.043 ,False
46.5,1,2.0,2.0,1.5707963267948963,2.0835082171623927,1.4903748549844158,1.697445778872586,0.5164217373095332,TRACKING distance=0.516 heading_error=0.036 linear=0.284 angular=0.043 ,False
46.5,1,2.0,2.0,1.5707963267948963,2.083256038846394,1.4922353641518624,1.6975211304098086,0.5145449381952796,TRACKING distance=0.516 heading_error=0.036 linear=0.284 angular=0.043 ,False
46.6,1,2.0,2.0,1.5707963267948963,2.0810462708852526,1.5093966998783823,1.698273922724287,0.4972525476200477,TRACKING distance=0.497 heading_error=0.036 linear=0.273 angular=0.043 ,False
46.6,1,2.0,2.0,1.5707963267948963,2.080798138137384,1.5112462317371154,1.698369692301068,0.495387308191921,TRACKING distance=0.497 heading_error=0.036 linear=0.273 angular=0.043 ,False
46.7,1,2.0,2.0,1.5707963267948963,2.078322684574391,1.5303089201065851,1.6997176961852145,0.4761765990159342,TRACKING distance=0.478 heading_error=0.036 linear=0.263 angular=0.044 ,False
46.7,1,2.0,2.0,1.5707963267948963,2.078322684574391,1.5303089201065851,1.6997176961852145,0.4761765990159342,TRACKING distance=0.476 heading_error=0.036 linear=0.262 angular=0.044 ,False
46.800000000000004,1,2.0,2.0,1.5707963267948963,2.0759794008874506,1.5473937190312914,1.7022844262927574,0.45893933687530153,TRACKING distance=0.459 heading_error=0.035 linear=0.252 angular=0.042 ,False
46.800000000000004,1,2.0,2.0,1.5707963267948963,2.0759794008874506,1.5473937190312914,1.7022844262927574,0.45893933687530153,TRACKING distance=0.459 heading_error=0.035 linear=0.252 angular=0.042 ,False
46.900000000000006,1,2.0,2.0,1.5707963267948963,2.073129242992002,1.5682633593863453,1.705585716174168,0.43788630148583924,TRACKING distance=0.440 heading_error=0.033 linear=0.242 angular=0.040 ,False
46.900000000000006,1,2.0,2.0,1.5707963267948963,2.073129242992002,1.5682633593863453,1.705585716174168,0.43788630148583924,TRACKING distance=0.440 heading_error=0.033 linear=0.242 angular=0.040 ,False
47.0,1,2.0,2.0,1.5707963267948963,2.0707601220233767,1.5853224778155623,1.7072339732170316,0.42067141841797134,TRACKING distance=0.421 heading_error=0.033 linear=0.231 angular=0.039 ,False
47.0,1,2.0,2.0,1.5707963267948963,2.0704887051299883,1.5871937809282823,1.707337309424049,0.4187811266702326,TRACKING distance=0.421 heading_error=0.033 linear=0.231 angular=0.039 ,False
47.1,1,2.0,2.0,1.5707963267948963,2.0678345430977263,1.6061432190974465,1.7081307767587168,0.3996557132085056,TRACKING distance=0.402 heading_error=0.033 linear=0.221 angular=0.040 ,False
47.1,1,2.0,2.0,1.5707963267948963,2.0678345430977263,1.6061432190974465,1.7081307767587168,0.3996557132085056,TRACKING distance=0.402 heading_error=0.033 linear=0.221 angular=0.040 ,False
47.2,1,2.0,2.0,1.5707963267948963,2.065180668792066,1.625149310518146,1.708909272472213,0.3804754380892442,TRACKING distance=0.382 heading_error=0.034 linear=0.210 angular=0.041 ,False
47.2,1,2.0,2.0,1.5707963267948963,2.065180668792066,1.625149310518146,1.708909272472213,0.3804754380892442,TRACKING distance=0.382 heading_error=0.034 linear=0.210 angular=0.041 ,False
47.300000000000004,1,2.0,2.0,1.5707963267948963,2.062751167888188,1.6422752354285195,1.710089204070255,0.363186888886497,TRACKING distance=0.363 heading_error=0.034 linear=0.200 angular=0.041 ,False
47.300000000000004,1,2.0,2.0,1.5707963267948963,2.062751167888188,1.6422752354285195,1.710089204070255,0.363186888886497,TRACKING distance=0.363 heading_error=0.034 linear=0.200 angular=0.041 ,False
47.400000000000006,1,2.0,2.0,1.5707963267948963,2.0597310549489114,1.66305768401783,1.713102622780731,0.3421957381744232,TRACKING distance=0.342 heading_error=0.033 linear=0.188 angular=0.040 ,False
47.400000000000006,1,2.0,2.0,1.5707963267948963,2.0597310549489114,1.66305768401783,1.713102622780731,0.3421957381744232,TRACKING distance=0.342 heading_error=0.033 linear=0.188 angular=0.040 ,False
47.5,1,2.0,2.0,1.5707963267948963,2.0569441519085263,1.6819913839532528,1.7156799957186988,0.3230667366296766,TRACKING distance=0.325 heading_error=0.033 linear=0.179 angular=0.039 ,False
47.5,1,2.0,2.0,1.5707963267948963,2.0569441519085263,1.6819913839532528,1.7156799957186988,0.3230667366296766,TRACKING distance=0.325 heading_error=0.033 linear=0.179 angular=0.039 ,False
47.6,1,2.0,2.0,1.5707963267948963,2.054383178226914,1.6990629812479938,1.7180377524529182,0.3058114113786561,TRACKING distance=0.306 heading_error=0.032 linear=0.168 angular=0.038 ,False
47.6,1,2.0,2.0,1.5707963267948963,2.054383178226914,1.6990629812479938,1.7180377524529182,0.3058114113786561,TRACKING distance=0.306 heading_error=0.032 linear=0.168 angular=0.038 ,False
47.7,1,2.0,2.0,1.5707963267948963,2.0512396801568635,1.7198448539910884,1.7199037807217838,0.2848024063414005,TRACKING distance=0.287 heading_error=0.032 linear=0.158 angular=0.038 ,False
47.7,1,2.0,2.0,1.5707963267948963,2.0512396801568635,1.7198448539910884,1.7199037807217838,0.2848024063414005,TRACKING distance=0.285 heading_error=0.032 linear=0.157 angular=0.038 ,False
47.800000000000004,1,2.0,2.0,1.5707963267948963,2.048355134588802,1.7388080422957741,1.720734100845454,0.26563030288441725,TRACKING distance=0.267 heading_error=0.033 linear=0.147 angular=0.040 ,False
47.800000000000004,1,2.0,2.0,1.5707963267948963,2.048355134588802,1.7388080422957741,1.720734100845454,0.26563030288441725,TRACKING distance=0.267 heading_error=0.033 linear=0.147 angular=0.040 ,False
47.900000000000006,1,2.0,2.0,1.5707963267948963,2.045727335599092,1.7559108836029726,1.721683351782708,0.2483354303446722,ARRIVED distance=0.248 yaw_error=-0.151,True
47.900000000000006,1,2.0,2.0,1.5707963267948963,2.045727335599092,1.7559108836029726,1.721683351782708,0.2483354303446722,ARRIVED distance=0.248 yaw_error=-0.151,True
48.0,1,2.0,2.0,1.5707963267948963,2.0424644825934957,1.7766689496877608,1.724105990232388,0.2273323345138153,ARRIVED distance=0.229 yaw_error=-0.153,True
48.0,1,2.0,2.0,1.5707963267948963,2.0424644825934957,1.7766689496877608,1.724105990232388,0.2273323345138153,ARRIVED distance=0.229 yaw_error=-0.153,True
48.1,1,2.0,2.0,1.5707963267948963,2.040913670235855,1.7884645999831876,1.7301538682627065,0.21545568888391206,ARRIVED distance=0.215 yaw_error=-0.159,True
48.1,1,2.0,2.0,1.5707963267948963,2.0407186814999063,1.7891441250699802,1.7312214245159798,0.21475150992622835,ARRIVED distance=0.215 yaw_error=-0.159,True
48.2,1,2.0,2.0,1.5707963267948963,2.040710803966746,1.7899570549081638,1.739047245736327,0.21395188324123468,ARRIVED distance=0.214 yaw_error=-0.168,True
48.2,1,2.0,2.0,1.5707963267948963,2.0405939316707293,1.7899243549567594,1.7391449171093538,0.21396178146767583,ARRIVED distance=0.214 yaw_error=-0.168,True
48.300000000000004,1,2.0,2.0,1.5707963267948963,2.0405391573903886,1.7899118788807167,1.7391790526518582,0.21396364625177183,ARRIVED distance=0.214 yaw_error=-0.168,True
48.300000000000004,1,2.0,2.0,1.5707963267948963,2.040538481400939,1.7899116620425604,1.7391765434146416,0.21396373108546607,ARRIVED distance=0.214 yaw_error=-0.168,True
48.400000000000006,1,2.0,2.0,1.5707963267948963,2.0405406486899245,1.789908758063711,1.739184490185981,0.2139669930959731,ARRIVED distance=0.214 yaw_error=-0.168,True
48.400000000000006,1,2.0,2.0,1.5707963267948963,2.0405414438995626,1.789908365055488,1.739181777879752,0.21396752965606608,ARRIVED distance=0.214 yaw_error=-0.168,True
