ros_time_sec,event,detail,mission_state,mode,cmd_linear,cmd_angular,odom_x,odom_y,dynamic_lock,bird_confirmed,sound_done
0.000,mission_event,timestamp=0.000 mission_id=0 target_mission_id=0 state=IDLE event_type=STARTUP reason=mission_patrol_manager initialized waypoint_index=0,UNKNOWN,UNKNOWN,0.000,0.000,0.000,0.000,False,False,False
0.000,mission_event,timestamp=0.000 mission_id=0 target_mission_id=0 state=IDLE event_type=MISSION_COMMAND reason=START_PATROL waypoint_index=0,UNKNOWN,AUTO,0.000,0.000,0.000,0.000,False,False,False
0.000,mission_event,timestamp=0.000 mission_id=0 target_mission_id=0 state=IDLE event_type=MODE_CHANGE reason=previous=STANDBY next=AUTO reason=START_PATROL waypoint_index=0,UNKNOWN,AUTO,0.000,0.000,0.000,0.000,False,False,False
0.000,mission_event,timestamp=0.000 mission_id=0 target_mission_id=0 state=IDLE event_type=MISSION_RESET reason=operator_reset_pulse waypoint_index=0,UNKNOWN,AUTO,0.000,0.000,0.000,0.000,False,False,False
1.500,sound_state,IDLE_NO_REQUEST,UNKNOWN,AUTO,0.000,0.000,0.000,0.000,False,False,False
1.500,sound_done,False,UNKNOWN,AUTO,0.000,0.000,0.000,0.000,False,False,False
1.500,classification,WAITING_DYNAMIC_LOCK,UNKNOWN,AUTO,0.000,0.000,0.000,0.000,False,False,False
1.500,bird_confirmed,False,UNKNOWN,AUTO,0.000,0.000,0.000,0.000,False,False,False
1.500,mission_state,IDLE mode=AUTO nav_goal=NONE,IDLE mode=AUTO nav_goal=NONE,AUTO,0.000,0.000,0.000,0.000,False,False,False
1.500,mission_event,timestamp=1.500 mission_id=0 target_mission_id=0 state=PATROL_NAVIGATING event_type=STATE_CHANGE reason=previous=IDLE next=PATROL_NAVIGATING reason=goal_type=PATROL waypoint_index=0,IDLE mode=AUTO nav_goal=NONE,AUTO,0.000,0.000,0.000,0.000,False,False,False
1.500,dynamic_lock,False,IDLE mode=AUTO nav_goal=NONE,AUTO,0.000,0.000,0.000,0.000,False,False,False
1.500,classification,WAITING_DYNAMIC_LOCK,IDLE mode=AUTO nav_goal=NONE,AUTO,0.000,0.000,0.000,0.000,False,False,False
1.500,bird_confirmed,False,IDLE mode=AUTO nav_goal=NONE,AUTO,0.000,0.000,0.000,0.000,False,False,False
1.500,mission_event,timestamp=1.500 mission_id=0 target_mission_id=0 state=PATROL_NAVIGATING event_type=NAV2_DISABLED_SIMULATED_GOAL reason=PATROL waypoint_index=0,IDLE mode=AUTO nav_goal=NONE,AUTO,0.000,0.000,0.000,0.000,False,False,False
1.600,dynamic_lock,False,IDLE mode=AUTO nav_goal=NONE,AUTO,0.000,0.000,-0.000,0.000,False,False,False
1.600,mission_state,PATROL_NAVIGATING mode=AUTO nav_goal=PATROL,PATROL_NAVIGATING mode=AUTO nav_goal=PATROL,AUTO,0.000,0.000,-0.000,0.000,False,False,False
1.600,classification,WAITING_DYNAMIC_LOCK,PATROL_NAVIGATING mode=AUTO nav_goal=PATROL,AUTO,0.000,0.000,-0.000,0.000,False,False,False
1.600,bird_confirmed,False,PATROL_NAVIGATING mode=AUTO nav_goal=PATROL,AUTO,0.000,0.000,-0.000,0.000,False,False,False
1.600,sound_state,IDLE_NO_REQUEST,PATROL_NAVIGATING mode=AUTO nav_goal=PATROL,AUTO,0.000,0.000,-0.000,0.000,False,False,False
1.600,sound_done,False,PATROL_NAVIGATING mode=AUTO nav_goal=PATROL,AUTO,0.000,0.000,-0.000,0.000,False,False,False
1.700,classification,WAITING_DYNAMIC_LOCK,PATROL_NAVIGATING mode=AUTO nav_goal=PATROL,AUTO,0.000,0.000,0.000,0.000,False,False,False
1.700,bird_confirmed,False,PATROL_NAVIGATING mode=AUTO nav_goal=PATROL,AUTO,0.000,0.000,0.000,0.000,False,False,False
1.800,sound_state,IDLE_NO_REQUEST,PATROL_NAVIGATING mode=AUTO nav_goal=PATROL,AUTO,0.000,0.000,0.000,0.000,False,False,False
1.800,sound_done,False,PATROL_NAVIGATING mode=AUTO nav_goal=PATROL,AUTO,0.000,0.000,0.000,0.000,False,False,False
1.800,mission_state,PATROL_NAVIGATING mode=AUTO nav_goal=PATROL,PATROL_NAVIGATING mode=AUTO nav_goal=PATROL,AUTO,0.000,0.000,0.000,0.000,False,False,False
1.800,classification,WAITING_DYNAMIC_LOCK,PATROL_NAVIGATING mode=AUTO nav_goal=PATROL,AUTO,0.120,0.000,0.000,0.000,False,False,False
1.800,bird_confirmed,False,PATROL_NAVIGATING mode=AUTO nav_goal=PATROL,AUTO,0.120,0.000,0.000,0.000,False,False,False
1.800,dynamic_lock,False,PATROL_NAVIGATING mode=AUTO nav_goal=PATROL,AUTO,0.120,0.000,0.000,0.000,False,False,False
1.900,classification,WAITING_DYNAMIC_LOCK,PATROL_NAVIGATING mode=AUTO nav_goal=PATROL,AUTO,0.120,0.000,0.007,0.000,False,False,False
1.900,bird_confirmed,False,PATROL_NAVIGATING mode=AUTO nav_goal=PATROL,AUTO,0.120,0.000,0.007,0.000,False,False,False
2.000,classification,WAITING_DYNAMIC_LOCK,PATROL_NAVIGATING mode=AUTO nav_goal=PATROL,AUTO,0.120,0.000,0.026,0.000,False,False,False
2.000,bird_confirmed,False,PATROL_NAVIGATING mode=AUTO nav_goal=PATROL,AUTO,0.120,0.000,0.026,0.000,False,False,False
2.000,mission_state,PATROL_NAVIGATING mode=AUTO nav_goal=PATROL,PATROL_NAVIGATING mode=AUTO nav_goal=PATROL,AUTO,0.120,0.000,0.026,0.000,False,False,False
2.000,dynamic_lock,False,PATROL_NAVIGATING mode=AUTO nav_goal=PATROL,AUTO,0.120,0.000,0.026,0.000,False,False,False
2.000,sound_state,IDLE_NO_REQUEST,PATROL_NAVIGATING mode=AUTO nav_goal=PATROL,AUTO,0.120,0.000,0.026,0.000,False,False,False
2.000,sound_done,False,PATROL_NAVIGATING mode=AUTO nav_goal=PATROL,AUTO,0.120,0.000,0.026,0.000,False,False,False
2.100,classification,WAITING_DYNAMIC_LOCK,PATROL_NAVIGATING mode=AUTO nav_goal=PATROL,AUTO,0.120,0.000,0.045,0.000,False,False,False
2.100,bird_confirmed,False,PATROL_NAVIGATING mode=AUTO nav_goal=PATROL,AUTO,0.120,0.000,0.045,0.000,False,False,False
2.200,sound_state,IDLE_NO_REQUEST,PATROL_NAVIGATING mode=AUTO nav_goal=PATROL,AUTO,0.120,0.000,0.064,0.000,False,False,False
2.200,sound_done,False,PATROL_NAVIGATING mode=AUTO nav_goal=PATROL,AUTO,0.120,0.000,0.064,0.000,False,False,False
2.200,mission_state,PATROL_NAVIGATING mode=AUTO nav_goal=PATROL,PATROL_NAVIGATING mode=AUTO nav_goal=PATROL,AUTO,0.120,0.000,0.064,0.000,False,False,False
2.200,classification,WAITING_DYNAMIC_LOCK,PATROL_NAVIGATING mode=AUTO nav_goal=PATROL,AUTO,0.120,0.000,0.064,0.000,False,False,False
2.200,bird_confirmed,False,PATROL_NAVIGATING mode=AUTO nav_goal=PATROL,AUTO,0.120,0.000,0.064,0.000,False,False,False
2.200,dynamic_lock,False,PATROL_NAVIGATING mode=AUTO nav_goal=PATROL,AUTO,0.120,0.000,0.078,0.000,False,False,False
2.300,bird_confirmed,False,PATROL_NAVIGATING mode=AUTO nav_goal=PATROL,AUTO,0.120,0.000,0.083,-0.000,False,False,False
2.300,classification,WAITING_DYNAMIC_LOCK,PATROL_NAVIGATING mode=AUTO nav_goal=PATROL,AUTO,0.120,0.000,0.083,-0.000,False,False,False
2.400,sound_state,IDLE_NO_REQUEST,PATROL_NAVIGATING mode=AUTO nav_goal=PATROL,AUTO,0.120,0.000,0.103,-0.000,False,False,False
2.400,sound_done,False,PATROL_NAVIGATING mode=AUTO nav_goal=PATROL,AUTO,0.120,0.000,0.103,-0.000,False,False,False
2.400,mission_state,PATROL_NAVIGATING mode=AUTO nav_goal=PATROL,PATROL_NAVIGATING mode=AUTO nav_goal=PATROL,AUTO,0.120,0.000,0.103,-0.000,False,False,False
2.400,dynamic_lock,False,PATROL_NAVIGATING mode=AUTO nav_goal=PATROL,AUTO,0.120,0.000,0.103,-0.000,False,False,False
2.400,classification,WAITING_DYNAMIC_LOCK,PATROL_NAVIGATING mode=AUTO nav_goal=PATROL,AUTO,0.120,0.000,0.103,-0.000,False,False,False
2.400,bird_confirmed,False,PATROL_NAVIGATING mode=AUTO nav_goal=PATROL,AUTO,0.120,0.000,0.103,-0.000,False,False,False
2.500,classification,WAITING_DYNAMIC_LOCK,PATROL_NAVIGATING mode=AUTO nav_goal=PATROL,AUTO,0.120,0.000,0.122,-0.000,False,False,False
2.500,bird_confirmed,False,PATROL_NAVIGATING mode=AUTO nav_goal=PATROL,AUTO,0.120,0.000,0.122,-0.000,False,False,False
2.600,sound_state,IDLE_NO_REQUEST,PATROL_NAVIGATING mode=AUTO nav_goal=PATROL,AUTO,0.120,0.000,0.141,-0.000,False,False,False
2.600,sound_done,False,PATROL_NAVIGATING mode=AUTO nav_goal=PATROL,AUTO,0.120,0.000,0.141,-0.000,False,False,False
2.600,mission_state,PATROL_NAVIGATING mode=AUTO nav_goal=PATROL,PATROL_NAVIGATING mode=AUTO nav_goal=PATROL,AUTO,0.120,0.000,0.141,-0.000,False,False,False
2.600,classification,WAITING_DYNAMIC_LOCK,PATROL_NAVIGATING mode=AUTO nav_goal=PATROL,AUTO,0.120,0.000,0.141,-0.000,False,False,False
2.600,bird_confirmed,False,PATROL_NAVIGATING mode=AUTO nav_goal=PATROL,AUTO,0.120,0.000,0.141,-0.000,False,False,False
2.600,dynamic_lock,False,PATROL_NAVIGATING mode=AUTO nav_goal=PATROL,AUTO,0.120,0.000,0.156,-0.000,False,False,False
2.700,classification,WAITING_DYNAMIC_LOCK,PATROL_NAVIGATING mode=AUTO nav_goal=PATROL,AUTO,0.120,0.000,0.160,-0.000,False,False,False
2.700,bird_confirmed,False,PATROL_NAVIGATING mode=AUTO nav_goal=PATROL,AUTO,0.120,0.000,0.160,-0.000,False,False,False
2.800,classification,WAITING_DYNAMIC_LOCK,PATROL_NAVIGATING mode=AUTO nav_goal=PATROL,AUTO,0.120,0.000,0.179,-0.000,False,False,False
2.800,bird_confirmed,False,PATROL_NAVIGATING mode=AUTO nav_goal=PATROL,AUTO,0.120,0.000,0.179,-0.000,False,False,False
2.800,sound_state,IDLE_NO_REQUEST,PATROL_NAVIGATING mode=AUTO nav_goal=PATROL,AUTO,0.120,0.000,0.179,-0.000,False,False,False
2.800,sound_done,False,PATROL_NAVIGATING mode=AUTO nav_goal=PATROL,AUTO,0.120,0.000,0.179,-0.000,False,False,False
2.800,mission_state,PATROL_NAVIGATING mode=AUTO nav_goal=PATROL,PATROL_NAVIGATING mode=AUTO nav_goal=PATROL,AUTO,0.120,0.000,0.179,-0.000,False,False,False
2.800,dynamic_lock,False,PATROL_NAVIGATING mode=AUTO nav_goal=PATROL,AUTO,0.120,0.000,0.183,-0.000,False,False,False
2.900,bird_confirmed,False,PATROL_NAVIGATING mode=AUTO nav_goal=PATROL,AUTO,0.120,0.000,0.198,-0.000,False,False,False
2.900,classification,WAITING_DYNAMIC_LOCK,PATROL_NAVIGATING mode=AUTO nav_goal=PATROL,AUTO,0.120,0.000,0.198,-0.000,False,False,False
3.000,sound_done,False,PATROL_NAVIGATING mode=AUTO nav_goal=PATROL,AUTO,0.120,0.000,0.218,-0.000,False,False,False
3.000,dynamic_lock,False,PATROL_NAVIGATING mode=AUTO nav_goal=PATROL,AUTO,0.120,0.000,0.218,-0.000,False,False,False
3.000,classification,WAITING_DYNAMIC_LOCK,PATROL_NAVIGATING mode=AUTO nav_goal=PATROL,AUTO,0.120,0.000,0.218,-0.000,False,False,False
3.000,bird_confirmed,False,PATROL_NAVIGATING mode=AUTO nav_goal=PATROL,AUTO,0.120,0.000,0.218,-0.000,False,False,False
3.000,sound_state,IDLE_NO_REQUEST,PATROL_NAVIGATING mode=AUTO nav_goal=PATROL,AUTO,0.120,0.000,0.218,-0.000,False,False,False
3.000,mission_state,PATROL_NAVIGATING mode=AUTO nav_goal=PATROL,PATROL_NAVIGATING mode=AUTO nav_goal=PATROL,AUTO,0.120,0.000,0.218,-0.000,False,False,False
3.100,classification,WAITING_DYNAMIC_LOCK,PATROL_NAVIGATING mode=AUTO nav_goal=PATROL,AUTO,0.120,0.000,0.237,-0.000,False,False,False
3.100,bird_confirmed,False,PATROL_NAVIGATING mode=AUTO nav_goal=PATROL,AUTO,0.120,0.000,0.237,-0.000,False,False,False
3.200,classification,WAITING_DYNAMIC_LOCK,PATROL_NAVIGATING mode=AUTO nav_goal=PATROL,AUTO,0.120,0.000,0.256,-0.000,False,False,False
3.200,bird_confirmed,False,PATROL_NAVIGATING mode=AUTO nav_goal=PATROL,AUTO,0.120,0.000,0.256,-0.000,False,False,False
3.200,sound_state,IDLE_NO_REQUEST,PATROL_NAVIGATING mode=AUTO nav_goal=PATROL,AUTO,0.120,0.000,0.256,-0.000,False,False,False
3.200,sound_done,False,PATROL_NAVIGATING mode=AUTO nav_goal=PATROL,AUTO,0.120,0.000,0.256,-0.000,False,False,False
3.200,mission_state,PATROL_NAVIGATING mode=AUTO nav_goal=PATROL,PATROL_NAVIGATING mode=AUTO nav_goal=PATROL,AUTO,0.120,0.000,0.256,-0.000,False,False,False
3.200,dynamic_lock,False,PATROL_NAVIGATING mode=AUTO nav_goal=PATROL,AUTO,0.120,0.000,0.262,-0.000,False,False,False
3.300,classification,WAITING_DYNAMIC_LOCK,PATROL_NAVIGATING mode=AUTO nav_goal=PATROL,AUTO,0.120,0.000,0.275,-0.000,False,False,False
3.300,bird_confirmed,False,PATROL_NAVIGATING mode=AUTO nav_goal=PATROL,AUTO,0.120,0.000,0.275,-0.000,False,False,False
3.400,dynamic_lock,False,PATROL_NAVIGATING mode=AUTO nav_goal=PATROL,AUTO,0.120,0.000,0.294,-0.000,False,False,False
3.400,classification,WAITING_DYNAMIC_LOCK,PATROL_NAVIGATING mode=AUTO nav_goal=PATROL,AUTO,0.120,0.000,0.294,-0.000,False,False,False
3.400,bird_confirmed,False,PATROL_NAVIGATING mode=AUTO nav_goal=PATROL,AUTO,0.120,0.000,0.294,-0.000,False,False,False
3.400,sound_state,IDLE_NO_REQUEST,PATROL_NAVIGATING mode=AUTO nav_goal=PATROL,AUTO,0.120,0.000,0.294,-0.000,False,False,False
3.400,sound_done,False,PATROL_NAVIGATING mode=AUTO nav_goal=PATROL,AUTO,0.120,0.000,0.294,-0.000,False,False,False
3.400,mission_state,PATROL_NAVIGATING mode=AUTO nav_goal=PATROL,PATROL_NAVIGATING mode=AUTO nav_goal=PATROL,AUTO,0.120,0.000,0.294,-0.000,False,False,False
3.500,classification,WAITING_DYNAMIC_LOCK,PATROL_NAVIGATING mode=AUTO nav_goal=PATROL,AUTO,0.120,0.000,0.313,-0.000,False,False,False
3.500,bird_confirmed,False,PATROL_NAVIGATING mode=AUTO nav_goal=PATROL,AUTO,0.120,0.000,0.313,-0.000,False,False,False
3.600,bird_confirmed,False,PATROL_NAVIGATING mode=AUTO nav_goal=PATROL,AUTO,0.120,0.000,0.333,-0.000,False,False,False
3.600,mission_state,PATROL_NAVIGATING mode=AUTO nav_goal=PATROL,PATROL_NAVIGATING mode=AUTO nav_goal=PATROL,AUTO,0.120,0.000,0.333,-0.000,False,False,False
3.600,classification,WAITING_DYNAMIC_LOCK,PATROL_NAVIGATING mode=AUTO nav_goal=PATROL,AUTO,0.120,0.000,0.333,-0.000,False,False,False
3.600,sound_state,IDLE_NO_REQUEST,PATROL_NAVIGATING mode=AUTO nav_goal=PATROL,AUTO,0.120,0.000,0.333,-0.000,False,False,False
3.600,sound_done,False,PATROL_NAVIGATING mode=AUTO nav_goal=PATROL,AUTO,0.120,0.000,0.333,-0.000,False,False,False
3.600,dynamic_lock,False,PATROL_NAVIGATING mode=AUTO nav_goal=PATROL,AUTO,0.120,0.000,0.340,-0.000,False,False,False
3.700,classification,WAITING_DYNAMIC_LOCK,PATROL_NAVIGATING mode=AUTO nav_goal=PATROL,AUTO,0.120,0.000,0.352,-0.000,False,False,False
3.700,bird_confirmed,False,PATROL_NAVIGATING mode=AUTO nav_goal=PATROL,AUTO,0.120,0.000,0.352,-0.000,False,False,False
3.800,bird_confirmed,False,PATROL_NAVIGATING mode=AUTO nav_goal=PATROL,AUTO,0.120,0.000,0.371,-0.000,False,False,False
3.800,classification,WAITING_DYNAMIC_LOCK,PATROL_NAVIGATING mode=AUTO nav_goal=PATROL,AUTO,0.120,0.000,0.371,-0.000,False,False,False
3.800,dynamic_lock,False,PATROL_NAVIGATING mode=AUTO nav_goal=PATROL,AUTO,0.120,0.000,0.371,-0.000,False,False,False
3.800,mission_state,PATROL_NAVIGATING mode=AUTO nav_goal=PATROL,PATROL_NAVIGATING mode=AUTO nav_goal=PATROL,AUTO,0.120,0.000,0.371,-0.000,False,False,False
3.800,sound_done,False,PATROL_NAVIGATING mode=AUTO nav_goal=PATROL,AUTO,0.120,0.000,0.371,-0.000,False,False,False
3.800,sound_state,IDLE_NO_REQUEST,PATROL_NAVIGATING mode=AUTO nav_goal=PATROL,AUTO,0.120,0.000,0.371,-0.000,False,False,False
3.900,classification,WAITING_DYNAMIC_LOCK,PATROL_NAVIGATING mode=AUTO nav_goal=PATROL,AUTO,0.120,0.000,0.390,-0.000,False,False,False
3.900,bird_confirmed,False,PATROL_NAVIGATING mode=AUTO nav_goal=PATROL,AUTO,0.120,0.000,0.390,-0.000,False,False,False
4.000,classification,WAITING_DYNAMIC_LOCK,PATROL_NAVIGATING mode=AUTO nav_goal=PATROL,AUTO,0.120,0.000,0.409,-0.000,False,False,False
4.000,bird_confirmed,False,PATROL_NAVIGATING mode=AUTO nav_goal=PATROL,AUTO,0.120,0.000,0.409,-0.000,False,False,False
4.000,sound_state,IDLE_NO_REQUEST,PATROL_NAVIGATING mode=AUTO nav_goal=PATROL,AUTO,0.120,0.000,0.409,-0.000,False,False,False
4.000,sound_done,False,PATROL_NAVIGATING mode=AUTO nav_goal=PATROL,AUTO,0.120,0.000,0.409,-0.000,False,False,False
4.000,mission_state,PATROL_NAVIGATING mode=AUTO nav_goal=PATROL,PATROL_NAVIGATING mode=AUTO nav_goal=PATROL,AUTO,0.120,0.000,0.409,-0.000,False,False,False
4.000,dynamic_lock,False,PATROL_NAVIGATING mode=AUTO nav_goal=PATROL,AUTO,0.120,0.000,0.417,-0.000,False,False,False
4.100,classification,WAITING_DYNAMIC_LOCK,PATROL_NAVIGATING mode=AUTO nav_goal=PATROL,AUTO,0.120,0.000,0.429,-0.000,False,False,False
4.100,bird_confirmed,False,PATROL_NAVIGATING mode=AUTO nav_goal=PATROL,AUTO,0.120,0.000,0.429,-0.000,False,False,False
4.200,mission_state,PATROL_NAVIGATING mode=AUTO nav_goal=PATROL,PATROL_NAVIGATING mode=AUTO nav_goal=PATROL,AUTO,0.120,0.000,0.448,-0.000,False,False,False
4.200,classification,WAITING_DYNAMIC_LOCK,PATROL_NAVIGATING mode=AUTO nav_goal=PATROL,AUTO,0.120,0.000,0.448,-0.000,False,False,False
4.200,bird_confirmed,False,PATROL_NAVIGATING mode=AUTO nav_goal=PATROL,AUTO,0.120,0.000,0.448,-0.000,False,False,False
4.200,sound_state,IDLE_NO_REQUEST,PATROL_NAVIGATING mode=AUTO nav_goal=PATROL,AUTO,0.120,0.000,0.448,-0.000,False,False,False
4.200,sound_done,False,PATROL_NAVIGATING mode=AUTO nav_goal=PATROL,AUTO,0.120,0.000,0.448,-0.000,False,False,False
4.200,dynamic_lock,False,PATROL_NAVIGATING mode=AUTO nav_goal=PATROL,AUTO,0.120,0.000,0.448,-0.000,False,False,False
4.300,classification,WAITING_DYNAMIC_LOCK,PATROL_NAVIGATING mode=AUTO nav_goal=PATROL,AUTO,0.120,0.000,0.467,-0.000,False,False,False
4.300,bird_confirmed,False,PATROL_NAVIGATING mode=AUTO nav_goal=PATROL,AUTO,0.120,0.000,0.467,-0.000,False,False,False
4.400,sound_state,IDLE_NO_REQUEST,PATROL_NAVIGATING mode=AUTO nav_goal=PATROL,AUTO,0.120,0.000,0.486,-0.000,False,False,False
4.400,sound_done,False,PATROL_NAVIGATING mode=AUTO nav_goal=PATROL,AUTO,0.120,0.000,0.486,-0.000,False,False,False
4.400,dynamic_lock,False,PATROL_NAVIGATING mode=AUTO nav_goal=PATROL,AUTO,0.120,0.000,0.486,-0.000,False,False,False
4.400,classification,WAITING_DYNAMIC_LOCK,PATROL_NAVIGATING mode=AUTO nav_goal=PATROL,AUTO,0.120,0.000,0.486,-0.000,False,False,False
4.400,bird_confirmed,False,PATROL_NAVIGATING mode=AUTO nav_goal=PATROL,AUTO,0.120,0.000,0.486,-0.000,False,False,False
4.400,mission_state,PATROL_NAVIGATING mode=AUTO nav_goal=PATROL,PATROL_NAVIGATING mode=AUTO nav_goal=PATROL,AUTO,0.120,0.000,0.486,-0.000,False,False,False
4.500,classification,WAITING_DYNAMIC_LOCK,PATROL_NAVIGATING mode=AUTO nav_goal=PATROL,AUTO,0.120,0.000,0.505,-0.000,False,False,False
4.500,bird_confirmed,False,PATROL_NAVIGATING mode=AUTO nav_goal=PATROL,AUTO,0.120,0.000,0.505,-0.000,False,False,False
4.600,sound_state,IDLE_NO_REQUEST,PATROL_NAVIGATING mode=AUTO nav_goal=PATROL,AUTO,0.120,0.000,0.524,-0.000,False,False,False
4.600,sound_done,False,PATROL_NAVIGATING mode=AUTO nav_goal=PATROL,AUTO,0.120,0.000,0.524,-0.000,False,False,False
4.600,mission_state,PATROL_NAVIGATING mode=AUTO nav_goal=PATROL,PATROL_NAVIGATING mode=AUTO nav_goal=PATROL,AUTO,0.120,0.000,0.524,-0.000,False,False,False
4.600,dynamic_lock,False,PATROL_NAVIGATING mode=AUTO nav_goal=PATROL,AUTO,0.120,0.000,0.524,-0.000,False,False,False
4.600,classification,WAITING_DYNAMIC_LOCK,PATROL_NAVIGATING mode=AUTO nav_goal=PATROL,AUTO,0.120,0.000,0.524,-0.000,False,False,False
4.600,bird_confirmed,False,PATROL_NAVIGATING mode=AUTO nav_goal=PATROL,AUTO,0.120,0.000,0.524,-0.000,False,False,False
4.700,classification,WAITING_DYNAMIC_LOCK,PATROL_NAVIGATING mode=AUTO nav_goal=PATROL,AUTO,0.120,0.000,0.544,-0.000,False,False,False
4.700,bird_confirmed,False,PATROL_NAVIGATING mode=AUTO nav_goal=PATROL,AUTO,0.120,0.000,0.544,-0.000,False,False,False
4.800,sound_done,False,PATROL_NAVIGATING mode=AUTO nav_goal=PATROL,AUTO,0.120,0.000,0.563,-0.000,False,False,False
4.800,sound_state,IDLE_NO_REQUEST,PATROL_NAVIGATING mode=AUTO nav_goal=PATROL,AUTO,0.120,0.000,0.563,-0.000,False,False,False
4.800,mission_state,PATROL_NAVIGATING mode=AUTO nav_goal=PATROL,PATROL_NAVIGATING mode=AUTO nav_goal=PATROL,AUTO,0.120,0.000,0.563,-0.000,False,False,False
4.800,classification,WAITING_DYNAMIC_LOCK,PATROL_NAVIGATING mode=AUTO nav_goal=PATROL,AUTO,0.120,0.000,0.563,-0.000,False,False,False
4.800,bird_confirmed,False,PATROL_NAVIGATING mode=AUTO nav_goal=PATROL,AUTO,0.120,0.000,0.563,-0.000,False,False,False
4.800,dynamic_lock,False,PATROL_NAVIGATING mode=AUTO nav_goal=PATROL,AUTO,0.120,0.000,0.580,-0.000,False,False,False
4.900,classification,WAITING_DYNAMIC_LOCK,PATROL_NAVIGATING mode=AUTO nav_goal=PATROL,AUTO,0.120,0.000,0.582,-0.000,False,False,False
4.900,bird_confirmed,False,PATROL_NAVIGATING mode=AUTO nav_goal=PATROL,AUTO,0.120,0.000,0.582,-0.000,False,False,False
5.000,classification,WAITING_DYNAMIC_LOCK,PATROL_NAVIGATING mode=AUTO nav_goal=PATROL,AUTO,0.120,0.000,0.601,-0.000,False,False,False
5.000,bird_confirmed,False,PATROL_NAVIGATING mode=AUTO nav_goal=PATROL,AUTO,0.120,0.000,0.601,-0.000,False,False,False
5.000,sound_state,IDLE_NO_REQUEST,PATROL_NAVIGATING mode=AUTO nav_goal=PATROL,AUTO,0.120,0.000,0.601,-0.000,False,False,False
5.000,sound_done,False,PATROL_NAVIGATING mode=AUTO nav_goal=PATROL,AUTO,0.120,0.000,0.601,-0.000,False,False,False
5.000,mission_state,PATROL_NAVIGATING mode=AUTO nav_goal=PATROL,PATROL_NAVIGATING mode=AUTO nav_goal=PATROL,AUTO,0.120,0.000,0.601,-0.000,False,False,False
5.000,dynamic_lock,False,PATROL_NAVIGATING mode=AUTO nav_goal=PATROL,AUTO,0.120,0.000,0.605,-0.000,False,False,False
5.100,bird_confirmed,False,PATROL_NAVIGATING mode=AUTO nav_goal=PATROL,AUTO,0.120,0.000,0.620,-0.000,False,False,False
5.100,classification,WAITING_DYNAMIC_LOCK,PATROL_NAVIGATING mode=AUTO nav_goal=PATROL,AUTO,0.120,0.000,0.620,-0.000,False,False,False
5.200,mission_state,PATROL_NAVIGATING mode=AUTO nav_goal=PATROL,PATROL_NAVIGATING mode=AUTO nav_goal=PATROL,AUTO,0.120,0.000,0.639,-0.000,False,False,False
5.200,classification,WAITING_DYNAMIC_LOCK,PATROL_NAVIGATING mode=AUTO nav_goal=PATROL,AUTO,0.120,0.000,0.639,-0.000,False,False,False
5.200,bird_confirmed,False,PATROL_NAVIGATING mode=AUTO nav_goal=PATROL,AUTO,0.120,0.000,0.639,-0.000,False,False,False
5.200,sound_state,IDLE_NO_REQUEST,PATROL_NAVIGATING mode=AUTO nav_goal=PATROL,AUTO,0.120,0.000,0.639,-0.000,False,False,False
5.200,sound_done,False,PATROL_NAVIGATING mode=AUTO nav_goal=PATROL,AUTO,0.120,0.000,0.639,-0.000,False,False,False
5.200,dynamic_lock,False,PATROL_NAVIGATING mode=AUTO nav_goal=PATROL,AUTO,0.120,0.000,0.639,-0.000,False,False,False
5.300,classification,WAITING_DYNAMIC_LOCK,PATROL_NAVIGATING mode=AUTO nav_goal=PATROL,AUTO,0.120,0.000,0.659,-0.000,False,False,False
5.300,bird_confirmed,False,PATROL_NAVIGATING mode=AUTO nav_goal=PATROL,AUTO,0.120,0.000,0.659,-0.000,False,False,False
5.400,mission_state,PATROL_NAVIGATING mode=AUTO nav_goal=PATROL,PATROL_NAVIGATING mode=AUTO nav_goal=PATROL,AUTO,0.120,0.000,0.678,-0.000,False,False,False
5.400,dynamic_lock,False,PATROL_NAVIGATING mode=AUTO nav_goal=PATROL,AUTO,0.120,0.000,0.678,-0.000,False,False,False
5.400,classification,WAITING_DYNAMIC_LOCK,PATROL_NAVIGATING mode=AUTO nav_goal=PATROL,AUTO,0.120,0.000,0.678,-0.000,False,False,False
5.400,bird_confirmed,False,PATROL_NAVIGATING mode=AUTO nav_goal=PATROL,AUTO,0.120,0.000,0.678,-0.000,False,False,False
5.400,sound_state,IDLE_NO_REQUEST,PATROL_NAVIGATING mode=AUTO nav_goal=PATROL,AUTO,0.120,0.000,0.678,-0.000,False,False,False
5.400,sound_done,False,PATROL_NAVIGATING mode=AUTO nav_goal=PATROL,AUTO,0.120,0.000,0.678,-0.000,False,False,False
5.500,classification,WAITING_DYNAMIC_LOCK,PATROL_NAVIGATING mode=AUTO nav_goal=PATROL,AUTO,0.120,0.000,0.697,-0.000,False,False,False
5.500,bird_confirmed,False,PATROL_NAVIGATING mode=AUTO nav_goal=PATROL,AUTO,0.120,0.000,0.697,-0.000,False,False,False
5.600,mission_state,PATROL_NAVIGATING mode=AUTO nav_goal=PATROL,PATROL_NAVIGATING mode=AUTO nav_goal=PATROL,AUTO,0.120,0.000,0.716,-0.000,False,False,False
5.600,classification,WAITING_DYNAMIC_LOCK,PATROL_NAVIGATING mode=AUTO nav_goal=PATROL,AUTO,0.120,0.000,0.716,-0.000,False,False,False
5.600,bird_confirmed,False,PATROL_NAVIGATING mode=AUTO nav_goal=PATROL,AUTO,0.120,0.000,0.716,-0.000,False,False,False
5.600,sound_state,IDLE_NO_REQUEST,PATROL_NAVIGATING mode=AUTO nav_goal=PATROL,AUTO,0.120,0.000,0.716,-0.000,False,False,False
5.600,sound_done,False,PATROL_NAVIGATING mode=AUTO nav_goal=PATROL,AUTO,0.120,0.000,0.716,-0.000,False,False,False
5.600,dynamic_lock,False,PATROL_NAVIGATING mode=AUTO nav_goal=PATROL,AUTO,0.120,0.000,0.724,-0.000,False,False,False
5.700,classification,WAITING_DYNAMIC_LOCK,PATROL_NAVIGATING mode=AUTO nav_goal=PATROL,AUTO,0.120,0.000,0.735,-0.000,False,False,False
5.700,bird_confirmed,False,PATROL_NAVIGATING mode=AUTO nav_goal=PATROL,AUTO,0.120,0.000,0.735,-0.000,False,False,False
5.800,classification,WAITING_DYNAMIC_LOCK,PATROL_NAVIGATING mode=AUTO nav_goal=PATROL,AUTO,0.120,0.000,0.754,-0.000,False,False,False
5.800,bird_confirmed,False,PATROL_NAVIGATING mode=AUTO nav_goal=PATROL,AUTO,0.120,0.000,0.754,-0.000,False,False,False
5.800,sound_done,False,PATROL_NAVIGATING mode=AUTO nav_goal=PATROL,AUTO,0.120,0.000,0.754,-0.000,False,False,False
5.800,mission_state,PATROL_NAVIGATING mode=AUTO nav_goal=PATROL,PATROL_NAVIGATING mode=AUTO nav_goal=PATROL,AUTO,0.120,0.000,0.754,-0.000,False,False,False
5.800,sound_state,IDLE_NO_REQUEST,PATROL_NAVIGATING mode=AUTO nav_goal=PATROL,AUTO,0.120,0.000,0.754,-0.000,False,False,False
5.800,mission_event,timestamp=5.800 mission_id=0 target_mission_id=0 state=PATROL_NAVIGATING event_type=SIM_NAV_GOAL_ARRIVED reason=PATROL waypoint_index=0,PATROL_NAVIGATING mode=AUTO nav_goal=PATROL,AUTO,0.120,0.000,0.754,-0.000,False,False,False
5.800,dynamic_lock,False,PATROL_NAVIGATING mode=AUTO nav_goal=PATROL,AUTO,0.120,0.000,0.754,-0.000,False,False,False
5.800,mission_event,timestamp=5.800 mission_id=0 target_mission_id=0 state=PATROL_NAVIGATING event_type=NAV2_GOAL_SUCCEEDED reason=PATROL waypoint_index=0,PATROL_NAVIGATING mode=AUTO nav_goal=PATROL,AUTO,0.120,0.000,0.754,-0.000,False,False,False
5.800,mission_event,timestamp=5.800 mission_id=0 target_mission_id=0 state=PATROL_DWELL event_type=STATE_CHANGE reason=previous=PATROL_NAVIGATING next=PATROL_DWELL reason=inside_a waypoint_index=0,PATROL_NAVIGATING mode=AUTO nav_goal=PATROL,AUTO,0.120,0.000,0.754,-0.000,False,False,False
5.900,classification,WAITING_DYNAMIC_LOCK,PATROL_NAVIGATING mode=AUTO nav_goal=PATROL,AUTO,0.120,0.000,0.774,-0.000,False,False,False
5.900,bird_confirmed,False,PATROL_NAVIGATING mode=AUTO nav_goal=PATROL,AUTO,0.120,0.000,0.774,-0.000,False,False,False
6.000,classification,WAITING_DYNAMIC_LOCK,PATROL_NAVIGATING mode=AUTO nav_goal=PATROL,AUTO,0.120,0.000,0.793,-0.000,False,False,False
6.000,bird_confirmed,False,PATROL_NAVIGATING mode=AUTO nav_goal=PATROL,AUTO,0.120,0.000,0.793,-0.000,False,False,False
6.000,sound_state,IDLE_NO_REQUEST,PATROL_NAVIGATING mode=AUTO nav_goal=PATROL,AUTO,0.120,0.000,0.793,-0.000,False,False,False
6.000,sound_done,False,PATROL_NAVIGATING mode=AUTO nav_goal=PATROL,AUTO,0.120,0.000,0.793,-0.000,False,False,False
6.000,mission_state,PATROL_DWELL mode=AUTO nav_goal=NONE,PATROL_DWELL mode=AUTO nav_goal=NONE,AUTO,0.040,0.000,0.793,-0.000,False,False,False
6.000,dynamic_lock,False,PATROL_DWELL mode=AUTO nav_goal=NONE,AUTO,0.000,0.000,0.804,-0.000,False,False,False
6.100,classification,WAITING_DYNAMIC_LOCK,PATROL_DWELL mode=AUTO nav_goal=NONE,AUTO,0.000,0.000,0.804,-0.000,False,False,False
6.100,bird_confirmed,False,PATROL_DWELL mode=AUTO nav_goal=NONE,AUTO,0.000,0.000,0.804,-0.000,False,False,False
6.200,classification,WAITING_DYNAMIC_LOCK,PATROL_DWELL mode=AUTO nav_goal=NONE,AUTO,0.000,0.000,0.804,-0.000,False,False,False
6.200,bird_confirmed,False,PATROL_DWELL mode=AUTO nav_goal=NONE,AUTO,0.000,0.000,0.804,-0.000,False,False,False
6.200,sound_state,IDLE_NO_REQUEST,PATROL_DWELL mode=AUTO nav_goal=NONE,AUTO,0.000,0.000,0.804,-0.000,False,False,False
6.200,sound_done,False,PATROL_DWELL mode=AUTO nav_goal=NONE,AUTO,0.000,0.000,0.804,-0.000,False,False,False
6.200,mission_state,PATROL_DWELL mode=AUTO nav_goal=NONE,PATROL_DWELL mode=AUTO nav_goal=NONE,AUTO,0.000,0.000,0.804,-0.000,False,False,False
6.200,dynamic_lock,False,PATROL_DWELL mode=AUTO nav_goal=NONE,AUTO,0.000,0.000,0.804,-0.000,False,False,False
6.300,classification,WAITING_DYNAMIC_LOCK,PATROL_DWELL mode=AUTO nav_goal=NONE,AUTO,0.000,0.000,0.804,-0.000,False,False,False
6.300,bird_confirmed,False,PATROL_DWELL mode=AUTO nav_goal=NONE,AUTO,0.000,0.000,0.804,-0.000,False,False,False
6.400,sound_state,IDLE_NO_REQUEST,PATROL_DWELL mode=AUTO nav_goal=NONE,AUTO,0.000,0.000,0.804,-0.000,False,False,False
6.400,sound_done,False,PATROL_DWELL mode=AUTO nav_goal=NONE,AUTO,0.000,0.000,0.804,-0.000,False,False,False
6.400,mission_state,PATROL_DWELL mode=AUTO nav_goal=NONE,PATROL_DWELL mode=AUTO nav_goal=NONE,AUTO,0.000,0.000,0.804,-0.000,False,False,False
6.400,mission_event,timestamp=6.400 mission_id=0 target_mission_id=0 state=RESUME_PATROL event_type=STATE_CHANGE reason=previous=PATROL_DWELL next=RESUME_PATROL reason=next_index=1 waypoint_index=1,PATROL_DWELL mode=AUTO nav_goal=NONE,AUTO,0.000,0.000,0.804,-0.000,False,False,False
6.400,dynamic_lock,False,PATROL_DWELL mode=AUTO nav_goal=NONE,AUTO,0.000,0.000,0.804,-0.000,False,False,False
6.400,classification,WAITING_DYNAMIC_LOCK,PATROL_DWELL mode=AUTO nav_goal=NONE,AUTO,0.000,0.000,0.804,-0.000,False,False,False
6.400,bird_confirmed,False,PATROL_DWELL mode=AUTO nav_goal=NONE,AUTO,0.000,0.000,0.804,-0.000,False,False,False
6.500,classification,WAITING_DYNAMIC_LOCK,PATROL_DWELL mode=AUTO nav_goal=NONE,AUTO,0.000,0.000,0.804,-0.000,False,False,False
6.500,bird_confirmed,False,PATROL_DWELL mode=AUTO nav_goal=NONE,AUTO,0.000,0.000,0.804,-0.000,False,False,False
6.600,mission_state,RESUME_PATROL mode=AUTO nav_goal=NONE,RESUME_PATROL mode=AUTO nav_goal=NONE,AUTO,0.000,0.000,0.804,-0.000,False,False,False
6.600,mission_event,timestamp=6.600 mission_id=0 target_mission_id=0 state=PATROL_NAVIGATING event_type=STATE_CHANGE reason=previous=RESUME_PATROL next=PATROL_NAVIGATING reason=goal_type=PATROL waypoint_index=1,RESUME_PATROL mode=AUTO nav_goal=NONE,AUTO,0.000,0.000,0.804,-0.000,False,False,False
6.600,mission_event,timestamp=6.600 mission_id=0 target_mission_id=0 state=PATROL_NAVIGATING event_type=NAV2_DISABLED_SIMULATED_GOAL reason=PATROL waypoint_index=1,RESUME_PATROL mode=AUTO nav_goal=NONE,AUTO,0.000,0.000,0.804,-0.000,False,False,False
6.600,classification,WAITING_DYNAMIC_LOCK,RESUME_PATROL mode=AUTO nav_goal=NONE,AUTO,0.000,0.000,0.804,-0.000,False,False,False
6.600,bird_confirmed,False,RESUME_PATROL mode=AUTO nav_goal=NONE,AUTO,0.000,0.000,0.804,-0.000,False,False,False
6.600,sound_state,IDLE_NO_REQUEST,RESUME_PATROL mode=AUTO nav_goal=NONE,AUTO,0.000,0.000,0.804,-0.000,False,False,False
6.600,sound_done,False,RESUME_PATROL mode=AUTO nav_goal=NONE,AUTO,0.000,0.000,0.804,-0.000,False,False,False
6.600,dynamic_lock,False,RESUME_PATROL mode=AUTO nav_goal=NONE,AUTO,0.000,0.000,0.804,-0.000,False,False,False
6.700,classification,WAITING_DYNAMIC_LOCK,RESUME_PATROL mode=AUTO nav_goal=NONE,AUTO,0.000,0.000,0.804,-0.000,False,False,False
6.700,bird_confirmed,False,RESUME_PATROL mode=AUTO nav_goal=NONE,AUTO,0.000,0.000,0.804,-0.000,False,False,False
6.800,mission_state,PATROL_NAVIGATING mode=AUTO nav_goal=PATROL,PATROL_NAVIGATING mode=AUTO nav_goal=PATROL,AUTO,0.000,0.000,0.805,-0.000,False,False,False
6.800,classification,WAITING_DYNAMIC_LOCK,PATROL_NAVIGATING mode=AUTO nav_goal=PATROL,AUTO,0.000,0.000,0.805,-0.000,False,False,False
6.800,bird_confirmed,False,PATROL_NAVIGATING mode=AUTO nav_goal=PATROL,AUTO,0.000,0.000,0.805,-0.000,False,False,False
6.800,sound_state,IDLE_NO_REQUEST,PATROL_NAVIGATING mode=AUTO nav_goal=PATROL,AUTO,0.000,0.000,0.805,-0.000,False,False,False
6.800,sound_done,False,PATROL_NAVIGATING mode=AUTO nav_goal=PATROL,AUTO,0.000,0.000,0.805,-0.000,False,False,False
6.800,dynamic_lock,False,PATROL_NAVIGATING mode=AUTO nav_goal=PATROL,AUTO,0.000,0.000,0.805,-0.000,False,False,False
6.900,classification,WAITING_DYNAMIC_LOCK,PATROL_NAVIGATING mode=AUTO nav_goal=PATROL,AUTO,0.000,0.000,0.805,-0.000,False,False,False
6.900,bird_confirmed,False,PATROL_NAVIGATING mode=AUTO nav_goal=PATROL,AUTO,0.000,0.000,0.805,-0.000,False,False,False
7.000,dynamic_lock,False,PATROL_NAVIGATING mode=AUTO nav_goal=PATROL,AUTO,0.120,0.000,0.813,-0.000,False,False,False
7.000,sound_done,False,PATROL_NAVIGATING mode=AUTO nav_goal=PATROL,AUTO,0.120,0.000,0.813,-0.000,False,False,False
7.000,mission_state,PATROL_NAVIGATING mode=AUTO nav_goal=PATROL,PATROL_NAVIGATING mode=AUTO nav_goal=PATROL,AUTO,0.120,0.000,0.813,-0.000,False,False,False
7.000,classification,WAITING_DYNAMIC_LOCK,PATROL_NAVIGATING mode=AUTO nav_goal=PATROL,AUTO,0.120,0.000,0.813,-0.000,False,False,False
7.000,bird_confirmed,False,PATROL_NAVIGATING mode=AUTO nav_goal=PATROL,AUTO,0.120,0.000,0.813,-0.000,False,False,False
7.000,sound_state,IDLE_NO_REQUEST,PATROL_NAVIGATING mode=AUTO nav_goal=PATROL,AUTO,0.120,0.000,0.813,-0.000,False,False,False
7.100,bird_confirmed,False,PATROL_NAVIGATING mode=AUTO nav_goal=PATROL,AUTO,0.120,0.000,0.832,-0.000,False,False,False
7.100,classification,WAITING_DYNAMIC_LOCK,PATROL_NAVIGATING mode=AUTO nav_goal=PATROL,AUTO,0.120,0.000,0.832,-0.000,False,False,False
7.200,sound_state,IDLE_NO_REQUEST,PATROL_NAVIGATING mode=AUTO nav_goal=PATROL,AUTO,0.120,0.000,0.851,-0.000,False,False,False
7.200,sound_done,False,PATROL_NAVIGATING mode=AUTO nav_goal=PATROL,AUTO,0.120,0.000,0.851,-0.000,False,False,False
7.200,mission_state,PATROL_NAVIGATING mode=AUTO nav_goal=PATROL,PATROL_NAVIGATING mode=AUTO nav_goal=PATROL,AUTO,0.120,0.000,0.851,-0.000,False,False,False
7.200,classification,WAITING_DYNAMIC_LOCK,PATROL_NAVIGATING mode=AUTO nav_goal=PATROL,AUTO,0.120,0.000,0.851,-0.000,False,False,False
7.200,bird_confirmed,False,PATROL_NAVIGATING mode=AUTO nav_goal=PATROL,AUTO,0.120,0.000,0.851,-0.000,False,False,False
7.200,dynamic_lock,False,PATROL_NAVIGATING mode=AUTO nav_goal=PATROL,AUTO,0.120,0.000,0.863,-0.000,False,False,False
7.300,classification,WAITING_DYNAMIC_LOCK,PATROL_NAVIGATING mode=AUTO nav_goal=PATROL,AUTO,0.120,0.000,0.870,-0.000,False,False,False
7.300,bird_confirmed,False,PATROL_NAVIGATING mode=AUTO nav_goal=PATROL,AUTO,0.120,0.000,0.870,-0.000,False,False,False
7.400,dynamic_lock,False,PATROL_NAVIGATING mode=AUTO nav_goal=PATROL,AUTO,0.120,0.000,0.890,-0.000,False,False,False
7.400,classification,WAITING_DYNAMIC_LOCK,PATROL_NAVIGATING mode=AUTO nav_goal=PATROL,AUTO,0.120,0.000,0.890,-0.000,False,False,False
7.400,bird_confirmed,False,PATROL_NAVIGATING mode=AUTO nav_goal=PATROL,AUTO,0.120,0.000,0.890,-0.000,False,False,False
7.400,sound_state,IDLE_NO_REQUEST,PATROL_NAVIGATING mode=AUTO nav_goal=PATROL,AUTO,0.120,0.000,0.890,-0.000,False,False,False
7.400,sound_done,False,PATROL_NAVIGATING mode=AUTO nav_goal=PATROL,AUTO,0.120,0.000,0.890,-0.000,False,False,False
7.400,mission_state,PATROL_NAVIGATING mode=AUTO nav_goal=PATROL,PATROL_NAVIGATING mode=AUTO nav_goal=PATROL,AUTO,0.120,0.000,0.890,-0.000,False,False,False
7.500,classification,WAITING_DYNAMIC_LOCK,PATROL_NAVIGATING mode=AUTO nav_goal=PATROL,AUTO,0.120,0.000,0.909,-0.000,False,False,False
7.500,bird_confirmed,False,PATROL_NAVIGATING mode=AUTO nav_goal=PATROL,AUTO,0.120,0.000,0.909,-0.000,False,False,False
7.600,mission_state,PATROL_NAVIGATING mode=AUTO nav_goal=PATROL,PATROL_NAVIGATING mode=AUTO nav_goal=PATROL,AUTO,0.120,0.000,0.928,-0.000,False,False,False
7.600,dynamic_lock,False,PATROL_NAVIGATING mode=AUTO nav_goal=PATROL,AUTO,0.120,0.000,0.928,-0.000,False,False,False
7.600,classification,WAITING_DYNAMIC_LOCK,PATROL_NAVIGATING mode=AUTO nav_goal=PATROL,AUTO,0.120,0.000,0.928,-0.000,False,False,False
7.600,bird_confirmed,False,PATROL_NAVIGATING mode=AUTO nav_goal=PATROL,AUTO,0.120,0.000,0.928,-0.000,False,False,False
7.600,sound_state,IDLE_NO_REQUEST,PATROL_NAVIGATING mode=AUTO nav_goal=PATROL,AUTO,0.120,0.000,0.928,-0.000,False,False,False
7.600,sound_done,False,PATROL_NAVIGATING mode=AUTO nav_goal=PATROL,AUTO,0.120,0.000,0.928,-0.000,False,False,False
7.700,classification,WAITING_DYNAMIC_LOCK,PATROL_NAVIGATING mode=AUTO nav_goal=PATROL,AUTO,0.120,-0.000,0.947,-0.000,False,False,False
7.700,bird_confirmed,False,PATROL_NAVIGATING mode=AUTO nav_goal=PATROL,AUTO,0.120,-0.000,0.947,-0.000,False,False,False
7.800,bird_confirmed,False,PATROL_NAVIGATING mode=AUTO nav_goal=PATROL,AUTO,0.120,-0.000,0.966,-0.000,False,False,False
7.800,sound_state,IDLE_NO_REQUEST,PATROL_NAVIGATING mode=AUTO nav_goal=PATROL,AUTO,0.120,-0.000,0.966,-0.000,False,False,False
7.800,sound_done,False,PATROL_NAVIGATING mode=AUTO nav_goal=PATROL,AUTO,0.120,-0.000,0.966,-0.000,False,False,False
7.800,classification,WAITING_DYNAMIC_LOCK,PATROL_NAVIGATING mode=AUTO nav_goal=PATROL,AUTO,0.120,-0.000,0.966,-0.000,False,False,False
7.800,mission_state,PATROL_NAVIGATING mode=AUTO nav_goal=PATROL,PATROL_NAVIGATING mode=AUTO nav_goal=PATROL,AUTO,0.120,-0.000,0.966,-0.000,False,False,False
7.800,dynamic_lock,False,PATROL_NAVIGATING mode=AUTO nav_goal=PATROL,AUTO,0.120,-0.000,0.978,-0.000,False,False,False
7.900,classification,WAITING_DYNAMIC_LOCK,PATROL_NAVIGATING mode=AUTO nav_goal=PATROL,AUTO,0.120,-0.000,0.985,-0.000,False,False,False
7.900,bird_confirmed,False,PATROL_NAVIGATING mode=AUTO nav_goal=PATROL,AUTO,0.120,-0.000,0.985,-0.000,False,False,False
8.000,dynamic_lock,False,PATROL_NAVIGATING mode=AUTO nav_goal=PATROL,AUTO,0.120,-0.000,1.005,-0.000,False,False,False
8.000,classification,WAITING_DYNAMIC_LOCK,PATROL_NAVIGATING mode=AUTO nav_goal=PATROL,AUTO,0.120,-0.000,1.005,-0.000,False,False,False
8.000,bird_confirmed,False,PATROL_NAVIGATING mode=AUTO nav_goal=PATROL,AUTO,0.120,-0.000,1.005,-0.000,False,False,False
8.000,sound_done,False,PATROL_NAVIGATING mode=AUTO nav_goal=PATROL,AUTO,0.120,-0.000,1.005,-0.000,False,False,False
8.000,mission_state,PATROL_NAVIGATING mode=AUTO nav_goal=PATROL,PATROL_NAVIGATING mode=AUTO nav_goal=PATROL,AUTO,0.120,-0.000,1.005,-0.000,False,False,False
8.000,sound_state,IDLE_NO_REQUEST,PATROL_NAVIGATING mode=AUTO nav_goal=PATROL,AUTO,0.120,-0.000,1.005,-0.000,False,False,False
8.100,bird_confirmed,False,PATROL_NAVIGATING mode=AUTO nav_goal=PATROL,AUTO,0.120,-0.000,1.024,-0.000,False,False,False
8.100,classification,WAITING_DYNAMIC_LOCK,PATROL_NAVIGATING mode=AUTO nav_goal=PATROL,AUTO,0.120,-0.000,1.024,-0.000,False,False,False
8.200,dynamic_lock,False,PATROL_NAVIGATING mode=AUTO nav_goal=PATROL,AUTO,0.120,-0.000,1.043,-0.000,False,False,False
8.200,classification,WAITING_DYNAMIC_LOCK,PATROL_NAVIGATING mode=AUTO nav_goal=PATROL,AUTO,0.120,-0.000,1.043,-0.000,False,False,False
8.200,bird_confirmed,False,PATROL_NAVIGATING mode=AUTO nav_goal=PATROL,AUTO,0.120,-0.000,1.043,-0.000,False,False,False
8.200,sound_state,IDLE_NO_REQUEST,PATROL_NAVIGATING mode=AUTO nav_goal=PATROL,AUTO,0.120,-0.000,1.043,-0.000,False,False,False
8.200,sound_done,False,PATROL_NAVIGATING mode=AUTO nav_goal=PATROL,AUTO,0.120,-0.000,1.043,-0.000,False,False,False
8.200,mission_state,PATROL_NAVIGATING mode=AUTO nav_goal=PATROL,PATROL_NAVIGATING mode=AUTO nav_goal=PATROL,AUTO,0.120,-0.000,1.043,-0.000,False,False,False
8.300,classification,WAITING_DYNAMIC_LOCK,PATROL_NAVIGATING mode=AUTO nav_goal=PATROL,AUTO,0.120,-0.000,1.062,-0.000,False,False,False
8.300,bird_confirmed,False,PATROL_NAVIGATING mode=AUTO nav_goal=PATROL,AUTO,0.120,-0.000,1.062,-0.000,False,False,False
8.400,mission_state,PATROL_NAVIGATING mode=AUTO nav_goal=PATROL,PATROL_NAVIGATING mode=AUTO nav_goal=PATROL,AUTO,0.120,-0.000,1.081,0.000,False,False,False
8.400,classification,WAITING_DYNAMIC_LOCK,PATROL_NAVIGATING mode=AUTO nav_goal=PATROL,AUTO,0.120,-0.000,1.081,0.000,False,False,False
8.400,bird_confirmed,False,PATROL_NAVIGATING mode=AUTO nav_goal=PATROL,AUTO,0.120,-0.000,1.081,0.000,False,False,False
8.400,sound_state,IDLE_NO_REQUEST,PATROL_NAVIGATING mode=AUTO nav_goal=PATROL,AUTO,0.120,-0.000,1.081,0.000,False,False,False
8.400,sound_done,False,PATROL_NAVIGATING mode=AUTO nav_goal=PATROL,AUTO,0.120,-0.000,1.081,0.000,False,False,False
8.400,dynamic_lock,False,PATROL_NAVIGATING mode=AUTO nav_goal=PATROL,AUTO,0.120,-0.000,1.081,0.000,False,False,False
8.500,classification,WAITING_DYNAMIC_LOCK,PATROL_NAVIGATING mode=AUTO nav_goal=PATROL,AUTO,0.120,-0.000,1.101,0.000,False,False,False
8.500,bird_confirmed,False,PATROL_NAVIGATING mode=AUTO nav_goal=PATROL,AUTO,0.120,-0.000,1.101,0.000,False,False,False
8.600,sound_state,IDLE_NO_REQUEST,PATROL_NAVIGATING mode=AUTO nav_goal=PATROL,AUTO,0.120,-0.000,1.120,0.000,False,False,False
8.600,sound_done,False,PATROL_NAVIGATING mode=AUTO nav_goal=PATROL,AUTO,0.120,-0.000,1.120,0.000,False,False,False
8.600,classification,WAITING_DYNAMIC_LOCK,PATROL_NAVIGATING mode=AUTO nav_goal=PATROL,AUTO,0.120,-0.000,1.120,0.000,False,False,False
8.600,bird_confirmed,False,PATROL_NAVIGATING mode=AUTO nav_goal=PATROL,AUTO,0.120,-0.000,1.120,0.000,False,False,False
8.600,mission_state,PATROL_NAVIGATING mode=AUTO nav_goal=PATROL,PATROL_NAVIGATING mode=AUTO nav_goal=PATROL,AUTO,0.120,-0.000,1.120,0.000,False,False,False
8.600,dynamic_lock,False,PATROL_NAVIGATING mode=AUTO nav_goal=PATROL,AUTO,0.120,-0.000,1.122,0.000,False,False,False
8.700,classification,WAITING_DYNAMIC_LOCK,PATROL_NAVIGATING mode=AUTO nav_goal=PATROL,AUTO,0.120,-0.000,1.139,0.000,False,False,False
8.700,bird_confirmed,False,PATROL_NAVIGATING mode=AUTO nav_goal=PATROL,AUTO,0.120,-0.000,1.139,0.000,False,False,False
8.800,sound_state,IDLE_NO_REQUEST,PATROL_NAVIGATING mode=AUTO nav_goal=PATROL,AUTO,0.120,-0.000,1.158,0.000,False,False,False
8.800,sound_done,False,PATROL_NAVIGATING mode=AUTO nav_goal=PATROL,AUTO,0.120,-0.000,1.158,0.000,False,False,False
8.800,mission_state,PATROL_NAVIGATING mode=AUTO nav_goal=PATROL,PATROL_NAVIGATING mode=AUTO nav_goal=PATROL,AUTO,0.120,-0.000,1.158,0.000,False,False,False
8.800,dynamic_lock,False,PATROL_NAVIGATING mode=AUTO nav_goal=PATROL,AUTO,0.120,-0.000,1.158,0.000,False,False,False
8.800,classification,WAITING_DYNAMIC_LOCK,PATROL_NAVIGATING mode=AUTO nav_goal=PATROL,AUTO,0.120,-0.000,1.158,0.000,False,False,False
8.800,bird_confirmed,False,PATROL_NAVIGATING mode=AUTO nav_goal=PATROL,AUTO,0.120,-0.000,1.158,0.000,False,False,False
8.900,classification,WAITING_DYNAMIC_LOCK,PATROL_NAVIGATING mode=AUTO nav_goal=PATROL,AUTO,0.120,-0.000,1.177,0.000,False,False,False
8.900,bird_confirmed,False,PATROL_NAVIGATING mode=AUTO nav_goal=PATROL,AUTO,0.120,-0.000,1.177,0.000,False,False,False
9.000,classification,WAITING_DYNAMIC_LOCK,PATROL_NAVIGATING mode=AUTO nav_goal=PATROL,AUTO,0.120,-0.000,1.197,0.000,False,False,False
9.000,bird_confirmed,False,PATROL_NAVIGATING mode=AUTO nav_goal=PATROL,AUTO,0.120,-0.000,1.197,0.000,False,False,False
9.000,sound_state,IDLE_NO_REQUEST,PATROL_NAVIGATING mode=AUTO nav_goal=PATROL,AUTO,0.120,-0.000,1.197,0.000,False,False,False
9.000,sound_done,False,PATROL_NAVIGATING mode=AUTO nav_goal=PATROL,AUTO,0.120,-0.000,1.197,0.000,False,False,False
9.000,mission_state,PATROL_NAVIGATING mode=AUTO nav_goal=PATROL,PATROL_NAVIGATING mode=AUTO nav_goal=PATROL,AUTO,0.120,-0.000,1.197,0.000,False,False,False
9.100,classification,WAITING_DYNAMIC_LOCK,PATROL_NAVIGATING mode=AUTO nav_goal=PATROL,AUTO,0.120,-0.000,1.216,0.000,False,False,False
9.100,bird_confirmed,False,PATROL_NAVIGATING mode=AUTO nav_goal=PATROL,AUTO,0.120,-0.000,1.216,0.000,False,False,False
9.100,dynamic_lock,False,PATROL_NAVIGATING mode=AUTO nav_goal=PATROL,AUTO,0.120,-0.000,1.216,0.000,False,False,False
9.200,classification,WAITING_DYNAMIC_LOCK,PATROL_NAVIGATING mode=AUTO nav_goal=PATROL,AUTO,0.120,-0.000,1.235,0.000,False,False,False
9.200,bird_confirmed,False,PATROL_NAVIGATING mode=AUTO nav_goal=PATROL,AUTO,0.120,-0.000,1.235,0.000,False,False,False
9.200,sound_state,IDLE_NO_REQUEST,PATROL_NAVIGATING mode=AUTO nav_goal=PATROL,AUTO,0.120,-0.000,1.235,0.000,False,False,False
9.200,sound_done,False,PATROL_NAVIGATING mode=AUTO nav_goal=PATROL,AUTO,0.120,-0.000,1.235,0.000,False,False,False
9.200,mission_state,PATROL_NAVIGATING mode=AUTO nav_goal=PATROL,PATROL_NAVIGATING mode=AUTO nav_goal=PATROL,AUTO,0.120,-0.000,1.235,0.000,False,False,False
9.200,dynamic_lock,False,PATROL_NAVIGATING mode=AUTO nav_goal=PATROL,AUTO,0.120,-0.000,1.246,0.000,False,False,False
9.200,bird_confirmed,False,PATROL_NAVIGATING mode=AUTO nav_goal=PATROL,AUTO,0.120,-0.000,1.254,0.000,False,False,False
9.200,classification,WAITING_DYNAMIC_LOCK,PATROL_NAVIGATING mode=AUTO nav_goal=PATROL,AUTO,0.120,-0.000,1.254,0.000,False,False,False
9.400,sound_done,False,PATROL_NAVIGATING mode=AUTO nav_goal=PATROL,AUTO,0.120,-0.000,1.273,0.000,False,False,False
9.400,sound_state,IDLE_NO_REQUEST,PATROL_NAVIGATING mode=AUTO nav_goal=PATROL,AUTO,0.120,-0.000,1.273,0.000,False,False,False
9.400,classification,WAITING_DYNAMIC_LOCK,PATROL_NAVIGATING mode=AUTO nav_goal=PATROL,AUTO,0.120,-0.000,1.273,0.000,False,False,False
9.400,bird_confirmed,False,PATROL_NAVIGATING mode=AUTO nav_goal=PATROL,AUTO,0.120,-0.000,1.273,0.000,False,False,False
9.400,mission_state,PATROL_NAVIGATING mode=AUTO nav_goal=PATROL,PATROL_NAVIGATING mode=AUTO nav_goal=PATROL,AUTO,0.120,-0.000,1.273,0.000,False,False,False
9.400,dynamic_lock,False,PATROL_NAVIGATING mode=AUTO nav_goal=PATROL,AUTO,0.120,-0.000,1.277,0.000,False,False,False
9.500,classification,WAITING_DYNAMIC_LOCK,PATROL_NAVIGATING mode=AUTO nav_goal=PATROL,AUTO,0.120,-0.000,1.292,0.000,False,False,False
9.500,bird_confirmed,False,PATROL_NAVIGATING mode=AUTO nav_goal=PATROL,AUTO,0.120,-0.000,1.292,0.000,False,False,False
9.600,classification,WAITING_DYNAMIC_LOCK,PATROL_NAVIGATING mode=AUTO nav_goal=PATROL,AUTO,0.120,-0.000,1.312,0.000,False,False,False
9.600,bird_confirmed,False,PATROL_NAVIGATING mode=AUTO nav_goal=PATROL,AUTO,0.120,-0.000,1.312,0.000,False,False,False
9.600,sound_state,IDLE_NO_REQUEST,PATROL_NAVIGATING mode=AUTO nav_goal=PATROL,AUTO,0.120,-0.000,1.312,0.000,False,False,False
9.600,sound_done,False,PATROL_NAVIGATING mode=AUTO nav_goal=PATROL,AUTO,0.120,-0.000,1.312,0.000,False,False,False
9.600,mission_state,PATROL_NAVIGATING mode=AUTO nav_goal=PATROL,PATROL_NAVIGATING mode=AUTO nav_goal=PATROL,AUTO,0.120,-0.000,1.312,0.000,False,False,False
9.600,dynamic_lock,False,PATROL_NAVIGATING mode=AUTO nav_goal=PATROL,AUTO,0.120,-0.000,1.312,0.000,False,False,False
9.700,classification,WAITING_DYNAMIC_LOCK,PATROL_NAVIGATING mode=AUTO nav_goal=PATROL,AUTO,0.120,-0.000,1.331,0.000,False,False,False
9.700,bird_confirmed,False,PATROL_NAVIGATING mode=AUTO nav_goal=PATROL,AUTO,0.120,-0.000,1.331,0.000,False,False,False
9.800,dynamic_lock,False,PATROL_NAVIGATING mode=AUTO nav_goal=PATROL,AUTO,0.120,-0.000,1.350,0.000,False,False,False
9.800,classification,WAITING_DYNAMIC_LOCK,PATROL_NAVIGATING mode=AUTO nav_goal=PATROL,AUTO,0.120,-0.000,1.350,0.000,False,False,False
9.800,bird_confirmed,False,PATROL_NAVIGATING mode=AUTO nav_goal=PATROL,AUTO,0.120,-0.000,1.350,0.000,False,False,False
9.800,sound_state,IDLE_NO_REQUEST,PATROL_NAVIGATING mode=AUTO nav_goal=PATROL,AUTO,0.120,-0.000,1.350,0.000,False,False,False
9.800,sound_done,False,PATROL_NAVIGATING mode=AUTO nav_goal=PATROL,AUTO,0.120,-0.000,1.350,0.000,False,False,False
9.800,mission_state,PATROL_NAVIGATING mode=AUTO nav_goal=PATROL,PATROL_NAVIGATING mode=AUTO nav_goal=PATROL,AUTO,0.120,-0.000,1.350,0.000,False,False,False
9.900,classification,WAITING_DYNAMIC_LOCK,PATROL_NAVIGATING mode=AUTO nav_goal=PATROL,AUTO,0.120,-0.000,1.369,0.000,False,False,False
9.900,bird_confirmed,False,PATROL_NAVIGATING mode=AUTO nav_goal=PATROL,AUTO,0.120,-0.000,1.369,0.000,False,False,False
10.000,classification,WAITING_DYNAMIC_LOCK,PATROL_NAVIGATING mode=AUTO nav_goal=PATROL,AUTO,0.120,-0.000,1.388,0.000,False,False,False
10.000,bird_confirmed,False,PATROL_NAVIGATING mode=AUTO nav_goal=PATROL,AUTO,0.120,-0.000,1.388,0.000,False,False,False
10.000,sound_state,IDLE_NO_REQUEST,PATROL_NAVIGATING mode=AUTO nav_goal=PATROL,AUTO,0.120,-0.000,1.388,0.000,False,False,False
10.000,sound_done,False,PATROL_NAVIGATING mode=AUTO nav_goal=PATROL,AUTO,0.120,-0.000,1.388,0.000,False,False,False
10.000,mission_state,PATROL_NAVIGATING mode=AUTO nav_goal=PATROL,PATROL_NAVIGATING mode=AUTO nav_goal=PATROL,AUTO,0.120,-0.000,1.388,0.000,False,False,False
10.000,dynamic_lock,False,PATROL_NAVIGATING mode=AUTO nav_goal=PATROL,AUTO,0.120,-0.000,1.400,0.000,False,False,False
10.100,classification,WAITING_DYNAMIC_LOCK,PATROL_NAVIGATING mode=AUTO nav_goal=PATROL,AUTO,0.120,-0.000,1.408,0.000,False,False,False
10.100,bird_confirmed,False,PATROL_NAVIGATING mode=AUTO nav_goal=PATROL,AUTO,0.120,-0.000,1.408,0.000,False,False,False
10.200,bird_confirmed,False,PATROL_NAVIGATING mode=AUTO nav_goal=PATROL,AUTO,0.120,-0.000,1.427,0.000,False,False,False
10.200,classification,WAITING_DYNAMIC_LOCK,PATROL_NAVIGATING mode=AUTO nav_goal=PATROL,AUTO,0.120,-0.000,1.427,0.000,False,False,False
10.200,sound_done,False,PATROL_NAVIGATING mode=AUTO nav_goal=PATROL,AUTO,0.120,-0.000,1.427,0.000,False,False,False
10.200,mission_state,PATROL_NAVIGATING mode=AUTO nav_goal=PATROL,PATROL_NAVIGATING mode=AUTO nav_goal=PATROL,AUTO,0.120,-0.000,1.427,0.000,False,False,False
10.200,sound_state,IDLE_NO_REQUEST,PATROL_NAVIGATING mode=AUTO nav_goal=PATROL,AUTO,0.120,-0.000,1.427,0.000,False,False,False
10.200,dynamic_lock,False,PATROL_NAVIGATING mode=AUTO nav_goal=PATROL,AUTO,0.120,-0.000,1.429,0.000,False,False,False
10.300,bird_confirmed,False,PATROL_NAVIGATING mode=AUTO nav_goal=PATROL,AUTO,0.120,-0.000,1.446,0.000,False,False,False
10.300,classification,WAITING_DYNAMIC_LOCK,PATROL_NAVIGATING mode=AUTO nav_goal=PATROL,AUTO,0.120,-0.000,1.446,0.000,False,False,False
10.400,sound_state,IDLE_NO_REQUEST,PATROL_NAVIGATING mode=AUTO nav_goal=PATROL,AUTO,0.120,-0.000,1.465,0.000,False,False,False
10.400,sound_done,False,PATROL_NAVIGATING mode=AUTO nav_goal=PATROL,AUTO,0.120,-0.000,1.465,0.000,False,False,False
10.400,mission_state,PATROL_NAVIGATING mode=AUTO nav_goal=PATROL,PATROL_NAVIGATING mode=AUTO nav_goal=PATROL,AUTO,0.120,-0.000,1.465,0.000,False,False,False
10.400,dynamic_lock,False,PATROL_NAVIGATING mode=AUTO nav_goal=PATROL,AUTO,0.120,-0.000,1.465,0.000,False,False,False
10.400,classification,WAITING_DYNAMIC_LOCK,PATROL_NAVIGATING mode=AUTO nav_goal=PATROL,AUTO,0.120,-0.000,1.465,0.000,False,False,False
10.400,bird_confirmed,False,PATROL_NAVIGATING mode=AUTO nav_goal=PATROL,AUTO,0.120,-0.000,1.465,0.000,False,False,False
10.500,bird_confirmed,False,PATROL_NAVIGATING mode=AUTO nav_goal=PATROL,AUTO,0.120,-0.000,1.484,0.000,False,False,False
10.500,classification,WAITING_DYNAMIC_LOCK,PATROL_NAVIGATING mode=AUTO nav_goal=PATROL,AUTO,0.120,-0.000,1.484,0.000,False,False,False
10.600,classification,WAITING_DYNAMIC_LOCK,PATROL_NAVIGATING mode=AUTO nav_goal=PATROL,AUTO,0.120,-0.000,1.503,0.000,False,False,False
10.600,bird_confirmed,False,PATROL_NAVIGATING mode=AUTO nav_goal=PATROL,AUTO,0.120,-0.000,1.503,0.000,False,False,False
10.600,sound_state,IDLE_NO_REQUEST,PATROL_NAVIGATING mode=AUTO nav_goal=PATROL,AUTO,0.120,-0.000,1.503,0.000,False,False,False
10.600,sound_done,False,PATROL_NAVIGATING mode=AUTO nav_goal=PATROL,AUTO,0.120,-0.000,1.503,0.000,False,False,False
10.600,mission_state,PATROL_NAVIGATING mode=AUTO nav_goal=PATROL,PATROL_NAVIGATING mode=AUTO nav_goal=PATROL,AUTO,0.120,-0.000,1.503,0.000,False,False,False
10.600,dynamic_lock,False,PATROL_NAVIGATING mode=AUTO nav_goal=PATROL,AUTO,0.120,-0.000,1.511,0.000,False,False,False
10.700,classification,WAITING_DYNAMIC_LOCK,PATROL_NAVIGATING mode=AUTO nav_goal=PATROL,AUTO,0.120,-0.000,1.523,0.000,False,False,False
10.700,bird_confirmed,False,PATROL_NAVIGATING mode=AUTO nav_goal=PATROL,AUTO,0.120,-0.000,1.523,0.000,False,False,False
10.800,mission_state,PATROL_NAVIGATING mode=AUTO nav_goal=PATROL,PATROL_NAVIGATING mode=AUTO nav_goal=PATROL,AUTO,0.120,-0.000,1.542,0.000,False,False,False
10.800,bird_confirmed,False,PATROL_NAVIGATING mode=AUTO nav_goal=PATROL,AUTO,0.120,-0.000,1.542,0.000,False,False,False
10.800,dynamic_lock,False,PATROL_NAVIGATING mode=AUTO nav_goal=PATROL,AUTO,0.120,-0.000,1.542,0.000,False,False,False
10.800,classification,WAITING_DYNAMIC_LOCK,PATROL_NAVIGATING mode=AUTO nav_goal=PATROL,AUTO,0.120,-0.000,1.542,0.000,False,False,False
10.800,sound_state,IDLE_NO_REQUEST,PATROL_NAVIGATING mode=AUTO nav_goal=PATROL,AUTO,0.120,-0.000,1.542,0.000,False,False,False
10.800,sound_done,False,PATROL_NAVIGATING mode=AUTO nav_goal=PATROL,AUTO,0.120,-0.000,1.542,0.000,False,False,False
10.900,classification,WAITING_DYNAMIC_LOCK,PATROL_NAVIGATING mode=AUTO nav_goal=PATROL,AUTO,0.120,-0.000,1.561,0.000,False,False,False
10.900,bird_confirmed,False,PATROL_NAVIGATING mode=AUTO nav_goal=PATROL,AUTO,0.120,-0.000,1.561,0.000,False,False,False
11.000,dynamic_lock,False,PATROL_NAVIGATING mode=AUTO nav_goal=PATROL,AUTO,0.120,-0.000,1.580,0.000,False,False,False
11.000,classification,WAITING_DYNAMIC_LOCK,PATROL_NAVIGATING mode=AUTO nav_goal=PATROL,AUTO,0.120,-0.000,1.580,0.000,False,False,False
11.000,bird_confirmed,False,PATROL_NAVIGATING mode=AUTO nav_goal=PATROL,AUTO,0.120,-0.000,1.580,0.000,False,False,False
11.000,mission_state,PATROL_NAVIGATING mode=AUTO nav_goal=PATROL,PATROL_NAVIGATING mode=AUTO nav_goal=PATROL,AUTO,0.120,-0.000,1.580,0.000,False,False,False
11.000,sound_state,IDLE_NO_REQUEST,PATROL_NAVIGATING mode=AUTO nav_goal=PATROL,AUTO,0.120,-0.000,1.580,0.000,False,False,False
11.000,sound_done,False,PATROL_NAVIGATING mode=AUTO nav_goal=PATROL,AUTO,0.120,-0.000,1.580,0.000,False,False,False
11.100,bird_confirmed,False,PATROL_NAVIGATING mode=AUTO nav_goal=PATROL,AUTO,0.120,-0.000,1.599,0.000,False,False,False
11.100,classification,WAITING_DYNAMIC_LOCK,PATROL_NAVIGATING mode=AUTO nav_goal=PATROL,AUTO,0.120,-0.000,1.599,0.000,False,False,False
11.200,sound_done,False,PATROL_NAVIGATING mode=AUTO nav_goal=PATROL,AUTO,0.120,-0.000,1.619,0.000,False,False,False
11.200,sound_state,IDLE_NO_REQUEST,PATROL_NAVIGATING mode=AUTO nav_goal=PATROL,AUTO,0.120,-0.000,1.619,0.000,False,False,False
11.200,mission_state,PATROL_NAVIGATING mode=AUTO nav_goal=PATROL,PATROL_NAVIGATING mode=AUTO nav_goal=PATROL,AUTO,0.120,-0.000,1.619,0.000,False,False,False
11.200,dynamic_lock,False,PATROL_NAVIGATING mode=AUTO nav_goal=PATROL,AUTO,0.120,-0.000,1.619,0.000,False,False,False
11.200,classification,WAITING_DYNAMIC_LOCK,PATROL_NAVIGATING mode=AUTO nav_goal=PATROL,AUTO,0.120,-0.000,1.619,0.000,False,False,False
11.200,bird_confirmed,False,PATROL_NAVIGATING mode=AUTO nav_goal=PATROL,AUTO,0.120,-0.000,1.619,0.000,False,False,False
11.300,classification,WAITING_DYNAMIC_LOCK,PATROL_NAVIGATING mode=AUTO nav_goal=PATROL,AUTO,0.120,-0.000,1.638,0.000,False,False,False
11.300,bird_confirmed,False,PATROL_NAVIGATING mode=AUTO nav_goal=PATROL,AUTO,0.120,-0.000,1.638,0.000,False,False,False
11.400,dynamic_lock,False,PATROL_NAVIGATING mode=AUTO nav_goal=PATROL,AUTO,0.120,-0.000,1.657,0.000,False,False,False
11.400,classification,WAITING_DYNAMIC_LOCK,PATROL_NAVIGATING mode=AUTO nav_goal=PATROL,AUTO,0.120,-0.000,1.657,0.000,False,False,False
11.400,bird_confirmed,False,PATROL_NAVIGATING mode=AUTO nav_goal=PATROL,AUTO,0.120,-0.000,1.657,0.000,False,False,False
11.400,sound_state,IDLE_NO_REQUEST,PATROL_NAVIGATING mode=AUTO nav_goal=PATROL,AUTO,0.120,-0.000,1.657,0.000,False,False,False
11.400,sound_done,False,PATROL_NAVIGATING mode=AUTO nav_goal=PATROL,AUTO,0.120,-0.000,1.657,0.000,False,False,False
11.400,mission_state,PATROL_NAVIGATING mode=AUTO nav_goal=PATROL,PATROL_NAVIGATING mode=AUTO nav_goal=PATROL,AUTO,0.120,-0.000,1.657,0.000,False,False,False
11.500,classification,WAITING_DYNAMIC_LOCK,PATROL_NAVIGATING mode=AUTO nav_goal=PATROL,AUTO,0.120,-0.000,1.676,0.000,False,False,False
11.500,bird_confirmed,False,PATROL_NAVIGATING mode=AUTO nav_goal=PATROL,AUTO,0.120,-0.000,1.676,0.000,False,False,False
11.600,classification,WAITING_DYNAMIC_LOCK,PATROL_NAVIGATING mode=AUTO nav_goal=PATROL,AUTO,0.120,-0.000,1.695,0.000,False,False,False
11.600,bird_confirmed,False,PATROL_NAVIGATING mode=AUTO nav_goal=PATROL,AUTO,0.120,-0.000,1.695,0.000,False,False,False
11.600,sound_state,IDLE_NO_REQUEST,PATROL_NAVIGATING mode=AUTO nav_goal=PATROL,AUTO,0.120,-0.000,1.695,0.000,False,False,False
11.600,sound_done,False,PATROL_NAVIGATING mode=AUTO nav_goal=PATROL,AUTO,0.120,-0.000,1.695,0.000,False,False,False
11.600,mission_state,PATROL_NAVIGATING mode=AUTO nav_goal=PATROL,PATROL_NAVIGATING mode=AUTO nav_goal=PATROL,AUTO,0.120,-0.000,1.695,0.000,False,False,False
11.600,dynamic_lock,False,PATROL_NAVIGATING mode=AUTO nav_goal=PATROL,AUTO,0.120,-0.000,1.711,0.000,False,False,False
11.700,classification,WAITING_DYNAMIC_LOCK,PATROL_NAVIGATING mode=AUTO nav_goal=PATROL,AUTO,0.120,-0.000,1.714,0.000,False,False,False
11.700,bird_confirmed,False,PATROL_NAVIGATING mode=AUTO nav_goal=PATROL,AUTO,0.120,-0.000,1.714,0.000,False,False,False
11.800,classification,WAITING_DYNAMIC_LOCK,PATROL_NAVIGATING mode=AUTO nav_goal=PATROL,AUTO,0.120,-0.000,1.734,0.000,False,False,False
11.800,bird_confirmed,False,PATROL_NAVIGATING mode=AUTO nav_goal=PATROL,AUTO,0.120,-0.000,1.734,0.000,False,False,False
11.800,sound_state,IDLE_NO_REQUEST,PATROL_NAVIGATING mode=AUTO nav_goal=PATROL,AUTO,0.120,-0.000,1.734,0.000,False,False,False
11.800,sound_done,False,PATROL_NAVIGATING mode=AUTO nav_goal=PATROL,AUTO,0.120,-0.000,1.734,0.000,False,False,False
11.800,mission_state,PATROL_NAVIGATING mode=AUTO nav_goal=PATROL,PATROL_NAVIGATING mode=AUTO nav_goal=PATROL,AUTO,0.120,-0.000,1.734,0.000,False,False,False
11.800,dynamic_lock,False,PATROL_NAVIGATING mode=AUTO nav_goal=PATROL,AUTO,0.120,-0.000,1.737,0.000,False,False,False
11.900,classification,WAITING_DYNAMIC_LOCK,PATROL_NAVIGATING mode=AUTO nav_goal=PATROL,AUTO,0.120,-0.000,1.753,0.000,False,False,False
11.900,bird_confirmed,False,PATROL_NAVIGATING mode=AUTO nav_goal=PATROL,AUTO,0.120,-0.000,1.753,0.000,False,False,False
11.900,mission_event,timestamp=11.900 mission_id=0 target_mission_id=0 state=PATROL_NAVIGATING event_type=SIM_NAV_GOAL_ARRIVED reason=PATROL waypoint_index=1,PATROL_NAVIGATING mode=AUTO nav_goal=PATROL,AUTO,0.120,-0.000,1.753,0.000,False,False,False
11.900,mission_event,timestamp=11.900 mission_id=0 target_mission_id=0 state=PATROL_NAVIGATING event_type=NAV2_GOAL_SUCCEEDED reason=PATROL waypoint_index=1,PATROL_NAVIGATING mode=AUTO nav_goal=PATROL,AUTO,0.120,-0.000,1.753,0.000,False,False,False
11.900,mission_event,timestamp=11.900 mission_id=0 target_mission_id=0 state=PATROL_DWELL event_type=STATE_CHANGE reason=previous=PATROL_NAVIGATING next=PATROL_DWELL reason=inside_b waypoint_index=1,PATROL_NAVIGATING mode=AUTO nav_goal=PATROL,AUTO,0.120,-0.000,1.753,0.000,False,False,False
12.000,classification,WAITING_DYNAMIC_LOCK,PATROL_NAVIGATING mode=AUTO nav_goal=PATROL,AUTO,0.120,-0.000,1.772,0.000,False,False,False
12.000,bird_confirmed,False,PATROL_NAVIGATING mode=AUTO nav_goal=PATROL,AUTO,0.120,-0.000,1.772,0.000,False,False,False
12.000,sound_state,IDLE_NO_REQUEST,PATROL_NAVIGATING mode=AUTO nav_goal=PATROL,AUTO,0.120,-0.000,1.772,0.000,False,False,False
12.000,sound_done,False,PATROL_NAVIGATING mode=AUTO nav_goal=PATROL,AUTO,0.120,-0.000,1.772,0.000,False,False,False
12.000,mission_state,PATROL_DWELL mode=AUTO nav_goal=NONE,PATROL_DWELL mode=AUTO nav_goal=NONE,AUTO,0.040,0.000,1.772,0.000,False,False,False
12.000,dynamic_lock,False,PATROL_DWELL mode=AUTO nav_goal=NONE,AUTO,0.040,0.000,1.772,0.000,False,False,False
12.100,classification,WAITING_DYNAMIC_LOCK,PATROL_DWELL mode=AUTO nav_goal=NONE,AUTO,0.000,0.000,1.784,0.000,False,False,False
12.100,bird_confirmed,False,PATROL_DWELL mode=AUTO nav_goal=NONE,AUTO,0.000,0.000,1.784,0.000,False,False,False
12.200,bird_confirmed,False,PATROL_DWELL mode=AUTO nav_goal=NONE,AUTO,0.000,0.000,1.785,0.000,False,False,False
12.200,sound_state,IDLE_NO_REQUEST,PATROL_DWELL mode=AUTO nav_goal=NONE,AUTO,0.000,0.000,1.785,0.000,False,False,False
12.200,sound_done,False,PATROL_DWELL mode=AUTO nav_goal=NONE,AUTO,0.000,0.000,1.785,0.000,False,False,False
12.200,mission_state,PATROL_DWELL mode=AUTO nav_goal=NONE,PATROL_DWELL mode=AUTO nav_goal=NONE,AUTO,0.000,0.000,1.785,0.000,False,False,False
12.200,dynamic_lock,False,PATROL_DWELL mode=AUTO nav_goal=NONE,AUTO,0.000,0.000,1.785,0.000,False,False,False
12.200,classification,WAITING_DYNAMIC_LOCK,PATROL_DWELL mode=AUTO nav_goal=NONE,AUTO,0.000,0.000,1.785,0.000,False,False,False
12.300,bird_confirmed,False,PATROL_DWELL mode=AUTO nav_goal=NONE,AUTO,0.000,0.000,1.785,0.000,False,False,False
12.300,classification,WAITING_DYNAMIC_LOCK,PATROL_DWELL mode=AUTO nav_goal=NONE,AUTO,0.000,0.000,1.785,0.000,False,False,False
12.400,sound_state,IDLE_NO_REQUEST,PATROL_DWELL mode=AUTO nav_goal=NONE,AUTO,0.000,0.000,1.785,0.000,False,False,False
12.400,sound_done,False,PATROL_DWELL mode=AUTO nav_goal=NONE,AUTO,0.000,0.000,1.785,0.000,False,False,False
12.400,mission_state,PATROL_DWELL mode=AUTO nav_goal=NONE,PATROL_DWELL mode=AUTO nav_goal=NONE,AUTO,0.000,0.000,1.785,0.000,False,False,False
12.400,mission_event,timestamp=12.400 mission_id=0 target_mission_id=0 state=RESUME_PATROL event_type=STATE_CHANGE reason=previous=PATROL_DWELL next=RESUME_PATROL reason=next_index=2 waypoint_index=2,PATROL_DWELL mode=AUTO nav_goal=NONE,AUTO,0.000,0.000,1.785,0.000,False,False,False
12.400,classification,WAITING_DYNAMIC_LOCK,PATROL_DWELL mode=AUTO nav_goal=NONE,AUTO,0.000,0.000,1.785,0.000,False,False,False
12.400,bird_confirmed,False,PATROL_DWELL mode=AUTO nav_goal=NONE,AUTO,0.000,0.000,1.785,0.000,False,False,False
12.400,dynamic_lock,False,PATROL_DWELL mode=AUTO nav_goal=NONE,AUTO,0.000,0.000,1.785,0.000,False,False,False
12.500,classification,WAITING_DYNAMIC_LOCK,PATROL_DWELL mode=AUTO nav_goal=NONE,AUTO,0.000,0.000,1.785,0.000,False,False,False
12.500,bird_confirmed,False,PATROL_DWELL mode=AUTO nav_goal=NONE,AUTO,0.000,0.000,1.785,0.000,False,False,False
12.600,sound_state,IDLE_NO_REQUEST,PATROL_DWELL mode=AUTO nav_goal=NONE,AUTO,0.000,0.000,1.785,0.000,False,False,False
12.600,sound_done,False,PATROL_DWELL mode=AUTO nav_goal=NONE,AUTO,0.000,0.000,1.785,0.000,False,False,False
12.600,mission_state,RESUME_PATROL mode=AUTO nav_goal=NONE,RESUME_PATROL mode=AUTO nav_goal=NONE,AUTO,0.000,0.000,1.785,0.000,False,False,False
12.600,classification,WAITING_DYNAMIC_LOCK,RESUME_PATROL mode=AUTO nav_goal=NONE,AUTO,0.000,0.000,1.785,0.000,False,False,False
12.600,bird_confirmed,False,RESUME_PATROL mode=AUTO nav_goal=NONE,AUTO,0.000,0.000,1.785,0.000,False,False,False
12.600,mission_event,timestamp=12.600 mission_id=0 target_mission_id=0 state=PATROL_NAVIGATING event_type=STATE_CHANGE reason=previous=RESUME_PATROL next=PATROL_NAVIGATING reason=goal_type=PATROL waypoint_index=2,RESUME_PATROL mode=AUTO nav_goal=NONE,AUTO,0.000,0.000,1.785,0.000,False,False,False
12.600,dynamic_lock,False,RESUME_PATROL mode=AUTO nav_goal=NONE,AUTO,0.000,0.000,1.785,0.000,False,False,False
12.600,mission_event,timestamp=12.600 mission_id=0 target_mission_id=0 state=PATROL_NAVIGATING event_type=NAV2_DISABLED_SIMULATED_GOAL reason=PATROL waypoint_index=2,RESUME_PATROL mode=AUTO nav_goal=NONE,AUTO,0.000,0.000,1.785,0.000,False,False,False
12.700,classification,WAITING_DYNAMIC_LOCK,RESUME_PATROL mode=AUTO nav_goal=NONE,AUTO,0.000,0.000,1.785,0.000,False,False,False
12.700,bird_confirmed,False,RESUME_PATROL mode=AUTO nav_goal=NONE,AUTO,0.000,0.000,1.785,0.000,False,False,False
12.800,mission_state,PATROL_NAVIGATING mode=AUTO nav_goal=PATROL,PATROL_NAVIGATING mode=AUTO nav_goal=PATROL,AUTO,0.000,0.120,1.785,0.000,False,False,False
12.800,classification,WAITING_DYNAMIC_LOCK,PATROL_NAVIGATING mode=AUTO nav_goal=PATROL,AUTO,0.000,0.120,1.785,0.000,False,False,False
12.800,bird_confirmed,False,PATROL_NAVIGATING mode=AUTO nav_goal=PATROL,AUTO,0.000,0.120,1.785,0.000,False,False,False
12.800,sound_state,IDLE_NO_REQUEST,PATROL_NAVIGATING mode=AUTO nav_goal=PATROL,AUTO,0.000,0.120,1.785,0.000,False,False,False
12.800,sound_done,False,PATROL_NAVIGATING mode=AUTO nav_goal=PATROL,AUTO,0.000,0.120,1.785,0.000,False,False,False
12.800,dynamic_lock,False,PATROL_NAVIGATING mode=AUTO nav_goal=PATROL,AUTO,0.000,0.350,1.785,-0.000,False,False,False
12.900,bird_confirmed,False,PATROL_NAVIGATING mode=AUTO nav_goal=PATROL,AUTO,0.000,0.350,1.784,0.000,False,False,False
12.900,classification,WAITING_DYNAMIC_LOCK,PATROL_NAVIGATING mode=AUTO nav_goal=PATROL,AUTO,0.000,0.350,1.784,0.000,False,False,False
13.000,classification,WAITING_DYNAMIC_LOCK,PATROL_NAVIGATING mode=AUTO nav_goal=PATROL,AUTO,0.000,0.350,1.784,0.000,False,False,False
13.000,bird_confirmed,False,PATROL_NAVIGATING mode=AUTO nav_goal=PATROL,AUTO,0.000,0.350,1.784,0.000,False,False,False
13.000,mission_state,PATROL_NAVIGATING mode=AUTO nav_goal=PATROL,PATROL_NAVIGATING mode=AUTO nav_goal=PATROL,AUTO,0.000,0.350,1.784,0.000,False,False,False
13.000,sound_state,IDLE_NO_REQUEST,PATROL_NAVIGATING mode=AUTO nav_goal=PATROL,AUTO,0.000,0.350,1.784,0.000,False,False,False
13.000,sound_done,False,PATROL_NAVIGATING mode=AUTO nav_goal=PATROL,AUTO,0.000,0.350,1.784,0.000,False,False,False
13.000,dynamic_lock,False,PATROL_NAVIGATING mode=AUTO nav_goal=PATROL,AUTO,0.000,0.350,1.783,0.001,False,False,False
13.100,classification,WAITING_DYNAMIC_LOCK,PATROL_NAVIGATING mode=AUTO nav_goal=PATROL,AUTO,0.000,0.350,1.783,0.001,False,False,False
13.100,bird_confirmed,False,PATROL_NAVIGATING mode=AUTO nav_goal=PATROL,AUTO,0.000,0.350,1.783,0.001,False,False,False
13.200,sound_done,False,PATROL_NAVIGATING mode=AUTO nav_goal=PATROL,AUTO,0.000,0.350,1.783,0.002,False,False,False
13.200,bird_confirmed,False,PATROL_NAVIGATING mode=AUTO nav_goal=PATROL,AUTO,0.000,0.350,1.783,0.002,False,False,False
13.200,sound_state,IDLE_NO_REQUEST,PATROL_NAVIGATING mode=AUTO nav_goal=PATROL,AUTO,0.000,0.350,1.783,0.002,False,False,False
13.200,dynamic_lock,False,PATROL_NAVIGATING mode=AUTO nav_goal=PATROL,AUTO,0.000,0.350,1.783,0.002,False,False,False
13.200,classification,WAITING_DYNAMIC_LOCK,PATROL_NAVIGATING mode=AUTO nav_goal=PATROL,AUTO,0.000,0.350,1.783,0.002,False,False,False
13.200,mission_state,PATROL_NAVIGATING mode=AUTO nav_goal=PATROL,PATROL_NAVIGATING mode=AUTO nav_goal=PATROL,AUTO,0.000,0.350,1.783,0.002,False,False,False
13.300,bird_confirmed,False,PATROL_NAVIGATING mode=AUTO nav_goal=PATROL,AUTO,0.000,0.350,1.782,0.001,False,False,False
13.300,classification,WAITING_DYNAMIC_LOCK,PATROL_NAVIGATING mode=AUTO nav_goal=PATROL,AUTO,0.000,0.350,1.782,0.001,False,False,False
13.400,sound_done,False,PATROL_NAVIGATING mode=AUTO nav_goal=PATROL,AUTO,0.000,0.350,1.781,-0.000,False,False,False
13.400,classification,WAITING_DYNAMIC_LOCK,PATROL_NAVIGATING mode=AUTO nav_goal=PATROL,AUTO,0.000,0.350,1.781,-0.000,False,False,False
13.400,bird_confirmed,False,PATROL_NAVIGATING mode=AUTO nav_goal=PATROL,AUTO,0.000,0.350,1.781,-0.000,False,False,False
13.400,sound_state,IDLE_NO_REQUEST,PATROL_NAVIGATING mode=AUTO nav_goal=PATROL,AUTO,0.000,0.350,1.781,-0.000,False,False,False
13.400,mission_state,PATROL_NAVIGATING mode=AUTO nav_goal=PATROL,PATROL_NAVIGATING mode=AUTO nav_goal=PATROL,AUTO,0.000,0.350,1.781,-0.000,False,False,False
13.400,dynamic_lock,False,PATROL_NAVIGATING mode=AUTO nav_goal=PATROL,AUTO,0.000,0.350,1.781,0.002,False,False,False
13.500,classification,WAITING_DYNAMIC_LOCK,PATROL_NAVIGATING mode=AUTO nav_goal=PATROL,AUTO,0.000,0.350,1.781,0.001,False,False,False
13.500,bird_confirmed,False,PATROL_NAVIGATING mode=AUTO nav_goal=PATROL,AUTO,0.000,0.350,1.781,0.001,False,False,False
13.600,sound_state,IDLE_NO_REQUEST,PATROL_NAVIGATING mode=AUTO nav_goal=PATROL,AUTO,0.000,0.350,1.780,0.002,False,False,False
13.600,sound_done,False,PATROL_NAVIGATING mode=AUTO nav_goal=PATROL,AUTO,0.000,0.350,1.780,0.002,False,False,False
13.600,mission_state,PATROL_NAVIGATING mode=AUTO nav_goal=PATROL,PATROL_NAVIGATING mode=AUTO nav_goal=PATROL,AUTO,0.000,0.350,1.780,0.002,False,False,False
13.600,classification,WAITING_DYNAMIC_LOCK,PATROL_NAVIGATING mode=AUTO nav_goal=PATROL,AUTO,0.000,0.350,1.780,0.002,False,False,False
13.600,bird_confirmed,False,PATROL_NAVIGATING mode=AUTO nav_goal=PATROL,AUTO,0.000,0.350,1.780,0.002,False,False,False
13.600,dynamic_lock,False,PATROL_NAVIGATING mode=AUTO nav_goal=PATROL,AUTO,0.000,0.350,1.780,0.002,False,False,False
13.700,classification,WAITING_DYNAMIC_LOCK,PATROL_NAVIGATING mode=AUTO nav_goal=PATROL,AUTO,0.000,0.350,1.780,0.001,False,False,False
13.700,bird_confirmed,False,PATROL_NAVIGATING mode=AUTO nav_goal=PATROL,AUTO,0.000,0.350,1.780,0.001,False,False,False
13.800,dynamic_lock,False,PATROL_NAVIGATING mode=AUTO nav_goal=PATROL,AUTO,0.000,0.350,1.779,0.000,False,False,False
13.800,classification,WAITING_DYNAMIC_LOCK,PATROL_NAVIGATING mode=AUTO nav_goal=PATROL,AUTO,0.000,0.350,1.779,0.000,False,False,False
13.800,bird_confirmed,False,PATROL_NAVIGATING mode=AUTO nav_goal=PATROL,AUTO,0.000,0.350,1.779,0.000,False,False,False
13.800,sound_state,IDLE_NO_REQUEST,PATROL_NAVIGATING mode=AUTO nav_goal=PATROL,AUTO,0.000,0.350,1.779,0.000,False,False,False
13.800,sound_done,False,PATROL_NAVIGATING mode=AUTO nav_goal=PATROL,AUTO,0.000,0.350,1.779,0.000,False,False,False
13.800,mission_state,PATROL_NAVIGATING mode=AUTO nav_goal=PATROL,PATROL_NAVIGATING mode=AUTO nav_goal=PATROL,AUTO,0.000,0.350,1.779,0.000,False,False,False
13.900,classification,WAITING_DYNAMIC_LOCK,PATROL_NAVIGATING mode=AUTO nav_goal=PATROL,AUTO,0.000,0.350,1.779,-0.000,False,False,False
13.900,bird_confirmed,False,PATROL_NAVIGATING mode=AUTO nav_goal=PATROL,AUTO,0.000,0.350,1.779,-0.000,False,False,False
14.000,classification,WAITING_DYNAMIC_LOCK,PATROL_NAVIGATING mode=AUTO nav_goal=PATROL,AUTO,0.000,0.350,1.779,0.001,False,False,False
14.000,bird_confirmed,False,PATROL_NAVIGATING mode=AUTO nav_goal=PATROL,AUTO,0.000,0.350,1.779,0.001,False,False,False
14.000,dynamic_lock,False,PATROL_NAVIGATING mode=AUTO nav_goal=PATROL,AUTO,0.000,0.350,1.779,0.001,False,False,False
14.000,sound_state,IDLE_NO_REQUEST,PATROL_NAVIGATING mode=AUTO nav_goal=PATROL,AUTO,0.000,0.350,1.779,0.001,False,False,False
14.000,sound_done,False,PATROL_NAVIGATING mode=AUTO nav_goal=PATROL,AUTO,0.000,0.350,1.779,0.001,False,False,False
14.000,mission_state,PATROL_NAVIGATING mode=AUTO nav_goal=PATROL,PATROL_NAVIGATING mode=AUTO nav_goal=PATROL,AUTO,0.000,0.350,1.779,0.001,False,False,False
14.100,classification,WAITING_DYNAMIC_LOCK,PATROL_NAVIGATING mode=AUTO nav_goal=PATROL,AUTO,0.000,0.350,1.778,0.001,False,False,False
14.100,bird_confirmed,False,PATROL_NAVIGATING mode=AUTO nav_goal=PATROL,AUTO,0.000,0.350,1.778,0.001,False,False,False
14.200,bird_confirmed,False,PATROL_NAVIGATING mode=AUTO nav_goal=PATROL,AUTO,0.000,0.350,1.778,0.000,False,False,False
14.200,mission_state,PATROL_NAVIGATING mode=AUTO nav_goal=PATROL,PATROL_NAVIGATING mode=AUTO nav_goal=PATROL,AUTO,0.000,0.350,1.778,0.000,False,False,False
14.200,dynamic_lock,False,PATROL_NAVIGATING mode=AUTO nav_goal=PATROL,AUTO,0.000,0.350,1.778,0.000,False,False,False
14.200,classification,WAITING_DYNAMIC_LOCK,PATROL_NAVIGATING mode=AUTO nav_goal=PATROL,AUTO,0.000,0.350,1.778,0.000,False,False,False
14.200,sound_state,IDLE_NO_REQUEST,PATROL_NAVIGATING mode=AUTO nav_goal=PATROL,AUTO,0.000,0.350,1.778,0.000,False,False,False
14.200,sound_done,False,PATROL_NAVIGATING mode=AUTO nav_goal=PATROL,AUTO,0.000,0.350,1.778,0.000,False,False,False
14.300,classification,WAITING_DYNAMIC_LOCK,PATROL_NAVIGATING mode=AUTO nav_goal=PATROL,AUTO,0.000,0.350,1.778,0.001,False,False,False
14.300,bird_confirmed,False,PATROL_NAVIGATING mode=AUTO nav_goal=PATROL,AUTO,0.000,0.350,1.778,0.001,False,False,False
14.400,classification,WAITING_DYNAMIC_LOCK,PATROL_NAVIGATING mode=AUTO nav_goal=PATROL,AUTO,0.000,0.350,1.778,0.001,False,False,False
14.400,bird_confirmed,False,PATROL_NAVIGATING mode=AUTO nav_goal=PATROL,AUTO,0.000,0.350,1.778,0.001,False,False,False
14.400,mission_state,PATROL_NAVIGATING mode=AUTO nav_goal=PATROL,PATROL_NAVIGATING mode=AUTO nav_goal=PATROL,AUTO,0.000,0.350,1.778,0.001,False,False,False
14.400,dynamic_lock,False,PATROL_NAVIGATING mode=AUTO nav_goal=PATROL,AUTO,0.000,0.350,1.778,0.001,False,False,False
14.400,sound_state,IDLE_NO_REQUEST,PATROL_NAVIGATING mode=AUTO nav_goal=PATROL,AUTO,0.000,0.350,1.778,0.001,False,False,False
14.400,sound_done,False,PATROL_NAVIGATING mode=AUTO nav_goal=PATROL,AUTO,0.000,0.350,1.778,0.001,False,False,False
14.500,classification,WAITING_DYNAMIC_LOCK,PATROL_NAVIGATING mode=AUTO nav_goal=PATROL,AUTO,0.000,0.350,1.778,0.001,False,False,False
14.500,bird_confirmed,False,PATROL_NAVIGATING mode=AUTO nav_goal=PATROL,AUTO,0.000,0.350,1.778,0.001,False,False,False
14.600,dynamic_lock,False,PATROL_NAVIGATING mode=AUTO nav_goal=PATROL,AUTO,0.000,0.350,1.779,0.001,False,False,False
14.600,classification,WAITING_DYNAMIC_LOCK,PATROL_NAVIGATING mode=AUTO nav_goal=PATROL,AUTO,0.000,0.350,1.779,0.001,False,False,False
14.600,bird_confirmed,False,PATROL_NAVIGATING mode=AUTO nav_goal=PATROL,AUTO,0.000,0.350,1.779,0.001,False,False,False
14.600,sound_state,IDLE_NO_REQUEST,PATROL_NAVIGATING mode=AUTO nav_goal=PATROL,AUTO,0.000,0.350,1.779,0.001,False,False,False
14.600,sound_done,False,PATROL_NAVIGATING mode=AUTO nav_goal=PATROL,AUTO,0.000,0.350,1.779,0.001,False,False,False
14.600,mission_state,PATROL_NAVIGATING mode=AUTO nav_goal=PATROL,PATROL_NAVIGATING mode=AUTO nav_goal=PATROL,AUTO,0.000,0.350,1.779,0.001,False,False,False
14.700,classification,WAITING_DYNAMIC_LOCK,PATROL_NAVIGATING mode=AUTO nav_goal=PATROL,AUTO,0.000,0.350,1.778,0.000,False,False,False
14.700,bird_confirmed,False,PATROL_NAVIGATING mode=AUTO nav_goal=PATROL,AUTO,0.000,0.350,1.778,0.000,False,False,False
14.800,dynamic_lock,False,PATROL_NAVIGATING mode=AUTO nav_goal=PATROL,AUTO,0.000,0.350,1.778,0.000,False,False,False
14.800,mission_state,PATROL_NAVIGATING mode=AUTO nav_goal=PATROL,PATROL_NAVIGATING mode=AUTO nav_goal=PATROL,AUTO,0.000,0.350,1.778,0.000,False,False,False
14.800,classification,WAITING_DYNAMIC_LOCK,PATROL_NAVIGATING mode=AUTO nav_goal=PATROL,AUTO,0.000,0.350,1.778,0.000,False,False,False
14.800,bird_confirmed,False,PATROL_NAVIGATING mode=AUTO nav_goal=PATROL,AUTO,0.000,0.350,1.778,0.000,False,False,False
14.800,sound_state,IDLE_NO_REQUEST,PATROL_NAVIGATING mode=AUTO nav_goal=PATROL,AUTO,0.000,0.350,1.778,0.000,False,False,False
14.800,sound_done,False,PATROL_NAVIGATING mode=AUTO nav_goal=PATROL,AUTO,0.000,0.350,1.778,0.000,False,False,False
14.900,classification,WAITING_DYNAMIC_LOCK,PATROL_NAVIGATING mode=AUTO nav_goal=PATROL,AUTO,0.000,0.350,1.778,0.000,False,False,False
14.900,bird_confirmed,False,PATROL_NAVIGATING mode=AUTO nav_goal=PATROL,AUTO,0.000,0.350,1.778,0.000,False,False,False
15.000,classification,WAITING_DYNAMIC_LOCK,PATROL_NAVIGATING mode=AUTO nav_goal=PATROL,AUTO,0.000,0.350,1.778,-0.000,False,False,False
15.000,bird_confirmed,False,PATROL_NAVIGATING mode=AUTO nav_goal=PATROL,AUTO,0.000,0.350,1.778,-0.000,False,False,False
15.000,sound_state,IDLE_NO_REQUEST,PATROL_NAVIGATING mode=AUTO nav_goal=PATROL,AUTO,0.000,0.350,1.778,-0.000,False,False,False
15.000,sound_done,False,PATROL_NAVIGATING mode=AUTO nav_goal=PATROL,AUTO,0.000,0.350,1.778,-0.000,False,False,False
15.000,mission_state,PATROL_NAVIGATING mode=AUTO nav_goal=PATROL,PATROL_NAVIGATING mode=AUTO nav_goal=PATROL,AUTO,0.000,0.350,1.778,-0.000,False,False,False
15.000,dynamic_lock,False,PATROL_NAVIGATING mode=AUTO nav_goal=PATROL,AUTO,0.000,0.350,1.778,-0.001,False,False,False
15.100,classification,WAITING_DYNAMIC_LOCK,PATROL_NAVIGATING mode=AUTO nav_goal=PATROL,AUTO,0.000,0.350,1.778,-0.001,False,False,False
15.100,bird_confirmed,False,PATROL_NAVIGATING mode=AUTO nav_goal=PATROL,AUTO,0.000,0.350,1.778,-0.001,False,False,False
15.200,classification,WAITING_DYNAMIC_LOCK,PATROL_NAVIGATING mode=AUTO nav_goal=PATROL,AUTO,0.000,0.350,1.778,0.000,False,False,False
15.200,bird_confirmed,False,PATROL_NAVIGATING mode=AUTO nav_goal=PATROL,AUTO,0.000,0.350,1.778,0.000,False,False,False
15.200,sound_state,IDLE_NO_REQUEST,PATROL_NAVIGATING mode=AUTO nav_goal=PATROL,AUTO,0.000,0.350,1.778,0.000,False,False,False
15.200,sound_done,False,PATROL_NAVIGATING mode=AUTO nav_goal=PATROL,AUTO,0.000,0.350,1.778,0.000,False,False,False
15.200,mission_state,PATROL_NAVIGATING mode=AUTO nav_goal=PATROL,PATROL_NAVIGATING mode=AUTO nav_goal=PATROL,AUTO,0.000,0.350,1.778,0.000,False,False,False
15.200,dynamic_lock,False,PATROL_NAVIGATING mode=AUTO nav_goal=PATROL,AUTO,0.000,0.350,1.778,-0.000,False,False,False
15.300,classification,WAITING_DYNAMIC_LOCK,PATROL_NAVIGATING mode=AUTO nav_goal=PATROL,AUTO,0.000,0.350,1.778,0.000,False,False,False
15.300,bird_confirmed,False,PATROL_NAVIGATING mode=AUTO nav_goal=PATROL,AUTO,0.000,0.350,1.778,0.000,False,False,False
15.300,dynamic_target,count=1 x=-0.27 y=1.27 z=3.22,PATROL_NAVIGATING mode=AUTO nav_goal=PATROL,AUTO,0.000,0.350,1.779,-0.001,False,False,False
15.300,dynamic_lock,False,PATROL_NAVIGATING mode=AUTO nav_goal=PATROL,AUTO,0.000,0.350,1.779,-0.001,False,False,False
15.300,inspection_goal,x=1.43 y=0.22,PATROL_NAVIGATING mode=AUTO nav_goal=PATROL,AUTO,0.000,0.350,1.779,-0.001,False,False,False
15.300,object_goal_state,ACCEPT_INSPECTION_GOAL source=elevated_dynamic_target height=3.22 range=2.41 dynamic=True z_valid=True bird_confirmed=False target_class=unknown offset_m=2.00 frame=odom goal_x=1.428 goal_y=0.215,PATROL_NAVIGATING mode=AUTO nav_goal=PATROL,AUTO,0.000,0.350,1.779,-0.001,False,False,False
15.400,mission_state,PATROL_NAVIGATING mode=AUTO nav_goal=PATROL,PATROL_NAVIGATING mode=AUTO nav_goal=PATROL,AUTO,0.000,0.350,1.779,-0.001,False,False,False
15.400,mission_event,timestamp=15.400 mission_id=0 target_mission_id=1 state=PATROL_NAVIGATING event_type=INTERRUPT_PATROL_FOR_LIDAR_TARGET reason=target_id=1 waypoint_index=2 waypoint_index=2,PATROL_NAVIGATING mode=AUTO nav_goal=PATROL,AUTO,0.000,0.350,1.779,-0.001,False,False,False
15.400,object_goal_state,REJECT cooldown source=elevated_dynamic_target remaining_sec=7.90,PATROL_NAVIGATING mode=AUTO nav_goal=PATROL,AUTO,0.000,0.350,1.779,-0.001,False,False,False
15.400,dynamic_target,count=1 x=-0.27 y=1.27 z=3.22,PATROL_NAVIGATING mode=AUTO nav_goal=PATROL,AUTO,0.000,0.350,1.779,-0.001,False,False,False
15.400,dynamic_lock,False,PATROL_NAVIGATING mode=AUTO nav_goal=PATROL,AUTO,0.000,0.350,1.779,-0.001,False,False,False
15.400,sound_state,IDLE_NO_REQUEST,PATROL_NAVIGATING mode=AUTO nav_goal=PATROL,AUTO,0.000,0.350,1.779,-0.001,False,False,False
15.400,sound_done,False,PATROL_NAVIGATING mode=AUTO nav_goal=PATROL,AUTO,0.000,0.350,1.779,-0.001,False,False,False
15.400,mission_event,timestamp=15.400 mission_id=0 target_mission_id=1 state=INSPECTION_GOAL_GENERATED event_type=STATE_CHANGE reason=previous=PATROL_NAVIGATING next=INSPECTION_GOAL_GENERATED reason=lidar_first_inspection_goal waypoint_index=2,PATROL_NAVIGATING mode=AUTO nav_goal=PATROL,AUTO,0.000,0.350,1.779,-0.001,False,False,False
15.400,classification,WAITING_DYNAMIC_LOCK,PATROL_NAVIGATING mode=AUTO nav_goal=PATROL,AUTO,0.000,0.350,1.779,-0.001,False,False,False
15.400,bird_confirmed,False,PATROL_NAVIGATING mode=AUTO nav_goal=PATROL,AUTO,0.000,0.350,1.779,-0.001,False,False,False
15.400,mission_event,timestamp=15.400 mission_id=0 target_mission_id=1 state=APPROACH_TARGET_OFFSET event_type=STATE_CHANGE reason=previous=INSPECTION_GOAL_GENERATED next=APPROACH_TARGET_OFFSET reason=goal_type=TARGET_INSPECTION waypoint_index=2,PATROL_NAVIGATING mode=AUTO nav_goal=PATROL,AUTO,0.000,0.350,1.779,-0.001,False,False,False
15.400,mission_event,timestamp=15.400 mission_id=0 target_mission_id=1 state=APPROACH_TARGET_OFFSET event_type=NAV2_DISABLED_SIMULATED_GOAL reason=TARGET_INSPECTION waypoint_index=2,PATROL_NAVIGATING mode=AUTO nav_goal=PATROL,AUTO,0.000,0.350,1.779,-0.001,False,False,False
15.500,classification,WAITING_DYNAMIC_LOCK,PATROL_NAVIGATING mode=AUTO nav_goal=PATROL,AUTO,0.000,0.350,1.778,-0.001,False,False,False
15.500,bird_confirmed,False,PATROL_NAVIGATING mode=AUTO nav_goal=PATROL,AUTO,0.000,0.350,1.778,-0.001,False,False,False
15.600,mission_state,APPROACH_TARGET_OFFSET mode=AUTO nav_goal=TARGET_INSPECTION,APPROACH_TARGET_OFFSET mode=AUTO nav_goal=TARGET_INSPECTION,AUTO,0.000,0.350,1.777,-0.001,False,False,False
15.600,dynamic_target,count=1 x=-0.27 y=1.27 z=3.22,APPROACH_TARGET_OFFSET mode=AUTO nav_goal=TARGET_INSPECTION,AUTO,0.000,0.350,1.777,-0.001,False,False,False
15.600,dynamic_lock,False,APPROACH_TARGET_OFFSET mode=AUTO nav_goal=TARGET_INSPECTION,AUTO,0.000,0.350,1.777,-0.001,False,False,False
15.600,classification,WAITING_DYNAMIC_LOCK,APPROACH_TARGET_OFFSET mode=AUTO nav_goal=TARGET_INSPECTION,AUTO,0.000,0.350,1.777,-0.001,False,False,False
15.600,bird_confirmed,False,APPROACH_TARGET_OFFSET mode=AUTO nav_goal=TARGET_INSPECTION,AUTO,0.000,0.350,1.777,-0.001,False,False,False
15.600,sound_state,IDLE_NO_REQUEST,APPROACH_TARGET_OFFSET mode=AUTO nav_goal=TARGET_INSPECTION,AUTO,0.000,0.350,1.777,-0.001,False,False,False
15.600,sound_done,False,APPROACH_TARGET_OFFSET mode=AUTO nav_goal=TARGET_INSPECTION,AUTO,0.000,0.350,1.777,-0.001,False,False,False
15.600,object_goal_state,REJECT cooldown source=elevated_dynamic_target remaining_sec=7.70,APPROACH_TARGET_OFFSET mode=AUTO nav_goal=TARGET_INSPECTION,AUTO,0.000,0.350,1.777,-0.001,False,False,False
15.700,classification,WAITING_DYNAMIC_LOCK,APPROACH_TARGET_OFFSET mode=AUTO nav_goal=TARGET_INSPECTION,AUTO,0.000,0.350,1.777,-0.002,False,False,False
15.700,bird_confirmed,False,APPROACH_TARGET_OFFSET mode=AUTO nav_goal=TARGET_INSPECTION,AUTO,0.000,0.350,1.777,-0.002,False,False,False
15.800,bird_confirmed,False,APPROACH_TARGET_OFFSET mode=AUTO nav_goal=TARGET_INSPECTION,AUTO,0.000,0.350,1.777,-0.002,False,False,False
15.800,sound_state,IDLE_NO_REQUEST,APPROACH_TARGET_OFFSET mode=AUTO nav_goal=TARGET_INSPECTION,AUTO,0.000,0.350,1.777,-0.002,False,False,False
15.800,sound_done,False,APPROACH_TARGET_OFFSET mode=AUTO nav_goal=TARGET_INSPECTION,AUTO,0.000,0.350,1.777,-0.002,False,False,False
15.800,mission_state,APPROACH_TARGET_OFFSET mode=AUTO nav_goal=TARGET_INSPECTION,APPROACH_TARGET_OFFSET mode=AUTO nav_goal=TARGET_INSPECTION,AUTO,0.000,0.350,1.777,-0.002,False,False,False
15.800,classification,WAITING_DYNAMIC_LOCK,APPROACH_TARGET_OFFSET mode=AUTO nav_goal=TARGET_INSPECTION,AUTO,0.000,0.350,1.777,-0.002,False,False,False
15.800,dynamic_target,count=1 x=-0.27 y=1.27 z=3.22,APPROACH_TARGET_OFFSET mode=AUTO nav_goal=TARGET_INSPECTION,AUTO,0.000,0.350,1.777,-0.002,False,False,False
15.800,dynamic_lock,False,APPROACH_TARGET_OFFSET mode=AUTO nav_goal=TARGET_INSPECTION,AUTO,0.000,0.350,1.777,-0.002,False,False,False
15.800,object_goal_state,REJECT cooldown source=elevated_dynamic_target remaining_sec=7.50,APPROACH_TARGET_OFFSET mode=AUTO nav_goal=TARGET_INSPECTION,AUTO,0.000,0.350,1.777,-0.002,False,False,False
15.900,classification,WAITING_DYNAMIC_LOCK,APPROACH_TARGET_OFFSET mode=AUTO nav_goal=TARGET_INSPECTION,AUTO,0.000,0.350,1.777,-0.002,False,False,False
15.900,bird_confirmed,False,APPROACH_TARGET_OFFSET mode=AUTO nav_goal=TARGET_INSPECTION,AUTO,0.000,0.350,1.777,-0.002,False,False,False
15.900,dynamic_target,count=1 x=-0.27 y=1.27 z=3.23,APPROACH_TARGET_OFFSET mode=AUTO nav_goal=TARGET_INSPECTION,AUTO,0.000,0.350,1.777,-0.002,False,False,False
15.900,dynamic_lock,True,APPROACH_TARGET_OFFSET mode=AUTO nav_goal=TARGET_INSPECTION,AUTO,0.000,0.350,1.777,-0.002,True,False,False
15.900,object_goal_state,REJECT cooldown source=elevated_dynamic_target remaining_sec=7.40,APPROACH_TARGET_OFFSET mode=AUTO nav_goal=TARGET_INSPECTION,AUTO,0.000,0.350,1.777,-0.002,True,False,False
16.000,sound_state,IDLE_NO_REQUEST,APPROACH_TARGET_OFFSET mode=AUTO nav_goal=TARGET_INSPECTION,AUTO,0.000,0.350,1.777,-0.002,True,False,False
16.000,sound_done,False,APPROACH_TARGET_OFFSET mode=AUTO nav_goal=TARGET_INSPECTION,AUTO,0.000,0.350,1.777,-0.002,True,False,False
16.000,classification,WAITING_DYNAMIC_LOCK,APPROACH_TARGET_OFFSET mode=AUTO nav_goal=TARGET_INSPECTION,AUTO,0.000,0.350,1.777,-0.002,True,False,False
16.000,bird_confirmed,False,APPROACH_TARGET_OFFSET mode=AUTO nav_goal=TARGET_INSPECTION,AUTO,0.000,0.350,1.777,-0.002,True,False,False
16.000,mission_state,APPROACH_TARGET_OFFSET mode=AUTO nav_goal=TARGET_INSPECTION,APPROACH_TARGET_OFFSET mode=AUTO nav_goal=TARGET_INSPECTION,AUTO,0.000,0.350,1.777,-0.002,True,False,False
16.000,object_goal_state,REJECT cooldown source=elevated_dynamic_target remaining_sec=7.30,APPROACH_TARGET_OFFSET mode=AUTO nav_goal=TARGET_INSPECTION,AUTO,0.000,0.350,1.777,-0.002,True,False,False
16.000,dynamic_target,count=1 x=-0.27 y=1.27 z=3.23,APPROACH_TARGET_OFFSET mode=AUTO nav_goal=TARGET_INSPECTION,AUTO,0.000,0.350,1.777,-0.002,True,False,False
16.000,dynamic_lock,True,APPROACH_TARGET_OFFSET mode=AUTO nav_goal=TARGET_INSPECTION,AUTO,0.000,0.350,1.777,-0.002,True,False,False
16.100,bird_confirmed,False,APPROACH_TARGET_OFFSET mode=AUTO nav_goal=TARGET_INSPECTION,AUTO,0.000,0.350,1.777,-0.002,True,False,False
16.100,classification,WAITING_DYNAMIC_LOCK,APPROACH_TARGET_OFFSET mode=AUTO nav_goal=TARGET_INSPECTION,AUTO,0.000,0.350,1.777,-0.002,True,False,False
16.200,sound_done,False,APPROACH_TARGET_OFFSET mode=AUTO nav_goal=TARGET_INSPECTION,AUTO,0.000,0.350,1.776,-0.003,True,False,False
16.200,mission_state,APPROACH_TARGET_OFFSET mode=AUTO nav_goal=TARGET_INSPECTION,APPROACH_TARGET_OFFSET mode=AUTO nav_goal=TARGET_INSPECTION,AUTO,0.000,0.350,1.776,-0.003,True,False,False
16.200,dynamic_target,count=1 x=-0.27 y=1.27 z=3.23,APPROACH_TARGET_OFFSET mode=AUTO nav_goal=TARGET_INSPECTION,AUTO,0.000,0.350,1.776,-0.003,True,False,False
16.200,dynamic_lock,True,APPROACH_TARGET_OFFSET mode=AUTO nav_goal=TARGET_INSPECTION,AUTO,0.000,0.350,1.776,-0.003,True,False,False
16.200,classification,WAITING_DYNAMIC_LOCK,APPROACH_TARGET_OFFSET mode=AUTO nav_goal=TARGET_INSPECTION,AUTO,0.000,0.350,1.776,-0.003,True,False,False
16.200,bird_confirmed,False,APPROACH_TARGET_OFFSET mode=AUTO nav_goal=TARGET_INSPECTION,AUTO,0.000,0.350,1.776,-0.003,True,False,False
16.200,sound_state,IDLE_NO_REQUEST,APPROACH_TARGET_OFFSET mode=AUTO nav_goal=TARGET_INSPECTION,AUTO,0.000,0.350,1.776,-0.003,True,False,False
16.200,object_goal_state,REJECT cooldown source=elevated_dynamic_target remaining_sec=7.10,APPROACH_TARGET_OFFSET mode=AUTO nav_goal=TARGET_INSPECTION,AUTO,0.000,0.350,1.776,-0.003,True,False,False
16.300,classification,GAZEBO_FAKE_YOLO11S_CLASSIFICATION class=bird,APPROACH_TARGET_OFFSET mode=AUTO nav_goal=TARGET_INSPECTION,AUTO,0.000,0.350,1.775,-0.002,True,False,False
16.300,bird_confirmed,True,APPROACH_TARGET_OFFSET mode=AUTO nav_goal=TARGET_INSPECTION,AUTO,0.000,0.350,1.775,-0.002,True,True,False
16.400,classification,GAZEBO_FAKE_YOLO11S_CLASSIFICATION class=bird,APPROACH_TARGET_OFFSET mode=AUTO nav_goal=TARGET_INSPECTION,AUTO,0.000,0.350,1.776,-0.003,True,True,False
16.400,bird_confirmed,True,APPROACH_TARGET_OFFSET mode=AUTO nav_goal=TARGET_INSPECTION,AUTO,0.000,0.350,1.776,-0.003,True,True,False
16.400,sound_state,IDLE_NO_REQUEST,APPROACH_TARGET_OFFSET mode=AUTO nav_goal=TARGET_INSPECTION,AUTO,0.000,0.350,1.776,-0.003,True,True,False
16.400,sound_done,False,APPROACH_TARGET_OFFSET mode=AUTO nav_goal=TARGET_INSPECTION,AUTO,0.000,0.350,1.776,-0.003,True,True,False
16.400,dynamic_target,count=1 x=-0.27 y=1.27 z=3.23,APPROACH_TARGET_OFFSET mode=AUTO nav_goal=TARGET_INSPECTION,AUTO,0.000,0.350,1.776,-0.003,True,True,False
16.400,dynamic_lock,True,APPROACH_TARGET_OFFSET mode=AUTO nav_goal=TARGET_INSPECTION,AUTO,0.000,0.350,1.776,-0.003,True,True,False
16.400,object_goal_state,REJECT cooldown source=elevated_dynamic_target remaining_sec=6.90,APPROACH_TARGET_OFFSET mode=AUTO nav_goal=TARGET_INSPECTION,AUTO,0.000,0.350,1.776,-0.003,True,True,False
16.400,mission_state,APPROACH_TARGET_OFFSET mode=AUTO nav_goal=TARGET_INSPECTION,APPROACH_TARGET_OFFSET mode=AUTO nav_goal=TARGET_INSPECTION,AUTO,0.000,0.350,1.776,-0.003,True,True,False
16.500,classification,GAZEBO_FAKE_YOLO11S_CLASSIFICATION class=bird,APPROACH_TARGET_OFFSET mode=AUTO nav_goal=TARGET_INSPECTION,AUTO,0.000,0.350,1.774,-0.004,True,True,False
16.500,bird_confirmed,True,APPROACH_TARGET_OFFSET mode=AUTO nav_goal=TARGET_INSPECTION,AUTO,0.000,0.350,1.774,-0.004,True,True,False
16.500,dynamic_target,count=1 x=-0.27 y=1.28 z=3.24,APPROACH_TARGET_OFFSET mode=AUTO nav_goal=TARGET_INSPECTION,AUTO,0.000,0.350,1.774,-0.003,True,True,False
16.500,dynamic_lock,True,APPROACH_TARGET_OFFSET mode=AUTO nav_goal=TARGET_INSPECTION,AUTO,0.000,0.350,1.774,-0.003,True,True,False
16.500,object_goal_state,REJECT cooldown source=elevated_dynamic_target remaining_sec=6.80,APPROACH_TARGET_OFFSET mode=AUTO nav_goal=TARGET_INSPECTION,AUTO,0.000,0.350,1.774,-0.003,True,True,False
16.600,mission_state,APPROACH_TARGET_OFFSET mode=AUTO nav_goal=TARGET_INSPECTION,APPROACH_TARGET_OFFSET mode=AUTO nav_goal=TARGET_INSPECTION,AUTO,0.000,0.350,1.773,-0.003,True,True,False
16.600,classification,GAZEBO_FAKE_YOLO11S_CLASSIFICATION class=bird,APPROACH_TARGET_OFFSET mode=AUTO nav_goal=TARGET_INSPECTION,AUTO,0.000,0.350,1.773,-0.003,True,True,False
16.600,bird_confirmed,True,APPROACH_TARGET_OFFSET mode=AUTO nav_goal=TARGET_INSPECTION,AUTO,0.000,0.350,1.773,-0.003,True,True,False
16.600,sound_state,IDLE_NO_REQUEST,APPROACH_TARGET_OFFSET mode=AUTO nav_goal=TARGET_INSPECTION,AUTO,0.000,0.350,1.773,-0.003,True,True,False
16.600,sound_done,False,APPROACH_TARGET_OFFSET mode=AUTO nav_goal=TARGET_INSPECTION,AUTO,0.000,0.350,1.773,-0.003,True,True,False
16.600,object_goal_state,REJECT cooldown source=elevated_dynamic_target remaining_sec=6.70,APPROACH_TARGET_OFFSET mode=AUTO nav_goal=TARGET_INSPECTION,AUTO,0.000,0.350,1.774,-0.003,True,True,False
16.600,dynamic_target,count=1 x=-0.29 y=1.28 z=3.23,APPROACH_TARGET_OFFSET mode=AUTO nav_goal=TARGET_INSPECTION,AUTO,0.000,0.350,1.774,-0.003,True,True,False
16.600,dynamic_lock,True,APPROACH_TARGET_OFFSET mode=AUTO nav_goal=TARGET_INSPECTION,AUTO,0.000,0.350,1.774,-0.003,True,True,False
16.600,dynamic_target,count=1 x=-0.29 y=1.28 z=3.23,APPROACH_TARGET_OFFSET mode=AUTO nav_goal=TARGET_INSPECTION,AUTO,0.000,0.350,1.774,-0.003,True,True,False
16.600,dynamic_lock,True,APPROACH_TARGET_OFFSET mode=AUTO nav_goal=TARGET_INSPECTION,AUTO,0.000,0.350,1.774,-0.003,True,True,False
16.600,object_goal_state,REJECT cooldown source=elevated_dynamic_target remaining_sec=6.70,APPROACH_TARGET_OFFSET mode=AUTO nav_goal=TARGET_INSPECTION,AUTO,0.000,0.350,1.774,-0.003,True,True,False
16.700,classification,GAZEBO_FAKE_YOLO11S_CLASSIFICATION class=bird,APPROACH_TARGET_OFFSET mode=AUTO nav_goal=TARGET_INSPECTION,AUTO,0.000,0.350,1.773,-0.003,True,True,False
16.700,bird_confirmed,True,APPROACH_TARGET_OFFSET mode=AUTO nav_goal=TARGET_INSPECTION,AUTO,0.000,0.350,1.773,-0.003,True,True,False
16.800,sound_state,IDLE_NO_REQUEST,APPROACH_TARGET_OFFSET mode=AUTO nav_goal=TARGET_INSPECTION,AUTO,0.000,0.350,1.773,-0.003,True,True,False
16.800,sound_done,False,APPROACH_TARGET_OFFSET mode=AUTO nav_goal=TARGET_INSPECTION,AUTO,0.000,0.350,1.773,-0.003,True,True,False
16.800,mission_state,APPROACH_TARGET_OFFSET mode=AUTO nav_goal=TARGET_INSPECTION,APPROACH_TARGET_OFFSET mode=AUTO nav_goal=TARGET_INSPECTION,AUTO,0.000,0.350,1.773,-0.003,True,True,False
16.800,classification,GAZEBO_FAKE_YOLO11S_CLASSIFICATION class=bird,APPROACH_TARGET_OFFSET mode=AUTO nav_goal=TARGET_INSPECTION,AUTO,0.000,0.350,1.773,-0.003,True,True,False
16.800,bird_confirmed,True,APPROACH_TARGET_OFFSET mode=AUTO nav_goal=TARGET_INSPECTION,AUTO,0.000,0.350,1.773,-0.003,True,True,False
16.800,dynamic_target,count=1 x=-0.29 y=1.28 z=3.24,APPROACH_TARGET_OFFSET mode=AUTO nav_goal=TARGET_INSPECTION,AUTO,0.000,0.350,1.772,-0.004,True,True,False
16.800,dynamic_lock,True,APPROACH_TARGET_OFFSET mode=AUTO nav_goal=TARGET_INSPECTION,AUTO,0.000,0.350,1.772,-0.004,True,True,False
16.800,object_goal_state,REJECT cooldown source=elevated_dynamic_target remaining_sec=6.50,APPROACH_TARGET_OFFSET mode=AUTO nav_goal=TARGET_INSPECTION,AUTO,0.000,0.350,1.772,-0.004,True,True,False
16.800,dynamic_target,count=1 x=-0.29 y=1.28 z=3.24,APPROACH_TARGET_OFFSET mode=AUTO nav_goal=TARGET_INSPECTION,AUTO,0.000,0.350,1.772,-0.004,True,True,False
16.800,dynamic_lock,True,APPROACH_TARGET_OFFSET mode=AUTO nav_goal=TARGET_INSPECTION,AUTO,0.000,0.350,1.772,-0.004,True,True,False
16.800,object_goal_state,REJECT cooldown source=elevated_dynamic_target remaining_sec=6.50,APPROACH_TARGET_OFFSET mode=AUTO nav_goal=TARGET_INSPECTION,AUTO,0.000,0.350,1.772,-0.004,True,True,False
16.900,classification,GAZEBO_FAKE_YOLO11S_CLASSIFICATION class=bird,APPROACH_TARGET_OFFSET mode=AUTO nav_goal=TARGET_INSPECTION,AUTO,0.000,0.350,1.772,-0.004,True,True,False
16.900,bird_confirmed,True,APPROACH_TARGET_OFFSET mode=AUTO nav_goal=TARGET_INSPECTION,AUTO,0.000,0.350,1.772,-0.004,True,True,False
17.000,bird_confirmed,True,APPROACH_TARGET_OFFSET mode=AUTO nav_goal=TARGET_INSPECTION,AUTO,0.000,0.350,1.771,-0.004,True,True,False
17.000,classification,GAZEBO_FAKE_YOLO11S_CLASSIFICATION class=bird,APPROACH_TARGET_OFFSET mode=AUTO nav_goal=TARGET_INSPECTION,AUTO,0.000,0.350,1.771,-0.004,True,True,False
17.000,sound_state,IDLE_NO_REQUEST,APPROACH_TARGET_OFFSET mode=AUTO nav_goal=TARGET_INSPECTION,AUTO,0.000,0.350,1.771,-0.004,True,True,False
17.000,sound_done,False,APPROACH_TARGET_OFFSET mode=AUTO nav_goal=TARGET_INSPECTION,AUTO,0.000,0.350,1.771,-0.004,True,True,False
17.000,mission_state,APPROACH_TARGET_OFFSET mode=AUTO nav_goal=TARGET_INSPECTION,APPROACH_TARGET_OFFSET mode=AUTO nav_goal=TARGET_INSPECTION,AUTO,0.000,0.350,1.771,-0.004,True,True,False
17.000,dynamic_target,count=1 x=-0.29 y=1.28 z=3.24,APPROACH_TARGET_OFFSET mode=AUTO nav_goal=TARGET_INSPECTION,AUTO,0.000,0.350,1.771,-0.004,True,True,False
17.000,dynamic_lock,True,APPROACH_TARGET_OFFSET mode=AUTO nav_goal=TARGET_INSPECTION,AUTO,0.000,0.350,1.771,-0.004,True,True,False
17.000,object_goal_state,REJECT cooldown source=elevated_dynamic_target remaining_sec=6.30,APPROACH_TARGET_OFFSET mode=AUTO nav_goal=TARGET_INSPECTION,AUTO,0.000,0.350,1.771,-0.004,True,True,False
17.100,classification,GAZEBO_FAKE_YOLO11S_CLASSIFICATION class=bird,APPROACH_TARGET_OFFSET mode=AUTO nav_goal=TARGET_INSPECTION,AUTO,0.000,0.350,1.771,-0.004,True,True,False
17.100,bird_confirmed,True,APPROACH_TARGET_OFFSET mode=AUTO nav_goal=TARGET_INSPECTION,AUTO,0.000,0.350,1.771,-0.004,True,True,False
17.200,sound_done,False,APPROACH_TARGET_OFFSET mode=AUTO nav_goal=TARGET_INSPECTION,AUTO,0.000,0.350,1.771,-0.005,True,True,False
17.200,mission_state,APPROACH_TARGET_OFFSET mode=AUTO nav_goal=TARGET_INSPECTION,APPROACH_TARGET_OFFSET mode=AUTO nav_goal=TARGET_INSPECTION,AUTO,0.000,0.350,1.771,-0.005,True,True,False
17.200,classification,GAZEBO_FAKE_YOLO11S_CLASSIFICATION class=bird,APPROACH_TARGET_OFFSET mode=AUTO nav_goal=TARGET_INSPECTION,AUTO,0.000,0.350,1.771,-0.005,True,True,False
17.200,bird_confirmed,True,APPROACH_TARGET_OFFSET mode=AUTO nav_goal=TARGET_INSPECTION,AUTO,0.000,0.350,1.771,-0.005,True,True,False
17.200,sound_state,IDLE_NO_REQUEST,APPROACH_TARGET_OFFSET mode=AUTO nav_goal=TARGET_INSPECTION,AUTO,0.000,0.350,1.771,-0.005,True,True,False
17.200,dynamic_target,count=1 x=-0.29 y=1.28 z=3.24,APPROACH_TARGET_OFFSET mode=AUTO nav_goal=TARGET_INSPECTION,AUTO,0.000,0.350,1.771,-0.004,True,True,False
17.200,dynamic_lock,True,APPROACH_TARGET_OFFSET mode=AUTO nav_goal=TARGET_INSPECTION,AUTO,0.000,0.350,1.771,-0.004,True,True,False
17.200,object_goal_state,REJECT cooldown source=elevated_dynamic_target remaining_sec=6.10,APPROACH_TARGET_OFFSET mode=AUTO nav_goal=TARGET_INSPECTION,AUTO,0.000,0.350,1.771,-0.004,True,True,False
17.300,classification,GAZEBO_FAKE_YOLO11S_CLASSIFICATION class=bird,APPROACH_TARGET_OFFSET mode=AUTO nav_goal=TARGET_INSPECTION,AUTO,0.000,0.350,1.771,-0.004,True,True,False
17.300,bird_confirmed,True,APPROACH_TARGET_OFFSET mode=AUTO nav_goal=TARGET_INSPECTION,AUTO,0.000,0.350,1.771,-0.004,True,True,False
17.400,sound_done,False,APPROACH_TARGET_OFFSET mode=AUTO nav_goal=TARGET_INSPECTION,AUTO,0.000,0.350,1.770,-0.005,True,True,False
17.400,mission_state,APPROACH_TARGET_OFFSET mode=AUTO nav_goal=TARGET_INSPECTION,APPROACH_TARGET_OFFSET mode=AUTO nav_goal=TARGET_INSPECTION,AUTO,0.000,0.350,1.770,-0.005,True,True,False
17.400,dynamic_target,count=1 x=-0.29 y=1.28 z=3.24,APPROACH_TARGET_OFFSET mode=AUTO nav_goal=TARGET_INSPECTION,AUTO,0.000,0.350,1.770,-0.005,True,True,False
17.400,dynamic_lock,True,APPROACH_TARGET_OFFSET mode=AUTO nav_goal=TARGET_INSPECTION,AUTO,0.000,0.350,1.770,-0.005,True,True,False
17.400,sound_state,IDLE_NO_REQUEST,APPROACH_TARGET_OFFSET mode=AUTO nav_goal=TARGET_INSPECTION,AUTO,0.000,0.350,1.770,-0.005,True,True,False
17.400,classification,GAZEBO_FAKE_YOLO11S_CLASSIFICATION class=bird,APPROACH_TARGET_OFFSET mode=AUTO nav_goal=TARGET_INSPECTION,AUTO,0.000,0.350,1.770,-0.005,True,True,False
17.400,bird_confirmed,True,APPROACH_TARGET_OFFSET mode=AUTO nav_goal=TARGET_INSPECTION,AUTO,0.000,0.350,1.770,-0.005,True,True,False
17.400,object_goal_state,REJECT cooldown source=elevated_dynamic_target remaining_sec=5.90,APPROACH_TARGET_OFFSET mode=AUTO nav_goal=TARGET_INSPECTION,AUTO,0.000,0.350,1.770,-0.005,True,True,False
17.500,object_goal_state,TARGET_LOST_TIMEOUT,APPROACH_TARGET_OFFSET mode=AUTO nav_goal=TARGET_INSPECTION,AUTO,0.000,0.350,1.770,-0.004,True,True,False
17.500,classification,GAZEBO_FAKE_YOLO11S_CLASSIFICATION class=bird,APPROACH_TARGET_OFFSET mode=AUTO nav_goal=TARGET_INSPECTION,AUTO,0.000,0.350,1.770,-0.004,True,True,False
17.500,bird_confirmed,True,APPROACH_TARGET_OFFSET mode=AUTO nav_goal=TARGET_INSPECTION,AUTO,0.000,0.350,1.770,-0.004,True,True,False
17.600,bird_confirmed,True,APPROACH_TARGET_OFFSET mode=AUTO nav_goal=TARGET_INSPECTION,AUTO,0.000,0.350,1.770,-0.005,True,True,False
17.600,sound_state,IDLE_NO_REQUEST,APPROACH_TARGET_OFFSET mode=AUTO nav_goal=TARGET_INSPECTION,AUTO,0.000,0.350,1.770,-0.005,True,True,False
17.600,sound_done,False,APPROACH_TARGET_OFFSET mode=AUTO nav_goal=TARGET_INSPECTION,AUTO,0.000,0.350,1.770,-0.005,True,True,False
17.600,dynamic_target,count=1 x=-0.29 y=1.28 z=3.24,APPROACH_TARGET_OFFSET mode=AUTO nav_goal=TARGET_INSPECTION,AUTO,0.000,0.350,1.770,-0.005,True,True,False
17.600,dynamic_lock,True,APPROACH_TARGET_OFFSET mode=AUTO nav_goal=TARGET_INSPECTION,AUTO,0.000,0.350,1.770,-0.005,True,True,False
17.600,classification,GAZEBO_FAKE_YOLO11S_CLASSIFICATION class=bird,APPROACH_TARGET_OFFSET mode=AUTO nav_goal=TARGET_INSPECTION,AUTO,0.000,0.350,1.770,-0.005,True,True,False
17.600,object_goal_state,REJECT cooldown source=elevated_dynamic_target remaining_sec=5.70,APPROACH_TARGET_OFFSET mode=AUTO nav_goal=TARGET_INSPECTION,AUTO,0.000,0.350,1.770,-0.005,True,True,False
17.600,mission_state,APPROACH_TARGET_OFFSET mode=AUTO nav_goal=TARGET_INSPECTION,APPROACH_TARGET_OFFSET mode=AUTO nav_goal=TARGET_INSPECTION,AUTO,0.000,0.350,1.770,-0.005,True,True,False
17.700,classification,GAZEBO_FAKE_YOLO11S_CLASSIFICATION class=bird,APPROACH_TARGET_OFFSET mode=AUTO nav_goal=TARGET_INSPECTION,AUTO,0.000,0.350,1.770,-0.005,True,True,False
17.700,bird_confirmed,True,APPROACH_TARGET_OFFSET mode=AUTO nav_goal=TARGET_INSPECTION,AUTO,0.000,0.350,1.770,-0.005,True,True,False
17.700,dynamic_target,count=1 x=-0.20 y=1.40 z=3.24,APPROACH_TARGET_OFFSET mode=AUTO nav_goal=TARGET_INSPECTION,AUTO,0.000,0.350,1.770,-0.005,True,True,False
17.700,dynamic_lock,True,APPROACH_TARGET_OFFSET mode=AUTO nav_goal=TARGET_INSPECTION,AUTO,0.000,0.350,1.770,-0.005,True,True,False
17.700,object_goal_state,REJECT cooldown source=elevated_dynamic_target remaining_sec=5.60,APPROACH_TARGET_OFFSET mode=AUTO nav_goal=TARGET_INSPECTION,AUTO,0.000,0.350,1.770,-0.005,True,True,False
17.800,classification,GAZEBO_FAKE_YOLO11S_CLASSIFICATION class=bird,APPROACH_TARGET_OFFSET mode=AUTO nav_goal=TARGET_INSPECTION,AUTO,0.000,0.350,1.771,-0.006,True,True,False
17.800,bird_confirmed,True,APPROACH_TARGET_OFFSET mode=AUTO nav_goal=TARGET_INSPECTION,AUTO,0.000,0.350,1.771,-0.006,True,True,False
17.800,sound_state,IDLE_NO_REQUEST,APPROACH_TARGET_OFFSET mode=AUTO nav_goal=TARGET_INSPECTION,AUTO,0.000,0.350,1.771,-0.006,True,True,False
17.800,sound_done,False,APPROACH_TARGET_OFFSET mode=AUTO nav_goal=TARGET_INSPECTION,AUTO,0.000,0.350,1.771,-0.006,True,True,False
17.800,mission_state,APPROACH_TARGET_OFFSET mode=AUTO nav_goal=TARGET_INSPECTION,APPROACH_TARGET_OFFSET mode=AUTO nav_goal=TARGET_INSPECTION,AUTO,0.000,0.350,1.771,-0.006,True,True,False
17.800,dynamic_target,count=1 x=-0.20 y=1.40 z=3.24,APPROACH_TARGET_OFFSET mode=AUTO nav_goal=TARGET_INSPECTION,AUTO,0.000,0.350,1.770,-0.006,True,True,False
17.800,dynamic_lock,True,APPROACH_TARGET_OFFSET mode=AUTO nav_goal=TARGET_INSPECTION,AUTO,0.000,0.350,1.770,-0.006,True,True,False
17.800,object_goal_state,REJECT cooldown source=elevated_dynamic_target remaining_sec=5.50,APPROACH_TARGET_OFFSET mode=AUTO nav_goal=TARGET_INSPECTION,AUTO,0.000,0.350,1.770,-0.006,True,True,False
17.900,classification,GAZEBO_FAKE_YOLO11S_CLASSIFICATION class=bird,APPROACH_TARGET_OFFSET mode=AUTO nav_goal=TARGET_INSPECTION,AUTO,0.000,0.350,1.770,-0.006,True,True,False
17.900,bird_confirmed,True,APPROACH_TARGET_OFFSET mode=AUTO nav_goal=TARGET_INSPECTION,AUTO,0.000,0.350,1.770,-0.006,True,True,False
18.000,sound_done,False,APPROACH_TARGET_OFFSET mode=AUTO nav_goal=TARGET_INSPECTION,AUTO,0.000,0.350,1.770,-0.005,True,True,False
18.000,mission_state,APPROACH_TARGET_OFFSET mode=AUTO nav_goal=TARGET_INSPECTION,APPROACH_TARGET_OFFSET mode=AUTO nav_goal=TARGET_INSPECTION,AUTO,0.000,0.350,1.770,-0.005,True,True,False
18.000,sound_state,IDLE_NO_REQUEST,APPROACH_TARGET_OFFSET mode=AUTO nav_goal=TARGET_INSPECTION,AUTO,0.000,0.350,1.770,-0.005,True,True,False
18.000,classification,GAZEBO_FAKE_YOLO11S_CLASSIFICATION class=bird,APPROACH_TARGET_OFFSET mode=AUTO nav_goal=TARGET_INSPECTION,AUTO,0.000,0.350,1.770,-0.005,True,True,False
18.000,bird_confirmed,True,APPROACH_TARGET_OFFSET mode=AUTO nav_goal=TARGET_INSPECTION,AUTO,0.000,0.350,1.770,-0.005,True,True,False
18.000,dynamic_target,count=1 x=-0.22 y=1.38 z=3.25,APPROACH_TARGET_OFFSET mode=AUTO nav_goal=TARGET_INSPECTION,AUTO,0.000,0.350,1.770,-0.005,True,True,False
18.000,dynamic_lock,True,APPROACH_TARGET_OFFSET mode=AUTO nav_goal=TARGET_INSPECTION,AUTO,0.000,0.350,1.770,-0.005,True,True,False
18.000,object_goal_state,REJECT cooldown source=elevated_dynamic_target remaining_sec=5.30,APPROACH_TARGET_OFFSET mode=AUTO nav_goal=TARGET_INSPECTION,AUTO,0.000,0.350,1.770,-0.005,True,True,False
18.000,dynamic_target,count=1 x=-0.22 y=1.38 z=3.25,APPROACH_TARGET_OFFSET mode=AUTO nav_goal=TARGET_INSPECTION,AUTO,0.000,0.350,1.770,-0.005,True,True,False
18.000,dynamic_lock,True,APPROACH_TARGET_OFFSET mode=AUTO nav_goal=TARGET_INSPECTION,AUTO,0.000,0.350,1.770,-0.005,True,True,False
18.000,object_goal_state,REJECT cooldown source=elevated_dynamic_target remaining_sec=5.30,APPROACH_TARGET_OFFSET mode=AUTO nav_goal=TARGET_INSPECTION,AUTO,0.000,0.350,1.770,-0.005,True,True,False
18.100,classification,GAZEBO_FAKE_YOLO11S_CLASSIFICATION class=bird,APPROACH_TARGET_OFFSET mode=AUTO nav_goal=TARGET_INSPECTION,AUTO,0.000,0.350,1.771,-0.006,True,True,False
18.100,bird_confirmed,True,APPROACH_TARGET_OFFSET mode=AUTO nav_goal=TARGET_INSPECTION,AUTO,0.000,0.350,1.771,-0.006,True,True,False
18.100,dynamic_target,count=1 x=-0.25 y=1.38 z=3.23,APPROACH_TARGET_OFFSET mode=AUTO nav_goal=TARGET_INSPECTION,AUTO,0.000,0.350,1.771,-0.006,True,True,False
18.100,dynamic_lock,True,APPROACH_TARGET_OFFSET mode=AUTO nav_goal=TARGET_INSPECTION,AUTO,0.000,0.350,1.771,-0.006,True,True,False
18.100,object_goal_state,REJECT cooldown source=elevated_dynamic_target remaining_sec=5.20,APPROACH_TARGET_OFFSET mode=AUTO nav_goal=TARGET_INSPECTION,AUTO,0.000,0.350,1.771,-0.006,True,True,False
18.200,mission_state,APPROACH_TARGET_OFFSET mode=AUTO nav_goal=TARGET_INSPECTION,APPROACH_TARGET_OFFSET mode=AUTO nav_goal=TARGET_INSPECTION,AUTO,0.000,0.350,1.771,-0.006,True,True,False
18.200,classification,GAZEBO_FAKE_YOLO11S_CLASSIFICATION class=bird,APPROACH_TARGET_OFFSET mode=AUTO nav_goal=TARGET_INSPECTION,AUTO,0.000,0.350,1.771,-0.006,True,True,False
18.200,bird_confirmed,True,APPROACH_TARGET_OFFSET mode=AUTO nav_goal=TARGET_INSPECTION,AUTO,0.000,0.350,1.771,-0.006,True,True,False
18.200,dynamic_target,count=1 x=-0.25 y=1.38 z=3.23,APPROACH_TARGET_OFFSET mode=AUTO nav_goal=TARGET_INSPECTION,AUTO,0.000,0.350,1.771,-0.006,True,True,False
18.200,dynamic_lock,True,APPROACH_TARGET_OFFSET mode=AUTO nav_goal=TARGET_INSPECTION,AUTO,0.000,0.350,1.771,-0.006,True,True,False
18.200,sound_state,IDLE_NO_REQUEST,APPROACH_TARGET_OFFSET mode=AUTO nav_goal=TARGET_INSPECTION,AUTO,0.000,0.350,1.771,-0.006,True,True,False
18.200,sound_done,False,APPROACH_TARGET_OFFSET mode=AUTO nav_goal=TARGET_INSPECTION,AUTO,0.000,0.350,1.771,-0.006,True,True,False
18.200,object_goal_state,REJECT cooldown source=elevated_dynamic_target remaining_sec=5.10,APPROACH_TARGET_OFFSET mode=AUTO nav_goal=TARGET_INSPECTION,AUTO,0.000,0.350,1.771,-0.006,True,True,False
18.300,bird_confirmed,True,APPROACH_TARGET_OFFSET mode=AUTO nav_goal=TARGET_INSPECTION,AUTO,0.000,0.350,1.770,-0.007,True,True,False
18.300,classification,GAZEBO_FAKE_YOLO11S_CLASSIFICATION class=bird,APPROACH_TARGET_OFFSET mode=AUTO nav_goal=TARGET_INSPECTION,AUTO,0.000,0.350,1.770,-0.007,True,True,False
18.300,dynamic_target,count=1 x=-0.27 y=1.37 z=3.24,APPROACH_TARGET_OFFSET mode=AUTO nav_goal=TARGET_INSPECTION,AUTO,0.000,0.350,1.771,-0.006,True,True,False
18.300,dynamic_lock,True,APPROACH_TARGET_OFFSET mode=AUTO nav_goal=TARGET_INSPECTION,AUTO,0.000,0.350,1.771,-0.006,True,True,False
18.300,object_goal_state,REJECT cooldown source=elevated_dynamic_target remaining_sec=5.00,APPROACH_TARGET_OFFSET mode=AUTO nav_goal=TARGET_INSPECTION,AUTO,0.000,0.350,1.771,-0.006,True,True,False
18.400,bird_confirmed,True,APPROACH_TARGET_OFFSET mode=AUTO nav_goal=TARGET_INSPECTION,AUTO,0.000,0.350,1.770,-0.006,True,True,False
18.400,mission_state,APPROACH_TARGET_OFFSET mode=AUTO nav_goal=TARGET_INSPECTION,APPROACH_TARGET_OFFSET mode=AUTO nav_goal=TARGET_INSPECTION,AUTO,0.000,0.350,1.770,-0.006,True,True,False
18.400,classification,GAZEBO_FAKE_YOLO11S_CLASSIFICATION class=bird,APPROACH_TARGET_OFFSET mode=AUTO nav_goal=TARGET_INSPECTION,AUTO,0.000,0.350,1.770,-0.006,True,True,False
18.400,sound_state,IDLE_NO_REQUEST,APPROACH_TARGET_OFFSET mode=AUTO nav_goal=TARGET_INSPECTION,AUTO,0.000,0.350,1.770,-0.006,True,True,False
18.400,sound_done,False,APPROACH_TARGET_OFFSET mode=AUTO nav_goal=TARGET_INSPECTION,AUTO,0.000,0.350,1.770,-0.006,True,True,False
18.400,dynamic_target,count=1 x=-0.29 y=1.37 z=3.23,APPROACH_TARGET_OFFSET mode=AUTO nav_goal=TARGET_INSPECTION,AUTO,0.000,0.350,1.770,-0.007,True,True,False
18.400,dynamic_lock,True,APPROACH_TARGET_OFFSET mode=AUTO nav_goal=TARGET_INSPECTION,AUTO,0.000,0.350,1.770,-0.007,True,True,False
18.400,object_goal_state,REJECT cooldown source=elevated_dynamic_target remaining_sec=4.90,APPROACH_TARGET_OFFSET mode=AUTO nav_goal=TARGET_INSPECTION,AUTO,0.000,0.350,1.770,-0.007,True,True,False
18.400,dynamic_target,count=1 x=-0.29 y=1.37 z=3.23,APPROACH_TARGET_OFFSET mode=AUTO nav_goal=TARGET_INSPECTION,AUTO,0.000,0.350,1.770,-0.007,True,True,False
18.400,dynamic_lock,True,APPROACH_TARGET_OFFSET mode=AUTO nav_goal=TARGET_INSPECTION,AUTO,0.000,0.350,1.770,-0.007,True,True,False
18.400,object_goal_state,REJECT cooldown source=elevated_dynamic_target remaining_sec=4.90,APPROACH_TARGET_OFFSET mode=AUTO nav_goal=TARGET_INSPECTION,AUTO,0.000,0.350,1.770,-0.007,True,True,False
18.500,bird_confirmed,True,APPROACH_TARGET_OFFSET mode=AUTO nav_goal=TARGET_INSPECTION,AUTO,0.000,0.350,1.771,-0.007,True,True,False
18.500,classification,GAZEBO_FAKE_YOLO11S_CLASSIFICATION class=bird,APPROACH_TARGET_OFFSET mode=AUTO nav_goal=TARGET_INSPECTION,AUTO,0.000,0.350,1.771,-0.007,True,True,False
18.600,classification,GAZEBO_FAKE_YOLO11S_CLASSIFICATION class=bird,APPROACH_TARGET_OFFSET mode=AUTO nav_goal=TARGET_INSPECTION,AUTO,0.000,0.350,1.770,-0.007,True,True,False
18.600,bird_confirmed,True,APPROACH_TARGET_OFFSET mode=AUTO nav_goal=TARGET_INSPECTION,AUTO,0.000,0.350,1.770,-0.007,True,True,False
18.600,sound_state,IDLE_NO_REQUEST,APPROACH_TARGET_OFFSET mode=AUTO nav_goal=TARGET_INSPECTION,AUTO,0.000,0.350,1.770,-0.007,True,True,False
18.600,sound_done,False,APPROACH_TARGET_OFFSET mode=AUTO nav_goal=TARGET_INSPECTION,AUTO,0.000,0.350,1.770,-0.007,True,True,False
18.600,mission_state,APPROACH_TARGET_OFFSET mode=AUTO nav_goal=TARGET_INSPECTION,APPROACH_TARGET_OFFSET mode=AUTO nav_goal=TARGET_INSPECTION,AUTO,0.000,0.350,1.770,-0.007,True,True,False
18.600,dynamic_target,count=1 x=-0.29 y=1.37 z=3.24,APPROACH_TARGET_OFFSET mode=AUTO nav_goal=TARGET_INSPECTION,AUTO,0.000,0.350,1.771,-0.007,True,True,False
18.600,dynamic_lock,True,APPROACH_TARGET_OFFSET mode=AUTO nav_goal=TARGET_INSPECTION,AUTO,0.000,0.350,1.771,-0.007,True,True,False
18.600,object_goal_state,REJECT cooldown source=elevated_dynamic_target remaining_sec=4.70,APPROACH_TARGET_OFFSET mode=AUTO nav_goal=TARGET_INSPECTION,AUTO,0.000,0.350,1.771,-0.007,True,True,False
18.600,dynamic_target,count=1 x=-0.29 y=1.37 z=3.24,APPROACH_TARGET_OFFSET mode=AUTO nav_goal=TARGET_INSPECTION,AUTO,0.000,0.350,1.771,-0.007,True,True,False
18.600,dynamic_lock,True,APPROACH_TARGET_OFFSET mode=AUTO nav_goal=TARGET_INSPECTION,AUTO,0.000,0.350,1.771,-0.007,True,True,False
18.600,object_goal_state,REJECT cooldown source=elevated_dynamic_target remaining_sec=4.70,APPROACH_TARGET_OFFSET mode=AUTO nav_goal=TARGET_INSPECTION,AUTO,0.000,0.350,1.771,-0.007,True,True,False
18.700,classification,GAZEBO_FAKE_YOLO11S_CLASSIFICATION class=bird,APPROACH_TARGET_OFFSET mode=AUTO nav_goal=TARGET_INSPECTION,AUTO,0.000,0.350,1.769,-0.007,True,True,False
18.700,bird_confirmed,True,APPROACH_TARGET_OFFSET mode=AUTO nav_goal=TARGET_INSPECTION,AUTO,0.000,0.350,1.769,-0.007,True,True,False
18.800,mission_state,APPROACH_TARGET_OFFSET mode=AUTO nav_goal=TARGET_INSPECTION,APPROACH_TARGET_OFFSET mode=AUTO nav_goal=TARGET_INSPECTION,AUTO,0.000,0.350,1.772,-0.007,True,True,False
18.800,dynamic_target,count=1 x=-0.29 y=1.37 z=3.24,APPROACH_TARGET_OFFSET mode=AUTO nav_goal=TARGET_INSPECTION,AUTO,0.000,0.350,1.772,-0.007,True,True,False
18.800,dynamic_lock,True,APPROACH_TARGET_OFFSET mode=AUTO nav_goal=TARGET_INSPECTION,AUTO,0.000,0.350,1.772,-0.007,True,True,False
18.800,classification,GAZEBO_FAKE_YOLO11S_CLASSIFICATION class=bird,APPROACH_TARGET_OFFSET mode=AUTO nav_goal=TARGET_INSPECTION,AUTO,0.000,0.350,1.772,-0.007,True,True,False
18.800,bird_confirmed,True,APPROACH_TARGET_OFFSET mode=AUTO nav_goal=TARGET_INSPECTION,AUTO,0.000,0.350,1.772,-0.007,True,True,False
18.800,sound_state,IDLE_NO_REQUEST,APPROACH_TARGET_OFFSET mode=AUTO nav_goal=TARGET_INSPECTION,AUTO,0.000,0.350,1.772,-0.007,True,True,False
18.800,sound_done,False,APPROACH_TARGET_OFFSET mode=AUTO nav_goal=TARGET_INSPECTION,AUTO,0.000,0.350,1.772,-0.007,True,True,False
18.800,object_goal_state,REJECT cooldown source=elevated_dynamic_target remaining_sec=4.50,APPROACH_TARGET_OFFSET mode=AUTO nav_goal=TARGET_INSPECTION,AUTO,0.000,0.350,1.772,-0.007,True,True,False
18.900,bird_confirmed,True,APPROACH_TARGET_OFFSET mode=AUTO nav_goal=TARGET_INSPECTION,AUTO,0.000,0.350,1.768,-0.007,True,True,False
18.900,classification,GAZEBO_FAKE_YOLO11S_CLASSIFICATION class=bird,APPROACH_TARGET_OFFSET mode=AUTO nav_goal=TARGET_INSPECTION,AUTO,0.000,0.350,1.768,-0.007,True,True,False
18.900,dynamic_target,count=1 x=-0.30 y=1.36 z=3.24,APPROACH_TARGET_OFFSET mode=AUTO nav_goal=TARGET_INSPECTION,AUTO,0.000,0.350,1.771,-0.007,True,True,False
18.900,dynamic_lock,True,APPROACH_TARGET_OFFSET mode=AUTO nav_goal=TARGET_INSPECTION,AUTO,0.000,0.350,1.771,-0.007,True,True,False
18.900,object_goal_state,REJECT cooldown source=elevated_dynamic_target remaining_sec=4.40,APPROACH_TARGET_OFFSET mode=AUTO nav_goal=TARGET_INSPECTION,AUTO,0.000,0.350,1.771,-0.007,True,True,False
19.000,bird_confirmed,True,APPROACH_TARGET_OFFSET mode=AUTO nav_goal=TARGET_INSPECTION,AUTO,0.000,0.350,1.769,-0.007,True,True,False
19.000,sound_state,IDLE_NO_REQUEST,APPROACH_TARGET_OFFSET mode=AUTO nav_goal=TARGET_INSPECTION,AUTO,0.000,0.350,1.769,-0.007,True,True,False
19.000,sound_done,False,APPROACH_TARGET_OFFSET mode=AUTO nav_goal=TARGET_INSPECTION,AUTO,0.000,0.350,1.769,-0.007,True,True,False
19.000,classification,GAZEBO_FAKE_YOLO11S_CLASSIFICATION class=bird,APPROACH_TARGET_OFFSET mode=AUTO nav_goal=TARGET_INSPECTION,AUTO,0.000,0.350,1.769,-0.007,True,True,False
19.000,dynamic_target,count=1 x=-0.30 y=1.36 z=3.24,APPROACH_TARGET_OFFSET mode=AUTO nav_goal=TARGET_INSPECTION,AUTO,0.000,0.350,1.769,-0.007,True,True,False
19.000,object_goal_state,REJECT cooldown source=elevated_dynamic_target remaining_sec=4.30,APPROACH_TARGET_OFFSET mode=AUTO nav_goal=TARGET_INSPECTION,AUTO,0.000,0.350,1.769,-0.007,True,True,False
19.000,dynamic_lock,True,APPROACH_TARGET_OFFSET mode=AUTO nav_goal=TARGET_INSPECTION,AUTO,0.000,0.350,1.769,-0.007,True,True,False
19.000,mission_state,APPROACH_TARGET_OFFSET mode=AUTO nav_goal=TARGET_INSPECTION,APPROACH_TARGET_OFFSET mode=AUTO nav_goal=TARGET_INSPECTION,AUTO,0.000,0.350,1.769,-0.007,True,True,False
19.100,classification,GAZEBO_FAKE_YOLO11S_CLASSIFICATION class=bird,APPROACH_TARGET_OFFSET mode=AUTO nav_goal=TARGET_INSPECTION,AUTO,0.000,0.350,1.769,-0.007,True,True,False
19.100,bird_confirmed,True,APPROACH_TARGET_OFFSET mode=AUTO nav_goal=TARGET_INSPECTION,AUTO,0.000,0.350,1.769,-0.007,True,True,False
19.200,mission_state,APPROACH_TARGET_OFFSET mode=AUTO nav_goal=TARGET_INSPECTION,APPROACH_TARGET_OFFSET mode=AUTO nav_goal=TARGET_INSPECTION,AUTO,0.000,0.350,1.771,-0.007,True,True,False
19.200,classification,GAZEBO_FAKE_YOLO11S_CLASSIFICATION class=bird,APPROACH_TARGET_OFFSET mode=AUTO nav_goal=TARGET_INSPECTION,AUTO,0.000,0.350,1.771,-0.007,True,True,False
19.200,bird_confirmed,True,APPROACH_TARGET_OFFSET mode=AUTO nav_goal=TARGET_INSPECTION,AUTO,0.000,0.350,1.771,-0.007,True,True,False
19.200,sound_state,IDLE_NO_REQUEST,APPROACH_TARGET_OFFSET mode=AUTO nav_goal=TARGET_INSPECTION,AUTO,0.000,0.350,1.771,-0.007,True,True,False
19.200,sound_done,False,APPROACH_TARGET_OFFSET mode=AUTO nav_goal=TARGET_INSPECTION,AUTO,0.000,0.350,1.771,-0.007,True,True,False
19.200,dynamic_target,count=1 x=-0.40 y=0.99 z=3.23,APPROACH_TARGET_OFFSET mode=AUTO nav_goal=TARGET_INSPECTION,AUTO,0.000,0.350,1.770,-0.007,True,True,False
19.200,dynamic_lock,True,APPROACH_TARGET_OFFSET mode=AUTO nav_goal=TARGET_INSPECTION,AUTO,0.000,0.350,1.770,-0.007,True,True,False
19.200,object_goal_state,REJECT cooldown source=elevated_dynamic_target remaining_sec=4.10,APPROACH_TARGET_OFFSET mode=AUTO nav_goal=TARGET_INSPECTION,AUTO,0.000,0.350,1.770,-0.007,True,True,False
19.200,dynamic_target,count=1 x=-0.40 y=0.99 z=3.23,APPROACH_TARGET_OFFSET mode=AUTO nav_goal=TARGET_INSPECTION,AUTO,0.000,0.350,1.770,-0.007,True,True,False
19.200,dynamic_lock,True,APPROACH_TARGET_OFFSET mode=AUTO nav_goal=TARGET_INSPECTION,AUTO,0.000,0.350,1.770,-0.007,True,True,False
19.200,object_goal_state,REJECT cooldown source=elevated_dynamic_target remaining_sec=4.10,APPROACH_TARGET_OFFSET mode=AUTO nav_goal=TARGET_INSPECTION,AUTO,0.000,0.350,1.770,-0.007,True,True,False
19.300,classification,GAZEBO_FAKE_YOLO11S_CLASSIFICATION class=bird,APPROACH_TARGET_OFFSET mode=AUTO nav_goal=TARGET_INSPECTION,AUTO,0.000,0.350,1.769,-0.007,True,True,False
19.300,bird_confirmed,True,APPROACH_TARGET_OFFSET mode=AUTO nav_goal=TARGET_INSPECTION,AUTO,0.000,0.350,1.769,-0.007,True,True,False
19.400,mission_state,APPROACH_TARGET_OFFSET mode=AUTO nav_goal=TARGET_INSPECTION,APPROACH_TARGET_OFFSET mode=AUTO nav_goal=TARGET_INSPECTION,AUTO,0.120,0.350,1.765,-0.002,True,True,False
19.400,classification,GAZEBO_FAKE_YOLO11S_CLASSIFICATION class=bird,APPROACH_TARGET_OFFSET mode=AUTO nav_goal=TARGET_INSPECTION,AUTO,0.120,0.350,1.765,-0.002,True,True,False
19.400,bird_confirmed,True,APPROACH_TARGET_OFFSET mode=AUTO nav_goal=TARGET_INSPECTION,AUTO,0.120,0.350,1.765,-0.002,True,True,False
19.400,sound_state,IDLE_NO_REQUEST,APPROACH_TARGET_OFFSET mode=AUTO nav_goal=TARGET_INSPECTION,AUTO,0.120,0.350,1.765,-0.002,True,True,False
19.400,sound_done,False,APPROACH_TARGET_OFFSET mode=AUTO nav_goal=TARGET_INSPECTION,AUTO,0.120,0.350,1.765,-0.002,True,True,False
19.400,dynamic_target,count=1 x=-0.40 y=0.99 z=3.23,APPROACH_TARGET_OFFSET mode=AUTO nav_goal=TARGET_INSPECTION,AUTO,0.120,0.350,1.765,-0.002,True,True,False
19.400,dynamic_lock,True,APPROACH_TARGET_OFFSET mode=AUTO nav_goal=TARGET_INSPECTION,AUTO,0.120,0.350,1.765,-0.002,True,True,False
19.400,object_goal_state,REJECT cooldown source=elevated_dynamic_target remaining_sec=3.90,APPROACH_TARGET_OFFSET mode=AUTO nav_goal=TARGET_INSPECTION,AUTO,0.120,0.350,1.765,-0.002,True,True,False
19.500,classification,GAZEBO_FAKE_YOLO11S_CLASSIFICATION class=bird,APPROACH_TARGET_OFFSET mode=AUTO nav_goal=TARGET_INSPECTION,AUTO,0.120,0.350,1.757,0.014,True,True,False
19.500,bird_confirmed,True,APPROACH_TARGET_OFFSET mode=AUTO nav_goal=TARGET_INSPECTION,AUTO,0.120,0.350,1.757,0.014,True,True,False
19.500,dynamic_target,count=1 x=-0.40 y=1.12 z=3.23,APPROACH_TARGET_OFFSET mode=AUTO nav_goal=TARGET_INSPECTION,AUTO,0.120,0.350,1.756,0.015,True,True,False
19.500,dynamic_lock,True,APPROACH_TARGET_OFFSET mode=AUTO nav_goal=TARGET_INSPECTION,AUTO,0.120,0.350,1.756,0.015,True,True,False
19.500,object_goal_state,REJECT cooldown source=elevated_dynamic_target remaining_sec=3.80,APPROACH_TARGET_OFFSET mode=AUTO nav_goal=TARGET_INSPECTION,AUTO,0.120,0.350,1.756,0.015,True,True,False
19.600,sound_done,False,APPROACH_TARGET_OFFSET mode=AUTO nav_goal=TARGET_INSPECTION,AUTO,0.120,0.350,1.748,0.030,True,True,False
19.600,classification,GAZEBO_FAKE_YOLO11S_CLASSIFICATION class=bird,APPROACH_TARGET_OFFSET mode=AUTO nav_goal=TARGET_INSPECTION,AUTO,0.120,0.350,1.748,0.030,True,True,False
19.600,bird_confirmed,True,APPROACH_TARGET_OFFSET mode=AUTO nav_goal=TARGET_INSPECTION,AUTO,0.120,0.350,1.748,0.030,True,True,False
19.600,sound_state,IDLE_NO_REQUEST,APPROACH_TARGET_OFFSET mode=AUTO nav_goal=TARGET_INSPECTION,AUTO,0.120,0.350,1.748,0.030,True,True,False
19.600,mission_state,APPROACH_TARGET_OFFSET mode=AUTO nav_goal=TARGET_INSPECTION,APPROACH_TARGET_OFFSET mode=AUTO nav_goal=TARGET_INSPECTION,AUTO,0.120,0.350,1.748,0.030,True,True,False
19.600,dynamic_target,count=1 x=-0.40 y=1.12 z=3.23,APPROACH_TARGET_OFFSET mode=AUTO nav_goal=TARGET_INSPECTION,AUTO,0.120,0.350,1.742,0.039,True,True,False
19.600,dynamic_lock,True,APPROACH_TARGET_OFFSET mode=AUTO nav_goal=TARGET_INSPECTION,AUTO,0.120,0.350,1.742,0.039,True,True,False
19.600,object_goal_state,REJECT cooldown source=elevated_dynamic_target remaining_sec=3.70,APPROACH_TARGET_OFFSET mode=AUTO nav_goal=TARGET_INSPECTION,AUTO,0.120,0.350,1.742,0.039,True,True,False
19.700,classification,GAZEBO_FAKE_YOLO11S_CLASSIFICATION class=bird,APPROACH_TARGET_OFFSET mode=AUTO nav_goal=TARGET_INSPECTION,AUTO,0.120,0.350,1.738,0.046,True,True,False
19.700,bird_confirmed,True,APPROACH_TARGET_OFFSET mode=AUTO nav_goal=TARGET_INSPECTION,AUTO,0.120,0.350,1.738,0.046,True,True,False
19.700,object_goal_state,REJECT cooldown source=elevated_dynamic_target remaining_sec=3.60,APPROACH_TARGET_OFFSET mode=AUTO nav_goal=TARGET_INSPECTION,AUTO,0.120,0.350,1.729,0.060,True,True,False
19.700,dynamic_target,count=1 x=-0.48 y=0.83 z=3.21,APPROACH_TARGET_OFFSET mode=AUTO nav_goal=TARGET_INSPECTION,AUTO,0.120,0.350,1.729,0.060,True,True,False
19.700,dynamic_lock,True,APPROACH_TARGET_OFFSET mode=AUTO nav_goal=TARGET_INSPECTION,AUTO,0.120,0.350,1.729,0.060,True,True,False
19.800,mission_state,APPROACH_TARGET_OFFSET mode=AUTO nav_goal=TARGET_INSPECTION,APPROACH_TARGET_OFFSET mode=AUTO nav_goal=TARGET_INSPECTION,AUTO,0.120,0.350,1.728,0.061,True,True,False
19.800,classification,GAZEBO_FAKE_YOLO11S_CLASSIFICATION class=bird,APPROACH_TARGET_OFFSET mode=AUTO nav_goal=TARGET_INSPECTION,AUTO,0.120,0.350,1.728,0.061,True,True,False
19.800,bird_confirmed,True,APPROACH_TARGET_OFFSET mode=AUTO nav_goal=TARGET_INSPECTION,AUTO,0.120,0.350,1.728,0.061,True,True,False
19.800,sound_state,IDLE_NO_REQUEST,APPROACH_TARGET_OFFSET mode=AUTO nav_goal=TARGET_INSPECTION,AUTO,0.120,0.350,1.728,0.061,True,True,False
19.800,sound_done,False,APPROACH_TARGET_OFFSET mode=AUTO nav_goal=TARGET_INSPECTION,AUTO,0.120,0.350,1.728,0.061,True,True,False
19.800,object_goal_state,REJECT cooldown source=elevated_dynamic_target remaining_sec=3.50,APPROACH_TARGET_OFFSET mode=AUTO nav_goal=TARGET_INSPECTION,AUTO,0.120,0.350,1.728,0.061,True,True,False
19.800,dynamic_target,count=1 x=-0.48 y=0.83 z=3.21,APPROACH_TARGET_OFFSET mode=AUTO nav_goal=TARGET_INSPECTION,AUTO,0.120,0.350,1.728,0.061,True,True,False
19.800,dynamic_lock,True,APPROACH_TARGET_OFFSET mode=AUTO nav_goal=TARGET_INSPECTION,AUTO,0.120,0.350,1.728,0.061,True,True,False
19.900,bird_confirmed,True,APPROACH_TARGET_OFFSET mode=AUTO nav_goal=TARGET_INSPECTION,AUTO,0.120,0.350,1.716,0.076,True,True,False
19.900,classification,GAZEBO_FAKE_YOLO11S_CLASSIFICATION class=bird,APPROACH_TARGET_OFFSET mode=AUTO nav_goal=TARGET_INSPECTION,AUTO,0.120,0.350,1.716,0.076,True,True,False
20.000,sound_state,IDLE_NO_REQUEST,APPROACH_TARGET_OFFSET mode=AUTO nav_goal=TARGET_INSPECTION,AUTO,0.120,0.350,1.703,0.090,True,True,False
20.000,sound_done,False,APPROACH_TARGET_OFFSET mode=AUTO nav_goal=TARGET_INSPECTION,AUTO,0.120,0.350,1.703,0.090,True,True,False
20.000,mission_state,APPROACH_TARGET_OFFSET mode=AUTO nav_goal=TARGET_INSPECTION,APPROACH_TARGET_OFFSET mode=AUTO nav_goal=TARGET_INSPECTION,AUTO,0.120,0.350,1.703,0.090,True,True,False
20.000,classification,GAZEBO_FAKE_YOLO11S_CLASSIFICATION class=bird,APPROACH_TARGET_OFFSET mode=AUTO nav_goal=TARGET_INSPECTION,AUTO,0.120,0.350,1.703,0.090,True,True,False
20.000,bird_confirmed,True,APPROACH_TARGET_OFFSET mode=AUTO nav_goal=TARGET_INSPECTION,AUTO,0.120,0.350,1.703,0.090,True,True,False
20.100,dynamic_target,count=1 x=-0.48 y=0.83 z=3.21,APPROACH_TARGET_OFFSET mode=AUTO nav_goal=TARGET_INSPECTION,AUTO,0.120,0.350,1.691,0.105,True,True,False
20.100,classification,GAZEBO_FAKE_YOLO11S_CLASSIFICATION class=bird,APPROACH_TARGET_OFFSET mode=AUTO nav_goal=TARGET_INSPECTION,AUTO,0.120,0.350,1.691,0.105,True,True,False
20.100,bird_confirmed,True,APPROACH_TARGET_OFFSET mode=AUTO nav_goal=TARGET_INSPECTION,AUTO,0.120,0.350,1.691,0.105,True,True,False
20.100,dynamic_lock,True,APPROACH_TARGET_OFFSET mode=AUTO nav_goal=TARGET_INSPECTION,AUTO,0.120,0.350,1.691,0.105,True,True,False
20.100,object_goal_state,REJECT cooldown source=elevated_dynamic_target remaining_sec=3.20,APPROACH_TARGET_OFFSET mode=AUTO nav_goal=TARGET_INSPECTION,AUTO,0.120,0.350,1.691,0.105,True,True,False
20.100,classification,GAZEBO_FAKE_YOLO11S_CLASSIFICATION class=bird,APPROACH_TARGET_OFFSET mode=AUTO nav_goal=TARGET_INSPECTION,AUTO,0.120,0.350,1.679,0.119,True,True,False
20.100,bird_confirmed,True,APPROACH_TARGET_OFFSET mode=AUTO nav_goal=TARGET_INSPECTION,AUTO,0.120,0.350,1.679,0.119,True,True,False
20.100,sound_done,False,APPROACH_TARGET_OFFSET mode=AUTO nav_goal=TARGET_INSPECTION,AUTO,0.120,0.350,1.679,0.119,True,True,False
20.100,mission_state,APPROACH_TARGET_OFFSET mode=AUTO nav_goal=TARGET_INSPECTION,APPROACH_TARGET_OFFSET mode=AUTO nav_goal=TARGET_INSPECTION,AUTO,0.120,0.350,1.679,0.119,True,True,False
20.100,sound_state,IDLE_NO_REQUEST,APPROACH_TARGET_OFFSET mode=AUTO nav_goal=TARGET_INSPECTION,AUTO,0.120,0.350,1.679,0.119,True,True,False
20.100,dynamic_target,count=1 x=-0.48 y=0.83 z=3.21,APPROACH_TARGET_OFFSET mode=AUTO nav_goal=TARGET_INSPECTION,AUTO,0.120,0.350,1.676,0.121,True,True,False
20.100,dynamic_lock,True,APPROACH_TARGET_OFFSET mode=AUTO nav_goal=TARGET_INSPECTION,AUTO,0.120,0.350,1.676,0.121,True,True,False
20.100,object_goal_state,REJECT cooldown source=elevated_dynamic_target remaining_sec=3.10,APPROACH_TARGET_OFFSET mode=AUTO nav_goal=TARGET_INSPECTION,AUTO,0.120,0.350,1.676,0.121,True,True,False
20.300,classification,GAZEBO_FAKE_YOLO11S_CLASSIFICATION class=bird,APPROACH_TARGET_OFFSET mode=AUTO nav_goal=TARGET_INSPECTION,AUTO,0.120,0.350,1.666,0.133,True,True,False
20.300,bird_confirmed,True,APPROACH_TARGET_OFFSET mode=AUTO nav_goal=TARGET_INSPECTION,AUTO,0.120,0.350,1.666,0.133,True,True,False
20.400,mission_state,APPROACH_TARGET_OFFSET mode=AUTO nav_goal=TARGET_INSPECTION,APPROACH_TARGET_OFFSET mode=AUTO nav_goal=TARGET_INSPECTION,AUTO,0.120,0.350,1.652,0.146,True,True,False
20.400,dynamic_target,count=1 x=-0.48 y=0.83 z=3.21,APPROACH_TARGET_OFFSET mode=AUTO nav_goal=TARGET_INSPECTION,AUTO,0.120,0.350,1.652,0.146,True,True,False
20.400,dynamic_lock,True,APPROACH_TARGET_OFFSET mode=AUTO nav_goal=TARGET_INSPECTION,AUTO,0.120,0.350,1.652,0.146,True,True,False
20.400,classification,GAZEBO_FAKE_YOLO11S_CLASSIFICATION class=bird,APPROACH_TARGET_OFFSET mode=AUTO nav_goal=TARGET_INSPECTION,AUTO,0.120,0.350,1.652,0.146,True,True,False
20.400,bird_confirmed,True,APPROACH_TARGET_OFFSET mode=AUTO nav_goal=TARGET_INSPECTION,AUTO,0.120,0.350,1.652,0.146,True,True,False
20.400,sound_state,IDLE_NO_REQUEST,APPROACH_TARGET_OFFSET mode=AUTO nav_goal=TARGET_INSPECTION,AUTO,0.120,0.350,1.652,0.146,True,True,False
20.400,sound_done,False,APPROACH_TARGET_OFFSET mode=AUTO nav_goal=TARGET_INSPECTION,AUTO,0.120,0.350,1.652,0.146,True,True,False
20.400,mission_event,timestamp=20.400 mission_id=0 target_mission_id=1 state=APPROACH_TARGET_OFFSET event_type=SIM_NAV_GOAL_ARRIVED reason=TARGET_INSPECTION waypoint_index=2,APPROACH_TARGET_OFFSET mode=AUTO nav_goal=TARGET_INSPECTION,AUTO,0.120,0.350,1.652,0.146,True,True,False
20.400,object_goal_state,REJECT cooldown source=elevated_dynamic_target remaining_sec=2.90,APPROACH_TARGET_OFFSET mode=AUTO nav_goal=TARGET_INSPECTION,AUTO,0.120,0.350,1.652,0.146,True,True,False
20.400,mission_event,timestamp=20.400 mission_id=0 target_mission_id=1 state=APPROACH_TARGET_OFFSET event_type=NAV2_GOAL_SUCCEEDED reason=TARGET_INSPECTION waypoint_index=2,APPROACH_TARGET_OFFSET mode=AUTO nav_goal=TARGET_INSPECTION,AUTO,0.120,0.350,1.652,0.146,True,True,False
20.400,mission_event,timestamp=20.400 mission_id=0 target_mission_id=1 state=TARGET_REACHED event_type=STATE_CHANGE reason=previous=APPROACH_TARGET_OFFSET next=TARGET_REACHED reason=inspection_offset_goal_reached waypoint_index=2,APPROACH_TARGET_OFFSET mode=AUTO nav_goal=TARGET_INSPECTION,AUTO,0.120,0.350,1.652,0.146,True,True,False
20.500,classification,GAZEBO_FAKE_YOLO11S_CLASSIFICATION class=bird,APPROACH_TARGET_OFFSET mode=AUTO nav_goal=TARGET_INSPECTION,AUTO,0.120,0.350,1.637,0.159,True,True,False
20.500,bird_confirmed,True,APPROACH_TARGET_OFFSET mode=AUTO nav_goal=TARGET_INSPECTION,AUTO,0.120,0.350,1.637,0.159,True,True,False
20.600,classification,GAZEBO_FAKE_YOLO11S_CLASSIFICATION class=bird,APPROACH_TARGET_OFFSET mode=AUTO nav_goal=TARGET_INSPECTION,AUTO,0.120,0.350,1.624,0.171,True,True,False
20.600,bird_confirmed,True,APPROACH_TARGET_OFFSET mode=AUTO nav_goal=TARGET_INSPECTION,AUTO,0.120,0.350,1.624,0.171,True,True,False
20.600,sound_state,IDLE_NO_REQUEST,APPROACH_TARGET_OFFSET mode=AUTO nav_goal=TARGET_INSPECTION,AUTO,0.120,0.350,1.624,0.171,True,True,False
20.600,sound_done,False,APPROACH_TARGET_OFFSET mode=AUTO nav_goal=TARGET_INSPECTION,AUTO,0.120,0.350,1.624,0.171,True,True,False
20.600,mission_state,TARGET_REACHED mode=AUTO nav_goal=NONE,TARGET_REACHED mode=AUTO nav_goal=NONE,AUTO,0.120,0.350,1.624,0.171,True,True,False
20.600,mission_event,timestamp=20.600 mission_id=0 target_mission_id=1 state=TARGET_REACHED event_type=CAMERA_AIM_REQUESTED reason=target_goal_reached waypoint_index=2,TARGET_REACHED mode=AUTO nav_goal=NONE,AUTO,0.120,0.350,1.624,0.171,True,True,False
20.600,dynamic_target,count=1 x=-0.48 y=0.83 z=3.21,TARGET_REACHED mode=AUTO nav_goal=NONE,AUTO,0.120,0.350,1.624,0.171,True,True,False
20.600,dynamic_lock,True,TARGET_REACHED mode=AUTO nav_goal=NONE,AUTO,0.120,0.350,1.624,0.171,True,True,False
20.600,mission_event,timestamp=20.600 mission_id=0 target_mission_id=1 state=CAMERA_ALIGN_TO_TARGET event_type=STATE_CHANGE reason=previous=TARGET_REACHED next=CAMERA_ALIGN_TO_TARGET reason=target_goal_reached waypoint_index=2,TARGET_REACHED mode=AUTO nav_goal=NONE,AUTO,0.040,0.230,1.624,0.171,True,True,False
20.600,object_goal_state,REJECT cooldown source=elevated_dynamic_target remaining_sec=2.70,TARGET_REACHED mode=AUTO nav_goal=NONE,AUTO,0.040,0.230,1.624,0.171,True,True,False
20.700,classification,GAZEBO_FAKE_YOLO11S_CLASSIFICATION camera_alignment_requested=true class=bird,TARGET_REACHED mode=AUTO nav_goal=NONE,AUTO,0.000,0.110,1.615,0.179,True,True,False
20.700,bird_confirmed,True,TARGET_REACHED mode=AUTO nav_goal=NONE,AUTO,0.000,0.110,1.615,0.179,True,True,False
20.700,camera_alignment,CAMERA_ALIGNMENT mode=logical centered=False bearing=0.410 tilt_cmd=-0.700 joint_publish=False,TARGET_REACHED mode=AUTO nav_goal=NONE,AUTO,0.000,0.000,1.615,0.179,True,True,False
20.800,classification,GAZEBO_FAKE_YOLO11S_CLASSIFICATION camera_alignment_requested=true class=bird,TARGET_REACHED mode=AUTO nav_goal=NONE,AUTO,0.000,0.000,1.613,0.179,True,True,False
20.800,bird_confirmed,True,TARGET_REACHED mode=AUTO nav_goal=NONE,AUTO,0.000,0.000,1.613,0.179,True,True,False
20.800,mission_state,CAMERA_ALIGN_TO_TARGET mode=AUTO nav_goal=NONE,CAMERA_ALIGN_TO_TARGET mode=AUTO nav_goal=NONE,AUTO,0.000,0.000,1.613,0.179,True,True,False
20.800,sound_state,IDLE_NO_REQUEST,CAMERA_ALIGN_TO_TARGET mode=AUTO nav_goal=NONE,AUTO,0.000,0.000,1.613,0.179,True,True,False
20.800,sound_done,False,CAMERA_ALIGN_TO_TARGET mode=AUTO nav_goal=NONE,AUTO,0.000,0.000,1.613,0.179,True,True,False
20.800,mission_event,timestamp=20.800 mission_id=0 target_mission_id=1 state=CAMERA_ALIGN_TO_TARGET event_type=CAMERA_AIM_REQUESTED reason=aligning waypoint_index=2,CAMERA_ALIGN_TO_TARGET mode=AUTO nav_goal=NONE,AUTO,0.000,0.000,1.613,0.179,True,True,False
20.800,camera_alignment,CAMERA_ALIGNMENT mode=logical centered=False bearing=0.410 tilt_cmd=-0.700 joint_publish=False,CAMERA_ALIGN_TO_TARGET mode=AUTO nav_goal=NONE,AUTO,0.000,0.000,1.613,0.179,True,True,False
20.900,classification,GAZEBO_FAKE_YOLO11S_CLASSIFICATION camera_alignment_requested=true class=bird,CAMERA_ALIGN_TO_TARGET mode=AUTO nav_goal=NONE,AUTO,0.000,0.000,1.613,0.179,True,True,False
20.900,bird_confirmed,True,CAMERA_ALIGN_TO_TARGET mode=AUTO nav_goal=NONE,AUTO,0.000,0.000,1.613,0.179,True,True,False
20.900,camera_alignment,CAMERA_ALIGNMENT mode=logical centered=False bearing=0.410 tilt_cmd=-0.700 joint_publish=False,CAMERA_ALIGN_TO_TARGET mode=AUTO nav_goal=NONE,AUTO,0.000,0.000,1.613,0.179,True,True,False
21.000,mission_state,CAMERA_ALIGN_TO_TARGET mode=AUTO nav_goal=NONE,CAMERA_ALIGN_TO_TARGET mode=AUTO nav_goal=NONE,AUTO,0.000,0.000,1.613,0.179,True,True,False
21.000,camera_alignment,CAMERA_ALIGNMENT mode=logical centered=False bearing=0.410 tilt_cmd=-0.700 joint_publish=False,CAMERA_ALIGN_TO_TARGET mode=AUTO nav_goal=NONE,AUTO,0.000,0.000,1.613,0.179,True,True,False
21.000,classification,GAZEBO_FAKE_YOLO11S_CLASSIFICATION camera_alignment_requested=true class=bird,CAMERA_ALIGN_TO_TARGET mode=AUTO nav_goal=NONE,AUTO,0.000,0.000,1.613,0.179,True,True,False
21.000,bird_confirmed,True,CAMERA_ALIGN_TO_TARGET mode=AUTO nav_goal=NONE,AUTO,0.000,0.000,1.613,0.179,True,True,False
21.000,sound_state,IDLE_NO_REQUEST,CAMERA_ALIGN_TO_TARGET mode=AUTO nav_goal=NONE,AUTO,0.000,0.000,1.613,0.179,True,True,False
21.000,sound_done,False,CAMERA_ALIGN_TO_TARGET mode=AUTO nav_goal=NONE,AUTO,0.000,0.000,1.613,0.179,True,True,False
21.000,mission_event,timestamp=21.000 mission_id=0 target_mission_id=1 state=CAMERA_ALIGN_TO_TARGET event_type=CAMERA_AIM_REQUESTED reason=aligning waypoint_index=2,CAMERA_ALIGN_TO_TARGET mode=AUTO nav_goal=NONE,AUTO,0.000,0.000,1.613,0.179,True,True,False
21.100,camera_alignment,CAMERA_ALIGNMENT mode=logical centered=False bearing=0.410 tilt_cmd=-0.700 joint_publish=False,CAMERA_ALIGN_TO_TARGET mode=AUTO nav_goal=NONE,AUTO,0.000,0.000,1.613,0.179,True,True,False
21.100,classification,GAZEBO_FAKE_YOLO11S_CLASSIFICATION camera_alignment_requested=true class=bird,CAMERA_ALIGN_TO_TARGET mode=AUTO nav_goal=NONE,AUTO,0.000,0.000,1.613,0.179,True,True,False
21.100,bird_confirmed,True,CAMERA_ALIGN_TO_TARGET mode=AUTO nav_goal=NONE,AUTO,0.000,0.000,1.613,0.179,True,True,False
21.200,camera_alignment,CAMERA_ALIGNMENT mode=logical centered=False bearing=0.410 tilt_cmd=-0.700 joint_publish=False,CAMERA_ALIGN_TO_TARGET mode=AUTO nav_goal=NONE,AUTO,0.000,0.240,1.613,0.179,True,True,False
21.200,sound_done,False,CAMERA_ALIGN_TO_TARGET mode=AUTO nav_goal=NONE,AUTO,0.000,0.240,1.613,0.179,True,True,False
21.200,sound_state,IDLE_NO_REQUEST,CAMERA_ALIGN_TO_TARGET mode=AUTO nav_goal=NONE,AUTO,0.000,0.240,1.613,0.179,True,True,False
21.200,bird_confirmed,True,CAMERA_ALIGN_TO_TARGET mode=AUTO nav_goal=NONE,AUTO,0.000,0.240,1.613,0.179,True,True,False
21.200,mission_state,CAMERA_ALIGN_TO_TARGET mode=AUTO nav_goal=NONE,CAMERA_ALIGN_TO_TARGET mode=AUTO nav_goal=NONE,AUTO,0.000,0.240,1.613,0.179,True,True,False
21.200,mission_event,timestamp=21.200 mission_id=0 target_mission_id=1 state=CAMERA_ALIGN_TO_TARGET event_type=CAMERA_AIM_REQUESTED reason=aligning waypoint_index=2,CAMERA_ALIGN_TO_TARGET mode=AUTO nav_goal=NONE,AUTO,0.000,0.240,1.613,0.179,True,True,False
21.200,classification,GAZEBO_FAKE_YOLO11S_CLASSIFICATION camera_alignment_requested=true class=bird,CAMERA_ALIGN_TO_TARGET mode=AUTO nav_goal=NONE,AUTO,0.000,0.240,1.613,0.179,True,True,False
21.300,camera_alignment,CAMERA_ALIGNMENT mode=logical centered=False bearing=0.410 tilt_cmd=-0.700 joint_publish=False,CAMERA_ALIGN_TO_TARGET mode=AUTO nav_goal=NONE,AUTO,0.000,0.350,1.612,0.179,True,True,False
21.300,bird_confirmed,True,CAMERA_ALIGN_TO_TARGET mode=AUTO nav_goal=NONE,AUTO,0.000,0.350,1.612,0.179,True,True,False
21.300,classification,GAZEBO_FAKE_YOLO11S_CLASSIFICATION camera_alignment_requested=true class=bird,CAMERA_ALIGN_TO_TARGET mode=AUTO nav_goal=NONE,AUTO,0.000,0.350,1.612,0.179,True,True,False
21.400,sound_done,False,CAMERA_ALIGN_TO_TARGET mode=AUTO nav_goal=NONE,AUTO,0.000,0.350,1.613,0.179,True,True,False
21.400,classification,GAZEBO_FAKE_YOLO11S_CLASSIFICATION camera_alignment_requested=true class=bird,CAMERA_ALIGN_TO_TARGET mode=AUTO nav_goal=NONE,AUTO,0.000,0.350,1.613,0.179,True,True,False
21.400,bird_confirmed,True,CAMERA_ALIGN_TO_TARGET mode=AUTO nav_goal=NONE,AUTO,0.000,0.350,1.613,0.179,True,True,False
21.400,sound_state,IDLE_NO_REQUEST,CAMERA_ALIGN_TO_TARGET mode=AUTO nav_goal=NONE,AUTO,0.000,0.350,1.613,0.179,True,True,False
21.400,mission_state,CAMERA_ALIGN_TO_TARGET mode=AUTO nav_goal=NONE,CAMERA_ALIGN_TO_TARGET mode=AUTO nav_goal=NONE,AUTO,0.000,0.350,1.613,0.179,True,True,False
21.400,camera_alignment,CAMERA_ALIGNMENT mode=logical centered=False bearing=0.410 tilt_cmd=-0.700 joint_publish=False,CAMERA_ALIGN_TO_TARGET mode=AUTO nav_goal=NONE,AUTO,0.000,0.350,1.613,0.179,True,True,False
21.400,mission_event,timestamp=21.400 mission_id=0 target_mission_id=1 state=CAMERA_ALIGN_TO_TARGET event_type=CAMERA_AIM_REQUESTED reason=aligning waypoint_index=2,CAMERA_ALIGN_TO_TARGET mode=AUTO nav_goal=NONE,AUTO,0.000,0.350,1.613,0.179,True,True,False
21.500,camera_alignment,CAMERA_ALIGNMENT mode=logical centered=False bearing=0.410 tilt_cmd=-0.700 joint_publish=False,CAMERA_ALIGN_TO_TARGET mode=AUTO nav_goal=NONE,AUTO,0.000,0.350,1.613,0.179,True,True,False
21.500,classification,GAZEBO_FAKE_YOLO11S_CLASSIFICATION camera_alignment_requested=true class=bird,CAMERA_ALIGN_TO_TARGET mode=AUTO nav_goal=NONE,AUTO,0.000,0.350,1.613,0.179,True,True,False
21.500,bird_confirmed,True,CAMERA_ALIGN_TO_TARGET mode=AUTO nav_goal=NONE,AUTO,0.000,0.350,1.613,0.179,True,True,False
21.600,mission_state,CAMERA_ALIGN_TO_TARGET mode=AUTO nav_goal=NONE,CAMERA_ALIGN_TO_TARGET mode=AUTO nav_goal=NONE,AUTO,0.000,0.350,1.613,0.180,True,True,False
21.600,camera_alignment,CAMERA_ALIGNMENT mode=logical centered=False bearing=0.410 tilt_cmd=-0.700 joint_publish=False,CAMERA_ALIGN_TO_TARGET mode=AUTO nav_goal=NONE,AUTO,0.000,0.350,1.613,0.180,True,True,False
21.600,classification,GAZEBO_FAKE_YOLO11S_CLASSIFICATION camera_alignment_requested=true class=bird,CAMERA_ALIGN_TO_TARGET mode=AUTO nav_goal=NONE,AUTO,0.000,0.350,1.613,0.180,True,True,False
21.600,bird_confirmed,True,CAMERA_ALIGN_TO_TARGET mode=AUTO nav_goal=NONE,AUTO,0.000,0.350,1.613,0.180,True,True,False
21.600,sound_state,IDLE_NO_REQUEST,CAMERA_ALIGN_TO_TARGET mode=AUTO nav_goal=NONE,AUTO,0.000,0.350,1.613,0.180,True,True,False
21.600,sound_done,False,CAMERA_ALIGN_TO_TARGET mode=AUTO nav_goal=NONE,AUTO,0.000,0.350,1.613,0.180,True,True,False
21.600,mission_event,timestamp=21.600 mission_id=0 target_mission_id=1 state=CAMERA_ALIGN_TO_TARGET event_type=CAMERA_AIM_REQUESTED reason=aligning waypoint_index=2,CAMERA_ALIGN_TO_TARGET mode=AUTO nav_goal=NONE,AUTO,0.000,0.350,1.613,0.180,True,True,False
21.700,camera_alignment,CAMERA_ALIGNMENT mode=logical centered=False bearing=0.410 tilt_cmd=-0.700 joint_publish=False,CAMERA_ALIGN_TO_TARGET mode=AUTO nav_goal=NONE,AUTO,0.000,0.350,1.613,0.179,True,True,False
21.700,classification,GAZEBO_FAKE_YOLO11S_CLASSIFICATION camera_alignment_requested=true class=bird,CAMERA_ALIGN_TO_TARGET mode=AUTO nav_goal=NONE,AUTO,0.000,0.350,1.613,0.179,True,True,False
21.700,bird_confirmed,True,CAMERA_ALIGN_TO_TARGET mode=AUTO nav_goal=NONE,AUTO,0.000,0.350,1.613,0.179,True,True,False
21.800,mission_state,CAMERA_ALIGN_TO_TARGET mode=AUTO nav_goal=NONE,CAMERA_ALIGN_TO_TARGET mode=AUTO nav_goal=NONE,AUTO,0.000,0.350,1.613,0.180,True,True,False
21.800,mission_event,timestamp=21.800 mission_id=0 target_mission_id=1 state=CAMERA_ALIGN_TO_TARGET event_type=CAMERA_AIM_REQUESTED reason=aligning waypoint_index=2,CAMERA_ALIGN_TO_TARGET mode=AUTO nav_goal=NONE,AUTO,0.000,0.350,1.613,0.180,True,True,False
21.800,dynamic_lock,False,CAMERA_ALIGN_TO_TARGET mode=AUTO nav_goal=NONE,AUTO,0.000,0.350,1.613,0.180,False,True,False
21.800,camera_alignment,CAMERA_ALIGNMENT mode=logical centered=False bearing=0.410 tilt_cmd=-0.700 joint_publish=False,CAMERA_ALIGN_TO_TARGET mode=AUTO nav_goal=NONE,AUTO,0.000,0.350,1.613,0.180,False,True,False
21.800,classification,GAZEBO_FAKE_YOLO11S_CLASSIFICATION camera_alignment_requested=true class=bird,CAMERA_ALIGN_TO_TARGET mode=AUTO nav_goal=NONE,AUTO,0.000,0.350,1.613,0.180,False,True,False
21.800,bird_confirmed,True,CAMERA_ALIGN_TO_TARGET mode=AUTO nav_goal=NONE,AUTO,0.000,0.350,1.613,0.180,False,True,False
21.800,sound_state,IDLE_NO_REQUEST,CAMERA_ALIGN_TO_TARGET mode=AUTO nav_goal=NONE,AUTO,0.000,0.350,1.613,0.180,False,True,False
21.800,sound_done,False,CAMERA_ALIGN_TO_TARGET mode=AUTO nav_goal=NONE,AUTO,0.000,0.350,1.613,0.180,False,True,False
21.900,camera_alignment,CAMERA_ALIGNMENT mode=logical centered=False bearing=0.410 tilt_cmd=-0.700 joint_publish=False,CAMERA_ALIGN_TO_TARGET mode=AUTO nav_goal=NONE,AUTO,0.000,0.350,1.614,0.180,False,True,False
21.900,classification,GAZEBO_FAKE_YOLO11S_CLASSIFICATION camera_alignment_requested=true class=bird,CAMERA_ALIGN_TO_TARGET mode=AUTO nav_goal=NONE,AUTO,0.000,0.350,1.614,0.180,False,True,False
21.900,bird_confirmed,True,CAMERA_ALIGN_TO_TARGET mode=AUTO nav_goal=NONE,AUTO,0.000,0.350,1.614,0.180,False,True,False
22.000,sound_state,IDLE_NO_REQUEST,CAMERA_ALIGN_TO_TARGET mode=AUTO nav_goal=NONE,AUTO,0.000,0.350,1.613,0.179,False,True,False
22.000,sound_done,False,CAMERA_ALIGN_TO_TARGET mode=AUTO nav_goal=NONE,AUTO,0.000,0.350,1.613,0.179,False,True,False
22.000,classification,GAZEBO_FAKE_YOLO11S_CLASSIFICATION camera_alignment_requested=true class=bird,CAMERA_ALIGN_TO_TARGET mode=AUTO nav_goal=NONE,AUTO,0.000,0.350,1.613,0.179,False,True,False
22.000,bird_confirmed,True,CAMERA_ALIGN_TO_TARGET mode=AUTO nav_goal=NONE,AUTO,0.000,0.350,1.613,0.179,False,True,False
22.000,camera_alignment,CAMERA_ALIGNMENT mode=logical centered=False bearing=0.410 tilt_cmd=-0.700 joint_publish=False,CAMERA_ALIGN_TO_TARGET mode=AUTO nav_goal=NONE,AUTO,0.000,0.350,1.613,0.179,False,True,False
22.100,camera_alignment,CAMERA_ALIGNMENT mode=logical centered=False bearing=0.410 tilt_cmd=-0.700 joint_publish=False,CAMERA_ALIGN_TO_TARGET mode=AUTO nav_goal=NONE,AUTO,0.000,0.350,1.614,0.180,False,True,False
22.100,bird_confirmed,True,CAMERA_ALIGN_TO_TARGET mode=AUTO nav_goal=NONE,AUTO,0.000,0.350,1.614,0.180,False,True,False
22.100,classification,GAZEBO_FAKE_YOLO11S_CLASSIFICATION camera_alignment_requested=true class=bird,CAMERA_ALIGN_TO_TARGET mode=AUTO nav_goal=NONE,AUTO,0.000,0.350,1.614,0.180,False,True,False
22.100,mission_state,CAMERA_ALIGN_TO_TARGET mode=AUTO nav_goal=NONE,CAMERA_ALIGN_TO_TARGET mode=AUTO nav_goal=NONE,AUTO,0.000,0.350,1.614,0.180,False,True,False
22.100,mission_event,timestamp=22.100 mission_id=0 target_mission_id=1 state=CAMERA_ALIGN_TO_TARGET event_type=CAMERA_AIM_REQUESTED reason=aligning waypoint_index=2,CAMERA_ALIGN_TO_TARGET mode=AUTO nav_goal=NONE,AUTO,0.000,0.350,1.614,0.180,False,True,False
22.100,dynamic_lock,False,CAMERA_ALIGN_TO_TARGET mode=AUTO nav_goal=NONE,AUTO,0.000,0.350,1.614,0.180,False,True,False
22.200,classification,GAZEBO_FAKE_YOLO11S_CLASSIFICATION camera_alignment_requested=true class=bird,CAMERA_ALIGN_TO_TARGET mode=AUTO nav_goal=NONE,AUTO,0.000,0.350,1.613,0.179,False,True,False
22.200,bird_confirmed,True,CAMERA_ALIGN_TO_TARGET mode=AUTO nav_goal=NONE,AUTO,0.000,0.350,1.613,0.179,False,True,False
22.200,sound_state,IDLE_NO_REQUEST,CAMERA_ALIGN_TO_TARGET mode=AUTO nav_goal=NONE,AUTO,0.000,0.350,1.613,0.179,False,True,False
22.200,sound_done,False,CAMERA_ALIGN_TO_TARGET mode=AUTO nav_goal=NONE,AUTO,0.000,0.350,1.613,0.179,False,True,False
22.200,mission_state,CAMERA_ALIGN_TO_TARGET mode=AUTO nav_goal=NONE,CAMERA_ALIGN_TO_TARGET mode=AUTO nav_goal=NONE,AUTO,0.000,0.350,1.613,0.179,False,True,False
22.200,mission_event,timestamp=22.200 mission_id=0 target_mission_id=1 state=CAMERA_ALIGN_TO_TARGET event_type=CAMERA_AIM_REQUESTED reason=aligning waypoint_index=2,CAMERA_ALIGN_TO_TARGET mode=AUTO nav_goal=NONE,AUTO,0.000,0.350,1.613,0.179,False,True,False
22.200,dynamic_lock,False,CAMERA_ALIGN_TO_TARGET mode=AUTO nav_goal=NONE,AUTO,0.000,0.350,1.613,0.179,False,True,False
22.200,camera_alignment,CAMERA_ALIGNMENT mode=logical centered=False bearing=0.410 tilt_cmd=-0.700 joint_publish=False,CAMERA_ALIGN_TO_TARGET mode=AUTO nav_goal=NONE,AUTO,0.000,0.350,1.613,0.179,False,True,False
22.300,camera_alignment,CAMERA_ALIGNMENT mode=logical centered=False bearing=0.410 tilt_cmd=-0.700 joint_publish=False,CAMERA_ALIGN_TO_TARGET mode=AUTO nav_goal=NONE,AUTO,0.000,0.350,1.614,0.180,False,True,False
22.300,classification,GAZEBO_FAKE_YOLO11S_CLASSIFICATION camera_alignment_requested=true class=bird,CAMERA_ALIGN_TO_TARGET mode=AUTO nav_goal=NONE,AUTO,0.000,0.350,1.614,0.180,False,True,False
22.300,bird_confirmed,True,CAMERA_ALIGN_TO_TARGET mode=AUTO nav_goal=NONE,AUTO,0.000,0.350,1.614,0.180,False,True,False
22.400,sound_state,IDLE_NO_REQUEST,CAMERA_ALIGN_TO_TARGET mode=AUTO nav_goal=NONE,AUTO,0.000,0.350,1.613,0.179,False,True,False
22.400,sound_done,False,CAMERA_ALIGN_TO_TARGET mode=AUTO nav_goal=NONE,AUTO,0.000,0.350,1.613,0.179,False,True,False
22.400,dynamic_lock,False,CAMERA_ALIGN_TO_TARGET mode=AUTO nav_goal=NONE,AUTO,0.000,0.350,1.613,0.179,False,True,False
22.400,classification,GAZEBO_FAKE_YOLO11S_CLASSIFICATION camera_alignment_requested=true class=bird,CAMERA_ALIGN_TO_TARGET mode=AUTO nav_goal=NONE,AUTO,0.000,0.350,1.613,0.179,False,True,False
22.400,bird_confirmed,True,CAMERA_ALIGN_TO_TARGET mode=AUTO nav_goal=NONE,AUTO,0.000,0.350,1.613,0.179,False,True,False
22.400,camera_alignment,CAMERA_ALIGNMENT mode=logical centered=False bearing=0.410 tilt_cmd=-0.700 joint_publish=False,CAMERA_ALIGN_TO_TARGET mode=AUTO nav_goal=NONE,AUTO,0.000,0.350,1.613,0.179,False,True,False
22.400,mission_state,CAMERA_ALIGN_TO_TARGET mode=AUTO nav_goal=NONE,CAMERA_ALIGN_TO_TARGET mode=AUTO nav_goal=NONE,AUTO,0.000,0.350,1.613,0.179,False,True,False
22.400,mission_event,timestamp=22.400 mission_id=0 target_mission_id=1 state=CAMERA_ALIGN_TO_TARGET event_type=CAMERA_AIM_REQUESTED reason=aligning waypoint_index=2,CAMERA_ALIGN_TO_TARGET mode=AUTO nav_goal=NONE,AUTO,0.000,0.350,1.613,0.179,False,True,False
22.500,bird_confirmed,True,CAMERA_ALIGN_TO_TARGET mode=AUTO nav_goal=NONE,AUTO,0.000,0.350,1.614,0.180,False,True,False
22.500,classification,GAZEBO_FAKE_YOLO11S_CLASSIFICATION camera_alignment_requested=true class=bird,CAMERA_ALIGN_TO_TARGET mode=AUTO nav_goal=NONE,AUTO,0.000,0.350,1.614,0.180,False,True,False
22.500,camera_alignment,CAMERA_ALIGNMENT mode=logical centered=False bearing=0.410 tilt_cmd=-0.700 joint_publish=False,CAMERA_ALIGN_TO_TARGET mode=AUTO nav_goal=NONE,AUTO,0.000,0.350,1.614,0.180,False,True,False
22.600,camera_alignment,CAMERA_ALIGNMENT mode=logical centered=False bearing=0.410 tilt_cmd=-0.700 joint_publish=False,CAMERA_ALIGN_TO_TARGET mode=AUTO nav_goal=NONE,AUTO,0.000,0.350,1.614,0.179,False,True,False
22.600,sound_state,IDLE_NO_REQUEST,CAMERA_ALIGN_TO_TARGET mode=AUTO nav_goal=NONE,AUTO,0.000,0.350,1.614,0.179,False,True,False
22.600,sound_done,False,CAMERA_ALIGN_TO_TARGET mode=AUTO nav_goal=NONE,AUTO,0.000,0.350,1.614,0.179,False,True,False
22.600,bird_confirmed,True,CAMERA_ALIGN_TO_TARGET mode=AUTO nav_goal=NONE,AUTO,0.000,0.350,1.614,0.179,False,True,False
22.600,mission_state,CAMERA_ALIGN_TO_TARGET mode=AUTO nav_goal=NONE,CAMERA_ALIGN_TO_TARGET mode=AUTO nav_goal=NONE,AUTO,0.000,0.350,1.614,0.179,False,True,False
22.600,mission_event,timestamp=22.600 mission_id=0 target_mission_id=1 state=CAMERA_ALIGN_TO_TARGET event_type=CAMERA_AIM_REQUESTED reason=aligning waypoint_index=2,CAMERA_ALIGN_TO_TARGET mode=AUTO nav_goal=NONE,AUTO,0.000,0.350,1.614,0.179,False,True,False
22.600,classification,GAZEBO_FAKE_YOLO11S_CLASSIFICATION camera_alignment_requested=true class=bird,CAMERA_ALIGN_TO_TARGET mode=AUTO nav_goal=NONE,AUTO,0.000,0.350,1.614,0.179,False,True,False
22.600,dynamic_lock,False,CAMERA_ALIGN_TO_TARGET mode=AUTO nav_goal=NONE,AUTO,0.000,0.350,1.614,0.179,False,True,False
22.700,classification,GAZEBO_FAKE_YOLO11S_CLASSIFICATION camera_alignment_requested=true class=bird,CAMERA_ALIGN_TO_TARGET mode=AUTO nav_goal=NONE,AUTO,0.000,0.350,1.613,0.178,False,True,False
22.700,bird_confirmed,True,CAMERA_ALIGN_TO_TARGET mode=AUTO nav_goal=NONE,AUTO,0.000,0.350,1.613,0.178,False,True,False
22.700,camera_alignment,CAMERA_ALIGNMENT mode=logical centered=False bearing=0.410 tilt_cmd=-0.700 joint_publish=False,CAMERA_ALIGN_TO_TARGET mode=AUTO nav_goal=NONE,AUTO,0.000,0.350,1.613,0.178,False,True,False
22.800,bird_confirmed,True,CAMERA_ALIGN_TO_TARGET mode=AUTO nav_goal=NONE,AUTO,0.000,0.350,1.614,0.179,False,True,False
22.800,sound_state,IDLE_NO_REQUEST,CAMERA_ALIGN_TO_TARGET mode=AUTO nav_goal=NONE,AUTO,0.000,0.350,1.614,0.179,False,True,False
22.800,sound_done,False,CAMERA_ALIGN_TO_TARGET mode=AUTO nav_goal=NONE,AUTO,0.000,0.350,1.614,0.179,False,True,False
22.800,dynamic_lock,False,CAMERA_ALIGN_TO_TARGET mode=AUTO nav_goal=NONE,AUTO,0.000,0.350,1.614,0.179,False,True,False
22.800,camera_alignment,CAMERA_ALIGNMENT mode=logical centered=False bearing=0.410 tilt_cmd=-0.700 joint_publish=False,CAMERA_ALIGN_TO_TARGET mode=AUTO nav_goal=NONE,AUTO,0.000,0.350,1.614,0.179,False,True,False
22.800,classification,GAZEBO_FAKE_YOLO11S_CLASSIFICATION camera_alignment_requested=true class=bird,CAMERA_ALIGN_TO_TARGET mode=AUTO nav_goal=NONE,AUTO,0.000,0.350,1.614,0.179,False,True,False
22.800,mission_state,CAMERA_ALIGN_TO_TARGET mode=AUTO nav_goal=NONE,CAMERA_ALIGN_TO_TARGET mode=AUTO nav_goal=NONE,AUTO,0.000,0.350,1.614,0.179,False,True,False
22.800,mission_event,timestamp=22.800 mission_id=0 target_mission_id=1 state=CAMERA_ALIGN_TO_TARGET event_type=CAMERA_AIM_REQUESTED reason=aligning waypoint_index=2,CAMERA_ALIGN_TO_TARGET mode=AUTO nav_goal=NONE,AUTO,0.000,0.350,1.614,0.179,False,True,False
22.900,camera_alignment,CAMERA_ALIGNMENT mode=logical centered=False bearing=0.410 tilt_cmd=-0.700 joint_publish=False,CAMERA_ALIGN_TO_TARGET mode=AUTO nav_goal=NONE,AUTO,0.000,0.350,1.613,0.179,False,True,False
22.900,classification,GAZEBO_FAKE_YOLO11S_CLASSIFICATION camera_alignment_requested=true class=bird,CAMERA_ALIGN_TO_TARGET mode=AUTO nav_goal=NONE,AUTO,0.000,0.350,1.613,0.179,False,True,False
22.900,bird_confirmed,True,CAMERA_ALIGN_TO_TARGET mode=AUTO nav_goal=NONE,AUTO,0.000,0.350,1.613,0.179,False,True,False
23.000,classification,GAZEBO_FAKE_YOLO11S_CLASSIFICATION camera_alignment_requested=true class=bird,CAMERA_ALIGN_TO_TARGET mode=AUTO nav_goal=NONE,AUTO,0.000,0.350,1.614,0.180,False,True,False
23.000,bird_confirmed,True,CAMERA_ALIGN_TO_TARGET mode=AUTO nav_goal=NONE,AUTO,0.000,0.350,1.614,0.180,False,True,False
23.000,sound_state,IDLE_NO_REQUEST,CAMERA_ALIGN_TO_TARGET mode=AUTO nav_goal=NONE,AUTO,0.000,0.350,1.614,0.180,False,True,False
23.000,sound_done,False,CAMERA_ALIGN_TO_TARGET mode=AUTO nav_goal=NONE,AUTO,0.000,0.350,1.614,0.180,False,True,False
23.000,camera_alignment,CAMERA_ALIGNMENT mode=logical centered=False bearing=0.410 tilt_cmd=-0.700 joint_publish=False,CAMERA_ALIGN_TO_TARGET mode=AUTO nav_goal=NONE,AUTO,0.000,0.350,1.614,0.180,False,True,False
23.000,mission_state,CAMERA_ALIGN_TO_TARGET mode=AUTO nav_goal=NONE,CAMERA_ALIGN_TO_TARGET mode=AUTO nav_goal=NONE,AUTO,0.000,0.350,1.614,0.180,False,True,False
23.000,mission_event,timestamp=23.000 mission_id=0 target_mission_id=1 state=CAMERA_ALIGN_TO_TARGET event_type=CAMERA_AIM_REQUESTED reason=aligning waypoint_index=2,CAMERA_ALIGN_TO_TARGET mode=AUTO nav_goal=NONE,AUTO,0.000,0.350,1.614,0.180,False,True,False
23.000,dynamic_lock,False,CAMERA_ALIGN_TO_TARGET mode=AUTO nav_goal=NONE,AUTO,0.000,0.350,1.613,0.180,False,True,False
23.100,camera_alignment,CAMERA_ALIGNMENT mode=logical centered=False bearing=0.410 tilt_cmd=-0.700 joint_publish=False,CAMERA_ALIGN_TO_TARGET mode=AUTO nav_goal=NONE,AUTO,0.000,0.350,1.613,0.179,False,True,False
23.100,classification,GAZEBO_FAKE_YOLO11S_CLASSIFICATION camera_alignment_requested=true class=bird,CAMERA_ALIGN_TO_TARGET mode=AUTO nav_goal=NONE,AUTO,0.000,0.350,1.613,0.179,False,True,False
23.100,bird_confirmed,True,CAMERA_ALIGN_TO_TARGET mode=AUTO nav_goal=NONE,AUTO,0.000,0.350,1.613,0.179,False,True,False
23.200,camera_alignment,CAMERA_ALIGNMENT mode=logical centered=False bearing=0.410 tilt_cmd=-0.700 joint_publish=False,CAMERA_ALIGN_TO_TARGET mode=AUTO nav_goal=NONE,AUTO,0.000,0.350,1.613,0.180,False,True,False
23.200,mission_state,CAMERA_ALIGN_TO_TARGET mode=AUTO nav_goal=NONE,CAMERA_ALIGN_TO_TARGET mode=AUTO nav_goal=NONE,AUTO,0.000,0.350,1.613,0.180,False,True,False
23.200,classification,GAZEBO_FAKE_YOLO11S_CLASSIFICATION camera_alignment_requested=true class=bird,CAMERA_ALIGN_TO_TARGET mode=AUTO nav_goal=NONE,AUTO,0.000,0.350,1.613,0.180,False,True,False
23.200,bird_confirmed,True,CAMERA_ALIGN_TO_TARGET mode=AUTO nav_goal=NONE,AUTO,0.000,0.350,1.613,0.180,False,True,False
23.200,mission_event,timestamp=23.200 mission_id=0 target_mission_id=1 state=CAMERA_ALIGN_TO_TARGET event_type=CAMERA_AIM_REQUESTED reason=aligning waypoint_index=2,CAMERA_ALIGN_TO_TARGET mode=AUTO nav_goal=NONE,AUTO,0.000,0.350,1.613,0.180,False,True,False
23.200,dynamic_lock,False,CAMERA_ALIGN_TO_TARGET mode=AUTO nav_goal=NONE,AUTO,0.000,0.350,1.613,0.180,False,True,False
23.200,sound_done,False,CAMERA_ALIGN_TO_TARGET mode=AUTO nav_goal=NONE,AUTO,0.000,0.350,1.613,0.180,False,True,False
23.200,sound_state,IDLE_NO_REQUEST,CAMERA_ALIGN_TO_TARGET mode=AUTO nav_goal=NONE,AUTO,0.000,0.350,1.613,0.180,False,True,False
23.300,camera_alignment,CAMERA_ALIGNMENT mode=logical centered=False bearing=0.410 tilt_cmd=-0.700 joint_publish=False,CAMERA_ALIGN_TO_TARGET mode=AUTO nav_goal=NONE,AUTO,0.000,0.350,1.614,0.180,False,True,False
23.300,classification,GAZEBO_FAKE_YOLO11S_CLASSIFICATION camera_alignment_requested=true class=bird,CAMERA_ALIGN_TO_TARGET mode=AUTO nav_goal=NONE,AUTO,0.000,0.350,1.614,0.180,False,True,False
23.300,bird_confirmed,True,CAMERA_ALIGN_TO_TARGET mode=AUTO nav_goal=NONE,AUTO,0.000,0.350,1.614,0.180,False,True,False
23.400,dynamic_lock,False,CAMERA_ALIGN_TO_TARGET mode=AUTO nav_goal=NONE,AUTO,0.000,0.350,1.614,0.179,False,True,False
23.400,camera_alignment,CAMERA_ALIGNMENT mode=logical centered=False bearing=0.410 tilt_cmd=-0.700 joint_publish=False,CAMERA_ALIGN_TO_TARGET mode=AUTO nav_goal=NONE,AUTO,0.000,0.350,1.614,0.179,False,True,False
23.400,classification,GAZEBO_FAKE_YOLO11S_CLASSIFICATION camera_alignment_requested=true class=bird,CAMERA_ALIGN_TO_TARGET mode=AUTO nav_goal=NONE,AUTO,0.000,0.350,1.614,0.179,False,True,False
23.400,bird_confirmed,True,CAMERA_ALIGN_TO_TARGET mode=AUTO nav_goal=NONE,AUTO,0.000,0.350,1.614,0.179,False,True,False
23.400,sound_state,IDLE_NO_REQUEST,CAMERA_ALIGN_TO_TARGET mode=AUTO nav_goal=NONE,AUTO,0.000,0.350,1.614,0.179,False,True,False
23.400,sound_done,False,CAMERA_ALIGN_TO_TARGET mode=AUTO nav_goal=NONE,AUTO,0.000,0.350,1.614,0.179,False,True,False
23.400,mission_state,CAMERA_ALIGN_TO_TARGET mode=AUTO nav_goal=NONE,CAMERA_ALIGN_TO_TARGET mode=AUTO nav_goal=NONE,AUTO,0.000,0.350,1.614,0.179,False,True,False
23.400,mission_event,timestamp=23.400 mission_id=0 target_mission_id=1 state=CAMERA_ALIGN_TO_TARGET event_type=CAMERA_AIM_REQUESTED reason=aligning waypoint_index=2,CAMERA_ALIGN_TO_TARGET mode=AUTO nav_goal=NONE,AUTO,0.000,0.350,1.614,0.179,False,True,False
23.500,camera_alignment,CAMERA_ALIGNMENT mode=logical centered=False bearing=0.410 tilt_cmd=-0.700 joint_publish=False,CAMERA_ALIGN_TO_TARGET mode=AUTO nav_goal=NONE,AUTO,0.000,0.350,1.614,0.179,False,True,False
23.500,bird_confirmed,True,CAMERA_ALIGN_TO_TARGET mode=AUTO nav_goal=NONE,AUTO,0.000,0.350,1.614,0.179,False,True,False
23.500,classification,GAZEBO_FAKE_YOLO11S_CLASSIFICATION camera_alignment_requested=true class=bird,CAMERA_ALIGN_TO_TARGET mode=AUTO nav_goal=NONE,AUTO,0.000,0.350,1.614,0.179,False,True,False
23.500,dynamic_target,count=1 x=-0.50 y=1.63 z=3.20,CAMERA_ALIGN_TO_TARGET mode=AUTO nav_goal=NONE,AUTO,0.000,0.350,1.614,0.179,False,True,False
23.500,dynamic_lock,False,CAMERA_ALIGN_TO_TARGET mode=AUTO nav_goal=NONE,AUTO,0.000,0.350,1.614,0.179,False,True,False
23.500,mission_event,timestamp=23.500 mission_id=0 target_mission_id=1 state=CAMERA_ALIGN_TO_TARGET event_type=TARGET_IGNORED_TARGET_LOCK reason=remaining_sec=0.00 state=CAMERA_ALIGN_TO_TARGET waypoint_index=2,CAMERA_ALIGN_TO_TARGET mode=AUTO nav_goal=NONE,AUTO,0.000,0.350,1.614,0.179,False,True,False
23.500,object_goal_state,ACCEPT_INSPECTION_GOAL source=elevated_dynamic_target height=3.20 range=2.56 dynamic=True z_valid=True bird_confirmed=True target_class=bird offset_m=2.00 frame=odom goal_x=1.152 goal_y=0.496,CAMERA_ALIGN_TO_TARGET mode=AUTO nav_goal=NONE,AUTO,0.000,0.350,1.614,0.179,False,True,False
23.500,inspection_goal,x=1.15 y=0.50,CAMERA_ALIGN_TO_TARGET mode=AUTO nav_goal=NONE,AUTO,0.000,0.350,1.614,0.179,False,True,False
23.600,sound_state,IDLE_NO_REQUEST,CAMERA_ALIGN_TO_TARGET mode=AUTO nav_goal=NONE,AUTO,0.000,0.350,1.614,0.180,False,True,False
23.600,sound_done,False,CAMERA_ALIGN_TO_TARGET mode=AUTO nav_goal=NONE,AUTO,0.000,0.350,1.614,0.180,False,True,False
23.600,mission_state,CAMERA_ALIGN_TO_TARGET mode=AUTO nav_goal=NONE,CAMERA_ALIGN_TO_TARGET mode=AUTO nav_goal=NONE,AUTO,0.000,0.350,1.614,0.180,False,True,False
23.600,mission_event,timestamp=23.600 mission_id=0 target_mission_id=1 state=CAMERA_ALIGN_TO_TARGET event_type=CAMERA_AIM_REQUESTED reason=aligning waypoint_index=2,CAMERA_ALIGN_TO_TARGET mode=AUTO nav_goal=NONE,AUTO,0.000,0.350,1.614,0.180,False,True,False
23.600,camera_alignment,CAMERA_ALIGNMENT mode=logical centered=False bearing=-0.516 tilt_cmd=-0.700 joint_publish=False,CAMERA_ALIGN_TO_TARGET mode=AUTO nav_goal=NONE,AUTO,0.000,0.350,1.614,0.180,False,True,False
23.600,classification,GAZEBO_FAKE_YOLO11S_CLASSIFICATION camera_alignment_requested=true class=bird,CAMERA_ALIGN_TO_TARGET mode=AUTO nav_goal=NONE,AUTO,0.000,0.350,1.614,0.180,False,True,False
23.600,bird_confirmed,True,CAMERA_ALIGN_TO_TARGET mode=AUTO nav_goal=NONE,AUTO,0.000,0.350,1.614,0.180,False,True,False
23.600,dynamic_target,count=1 x=-0.50 y=1.63 z=3.20,CAMERA_ALIGN_TO_TARGET mode=AUTO nav_goal=NONE,AUTO,0.000,0.350,1.615,0.179,False,True,False
23.600,dynamic_lock,False,CAMERA_ALIGN_TO_TARGET mode=AUTO nav_goal=NONE,AUTO,0.000,0.350,1.615,0.179,False,True,False
23.600,object_goal_state,REJECT cooldown source=elevated_dynamic_target remaining_sec=7.90,CAMERA_ALIGN_TO_TARGET mode=AUTO nav_goal=NONE,AUTO,0.000,0.350,1.615,0.179,False,True,False
23.700,classification,GAZEBO_FAKE_YOLO11S_CLASSIFICATION camera_alignment_requested=true class=bird,CAMERA_ALIGN_TO_TARGET mode=AUTO nav_goal=NONE,AUTO,0.000,0.350,1.615,0.179,False,True,False
23.700,bird_confirmed,True,CAMERA_ALIGN_TO_TARGET mode=AUTO nav_goal=NONE,AUTO,0.000,0.350,1.615,0.179,False,True,False
23.700,camera_alignment,CAMERA_ALIGNMENT mode=logical centered=False bearing=-0.567 tilt_cmd=-0.700 joint_publish=False,CAMERA_ALIGN_TO_TARGET mode=AUTO nav_goal=NONE,AUTO,0.000,0.350,1.615,0.179,False,True,False
23.800,bird_confirmed,True,CAMERA_ALIGN_TO_TARGET mode=AUTO nav_goal=NONE,AUTO,0.000,0.350,1.615,0.179,False,True,False
23.800,sound_state,IDLE_NO_REQUEST,CAMERA_ALIGN_TO_TARGET mode=AUTO nav_goal=NONE,AUTO,0.000,0.350,1.615,0.179,False,True,False
23.800,sound_done,False,CAMERA_ALIGN_TO_TARGET mode=AUTO nav_goal=NONE,AUTO,0.000,0.350,1.615,0.179,False,True,False
23.800,classification,GAZEBO_FAKE_YOLO11S_CLASSIFICATION camera_alignment_requested=true class=bird,CAMERA_ALIGN_TO_TARGET mode=AUTO nav_goal=NONE,AUTO,0.000,0.350,1.615,0.179,False,True,False
23.800,mission_state,CAMERA_ALIGN_TO_TARGET mode=AUTO nav_goal=NONE,CAMERA_ALIGN_TO_TARGET mode=AUTO nav_goal=NONE,AUTO,0.000,0.350,1.615,0.179,False,True,False
23.800,camera_alignment,CAMERA_ALIGNMENT mode=logical centered=False bearing=-0.567 tilt_cmd=-0.700 joint_publish=False,CAMERA_ALIGN_TO_TARGET mode=AUTO nav_goal=NONE,AUTO,0.000,0.350,1.615,0.179,False,True,False
23.800,mission_event,timestamp=23.800 mission_id=0 target_mission_id=1 state=CAMERA_ALIGN_TO_TARGET event_type=CAMERA_AIM_REQUESTED reason=aligning waypoint_index=2,CAMERA_ALIGN_TO_TARGET mode=AUTO nav_goal=NONE,AUTO,0.000,0.230,1.615,0.179,False,True,False
23.800,object_goal_state,REJECT cooldown source=elevated_dynamic_target remaining_sec=7.70,CAMERA_ALIGN_TO_TARGET mode=AUTO nav_goal=NONE,AUTO,0.000,0.110,1.615,0.179,False,True,False
23.800,dynamic_target,count=1 x=-0.50 y=1.63 z=3.20,CAMERA_ALIGN_TO_TARGET mode=AUTO nav_goal=NONE,AUTO,0.000,0.110,1.615,0.179,False,True,False
23.800,dynamic_lock,False,CAMERA_ALIGN_TO_TARGET mode=AUTO nav_goal=NONE,AUTO,0.000,0.110,1.615,0.179,False,True,False
23.800,dynamic_target,count=1 x=-0.50 y=1.63 z=3.20,CAMERA_ALIGN_TO_TARGET mode=AUTO nav_goal=NONE,AUTO,0.000,0.110,1.615,0.179,False,True,False
23.800,dynamic_lock,False,CAMERA_ALIGN_TO_TARGET mode=AUTO nav_goal=NONE,AUTO,0.000,0.110,1.615,0.179,False,True,False
23.800,object_goal_state,REJECT cooldown source=elevated_dynamic_target remaining_sec=7.70,CAMERA_ALIGN_TO_TARGET mode=AUTO nav_goal=NONE,AUTO,0.000,0.110,1.615,0.179,False,True,False
23.900,camera_alignment,CAMERA_ALIGNMENT mode=logical centered=False bearing=-0.613 tilt_cmd=-0.700 joint_publish=False,CAMERA_ALIGN_TO_TARGET mode=AUTO nav_goal=NONE,AUTO,0.000,0.110,1.615,0.179,False,True,False
23.900,classification,GAZEBO_FAKE_YOLO11S_CLASSIFICATION camera_alignment_requested=true class=bird,CAMERA_ALIGN_TO_TARGET mode=AUTO nav_goal=NONE,AUTO,0.000,0.110,1.615,0.179,False,True,False
23.900,bird_confirmed,True,CAMERA_ALIGN_TO_TARGET mode=AUTO nav_goal=NONE,AUTO,0.000,0.110,1.615,0.179,False,True,False
23.900,dynamic_target,count=1 x=-0.49 y=1.64 z=3.22,CAMERA_ALIGN_TO_TARGET mode=AUTO nav_goal=NONE,AUTO,0.000,-0.130,1.615,0.179,False,True,False
23.900,dynamic_lock,False,CAMERA_ALIGN_TO_TARGET mode=AUTO nav_goal=NONE,AUTO,0.000,-0.130,1.615,0.179,False,True,False
23.900,object_goal_state,REJECT cooldown source=elevated_dynamic_target remaining_sec=7.60,CAMERA_ALIGN_TO_TARGET mode=AUTO nav_goal=NONE,AUTO,0.000,-0.130,1.615,0.179,False,True,False
24.000,classification,GAZEBO_FAKE_YOLO11S_CLASSIFICATION camera_alignment_requested=true class=bird,CAMERA_ALIGN_TO_TARGET mode=AUTO nav_goal=NONE,AUTO,0.000,-0.130,1.615,0.180,False,True,False
24.000,bird_confirmed,True,CAMERA_ALIGN_TO_TARGET mode=AUTO nav_goal=NONE,AUTO,0.000,-0.130,1.615,0.180,False,True,False
24.000,sound_state,IDLE_NO_REQUEST,CAMERA_ALIGN_TO_TARGET mode=AUTO nav_goal=NONE,AUTO,0.000,-0.130,1.615,0.180,False,True,False
24.000,sound_done,False,CAMERA_ALIGN_TO_TARGET mode=AUTO nav_goal=NONE,AUTO,0.000,-0.130,1.615,0.180,False,True,False
24.000,mission_state,CAMERA_ALIGN_TO_TARGET mode=AUTO nav_goal=NONE,CAMERA_ALIGN_TO_TARGET mode=AUTO nav_goal=NONE,AUTO,0.000,-0.250,1.615,0.180,False,True,False
24.000,mission_event,timestamp=24.000 mission_id=0 target_mission_id=1 state=CAMERA_ALIGN_TO_TARGET event_type=CAMERA_AIM_REQUESTED reason=aligning waypoint_index=2,CAMERA_ALIGN_TO_TARGET mode=AUTO nav_goal=NONE,AUTO,0.000,-0.250,1.615,0.180,False,True,False
24.000,dynamic_target,count=1 x=-0.49 y=1.64 z=3.22,CAMERA_ALIGN_TO_TARGET mode=AUTO nav_goal=NONE,AUTO,0.000,-0.250,1.615,0.180,False,True,False
24.000,dynamic_lock,False,CAMERA_ALIGN_TO_TARGET mode=AUTO nav_goal=NONE,AUTO,0.000,-0.250,1.615,0.180,False,True,False
24.000,camera_alignment,CAMERA_ALIGNMENT mode=logical centered=False bearing=-0.653 tilt_cmd=-0.700 joint_publish=False,CAMERA_ALIGN_TO_TARGET mode=AUTO nav_goal=NONE,AUTO,0.000,-0.250,1.615,0.180,False,True,False
24.000,object_goal_state,REJECT cooldown source=elevated_dynamic_target remaining_sec=7.50,CAMERA_ALIGN_TO_TARGET mode=AUTO nav_goal=NONE,AUTO,0.000,-0.350,1.615,0.180,False,True,False
24.100,bird_confirmed,True,CAMERA_ALIGN_TO_TARGET mode=AUTO nav_goal=NONE,AUTO,0.000,-0.350,1.614,0.180,False,True,False
24.100,camera_alignment,CAMERA_ALIGNMENT mode=logical centered=False bearing=-0.656 tilt_cmd=-0.700 joint_publish=False,CAMERA_ALIGN_TO_TARGET mode=AUTO nav_goal=NONE,AUTO,0.000,-0.350,1.614,0.180,False,True,False
24.100,classification,GAZEBO_FAKE_YOLO11S_CLASSIFICATION camera_alignment_requested=true class=bird,CAMERA_ALIGN_TO_TARGET mode=AUTO nav_goal=NONE,AUTO,0.000,-0.350,1.614,0.180,False,True,False
24.100,object_goal_state,REJECT cooldown source=elevated_dynamic_target remaining_sec=7.40,CAMERA_ALIGN_TO_TARGET mode=AUTO nav_goal=NONE,AUTO,0.000,-0.350,1.615,0.180,False,True,False
24.100,dynamic_target,count=1 x=-0.49 y=1.66 z=3.23,CAMERA_ALIGN_TO_TARGET mode=AUTO nav_goal=NONE,AUTO,0.000,-0.350,1.615,0.180,False,True,False
24.100,dynamic_lock,True,CAMERA_ALIGN_TO_TARGET mode=AUTO nav_goal=NONE,AUTO,0.000,-0.350,1.615,0.180,True,True,False
24.200,camera_alignment,CAMERA_ALIGNMENT mode=logical centered=False bearing=-0.662 tilt_cmd=-0.700 joint_publish=False,CAMERA_ALIGN_TO_TARGET mode=AUTO nav_goal=NONE,AUTO,0.000,-0.350,1.615,0.180,True,True,False
24.200,classification,WAITING_DYNAMIC_LOCK,CAMERA_ALIGN_TO_TARGET mode=AUTO nav_goal=NONE,AUTO,0.000,-0.350,1.615,0.180,True,True,False
24.200,bird_confirmed,False,CAMERA_ALIGN_TO_TARGET mode=AUTO nav_goal=NONE,AUTO,0.000,-0.350,1.615,0.180,True,False,False
24.200,sound_state,IDLE_NO_REQUEST,CAMERA_ALIGN_TO_TARGET mode=AUTO nav_goal=NONE,AUTO,0.000,-0.350,1.615,0.180,True,False,False
24.200,sound_done,False,CAMERA_ALIGN_TO_TARGET mode=AUTO nav_goal=NONE,AUTO,0.000,-0.350,1.615,0.180,True,False,False
24.200,mission_state,CAMERA_ALIGN_TO_TARGET mode=AUTO nav_goal=NONE,CAMERA_ALIGN_TO_TARGET mode=AUTO nav_goal=NONE,AUTO,0.000,-0.350,1.615,0.180,True,False,False
24.200,mission_event,timestamp=24.200 mission_id=0 target_mission_id=1 state=CAMERA_ALIGN_TO_TARGET event_type=CAMERA_AIM_REQUESTED reason=aligning waypoint_index=2,CAMERA_ALIGN_TO_TARGET mode=AUTO nav_goal=NONE,AUTO,0.000,-0.350,1.615,0.180,True,False,False
24.200,dynamic_target,count=1 x=-0.48 y=1.68 z=3.23,CAMERA_ALIGN_TO_TARGET mode=AUTO nav_goal=NONE,AUTO,0.000,-0.350,1.615,0.180,True,False,False
24.200,dynamic_lock,True,CAMERA_ALIGN_TO_TARGET mode=AUTO nav_goal=NONE,AUTO,0.000,-0.350,1.615,0.180,True,False,False
24.200,object_goal_state,REJECT cooldown source=elevated_dynamic_target remaining_sec=7.30,CAMERA_ALIGN_TO_TARGET mode=AUTO nav_goal=NONE,AUTO,0.000,-0.350,1.615,0.180,True,False,False
24.200,dynamic_target,count=1 x=-0.48 y=1.68 z=3.23,CAMERA_ALIGN_TO_TARGET mode=AUTO nav_goal=NONE,AUTO,0.000,-0.350,1.615,0.180,True,False,False
24.200,dynamic_lock,True,CAMERA_ALIGN_TO_TARGET mode=AUTO nav_goal=NONE,AUTO,0.000,-0.350,1.615,0.180,True,False,False
24.200,object_goal_state,REJECT cooldown source=elevated_dynamic_target remaining_sec=7.30,CAMERA_ALIGN_TO_TARGET mode=AUTO nav_goal=NONE,AUTO,0.000,-0.350,1.615,0.180,True,False,False
24.300,classification,WAITING_DYNAMIC_LOCK,CAMERA_ALIGN_TO_TARGET mode=AUTO nav_goal=NONE,AUTO,0.000,-0.350,1.615,0.180,True,False,False
24.300,bird_confirmed,False,CAMERA_ALIGN_TO_TARGET mode=AUTO nav_goal=NONE,AUTO,0.000,-0.350,1.615,0.180,True,False,False
24.300,camera_alignment,CAMERA_ALIGNMENT mode=logical centered=False bearing=-0.648 tilt_cmd=-0.700 joint_publish=False,CAMERA_ALIGN_TO_TARGET mode=AUTO nav_goal=NONE,AUTO,0.000,-0.350,1.615,0.180,True,False,False
24.400,classification,GAZEBO_FAKE_YOLO11S_CLASSIFICATION camera_alignment_requested=true class=bird,CAMERA_ALIGN_TO_TARGET mode=AUTO nav_goal=NONE,AUTO,0.000,-0.350,1.614,0.180,True,False,False
24.400,bird_confirmed,True,CAMERA_ALIGN_TO_TARGET mode=AUTO nav_goal=NONE,AUTO,0.000,-0.350,1.614,0.180,True,True,False
24.400,sound_state,IDLE_NO_REQUEST,CAMERA_ALIGN_TO_TARGET mode=AUTO nav_goal=NONE,AUTO,0.000,-0.350,1.614,0.180,True,True,False
24.400,sound_done,False,CAMERA_ALIGN_TO_TARGET mode=AUTO nav_goal=NONE,AUTO,0.000,-0.350,1.614,0.180,True,True,False
24.400,mission_state,CAMERA_ALIGN_TO_TARGET mode=AUTO nav_goal=NONE,CAMERA_ALIGN_TO_TARGET mode=AUTO nav_goal=NONE,AUTO,0.000,-0.350,1.614,0.180,True,True,False
24.400,mission_event,timestamp=24.400 mission_id=0 target_mission_id=1 state=CAMERA_ALIGN_TO_TARGET event_type=CAMERA_AIM_REQUESTED reason=aligning waypoint_index=2,CAMERA_ALIGN_TO_TARGET mode=AUTO nav_goal=NONE,AUTO,0.000,-0.350,1.614,0.180,True,True,False
24.400,camera_alignment,CAMERA_ALIGNMENT mode=logical centered=False bearing=-0.648 tilt_cmd=-0.700 joint_publish=False,CAMERA_ALIGN_TO_TARGET mode=AUTO nav_goal=NONE,AUTO,0.000,-0.350,1.614,0.180,True,True,False
24.400,dynamic_target,count=1 x=-0.48 y=1.71 z=3.24,CAMERA_ALIGN_TO_TARGET mode=AUTO nav_goal=NONE,AUTO,0.000,-0.350,1.614,0.180,True,True,False
24.400,dynamic_lock,True,CAMERA_ALIGN_TO_TARGET mode=AUTO nav_goal=NONE,AUTO,0.000,-0.350,1.614,0.180,True,True,False
24.400,object_goal_state,REJECT cooldown source=elevated_dynamic_target remaining_sec=7.10,CAMERA_ALIGN_TO_TARGET mode=AUTO nav_goal=NONE,AUTO,0.000,-0.350,1.614,0.180,True,True,False
24.400,dynamic_target,count=1 x=-0.48 y=1.71 z=3.24,CAMERA_ALIGN_TO_TARGET mode=AUTO nav_goal=NONE,AUTO,0.000,-0.350,1.614,0.180,True,True,False
24.400,dynamic_lock,True,CAMERA_ALIGN_TO_TARGET mode=AUTO nav_goal=NONE,AUTO,0.000,-0.350,1.614,0.180,True,True,False
24.400,object_goal_state,REJECT cooldown source=elevated_dynamic_target remaining_sec=7.10,CAMERA_ALIGN_TO_TARGET mode=AUTO nav_goal=NONE,AUTO,0.000,-0.350,1.614,0.180,True,True,False
24.500,camera_alignment,CAMERA_ALIGNMENT mode=logical centered=False bearing=-0.628 tilt_cmd=-0.700 joint_publish=False,CAMERA_ALIGN_TO_TARGET mode=AUTO nav_goal=NONE,AUTO,0.000,-0.350,1.614,0.180,True,True,False
24.500,classification,GAZEBO_FAKE_YOLO11S_CLASSIFICATION camera_alignment_requested=true class=bird,CAMERA_ALIGN_TO_TARGET mode=AUTO nav_goal=NONE,AUTO,0.000,-0.350,1.614,0.180,True,True,False
24.500,bird_confirmed,True,CAMERA_ALIGN_TO_TARGET mode=AUTO nav_goal=NONE,AUTO,0.000,-0.350,1.614,0.180,True,True,False
24.600,mission_state,CAMERA_ALIGN_TO_TARGET mode=AUTO nav_goal=NONE,CAMERA_ALIGN_TO_TARGET mode=AUTO nav_goal=NONE,AUTO,0.000,-0.350,1.614,0.181,True,True,False
24.600,camera_alignment,CAMERA_ALIGNMENT mode=logical centered=False bearing=-0.628 tilt_cmd=-0.700 joint_publish=False,CAMERA_ALIGN_TO_TARGET mode=AUTO nav_goal=NONE,AUTO,0.000,-0.350,1.614,0.181,True,True,False
24.600,classification,GAZEBO_FAKE_YOLO11S_CLASSIFICATION camera_alignment_requested=true class=bird,CAMERA_ALIGN_TO_TARGET mode=AUTO nav_goal=NONE,AUTO,0.000,-0.350,1.614,0.181,True,True,False
24.600,bird_confirmed,True,CAMERA_ALIGN_TO_TARGET mode=AUTO nav_goal=NONE,AUTO,0.000,-0.350,1.614,0.181,True,True,False
24.600,sound_state,IDLE_NO_REQUEST,CAMERA_ALIGN_TO_TARGET mode=AUTO nav_goal=NONE,AUTO,0.000,-0.350,1.614,0.181,True,True,False
24.600,sound_done,False,CAMERA_ALIGN_TO_TARGET mode=AUTO nav_goal=NONE,AUTO,0.000,-0.350,1.614,0.181,True,True,False
24.600,mission_event,timestamp=24.600 mission_id=0 target_mission_id=1 state=CAMERA_ALIGN_TO_TARGET event_type=CAMERA_AIM_REQUESTED reason=aligning waypoint_index=2,CAMERA_ALIGN_TO_TARGET mode=AUTO nav_goal=NONE,AUTO,0.000,-0.350,1.614,0.181,True,True,False
24.600,dynamic_target,count=1 x=-0.47 y=1.72 z=3.23,CAMERA_ALIGN_TO_TARGET mode=AUTO nav_goal=NONE,AUTO,0.000,-0.350,1.615,0.181,True,True,False
24.600,dynamic_lock,True,CAMERA_ALIGN_TO_TARGET mode=AUTO nav_goal=NONE,AUTO,0.000,-0.350,1.615,0.181,True,True,False
24.600,object_goal_state,REJECT cooldown source=elevated_dynamic_target remaining_sec=6.90,CAMERA_ALIGN_TO_TARGET mode=AUTO nav_goal=NONE,AUTO,0.000,-0.350,1.615,0.181,True,True,False
24.600,dynamic_target,count=1 x=-0.47 y=1.72 z=3.23,CAMERA_ALIGN_TO_TARGET mode=AUTO nav_goal=NONE,AUTO,0.000,-0.350,1.615,0.181,True,True,False
24.600,dynamic_lock,True,CAMERA_ALIGN_TO_TARGET mode=AUTO nav_goal=NONE,AUTO,0.000,-0.350,1.615,0.181,True,True,False
24.600,object_goal_state,REJECT cooldown source=elevated_dynamic_target remaining_sec=6.90,CAMERA_ALIGN_TO_TARGET mode=AUTO nav_goal=NONE,AUTO,0.000,-0.350,1.615,0.181,True,True,False
24.700,classification,GAZEBO_FAKE_YOLO11S_CLASSIFICATION camera_alignment_requested=true class=bird,CAMERA_ALIGN_TO_TARGET mode=AUTO nav_goal=NONE,AUTO,0.000,-0.350,1.615,0.180,True,True,False
24.700,bird_confirmed,True,CAMERA_ALIGN_TO_TARGET mode=AUTO nav_goal=NONE,AUTO,0.000,-0.350,1.615,0.180,True,True,False
24.700,camera_alignment,CAMERA_ALIGNMENT mode=logical centered=False bearing=-0.602 tilt_cmd=-0.700 joint_publish=False,CAMERA_ALIGN_TO_TARGET mode=AUTO nav_goal=NONE,AUTO,0.000,-0.350,1.615,0.180,True,True,False
24.700,dynamic_target,count=1 x=-0.47 y=1.74 z=3.23,CAMERA_ALIGN_TO_TARGET mode=AUTO nav_goal=NONE,AUTO,0.000,-0.350,1.614,0.180,True,True,False
24.700,dynamic_lock,True,CAMERA_ALIGN_TO_TARGET mode=AUTO nav_goal=NONE,AUTO,0.000,-0.350,1.614,0.180,True,True,False
24.700,object_goal_state,REJECT cooldown source=elevated_dynamic_target remaining_sec=6.80,CAMERA_ALIGN_TO_TARGET mode=AUTO nav_goal=NONE,AUTO,0.000,-0.350,1.614,0.180,True,True,False
24.800,dynamic_target,count=1 x=-0.47 y=1.74 z=3.23,CAMERA_ALIGN_TO_TARGET mode=AUTO nav_goal=NONE,AUTO,0.000,-0.350,1.614,0.180,True,True,False
24.800,dynamic_lock,True,CAMERA_ALIGN_TO_TARGET mode=AUTO nav_goal=NONE,AUTO,0.000,-0.350,1.614,0.180,True,True,False
24.800,camera_alignment,CAMERA_ALIGNMENT mode=logical centered=False bearing=-0.565 tilt_cmd=-0.700 joint_publish=False,CAMERA_ALIGN_TO_TARGET mode=AUTO nav_goal=NONE,AUTO,0.000,-0.350,1.614,0.180,True,True,False
24.800,mission_state,CAMERA_ALIGN_TO_TARGET mode=AUTO nav_goal=NONE,CAMERA_ALIGN_TO_TARGET mode=AUTO nav_goal=NONE,AUTO,0.000,-0.350,1.614,0.180,True,True,False
24.800,mission_event,timestamp=24.800 mission_id=0 target_mission_id=1 state=CAMERA_ALIGN_TO_TARGET event_type=CAMERA_AIM_REQUESTED reason=aligning waypoint_index=2,CAMERA_ALIGN_TO_TARGET mode=AUTO nav_goal=NONE,AUTO,0.000,-0.350,1.614,0.180,True,True,False
24.800,classification,GAZEBO_FAKE_YOLO11S_CLASSIFICATION camera_alignment_requested=true class=bird,CAMERA_ALIGN_TO_TARGET mode=AUTO nav_goal=NONE,AUTO,0.000,-0.350,1.614,0.180,True,True,False
24.800,bird_confirmed,True,CAMERA_ALIGN_TO_TARGET mode=AUTO nav_goal=NONE,AUTO,0.000,-0.350,1.614,0.180,True,True,False
24.800,sound_state,IDLE_NO_REQUEST,CAMERA_ALIGN_TO_TARGET mode=AUTO nav_goal=NONE,AUTO,0.000,-0.350,1.614,0.180,True,True,False
24.800,sound_done,False,CAMERA_ALIGN_TO_TARGET mode=AUTO nav_goal=NONE,AUTO,0.000,-0.350,1.614,0.180,True,True,False
24.800,object_goal_state,REJECT cooldown source=elevated_dynamic_target remaining_sec=6.70,CAMERA_ALIGN_TO_TARGET mode=AUTO nav_goal=NONE,AUTO,0.000,-0.350,1.614,0.180,True,True,False
24.900,bird_confirmed,True,CAMERA_ALIGN_TO_TARGET mode=AUTO nav_goal=NONE,AUTO,0.000,-0.350,1.614,0.180,True,True,False
24.900,camera_alignment,CAMERA_ALIGNMENT mode=logical centered=False bearing=-0.544 tilt_cmd=-0.700 joint_publish=False,CAMERA_ALIGN_TO_TARGET mode=AUTO nav_goal=NONE,AUTO,0.000,-0.350,1.614,0.180,True,True,False
24.900,classification,GAZEBO_FAKE_YOLO11S_CLASSIFICATION camera_alignment_requested=true class=bird,CAMERA_ALIGN_TO_TARGET mode=AUTO nav_goal=NONE,AUTO,0.000,-0.350,1.614,0.180,True,True,False
24.900,dynamic_target,count=1 x=-0.47 y=1.74 z=3.23,CAMERA_ALIGN_TO_TARGET mode=AUTO nav_goal=NONE,AUTO,0.000,-0.350,1.613,0.180,True,True,False
24.900,dynamic_lock,True,CAMERA_ALIGN_TO_TARGET mode=AUTO nav_goal=NONE,AUTO,0.000,-0.350,1.613,0.180,True,True,False
24.900,object_goal_state,REJECT cooldown source=elevated_dynamic_target remaining_sec=6.60,CAMERA_ALIGN_TO_TARGET mode=AUTO nav_goal=NONE,AUTO,0.000,-0.350,1.613,0.180,True,True,False
25.000,classification,GAZEBO_FAKE_YOLO11S_CLASSIFICATION camera_alignment_requested=true class=bird,CAMERA_ALIGN_TO_TARGET mode=AUTO nav_goal=NONE,AUTO,0.000,-0.350,1.614,0.180,True,True,False
25.000,bird_confirmed,True,CAMERA_ALIGN_TO_TARGET mode=AUTO nav_goal=NONE,AUTO,0.000,-0.350,1.614,0.180,True,True,False
25.000,sound_state,IDLE_NO_REQUEST,CAMERA_ALIGN_TO_TARGET mode=AUTO nav_goal=NONE,AUTO,0.000,-0.350,1.614,0.180,True,True,False
25.000,sound_done,False,CAMERA_ALIGN_TO_TARGET mode=AUTO nav_goal=NONE,AUTO,0.000,-0.350,1.614,0.180,True,True,False
25.000,dynamic_target,count=1 x=-0.47 y=1.74 z=3.23,CAMERA_ALIGN_TO_TARGET mode=AUTO nav_goal=NONE,AUTO,0.000,-0.350,1.614,0.180,True,True,False
25.000,dynamic_lock,True,CAMERA_ALIGN_TO_TARGET mode=AUTO nav_goal=NONE,AUTO,0.000,-0.350,1.614,0.180,True,True,False
25.000,mission_state,CAMERA_ALIGN_TO_TARGET mode=AUTO nav_goal=NONE,CAMERA_ALIGN_TO_TARGET mode=AUTO nav_goal=NONE,AUTO,0.000,-0.350,1.614,0.180,True,True,False
25.000,mission_event,timestamp=25.000 mission_id=0 target_mission_id=1 state=CAMERA_ALIGN_TO_TARGET event_type=CAMERA_AIM_REQUESTED reason=aligning waypoint_index=2,CAMERA_ALIGN_TO_TARGET mode=AUTO nav_goal=NONE,AUTO,0.000,-0.350,1.614,0.180,True,True,False
25.000,object_goal_state,REJECT cooldown source=elevated_dynamic_target remaining_sec=6.50,CAMERA_ALIGN_TO_TARGET mode=AUTO nav_goal=NONE,AUTO,0.000,-0.350,1.614,0.180,True,True,False
25.000,camera_alignment,CAMERA_ALIGNMENT mode=logical centered=False bearing=-0.537 tilt_cmd=-0.700 joint_publish=False,CAMERA_ALIGN_TO_TARGET mode=AUTO nav_goal=NONE,AUTO,0.000,-0.350,1.614,0.180,True,True,False
25.100,camera_alignment,CAMERA_ALIGNMENT mode=logical centered=False bearing=-0.510 tilt_cmd=-0.700 joint_publish=False,CAMERA_ALIGN_TO_TARGET mode=AUTO nav_goal=NONE,AUTO,0.000,-0.350,1.613,0.180,True,True,False
25.100,classification,GAZEBO_FAKE_YOLO11S_CLASSIFICATION camera_alignment_requested=true class=bird,CAMERA_ALIGN_TO_TARGET mode=AUTO nav_goal=NONE,AUTO,0.000,-0.350,1.613,0.180,True,True,False
25.100,bird_confirmed,True,CAMERA_ALIGN_TO_TARGET mode=AUTO nav_goal=NONE,AUTO,0.000,-0.350,1.613,0.180,True,True,False
25.200,camera_alignment,CAMERA_ALIGNMENT mode=logical centered=False bearing=-0.510 tilt_cmd=-0.700 joint_publish=False,CAMERA_ALIGN_TO_TARGET mode=AUTO nav_goal=NONE,AUTO,0.000,-0.350,1.613,0.180,True,True,False
25.200,sound_done,False,CAMERA_ALIGN_TO_TARGET mode=AUTO nav_goal=NONE,AUTO,0.000,-0.350,1.613,0.180,True,True,False
25.200,classification,GAZEBO_FAKE_YOLO11S_CLASSIFICATION camera_alignment_requested=true class=bird,CAMERA_ALIGN_TO_TARGET mode=AUTO nav_goal=NONE,AUTO,0.000,-0.350,1.613,0.180,True,True,False
25.200,bird_confirmed,True,CAMERA_ALIGN_TO_TARGET mode=AUTO nav_goal=NONE,AUTO,0.000,-0.350,1.613,0.180,True,True,False
25.200,sound_state,IDLE_NO_REQUEST,CAMERA_ALIGN_TO_TARGET mode=AUTO nav_goal=NONE,AUTO,0.000,-0.350,1.613,0.180,True,True,False
25.200,mission_state,CAMERA_ALIGN_TO_TARGET mode=AUTO nav_goal=NONE,CAMERA_ALIGN_TO_TARGET mode=AUTO nav_goal=NONE,AUTO,0.000,-0.350,1.613,0.180,True,True,False
25.200,mission_event,timestamp=25.200 mission_id=0 target_mission_id=1 state=CAMERA_ALIGN_TO_TARGET event_type=CAMERA_AIM_REQUESTED reason=aligning waypoint_index=2,CAMERA_ALIGN_TO_TARGET mode=AUTO nav_goal=NONE,AUTO,0.000,-0.350,1.613,0.180,True,True,False
25.200,dynamic_target,count=1 x=-0.47 y=1.74 z=3.23,CAMERA_ALIGN_TO_TARGET mode=AUTO nav_goal=NONE,AUTO,0.000,-0.350,1.613,0.180,True,True,False
25.200,dynamic_lock,True,CAMERA_ALIGN_TO_TARGET mode=AUTO nav_goal=NONE,AUTO,0.000,-0.350,1.613,0.180,True,True,False
25.200,object_goal_state,REJECT cooldown source=elevated_dynamic_target remaining_sec=6.30,CAMERA_ALIGN_TO_TARGET mode=AUTO nav_goal=NONE,AUTO,0.000,-0.350,1.613,0.180,True,True,False
25.300,camera_alignment,CAMERA_ALIGNMENT mode=logical centered=False bearing=-0.479 tilt_cmd=-0.700 joint_publish=False,CAMERA_ALIGN_TO_TARGET mode=AUTO nav_goal=NONE,AUTO,0.000,-0.350,1.613,0.180,True,True,False
25.300,bird_confirmed,True,CAMERA_ALIGN_TO_TARGET mode=AUTO nav_goal=NONE,AUTO,0.000,-0.350,1.613,0.180,True,True,False
25.300,classification,GAZEBO_FAKE_YOLO11S_CLASSIFICATION camera_alignment_requested=true class=bird,CAMERA_ALIGN_TO_TARGET mode=AUTO nav_goal=NONE,AUTO,0.000,-0.350,1.613,0.180,True,True,False
25.400,sound_done,False,CAMERA_ALIGN_TO_TARGET mode=AUTO nav_goal=NONE,AUTO,0.000,-0.350,1.613,0.180,True,True,False
25.400,dynamic_target,count=1 x=-0.47 y=1.74 z=3.23,CAMERA_ALIGN_TO_TARGET mode=AUTO nav_goal=NONE,AUTO,0.000,-0.350,1.613,0.180,True,True,False
25.400,camera_alignment,CAMERA_ALIGNMENT mode=logical centered=False bearing=-0.479 tilt_cmd=-0.700 joint_publish=False,CAMERA_ALIGN_TO_TARGET mode=AUTO nav_goal=NONE,AUTO,0.000,-0.350,1.613,0.180,True,True,False
25.400,classification,GAZEBO_FAKE_YOLO11S_CLASSIFICATION camera_alignment_requested=true class=bird,CAMERA_ALIGN_TO_TARGET mode=AUTO nav_goal=NONE,AUTO,0.000,-0.350,1.613,0.180,True,True,False
25.400,bird_confirmed,True,CAMERA_ALIGN_TO_TARGET mode=AUTO nav_goal=NONE,AUTO,0.000,-0.350,1.613,0.180,True,True,False
25.400,sound_state,IDLE_NO_REQUEST,CAMERA_ALIGN_TO_TARGET mode=AUTO nav_goal=NONE,AUTO,0.000,-0.350,1.613,0.180,True,True,False
25.400,dynamic_lock,True,CAMERA_ALIGN_TO_TARGET mode=AUTO nav_goal=NONE,AUTO,0.000,-0.350,1.613,0.180,True,True,False
25.400,mission_state,CAMERA_ALIGN_TO_TARGET mode=AUTO nav_goal=NONE,CAMERA_ALIGN_TO_TARGET mode=AUTO nav_goal=NONE,AUTO,0.000,-0.350,1.613,0.180,True,True,False
25.400,mission_event,timestamp=25.400 mission_id=0 target_mission_id=1 state=CAMERA_ALIGN_TO_TARGET event_type=CAMERA_AIM_REQUESTED reason=aligning waypoint_index=2,CAMERA_ALIGN_TO_TARGET mode=AUTO nav_goal=NONE,AUTO,0.000,-0.350,1.613,0.180,True,True,False
25.400,object_goal_state,REJECT cooldown source=elevated_dynamic_target remaining_sec=6.10,CAMERA_ALIGN_TO_TARGET mode=AUTO nav_goal=NONE,AUTO,0.000,-0.350,1.613,0.180,True,True,False
25.500,classification,GAZEBO_FAKE_YOLO11S_CLASSIFICATION camera_alignment_requested=true class=bird,CAMERA_ALIGN_TO_TARGET mode=AUTO nav_goal=NONE,AUTO,0.000,-0.350,1.612,0.180,True,True,False
25.500,bird_confirmed,True,CAMERA_ALIGN_TO_TARGET mode=AUTO nav_goal=NONE,AUTO,0.000,-0.350,1.612,0.180,True,True,False
25.500,camera_alignment,CAMERA_ALIGNMENT mode=logical centered=False bearing=-0.433 tilt_cmd=-0.700 joint_publish=False,CAMERA_ALIGN_TO_TARGET mode=AUTO nav_goal=NONE,AUTO,0.000,-0.350,1.612,0.180,True,True,False
25.600,mission_state,CAMERA_ALIGN_TO_TARGET mode=AUTO nav_goal=NONE,CAMERA_ALIGN_TO_TARGET mode=AUTO nav_goal=NONE,AUTO,0.000,-0.350,1.612,0.181,True,True,False
25.600,mission_event,timestamp=25.600 mission_id=0 target_mission_id=1 state=CAMERA_ALIGN_TO_TARGET event_type=CAMERA_AIM_REQUESTED reason=aligning waypoint_index=2,CAMERA_ALIGN_TO_TARGET mode=AUTO nav_goal=NONE,AUTO,0.000,-0.350,1.612,0.181,True,True,False
25.600,camera_alignment,CAMERA_ALIGNMENT mode=logical centered=False bearing=-0.433 tilt_cmd=-0.700 joint_publish=False,CAMERA_ALIGN_TO_TARGET mode=AUTO nav_goal=NONE,AUTO,0.000,-0.350,1.612,0.181,True,True,False
25.600,classification,GAZEBO_FAKE_YOLO11S_CLASSIFICATION camera_alignment_requested=true class=bird,CAMERA_ALIGN_TO_TARGET mode=AUTO nav_goal=NONE,AUTO,0.000,-0.350,1.612,0.181,True,True,False
25.600,bird_confirmed,True,CAMERA_ALIGN_TO_TARGET mode=AUTO nav_goal=NONE,AUTO,0.000,-0.350,1.612,0.181,True,True,False
25.600,sound_state,IDLE_NO_REQUEST,CAMERA_ALIGN_TO_TARGET mode=AUTO nav_goal=NONE,AUTO,0.000,-0.350,1.612,0.181,True,True,False
25.600,sound_done,False,CAMERA_ALIGN_TO_TARGET mode=AUTO nav_goal=NONE,AUTO,0.000,-0.350,1.612,0.181,True,True,False
25.600,dynamic_target,count=1 x=-0.48 y=1.76 z=3.23,CAMERA_ALIGN_TO_TARGET mode=AUTO nav_goal=NONE,AUTO,0.000,-0.350,1.611,0.181,True,True,False
25.600,dynamic_lock,True,CAMERA_ALIGN_TO_TARGET mode=AUTO nav_goal=NONE,AUTO,0.000,-0.350,1.611,0.181,True,True,False
25.600,object_goal_state,REJECT cooldown source=elevated_dynamic_target remaining_sec=5.90,CAMERA_ALIGN_TO_TARGET mode=AUTO nav_goal=NONE,AUTO,0.000,-0.350,1.611,0.181,True,True,False
25.600,dynamic_target,count=1 x=-0.48 y=1.76 z=3.23,CAMERA_ALIGN_TO_TARGET mode=AUTO nav_goal=NONE,AUTO,0.000,-0.350,1.611,0.181,True,True,False
25.600,dynamic_lock,True,CAMERA_ALIGN_TO_TARGET mode=AUTO nav_goal=NONE,AUTO,0.000,-0.350,1.611,0.181,True,True,False
25.600,object_goal_state,REJECT cooldown source=elevated_dynamic_target remaining_sec=5.90,CAMERA_ALIGN_TO_TARGET mode=AUTO nav_goal=NONE,AUTO,0.000,-0.350,1.611,0.181,True,True,False
25.700,classification,GAZEBO_FAKE_YOLO11S_CLASSIFICATION camera_alignment_requested=true class=bird,CAMERA_ALIGN_TO_TARGET mode=AUTO nav_goal=NONE,AUTO,0.000,-0.350,1.611,0.181,True,True,False
25.700,bird_confirmed,True,CAMERA_ALIGN_TO_TARGET mode=AUTO nav_goal=NONE,AUTO,0.000,-0.350,1.611,0.181,True,True,False
25.700,camera_alignment,CAMERA_ALIGNMENT mode=logical centered=False bearing=-0.399 tilt_cmd=-0.700 joint_publish=False,CAMERA_ALIGN_TO_TARGET mode=AUTO nav_goal=NONE,AUTO,0.000,-0.350,1.611,0.181,True,True,False
25.800,sound_done,False,CAMERA_ALIGN_TO_TARGET mode=AUTO nav_goal=NONE,AUTO,0.000,-0.350,1.611,0.181,True,True,False
25.800,classification,GAZEBO_FAKE_YOLO11S_CLASSIFICATION camera_alignment_requested=true class=bird,CAMERA_ALIGN_TO_TARGET mode=AUTO nav_goal=NONE,AUTO,0.000,-0.350,1.611,0.181,True,True,False
25.800,bird_confirmed,True,CAMERA_ALIGN_TO_TARGET mode=AUTO nav_goal=NONE,AUTO,0.000,-0.350,1.611,0.181,True,True,False
25.800,sound_state,IDLE_NO_REQUEST,CAMERA_ALIGN_TO_TARGET mode=AUTO nav_goal=NONE,AUTO,0.000,-0.350,1.611,0.181,True,True,False
25.800,mission_state,CAMERA_ALIGN_TO_TARGET mode=AUTO nav_goal=NONE,CAMERA_ALIGN_TO_TARGET mode=AUTO nav_goal=NONE,AUTO,0.000,-0.350,1.611,0.181,True,True,False
25.800,mission_event,timestamp=25.800 mission_id=0 target_mission_id=1 state=CAMERA_ALIGN_TO_TARGET event_type=CAMERA_AIM_REQUESTED reason=aligning waypoint_index=2,CAMERA_ALIGN_TO_TARGET mode=AUTO nav_goal=NONE,AUTO,0.000,-0.350,1.611,0.181,True,True,False
25.800,camera_alignment,CAMERA_ALIGNMENT mode=logical centered=False bearing=-0.399 tilt_cmd=-0.700 joint_publish=False,CAMERA_ALIGN_TO_TARGET mode=AUTO nav_goal=NONE,AUTO,0.000,-0.350,1.611,0.181,True,True,False
25.800,dynamic_target,count=1 x=-0.48 y=1.76 z=3.23,CAMERA_ALIGN_TO_TARGET mode=AUTO nav_goal=NONE,AUTO,0.000,-0.350,1.611,0.181,True,True,False
25.800,dynamic_lock,True,CAMERA_ALIGN_TO_TARGET mode=AUTO nav_goal=NONE,AUTO,0.000,-0.350,1.611,0.181,True,True,False
25.800,object_goal_state,REJECT cooldown source=elevated_dynamic_target remaining_sec=5.70,CAMERA_ALIGN_TO_TARGET mode=AUTO nav_goal=NONE,AUTO,0.000,-0.350,1.611,0.181,True,True,False
25.900,camera_alignment,CAMERA_ALIGNMENT mode=logical centered=False bearing=-0.371 tilt_cmd=-0.700 joint_publish=False,CAMERA_ALIGN_TO_TARGET mode=AUTO nav_goal=NONE,AUTO,0.000,-0.350,1.610,0.182,True,True,False
25.900,bird_confirmed,True,CAMERA_ALIGN_TO_TARGET mode=AUTO nav_goal=NONE,AUTO,0.000,-0.350,1.610,0.182,True,True,False
25.900,classification,GAZEBO_FAKE_YOLO11S_CLASSIFICATION camera_alignment_requested=true class=bird,CAMERA_ALIGN_TO_TARGET mode=AUTO nav_goal=NONE,AUTO,0.000,-0.350,1.610,0.182,True,True,False
25.900,dynamic_target,count=1 x=-0.49 y=1.77 z=3.23,CAMERA_ALIGN_TO_TARGET mode=AUTO nav_goal=NONE,AUTO,0.000,-0.350,1.611,0.182,True,True,False
25.900,dynamic_lock,True,CAMERA_ALIGN_TO_TARGET mode=AUTO nav_goal=NONE,AUTO,0.000,-0.350,1.611,0.182,True,True,False
25.900,object_goal_state,REJECT cooldown source=elevated_dynamic_target remaining_sec=5.60,CAMERA_ALIGN_TO_TARGET mode=AUTO nav_goal=NONE,AUTO,0.000,-0.350,1.611,0.182,True,True,False
26.000,dynamic_target,count=1 x=-0.49 y=1.77 z=3.23,CAMERA_ALIGN_TO_TARGET mode=AUTO nav_goal=NONE,AUTO,0.000,-0.350,1.610,0.182,True,True,False
26.000,dynamic_lock,True,CAMERA_ALIGN_TO_TARGET mode=AUTO nav_goal=NONE,AUTO,0.000,-0.350,1.610,0.182,True,True,False
26.000,camera_alignment,CAMERA_ALIGNMENT mode=logical centered=False bearing=-0.341 tilt_cmd=-0.700 joint_publish=False,CAMERA_ALIGN_TO_TARGET mode=AUTO nav_goal=NONE,AUTO,0.000,-0.350,1.610,0.182,True,True,False
26.000,bird_confirmed,True,CAMERA_ALIGN_TO_TARGET mode=AUTO nav_goal=NONE,AUTO,0.000,-0.350,1.610,0.182,True,True,False
26.000,mission_state,CAMERA_ALIGN_TO_TARGET mode=AUTO nav_goal=NONE,CAMERA_ALIGN_TO_TARGET mode=AUTO nav_goal=NONE,AUTO,0.000,-0.350,1.610,0.182,True,True,False
26.000,classification,GAZEBO_FAKE_YOLO11S_CLASSIFICATION camera_alignment_requested=true class=bird,CAMERA_ALIGN_TO_TARGET mode=AUTO nav_goal=NONE,AUTO,0.000,-0.350,1.610,0.182,True,True,False
26.000,mission_event,timestamp=26.000 mission_id=0 target_mission_id=1 state=CAMERA_ALIGN_TO_TARGET event_type=CAMERA_AIM_REQUESTED reason=aligning waypoint_index=2,CAMERA_ALIGN_TO_TARGET mode=AUTO nav_goal=NONE,AUTO,0.000,-0.350,1.610,0.182,True,True,False
26.000,object_goal_state,TARGET_LOST_TIMEOUT,CAMERA_ALIGN_TO_TARGET mode=AUTO nav_goal=NONE,AUTO,0.000,-0.350,1.610,0.182,True,True,False
26.000,sound_state,IDLE_NO_REQUEST,CAMERA_ALIGN_TO_TARGET mode=AUTO nav_goal=NONE,AUTO,0.000,-0.350,1.610,0.182,True,True,False
26.000,sound_done,False,CAMERA_ALIGN_TO_TARGET mode=AUTO nav_goal=NONE,AUTO,0.000,-0.350,1.610,0.182,True,True,False
26.000,object_goal_state,REJECT cooldown source=elevated_dynamic_target remaining_sec=5.50,CAMERA_ALIGN_TO_TARGET mode=AUTO nav_goal=NONE,AUTO,0.000,-0.350,1.610,0.182,True,True,False
26.100,classification,GAZEBO_FAKE_YOLO11S_CLASSIFICATION camera_alignment_requested=true class=bird,CAMERA_ALIGN_TO_TARGET mode=AUTO nav_goal=NONE,AUTO,0.000,-0.350,1.610,0.182,True,True,False
26.100,bird_confirmed,True,CAMERA_ALIGN_TO_TARGET mode=AUTO nav_goal=NONE,AUTO,0.000,-0.350,1.610,0.182,True,True,False
26.100,camera_alignment,CAMERA_ALIGNMENT mode=logical centered=False bearing=-0.323 tilt_cmd=-0.700 joint_publish=False,CAMERA_ALIGN_TO_TARGET mode=AUTO nav_goal=NONE,AUTO,0.000,-0.350,1.610,0.182,True,True,False
26.200,camera_alignment,CAMERA_ALIGNMENT mode=logical centered=False bearing=-0.323 tilt_cmd=-0.700 joint_publish=False,CAMERA_ALIGN_TO_TARGET mode=AUTO nav_goal=NONE,AUTO,0.000,-0.350,1.609,0.183,True,True,False
26.200,bird_confirmed,True,CAMERA_ALIGN_TO_TARGET mode=AUTO nav_goal=NONE,AUTO,0.000,-0.350,1.609,0.183,True,True,False
26.200,sound_state,IDLE_NO_REQUEST,CAMERA_ALIGN_TO_TARGET mode=AUTO nav_goal=NONE,AUTO,0.000,-0.350,1.609,0.183,True,True,False
26.200,sound_done,False,CAMERA_ALIGN_TO_TARGET mode=AUTO nav_goal=NONE,AUTO,0.000,-0.350,1.609,0.183,True,True,False
26.200,mission_state,CAMERA_ALIGN_TO_TARGET mode=AUTO nav_goal=NONE,CAMERA_ALIGN_TO_TARGET mode=AUTO nav_goal=NONE,AUTO,0.000,-0.341,1.609,0.183,True,True,False
26.200,mission_event,timestamp=26.200 mission_id=0 target_mission_id=1 state=CAMERA_ALIGN_TO_TARGET event_type=CAMERA_AIM_REQUESTED reason=aligning waypoint_index=2,CAMERA_ALIGN_TO_TARGET mode=AUTO nav_goal=NONE,AUTO,0.000,-0.341,1.609,0.183,True,True,False
26.200,classification,GAZEBO_FAKE_YOLO11S_CLASSIFICATION camera_alignment_requested=true class=bird,CAMERA_ALIGN_TO_TARGET mode=AUTO nav_goal=NONE,AUTO,0.000,-0.341,1.609,0.183,True,True,False
26.200,dynamic_target,count=1 x=-0.49 y=1.77 z=3.23,CAMERA_ALIGN_TO_TARGET mode=AUTO nav_goal=NONE,AUTO,0.000,-0.341,1.609,0.183,True,True,False
26.200,dynamic_lock,True,CAMERA_ALIGN_TO_TARGET mode=AUTO nav_goal=NONE,AUTO,0.000,-0.341,1.609,0.183,True,True,False
26.200,object_goal_state,REJECT cooldown source=elevated_dynamic_target remaining_sec=5.30,CAMERA_ALIGN_TO_TARGET mode=AUTO nav_goal=NONE,AUTO,0.000,-0.341,1.609,0.183,True,True,False
26.300,classification,GAZEBO_FAKE_YOLO11S_CLASSIFICATION camera_alignment_requested=true class=bird,CAMERA_ALIGN_TO_TARGET mode=AUTO nav_goal=NONE,AUTO,0.000,-0.341,1.609,0.184,True,True,False
26.300,bird_confirmed,True,CAMERA_ALIGN_TO_TARGET mode=AUTO nav_goal=NONE,AUTO,0.000,-0.341,1.609,0.184,True,True,False
26.300,camera_alignment,CAMERA_ALIGNMENT mode=logical centered=False bearing=-0.281 tilt_cmd=-0.700 joint_publish=False,CAMERA_ALIGN_TO_TARGET mode=AUTO nav_goal=NONE,AUTO,0.000,-0.323,1.609,0.184,True,True,False
26.400,sound_state,IDLE_NO_REQUEST,CAMERA_ALIGN_TO_TARGET mode=AUTO nav_goal=NONE,AUTO,0.000,-0.323,1.609,0.183,True,True,False
26.400,sound_done,False,CAMERA_ALIGN_TO_TARGET mode=AUTO nav_goal=NONE,AUTO,0.000,-0.323,1.609,0.183,True,True,False
26.400,mission_state,CAMERA_ALIGN_TO_TARGET mode=AUTO nav_goal=NONE,CAMERA_ALIGN_TO_TARGET mode=AUTO nav_goal=NONE,AUTO,0.000,-0.323,1.609,0.183,True,True,False
26.400,camera_alignment,CAMERA_ALIGNMENT mode=logical centered=False bearing=-0.281 tilt_cmd=-0.700 joint_publish=False,CAMERA_ALIGN_TO_TARGET mode=AUTO nav_goal=NONE,AUTO,0.000,-0.323,1.609,0.183,True,True,False
26.400,classification,GAZEBO_FAKE_YOLO11S_CLASSIFICATION camera_alignment_requested=true class=bird,CAMERA_ALIGN_TO_TARGET mode=AUTO nav_goal=NONE,AUTO,0.000,-0.323,1.609,0.183,True,True,False
26.400,bird_confirmed,True,CAMERA_ALIGN_TO_TARGET mode=AUTO nav_goal=NONE,AUTO,0.000,-0.323,1.609,0.183,True,True,False
26.400,mission_event,timestamp=26.400 mission_id=0 target_mission_id=1 state=CAMERA_ALIGN_TO_TARGET event_type=CAMERA_AIM_REQUESTED reason=aligning waypoint_index=2,CAMERA_ALIGN_TO_TARGET mode=AUTO nav_goal=NONE,AUTO,0.000,-0.323,1.609,0.183,True,True,False
26.400,dynamic_target,count=1 x=-0.49 y=1.77 z=3.23,CAMERA_ALIGN_TO_TARGET mode=AUTO nav_goal=NONE,AUTO,0.000,-0.323,1.609,0.183,True,True,False
26.400,dynamic_lock,True,CAMERA_ALIGN_TO_TARGET mode=AUTO nav_goal=NONE,AUTO,0.000,-0.323,1.609,0.183,True,True,False
26.400,object_goal_state,REJECT cooldown source=elevated_dynamic_target remaining_sec=5.10,CAMERA_ALIGN_TO_TARGET mode=AUTO nav_goal=NONE,AUTO,0.000,-0.323,1.609,0.183,True,True,False
26.500,camera_alignment,CAMERA_ALIGNMENT mode=logical centered=False bearing=-0.227 tilt_cmd=-0.700 joint_publish=False,CAMERA_ALIGN_TO_TARGET mode=AUTO nav_goal=NONE,AUTO,0.000,-0.323,1.608,0.183,True,True,False
26.500,classification,GAZEBO_FAKE_YOLO11S_CLASSIFICATION camera_alignment_requested=true class=bird,CAMERA_ALIGN_TO_TARGET mode=AUTO nav_goal=NONE,AUTO,0.000,-0.323,1.608,0.183,True,True,False
26.500,bird_confirmed,True,CAMERA_ALIGN_TO_TARGET mode=AUTO nav_goal=NONE,AUTO,0.000,-0.323,1.608,0.183,True,True,False
26.600,camera_alignment,CAMERA_ALIGNMENT mode=logical centered=False bearing=-0.227 tilt_cmd=-0.700 joint_publish=False,CAMERA_ALIGN_TO_TARGET mode=AUTO nav_goal=NONE,AUTO,0.000,-0.227,1.607,0.183,True,True,False
26.600,classification,GAZEBO_FAKE_YOLO11S_CLASSIFICATION camera_alignment_requested=true class=bird,CAMERA_ALIGN_TO_TARGET mode=AUTO nav_goal=NONE,AUTO,0.000,-0.227,1.607,0.183,True,True,False
26.600,bird_confirmed,True,CAMERA_ALIGN_TO_TARGET mode=AUTO nav_goal=NONE,AUTO,0.000,-0.227,1.607,0.183,True,True,False
26.600,sound_state,IDLE_NO_REQUEST,CAMERA_ALIGN_TO_TARGET mode=AUTO nav_goal=NONE,AUTO,0.000,-0.227,1.607,0.183,True,True,False
26.600,sound_done,False,CAMERA_ALIGN_TO_TARGET mode=AUTO nav_goal=NONE,AUTO,0.000,-0.227,1.607,0.183,True,True,False
26.600,mission_state,CAMERA_ALIGN_TO_TARGET mode=AUTO nav_goal=NONE,CAMERA_ALIGN_TO_TARGET mode=AUTO nav_goal=NONE,AUTO,0.000,-0.227,1.607,0.183,True,True,False
26.600,mission_event,timestamp=26.600 mission_id=0 target_mission_id=1 state=CAMERA_ALIGN_TO_TARGET event_type=CAMERA_AIM_REQUESTED reason=aligning waypoint_index=2,CAMERA_ALIGN_TO_TARGET mode=AUTO nav_goal=NONE,AUTO,0.000,-0.227,1.607,0.183,True,True,False
26.600,dynamic_target,count=1 x=-0.49 y=1.77 z=3.23,CAMERA_ALIGN_TO_TARGET mode=AUTO nav_goal=NONE,AUTO,0.000,-0.227,1.607,0.183,True,True,False
26.600,dynamic_lock,True,CAMERA_ALIGN_TO_TARGET mode=AUTO nav_goal=NONE,AUTO,0.000,-0.227,1.607,0.183,True,True,False
26.600,object_goal_state,REJECT cooldown source=elevated_dynamic_target remaining_sec=4.90,CAMERA_ALIGN_TO_TARGET mode=AUTO nav_goal=NONE,AUTO,0.000,-0.227,1.607,0.183,True,True,False
26.700,camera_alignment,CAMERA_ALIGNMENT mode=logical centered=False bearing=-0.177 tilt_cmd=-0.700 joint_publish=False,CAMERA_ALIGN_TO_TARGET mode=AUTO nav_goal=NONE,AUTO,0.000,-0.227,1.607,0.183,True,True,False
26.700,classification,GAZEBO_FAKE_YOLO11S_CLASSIFICATION camera_alignment_requested=true class=bird,CAMERA_ALIGN_TO_TARGET mode=AUTO nav_goal=NONE,AUTO,0.000,-0.227,1.607,0.183,True,True,False
26.700,bird_confirmed,True,CAMERA_ALIGN_TO_TARGET mode=AUTO nav_goal=NONE,AUTO,0.000,-0.227,1.607,0.183,True,True,False
26.800,mission_state,CAMERA_ALIGN_TO_TARGET mode=AUTO nav_goal=NONE,CAMERA_ALIGN_TO_TARGET mode=AUTO nav_goal=NONE,AUTO,0.000,-0.227,1.607,0.183,True,True,False
26.800,classification,GAZEBO_FAKE_YOLO11S_CLASSIFICATION camera_alignment_requested=true class=bird,CAMERA_ALIGN_TO_TARGET mode=AUTO nav_goal=NONE,AUTO,0.000,-0.227,1.607,0.183,True,True,False
26.800,bird_confirmed,True,CAMERA_ALIGN_TO_TARGET mode=AUTO nav_goal=NONE,AUTO,0.000,-0.227,1.607,0.183,True,True,False
26.800,sound_state,IDLE_NO_REQUEST,CAMERA_ALIGN_TO_TARGET mode=AUTO nav_goal=NONE,AUTO,0.000,-0.227,1.607,0.183,True,True,False
26.800,sound_done,False,CAMERA_ALIGN_TO_TARGET mode=AUTO nav_goal=NONE,AUTO,0.000,-0.227,1.607,0.183,True,True,False
26.800,camera_alignment,CAMERA_ALIGNMENT mode=logical centered=False bearing=-0.177 tilt_cmd=-0.700 joint_publish=False,CAMERA_ALIGN_TO_TARGET mode=AUTO nav_goal=NONE,AUTO,0.000,-0.227,1.607,0.183,True,True,False
26.800,mission_event,timestamp=26.800 mission_id=0 target_mission_id=1 state=CAMERA_ALIGN_TO_TARGET event_type=CAMERA_AIM_REQUESTED reason=aligning waypoint_index=2,CAMERA_ALIGN_TO_TARGET mode=AUTO nav_goal=NONE,AUTO,0.000,-0.227,1.607,0.183,True,True,False
26.800,dynamic_target,count=1 x=-0.49 y=1.77 z=3.23,CAMERA_ALIGN_TO_TARGET mode=AUTO nav_goal=NONE,AUTO,0.000,-0.227,1.607,0.184,True,True,False
26.800,dynamic_lock,True,CAMERA_ALIGN_TO_TARGET mode=AUTO nav_goal=NONE,AUTO,0.000,-0.227,1.607,0.184,True,True,False
26.800,object_goal_state,REJECT cooldown source=elevated_dynamic_target remaining_sec=4.70,CAMERA_ALIGN_TO_TARGET mode=AUTO nav_goal=NONE,AUTO,0.000,-0.227,1.607,0.184,True,True,False
26.900,classification,GAZEBO_FAKE_YOLO11S_CLASSIFICATION camera_alignment_requested=true class=bird,CAMERA_ALIGN_TO_TARGET mode=AUTO nav_goal=NONE,AUTO,0.000,-0.227,1.608,0.184,True,True,False
26.900,bird_confirmed,True,CAMERA_ALIGN_TO_TARGET mode=AUTO nav_goal=NONE,AUTO,0.000,-0.227,1.608,0.184,True,True,False
26.900,camera_alignment,CAMERA_ALIGNMENT mode=logical centered=True bearing=-0.145 tilt_cmd=-0.700 joint_publish=False,CAMERA_ALIGN_TO_TARGET mode=AUTO nav_goal=NONE,AUTO,0.000,-0.177,1.608,0.184,True,True,False
27.000,classification,GAZEBO_FAKE_YOLO11S_CLASSIFICATION camera_alignment_requested=true class=bird,CAMERA_ALIGN_TO_TARGET mode=AUTO nav_goal=NONE,AUTO,0.000,-0.177,1.608,0.185,True,True,False
27.000,bird_confirmed,True,CAMERA_ALIGN_TO_TARGET mode=AUTO nav_goal=NONE,AUTO,0.000,-0.177,1.608,0.185,True,True,False
27.000,mission_state,CAMERA_ALIGN_TO_TARGET mode=AUTO nav_goal=NONE,CAMERA_ALIGN_TO_TARGET mode=AUTO nav_goal=NONE,AUTO,0.000,-0.177,1.608,0.185,True,True,False
27.000,mission_event,timestamp=27.000 mission_id=0 target_mission_id=1 state=CAMERA_ALIGN_TO_TARGET event_type=CAMERA_AIM_REQUESTED reason=aligning waypoint_index=2,CAMERA_ALIGN_TO_TARGET mode=AUTO nav_goal=NONE,AUTO,0.000,-0.177,1.608,0.185,True,True,False
27.000,camera_alignment,CAMERA_ALIGNMENT mode=logical centered=True bearing=-0.145 tilt_cmd=-0.700 joint_publish=False,CAMERA_ALIGN_TO_TARGET mode=AUTO nav_goal=NONE,AUTO,0.000,-0.177,1.608,0.185,True,True,False
27.000,sound_state,IDLE_NO_REQUEST,CAMERA_ALIGN_TO_TARGET mode=AUTO nav_goal=NONE,AUTO,0.000,-0.177,1.608,0.185,True,True,False
27.000,sound_done,False,CAMERA_ALIGN_TO_TARGET mode=AUTO nav_goal=NONE,AUTO,0.000,-0.177,1.608,0.185,True,True,False
27.000,mission_event,timestamp=27.000 mission_id=0 target_mission_id=1 state=CAMERA_ALIGN_DONE event_type=STATE_CHANGE reason=previous=CAMERA_ALIGN_TO_TARGET next=CAMERA_ALIGN_DONE reason=CAMERA_ALIGNMENT mode=logical centered=True bearing=-0.145 tilt_cmd=-0.700 joint_publish=False waypoint_index=2,CAMERA_ALIGN_TO_TARGET mode=AUTO nav_goal=NONE,AUTO,0.000,-0.177,1.608,0.185,True,True,False
27.100,camera_alignment,CAMERA_ALIGNMENT mode=logical centered=True bearing=-0.145 tilt_cmd=-0.700 joint_publish=False,CAMERA_ALIGN_TO_TARGET mode=AUTO nav_goal=NONE,AUTO,0.000,-0.177,1.608,0.185,True,True,False
27.100,bird_confirmed,True,CAMERA_ALIGN_TO_TARGET mode=AUTO nav_goal=NONE,AUTO,0.000,-0.145,1.608,0.185,True,True,False
27.100,classification,GAZEBO_FAKE_YOLO11S_CLASSIFICATION camera_alignment_requested=true class=bird,CAMERA_ALIGN_TO_TARGET mode=AUTO nav_goal=NONE,AUTO,0.000,-0.145,1.608,0.185,True,True,False
27.200,classification,GAZEBO_FAKE_YOLO11S_CLASSIFICATION camera_alignment_requested=true class=bird,CAMERA_ALIGN_TO_TARGET mode=AUTO nav_goal=NONE,AUTO,0.000,-0.145,1.608,0.185,True,True,False
27.200,bird_confirmed,True,CAMERA_ALIGN_TO_TARGET mode=AUTO nav_goal=NONE,AUTO,0.000,-0.145,1.608,0.185,True,True,False
27.200,sound_state,IDLE_NO_REQUEST,CAMERA_ALIGN_TO_TARGET mode=AUTO nav_goal=NONE,AUTO,0.000,-0.145,1.608,0.185,True,True,False
27.200,sound_done,False,CAMERA_ALIGN_TO_TARGET mode=AUTO nav_goal=NONE,AUTO,0.000,-0.145,1.608,0.185,True,True,False
27.200,camera_alignment,CAMERA_ALIGNMENT mode=logical centered=True bearing=-0.145 tilt_cmd=-0.700 joint_publish=False,CAMERA_ALIGN_TO_TARGET mode=AUTO nav_goal=NONE,AUTO,0.000,-0.145,1.608,0.185,True,True,False
27.200,mission_state,CAMERA_ALIGN_DONE mode=AUTO nav_goal=NONE,CAMERA_ALIGN_DONE mode=AUTO nav_goal=NONE,AUTO,0.000,-0.145,1.608,0.185,True,True,False
27.200,mission_event,timestamp=27.200 mission_id=0 target_mission_id=1 state=TARGET_CLASSIFICATION_WAIT event_type=STATE_CHANGE reason=previous=CAMERA_ALIGN_DONE next=TARGET_CLASSIFICATION_WAIT reason=camera_alignment_done waypoint_index=2,CAMERA_ALIGN_DONE mode=AUTO nav_goal=NONE,AUTO,0.000,-0.145,1.608,0.185,True,True,False
27.300,camera_alignment,CAMERA_ALIGNMENT mode=logical centered=True bearing=-0.145 tilt_cmd=-0.700 joint_publish=False,CAMERA_ALIGN_DONE mode=AUTO nav_goal=NONE,AUTO,0.000,-0.145,1.608,0.185,True,True,False
27.300,classification,GAZEBO_FAKE_YOLO11S_CLASSIFICATION camera_alignment_requested=true class=bird,CAMERA_ALIGN_DONE mode=AUTO nav_goal=NONE,AUTO,0.000,-0.145,1.608,0.185,True,True,False
27.300,bird_confirmed,True,CAMERA_ALIGN_DONE mode=AUTO nav_goal=NONE,AUTO,0.000,-0.145,1.608,0.185,True,True,False
27.400,mission_state,TARGET_CLASSIFICATION_WAIT mode=AUTO nav_goal=NONE,TARGET_CLASSIFICATION_WAIT mode=AUTO nav_goal=NONE,AUTO,0.000,-0.145,1.608,0.185,True,True,False
27.400,camera_alignment,CAMERA_ALIGNMENT mode=logical centered=True bearing=-0.145 tilt_cmd=-0.700 joint_publish=False,TARGET_CLASSIFICATION_WAIT mode=AUTO nav_goal=NONE,AUTO,0.000,-0.145,1.608,0.185,True,True,False
27.400,classification,GAZEBO_FAKE_YOLO11S_CLASSIFICATION camera_alignment_requested=true class=bird,TARGET_CLASSIFICATION_WAIT mode=AUTO nav_goal=NONE,AUTO,0.000,-0.145,1.608,0.185,True,True,False
27.400,bird_confirmed,True,TARGET_CLASSIFICATION_WAIT mode=AUTO nav_goal=NONE,AUTO,0.000,-0.145,1.608,0.185,True,True,False
27.400,sound_state,IDLE_NO_REQUEST,TARGET_CLASSIFICATION_WAIT mode=AUTO nav_goal=NONE,AUTO,0.000,-0.145,1.608,0.185,True,True,False
27.400,sound_done,False,TARGET_CLASSIFICATION_WAIT mode=AUTO nav_goal=NONE,AUTO,0.000,-0.145,1.608,0.185,True,True,False
27.400,mission_event,timestamp=27.400 mission_id=0 target_mission_id=1 state=TARGET_CLASSIFIED_BIRD event_type=STATE_CHANGE reason=previous=TARGET_CLASSIFICATION_WAIT next=TARGET_CLASSIFIED_BIRD reason=class=bird conf=0.92 waypoint_index=2,TARGET_CLASSIFICATION_WAIT mode=AUTO nav_goal=NONE,AUTO,0.000,-0.145,1.608,0.185,True,True,False
27.400,mission_event,timestamp=27.400 mission_id=0 target_mission_id=1 state=SOUND_TASK_REQUESTED event_type=STATE_CHANGE reason=previous=TARGET_CLASSIFIED_BIRD next=SOUND_TASK_REQUESTED reason=sound_alert_requested class=bird waypoint_index=2,TARGET_CLASSIFICATION_WAIT mode=AUTO nav_goal=NONE,AUTO,0.000,-0.145,1.608,0.185,True,True,False
27.500,classification,GAZEBO_FAKE_YOLO11S_CLASSIFICATION camera_alignment_requested=true class=bird,TARGET_CLASSIFICATION_WAIT mode=AUTO nav_goal=NONE,AUTO,0.000,-0.145,1.608,0.185,True,True,False
27.500,bird_confirmed,True,TARGET_CLASSIFICATION_WAIT mode=AUTO nav_goal=NONE,AUTO,0.000,-0.145,1.608,0.185,True,True,False
27.500,camera_alignment,CAMERA_ALIGNMENT mode=logical centered=True bearing=-0.145 tilt_cmd=-0.700 joint_publish=False,TARGET_CLASSIFICATION_WAIT mode=AUTO nav_goal=NONE,AUTO,0.000,-0.145,1.608,0.185,True,True,False
27.600,camera_alignment,CAMERA_ALIGNMENT mode=logical centered=True bearing=-0.145 tilt_cmd=-0.700 joint_publish=False,TARGET_CLASSIFICATION_WAIT mode=AUTO nav_goal=NONE,AUTO,0.000,-0.145,1.608,0.184,True,True,False
27.600,classification,GAZEBO_FAKE_YOLO11S_CLASSIFICATION camera_alignment_requested=true class=bird,TARGET_CLASSIFICATION_WAIT mode=AUTO nav_goal=NONE,AUTO,0.000,-0.145,1.608,0.184,True,True,False
27.600,bird_confirmed,True,TARGET_CLASSIFICATION_WAIT mode=AUTO nav_goal=NONE,AUTO,0.000,-0.145,1.608,0.184,True,True,False
27.600,mission_state,SOUND_TASK_REQUESTED mode=AUTO nav_goal=NONE,SOUND_TASK_REQUESTED mode=AUTO nav_goal=NONE,AUTO,0.000,-0.145,1.608,0.184,True,True,False
27.600,mission_event,timestamp=27.600 mission_id=0 target_mission_id=1 state=SOUND_TASK_RUNNING event_type=STATE_CHANGE reason=previous=SOUND_TASK_REQUESTED next=SOUND_TASK_RUNNING reason=sound_task_running waypoint_index=2,SOUND_TASK_REQUESTED mode=AUTO nav_goal=NONE,AUTO,0.000,-0.145,1.608,0.184,True,True,False
27.600,sound_state,SIMULATED_DETERRENT_SOUND_TASK sound_type=GAZEBO_SIMULATED_SOUND_EVENT enable_sound_output=false legal_safety_note=stub_only,SOUND_TASK_REQUESTED mode=AUTO nav_goal=NONE,AUTO,0.000,-0.145,1.608,0.184,True,True,False
27.600,sound_done,False,SOUND_TASK_REQUESTED mode=AUTO nav_goal=NONE,AUTO,0.000,-0.145,1.608,0.184,True,True,False
27.700,classification,GAZEBO_FAKE_YOLO11S_CLASSIFICATION camera_alignment_requested=true class=bird,SOUND_TASK_REQUESTED mode=AUTO nav_goal=NONE,AUTO,0.000,-0.145,1.608,0.184,True,True,False
27.700,bird_confirmed,True,SOUND_TASK_REQUESTED mode=AUTO nav_goal=NONE,AUTO,0.000,-0.145,1.608,0.184,True,True,False
27.700,camera_alignment,CAMERA_ALIGNMENT mode=logical centered=True bearing=-0.145 tilt_cmd=-0.700 joint_publish=False,SOUND_TASK_REQUESTED mode=AUTO nav_goal=NONE,AUTO,0.000,-0.145,1.608,0.184,True,True,False
27.800,camera_alignment,CAMERA_ALIGNMENT mode=logical centered=True bearing=-0.145 tilt_cmd=-0.700 joint_publish=False,SOUND_TASK_REQUESTED mode=AUTO nav_goal=NONE,AUTO,0.000,-0.145,1.608,0.185,True,True,False
27.800,classification,GAZEBO_FAKE_YOLO11S_CLASSIFICATION camera_alignment_requested=true class=bird,SOUND_TASK_REQUESTED mode=AUTO nav_goal=NONE,AUTO,0.000,-0.145,1.608,0.185,True,True,False
27.800,bird_confirmed,True,SOUND_TASK_REQUESTED mode=AUTO nav_goal=NONE,AUTO,0.000,-0.145,1.608,0.185,True,True,False
27.800,sound_state,SOUND_TASK_RUNNING enable_sound_output=False,SOUND_TASK_REQUESTED mode=AUTO nav_goal=NONE,AUTO,0.000,-0.145,1.608,0.185,True,True,False
27.800,sound_done,False,SOUND_TASK_REQUESTED mode=AUTO nav_goal=NONE,AUTO,0.000,-0.145,1.608,0.185,True,True,False
27.800,mission_state,SOUND_TASK_RUNNING mode=AUTO nav_goal=NONE,SOUND_TASK_RUNNING mode=AUTO nav_goal=NONE,AUTO,0.000,-0.145,1.608,0.185,True,True,False
27.900,camera_alignment,CAMERA_ALIGNMENT mode=logical centered=True bearing=-0.145 tilt_cmd=-0.700 joint_publish=False,SOUND_TASK_RUNNING mode=AUTO nav_goal=NONE,AUTO,0.000,-0.145,1.608,0.185,True,True,False
27.900,bird_confirmed,True,SOUND_TASK_RUNNING mode=AUTO nav_goal=NONE,AUTO,0.000,-0.145,1.608,0.185,True,True,False
27.900,classification,GAZEBO_FAKE_YOLO11S_CLASSIFICATION camera_alignment_requested=true class=bird,SOUND_TASK_RUNNING mode=AUTO nav_goal=NONE,AUTO,0.000,-0.145,1.608,0.185,True,True,False
28.000,classification,GAZEBO_FAKE_YOLO11S_CLASSIFICATION camera_alignment_requested=true class=bird,SOUND_TASK_RUNNING mode=AUTO nav_goal=NONE,AUTO,0.000,-0.145,1.608,0.184,True,True,False
28.000,bird_confirmed,True,SOUND_TASK_RUNNING mode=AUTO nav_goal=NONE,AUTO,0.000,-0.145,1.608,0.184,True,True,False
28.000,sound_state,SOUND_TASK_RUNNING enable_sound_output=False,SOUND_TASK_RUNNING mode=AUTO nav_goal=NONE,AUTO,0.000,-0.145,1.608,0.184,True,True,False
28.000,sound_done,False,SOUND_TASK_RUNNING mode=AUTO nav_goal=NONE,AUTO,0.000,-0.145,1.608,0.184,True,True,False
28.000,camera_alignment,CAMERA_ALIGNMENT mode=logical centered=True bearing=-0.145 tilt_cmd=-0.700 joint_publish=False,SOUND_TASK_RUNNING mode=AUTO nav_goal=NONE,AUTO,0.000,-0.145,1.608,0.184,True,True,False
28.000,mission_state,SOUND_TASK_RUNNING mode=AUTO nav_goal=NONE,SOUND_TASK_RUNNING mode=AUTO nav_goal=NONE,AUTO,0.000,-0.145,1.608,0.184,True,True,False
28.000,dynamic_lock,False,SOUND_TASK_RUNNING mode=AUTO nav_goal=NONE,AUTO,0.000,-0.145,1.608,0.184,False,True,False
28.100,classification,GAZEBO_FAKE_YOLO11S_CLASSIFICATION camera_alignment_requested=true class=bird,SOUND_TASK_RUNNING mode=AUTO nav_goal=NONE,AUTO,0.000,-0.145,1.608,0.184,False,True,False
28.100,bird_confirmed,True,SOUND_TASK_RUNNING mode=AUTO nav_goal=NONE,AUTO,0.000,-0.145,1.608,0.184,False,True,False
28.100,camera_alignment,CAMERA_ALIGNMENT mode=logical centered=True bearing=-0.145 tilt_cmd=-0.700 joint_publish=False,SOUND_TASK_RUNNING mode=AUTO nav_goal=NONE,AUTO,0.000,-0.145,1.608,0.184,False,True,False
28.200,mission_state,SOUND_TASK_RUNNING mode=AUTO nav_goal=NONE,SOUND_TASK_RUNNING mode=AUTO nav_goal=NONE,AUTO,0.000,-0.145,1.608,0.184,False,True,False
28.200,sound_done,False,SOUND_TASK_RUNNING mode=AUTO nav_goal=NONE,AUTO,0.000,-0.145,1.608,0.184,False,True,False
28.200,camera_alignment,CAMERA_ALIGNMENT mode=logical centered=True bearing=-0.145 tilt_cmd=-0.700 joint_publish=False,SOUND_TASK_RUNNING mode=AUTO nav_goal=NONE,AUTO,0.000,-0.145,1.608,0.184,False,True,False
28.200,sound_state,SOUND_TASK_RUNNING enable_sound_output=False,SOUND_TASK_RUNNING mode=AUTO nav_goal=NONE,AUTO,0.000,-0.145,1.608,0.184,False,True,False
28.200,classification,GAZEBO_FAKE_YOLO11S_CLASSIFICATION camera_alignment_requested=true class=bird,SOUND_TASK_RUNNING mode=AUTO nav_goal=NONE,AUTO,0.000,-0.145,1.608,0.184,False,True,False
28.200,bird_confirmed,True,SOUND_TASK_RUNNING mode=AUTO nav_goal=NONE,AUTO,0.000,-0.145,1.608,0.184,False,True,False
28.200,dynamic_lock,False,SOUND_TASK_RUNNING mode=AUTO nav_goal=NONE,AUTO,0.000,-0.145,1.607,0.184,False,True,False
28.300,camera_alignment,CAMERA_ALIGNMENT mode=logical centered=True bearing=-0.145 tilt_cmd=-0.700 joint_publish=False,SOUND_TASK_RUNNING mode=AUTO nav_goal=NONE,AUTO,0.000,-0.145,1.607,0.184,False,True,False
28.300,classification,GAZEBO_FAKE_YOLO11S_CLASSIFICATION camera_alignment_requested=true class=bird,SOUND_TASK_RUNNING mode=AUTO nav_goal=NONE,AUTO,0.000,-0.145,1.607,0.184,False,True,False
28.300,bird_confirmed,True,SOUND_TASK_RUNNING mode=AUTO nav_goal=NONE,AUTO,0.000,-0.145,1.607,0.184,False,True,False
28.400,camera_alignment,CAMERA_ALIGNMENT mode=logical centered=True bearing=-0.145 tilt_cmd=-0.700 joint_publish=False,SOUND_TASK_RUNNING mode=AUTO nav_goal=NONE,AUTO,0.000,-0.145,1.607,0.184,False,True,False
28.400,classification,GAZEBO_FAKE_YOLO11S_CLASSIFICATION camera_alignment_requested=true class=bird,SOUND_TASK_RUNNING mode=AUTO nav_goal=NONE,AUTO,0.000,-0.145,1.607,0.184,False,True,False
28.400,bird_confirmed,True,SOUND_TASK_RUNNING mode=AUTO nav_goal=NONE,AUTO,0.000,-0.145,1.607,0.184,False,True,False
28.400,sound_done,False,SOUND_TASK_RUNNING mode=AUTO nav_goal=NONE,AUTO,0.000,-0.145,1.607,0.184,False,True,False
28.400,dynamic_lock,False,SOUND_TASK_RUNNING mode=AUTO nav_goal=NONE,AUTO,0.000,-0.145,1.607,0.184,False,True,False
28.400,sound_state,SOUND_TASK_RUNNING enable_sound_output=False,SOUND_TASK_RUNNING mode=AUTO nav_goal=NONE,AUTO,0.000,-0.145,1.607,0.184,False,True,False
28.400,mission_state,SOUND_TASK_RUNNING mode=AUTO nav_goal=NONE,SOUND_TASK_RUNNING mode=AUTO nav_goal=NONE,AUTO,0.000,-0.145,1.607,0.184,False,True,False
28.500,camera_alignment,CAMERA_ALIGNMENT mode=logical centered=True bearing=-0.145 tilt_cmd=-0.700 joint_publish=False,SOUND_TASK_RUNNING mode=AUTO nav_goal=NONE,AUTO,0.000,-0.145,1.607,0.184,False,True,False
28.500,classification,GAZEBO_FAKE_YOLO11S_CLASSIFICATION camera_alignment_requested=true class=bird,SOUND_TASK_RUNNING mode=AUTO nav_goal=NONE,AUTO,0.000,-0.145,1.607,0.184,False,True,False
28.500,bird_confirmed,True,SOUND_TASK_RUNNING mode=AUTO nav_goal=NONE,AUTO,0.000,-0.145,1.607,0.184,False,True,False
28.600,dynamic_lock,False,SOUND_TASK_RUNNING mode=AUTO nav_goal=NONE,AUTO,0.000,-0.145,1.607,0.184,False,True,False
28.600,camera_alignment,CAMERA_ALIGNMENT mode=logical centered=True bearing=-0.145 tilt_cmd=-0.700 joint_publish=False,SOUND_TASK_RUNNING mode=AUTO nav_goal=NONE,AUTO,0.000,-0.145,1.607,0.184,False,True,False
28.600,classification,GAZEBO_FAKE_YOLO11S_CLASSIFICATION camera_alignment_requested=true class=bird,SOUND_TASK_RUNNING mode=AUTO nav_goal=NONE,AUTO,0.000,-0.145,1.607,0.184,False,True,False
28.600,bird_confirmed,True,SOUND_TASK_RUNNING mode=AUTO nav_goal=NONE,AUTO,0.000,-0.145,1.607,0.184,False,True,False
28.600,sound_state,SOUND_TASK_RUNNING enable_sound_output=False,SOUND_TASK_RUNNING mode=AUTO nav_goal=NONE,AUTO,0.000,-0.145,1.607,0.184,False,True,False
28.600,sound_done,False,SOUND_TASK_RUNNING mode=AUTO nav_goal=NONE,AUTO,0.000,-0.145,1.607,0.184,False,True,False
28.600,mission_state,SOUND_TASK_RUNNING mode=AUTO nav_goal=NONE,SOUND_TASK_RUNNING mode=AUTO nav_goal=NONE,AUTO,0.000,-0.145,1.607,0.184,False,True,False
28.700,camera_alignment,CAMERA_ALIGNMENT mode=logical centered=True bearing=-0.145 tilt_cmd=-0.700 joint_publish=False,SOUND_TASK_RUNNING mode=AUTO nav_goal=NONE,AUTO,0.000,-0.145,1.606,0.183,False,True,False
28.700,classification,GAZEBO_FAKE_YOLO11S_CLASSIFICATION camera_alignment_requested=true class=bird,SOUND_TASK_RUNNING mode=AUTO nav_goal=NONE,AUTO,0.000,-0.145,1.606,0.183,False,True,False
28.700,bird_confirmed,True,SOUND_TASK_RUNNING mode=AUTO nav_goal=NONE,AUTO,0.000,-0.145,1.606,0.183,False,True,False
28.800,camera_alignment,CAMERA_ALIGNMENT mode=logical centered=True bearing=-0.145 tilt_cmd=-0.700 joint_publish=False,SOUND_TASK_RUNNING mode=AUTO nav_goal=NONE,AUTO,0.000,-0.145,1.606,0.183,False,True,False
28.800,classification,GAZEBO_FAKE_YOLO11S_CLASSIFICATION camera_alignment_requested=true class=bird,SOUND_TASK_RUNNING mode=AUTO nav_goal=NONE,AUTO,0.000,-0.145,1.606,0.183,False,True,False
28.800,bird_confirmed,True,SOUND_TASK_RUNNING mode=AUTO nav_goal=NONE,AUTO,0.000,-0.145,1.606,0.183,False,True,False
28.800,sound_state,SOUND_TASK_RUNNING enable_sound_output=False,SOUND_TASK_RUNNING mode=AUTO nav_goal=NONE,AUTO,0.000,-0.145,1.606,0.183,False,True,False
28.800,sound_done,False,SOUND_TASK_RUNNING mode=AUTO nav_goal=NONE,AUTO,0.000,-0.145,1.606,0.183,False,True,False
28.800,mission_state,SOUND_TASK_RUNNING mode=AUTO nav_goal=NONE,SOUND_TASK_RUNNING mode=AUTO nav_goal=NONE,AUTO,0.000,-0.145,1.606,0.183,False,True,False
28.800,dynamic_lock,False,SOUND_TASK_RUNNING mode=AUTO nav_goal=NONE,AUTO,0.000,-0.145,1.606,0.183,False,True,False
28.900,camera_alignment,CAMERA_ALIGNMENT mode=logical centered=True bearing=-0.145 tilt_cmd=-0.700 joint_publish=False,SOUND_TASK_RUNNING mode=AUTO nav_goal=NONE,AUTO,0.000,-0.145,1.606,0.183,False,True,False
28.900,classification,GAZEBO_FAKE_YOLO11S_CLASSIFICATION camera_alignment_requested=true class=bird,SOUND_TASK_RUNNING mode=AUTO nav_goal=NONE,AUTO,0.000,-0.145,1.606,0.183,False,True,False
28.900,bird_confirmed,True,SOUND_TASK_RUNNING mode=AUTO nav_goal=NONE,AUTO,0.000,-0.145,1.606,0.183,False,True,False
29.000,camera_alignment,CAMERA_ALIGNMENT mode=logical centered=True bearing=-0.145 tilt_cmd=-0.700 joint_publish=False,SOUND_TASK_RUNNING mode=AUTO nav_goal=NONE,AUTO,0.000,-0.145,1.605,0.183,False,True,False
29.000,sound_done,False,SOUND_TASK_RUNNING mode=AUTO nav_goal=NONE,AUTO,0.000,-0.145,1.605,0.183,False,True,False
29.000,bird_confirmed,True,SOUND_TASK_RUNNING mode=AUTO nav_goal=NONE,AUTO,0.000,-0.145,1.605,0.183,False,True,False
29.000,sound_state,SOUND_TASK_DONE sound_type=GAZEBO_SIMULATED_SOUND_EVENT,SOUND_TASK_RUNNING mode=AUTO nav_goal=NONE,AUTO,0.000,-0.145,1.605,0.183,False,True,False
29.000,sound_done,True,SOUND_TASK_RUNNING mode=AUTO nav_goal=NONE,AUTO,0.000,-0.145,1.605,0.183,False,True,True
29.000,classification,GAZEBO_FAKE_YOLO11S_CLASSIFICATION camera_alignment_requested=true class=bird,SOUND_TASK_RUNNING mode=AUTO nav_goal=NONE,AUTO,0.000,-0.145,1.605,0.183,False,True,True
29.000,mission_state,SOUND_TASK_RUNNING mode=AUTO nav_goal=NONE,SOUND_TASK_RUNNING mode=AUTO nav_goal=NONE,AUTO,0.000,-0.145,1.605,0.183,False,True,True
29.000,dynamic_lock,False,SOUND_TASK_RUNNING mode=AUTO nav_goal=NONE,AUTO,0.000,-0.145,1.605,0.183,False,True,True
29.100,camera_alignment,CAMERA_ALIGNMENT mode=logical centered=True bearing=-0.145 tilt_cmd=-0.700 joint_publish=False,SOUND_TASK_RUNNING mode=AUTO nav_goal=NONE,AUTO,0.000,-0.145,1.605,0.183,False,True,True
29.100,bird_confirmed,True,SOUND_TASK_RUNNING mode=AUTO nav_goal=NONE,AUTO,0.000,-0.145,1.605,0.183,False,True,True
29.100,classification,GAZEBO_FAKE_YOLO11S_CLASSIFICATION camera_alignment_requested=true class=bird,SOUND_TASK_RUNNING mode=AUTO nav_goal=NONE,AUTO,0.000,-0.145,1.605,0.183,False,True,True
29.200,mission_state,SOUND_TASK_RUNNING mode=AUTO nav_goal=NONE,SOUND_TASK_RUNNING mode=AUTO nav_goal=NONE,AUTO,0.000,-0.145,1.605,0.183,False,True,True
29.200,dynamic_lock,False,SOUND_TASK_RUNNING mode=AUTO nav_goal=NONE,AUTO,0.000,-0.145,1.605,0.183,False,True,True
29.200,classification,GAZEBO_FAKE_YOLO11S_CLASSIFICATION camera_alignment_requested=true class=bird,SOUND_TASK_RUNNING mode=AUTO nav_goal=NONE,AUTO,0.000,-0.145,1.605,0.183,False,True,True
29.200,bird_confirmed,True,SOUND_TASK_RUNNING mode=AUTO nav_goal=NONE,AUTO,0.000,-0.145,1.605,0.183,False,True,True
29.200,sound_done,True,SOUND_TASK_RUNNING mode=AUTO nav_goal=NONE,AUTO,0.000,-0.145,1.605,0.183,False,True,True
29.200,mission_event,timestamp=29.200 mission_id=0 target_mission_id=1 state=SOUND_TASK_DONE event_type=STATE_CHANGE reason=previous=SOUND_TASK_RUNNING next=SOUND_TASK_DONE reason=sound_task_done waypoint_index=2,SOUND_TASK_RUNNING mode=AUTO nav_goal=NONE,AUTO,0.000,-0.145,1.605,0.183,False,True,True
29.200,camera_alignment,CAMERA_ALIGNMENT mode=logical centered=True bearing=-0.145 tilt_cmd=-0.700 joint_publish=False,SOUND_TASK_RUNNING mode=AUTO nav_goal=NONE,AUTO,0.000,-0.145,1.605,0.183,False,True,True
29.200,sound_state,COOLDOWN_BIRD_CONFIRMED,SOUND_TASK_RUNNING mode=AUTO nav_goal=NONE,AUTO,0.000,-0.145,1.605,0.183,False,True,True
29.300,classification,WAITING_DYNAMIC_LOCK,SOUND_TASK_RUNNING mode=AUTO nav_goal=NONE,AUTO,0.000,-0.145,1.605,0.183,False,True,True
29.300,bird_confirmed,False,SOUND_TASK_RUNNING mode=AUTO nav_goal=NONE,AUTO,0.000,-0.145,1.605,0.183,False,False,True
29.400,dynamic_lock,False,SOUND_TASK_RUNNING mode=AUTO nav_goal=NONE,AUTO,0.000,-0.145,1.605,0.183,False,False,True
29.400,classification,WAITING_DYNAMIC_LOCK,SOUND_TASK_RUNNING mode=AUTO nav_goal=NONE,AUTO,0.000,-0.145,1.605,0.183,False,False,True
29.400,bird_confirmed,False,SOUND_TASK_RUNNING mode=AUTO nav_goal=NONE,AUTO,0.000,-0.145,1.605,0.183,False,False,True
29.400,sound_state,IDLE_NO_REQUEST,SOUND_TASK_RUNNING mode=AUTO nav_goal=NONE,AUTO,0.000,-0.145,1.605,0.183,False,False,True
29.400,sound_done,True,SOUND_TASK_RUNNING mode=AUTO nav_goal=NONE,AUTO,0.000,-0.145,1.605,0.183,False,False,True
29.400,mission_state,SOUND_TASK_DONE mode=AUTO nav_goal=NONE,SOUND_TASK_DONE mode=AUTO nav_goal=NONE,AUTO,0.000,-0.145,1.605,0.183,False,False,True
29.400,mission_event,timestamp=29.400 mission_id=0 target_mission_id=1 state=RETURN_TO_INTERRUPTED_WAYPOINT event_type=STATE_CHANGE reason=previous=SOUND_TASK_DONE next=RETURN_TO_INTERRUPTED_WAYPOINT reason=goal_type=RETURN_TO_INTERRUPTED_WAYPOINT waypoint_index=2,SOUND_TASK_DONE mode=AUTO nav_goal=NONE,AUTO,0.000,-0.145,1.605,0.183,False,False,True
29.400,object_goal_state,INSPECTION_MEMORY_COMMITTED terminal_state=SOUND_TASK_DONE,SOUND_TASK_DONE mode=AUTO nav_goal=NONE,AUTO,0.000,-0.145,1.605,0.183,False,False,True
29.400,mission_event,timestamp=29.400 mission_id=0 target_mission_id=1 state=RETURN_TO_INTERRUPTED_WAYPOINT event_type=NAV2_DISABLED_SIMULATED_GOAL reason=RETURN_TO_INTERRUPTED_WAYPOINT waypoint_index=2,SOUND_TASK_DONE mode=AUTO nav_goal=NONE,AUTO,0.000,-0.145,1.605,0.183,False,False,True
29.500,bird_confirmed,False,SOUND_TASK_DONE mode=AUTO nav_goal=NONE,AUTO,0.000,-0.025,1.605,0.183,False,False,True
29.500,classification,WAITING_DYNAMIC_LOCK,SOUND_TASK_DONE mode=AUTO nav_goal=NONE,AUTO,0.000,0.000,1.605,0.183,False,False,True
29.500,dynamic_target,count=1 x=-0.90 y=0.63 z=3.20,SOUND_TASK_DONE mode=AUTO nav_goal=NONE,AUTO,0.000,0.000,1.605,0.183,False,False,True
29.500,dynamic_lock,False,SOUND_TASK_DONE mode=AUTO nav_goal=NONE,AUTO,0.000,0.000,1.605,0.183,False,False,True
29.500,object_goal_state,REJECT cooldown source=elevated_dynamic_target remaining_sec=2.00,SOUND_TASK_DONE mode=AUTO nav_goal=NONE,AUTO,0.000,0.000,1.605,0.183,False,False,True
29.600,classification,WAITING_DYNAMIC_LOCK,SOUND_TASK_DONE mode=AUTO nav_goal=NONE,AUTO,0.000,0.000,1.605,0.183,False,False,True
29.600,bird_confirmed,False,SOUND_TASK_DONE mode=AUTO nav_goal=NONE,AUTO,0.000,0.000,1.605,0.183,False,False,True
29.600,sound_state,IDLE_NO_REQUEST,SOUND_TASK_DONE mode=AUTO nav_goal=NONE,AUTO,0.000,0.000,1.605,0.183,False,False,True
29.600,sound_done,True,SOUND_TASK_DONE mode=AUTO nav_goal=NONE,AUTO,0.000,0.000,1.605,0.183,False,False,True
29.600,mission_state,RETURN_TO_INTERRUPTED_WAYPOINT mode=AUTO nav_goal=RETURN_TO_INTERRUPTED_WAYPOINT,RETURN_TO_INTERRUPTED_WAYPOINT mode=AUTO nav_goal=RETURN_TO_INTERRUPTED_WAYPOINT,AUTO,0.000,-0.120,1.605,0.183,False,False,True
29.600,dynamic_target,count=1 x=-0.90 y=0.63 z=3.20,RETURN_TO_INTERRUPTED_WAYPOINT mode=AUTO nav_goal=RETURN_TO_INTERRUPTED_WAYPOINT,AUTO,0.000,-0.120,1.605,0.183,False,False,True
29.600,object_goal_state,REJECT cooldown source=elevated_dynamic_target remaining_sec=1.90,RETURN_TO_INTERRUPTED_WAYPOINT mode=AUTO nav_goal=RETURN_TO_INTERRUPTED_WAYPOINT,AUTO,0.000,-0.120,1.605,0.183,False,False,True
29.600,dynamic_lock,False,RETURN_TO_INTERRUPTED_WAYPOINT mode=AUTO nav_goal=RETURN_TO_INTERRUPTED_WAYPOINT,AUTO,0.000,-0.120,1.605,0.183,False,False,True
29.700,classification,WAITING_DYNAMIC_LOCK,RETURN_TO_INTERRUPTED_WAYPOINT mode=AUTO nav_goal=RETURN_TO_INTERRUPTED_WAYPOINT,AUTO,0.000,-0.240,1.605,0.182,False,False,True
29.700,bird_confirmed,False,RETURN_TO_INTERRUPTED_WAYPOINT mode=AUTO nav_goal=RETURN_TO_INTERRUPTED_WAYPOINT,AUTO,0.000,-0.240,1.605,0.182,False,False,True
29.800,classification,WAITING_DYNAMIC_LOCK,RETURN_TO_INTERRUPTED_WAYPOINT mode=AUTO nav_goal=RETURN_TO_INTERRUPTED_WAYPOINT,AUTO,0.000,-0.350,1.606,0.183,False,False,True
29.800,bird_confirmed,False,RETURN_TO_INTERRUPTED_WAYPOINT mode=AUTO nav_goal=RETURN_TO_INTERRUPTED_WAYPOINT,AUTO,0.000,-0.350,1.606,0.183,False,False,True
29.800,sound_state,IDLE_NO_REQUEST,RETURN_TO_INTERRUPTED_WAYPOINT mode=AUTO nav_goal=RETURN_TO_INTERRUPTED_WAYPOINT,AUTO,0.000,-0.350,1.606,0.183,False,False,True
29.800,sound_done,True,RETURN_TO_INTERRUPTED_WAYPOINT mode=AUTO nav_goal=RETURN_TO_INTERRUPTED_WAYPOINT,AUTO,0.000,-0.350,1.606,0.183,False,False,True
29.800,mission_state,RETURN_TO_INTERRUPTED_WAYPOINT mode=AUTO nav_goal=RETURN_TO_INTERRUPTED_WAYPOINT,RETURN_TO_INTERRUPTED_WAYPOINT mode=AUTO nav_goal=RETURN_TO_INTERRUPTED_WAYPOINT,AUTO,0.000,-0.350,1.606,0.183,False,False,True
29.800,object_goal_state,REJECT cooldown source=elevated_dynamic_target remaining_sec=1.70,RETURN_TO_INTERRUPTED_WAYPOINT mode=AUTO nav_goal=RETURN_TO_INTERRUPTED_WAYPOINT,AUTO,0.000,-0.350,1.606,0.183,False,False,True
29.800,dynamic_target,count=1 x=-0.90 y=0.63 z=3.20,RETURN_TO_INTERRUPTED_WAYPOINT mode=AUTO nav_goal=RETURN_TO_INTERRUPTED_WAYPOINT,AUTO,0.000,-0.350,1.606,0.183,False,False,True
29.800,dynamic_lock,False,RETURN_TO_INTERRUPTED_WAYPOINT mode=AUTO nav_goal=RETURN_TO_INTERRUPTED_WAYPOINT,AUTO,0.000,-0.350,1.606,0.183,False,False,True
29.900,classification,WAITING_DYNAMIC_LOCK,RETURN_TO_INTERRUPTED_WAYPOINT mode=AUTO nav_goal=RETURN_TO_INTERRUPTED_WAYPOINT,AUTO,0.000,-0.350,1.606,0.183,False,False,True
29.900,bird_confirmed,False,RETURN_TO_INTERRUPTED_WAYPOINT mode=AUTO nav_goal=RETURN_TO_INTERRUPTED_WAYPOINT,AUTO,0.000,-0.350,1.606,0.183,False,False,True
30.000,classification,WAITING_DYNAMIC_LOCK,RETURN_TO_INTERRUPTED_WAYPOINT mode=AUTO nav_goal=RETURN_TO_INTERRUPTED_WAYPOINT,AUTO,0.000,-0.350,1.605,0.184,False,False,True
30.000,bird_confirmed,False,RETURN_TO_INTERRUPTED_WAYPOINT mode=AUTO nav_goal=RETURN_TO_INTERRUPTED_WAYPOINT,AUTO,0.000,-0.350,1.605,0.184,False,False,True
30.000,dynamic_target,count=1 x=-0.90 y=0.63 z=3.20,RETURN_TO_INTERRUPTED_WAYPOINT mode=AUTO nav_goal=RETURN_TO_INTERRUPTED_WAYPOINT,AUTO,0.000,-0.350,1.605,0.184,False,False,True
30.000,dynamic_lock,False,RETURN_TO_INTERRUPTED_WAYPOINT mode=AUTO nav_goal=RETURN_TO_INTERRUPTED_WAYPOINT,AUTO,0.000,-0.350,1.605,0.184,False,False,True
30.000,mission_state,RETURN_TO_INTERRUPTED_WAYPOINT mode=AUTO nav_goal=RETURN_TO_INTERRUPTED_WAYPOINT,RETURN_TO_INTERRUPTED_WAYPOINT mode=AUTO nav_goal=RETURN_TO_INTERRUPTED_WAYPOINT,AUTO,0.000,-0.350,1.605,0.184,False,False,True
30.000,object_goal_state,REJECT cooldown source=elevated_dynamic_target remaining_sec=1.50,RETURN_TO_INTERRUPTED_WAYPOINT mode=AUTO nav_goal=RETURN_TO_INTERRUPTED_WAYPOINT,AUTO,0.000,-0.350,1.605,0.184,False,False,True
30.000,sound_state,IDLE_NO_REQUEST,RETURN_TO_INTERRUPTED_WAYPOINT mode=AUTO nav_goal=RETURN_TO_INTERRUPTED_WAYPOINT,AUTO,0.000,-0.350,1.605,0.184,False,False,True
30.000,sound_done,False,RETURN_TO_INTERRUPTED_WAYPOINT mode=AUTO nav_goal=RETURN_TO_INTERRUPTED_WAYPOINT,AUTO,0.000,-0.350,1.605,0.184,False,False,False
30.100,bird_confirmed,False,RETURN_TO_INTERRUPTED_WAYPOINT mode=AUTO nav_goal=RETURN_TO_INTERRUPTED_WAYPOINT,AUTO,0.000,-0.350,1.606,0.185,False,False,False
30.100,classification,WAITING_DYNAMIC_LOCK,RETURN_TO_INTERRUPTED_WAYPOINT mode=AUTO nav_goal=RETURN_TO_INTERRUPTED_WAYPOINT,AUTO,0.000,-0.350,1.606,0.185,False,False,False
30.200,mission_state,RETURN_TO_INTERRUPTED_WAYPOINT mode=AUTO nav_goal=RETURN_TO_INTERRUPTED_WAYPOINT,RETURN_TO_INTERRUPTED_WAYPOINT mode=AUTO nav_goal=RETURN_TO_INTERRUPTED_WAYPOINT,AUTO,0.000,-0.350,1.606,0.184,False,False,False
30.200,classification,WAITING_DYNAMIC_LOCK,RETURN_TO_INTERRUPTED_WAYPOINT mode=AUTO nav_goal=RETURN_TO_INTERRUPTED_WAYPOINT,AUTO,0.000,-0.350,1.606,0.184,False,False,False
30.200,bird_confirmed,False,RETURN_TO_INTERRUPTED_WAYPOINT mode=AUTO nav_goal=RETURN_TO_INTERRUPTED_WAYPOINT,AUTO,0.000,-0.350,1.606,0.184,False,False,False
30.200,sound_state,IDLE_NO_REQUEST,RETURN_TO_INTERRUPTED_WAYPOINT mode=AUTO nav_goal=RETURN_TO_INTERRUPTED_WAYPOINT,AUTO,0.000,-0.350,1.606,0.184,False,False,False
30.200,sound_done,False,RETURN_TO_INTERRUPTED_WAYPOINT mode=AUTO nav_goal=RETURN_TO_INTERRUPTED_WAYPOINT,AUTO,0.000,-0.350,1.606,0.184,False,False,False
30.200,object_goal_state,REJECT cooldown source=elevated_dynamic_target remaining_sec=1.30,RETURN_TO_INTERRUPTED_WAYPOINT mode=AUTO nav_goal=RETURN_TO_INTERRUPTED_WAYPOINT,AUTO,0.000,-0.350,1.606,0.185,False,False,False
30.200,dynamic_target,count=1 x=-0.90 y=0.65 z=3.20,RETURN_TO_INTERRUPTED_WAYPOINT mode=AUTO nav_goal=RETURN_TO_INTERRUPTED_WAYPOINT,AUTO,0.000,-0.350,1.606,0.185,False,False,False
30.200,dynamic_lock,True,RETURN_TO_INTERRUPTED_WAYPOINT mode=AUTO nav_goal=RETURN_TO_INTERRUPTED_WAYPOINT,AUTO,0.000,-0.350,1.606,0.185,True,False,False
30.200,dynamic_target,count=1 x=-0.90 y=0.65 z=3.20,RETURN_TO_INTERRUPTED_WAYPOINT mode=AUTO nav_goal=RETURN_TO_INTERRUPTED_WAYPOINT,AUTO,0.000,-0.350,1.606,0.185,True,False,False
30.200,dynamic_lock,True,RETURN_TO_INTERRUPTED_WAYPOINT mode=AUTO nav_goal=RETURN_TO_INTERRUPTED_WAYPOINT,AUTO,0.000,-0.350,1.606,0.185,True,False,False
30.200,object_goal_state,REJECT cooldown source=elevated_dynamic_target remaining_sec=1.30,RETURN_TO_INTERRUPTED_WAYPOINT mode=AUTO nav_goal=RETURN_TO_INTERRUPTED_WAYPOINT,AUTO,0.000,-0.350,1.606,0.185,True,False,False
30.300,classification,WAITING_DYNAMIC_LOCK,RETURN_TO_INTERRUPTED_WAYPOINT mode=AUTO nav_goal=RETURN_TO_INTERRUPTED_WAYPOINT,AUTO,0.000,-0.350,1.606,0.185,True,False,False
30.300,bird_confirmed,False,RETURN_TO_INTERRUPTED_WAYPOINT mode=AUTO nav_goal=RETURN_TO_INTERRUPTED_WAYPOINT,AUTO,0.000,-0.350,1.606,0.185,True,False,False
30.300,dynamic_target,count=1 x=-0.90 y=0.67 z=3.21,RETURN_TO_INTERRUPTED_WAYPOINT mode=AUTO nav_goal=RETURN_TO_INTERRUPTED_WAYPOINT,AUTO,0.000,-0.350,1.606,0.185,True,False,False
30.300,dynamic_lock,True,RETURN_TO_INTERRUPTED_WAYPOINT mode=AUTO nav_goal=RETURN_TO_INTERRUPTED_WAYPOINT,AUTO,0.000,-0.350,1.606,0.185,True,False,False
30.300,object_goal_state,REJECT cooldown source=elevated_dynamic_target remaining_sec=1.20,RETURN_TO_INTERRUPTED_WAYPOINT mode=AUTO nav_goal=RETURN_TO_INTERRUPTED_WAYPOINT,AUTO,0.000,-0.350,1.606,0.185,True,False,False
30.400,dynamic_target,count=1 x=-0.90 y=0.67 z=3.21,RETURN_TO_INTERRUPTED_WAYPOINT mode=AUTO nav_goal=RETURN_TO_INTERRUPTED_WAYPOINT,AUTO,0.000,-0.350,1.606,0.185,True,False,False
30.400,dynamic_lock,True,RETURN_TO_INTERRUPTED_WAYPOINT mode=AUTO nav_goal=RETURN_TO_INTERRUPTED_WAYPOINT,AUTO,0.000,-0.350,1.606,0.185,True,False,False
30.400,sound_state,IDLE_NO_REQUEST,RETURN_TO_INTERRUPTED_WAYPOINT mode=AUTO nav_goal=RETURN_TO_INTERRUPTED_WAYPOINT,AUTO,0.000,-0.350,1.606,0.185,True,False,False
30.400,sound_done,False,RETURN_TO_INTERRUPTED_WAYPOINT mode=AUTO nav_goal=RETURN_TO_INTERRUPTED_WAYPOINT,AUTO,0.000,-0.350,1.606,0.185,True,False,False
30.400,mission_state,RETURN_TO_INTERRUPTED_WAYPOINT mode=AUTO nav_goal=RETURN_TO_INTERRUPTED_WAYPOINT,RETURN_TO_INTERRUPTED_WAYPOINT mode=AUTO nav_goal=RETURN_TO_INTERRUPTED_WAYPOINT,AUTO,0.000,-0.350,1.606,0.185,True,False,False
30.400,object_goal_state,REJECT cooldown source=elevated_dynamic_target remaining_sec=1.10,RETURN_TO_INTERRUPTED_WAYPOINT mode=AUTO nav_goal=RETURN_TO_INTERRUPTED_WAYPOINT,AUTO,0.000,-0.350,1.606,0.185,True,False,False
30.400,classification,WAITING_DYNAMIC_LOCK,RETURN_TO_INTERRUPTED_WAYPOINT mode=AUTO nav_goal=RETURN_TO_INTERRUPTED_WAYPOINT,AUTO,0.000,-0.350,1.606,0.185,True,False,False
30.400,bird_confirmed,False,RETURN_TO_INTERRUPTED_WAYPOINT mode=AUTO nav_goal=RETURN_TO_INTERRUPTED_WAYPOINT,AUTO,0.000,-0.350,1.606,0.185,True,False,False
30.500,classification,WAITING_DYNAMIC_LOCK,RETURN_TO_INTERRUPTED_WAYPOINT mode=AUTO nav_goal=RETURN_TO_INTERRUPTED_WAYPOINT,AUTO,0.000,-0.350,1.606,0.186,True,False,False
30.500,bird_confirmed,False,RETURN_TO_INTERRUPTED_WAYPOINT mode=AUTO nav_goal=RETURN_TO_INTERRUPTED_WAYPOINT,AUTO,0.000,-0.350,1.606,0.186,True,False,False
30.500,dynamic_target,count=1 x=-0.81 y=1.05 z=3.22,RETURN_TO_INTERRUPTED_WAYPOINT mode=AUTO nav_goal=RETURN_TO_INTERRUPTED_WAYPOINT,AUTO,0.000,-0.350,1.605,0.186,True,False,False
30.500,dynamic_lock,True,RETURN_TO_INTERRUPTED_WAYPOINT mode=AUTO nav_goal=RETURN_TO_INTERRUPTED_WAYPOINT,AUTO,0.000,-0.350,1.605,0.186,True,False,False
30.500,object_goal_state,REJECT cooldown source=elevated_dynamic_target remaining_sec=1.00,RETURN_TO_INTERRUPTED_WAYPOINT mode=AUTO nav_goal=RETURN_TO_INTERRUPTED_WAYPOINT,AUTO,0.000,-0.350,1.605,0.186,True,False,False
30.600,object_goal_state,REJECT cooldown source=elevated_dynamic_target remaining_sec=0.90,RETURN_TO_INTERRUPTED_WAYPOINT mode=AUTO nav_goal=RETURN_TO_INTERRUPTED_WAYPOINT,AUTO,0.000,-0.350,1.605,0.185,True,False,False
30.600,dynamic_target,count=1 x=-0.81 y=1.05 z=3.22,RETURN_TO_INTERRUPTED_WAYPOINT mode=AUTO nav_goal=RETURN_TO_INTERRUPTED_WAYPOINT,AUTO,0.000,-0.350,1.605,0.185,True,False,False
30.600,dynamic_lock,True,RETURN_TO_INTERRUPTED_WAYPOINT mode=AUTO nav_goal=RETURN_TO_INTERRUPTED_WAYPOINT,AUTO,0.000,-0.350,1.605,0.185,True,False,False
30.600,sound_state,IDLE_NO_REQUEST,RETURN_TO_INTERRUPTED_WAYPOINT mode=AUTO nav_goal=RETURN_TO_INTERRUPTED_WAYPOINT,AUTO,0.000,-0.350,1.605,0.185,True,False,False
30.600,sound_done,False,RETURN_TO_INTERRUPTED_WAYPOINT mode=AUTO nav_goal=RETURN_TO_INTERRUPTED_WAYPOINT,AUTO,0.000,-0.350,1.605,0.185,True,False,False
30.600,mission_state,RETURN_TO_INTERRUPTED_WAYPOINT mode=AUTO nav_goal=RETURN_TO_INTERRUPTED_WAYPOINT,RETURN_TO_INTERRUPTED_WAYPOINT mode=AUTO nav_goal=RETURN_TO_INTERRUPTED_WAYPOINT,AUTO,0.000,-0.350,1.605,0.185,True,False,False
30.600,classification,GAZEBO_FAKE_YOLO11S_CLASSIFICATION class=bird,RETURN_TO_INTERRUPTED_WAYPOINT mode=AUTO nav_goal=RETURN_TO_INTERRUPTED_WAYPOINT,AUTO,0.000,-0.350,1.605,0.185,True,False,False
30.600,bird_confirmed,True,RETURN_TO_INTERRUPTED_WAYPOINT mode=AUTO nav_goal=RETURN_TO_INTERRUPTED_WAYPOINT,AUTO,0.000,-0.350,1.605,0.185,True,True,False
30.700,classification,GAZEBO_FAKE_YOLO11S_CLASSIFICATION class=bird,RETURN_TO_INTERRUPTED_WAYPOINT mode=AUTO nav_goal=RETURN_TO_INTERRUPTED_WAYPOINT,AUTO,0.000,-0.350,1.605,0.186,True,True,False
30.700,bird_confirmed,True,RETURN_TO_INTERRUPTED_WAYPOINT mode=AUTO nav_goal=RETURN_TO_INTERRUPTED_WAYPOINT,AUTO,0.000,-0.350,1.605,0.186,True,True,False
30.800,sound_state,IDLE_NO_REQUEST,RETURN_TO_INTERRUPTED_WAYPOINT mode=AUTO nav_goal=RETURN_TO_INTERRUPTED_WAYPOINT,AUTO,0.000,-0.350,1.606,0.186,True,True,False
30.800,sound_done,False,RETURN_TO_INTERRUPTED_WAYPOINT mode=AUTO nav_goal=RETURN_TO_INTERRUPTED_WAYPOINT,AUTO,0.000,-0.350,1.606,0.186,True,True,False
30.800,classification,GAZEBO_FAKE_YOLO11S_CLASSIFICATION class=bird,RETURN_TO_INTERRUPTED_WAYPOINT mode=AUTO nav_goal=RETURN_TO_INTERRUPTED_WAYPOINT,AUTO,0.000,-0.350,1.606,0.186,True,True,False
30.800,bird_confirmed,True,RETURN_TO_INTERRUPTED_WAYPOINT mode=AUTO nav_goal=RETURN_TO_INTERRUPTED_WAYPOINT,AUTO,0.000,-0.350,1.606,0.186,True,True,False
30.800,mission_state,RETURN_TO_INTERRUPTED_WAYPOINT mode=AUTO nav_goal=RETURN_TO_INTERRUPTED_WAYPOINT,RETURN_TO_INTERRUPTED_WAYPOINT mode=AUTO nav_goal=RETURN_TO_INTERRUPTED_WAYPOINT,AUTO,0.000,-0.350,1.606,0.186,True,True,False
30.800,dynamic_target,count=1 x=-0.74 y=1.32 z=3.25,RETURN_TO_INTERRUPTED_WAYPOINT mode=AUTO nav_goal=RETURN_TO_INTERRUPTED_WAYPOINT,AUTO,0.000,-0.350,1.606,0.186,True,True,False
30.800,dynamic_lock,True,RETURN_TO_INTERRUPTED_WAYPOINT mode=AUTO nav_goal=RETURN_TO_INTERRUPTED_WAYPOINT,AUTO,0.000,-0.350,1.606,0.186,True,True,False
30.800,object_goal_state,REJECT cooldown source=elevated_dynamic_target remaining_sec=0.70,RETURN_TO_INTERRUPTED_WAYPOINT mode=AUTO nav_goal=RETURN_TO_INTERRUPTED_WAYPOINT,AUTO,0.000,-0.350,1.606,0.186,True,True,False
30.800,dynamic_target,count=1 x=-0.74 y=1.32 z=3.25,RETURN_TO_INTERRUPTED_WAYPOINT mode=AUTO nav_goal=RETURN_TO_INTERRUPTED_WAYPOINT,AUTO,0.000,-0.350,1.606,0.186,True,True,False
30.800,dynamic_lock,True,RETURN_TO_INTERRUPTED_WAYPOINT mode=AUTO nav_goal=RETURN_TO_INTERRUPTED_WAYPOINT,AUTO,0.000,-0.350,1.606,0.186,True,True,False
30.800,object_goal_state,REJECT cooldown source=elevated_dynamic_target remaining_sec=0.70,RETURN_TO_INTERRUPTED_WAYPOINT mode=AUTO nav_goal=RETURN_TO_INTERRUPTED_WAYPOINT,AUTO,0.000,-0.350,1.606,0.186,True,True,False
30.900,classification,GAZEBO_FAKE_YOLO11S_CLASSIFICATION class=bird,RETURN_TO_INTERRUPTED_WAYPOINT mode=AUTO nav_goal=RETURN_TO_INTERRUPTED_WAYPOINT,AUTO,0.000,-0.350,1.606,0.186,True,True,False
30.900,bird_confirmed,True,RETURN_TO_INTERRUPTED_WAYPOINT mode=AUTO nav_goal=RETURN_TO_INTERRUPTED_WAYPOINT,AUTO,0.000,-0.350,1.606,0.186,True,True,False
31.000,bird_confirmed,True,RETURN_TO_INTERRUPTED_WAYPOINT mode=AUTO nav_goal=RETURN_TO_INTERRUPTED_WAYPOINT,AUTO,0.000,-0.350,1.605,0.186,True,True,False
31.000,sound_state,IDLE_NO_REQUEST,RETURN_TO_INTERRUPTED_WAYPOINT mode=AUTO nav_goal=RETURN_TO_INTERRUPTED_WAYPOINT,AUTO,0.000,-0.350,1.605,0.186,True,True,False
31.000,sound_done,False,RETURN_TO_INTERRUPTED_WAYPOINT mode=AUTO nav_goal=RETURN_TO_INTERRUPTED_WAYPOINT,AUTO,0.000,-0.350,1.605,0.186,True,True,False
31.000,classification,GAZEBO_FAKE_YOLO11S_CLASSIFICATION class=bird,RETURN_TO_INTERRUPTED_WAYPOINT mode=AUTO nav_goal=RETURN_TO_INTERRUPTED_WAYPOINT,AUTO,0.000,-0.350,1.605,0.186,True,True,False
31.000,dynamic_target,count=1 x=-0.74 y=1.32 z=3.25,RETURN_TO_INTERRUPTED_WAYPOINT mode=AUTO nav_goal=RETURN_TO_INTERRUPTED_WAYPOINT,AUTO,0.000,-0.350,1.605,0.186,True,True,False
31.000,dynamic_lock,True,RETURN_TO_INTERRUPTED_WAYPOINT mode=AUTO nav_goal=RETURN_TO_INTERRUPTED_WAYPOINT,AUTO,0.000,-0.350,1.605,0.186,True,True,False
31.000,mission_state,RETURN_TO_INTERRUPTED_WAYPOINT mode=AUTO nav_goal=RETURN_TO_INTERRUPTED_WAYPOINT,RETURN_TO_INTERRUPTED_WAYPOINT mode=AUTO nav_goal=RETURN_TO_INTERRUPTED_WAYPOINT,AUTO,0.000,-0.350,1.605,0.186,True,True,False
31.000,object_goal_state,REJECT cooldown source=elevated_dynamic_target remaining_sec=0.50,RETURN_TO_INTERRUPTED_WAYPOINT mode=AUTO nav_goal=RETURN_TO_INTERRUPTED_WAYPOINT,AUTO,0.000,-0.350,1.605,0.186,True,True,False
31.100,classification,GAZEBO_FAKE_YOLO11S_CLASSIFICATION class=bird,RETURN_TO_INTERRUPTED_WAYPOINT mode=AUTO nav_goal=RETURN_TO_INTERRUPTED_WAYPOINT,AUTO,0.000,-0.350,1.605,0.187,True,True,False
31.100,bird_confirmed,True,RETURN_TO_INTERRUPTED_WAYPOINT mode=AUTO nav_goal=RETURN_TO_INTERRUPTED_WAYPOINT,AUTO,0.000,-0.350,1.605,0.187,True,True,False
31.100,dynamic_target,count=1 x=-0.70 y=1.51 z=3.25,RETURN_TO_INTERRUPTED_WAYPOINT mode=AUTO nav_goal=RETURN_TO_INTERRUPTED_WAYPOINT,AUTO,0.120,-0.350,1.605,0.187,True,True,False
31.100,dynamic_lock,True,RETURN_TO_INTERRUPTED_WAYPOINT mode=AUTO nav_goal=RETURN_TO_INTERRUPTED_WAYPOINT,AUTO,0.120,-0.350,1.605,0.187,True,True,False
31.100,object_goal_state,REJECT cooldown source=elevated_dynamic_target remaining_sec=0.40,RETURN_TO_INTERRUPTED_WAYPOINT mode=AUTO nav_goal=RETURN_TO_INTERRUPTED_WAYPOINT,AUTO,0.120,-0.350,1.605,0.187,True,True,False
31.200,mission_state,RETURN_TO_INTERRUPTED_WAYPOINT mode=AUTO nav_goal=RETURN_TO_INTERRUPTED_WAYPOINT,RETURN_TO_INTERRUPTED_WAYPOINT mode=AUTO nav_goal=RETURN_TO_INTERRUPTED_WAYPOINT,AUTO,0.120,-0.350,1.602,0.194,True,True,False
31.200,object_goal_state,REJECT cooldown source=elevated_dynamic_target remaining_sec=0.30,RETURN_TO_INTERRUPTED_WAYPOINT mode=AUTO nav_goal=RETURN_TO_INTERRUPTED_WAYPOINT,AUTO,0.120,-0.350,1.602,0.194,True,True,False
31.200,dynamic_target,count=1 x=-0.70 y=1.51 z=3.25,RETURN_TO_INTERRUPTED_WAYPOINT mode=AUTO nav_goal=RETURN_TO_INTERRUPTED_WAYPOINT,AUTO,0.120,-0.350,1.602,0.194,True,True,False
31.200,dynamic_lock,True,RETURN_TO_INTERRUPTED_WAYPOINT mode=AUTO nav_goal=RETURN_TO_INTERRUPTED_WAYPOINT,AUTO,0.120,-0.350,1.602,0.194,True,True,False
31.200,sound_state,IDLE_NO_REQUEST,RETURN_TO_INTERRUPTED_WAYPOINT mode=AUTO nav_goal=RETURN_TO_INTERRUPTED_WAYPOINT,AUTO,0.120,-0.350,1.602,0.194,True,True,False
31.200,sound_done,False,RETURN_TO_INTERRUPTED_WAYPOINT mode=AUTO nav_goal=RETURN_TO_INTERRUPTED_WAYPOINT,AUTO,0.120,-0.350,1.602,0.194,True,True,False
31.200,classification,GAZEBO_FAKE_YOLO11S_CLASSIFICATION class=bird,RETURN_TO_INTERRUPTED_WAYPOINT mode=AUTO nav_goal=RETURN_TO_INTERRUPTED_WAYPOINT,AUTO,0.120,-0.350,1.602,0.194,True,True,False
31.200,bird_confirmed,True,RETURN_TO_INTERRUPTED_WAYPOINT mode=AUTO nav_goal=RETURN_TO_INTERRUPTED_WAYPOINT,AUTO,0.120,-0.350,1.602,0.194,True,True,False
31.300,classification,GAZEBO_FAKE_YOLO11S_CLASSIFICATION class=bird,RETURN_TO_INTERRUPTED_WAYPOINT mode=AUTO nav_goal=RETURN_TO_INTERRUPTED_WAYPOINT,AUTO,0.120,-0.350,1.596,0.212,True,True,False
31.300,bird_confirmed,True,RETURN_TO_INTERRUPTED_WAYPOINT mode=AUTO nav_goal=RETURN_TO_INTERRUPTED_WAYPOINT,AUTO,0.120,-0.350,1.596,0.212,True,True,False
31.400,classification,GAZEBO_FAKE_YOLO11S_CLASSIFICATION class=bird,RETURN_TO_INTERRUPTED_WAYPOINT mode=AUTO nav_goal=RETURN_TO_INTERRUPTED_WAYPOINT,AUTO,0.120,-0.350,1.589,0.230,True,True,False
31.400,bird_confirmed,True,RETURN_TO_INTERRUPTED_WAYPOINT mode=AUTO nav_goal=RETURN_TO_INTERRUPTED_WAYPOINT,AUTO,0.120,-0.350,1.589,0.230,True,True,False
31.400,sound_done,False,RETURN_TO_INTERRUPTED_WAYPOINT mode=AUTO nav_goal=RETURN_TO_INTERRUPTED_WAYPOINT,AUTO,0.120,-0.350,1.589,0.230,True,True,False
31.400,sound_state,IDLE_NO_REQUEST,RETURN_TO_INTERRUPTED_WAYPOINT mode=AUTO nav_goal=RETURN_TO_INTERRUPTED_WAYPOINT,AUTO,0.120,-0.350,1.589,0.230,True,True,False
31.400,mission_state,RETURN_TO_INTERRUPTED_WAYPOINT mode=AUTO nav_goal=RETURN_TO_INTERRUPTED_WAYPOINT,RETURN_TO_INTERRUPTED_WAYPOINT mode=AUTO nav_goal=RETURN_TO_INTERRUPTED_WAYPOINT,AUTO,0.120,-0.350,1.589,0.230,True,True,False
31.400,dynamic_target,count=1 x=-0.70 y=1.51 z=3.25,RETURN_TO_INTERRUPTED_WAYPOINT mode=AUTO nav_goal=RETURN_TO_INTERRUPTED_WAYPOINT,AUTO,0.120,-0.350,1.589,0.230,True,True,False
31.400,dynamic_lock,True,RETURN_TO_INTERRUPTED_WAYPOINT mode=AUTO nav_goal=RETURN_TO_INTERRUPTED_WAYPOINT,AUTO,0.120,-0.350,1.589,0.230,True,True,False
31.400,object_goal_state,REJECT cooldown source=elevated_dynamic_target remaining_sec=0.10,RETURN_TO_INTERRUPTED_WAYPOINT mode=AUTO nav_goal=RETURN_TO_INTERRUPTED_WAYPOINT,AUTO,0.120,-0.350,1.589,0.230,True,True,False
31.500,classification,GAZEBO_FAKE_YOLO11S_CLASSIFICATION class=bird,RETURN_TO_INTERRUPTED_WAYPOINT mode=AUTO nav_goal=RETURN_TO_INTERRUPTED_WAYPOINT,AUTO,0.120,-0.350,1.582,0.248,True,True,False
31.500,bird_confirmed,True,RETURN_TO_INTERRUPTED_WAYPOINT mode=AUTO nav_goal=RETURN_TO_INTERRUPTED_WAYPOINT,AUTO,0.120,-0.350,1.582,0.248,True,True,False
31.600,mission_state,RETURN_TO_INTERRUPTED_WAYPOINT mode=AUTO nav_goal=RETURN_TO_INTERRUPTED_WAYPOINT,RETURN_TO_INTERRUPTED_WAYPOINT mode=AUTO nav_goal=RETURN_TO_INTERRUPTED_WAYPOINT,AUTO,0.120,-0.350,1.576,0.267,True,True,False
31.600,sound_state,IDLE_NO_REQUEST,RETURN_TO_INTERRUPTED_WAYPOINT mode=AUTO nav_goal=RETURN_TO_INTERRUPTED_WAYPOINT,AUTO,0.120,-0.350,1.576,0.267,True,True,False
31.600,sound_done,False,RETURN_TO_INTERRUPTED_WAYPOINT mode=AUTO nav_goal=RETURN_TO_INTERRUPTED_WAYPOINT,AUTO,0.120,-0.350,1.576,0.267,True,True,False
31.600,classification,GAZEBO_FAKE_YOLO11S_CLASSIFICATION class=bird,RETURN_TO_INTERRUPTED_WAYPOINT mode=AUTO nav_goal=RETURN_TO_INTERRUPTED_WAYPOINT,AUTO,0.120,-0.350,1.576,0.267,True,True,False
31.600,bird_confirmed,True,RETURN_TO_INTERRUPTED_WAYPOINT mode=AUTO nav_goal=RETURN_TO_INTERRUPTED_WAYPOINT,AUTO,0.120,-0.350,1.576,0.267,True,True,False
31.600,dynamic_target,count=1 x=-0.70 y=1.51 z=3.25,RETURN_TO_INTERRUPTED_WAYPOINT mode=AUTO nav_goal=RETURN_TO_INTERRUPTED_WAYPOINT,AUTO,0.120,-0.350,1.576,0.267,True,True,False
31.600,dynamic_lock,True,RETURN_TO_INTERRUPTED_WAYPOINT mode=AUTO nav_goal=RETURN_TO_INTERRUPTED_WAYPOINT,AUTO,0.120,-0.350,1.576,0.267,True,True,False
31.600,object_goal_state,REJECT source=elevated_dynamic_target mission_type=REJECTED_ALREADY_INSPECTED target_already_inspected age=2.2s count=1 distance_xy=0.23 radius=1.50,RETURN_TO_INTERRUPTED_WAYPOINT mode=AUTO nav_goal=RETURN_TO_INTERRUPTED_WAYPOINT,AUTO,0.120,-0.350,1.576,0.267,True,True,False
31.700,classification,GAZEBO_FAKE_YOLO11S_CLASSIFICATION class=bird,RETURN_TO_INTERRUPTED_WAYPOINT mode=AUTO nav_goal=RETURN_TO_INTERRUPTED_WAYPOINT,AUTO,0.120,-0.350,1.571,0.286,True,True,False
31.700,bird_confirmed,True,RETURN_TO_INTERRUPTED_WAYPOINT mode=AUTO nav_goal=RETURN_TO_INTERRUPTED_WAYPOINT,AUTO,0.120,-0.350,1.571,0.286,True,True,False
31.700,dynamic_target,count=1 x=-0.67 y=1.66 z=3.26,RETURN_TO_INTERRUPTED_WAYPOINT mode=AUTO nav_goal=RETURN_TO_INTERRUPTED_WAYPOINT,AUTO,0.120,-0.350,1.569,0.291,True,True,False
31.700,dynamic_lock,True,RETURN_TO_INTERRUPTED_WAYPOINT mode=AUTO nav_goal=RETURN_TO_INTERRUPTED_WAYPOINT,AUTO,0.120,-0.350,1.569,0.291,True,True,False
31.700,object_goal_state,REJECT source=elevated_dynamic_target mission_type=REJECTED_ALREADY_INSPECTED target_already_inspected age=2.3s count=1 distance_xy=0.18 radius=1.50,RETURN_TO_INTERRUPTED_WAYPOINT mode=AUTO nav_goal=RETURN_TO_INTERRUPTED_WAYPOINT,AUTO,0.120,-0.350,1.569,0.291,True,True,False
31.800,mission_state,RETURN_TO_INTERRUPTED_WAYPOINT mode=AUTO nav_goal=RETURN_TO_INTERRUPTED_WAYPOINT,RETURN_TO_INTERRUPTED_WAYPOINT mode=AUTO nav_goal=RETURN_TO_INTERRUPTED_WAYPOINT,AUTO,0.120,-0.350,1.565,0.305,True,True,False
31.800,classification,GAZEBO_FAKE_YOLO11S_CLASSIFICATION class=bird,RETURN_TO_INTERRUPTED_WAYPOINT mode=AUTO nav_goal=RETURN_TO_INTERRUPTED_WAYPOINT,AUTO,0.120,-0.350,1.565,0.305,True,True,False
31.800,bird_confirmed,True,RETURN_TO_INTERRUPTED_WAYPOINT mode=AUTO nav_goal=RETURN_TO_INTERRUPTED_WAYPOINT,AUTO,0.120,-0.350,1.565,0.305,True,True,False
31.800,sound_state,IDLE_NO_REQUEST,RETURN_TO_INTERRUPTED_WAYPOINT mode=AUTO nav_goal=RETURN_TO_INTERRUPTED_WAYPOINT,AUTO,0.120,-0.350,1.565,0.305,True,True,False
31.800,sound_done,False,RETURN_TO_INTERRUPTED_WAYPOINT mode=AUTO nav_goal=RETURN_TO_INTERRUPTED_WAYPOINT,AUTO,0.120,-0.350,1.565,0.305,True,True,False
31.800,dynamic_target,count=1 x=-0.64 y=1.76 z=3.27,RETURN_TO_INTERRUPTED_WAYPOINT mode=AUTO nav_goal=RETURN_TO_INTERRUPTED_WAYPOINT,AUTO,0.120,-0.350,1.562,0.320,True,True,False
31.800,dynamic_lock,True,RETURN_TO_INTERRUPTED_WAYPOINT mode=AUTO nav_goal=RETURN_TO_INTERRUPTED_WAYPOINT,AUTO,0.120,-0.350,1.562,0.320,True,True,False
31.800,object_goal_state,REJECT source=elevated_dynamic_target mission_type=REJECTED_ALREADY_INSPECTED target_already_inspected age=2.4s count=1 distance_xy=0.19 radius=1.50,RETURN_TO_INTERRUPTED_WAYPOINT mode=AUTO nav_goal=RETURN_TO_INTERRUPTED_WAYPOINT,AUTO,0.120,-0.350,1.562,0.320,True,True,False
31.800,dynamic_target,count=1 x=-0.64 y=1.76 z=3.27,RETURN_TO_INTERRUPTED_WAYPOINT mode=AUTO nav_goal=RETURN_TO_INTERRUPTED_WAYPOINT,AUTO,0.120,-0.350,1.562,0.320,True,True,False
31.800,dynamic_lock,True,RETURN_TO_INTERRUPTED_WAYPOINT mode=AUTO nav_goal=RETURN_TO_INTERRUPTED_WAYPOINT,AUTO,0.120,-0.350,1.562,0.320,True,True,False
31.800,object_goal_state,REJECT source=elevated_dynamic_target mission_type=REJECTED_ALREADY_INSPECTED target_already_inspected age=2.4s count=1 distance_xy=0.19 radius=1.50,RETURN_TO_INTERRUPTED_WAYPOINT mode=AUTO nav_goal=RETURN_TO_INTERRUPTED_WAYPOINT,AUTO,0.120,-0.350,1.562,0.320,True,True,False
31.900,classification,GAZEBO_FAKE_YOLO11S_CLASSIFICATION class=bird,RETURN_TO_INTERRUPTED_WAYPOINT mode=AUTO nav_goal=RETURN_TO_INTERRUPTED_WAYPOINT,AUTO,0.120,-0.350,1.560,0.324,True,True,False
31.900,bird_confirmed,True,RETURN_TO_INTERRUPTED_WAYPOINT mode=AUTO nav_goal=RETURN_TO_INTERRUPTED_WAYPOINT,AUTO,0.120,-0.350,1.560,0.324,True,True,False
32.000,sound_state,IDLE_NO_REQUEST,RETURN_TO_INTERRUPTED_WAYPOINT mode=AUTO nav_goal=RETURN_TO_INTERRUPTED_WAYPOINT,AUTO,0.120,-0.350,1.556,0.343,True,True,False
32.000,sound_done,False,RETURN_TO_INTERRUPTED_WAYPOINT mode=AUTO nav_goal=RETURN_TO_INTERRUPTED_WAYPOINT,AUTO,0.120,-0.350,1.556,0.343,True,True,False
32.000,bird_confirmed,True,RETURN_TO_INTERRUPTED_WAYPOINT mode=AUTO nav_goal=RETURN_TO_INTERRUPTED_WAYPOINT,AUTO,0.120,-0.350,1.556,0.343,True,True,False
32.000,mission_state,RETURN_TO_INTERRUPTED_WAYPOINT mode=AUTO nav_goal=RETURN_TO_INTERRUPTED_WAYPOINT,RETURN_TO_INTERRUPTED_WAYPOINT mode=AUTO nav_goal=RETURN_TO_INTERRUPTED_WAYPOINT,AUTO,0.120,-0.350,1.556,0.343,True,True,False
32.000,classification,GAZEBO_FAKE_YOLO11S_CLASSIFICATION class=bird,RETURN_TO_INTERRUPTED_WAYPOINT mode=AUTO nav_goal=RETURN_TO_INTERRUPTED_WAYPOINT,AUTO,0.120,-0.350,1.556,0.343,True,True,False
32.000,dynamic_target,count=1 x=-0.64 y=1.76 z=3.27,RETURN_TO_INTERRUPTED_WAYPOINT mode=AUTO nav_goal=RETURN_TO_INTERRUPTED_WAYPOINT,AUTO,0.120,-0.350,1.556,0.343,True,True,False
32.000,dynamic_lock,True,RETURN_TO_INTERRUPTED_WAYPOINT mode=AUTO nav_goal=RETURN_TO_INTERRUPTED_WAYPOINT,AUTO,0.120,-0.350,1.556,0.343,True,True,False
32.000,object_goal_state,REJECT source=elevated_dynamic_target mission_type=REJECTED_ALREADY_INSPECTED target_already_inspected age=2.6s count=1 distance_xy=0.19 radius=1.50,RETURN_TO_INTERRUPTED_WAYPOINT mode=AUTO nav_goal=RETURN_TO_INTERRUPTED_WAYPOINT,AUTO,0.120,-0.350,1.555,0.345,True,True,False
32.100,bird_confirmed,True,RETURN_TO_INTERRUPTED_WAYPOINT mode=AUTO nav_goal=RETURN_TO_INTERRUPTED_WAYPOINT,AUTO,0.120,-0.350,1.552,0.362,True,True,False
32.100,classification,GAZEBO_FAKE_YOLO11S_CLASSIFICATION class=bird,RETURN_TO_INTERRUPTED_WAYPOINT mode=AUTO nav_goal=RETURN_TO_INTERRUPTED_WAYPOINT,AUTO,0.120,-0.350,1.552,0.362,True,True,False
32.200,bird_confirmed,True,RETURN_TO_INTERRUPTED_WAYPOINT mode=AUTO nav_goal=RETURN_TO_INTERRUPTED_WAYPOINT,AUTO,0.120,-0.350,1.549,0.382,True,True,False
32.200,sound_state,IDLE_NO_REQUEST,RETURN_TO_INTERRUPTED_WAYPOINT mode=AUTO nav_goal=RETURN_TO_INTERRUPTED_WAYPOINT,AUTO,0.120,-0.350,1.549,0.382,True,True,False
32.200,sound_done,False,RETURN_TO_INTERRUPTED_WAYPOINT mode=AUTO nav_goal=RETURN_TO_INTERRUPTED_WAYPOINT,AUTO,0.120,-0.350,1.549,0.382,True,True,False
32.200,classification,GAZEBO_FAKE_YOLO11S_CLASSIFICATION class=bird,RETURN_TO_INTERRUPTED_WAYPOINT mode=AUTO nav_goal=RETURN_TO_INTERRUPTED_WAYPOINT,AUTO,0.120,-0.350,1.549,0.382,True,True,False
32.200,mission_state,RETURN_TO_INTERRUPTED_WAYPOINT mode=AUTO nav_goal=RETURN_TO_INTERRUPTED_WAYPOINT,RETURN_TO_INTERRUPTED_WAYPOINT mode=AUTO nav_goal=RETURN_TO_INTERRUPTED_WAYPOINT,AUTO,0.120,-0.350,1.549,0.382,True,True,False
32.200,dynamic_target,count=1 x=-0.62 y=1.83 z=3.27,RETURN_TO_INTERRUPTED_WAYPOINT mode=AUTO nav_goal=RETURN_TO_INTERRUPTED_WAYPOINT,AUTO,0.120,-0.350,1.549,0.382,True,True,False
32.200,dynamic_lock,True,RETURN_TO_INTERRUPTED_WAYPOINT mode=AUTO nav_goal=RETURN_TO_INTERRUPTED_WAYPOINT,AUTO,0.120,-0.350,1.549,0.382,True,True,False
32.200,object_goal_state,REJECT source=elevated_dynamic_target mission_type=REJECTED_ALREADY_INSPECTED target_already_inspected age=2.8s count=1 distance_xy=0.24 radius=1.50,RETURN_TO_INTERRUPTED_WAYPOINT mode=AUTO nav_goal=RETURN_TO_INTERRUPTED_WAYPOINT,AUTO,0.120,-0.350,1.549,0.382,True,True,False
32.200,dynamic_target,count=1 x=-0.62 y=1.83 z=3.27,RETURN_TO_INTERRUPTED_WAYPOINT mode=AUTO nav_goal=RETURN_TO_INTERRUPTED_WAYPOINT,AUTO,0.120,-0.350,1.549,0.382,True,True,False
32.200,dynamic_lock,True,RETURN_TO_INTERRUPTED_WAYPOINT mode=AUTO nav_goal=RETURN_TO_INTERRUPTED_WAYPOINT,AUTO,0.120,-0.350,1.549,0.382,True,True,False
32.200,object_goal_state,REJECT source=elevated_dynamic_target mission_type=REJECTED_ALREADY_INSPECTED target_already_inspected age=2.8s count=1 distance_xy=0.24 radius=1.50,RETURN_TO_INTERRUPTED_WAYPOINT mode=AUTO nav_goal=RETURN_TO_INTERRUPTED_WAYPOINT,AUTO,0.120,-0.350,1.549,0.382,True,True,False
32.300,bird_confirmed,True,RETURN_TO_INTERRUPTED_WAYPOINT mode=AUTO nav_goal=RETURN_TO_INTERRUPTED_WAYPOINT,AUTO,0.120,-0.350,1.546,0.401,True,True,False
32.300,classification,GAZEBO_FAKE_YOLO11S_CLASSIFICATION class=bird,RETURN_TO_INTERRUPTED_WAYPOINT mode=AUTO nav_goal=RETURN_TO_INTERRUPTED_WAYPOINT,AUTO,0.120,-0.350,1.546,0.401,True,True,False
32.400,sound_done,False,RETURN_TO_INTERRUPTED_WAYPOINT mode=AUTO nav_goal=RETURN_TO_INTERRUPTED_WAYPOINT,AUTO,0.120,-0.350,1.544,0.420,True,True,False
32.400,bird_confirmed,True,RETURN_TO_INTERRUPTED_WAYPOINT mode=AUTO nav_goal=RETURN_TO_INTERRUPTED_WAYPOINT,AUTO,0.120,-0.350,1.544,0.420,True,True,False
32.400,mission_state,RETURN_TO_INTERRUPTED_WAYPOINT mode=AUTO nav_goal=RETURN_TO_INTERRUPTED_WAYPOINT,RETURN_TO_INTERRUPTED_WAYPOINT mode=AUTO nav_goal=RETURN_TO_INTERRUPTED_WAYPOINT,AUTO,0.120,-0.350,1.544,0.420,True,True,False
32.400,classification,GAZEBO_FAKE_YOLO11S_CLASSIFICATION class=bird,RETURN_TO_INTERRUPTED_WAYPOINT mode=AUTO nav_goal=RETURN_TO_INTERRUPTED_WAYPOINT,AUTO,0.120,-0.350,1.544,0.420,True,True,False
32.400,sound_state,IDLE_NO_REQUEST,RETURN_TO_INTERRUPTED_WAYPOINT mode=AUTO nav_goal=RETURN_TO_INTERRUPTED_WAYPOINT,AUTO,0.120,-0.350,1.544,0.420,True,True,False
32.400,object_goal_state,REJECT source=elevated_dynamic_target mission_type=REJECTED_ALREADY_INSPECTED target_already_inspected age=3.0s count=1 distance_xy=0.24 radius=1.50,RETURN_TO_INTERRUPTED_WAYPOINT mode=AUTO nav_goal=RETURN_TO_INTERRUPTED_WAYPOINT,AUTO,0.120,-0.350,1.544,0.420,True,True,False
32.400,dynamic_target,count=1 x=-0.62 y=1.83 z=3.27,RETURN_TO_INTERRUPTED_WAYPOINT mode=AUTO nav_goal=RETURN_TO_INTERRUPTED_WAYPOINT,AUTO,0.120,-0.350,1.544,0.420,True,True,False
32.400,dynamic_lock,True,RETURN_TO_INTERRUPTED_WAYPOINT mode=AUTO nav_goal=RETURN_TO_INTERRUPTED_WAYPOINT,AUTO,0.120,-0.350,1.544,0.420,True,True,False
32.500,classification,GAZEBO_FAKE_YOLO11S_CLASSIFICATION class=bird,RETURN_TO_INTERRUPTED_WAYPOINT mode=AUTO nav_goal=RETURN_TO_INTERRUPTED_WAYPOINT,AUTO,0.120,-0.350,1.543,0.440,True,True,False
32.500,bird_confirmed,True,RETURN_TO_INTERRUPTED_WAYPOINT mode=AUTO nav_goal=RETURN_TO_INTERRUPTED_WAYPOINT,AUTO,0.120,-0.350,1.543,0.440,True,True,False
32.600,sound_state,IDLE_NO_REQUEST,RETURN_TO_INTERRUPTED_WAYPOINT mode=AUTO nav_goal=RETURN_TO_INTERRUPTED_WAYPOINT,AUTO,0.120,-0.350,1.542,0.460,True,True,False
32.600,sound_done,False,RETURN_TO_INTERRUPTED_WAYPOINT mode=AUTO nav_goal=RETURN_TO_INTERRUPTED_WAYPOINT,AUTO,0.120,-0.350,1.542,0.460,True,True,False
32.600,classification,GAZEBO_FAKE_YOLO11S_CLASSIFICATION class=bird,RETURN_TO_INTERRUPTED_WAYPOINT mode=AUTO nav_goal=RETURN_TO_INTERRUPTED_WAYPOINT,AUTO,0.120,-0.350,1.542,0.460,True,True,False
32.600,bird_confirmed,True,RETURN_TO_INTERRUPTED_WAYPOINT mode=AUTO nav_goal=RETURN_TO_INTERRUPTED_WAYPOINT,AUTO,0.120,-0.350,1.542,0.460,True,True,False
32.600,mission_state,RETURN_TO_INTERRUPTED_WAYPOINT mode=AUTO nav_goal=RETURN_TO_INTERRUPTED_WAYPOINT,RETURN_TO_INTERRUPTED_WAYPOINT mode=AUTO nav_goal=RETURN_TO_INTERRUPTED_WAYPOINT,AUTO,0.120,-0.350,1.542,0.460,True,True,False
32.600,dynamic_target,count=1 x=-0.62 y=1.83 z=3.27,RETURN_TO_INTERRUPTED_WAYPOINT mode=AUTO nav_goal=RETURN_TO_INTERRUPTED_WAYPOINT,AUTO,0.120,-0.350,1.542,0.460,True,True,False
32.600,dynamic_lock,True,RETURN_TO_INTERRUPTED_WAYPOINT mode=AUTO nav_goal=RETURN_TO_INTERRUPTED_WAYPOINT,AUTO,0.120,-0.350,1.542,0.460,True,True,False
32.600,object_goal_state,REJECT source=elevated_dynamic_target mission_type=REJECTED_ALREADY_INSPECTED target_already_inspected age=3.2s count=1 distance_xy=0.24 radius=1.50,RETURN_TO_INTERRUPTED_WAYPOINT mode=AUTO nav_goal=RETURN_TO_INTERRUPTED_WAYPOINT,AUTO,0.120,-0.350,1.542,0.460,True,True,False
32.700,classification,GAZEBO_FAKE_YOLO11S_CLASSIFICATION class=bird,RETURN_TO_INTERRUPTED_WAYPOINT mode=AUTO nav_goal=RETURN_TO_INTERRUPTED_WAYPOINT,AUTO,0.120,-0.350,1.541,0.480,True,True,False
32.700,bird_confirmed,True,RETURN_TO_INTERRUPTED_WAYPOINT mode=AUTO nav_goal=RETURN_TO_INTERRUPTED_WAYPOINT,AUTO,0.120,-0.350,1.541,0.480,True,True,False
32.800,mission_state,RETURN_TO_INTERRUPTED_WAYPOINT mode=AUTO nav_goal=RETURN_TO_INTERRUPTED_WAYPOINT,RETURN_TO_INTERRUPTED_WAYPOINT mode=AUTO nav_goal=RETURN_TO_INTERRUPTED_WAYPOINT,AUTO,0.120,-0.350,1.541,0.500,True,True,False
32.800,classification,GAZEBO_FAKE_YOLO11S_CLASSIFICATION class=bird,RETURN_TO_INTERRUPTED_WAYPOINT mode=AUTO nav_goal=RETURN_TO_INTERRUPTED_WAYPOINT,AUTO,0.120,-0.350,1.541,0.500,True,True,False
32.800,bird_confirmed,True,RETURN_TO_INTERRUPTED_WAYPOINT mode=AUTO nav_goal=RETURN_TO_INTERRUPTED_WAYPOINT,AUTO,0.120,-0.350,1.541,0.500,True,True,False
32.800,sound_state,IDLE_NO_REQUEST,RETURN_TO_INTERRUPTED_WAYPOINT mode=AUTO nav_goal=RETURN_TO_INTERRUPTED_WAYPOINT,AUTO,0.120,-0.350,1.541,0.500,True,True,False
32.800,sound_done,False,RETURN_TO_INTERRUPTED_WAYPOINT mode=AUTO nav_goal=RETURN_TO_INTERRUPTED_WAYPOINT,AUTO,0.120,-0.350,1.541,0.500,True,True,False
32.800,dynamic_target,count=1 x=3.93 y=-0.24 z=3.20,RETURN_TO_INTERRUPTED_WAYPOINT mode=AUTO nav_goal=RETURN_TO_INTERRUPTED_WAYPOINT,AUTO,0.120,-0.350,1.541,0.503,True,True,False
32.800,dynamic_lock,False,RETURN_TO_INTERRUPTED_WAYPOINT mode=AUTO nav_goal=RETURN_TO_INTERRUPTED_WAYPOINT,AUTO,0.120,-0.350,1.541,0.503,False,True,False
32.800,object_goal_state,ACCEPT_INSPECTION_GOAL source=elevated_dynamic_target height=3.20 range=2.50 dynamic=True z_valid=True bird_confirmed=True target_class=bird offset_m=2.00 frame=odom goal_x=2.017 goal_y=0.356,RETURN_TO_INTERRUPTED_WAYPOINT mode=AUTO nav_goal=RETURN_TO_INTERRUPTED_WAYPOINT,AUTO,0.120,-0.350,1.541,0.503,False,True,False
32.800,inspection_goal,x=2.02 y=0.36,RETURN_TO_INTERRUPTED_WAYPOINT mode=AUTO nav_goal=RETURN_TO_INTERRUPTED_WAYPOINT,AUTO,0.120,-0.350,1.541,0.503,False,True,False
32.800,mission_event,timestamp=32.800 mission_id=0 target_mission_id=1 state=RETURN_TO_INTERRUPTED_WAYPOINT event_type=TARGET_IGNORED_TARGET_LOCK reason=remaining_sec=0.00 state=RETURN_TO_INTERRUPTED_WAYPOINT waypoint_index=2,RETURN_TO_INTERRUPTED_WAYPOINT mode=AUTO nav_goal=RETURN_TO_INTERRUPTED_WAYPOINT,AUTO,0.120,-0.350,1.541,0.503,False,True,False
32.800,dynamic_target,count=1 x=3.93 y=-0.24 z=3.20,RETURN_TO_INTERRUPTED_WAYPOINT mode=AUTO nav_goal=RETURN_TO_INTERRUPTED_WAYPOINT,AUTO,0.120,-0.350,1.541,0.503,False,True,False
32.800,dynamic_lock,False,RETURN_TO_INTERRUPTED_WAYPOINT mode=AUTO nav_goal=RETURN_TO_INTERRUPTED_WAYPOINT,AUTO,0.120,-0.350,1.541,0.503,False,True,False
32.800,object_goal_state,REJECT cooldown source=elevated_dynamic_target remaining_sec=8.00,RETURN_TO_INTERRUPTED_WAYPOINT mode=AUTO nav_goal=RETURN_TO_INTERRUPTED_WAYPOINT,AUTO,0.120,-0.350,1.541,0.503,False,True,False
32.900,classification,WAITING_DYNAMIC_LOCK,RETURN_TO_INTERRUPTED_WAYPOINT mode=AUTO nav_goal=RETURN_TO_INTERRUPTED_WAYPOINT,AUTO,0.120,-0.350,1.542,0.519,False,True,False
32.900,bird_confirmed,False,RETURN_TO_INTERRUPTED_WAYPOINT mode=AUTO nav_goal=RETURN_TO_INTERRUPTED_WAYPOINT,AUTO,0.120,-0.350,1.542,0.519,False,False,False
32.900,dynamic_target,count=1 x=3.93 y=-0.17 z=3.22,RETURN_TO_INTERRUPTED_WAYPOINT mode=AUTO nav_goal=RETURN_TO_INTERRUPTED_WAYPOINT,AUTO,0.120,-0.350,1.542,0.535,False,False,False
32.900,dynamic_lock,True,RETURN_TO_INTERRUPTED_WAYPOINT mode=AUTO nav_goal=RETURN_TO_INTERRUPTED_WAYPOINT,AUTO,0.120,-0.350,1.542,0.535,True,False,False
32.900,object_goal_state,REJECT cooldown source=elevated_dynamic_target remaining_sec=7.90,RETURN_TO_INTERRUPTED_WAYPOINT mode=AUTO nav_goal=RETURN_TO_INTERRUPTED_WAYPOINT,AUTO,0.120,-0.350,1.542,0.535,True,False,False
33.000,classification,WAITING_DYNAMIC_LOCK,RETURN_TO_INTERRUPTED_WAYPOINT mode=AUTO nav_goal=RETURN_TO_INTERRUPTED_WAYPOINT,AUTO,0.120,-0.350,1.543,0.539,True,False,False
33.000,bird_confirmed,False,RETURN_TO_INTERRUPTED_WAYPOINT mode=AUTO nav_goal=RETURN_TO_INTERRUPTED_WAYPOINT,AUTO,0.120,-0.350,1.543,0.539,True,False,False
33.000,sound_state,IDLE_NO_REQUEST,RETURN_TO_INTERRUPTED_WAYPOINT mode=AUTO nav_goal=RETURN_TO_INTERRUPTED_WAYPOINT,AUTO,0.120,-0.350,1.543,0.539,True,False,False
33.000,sound_done,False,RETURN_TO_INTERRUPTED_WAYPOINT mode=AUTO nav_goal=RETURN_TO_INTERRUPTED_WAYPOINT,AUTO,0.120,-0.350,1.543,0.539,True,False,False
33.000,mission_state,RETURN_TO_INTERRUPTED_WAYPOINT mode=AUTO nav_goal=RETURN_TO_INTERRUPTED_WAYPOINT,RETURN_TO_INTERRUPTED_WAYPOINT mode=AUTO nav_goal=RETURN_TO_INTERRUPTED_WAYPOINT,AUTO,0.120,-0.339,1.543,0.539,True,False,False
33.000,object_goal_state,INSPECTION_MEMORY_COMMITTED terminal_state=RETURN_TO_INTERRUPTED_WAYPOINT,RETURN_TO_INTERRUPTED_WAYPOINT mode=AUTO nav_goal=RETURN_TO_INTERRUPTED_WAYPOINT,AUTO,0.120,-0.339,1.543,0.539,True,False,False
33.000,object_goal_state,REJECT cooldown source=elevated_dynamic_target remaining_sec=7.80,RETURN_TO_INTERRUPTED_WAYPOINT mode=AUTO nav_goal=RETURN_TO_INTERRUPTED_WAYPOINT,AUTO,0.120,-0.339,1.543,0.539,True,False,False
33.000,dynamic_target,count=1 x=3.93 y=-0.17 z=3.22,RETURN_TO_INTERRUPTED_WAYPOINT mode=AUTO nav_goal=RETURN_TO_INTERRUPTED_WAYPOINT,AUTO,0.120,-0.339,1.543,0.539,True,False,False
33.000,dynamic_lock,True,RETURN_TO_INTERRUPTED_WAYPOINT mode=AUTO nav_goal=RETURN_TO_INTERRUPTED_WAYPOINT,AUTO,0.120,-0.339,1.543,0.539,True,False,False
33.100,classification,WAITING_DYNAMIC_LOCK,RETURN_TO_INTERRUPTED_WAYPOINT mode=AUTO nav_goal=RETURN_TO_INTERRUPTED_WAYPOINT,AUTO,0.120,-0.339,1.544,0.558,True,False,False
33.100,bird_confirmed,False,RETURN_TO_INTERRUPTED_WAYPOINT mode=AUTO nav_goal=RETURN_TO_INTERRUPTED_WAYPOINT,AUTO,0.120,-0.339,1.544,0.558,True,False,False
33.200,mission_state,RETURN_TO_INTERRUPTED_WAYPOINT mode=AUTO nav_goal=RETURN_TO_INTERRUPTED_WAYPOINT,RETURN_TO_INTERRUPTED_WAYPOINT mode=AUTO nav_goal=RETURN_TO_INTERRUPTED_WAYPOINT,AUTO,0.120,-0.281,1.546,0.577,True,False,False
33.200,classification,WAITING_DYNAMIC_LOCK,RETURN_TO_INTERRUPTED_WAYPOINT mode=AUTO nav_goal=RETURN_TO_INTERRUPTED_WAYPOINT,AUTO,0.120,-0.281,1.546,0.577,True,False,False
33.200,bird_confirmed,False,RETURN_TO_INTERRUPTED_WAYPOINT mode=AUTO nav_goal=RETURN_TO_INTERRUPTED_WAYPOINT,AUTO,0.120,-0.281,1.546,0.577,True,False,False
33.200,sound_state,IDLE_NO_REQUEST,RETURN_TO_INTERRUPTED_WAYPOINT mode=AUTO nav_goal=RETURN_TO_INTERRUPTED_WAYPOINT,AUTO,0.120,-0.281,1.546,0.577,True,False,False
33.200,sound_done,False,RETURN_TO_INTERRUPTED_WAYPOINT mode=AUTO nav_goal=RETURN_TO_INTERRUPTED_WAYPOINT,AUTO,0.120,-0.281,1.546,0.577,True,False,False
33.200,dynamic_target,count=1 x=3.93 y=-0.12 z=3.24,RETURN_TO_INTERRUPTED_WAYPOINT mode=AUTO nav_goal=RETURN_TO_INTERRUPTED_WAYPOINT,AUTO,0.120,-0.257,1.548,0.595,True,False,False
33.200,dynamic_lock,True,RETURN_TO_INTERRUPTED_WAYPOINT mode=AUTO nav_goal=RETURN_TO_INTERRUPTED_WAYPOINT,AUTO,0.120,-0.257,1.548,0.595,True,False,False
33.200,object_goal_state,REJECT cooldown source=elevated_dynamic_target remaining_sec=7.60,RETURN_TO_INTERRUPTED_WAYPOINT mode=AUTO nav_goal=RETURN_TO_INTERRUPTED_WAYPOINT,AUTO,0.120,-0.257,1.548,0.595,True,False,False
33.200,dynamic_target,count=1 x=3.93 y=-0.12 z=3.24,RETURN_TO_INTERRUPTED_WAYPOINT mode=AUTO nav_goal=RETURN_TO_INTERRUPTED_WAYPOINT,AUTO,0.120,-0.257,1.548,0.595,True,False,False
33.200,dynamic_lock,True,RETURN_TO_INTERRUPTED_WAYPOINT mode=AUTO nav_goal=RETURN_TO_INTERRUPTED_WAYPOINT,AUTO,0.120,-0.257,1.548,0.595,True,False,False
33.200,object_goal_state,REJECT cooldown source=elevated_dynamic_target remaining_sec=7.60,RETURN_TO_INTERRUPTED_WAYPOINT mode=AUTO nav_goal=RETURN_TO_INTERRUPTED_WAYPOINT,AUTO,0.120,-0.257,1.548,0.595,True,False,False
33.300,classification,GAZEBO_FAKE_YOLO11S_CLASSIFICATION class=bird,RETURN_TO_INTERRUPTED_WAYPOINT mode=AUTO nav_goal=RETURN_TO_INTERRUPTED_WAYPOINT,AUTO,0.120,-0.257,1.548,0.597,True,False,False
33.300,bird_confirmed,True,RETURN_TO_INTERRUPTED_WAYPOINT mode=AUTO nav_goal=RETURN_TO_INTERRUPTED_WAYPOINT,AUTO,0.120,-0.257,1.548,0.597,True,True,False
33.400,sound_done,False,RETURN_TO_INTERRUPTED_WAYPOINT mode=AUTO nav_goal=RETURN_TO_INTERRUPTED_WAYPOINT,AUTO,0.120,-0.257,1.551,0.616,True,True,False
33.400,mission_state,RETURN_TO_INTERRUPTED_WAYPOINT mode=AUTO nav_goal=RETURN_TO_INTERRUPTED_WAYPOINT,RETURN_TO_INTERRUPTED_WAYPOINT mode=AUTO nav_goal=RETURN_TO_INTERRUPTED_WAYPOINT,AUTO,0.120,-0.257,1.551,0.616,True,True,False
33.400,sound_state,IDLE_NO_REQUEST,RETURN_TO_INTERRUPTED_WAYPOINT mode=AUTO nav_goal=RETURN_TO_INTERRUPTED_WAYPOINT,AUTO,0.120,-0.257,1.551,0.616,True,True,False
33.400,classification,GAZEBO_FAKE_YOLO11S_CLASSIFICATION class=bird,RETURN_TO_INTERRUPTED_WAYPOINT mode=AUTO nav_goal=RETURN_TO_INTERRUPTED_WAYPOINT,AUTO,0.120,-0.257,1.551,0.616,True,True,False
33.400,bird_confirmed,True,RETURN_TO_INTERRUPTED_WAYPOINT mode=AUTO nav_goal=RETURN_TO_INTERRUPTED_WAYPOINT,AUTO,0.120,-0.257,1.551,0.616,True,True,False
33.400,dynamic_target,count=1 x=3.93 y=-0.14 z=3.24,RETURN_TO_INTERRUPTED_WAYPOINT mode=AUTO nav_goal=RETURN_TO_INTERRUPTED_WAYPOINT,AUTO,0.120,-0.221,1.553,0.624,True,True,False
33.400,dynamic_lock,True,RETURN_TO_INTERRUPTED_WAYPOINT mode=AUTO nav_goal=RETURN_TO_INTERRUPTED_WAYPOINT,AUTO,0.120,-0.221,1.553,0.624,True,True,False
33.400,object_goal_state,REJECT cooldown source=elevated_dynamic_target remaining_sec=7.40,RETURN_TO_INTERRUPTED_WAYPOINT mode=AUTO nav_goal=RETURN_TO_INTERRUPTED_WAYPOINT,AUTO,0.120,-0.221,1.553,0.624,True,True,False
33.400,dynamic_target,count=1 x=3.93 y=-0.14 z=3.24,RETURN_TO_INTERRUPTED_WAYPOINT mode=AUTO nav_goal=RETURN_TO_INTERRUPTED_WAYPOINT,AUTO,0.120,-0.221,1.553,0.624,True,True,False
33.400,dynamic_lock,True,RETURN_TO_INTERRUPTED_WAYPOINT mode=AUTO nav_goal=RETURN_TO_INTERRUPTED_WAYPOINT,AUTO,0.120,-0.221,1.553,0.624,True,True,False
33.400,object_goal_state,REJECT cooldown source=elevated_dynamic_target remaining_sec=7.40,RETURN_TO_INTERRUPTED_WAYPOINT mode=AUTO nav_goal=RETURN_TO_INTERRUPTED_WAYPOINT,AUTO,0.120,-0.221,1.553,0.624,True,True,False
33.500,classification,GAZEBO_FAKE_YOLO11S_CLASSIFICATION class=bird,RETURN_TO_INTERRUPTED_WAYPOINT mode=AUTO nav_goal=RETURN_TO_INTERRUPTED_WAYPOINT,AUTO,0.120,-0.221,1.554,0.635,True,True,False
33.500,bird_confirmed,True,RETURN_TO_INTERRUPTED_WAYPOINT mode=AUTO nav_goal=RETURN_TO_INTERRUPTED_WAYPOINT,AUTO,0.120,-0.221,1.554,0.635,True,True,False
33.600,sound_done,False,RETURN_TO_INTERRUPTED_WAYPOINT mode=AUTO nav_goal=RETURN_TO_INTERRUPTED_WAYPOINT,AUTO,0.120,-0.221,1.557,0.654,True,True,False
33.600,sound_state,IDLE_NO_REQUEST,RETURN_TO_INTERRUPTED_WAYPOINT mode=AUTO nav_goal=RETURN_TO_INTERRUPTED_WAYPOINT,AUTO,0.120,-0.221,1.557,0.654,True,True,False
33.600,mission_state,RETURN_TO_INTERRUPTED_WAYPOINT mode=AUTO nav_goal=RETURN_TO_INTERRUPTED_WAYPOINT,RETURN_TO_INTERRUPTED_WAYPOINT mode=AUTO nav_goal=RETURN_TO_INTERRUPTED_WAYPOINT,AUTO,0.120,-0.221,1.557,0.654,True,True,False
33.600,bird_confirmed,True,RETURN_TO_INTERRUPTED_WAYPOINT mode=AUTO nav_goal=RETURN_TO_INTERRUPTED_WAYPOINT,AUTO,0.120,-0.203,1.557,0.654,True,True,False
33.600,classification,GAZEBO_FAKE_YOLO11S_CLASSIFICATION class=bird,RETURN_TO_INTERRUPTED_WAYPOINT mode=AUTO nav_goal=RETURN_TO_INTERRUPTED_WAYPOINT,AUTO,0.120,-0.203,1.557,0.654,True,True,False
33.600,dynamic_target,count=1 x=3.94 y=-0.10 z=3.26,RETURN_TO_INTERRUPTED_WAYPOINT mode=AUTO nav_goal=RETURN_TO_INTERRUPTED_WAYPOINT,AUTO,0.120,-0.203,1.557,0.654,True,True,False
33.600,dynamic_lock,True,RETURN_TO_INTERRUPTED_WAYPOINT mode=AUTO nav_goal=RETURN_TO_INTERRUPTED_WAYPOINT,AUTO,0.120,-0.203,1.557,0.654,True,True,False
33.600,object_goal_state,REJECT cooldown source=elevated_dynamic_target remaining_sec=7.20,RETURN_TO_INTERRUPTED_WAYPOINT mode=AUTO nav_goal=RETURN_TO_INTERRUPTED_WAYPOINT,AUTO,0.120,-0.203,1.557,0.654,True,True,False
33.600,dynamic_target,count=1 x=3.94 y=-0.10 z=3.26,RETURN_TO_INTERRUPTED_WAYPOINT mode=AUTO nav_goal=RETURN_TO_INTERRUPTED_WAYPOINT,AUTO,0.120,-0.203,1.557,0.654,True,True,False
33.600,dynamic_lock,True,RETURN_TO_INTERRUPTED_WAYPOINT mode=AUTO nav_goal=RETURN_TO_INTERRUPTED_WAYPOINT,AUTO,0.120,-0.203,1.557,0.654,True,True,False
33.600,object_goal_state,REJECT cooldown source=elevated_dynamic_target remaining_sec=7.20,RETURN_TO_INTERRUPTED_WAYPOINT mode=AUTO nav_goal=RETURN_TO_INTERRUPTED_WAYPOINT,AUTO,0.120,-0.203,1.557,0.654,True,True,False
33.700,classification,GAZEBO_FAKE_YOLO11S_CLASSIFICATION class=bird,RETURN_TO_INTERRUPTED_WAYPOINT mode=AUTO nav_goal=RETURN_TO_INTERRUPTED_WAYPOINT,AUTO,0.120,-0.203,1.561,0.673,True,True,False
33.700,bird_confirmed,True,RETURN_TO_INTERRUPTED_WAYPOINT mode=AUTO nav_goal=RETURN_TO_INTERRUPTED_WAYPOINT,AUTO,0.120,-0.203,1.561,0.673,True,True,False
33.700,dynamic_target,count=1 x=3.94 y=-0.12 z=3.25,RETURN_TO_INTERRUPTED_WAYPOINT mode=AUTO nav_goal=RETURN_TO_INTERRUPTED_WAYPOINT,AUTO,0.120,-0.173,1.563,0.683,True,True,False
33.700,dynamic_lock,True,RETURN_TO_INTERRUPTED_WAYPOINT mode=AUTO nav_goal=RETURN_TO_INTERRUPTED_WAYPOINT,AUTO,0.120,-0.173,1.563,0.683,True,True,False
33.700,object_goal_state,REJECT cooldown source=elevated_dynamic_target remaining_sec=7.10,RETURN_TO_INTERRUPTED_WAYPOINT mode=AUTO nav_goal=RETURN_TO_INTERRUPTED_WAYPOINT,AUTO,0.120,-0.173,1.563,0.683,True,True,False
33.800,dynamic_target,count=1 x=3.94 y=-0.12 z=3.25,RETURN_TO_INTERRUPTED_WAYPOINT mode=AUTO nav_goal=RETURN_TO_INTERRUPTED_WAYPOINT,AUTO,0.120,-0.173,1.565,0.693,True,True,False
33.800,dynamic_lock,True,RETURN_TO_INTERRUPTED_WAYPOINT mode=AUTO nav_goal=RETURN_TO_INTERRUPTED_WAYPOINT,AUTO,0.120,-0.173,1.565,0.693,True,True,False
33.800,sound_state,IDLE_NO_REQUEST,RETURN_TO_INTERRUPTED_WAYPOINT mode=AUTO nav_goal=RETURN_TO_INTERRUPTED_WAYPOINT,AUTO,0.120,-0.173,1.565,0.693,True,True,False
33.800,sound_done,False,RETURN_TO_INTERRUPTED_WAYPOINT mode=AUTO nav_goal=RETURN_TO_INTERRUPTED_WAYPOINT,AUTO,0.120,-0.173,1.565,0.693,True,True,False
33.800,mission_state,RETURN_TO_INTERRUPTED_WAYPOINT mode=AUTO nav_goal=RETURN_TO_INTERRUPTED_WAYPOINT,RETURN_TO_INTERRUPTED_WAYPOINT mode=AUTO nav_goal=RETURN_TO_INTERRUPTED_WAYPOINT,AUTO,0.120,-0.173,1.565,0.693,True,True,False
33.800,classification,GAZEBO_FAKE_YOLO11S_CLASSIFICATION class=bird,RETURN_TO_INTERRUPTED_WAYPOINT mode=AUTO nav_goal=RETURN_TO_INTERRUPTED_WAYPOINT,AUTO,0.120,-0.173,1.565,0.693,True,True,False
33.800,bird_confirmed,True,RETURN_TO_INTERRUPTED_WAYPOINT mode=AUTO nav_goal=RETURN_TO_INTERRUPTED_WAYPOINT,AUTO,0.120,-0.173,1.565,0.693,True,True,False
33.800,object_goal_state,REJECT cooldown source=elevated_dynamic_target remaining_sec=7.00,RETURN_TO_INTERRUPTED_WAYPOINT mode=AUTO nav_goal=RETURN_TO_INTERRUPTED_WAYPOINT,AUTO,0.120,-0.173,1.565,0.693,True,True,False
33.900,classification,GAZEBO_FAKE_YOLO11S_CLASSIFICATION class=bird,RETURN_TO_INTERRUPTED_WAYPOINT mode=AUTO nav_goal=RETURN_TO_INTERRUPTED_WAYPOINT,AUTO,0.120,-0.133,1.569,0.712,True,True,False
33.900,bird_confirmed,True,RETURN_TO_INTERRUPTED_WAYPOINT mode=AUTO nav_goal=RETURN_TO_INTERRUPTED_WAYPOINT,AUTO,0.120,-0.133,1.569,0.712,True,True,False
34.000,classification,GAZEBO_FAKE_YOLO11S_CLASSIFICATION class=bird,RETURN_TO_INTERRUPTED_WAYPOINT mode=AUTO nav_goal=RETURN_TO_INTERRUPTED_WAYPOINT,AUTO,0.120,-0.133,1.574,0.730,True,True,False
34.000,bird_confirmed,True,RETURN_TO_INTERRUPTED_WAYPOINT mode=AUTO nav_goal=RETURN_TO_INTERRUPTED_WAYPOINT,AUTO,0.120,-0.133,1.574,0.730,True,True,False
34.000,sound_state,IDLE_NO_REQUEST,RETURN_TO_INTERRUPTED_WAYPOINT mode=AUTO nav_goal=RETURN_TO_INTERRUPTED_WAYPOINT,AUTO,0.120,-0.133,1.574,0.730,True,True,False
34.000,sound_done,False,RETURN_TO_INTERRUPTED_WAYPOINT mode=AUTO nav_goal=RETURN_TO_INTERRUPTED_WAYPOINT,AUTO,0.120,-0.133,1.574,0.730,True,True,False
34.000,mission_state,RETURN_TO_INTERRUPTED_WAYPOINT mode=AUTO nav_goal=RETURN_TO_INTERRUPTED_WAYPOINT,RETURN_TO_INTERRUPTED_WAYPOINT mode=AUTO nav_goal=RETURN_TO_INTERRUPTED_WAYPOINT,AUTO,0.120,-0.133,1.574,0.730,True,True,False
34.000,dynamic_target,count=1 x=3.94 y=-0.12 z=3.25,RETURN_TO_INTERRUPTED_WAYPOINT mode=AUTO nav_goal=RETURN_TO_INTERRUPTED_WAYPOINT,AUTO,0.120,-0.133,1.574,0.730,True,True,False
34.000,dynamic_lock,True,RETURN_TO_INTERRUPTED_WAYPOINT mode=AUTO nav_goal=RETURN_TO_INTERRUPTED_WAYPOINT,AUTO,0.120,-0.133,1.574,0.730,True,True,False
34.000,object_goal_state,REJECT cooldown source=elevated_dynamic_target remaining_sec=6.80,RETURN_TO_INTERRUPTED_WAYPOINT mode=AUTO nav_goal=RETURN_TO_INTERRUPTED_WAYPOINT,AUTO,0.120,-0.115,1.574,0.730,True,True,False
34.100,classification,GAZEBO_FAKE_YOLO11S_CLASSIFICATION class=bird,RETURN_TO_INTERRUPTED_WAYPOINT mode=AUTO nav_goal=RETURN_TO_INTERRUPTED_WAYPOINT,AUTO,0.120,-0.115,1.578,0.749,True,True,False
34.100,bird_confirmed,True,RETURN_TO_INTERRUPTED_WAYPOINT mode=AUTO nav_goal=RETURN_TO_INTERRUPTED_WAYPOINT,AUTO,0.120,-0.115,1.578,0.749,True,True,False
34.100,dynamic_target,count=1 x=3.95 y=-0.11 z=3.28,RETURN_TO_INTERRUPTED_WAYPOINT mode=AUTO nav_goal=RETURN_TO_INTERRUPTED_WAYPOINT,AUTO,0.120,-0.115,1.582,0.764,True,True,False
34.100,dynamic_lock,True,RETURN_TO_INTERRUPTED_WAYPOINT mode=AUTO nav_goal=RETURN_TO_INTERRUPTED_WAYPOINT,AUTO,0.120,-0.115,1.582,0.764,True,True,False
34.100,object_goal_state,REJECT cooldown source=elevated_dynamic_target remaining_sec=6.70,RETURN_TO_INTERRUPTED_WAYPOINT mode=AUTO nav_goal=RETURN_TO_INTERRUPTED_WAYPOINT,AUTO,0.120,-0.115,1.582,0.764,True,True,False
34.200,classification,GAZEBO_FAKE_YOLO11S_CLASSIFICATION class=bird,RETURN_TO_INTERRUPTED_WAYPOINT mode=AUTO nav_goal=RETURN_TO_INTERRUPTED_WAYPOINT,AUTO,0.120,-0.115,1.583,0.768,True,True,False
34.200,bird_confirmed,True,RETURN_TO_INTERRUPTED_WAYPOINT mode=AUTO nav_goal=RETURN_TO_INTERRUPTED_WAYPOINT,AUTO,0.120,-0.115,1.583,0.768,True,True,False
34.200,sound_done,False,RETURN_TO_INTERRUPTED_WAYPOINT mode=AUTO nav_goal=RETURN_TO_INTERRUPTED_WAYPOINT,AUTO,0.120,-0.115,1.583,0.768,True,True,False
34.200,sound_state,IDLE_NO_REQUEST,RETURN_TO_INTERRUPTED_WAYPOINT mode=AUTO nav_goal=RETURN_TO_INTERRUPTED_WAYPOINT,AUTO,0.120,-0.115,1.583,0.768,True,True,False
34.200,dynamic_target,count=1 x=3.95 y=-0.11 z=3.28,RETURN_TO_INTERRUPTED_WAYPOINT mode=AUTO nav_goal=RETURN_TO_INTERRUPTED_WAYPOINT,AUTO,0.120,-0.102,1.583,0.768,True,True,False
34.200,dynamic_lock,True,RETURN_TO_INTERRUPTED_WAYPOINT mode=AUTO nav_goal=RETURN_TO_INTERRUPTED_WAYPOINT,AUTO,0.120,-0.102,1.583,0.768,True,True,False
34.200,object_goal_state,REJECT cooldown source=elevated_dynamic_target remaining_sec=6.60,RETURN_TO_INTERRUPTED_WAYPOINT mode=AUTO nav_goal=RETURN_TO_INTERRUPTED_WAYPOINT,AUTO,0.120,-0.092,1.583,0.768,True,True,False
34.200,mission_state,RETURN_TO_INTERRUPTED_WAYPOINT mode=AUTO nav_goal=RETURN_TO_INTERRUPTED_WAYPOINT,RETURN_TO_INTERRUPTED_WAYPOINT mode=AUTO nav_goal=RETURN_TO_INTERRUPTED_WAYPOINT,AUTO,0.120,-0.092,1.583,0.768,True,True,False
34.300,classification,GAZEBO_FAKE_YOLO11S_CLASSIFICATION class=bird,RETURN_TO_INTERRUPTED_WAYPOINT mode=AUTO nav_goal=RETURN_TO_INTERRUPTED_WAYPOINT,AUTO,0.120,-0.092,1.588,0.786,True,True,False
34.300,bird_confirmed,True,RETURN_TO_INTERRUPTED_WAYPOINT mode=AUTO nav_goal=RETURN_TO_INTERRUPTED_WAYPOINT,AUTO,0.120,-0.092,1.588,0.786,True,True,False
34.400,bird_confirmed,True,RETURN_TO_INTERRUPTED_WAYPOINT mode=AUTO nav_goal=RETURN_TO_INTERRUPTED_WAYPOINT,AUTO,0.120,-0.079,1.593,0.805,True,True,False
34.400,sound_state,IDLE_NO_REQUEST,RETURN_TO_INTERRUPTED_WAYPOINT mode=AUTO nav_goal=RETURN_TO_INTERRUPTED_WAYPOINT,AUTO,0.120,-0.079,1.593,0.805,True,True,False
34.400,sound_done,False,RETURN_TO_INTERRUPTED_WAYPOINT mode=AUTO nav_goal=RETURN_TO_INTERRUPTED_WAYPOINT,AUTO,0.120,-0.079,1.593,0.805,True,True,False
34.400,mission_state,RETURN_TO_INTERRUPTED_WAYPOINT mode=AUTO nav_goal=RETURN_TO_INTERRUPTED_WAYPOINT,RETURN_TO_INTERRUPTED_WAYPOINT mode=AUTO nav_goal=RETURN_TO_INTERRUPTED_WAYPOINT,AUTO,0.120,-0.079,1.593,0.805,True,True,False
34.400,dynamic_target,count=1 x=3.95 y=-0.11 z=3.28,RETURN_TO_INTERRUPTED_WAYPOINT mode=AUTO nav_goal=RETURN_TO_INTERRUPTED_WAYPOINT,AUTO,0.120,-0.079,1.593,0.805,True,True,False
34.400,dynamic_lock,True,RETURN_TO_INTERRUPTED_WAYPOINT mode=AUTO nav_goal=RETURN_TO_INTERRUPTED_WAYPOINT,AUTO,0.120,-0.079,1.593,0.805,True,True,False
34.400,classification,GAZEBO_FAKE_YOLO11S_CLASSIFICATION class=bird,RETURN_TO_INTERRUPTED_WAYPOINT mode=AUTO nav_goal=RETURN_TO_INTERRUPTED_WAYPOINT,AUTO,0.120,-0.079,1.593,0.805,True,True,False
34.400,object_goal_state,REJECT cooldown source=elevated_dynamic_target remaining_sec=6.40,RETURN_TO_INTERRUPTED_WAYPOINT mode=AUTO nav_goal=RETURN_TO_INTERRUPTED_WAYPOINT,AUTO,0.120,-0.079,1.593,0.805,True,True,False
34.500,classification,GAZEBO_FAKE_YOLO11S_CLASSIFICATION class=bird,RETURN_TO_INTERRUPTED_WAYPOINT mode=AUTO nav_goal=RETURN_TO_INTERRUPTED_WAYPOINT,AUTO,0.120,-0.079,1.599,0.824,True,True,False
34.500,bird_confirmed,True,RETURN_TO_INTERRUPTED_WAYPOINT mode=AUTO nav_goal=RETURN_TO_INTERRUPTED_WAYPOINT,AUTO,0.120,-0.079,1.599,0.824,True,True,False
34.600,sound_done,False,RETURN_TO_INTERRUPTED_WAYPOINT mode=AUTO nav_goal=RETURN_TO_INTERRUPTED_WAYPOINT,AUTO,0.120,-0.072,1.604,0.842,True,True,False
34.600,sound_state,IDLE_NO_REQUEST,RETURN_TO_INTERRUPTED_WAYPOINT mode=AUTO nav_goal=RETURN_TO_INTERRUPTED_WAYPOINT,AUTO,0.120,-0.066,1.604,0.842,True,True,False
34.600,mission_state,RETURN_TO_INTERRUPTED_WAYPOINT mode=AUTO nav_goal=RETURN_TO_INTERRUPTED_WAYPOINT,RETURN_TO_INTERRUPTED_WAYPOINT mode=AUTO nav_goal=RETURN_TO_INTERRUPTED_WAYPOINT,AUTO,0.120,-0.066,1.604,0.842,True,True,False
34.600,classification,GAZEBO_FAKE_YOLO11S_CLASSIFICATION class=bird,RETURN_TO_INTERRUPTED_WAYPOINT mode=AUTO nav_goal=RETURN_TO_INTERRUPTED_WAYPOINT,AUTO,0.120,-0.066,1.604,0.842,True,True,False
34.600,bird_confirmed,True,RETURN_TO_INTERRUPTED_WAYPOINT mode=AUTO nav_goal=RETURN_TO_INTERRUPTED_WAYPOINT,AUTO,0.120,-0.066,1.604,0.842,True,True,False
34.600,dynamic_target,count=1 x=3.96 y=-0.10 z=3.27,RETURN_TO_INTERRUPTED_WAYPOINT mode=AUTO nav_goal=RETURN_TO_INTERRUPTED_WAYPOINT,AUTO,0.120,-0.066,1.605,0.846,True,True,False
34.600,dynamic_lock,True,RETURN_TO_INTERRUPTED_WAYPOINT mode=AUTO nav_goal=RETURN_TO_INTERRUPTED_WAYPOINT,AUTO,0.120,-0.066,1.605,0.846,True,True,False
34.600,object_goal_state,REJECT cooldown source=elevated_dynamic_target remaining_sec=6.20,RETURN_TO_INTERRUPTED_WAYPOINT mode=AUTO nav_goal=RETURN_TO_INTERRUPTED_WAYPOINT,AUTO,0.120,-0.066,1.605,0.846,True,True,False
34.600,dynamic_target,count=1 x=3.96 y=-0.10 z=3.27,RETURN_TO_INTERRUPTED_WAYPOINT mode=AUTO nav_goal=RETURN_TO_INTERRUPTED_WAYPOINT,AUTO,0.120,-0.066,1.605,0.846,True,True,False
34.600,dynamic_lock,True,RETURN_TO_INTERRUPTED_WAYPOINT mode=AUTO nav_goal=RETURN_TO_INTERRUPTED_WAYPOINT,AUTO,0.120,-0.066,1.605,0.846,True,True,False
34.600,object_goal_state,REJECT cooldown source=elevated_dynamic_target remaining_sec=6.20,RETURN_TO_INTERRUPTED_WAYPOINT mode=AUTO nav_goal=RETURN_TO_INTERRUPTED_WAYPOINT,AUTO,0.120,-0.066,1.605,0.846,True,True,False
34.700,classification,GAZEBO_FAKE_YOLO11S_CLASSIFICATION class=bird,RETURN_TO_INTERRUPTED_WAYPOINT mode=AUTO nav_goal=RETURN_TO_INTERRUPTED_WAYPOINT,AUTO,0.120,-0.066,1.610,0.861,True,True,False
34.700,bird_confirmed,True,RETURN_TO_INTERRUPTED_WAYPOINT mode=AUTO nav_goal=RETURN_TO_INTERRUPTED_WAYPOINT,AUTO,0.120,-0.066,1.610,0.861,True,True,False
34.700,dynamic_target,count=1 x=3.97 y=-0.05 z=3.28,RETURN_TO_INTERRUPTED_WAYPOINT mode=AUTO nav_goal=RETURN_TO_INTERRUPTED_WAYPOINT,AUTO,0.120,-0.058,1.613,0.872,True,True,False
34.700,object_goal_state,REJECT cooldown source=elevated_dynamic_target remaining_sec=6.10,RETURN_TO_INTERRUPTED_WAYPOINT mode=AUTO nav_goal=RETURN_TO_INTERRUPTED_WAYPOINT,AUTO,0.120,-0.058,1.613,0.872,True,True,False
34.700,dynamic_lock,True,RETURN_TO_INTERRUPTED_WAYPOINT mode=AUTO nav_goal=RETURN_TO_INTERRUPTED_WAYPOINT,AUTO,0.120,-0.058,1.613,0.872,True,True,False
34.800,dynamic_target,count=1 x=3.97 y=-0.05 z=3.28,RETURN_TO_INTERRUPTED_WAYPOINT mode=AUTO nav_goal=RETURN_TO_INTERRUPTED_WAYPOINT,AUTO,0.120,-0.058,1.615,0.879,True,True,False
34.800,classification,GAZEBO_FAKE_YOLO11S_CLASSIFICATION class=bird,RETURN_TO_INTERRUPTED_WAYPOINT mode=AUTO nav_goal=RETURN_TO_INTERRUPTED_WAYPOINT,AUTO,0.120,-0.058,1.615,0.879,True,True,False
34.800,bird_confirmed,True,RETURN_TO_INTERRUPTED_WAYPOINT mode=AUTO nav_goal=RETURN_TO_INTERRUPTED_WAYPOINT,AUTO,0.120,-0.058,1.615,0.879,True,True,False
34.800,sound_state,IDLE_NO_REQUEST,RETURN_TO_INTERRUPTED_WAYPOINT mode=AUTO nav_goal=RETURN_TO_INTERRUPTED_WAYPOINT,AUTO,0.120,-0.058,1.615,0.879,True,True,False
34.800,sound_done,False,RETURN_TO_INTERRUPTED_WAYPOINT mode=AUTO nav_goal=RETURN_TO_INTERRUPTED_WAYPOINT,AUTO,0.120,-0.058,1.615,0.879,True,True,False
34.800,mission_state,RETURN_TO_INTERRUPTED_WAYPOINT mode=AUTO nav_goal=RETURN_TO_INTERRUPTED_WAYPOINT,RETURN_TO_INTERRUPTED_WAYPOINT mode=AUTO nav_goal=RETURN_TO_INTERRUPTED_WAYPOINT,AUTO,0.120,-0.053,1.615,0.879,True,True,False
34.800,object_goal_state,REJECT cooldown source=elevated_dynamic_target remaining_sec=6.00,RETURN_TO_INTERRUPTED_WAYPOINT mode=AUTO nav_goal=RETURN_TO_INTERRUPTED_WAYPOINT,AUTO,0.120,-0.053,1.615,0.879,True,True,False
34.800,dynamic_lock,True,RETURN_TO_INTERRUPTED_WAYPOINT mode=AUTO nav_goal=RETURN_TO_INTERRUPTED_WAYPOINT,AUTO,0.120,-0.053,1.615,0.879,True,True,False
34.900,classification,GAZEBO_FAKE_YOLO11S_CLASSIFICATION class=bird,RETURN_TO_INTERRUPTED_WAYPOINT mode=AUTO nav_goal=RETURN_TO_INTERRUPTED_WAYPOINT,AUTO,0.120,-0.053,1.621,0.897,True,True,False
34.900,bird_confirmed,True,RETURN_TO_INTERRUPTED_WAYPOINT mode=AUTO nav_goal=RETURN_TO_INTERRUPTED_WAYPOINT,AUTO,0.120,-0.053,1.621,0.897,True,True,False
34.900,dynamic_target,count=1 x=3.98 y=-0.05 z=3.28,RETURN_TO_INTERRUPTED_WAYPOINT mode=AUTO nav_goal=RETURN_TO_INTERRUPTED_WAYPOINT,AUTO,0.120,-0.050,1.621,0.899,True,True,False
34.900,dynamic_lock,True,RETURN_TO_INTERRUPTED_WAYPOINT mode=AUTO nav_goal=RETURN_TO_INTERRUPTED_WAYPOINT,AUTO,0.120,-0.050,1.621,0.899,True,True,False
34.900,object_goal_state,REJECT cooldown source=elevated_dynamic_target remaining_sec=5.90,RETURN_TO_INTERRUPTED_WAYPOINT mode=AUTO nav_goal=RETURN_TO_INTERRUPTED_WAYPOINT,AUTO,0.120,-0.050,1.621,0.899,True,True,False
35.000,object_goal_state,TARGET_LOST_TIMEOUT,RETURN_TO_INTERRUPTED_WAYPOINT mode=AUTO nav_goal=RETURN_TO_INTERRUPTED_WAYPOINT,AUTO,0.120,-0.050,1.626,0.916,True,True,False
35.000,classification,GAZEBO_FAKE_YOLO11S_CLASSIFICATION class=bird,RETURN_TO_INTERRUPTED_WAYPOINT mode=AUTO nav_goal=RETURN_TO_INTERRUPTED_WAYPOINT,AUTO,0.120,-0.050,1.626,0.916,True,True,False
35.000,bird_confirmed,True,RETURN_TO_INTERRUPTED_WAYPOINT mode=AUTO nav_goal=RETURN_TO_INTERRUPTED_WAYPOINT,AUTO,0.120,-0.050,1.626,0.916,True,True,False
35.000,sound_state,IDLE_NO_REQUEST,RETURN_TO_INTERRUPTED_WAYPOINT mode=AUTO nav_goal=RETURN_TO_INTERRUPTED_WAYPOINT,AUTO,0.120,-0.050,1.626,0.916,True,True,False
35.000,sound_done,False,RETURN_TO_INTERRUPTED_WAYPOINT mode=AUTO nav_goal=RETURN_TO_INTERRUPTED_WAYPOINT,AUTO,0.120,-0.050,1.626,0.916,True,True,False
35.000,mission_state,RETURN_TO_INTERRUPTED_WAYPOINT mode=AUTO nav_goal=RETURN_TO_INTERRUPTED_WAYPOINT,RETURN_TO_INTERRUPTED_WAYPOINT mode=AUTO nav_goal=RETURN_TO_INTERRUPTED_WAYPOINT,AUTO,0.120,-0.045,1.626,0.916,True,True,False
35.000,dynamic_target,count=1 x=3.98 y=-0.03 z=3.29,RETURN_TO_INTERRUPTED_WAYPOINT mode=AUTO nav_goal=RETURN_TO_INTERRUPTED_WAYPOINT,AUTO,0.120,-0.045,1.630,0.927,True,True,False
35.000,dynamic_lock,True,RETURN_TO_INTERRUPTED_WAYPOINT mode=AUTO nav_goal=RETURN_TO_INTERRUPTED_WAYPOINT,AUTO,0.120,-0.045,1.630,0.927,True,True,False
35.000,object_goal_state,REJECT cooldown source=elevated_dynamic_target remaining_sec=5.80,RETURN_TO_INTERRUPTED_WAYPOINT mode=AUTO nav_goal=RETURN_TO_INTERRUPTED_WAYPOINT,AUTO,0.120,-0.045,1.630,0.927,True,True,False
35.000,dynamic_target,count=1 x=3.98 y=-0.03 z=3.29,RETURN_TO_INTERRUPTED_WAYPOINT mode=AUTO nav_goal=RETURN_TO_INTERRUPTED_WAYPOINT,AUTO,0.120,-0.045,1.630,0.927,True,True,False
35.000,dynamic_lock,True,RETURN_TO_INTERRUPTED_WAYPOINT mode=AUTO nav_goal=RETURN_TO_INTERRUPTED_WAYPOINT,AUTO,0.120,-0.045,1.630,0.927,True,True,False
35.000,object_goal_state,REJECT cooldown source=elevated_dynamic_target remaining_sec=5.80,RETURN_TO_INTERRUPTED_WAYPOINT mode=AUTO nav_goal=RETURN_TO_INTERRUPTED_WAYPOINT,AUTO,0.120,-0.045,1.630,0.927,True,True,False
35.100,classification,GAZEBO_FAKE_YOLO11S_CLASSIFICATION class=bird,RETURN_TO_INTERRUPTED_WAYPOINT mode=AUTO nav_goal=RETURN_TO_INTERRUPTED_WAYPOINT,AUTO,0.120,-0.041,1.632,0.934,True,True,False
35.100,bird_confirmed,True,RETURN_TO_INTERRUPTED_WAYPOINT mode=AUTO nav_goal=RETURN_TO_INTERRUPTED_WAYPOINT,AUTO,0.120,-0.041,1.632,0.934,True,True,False
35.200,sound_done,False,RETURN_TO_INTERRUPTED_WAYPOINT mode=AUTO nav_goal=RETURN_TO_INTERRUPTED_WAYPOINT,AUTO,0.120,-0.041,1.638,0.953,True,True,False
35.200,sound_state,IDLE_NO_REQUEST,RETURN_TO_INTERRUPTED_WAYPOINT mode=AUTO nav_goal=RETURN_TO_INTERRUPTED_WAYPOINT,AUTO,0.120,-0.041,1.638,0.953,True,True,False
35.200,mission_state,RETURN_TO_INTERRUPTED_WAYPOINT mode=AUTO nav_goal=RETURN_TO_INTERRUPTED_WAYPOINT,RETURN_TO_INTERRUPTED_WAYPOINT mode=AUTO nav_goal=RETURN_TO_INTERRUPTED_WAYPOINT,AUTO,0.120,-0.039,1.638,0.953,True,True,False
35.200,bird_confirmed,True,RETURN_TO_INTERRUPTED_WAYPOINT mode=AUTO nav_goal=RETURN_TO_INTERRUPTED_WAYPOINT,AUTO,0.120,-0.039,1.638,0.953,True,True,False
35.200,classification,GAZEBO_FAKE_YOLO11S_CLASSIFICATION class=bird,RETURN_TO_INTERRUPTED_WAYPOINT mode=AUTO nav_goal=RETURN_TO_INTERRUPTED_WAYPOINT,AUTO,0.120,-0.039,1.638,0.953,True,True,False
35.200,dynamic_target,count=1 x=3.99 y=-0.03 z=3.29,RETURN_TO_INTERRUPTED_WAYPOINT mode=AUTO nav_goal=RETURN_TO_INTERRUPTED_WAYPOINT,AUTO,0.120,-0.039,1.639,0.956,True,True,False
35.200,dynamic_lock,True,RETURN_TO_INTERRUPTED_WAYPOINT mode=AUTO nav_goal=RETURN_TO_INTERRUPTED_WAYPOINT,AUTO,0.120,-0.039,1.639,0.956,True,True,False
35.200,object_goal_state,REJECT cooldown source=elevated_dynamic_target remaining_sec=5.60,RETURN_TO_INTERRUPTED_WAYPOINT mode=AUTO nav_goal=RETURN_TO_INTERRUPTED_WAYPOINT,AUTO,0.120,-0.039,1.639,0.956,True,True,False
35.200,dynamic_target,count=1 x=3.99 y=-0.03 z=3.29,RETURN_TO_INTERRUPTED_WAYPOINT mode=AUTO nav_goal=RETURN_TO_INTERRUPTED_WAYPOINT,AUTO,0.120,-0.039,1.639,0.956,True,True,False
35.200,dynamic_lock,True,RETURN_TO_INTERRUPTED_WAYPOINT mode=AUTO nav_goal=RETURN_TO_INTERRUPTED_WAYPOINT,AUTO,0.120,-0.039,1.639,0.956,True,True,False
35.200,object_goal_state,REJECT cooldown source=elevated_dynamic_target remaining_sec=5.60,RETURN_TO_INTERRUPTED_WAYPOINT mode=AUTO nav_goal=RETURN_TO_INTERRUPTED_WAYPOINT,AUTO,0.120,-0.039,1.639,0.956,True,True,False
35.300,bird_confirmed,True,RETURN_TO_INTERRUPTED_WAYPOINT mode=AUTO nav_goal=RETURN_TO_INTERRUPTED_WAYPOINT,AUTO,0.120,-0.039,1.644,0.971,True,True,False
35.300,classification,GAZEBO_FAKE_YOLO11S_CLASSIFICATION class=bird,RETURN_TO_INTERRUPTED_WAYPOINT mode=AUTO nav_goal=RETURN_TO_INTERRUPTED_WAYPOINT,AUTO,0.120,-0.038,1.644,0.971,True,True,False
35.300,dynamic_target,count=1 x=3.99 y=-0.02 z=3.29,RETURN_TO_INTERRUPTED_WAYPOINT mode=AUTO nav_goal=RETURN_TO_INTERRUPTED_WAYPOINT,AUTO,0.120,-0.038,1.648,0.986,True,True,False
35.300,dynamic_lock,True,RETURN_TO_INTERRUPTED_WAYPOINT mode=AUTO nav_goal=RETURN_TO_INTERRUPTED_WAYPOINT,AUTO,0.120,-0.038,1.648,0.986,True,True,False
35.300,object_goal_state,REJECT cooldown source=elevated_dynamic_target remaining_sec=5.50,RETURN_TO_INTERRUPTED_WAYPOINT mode=AUTO nav_goal=RETURN_TO_INTERRUPTED_WAYPOINT,AUTO,0.120,-0.038,1.648,0.986,True,True,False
35.400,sound_state,IDLE_NO_REQUEST,RETURN_TO_INTERRUPTED_WAYPOINT mode=AUTO nav_goal=RETURN_TO_INTERRUPTED_WAYPOINT,AUTO,0.120,-0.038,1.649,0.989,True,True,False
35.400,sound_done,False,RETURN_TO_INTERRUPTED_WAYPOINT mode=AUTO nav_goal=RETURN_TO_INTERRUPTED_WAYPOINT,AUTO,0.120,-0.038,1.649,0.989,True,True,False
35.400,mission_state,RETURN_TO_INTERRUPTED_WAYPOINT mode=AUTO nav_goal=RETURN_TO_INTERRUPTED_WAYPOINT,RETURN_TO_INTERRUPTED_WAYPOINT mode=AUTO nav_goal=RETURN_TO_INTERRUPTED_WAYPOINT,AUTO,0.120,-0.036,1.649,0.989,True,True,False
35.400,object_goal_state,REJECT cooldown source=elevated_dynamic_target remaining_sec=5.40,RETURN_TO_INTERRUPTED_WAYPOINT mode=AUTO nav_goal=RETURN_TO_INTERRUPTED_WAYPOINT,AUTO,0.120,-0.036,1.649,0.989,True,True,False
35.400,dynamic_target,count=1 x=3.99 y=-0.02 z=3.29,RETURN_TO_INTERRUPTED_WAYPOINT mode=AUTO nav_goal=RETURN_TO_INTERRUPTED_WAYPOINT,AUTO,0.120,-0.036,1.649,0.989,True,True,False
35.400,dynamic_lock,True,RETURN_TO_INTERRUPTED_WAYPOINT mode=AUTO nav_goal=RETURN_TO_INTERRUPTED_WAYPOINT,AUTO,0.120,-0.036,1.649,0.989,True,True,False
35.400,classification,GAZEBO_FAKE_YOLO11S_CLASSIFICATION class=bird,RETURN_TO_INTERRUPTED_WAYPOINT mode=AUTO nav_goal=RETURN_TO_INTERRUPTED_WAYPOINT,AUTO,0.120,-0.036,1.649,0.989,True,True,False
35.400,bird_confirmed,True,RETURN_TO_INTERRUPTED_WAYPOINT mode=AUTO nav_goal=RETURN_TO_INTERRUPTED_WAYPOINT,AUTO,0.120,-0.036,1.649,0.989,True,True,False
35.500,classification,GAZEBO_FAKE_YOLO11S_CLASSIFICATION class=bird,RETURN_TO_INTERRUPTED_WAYPOINT mode=AUTO nav_goal=RETURN_TO_INTERRUPTED_WAYPOINT,AUTO,0.120,-0.036,1.655,1.008,True,True,False
35.500,bird_confirmed,True,RETURN_TO_INTERRUPTED_WAYPOINT mode=AUTO nav_goal=RETURN_TO_INTERRUPTED_WAYPOINT,AUTO,0.120,-0.036,1.655,1.008,True,True,False
35.500,dynamic_target,count=1 x=4.00 y=-0.04 z=3.29,RETURN_TO_INTERRUPTED_WAYPOINT mode=AUTO nav_goal=RETURN_TO_INTERRUPTED_WAYPOINT,AUTO,0.120,-0.032,1.659,1.019,True,True,False
35.500,dynamic_lock,True,RETURN_TO_INTERRUPTED_WAYPOINT mode=AUTO nav_goal=RETURN_TO_INTERRUPTED_WAYPOINT,AUTO,0.120,-0.032,1.659,1.019,True,True,False
35.500,object_goal_state,REJECT cooldown source=elevated_dynamic_target remaining_sec=5.30,RETURN_TO_INTERRUPTED_WAYPOINT mode=AUTO nav_goal=RETURN_TO_INTERRUPTED_WAYPOINT,AUTO,0.120,-0.032,1.659,1.019,True,True,False
35.600,dynamic_target,count=1 x=4.00 y=-0.04 z=3.29,RETURN_TO_INTERRUPTED_WAYPOINT mode=AUTO nav_goal=RETURN_TO_INTERRUPTED_WAYPOINT,AUTO,0.120,-0.032,1.661,1.026,True,True,False
35.600,dynamic_lock,True,RETURN_TO_INTERRUPTED_WAYPOINT mode=AUTO nav_goal=RETURN_TO_INTERRUPTED_WAYPOINT,AUTO,0.120,-0.032,1.661,1.026,True,True,False
35.600,classification,GAZEBO_FAKE_YOLO11S_CLASSIFICATION class=bird,RETURN_TO_INTERRUPTED_WAYPOINT mode=AUTO nav_goal=RETURN_TO_INTERRUPTED_WAYPOINT,AUTO,0.120,-0.032,1.661,1.026,True,True,False
35.600,bird_confirmed,True,RETURN_TO_INTERRUPTED_WAYPOINT mode=AUTO nav_goal=RETURN_TO_INTERRUPTED_WAYPOINT,AUTO,0.120,-0.032,1.661,1.026,True,True,False
35.600,sound_state,IDLE_NO_REQUEST,RETURN_TO_INTERRUPTED_WAYPOINT mode=AUTO nav_goal=RETURN_TO_INTERRUPTED_WAYPOINT,AUTO,0.120,-0.032,1.661,1.026,True,True,False
35.600,sound_done,False,RETURN_TO_INTERRUPTED_WAYPOINT mode=AUTO nav_goal=RETURN_TO_INTERRUPTED_WAYPOINT,AUTO,0.120,-0.032,1.661,1.026,True,True,False
35.600,mission_state,RETURN_TO_INTERRUPTED_WAYPOINT mode=AUTO nav_goal=RETURN_TO_INTERRUPTED_WAYPOINT,RETURN_TO_INTERRUPTED_WAYPOINT mode=AUTO nav_goal=RETURN_TO_INTERRUPTED_WAYPOINT,AUTO,0.120,-0.025,1.661,1.026,True,True,False
35.600,object_goal_state,REJECT cooldown source=elevated_dynamic_target remaining_sec=5.20,RETURN_TO_INTERRUPTED_WAYPOINT mode=AUTO nav_goal=RETURN_TO_INTERRUPTED_WAYPOINT,AUTO,0.120,-0.025,1.661,1.026,True,True,False
35.700,classification,GAZEBO_FAKE_YOLO11S_CLASSIFICATION class=bird,RETURN_TO_INTERRUPTED_WAYPOINT mode=AUTO nav_goal=RETURN_TO_INTERRUPTED_WAYPOINT,AUTO,0.120,-0.025,1.667,1.044,True,True,False
35.700,bird_confirmed,True,RETURN_TO_INTERRUPTED_WAYPOINT mode=AUTO nav_goal=RETURN_TO_INTERRUPTED_WAYPOINT,AUTO,0.120,-0.025,1.667,1.044,True,True,False
35.700,dynamic_target,count=1 x=4.00 y=-0.00 z=3.30,RETURN_TO_INTERRUPTED_WAYPOINT mode=AUTO nav_goal=RETURN_TO_INTERRUPTED_WAYPOINT,AUTO,0.120,-0.024,1.668,1.048,True,True,False
35.700,dynamic_lock,True,RETURN_TO_INTERRUPTED_WAYPOINT mode=AUTO nav_goal=RETURN_TO_INTERRUPTED_WAYPOINT,AUTO,0.120,-0.024,1.668,1.048,True,True,False
35.700,object_goal_state,REJECT cooldown source=elevated_dynamic_target remaining_sec=5.10,RETURN_TO_INTERRUPTED_WAYPOINT mode=AUTO nav_goal=RETURN_TO_INTERRUPTED_WAYPOINT,AUTO,0.120,-0.024,1.668,1.048,True,True,False
35.800,classification,GAZEBO_FAKE_YOLO11S_CLASSIFICATION class=bird,RETURN_TO_INTERRUPTED_WAYPOINT mode=AUTO nav_goal=RETURN_TO_INTERRUPTED_WAYPOINT,AUTO,0.120,-0.024,1.673,1.062,True,True,False
35.800,bird_confirmed,True,RETURN_TO_INTERRUPTED_WAYPOINT mode=AUTO nav_goal=RETURN_TO_INTERRUPTED_WAYPOINT,AUTO,0.120,-0.024,1.673,1.062,True,True,False
35.800,sound_state,IDLE_NO_REQUEST,RETURN_TO_INTERRUPTED_WAYPOINT mode=AUTO nav_goal=RETURN_TO_INTERRUPTED_WAYPOINT,AUTO,0.120,-0.024,1.673,1.062,True,True,False
35.800,sound_done,False,RETURN_TO_INTERRUPTED_WAYPOINT mode=AUTO nav_goal=RETURN_TO_INTERRUPTED_WAYPOINT,AUTO,0.120,-0.024,1.673,1.062,True,True,False
35.800,mission_state,RETURN_TO_INTERRUPTED_WAYPOINT mode=AUTO nav_goal=RETURN_TO_INTERRUPTED_WAYPOINT,RETURN_TO_INTERRUPTED_WAYPOINT mode=AUTO nav_goal=RETURN_TO_INTERRUPTED_WAYPOINT,AUTO,0.120,-0.024,1.673,1.062,True,True,False
35.800,dynamic_target,count=1 x=4.00 y=-0.03 z=3.30,RETURN_TO_INTERRUPTED_WAYPOINT mode=AUTO nav_goal=RETURN_TO_INTERRUPTED_WAYPOINT,AUTO,0.120,-0.024,1.677,1.075,True,True,False
35.800,dynamic_lock,True,RETURN_TO_INTERRUPTED_WAYPOINT mode=AUTO nav_goal=RETURN_TO_INTERRUPTED_WAYPOINT,AUTO,0.120,-0.024,1.677,1.075,True,True,False
35.800,object_goal_state,REJECT cooldown source=elevated_dynamic_target remaining_sec=5.00,RETURN_TO_INTERRUPTED_WAYPOINT mode=AUTO nav_goal=RETURN_TO_INTERRUPTED_WAYPOINT,AUTO,0.120,-0.024,1.677,1.075,True,True,False
35.800,dynamic_target,count=1 x=4.00 y=-0.03 z=3.30,RETURN_TO_INTERRUPTED_WAYPOINT mode=AUTO nav_goal=RETURN_TO_INTERRUPTED_WAYPOINT,AUTO,0.120,-0.024,1.677,1.075,True,True,False
35.800,dynamic_lock,True,RETURN_TO_INTERRUPTED_WAYPOINT mode=AUTO nav_goal=RETURN_TO_INTERRUPTED_WAYPOINT,AUTO,0.120,-0.024,1.677,1.075,True,True,False
35.800,object_goal_state,REJECT cooldown source=elevated_dynamic_target remaining_sec=5.00,RETURN_TO_INTERRUPTED_WAYPOINT mode=AUTO nav_goal=RETURN_TO_INTERRUPTED_WAYPOINT,AUTO,0.120,-0.024,1.677,1.075,True,True,False
35.900,classification,GAZEBO_FAKE_YOLO11S_CLASSIFICATION class=bird,RETURN_TO_INTERRUPTED_WAYPOINT mode=AUTO nav_goal=RETURN_TO_INTERRUPTED_WAYPOINT,AUTO,0.120,-0.024,1.679,1.081,True,True,False
35.900,bird_confirmed,True,RETURN_TO_INTERRUPTED_WAYPOINT mode=AUTO nav_goal=RETURN_TO_INTERRUPTED_WAYPOINT,AUTO,0.120,-0.024,1.679,1.081,True,True,False
36.000,dynamic_target,count=1 x=4.00 y=-0.03 z=3.30,RETURN_TO_INTERRUPTED_WAYPOINT mode=AUTO nav_goal=RETURN_TO_INTERRUPTED_WAYPOINT,AUTO,0.120,-0.023,1.685,1.099,True,True,False
36.000,dynamic_lock,True,RETURN_TO_INTERRUPTED_WAYPOINT mode=AUTO nav_goal=RETURN_TO_INTERRUPTED_WAYPOINT,AUTO,0.120,-0.023,1.685,1.099,True,True,False
36.000,classification,GAZEBO_FAKE_YOLO11S_CLASSIFICATION class=bird,RETURN_TO_INTERRUPTED_WAYPOINT mode=AUTO nav_goal=RETURN_TO_INTERRUPTED_WAYPOINT,AUTO,0.120,-0.023,1.685,1.099,True,True,False
36.000,bird_confirmed,True,RETURN_TO_INTERRUPTED_WAYPOINT mode=AUTO nav_goal=RETURN_TO_INTERRUPTED_WAYPOINT,AUTO,0.120,-0.023,1.685,1.099,True,True,False
36.000,sound_done,False,RETURN_TO_INTERRUPTED_WAYPOINT mode=AUTO nav_goal=RETURN_TO_INTERRUPTED_WAYPOINT,AUTO,0.120,-0.023,1.685,1.099,True,True,False
36.000,mission_state,RETURN_TO_INTERRUPTED_WAYPOINT mode=AUTO nav_goal=RETURN_TO_INTERRUPTED_WAYPOINT,RETURN_TO_INTERRUPTED_WAYPOINT mode=AUTO nav_goal=RETURN_TO_INTERRUPTED_WAYPOINT,AUTO,0.120,-0.023,1.685,1.099,True,True,False
36.000,object_goal_state,REJECT cooldown source=elevated_dynamic_target remaining_sec=4.80,RETURN_TO_INTERRUPTED_WAYPOINT mode=AUTO nav_goal=RETURN_TO_INTERRUPTED_WAYPOINT,AUTO,0.120,-0.023,1.685,1.099,True,True,False
36.000,sound_state,IDLE_NO_REQUEST,RETURN_TO_INTERRUPTED_WAYPOINT mode=AUTO nav_goal=RETURN_TO_INTERRUPTED_WAYPOINT,AUTO,0.120,-0.023,1.685,1.099,True,True,False
36.100,classification,GAZEBO_FAKE_YOLO11S_CLASSIFICATION class=bird,RETURN_TO_INTERRUPTED_WAYPOINT mode=AUTO nav_goal=RETURN_TO_INTERRUPTED_WAYPOINT,AUTO,0.120,-0.023,1.691,1.117,True,True,False
36.100,bird_confirmed,True,RETURN_TO_INTERRUPTED_WAYPOINT mode=AUTO nav_goal=RETURN_TO_INTERRUPTED_WAYPOINT,AUTO,0.120,-0.023,1.691,1.117,True,True,False
36.100,dynamic_target,count=1 x=4.01 y=-0.05 z=3.30,RETURN_TO_INTERRUPTED_WAYPOINT mode=AUTO nav_goal=RETURN_TO_INTERRUPTED_WAYPOINT,AUTO,0.120,-0.022,1.695,1.130,True,True,False
36.100,dynamic_lock,True,RETURN_TO_INTERRUPTED_WAYPOINT mode=AUTO nav_goal=RETURN_TO_INTERRUPTED_WAYPOINT,AUTO,0.120,-0.022,1.695,1.130,True,True,False
36.100,object_goal_state,REJECT cooldown source=elevated_dynamic_target remaining_sec=4.70,RETURN_TO_INTERRUPTED_WAYPOINT mode=AUTO nav_goal=RETURN_TO_INTERRUPTED_WAYPOINT,AUTO,0.120,-0.022,1.695,1.130,True,True,False
36.200,object_goal_state,REJECT cooldown source=elevated_dynamic_target remaining_sec=4.60,RETURN_TO_INTERRUPTED_WAYPOINT mode=AUTO nav_goal=RETURN_TO_INTERRUPTED_WAYPOINT,AUTO,0.120,-0.022,1.697,1.135,True,True,False
36.200,dynamic_target,count=1 x=4.01 y=-0.05 z=3.30,RETURN_TO_INTERRUPTED_WAYPOINT mode=AUTO nav_goal=RETURN_TO_INTERRUPTED_WAYPOINT,AUTO,0.120,-0.022,1.697,1.135,True,True,False
36.200,dynamic_lock,True,RETURN_TO_INTERRUPTED_WAYPOINT mode=AUTO nav_goal=RETURN_TO_INTERRUPTED_WAYPOINT,AUTO,0.120,-0.022,1.697,1.135,True,True,False
36.200,classification,GAZEBO_FAKE_YOLO11S_CLASSIFICATION class=bird,RETURN_TO_INTERRUPTED_WAYPOINT mode=AUTO nav_goal=RETURN_TO_INTERRUPTED_WAYPOINT,AUTO,0.120,-0.022,1.697,1.135,True,True,False
36.200,bird_confirmed,True,RETURN_TO_INTERRUPTED_WAYPOINT mode=AUTO nav_goal=RETURN_TO_INTERRUPTED_WAYPOINT,AUTO,0.120,-0.022,1.697,1.135,True,True,False
36.200,sound_state,IDLE_NO_REQUEST,RETURN_TO_INTERRUPTED_WAYPOINT mode=AUTO nav_goal=RETURN_TO_INTERRUPTED_WAYPOINT,AUTO,0.120,-0.022,1.697,1.135,True,True,False
36.200,sound_done,False,RETURN_TO_INTERRUPTED_WAYPOINT mode=AUTO nav_goal=RETURN_TO_INTERRUPTED_WAYPOINT,AUTO,0.120,-0.022,1.697,1.135,True,True,False
36.200,mission_state,RETURN_TO_INTERRUPTED_WAYPOINT mode=AUTO nav_goal=RETURN_TO_INTERRUPTED_WAYPOINT,RETURN_TO_INTERRUPTED_WAYPOINT mode=AUTO nav_goal=RETURN_TO_INTERRUPTED_WAYPOINT,AUTO,0.120,-0.022,1.697,1.135,True,True,False
36.300,classification,GAZEBO_FAKE_YOLO11S_CLASSIFICATION class=bird,RETURN_TO_INTERRUPTED_WAYPOINT mode=AUTO nav_goal=RETURN_TO_INTERRUPTED_WAYPOINT,AUTO,0.120,-0.019,1.703,1.154,True,True,False
36.300,bird_confirmed,True,RETURN_TO_INTERRUPTED_WAYPOINT mode=AUTO nav_goal=RETURN_TO_INTERRUPTED_WAYPOINT,AUTO,0.120,-0.019,1.703,1.154,True,True,False
36.300,dynamic_target,count=1 x=4.02 y=-0.01 z=3.30,RETURN_TO_INTERRUPTED_WAYPOINT mode=AUTO nav_goal=RETURN_TO_INTERRUPTED_WAYPOINT,AUTO,0.120,-0.016,1.704,1.155,True,True,False
36.300,dynamic_lock,True,RETURN_TO_INTERRUPTED_WAYPOINT mode=AUTO nav_goal=RETURN_TO_INTERRUPTED_WAYPOINT,AUTO,0.120,-0.016,1.704,1.155,True,True,False
36.300,object_goal_state,REJECT cooldown source=elevated_dynamic_target remaining_sec=4.50,RETURN_TO_INTERRUPTED_WAYPOINT mode=AUTO nav_goal=RETURN_TO_INTERRUPTED_WAYPOINT,AUTO,0.120,-0.016,1.704,1.155,True,True,False
36.400,sound_state,IDLE_NO_REQUEST,RETURN_TO_INTERRUPTED_WAYPOINT mode=AUTO nav_goal=RETURN_TO_INTERRUPTED_WAYPOINT,AUTO,0.120,-0.016,1.710,1.172,True,True,False
36.400,sound_done,False,RETURN_TO_INTERRUPTED_WAYPOINT mode=AUTO nav_goal=RETURN_TO_INTERRUPTED_WAYPOINT,AUTO,0.120,-0.016,1.710,1.172,True,True,False
36.400,mission_state,RETURN_TO_INTERRUPTED_WAYPOINT mode=AUTO nav_goal=RETURN_TO_INTERRUPTED_WAYPOINT,RETURN_TO_INTERRUPTED_WAYPOINT mode=AUTO nav_goal=RETURN_TO_INTERRUPTED_WAYPOINT,AUTO,0.120,-0.016,1.710,1.172,True,True,False
36.400,dynamic_target,count=1 x=4.02 y=-0.01 z=3.30,RETURN_TO_INTERRUPTED_WAYPOINT mode=AUTO nav_goal=RETURN_TO_INTERRUPTED_WAYPOINT,AUTO,0.120,-0.016,1.710,1.172,True,True,False
36.400,dynamic_lock,True,RETURN_TO_INTERRUPTED_WAYPOINT mode=AUTO nav_goal=RETURN_TO_INTERRUPTED_WAYPOINT,AUTO,0.120,-0.016,1.710,1.172,True,True,False
36.400,classification,GAZEBO_FAKE_YOLO11S_CLASSIFICATION class=bird,RETURN_TO_INTERRUPTED_WAYPOINT mode=AUTO nav_goal=RETURN_TO_INTERRUPTED_WAYPOINT,AUTO,0.120,-0.016,1.710,1.172,True,True,False
36.400,bird_confirmed,True,RETURN_TO_INTERRUPTED_WAYPOINT mode=AUTO nav_goal=RETURN_TO_INTERRUPTED_WAYPOINT,AUTO,0.120,-0.016,1.710,1.172,True,True,False
36.400,object_goal_state,REJECT cooldown source=elevated_dynamic_target remaining_sec=4.40,RETURN_TO_INTERRUPTED_WAYPOINT mode=AUTO nav_goal=RETURN_TO_INTERRUPTED_WAYPOINT,AUTO,0.120,-0.016,1.710,1.172,True,True,False
36.500,classification,GAZEBO_FAKE_YOLO11S_CLASSIFICATION class=bird,RETURN_TO_INTERRUPTED_WAYPOINT mode=AUTO nav_goal=RETURN_TO_INTERRUPTED_WAYPOINT,AUTO,0.120,-0.016,1.716,1.190,True,True,False
36.500,bird_confirmed,True,RETURN_TO_INTERRUPTED_WAYPOINT mode=AUTO nav_goal=RETURN_TO_INTERRUPTED_WAYPOINT,AUTO,0.120,-0.016,1.716,1.190,True,True,False
36.600,sound_state,IDLE_NO_REQUEST,RETURN_TO_INTERRUPTED_WAYPOINT mode=AUTO nav_goal=RETURN_TO_INTERRUPTED_WAYPOINT,AUTO,0.120,-0.012,1.722,1.208,True,True,False
36.600,sound_done,False,RETURN_TO_INTERRUPTED_WAYPOINT mode=AUTO nav_goal=RETURN_TO_INTERRUPTED_WAYPOINT,AUTO,0.120,-0.012,1.722,1.208,True,True,False
36.600,mission_state,RETURN_TO_INTERRUPTED_WAYPOINT mode=AUTO nav_goal=RETURN_TO_INTERRUPTED_WAYPOINT,RETURN_TO_INTERRUPTED_WAYPOINT mode=AUTO nav_goal=RETURN_TO_INTERRUPTED_WAYPOINT,AUTO,0.120,-0.012,1.722,1.208,True,True,False
36.600,classification,GAZEBO_FAKE_YOLO11S_CLASSIFICATION class=bird,RETURN_TO_INTERRUPTED_WAYPOINT mode=AUTO nav_goal=RETURN_TO_INTERRUPTED_WAYPOINT,AUTO,0.120,-0.012,1.722,1.208,True,True,False
36.600,bird_confirmed,True,RETURN_TO_INTERRUPTED_WAYPOINT mode=AUTO nav_goal=RETURN_TO_INTERRUPTED_WAYPOINT,AUTO,0.120,-0.012,1.722,1.208,True,True,False
36.600,dynamic_target,count=1 x=4.03 y=0.03 z=3.30,RETURN_TO_INTERRUPTED_WAYPOINT mode=AUTO nav_goal=RETURN_TO_INTERRUPTED_WAYPOINT,AUTO,0.120,-0.012,1.722,1.210,True,True,False
36.600,dynamic_lock,True,RETURN_TO_INTERRUPTED_WAYPOINT mode=AUTO nav_goal=RETURN_TO_INTERRUPTED_WAYPOINT,AUTO,0.120,-0.012,1.722,1.210,True,True,False
36.600,object_goal_state,REJECT cooldown source=elevated_dynamic_target remaining_sec=4.20,RETURN_TO_INTERRUPTED_WAYPOINT mode=AUTO nav_goal=RETURN_TO_INTERRUPTED_WAYPOINT,AUTO,0.120,-0.012,1.722,1.210,True,True,False
36.600,dynamic_target,count=1 x=4.03 y=0.03 z=3.30,RETURN_TO_INTERRUPTED_WAYPOINT mode=AUTO nav_goal=RETURN_TO_INTERRUPTED_WAYPOINT,AUTO,0.120,-0.012,1.722,1.210,True,True,False
36.600,dynamic_lock,True,RETURN_TO_INTERRUPTED_WAYPOINT mode=AUTO nav_goal=RETURN_TO_INTERRUPTED_WAYPOINT,AUTO,0.120,-0.012,1.722,1.210,True,True,False
36.600,object_goal_state,REJECT cooldown source=elevated_dynamic_target remaining_sec=4.20,RETURN_TO_INTERRUPTED_WAYPOINT mode=AUTO nav_goal=RETURN_TO_INTERRUPTED_WAYPOINT,AUTO,0.120,-0.012,1.722,1.210,True,True,False
36.700,bird_confirmed,True,RETURN_TO_INTERRUPTED_WAYPOINT mode=AUTO nav_goal=RETURN_TO_INTERRUPTED_WAYPOINT,AUTO,0.120,-0.011,1.728,1.226,True,True,False
36.700,classification,GAZEBO_FAKE_YOLO11S_CLASSIFICATION class=bird,RETURN_TO_INTERRUPTED_WAYPOINT mode=AUTO nav_goal=RETURN_TO_INTERRUPTED_WAYPOINT,AUTO,0.120,-0.011,1.728,1.226,True,True,False
36.700,dynamic_target,count=1 x=4.03 y=0.00 z=3.30,RETURN_TO_INTERRUPTED_WAYPOINT mode=AUTO nav_goal=RETURN_TO_INTERRUPTED_WAYPOINT,AUTO,0.120,-0.011,1.732,1.237,True,True,False
36.700,dynamic_lock,True,RETURN_TO_INTERRUPTED_WAYPOINT mode=AUTO nav_goal=RETURN_TO_INTERRUPTED_WAYPOINT,AUTO,0.120,-0.011,1.732,1.237,True,True,False
36.700,object_goal_state,REJECT cooldown source=elevated_dynamic_target remaining_sec=4.10,RETURN_TO_INTERRUPTED_WAYPOINT mode=AUTO nav_goal=RETURN_TO_INTERRUPTED_WAYPOINT,AUTO,0.120,-0.011,1.732,1.237,True,True,False
36.800,mission_state,RETURN_TO_INTERRUPTED_WAYPOINT mode=AUTO nav_goal=RETURN_TO_INTERRUPTED_WAYPOINT,RETURN_TO_INTERRUPTED_WAYPOINT mode=AUTO nav_goal=RETURN_TO_INTERRUPTED_WAYPOINT,AUTO,0.120,-0.011,1.734,1.244,True,True,False
36.800,dynamic_target,count=1 x=4.03 y=0.00 z=3.30,RETURN_TO_INTERRUPTED_WAYPOINT mode=AUTO nav_goal=RETURN_TO_INTERRUPTED_WAYPOINT,AUTO,0.120,-0.011,1.734,1.244,True,True,False
36.800,classification,GAZEBO_FAKE_YOLO11S_CLASSIFICATION class=bird,RETURN_TO_INTERRUPTED_WAYPOINT mode=AUTO nav_goal=RETURN_TO_INTERRUPTED_WAYPOINT,AUTO,0.120,-0.011,1.734,1.244,True,True,False
36.800,bird_confirmed,True,RETURN_TO_INTERRUPTED_WAYPOINT mode=AUTO nav_goal=RETURN_TO_INTERRUPTED_WAYPOINT,AUTO,0.120,-0.011,1.734,1.244,True,True,False
36.800,sound_state,IDLE_NO_REQUEST,RETURN_TO_INTERRUPTED_WAYPOINT mode=AUTO nav_goal=RETURN_TO_INTERRUPTED_WAYPOINT,AUTO,0.120,-0.011,1.734,1.244,True,True,False
36.800,sound_done,False,RETURN_TO_INTERRUPTED_WAYPOINT mode=AUTO nav_goal=RETURN_TO_INTERRUPTED_WAYPOINT,AUTO,0.120,-0.011,1.734,1.244,True,True,False
36.800,object_goal_state,REJECT cooldown source=elevated_dynamic_target remaining_sec=4.00,RETURN_TO_INTERRUPTED_WAYPOINT mode=AUTO nav_goal=RETURN_TO_INTERRUPTED_WAYPOINT,AUTO,0.120,-0.011,1.734,1.244,True,True,False
36.800,dynamic_lock,True,RETURN_TO_INTERRUPTED_WAYPOINT mode=AUTO nav_goal=RETURN_TO_INTERRUPTED_WAYPOINT,AUTO,0.120,-0.011,1.734,1.244,True,True,False
36.900,classification,GAZEBO_FAKE_YOLO11S_CLASSIFICATION class=bird,RETURN_TO_INTERRUPTED_WAYPOINT mode=AUTO nav_goal=RETURN_TO_INTERRUPTED_WAYPOINT,AUTO,0.120,-0.010,1.740,1.263,True,True,False
36.900,bird_confirmed,True,RETURN_TO_INTERRUPTED_WAYPOINT mode=AUTO nav_goal=RETURN_TO_INTERRUPTED_WAYPOINT,AUTO,0.120,-0.010,1.740,1.263,True,True,False
37.000,classification,GAZEBO_FAKE_YOLO11S_CLASSIFICATION class=bird,RETURN_TO_INTERRUPTED_WAYPOINT mode=AUTO nav_goal=RETURN_TO_INTERRUPTED_WAYPOINT,AUTO,0.120,-0.010,1.747,1.281,True,True,False
37.000,bird_confirmed,True,RETURN_TO_INTERRUPTED_WAYPOINT mode=AUTO nav_goal=RETURN_TO_INTERRUPTED_WAYPOINT,AUTO,0.120,-0.010,1.747,1.281,True,True,False
37.000,sound_state,IDLE_NO_REQUEST,RETURN_TO_INTERRUPTED_WAYPOINT mode=AUTO nav_goal=RETURN_TO_INTERRUPTED_WAYPOINT,AUTO,0.120,-0.010,1.747,1.281,True,True,False
37.000,sound_done,False,RETURN_TO_INTERRUPTED_WAYPOINT mode=AUTO nav_goal=RETURN_TO_INTERRUPTED_WAYPOINT,AUTO,0.120,-0.010,1.747,1.281,True,True,False
37.000,mission_state,RETURN_TO_INTERRUPTED_WAYPOINT mode=AUTO nav_goal=RETURN_TO_INTERRUPTED_WAYPOINT,RETURN_TO_INTERRUPTED_WAYPOINT mode=AUTO nav_goal=RETURN_TO_INTERRUPTED_WAYPOINT,AUTO,0.120,-0.010,1.747,1.281,True,True,False
37.000,dynamic_target,count=1 x=4.04 y=-0.01 z=3.30,RETURN_TO_INTERRUPTED_WAYPOINT mode=AUTO nav_goal=RETURN_TO_INTERRUPTED_WAYPOINT,AUTO,0.120,-0.010,1.751,1.293,True,True,False
37.000,dynamic_lock,True,RETURN_TO_INTERRUPTED_WAYPOINT mode=AUTO nav_goal=RETURN_TO_INTERRUPTED_WAYPOINT,AUTO,0.120,-0.010,1.751,1.293,True,True,False
37.000,object_goal_state,REJECT cooldown source=elevated_dynamic_target remaining_sec=3.80,RETURN_TO_INTERRUPTED_WAYPOINT mode=AUTO nav_goal=RETURN_TO_INTERRUPTED_WAYPOINT,AUTO,0.120,-0.010,1.751,1.293,True,True,False
37.000,dynamic_target,count=1 x=4.04 y=-0.01 z=3.30,RETURN_TO_INTERRUPTED_WAYPOINT mode=AUTO nav_goal=RETURN_TO_INTERRUPTED_WAYPOINT,AUTO,0.120,-0.010,1.751,1.293,True,True,False
37.000,dynamic_lock,True,RETURN_TO_INTERRUPTED_WAYPOINT mode=AUTO nav_goal=RETURN_TO_INTERRUPTED_WAYPOINT,AUTO,0.120,-0.010,1.751,1.293,True,True,False
37.000,object_goal_state,REJECT cooldown source=elevated_dynamic_target remaining_sec=3.80,RETURN_TO_INTERRUPTED_WAYPOINT mode=AUTO nav_goal=RETURN_TO_INTERRUPTED_WAYPOINT,AUTO,0.120,-0.010,1.751,1.293,True,True,False
37.100,classification,GAZEBO_FAKE_YOLO11S_CLASSIFICATION class=bird,RETURN_TO_INTERRUPTED_WAYPOINT mode=AUTO nav_goal=RETURN_TO_INTERRUPTED_WAYPOINT,AUTO,0.120,-0.010,1.753,1.299,True,True,False
37.100,bird_confirmed,True,RETURN_TO_INTERRUPTED_WAYPOINT mode=AUTO nav_goal=RETURN_TO_INTERRUPTED_WAYPOINT,AUTO,0.120,-0.010,1.753,1.299,True,True,False
37.200,classification,GAZEBO_FAKE_YOLO11S_CLASSIFICATION class=bird,RETURN_TO_INTERRUPTED_WAYPOINT mode=AUTO nav_goal=RETURN_TO_INTERRUPTED_WAYPOINT,AUTO,0.120,-0.010,1.759,1.317,True,True,False
37.200,bird_confirmed,True,RETURN_TO_INTERRUPTED_WAYPOINT mode=AUTO nav_goal=RETURN_TO_INTERRUPTED_WAYPOINT,AUTO,0.120,-0.010,1.759,1.317,True,True,False
37.200,sound_state,IDLE_NO_REQUEST,RETURN_TO_INTERRUPTED_WAYPOINT mode=AUTO nav_goal=RETURN_TO_INTERRUPTED_WAYPOINT,AUTO,0.120,-0.010,1.759,1.317,True,True,False
37.200,sound_done,False,RETURN_TO_INTERRUPTED_WAYPOINT mode=AUTO nav_goal=RETURN_TO_INTERRUPTED_WAYPOINT,AUTO,0.120,-0.010,1.759,1.317,True,True,False
37.200,mission_state,RETURN_TO_INTERRUPTED_WAYPOINT mode=AUTO nav_goal=RETURN_TO_INTERRUPTED_WAYPOINT,RETURN_TO_INTERRUPTED_WAYPOINT mode=AUTO nav_goal=RETURN_TO_INTERRUPTED_WAYPOINT,AUTO,0.120,-0.010,1.759,1.317,True,True,False
37.200,dynamic_target,count=1 x=4.04 y=0.01 z=3.31,RETURN_TO_INTERRUPTED_WAYPOINT mode=AUTO nav_goal=RETURN_TO_INTERRUPTED_WAYPOINT,AUTO,0.120,-0.009,1.762,1.324,True,True,False
37.200,dynamic_lock,True,RETURN_TO_INTERRUPTED_WAYPOINT mode=AUTO nav_goal=RETURN_TO_INTERRUPTED_WAYPOINT,AUTO,0.120,-0.009,1.762,1.324,True,True,False
37.200,object_goal_state,REJECT cooldown source=elevated_dynamic_target remaining_sec=3.60,RETURN_TO_INTERRUPTED_WAYPOINT mode=AUTO nav_goal=RETURN_TO_INTERRUPTED_WAYPOINT,AUTO,0.120,-0.009,1.762,1.324,True,True,False
37.200,dynamic_target,count=1 x=4.04 y=0.01 z=3.31,RETURN_TO_INTERRUPTED_WAYPOINT mode=AUTO nav_goal=RETURN_TO_INTERRUPTED_WAYPOINT,AUTO,0.120,-0.009,1.762,1.324,True,True,False
37.200,dynamic_lock,True,RETURN_TO_INTERRUPTED_WAYPOINT mode=AUTO nav_goal=RETURN_TO_INTERRUPTED_WAYPOINT,AUTO,0.120,-0.009,1.762,1.324,True,True,False
37.200,object_goal_state,REJECT cooldown source=elevated_dynamic_target remaining_sec=3.60,RETURN_TO_INTERRUPTED_WAYPOINT mode=AUTO nav_goal=RETURN_TO_INTERRUPTED_WAYPOINT,AUTO,0.120,-0.009,1.762,1.324,True,True,False
37.300,classification,GAZEBO_FAKE_YOLO11S_CLASSIFICATION class=bird,RETURN_TO_INTERRUPTED_WAYPOINT mode=AUTO nav_goal=RETURN_TO_INTERRUPTED_WAYPOINT,AUTO,0.120,-0.009,1.765,1.335,True,True,False
37.300,bird_confirmed,True,RETURN_TO_INTERRUPTED_WAYPOINT mode=AUTO nav_goal=RETURN_TO_INTERRUPTED_WAYPOINT,AUTO,0.120,-0.009,1.765,1.335,True,True,False
37.400,classification,GAZEBO_FAKE_YOLO11S_CLASSIFICATION class=bird,RETURN_TO_INTERRUPTED_WAYPOINT mode=AUTO nav_goal=RETURN_TO_INTERRUPTED_WAYPOINT,AUTO,0.120,-0.009,1.771,1.353,True,True,False
37.400,bird_confirmed,True,RETURN_TO_INTERRUPTED_WAYPOINT mode=AUTO nav_goal=RETURN_TO_INTERRUPTED_WAYPOINT,AUTO,0.120,-0.009,1.771,1.353,True,True,False
37.400,mission_state,RETURN_TO_INTERRUPTED_WAYPOINT mode=AUTO nav_goal=RETURN_TO_INTERRUPTED_WAYPOINT,RETURN_TO_INTERRUPTED_WAYPOINT mode=AUTO nav_goal=RETURN_TO_INTERRUPTED_WAYPOINT,AUTO,0.120,-0.009,1.771,1.353,True,True,False
37.400,sound_state,IDLE_NO_REQUEST,RETURN_TO_INTERRUPTED_WAYPOINT mode=AUTO nav_goal=RETURN_TO_INTERRUPTED_WAYPOINT,AUTO,0.120,-0.009,1.771,1.353,True,True,False
37.400,sound_done,False,RETURN_TO_INTERRUPTED_WAYPOINT mode=AUTO nav_goal=RETURN_TO_INTERRUPTED_WAYPOINT,AUTO,0.120,-0.009,1.771,1.353,True,True,False
37.400,dynamic_target,count=1 x=4.04 y=0.01 z=3.31,RETURN_TO_INTERRUPTED_WAYPOINT mode=AUTO nav_goal=RETURN_TO_INTERRUPTED_WAYPOINT,AUTO,0.120,-0.009,1.771,1.353,True,True,False
37.400,dynamic_lock,True,RETURN_TO_INTERRUPTED_WAYPOINT mode=AUTO nav_goal=RETURN_TO_INTERRUPTED_WAYPOINT,AUTO,0.120,-0.009,1.771,1.353,True,True,False
37.400,object_goal_state,REJECT cooldown source=elevated_dynamic_target remaining_sec=3.40,RETURN_TO_INTERRUPTED_WAYPOINT mode=AUTO nav_goal=RETURN_TO_INTERRUPTED_WAYPOINT,AUTO,0.120,-0.009,1.771,1.353,True,True,False
37.400,dynamic_target,count=1 x=4.04 y=0.01 z=3.31,RETURN_TO_INTERRUPTED_WAYPOINT mode=AUTO nav_goal=RETURN_TO_INTERRUPTED_WAYPOINT,AUTO,0.120,-0.009,1.771,1.353,True,True,False
37.400,dynamic_lock,True,RETURN_TO_INTERRUPTED_WAYPOINT mode=AUTO nav_goal=RETURN_TO_INTERRUPTED_WAYPOINT,AUTO,0.120,-0.009,1.771,1.353,True,True,False
37.400,object_goal_state,REJECT cooldown source=elevated_dynamic_target remaining_sec=3.40,RETURN_TO_INTERRUPTED_WAYPOINT mode=AUTO nav_goal=RETURN_TO_INTERRUPTED_WAYPOINT,AUTO,0.120,-0.009,1.771,1.353,True,True,False
37.500,classification,GAZEBO_FAKE_YOLO11S_CLASSIFICATION class=bird,RETURN_TO_INTERRUPTED_WAYPOINT mode=AUTO nav_goal=RETURN_TO_INTERRUPTED_WAYPOINT,AUTO,0.120,-0.009,1.778,1.372,True,True,False
37.500,bird_confirmed,True,RETURN_TO_INTERRUPTED_WAYPOINT mode=AUTO nav_goal=RETURN_TO_INTERRUPTED_WAYPOINT,AUTO,0.120,-0.009,1.778,1.372,True,True,False
37.500,dynamic_target,count=1 x=4.05 y=0.05 z=3.31,RETURN_TO_INTERRUPTED_WAYPOINT mode=AUTO nav_goal=RETURN_TO_INTERRUPTED_WAYPOINT,AUTO,0.120,-0.009,1.781,1.382,True,True,False
37.500,dynamic_lock,True,RETURN_TO_INTERRUPTED_WAYPOINT mode=AUTO nav_goal=RETURN_TO_INTERRUPTED_WAYPOINT,AUTO,0.120,-0.009,1.781,1.382,True,True,False
37.500,object_goal_state,REJECT cooldown source=elevated_dynamic_target remaining_sec=3.30,RETURN_TO_INTERRUPTED_WAYPOINT mode=AUTO nav_goal=RETURN_TO_INTERRUPTED_WAYPOINT,AUTO,0.120,-0.009,1.781,1.382,True,True,False
37.600,classification,GAZEBO_FAKE_YOLO11S_CLASSIFICATION class=bird,RETURN_TO_INTERRUPTED_WAYPOINT mode=AUTO nav_goal=RETURN_TO_INTERRUPTED_WAYPOINT,AUTO,0.120,-0.009,1.784,1.390,True,True,False
37.600,bird_confirmed,True,RETURN_TO_INTERRUPTED_WAYPOINT mode=AUTO nav_goal=RETURN_TO_INTERRUPTED_WAYPOINT,AUTO,0.120,-0.009,1.784,1.390,True,True,False
37.600,sound_state,IDLE_NO_REQUEST,RETURN_TO_INTERRUPTED_WAYPOINT mode=AUTO nav_goal=RETURN_TO_INTERRUPTED_WAYPOINT,AUTO,0.120,-0.009,1.784,1.390,True,True,False
37.600,sound_done,False,RETURN_TO_INTERRUPTED_WAYPOINT mode=AUTO nav_goal=RETURN_TO_INTERRUPTED_WAYPOINT,AUTO,0.120,-0.009,1.784,1.390,True,True,False
37.600,mission_state,RETURN_TO_INTERRUPTED_WAYPOINT mode=AUTO nav_goal=RETURN_TO_INTERRUPTED_WAYPOINT,RETURN_TO_INTERRUPTED_WAYPOINT mode=AUTO nav_goal=RETURN_TO_INTERRUPTED_WAYPOINT,AUTO,0.120,-0.009,1.784,1.390,True,True,False
37.600,dynamic_target,count=1 x=4.05 y=0.05 z=3.31,RETURN_TO_INTERRUPTED_WAYPOINT mode=AUTO nav_goal=RETURN_TO_INTERRUPTED_WAYPOINT,AUTO,0.120,-0.009,1.784,1.390,True,True,False
37.600,dynamic_lock,True,RETURN_TO_INTERRUPTED_WAYPOINT mode=AUTO nav_goal=RETURN_TO_INTERRUPTED_WAYPOINT,AUTO,0.120,-0.009,1.784,1.390,True,True,False
37.600,object_goal_state,REJECT cooldown source=elevated_dynamic_target remaining_sec=3.20,RETURN_TO_INTERRUPTED_WAYPOINT mode=AUTO nav_goal=RETURN_TO_INTERRUPTED_WAYPOINT,AUTO,0.120,-0.009,1.784,1.390,True,True,False
37.700,classification,GAZEBO_FAKE_YOLO11S_CLASSIFICATION class=bird,RETURN_TO_INTERRUPTED_WAYPOINT mode=AUTO nav_goal=RETURN_TO_INTERRUPTED_WAYPOINT,AUTO,0.120,-0.009,1.790,1.408,True,True,False
37.700,bird_confirmed,True,RETURN_TO_INTERRUPTED_WAYPOINT mode=AUTO nav_goal=RETURN_TO_INTERRUPTED_WAYPOINT,AUTO,0.120,-0.009,1.790,1.408,True,True,False
37.700,dynamic_target,count=1 x=4.05 y=0.04 z=3.31,RETURN_TO_INTERRUPTED_WAYPOINT mode=AUTO nav_goal=RETURN_TO_INTERRUPTED_WAYPOINT,AUTO,0.120,-0.009,1.790,1.408,True,True,False
37.700,dynamic_lock,True,RETURN_TO_INTERRUPTED_WAYPOINT mode=AUTO nav_goal=RETURN_TO_INTERRUPTED_WAYPOINT,AUTO,0.120,-0.009,1.790,1.408,True,True,False
37.700,object_goal_state,REJECT cooldown source=elevated_dynamic_target remaining_sec=3.10,RETURN_TO_INTERRUPTED_WAYPOINT mode=AUTO nav_goal=RETURN_TO_INTERRUPTED_WAYPOINT,AUTO,0.120,-0.009,1.790,1.408,True,True,False
37.800,classification,GAZEBO_FAKE_YOLO11S_CLASSIFICATION class=bird,RETURN_TO_INTERRUPTED_WAYPOINT mode=AUTO nav_goal=RETURN_TO_INTERRUPTED_WAYPOINT,AUTO,0.120,-0.009,1.796,1.426,True,True,False
37.800,bird_confirmed,True,RETURN_TO_INTERRUPTED_WAYPOINT mode=AUTO nav_goal=RETURN_TO_INTERRUPTED_WAYPOINT,AUTO,0.120,-0.009,1.796,1.426,True,True,False
37.800,sound_state,IDLE_NO_REQUEST,RETURN_TO_INTERRUPTED_WAYPOINT mode=AUTO nav_goal=RETURN_TO_INTERRUPTED_WAYPOINT,AUTO,0.120,-0.009,1.796,1.426,True,True,False
37.800,sound_done,False,RETURN_TO_INTERRUPTED_WAYPOINT mode=AUTO nav_goal=RETURN_TO_INTERRUPTED_WAYPOINT,AUTO,0.120,-0.009,1.796,1.426,True,True,False
37.800,dynamic_target,count=1 x=4.05 y=0.04 z=3.31,RETURN_TO_INTERRUPTED_WAYPOINT mode=AUTO nav_goal=RETURN_TO_INTERRUPTED_WAYPOINT,AUTO,0.120,-0.008,1.796,1.426,True,True,False
37.800,dynamic_lock,True,RETURN_TO_INTERRUPTED_WAYPOINT mode=AUTO nav_goal=RETURN_TO_INTERRUPTED_WAYPOINT,AUTO,0.120,-0.008,1.796,1.426,True,True,False
37.800,mission_state,RETURN_TO_INTERRUPTED_WAYPOINT mode=AUTO nav_goal=RETURN_TO_INTERRUPTED_WAYPOINT,RETURN_TO_INTERRUPTED_WAYPOINT mode=AUTO nav_goal=RETURN_TO_INTERRUPTED_WAYPOINT,AUTO,0.120,-0.008,1.796,1.426,True,True,False
37.800,object_goal_state,REJECT cooldown source=elevated_dynamic_target remaining_sec=3.00,RETURN_TO_INTERRUPTED_WAYPOINT mode=AUTO nav_goal=RETURN_TO_INTERRUPTED_WAYPOINT,AUTO,0.120,-0.008,1.796,1.426,True,True,False
37.900,classification,GAZEBO_FAKE_YOLO11S_CLASSIFICATION class=bird,RETURN_TO_INTERRUPTED_WAYPOINT mode=AUTO nav_goal=RETURN_TO_INTERRUPTED_WAYPOINT,AUTO,0.120,-0.008,1.803,1.444,True,True,False
37.900,bird_confirmed,True,RETURN_TO_INTERRUPTED_WAYPOINT mode=AUTO nav_goal=RETURN_TO_INTERRUPTED_WAYPOINT,AUTO,0.120,-0.008,1.803,1.444,True,True,False
38.000,dynamic_target,count=1 x=4.05 y=0.04 z=3.31,RETURN_TO_INTERRUPTED_WAYPOINT mode=AUTO nav_goal=RETURN_TO_INTERRUPTED_WAYPOINT,AUTO,0.120,-0.008,1.809,1.462,True,True,False
38.000,bird_confirmed,True,RETURN_TO_INTERRUPTED_WAYPOINT mode=AUTO nav_goal=RETURN_TO_INTERRUPTED_WAYPOINT,AUTO,0.120,-0.008,1.809,1.462,True,True,False
38.000,sound_state,IDLE_NO_REQUEST,RETURN_TO_INTERRUPTED_WAYPOINT mode=AUTO nav_goal=RETURN_TO_INTERRUPTED_WAYPOINT,AUTO,0.120,-0.008,1.809,1.462,True,True,False
38.000,sound_done,False,RETURN_TO_INTERRUPTED_WAYPOINT mode=AUTO nav_goal=RETURN_TO_INTERRUPTED_WAYPOINT,AUTO,0.120,-0.008,1.809,1.462,True,True,False
38.000,dynamic_lock,True,RETURN_TO_INTERRUPTED_WAYPOINT mode=AUTO nav_goal=RETURN_TO_INTERRUPTED_WAYPOINT,AUTO,0.120,-0.008,1.809,1.462,True,True,False
38.000,classification,GAZEBO_FAKE_YOLO11S_CLASSIFICATION class=bird,RETURN_TO_INTERRUPTED_WAYPOINT mode=AUTO nav_goal=RETURN_TO_INTERRUPTED_WAYPOINT,AUTO,0.120,-0.008,1.809,1.462,True,True,False
38.000,mission_state,RETURN_TO_INTERRUPTED_WAYPOINT mode=AUTO nav_goal=RETURN_TO_INTERRUPTED_WAYPOINT,RETURN_TO_INTERRUPTED_WAYPOINT mode=AUTO nav_goal=RETURN_TO_INTERRUPTED_WAYPOINT,AUTO,0.120,-0.008,1.809,1.462,True,True,False
38.000,object_goal_state,REJECT cooldown source=elevated_dynamic_target remaining_sec=2.80,RETURN_TO_INTERRUPTED_WAYPOINT mode=AUTO nav_goal=RETURN_TO_INTERRUPTED_WAYPOINT,AUTO,0.120,-0.008,1.809,1.462,True,True,False
38.100,classification,GAZEBO_FAKE_YOLO11S_CLASSIFICATION class=bird,RETURN_TO_INTERRUPTED_WAYPOINT mode=AUTO nav_goal=RETURN_TO_INTERRUPTED_WAYPOINT,AUTO,0.120,-0.008,1.815,1.480,True,True,False
38.100,bird_confirmed,True,RETURN_TO_INTERRUPTED_WAYPOINT mode=AUTO nav_goal=RETURN_TO_INTERRUPTED_WAYPOINT,AUTO,0.120,-0.008,1.815,1.480,True,True,False
38.200,classification,GAZEBO_FAKE_YOLO11S_CLASSIFICATION class=bird,RETURN_TO_INTERRUPTED_WAYPOINT mode=AUTO nav_goal=RETURN_TO_INTERRUPTED_WAYPOINT,AUTO,0.120,-0.006,1.822,1.498,True,True,False
38.200,bird_confirmed,True,RETURN_TO_INTERRUPTED_WAYPOINT mode=AUTO nav_goal=RETURN_TO_INTERRUPTED_WAYPOINT,AUTO,0.120,-0.006,1.822,1.498,True,True,False
38.200,sound_state,IDLE_NO_REQUEST,RETURN_TO_INTERRUPTED_WAYPOINT mode=AUTO nav_goal=RETURN_TO_INTERRUPTED_WAYPOINT,AUTO,0.120,-0.006,1.822,1.498,True,True,False
38.200,sound_done,False,RETURN_TO_INTERRUPTED_WAYPOINT mode=AUTO nav_goal=RETURN_TO_INTERRUPTED_WAYPOINT,AUTO,0.120,-0.006,1.822,1.498,True,True,False
38.200,mission_state,RETURN_TO_INTERRUPTED_WAYPOINT mode=AUTO nav_goal=RETURN_TO_INTERRUPTED_WAYPOINT,RETURN_TO_INTERRUPTED_WAYPOINT mode=AUTO nav_goal=RETURN_TO_INTERRUPTED_WAYPOINT,AUTO,0.120,-0.006,1.822,1.498,True,True,False
38.200,dynamic_target,count=1 x=4.05 y=0.04 z=3.31,RETURN_TO_INTERRUPTED_WAYPOINT mode=AUTO nav_goal=RETURN_TO_INTERRUPTED_WAYPOINT,AUTO,0.120,-0.006,1.822,1.498,True,True,False
38.200,dynamic_lock,True,RETURN_TO_INTERRUPTED_WAYPOINT mode=AUTO nav_goal=RETURN_TO_INTERRUPTED_WAYPOINT,AUTO,0.120,-0.006,1.822,1.498,True,True,False
38.200,object_goal_state,REJECT cooldown source=elevated_dynamic_target remaining_sec=2.60,RETURN_TO_INTERRUPTED_WAYPOINT mode=AUTO nav_goal=RETURN_TO_INTERRUPTED_WAYPOINT,AUTO,0.120,-0.005,1.822,1.498,True,True,False
38.300,bird_confirmed,True,RETURN_TO_INTERRUPTED_WAYPOINT mode=AUTO nav_goal=RETURN_TO_INTERRUPTED_WAYPOINT,AUTO,0.120,-0.005,1.828,1.517,True,True,False
38.300,classification,GAZEBO_FAKE_YOLO11S_CLASSIFICATION class=bird,RETURN_TO_INTERRUPTED_WAYPOINT mode=AUTO nav_goal=RETURN_TO_INTERRUPTED_WAYPOINT,AUTO,0.120,-0.005,1.828,1.517,True,True,False
38.400,classification,GAZEBO_FAKE_YOLO11S_CLASSIFICATION class=bird,RETURN_TO_INTERRUPTED_WAYPOINT mode=AUTO nav_goal=RETURN_TO_INTERRUPTED_WAYPOINT,AUTO,0.120,-0.004,1.834,1.535,True,True,False
38.400,bird_confirmed,True,RETURN_TO_INTERRUPTED_WAYPOINT mode=AUTO nav_goal=RETURN_TO_INTERRUPTED_WAYPOINT,AUTO,0.120,-0.004,1.834,1.535,True,True,False
38.400,sound_state,IDLE_NO_REQUEST,RETURN_TO_INTERRUPTED_WAYPOINT mode=AUTO nav_goal=RETURN_TO_INTERRUPTED_WAYPOINT,AUTO,0.120,-0.004,1.834,1.535,True,True,False
38.400,sound_done,False,RETURN_TO_INTERRUPTED_WAYPOINT mode=AUTO nav_goal=RETURN_TO_INTERRUPTED_WAYPOINT,AUTO,0.120,-0.004,1.834,1.535,True,True,False
38.400,mission_state,RETURN_TO_INTERRUPTED_WAYPOINT mode=AUTO nav_goal=RETURN_TO_INTERRUPTED_WAYPOINT,RETURN_TO_INTERRUPTED_WAYPOINT mode=AUTO nav_goal=RETURN_TO_INTERRUPTED_WAYPOINT,AUTO,0.120,-0.004,1.834,1.535,True,True,False
38.400,dynamic_target,count=1 x=4.06 y=0.10 z=3.31,RETURN_TO_INTERRUPTED_WAYPOINT mode=AUTO nav_goal=RETURN_TO_INTERRUPTED_WAYPOINT,AUTO,0.120,-0.004,1.834,1.535,True,True,False
38.400,dynamic_lock,True,RETURN_TO_INTERRUPTED_WAYPOINT mode=AUTO nav_goal=RETURN_TO_INTERRUPTED_WAYPOINT,AUTO,0.120,-0.004,1.834,1.535,True,True,False
38.400,object_goal_state,REJECT cooldown source=elevated_dynamic_target remaining_sec=2.40,RETURN_TO_INTERRUPTED_WAYPOINT mode=AUTO nav_goal=RETURN_TO_INTERRUPTED_WAYPOINT,AUTO,0.120,-0.004,1.834,1.535,True,True,False
38.400,dynamic_target,count=1 x=4.06 y=0.10 z=3.31,RETURN_TO_INTERRUPTED_WAYPOINT mode=AUTO nav_goal=RETURN_TO_INTERRUPTED_WAYPOINT,AUTO,0.120,-0.004,1.834,1.535,True,True,False
38.400,dynamic_lock,True,RETURN_TO_INTERRUPTED_WAYPOINT mode=AUTO nav_goal=RETURN_TO_INTERRUPTED_WAYPOINT,AUTO,0.120,-0.004,1.834,1.535,True,True,False
38.400,object_goal_state,REJECT cooldown source=elevated_dynamic_target remaining_sec=2.40,RETURN_TO_INTERRUPTED_WAYPOINT mode=AUTO nav_goal=RETURN_TO_INTERRUPTED_WAYPOINT,AUTO,0.120,-0.004,1.834,1.535,True,True,False
38.500,classification,GAZEBO_FAKE_YOLO11S_CLASSIFICATION class=bird,RETURN_TO_INTERRUPTED_WAYPOINT mode=AUTO nav_goal=RETURN_TO_INTERRUPTED_WAYPOINT,AUTO,0.120,-0.004,1.841,1.553,True,True,False
38.500,bird_confirmed,True,RETURN_TO_INTERRUPTED_WAYPOINT mode=AUTO nav_goal=RETURN_TO_INTERRUPTED_WAYPOINT,AUTO,0.120,-0.004,1.841,1.553,True,True,False
38.600,dynamic_target,count=1 x=4.06 y=0.10 z=3.31,RETURN_TO_INTERRUPTED_WAYPOINT mode=AUTO nav_goal=RETURN_TO_INTERRUPTED_WAYPOINT,AUTO,0.120,-0.003,1.847,1.571,True,True,False
38.600,dynamic_lock,True,RETURN_TO_INTERRUPTED_WAYPOINT mode=AUTO nav_goal=RETURN_TO_INTERRUPTED_WAYPOINT,AUTO,0.120,-0.003,1.847,1.571,True,True,False
38.600,classification,GAZEBO_FAKE_YOLO11S_CLASSIFICATION class=bird,RETURN_TO_INTERRUPTED_WAYPOINT mode=AUTO nav_goal=RETURN_TO_INTERRUPTED_WAYPOINT,AUTO,0.120,-0.003,1.847,1.571,True,True,False
38.600,bird_confirmed,True,RETURN_TO_INTERRUPTED_WAYPOINT mode=AUTO nav_goal=RETURN_TO_INTERRUPTED_WAYPOINT,AUTO,0.120,-0.003,1.847,1.571,True,True,False
38.600,object_goal_state,REJECT cooldown source=elevated_dynamic_target remaining_sec=2.20,RETURN_TO_INTERRUPTED_WAYPOINT mode=AUTO nav_goal=RETURN_TO_INTERRUPTED_WAYPOINT,AUTO,0.120,-0.003,1.847,1.571,True,True,False
38.600,sound_state,IDLE_NO_REQUEST,RETURN_TO_INTERRUPTED_WAYPOINT mode=AUTO nav_goal=RETURN_TO_INTERRUPTED_WAYPOINT,AUTO,0.120,-0.003,1.847,1.571,True,True,False
38.600,sound_done,False,RETURN_TO_INTERRUPTED_WAYPOINT mode=AUTO nav_goal=RETURN_TO_INTERRUPTED_WAYPOINT,AUTO,0.120,-0.003,1.847,1.571,True,True,False
38.600,mission_state,RETURN_TO_INTERRUPTED_WAYPOINT mode=AUTO nav_goal=RETURN_TO_INTERRUPTED_WAYPOINT,RETURN_TO_INTERRUPTED_WAYPOINT mode=AUTO nav_goal=RETURN_TO_INTERRUPTED_WAYPOINT,AUTO,0.120,-0.003,1.847,1.571,True,True,False
38.700,classification,GAZEBO_FAKE_YOLO11S_CLASSIFICATION class=bird,RETURN_TO_INTERRUPTED_WAYPOINT mode=AUTO nav_goal=RETURN_TO_INTERRUPTED_WAYPOINT,AUTO,0.120,-0.003,1.854,1.589,True,True,False
38.700,bird_confirmed,True,RETURN_TO_INTERRUPTED_WAYPOINT mode=AUTO nav_goal=RETURN_TO_INTERRUPTED_WAYPOINT,AUTO,0.120,-0.003,1.854,1.589,True,True,False
38.800,classification,GAZEBO_FAKE_YOLO11S_CLASSIFICATION class=bird,RETURN_TO_INTERRUPTED_WAYPOINT mode=AUTO nav_goal=RETURN_TO_INTERRUPTED_WAYPOINT,AUTO,0.120,-0.003,1.860,1.607,True,True,False
38.800,bird_confirmed,True,RETURN_TO_INTERRUPTED_WAYPOINT mode=AUTO nav_goal=RETURN_TO_INTERRUPTED_WAYPOINT,AUTO,0.120,-0.003,1.860,1.607,True,True,False
38.800,mission_state,RETURN_TO_INTERRUPTED_WAYPOINT mode=AUTO nav_goal=RETURN_TO_INTERRUPTED_WAYPOINT,RETURN_TO_INTERRUPTED_WAYPOINT mode=AUTO nav_goal=RETURN_TO_INTERRUPTED_WAYPOINT,AUTO,0.120,-0.002,1.860,1.607,True,True,False
38.800,object_goal_state,REJECT cooldown source=elevated_dynamic_target remaining_sec=2.00,RETURN_TO_INTERRUPTED_WAYPOINT mode=AUTO nav_goal=RETURN_TO_INTERRUPTED_WAYPOINT,AUTO,0.120,-0.002,1.860,1.607,True,True,False
38.800,dynamic_target,count=1 x=4.06 y=0.10 z=3.31,RETURN_TO_INTERRUPTED_WAYPOINT mode=AUTO nav_goal=RETURN_TO_INTERRUPTED_WAYPOINT,AUTO,0.120,-0.002,1.860,1.607,True,True,False
38.800,dynamic_lock,True,RETURN_TO_INTERRUPTED_WAYPOINT mode=AUTO nav_goal=RETURN_TO_INTERRUPTED_WAYPOINT,AUTO,0.120,-0.002,1.860,1.607,True,True,False
38.800,sound_state,IDLE_NO_REQUEST,RETURN_TO_INTERRUPTED_WAYPOINT mode=AUTO nav_goal=RETURN_TO_INTERRUPTED_WAYPOINT,AUTO,0.120,-0.002,1.860,1.607,True,True,False
38.800,sound_done,False,RETURN_TO_INTERRUPTED_WAYPOINT mode=AUTO nav_goal=RETURN_TO_INTERRUPTED_WAYPOINT,AUTO,0.120,-0.002,1.860,1.607,True,True,False
38.900,classification,GAZEBO_FAKE_YOLO11S_CLASSIFICATION class=bird,RETURN_TO_INTERRUPTED_WAYPOINT mode=AUTO nav_goal=RETURN_TO_INTERRUPTED_WAYPOINT,AUTO,0.120,-0.001,1.866,1.625,True,True,False
38.900,bird_confirmed,True,RETURN_TO_INTERRUPTED_WAYPOINT mode=AUTO nav_goal=RETURN_TO_INTERRUPTED_WAYPOINT,AUTO,0.120,-0.001,1.866,1.625,True,True,False
38.900,dynamic_target,count=1 x=4.08 y=0.15 z=3.32,RETURN_TO_INTERRUPTED_WAYPOINT mode=AUTO nav_goal=RETURN_TO_INTERRUPTED_WAYPOINT,AUTO,0.120,-0.001,1.871,1.638,True,True,False
38.900,dynamic_lock,True,RETURN_TO_INTERRUPTED_WAYPOINT mode=AUTO nav_goal=RETURN_TO_INTERRUPTED_WAYPOINT,AUTO,0.120,-0.001,1.871,1.638,True,True,False
38.900,object_goal_state,REJECT cooldown source=elevated_dynamic_target remaining_sec=1.90,RETURN_TO_INTERRUPTED_WAYPOINT mode=AUTO nav_goal=RETURN_TO_INTERRUPTED_WAYPOINT,AUTO,0.120,-0.001,1.871,1.638,True,True,False
39.000,classification,GAZEBO_FAKE_YOLO11S_CLASSIFICATION class=bird,RETURN_TO_INTERRUPTED_WAYPOINT mode=AUTO nav_goal=RETURN_TO_INTERRUPTED_WAYPOINT,AUTO,0.120,-0.001,1.873,1.643,True,True,False
39.000,bird_confirmed,True,RETURN_TO_INTERRUPTED_WAYPOINT mode=AUTO nav_goal=RETURN_TO_INTERRUPTED_WAYPOINT,AUTO,0.120,-0.001,1.873,1.643,True,True,False
39.000,object_goal_state,REJECT cooldown source=elevated_dynamic_target remaining_sec=1.80,RETURN_TO_INTERRUPTED_WAYPOINT mode=AUTO nav_goal=RETURN_TO_INTERRUPTED_WAYPOINT,AUTO,0.120,-0.001,1.873,1.643,True,True,False
39.000,dynamic_target,count=1 x=4.08 y=0.15 z=3.32,RETURN_TO_INTERRUPTED_WAYPOINT mode=AUTO nav_goal=RETURN_TO_INTERRUPTED_WAYPOINT,AUTO,0.120,-0.001,1.873,1.643,True,True,False
39.000,dynamic_lock,True,RETURN_TO_INTERRUPTED_WAYPOINT mode=AUTO nav_goal=RETURN_TO_INTERRUPTED_WAYPOINT,AUTO,0.120,-0.001,1.873,1.643,True,True,False
39.000,sound_state,IDLE_NO_REQUEST,RETURN_TO_INTERRUPTED_WAYPOINT mode=AUTO nav_goal=RETURN_TO_INTERRUPTED_WAYPOINT,AUTO,0.120,-0.001,1.873,1.643,True,True,False
39.000,sound_done,False,RETURN_TO_INTERRUPTED_WAYPOINT mode=AUTO nav_goal=RETURN_TO_INTERRUPTED_WAYPOINT,AUTO,0.120,-0.001,1.873,1.643,True,True,False
39.000,mission_state,RETURN_TO_INTERRUPTED_WAYPOINT mode=AUTO nav_goal=RETURN_TO_INTERRUPTED_WAYPOINT,RETURN_TO_INTERRUPTED_WAYPOINT mode=AUTO nav_goal=RETURN_TO_INTERRUPTED_WAYPOINT,AUTO,0.120,-0.001,1.873,1.643,True,True,False
39.100,classification,GAZEBO_FAKE_YOLO11S_CLASSIFICATION class=bird,RETURN_TO_INTERRUPTED_WAYPOINT mode=AUTO nav_goal=RETURN_TO_INTERRUPTED_WAYPOINT,AUTO,0.120,-0.001,1.879,1.661,True,True,False
39.100,bird_confirmed,True,RETURN_TO_INTERRUPTED_WAYPOINT mode=AUTO nav_goal=RETURN_TO_INTERRUPTED_WAYPOINT,AUTO,0.120,-0.001,1.879,1.661,True,True,False
39.100,dynamic_target,count=1 x=4.08 y=0.12 z=3.32,RETURN_TO_INTERRUPTED_WAYPOINT mode=AUTO nav_goal=RETURN_TO_INTERRUPTED_WAYPOINT,AUTO,0.120,-0.001,1.881,1.665,True,True,False
39.100,dynamic_lock,True,RETURN_TO_INTERRUPTED_WAYPOINT mode=AUTO nav_goal=RETURN_TO_INTERRUPTED_WAYPOINT,AUTO,0.120,-0.001,1.881,1.665,True,True,False
39.100,object_goal_state,REJECT cooldown source=elevated_dynamic_target remaining_sec=1.70,RETURN_TO_INTERRUPTED_WAYPOINT mode=AUTO nav_goal=RETURN_TO_INTERRUPTED_WAYPOINT,AUTO,0.120,-0.001,1.881,1.665,True,True,False
39.100,classification,GAZEBO_FAKE_YOLO11S_CLASSIFICATION class=bird,RETURN_TO_INTERRUPTED_WAYPOINT mode=AUTO nav_goal=RETURN_TO_INTERRUPTED_WAYPOINT,AUTO,0.120,-0.001,1.886,1.679,True,True,False
39.100,bird_confirmed,True,RETURN_TO_INTERRUPTED_WAYPOINT mode=AUTO nav_goal=RETURN_TO_INTERRUPTED_WAYPOINT,AUTO,0.120,-0.001,1.886,1.679,True,True,False
39.100,sound_state,IDLE_NO_REQUEST,RETURN_TO_INTERRUPTED_WAYPOINT mode=AUTO nav_goal=RETURN_TO_INTERRUPTED_WAYPOINT,AUTO,0.120,-0.001,1.886,1.679,True,True,False
39.100,sound_done,False,RETURN_TO_INTERRUPTED_WAYPOINT mode=AUTO nav_goal=RETURN_TO_INTERRUPTED_WAYPOINT,AUTO,0.120,-0.001,1.886,1.679,True,True,False
39.100,mission_state,RETURN_TO_INTERRUPTED_WAYPOINT mode=AUTO nav_goal=RETURN_TO_INTERRUPTED_WAYPOINT,RETURN_TO_INTERRUPTED_WAYPOINT mode=AUTO nav_goal=RETURN_TO_INTERRUPTED_WAYPOINT,AUTO,0.120,-0.001,1.886,1.679,True,True,False
39.100,dynamic_target,count=1 x=4.10 y=0.17 z=3.32,RETURN_TO_INTERRUPTED_WAYPOINT mode=AUTO nav_goal=RETURN_TO_INTERRUPTED_WAYPOINT,AUTO,0.120,-0.001,1.890,1.690,True,True,False
39.100,dynamic_lock,True,RETURN_TO_INTERRUPTED_WAYPOINT mode=AUTO nav_goal=RETURN_TO_INTERRUPTED_WAYPOINT,AUTO,0.120,-0.001,1.890,1.690,True,True,False
39.100,object_goal_state,REJECT cooldown source=elevated_dynamic_target remaining_sec=1.60,RETURN_TO_INTERRUPTED_WAYPOINT mode=AUTO nav_goal=RETURN_TO_INTERRUPTED_WAYPOINT,AUTO,0.120,-0.001,1.890,1.690,True,True,False
39.100,dynamic_target,count=1 x=4.10 y=0.17 z=3.32,RETURN_TO_INTERRUPTED_WAYPOINT mode=AUTO nav_goal=RETURN_TO_INTERRUPTED_WAYPOINT,AUTO,0.120,-0.001,1.890,1.690,True,True,False
39.100,dynamic_lock,True,RETURN_TO_INTERRUPTED_WAYPOINT mode=AUTO nav_goal=RETURN_TO_INTERRUPTED_WAYPOINT,AUTO,0.120,-0.001,1.890,1.690,True,True,False
39.100,object_goal_state,REJECT cooldown source=elevated_dynamic_target remaining_sec=1.60,RETURN_TO_INTERRUPTED_WAYPOINT mode=AUTO nav_goal=RETURN_TO_INTERRUPTED_WAYPOINT,AUTO,0.120,-0.001,1.890,1.690,True,True,False
39.300,bird_confirmed,True,RETURN_TO_INTERRUPTED_WAYPOINT mode=AUTO nav_goal=RETURN_TO_INTERRUPTED_WAYPOINT,AUTO,0.120,-0.001,1.892,1.697,True,True,False
39.300,classification,GAZEBO_FAKE_YOLO11S_CLASSIFICATION class=bird,RETURN_TO_INTERRUPTED_WAYPOINT mode=AUTO nav_goal=RETURN_TO_INTERRUPTED_WAYPOINT,AUTO,0.120,-0.001,1.892,1.697,True,True,False
39.300,dynamic_target,count=1 x=4.09 y=0.15 z=3.32,RETURN_TO_INTERRUPTED_WAYPOINT mode=AUTO nav_goal=RETURN_TO_INTERRUPTED_WAYPOINT,AUTO,0.120,-0.001,1.899,1.716,True,True,False
39.300,dynamic_lock,True,RETURN_TO_INTERRUPTED_WAYPOINT mode=AUTO nav_goal=RETURN_TO_INTERRUPTED_WAYPOINT,AUTO,0.120,-0.001,1.899,1.716,True,True,False
39.300,object_goal_state,REJECT cooldown source=elevated_dynamic_target remaining_sec=1.50,RETURN_TO_INTERRUPTED_WAYPOINT mode=AUTO nav_goal=RETURN_TO_INTERRUPTED_WAYPOINT,AUTO,0.120,-0.001,1.899,1.716,True,True,False
39.400,dynamic_target,count=1 x=4.09 y=0.15 z=3.32,RETURN_TO_INTERRUPTED_WAYPOINT mode=AUTO nav_goal=RETURN_TO_INTERRUPTED_WAYPOINT,AUTO,0.120,-0.001,1.899,1.716,True,True,False
39.400,sound_state,IDLE_NO_REQUEST,RETURN_TO_INTERRUPTED_WAYPOINT mode=AUTO nav_goal=RETURN_TO_INTERRUPTED_WAYPOINT,AUTO,0.120,-0.001,1.899,1.716,True,True,False
39.400,sound_done,False,RETURN_TO_INTERRUPTED_WAYPOINT mode=AUTO nav_goal=RETURN_TO_INTERRUPTED_WAYPOINT,AUTO,0.120,-0.001,1.899,1.716,True,True,False
39.400,object_goal_state,REJECT cooldown source=elevated_dynamic_target remaining_sec=1.40,RETURN_TO_INTERRUPTED_WAYPOINT mode=AUTO nav_goal=RETURN_TO_INTERRUPTED_WAYPOINT,AUTO,0.120,-0.001,1.899,1.716,True,True,False
39.400,dynamic_lock,True,RETURN_TO_INTERRUPTED_WAYPOINT mode=AUTO nav_goal=RETURN_TO_INTERRUPTED_WAYPOINT,AUTO,0.120,-0.001,1.899,1.716,True,True,False
39.400,classification,GAZEBO_FAKE_YOLO11S_CLASSIFICATION class=bird,RETURN_TO_INTERRUPTED_WAYPOINT mode=AUTO nav_goal=RETURN_TO_INTERRUPTED_WAYPOINT,AUTO,0.120,-0.001,1.899,1.716,True,True,False
39.400,bird_confirmed,True,RETURN_TO_INTERRUPTED_WAYPOINT mode=AUTO nav_goal=RETURN_TO_INTERRUPTED_WAYPOINT,AUTO,0.120,-0.001,1.899,1.716,True,True,False
39.400,mission_state,RETURN_TO_INTERRUPTED_WAYPOINT mode=AUTO nav_goal=RETURN_TO_INTERRUPTED_WAYPOINT,RETURN_TO_INTERRUPTED_WAYPOINT mode=AUTO nav_goal=RETURN_TO_INTERRUPTED_WAYPOINT,AUTO,0.120,-0.001,1.899,1.716,True,True,False
39.500,classification,GAZEBO_FAKE_YOLO11S_CLASSIFICATION class=bird,RETURN_TO_INTERRUPTED_WAYPOINT mode=AUTO nav_goal=RETURN_TO_INTERRUPTED_WAYPOINT,AUTO,0.120,-0.001,1.905,1.734,True,True,False
39.500,bird_confirmed,True,RETURN_TO_INTERRUPTED_WAYPOINT mode=AUTO nav_goal=RETURN_TO_INTERRUPTED_WAYPOINT,AUTO,0.120,-0.001,1.905,1.734,True,True,False
39.600,sound_state,IDLE_NO_REQUEST,RETURN_TO_INTERRUPTED_WAYPOINT mode=AUTO nav_goal=RETURN_TO_INTERRUPTED_WAYPOINT,AUTO,0.120,-0.000,1.911,1.752,True,True,False
39.600,sound_done,False,RETURN_TO_INTERRUPTED_WAYPOINT mode=AUTO nav_goal=RETURN_TO_INTERRUPTED_WAYPOINT,AUTO,0.120,-0.000,1.911,1.752,True,True,False
39.600,mission_state,RETURN_TO_INTERRUPTED_WAYPOINT mode=AUTO nav_goal=RETURN_TO_INTERRUPTED_WAYPOINT,RETURN_TO_INTERRUPTED_WAYPOINT mode=AUTO nav_goal=RETURN_TO_INTERRUPTED_WAYPOINT,AUTO,0.120,-0.000,1.911,1.752,True,True,False
39.600,classification,GAZEBO_FAKE_YOLO11S_CLASSIFICATION class=bird,RETURN_TO_INTERRUPTED_WAYPOINT mode=AUTO nav_goal=RETURN_TO_INTERRUPTED_WAYPOINT,AUTO,0.120,-0.000,1.911,1.752,True,True,False
39.600,bird_confirmed,True,RETURN_TO_INTERRUPTED_WAYPOINT mode=AUTO nav_goal=RETURN_TO_INTERRUPTED_WAYPOINT,AUTO,0.120,-0.000,1.911,1.752,True,True,False
39.600,dynamic_target,count=1 x=4.09 y=0.14 z=3.33,RETURN_TO_INTERRUPTED_WAYPOINT mode=AUTO nav_goal=RETURN_TO_INTERRUPTED_WAYPOINT,AUTO,0.120,-0.000,1.917,1.766,True,True,False
39.600,dynamic_lock,True,RETURN_TO_INTERRUPTED_WAYPOINT mode=AUTO nav_goal=RETURN_TO_INTERRUPTED_WAYPOINT,AUTO,0.120,-0.000,1.917,1.766,True,True,False
39.600,object_goal_state,REJECT cooldown source=elevated_dynamic_target remaining_sec=1.20,RETURN_TO_INTERRUPTED_WAYPOINT mode=AUTO nav_goal=RETURN_TO_INTERRUPTED_WAYPOINT,AUTO,0.120,-0.000,1.917,1.766,True,True,False
39.600,dynamic_target,count=1 x=4.09 y=0.14 z=3.33,RETURN_TO_INTERRUPTED_WAYPOINT mode=AUTO nav_goal=RETURN_TO_INTERRUPTED_WAYPOINT,AUTO,0.120,-0.000,1.917,1.766,True,True,False
39.600,dynamic_lock,True,RETURN_TO_INTERRUPTED_WAYPOINT mode=AUTO nav_goal=RETURN_TO_INTERRUPTED_WAYPOINT,AUTO,0.120,-0.000,1.917,1.766,True,True,False
39.600,object_goal_state,REJECT cooldown source=elevated_dynamic_target remaining_sec=1.20,RETURN_TO_INTERRUPTED_WAYPOINT mode=AUTO nav_goal=RETURN_TO_INTERRUPTED_WAYPOINT,AUTO,0.120,-0.000,1.917,1.766,True,True,False
39.700,classification,GAZEBO_FAKE_YOLO11S_CLASSIFICATION class=bird,RETURN_TO_INTERRUPTED_WAYPOINT mode=AUTO nav_goal=RETURN_TO_INTERRUPTED_WAYPOINT,AUTO,0.120,-0.000,1.918,1.770,True,True,False
39.700,bird_confirmed,True,RETURN_TO_INTERRUPTED_WAYPOINT mode=AUTO nav_goal=RETURN_TO_INTERRUPTED_WAYPOINT,AUTO,0.120,-0.000,1.918,1.770,True,True,False
39.700,mission_event,timestamp=39.700 mission_id=0 target_mission_id=1 state=RETURN_TO_INTERRUPTED_WAYPOINT event_type=SIM_NAV_GOAL_ARRIVED reason=RETURN_TO_INTERRUPTED_WAYPOINT waypoint_index=2,RETURN_TO_INTERRUPTED_WAYPOINT mode=AUTO nav_goal=RETURN_TO_INTERRUPTED_WAYPOINT,AUTO,0.120,-0.000,1.918,1.770,True,True,False
39.700,mission_event,timestamp=39.700 mission_id=0 target_mission_id=1 state=RETURN_TO_INTERRUPTED_WAYPOINT event_type=NAV2_GOAL_SUCCEEDED reason=RETURN_TO_INTERRUPTED_WAYPOINT waypoint_index=2,RETURN_TO_INTERRUPTED_WAYPOINT mode=AUTO nav_goal=RETURN_TO_INTERRUPTED_WAYPOINT,AUTO,0.120,-0.000,1.918,1.770,True,True,False
39.700,mission_event,timestamp=39.700 mission_id=0 target_mission_id=1 state=RETURN_TO_INTERRUPTED_WAYPOINT event_type=POST_TARGET_RESUME_COOLDOWN reason=interrupted_waypoint_reached duration_sec=8.00 waypoint_index=2,RETURN_TO_INTERRUPTED_WAYPOINT mode=AUTO nav_goal=RETURN_TO_INTERRUPTED_WAYPOINT,AUTO,0.120,-0.000,1.918,1.770,True,True,False
39.700,mission_event,timestamp=39.700 mission_id=0 target_mission_id=1 state=RESUME_PATROL event_type=STATE_CHANGE reason=previous=RETURN_TO_INTERRUPTED_WAYPOINT next=RESUME_PATROL reason=interrupted_waypoint_reached waypoint_index=2,RETURN_TO_INTERRUPTED_WAYPOINT mode=AUTO nav_goal=RETURN_TO_INTERRUPTED_WAYPOINT,AUTO,0.120,-0.000,1.918,1.770,True,True,False
39.800,mission_state,RESUME_PATROL mode=AUTO nav_goal=NONE,RESUME_PATROL mode=AUTO nav_goal=NONE,AUTO,0.120,-0.000,1.924,1.788,True,True,False
39.800,mission_event,timestamp=39.800 mission_id=0 target_mission_id=1 state=PATROL_NAVIGATING event_type=STATE_CHANGE reason=previous=RESUME_PATROL next=PATROL_NAVIGATING reason=goal_type=PATROL waypoint_index=2,RESUME_PATROL mode=AUTO nav_goal=NONE,AUTO,0.120,-0.000,1.924,1.788,True,True,False
39.800,object_goal_state,REJECT cooldown source=elevated_dynamic_target remaining_sec=1.00,RESUME_PATROL mode=AUTO nav_goal=NONE,AUTO,0.120,-0.000,1.924,1.788,True,True,False
39.800,dynamic_target,count=1 x=4.09 y=0.14 z=3.33,RESUME_PATROL mode=AUTO nav_goal=NONE,AUTO,0.120,-0.000,1.924,1.788,True,True,False
39.800,dynamic_lock,True,RESUME_PATROL mode=AUTO nav_goal=NONE,AUTO,0.120,-0.000,1.924,1.788,True,True,False
39.800,classification,GAZEBO_FAKE_YOLO11S_CLASSIFICATION class=bird,RESUME_PATROL mode=AUTO nav_goal=NONE,AUTO,0.120,-0.000,1.924,1.788,True,True,False
39.800,bird_confirmed,True,RESUME_PATROL mode=AUTO nav_goal=NONE,AUTO,0.120,-0.000,1.924,1.788,True,True,False
39.800,sound_state,IDLE_NO_REQUEST,RESUME_PATROL mode=AUTO nav_goal=NONE,AUTO,0.120,-0.000,1.924,1.788,True,True,False
39.800,sound_done,False,RESUME_PATROL mode=AUTO nav_goal=NONE,AUTO,0.120,-0.000,1.924,1.788,True,True,False
39.800,mission_event,timestamp=39.800 mission_id=0 target_mission_id=1 state=PATROL_NAVIGATING event_type=NAV2_DISABLED_SIMULATED_GOAL reason=PATROL waypoint_index=2,RESUME_PATROL mode=AUTO nav_goal=NONE,AUTO,0.040,0.000,1.924,1.788,True,True,False
39.900,classification,GAZEBO_FAKE_YOLO11S_CLASSIFICATION class=bird,RESUME_PATROL mode=AUTO nav_goal=NONE,AUTO,0.000,0.000,1.928,1.799,True,True,False
39.900,bird_confirmed,True,RESUME_PATROL mode=AUTO nav_goal=NONE,AUTO,0.000,0.000,1.928,1.799,True,True,False
39.900,mission_event,timestamp=39.900 mission_id=0 target_mission_id=1 state=PATROL_NAVIGATING event_type=SIM_NAV_GOAL_ARRIVED reason=PATROL waypoint_index=2,RESUME_PATROL mode=AUTO nav_goal=NONE,AUTO,0.000,0.000,1.928,1.799,True,True,False
39.900,mission_event,timestamp=39.900 mission_id=0 target_mission_id=1 state=PATROL_NAVIGATING event_type=NAV2_GOAL_SUCCEEDED reason=PATROL waypoint_index=2,RESUME_PATROL mode=AUTO nav_goal=NONE,AUTO,0.000,0.000,1.928,1.799,True,True,False
39.900,mission_event,timestamp=39.900 mission_id=0 target_mission_id=1 state=PATROL_DWELL event_type=STATE_CHANGE reason=previous=PATROL_NAVIGATING next=PATROL_DWELL reason=inside_c waypoint_index=2,RESUME_PATROL mode=AUTO nav_goal=NONE,AUTO,0.000,0.000,1.928,1.799,True,True,False
39.900,dynamic_target,count=1 x=4.09 y=0.14 z=3.33,RESUME_PATROL mode=AUTO nav_goal=NONE,AUTO,0.000,0.000,1.929,1.800,True,True,False
39.900,dynamic_lock,True,RESUME_PATROL mode=AUTO nav_goal=NONE,AUTO,0.000,0.000,1.929,1.800,True,True,False
39.900,object_goal_state,REJECT cooldown source=elevated_dynamic_target remaining_sec=0.90,RESUME_PATROL mode=AUTO nav_goal=NONE,AUTO,0.000,0.000,1.929,1.800,True,True,False
40.000,dynamic_target,count=1 x=4.09 y=0.14 z=3.33,RESUME_PATROL mode=AUTO nav_goal=NONE,AUTO,0.000,0.000,1.929,1.800,True,True,False
40.000,dynamic_lock,True,RESUME_PATROL mode=AUTO nav_goal=NONE,AUTO,0.000,0.000,1.929,1.800,True,True,False
40.000,classification,GAZEBO_FAKE_YOLO11S_CLASSIFICATION class=bird,RESUME_PATROL mode=AUTO nav_goal=NONE,AUTO,0.000,0.000,1.929,1.800,True,True,False
40.000,bird_confirmed,True,RESUME_PATROL mode=AUTO nav_goal=NONE,AUTO,0.000,0.000,1.929,1.800,True,True,False
40.000,sound_state,IDLE_NO_REQUEST,RESUME_PATROL mode=AUTO nav_goal=NONE,AUTO,0.000,0.000,1.929,1.800,True,True,False
40.000,sound_done,False,RESUME_PATROL mode=AUTO nav_goal=NONE,AUTO,0.000,0.000,1.929,1.800,True,True,False
40.000,mission_state,PATROL_DWELL mode=AUTO nav_goal=NONE,PATROL_DWELL mode=AUTO nav_goal=NONE,AUTO,0.000,0.000,1.929,1.800,True,True,False
40.000,object_goal_state,REJECT cooldown source=elevated_dynamic_target remaining_sec=0.80,PATROL_DWELL mode=AUTO nav_goal=NONE,AUTO,0.000,0.000,1.929,1.800,True,True,False
40.100,bird_confirmed,True,PATROL_DWELL mode=AUTO nav_goal=NONE,AUTO,0.000,0.000,1.929,1.800,True,True,False
40.100,classification,GAZEBO_FAKE_YOLO11S_CLASSIFICATION class=bird,PATROL_DWELL mode=AUTO nav_goal=NONE,AUTO,0.000,0.000,1.929,1.800,True,True,False
40.100,dynamic_target,count=1 x=4.10 y=0.16 z=3.33,PATROL_DWELL mode=AUTO nav_goal=NONE,AUTO,0.000,0.000,1.929,1.800,True,True,False
40.100,dynamic_lock,True,PATROL_DWELL mode=AUTO nav_goal=NONE,AUTO,0.000,0.000,1.929,1.800,True,True,False
40.100,object_goal_state,REJECT cooldown source=elevated_dynamic_target remaining_sec=0.70,PATROL_DWELL mode=AUTO nav_goal=NONE,AUTO,0.000,0.000,1.929,1.800,True,True,False
40.200,dynamic_target,count=1 x=4.10 y=0.16 z=3.33,PATROL_DWELL mode=AUTO nav_goal=NONE,AUTO,0.000,0.000,1.929,1.800,True,True,False
40.200,dynamic_lock,True,PATROL_DWELL mode=AUTO nav_goal=NONE,AUTO,0.000,0.000,1.929,1.800,True,True,False
40.200,classification,GAZEBO_FAKE_YOLO11S_CLASSIFICATION class=bird,PATROL_DWELL mode=AUTO nav_goal=NONE,AUTO,0.000,0.000,1.929,1.800,True,True,False
40.200,bird_confirmed,True,PATROL_DWELL mode=AUTO nav_goal=NONE,AUTO,0.000,0.000,1.929,1.800,True,True,False
40.200,mission_state,PATROL_DWELL mode=AUTO nav_goal=NONE,PATROL_DWELL mode=AUTO nav_goal=NONE,AUTO,0.000,0.000,1.929,1.800,True,True,False
40.200,object_goal_state,REJECT cooldown source=elevated_dynamic_target remaining_sec=0.60,PATROL_DWELL mode=AUTO nav_goal=NONE,AUTO,0.000,0.000,1.929,1.800,True,True,False
40.200,sound_state,IDLE_NO_REQUEST,PATROL_DWELL mode=AUTO nav_goal=NONE,AUTO,0.000,0.000,1.929,1.800,True,True,False
40.200,sound_done,False,PATROL_DWELL mode=AUTO nav_goal=NONE,AUTO,0.000,0.000,1.929,1.800,True,True,False
40.300,classification,GAZEBO_FAKE_YOLO11S_CLASSIFICATION class=bird,PATROL_DWELL mode=AUTO nav_goal=NONE,AUTO,0.000,0.000,1.929,1.800,True,True,False
40.300,bird_confirmed,True,PATROL_DWELL mode=AUTO nav_goal=NONE,AUTO,0.000,0.000,1.929,1.800,True,True,False
40.300,dynamic_target,count=1 x=4.11 y=0.18 z=3.33,PATROL_DWELL mode=AUTO nav_goal=NONE,AUTO,0.000,0.000,1.929,1.800,True,True,False
40.300,dynamic_lock,True,PATROL_DWELL mode=AUTO nav_goal=NONE,AUTO,0.000,0.000,1.929,1.800,True,True,False
40.300,object_goal_state,REJECT cooldown source=elevated_dynamic_target remaining_sec=0.60,PATROL_DWELL mode=AUTO nav_goal=NONE,AUTO,0.000,0.000,1.929,1.800,True,True,False
40.400,sound_state,IDLE_NO_REQUEST,PATROL_DWELL mode=AUTO nav_goal=NONE,AUTO,0.000,0.000,1.929,1.800,True,True,False
40.400,sound_done,False,PATROL_DWELL mode=AUTO nav_goal=NONE,AUTO,0.000,0.000,1.929,1.800,True,True,False
40.400,mission_state,PATROL_DWELL mode=AUTO nav_goal=NONE,PATROL_DWELL mode=AUTO nav_goal=NONE,AUTO,0.000,0.000,1.929,1.800,True,True,False
40.400,mission_event,timestamp=40.400 mission_id=0 target_mission_id=1 state=RESUME_PATROL event_type=STATE_CHANGE reason=previous=PATROL_DWELL next=RESUME_PATROL reason=next_index=3 waypoint_index=3,PATROL_DWELL mode=AUTO nav_goal=NONE,AUTO,0.000,0.000,1.929,1.800,True,True,False
40.400,dynamic_target,count=1 x=4.11 y=0.18 z=3.33,PATROL_DWELL mode=AUTO nav_goal=NONE,AUTO,0.000,0.000,1.929,1.800,True,True,False
40.400,dynamic_lock,True,PATROL_DWELL mode=AUTO nav_goal=NONE,AUTO,0.000,0.000,1.929,1.800,True,True,False
40.400,classification,GAZEBO_FAKE_YOLO11S_CLASSIFICATION class=bird,PATROL_DWELL mode=AUTO nav_goal=NONE,AUTO,0.000,0.000,1.929,1.800,True,True,False
40.400,bird_confirmed,True,PATROL_DWELL mode=AUTO nav_goal=NONE,AUTO,0.000,0.000,1.929,1.800,True,True,False
40.400,object_goal_state,REJECT cooldown source=elevated_dynamic_target remaining_sec=0.40,PATROL_DWELL mode=AUTO nav_goal=NONE,AUTO,0.000,0.000,1.929,1.800,True,True,False
40.500,classification,GAZEBO_FAKE_YOLO11S_CLASSIFICATION class=bird,PATROL_DWELL mode=AUTO nav_goal=NONE,AUTO,0.000,0.000,1.929,1.800,True,True,False
40.500,bird_confirmed,True,PATROL_DWELL mode=AUTO nav_goal=NONE,AUTO,0.000,0.000,1.929,1.800,True,True,False
40.600,sound_state,IDLE_NO_REQUEST,PATROL_DWELL mode=AUTO nav_goal=NONE,AUTO,0.000,0.000,1.929,1.800,True,True,False
40.600,sound_done,False,PATROL_DWELL mode=AUTO nav_goal=NONE,AUTO,0.000,0.000,1.929,1.800,True,True,False
40.600,classification,GAZEBO_FAKE_YOLO11S_CLASSIFICATION class=bird,PATROL_DWELL mode=AUTO nav_goal=NONE,AUTO,0.000,0.000,1.929,1.800,True,True,False
40.600,bird_confirmed,True,PATROL_DWELL mode=AUTO nav_goal=NONE,AUTO,0.000,0.000,1.929,1.800,True,True,False
40.600,mission_state,RESUME_PATROL mode=AUTO nav_goal=NONE,RESUME_PATROL mode=AUTO nav_goal=NONE,AUTO,0.000,0.000,1.929,1.800,True,True,False
40.600,mission_event,timestamp=40.600 mission_id=0 target_mission_id=1 state=PATROL_NAVIGATING event_type=STATE_CHANGE reason=previous=RESUME_PATROL next=PATROL_NAVIGATING reason=goal_type=PATROL waypoint_index=3,RESUME_PATROL mode=AUTO nav_goal=NONE,AUTO,0.000,0.000,1.929,1.800,True,True,False
40.600,mission_event,timestamp=40.600 mission_id=0 target_mission_id=1 state=PATROL_NAVIGATING event_type=NAV2_DISABLED_SIMULATED_GOAL reason=PATROL waypoint_index=3,RESUME_PATROL mode=AUTO nav_goal=NONE,AUTO,0.000,0.000,1.929,1.800,True,True,False
40.600,dynamic_target,count=1 x=4.12 y=0.20 z=3.33,RESUME_PATROL mode=AUTO nav_goal=NONE,AUTO,0.000,0.000,1.929,1.800,True,True,False
40.600,dynamic_lock,True,RESUME_PATROL mode=AUTO nav_goal=NONE,AUTO,0.000,0.000,1.929,1.800,True,True,False
40.600,object_goal_state,REJECT cooldown source=elevated_dynamic_target remaining_sec=0.20,RESUME_PATROL mode=AUTO nav_goal=NONE,AUTO,0.000,0.000,1.929,1.800,True,True,False
40.600,dynamic_target,count=1 x=4.12 y=0.20 z=3.33,RESUME_PATROL mode=AUTO nav_goal=NONE,AUTO,0.000,0.000,1.929,1.800,True,True,False
40.600,dynamic_lock,True,RESUME_PATROL mode=AUTO nav_goal=NONE,AUTO,0.000,0.000,1.929,1.800,True,True,False
40.600,object_goal_state,REJECT cooldown source=elevated_dynamic_target remaining_sec=0.20,RESUME_PATROL mode=AUTO nav_goal=NONE,AUTO,0.000,0.000,1.929,1.800,True,True,False
40.700,classification,GAZEBO_FAKE_YOLO11S_CLASSIFICATION class=bird,RESUME_PATROL mode=AUTO nav_goal=NONE,AUTO,0.000,0.000,1.929,1.800,True,True,False
40.700,bird_confirmed,True,RESUME_PATROL mode=AUTO nav_goal=NONE,AUTO,0.000,0.000,1.929,1.800,True,True,False
40.800,classification,GAZEBO_FAKE_YOLO11S_CLASSIFICATION class=bird,RESUME_PATROL mode=AUTO nav_goal=NONE,AUTO,0.000,0.000,1.929,1.800,True,True,False
40.800,bird_confirmed,True,RESUME_PATROL mode=AUTO nav_goal=NONE,AUTO,0.000,0.000,1.929,1.800,True,True,False
40.800,sound_state,IDLE_NO_REQUEST,RESUME_PATROL mode=AUTO nav_goal=NONE,AUTO,0.000,0.000,1.929,1.800,True,True,False
40.800,sound_done,False,RESUME_PATROL mode=AUTO nav_goal=NONE,AUTO,0.000,0.000,1.929,1.800,True,True,False
40.800,mission_state,PATROL_NAVIGATING mode=AUTO nav_goal=PATROL,PATROL_NAVIGATING mode=AUTO nav_goal=PATROL,AUTO,0.000,0.000,1.929,1.800,True,True,False
40.800,dynamic_target,count=1 x=4.11 y=0.18 z=3.33,PATROL_NAVIGATING mode=AUTO nav_goal=PATROL,AUTO,0.000,0.000,1.929,1.800,True,True,False
40.800,dynamic_lock,True,PATROL_NAVIGATING mode=AUTO nav_goal=PATROL,AUTO,0.000,0.000,1.929,1.800,True,True,False
40.800,object_goal_state,REJECT source=elevated_dynamic_target mission_type=REJECTED_ALREADY_INSPECTED target_already_inspected age=7.8s count=1 distance_xy=0.45 radius=1.50,PATROL_NAVIGATING mode=AUTO nav_goal=PATROL,AUTO,0.000,0.000,1.929,1.800,True,True,False
40.800,dynamic_target,count=1 x=4.11 y=0.18 z=3.33,PATROL_NAVIGATING mode=AUTO nav_goal=PATROL,AUTO,0.000,0.000,1.929,1.800,True,True,False
40.800,dynamic_lock,True,PATROL_NAVIGATING mode=AUTO nav_goal=PATROL,AUTO,0.000,0.000,1.929,1.800,True,True,False
40.800,object_goal_state,REJECT source=elevated_dynamic_target mission_type=REJECTED_ALREADY_INSPECTED target_already_inspected age=7.8s count=1 distance_xy=0.45 radius=1.50,PATROL_NAVIGATING mode=AUTO nav_goal=PATROL,AUTO,0.000,0.000,1.929,1.800,True,True,False
40.800,classification,GAZEBO_FAKE_YOLO11S_CLASSIFICATION class=bird,PATROL_NAVIGATING mode=AUTO nav_goal=PATROL,AUTO,0.000,0.000,1.929,1.800,True,True,False
40.800,bird_confirmed,True,PATROL_NAVIGATING mode=AUTO nav_goal=PATROL,AUTO,0.000,0.000,1.929,1.800,True,True,False
40.800,dynamic_target,count=1 x=4.12 y=0.19 z=3.33,PATROL_NAVIGATING mode=AUTO nav_goal=PATROL,AUTO,0.000,0.240,1.929,1.801,True,True,False
40.800,dynamic_lock,True,PATROL_NAVIGATING mode=AUTO nav_goal=PATROL,AUTO,0.000,0.240,1.929,1.801,True,True,False
40.800,object_goal_state,REJECT source=elevated_dynamic_target mission_type=REJECTED_ALREADY_INSPECTED target_already_inspected age=7.9s count=1 distance_xy=0.47 radius=1.50,PATROL_NAVIGATING mode=AUTO nav_goal=PATROL,AUTO,0.000,0.240,1.929,1.801,True,True,False
41.000,dynamic_target,count=1 x=4.12 y=0.19 z=3.33,PATROL_NAVIGATING mode=AUTO nav_goal=PATROL,AUTO,0.000,0.240,1.929,1.801,True,True,False
41.000,dynamic_lock,True,PATROL_NAVIGATING mode=AUTO nav_goal=PATROL,AUTO,0.000,0.240,1.929,1.801,True,True,False
41.000,classification,GAZEBO_FAKE_YOLO11S_CLASSIFICATION class=bird,PATROL_NAVIGATING mode=AUTO nav_goal=PATROL,AUTO,0.000,0.240,1.929,1.801,True,True,False
41.000,bird_confirmed,True,PATROL_NAVIGATING mode=AUTO nav_goal=PATROL,AUTO,0.000,0.240,1.929,1.801,True,True,False
41.000,sound_state,IDLE_NO_REQUEST,PATROL_NAVIGATING mode=AUTO nav_goal=PATROL,AUTO,0.000,0.240,1.929,1.801,True,True,False
41.000,sound_done,False,PATROL_NAVIGATING mode=AUTO nav_goal=PATROL,AUTO,0.000,0.240,1.929,1.801,True,True,False
41.000,mission_state,PATROL_NAVIGATING mode=AUTO nav_goal=PATROL,PATROL_NAVIGATING mode=AUTO nav_goal=PATROL,AUTO,0.000,0.350,1.929,1.801,True,True,False
41.000,object_goal_state,REJECT source=elevated_dynamic_target mission_type=REJECTED_ALREADY_INSPECTED target_already_inspected age=8.0s count=1 distance_xy=0.47 radius=1.50,PATROL_NAVIGATING mode=AUTO nav_goal=PATROL,AUTO,0.000,0.350,1.929,1.801,True,True,False
41.100,classification,GAZEBO_FAKE_YOLO11S_CLASSIFICATION class=bird,PATROL_NAVIGATING mode=AUTO nav_goal=PATROL,AUTO,0.000,0.350,1.929,1.800,True,True,False
41.100,bird_confirmed,True,PATROL_NAVIGATING mode=AUTO nav_goal=PATROL,AUTO,0.000,0.350,1.929,1.800,True,True,False
41.100,dynamic_target,count=1 x=4.11 y=0.18 z=3.33,PATROL_NAVIGATING mode=AUTO nav_goal=PATROL,AUTO,0.000,0.350,1.929,1.800,True,True,False
41.100,dynamic_lock,True,PATROL_NAVIGATING mode=AUTO nav_goal=PATROL,AUTO,0.000,0.350,1.929,1.800,True,True,False
41.100,object_goal_state,REJECT source=elevated_dynamic_target mission_type=REJECTED_ALREADY_INSPECTED target_already_inspected age=8.1s count=1 distance_xy=0.45 radius=1.50,PATROL_NAVIGATING mode=AUTO nav_goal=PATROL,AUTO,0.000,0.350,1.929,1.800,True,True,False
41.200,dynamic_target,count=1 x=4.11 y=0.18 z=3.33,PATROL_NAVIGATING mode=AUTO nav_goal=PATROL,AUTO,0.000,0.350,1.929,1.800,True,True,False
41.200,dynamic_lock,True,PATROL_NAVIGATING mode=AUTO nav_goal=PATROL,AUTO,0.000,0.350,1.929,1.800,True,True,False
41.200,classification,GAZEBO_FAKE_YOLO11S_CLASSIFICATION class=bird,PATROL_NAVIGATING mode=AUTO nav_goal=PATROL,AUTO,0.000,0.350,1.929,1.800,True,True,False
41.200,bird_confirmed,True,PATROL_NAVIGATING mode=AUTO nav_goal=PATROL,AUTO,0.000,0.350,1.929,1.800,True,True,False
41.200,sound_state,IDLE_NO_REQUEST,PATROL_NAVIGATING mode=AUTO nav_goal=PATROL,AUTO,0.000,0.350,1.929,1.800,True,True,False
41.200,sound_done,False,PATROL_NAVIGATING mode=AUTO nav_goal=PATROL,AUTO,0.000,0.350,1.929,1.800,True,True,False
41.200,mission_state,PATROL_NAVIGATING mode=AUTO nav_goal=PATROL,PATROL_NAVIGATING mode=AUTO nav_goal=PATROL,AUTO,0.000,0.350,1.929,1.800,True,True,False
41.200,object_goal_state,REJECT source=elevated_dynamic_target mission_type=REJECTED_ALREADY_INSPECTED target_already_inspected age=8.2s count=1 distance_xy=0.45 radius=1.50,PATROL_NAVIGATING mode=AUTO nav_goal=PATROL,AUTO,0.000,0.350,1.929,1.800,True,True,False
41.300,classification,GAZEBO_FAKE_YOLO11S_CLASSIFICATION class=bird,PATROL_NAVIGATING mode=AUTO nav_goal=PATROL,AUTO,0.000,0.350,1.929,1.800,True,True,False
41.300,bird_confirmed,True,PATROL_NAVIGATING mode=AUTO nav_goal=PATROL,AUTO,0.000,0.350,1.929,1.800,True,True,False
41.400,classification,GAZEBO_FAKE_YOLO11S_CLASSIFICATION class=bird,PATROL_NAVIGATING mode=AUTO nav_goal=PATROL,AUTO,0.000,0.350,1.929,1.799,True,True,False
41.400,bird_confirmed,True,PATROL_NAVIGATING mode=AUTO nav_goal=PATROL,AUTO,0.000,0.350,1.929,1.799,True,True,False
41.400,sound_state,IDLE_NO_REQUEST,PATROL_NAVIGATING mode=AUTO nav_goal=PATROL,AUTO,0.000,0.350,1.929,1.799,True,True,False
41.400,sound_done,False,PATROL_NAVIGATING mode=AUTO nav_goal=PATROL,AUTO,0.000,0.350,1.929,1.799,True,True,False
41.400,mission_state,PATROL_NAVIGATING mode=AUTO nav_goal=PATROL,PATROL_NAVIGATING mode=AUTO nav_goal=PATROL,AUTO,0.000,0.350,1.929,1.799,True,True,False
41.400,dynamic_target,count=1 x=4.11 y=0.17 z=3.33,PATROL_NAVIGATING mode=AUTO nav_goal=PATROL,AUTO,0.000,0.350,1.929,1.800,True,True,False
41.400,dynamic_lock,True,PATROL_NAVIGATING mode=AUTO nav_goal=PATROL,AUTO,0.000,0.350,1.929,1.800,True,True,False
41.400,object_goal_state,REJECT source=elevated_dynamic_target mission_type=REJECTED_ALREADY_INSPECTED target_already_inspected age=8.4s count=1 distance_xy=0.45 radius=1.50,PATROL_NAVIGATING mode=AUTO nav_goal=PATROL,AUTO,0.000,0.350,1.929,1.800,True,True,False
41.400,dynamic_target,count=1 x=4.11 y=0.17 z=3.33,PATROL_NAVIGATING mode=AUTO nav_goal=PATROL,AUTO,0.000,0.350,1.929,1.800,True,True,False
41.400,dynamic_lock,True,PATROL_NAVIGATING mode=AUTO nav_goal=PATROL,AUTO,0.000,0.350,1.929,1.800,True,True,False
41.400,object_goal_state,REJECT source=elevated_dynamic_target mission_type=REJECTED_ALREADY_INSPECTED target_already_inspected age=8.4s count=1 distance_xy=0.45 radius=1.50,PATROL_NAVIGATING mode=AUTO nav_goal=PATROL,AUTO,0.000,0.350,1.929,1.800,True,True,False
41.500,classification,GAZEBO_FAKE_YOLO11S_CLASSIFICATION class=bird,PATROL_NAVIGATING mode=AUTO nav_goal=PATROL,AUTO,0.000,0.350,1.929,1.801,True,True,False
41.500,bird_confirmed,True,PATROL_NAVIGATING mode=AUTO nav_goal=PATROL,AUTO,0.000,0.350,1.929,1.801,True,True,False
41.500,dynamic_target,count=1 x=4.12 y=0.22 z=3.33,PATROL_NAVIGATING mode=AUTO nav_goal=PATROL,AUTO,0.000,0.350,1.929,1.800,True,True,False
41.500,dynamic_lock,True,PATROL_NAVIGATING mode=AUTO nav_goal=PATROL,AUTO,0.000,0.350,1.929,1.800,True,True,False
41.500,object_goal_state,REJECT source=elevated_dynamic_target mission_type=REJECTED_ALREADY_INSPECTED target_already_inspected age=8.5s count=1 distance_xy=0.49 radius=1.50,PATROL_NAVIGATING mode=AUTO nav_goal=PATROL,AUTO,0.000,0.350,1.929,1.800,True,True,False
41.600,bird_confirmed,True,PATROL_NAVIGATING mode=AUTO nav_goal=PATROL,AUTO,0.000,0.350,1.929,1.800,True,True,False
41.600,mission_state,PATROL_NAVIGATING mode=AUTO nav_goal=PATROL,PATROL_NAVIGATING mode=AUTO nav_goal=PATROL,AUTO,0.000,0.350,1.929,1.800,True,True,False
41.600,object_goal_state,REJECT source=elevated_dynamic_target mission_type=REJECTED_ALREADY_INSPECTED target_already_inspected age=8.6s count=1 distance_xy=0.49 radius=1.50,PATROL_NAVIGATING mode=AUTO nav_goal=PATROL,AUTO,0.000,0.350,1.929,1.800,True,True,False
41.600,dynamic_target,count=1 x=4.12 y=0.22 z=3.33,PATROL_NAVIGATING mode=AUTO nav_goal=PATROL,AUTO,0.000,0.350,1.929,1.800,True,True,False
41.600,dynamic_lock,True,PATROL_NAVIGATING mode=AUTO nav_goal=PATROL,AUTO,0.000,0.350,1.929,1.800,True,True,False
41.600,classification,GAZEBO_FAKE_YOLO11S_CLASSIFICATION class=bird,PATROL_NAVIGATING mode=AUTO nav_goal=PATROL,AUTO,0.000,0.350,1.929,1.800,True,True,False
41.600,sound_state,IDLE_NO_REQUEST,PATROL_NAVIGATING mode=AUTO nav_goal=PATROL,AUTO,0.000,0.350,1.929,1.800,True,True,False
41.600,sound_done,False,PATROL_NAVIGATING mode=AUTO nav_goal=PATROL,AUTO,0.000,0.350,1.929,1.800,True,True,False
41.700,classification,GAZEBO_FAKE_YOLO11S_CLASSIFICATION class=bird,PATROL_NAVIGATING mode=AUTO nav_goal=PATROL,AUTO,0.000,0.350,1.929,1.800,True,True,False
41.700,bird_confirmed,True,PATROL_NAVIGATING mode=AUTO nav_goal=PATROL,AUTO,0.000,0.350,1.929,1.800,True,True,False
41.700,dynamic_target,count=1 x=4.11 y=0.20 z=3.33,PATROL_NAVIGATING mode=AUTO nav_goal=PATROL,AUTO,0.000,0.350,1.929,1.800,True,True,False
41.700,dynamic_lock,True,PATROL_NAVIGATING mode=AUTO nav_goal=PATROL,AUTO,0.000,0.350,1.929,1.800,True,True,False
41.700,object_goal_state,REJECT source=elevated_dynamic_target mission_type=REJECTED_ALREADY_INSPECTED target_already_inspected age=8.7s count=1 distance_xy=0.47 radius=1.50,PATROL_NAVIGATING mode=AUTO nav_goal=PATROL,AUTO,0.000,0.350,1.929,1.800,True,True,False
41.800,mission_state,PATROL_NAVIGATING mode=AUTO nav_goal=PATROL,PATROL_NAVIGATING mode=AUTO nav_goal=PATROL,AUTO,0.000,0.350,1.929,1.800,True,True,False
41.800,dynamic_target,count=1 x=4.11 y=0.20 z=3.33,PATROL_NAVIGATING mode=AUTO nav_goal=PATROL,AUTO,0.000,0.350,1.929,1.800,True,True,False
41.800,dynamic_lock,True,PATROL_NAVIGATING mode=AUTO nav_goal=PATROL,AUTO,0.000,0.350,1.929,1.800,True,True,False
41.800,classification,GAZEBO_FAKE_YOLO11S_CLASSIFICATION class=bird,PATROL_NAVIGATING mode=AUTO nav_goal=PATROL,AUTO,0.000,0.350,1.929,1.800,True,True,False
41.800,bird_confirmed,True,PATROL_NAVIGATING mode=AUTO nav_goal=PATROL,AUTO,0.000,0.350,1.929,1.800,True,True,False
41.800,object_goal_state,REJECT source=elevated_dynamic_target mission_type=REJECTED_ALREADY_INSPECTED target_already_inspected age=8.8s count=1 distance_xy=0.47 radius=1.50,PATROL_NAVIGATING mode=AUTO nav_goal=PATROL,AUTO,0.000,0.350,1.929,1.800,True,True,False
41.800,sound_state,IDLE_NO_REQUEST,PATROL_NAVIGATING mode=AUTO nav_goal=PATROL,AUTO,0.000,0.350,1.929,1.800,True,True,False
41.800,sound_done,False,PATROL_NAVIGATING mode=AUTO nav_goal=PATROL,AUTO,0.000,0.350,1.929,1.800,True,True,False
41.900,classification,GAZEBO_FAKE_YOLO11S_CLASSIFICATION class=bird,PATROL_NAVIGATING mode=AUTO nav_goal=PATROL,AUTO,0.000,0.350,1.928,1.801,True,True,False
41.900,bird_confirmed,True,PATROL_NAVIGATING mode=AUTO nav_goal=PATROL,AUTO,0.000,0.350,1.928,1.801,True,True,False
42.000,sound_state,IDLE_NO_REQUEST,PATROL_NAVIGATING mode=AUTO nav_goal=PATROL,AUTO,0.000,0.350,1.928,1.800,True,True,False
42.000,sound_done,False,PATROL_NAVIGATING mode=AUTO nav_goal=PATROL,AUTO,0.000,0.350,1.928,1.800,True,True,False
42.000,bird_confirmed,True,PATROL_NAVIGATING mode=AUTO nav_goal=PATROL,AUTO,0.000,0.350,1.928,1.800,True,True,False
42.000,classification,GAZEBO_FAKE_YOLO11S_CLASSIFICATION class=bird,PATROL_NAVIGATING mode=AUTO nav_goal=PATROL,AUTO,0.000,0.350,1.928,1.800,True,True,False
42.000,mission_state,PATROL_NAVIGATING mode=AUTO nav_goal=PATROL,PATROL_NAVIGATING mode=AUTO nav_goal=PATROL,AUTO,0.000,0.350,1.928,1.800,True,True,False
42.000,dynamic_target,count=1 x=4.09 y=0.19 z=3.33,PATROL_NAVIGATING mode=AUTO nav_goal=PATROL,AUTO,0.000,0.350,1.928,1.800,True,True,False
42.000,dynamic_lock,True,PATROL_NAVIGATING mode=AUTO nav_goal=PATROL,AUTO,0.000,0.350,1.928,1.800,True,True,False
42.000,object_goal_state,REJECT source=elevated_dynamic_target mission_type=REJECTED_ALREADY_INSPECTED target_already_inspected age=9.0s count=1 distance_xy=0.46 radius=1.50,PATROL_NAVIGATING mode=AUTO nav_goal=PATROL,AUTO,0.000,0.350,1.928,1.800,True,True,False
42.000,dynamic_target,count=1 x=4.09 y=0.19 z=3.33,PATROL_NAVIGATING mode=AUTO nav_goal=PATROL,AUTO,0.000,0.350,1.928,1.800,True,True,False
42.000,dynamic_lock,True,PATROL_NAVIGATING mode=AUTO nav_goal=PATROL,AUTO,0.000,0.350,1.928,1.800,True,True,False
42.000,object_goal_state,REJECT source=elevated_dynamic_target mission_type=REJECTED_ALREADY_INSPECTED target_already_inspected age=9.0s count=1 distance_xy=0.46 radius=1.50,PATROL_NAVIGATING mode=AUTO nav_goal=PATROL,AUTO,0.000,0.350,1.928,1.800,True,True,False
42.100,classification,GAZEBO_FAKE_YOLO11S_CLASSIFICATION class=bird,PATROL_NAVIGATING mode=AUTO nav_goal=PATROL,AUTO,0.000,0.350,1.927,1.800,True,True,False
42.100,bird_confirmed,True,PATROL_NAVIGATING mode=AUTO nav_goal=PATROL,AUTO,0.000,0.350,1.927,1.800,True,True,False
42.200,mission_state,PATROL_NAVIGATING mode=AUTO nav_goal=PATROL,PATROL_NAVIGATING mode=AUTO nav_goal=PATROL,AUTO,0.000,0.350,1.927,1.800,True,True,False
42.200,classification,GAZEBO_FAKE_YOLO11S_CLASSIFICATION class=bird,PATROL_NAVIGATING mode=AUTO nav_goal=PATROL,AUTO,0.000,0.350,1.927,1.800,True,True,False
42.200,bird_confirmed,True,PATROL_NAVIGATING mode=AUTO nav_goal=PATROL,AUTO,0.000,0.350,1.927,1.800,True,True,False
42.200,dynamic_target,count=1 x=4.09 y=0.19 z=3.33,PATROL_NAVIGATING mode=AUTO nav_goal=PATROL,AUTO,0.000,0.350,1.927,1.800,True,True,False
42.200,dynamic_lock,True,PATROL_NAVIGATING mode=AUTO nav_goal=PATROL,AUTO,0.000,0.350,1.927,1.800,True,True,False
42.200,sound_state,IDLE_NO_REQUEST,PATROL_NAVIGATING mode=AUTO nav_goal=PATROL,AUTO,0.000,0.350,1.927,1.800,True,True,False
42.200,sound_done,False,PATROL_NAVIGATING mode=AUTO nav_goal=PATROL,AUTO,0.000,0.350,1.927,1.800,True,True,False
42.200,object_goal_state,REJECT source=elevated_dynamic_target mission_type=REJECTED_ALREADY_INSPECTED target_already_inspected age=9.2s count=1 distance_xy=0.46 radius=1.50,PATROL_NAVIGATING mode=AUTO nav_goal=PATROL,AUTO,0.000,0.350,1.927,1.800,True,True,False
42.200,dynamic_target,count=1 x=4.08 y=0.19 z=3.33,PATROL_NAVIGATING mode=AUTO nav_goal=PATROL,AUTO,0.000,0.350,1.927,1.800,True,True,False
42.200,dynamic_lock,True,PATROL_NAVIGATING mode=AUTO nav_goal=PATROL,AUTO,0.000,0.350,1.927,1.800,True,True,False
42.200,object_goal_state,REJECT source=elevated_dynamic_target mission_type=REJECTED_ALREADY_INSPECTED target_already_inspected age=9.2s count=1 distance_xy=0.45 radius=1.50,PATROL_NAVIGATING mode=AUTO nav_goal=PATROL,AUTO,0.000,0.350,1.927,1.800,True,True,False
42.300,classification,GAZEBO_FAKE_YOLO11S_CLASSIFICATION class=bird,PATROL_NAVIGATING mode=AUTO nav_goal=PATROL,AUTO,0.000,0.350,1.926,1.800,True,True,False
42.300,bird_confirmed,True,PATROL_NAVIGATING mode=AUTO nav_goal=PATROL,AUTO,0.000,0.350,1.926,1.800,True,True,False
42.400,sound_done,False,PATROL_NAVIGATING mode=AUTO nav_goal=PATROL,AUTO,0.000,0.350,1.926,1.800,True,True,False
42.400,sound_state,IDLE_NO_REQUEST,PATROL_NAVIGATING mode=AUTO nav_goal=PATROL,AUTO,0.000,0.350,1.926,1.800,True,True,False
42.400,classification,GAZEBO_FAKE_YOLO11S_CLASSIFICATION class=bird,PATROL_NAVIGATING mode=AUTO nav_goal=PATROL,AUTO,0.000,0.350,1.926,1.800,True,True,False
42.400,bird_confirmed,True,PATROL_NAVIGATING mode=AUTO nav_goal=PATROL,AUTO,0.000,0.350,1.926,1.800,True,True,False
42.400,mission_state,PATROL_NAVIGATING mode=AUTO nav_goal=PATROL,PATROL_NAVIGATING mode=AUTO nav_goal=PATROL,AUTO,0.000,0.350,1.926,1.800,True,True,False
42.400,dynamic_target,count=1 x=4.06 y=0.20 z=3.33,PATROL_NAVIGATING mode=AUTO nav_goal=PATROL,AUTO,0.000,0.350,1.926,1.800,True,True,False
42.400,dynamic_lock,True,PATROL_NAVIGATING mode=AUTO nav_goal=PATROL,AUTO,0.000,0.350,1.926,1.800,True,True,False
42.400,object_goal_state,REJECT source=elevated_dynamic_target mission_type=REJECTED_ALREADY_INSPECTED target_already_inspected age=9.4s count=1 distance_xy=0.46 radius=1.50,PATROL_NAVIGATING mode=AUTO nav_goal=PATROL,AUTO,0.000,0.350,1.926,1.800,True,True,False
42.400,dynamic_target,count=1 x=4.06 y=0.20 z=3.33,PATROL_NAVIGATING mode=AUTO nav_goal=PATROL,AUTO,0.000,0.350,1.926,1.800,True,True,False
42.400,dynamic_lock,True,PATROL_NAVIGATING mode=AUTO nav_goal=PATROL,AUTO,0.000,0.350,1.926,1.800,True,True,False
42.400,object_goal_state,REJECT source=elevated_dynamic_target mission_type=REJECTED_ALREADY_INSPECTED target_already_inspected age=9.4s count=1 distance_xy=0.46 radius=1.50,PATROL_NAVIGATING mode=AUTO nav_goal=PATROL,AUTO,0.000,0.350,1.926,1.800,True,True,False
42.500,classification,GAZEBO_FAKE_YOLO11S_CLASSIFICATION class=bird,PATROL_NAVIGATING mode=AUTO nav_goal=PATROL,AUTO,0.000,0.350,1.925,1.800,True,True,False
42.500,bird_confirmed,True,PATROL_NAVIGATING mode=AUTO nav_goal=PATROL,AUTO,0.000,0.350,1.925,1.800,True,True,False
42.500,dynamic_target,count=1 x=4.04 y=0.20 z=3.32,PATROL_NAVIGATING mode=AUTO nav_goal=PATROL,AUTO,0.000,0.350,1.926,1.800,True,True,False
42.500,dynamic_lock,True,PATROL_NAVIGATING mode=AUTO nav_goal=PATROL,AUTO,0.000,0.350,1.926,1.800,True,True,False
42.500,object_goal_state,REJECT source=elevated_dynamic_target mission_type=REJECTED_ALREADY_INSPECTED target_already_inspected age=9.5s count=1 distance_xy=0.45 radius=1.50,PATROL_NAVIGATING mode=AUTO nav_goal=PATROL,AUTO,0.000,0.350,1.926,1.800,True,True,False
42.600,classification,GAZEBO_FAKE_YOLO11S_CLASSIFICATION class=bird,PATROL_NAVIGATING mode=AUTO nav_goal=PATROL,AUTO,0.000,0.350,1.925,1.800,True,True,False
42.600,bird_confirmed,True,PATROL_NAVIGATING mode=AUTO nav_goal=PATROL,AUTO,0.000,0.350,1.925,1.800,True,True,False
42.600,sound_done,False,PATROL_NAVIGATING mode=AUTO nav_goal=PATROL,AUTO,0.000,0.350,1.925,1.800,True,True,False
42.600,mission_state,PATROL_NAVIGATING mode=AUTO nav_goal=PATROL,PATROL_NAVIGATING mode=AUTO nav_goal=PATROL,AUTO,0.000,0.350,1.925,1.800,True,True,False
42.600,dynamic_target,count=1 x=4.04 y=0.20 z=3.32,PATROL_NAVIGATING mode=AUTO nav_goal=PATROL,AUTO,0.000,0.350,1.925,1.800,True,True,False
42.600,dynamic_lock,True,PATROL_NAVIGATING mode=AUTO nav_goal=PATROL,AUTO,0.000,0.350,1.925,1.800,True,True,False
42.600,sound_state,IDLE_NO_REQUEST,PATROL_NAVIGATING mode=AUTO nav_goal=PATROL,AUTO,0.000,0.350,1.925,1.800,True,True,False
42.600,object_goal_state,REJECT source=elevated_dynamic_target mission_type=REJECTED_ALREADY_INSPECTED target_already_inspected age=9.6s count=1 distance_xy=0.45 radius=1.50,PATROL_NAVIGATING mode=AUTO nav_goal=PATROL,AUTO,0.000,0.350,1.925,1.800,True,True,False
42.700,classification,GAZEBO_FAKE_YOLO11S_CLASSIFICATION class=bird,PATROL_NAVIGATING mode=AUTO nav_goal=PATROL,AUTO,0.000,0.350,1.925,1.800,True,True,False
42.700,bird_confirmed,True,PATROL_NAVIGATING mode=AUTO nav_goal=PATROL,AUTO,0.000,0.350,1.925,1.800,True,True,False
42.800,classification,GAZEBO_FAKE_YOLO11S_CLASSIFICATION class=bird,PATROL_NAVIGATING mode=AUTO nav_goal=PATROL,AUTO,0.000,0.350,1.926,1.800,True,True,False
42.800,bird_confirmed,True,PATROL_NAVIGATING mode=AUTO nav_goal=PATROL,AUTO,0.000,0.350,1.926,1.800,True,True,False
42.800,sound_done,False,PATROL_NAVIGATING mode=AUTO nav_goal=PATROL,AUTO,0.000,0.350,1.926,1.800,True,True,False
42.800,sound_state,IDLE_NO_REQUEST,PATROL_NAVIGATING mode=AUTO nav_goal=PATROL,AUTO,0.000,0.350,1.926,1.800,True,True,False
42.800,mission_state,PATROL_NAVIGATING mode=AUTO nav_goal=PATROL,PATROL_NAVIGATING mode=AUTO nav_goal=PATROL,AUTO,0.000,0.350,1.926,1.800,True,True,False
42.800,dynamic_target,count=1 x=4.02 y=0.20 z=3.32,PATROL_NAVIGATING mode=AUTO nav_goal=PATROL,AUTO,0.000,0.350,1.926,1.800,True,True,False
42.800,dynamic_lock,True,PATROL_NAVIGATING mode=AUTO nav_goal=PATROL,AUTO,0.000,0.350,1.926,1.800,True,True,False
42.800,object_goal_state,REJECT source=elevated_dynamic_target mission_type=REJECTED_ALREADY_INSPECTED target_already_inspected age=9.8s count=1 distance_xy=0.44 radius=1.50,PATROL_NAVIGATING mode=AUTO nav_goal=PATROL,AUTO,0.000,0.350,1.926,1.800,True,True,False
42.800,dynamic_target,count=1 x=4.02 y=0.20 z=3.32,PATROL_NAVIGATING mode=AUTO nav_goal=PATROL,AUTO,0.000,0.350,1.926,1.800,True,True,False
42.800,dynamic_lock,True,PATROL_NAVIGATING mode=AUTO nav_goal=PATROL,AUTO,0.000,0.350,1.926,1.800,True,True,False
42.800,object_goal_state,REJECT source=elevated_dynamic_target mission_type=REJECTED_ALREADY_INSPECTED target_already_inspected age=9.8s count=1 distance_xy=0.44 radius=1.50,PATROL_NAVIGATING mode=AUTO nav_goal=PATROL,AUTO,0.000,0.350,1.926,1.800,True,True,False
42.900,classification,GAZEBO_FAKE_YOLO11S_CLASSIFICATION class=bird,PATROL_NAVIGATING mode=AUTO nav_goal=PATROL,AUTO,0.000,0.350,1.925,1.800,True,True,False
42.900,bird_confirmed,True,PATROL_NAVIGATING mode=AUTO nav_goal=PATROL,AUTO,0.000,0.350,1.925,1.800,True,True,False
43.000,classification,GAZEBO_FAKE_YOLO11S_CLASSIFICATION class=bird,PATROL_NAVIGATING mode=AUTO nav_goal=PATROL,AUTO,0.000,0.350,1.926,1.799,True,True,False
43.000,bird_confirmed,True,PATROL_NAVIGATING mode=AUTO nav_goal=PATROL,AUTO,0.000,0.350,1.926,1.799,True,True,False
43.000,sound_done,False,PATROL_NAVIGATING mode=AUTO nav_goal=PATROL,AUTO,0.000,0.350,1.926,1.799,True,True,False
43.000,sound_state,IDLE_NO_REQUEST,PATROL_NAVIGATING mode=AUTO nav_goal=PATROL,AUTO,0.000,0.350,1.926,1.799,True,True,False
43.000,mission_state,PATROL_NAVIGATING mode=AUTO nav_goal=PATROL,PATROL_NAVIGATING mode=AUTO nav_goal=PATROL,AUTO,0.000,0.350,1.926,1.799,True,True,False
43.000,dynamic_target,count=1 x=4.01 y=0.21 z=3.32,PATROL_NAVIGATING mode=AUTO nav_goal=PATROL,AUTO,0.000,0.350,1.925,1.799,True,True,False
43.000,dynamic_lock,True,PATROL_NAVIGATING mode=AUTO nav_goal=PATROL,AUTO,0.000,0.350,1.925,1.799,True,True,False
43.000,object_goal_state,REJECT source=elevated_dynamic_target mission_type=REJECTED_ALREADY_INSPECTED target_already_inspected age=10.0s count=1 distance_xy=0.45 radius=1.50,PATROL_NAVIGATING mode=AUTO nav_goal=PATROL,AUTO,0.000,0.350,1.925,1.799,True,True,False
43.000,dynamic_target,count=1 x=4.01 y=0.21 z=3.32,PATROL_NAVIGATING mode=AUTO nav_goal=PATROL,AUTO,0.000,0.350,1.925,1.799,True,True,False
43.000,dynamic_lock,True,PATROL_NAVIGATING mode=AUTO nav_goal=PATROL,AUTO,0.000,0.350,1.925,1.799,True,True,False
43.000,object_goal_state,REJECT source=elevated_dynamic_target mission_type=REJECTED_ALREADY_INSPECTED target_already_inspected age=10.0s count=1 distance_xy=0.45 radius=1.50,PATROL_NAVIGATING mode=AUTO nav_goal=PATROL,AUTO,0.000,0.350,1.925,1.799,True,True,False
43.100,classification,GAZEBO_FAKE_YOLO11S_CLASSIFICATION class=bird,PATROL_NAVIGATING mode=AUTO nav_goal=PATROL,AUTO,0.000,0.350,1.925,1.799,True,True,False
43.100,bird_confirmed,True,PATROL_NAVIGATING mode=AUTO nav_goal=PATROL,AUTO,0.000,0.350,1.925,1.799,True,True,False
43.100,dynamic_target,count=1 x=4.00 y=0.17 z=3.32,PATROL_NAVIGATING mode=AUTO nav_goal=PATROL,AUTO,0.000,0.350,1.925,1.799,True,True,False
43.100,dynamic_lock,True,PATROL_NAVIGATING mode=AUTO nav_goal=PATROL,AUTO,0.000,0.350,1.925,1.799,True,True,False
43.100,object_goal_state,REJECT source=elevated_dynamic_target mission_type=REJECTED_ALREADY_INSPECTED target_already_inspected age=10.1s count=1 distance_xy=0.41 radius=1.50,PATROL_NAVIGATING mode=AUTO nav_goal=PATROL,AUTO,0.000,0.350,1.925,1.799,True,True,False
43.200,classification,GAZEBO_FAKE_YOLO11S_CLASSIFICATION class=bird,PATROL_NAVIGATING mode=AUTO nav_goal=PATROL,AUTO,0.000,0.350,1.925,1.799,True,True,False
43.200,bird_confirmed,True,PATROL_NAVIGATING mode=AUTO nav_goal=PATROL,AUTO,0.000,0.350,1.925,1.799,True,True,False
43.200,sound_state,IDLE_NO_REQUEST,PATROL_NAVIGATING mode=AUTO nav_goal=PATROL,AUTO,0.000,0.350,1.925,1.799,True,True,False
43.200,sound_done,False,PATROL_NAVIGATING mode=AUTO nav_goal=PATROL,AUTO,0.000,0.350,1.925,1.799,True,True,False
43.200,mission_state,PATROL_NAVIGATING mode=AUTO nav_goal=PATROL,PATROL_NAVIGATING mode=AUTO nav_goal=PATROL,AUTO,0.000,0.350,1.925,1.799,True,True,False
43.200,dynamic_target,count=1 x=4.00 y=0.17 z=3.32,PATROL_NAVIGATING mode=AUTO nav_goal=PATROL,AUTO,0.000,0.350,1.925,1.799,True,True,False
43.200,dynamic_lock,True,PATROL_NAVIGATING mode=AUTO nav_goal=PATROL,AUTO,0.000,0.350,1.925,1.799,True,True,False
43.200,object_goal_state,REJECT source=elevated_dynamic_target mission_type=REJECTED_ALREADY_INSPECTED target_already_inspected age=10.2s count=1 distance_xy=0.41 radius=1.50,PATROL_NAVIGATING mode=AUTO nav_goal=PATROL,AUTO,0.000,0.350,1.925,1.799,True,True,False
43.300,classification,GAZEBO_FAKE_YOLO11S_CLASSIFICATION class=bird,PATROL_NAVIGATING mode=AUTO nav_goal=PATROL,AUTO,0.000,0.350,1.925,1.799,True,True,False
43.300,bird_confirmed,True,PATROL_NAVIGATING mode=AUTO nav_goal=PATROL,AUTO,0.000,0.350,1.925,1.799,True,True,False
43.300,dynamic_target,count=1 x=3.99 y=0.18 z=3.32,PATROL_NAVIGATING mode=AUTO nav_goal=PATROL,AUTO,0.000,0.350,1.925,1.798,True,True,False
43.300,dynamic_lock,True,PATROL_NAVIGATING mode=AUTO nav_goal=PATROL,AUTO,0.000,0.350,1.925,1.798,True,True,False
43.300,object_goal_state,REJECT source=elevated_dynamic_target mission_type=REJECTED_ALREADY_INSPECTED target_already_inspected age=10.3s count=1 distance_xy=0.42 radius=1.50,PATROL_NAVIGATING mode=AUTO nav_goal=PATROL,AUTO,0.000,0.350,1.925,1.798,True,True,False
43.400,sound_state,IDLE_NO_REQUEST,PATROL_NAVIGATING mode=AUTO nav_goal=PATROL,AUTO,0.000,0.350,1.925,1.798,True,True,False
43.400,sound_done,False,PATROL_NAVIGATING mode=AUTO nav_goal=PATROL,AUTO,0.000,0.350,1.925,1.798,True,True,False
43.400,classification,GAZEBO_FAKE_YOLO11S_CLASSIFICATION class=bird,PATROL_NAVIGATING mode=AUTO nav_goal=PATROL,AUTO,0.000,0.350,1.925,1.798,True,True,False
43.400,bird_confirmed,True,PATROL_NAVIGATING mode=AUTO nav_goal=PATROL,AUTO,0.000,0.350,1.925,1.798,True,True,False
43.400,mission_state,PATROL_NAVIGATING mode=AUTO nav_goal=PATROL,PATROL_NAVIGATING mode=AUTO nav_goal=PATROL,AUTO,0.000,0.350,1.925,1.798,True,True,False
43.400,dynamic_target,count=1 x=3.98 y=0.13 z=3.31,PATROL_NAVIGATING mode=AUTO nav_goal=PATROL,AUTO,0.000,0.350,1.925,1.798,True,True,False
43.400,dynamic_lock,True,PATROL_NAVIGATING mode=AUTO nav_goal=PATROL,AUTO,0.000,0.350,1.925,1.798,True,True,False
43.400,object_goal_state,REJECT source=elevated_dynamic_target mission_type=REJECTED_ALREADY_INSPECTED target_already_inspected age=10.4s count=1 distance_xy=0.37 radius=1.50,PATROL_NAVIGATING mode=AUTO nav_goal=PATROL,AUTO,0.000,0.350,1.925,1.798,True,True,False
43.400,dynamic_target,count=1 x=3.98 y=0.13 z=3.31,PATROL_NAVIGATING mode=AUTO nav_goal=PATROL,AUTO,0.000,0.350,1.925,1.798,True,True,False
43.400,dynamic_lock,True,PATROL_NAVIGATING mode=AUTO nav_goal=PATROL,AUTO,0.000,0.350,1.925,1.798,True,True,False
43.400,object_goal_state,REJECT source=elevated_dynamic_target mission_type=REJECTED_ALREADY_INSPECTED target_already_inspected age=10.4s count=1 distance_xy=0.37 radius=1.50,PATROL_NAVIGATING mode=AUTO nav_goal=PATROL,AUTO,0.000,0.350,1.925,1.798,True,True,False
43.500,bird_confirmed,True,PATROL_NAVIGATING mode=AUTO nav_goal=PATROL,AUTO,0.000,0.350,1.925,1.798,True,True,False
43.500,classification,GAZEBO_FAKE_YOLO11S_CLASSIFICATION class=bird,PATROL_NAVIGATING mode=AUTO nav_goal=PATROL,AUTO,0.000,0.350,1.925,1.798,True,True,False
43.600,mission_state,PATROL_NAVIGATING mode=AUTO nav_goal=PATROL,PATROL_NAVIGATING mode=AUTO nav_goal=PATROL,AUTO,0.000,0.350,1.925,1.797,True,True,False
43.600,sound_done,False,PATROL_NAVIGATING mode=AUTO nav_goal=PATROL,AUTO,0.000,0.350,1.925,1.797,True,True,False
43.600,classification,GAZEBO_FAKE_YOLO11S_CLASSIFICATION class=bird,PATROL_NAVIGATING mode=AUTO nav_goal=PATROL,AUTO,0.000,0.350,1.925,1.797,True,True,False
43.600,bird_confirmed,True,PATROL_NAVIGATING mode=AUTO nav_goal=PATROL,AUTO,0.000,0.350,1.925,1.797,True,True,False
43.600,sound_state,IDLE_NO_REQUEST,PATROL_NAVIGATING mode=AUTO nav_goal=PATROL,AUTO,0.000,0.350,1.925,1.797,True,True,False
43.600,object_goal_state,REJECT source=elevated_dynamic_target mission_type=REJECTED_ALREADY_INSPECTED target_already_inspected age=10.6s count=1 distance_xy=0.38 radius=1.50,PATROL_NAVIGATING mode=AUTO nav_goal=PATROL,AUTO,0.000,0.350,1.926,1.797,True,True,False
43.600,dynamic_target,count=1 x=3.98 y=0.15 z=3.31,PATROL_NAVIGATING mode=AUTO nav_goal=PATROL,AUTO,0.000,0.350,1.926,1.797,True,True,False
43.600,dynamic_lock,True,PATROL_NAVIGATING mode=AUTO nav_goal=PATROL,AUTO,0.000,0.350,1.926,1.797,True,True,False
43.600,dynamic_target,count=1 x=3.98 y=0.15 z=3.31,PATROL_NAVIGATING mode=AUTO nav_goal=PATROL,AUTO,0.000,0.350,1.926,1.797,True,True,False
43.600,dynamic_lock,True,PATROL_NAVIGATING mode=AUTO nav_goal=PATROL,AUTO,0.000,0.350,1.926,1.797,True,True,False
43.600,object_goal_state,REJECT source=elevated_dynamic_target mission_type=REJECTED_ALREADY_INSPECTED target_already_inspected age=10.6s count=1 distance_xy=0.38 radius=1.50,PATROL_NAVIGATING mode=AUTO nav_goal=PATROL,AUTO,0.000,0.350,1.926,1.797,True,True,False
43.700,bird_confirmed,True,PATROL_NAVIGATING mode=AUTO nav_goal=PATROL,AUTO,0.000,0.350,1.925,1.797,True,True,False
43.700,classification,GAZEBO_FAKE_YOLO11S_CLASSIFICATION class=bird,PATROL_NAVIGATING mode=AUTO nav_goal=PATROL,AUTO,0.000,0.350,1.925,1.797,True,True,False
43.800,sound_done,False,PATROL_NAVIGATING mode=AUTO nav_goal=PATROL,AUTO,0.000,0.350,1.925,1.796,True,True,False
43.800,dynamic_target,count=1 x=3.98 y=0.15 z=3.31,PATROL_NAVIGATING mode=AUTO nav_goal=PATROL,AUTO,0.000,0.350,1.925,1.796,True,True,False
43.800,dynamic_lock,True,PATROL_NAVIGATING mode=AUTO nav_goal=PATROL,AUTO,0.000,0.350,1.925,1.796,True,True,False
43.800,sound_state,IDLE_NO_REQUEST,PATROL_NAVIGATING mode=AUTO nav_goal=PATROL,AUTO,0.000,0.350,1.925,1.796,True,True,False
43.800,mission_state,PATROL_NAVIGATING mode=AUTO nav_goal=PATROL,PATROL_NAVIGATING mode=AUTO nav_goal=PATROL,AUTO,0.000,0.350,1.925,1.796,True,True,False
43.800,object_goal_state,REJECT source=elevated_dynamic_target mission_type=REJECTED_ALREADY_INSPECTED target_already_inspected age=10.8s count=1 distance_xy=0.38 radius=1.50,PATROL_NAVIGATING mode=AUTO nav_goal=PATROL,AUTO,0.000,0.350,1.925,1.796,True,True,False
43.800,classification,GAZEBO_FAKE_YOLO11S_CLASSIFICATION class=bird,PATROL_NAVIGATING mode=AUTO nav_goal=PATROL,AUTO,0.000,0.350,1.925,1.796,True,True,False
43.800,bird_confirmed,True,PATROL_NAVIGATING mode=AUTO nav_goal=PATROL,AUTO,0.000,0.350,1.925,1.796,True,True,False
43.800,dynamic_target,count=1 x=3.98 y=0.16 z=3.31,PATROL_NAVIGATING mode=AUTO nav_goal=PATROL,AUTO,0.000,0.350,1.925,1.796,True,True,False
43.800,dynamic_lock,True,PATROL_NAVIGATING mode=AUTO nav_goal=PATROL,AUTO,0.000,0.350,1.925,1.796,True,True,False
43.800,object_goal_state,REJECT source=elevated_dynamic_target mission_type=REJECTED_ALREADY_INSPECTED target_already_inspected age=10.8s count=1 distance_xy=0.40 radius=1.50,PATROL_NAVIGATING mode=AUTO nav_goal=PATROL,AUTO,0.000,0.350,1.925,1.796,True,True,False
43.900,classification,GAZEBO_FAKE_YOLO11S_CLASSIFICATION class=bird,PATROL_NAVIGATING mode=AUTO nav_goal=PATROL,AUTO,0.000,0.350,1.925,1.796,True,True,False
43.900,bird_confirmed,True,PATROL_NAVIGATING mode=AUTO nav_goal=PATROL,AUTO,0.000,0.350,1.925,1.796,True,True,False
44.000,bird_confirmed,True,PATROL_NAVIGATING mode=AUTO nav_goal=PATROL,AUTO,0.000,0.350,1.926,1.796,True,True,False
44.000,classification,GAZEBO_FAKE_YOLO11S_CLASSIFICATION class=bird,PATROL_NAVIGATING mode=AUTO nav_goal=PATROL,AUTO,0.000,0.350,1.926,1.796,True,True,False
44.000,sound_state,IDLE_NO_REQUEST,PATROL_NAVIGATING mode=AUTO nav_goal=PATROL,AUTO,0.000,0.350,1.926,1.796,True,True,False
44.000,sound_done,False,PATROL_NAVIGATING mode=AUTO nav_goal=PATROL,AUTO,0.000,0.350,1.926,1.796,True,True,False
44.000,dynamic_target,count=1 x=3.98 y=0.16 z=3.31,PATROL_NAVIGATING mode=AUTO nav_goal=PATROL,AUTO,0.000,0.350,1.926,1.796,True,True,False
44.000,dynamic_lock,True,PATROL_NAVIGATING mode=AUTO nav_goal=PATROL,AUTO,0.000,0.350,1.926,1.796,True,True,False
44.000,object_goal_state,REJECT source=elevated_dynamic_target mission_type=REJECTED_ALREADY_INSPECTED target_already_inspected age=11.0s count=1 distance_xy=0.40 radius=1.50,PATROL_NAVIGATING mode=AUTO nav_goal=PATROL,AUTO,0.000,0.350,1.926,1.796,True,True,False
44.000,mission_state,PATROL_NAVIGATING mode=AUTO nav_goal=PATROL,PATROL_NAVIGATING mode=AUTO nav_goal=PATROL,AUTO,0.000,0.350,1.926,1.796,True,True,False
44.100,bird_confirmed,True,PATROL_NAVIGATING mode=AUTO nav_goal=PATROL,AUTO,0.000,0.350,1.927,1.795,True,True,False
44.100,classification,GAZEBO_FAKE_YOLO11S_CLASSIFICATION class=bird,PATROL_NAVIGATING mode=AUTO nav_goal=PATROL,AUTO,0.000,0.350,1.927,1.795,True,True,False
44.200,sound_done,False,PATROL_NAVIGATING mode=AUTO nav_goal=PATROL,AUTO,0.000,0.350,1.927,1.795,True,True,False
44.200,dynamic_target,count=1 x=3.98 y=0.16 z=3.31,PATROL_NAVIGATING mode=AUTO nav_goal=PATROL,AUTO,0.000,0.350,1.927,1.795,True,True,False
44.200,dynamic_lock,True,PATROL_NAVIGATING mode=AUTO nav_goal=PATROL,AUTO,0.000,0.350,1.927,1.795,True,True,False
44.200,classification,GAZEBO_FAKE_YOLO11S_CLASSIFICATION class=bird,PATROL_NAVIGATING mode=AUTO nav_goal=PATROL,AUTO,0.000,0.350,1.927,1.795,True,True,False
44.200,bird_confirmed,True,PATROL_NAVIGATING mode=AUTO nav_goal=PATROL,AUTO,0.000,0.350,1.927,1.795,True,True,False
44.200,sound_state,IDLE_NO_REQUEST,PATROL_NAVIGATING mode=AUTO nav_goal=PATROL,AUTO,0.000,0.350,1.927,1.795,True,True,False
44.200,object_goal_state,REJECT source=elevated_dynamic_target mission_type=REJECTED_ALREADY_INSPECTED target_already_inspected age=11.2s count=1 distance_xy=0.40 radius=1.50,PATROL_NAVIGATING mode=AUTO nav_goal=PATROL,AUTO,0.000,0.350,1.927,1.795,True,True,False
44.200,mission_state,PATROL_NAVIGATING mode=AUTO nav_goal=PATROL,PATROL_NAVIGATING mode=AUTO nav_goal=PATROL,AUTO,0.000,0.350,1.926,1.795,True,True,False
44.300,classification,GAZEBO_FAKE_YOLO11S_CLASSIFICATION class=bird,PATROL_NAVIGATING mode=AUTO nav_goal=PATROL,AUTO,0.000,0.350,1.927,1.795,True,True,False
44.300,bird_confirmed,True,PATROL_NAVIGATING mode=AUTO nav_goal=PATROL,AUTO,0.000,0.350,1.927,1.795,True,True,False
44.300,dynamic_target,count=1 x=4.10 y=0.22 z=3.30,PATROL_NAVIGATING mode=AUTO nav_goal=PATROL,AUTO,0.000,0.350,1.927,1.795,True,True,False
44.300,dynamic_lock,True,PATROL_NAVIGATING mode=AUTO nav_goal=PATROL,AUTO,0.000,0.350,1.927,1.795,True,True,False
44.300,object_goal_state,REJECT source=elevated_dynamic_target mission_type=REJECTED_ALREADY_INSPECTED target_already_inspected age=11.3s count=1 distance_xy=0.49 radius=1.50,PATROL_NAVIGATING mode=AUTO nav_goal=PATROL,AUTO,0.000,0.350,1.927,1.795,True,True,False
44.400,classification,GAZEBO_FAKE_YOLO11S_CLASSIFICATION class=bird,PATROL_NAVIGATING mode=AUTO nav_goal=PATROL,AUTO,0.000,0.350,1.927,1.795,True,True,False
44.400,bird_confirmed,True,PATROL_NAVIGATING mode=AUTO nav_goal=PATROL,AUTO,0.000,0.350,1.927,1.795,True,True,False
44.400,sound_state,IDLE_NO_REQUEST,PATROL_NAVIGATING mode=AUTO nav_goal=PATROL,AUTO,0.000,0.350,1.927,1.795,True,True,False
44.400,sound_done,False,PATROL_NAVIGATING mode=AUTO nav_goal=PATROL,AUTO,0.000,0.350,1.927,1.795,True,True,False
44.400,mission_state,PATROL_NAVIGATING mode=AUTO nav_goal=PATROL,PATROL_NAVIGATING mode=AUTO nav_goal=PATROL,AUTO,0.000,0.350,1.927,1.795,True,True,False
44.400,dynamic_target,count=1 x=4.07 y=0.20 z=3.30,PATROL_NAVIGATING mode=AUTO nav_goal=PATROL,AUTO,0.000,0.350,1.927,1.794,True,True,False
44.400,dynamic_lock,True,PATROL_NAVIGATING mode=AUTO nav_goal=PATROL,AUTO,0.000,0.350,1.927,1.794,True,True,False
44.400,object_goal_state,REJECT source=elevated_dynamic_target mission_type=REJECTED_ALREADY_INSPECTED target_already_inspected age=11.4s count=1 distance_xy=0.45 radius=1.50,PATROL_NAVIGATING mode=AUTO nav_goal=PATROL,AUTO,0.000,0.350,1.927,1.794,True,True,False
44.400,dynamic_target,count=1 x=4.07 y=0.20 z=3.30,PATROL_NAVIGATING mode=AUTO nav_goal=PATROL,AUTO,0.000,0.350,1.927,1.794,True,True,False
44.400,dynamic_lock,True,PATROL_NAVIGATING mode=AUTO nav_goal=PATROL,AUTO,0.000,0.350,1.927,1.794,True,True,False
44.400,object_goal_state,REJECT source=elevated_dynamic_target mission_type=REJECTED_ALREADY_INSPECTED target_already_inspected age=11.4s count=1 distance_xy=0.45 radius=1.50,PATROL_NAVIGATING mode=AUTO nav_goal=PATROL,AUTO,0.000,0.350,1.927,1.794,True,True,False
44.500,classification,GAZEBO_FAKE_YOLO11S_CLASSIFICATION class=bird,PATROL_NAVIGATING mode=AUTO nav_goal=PATROL,AUTO,0.000,0.350,1.927,1.794,True,True,False
44.500,bird_confirmed,True,PATROL_NAVIGATING mode=AUTO nav_goal=PATROL,AUTO,0.000,0.350,1.927,1.794,True,True,False
44.600,sound_state,IDLE_NO_REQUEST,PATROL_NAVIGATING mode=AUTO nav_goal=PATROL,AUTO,0.000,0.350,1.927,1.794,True,True,False
44.600,sound_done,False,PATROL_NAVIGATING mode=AUTO nav_goal=PATROL,AUTO,0.000,0.350,1.927,1.794,True,True,False
44.600,mission_state,PATROL_NAVIGATING mode=AUTO nav_goal=PATROL,PATROL_NAVIGATING mode=AUTO nav_goal=PATROL,AUTO,0.000,0.350,1.927,1.794,True,True,False
44.600,classification,GAZEBO_FAKE_YOLO11S_CLASSIFICATION class=bird,PATROL_NAVIGATING mode=AUTO nav_goal=PATROL,AUTO,0.000,0.350,1.927,1.794,True,True,False
44.600,bird_confirmed,True,PATROL_NAVIGATING mode=AUTO nav_goal=PATROL,AUTO,0.000,0.350,1.927,1.794,True,True,False
44.600,dynamic_target,count=1 x=4.20 y=0.25 z=3.30,PATROL_NAVIGATING mode=AUTO nav_goal=PATROL,AUTO,0.000,0.350,1.926,1.794,True,True,False
44.600,dynamic_lock,True,PATROL_NAVIGATING mode=AUTO nav_goal=PATROL,AUTO,0.000,0.350,1.926,1.794,True,True,False
44.600,object_goal_state,REJECT source=elevated_dynamic_target mission_type=REJECTED_ALREADY_INSPECTED target_already_inspected age=11.6s count=1 distance_xy=0.55 radius=1.50,PATROL_NAVIGATING mode=AUTO nav_goal=PATROL,AUTO,0.000,0.350,1.926,1.794,True,True,False
44.600,dynamic_target,count=1 x=4.20 y=0.25 z=3.30,PATROL_NAVIGATING mode=AUTO nav_goal=PATROL,AUTO,0.000,0.350,1.926,1.794,True,True,False
44.600,dynamic_lock,True,PATROL_NAVIGATING mode=AUTO nav_goal=PATROL,AUTO,0.000,0.350,1.926,1.794,True,True,False
44.600,object_goal_state,REJECT source=elevated_dynamic_target mission_type=REJECTED_ALREADY_INSPECTED target_already_inspected age=11.6s count=1 distance_xy=0.55 radius=1.50,PATROL_NAVIGATING mode=AUTO nav_goal=PATROL,AUTO,0.000,0.350,1.926,1.794,True,True,False
44.700,classification,GAZEBO_FAKE_YOLO11S_CLASSIFICATION class=bird,PATROL_NAVIGATING mode=AUTO nav_goal=PATROL,AUTO,0.000,0.350,1.926,1.794,True,True,False
44.700,bird_confirmed,True,PATROL_NAVIGATING mode=AUTO nav_goal=PATROL,AUTO,0.000,0.350,1.926,1.794,True,True,False
44.700,dynamic_target,count=1 x=4.13 y=0.19 z=3.30,PATROL_NAVIGATING mode=AUTO nav_goal=PATROL,AUTO,0.000,0.350,1.926,1.793,True,True,False
44.700,dynamic_lock,True,PATROL_NAVIGATING mode=AUTO nav_goal=PATROL,AUTO,0.000,0.350,1.926,1.793,True,True,False
44.700,object_goal_state,REJECT source=elevated_dynamic_target mission_type=REJECTED_ALREADY_INSPECTED target_already_inspected age=11.7s count=1 distance_xy=0.47 radius=1.50,PATROL_NAVIGATING mode=AUTO nav_goal=PATROL,AUTO,0.000,0.350,1.926,1.793,True,True,False
44.800,mission_state,PATROL_NAVIGATING mode=AUTO nav_goal=PATROL,PATROL_NAVIGATING mode=AUTO nav_goal=PATROL,AUTO,0.000,0.350,1.926,1.793,True,True,False
44.800,dynamic_target,count=1 x=4.13 y=0.19 z=3.30,PATROL_NAVIGATING mode=AUTO nav_goal=PATROL,AUTO,0.000,0.350,1.926,1.793,True,True,False
44.800,dynamic_lock,True,PATROL_NAVIGATING mode=AUTO nav_goal=PATROL,AUTO,0.000,0.350,1.926,1.793,True,True,False
44.800,classification,GAZEBO_FAKE_YOLO11S_CLASSIFICATION class=bird,PATROL_NAVIGATING mode=AUTO nav_goal=PATROL,AUTO,0.000,0.350,1.926,1.793,True,True,False
44.800,bird_confirmed,True,PATROL_NAVIGATING mode=AUTO nav_goal=PATROL,AUTO,0.000,0.350,1.926,1.793,True,True,False
44.800,sound_state,IDLE_NO_REQUEST,PATROL_NAVIGATING mode=AUTO nav_goal=PATROL,AUTO,0.000,0.350,1.926,1.793,True,True,False
44.800,sound_done,False,PATROL_NAVIGATING mode=AUTO nav_goal=PATROL,AUTO,0.000,0.350,1.926,1.793,True,True,False
44.800,object_goal_state,REJECT source=elevated_dynamic_target mission_type=REJECTED_ALREADY_INSPECTED target_already_inspected age=11.8s count=1 distance_xy=0.47 radius=1.50,PATROL_NAVIGATING mode=AUTO nav_goal=PATROL,AUTO,0.000,0.350,1.926,1.793,True,True,False
44.900,classification,GAZEBO_FAKE_YOLO11S_CLASSIFICATION class=bird,PATROL_NAVIGATING mode=AUTO nav_goal=PATROL,AUTO,0.000,0.350,1.927,1.793,True,True,False
44.900,bird_confirmed,True,PATROL_NAVIGATING mode=AUTO nav_goal=PATROL,AUTO,0.000,0.350,1.927,1.793,True,True,False
45.000,sound_state,IDLE_NO_REQUEST,PATROL_NAVIGATING mode=AUTO nav_goal=PATROL,AUTO,0.000,0.350,1.927,1.793,True,True,False
45.000,sound_done,False,PATROL_NAVIGATING mode=AUTO nav_goal=PATROL,AUTO,0.000,0.350,1.927,1.793,True,True,False
45.000,mission_state,PATROL_NAVIGATING mode=AUTO nav_goal=PATROL,PATROL_NAVIGATING mode=AUTO nav_goal=PATROL,AUTO,0.000,0.350,1.927,1.793,True,True,False
45.000,dynamic_target,count=1 x=4.13 y=0.19 z=3.30,PATROL_NAVIGATING mode=AUTO nav_goal=PATROL,AUTO,0.000,0.350,1.927,1.793,True,True,False
45.000,dynamic_lock,True,PATROL_NAVIGATING mode=AUTO nav_goal=PATROL,AUTO,0.000,0.350,1.927,1.793,True,True,False
45.000,classification,GAZEBO_FAKE_YOLO11S_CLASSIFICATION class=bird,PATROL_NAVIGATING mode=AUTO nav_goal=PATROL,AUTO,0.000,0.350,1.927,1.793,True,True,False
45.000,bird_confirmed,True,PATROL_NAVIGATING mode=AUTO nav_goal=PATROL,AUTO,0.000,0.350,1.927,1.793,True,True,False
45.000,object_goal_state,REJECT source=elevated_dynamic_target mission_type=REJECTED_ALREADY_INSPECTED target_already_inspected age=12.0s count=1 distance_xy=0.47 radius=1.50,PATROL_NAVIGATING mode=AUTO nav_goal=PATROL,AUTO,0.000,0.350,1.927,1.793,True,True,False
45.100,classification,GAZEBO_FAKE_YOLO11S_CLASSIFICATION class=bird,PATROL_NAVIGATING mode=AUTO nav_goal=PATROL,AUTO,0.000,0.350,1.927,1.793,True,True,False
45.100,bird_confirmed,True,PATROL_NAVIGATING mode=AUTO nav_goal=PATROL,AUTO,0.000,0.350,1.927,1.793,True,True,False
