time_sec,trial_id,goal_x,goal_y,goal_yaw,robot_x,robot_y,robot_yaw,target_error_m,nav_state,nav_success
1.9000000000000001,1,nan,nan,nan,1.3969267968650826e-19,3.8163251738441098e-25,-3.887871057083844e-24,nan,IDLE_NO_GOAL,False
1.9000000000000001,1,nan,nan,nan,1.3969267968650826e-19,3.8163251738441098e-25,-3.887871057083844e-24,nan,IDLE_NO_GOAL,False
1.9000000000000001,1,4.0,0.0,0.0,1.3969267968650826e-19,3.8163251738441098e-25,-3.887871057083844e-24,4.0,GOAL_RECEIVED frame=odom x=4.000 y=0.000,False
2.0,1,4.0,0.0,0.0,-2.225241114925336e-19,1.5677490144636132e-23,6.224933615469759e-24,4.0,TRACKING distance=4.000 heading_error=0.000 linear=0.035 angular=0.000 ,False
2.0,1,4.0,0.0,0.0,-2.225241114925336e-19,1.5677490144636132e-23,6.224933615469759e-24,4.0,TRACKING distance=4.000 heading_error=0.000 linear=0.052 angular=0.000 ,False
2.1,1,4.0,0.0,0.0,1.2328211728493797e-05,3.241906906896924e-06,-5.013840889863002e-05,3.9999876717895853,TRACKING distance=4.000 heading_error=0.000 linear=0.087 angular=0.000 ,False
2.1,1,4.0,0.0,0.0,1.2328211728493797e-05,3.241906906896924e-06,-5.013840889863002e-05,3.9999876717895853,TRACKING distance=4.000 heading_error=0.000 linear=0.105 angular=0.000 ,False
2.2,1,4.0,0.0,0.0,1.4481766794768801e-05,3.6974445437183202e-06,-6.315218763107117e-05,3.999985518234914,TRACKING distance=4.000 heading_error=0.000 linear=0.140 angular=0.000 ,False
2.2,1,4.0,0.0,0.0,1.4481766794768801e-05,3.6974445437183202e-06,-6.315218763107117e-05,3.999985518234914,TRACKING distance=4.000 heading_error=0.000 linear=0.158 angular=0.000 ,False
2.3000000000000003,1,4.0,0.0,0.0,0.007139116905942613,4.314014384134216e-06,-6.407864398553756e-05,3.992860883096388,TRACKING distance=3.993 heading_error=0.000 linear=0.193 angular=0.000 ,False
2.3000000000000003,1,4.0,0.0,0.0,0.007139116905942613,4.314014384134216e-06,-6.407864398553756e-05,3.992860883096388,TRACKING distance=3.993 heading_error=0.000 linear=0.210 angular=0.000 ,False
2.3000000000000003,1,2.041817484050463,2.045186520952184,0.7912611590468638,0.020476980985541217,3.736352242384079e-06,-6.680658477441399e-05,2.8755156149384273,OBJECT_GOAL_PUBLISHED,
2.4000000000000004,1,2.041817484050463,2.045186520952184,0.7912611590468638,0.023835007950656916,2.170720605503155e-06,-7.031178860130555e-05,2.8731572007598305,TRACKING distance=3.976 heading_error=0.000 linear=0.245 angular=0.000 ,False
2.4000000000000004,1,2.041817484050463,2.045186520952184,0.7912611590468638,0.023835007950656916,2.170720605503155e-06,-7.031178860130555e-05,2.8731572007598305,TRACKING distance=3.976 heading_error=0.000 linear=0.263 angular=0.000 ,False
2.4000000000000004,1,2.041817484050463,2.045186520952184,0.7912611590468638,0.023835007950656916,2.170720605503155e-06,-7.031178860130555e-05,2.8731572007598305,GOAL_RECEIVED frame=odom x=2.042 y=2.045,False
2.5,1,2.041817484050463,2.045186520952184,0.7912611590468638,0.04701385231708137,1.944030433844292e-06,-7.934846608053563e-05,2.8569251797790023,TRACKING distance=2.857 heading_error=0.798 linear=0.228 angular=0.120 ,False
2.5,1,2.041817484050463,2.045186520952184,0.7912611590468638,0.04701385231708137,1.944030433844292e-06,-7.934846608053563e-05,2.8569251797790023,TRACKING distance=2.857 heading_error=0.798 linear=0.210 angular=0.180 ,False
2.6,1,2.041817484050463,2.045186520952184,0.7912611590468638,0.08372637768429085,5.959663393107342e-07,-5.768695974040391e-05,2.831414178213866,TRACKING distance=2.831 heading_error=0.807 linear=0.175 angular=0.300 ,False
2.6,1,2.041817484050463,2.045186520952184,0.7912611590468638,0.08372637768429085,5.959663393107342e-07,-5.768695974040391e-05,2.831414178213866,TRACKING distance=2.831 heading_error=0.807 linear=0.158 angular=0.360 ,False
2.7,1,2.041817484050463,2.045186520952184,0.7912611590468638,0.12208189938378432,9.36481002479867e-06,-8.380874033603783e-05,2.805019485679421,TRACKING distance=2.805 heading_error=0.817 linear=0.123 angular=0.480 ,False
2.7,1,2.041817484050463,2.045186520952184,0.7912611590468638,0.12208189938378432,9.36481002479867e-06,-8.380874033603783e-05,2.805019485679421,TRACKING distance=2.805 heading_error=0.817 linear=0.105 angular=0.540 ,False
2.8000000000000003,1,2.041817484050463,2.045186520952184,0.7912611590468638,0.1567251591235685,2.3044833107061892e-05,0.0016280663851567013,2.781414517390342,TRACKING distance=2.781 heading_error=0.824 linear=0.070 angular=0.550 ,False
2.8000000000000003,1,2.041817484050463,2.045186520952184,0.7912611590468638,0.1567251591235685,2.3044833107061892e-05,0.0016280663851567013,2.781414517390342,TRACKING distance=2.781 heading_error=0.824 linear=0.053 angular=0.550 ,False
2.9000000000000004,1,2.041817484050463,2.045186520952184,0.7912611590468638,0.183939674240274,7.0251284882497e-05,0.004578457048448091,2.7630075122306494,TRACKING distance=2.763 heading_error=0.829 linear=0.018 angular=0.550 ,False
2.9000000000000004,1,2.041817484050463,2.045186520952184,0.7912611590468638,0.183939674240274,7.0251284882497e-05,0.004578457048448091,2.7630075122306494,TRACKING distance=2.763 heading_error=0.829 linear=0.000 angular=0.550 ,False
3.0,1,2.041817484050463,2.045186520952184,0.7912611590468638,0.19590127252575043,0.00013982781579797228,0.0062887307583422425,2.7549269749083756,TRACKING distance=2.755 heading_error=0.830 linear=0.000 angular=0.550 ,False
3.0,1,2.041817484050463,2.045186520952184,0.7912611590468638,0.19590127252575043,0.00013982781579797228,0.0062887307583422425,2.7549269749083756,TRACKING distance=2.755 heading_error=0.830 linear=0.000 angular=0.550 ,False
3.1,1,2.041817484050463,2.045186520952184,0.7912611590468638,0.20444796679733715,0.00022756034117401636,0.01264929485335842,2.7491423923678897,TRACKING distance=2.749 heading_error=0.826 linear=0.000 angular=0.550 ,False
3.1,1,2.041817484050463,2.045186520952184,0.7912611590468638,0.20444796679733715,0.00022756034117401636,0.01264929485335842,2.7491423923678897,TRACKING distance=2.749 heading_error=0.826 linear=0.000 angular=0.550 ,False
3.2,1,2.041817484050463,2.045186520952184,0.7912611590468638,0.2072731910634585,0.0004188097244252223,0.02253174112539076,2.7471126216103325,TRACKING distance=2.747 heading_error=0.817 linear=0.000 angular=0.550 ,False
3.2,1,2.041817484050463,2.045186520952184,0.7912611590468638,0.2072731910634585,0.0004188097244252223,0.02253174112539076,2.7471126216103325,TRACKING distance=2.747 heading_error=0.817 linear=0.000 angular=0.550 ,False
3.3000000000000003,1,2.041817484050463,2.045186520952184,0.7912611590468638,0.20661548781298691,0.0005142459070857786,0.032502664110375605,2.7474808605943215,TRACKING distance=2.747 heading_error=0.807 linear=0.000 angular=0.550 ,False
3.3000000000000003,1,2.041817484050463,2.045186520952184,0.7912611590468638,0.20661548781298691,0.0005142459070857786,0.032502664110375605,2.7474808605943215,TRACKING distance=2.747 heading_error=0.807 linear=0.000 angular=0.550 ,False
3.4000000000000004,1,2.041817484050463,2.045186520952184,0.7912611590468638,0.20718432164729522,0.0007195818210942478,0.04480883818657219,2.7469481075894926,TRACKING distance=2.747 heading_error=0.795 linear=0.000 angular=0.550 ,False
3.4000000000000004,1,2.041817484050463,2.045186520952184,0.7912611590468638,0.20718432164729522,0.0007195818210942478,0.04480883818657219,2.7469481075894926,TRACKING distance=2.747 heading_error=0.795 linear=0.000 angular=0.550 ,False
3.5,1,2.041817484050463,2.045186520952184,0.7912611590468638,0.20683527465059662,0.000646644365497457,0.05236561047996738,2.7472355224419904,TRACKING distance=2.747 heading_error=0.787 linear=0.000 angular=0.550 ,False
3.5,1,2.041817484050463,2.045186520952184,0.7912611590468638,0.20683527465059662,0.000646644365497457,0.05236561047996738,2.7472355224419904,TRACKING distance=2.747 heading_error=0.787 linear=0.000 angular=0.550 ,False
3.6,1,2.041817484050463,2.045186520952184,0.7912611590468638,0.2071030424244949,0.0008751446107941908,0.0640941371784753,2.746886616835452,TRACKING distance=2.747 heading_error=0.775 linear=0.000 angular=0.550 ,False
3.6,1,2.041817484050463,2.045186520952184,0.7912611590468638,0.2071030424244949,0.0008751446107941908,0.0640941371784753,2.746886616835452,TRACKING distance=2.747 heading_error=0.775 linear=0.000 angular=0.550 ,False
3.7,1,2.041817484050463,2.045186520952184,0.7912611590468638,0.20648447356778585,0.0006723179751083585,0.0798940384534011,2.7474507430602633,TRACKING distance=2.747 heading_error=0.759 linear=0.000 angular=0.550 ,False
3.7,1,2.041817484050463,2.045186520952184,0.7912611590468638,0.20648447356778585,0.0006723179751083585,0.0798940384534011,2.7474507430602633,TRACKING distance=2.747 heading_error=0.759 linear=0.000 angular=0.550 ,False
3.8000000000000003,1,2.041817484050463,2.045186520952184,0.7912611590468638,0.20721115700022258,0.0007119300745479664,0.09672604120230045,2.7469358798481354,TRACKING distance=2.747 heading_error=0.743 linear=0.000 angular=0.550 ,False
3.8000000000000003,1,2.041817484050463,2.045186520952184,0.7912611590468638,0.20721115700022258,0.0007119300745479664,0.09672604120230045,2.7469358798481354,TRACKING distance=2.747 heading_error=0.743 linear=0.000 angular=0.550 ,False
3.9000000000000004,1,2.041817484050463,2.045186520952184,0.7912611590468638,0.20645265481380043,0.00043645821986907247,0.11450285452190036,2.7476475165935543,TRACKING distance=2.748 heading_error=0.725 linear=0.000 angular=0.550 ,False
3.9000000000000004,1,2.041817484050463,2.045186520952184,0.7912611590468638,0.20645265481380043,0.00043645821986907247,0.11450285452190036,2.7476475165935543,TRACKING distance=2.748 heading_error=0.725 linear=0.000 angular=0.550 ,False
4.0,1,2.041817484050463,2.045186520952184,0.7912611590468638,0.20678925304481793,0.0005552732697107937,0.1327096305799311,2.7473342620779317,TRACKING distance=2.747 heading_error=0.707 linear=0.000 angular=0.550 ,False
4.0,1,2.041817484050463,2.045186520952184,0.7912611590468638,0.20678925304481793,0.0005552732697107937,0.1327096305799311,2.7473342620779317,TRACKING distance=2.747 heading_error=0.707 linear=0.000 angular=0.550 ,False
4.1000000000000005,1,2.041817484050463,2.045186520952184,0.7912611590468638,0.20683477643294101,0.0004831150112707191,0.1488651548670665,2.7473575587319723,TRACKING distance=2.747 heading_error=0.691 linear=0.035 angular=0.550 ,False
4.1000000000000005,1,2.041817484050463,2.045186520952184,0.7912611590468638,0.20683477643294101,0.0004831150112707191,0.1488651548670665,2.7473575587319723,TRACKING distance=2.747 heading_error=0.691 linear=0.053 angular=0.550 ,False
4.2,1,2.041817484050463,2.045186520952184,0.7912611590468638,0.2068398087165207,0.00011786484928806527,0.1665647885965988,2.7476260439056226,TRACKING distance=2.748 heading_error=0.673 linear=0.088 angular=0.550 ,False
4.2,1,2.041817484050463,2.045186520952184,0.7912611590468638,0.2068398087165207,0.00011786484928806527,0.1665647885965988,2.7476260439056226,TRACKING distance=2.748 heading_error=0.673 linear=0.105 angular=0.550 ,False
4.300000000000001,1,2.041817484050463,2.045186520952184,0.7912611590468638,0.20722481626199707,0.00043583775591984317,0.19207203690807703,2.747132252574453,TRACKING distance=2.747 heading_error=0.647 linear=0.140 angular=0.550 ,False
4.300000000000001,1,2.041817484050463,2.045186520952184,0.7912611590468638,0.20722481626199707,0.00043583775591984317,0.19207203690807703,2.747132252574453,TRACKING distance=2.747 heading_error=0.647 linear=0.158 angular=0.550 ,False
4.4,1,2.041817484050463,2.045186520952184,0.7912611590468638,0.2127243227819495,0.0019285042298551618,0.2179209932023275,2.742350290444185,TRACKING distance=2.742 heading_error=0.623 linear=0.193 angular=0.550 ,False
4.4,1,2.041817484050463,2.045186520952184,0.7912611590468638,0.2133458955330116,0.001831986568176614,0.2203388212856336,2.7420076774515447,TRACKING distance=2.742 heading_error=0.623 linear=0.210 angular=0.550 ,False
4.5,1,2.041817484050463,2.045186520952184,0.7912611590468638,0.22713024212146465,0.005718807278627216,0.24410307701851994,2.7299300982143695,TRACKING distance=2.730 heading_error=0.600 linear=0.245 angular=0.550 ,False
4.5,1,2.041817484050463,2.045186520952184,0.7912611590468638,0.22713024212146465,0.005718807278627216,0.24410307701851994,2.7299300982143695,TRACKING distance=2.730 heading_error=0.600 linear=0.262 angular=0.550 ,False
4.6000000000000005,1,2.041817484050463,2.045186520952184,0.7912611590468638,0.2511218240739598,0.012251673330144194,0.26736573215312803,2.7091354785862465,TRACKING distance=2.709 heading_error=0.581 linear=0.298 angular=0.550 ,False
4.6000000000000005,1,2.041817484050463,2.045186520952184,0.7912611590468638,0.2511218240739598,0.012251673330144194,0.26736573215312803,2.7091354785862465,TRACKING distance=2.709 heading_error=0.581 linear=0.315 angular=0.550 ,False
4.7,1,2.041817484050463,2.045186520952184,0.7912611590468638,0.27941299133004416,0.02055810938050742,0.2929432747913545,2.684248461097513,TRACKING distance=2.684 heading_error=0.562 linear=0.350 angular=0.550 ,False
4.7,1,2.041817484050463,2.045186520952184,0.7912611590468638,0.27941299133004416,0.02055810938050742,0.2929432747913545,2.684248461097513,TRACKING distance=2.684 heading_error=0.562 linear=0.350 angular=0.550 ,False
4.800000000000001,1,2.041817484050463,2.045186520952184,0.7912611590468638,0.3145758135474494,0.03193470299367524,0.3221738685822182,2.652648991260487,TRACKING distance=2.653 heading_error=0.540 linear=0.350 angular=0.550 ,False
4.800000000000001,1,2.041817484050463,2.045186520952184,0.7912611590468638,0.3145758135474494,0.03193470299367524,0.3221738685822182,2.652648991260487,TRACKING distance=2.653 heading_error=0.540 linear=0.350 angular=0.550 ,False
4.9,1,2.041817484050463,2.045186520952184,0.7912611590468638,0.35013607277340986,0.04498963322657855,0.35408544337558506,2.6196514246990037,TRACKING distance=2.620 heading_error=0.515 linear=0.350 angular=0.550 ,False
4.9,1,2.041817484050463,2.045186520952184,0.7912611590468638,0.35013607277340986,0.04498963322657855,0.35408544337558506,2.6196514246990037,TRACKING distance=2.620 heading_error=0.515 linear=0.350 angular=0.550 ,False
5.0,1,2.041817484050463,2.045186520952184,0.7912611590468638,0.3853662517311125,0.05906465557372546,0.38564997267706475,2.586215526437559,TRACKING distance=2.586 heading_error=0.490 linear=0.350 angular=0.550 ,False
5.0,1,2.041817484050463,2.045186520952184,0.7912611590468638,0.3853662517311125,0.05906465557372546,0.38564997267706475,2.586215526437559,TRACKING distance=2.586 heading_error=0.490 linear=0.350 angular=0.550 ,False
5.1000000000000005,1,2.041817484050463,2.045186520952184,0.7912611590468638,0.42050567159579605,0.07418695652195817,0.41718895770163106,2.5521542422410866,TRACKING distance=2.552 heading_error=0.465 linear=0.350 angular=0.550 ,False
5.1000000000000005,1,2.041817484050463,2.045186520952184,0.7912611590468638,0.42050567159579605,0.07418695652195817,0.41718895770163106,2.5521542422410866,TRACKING distance=2.552 heading_error=0.465 linear=0.350 angular=0.550 ,False
5.2,1,2.041817484050463,2.045186520952184,0.7912611590468638,0.455240778762156,0.09012846960518099,0.4423069597521487,2.517831929637131,TRACKING distance=2.518 heading_error=0.447 linear=0.350 angular=0.536 ,False
5.2,1,2.041817484050463,2.045186520952184,0.7912611590468638,0.455240778762156,0.09012846960518099,0.4423069597521487,2.517831929637131,TRACKING distance=2.518 heading_error=0.447 linear=0.350 angular=0.536 ,False
5.300000000000001,1,2.041817484050463,2.045186520952184,0.7912611590468638,0.48942928123033497,0.10702408301146375,0.4702667094285296,2.4832202415612317,TRACKING distance=2.483 heading_error=0.425 linear=0.350 angular=0.510 ,False
5.300000000000001,1,2.041817484050463,2.045186520952184,0.7912611590468638,0.48942928123033497,0.10702408301146375,0.4702667094285296,2.4832202415612317,TRACKING distance=2.483 heading_error=0.425 linear=0.350 angular=0.510 ,False
5.4,1,2.041817484050463,2.045186520952184,0.7912611590468638,0.5231720975423528,0.12508035537267811,0.49458027983699987,2.4480791443617176,TRACKING distance=2.448 heading_error=0.407 linear=0.350 angular=0.488 ,False
5.4,1,2.041817484050463,2.045186520952184,0.7912611590468638,0.5231720975423528,0.12508035537267811,0.49458027983699987,2.4480791443617176,TRACKING distance=2.448 heading_error=0.407 linear=0.350 angular=0.488 ,False
5.5,1,2.041817484050463,2.045186520952184,0.7912611590468638,0.5563858075769408,0.14373535226361725,0.518455737323358,2.4128870285154367,TRACKING distance=2.413 heading_error=0.389 linear=0.350 angular=0.467 ,False
5.5,1,2.041817484050463,2.045186520952184,0.7912611590468638,0.5563858075769408,0.14373535226361725,0.518455737323358,2.4128870285154367,TRACKING distance=2.413 heading_error=0.389 linear=0.350 angular=0.467 ,False
5.6000000000000005,1,2.041817484050463,2.045186520952184,0.7912611590468638,0.5893300290171928,0.16337918256717965,0.5383642598676168,2.3771660997559003,TRACKING distance=2.377 heading_error=0.375 linear=0.350 angular=0.450 ,False
5.6000000000000005,1,2.041817484050463,2.045186520952184,0.7912611590468638,0.5893300290171928,0.16337918256717965,0.5383642598676168,2.3771660997559003,TRACKING distance=2.377 heading_error=0.375 linear=0.350 angular=0.450 ,False
5.7,1,2.041817484050463,2.045186520952184,0.7912611590468638,0.6217102119968813,0.18335478491670182,0.5541584735239549,2.341606729886204,TRACKING distance=2.342 heading_error=0.365 linear=0.350 angular=0.438 ,False
5.7,1,2.041817484050463,2.045186520952184,0.7912611590468638,0.6217102119968813,0.18335478491670182,0.5541584735239549,2.341606729886204,TRACKING distance=2.342 heading_error=0.365 linear=0.350 angular=0.438 ,False
5.800000000000001,1,2.041817484050463,2.045186520952184,0.7912611590468638,0.6534994698483312,0.20352362949622171,0.5747609245741773,2.3063280586950516,TRACKING distance=2.306 heading_error=0.350 linear=0.350 angular=0.420 ,False
5.800000000000001,1,2.041817484050463,2.045186520952184,0.7912611590468638,0.6566393311426862,0.20532114939615978,0.577094269385883,2.3030030613839805,TRACKING distance=2.306 heading_error=0.350 linear=0.350 angular=0.420 ,False
5.9,1,2.041817484050463,2.045186520952184,0.7912611590468638,0.6852101300739596,0.22498780409415667,0.6025479205697765,2.2701336704508694,TRACKING distance=2.270 heading_error=0.328 linear=0.350 angular=0.393 ,False
5.9,1,2.041817484050463,2.045186520952184,0.7912611590468638,0.6852101300739596,0.22498780409415667,0.6025479205697765,2.2701336704508694,TRACKING distance=2.270 heading_error=0.328 linear=0.350 angular=0.393 ,False
6.0,1,2.041817484050463,2.045186520952184,0.7912611590468638,0.7160637758439192,0.24681664858265503,0.6339004777906575,2.23422404710669,TRACKING distance=2.234 heading_error=0.302 linear=0.350 angular=0.362 ,False
6.0,1,2.041817484050463,2.045186520952184,0.7912611590468638,0.7160637758439192,0.24681664858265503,0.6339004777906575,2.23422404710669,TRACKING distance=2.234 heading_error=0.302 linear=0.350 angular=0.362 ,False
6.1000000000000005,1,2.041817484050463,2.045186520952184,0.7912611590468638,0.7466087557871747,0.2692397319734592,0.657798295752541,2.198079308635893,TRACKING distance=2.198 heading_error=0.283 linear=0.350 angular=0.339 ,False
6.1000000000000005,1,2.041817484050463,2.045186520952184,0.7912611590468638,0.7466087557871747,0.2692397319734592,0.657798295752541,2.198079308635893,TRACKING distance=2.198 heading_error=0.283 linear=0.350 angular=0.339 ,False
6.2,1,2.041817484050463,2.045186520952184,0.7912611590468638,0.7763708932857774,0.29278544750475805,0.6842411383047368,2.161542180087554,TRACKING distance=2.162 heading_error=0.261 linear=0.350 angular=0.313 ,False
6.2,1,2.041817484050463,2.045186520952184,0.7912611590468638,0.7763708932857774,0.29278544750475805,0.6842411383047368,2.161542180087554,TRACKING distance=2.162 heading_error=0.261 linear=0.350 angular=0.313 ,False
6.300000000000001,1,2.041817484050463,2.045186520952184,0.7912611590468638,0.8053979269091034,0.3176740120379364,0.7141809776549651,2.1243899806148665,TRACKING distance=2.124 heading_error=0.235 linear=0.350 angular=0.282 ,False
6.300000000000001,1,2.041817484050463,2.045186520952184,0.7912611590468638,0.8053979269091034,0.3176740120379364,0.7141809776549651,2.1243899806148665,TRACKING distance=2.124 heading_error=0.235 linear=0.350 angular=0.282 ,False
6.4,1,2.041817484050463,2.045186520952184,0.7912611590468638,0.8337848388573907,0.3432870225999274,0.7389537559114493,2.0870564856620035,TRACKING distance=2.087 heading_error=0.215 linear=0.350 angular=0.257 ,False
6.4,1,2.041817484050463,2.045186520952184,0.7912611590468638,0.8337848388573907,0.3432870225999274,0.7389537559114493,2.0870564856620035,TRACKING distance=2.087 heading_error=0.215 linear=0.350 angular=0.257 ,False
6.5,1,2.041817484050463,2.045186520952184,0.7912611590468638,0.8611943476422289,0.36919483462546016,0.7613666890761843,2.050077833366019,TRACKING distance=2.050 heading_error=0.196 linear=0.350 angular=0.235 ,False
6.5,1,2.041817484050463,2.045186520952184,0.7912611590468638,0.8611943476422289,0.36919483462546016,0.7613666890761843,2.050077833366019,TRACKING distance=2.050 heading_error=0.196 linear=0.350 angular=0.235 ,False
6.6000000000000005,1,2.041817484050463,2.045186520952184,0.7912611590468638,0.8882291439674418,0.39556744192120946,0.7824931639353424,2.0129602987338076,TRACKING distance=2.013 heading_error=0.178 linear=0.350 angular=0.214 ,False
6.6000000000000005,1,2.041817484050463,2.045186520952184,0.7912611590468638,0.8882291439674418,0.39556744192120946,0.7824931639353424,2.0129602987338076,TRACKING distance=2.013 heading_error=0.178 linear=0.350 angular=0.214 ,False
6.7,1,2.041817484050463,2.045186520952184,0.7912611590468638,0.9146215292813645,0.42264433781370553,0.8037808711257232,1.9756552979990205,TRACKING distance=1.976 heading_error=0.160 linear=0.350 angular=0.192 ,False
6.7,1,2.041817484050463,2.045186520952184,0.7912611590468638,0.9146215292813645,0.42264433781370553,0.8037808711257232,1.9756552979990205,TRACKING distance=1.976 heading_error=0.160 linear=0.350 angular=0.192 ,False
6.800000000000001,1,2.041817484050463,2.045186520952184,0.7912611590468638,0.9404724299439908,0.450223697485297,0.8257889326917689,1.9382640007094625,TRACKING distance=1.938 heading_error=0.141 linear=0.350 angular=0.169 ,False
6.800000000000001,1,2.041817484050463,2.045186520952184,0.7912611590468638,0.9404724299439908,0.450223697485297,0.8257889326917689,1.9382640007094625,TRACKING distance=1.938 heading_error=0.141 linear=0.350 angular=0.169 ,False
6.9,1,2.041817484050463,2.045186520952184,0.7912611590468638,0.9662132864004135,0.4781557281181666,0.84898550683373,1.9006603841013827,TRACKING distance=1.901 heading_error=0.120 linear=0.350 angular=0.144 ,False
6.9,1,2.041817484050463,2.045186520952184,0.7912611590468638,0.9662132864004135,0.4781557281181666,0.84898550683373,1.9006603841013827,TRACKING distance=1.901 heading_error=0.120 linear=0.350 angular=0.144 ,False
7.0,1,2.041817484050463,2.045186520952184,0.7912611590468638,0.9912049780172273,0.506847465646156,0.8712820824749885,1.8628670609877875,TRACKING distance=1.863 heading_error=0.100 linear=0.350 angular=0.120 ,False
7.0,1,2.041817484050463,2.045186520952184,0.7912611590468638,0.9937796715815225,0.5096518992446754,0.8734633046205601,1.859099198759201,TRACKING distance=1.863 heading_error=0.100 linear=0.350 angular=0.120 ,False
7.1000000000000005,1,2.041817484050463,2.045186520952184,0.7912611590468638,1.014609118480979,0.5368097495702217,0.8915383068222109,1.8249267137999274,TRACKING distance=1.825 heading_error=0.081 linear=0.350 angular=0.098 ,False
7.1000000000000005,1,2.041817484050463,2.045186520952184,0.7912611590468638,1.014609118480979,0.5368097495702217,0.8915383068222109,1.8249267137999274,TRACKING distance=1.825 heading_error=0.081 linear=0.350 angular=0.098 ,False
7.2,1,2.041817484050463,2.045186520952184,0.7912611590468638,1.0386606647279037,0.5664078341736272,0.9092569803717229,1.7869275331204302,TRACKING distance=1.787 heading_error=0.065 linear=0.350 angular=0.079 ,False
7.2,1,2.041817484050463,2.045186520952184,0.7912611590468638,1.0386606647279037,0.5664078341736272,0.9092569803717229,1.7869275331204302,TRACKING distance=1.787 heading_error=0.065 linear=0.350 angular=0.079 ,False
7.300000000000001,1,2.041817484050463,2.045186520952184,0.7912611590468638,1.062031492155806,0.5966765978589478,0.9242575022901672,1.7487600141850708,TRACKING distance=1.749 heading_error=0.052 linear=0.350 angular=0.062 ,False
7.300000000000001,1,2.041817484050463,2.045186520952184,0.7912611590468638,1.062031492155806,0.5966765978589478,0.9242575022901672,1.7487600141850708,TRACKING distance=1.749 heading_error=0.052 linear=0.350 angular=0.062 ,False
7.4,1,2.041817484050463,2.045186520952184,0.7912611590468638,1.0846370061098267,0.6274708803116663,0.936513744575673,1.710588233639942,TRACKING distance=1.711 heading_error=0.040 linear=0.350 angular=0.049 ,False
7.4,1,2.041817484050463,2.045186520952184,0.7912611590468638,1.0846370061098267,0.6274708803116663,0.936513744575673,1.710588233639942,TRACKING distance=1.711 heading_error=0.040 linear=0.350 angular=0.049 ,False
7.500000000000001,1,2.041817484050463,2.045186520952184,0.7912611590468638,1.1069792663740825,0.6585726625278234,0.9450032597928182,1.6723099251044478,TRACKING distance=1.672 heading_error=0.033 linear=0.350 angular=0.039 ,False
7.500000000000001,1,2.041817484050463,2.045186520952184,0.7912611590468638,1.1069792663740825,0.6585726625278234,0.9450032597928182,1.6723099251044478,TRACKING distance=1.672 heading_error=0.033 linear=0.350 angular=0.039 ,False
7.6000000000000005,1,2.041817484050463,2.045186520952184,0.7912611590468638,1.1293638544497226,0.6896815040065765,0.9507382574840934,1.6340028999779272,TRACKING distance=1.634 heading_error=0.028 linear=0.350 angular=0.033 ,False
7.6000000000000005,1,2.041817484050463,2.045186520952184,0.7912611590468638,1.1293638544497226,0.6896815040065765,0.9507382574840934,1.6340028999779272,TRACKING distance=1.634 heading_error=0.028 linear=0.350 angular=0.033 ,False
7.7,1,2.041817484050463,2.045186520952184,0.7912611590468638,1.1515869748014858,0.7209180734659129,0.955071883487602,1.5956808204040653,TRACKING distance=1.596 heading_error=0.024 linear=0.350 angular=0.029 ,False
7.7,1,2.041817484050463,2.045186520952184,0.7912611590468638,1.1515869748014858,0.7209180734659129,0.955071883487602,1.5956808204040653,TRACKING distance=1.596 heading_error=0.024 linear=0.350 angular=0.029 ,False
7.800000000000001,1,2.041817484050463,2.045186520952184,0.7912611590468638,1.1736604750054973,0.7523055134736734,0.9582236908100572,1.5573175308370957,TRACKING distance=1.557 heading_error=0.021 linear=0.350 angular=0.025 ,False
7.800000000000001,1,2.041817484050463,2.045186520952184,0.7912611590468638,1.1736604750054973,0.7523055134736734,0.9582236908100572,1.5573175308370957,TRACKING distance=1.557 heading_error=0.021 linear=0.350 angular=0.025 ,False
7.9,1,2.041817484050463,2.045186520952184,0.7912611590468638,1.1956056396621486,0.7837099973559332,0.960717201229945,1.519012016136658,TRACKING distance=1.519 heading_error=0.019 linear=0.350 angular=0.023 ,False
7.9,1,2.041817484050463,2.045186520952184,0.7912611590468638,1.1956056396621486,0.7837099973559332,0.960717201229945,1.519012016136658,TRACKING distance=1.519 heading_error=0.019 linear=0.350 angular=0.023 ,False
8.0,1,2.041817484050463,2.045186520952184,0.7912611590468638,1.217445969798672,0.8152245720084722,0.9633685484511365,1.4806737619608188,TRACKING distance=1.481 heading_error=0.017 linear=0.350 angular=0.020 ,False
8.0,1,2.041817484050463,2.045186520952184,0.7912611590468638,1.217445969798672,0.8152245720084722,0.9633685484511365,1.4806737619608188,TRACKING distance=1.481 heading_error=0.017 linear=0.350 angular=0.020 ,False
8.1,1,2.041817484050463,2.045186520952184,0.7912611590468638,1.239174923006726,0.8467939905409844,0.9660573720961166,1.442352154553182,TRACKING distance=1.442 heading_error=0.015 linear=0.350 angular=0.018 ,False
8.1,1,2.041817484050463,2.045186520952184,0.7912611590468638,1.239174923006726,0.8467939905409844,0.9660573720961166,1.442352154553182,TRACKING distance=1.442 heading_error=0.015 linear=0.350 angular=0.018 ,False
8.200000000000001,1,2.041817484050463,2.045186520952184,0.7912611590468638,1.2608637061880146,0.8784063125624131,0.9681434582959801,1.4040173994106009,TRACKING distance=1.404 heading_error=0.013 linear=0.350 angular=0.015 ,False
8.200000000000001,1,2.041817484050463,2.045186520952184,0.7912611590468638,1.2608637061880146,0.8784063125624131,0.9681434582959801,1.4040173994106009,TRACKING distance=1.404 heading_error=0.013 linear=0.350 angular=0.015 ,False
8.3,1,2.041817484050463,2.045186520952184,0.7912611590468638,1.2825266065161198,0.9100602657409502,0.9698480130377614,1.3656625688568722,TRACKING distance=1.366 heading_error=0.011 linear=0.350 angular=0.014 ,False
8.3,1,2.041817484050463,2.045186520952184,0.7912611590468638,1.2825266065161198,0.9100602657409502,0.9698480130377614,1.3656625688568722,TRACKING distance=1.366 heading_error=0.011 linear=0.350 angular=0.014 ,False
8.4,1,2.041817484050463,2.045186520952184,0.7912611590468638,1.3041720332402809,0.9417347339771203,0.9712254688832236,1.32730051506033,TRACKING distance=1.327 heading_error=0.010 linear=0.350 angular=0.012 ,False
8.4,1,2.041817484050463,2.045186520952184,0.7912611590468638,1.3041720332402809,0.9417347339771203,0.9712254688832236,1.32730051506033,TRACKING distance=1.327 heading_error=0.010 linear=0.350 angular=0.012 ,False
8.5,1,2.041817484050463,2.045186520952184,0.7912611590468638,1.325778157750238,0.9734518689128185,0.972379489486705,1.2889249323333067,TRACKING distance=1.289 heading_error=0.009 linear=0.350 angular=0.011 ,False
8.5,1,2.041817484050463,2.045186520952184,0.7912611590468638,1.325778157750238,0.9734518689128185,0.972379489486705,1.2889249323333067,TRACKING distance=1.289 heading_error=0.009 linear=0.350 angular=0.011 ,False
8.600000000000001,1,2.041817484050463,2.045186520952184,0.7912611590468638,1.3473470094374316,1.0051887254427017,0.9733907077924869,1.2505537392586659,TRACKING distance=1.251 heading_error=0.009 linear=0.350 angular=0.010 ,False
8.600000000000001,1,2.041817484050463,2.045186520952184,0.7912611590468638,1.3473470094374316,1.0051887254427017,0.9733907077924869,1.2505537392586659,TRACKING distance=1.251 heading_error=0.009 linear=0.350 angular=0.010 ,False
8.700000000000001,1,2.041817484050463,2.045186520952184,0.7912611590468638,1.3689048962156893,1.0369210246627598,0.9745678609857522,1.212192501987308,TRACKING distance=1.212 heading_error=0.008 linear=0.350 angular=0.009 ,False
8.700000000000001,1,2.041817484050463,2.045186520952184,0.7912611590468638,1.3689048962156893,1.0369210246627598,0.9745678609857522,1.212192501987308,TRACKING distance=1.212 heading_error=0.008 linear=0.350 angular=0.009 ,False
8.8,1,2.041817484050463,2.045186520952184,0.7912611590468638,1.3904133135427703,1.06867783432441,0.9757325087205625,1.173838408135598,TRACKING distance=1.174 heading_error=0.007 linear=0.350 angular=0.008 ,False
8.8,1,2.041817484050463,2.045186520952184,0.7912611590468638,1.3904133135427703,1.06867783432441,0.9757325087205625,1.173838408135598,TRACKING distance=1.174 heading_error=0.007 linear=0.350 angular=0.008 ,False
8.9,1,2.041817484050463,2.045186520952184,0.7912611590468638,1.4118774762901891,1.1004768133527019,0.9767065815495214,1.135473841622832,TRACKING distance=1.135 heading_error=0.006 linear=0.350 angular=0.007 ,False
8.9,1,2.041817484050463,2.045186520952184,0.7912611590468638,1.4118774762901891,1.1004768133527019,0.9767065815495214,1.135473841622832,TRACKING distance=1.135 heading_error=0.006 linear=0.350 angular=0.007 ,False
9.0,1,2.041817484050463,2.045186520952184,0.7912611590468638,1.4333286300472194,1.1322880922320349,0.9775724659565456,1.0971062968581928,TRACKING distance=1.097 heading_error=0.005 linear=0.350 angular=0.006 ,False
9.0,1,2.041817484050463,2.045186520952184,0.7912611590468638,1.4333286300472194,1.1322880922320349,0.9775724659565456,1.0971062968581928,TRACKING distance=1.097 heading_error=0.005 linear=0.350 angular=0.006 ,False
9.100000000000001,1,2.041817484050463,2.045186520952184,0.7912611590468638,1.454737871280687,1.1641268451807032,0.9781813235025243,1.0587391671230721,TRACKING distance=1.059 heading_error=0.005 linear=0.350 angular=0.006 ,False
9.100000000000001,1,2.041817484050463,2.045186520952184,0.7912611590468638,1.454737871280687,1.1641268451807032,0.9781813235025243,1.0587391671230721,TRACKING distance=1.059 heading_error=0.005 linear=0.350 angular=0.006 ,False
9.200000000000001,1,2.041817484050463,2.045186520952184,0.7912611590468638,1.4761412382918795,1.1959744378859933,0.9786666881084819,1.0203679615908878,TRACKING distance=1.020 heading_error=0.005 linear=0.350 angular=0.005 ,False
9.200000000000001,1,2.041817484050463,2.045186520952184,0.7912611590468638,1.4761412382918795,1.1959744378859933,0.9786666881084819,1.0203679615908878,TRACKING distance=1.020 heading_error=0.005 linear=0.350 angular=0.005 ,False
9.3,1,2.041817484050463,2.045186520952184,0.7912611590468638,1.497536616765315,1.2278295804793335,0.9791123897672035,0.9819949239338313,TRACKING distance=0.982 heading_error=0.004 linear=0.344 angular=0.005 ,False
9.3,1,2.041817484050463,2.045186520952184,0.7912611590468638,1.497536616765315,1.2278295804793335,0.9791123897672035,0.9819949239338313,TRACKING distance=0.982 heading_error=0.004 linear=0.344 angular=0.005 ,False
9.4,1,2.041817484050463,2.045186520952184,0.7912611590468638,1.5189297489203126,1.2596882148496582,0.9794518821434456,0.9436202480020631,TRACKING distance=0.944 heading_error=0.004 linear=0.330 angular=0.005 ,False
9.4,1,2.041817484050463,2.045186520952184,0.7912611590468638,1.5189297489203126,1.2596882148496582,0.9794518821434456,0.9436202480020631,TRACKING distance=0.944 heading_error=0.004 linear=0.330 angular=0.005 ,False
9.5,1,2.041817484050463,2.045186520952184,0.7912611590468638,1.5402998172191882,1.2915497537185698,0.9798185652347545,0.9052559566609975,TRACKING distance=0.905 heading_error=0.004 linear=0.317 angular=0.005 ,False
9.5,1,2.041817484050463,2.045186520952184,0.7912611590468638,1.5402998172191882,1.2915497537185698,0.9798185652347545,0.9052559566609975,TRACKING distance=0.905 heading_error=0.004 linear=0.317 angular=0.005 ,False
9.600000000000001,1,2.041817484050463,2.045186520952184,0.7912611590468638,1.5616491180041707,1.323422589949795,0.9801535601773512,0.8668937834865279,TRACKING distance=0.867 heading_error=0.004 linear=0.303 angular=0.004 ,False
9.600000000000001,1,2.041817484050463,2.045186520952184,0.7912611590468638,1.5616491180041707,1.323422589949795,0.9801535601773512,0.8668937834865279,TRACKING distance=0.867 heading_error=0.004 linear=0.303 angular=0.004 ,False
9.700000000000001,1,2.041817484050463,2.045186520952184,0.7912611590468638,1.5829813370398385,1.3553040288874885,0.9804953135829464,0.8285339236633281,TRACKING distance=0.829 heading_error=0.003 linear=0.290 angular=0.004 ,False
9.700000000000001,1,2.041817484050463,2.045186520952184,0.7912611590468638,1.5829813370398385,1.3553040288874885,0.9804953135829464,0.8285339236633281,TRACKING distance=0.829 heading_error=0.003 linear=0.290 angular=0.004 ,False
9.8,1,2.041817484050463,2.045186520952184,0.7912611590468638,1.6043090111440494,1.387191889353531,0.9808174007471101,0.7901712466785592,TRACKING distance=0.790 heading_error=0.003 linear=0.277 angular=0.004 ,False
9.8,1,2.041817484050463,2.045186520952184,0.7912611590468638,1.6064347945482174,1.3903854931445936,0.980841522355332,0.7863348347466779,TRACKING distance=0.790 heading_error=0.003 linear=0.277 angular=0.004 ,False
9.9,1,2.041817484050463,2.045186520952184,0.7912611590468638,1.6255980279468667,1.4191074055679438,0.9811153397104064,0.7518069528539131,TRACKING distance=0.752 heading_error=0.003 linear=0.263 angular=0.004 ,False
9.9,1,2.041817484050463,2.045186520952184,0.7912611590468638,1.6255980279468667,1.4191074055679438,0.9811153397104064,0.7518069528539131,TRACKING distance=0.752 heading_error=0.003 linear=0.263 angular=0.004 ,False
10.0,1,2.041817484050463,2.045186520952184,0.7912611590468638,1.6468998822249419,1.4510160065685263,0.9814218463022786,0.7134413167139684,TRACKING distance=0.713 heading_error=0.003 linear=0.250 angular=0.003 ,False
10.0,1,2.041817484050463,2.045186520952184,0.7912611590468638,1.6468998822249419,1.4510160065685263,0.9814218463022786,0.7134413167139684,TRACKING distance=0.713 heading_error=0.003 linear=0.250 angular=0.003 ,False
10.100000000000001,1,2.041817484050463,2.045186520952184,0.7912611590468638,1.6681747700424525,1.4829365467737938,0.9817648162817937,0.6750806701386671,TRACKING distance=0.675 heading_error=0.002 linear=0.236 angular=0.003 ,False
10.100000000000001,1,2.041817484050463,2.045186520952184,0.7912611590468638,1.6681747700424525,1.4829365467737938,0.9817648162817937,0.6750806701386671,TRACKING distance=0.675 heading_error=0.002 linear=0.236 angular=0.003 ,False
10.200000000000001,1,2.041817484050463,2.045186520952184,0.7912611590468638,1.6894408821773597,1.5148665656836329,0.9820026324499804,0.6367169893317386,TRACKING distance=0.637 heading_error=0.002 linear=0.223 angular=0.003 ,False
10.200000000000001,1,2.041817484050463,2.045186520952184,0.7912611590468638,1.6894408821773597,1.5148665656836329,0.9820026324499804,0.6367169893317386,TRACKING distance=0.637 heading_error=0.002 linear=0.223 angular=0.003 ,False
10.3,1,2.041817484050463,2.045186520952184,0.7912611590468638,1.7106959327668887,1.54680310429572,0.9823402839643903,0.5983540020110261,TRACKING distance=0.598 heading_error=0.002 linear=0.209 angular=0.002 ,False
10.3,1,2.041817484050463,2.045186520952184,0.7912611590468638,1.7106959327668887,1.54680310429572,0.9823402839643903,0.5983540020110261,TRACKING distance=0.598 heading_error=0.002 linear=0.209 angular=0.002 ,False
10.3,1,2.5944354720768703,2.2285152773603385,0.6482066806310014,1.726884583497945,1.5714508427261125,0.9862341445079591,1.0882914203168552,OBJECT_GOAL_PUBLISHED,
10.4,1,2.041817484050463,2.045186520952184,0.7912611590468638,1.7308560149431782,1.5773681938505477,0.9871181838166718,0.561739283334835,TRACKING distance=0.562 heading_error=-0.003 linear=0.197 angular=-0.004 ,False
10.4,1,2.041817484050463,2.045186520952184,0.7912611590468638,1.7308560149431782,1.5773681938505477,0.9871181838166718,0.561739283334835,TRACKING distance=0.562 heading_error=-0.003 linear=0.197 angular=-0.004 ,False
10.5,1,2.041817484050463,2.045186520952184,0.7912611590468638,1.750396404140616,1.607140785105556,0.9894133845446492,0.5261276579968355,TRACKING distance=0.526 heading_error=-0.006 linear=0.184 angular=-0.007 ,False
10.5,1,2.041817484050463,2.045186520952184,0.7912611590468638,1.750396404140616,1.607140785105556,0.9894133845446492,0.5261276579968355,TRACKING distance=0.526 heading_error=-0.006 linear=0.184 angular=-0.007 ,False
10.600000000000001,1,2.041817484050463,2.045186520952184,0.7912611590468638,1.7689149192028928,1.6354601151071693,0.9902429887503847,0.4922921262289858,TRACKING distance=0.492 heading_error=-0.007 linear=0.172 angular=-0.008 ,False
10.600000000000001,1,2.041817484050463,2.045186520952184,0.7912611590468638,1.7689149192028928,1.6354601151071693,0.9902429887503847,0.4922921262289858,TRACKING distance=0.492 heading_error=-0.007 linear=0.172 angular=-0.008 ,False
10.700000000000001,1,2.041817484050463,2.045186520952184,0.7912611590468638,1.786265847087264,1.6620019463850926,0.9904693687740496,0.4605833880425272,TRACKING distance=0.461 heading_error=-0.008 linear=0.161 angular=-0.009 ,False
10.700000000000001,1,2.041817484050463,2.045186520952184,0.7912611590468638,1.786265847087264,1.6620019463850926,0.9904693687740496,0.4605833880425272,TRACKING distance=0.461 heading_error=-0.008 linear=0.161 angular=-0.009 ,False
10.8,1,2.041817484050463,2.045186520952184,0.7912611590468638,1.8025428351805348,1.686893856554091,0.9902790911331055,0.43084334850768174,TRACKING distance=0.431 heading_error=-0.008 linear=0.151 angular=-0.010 ,False
10.8,1,2.041817484050463,2.045186520952184,0.7912611590468638,1.8025428351805348,1.686893856554091,0.9902790911331055,0.43084334850768174,TRACKING distance=0.431 heading_error=-0.008 linear=0.151 angular=-0.010 ,False
10.9,1,2.041817484050463,2.045186520952184,0.7912611590468638,1.8178291122656105,1.710244364734696,0.9896513625798309,0.4029355267365353,TRACKING distance=0.403 heading_error=-0.008 linear=0.141 angular=-0.010 ,False
10.9,1,2.041817484050463,2.045186520952184,0.7912611590468638,1.8178291122656105,1.710244364734696,0.9896513625798309,0.4029355267365353,TRACKING distance=0.403 heading_error=-0.008 linear=0.141 angular=-0.010 ,False
11.0,1,2.041817484050463,2.045186520952184,0.7912611590468638,1.8309835227930038,1.730365658281885,0.9890122666954063,0.3788972615261067,TRACKING distance=0.379 heading_error=-0.008 linear=0.133 angular=-0.010 ,False
11.0,1,2.041817484050463,2.045186520952184,0.7912611590468638,1.8309835227930038,1.730365658281885,0.9890122666954063,0.3788972615261067,TRACKING distance=0.379 heading_error=-0.008 linear=0.133 angular=-0.010 ,False
11.100000000000001,1,2.041817484050463,2.045186520952184,0.7912611590468638,1.8433611220645765,1.7492290563084054,0.9883247791062878,0.3563365663120282,TRACKING distance=0.356 heading_error=-0.008 linear=0.125 angular=-0.010 ,False
11.100000000000001,1,2.041817484050463,2.045186520952184,0.7912611590468638,1.8433611220645765,1.7492290563084054,0.9883247791062878,0.3563365663120282,TRACKING distance=0.356 heading_error=-0.008 linear=0.125 angular=-0.010 ,False
11.200000000000001,1,2.041817484050463,2.045186520952184,0.7912611590468638,1.8551011453859279,1.767084694907133,0.9873953714834501,0.3349680832167163,TRACKING distance=0.335 heading_error=-0.008 linear=0.117 angular=-0.009 ,False
11.200000000000001,1,2.041817484050463,2.045186520952184,0.7912611590468638,1.8551011453859279,1.767084694907133,0.9873953714834501,0.3349680832167163,TRACKING distance=0.335 heading_error=-0.008 linear=0.117 angular=-0.009 ,False
11.3,1,2.041817484050463,2.045186520952184,0.7912611590468638,1.866147272559166,1.7838692511816252,0.9864314625279894,0.3148757511872514,TRACKING distance=0.315 heading_error=-0.007 linear=0.110 angular=-0.009 ,False
11.3,1,2.041817484050463,2.045186520952184,0.7912611590468638,1.866147272559166,1.7838692511816252,0.9864314625279894,0.3148757511872514,TRACKING distance=0.315 heading_error=-0.007 linear=0.110 angular=-0.009 ,False
11.4,1,2.041817484050463,2.045186520952184,0.7912611590468638,1.8765560232871255,1.7996350666812568,0.9854772767367731,0.29598457241585957,TRACKING distance=0.296 heading_error=-0.007 linear=0.104 angular=-0.008 ,False
11.4,1,2.041817484050463,2.045186520952184,0.7912611590468638,1.8765560232871255,1.7996350666812568,0.9854772767367731,0.29598457241585957,TRACKING distance=0.296 heading_error=-0.007 linear=0.104 angular=-0.008 ,False
11.5,1,2.041817484050463,2.045186520952184,0.7912611590468638,1.886346292038299,1.8144371360360014,0.9845636185780379,0.2782383334209713,TRACKING distance=0.278 heading_error=-0.007 linear=0.097 angular=-0.008 ,False
11.5,1,2.041817484050463,2.045186520952184,0.7912611590468638,1.886346292038299,1.8144371360360014,0.9845636185780379,0.2782383334209713,TRACKING distance=0.278 heading_error=-0.007 linear=0.097 angular=-0.008 ,False
11.600000000000001,1,2.041817484050463,2.045186520952184,0.7912611590468638,1.8955487729440657,1.8283568192785753,0.9837344823081763,0.2615523950886184,TRACKING distance=0.262 heading_error=-0.006 linear=0.092 angular=-0.008 ,False
11.600000000000001,1,2.041817484050463,2.045186520952184,0.7912611590468638,1.8955487729440657,1.8283568192785753,0.9837344823081763,0.2615523950886184,TRACKING distance=0.262 heading_error=-0.006 linear=0.092 angular=-0.008 ,False
11.700000000000001,1,2.041817484050463,2.045186520952184,0.7912611590468638,1.904716095960022,1.8421492001072153,0.9828957375829943,0.24499172286472934,ARRIVED distance=0.245 yaw_error=-0.192,True
11.700000000000001,1,2.041817484050463,2.045186520952184,0.7912611590468638,1.904716095960022,1.8421492001072153,0.9828957375829943,0.24499172286472934,ARRIVED distance=0.245 yaw_error=-0.192,True
11.8,1,2.041817484050463,2.045186520952184,0.7912611590468638,1.913398884575647,1.8552232168962843,0.9821631472310657,0.2292976091870721,ARRIVED distance=0.229 yaw_error=-0.191,True
11.8,1,2.041817484050463,2.045186520952184,0.7912611590468638,1.913398884575647,1.8552232168962843,0.9821631472310657,0.2292976091870721,ARRIVED distance=0.229 yaw_error=-0.191,True
11.9,1,2.041817484050463,2.045186520952184,0.7912611590468638,1.9215645962226964,1.8674991795326916,0.9813349272828381,0.21455430159203184,ARRIVED distance=0.215 yaw_error=-0.190,True
11.9,1,2.041817484050463,2.045186520952184,0.7912611590468638,1.9215645962226964,1.8674991795326916,0.9813349272828381,0.21455430159203184,ARRIVED distance=0.215 yaw_error=-0.190,True
12.0,1,2.041817484050463,2.045186520952184,0.7912611590468638,1.9297051300285333,1.8796025830244774,0.9805944001359116,0.19996804850771785,ARRIVED distance=0.200 yaw_error=-0.189,True
12.0,1,2.041817484050463,2.045186520952184,0.7912611590468638,1.9297051300285333,1.8796025830244774,0.9805944001359116,0.19996804850771785,ARRIVED distance=0.200 yaw_error=-0.189,True
12.100000000000001,1,2.041817484050463,2.045186520952184,0.7912611590468638,1.9306969859763408,1.881078623132783,0.980374457220124,0.19818972531123774,ARRIVED distance=0.198 yaw_error=-0.189,True
12.100000000000001,1,2.041817484050463,2.045186520952184,0.7912611590468638,1.9306969859763408,1.881078623132783,0.980374457220124,0.19818972531123774,ARRIVED distance=0.198 yaw_error=-0.189,True
12.200000000000001,1,2.041817484050463,2.045186520952184,0.7912611590468638,1.930694069881269,1.8810810655561212,0.9804117477115472,0.19818933792554858,ARRIVED distance=0.198 yaw_error=-0.189,True
12.200000000000001,1,2.041817484050463,2.045186520952184,0.7912611590468638,1.9306936888501707,1.8810813051339006,0.9804136468931105,0.198189353191542,ARRIVED distance=0.198 yaw_error=-0.189,True
12.3,1,2.041817484050463,2.045186520952184,0.7912611590468638,1.930697931214522,1.8810809625826088,0.9804161128384867,0.19818725819348076,ARRIVED distance=0.198 yaw_error=-0.189,True
12.3,1,2.041817484050463,2.045186520952184,0.7912611590468638,1.930697931214522,1.8810809625826088,0.9804161128384867,0.19818725819348076,ARRIVED distance=0.198 yaw_error=-0.189,True
12.4,1,2.041817484050463,2.045186520952184,0.7912611590468638,1.9308784118876485,1.8808309627690283,0.9698687398064858,0.19829328591266707,ARRIVED distance=0.198 yaw_error=-0.179,True
12.4,1,2.041817484050463,2.045186520952184,0.7912611590468638,1.9308784118876485,1.8808309627690283,0.9698687398064858,0.19829328591266707,ARRIVED distance=0.198 yaw_error=-0.179,True
12.5,1,2.041817484050463,2.045186520952184,0.7912611590468638,1.930379167938733,1.8805325063585705,0.9459799487337529,0.19882012679709174,ARRIVED distance=0.199 yaw_error=-0.155,True
12.5,1,2.041817484050463,2.045186520952184,0.7912611590468638,1.930379167938733,1.8805325063585705,0.9459799487337529,0.19882012679709174,ARRIVED distance=0.199 yaw_error=-0.155,True
12.600000000000001,1,2.041817484050463,2.045186520952184,0.7912611590468638,1.9311007930938981,1.880637334304613,0.9209266439441339,0.19832957541110335,ARRIVED distance=0.198 yaw_error=-0.130,True
12.600000000000001,1,2.041817484050463,2.045186520952184,0.7912611590468638,1.9311007930938981,1.880637334304613,0.9209266439441339,0.19832957541110335,ARRIVED distance=0.198 yaw_error=-0.130,True
12.700000000000001,1,2.041817484050463,2.045186520952184,0.7912611590468638,1.9318006077580638,1.880745265856549,0.8960295604624383,0.197850042826795,ARRIVED distance=0.198 yaw_error=-0.105,True
12.700000000000001,1,2.041817484050463,2.045186520952184,0.7912611590468638,1.9318006077580638,1.880745265856549,0.8960295604624383,0.197850042826795,ARRIVED distance=0.198 yaw_error=-0.105,True
12.8,1,2.041817484050463,2.045186520952184,0.7912611590468638,1.9314573174867586,1.8801513668242018,0.8711060403166263,0.1985345523127279,ARRIVED distance=0.199 yaw_error=-0.080,True
12.8,1,2.041817484050463,2.045186520952184,0.7912611590468638,1.9314573174867586,1.8801513668242018,0.8711060403166263,0.1985345523127279,ARRIVED distance=0.199 yaw_error=-0.080,True
12.9,1,2.041817484050463,2.045186520952184,0.7912611590468638,1.9318117100892898,1.8799376859768546,0.8449052484112781,0.19851561088614736,ARRIVED distance=0.199 yaw_error=-0.054,True
12.9,1,2.041817484050463,2.045186520952184,0.7912611590468638,1.9318117100892898,1.8799376859768546,0.8449052484112781,0.19851561088614736,ARRIVED distance=0.199 yaw_error=-0.054,True
13.0,1,2.041817484050463,2.045186520952184,0.7912611590468638,1.9320369720250055,1.8802503840026883,0.8183375518943301,0.1981304875388801,ARRIVED distance=0.198 yaw_error=-0.027,True
13.0,1,2.041817484050463,2.045186520952184,0.7912611590468638,1.9320369720250055,1.8802503840026883,0.8183375518943301,0.1981304875388801,ARRIVED distance=0.198 yaw_error=-0.027,True
13.100000000000001,1,2.041817484050463,2.045186520952184,0.7912611590468638,1.931897745281921,1.8802719694883336,0.796130936072523,0.19818970269786304,ARRIVED distance=0.198 yaw_error=-0.005,True
13.100000000000001,1,2.041817484050463,2.045186520952184,0.7912611590468638,1.931897745281921,1.8802719694883336,0.796130936072523,0.19818970269786304,ARRIVED distance=0.198 yaw_error=-0.005,True
13.200000000000001,1,2.041817484050463,2.045186520952184,0.7912611590468638,1.9320979022154734,1.880337569786344,0.7752572238339726,0.1980241483721679,ARRIVED distance=0.198 yaw_error=0.016,True
13.200000000000001,1,2.041817484050463,2.045186520952184,0.7912611590468638,1.9320979022154734,1.880337569786344,0.7752572238339726,0.1980241483721679,ARRIVED distance=0.198 yaw_error=0.016,True
13.3,1,2.041817484050463,2.045186520952184,0.7912611590468638,1.9326892229426158,1.8802914586412087,0.7525208430727196,0.19773557835392896,ARRIVED distance=0.198 yaw_error=0.039,True
13.3,1,2.041817484050463,2.045186520952184,0.7912611590468638,1.9326892229426158,1.8802914586412087,0.7525208430727196,0.19773557835392896,ARRIVED distance=0.198 yaw_error=0.039,True
13.4,1,2.041817484050463,2.045186520952184,0.7912611590468638,1.932432087287031,1.8810246707945784,0.7380385507422339,0.1972670222623677,ARRIVED distance=0.197 yaw_error=0.053,True
13.4,1,2.041817484050463,2.045186520952184,0.7912611590468638,1.932432087287031,1.8810246707945784,0.7380385507422339,0.1972670222623677,ARRIVED distance=0.197 yaw_error=0.053,True
13.5,1,2.041817484050463,2.045186520952184,0.7912611590468638,1.9323877898104067,1.8807251018313174,0.7178291524532955,0.19754092325571798,ARRIVED distance=0.198 yaw_error=0.073,True
13.5,1,2.041817484050463,2.045186520952184,0.7912611590468638,1.9323877898104067,1.8807251018313174,0.7178291524532955,0.19754092325571798,ARRIVED distance=0.198 yaw_error=0.073,True
13.600000000000001,1,2.041817484050463,2.045186520952184,0.7912611590468638,1.9326321282438066,1.8802580984546635,0.7017307475513274,0.19779491012194086,ARRIVED distance=0.198 yaw_error=0.090,True
13.600000000000001,1,2.041817484050463,2.045186520952184,0.7912611590468638,1.9326321282438066,1.8802580984546635,0.7017307475513274,0.19779491012194086,ARRIVED distance=0.198 yaw_error=0.090,True
13.700000000000001,1,2.041817484050463,2.045186520952184,0.7912611590468638,1.9325200383717371,1.8807241952414677,0.6879768514711937,0.1974684486445155,ARRIVED distance=0.197 yaw_error=0.103,True
13.700000000000001,1,2.041817484050463,2.045186520952184,0.7912611590468638,1.9325200383717371,1.8807241952414677,0.6879768514711937,0.1974684486445155,ARRIVED distance=0.197 yaw_error=0.103,True
13.8,1,2.041817484050463,2.045186520952184,0.7912611590468638,1.9331839722526556,1.8800797944450367,0.6729517501307868,0.19763975061568506,ARRIVED distance=0.198 yaw_error=0.118,True
13.8,1,2.041817484050463,2.045186520952184,0.7912611590468638,1.9331839722526556,1.8800797944450367,0.6729517501307868,0.19763975061568506,ARRIVED distance=0.198 yaw_error=0.118,True
13.9,1,2.041817484050463,2.045186520952184,0.7912611590468638,1.9334249030292985,1.880113697626827,0.668127156446201,0.19747908400900122,ARRIVED distance=0.197 yaw_error=0.123,True
13.9,1,2.041817484050463,2.045186520952184,0.7912611590468638,1.9334249030292985,1.880113697626827,0.668127156446201,0.19747908400900122,ARRIVED distance=0.197 yaw_error=0.123,True
14.0,1,2.041817484050463,2.045186520952184,0.7912611590468638,1.9334236019946198,1.8801164461962452,0.667953573385916,0.19747750060973315,ARRIVED distance=0.197 yaw_error=0.123,True
14.0,1,2.041817484050463,2.045186520952184,0.7912611590468638,1.9334226156085497,1.880116647093294,0.667957304963137,0.1974778741032257,ARRIVED distance=0.197 yaw_error=0.123,True
14.100000000000001,1,2.041817484050463,2.045186520952184,0.7912611590468638,1.933419469580274,1.8801146910393862,0.667966065991389,0.1974812359993699,ARRIVED distance=0.197 yaw_error=0.123,True
14.100000000000001,1,2.041817484050463,2.045186520952184,0.7912611590468638,1.933419469580274,1.8801146910393862,0.667966065991389,0.1974812359993699,ARRIVED distance=0.197 yaw_error=0.123,True
14.200000000000001,1,2.041817484050463,2.045186520952184,0.7912611590468638,1.9334165911531371,1.8801122294138013,0.6679678952302388,0.19748487361779477,ARRIVED distance=0.197 yaw_error=0.123,True
14.200000000000001,1,2.041817484050463,2.045186520952184,0.7912611590468638,1.9334165911531371,1.8801122294138013,0.6679678952302388,0.19748487361779477,ARRIVED distance=0.197 yaw_error=0.123,True
14.3,1,2.041817484050463,2.045186520952184,0.7912611590468638,1.9334138152246827,1.8801098075922844,0.6679685184908748,0.1974884217076935,ARRIVED distance=0.197 yaw_error=0.123,True
14.3,1,2.041817484050463,2.045186520952184,0.7912611590468638,1.9334138152246827,1.8801098075922844,0.6679685184908748,0.1974884217076935,ARRIVED distance=0.197 yaw_error=0.123,True
14.4,1,2.041817484050463,2.045186520952184,0.7912611590468638,1.9334108039700277,1.8801074744517183,0.6679697660184437,0.19749202485053577,ARRIVED distance=0.197 yaw_error=0.123,True
14.4,1,2.041817484050463,2.045186520952184,0.7912611590468638,1.9334108039700277,1.8801074744517183,0.6679697660184437,0.19749202485053577,ARRIVED distance=0.197 yaw_error=0.123,True
14.500000000000002,1,2.041817484050463,2.045186520952184,0.7912611590468638,1.9332192347358597,1.8802856579413478,0.6717454448248222,0.19744840940335576,ARRIVED distance=0.197 yaw_error=0.120,True
14.500000000000002,1,2.041817484050463,2.045186520952184,0.7912611590468638,1.9332192347358597,1.8802856579413478,0.6717454448248222,0.19744840940335576,ARRIVED distance=0.197 yaw_error=0.120,True
14.600000000000001,1,2.041817484050463,2.045186520952184,0.7912611590468638,1.9332768562109848,1.880517504495688,0.6779344862421967,0.19722310430712148,ARRIVED distance=0.197 yaw_error=0.113,True
14.600000000000001,1,2.041817484050463,2.045186520952184,0.7912611590468638,1.9332768562109848,1.880517504495688,0.6779344862421967,0.19722310430712148,ARRIVED distance=0.197 yaw_error=0.113,True
14.700000000000001,1,2.041817484050463,2.045186520952184,0.7912611590468638,1.9333086618406967,1.8805901199997272,0.6831387966012977,0.19714497128725467,ARRIVED distance=0.197 yaw_error=0.108,True
14.700000000000001,1,2.041817484050463,2.045186520952184,0.7912611590468638,1.9333086618406967,1.8805901199997272,0.6831387966012977,0.19714497128725467,ARRIVED distance=0.197 yaw_error=0.108,True
14.8,1,2.041817484050463,2.045186520952184,0.7912611590468638,1.9330631829453604,1.880598391089266,0.6938488235660352,0.19727328886758072,ARRIVED distance=0.197 yaw_error=0.097,True
14.8,1,2.041817484050463,2.045186520952184,0.7912611590468638,1.9330631829453604,1.880598391089266,0.6938488235660352,0.19727328886758072,ARRIVED distance=0.197 yaw_error=0.097,True
14.9,1,2.041817484050463,2.045186520952184,0.7912611590468638,1.932877105987905,1.8803635700560621,0.7070459232400543,0.19757178724331656,ARRIVED distance=0.198 yaw_error=0.084,True
14.9,1,2.041817484050463,2.045186520952184,0.7912611590468638,1.932877105987905,1.8803635700560621,0.7070459232400543,0.19757178724331656,ARRIVED distance=0.198 yaw_error=0.084,True
15.000000000000002,1,2.041817484050463,2.045186520952184,0.7912611590468638,1.9330976671328528,1.8803834036964195,0.7191224159860373,0.19743370038525798,ARRIVED distance=0.197 yaw_error=0.072,True
15.000000000000002,1,2.041817484050463,2.045186520952184,0.7912611590468638,1.9330976671328528,1.8803834036964195,0.7191224159860373,0.19743370038525798,ARRIVED distance=0.197 yaw_error=0.072,True
15.100000000000001,1,2.041817484050463,2.045186520952184,0.7912611590468638,1.9331534741293799,1.8803356626837304,0.730501188821165,0.19744283355942527,ARRIVED distance=0.197 yaw_error=0.061,True
15.100000000000001,1,2.041817484050463,2.045186520952184,0.7912611590468638,1.9331534741293799,1.8803356626837304,0.730501188821165,0.19744283355942527,ARRIVED distance=0.197 yaw_error=0.061,True
15.200000000000001,1,2.041817484050463,2.045186520952184,0.7912611590468638,1.9327802506305851,1.8806825509506375,0.7417668896119511,0.1973592521726066,ARRIVED distance=0.197 yaw_error=0.049,True
15.200000000000001,1,2.041817484050463,2.045186520952184,0.7912611590468638,1.9327802506305851,1.8806825509506375,0.7417668896119511,0.1973592521726066,ARRIVED distance=0.197 yaw_error=0.049,True
15.3,1,2.041817484050463,2.045186520952184,0.7912611590468638,1.9324565677847338,1.8808121267240243,0.754505155766956,0.1974303712308574,ARRIVED distance=0.197 yaw_error=0.037,True
15.3,1,2.041817484050463,2.045186520952184,0.7912611590468638,1.9324565677847338,1.8808121267240243,0.754505155766956,0.1974303712308574,ARRIVED distance=0.197 yaw_error=0.037,True
15.4,1,2.041817484050463,2.045186520952184,0.7912611590468638,1.9326620472756442,1.8805117533525924,0.7678054893939013,0.19756692147594163,ARRIVED distance=0.198 yaw_error=0.023,True
15.4,1,2.041817484050463,2.045186520952184,0.7912611590468638,1.9326620472756442,1.8805117533525924,0.7678054893939013,0.19756692147594163,ARRIVED distance=0.198 yaw_error=0.023,True
15.500000000000002,1,2.041817484050463,2.045186520952184,0.7912611590468638,1.932629034976422,1.8803380217850536,0.7828755866888732,0.19772998024793748,ARRIVED distance=0.198 yaw_error=0.008,True
15.500000000000002,1,2.041817484050463,2.045186520952184,0.7912611590468638,1.932629034976422,1.8803380217850536,0.7828755866888732,0.19772998024793748,ARRIVED distance=0.198 yaw_error=0.008,True
15.600000000000001,1,2.041817484050463,2.045186520952184,0.7912611590468638,1.9330377184060885,1.8803218377912092,0.7928130587694131,0.1975181033915968,ARRIVED distance=0.198 yaw_error=-0.002,True
15.600000000000001,1,2.041817484050463,2.045186520952184,0.7912611590468638,1.9330377184060885,1.8803218377912092,0.7928130587694131,0.1975181033915968,ARRIVED distance=0.198 yaw_error=-0.002,True
15.700000000000001,1,2.041817484050463,2.045186520952184,0.7912611590468638,1.9329741180352897,1.8804950257197375,0.807888509701262,0.19740862931344166,ARRIVED distance=0.197 yaw_error=-0.017,True
15.700000000000001,1,2.041817484050463,2.045186520952184,0.7912611590468638,1.9329741180352897,1.8804950257197375,0.807888509701262,0.19740862931344166,ARRIVED distance=0.197 yaw_error=-0.017,True
15.8,1,2.041817484050463,2.045186520952184,0.7912611590468638,1.9325908099708293,1.879913709098117,0.8226874597253931,0.1981049435744808,ARRIVED distance=0.198 yaw_error=-0.031,True
15.8,1,2.041817484050463,2.045186520952184,0.7912611590468638,1.9325908099708293,1.879913709098117,0.8226874597253931,0.1981049435744808,ARRIVED distance=0.198 yaw_error=-0.031,True
15.9,1,2.041817484050463,2.045186520952184,0.7912611590468638,1.9321400737158734,1.880392539815059,0.8307969526083416,0.1979550215496565,ARRIVED distance=0.198 yaw_error=-0.040,True
15.9,1,2.041817484050463,2.045186520952184,0.7912611590468638,1.9321400737158734,1.880392539815059,0.8307969526083416,0.1979550215496565,ARRIVED distance=0.198 yaw_error=-0.040,True
16.0,1,2.041817484050463,2.045186520952184,0.7912611590468638,1.9323651316831403,1.8801662305750142,0.846691308982611,0.1980189730175013,ARRIVED distance=0.198 yaw_error=-0.054,True
16.0,1,2.041817484050463,2.045186520952184,0.7912611590468638,1.9323651316831403,1.8801662305750142,0.846691308982611,0.1980189730175013,ARRIVED distance=0.198 yaw_error=-0.054,True
16.1,1,2.041817484050463,2.045186520952184,0.7912611590468638,1.9326112563523976,1.8797611021711944,0.8580549264234633,0.1982210113658675,ARRIVED distance=0.198 yaw_error=-0.067,True
16.1,1,2.041817484050463,2.045186520952184,0.7912611590468638,1.9326112563523976,1.8797611021711944,0.8580549264234633,0.1982210113658675,ARRIVED distance=0.198 yaw_error=-0.067,True
16.2,1,2.041817484050463,2.045186520952184,0.7912611590468638,1.9322132383991397,1.880253876734806,0.868080834557029,0.19802996690736402,ARRIVED distance=0.198 yaw_error=-0.077,True
16.2,1,2.041817484050463,2.045186520952184,0.7912611590468638,1.9322132383991397,1.880253876734806,0.868080834557029,0.19802996690736402,ARRIVED distance=0.198 yaw_error=-0.077,True
16.3,1,2.041817484050463,2.045186520952184,0.7912611590468638,1.932198953309193,1.880326053299299,0.8700699009339942,0.19797776662191796,ARRIVED distance=0.198 yaw_error=-0.079,True
16.3,1,2.041817484050463,2.045186520952184,0.7912611590468638,1.932198953309193,1.880326053299299,0.8700699009339942,0.19797776662191796,ARRIVED distance=0.198 yaw_error=-0.079,True
16.400000000000002,1,2.041817484050463,2.045186520952184,0.7912611590468638,1.9322045310960287,1.880332277506127,0.8701629943380343,0.1979694952197502,ARRIVED distance=0.198 yaw_error=-0.079,True
16.400000000000002,1,2.041817484050463,2.045186520952184,0.7912611590468638,1.9322045310960287,1.880332277506127,0.8701629943380343,0.1979694952197502,ARRIVED distance=0.198 yaw_error=-0.079,True
16.5,1,2.041817484050463,2.045186520952184,0.7912611590468638,1.9322034047312817,1.88033198631405,0.8701650703985122,0.19797036135681367,ARRIVED distance=0.198 yaw_error=-0.079,True
16.5,1,2.041817484050463,2.045186520952184,0.7912611590468638,1.9322034047312817,1.88033198631405,0.8701650703985122,0.19797036135681367,ARRIVED distance=0.198 yaw_error=-0.079,True
16.6,1,2.041817484050463,2.045186520952184,0.7912611590468638,1.9322024897256043,1.880330857887544,0.8701667945062451,0.19797180765280906,ARRIVED distance=0.198 yaw_error=-0.079,True
16.6,1,2.041817484050463,2.045186520952184,0.7912611590468638,1.9322024897256043,1.880330857887544,0.8701667945062451,0.19797180765280906,ARRIVED distance=0.198 yaw_error=-0.079,True
16.7,1,2.041817484050463,2.045186520952184,0.7912611590468638,1.932201734663904,1.8803299332382741,0.870164871372392,0.19797299569954196,ARRIVED distance=0.198 yaw_error=-0.079,True
16.7,1,2.041817484050463,2.045186520952184,0.7912611590468638,1.932201734663904,1.8803299332382741,0.870164871372392,0.19797299569954196,ARRIVED distance=0.198 yaw_error=-0.079,True
16.8,1,2.041817484050463,2.045186520952184,0.7912611590468638,1.932200550467552,1.8803290346393058,0.8701614758753448,0.19797439966197916,ARRIVED distance=0.198 yaw_error=-0.079,True
16.8,1,2.041817484050463,2.045186520952184,0.7912611590468638,1.932200550467552,1.8803290346393058,0.8701614758753448,0.19797439966197916,ARRIVED distance=0.198 yaw_error=-0.079,True
16.900000000000002,1,2.041817484050463,2.045186520952184,0.7912611590468638,1.9321997887081444,1.88032781591633,0.8701679312482935,0.1979758362989282,ARRIVED distance=0.198 yaw_error=-0.079,True
16.900000000000002,1,2.041817484050463,2.045186520952184,0.7912611590468638,1.9321997887081444,1.88032781591633,0.8701679312482935,0.1979758362989282,ARRIVED distance=0.198 yaw_error=-0.079,True
17.0,1,2.041817484050463,2.045186520952184,0.7912611590468638,1.9321986919158538,1.8803268513899036,0.8701629021322721,0.19797724676647774,ARRIVED distance=0.198 yaw_error=-0.079,True
17.0,1,2.041817484050463,2.045186520952184,0.7912611590468638,1.9321986919158538,1.8803268513899036,0.8701629021322721,0.19797724676647774,ARRIVED distance=0.198 yaw_error=-0.079,True
17.1,1,2.041817484050463,2.045186520952184,0.7912611590468638,1.9321977780923634,1.8803256530395809,0.8701677439881672,0.1979787506356096,ARRIVED distance=0.198 yaw_error=-0.079,True
17.1,1,2.041817484050463,2.045186520952184,0.7912611590468638,1.9321977780923634,1.8803256530395809,0.8701677439881672,0.1979787506356096,ARRIVED distance=0.198 yaw_error=-0.079,True
17.200000000000003,1,2.041817484050463,2.045186520952184,0.7912611590468638,1.9321967101116764,1.880324619270926,0.8701626017111029,0.19798020281053164,ARRIVED distance=0.198 yaw_error=-0.079,True
17.200000000000003,1,2.041817484050463,2.045186520952184,0.7912611590468638,1.9321967101116764,1.880324619270926,0.8701626017111029,0.19798020281053164,ARRIVED distance=0.198 yaw_error=-0.079,True
17.3,1,2.041817484050463,2.045186520952184,0.7912611590468638,1.93219563763671,1.880323594440019,0.8701604545532767,0.1979816500318044,ARRIVED distance=0.198 yaw_error=-0.079,True
17.3,1,2.041817484050463,2.045186520952184,0.7912611590468638,1.93219563763671,1.880323594440019,0.8701604545532767,0.1979816500318044,ARRIVED distance=0.198 yaw_error=-0.079,True
17.400000000000002,1,2.041817484050463,2.045186520952184,0.7912611590468638,1.932194825019801,1.880322372928104,0.8701669367832866,0.19798311715057526,ARRIVED distance=0.198 yaw_error=-0.079,True
17.400000000000002,1,2.041817484050463,2.045186520952184,0.7912611590468638,1.932194825019801,1.880322372928104,0.8701669367832866,0.19798311715057526,ARRIVED distance=0.198 yaw_error=-0.079,True
17.5,1,2.041817484050463,2.045186520952184,0.7912611590468638,1.9321938140462356,1.880321369659277,0.8701630858628325,0.19798451236404507,ARRIVED distance=0.198 yaw_error=-0.079,True
17.5,1,2.041817484050463,2.045186520952184,0.7912611590468638,1.9321938140462356,1.880321369659277,0.8701630858628325,0.19798451236404507,ARRIVED distance=0.198 yaw_error=-0.079,True
17.6,1,2.041817484050463,2.045186520952184,0.7912611590468638,1.932192753022037,1.8803201220847456,0.8701655009412712,0.1979861387283764,ARRIVED distance=0.198 yaw_error=-0.079,True
17.6,1,2.041817484050463,2.045186520952184,0.7912611590468638,1.932192753022037,1.8803201220847456,0.8701655009412712,0.1979861387283764,ARRIVED distance=0.198 yaw_error=-0.079,True
17.700000000000003,1,2.041817484050463,2.045186520952184,0.7912611590468638,1.932191772070382,1.8803190149408704,0.8701629648291704,0.19798760381784028,ARRIVED distance=0.198 yaw_error=-0.079,True
17.700000000000003,1,2.041817484050463,2.045186520952184,0.7912611590468638,1.932191772070382,1.8803190149408704,0.8701629648291704,0.19798760381784028,ARRIVED distance=0.198 yaw_error=-0.079,True
17.8,1,2.041817484050463,2.045186520952184,0.7912611590468638,1.9321905487424613,1.8803179843106173,0.870160166391264,0.1979891393974839,ARRIVED distance=0.198 yaw_error=-0.079,True
17.8,1,2.041817484050463,2.045186520952184,0.7912611590468638,1.9321903597450756,1.8803178956206819,0.8701599855007713,0.1979893178991432,ARRIVED distance=0.198 yaw_error=-0.079,True
17.900000000000002,1,2.041817484050463,2.045186520952184,0.7912611590468638,1.9321893735298366,1.8803169166560783,0.8701601483273647,0.19799067916716956,ARRIVED distance=0.198 yaw_error=-0.079,True
17.900000000000002,1,2.041817484050463,2.045186520952184,0.7912611590468638,1.9321893735298366,1.8803169166560783,0.8701601483273647,0.19799067916716956,ARRIVED distance=0.198 yaw_error=-0.079,True
18.0,1,2.041817484050463,2.045186520952184,0.7912611590468638,1.9321886351321722,1.8803155622134078,0.8701642286416776,0.19799221588383864,ARRIVED distance=0.198 yaw_error=-0.079,True
18.0,1,2.041817484050463,2.045186520952184,0.7912611590468638,1.9321885931787977,1.8803153919508977,0.8701629108264417,0.19799238089358437,ARRIVED distance=0.198 yaw_error=-0.079,True
18.1,1,2.041817484050463,2.045186520952184,0.7912611590468638,1.9321875621653561,1.8803143934418136,0.8701623436548538,0.1979937832416219,ARRIVED distance=0.198 yaw_error=-0.079,True
18.1,1,2.041817484050463,2.045186520952184,0.7912611590468638,1.9321875621653561,1.8803143934418136,0.8701623436548538,0.1979937832416219,ARRIVED distance=0.198 yaw_error=-0.079,True
18.200000000000003,1,2.041817484050463,2.045186520952184,0.7912611590468638,1.9321863302477091,1.8803133516376411,0.8701603994321013,0.19799533288424978,ARRIVED distance=0.198 yaw_error=-0.079,True
18.200000000000003,1,2.041817484050463,2.045186520952184,0.7912611590468638,1.9321863302477091,1.8803133516376411,0.8701603994321013,0.19799533288424978,ARRIVED distance=0.198 yaw_error=-0.079,True
18.3,1,2.041817484050463,2.045186520952184,0.7912611590468638,1.9321853904255595,1.880312083324145,0.8701633497424329,0.19799690940957046,ARRIVED distance=0.198 yaw_error=-0.079,True
18.3,1,2.041817484050463,2.045186520952184,0.7912611590468638,1.9321853904255595,1.880312083324145,0.8701633497424329,0.19799690940957046,ARRIVED distance=0.198 yaw_error=-0.079,True
18.400000000000002,1,2.041817484050463,2.045186520952184,0.7912611590468638,1.9321844912917139,1.8803109189017733,0.8701635588363237,0.19799837689416858,ARRIVED distance=0.198 yaw_error=-0.079,True
18.400000000000002,1,2.041817484050463,2.045186520952184,0.7912611590468638,1.9321844912917139,1.8803109189017733,0.8701635588363237,0.19799837689416858,ARRIVED distance=0.198 yaw_error=-0.079,True
18.5,1,2.041817484050463,2.045186520952184,0.7912611590468638,1.9321833774849444,1.8803098055400704,0.8701609315006158,0.19799992072601055,ARRIVED distance=0.198 yaw_error=-0.079,True
18.5,1,2.041817484050463,2.045186520952184,0.7912611590468638,1.9321833774849444,1.8803098055400704,0.8701609315006158,0.19799992072601055,ARRIVED distance=0.198 yaw_error=-0.079,True
18.6,1,2.041817484050463,2.045186520952184,0.7912611590468638,1.9321821696170722,1.8803086819036108,0.8701592016789672,0.19800152519674077,ARRIVED distance=0.198 yaw_error=-0.079,True
18.6,1,2.041817484050463,2.045186520952184,0.7912611590468638,1.9321821696170722,1.8803086819036108,0.8701592016789672,0.19800152519674077,ARRIVED distance=0.198 yaw_error=-0.079,True
18.6,1,4.0,0.0,0.0,1.9321819254369907,1.8803086399101812,0.8701593492891837,2.7948939462545526,GOAL_RECEIVED frame=odom x=4.000 y=0.000,False
18.700000000000003,1,4.0,0.0,0.0,1.9321809236732077,1.8803075856539768,0.8701590882743903,2.7948939781481648,TRACKING distance=2.795 heading_error=-1.608 linear=0.000 angular=-0.120 ,False
18.700000000000003,1,4.0,0.0,0.0,1.9321809236732077,1.8803075856539768,0.8701590882743903,2.7948939781481648,TRACKING distance=2.795 heading_error=-1.608 linear=0.000 angular=-0.180 ,False
18.8,1,4.0,0.0,0.0,1.9321802332158113,1.8803061723559038,0.8701656163572562,2.7948935381697684,TRACKING distance=2.795 heading_error=-1.608 linear=0.000 angular=-0.300 ,False
18.8,1,4.0,0.0,0.0,1.9321802332158113,1.8803061723559038,0.8701656163572562,2.7948935381697684,TRACKING distance=2.795 heading_error=-1.608 linear=0.000 angular=-0.360 ,False
18.900000000000002,1,4.0,0.0,0.0,1.9323057121833334,1.880028624016033,0.8636380183763832,2.794613979602423,TRACKING distance=2.795 heading_error=-1.602 linear=0.000 angular=-0.480 ,False
18.900000000000002,1,4.0,0.0,0.0,1.9323057121833334,1.880028624016033,0.8636380183763832,2.794613979602423,TRACKING distance=2.795 heading_error=-1.602 linear=0.000 angular=-0.540 ,False
19.0,1,4.0,0.0,0.0,1.9325820395816558,1.8795514022045494,0.8470573575546034,2.794088491188036,TRACKING distance=2.794 heading_error=-1.585 linear=0.000 angular=-0.550 ,False
19.0,1,4.0,0.0,0.0,1.9325820395816558,1.8795514022045494,0.8470573575546034,2.794088491188036,TRACKING distance=2.794 heading_error=-1.585 linear=0.000 angular=-0.550 ,False
19.1,1,4.0,0.0,0.0,1.933053538590394,1.8789523455124673,0.8222546773302338,2.7933366411946294,TRACKING distance=2.793 heading_error=-1.560 linear=0.000 angular=-0.550 ,False
19.1,1,4.0,0.0,0.0,1.933053538590394,1.8789523455124673,0.8222546773302338,2.7933366411946294,TRACKING distance=2.793 heading_error=-1.560 linear=0.000 angular=-0.550 ,False
19.200000000000003,1,4.0,0.0,0.0,1.9338177807527241,1.8789716031304087,0.7948765935945142,2.7927841392603288,TRACKING distance=2.793 heading_error=-1.533 linear=0.000 angular=-0.550 ,False
19.200000000000003,1,4.0,0.0,0.0,1.9338177807527241,1.8789716031304087,0.7948765935945142,2.7927841392603288,TRACKING distance=2.793 heading_error=-1.533 linear=0.000 angular=-0.550 ,False
19.3,1,4.0,0.0,0.0,1.9337116586928458,1.8792367914174306,0.7670489017905772,2.793041071598975,TRACKING distance=2.793 heading_error=-1.505 linear=0.000 angular=-0.550 ,False
19.3,1,4.0,0.0,0.0,1.9337116586928458,1.8792367914174306,0.7670489017905772,2.793041071598975,TRACKING distance=2.793 heading_error=-1.505 linear=0.000 angular=-0.550 ,False
19.400000000000002,1,4.0,0.0,0.0,1.9338827187141316,1.878812447141733,0.7398585508846016,2.7926290178902775,TRACKING distance=2.793 heading_error=-1.478 linear=0.000 angular=-0.550 ,False
19.400000000000002,1,4.0,0.0,0.0,1.9338827187141316,1.878812447141733,0.7398585508846016,2.7926290178902775,TRACKING distance=2.793 heading_error=-1.478 linear=0.000 angular=-0.550 ,False
19.5,1,4.0,0.0,0.0,1.934447790078842,1.8788707362111408,0.713938074917127,2.7922501992659567,TRACKING distance=2.792 heading_error=-1.452 linear=0.000 angular=-0.550 ,False
19.5,1,4.0,0.0,0.0,1.934447790078842,1.8788707362111408,0.713938074917127,2.7922501992659567,TRACKING distance=2.792 heading_error=-1.452 linear=0.000 angular=-0.550 ,False
19.6,1,4.0,0.0,0.0,1.9343013116692962,1.8778707864229178,0.6873168486514152,2.7916858278595424,TRACKING distance=2.792 heading_error=-1.425 linear=0.000 angular=-0.550 ,False
19.6,1,4.0,0.0,0.0,1.9343013116692962,1.8778707864229178,0.6873168486514152,2.7916858278595424,TRACKING distance=2.792 heading_error=-1.425 linear=0.000 angular=-0.550 ,False
19.700000000000003,1,4.0,0.0,0.0,1.9345389308666257,1.8782645022713307,0.6597384460528759,2.791774877850675,TRACKING distance=2.792 heading_error=-1.398 linear=0.000 angular=-0.550 ,False
19.700000000000003,1,4.0,0.0,0.0,1.9345389308666257,1.8782645022713307,0.6597384460528759,2.791774877850675,TRACKING distance=2.792 heading_error=-1.398 linear=0.000 angular=-0.550 ,False
19.8,1,4.0,0.0,0.0,1.9353293054464522,1.8779080620176332,0.6192344373707006,2.7909503339076194,TRACKING distance=2.791 heading_error=-1.357 linear=0.000 angular=-0.550 ,False
19.8,1,4.0,0.0,0.0,1.9353293054464522,1.8779080620176332,0.6192344373707006,2.7909503339076194,TRACKING distance=2.791 heading_error=-1.357 linear=0.000 angular=-0.550 ,False
19.900000000000002,1,4.0,0.0,0.0,1.9358082841086088,1.8776158622783872,0.5783707067750858,2.790399391885337,TRACKING distance=2.790 heading_error=-1.316 linear=0.000 angular=-0.550 ,False
19.900000000000002,1,4.0,0.0,0.0,1.9358082841086088,1.8776158622783872,0.5783707067750858,2.790399391885337,TRACKING distance=2.790 heading_error=-1.316 linear=0.000 angular=-0.550 ,False
20.0,1,4.0,0.0,0.0,1.9360944030968399,1.8778132793025542,0.5360882604094448,2.7903205953533727,TRACKING distance=2.790 heading_error=-1.274 linear=0.000 angular=-0.550 ,False
20.0,1,4.0,0.0,0.0,1.9360944030968399,1.8778132793025542,0.5360882604094448,2.7903205953533727,TRACKING distance=2.790 heading_error=-1.274 linear=0.000 angular=-0.550 ,False
20.1,1,4.0,0.0,0.0,1.936146361943308,1.877565187590298,0.5014936134216114,2.790115207831181,TRACKING distance=2.790 heading_error=-1.240 linear=0.000 angular=-0.550 ,False
20.1,1,4.0,0.0,0.0,1.936146361943308,1.877565187590298,0.5014936134216114,2.790115207831181,TRACKING distance=2.790 heading_error=-1.240 linear=0.000 angular=-0.550 ,False
20.200000000000003,1,4.0,0.0,0.0,1.936602959887115,1.8773471281927234,0.47410426024239644,2.789630725540583,TRACKING distance=2.790 heading_error=-1.212 linear=0.000 angular=-0.550 ,False
20.200000000000003,1,4.0,0.0,0.0,1.936602959887115,1.8773471281927234,0.47410426024239644,2.789630725540583,TRACKING distance=2.790 heading_error=-1.212 linear=0.000 angular=-0.550 ,False
20.3,1,4.0,0.0,0.0,1.9378381782262686,1.8772572222855881,0.4499028365590364,2.7886566762160876,TRACKING distance=2.789 heading_error=-1.188 linear=0.000 angular=-0.550 ,False
20.3,1,4.0,0.0,0.0,1.9378381782262686,1.8772572222855881,0.4499028365590364,2.7886566762160876,TRACKING distance=2.789 heading_error=-1.188 linear=0.000 angular=-0.550 ,False
20.400000000000002,1,4.0,0.0,0.0,1.9371619630776813,1.877172875930468,0.42849169604022913,2.7890999933137195,TRACKING distance=2.789 heading_error=-1.167 linear=0.000 angular=-0.550 ,False
20.400000000000002,1,4.0,0.0,0.0,1.9371619630776813,1.877172875930468,0.42849169604022913,2.7890999933137195,TRACKING distance=2.789 heading_error=-1.167 linear=0.000 angular=-0.550 ,False
20.5,1,4.0,0.0,0.0,1.9382281390669174,1.8774109081146968,0.41018483683017753,2.7884717901466236,TRACKING distance=2.788 heading_error=-1.149 linear=0.000 angular=-0.550 ,False
20.5,1,4.0,0.0,0.0,1.9382281390669174,1.8774109081146968,0.41018483683017753,2.7884717901466236,TRACKING distance=2.788 heading_error=-1.149 linear=0.000 angular=-0.550 ,False
20.6,1,4.0,0.0,0.0,1.9389878287369524,1.8769858984211576,0.39356810493782446,2.7876239403775935,TRACKING distance=2.788 heading_error=-1.132 linear=0.000 angular=-0.550 ,False
20.6,1,4.0,0.0,0.0,1.9389878287369524,1.8769858984211576,0.39356810493782446,2.7876239403775935,TRACKING distance=2.788 heading_error=-1.132 linear=0.000 angular=-0.550 ,False
20.700000000000003,1,4.0,0.0,0.0,1.9390740385905791,1.8767227939841589,0.3808860650632483,2.787383049362081,TRACKING distance=2.787 heading_error=-1.120 linear=0.000 angular=-0.550 ,False
20.700000000000003,1,4.0,0.0,0.0,1.9390740385905791,1.8767227939841589,0.3808860650632483,2.787383049362081,TRACKING distance=2.787 heading_error=-1.120 linear=0.000 angular=-0.550 ,False
20.8,1,4.0,0.0,0.0,1.938832074875933,1.876899200938952,0.3587089285791276,2.787680725270656,TRACKING distance=2.788 heading_error=-1.097 linear=0.000 angular=-0.550 ,False
20.8,1,4.0,0.0,0.0,1.938832074875933,1.876899200938952,0.3587089285791276,2.787680725270656,TRACKING distance=2.788 heading_error=-1.097 linear=0.000 angular=-0.550 ,False
20.900000000000002,1,4.0,0.0,0.0,1.939428543964079,1.8767582989914084,0.33850376887409755,2.787144854194543,TRACKING distance=2.787 heading_error=-1.077 linear=0.000 angular=-0.550 ,False
20.900000000000002,1,4.0,0.0,0.0,1.939428543964079,1.8767582989914084,0.33850376887409755,2.787144854194543,TRACKING distance=2.787 heading_error=-1.077 linear=0.000 angular=-0.550 ,False
21.0,1,4.0,0.0,0.0,1.9405601780846962,1.8767858767940995,0.32452928110690754,2.7863269024693307,TRACKING distance=2.786 heading_error=-1.064 linear=0.000 angular=-0.550 ,False
21.0,1,4.0,0.0,0.0,1.9405601780846962,1.8767858767940995,0.32452928110690754,2.7863269024693307,TRACKING distance=2.786 heading_error=-1.064 linear=0.000 angular=-0.550 ,False
21.0,1,3.129503401035511,-1.611305204174417,-1.2421223109129989,1.9398943108272884,1.8768345605453411,0.3214415983147555,3.6854156896780648,OBJECT_GOAL_PUBLISHED,
21.1,1,4.0,0.0,0.0,1.940034207798748,1.877168177690935,0.3107910119855406,2.7869731667841435,TRACKING distance=2.787 heading_error=-1.050 linear=0.000 angular=-0.550 ,False
21.1,1,4.0,0.0,0.0,1.940034207798748,1.877168177690935,0.3107910119855406,2.7869731667841435,TRACKING distance=2.787 heading_error=-1.050 linear=0.000 angular=-0.550 ,False
21.200000000000003,1,4.0,0.0,0.0,1.9408046965017873,1.8771629169543464,0.2926038831640859,2.7864001713209907,TRACKING distance=2.786 heading_error=-1.032 linear=0.000 angular=-0.550 ,False
21.200000000000003,1,4.0,0.0,0.0,1.9408046965017873,1.8771629169543464,0.2926038831640859,2.7864001713209907,TRACKING distance=2.786 heading_error=-1.032 linear=0.000 angular=-0.550 ,False
21.3,1,4.0,0.0,0.0,1.940766814719601,1.8770537143755353,0.27475975352806026,2.7863546001919874,TRACKING distance=2.786 heading_error=-1.014 linear=0.000 angular=-0.550 ,False
21.3,1,4.0,0.0,0.0,1.940766814719601,1.8770537143755353,0.27475975352806026,2.7863546001919874,TRACKING distance=2.786 heading_error=-1.014 linear=0.000 angular=-0.550 ,False
21.400000000000002,1,4.0,0.0,0.0,1.9417676200574234,1.876677002935781,0.2602398210460653,2.7853612159273182,TRACKING distance=2.785 heading_error=-1.000 linear=0.000 angular=-0.550 ,False
21.400000000000002,1,4.0,0.0,0.0,1.9417676200574234,1.876677002935781,0.2602398210460653,2.7853612159273182,TRACKING distance=2.785 heading_error=-1.000 linear=0.000 angular=-0.550 ,False
21.5,1,4.0,0.0,0.0,1.9416857383596364,1.8767677359350747,0.24520378210286545,2.785482854788193,TRACKING distance=2.785 heading_error=-0.984 linear=0.000 angular=-0.550 ,False
21.5,1,4.0,0.0,0.0,1.9416857383596364,1.8767677359350747,0.24520378210286545,2.785482854788193,TRACKING distance=2.785 heading_error=-0.984 linear=0.000 angular=-0.550 ,False
21.6,1,4.0,0.0,0.0,1.9427423693320371,1.8771695454951054,0.22872008848492256,2.7849729732038444,TRACKING distance=2.785 heading_error=-0.968 linear=0.000 angular=-0.550 ,False
21.6,1,4.0,0.0,0.0,1.9427423693320371,1.8771695454951054,0.22872008848492256,2.7849729732038444,TRACKING distance=2.785 heading_error=-0.968 linear=0.000 angular=-0.550 ,False
21.700000000000003,1,4.0,0.0,0.0,1.94283940882796,1.8767012523375568,0.2153009365923494,2.784585658297595,TRACKING distance=2.785 heading_error=-0.955 linear=0.000 angular=-0.550 ,False
21.700000000000003,1,4.0,0.0,0.0,1.94283940882796,1.8767012523375568,0.2153009365923494,2.784585658297595,TRACKING distance=2.785 heading_error=-0.955 linear=0.000 angular=-0.550 ,False
21.8,1,4.0,0.0,0.0,1.9429624964335532,1.87711362525361,0.20095956328955877,2.7847726753168973,TRACKING distance=2.785 heading_error=-0.941 linear=0.000 angular=-0.550 ,False
21.8,1,4.0,0.0,0.0,1.9431078959876058,1.8770910643377527,0.19917569021146397,2.7846500662318725,TRACKING distance=2.785 heading_error=-0.941 linear=0.000 angular=-0.550 ,False
21.900000000000002,1,4.0,0.0,0.0,1.942149907012037,1.8772500311713927,0.18478015321772004,2.785464895622195,TRACKING distance=2.785 heading_error=-0.924 linear=0.000 angular=-0.550 ,False
21.900000000000002,1,4.0,0.0,0.0,1.942149907012037,1.8772500311713927,0.18478015321772004,2.785464895622195,TRACKING distance=2.785 heading_error=-0.924 linear=0.000 angular=-0.550 ,False
22.0,1,4.0,0.0,0.0,1.9426079927466307,1.8767735550598394,0.16172310183647398,2.7848053519917686,TRACKING distance=2.785 heading_error=-0.901 linear=0.000 angular=-0.550 ,False
22.0,1,4.0,0.0,0.0,1.9428530121064564,1.876956480634833,0.15953134394684051,2.7847476294983315,TRACKING distance=2.785 heading_error=-0.901 linear=0.000 angular=-0.550 ,False
22.1,1,4.0,0.0,0.0,1.9432240576779847,1.877112951166098,0.1426421418092467,2.784579018155188,TRACKING distance=2.785 heading_error=-0.882 linear=0.000 angular=-0.550 ,False
22.1,1,4.0,0.0,0.0,1.9432240576779847,1.877112951166098,0.1426421418092467,2.784579018155188,TRACKING distance=2.785 heading_error=-0.882 linear=0.000 angular=-0.550 ,False
22.200000000000003,1,4.0,0.0,0.0,1.9423731026882334,1.877078752414491,0.12575807561306976,2.7851845704202063,TRACKING distance=2.785 heading_error=-0.865 linear=0.000 angular=-0.550 ,False
22.200000000000003,1,4.0,0.0,0.0,1.9423731026882334,1.877078752414491,0.12575807561306976,2.7851845704202063,TRACKING distance=2.785 heading_error=-0.865 linear=0.000 angular=-0.550 ,False
22.3,1,4.0,0.0,0.0,1.9433402183495372,1.8770896730135813,0.11199873797551993,2.7844775269326134,TRACKING distance=2.784 heading_error=-0.852 linear=0.000 angular=-0.550 ,False
22.3,1,4.0,0.0,0.0,1.9433402183495372,1.8770896730135813,0.11199873797551993,2.7844775269326134,TRACKING distance=2.784 heading_error=-0.852 linear=0.000 angular=-0.550 ,False
22.400000000000002,1,4.0,0.0,0.0,1.942638219497584,1.8769039736684623,0.09487949807686955,2.784870916621547,TRACKING distance=2.785 heading_error=-0.834 linear=0.000 angular=-0.550 ,False
22.400000000000002,1,4.0,0.0,0.0,1.942638219497584,1.8769039736684623,0.09487949807686955,2.784870916621547,TRACKING distance=2.785 heading_error=-0.834 linear=0.000 angular=-0.550 ,False
22.5,1,4.0,0.0,0.0,1.9435248011943345,1.8763973316764138,0.07997354746400413,2.783874492434091,TRACKING distance=2.784 heading_error=-0.820 linear=0.000 angular=-0.550 ,False
22.5,1,4.0,0.0,0.0,1.9435248011943345,1.8763973316764138,0.07997354746400413,2.783874492434091,TRACKING distance=2.784 heading_error=-0.820 linear=0.000 angular=-0.550 ,False
22.6,1,4.0,0.0,0.0,1.9433025542829274,1.8760806446671876,0.06591346880644008,2.78382524029688,TRACKING distance=2.784 heading_error=-0.805 linear=0.000 angular=-0.550 ,False
22.6,1,4.0,0.0,0.0,1.9433025542829274,1.8760806446671876,0.06591346880644008,2.78382524029688,TRACKING distance=2.784 heading_error=-0.805 linear=0.000 angular=-0.550 ,False
22.700000000000003,1,4.0,0.0,0.0,1.943557854270382,1.8759370558653305,0.04958810401965912,2.7835398571426495,TRACKING distance=2.784 heading_error=-0.789 linear=0.000 angular=-0.550 ,False
22.700000000000003,1,4.0,0.0,0.0,1.943557854270382,1.8759370558653305,0.04958810401965912,2.7835398571426495,TRACKING distance=2.784 heading_error=-0.789 linear=0.000 angular=-0.550 ,False
22.8,1,4.0,0.0,0.0,1.9438453726479692,1.8751542972863342,0.03193637232243759,2.7827999371518923,TRACKING distance=2.783 heading_error=-0.771 linear=0.000 angular=-0.550 ,False
22.8,1,4.0,0.0,0.0,1.9438453726479692,1.8751542972863342,0.03193637232243759,2.7827999371518923,TRACKING distance=2.783 heading_error=-0.771 linear=0.000 angular=-0.550 ,False
22.900000000000002,1,4.0,0.0,0.0,1.9431419149288793,1.8755788950907812,0.013011700457461799,2.78360582228023,TRACKING distance=2.784 heading_error=-0.752 linear=0.000 angular=-0.550 ,False
22.900000000000002,1,4.0,0.0,0.0,1.9431419149288793,1.8755788950907812,0.013011700457461799,2.78360582228023,TRACKING distance=2.784 heading_error=-0.752 linear=0.000 angular=-0.550 ,False
23.0,1,4.0,0.0,0.0,1.9439612755806506,1.8757893020673644,-0.003184105790883495,2.783142242513364,TRACKING distance=2.783 heading_error=-0.736 linear=0.000 angular=-0.550 ,False
23.0,1,4.0,0.0,0.0,1.9439612755806506,1.8757893020673644,-0.003184105790883495,2.783142242513364,TRACKING distance=2.783 heading_error=-0.736 linear=0.000 angular=-0.550 ,False
23.1,1,4.0,0.0,0.0,1.943544559932669,1.8755462106610439,-0.01871934751770115,2.7832862887794203,TRACKING distance=2.783 heading_error=-0.721 linear=0.000 angular=-0.550 ,False
23.1,1,4.0,0.0,0.0,1.943544559932669,1.8755462106610439,-0.01871934751770115,2.7832862887794203,TRACKING distance=2.783 heading_error=-0.721 linear=0.000 angular=-0.550 ,False
23.200000000000003,1,4.0,0.0,0.0,1.9446622094472636,1.8751971278545414,-0.0324708753674434,2.782225314669559,TRACKING distance=2.782 heading_error=-0.707 linear=0.000 angular=-0.550 ,False
23.200000000000003,1,4.0,0.0,0.0,1.9446622094472636,1.8751971278545414,-0.0324708753674434,2.782225314669559,TRACKING distance=2.782 heading_error=-0.707 linear=0.000 angular=-0.550 ,False
23.3,1,4.0,0.0,0.0,1.9442364204633171,1.8755906428088431,-0.046172227020736374,2.782805087378842,TRACKING distance=2.783 heading_error=-0.693 linear=0.035 angular=-0.550 ,False
23.3,1,4.0,0.0,0.0,1.9442364204633171,1.8755906428088431,-0.046172227020736374,2.782805087378842,TRACKING distance=2.783 heading_error=-0.693 linear=0.052 angular=-0.550 ,False
23.400000000000002,1,4.0,0.0,0.0,1.9446653668061413,1.8754499631206794,-0.062084384306162047,2.7823933975222643,TRACKING distance=2.782 heading_error=-0.678 linear=0.087 angular=-0.550 ,False
23.400000000000002,1,4.0,0.0,0.0,1.9446653668061413,1.8754499631206794,-0.062084384306162047,2.7823933975222643,TRACKING distance=2.782 heading_error=-0.678 linear=0.105 angular=-0.550 ,False
23.5,1,4.0,0.0,0.0,1.9439957566540091,1.8751019781278104,-0.0812614408835575,2.7826535675566135,TRACKING distance=2.783 heading_error=-0.658 linear=0.140 angular=-0.550 ,False
23.5,1,4.0,0.0,0.0,1.9439957566540091,1.8751019781278104,-0.0812614408835575,2.7826535675566135,TRACKING distance=2.783 heading_error=-0.658 linear=0.157 angular=-0.550 ,False
23.6,1,4.0,0.0,0.0,1.949491942896997,1.874386184385425,-0.10177114193727875,2.778112103652278,TRACKING distance=2.778 heading_error=-0.639 linear=0.192 angular=-0.550 ,False
23.6,1,4.0,0.0,0.0,1.949491942896997,1.874386184385425,-0.10177114193727875,2.778112103652278,TRACKING distance=2.778 heading_error=-0.639 linear=0.210 angular=-0.550 ,False
23.700000000000003,1,4.0,0.0,0.0,1.9645831028728689,1.872616072011493,-0.12572144007138192,2.7657933578390113,TRACKING distance=2.766 heading_error=-0.618 linear=0.245 angular=-0.550 ,False
23.700000000000003,1,4.0,0.0,0.0,1.9645831028728689,1.872616072011493,-0.12572144007138192,2.7657933578390113,TRACKING distance=2.766 heading_error=-0.618 linear=0.263 angular=-0.550 ,False
23.8,1,4.0,0.0,0.0,1.9933111699568247,1.868295733275165,-0.1517782973502253,2.7417747915527695,TRACKING distance=2.742 heading_error=-0.598 linear=0.297 angular=-0.550 ,False
23.8,1,4.0,0.0,0.0,1.9933111699568247,1.868295733275165,-0.1517782973502253,2.7417747915527695,TRACKING distance=2.742 heading_error=-0.598 linear=0.315 angular=-0.550 ,False
23.900000000000002,1,4.0,0.0,0.0,2.0291212035190984,1.8622301446184135,-0.17885275847617826,2.711505917740827,TRACKING distance=2.712 heading_error=-0.578 linear=0.350 angular=-0.550 ,False
23.900000000000002,1,4.0,0.0,0.0,2.0291212035190984,1.8622301446184135,-0.17885275847617826,2.711505917740827,TRACKING distance=2.712 heading_error=-0.578 linear=0.350 angular=-0.550 ,False
24.0,1,4.0,0.0,0.0,2.067134353371135,1.855047211445084,-0.2063589005367325,2.679024032107253,TRACKING distance=2.679 heading_error=-0.558 linear=0.350 angular=-0.550 ,False
24.0,1,4.0,0.0,0.0,2.071038168360695,1.8540855392691902,-0.20919466760336372,2.6755423627459884,TRACKING distance=2.679 heading_error=-0.558 linear=0.350 angular=-0.550 ,False
24.1,1,4.0,0.0,0.0,2.105089884499805,1.8462562617771532,-0.23446573577469956,2.645627813955756,TRACKING distance=2.646 heading_error=-0.538 linear=0.350 angular=-0.550 ,False
24.1,1,4.0,0.0,0.0,2.105089884499805,1.8462562617771532,-0.23446573577469956,2.645627813955756,TRACKING distance=2.646 heading_error=-0.538 linear=0.350 angular=-0.550 ,False
24.200000000000003,1,4.0,0.0,0.0,2.1423508209966413,1.8367861538016905,-0.26194068191641423,2.6124019306089674,TRACKING distance=2.612 heading_error=-0.518 linear=0.350 angular=-0.550 ,False
24.200000000000003,1,4.0,0.0,0.0,2.1423508209966413,1.8367861538016905,-0.26194068191641423,2.6124019306089674,TRACKING distance=2.612 heading_error=-0.518 linear=0.350 angular=-0.550 ,False
24.3,1,4.0,0.0,0.0,2.1800507022907243,1.8264768225063457,-0.2910341148523153,2.578416767977078,TRACKING distance=2.578 heading_error=-0.496 linear=0.350 angular=-0.550 ,False
24.3,1,4.0,0.0,0.0,2.1800507022907243,1.8264768225063457,-0.2910341148523153,2.578416767977078,TRACKING distance=2.578 heading_error=-0.496 linear=0.350 angular=-0.550 ,False
24.400000000000002,1,4.0,0.0,0.0,2.216888085022734,1.8152372606527074,-0.3202396013358015,2.544518503331394,TRACKING distance=2.545 heading_error=-0.474 linear=0.350 angular=-0.550 ,False
24.400000000000002,1,4.0,0.0,0.0,2.216888085022734,1.8152372606527074,-0.3202396013358015,2.544518503331394,TRACKING distance=2.545 heading_error=-0.474 linear=0.350 angular=-0.550 ,False
24.5,1,4.0,0.0,0.0,2.2538564654569035,1.802427813870899,-0.34803835794927646,2.5095344722561763,TRACKING distance=2.510 heading_error=-0.453 linear=0.350 angular=-0.544 ,False
24.5,1,4.0,0.0,0.0,2.2538564654569035,1.802427813870899,-0.34803835794927646,2.5095344722561763,TRACKING distance=2.510 heading_error=-0.453 linear=0.350 angular=-0.544 ,False
24.6,1,4.0,0.0,0.0,2.2899913132079828,1.7892180197494159,-0.3752260553999062,2.4749607736487826,TRACKING distance=2.475 heading_error=-0.433 linear=0.350 angular=-0.519 ,False
24.6,1,4.0,0.0,0.0,2.2899913132079828,1.7892180197494159,-0.3752260553999062,2.4749607736487826,TRACKING distance=2.475 heading_error=-0.433 linear=0.350 angular=-0.519 ,False
24.700000000000003,1,4.0,0.0,0.0,2.325993368084094,1.774634762105768,-0.4019125276852287,2.4395956104593712,TRACKING distance=2.440 heading_error=-0.413 linear=0.350 angular=-0.495 ,False
24.700000000000003,1,4.0,0.0,0.0,2.325993368084094,1.774634762105768,-0.4019125276852287,2.4395956104593712,TRACKING distance=2.440 heading_error=-0.413 linear=0.350 angular=-0.495 ,False
24.8,1,4.0,0.0,0.0,2.3615984010582864,1.75903133786973,-0.42669344826733957,2.403861694653529,TRACKING distance=2.404 heading_error=-0.394 linear=0.350 angular=-0.473 ,False
24.8,1,4.0,0.0,0.0,2.3615984010582864,1.75903133786973,-0.42669344826733957,2.403861694653529,TRACKING distance=2.404 heading_error=-0.394 linear=0.350 angular=-0.473 ,False
24.900000000000002,1,4.0,0.0,0.0,2.396413925023787,1.742624719630883,-0.4525629672101829,2.368170013602535,TRACKING distance=2.368 heading_error=-0.374 linear=0.350 angular=-0.449 ,False
24.900000000000002,1,4.0,0.0,0.0,2.396413925023787,1.742624719630883,-0.4525629672101829,2.368170013602535,TRACKING distance=2.368 heading_error=-0.374 linear=0.350 angular=-0.449 ,False
25.0,1,4.0,0.0,0.0,2.431266790712121,1.7252834491043394,-0.48229700518650964,2.3318505230130024,TRACKING distance=2.332 heading_error=-0.351 linear=0.350 angular=-0.421 ,False
25.0,1,4.0,0.0,0.0,2.431266790712121,1.7252834491043394,-0.48229700518650964,2.3318505230130024,TRACKING distance=2.332 heading_error=-0.351 linear=0.350 angular=-0.421 ,False
25.1,1,4.0,0.0,0.0,2.465055093125394,1.707044134351823,-0.5105682193546013,2.295660154240008,TRACKING distance=2.296 heading_error=-0.328 linear=0.350 angular=-0.393 ,False
25.1,1,4.0,0.0,0.0,2.465055093125394,1.707044134351823,-0.5105682193546013,2.295660154240008,TRACKING distance=2.296 heading_error=-0.328 linear=0.350 angular=-0.393 ,False
25.200000000000003,1,4.0,0.0,0.0,2.4992200274696867,1.6880058714175588,-0.5385740671634895,2.2586952755713283,TRACKING distance=2.259 heading_error=-0.305 linear=0.350 angular=-0.367 ,False
25.200000000000003,1,4.0,0.0,0.0,2.4992200274696867,1.6880058714175588,-0.5385740671634895,2.2586952755713283,TRACKING distance=2.259 heading_error=-0.305 linear=0.350 angular=-0.367 ,False
25.3,1,4.0,0.0,0.0,2.5316878772230833,1.667844202738406,-0.5671979070033566,2.2220811808981606,TRACKING distance=2.222 heading_error=-0.282 linear=0.350 angular=-0.338 ,False
25.3,1,4.0,0.0,0.0,2.5316878772230833,1.667844202738406,-0.5671979070033566,2.2220811808981606,TRACKING distance=2.222 heading_error=-0.282 linear=0.350 angular=-0.338 ,False
25.400000000000002,1,4.0,0.0,0.0,2.564455110472832,1.6464112347077486,-0.5936246287520501,2.1843669754918613,TRACKING distance=2.184 heading_error=-0.260 linear=0.350 angular=-0.312 ,False
25.400000000000002,1,4.0,0.0,0.0,2.564455110472832,1.6464112347077486,-0.5936246287520501,2.1843669754918613,TRACKING distance=2.184 heading_error=-0.260 linear=0.350 angular=-0.312 ,False
25.5,1,4.0,0.0,0.0,2.5962873052356086,1.6247831142949998,-0.6190125426356722,2.1471677852326465,TRACKING distance=2.147 heading_error=-0.239 linear=0.350 angular=-0.287 ,False
25.5,1,4.0,0.0,0.0,2.5962873052356086,1.6247831142949998,-0.6190125426356722,2.1471677852326465,TRACKING distance=2.147 heading_error=-0.239 linear=0.350 angular=-0.287 ,False
25.6,1,4.0,0.0,0.0,2.6278561858969303,1.6019175931685905,-0.644347576603822,2.1092459842048696,TRACKING distance=2.109 heading_error=-0.218 linear=0.350 angular=-0.262 ,False
25.6,1,4.0,0.0,0.0,2.6278561858969303,1.6019175931685905,-0.644347576603822,2.1092459842048696,TRACKING distance=2.109 heading_error=-0.218 linear=0.350 angular=-0.262 ,False
25.700000000000003,1,4.0,0.0,0.0,2.658570830151752,1.5783181354095281,-0.6690688229132842,2.0713571286193915,TRACKING distance=2.071 heading_error=-0.197 linear=0.350 angular=-0.237 ,False
25.700000000000003,1,4.0,0.0,0.0,2.658570830151752,1.5783181354095281,-0.6690688229132842,2.0713571286193915,TRACKING distance=2.071 heading_error=-0.197 linear=0.350 angular=-0.237 ,False
25.8,1,4.0,0.0,0.0,2.6885348431616567,1.5543084706862276,-0.6900008857655765,2.0336704943643107,TRACKING distance=2.034 heading_error=-0.180 linear=0.350 angular=-0.216 ,False
25.8,1,4.0,0.0,0.0,2.6885348431616567,1.5543084706862276,-0.6900008857655765,2.0336704943643107,TRACKING distance=2.034 heading_error=-0.180 linear=0.350 angular=-0.216 ,False
25.900000000000002,1,4.0,0.0,0.0,2.718083724885148,1.529783682803276,-0.707440655127333,1.9958826249495463,TRACKING distance=1.996 heading_error=-0.166 linear=0.350 angular=-0.199 ,False
25.900000000000002,1,4.0,0.0,0.0,2.718083724885148,1.529783682803276,-0.707440655127333,1.9958826249495463,TRACKING distance=1.996 heading_error=-0.166 linear=0.350 angular=-0.199 ,False
26.0,1,4.0,0.0,0.0,2.74714924225805,1.5047720558031779,-0.724285201633339,1.9580536154816346,TRACKING distance=1.958 heading_error=-0.152 linear=0.350 angular=-0.183 ,False
26.0,1,4.0,0.0,0.0,2.74714924225805,1.5047720558031779,-0.724285201633339,1.9580536154816346,TRACKING distance=1.958 heading_error=-0.152 linear=0.350 angular=-0.183 ,False
26.1,1,4.0,0.0,0.0,2.776077962839922,1.4789292409471868,-0.7416752603801413,1.9196918640174254,TRACKING distance=1.920 heading_error=-0.138 linear=0.350 angular=-0.165 ,False
26.1,1,4.0,0.0,0.0,2.776077962839922,1.4789292409471868,-0.7416752603801413,1.9196918640174254,TRACKING distance=1.920 heading_error=-0.138 linear=0.350 angular=-0.165 ,False
26.200000000000003,1,4.0,0.0,0.0,2.8045260309734417,1.4525258100950542,-0.7589932979909384,1.8812201465039666,TRACKING distance=1.881 heading_error=-0.123 linear=0.350 angular=-0.148 ,False
26.200000000000003,1,4.0,0.0,0.0,2.8045260309734417,1.4525258100950542,-0.7589932979909384,1.8812201465039666,TRACKING distance=1.881 heading_error=-0.123 linear=0.350 angular=-0.148 ,False
26.3,1,4.0,0.0,0.0,2.832462100190053,1.4258526044674422,-0.774680995563379,1.8428782914666963,TRACKING distance=1.843 heading_error=-0.110 linear=0.350 angular=-0.132 ,False
26.3,1,4.0,0.0,0.0,2.832462100190053,1.4258526044674422,-0.774680995563379,1.8428782914666963,TRACKING distance=1.843 heading_error=-0.110 linear=0.350 angular=-0.132 ,False
26.400000000000002,1,4.0,0.0,0.0,2.8599297935692043,1.3987341998389469,-0.788022022981999,1.8044992206676778,TRACKING distance=1.804 heading_error=-0.099 linear=0.350 angular=-0.119 ,False
26.400000000000002,1,4.0,0.0,0.0,2.8599297935692043,1.3987341998389469,-0.788022022981999,1.8044992206676778,TRACKING distance=1.804 heading_error=-0.099 linear=0.350 angular=-0.119 ,False
26.5,1,4.0,0.0,0.0,2.887009364391979,1.3712224711420478,-0.7990065503013293,1.7660688605816168,TRACKING distance=1.766 heading_error=-0.090 linear=0.350 angular=-0.108 ,False
26.5,1,4.0,0.0,0.0,2.887009364391979,1.3712224711420478,-0.7990065503013293,1.7660688605816168,TRACKING distance=1.766 heading_error=-0.090 linear=0.350 angular=-0.108 ,False
26.6,1,4.0,0.0,0.0,2.9137465106219875,1.3434888864302323,-0.8091342912234635,1.7276889277724314,TRACKING distance=1.728 heading_error=-0.082 linear=0.350 angular=-0.098 ,False
26.6,1,4.0,0.0,0.0,2.9137465106219875,1.3434888864302323,-0.8091342912234635,1.7276889277724314,TRACKING distance=1.728 heading_error=-0.082 linear=0.350 angular=-0.098 ,False
26.700000000000003,1,4.0,0.0,0.0,2.9402796231145847,1.3155603286342727,-0.8168866263808705,1.6892916431044351,TRACKING distance=1.689 heading_error=-0.076 linear=0.350 angular=-0.091 ,False
26.700000000000003,1,4.0,0.0,0.0,2.9402796231145847,1.3155603286342727,-0.8168866263808705,1.6892916431044351,TRACKING distance=1.689 heading_error=-0.076 linear=0.350 angular=-0.091 ,False
26.8,1,4.0,0.0,0.0,2.9666601596885718,1.2874033501788202,-0.8255841473799804,1.650817558552882,TRACKING distance=1.651 heading_error=-0.069 linear=0.350 angular=-0.083 ,False
26.8,1,4.0,0.0,0.0,2.9666601596885718,1.2874033501788202,-0.8255841473799804,1.650817558552882,TRACKING distance=1.651 heading_error=-0.069 linear=0.350 angular=-0.083 ,False
26.900000000000002,1,4.0,0.0,0.0,2.9926259823984465,1.2589608496248608,-0.8331638409959304,1.6123848275851662,TRACKING distance=1.612 heading_error=-0.063 linear=0.350 angular=-0.075 ,False
26.900000000000002,1,4.0,0.0,0.0,2.9926259823984465,1.2589608496248608,-0.8331638409959304,1.6123848275851662,TRACKING distance=1.612 heading_error=-0.063 linear=0.350 angular=-0.075 ,False
27.0,1,4.0,0.0,0.0,3.0186237881973743,1.2304941448292985,-0.8399441048724624,1.5739171228343818,TRACKING distance=1.574 heading_error=-0.058 linear=0.350 angular=-0.069 ,False
27.0,1,4.0,0.0,0.0,3.0186237881973743,1.2304941448292985,-0.8399441048724624,1.5739171228343818,TRACKING distance=1.574 heading_error=-0.058 linear=0.350 angular=-0.069 ,False
27.1,1,4.0,0.0,0.0,3.044244785482022,1.2017656499619056,-0.8465432236789642,1.535483216289474,TRACKING distance=1.535 heading_error=-0.052 linear=0.350 angular=-0.063 ,False
27.1,1,4.0,0.0,0.0,3.044244785482022,1.2017656499619056,-0.8465432236789642,1.535483216289474,TRACKING distance=1.535 heading_error=-0.052 linear=0.350 angular=-0.063 ,False
27.200000000000003,1,4.0,0.0,0.0,3.0696488740341934,1.1728838416373375,-0.8510798563247322,1.4970670404359996,TRACKING distance=1.497 heading_error=-0.049 linear=0.350 angular=-0.059 ,False
27.200000000000003,1,4.0,0.0,0.0,3.0696488740341934,1.1728838416373375,-0.8510798563247322,1.4970670404359996,TRACKING distance=1.497 heading_error=-0.049 linear=0.350 angular=-0.059 ,False
27.3,1,4.0,0.0,0.0,3.0950780405265927,1.1440005947927907,-0.8555413167576199,1.4586367312060429,TRACKING distance=1.459 heading_error=-0.046 linear=0.350 angular=-0.055 ,False
27.3,1,4.0,0.0,0.0,3.0950780405265927,1.1440005947927907,-0.8555413167576199,1.4586367312060429,TRACKING distance=1.459 heading_error=-0.046 linear=0.350 angular=-0.055 ,False
27.400000000000002,1,4.0,0.0,0.0,3.1203739737792313,1.1149735034389066,-0.8603647483835634,1.420178812465448,TRACKING distance=1.420 heading_error=-0.042 linear=0.350 angular=-0.051 ,False
27.400000000000002,1,4.0,0.0,0.0,3.122868140516667,1.1120103774842562,-0.8608316442293225,1.4163076567445956,TRACKING distance=1.420 heading_error=-0.042 linear=0.350 angular=-0.051 ,False
27.5,1,4.0,0.0,0.0,3.145316844725825,1.0857181657567745,-0.865069485812957,1.3817623642883294,TRACKING distance=1.382 heading_error=-0.039 linear=0.350 angular=-0.047 ,False
27.5,1,4.0,0.0,0.0,3.145316844725825,1.0857181657567745,-0.865069485812957,1.3817623642883294,TRACKING distance=1.382 heading_error=-0.039 linear=0.350 angular=-0.047 ,False
27.6,1,4.0,0.0,0.0,3.1701865101745343,1.0563927363997752,-0.8681723713266772,1.343337649816502,TRACKING distance=1.343 heading_error=-0.037 linear=0.350 angular=-0.044 ,False
27.6,1,4.0,0.0,0.0,3.1701865101745343,1.0563927363997752,-0.8681723713266772,1.343337649816502,TRACKING distance=1.343 heading_error=-0.037 linear=0.350 angular=-0.044 ,False
27.700000000000003,1,4.0,0.0,0.0,3.1950977980113873,1.0270053906024499,-0.8707890597247777,1.304840077209697,TRACKING distance=1.305 heading_error=-0.035 linear=0.350 angular=-0.042 ,False
27.700000000000003,1,4.0,0.0,0.0,3.1950977980113873,1.0270053906024499,-0.8707890597247777,1.304840077209697,TRACKING distance=1.305 heading_error=-0.035 linear=0.350 angular=-0.042 ,False
27.8,1,4.0,0.0,0.0,3.2198575180683204,0.9976528769968561,-0.874296453093368,1.2664649837617403,TRACKING distance=1.266 heading_error=-0.033 linear=0.350 angular=-0.039 ,False
27.8,1,4.0,0.0,0.0,3.2198575180683204,0.9976528769968561,-0.874296453093368,1.2664649837617403,TRACKING distance=1.266 heading_error=-0.033 linear=0.350 angular=-0.039 ,False
27.900000000000002,1,4.0,0.0,0.0,3.244514105628435,0.9681656637250915,-0.8774237524805214,1.2280487323435705,TRACKING distance=1.228 heading_error=-0.031 linear=0.350 angular=-0.037 ,False
27.900000000000002,1,4.0,0.0,0.0,3.244514105628435,0.9681656637250915,-0.8774237524805214,1.2280487323435705,TRACKING distance=1.228 heading_error=-0.031 linear=0.350 angular=-0.037 ,False
28.0,1,4.0,0.0,0.0,3.2689885950453705,0.9385633962284278,-0.8806146451085467,1.1896549596053394,TRACKING distance=1.190 heading_error=-0.028 linear=0.350 angular=-0.034 ,False
28.0,1,4.0,0.0,0.0,3.2689885950453705,0.9385633962284278,-0.8806146451085467,1.1896549596053394,TRACKING distance=1.190 heading_error=-0.028 linear=0.350 angular=-0.034 ,False
28.1,1,4.0,0.0,0.0,3.293382660282254,0.9089337710103688,-0.8828901757802017,1.151290000335673,TRACKING distance=1.151 heading_error=-0.027 linear=0.350 angular=-0.033 ,False
28.1,1,4.0,0.0,0.0,3.293382660282254,0.9089337710103688,-0.8828901757802017,1.151290000335673,TRACKING distance=1.151 heading_error=-0.027 linear=0.350 angular=-0.033 ,False
28.200000000000003,1,4.0,0.0,0.0,3.31777502614461,0.8792007257763361,-0.8845668270357689,1.1128453761226775,TRACKING distance=1.113 heading_error=-0.026 linear=0.350 angular=-0.032 ,False
28.200000000000003,1,4.0,0.0,0.0,3.31777502614461,0.8792007257763361,-0.8845668270357689,1.1128453761226775,TRACKING distance=1.113 heading_error=-0.026 linear=0.350 angular=-0.032 ,False
28.3,1,4.0,0.0,0.0,3.342148739315717,0.8494511101199176,-0.8861286989057977,1.0744000510367917,TRACKING distance=1.074 heading_error=-0.026 linear=0.350 angular=-0.031 ,False
28.3,1,4.0,0.0,0.0,3.342148739315717,0.8494511101199176,-0.8861286989057977,1.0744000510367917,TRACKING distance=1.074 heading_error=-0.026 linear=0.350 angular=-0.031 ,False
28.400000000000002,1,4.0,0.0,0.0,3.366504598861419,0.8197100278133223,-0.888210816095225,1.0359734325558012,TRACKING distance=1.036 heading_error=-0.025 linear=0.350 angular=-0.030 ,False
28.400000000000002,1,4.0,0.0,0.0,3.366504598861419,0.8197100278133223,-0.888210816095225,1.0359734325558012,TRACKING distance=1.036 heading_error=-0.025 linear=0.350 angular=-0.030 ,False
28.5,1,4.0,0.0,0.0,3.3907752747568796,0.7898841163801931,-0.8900204793158689,0.9975327980358711,TRACKING distance=0.998 heading_error=-0.024 linear=0.349 angular=-0.029 ,False
28.5,1,4.0,0.0,0.0,3.3907752747568796,0.7898841163801931,-0.8900204793158689,0.9975327980358711,TRACKING distance=0.998 heading_error=-0.024 linear=0.349 angular=-0.029 ,False
28.6,1,4.0,0.0,0.0,3.414943626332997,0.7600048228444883,-0.891802071756481,0.9591132837758353,TRACKING distance=0.959 heading_error=-0.023 linear=0.336 angular=-0.028 ,False
28.6,1,4.0,0.0,0.0,3.414943626332997,0.7600048228444883,-0.891802071756481,0.9591132837758353,TRACKING distance=0.959 heading_error=-0.023 linear=0.336 angular=-0.028 ,False
28.700000000000003,1,4.0,0.0,0.0,3.4390396637005836,0.7300773073237041,-0.8937929867970626,0.9207004798359696,TRACKING distance=0.921 heading_error=-0.022 linear=0.322 angular=-0.026 ,False
28.700000000000003,1,4.0,0.0,0.0,3.4390396637005836,0.7300773073237041,-0.8937929867970626,0.9207004798359696,TRACKING distance=0.921 heading_error=-0.022 linear=0.322 angular=-0.026 ,False
28.8,1,4.0,0.0,0.0,3.4630362774878827,0.7001197945830574,-0.8958389339173646,0.8823252042535635,TRACKING distance=0.882 heading_error=-0.021 linear=0.309 angular=-0.025 ,False
28.8,1,4.0,0.0,0.0,3.4630362774878827,0.7001197945830574,-0.8958389339173646,0.8823252042535635,TRACKING distance=0.882 heading_error=-0.021 linear=0.309 angular=-0.025 ,False
28.900000000000002,1,4.0,0.0,0.0,3.4869662363415133,0.6700971779637374,-0.8974191494803408,0.8439394946135397,TRACKING distance=0.844 heading_error=-0.020 linear=0.295 angular=-0.024 ,False
28.900000000000002,1,4.0,0.0,0.0,3.4869662363415133,0.6700971779637374,-0.8974191494803408,0.8439394946135397,TRACKING distance=0.844 heading_error=-0.020 linear=0.295 angular=-0.024 ,False
29.000000000000004,1,4.0,0.0,0.0,3.513282637063587,0.6369871494791992,-0.8984799396929868,0.8016523061685855,TRACKING distance=0.806 heading_error=-0.020 linear=0.282 angular=-0.024 ,False
29.000000000000004,1,4.0,0.0,0.0,3.513282637063587,0.6369871494791992,-0.8984799396929868,0.8016523061685855,TRACKING distance=0.806 heading_error=-0.020 linear=0.282 angular=-0.024 ,False
29.1,1,4.0,0.0,0.0,3.5347985194354425,0.6099179054670587,-0.8992639255321696,0.767080353632382,TRACKING distance=0.767 heading_error=-0.020 linear=0.268 angular=-0.024 ,False
29.1,1,4.0,0.0,0.0,3.5347985194354425,0.6099179054670587,-0.8992639255321696,0.767080353632382,TRACKING distance=0.767 heading_error=-0.020 linear=0.268 angular=-0.024 ,False
29.200000000000003,1,4.0,0.0,0.0,3.558728180507944,0.5798097244266142,-0.9001050462426003,0.7286289420668767,TRACKING distance=0.729 heading_error=-0.020 linear=0.255 angular=-0.024 ,False
29.200000000000003,1,4.0,0.0,0.0,3.558728180507944,0.5798097244266142,-0.9001050462426003,0.7286289420668767,TRACKING distance=0.729 heading_error=-0.020 linear=0.255 angular=-0.024 ,False
29.3,1,4.0,0.0,0.0,3.582620829463854,0.549724855815258,-0.9013175185654732,0.6902193775159804,TRACKING distance=0.690 heading_error=-0.020 linear=0.242 angular=-0.024 ,False
29.3,1,4.0,0.0,0.0,3.582620829463854,0.549724855815258,-0.9013175185654732,0.6902193775159804,TRACKING distance=0.690 heading_error=-0.020 linear=0.242 angular=-0.024 ,False
29.400000000000002,1,4.0,0.0,0.0,3.606441843157031,0.5195799664757561,-0.9024529143956996,0.6518062322351503,TRACKING distance=0.652 heading_error=-0.020 linear=0.228 angular=-0.024 ,False
29.400000000000002,1,4.0,0.0,0.0,3.606441843157031,0.5195799664757561,-0.9024529143956996,0.6518062322351503,TRACKING distance=0.652 heading_error=-0.020 linear=0.228 angular=-0.024 ,False
29.500000000000004,1,4.0,0.0,0.0,3.6302266100886285,0.4894066117257882,-0.9034497977047725,0.6133931785465695,TRACKING distance=0.613 heading_error=-0.020 linear=0.215 angular=-0.024 ,False
29.500000000000004,1,4.0,0.0,0.0,3.6302266100886285,0.4894066117257882,-0.9034497977047725,0.6133931785465695,TRACKING distance=0.613 heading_error=-0.020 linear=0.215 angular=-0.024 ,False
29.6,1,4.0,0.0,0.0,3.6539935719891514,0.4592118996735488,-0.9045926091242812,0.5749747968621025,TRACKING distance=0.575 heading_error=-0.020 linear=0.201 angular=-0.025 ,False
29.6,1,4.0,0.0,0.0,3.6539935719891514,0.4592118996735488,-0.9045926091242812,0.5749747968621025,TRACKING distance=0.575 heading_error=-0.020 linear=0.201 angular=-0.025 ,False
29.700000000000003,1,4.0,0.0,0.0,3.6760162263382585,0.4309935399521482,-0.90880376411362,0.5391854199406606,TRACKING distance=0.539 heading_error=-0.017 linear=0.189 angular=-0.021 ,False
29.700000000000003,1,4.0,0.0,0.0,3.6760162263382585,0.4309935399521482,-0.90880376411362,0.5391854199406606,TRACKING distance=0.539 heading_error=-0.017 linear=0.189 angular=-0.021 ,False
29.8,1,4.0,0.0,0.0,3.6970994799492694,0.4038623288808143,-0.9095781960543462,0.5048301751441152,TRACKING distance=0.505 heading_error=-0.018 linear=0.177 angular=-0.021 ,False
29.8,1,4.0,0.0,0.0,3.6970994799492694,0.4038623288808143,-0.9095781960543462,0.5048301751441152,TRACKING distance=0.505 heading_error=-0.018 linear=0.177 angular=-0.021 ,False
29.900000000000002,1,4.0,0.0,0.0,3.7170558601412855,0.37818782936487194,-0.9103602069727602,0.47231707629525876,TRACKING distance=0.472 heading_error=-0.018 linear=0.165 angular=-0.022 ,False
29.900000000000002,1,4.0,0.0,0.0,3.7170558601412855,0.37818782936487194,-0.9103602069727602,0.47231707629525876,TRACKING distance=0.472 heading_error=-0.018 linear=0.165 angular=-0.022 ,False
30.000000000000004,1,4.0,0.0,0.0,3.735777420560408,0.35407122799839214,-0.9115380246522009,0.4417918129413456,TRACKING distance=0.442 heading_error=-0.018 linear=0.155 angular=-0.022 ,False
30.000000000000004,1,4.0,0.0,0.0,3.735777420560408,0.35407122799839214,-0.9115380246522009,0.4417918129413456,TRACKING distance=0.442 heading_error=-0.018 linear=0.155 angular=-0.022 ,False
30.1,1,4.0,0.0,0.0,3.753241037054495,0.33153711017765874,-0.9119848928540419,0.4132878430572258,TRACKING distance=0.413 heading_error=-0.019 linear=0.145 angular=-0.023 ,False
30.1,1,4.0,0.0,0.0,3.753241037054495,0.33153711017765874,-0.9119848928540419,0.4132878430572258,TRACKING distance=0.413 heading_error=-0.019 linear=0.145 angular=-0.023 ,False
30.200000000000003,1,4.0,0.0,0.0,3.768821028269715,0.311423880680987,-0.912609098638702,0.38785119624500003,TRACKING distance=0.388 heading_error=-0.020 linear=0.136 angular=-0.024 ,False
30.200000000000003,1,4.0,0.0,0.0,3.768821028269715,0.311423880680987,-0.912609098638702,0.38785119624500003,TRACKING distance=0.388 heading_error=-0.020 linear=0.136 angular=-0.024 ,False
30.3,1,4.0,0.0,0.0,3.783137998027869,0.29290500927043234,-0.9136610324432378,0.36444817512929395,TRACKING distance=0.364 heading_error=-0.020 linear=0.128 angular=-0.024 ,False
30.3,1,4.0,0.0,0.0,3.783137998027869,0.29290500927043234,-0.9136610324432378,0.36444817512929395,TRACKING distance=0.364 heading_error=-0.020 linear=0.128 angular=-0.024 ,False
30.400000000000002,1,4.0,0.0,0.0,3.7972749522119216,0.2745770455478779,-0.9151802520617847,0.3413063124855444,TRACKING distance=0.341 heading_error=-0.020 linear=0.119 angular=-0.024 ,False
30.400000000000002,1,4.0,0.0,0.0,3.7972749522119216,0.2745770455478779,-0.9151802520617847,0.3413063124855444,TRACKING distance=0.341 heading_error=-0.020 linear=0.119 angular=-0.024 ,False
30.500000000000004,1,4.0,0.0,0.0,3.810589075557725,0.2572329481443819,-0.9163868245482902,0.3194452815571509,TRACKING distance=0.319 heading_error=-0.020 linear=0.112 angular=-0.024 ,False
30.500000000000004,1,4.0,0.0,0.0,3.810589075557725,0.2572329481443819,-0.9163868245482902,0.3194452815571509,TRACKING distance=0.319 heading_error=-0.020 linear=0.112 angular=-0.024 ,False
30.6,1,4.0,0.0,0.0,3.822677004440392,0.2414622520499899,-0.9169971996054855,0.2995788108649968,TRACKING distance=0.300 heading_error=-0.020 linear=0.105 angular=-0.024 ,False
30.6,1,4.0,0.0,0.0,3.822677004440392,0.2414622520499899,-0.9169971996054855,0.2995788108649968,TRACKING distance=0.300 heading_error=-0.020 linear=0.105 angular=-0.024 ,False
30.700000000000003,1,4.0,0.0,0.0,3.8336200377626963,0.22719240415721656,-0.9178755530028412,0.28160021367325455,TRACKING distance=0.282 heading_error=-0.021 linear=0.099 angular=-0.025 ,False
30.700000000000003,1,4.0,0.0,0.0,3.8336200377626963,0.22719240415721656,-0.9178755530028412,0.28160021367325455,TRACKING distance=0.282 heading_error=-0.021 linear=0.099 angular=-0.025 ,False
30.8,1,4.0,0.0,0.0,3.843891743394776,0.21376906319246808,-0.9183985725946843,0.26470171922091446,TRACKING distance=0.265 heading_error=-0.022 linear=0.093 angular=-0.026 ,False
30.8,1,4.0,0.0,0.0,3.843891743394776,0.21376906319246808,-0.9183985725946843,0.26470171922091446,TRACKING distance=0.265 heading_error=-0.022 linear=0.093 angular=-0.026 ,False
30.900000000000002,1,4.0,0.0,0.0,3.854086086430345,0.20043911314845042,-0.9190986499488613,0.24792480362591823,ALIGN_YAW distance=0.248 yaw_error=0.919,False
30.900000000000002,1,4.0,0.0,0.0,3.854086086430345,0.20043911314845042,-0.9190986499488613,0.24792480362591823,ALIGN_YAW distance=0.248 yaw_error=0.919,False
31.000000000000004,1,4.0,0.0,0.0,3.8636789546930204,0.18787923602188017,-0.920323943235144,0.23212504113462845,ALIGN_YAW distance=0.232 yaw_error=0.920,False
31.000000000000004,1,4.0,0.0,0.0,3.8636789546930204,0.18787923602188017,-0.920323943235144,0.23212504113462845,ALIGN_YAW distance=0.232 yaw_error=0.920,False
31.1,1,4.0,0.0,0.0,3.868992516955757,0.18089223231979878,-0.9214472662144849,0.2233494130890603,ALIGN_YAW distance=0.223 yaw_error=0.921,False
31.1,1,4.0,0.0,0.0,3.868992516955757,0.18089223231979878,-0.9214472662144849,0.2233494130890603,ALIGN_YAW distance=0.223 yaw_error=0.921,False
31.200000000000003,1,4.0,0.0,0.0,3.869033471047886,0.18069490446258246,-0.9155918456194359,0.22316558920341353,ALIGN_YAW distance=0.223 yaw_error=0.916,False
31.200000000000003,1,4.0,0.0,0.0,3.869033259596271,0.1806698713024887,-0.9153718093378507,0.2231454446956862,ALIGN_YAW distance=0.223 yaw_error=0.916,False
31.3,1,4.0,0.0,0.0,3.8693636759517505,0.18034011462814065,-0.9080911052700431,0.22268454392914244,ALIGN_YAW distance=0.223 yaw_error=0.908,False
31.3,1,4.0,0.0,0.0,3.8693636759517505,0.18034011462814065,-0.9080911052700431,0.22268454392914244,ALIGN_YAW distance=0.223 yaw_error=0.908,False
31.400000000000002,1,4.0,0.0,0.0,3.8702356615549656,0.18056703081533199,-0.8847849237824723,0.2223583507528838,ALIGN_YAW distance=0.222 yaw_error=0.885,False
31.400000000000002,1,4.0,0.0,0.0,3.8702356615549656,0.18056703081533199,-0.8847849237824723,0.2223583507528838,ALIGN_YAW distance=0.222 yaw_error=0.885,False
31.500000000000004,1,4.0,0.0,0.0,3.869792149686966,0.18106458122821467,-0.8644272402441237,0.22302122513000924,ALIGN_YAW distance=0.223 yaw_error=0.864,False
31.500000000000004,1,4.0,0.0,0.0,3.869792149686966,0.18106458122821467,-0.8644272402441237,0.22302122513000924,ALIGN_YAW distance=0.223 yaw_error=0.864,False
31.6,1,4.0,0.0,0.0,3.8701047965664683,0.18091382706749637,-0.8386080441419554,0.2227163592986527,ALIGN_YAW distance=0.223 yaw_error=0.839,False
31.6,1,4.0,0.0,0.0,3.8701047965664683,0.18091382706749637,-0.8386080441419554,0.2227163592986527,ALIGN_YAW distance=0.223 yaw_error=0.839,False
31.700000000000003,1,4.0,0.0,0.0,3.870540869980108,0.18158336247821072,-0.8121769021344994,0.22300713861758004,ALIGN_YAW distance=0.223 yaw_error=0.812,False
31.700000000000003,1,4.0,0.0,0.0,3.870540869980108,0.18158336247821072,-0.8121769021344994,0.22300713861758004,ALIGN_YAW distance=0.223 yaw_error=0.812,False
31.8,1,4.0,0.0,0.0,3.8699247497378946,0.18214544285412493,-0.7857752449452075,0.2238225482011914,ALIGN_YAW distance=0.224 yaw_error=0.786,False
31.8,1,4.0,0.0,0.0,3.8699247497378946,0.18214544285412493,-0.7857752449452075,0.2238225482011914,ALIGN_YAW distance=0.224 yaw_error=0.786,False
31.900000000000002,1,4.0,0.0,0.0,3.8699825719749996,0.1821936157553206,-0.7580946497601785,0.22382816000725547,ALIGN_YAW distance=0.224 yaw_error=0.758,False
31.900000000000002,1,4.0,0.0,0.0,3.8699825719749996,0.1821936157553206,-0.7580946497601785,0.22382816000725547,ALIGN_YAW distance=0.224 yaw_error=0.758,False
32.0,1,4.0,0.0,0.0,3.8699882833229715,0.1826635527113576,-0.730693957415922,0.22420753770210947,ALIGN_YAW distance=0.224 yaw_error=0.731,False
32.0,1,4.0,0.0,0.0,3.8699882833229715,0.1826635527113576,-0.730693957415922,0.22420753770210947,ALIGN_YAW distance=0.224 yaw_error=0.731,False
32.1,1,4.0,0.0,0.0,3.870345061748831,0.18253685343282544,-0.7051453499716502,0.22389753431887383,ALIGN_YAW distance=0.224 yaw_error=0.705,False
32.1,1,4.0,0.0,0.0,3.870345061748831,0.18253685343282544,-0.7051453499716502,0.22389753431887383,ALIGN_YAW distance=0.224 yaw_error=0.705,False
32.2,1,4.0,0.0,0.0,3.87020672559759,0.18281539341215408,-0.6753116803869685,0.22420473266311744,ALIGN_YAW distance=0.224 yaw_error=0.675,False
32.2,1,4.0,0.0,0.0,3.87020672559759,0.18281539341215408,-0.6753116803869685,0.22420473266311744,ALIGN_YAW distance=0.224 yaw_error=0.675,False
32.2,1,4.0,0.0,0.0,3.870361341955673,0.18241113618271584,-0.6504109693669323,0.22378562121593792,ALIGN_YAW distance=0.224 yaw_error=0.650,False
32.2,1,4.0,0.0,0.0,3.870361341955673,0.18241113618271584,-0.6504109693669323,0.22378562121593792,ALIGN_YAW distance=0.224 yaw_error=0.650,False
32.4,1,4.0,0.0,0.0,3.870106755416027,0.1829988210424329,-0.6254376223015702,0.22441217322478796,ALIGN_YAW distance=0.224 yaw_error=0.625,False
32.4,1,4.0,0.0,0.0,3.870106755416027,0.1829988210424329,-0.6254376223015702,0.22441217322478796,ALIGN_YAW distance=0.224 yaw_error=0.625,False
32.5,1,4.0,0.0,0.0,3.8705096815958524,0.1826469520602652,-0.5953349402752863,0.2238920535823287,ALIGN_YAW distance=0.224 yaw_error=0.595,False
32.5,1,4.0,0.0,0.0,3.8705096815958524,0.1826469520602652,-0.5953349402752863,0.2238920535823287,ALIGN_YAW distance=0.224 yaw_error=0.595,False
32.6,1,4.0,0.0,0.0,3.871110688281562,0.18240121945791923,-0.569690066565942,0.22334426237311034,ALIGN_YAW distance=0.223 yaw_error=0.570,False
32.6,1,4.0,0.0,0.0,3.871110688281562,0.18240121945791923,-0.569690066565942,0.22334426237311034,ALIGN_YAW distance=0.223 yaw_error=0.570,False
32.7,1,4.0,0.0,0.0,3.8716018519514424,0.1828551135035011,-0.540803503993824,0.2234324885881138,ALIGN_YAW distance=0.223 yaw_error=0.541,False
32.7,1,4.0,0.0,0.0,3.8716018519514424,0.1828551135035011,-0.540803503993824,0.2234324885881138,ALIGN_YAW distance=0.223 yaw_error=0.541,False
32.800000000000004,1,4.0,0.0,0.0,3.8723971748411725,0.18191828838455343,-0.511064422996546,0.222208786138802,ALIGN_YAW distance=0.222 yaw_error=0.511,False
32.800000000000004,1,4.0,0.0,0.0,3.8723971748411725,0.18191828838455343,-0.511064422996546,0.222208786138802,ALIGN_YAW distance=0.222 yaw_error=0.511,False
32.9,1,4.0,0.0,0.0,3.872733791656066,0.18207712306506343,-0.48397182712028125,0.222145822670362,ALIGN_YAW distance=0.222 yaw_error=0.484,False
32.9,1,4.0,0.0,0.0,3.872733791656066,0.18207712306506343,-0.48397182712028125,0.222145822670362,ALIGN_YAW distance=0.222 yaw_error=0.484,False
33.0,1,4.0,0.0,0.0,3.872146857023072,0.18269017335961366,-0.45331450538450074,0.22298458603958368,ALIGN_YAW distance=0.223 yaw_error=0.453,False
33.0,1,4.0,0.0,0.0,3.872146857023072,0.18269017335961366,-0.45331450538450074,0.22298458603958368,ALIGN_YAW distance=0.223 yaw_error=0.453,False
33.1,1,4.0,0.0,0.0,3.8721777271367093,0.18244960777438263,-0.4251455492197949,0.222769820256164,ARRIVED distance=0.223 yaw_error=0.425,True
33.1,1,4.0,0.0,0.0,3.8721777271367093,0.18244960777438263,-0.4251455492197949,0.222769820256164,ARRIVED distance=0.223 yaw_error=0.425,True
33.2,1,4.0,0.0,0.0,3.872016436369742,0.18259842340202612,-0.3978450938046637,0.22298425233277325,ARRIVED distance=0.223 yaw_error=0.398,True
33.2,1,4.0,0.0,0.0,3.872016436369742,0.18259842340202612,-0.3978450938046637,0.22298425233277325,ARRIVED distance=0.223 yaw_error=0.398,True
33.2,1,4.0,0.0,0.0,3.872016436369742,0.18259842340202612,-0.3978450938046637,0.22298425233277325,GOAL_RECEIVED frame=odom x=4.000 y=0.000,False
33.300000000000004,1,4.0,0.0,0.0,3.8714888947091604,0.18199878419864657,-0.36663460916568474,0.2227973555338097,ARRIVED distance=0.223 yaw_error=0.367,True
33.300000000000004,1,4.0,0.0,0.0,3.8714888947091604,0.18199878419864657,-0.36663460916568474,0.2227973555338097,ARRIVED distance=0.223 yaw_error=0.367,True
33.4,1,4.0,0.0,0.0,3.8714571464714425,0.18153330570836917,-0.343624991495259,0.22243562276459322,ARRIVED distance=0.222 yaw_error=0.344,True
33.4,1,4.0,0.0,0.0,3.8714571464714425,0.18153330570836917,-0.343624991495259,0.22243562276459322,ARRIVED distance=0.222 yaw_error=0.344,True
33.5,1,4.0,0.0,0.0,3.8715515110059795,0.18180205509385888,-0.3392923806346633,0.2226005425896296,ARRIVED distance=0.223 yaw_error=0.339,True
33.5,1,4.0,0.0,0.0,3.8715515110059795,0.18180205509385888,-0.3392923806346633,0.2226005425896296,ARRIVED distance=0.223 yaw_error=0.339,True
33.6,1,4.0,0.0,0.0,3.8715579680830348,0.18179602118003527,-0.3393117854563358,0.2225918886209705,ARRIVED distance=0.223 yaw_error=0.339,True
33.6,1,4.0,0.0,0.0,3.8715579680830348,0.18179602118003527,-0.3393117854563358,0.2225918886209705,ARRIVED distance=0.223 yaw_error=0.339,True
33.7,1,4.0,0.0,0.0,3.87155677526548,0.1817913411882955,-0.33934741023263526,0.2225887546828045,ARRIVED distance=0.223 yaw_error=0.339,True
33.7,1,4.0,0.0,0.0,3.87155677526548,0.1817913411882955,-0.33934741023263526,0.2225887546828045,ARRIVED distance=0.223 yaw_error=0.339,True
33.800000000000004,1,4.0,0.0,0.0,3.871558164516946,0.18179103925269613,-0.33935582522110863,0.22258770643238854,ARRIVED distance=0.223 yaw_error=0.339,True
33.800000000000004,1,4.0,0.0,0.0,3.871558467500879,0.1817911631414289,-0.33935389576572017,0.22258763278097085,ARRIVED distance=0.223 yaw_error=0.339,True
33.9,1,4.0,0.0,0.0,3.87156176224927,0.18179328127256114,-0.3393313000776681,0.22258746153446632,ARRIVED distance=0.223 yaw_error=0.339,True
33.9,1,4.0,0.0,0.0,3.87156176224927,0.18179328127256114,-0.3393313000776681,0.22258746153446632,ARRIVED distance=0.223 yaw_error=0.339,True
34.0,1,4.0,4.0,1.5707963267948963,3.871564546631746,0.1817933428924266,-0.3393197617334642,3.8203661790543717,ARRIVED distance=0.223 yaw_error=0.339,True
34.0,1,4.0,4.0,1.5707963267948963,3.871564546631746,0.1817933428924266,-0.3393197617334642,3.8203661790543717,ARRIVED distance=0.223 yaw_error=0.339,True
34.0,1,4.0,4.0,1.5707963267948963,3.871564546631746,0.1817933428924266,-0.3393197617334642,3.8203661790543717,GOAL_RECEIVED frame=odom x=4.000 y=4.000,False
34.1,1,4.0,4.0,1.5707963267948963,3.871565769982216,0.1817913885157738,-0.3393189426826541,3.8203680911991404,TRACKING distance=3.820 heading_error=1.876 linear=0.000 angular=0.120 ,False
34.1,1,4.0,4.0,1.5707963267948963,3.871565769982216,0.1817913885157738,-0.3393189426826541,3.8203680911991404,TRACKING distance=3.820 heading_error=1.876 linear=0.000 angular=0.180 ,False
34.2,1,4.0,4.0,1.5707963267948963,3.8715666271062026,0.18178925700321388,-0.3393382713802088,3.8203701926919265,TRACKING distance=3.820 heading_error=1.877 linear=0.000 angular=0.300 ,False
34.2,1,4.0,4.0,1.5707963267948963,3.8715666271062026,0.18178925700321388,-0.3393382713802088,3.8203701926919265,TRACKING distance=3.820 heading_error=1.877 linear=0.000 angular=0.360 ,False
34.300000000000004,1,4.0,4.0,1.5707963267948963,3.871271489199284,0.18195099196788142,-0.3314324155790222,3.820218482917962,TRACKING distance=3.820 heading_error=1.870 linear=0.000 angular=0.480 ,False
34.300000000000004,1,4.0,4.0,1.5707963267948963,3.871271489199284,0.18195099196788142,-0.3314324155790222,3.820218482917962,TRACKING distance=3.820 heading_error=1.870 linear=0.000 angular=0.540 ,False
34.400000000000006,1,4.0,4.0,1.5707963267948963,3.871500553118961,0.18227553189237272,-0.31581767978352376,3.819886414834399,TRACKING distance=3.820 heading_error=1.853 linear=0.000 angular=0.550 ,False
34.400000000000006,1,4.0,4.0,1.5707963267948963,3.871500553118961,0.18227553189237272,-0.31581767978352376,3.819886414834399,TRACKING distance=3.820 heading_error=1.853 linear=0.000 angular=0.550 ,False
34.5,1,4.0,4.0,1.5707963267948963,3.8706940157075276,0.181489020259042,-0.2982077596653318,3.820699692461591,TRACKING distance=3.821 heading_error=1.835 linear=0.000 angular=0.550 ,False
34.5,1,4.0,4.0,1.5707963267948963,3.8706940157075276,0.181489020259042,-0.2982077596653318,3.820699692461591,TRACKING distance=3.821 heading_error=1.835 linear=0.000 angular=0.550 ,False
34.6,1,4.0,4.0,1.5707963267948963,3.870588039101374,0.18116469614234265,-0.2743036985365098,3.8210274185895647,TRACKING distance=3.821 heading_error=1.811 linear=0.000 angular=0.550 ,False
34.6,1,4.0,4.0,1.5707963267948963,3.870588039101374,0.18116469614234265,-0.2743036985365098,3.8210274185895647,TRACKING distance=3.821 heading_error=1.811 linear=0.000 angular=0.550 ,False
34.7,1,4.0,4.0,1.5707963267948963,3.8700629850674253,0.18242420239246238,-0.24757151315329282,3.819786459781281,TRACKING distance=3.820 heading_error=1.784 linear=0.000 angular=0.550 ,False
34.7,1,4.0,4.0,1.5707963267948963,3.8700629850674253,0.18242420239246238,-0.24757151315329282,3.819786459781281,TRACKING distance=3.820 heading_error=1.784 linear=0.000 angular=0.550 ,False
34.7,1,4.0,4.0,1.5707963267948963,3.870164620481268,0.18235595454537193,-0.2225032649123534,3.8198512122293393,TRACKING distance=3.820 heading_error=1.759 linear=0.000 angular=0.550 ,False
34.7,1,4.0,4.0,1.5707963267948963,3.870164620481268,0.18235595454537193,-0.2225032649123534,3.8198512122293393,TRACKING distance=3.820 heading_error=1.759 linear=0.000 angular=0.550 ,False
34.900000000000006,1,4.0,4.0,1.5707963267948963,3.8699531810104313,0.18183005953809253,-0.19368150672049295,3.820383995016233,TRACKING distance=3.820 heading_error=1.730 linear=0.000 angular=0.550 ,False
34.900000000000006,1,4.0,4.0,1.5707963267948963,3.8699531810104313,0.18183005953809253,-0.19368150672049295,3.820383995016233,TRACKING distance=3.820 heading_error=1.730 linear=0.000 angular=0.550 ,False
35.0,1,4.0,4.0,1.5707963267948963,3.869497763214805,0.18234206175573023,-0.1635891144828758,3.8198878212907545,TRACKING distance=3.820 heading_error=1.700 linear=0.000 angular=0.550 ,False
35.0,1,4.0,4.0,1.5707963267948963,3.869497763214805,0.18234206175573023,-0.1635891144828758,3.8198878212907545,TRACKING distance=3.820 heading_error=1.700 linear=0.000 angular=0.550 ,False
35.1,1,4.0,4.0,1.5707963267948963,3.86979095320544,0.18174607719180935,-0.13683183264136964,3.8204734542864296,TRACKING distance=3.820 heading_error=1.674 linear=0.000 angular=0.550 ,False
35.1,1,4.0,4.0,1.5707963267948963,3.86979095320544,0.18174607719180935,-0.13683183264136964,3.8204734542864296,TRACKING distance=3.820 heading_error=1.674 linear=0.000 angular=0.550 ,False
35.2,1,4.0,4.0,1.5707963267948963,3.8699804413739907,0.18185658269270832,-0.1086594692019666,3.820356559374047,TRACKING distance=3.820 heading_error=1.645 linear=0.000 angular=0.550 ,False
35.2,1,4.0,4.0,1.5707963267948963,3.8699804413739907,0.18185658269270832,-0.1086594692019666,3.820356559374047,TRACKING distance=3.820 heading_error=1.645 linear=0.000 angular=0.550 ,False
35.300000000000004,1,4.0,4.0,1.5707963267948963,3.8698660492553363,0.1823294994575226,-0.08258376699962856,3.819887811945354,TRACKING distance=3.820 heading_error=1.619 linear=0.000 angular=0.550 ,False
35.300000000000004,1,4.0,4.0,1.5707963267948963,3.8698660492553363,0.1823294994575226,-0.08258376699962856,3.819887811945354,TRACKING distance=3.820 heading_error=1.619 linear=0.000 angular=0.550 ,False
35.400000000000006,1,4.0,4.0,1.5707963267948963,3.8692124808790243,0.18177725223167565,-0.06163972250737157,3.820462056706402,TRACKING distance=3.820 heading_error=1.598 linear=0.000 angular=0.550 ,False
35.400000000000006,1,4.0,4.0,1.5707963267948963,3.8692124808790243,0.18177725223167565,-0.06163972250737157,3.820462056706402,TRACKING distance=3.820 heading_error=1.598 linear=0.000 angular=0.550 ,False
35.5,1,4.0,4.0,1.5707963267948963,3.8701831678688134,0.18271370322810618,-0.04047803831285327,3.819493039845348,TRACKING distance=3.819 heading_error=1.577 linear=0.000 angular=0.550 ,False
35.5,1,4.0,4.0,1.5707963267948963,3.8701831678688134,0.18271370322810618,-0.04047803831285327,3.819493039845348,TRACKING distance=3.819 heading_error=1.577 linear=0.000 angular=0.550 ,False
35.6,1,4.0,4.0,1.5707963267948963,3.8702200497192494,0.18243886217080463,-0.020166106861423786,3.8197664688510233,TRACKING distance=3.820 heading_error=1.557 linear=0.000 angular=0.550 ,False
35.6,1,4.0,4.0,1.5707963267948963,3.8702200497192494,0.18243886217080463,-0.020166106861423786,3.8197664688510233,TRACKING distance=3.820 heading_error=1.557 linear=0.000 angular=0.550 ,False
35.7,1,4.0,4.0,1.5707963267948963,3.8696146405339733,0.18222373551016524,0.007782414239875798,3.820002087390142,TRACKING distance=3.820 heading_error=1.529 linear=0.000 angular=0.550 ,False
35.7,1,4.0,4.0,1.5707963267948963,3.8696146405339733,0.18222373551016524,0.007782414239875798,3.820002087390142,TRACKING distance=3.820 heading_error=1.529 linear=0.000 angular=0.550 ,False
35.800000000000004,1,4.0,4.0,1.5707963267948963,3.8689096247545987,0.18241118651420263,0.03410724708878012,3.819838875572356,TRACKING distance=3.820 heading_error=1.502 linear=0.000 angular=0.550 ,False
35.800000000000004,1,4.0,4.0,1.5707963267948963,3.8689096247545987,0.18241118651420263,0.03410724708878012,3.819838875572356,TRACKING distance=3.820 heading_error=1.502 linear=0.000 angular=0.550 ,False
35.900000000000006,1,4.0,4.0,1.5707963267948963,3.8684582969150134,0.18325964907562764,0.0624642004750646,3.8190064317862573,TRACKING distance=3.819 heading_error=1.474 linear=0.000 angular=0.550 ,False
35.900000000000006,1,4.0,4.0,1.5707963267948963,3.8684582969150134,0.18325964907562764,0.0624642004750646,3.8190064317862573,TRACKING distance=3.819 heading_error=1.474 linear=0.000 angular=0.550 ,False
36.0,1,4.0,4.0,1.5707963267948963,3.8683903964712205,0.18317172375840887,0.09250649689602224,3.8190966442417187,TRACKING distance=3.819 heading_error=1.444 linear=0.000 angular=0.550 ,False
36.0,1,4.0,4.0,1.5707963267948963,3.8683903964712205,0.18317172375840887,0.09250649689602224,3.8190966442417187,TRACKING distance=3.819 heading_error=1.444 linear=0.000 angular=0.550 ,False
36.1,1,4.0,4.0,1.5707963267948963,3.867404942195309,0.18354906676003738,0.12069666474700196,3.818753615406788,TRACKING distance=3.819 heading_error=1.415 linear=0.000 angular=0.550 ,False
36.1,1,4.0,4.0,1.5707963267948963,3.867404942195309,0.18354906676003738,0.12069666474700196,3.818753615406788,TRACKING distance=3.819 heading_error=1.415 linear=0.000 angular=0.550 ,False
36.2,1,4.0,4.0,1.5707963267948963,3.867044026071663,0.1841465412990452,0.14406163966726585,3.8181690519519003,TRACKING distance=3.818 heading_error=1.392 linear=0.000 angular=0.550 ,False
36.2,1,4.0,4.0,1.5707963267948963,3.867044026071663,0.1841465412990452,0.14406163966726585,3.8181690519519003,TRACKING distance=3.818 heading_error=1.392 linear=0.000 angular=0.550 ,False
36.300000000000004,1,4.0,4.0,1.5707963267948963,3.8668256635853386,0.18442186709370686,0.16950648941068983,3.817901503731095,TRACKING distance=3.818 heading_error=1.366 linear=0.000 angular=0.550 ,False
36.300000000000004,1,4.0,4.0,1.5707963267948963,3.8669814825931947,0.18465725058321975,0.17214187639900852,3.8176608311242504,TRACKING distance=3.818 heading_error=1.366 linear=0.000 angular=0.550 ,False
36.400000000000006,1,4.0,4.0,1.5707963267948963,3.866614215115043,0.18433028766917098,0.1968698204253235,3.818000408749089,TRACKING distance=3.818 heading_error=1.339 linear=0.000 angular=0.550 ,False
36.400000000000006,1,4.0,4.0,1.5707963267948963,3.866614215115043,0.18433028766917098,0.1968698204253235,3.818000408749089,TRACKING distance=3.818 heading_error=1.339 linear=0.000 angular=0.550 ,False
36.5,1,4.0,4.0,1.5707963267948963,3.865795524112225,0.18466195212585249,0.21997345844213903,3.81769763874831,TRACKING distance=3.818 heading_error=1.316 linear=0.000 angular=0.550 ,False
36.5,1,4.0,4.0,1.5707963267948963,3.865795524112225,0.18466195212585249,0.21997345844213903,3.81769763874831,TRACKING distance=3.818 heading_error=1.316 linear=0.000 angular=0.550 ,False
36.6,1,4.0,4.0,1.5707963267948963,3.865696081331901,0.18530745109473468,0.24442486922125464,3.8170560364295096,TRACKING distance=3.817 heading_error=1.291 linear=0.000 angular=0.550 ,False
36.6,1,4.0,4.0,1.5707963267948963,3.865696081331901,0.18530745109473468,0.24442486922125464,3.8170560364295096,TRACKING distance=3.817 heading_error=1.291 linear=0.000 angular=0.550 ,False
36.7,1,4.0,4.0,1.5707963267948963,3.865178622718784,0.18527137380971428,0.26822167493340293,3.8171103331247354,TRACKING distance=3.817 heading_error=1.267 linear=0.000 angular=0.550 ,False
36.7,1,4.0,4.0,1.5707963267948963,3.865178622718784,0.18527137380971428,0.26822167493340293,3.8171103331247354,TRACKING distance=3.817 heading_error=1.267 linear=0.000 angular=0.550 ,False
36.800000000000004,1,4.0,4.0,1.5707963267948963,3.864808510216521,0.18500579667495928,0.28979945381813,3.817388834047894,TRACKING distance=3.817 heading_error=1.246 linear=0.000 angular=0.550 ,False
36.800000000000004,1,4.0,4.0,1.5707963267948963,3.864808510216521,0.18500579667495928,0.28979945381813,3.817388834047894,TRACKING distance=3.817 heading_error=1.246 linear=0.000 angular=0.550 ,False
36.900000000000006,1,4.0,4.0,1.5707963267948963,3.864448509415545,0.1855946074870944,0.31369256416128316,3.8168131608753395,TRACKING distance=3.817 heading_error=1.222 linear=0.000 angular=0.550 ,False
36.900000000000006,1,4.0,4.0,1.5707963267948963,3.864613531028092,0.18585014495067534,0.3163337496017043,3.8165519271658632,TRACKING distance=3.817 heading_error=1.222 linear=0.000 angular=0.550 ,False
37.0,1,4.0,4.0,1.5707963267948963,3.8642664547902457,0.18562750768602657,0.3404994774131831,3.816786751367794,TRACKING distance=3.817 heading_error=1.195 linear=0.000 angular=0.550 ,False
37.0,1,4.0,4.0,1.5707963267948963,3.8642664547902457,0.18562750768602657,0.3404994774131831,3.816786751367794,TRACKING distance=3.817 heading_error=1.195 linear=0.000 angular=0.550 ,False
37.1,1,4.0,4.0,1.5707963267948963,3.86384042251569,0.18620424435105534,0.3633943747609169,3.8162255562724026,TRACKING distance=3.816 heading_error=1.172 linear=0.000 angular=0.550 ,False
37.1,1,4.0,4.0,1.5707963267948963,3.86384042251569,0.18620424435105534,0.3633943747609169,3.8162255562724026,TRACKING distance=3.816 heading_error=1.172 linear=0.000 angular=0.550 ,False
37.2,1,4.0,4.0,1.5707963267948963,3.863254070456086,0.18569116026434862,0.3829749130829464,3.816759276419245,TRACKING distance=3.817 heading_error=1.152 linear=0.000 angular=0.550 ,False
37.2,1,4.0,4.0,1.5707963267948963,3.863254070456086,0.18569116026434862,0.3829749130829464,3.816759276419245,TRACKING distance=3.817 heading_error=1.152 linear=0.000 angular=0.550 ,False
37.300000000000004,1,4.0,4.0,1.5707963267948963,3.8632121614235064,0.18549351038861794,0.4032164936711279,3.8169583010651005,TRACKING distance=3.817 heading_error=1.132 linear=0.000 angular=0.550 ,False
37.300000000000004,1,4.0,4.0,1.5707963267948963,3.8632121614235064,0.18549351038861794,0.4032164936711279,3.8169583010651005,TRACKING distance=3.817 heading_error=1.132 linear=0.000 angular=0.550 ,False
37.400000000000006,1,4.0,4.0,1.5707963267948963,3.862789792650161,0.18473060871938016,0.4275004334186468,3.8177358694707753,TRACKING distance=3.818 heading_error=1.107 linear=0.000 angular=0.550 ,False
37.400000000000006,1,4.0,4.0,1.5707963267948963,3.862789792650161,0.18473060871938016,0.4275004334186468,3.8177358694707753,TRACKING distance=3.818 heading_error=1.107 linear=0.000 angular=0.550 ,False
37.5,1,4.0,4.0,1.5707963267948963,3.86280580357906,0.1842985775911403,0.45036359405967874,3.818167046176029,TRACKING distance=3.818 heading_error=1.084 linear=0.000 angular=0.550 ,False
37.5,1,4.0,4.0,1.5707963267948963,3.86280580357906,0.1842985775911403,0.45036359405967874,3.818167046176029,TRACKING distance=3.818 heading_error=1.084 linear=0.000 angular=0.550 ,False
37.6,1,4.0,4.0,1.5707963267948963,3.862473659526448,0.18526403668115984,0.47523811803804666,3.8172141627320526,TRACKING distance=3.817 heading_error=1.060 linear=0.000 angular=0.550 ,False
37.6,1,4.0,4.0,1.5707963267948963,3.862473659526448,0.18526403668115984,0.47523811803804666,3.8172141627320526,TRACKING distance=3.817 heading_error=1.060 linear=0.000 angular=0.550 ,False
37.7,1,4.0,4.0,1.5707963267948963,3.8620935313762983,0.18478150483573189,0.5019376620427323,3.8177100937514576,TRACKING distance=3.818 heading_error=1.033 linear=0.000 angular=0.550 ,False
37.7,1,4.0,4.0,1.5707963267948963,3.8620935313762983,0.18478150483573189,0.5019376620427323,3.8177100937514576,TRACKING distance=3.818 heading_error=1.033 linear=0.000 angular=0.550 ,False
37.800000000000004,1,4.0,4.0,1.5707963267948963,3.8629350693828175,0.1853801737929112,0.5248134592080872,3.817081504722855,TRACKING distance=3.817 heading_error=1.010 linear=0.000 angular=0.550 ,False
37.800000000000004,1,4.0,4.0,1.5707963267948963,3.8629350693828175,0.1853801737929112,0.5248134592080872,3.817081504722855,TRACKING distance=3.817 heading_error=1.010 linear=0.000 angular=0.550 ,False
37.900000000000006,1,4.0,4.0,1.5707963267948963,3.8625960660779777,0.18563653100464755,0.5476336070948107,3.8168375017366807,TRACKING distance=3.817 heading_error=0.987 linear=0.000 angular=0.550 ,False
37.900000000000006,1,4.0,4.0,1.5707963267948963,3.8625960660779777,0.18563653100464755,0.5476336070948107,3.8168375017366807,TRACKING distance=3.817 heading_error=0.987 linear=0.000 angular=0.550 ,False
38.0,1,4.0,4.0,1.5707963267948963,3.862591024049765,0.18538737621173149,0.568875877905568,3.81708667654227,TRACKING distance=3.817 heading_error=0.966 linear=0.000 angular=0.550 ,False
38.0,1,4.0,4.0,1.5707963267948963,3.862591024049765,0.18538737621173149,0.568875877905568,3.81708667654227,TRACKING distance=3.817 heading_error=0.966 linear=0.000 angular=0.550 ,False
38.1,1,4.0,4.0,1.5707963267948963,3.8621958818559388,0.18506105959865984,0.5924508117282461,3.817427025362497,TRACKING distance=3.817 heading_error=0.942 linear=0.000 angular=0.550 ,False
38.1,1,4.0,4.0,1.5707963267948963,3.8621958818559388,0.18506105959865984,0.5924508117282461,3.817427025362497,TRACKING distance=3.817 heading_error=0.942 linear=0.000 angular=0.550 ,False
38.2,1,4.0,4.0,1.5707963267948963,3.862238723383085,0.18446658547717687,0.615880993132657,3.8180195660414467,TRACKING distance=3.818 heading_error=0.919 linear=0.000 angular=0.550 ,False
38.2,1,4.0,4.0,1.5707963267948963,3.862238723383085,0.18446658547717687,0.615880993132657,3.8180195660414467,TRACKING distance=3.818 heading_error=0.919 linear=0.000 angular=0.550 ,False
38.300000000000004,1,4.0,4.0,1.5707963267948963,3.8621806984888343,0.18523648652709246,0.6412477955945319,3.8172522609323565,TRACKING distance=3.817 heading_error=0.893 linear=0.000 angular=0.550 ,False
38.300000000000004,1,4.0,4.0,1.5707963267948963,3.8621806984888343,0.18523648652709246,0.6412477955945319,3.8172522609323565,TRACKING distance=3.817 heading_error=0.893 linear=0.000 angular=0.550 ,False
38.400000000000006,1,4.0,4.0,1.5707963267948963,3.8622935478964484,0.18458596970459182,0.6658442778614851,3.8178982817154776,TRACKING distance=3.818 heading_error=0.869 linear=0.000 angular=0.550 ,False
38.400000000000006,1,4.0,4.0,1.5707963267948963,3.8622935478964484,0.18458596970459182,0.6658442778614851,3.8178982817154776,TRACKING distance=3.818 heading_error=0.869 linear=0.000 angular=0.550 ,False
38.5,1,4.0,4.0,1.5707963267948963,3.862477559796333,0.18508576370953056,0.6911675527198338,3.8173921794611654,TRACKING distance=3.817 heading_error=0.844 linear=0.000 angular=0.550 ,False
38.5,1,4.0,4.0,1.5707963267948963,3.862477559796333,0.18508576370953056,0.6911675527198338,3.8173921794611654,TRACKING distance=3.817 heading_error=0.844 linear=0.000 angular=0.550 ,False
38.6,1,4.0,4.0,1.5707963267948963,3.862989580386437,0.18499441159381877,0.7174632455047784,3.81746506135329,TRACKING distance=3.817 heading_error=0.817 linear=0.000 angular=0.550 ,False
38.6,1,4.0,4.0,1.5707963267948963,3.862989580386437,0.18499441159381877,0.7174632455047784,3.81746506135329,TRACKING distance=3.817 heading_error=0.817 linear=0.000 angular=0.550 ,False
38.7,1,4.0,4.0,1.5707963267948963,3.863127970710744,0.1856685560950415,0.7445992552571896,3.8167863860011666,TRACKING distance=3.817 heading_error=0.790 linear=0.000 angular=0.550 ,False
38.7,1,4.0,4.0,1.5707963267948963,3.863127970710744,0.1856685560950415,0.7445992552571896,3.8167863860011666,TRACKING distance=3.817 heading_error=0.790 linear=0.000 angular=0.550 ,False
38.800000000000004,1,4.0,4.0,1.5707963267948963,3.8633262326859583,0.18517363553222219,0.7714374175039828,3.817273884555607,TRACKING distance=3.817 heading_error=0.764 linear=0.000 angular=0.550 ,False
38.800000000000004,1,4.0,4.0,1.5707963267948963,3.8633262326859583,0.18517363553222219,0.7714374175039828,3.817273884555607,TRACKING distance=3.817 heading_error=0.764 linear=0.000 angular=0.550 ,False
38.900000000000006,1,4.0,4.0,1.5707963267948963,3.8633320710745127,0.1856367029210462,0.8002774445423266,3.816810905048848,TRACKING distance=3.817 heading_error=0.735 linear=0.000 angular=0.550 ,False
38.900000000000006,1,4.0,4.0,1.5707963267948963,3.8633320710745127,0.1856367029210462,0.8002774445423266,3.816810905048848,TRACKING distance=3.817 heading_error=0.735 linear=0.000 angular=0.550 ,False
39.0,1,4.0,4.0,1.5707963267948963,3.8642167372887233,0.18606054415650167,0.8290006047401717,3.8163557574304208,TRACKING distance=3.816 heading_error=0.706 linear=0.000 angular=0.550 ,False
39.0,1,4.0,4.0,1.5707963267948963,3.8642167372887233,0.18606054415650167,0.8290006047401717,3.8163557574304208,TRACKING distance=3.816 heading_error=0.706 linear=0.000 angular=0.550 ,False
39.1,1,4.0,4.0,1.5707963267948963,3.8648139483443407,0.18549134123795882,0.8580816990736723,3.816903401493524,TRACKING distance=3.817 heading_error=0.677 linear=0.035 angular=0.550 ,False
39.1,1,4.0,4.0,1.5707963267948963,3.8648139483443407,0.18549134123795882,0.8580816990736723,3.816903401493524,TRACKING distance=3.817 heading_error=0.677 linear=0.053 angular=0.550 ,False
39.2,1,4.0,4.0,1.5707963267948963,3.864815664626017,0.1859531671122278,0.8879449465143439,3.8164418046122166,TRACKING distance=3.816 heading_error=0.647 linear=0.088 angular=0.550 ,False
39.2,1,4.0,4.0,1.5707963267948963,3.864815664626017,0.1859531671122278,0.8879449465143439,3.8164418046122166,TRACKING distance=3.816 heading_error=0.647 linear=0.105 angular=0.550 ,False
39.300000000000004,1,4.0,4.0,1.5707963267948963,3.8680951799089414,0.19067577605984862,0.9165367749446182,3.8116072626466244,TRACKING distance=3.812 heading_error=0.620 linear=0.140 angular=0.550 ,False
39.300000000000004,1,4.0,4.0,1.5707963267948963,3.8680951799089414,0.19067577605984862,0.9165367749446182,3.8116072626466244,TRACKING distance=3.812 heading_error=0.620 linear=0.158 angular=0.550 ,False
39.400000000000006,1,4.0,4.0,1.5707963267948963,3.875611063429236,0.20190209647105398,0.943439120573973,3.8001342466197405,TRACKING distance=3.800 heading_error=0.595 linear=0.193 angular=0.550 ,False
39.400000000000006,1,4.0,4.0,1.5707963267948963,3.875611063429236,0.20190209647105398,0.943439120573973,3.8001342466197405,TRACKING distance=3.800 heading_error=0.595 linear=0.210 angular=0.550 ,False
39.5,1,4.0,4.0,1.5707963267948963,3.885358689640745,0.2154667803052712,0.9729038300924472,3.7862691823236547,TRACKING distance=3.786 heading_error=0.568 linear=0.245 angular=0.550 ,False
39.5,1,4.0,4.0,1.5707963267948963,3.885358689640745,0.2154667803052712,0.9729038300924472,3.7862691823236547,TRACKING distance=3.786 heading_error=0.568 linear=0.262 angular=0.550 ,False
39.6,1,4.0,4.0,1.5707963267948963,3.897787472861105,0.23362747093573813,1.0016530274688678,3.7677592052032787,TRACKING distance=3.768 heading_error=0.542 linear=0.298 angular=0.550 ,False
39.6,1,4.0,4.0,1.5707963267948963,3.897787472861105,0.23362747093573813,1.0016530274688678,3.7677592052032787,TRACKING distance=3.768 heading_error=0.542 linear=0.315 angular=0.550 ,False
39.7,1,4.0,4.0,1.5707963267948963,3.912689981343698,0.2607768642677276,1.0338392109919918,3.7402423314744264,TRACKING distance=3.740 heading_error=0.514 linear=0.350 angular=0.550 ,False
39.7,1,4.0,4.0,1.5707963267948963,3.912689981343698,0.2607768642677276,1.0338392109919918,3.7402423314744264,TRACKING distance=3.740 heading_error=0.514 linear=0.350 angular=0.550 ,False
39.7,1,4.0,4.0,1.5707963267948963,3.93130575842306,0.2941448971977474,1.0683075386380938,3.706491729626727,TRACKING distance=3.706 heading_error=0.484 linear=0.350 angular=0.550 ,False
39.7,1,4.0,4.0,1.5707963267948963,3.93130575842306,0.2941448971977474,1.0683075386380938,3.706491729626727,TRACKING distance=3.706 heading_error=0.484 linear=0.350 angular=0.550 ,False
39.900000000000006,1,4.0,4.0,1.5707963267948963,3.9498853944136587,0.3270838033753829,1.1050194153233837,3.6732580716743164,TRACKING distance=3.673 heading_error=0.452 linear=0.350 angular=0.543 ,False
39.900000000000006,1,4.0,4.0,1.5707963267948963,3.9498853944136587,0.3270838033753829,1.1050194153233837,3.6732580716743164,TRACKING distance=3.673 heading_error=0.452 linear=0.350 angular=0.543 ,False
40.0,1,4.0,4.0,1.5707963267948963,3.9660924305932537,0.3614459872152509,1.1429586450093125,3.638712001136539,TRACKING distance=3.639 heading_error=0.419 linear=0.350 angular=0.502 ,False
40.0,1,4.0,4.0,1.5707963267948963,3.9660924305932537,0.3614459872152509,1.1429586450093125,3.638712001136539,TRACKING distance=3.639 heading_error=0.419 linear=0.350 angular=0.502 ,False
40.1,1,4.0,4.0,1.5707963267948963,3.9801342127313,0.3969480102656557,1.181825461295242,3.603106755319973,TRACKING distance=3.603 heading_error=0.383 linear=0.350 angular=0.460 ,False
40.1,1,4.0,4.0,1.5707963267948963,3.9801342127313,0.3969480102656557,1.181825461295242,3.603106755319973,TRACKING distance=3.603 heading_error=0.383 linear=0.350 angular=0.460 ,False
40.2,1,4.0,4.0,1.5707963267948963,3.9928871615640835,0.43257895716828476,1.2213307208731645,3.567428133727313,TRACKING distance=3.567 heading_error=0.347 linear=0.350 angular=0.417 ,False
40.2,1,4.0,4.0,1.5707963267948963,3.9928871615640835,0.43257895716828476,1.2213307208731645,3.567428133727313,TRACKING distance=3.567 heading_error=0.347 linear=0.350 angular=0.417 ,False
40.300000000000004,1,4.0,4.0,1.5707963267948963,4.005271332681887,0.46866684665382385,1.2610376072527594,3.531337087686489,TRACKING distance=3.531 heading_error=0.311 linear=0.350 angular=0.374 ,False
40.300000000000004,1,4.0,4.0,1.5707963267948963,4.005271332681887,0.46866684665382385,1.2610376072527594,3.531337087686489,TRACKING distance=3.531 heading_error=0.311 linear=0.350 angular=0.374 ,False
40.400000000000006,1,4.0,4.0,1.5707963267948963,4.016349533327496,0.5049568917311037,1.2979599693900927,3.495081348967136,TRACKING distance=3.495 heading_error=0.278 linear=0.350 angular=0.333 ,False
40.400000000000006,1,4.0,4.0,1.5707963267948963,4.016349533327496,0.5049568917311037,1.2979599693900927,3.495081348967136,TRACKING distance=3.495 heading_error=0.278 linear=0.350 angular=0.333 ,False
40.5,1,4.0,4.0,1.5707963267948963,4.0258324088824375,0.5418997097025434,1.3353435986146525,3.4581967744915882,TRACKING distance=3.458 heading_error=0.243 linear=0.350 angular=0.292 ,False
40.5,1,4.0,4.0,1.5707963267948963,4.0258324088824375,0.5418997097025434,1.3353435986146525,3.4581967744915882,TRACKING distance=3.458 heading_error=0.243 linear=0.350 angular=0.292 ,False
40.6,1,4.0,4.0,1.5707963267948963,4.033816870372598,0.5790216230137574,1.372085613285106,3.4211455152520514,TRACKING distance=3.421 heading_error=0.209 linear=0.350 angular=0.250 ,False
40.6,1,4.0,4.0,1.5707963267948963,4.033816870372598,0.5790216230137574,1.372085613285106,3.4211455152520514,TRACKING distance=3.421 heading_error=0.209 linear=0.350 angular=0.250 ,False
40.7,1,4.0,4.0,1.5707963267948963,4.040488695032874,0.6166966060333653,1.405725727402096,3.3835456536082993,TRACKING distance=3.384 heading_error=0.177 linear=0.350 angular=0.212 ,False
40.7,1,4.0,4.0,1.5707963267948963,4.040488695032874,0.6166966060333653,1.405725727402096,3.3835456536082993,TRACKING distance=3.384 heading_error=0.177 linear=0.350 angular=0.212 ,False
40.800000000000004,1,4.0,4.0,1.5707963267948963,4.045843068610228,0.6544181588895843,1.4313960803616015,3.3458959102917953,TRACKING distance=3.346 heading_error=0.153 linear=0.350 angular=0.184 ,False
40.800000000000004,1,4.0,4.0,1.5707963267948963,4.045843068610228,0.6544181588895843,1.4313960803616015,3.3458959102917953,TRACKING distance=3.346 heading_error=0.153 linear=0.350 angular=0.184 ,False
40.900000000000006,1,4.0,4.0,1.5707963267948963,4.050170679923118,0.6923768530997005,1.4530426534417942,3.3080036243986473,TRACKING distance=3.308 heading_error=0.133 linear=0.350 angular=0.160 ,False
40.900000000000006,1,4.0,4.0,1.5707963267948963,4.050170679923118,0.6923768530997005,1.4530426534417942,3.3080036243986473,TRACKING distance=3.308 heading_error=0.133 linear=0.350 angular=0.160 ,False
41.0,1,4.0,4.0,1.5707963267948963,4.054013735444367,0.7303563292631414,1.4704761761000669,3.2700897873309613,TRACKING distance=3.270 heading_error=0.117 linear=0.350 angular=0.140 ,False
41.0,1,4.0,4.0,1.5707963267948963,4.054013735444367,0.7303563292631414,1.4704761761000669,3.2700897873309613,TRACKING distance=3.270 heading_error=0.117 linear=0.350 angular=0.140 ,False
41.1,1,4.0,4.0,1.5707963267948963,4.057315238223732,0.7682160733793322,1.483924487015152,3.232292125550589,TRACKING distance=3.232 heading_error=0.105 linear=0.350 angular=0.126 ,False
41.1,1,4.0,4.0,1.5707963267948963,4.057315238223732,0.7682160733793322,1.483924487015152,3.232292125550589,TRACKING distance=3.232 heading_error=0.105 linear=0.350 angular=0.126 ,False
41.2,1,4.0,4.0,1.5707963267948963,4.059920568813239,0.8067071293419257,1.4941168440840236,3.1938550111679436,TRACKING distance=3.194 heading_error=0.095 linear=0.350 angular=0.115 ,False
41.2,1,4.0,4.0,1.5707963267948963,4.060165788185388,0.81049969968146,1.495041682612507,3.1900677246415987,TRACKING distance=3.194 heading_error=0.095 linear=0.350 angular=0.115 ,False
41.300000000000004,1,4.0,4.0,1.5707963267948963,4.062582100474677,0.8448787518066595,1.5036316005785448,3.155741847822937,TRACKING distance=3.156 heading_error=0.087 linear=0.350 angular=0.104 ,False
41.300000000000004,1,4.0,4.0,1.5707963267948963,4.062582100474677,0.8448787518066595,1.5036316005785448,3.155741847822937,TRACKING distance=3.156 heading_error=0.087 linear=0.350 angular=0.104 ,False
41.400000000000006,1,4.0,4.0,1.5707963267948963,4.0645303649320255,0.8832166172771819,1.512381140283256,3.1174513344742616,TRACKING distance=3.117 heading_error=0.079 linear=0.350 angular=0.095 ,False
41.400000000000006,1,4.0,4.0,1.5707963267948963,4.0645303649320255,0.8832166172771819,1.512381140283256,3.1174513344742616,TRACKING distance=3.117 heading_error=0.079 linear=0.350 angular=0.095 ,False
41.5,1,4.0,4.0,1.5707963267948963,4.066453132806936,0.9213836146589217,1.52125102617859,3.079333510185349,TRACKING distance=3.079 heading_error=0.071 linear=0.350 angular=0.085 ,False
41.5,1,4.0,4.0,1.5707963267948963,4.066453132806936,0.9213836146589217,1.52125102617859,3.079333510185349,TRACKING distance=3.079 heading_error=0.071 linear=0.350 angular=0.085 ,False
41.6,1,4.0,4.0,1.5707963267948963,4.067868452499658,0.9598506125694951,1.5278271888620905,3.0409068424959638,TRACKING distance=3.041 heading_error=0.065 linear=0.350 angular=0.078 ,False
41.6,1,4.0,4.0,1.5707963267948963,4.067868452499658,0.9598506125694951,1.5278271888620905,3.0409068424959638,TRACKING distance=3.041 heading_error=0.065 linear=0.350 angular=0.078 ,False
41.7,1,4.0,4.0,1.5707963267948963,4.069340663877562,0.9980113150994369,1.5339491373186969,3.0027894018625405,TRACKING distance=3.003 heading_error=0.060 linear=0.350 angular=0.072 ,False
41.7,1,4.0,4.0,1.5707963267948963,4.069340663877562,0.9980113150994369,1.5339491373186969,3.0027894018625405,TRACKING distance=3.003 heading_error=0.060 linear=0.350 angular=0.072 ,False
41.800000000000004,1,4.0,4.0,1.5707963267948963,4.070395855871481,1.0364307885946302,1.5386171359246554,2.9644051759693246,TRACKING distance=2.964 heading_error=0.056 linear=0.350 angular=0.067 ,False
41.800000000000004,1,4.0,4.0,1.5707963267948963,4.070395855871481,1.0364307885946302,1.5386171359246554,2.9644051759693246,TRACKING distance=2.964 heading_error=0.056 linear=0.350 angular=0.067 ,False
41.900000000000006,1,4.0,4.0,1.5707963267948963,4.071239068818528,1.0748394050433405,1.543678308925509,2.9260279409488437,TRACKING distance=2.926 heading_error=0.051 linear=0.350 angular=0.062 ,False
41.900000000000006,1,4.0,4.0,1.5707963267948963,4.071239068818528,1.0748394050433405,1.543678308925509,2.9260279409488437,TRACKING distance=2.926 heading_error=0.051 linear=0.350 angular=0.062 ,False
42.0,1,4.0,4.0,1.5707963267948963,4.07204313026944,1.1131104504285116,1.5486037039152887,2.887788337819116,TRACKING distance=2.888 heading_error=0.047 linear=0.350 angular=0.057 ,False
42.0,1,4.0,4.0,1.5707963267948963,4.07204313026944,1.1131104504285116,1.5486037039152887,2.887788337819116,TRACKING distance=2.888 heading_error=0.047 linear=0.350 angular=0.057 ,False
42.1,1,4.0,4.0,1.5707963267948963,4.072697285662688,1.1514747740559823,1.5519132909764652,2.8494527295924983,TRACKING distance=2.849 heading_error=0.044 linear=0.350 angular=0.053 ,False
42.1,1,4.0,4.0,1.5707963267948963,4.072697285662688,1.1514747740559823,1.5519132909764652,2.8494527295924983,TRACKING distance=2.849 heading_error=0.044 linear=0.350 angular=0.053 ,False
42.2,1,4.0,4.0,1.5707963267948963,4.073225134852771,1.1899252084379115,1.5546631511987092,2.8110286826261524,TRACKING distance=2.811 heading_error=0.042 linear=0.350 angular=0.051 ,False
42.2,1,4.0,4.0,1.5707963267948963,4.073225134852771,1.1899252084379115,1.5546631511987092,2.8110286826261524,TRACKING distance=2.811 heading_error=0.042 linear=0.350 angular=0.051 ,False
42.300000000000004,1,4.0,4.0,1.5707963267948963,4.073557326547744,1.2283006015761975,1.55859249882955,2.7726752849029617,TRACKING distance=2.773 heading_error=0.039 linear=0.350 angular=0.046 ,False
42.300000000000004,1,4.0,4.0,1.5707963267948963,4.073561439316924,1.2321339394646984,1.5589602321320302,2.768843407348561,TRACKING distance=2.773 heading_error=0.039 linear=0.350 angular=0.046 ,False
42.400000000000006,1,4.0,4.0,1.5707963267948963,4.073814562157579,1.2666267370748285,1.5622287468746598,2.73436975993751,TRACKING distance=2.734 heading_error=0.036 linear=0.350 angular=0.043 ,False
42.400000000000006,1,4.0,4.0,1.5707963267948963,4.073814562157579,1.2666267370748285,1.5622287468746598,2.73436975993751,TRACKING distance=2.734 heading_error=0.036 linear=0.350 angular=0.043 ,False
42.5,1,4.0,4.0,1.5707963267948963,4.073967901957985,1.3049530698917204,1.5648433508222332,2.6960617956579056,TRACKING distance=2.696 heading_error=0.033 linear=0.350 angular=0.040 ,False
42.5,1,4.0,4.0,1.5707963267948963,4.073967901957985,1.3049530698917204,1.5648433508222332,2.6960617956579056,TRACKING distance=2.696 heading_error=0.033 linear=0.350 angular=0.040 ,False
42.6,1,4.0,4.0,1.5707963267948963,4.0740484224657765,1.343389308895377,1.566595483318982,2.6576424765120406,TRACKING distance=2.658 heading_error=0.032 linear=0.350 angular=0.038 ,False
42.6,1,4.0,4.0,1.5707963267948963,4.0740484224657765,1.343389308895377,1.566595483318982,2.6576424765120406,TRACKING distance=2.658 heading_error=0.032 linear=0.350 angular=0.038 ,False
42.7,1,4.0,4.0,1.5707963267948963,4.074043890313858,1.381858733630117,1.568671733638574,2.619188078081012,TRACKING distance=2.619 heading_error=0.030 linear=0.350 angular=0.036 ,False
42.7,1,4.0,4.0,1.5707963267948963,4.074043890313858,1.381858733630117,1.568671733638574,2.619188078081012,TRACKING distance=2.619 heading_error=0.030 linear=0.350 angular=0.036 ,False
42.800000000000004,1,4.0,4.0,1.5707963267948963,4.073902799639055,1.4202390573211017,1.5714449395674641,2.5808192778972354,TRACKING distance=2.581 heading_error=0.028 linear=0.350 angular=0.034 ,False
42.800000000000004,1,4.0,4.0,1.5707963267948963,4.073902799639055,1.4202390573211017,1.5714449395674641,2.5808192778972354,TRACKING distance=2.581 heading_error=0.028 linear=0.350 angular=0.034 ,False
42.900000000000006,1,4.0,4.0,1.5707963267948963,4.073683206533546,1.4586098001191832,1.5739270832729615,2.542458133967071,TRACKING distance=2.542 heading_error=0.026 linear=0.350 angular=0.031 ,False
42.900000000000006,1,4.0,4.0,1.5707963267948963,4.073683206533546,1.4586098001191832,1.5739270832729615,2.542458133967071,TRACKING distance=2.542 heading_error=0.026 linear=0.350 angular=0.031 ,False
43.0,1,4.0,4.0,1.5707963267948963,4.073445980552095,1.496943783621362,1.5762930016279693,2.504133529668696,TRACKING distance=2.504 heading_error=0.024 linear=0.350 angular=0.029 ,False
43.0,1,4.0,4.0,1.5707963267948963,4.073445980552095,1.496943783621362,1.5762930016279693,2.504133529668696,TRACKING distance=2.504 heading_error=0.024 linear=0.350 angular=0.029 ,False
43.1,1,4.0,4.0,1.5707963267948963,4.073095787370934,1.5352787586642456,1.5781912297068288,2.4658048973150812,TRACKING distance=2.466 heading_error=0.022 linear=0.350 angular=0.027 ,False
43.1,1,4.0,4.0,1.5707963267948963,4.073095787370934,1.5352787586642456,1.5781912297068288,2.4658048973150812,TRACKING distance=2.466 heading_error=0.022 linear=0.350 angular=0.027 ,False
43.2,1,4.0,4.0,1.5707963267948963,4.0726791578313195,1.573630829377419,1.579485440999848,2.4274574377588545,TRACKING distance=2.427 heading_error=0.021 linear=0.350 angular=0.026 ,False
43.2,1,4.0,4.0,1.5707963267948963,4.0726791578313195,1.573630829377419,1.579485440999848,2.4274574377588545,TRACKING distance=2.427 heading_error=0.021 linear=0.350 angular=0.026 ,False
43.300000000000004,1,4.0,4.0,1.5707963267948963,4.072245695243662,1.6120281699688863,1.5804497875878745,2.3890644406343218,TRACKING distance=2.389 heading_error=0.021 linear=0.350 angular=0.025 ,False
43.300000000000004,1,4.0,4.0,1.5707963267948963,4.072245695243662,1.6120281699688863,1.5804497875878745,2.3890644406343218,TRACKING distance=2.389 heading_error=0.021 linear=0.350 angular=0.025 ,False
43.400000000000006,1,4.0,4.0,1.5707963267948963,4.071770348917108,1.65046322026255,1.5813511717023427,2.3506326940470115,TRACKING distance=2.351 heading_error=0.020 linear=0.350 angular=0.024 ,False
43.400000000000006,1,4.0,4.0,1.5707963267948963,4.071770348917108,1.65046322026255,1.5813511717023427,2.3506326940470115,TRACKING distance=2.351 heading_error=0.020 linear=0.350 angular=0.024 ,False
43.5,1,4.0,4.0,1.5707963267948963,4.071253155283351,1.6888846124931693,1.5826462936895287,2.312213516634803,TRACKING distance=2.312 heading_error=0.019 linear=0.350 angular=0.023 ,False
43.5,1,4.0,4.0,1.5707963267948963,4.071253155283351,1.6888846124931693,1.5826462936895287,2.312213516634803,TRACKING distance=2.312 heading_error=0.019 linear=0.350 angular=0.023 ,False
43.6,1,4.0,4.0,1.5707963267948963,4.070651147309384,1.727235357412772,1.5844680608348762,2.27386250798301,TRACKING distance=2.274 heading_error=0.017 linear=0.350 angular=0.021 ,False
43.6,1,4.0,4.0,1.5707963267948963,4.070651147309384,1.727235357412772,1.5844680608348762,2.27386250798301,TRACKING distance=2.274 heading_error=0.017 linear=0.350 angular=0.021 ,False
43.7,1,4.0,4.0,1.5707963267948963,4.0699280332972565,1.7656144907368398,1.5860324066210199,2.2354794863397904,TRACKING distance=2.235 heading_error=0.016 linear=0.350 angular=0.019 ,False
43.7,1,4.0,4.0,1.5707963267948963,4.0699280332972565,1.7656144907368398,1.5860324066210199,2.2354794863397904,TRACKING distance=2.235 heading_error=0.016 linear=0.350 angular=0.019 ,False
43.800000000000004,1,4.0,4.0,1.5707963267948963,4.069201782781813,1.8039973851637408,1.587249339001182,2.197092708810411,TRACKING distance=2.197 heading_error=0.015 linear=0.350 angular=0.018 ,False
43.800000000000004,1,4.0,4.0,1.5707963267948963,4.069201782781813,1.8039973851637408,1.587249339001182,2.197092708810411,TRACKING distance=2.197 heading_error=0.015 linear=0.350 angular=0.018 ,False
43.900000000000006,1,4.0,4.0,1.5707963267948963,4.06847007925714,1.842356929963441,1.5882923595904421,2.1587292024314366,TRACKING distance=2.159 heading_error=0.014 linear=0.350 angular=0.017 ,False
43.900000000000006,1,4.0,4.0,1.5707963267948963,4.06847007925714,1.842356929963441,1.5882923595904421,2.1587292024314366,TRACKING distance=2.159 heading_error=0.014 linear=0.350 angular=0.017 ,False
44.0,1,4.0,4.0,1.5707963267948963,4.067658927318347,1.8845281962701252,1.5895943078260044,2.1165534916042166,TRACKING distance=2.120 heading_error=0.013 linear=0.350 angular=0.016 ,False
44.0,1,4.0,4.0,1.5707963267948963,4.067658927318347,1.8845281962701252,1.5895943078260044,2.1165534916042166,TRACKING distance=2.120 heading_error=0.013 linear=0.350 angular=0.016 ,False
44.1,1,4.0,4.0,1.5707963267948963,4.066948664805649,1.9190153386105708,1.5906733171982048,2.0820613066519766,TRACKING distance=2.082 heading_error=0.012 linear=0.350 angular=0.015 ,False
44.1,1,4.0,4.0,1.5707963267948963,4.066948664805649,1.9190153386105708,1.5906733171982048,2.0820613066519766,TRACKING distance=2.082 heading_error=0.012 linear=0.350 angular=0.015 ,False
44.2,1,4.0,4.0,1.5707963267948963,4.066095897315343,1.9573736543292517,1.5916518953105294,2.0436954410259265,TRACKING distance=2.044 heading_error=0.011 linear=0.350 angular=0.014 ,False
44.2,1,4.0,4.0,1.5707963267948963,4.066095897315343,1.9573736543292517,1.5916518953105294,2.0436954410259265,TRACKING distance=2.044 heading_error=0.011 linear=0.350 angular=0.014 ,False
44.300000000000004,1,4.0,4.0,1.5707963267948963,4.065193342475174,1.995744141156315,1.5921541041957743,2.005315865297116,TRACKING distance=2.005 heading_error=0.011 linear=0.350 angular=0.013 ,False
44.300000000000004,1,4.0,4.0,1.5707963267948963,4.065193342475174,1.995744141156315,1.5921541041957743,2.005315865297116,TRACKING distance=2.005 heading_error=0.011 linear=0.350 angular=0.013 ,False
44.400000000000006,1,4.0,4.0,1.5707963267948963,4.06423848469404,2.0341145507995955,1.5925476171884103,1.9669347173441376,TRACKING distance=1.967 heading_error=0.011 linear=0.350 angular=0.013 ,False
44.400000000000006,1,4.0,4.0,1.5707963267948963,4.06423848469404,2.0341145507995955,1.5925476171884103,1.9669347173441376,TRACKING distance=1.967 heading_error=0.011 linear=0.350 angular=0.013 ,False
44.5,1,4.0,4.0,1.5707963267948963,4.063298791843781,2.0724906278187833,1.5928636275010526,1.928548448158695,TRACKING distance=1.929 heading_error=0.011 linear=0.350 angular=0.013 ,False
44.5,1,4.0,4.0,1.5707963267948963,4.063298791843781,2.0724906278187833,1.5928636275010526,1.928548448158695,TRACKING distance=1.929 heading_error=0.011 linear=0.350 angular=0.013 ,False
44.6,1,4.0,4.0,1.5707963267948963,4.06236882376284,2.1108849109316212,1.593164383022206,1.8901443569006546,TRACKING distance=1.890 heading_error=0.011 linear=0.350 angular=0.013 ,False
44.6,1,4.0,4.0,1.5707963267948963,4.06236882376284,2.1108849109316212,1.593164383022206,1.8901443569006546,TRACKING distance=1.890 heading_error=0.011 linear=0.350 angular=0.013 ,False
44.7,1,4.0,4.0,1.5707963267948963,4.061419647384825,2.1492826357686288,1.5934869045938234,1.8517362488627775,TRACKING distance=1.852 heading_error=0.010 linear=0.350 angular=0.013 ,False
44.7,1,4.0,4.0,1.5707963267948963,4.061419647384825,2.1492826357686288,1.5934869045938234,1.8517362488627775,TRACKING distance=1.852 heading_error=0.010 linear=0.350 angular=0.013 ,False
44.800000000000004,1,4.0,4.0,1.5707963267948963,4.060465226847393,2.1876697566440915,1.5940002432436402,1.8133386210634221,TRACKING distance=1.813 heading_error=0.010 linear=0.350 angular=0.012 ,False
44.800000000000004,1,4.0,4.0,1.5707963267948963,4.060465226847393,2.1876697566440915,1.5940002432436402,1.8133386210634221,TRACKING distance=1.813 heading_error=0.010 linear=0.350 angular=0.012 ,False
44.900000000000006,1,4.0,4.0,1.5707963267948963,4.059500857910955,2.226042989526912,1.594727006845436,1.7749545986021038,TRACKING distance=1.775 heading_error=0.010 linear=0.350 angular=0.012 ,False
44.900000000000006,1,4.0,4.0,1.5707963267948963,4.059500857910955,2.226042989526912,1.594727006845436,1.7749545986021038,TRACKING distance=1.775 heading_error=0.010 linear=0.350 angular=0.012 ,False
45.0,1,4.0,4.0,1.5707963267948963,4.058484975290027,2.264405735840265,1.5955638789795408,1.7365793797344384,TRACKING distance=1.737 heading_error=0.009 linear=0.350 angular=0.011 ,False
45.0,1,4.0,4.0,1.5707963267948963,4.058484975290027,2.264405735840265,1.5955638789795408,1.7365793797344384,TRACKING distance=1.737 heading_error=0.009 linear=0.350 angular=0.011 ,False
45.1,1,4.0,4.0,1.5707963267948963,4.057417670567317,2.3027589038831864,1.5966617640953076,1.6982120383630483,TRACKING distance=1.698 heading_error=0.008 linear=0.350 angular=0.010 ,False
45.1,1,4.0,4.0,1.5707963267948963,4.057417670567317,2.3027589038831864,1.5966617640953076,1.6982120383630483,TRACKING distance=1.698 heading_error=0.008 linear=0.350 angular=0.010 ,False
45.2,1,4.0,4.0,1.5707963267948963,4.056315753261029,2.3411068183760624,1.5975651931659116,1.6598488039890102,TRACKING distance=1.660 heading_error=0.007 linear=0.350 angular=0.009 ,False
45.2,1,4.0,4.0,1.5707963267948963,4.056315753261029,2.3411068183760624,1.5975651931659116,1.6598488039890102,TRACKING distance=1.660 heading_error=0.007 linear=0.350 angular=0.009 ,False
45.300000000000004,1,4.0,4.0,1.5707963267948963,4.055163034366919,2.3794596363016702,1.5982581401241247,1.6214789640128178,TRACKING distance=1.621 heading_error=0.007 linear=0.350 angular=0.008 ,False
45.300000000000004,1,4.0,4.0,1.5707963267948963,4.055163034366919,2.3794596363016702,1.5982581401241247,1.6214789640128178,TRACKING distance=1.621 heading_error=0.007 linear=0.350 angular=0.008 ,False
45.400000000000006,1,4.0,4.0,1.5707963267948963,4.0540019544216355,2.4178201095722103,1.5986537649822443,1.5831012023100257,TRACKING distance=1.583 heading_error=0.006 linear=0.350 angular=0.008 ,False
45.400000000000006,1,4.0,4.0,1.5707963267948963,4.0540019544216355,2.4178201095722103,1.5986537649822443,1.5831012023100257,TRACKING distance=1.583 heading_error=0.006 linear=0.350 angular=0.008 ,False
45.5,1,4.0,4.0,1.5707963267948963,4.052806796016078,2.456174220352357,1.5990506085371385,1.544728647889375,TRACKING distance=1.545 heading_error=0.006 linear=0.350 angular=0.007 ,False
45.5,1,4.0,4.0,1.5707963267948963,4.052806796016078,2.456174220352357,1.5990506085371385,1.544728647889375,TRACKING distance=1.545 heading_error=0.006 linear=0.350 angular=0.007 ,False
45.6,1,4.0,4.0,1.5707963267948963,4.051629714796139,2.4945308777427004,1.5992906699064973,1.5063541766530522,TRACKING distance=1.506 heading_error=0.006 linear=0.350 angular=0.007 ,False
45.6,1,4.0,4.0,1.5707963267948963,4.051629714796139,2.4945308777427004,1.5992906699064973,1.5063541766530522,TRACKING distance=1.506 heading_error=0.006 linear=0.350 angular=0.007 ,False
45.7,1,4.0,4.0,1.5707963267948963,4.050438103100935,2.5328829610990407,1.5995208676469266,1.467983790127786,TRACKING distance=1.468 heading_error=0.006 linear=0.350 angular=0.007 ,False
45.7,1,4.0,4.0,1.5707963267948963,4.050438103100935,2.5328829610990407,1.5995208676469266,1.467983790127786,TRACKING distance=1.468 heading_error=0.006 linear=0.350 angular=0.007 ,False
45.800000000000004,1,4.0,4.0,1.5707963267948963,4.0492655736049725,2.571241472846221,1.5996381735605363,1.4296076474534063,TRACKING distance=1.430 heading_error=0.006 linear=0.350 angular=0.007 ,False
45.800000000000004,1,4.0,4.0,1.5707963267948963,4.0492655736049725,2.571241472846221,1.5996381735605363,1.4296076474534063,TRACKING distance=1.430 heading_error=0.006 linear=0.350 angular=0.007 ,False
45.900000000000006,1,4.0,4.0,1.5707963267948963,4.048109494814804,2.6096025908503515,1.5998630272445478,1.3912294846147384,TRACKING distance=1.391 heading_error=0.006 linear=0.350 angular=0.007 ,False
45.900000000000006,1,4.0,4.0,1.5707963267948963,4.048109494814804,2.6096025908503515,1.5998630272445478,1.3912294846147384,TRACKING distance=1.391 heading_error=0.006 linear=0.350 angular=0.007 ,False
45.900000000000006,1,4.0,4.0,1.5707963267948963,4.046939083428761,2.6479592403064993,1.6000257211068198,1.3528553113417972,TRACKING distance=1.353 heading_error=0.005 linear=0.350 angular=0.007 ,False
45.900000000000006,1,4.0,4.0,1.5707963267948963,4.046939083428761,2.6479592403064993,1.6000257211068198,1.3528553113417972,TRACKING distance=1.353 heading_error=0.005 linear=0.350 angular=0.007 ,False
46.1,1,4.0,4.0,1.5707963267948963,4.045759034073207,2.686311866633258,1.6002757828101428,1.3144848424184692,TRACKING distance=1.314 heading_error=0.005 linear=0.350 angular=0.006 ,False
46.1,1,4.0,4.0,1.5707963267948963,4.045759034073207,2.686311866633258,1.6002757828101428,1.3144848424184692,TRACKING distance=1.314 heading_error=0.005 linear=0.350 angular=0.006 ,False
46.2,1,4.0,4.0,1.5707963267948963,4.044577074144319,2.7246628248612015,1.600453934381969,1.2761159923103693,TRACKING distance=1.276 heading_error=0.005 linear=0.350 angular=0.006 ,False
46.2,1,4.0,4.0,1.5707963267948963,4.044577074144319,2.7246628248612015,1.600453934381969,1.2761159923103693,TRACKING distance=1.276 heading_error=0.005 linear=0.350 angular=0.006 ,False
46.300000000000004,1,4.0,4.0,1.5707963267948963,4.043386357840781,2.7630106687624254,1.600789548080487,1.2377499673368084,TRACKING distance=1.238 heading_error=0.005 linear=0.350 angular=0.006 ,False
46.300000000000004,1,4.0,4.0,1.5707963267948963,4.043386357840781,2.7630106687624254,1.600789548080487,1.2377499673368084,TRACKING distance=1.238 heading_error=0.005 linear=0.350 angular=0.006 ,False
46.400000000000006,1,4.0,4.0,1.5707963267948963,4.042183441627802,2.8013543247975545,1.6010568829132197,1.1993877177247951,TRACKING distance=1.199 heading_error=0.005 linear=0.350 angular=0.006 ,False
46.400000000000006,1,4.0,4.0,1.5707963267948963,4.042183441627802,2.8013543247975545,1.6010568829132197,1.1993877177247951,TRACKING distance=1.199 heading_error=0.005 linear=0.350 angular=0.006 ,False
46.400000000000006,1,4.0108989633704475,-1.4083398585621567,-1.5781919271681843,4.042061139811439,2.805193421852483,1.601087399439761,4.213648512441718,OBJECT_GOAL_PUBLISHED,
46.5,1,4.0,4.0,1.5707963267948963,4.040947967182441,2.8397002569969407,1.6013727644002833,1.1610220625075733,TRACKING distance=1.161 heading_error=0.005 linear=0.350 angular=0.006 ,False
46.5,1,4.0,4.0,1.5707963267948963,4.040947967182441,2.8397002569969407,1.6013727644002833,1.1610220625075733,TRACKING distance=1.161 heading_error=0.005 linear=0.350 angular=0.006 ,False
46.6,1,4.0,4.0,1.5707963267948963,4.039718203083906,2.878041813575034,1.6016400201818681,1.122660994130558,TRACKING distance=1.123 heading_error=0.005 linear=0.350 angular=0.005 ,False
46.6,1,4.0,4.0,1.5707963267948963,4.039718203083906,2.878041813575034,1.6016400201818681,1.122660994130558,TRACKING distance=1.123 heading_error=0.005 linear=0.350 angular=0.005 ,False
46.6,1,4.0108989633704475,-1.4083398585621567,-1.5781919271681843,4.039718203083906,2.878041813575034,1.6016400201818681,4.286478553289551,GOAL_RECEIVED frame=odom x=4.011 y=-1.408,False
46.7,1,4.0108989633704475,-1.4083398585621567,-1.5781919271681843,4.038450890708949,2.9163753150311935,1.6019116708067955,4.324802936713837,TRACKING distance=4.325 heading_error=3.104 linear=0.315 angular=0.125 ,False
46.7,1,4.0108989633704475,-1.4083398585621567,-1.5781919271681843,4.038450890708949,2.9163753150311935,1.6019116708067955,4.324802936713837,TRACKING distance=4.325 heading_error=3.104 linear=0.297 angular=0.185 ,False
46.800000000000004,1,4.0108989633704475,-1.4083398585621567,-1.5781919271681843,4.03717518451293,2.9547197984842293,1.6020772804793117,4.363138779679516,TRACKING distance=4.363 heading_error=3.104 linear=0.262 angular=0.305 ,False
46.800000000000004,1,4.0108989633704475,-1.4083398585621567,-1.5781919271681843,4.037051733905847,2.9585557569082503,1.6020972408347154,4.366973927540825,TRACKING distance=4.363 heading_error=3.104 linear=0.245 angular=0.365 ,False
46.900000000000006,1,4.0108989633704475,-1.4083398585621567,-1.5781919271681843,4.035898188200294,2.993064463111641,1.6022872636011047,4.401475316764923,TRACKING distance=4.401 heading_error=3.104 linear=0.210 angular=0.485 ,False
46.900000000000006,1,4.0108989633704475,-1.4083398585621567,-1.5781919271681843,4.035898188200294,2.993064463111641,1.6022872636011047,4.401475316764923,TRACKING distance=4.401 heading_error=3.104 linear=0.192 angular=0.545 ,False
47.0,1,4.0108989633704475,-1.4083398585621567,-1.5781919271681843,4.034450695857592,3.0305913914998674,1.6098533287067618,4.438993729087748,TRACKING distance=4.439 heading_error=3.097 linear=0.158 angular=0.550 ,False
47.0,1,4.0108989633704475,-1.4083398585621567,-1.5781919271681843,4.034450695857592,3.0305913914998674,1.6098533287067618,4.438993729087748,TRACKING distance=4.439 heading_error=3.097 linear=0.140 angular=0.550 ,False
47.1,1,4.0108989633704475,-1.4083398585621567,-1.5781919271681843,4.032588271707059,3.0689306683748523,1.6300303952555615,4.477323061548599,TRACKING distance=4.477 heading_error=3.078 linear=0.105 angular=0.550 ,False
47.1,1,4.0108989633704475,-1.4083398585621567,-1.5781919271681843,4.032588271707059,3.0689306683748523,1.6300303952555615,4.477323061548599,TRACKING distance=4.477 heading_error=3.078 linear=0.088 angular=0.550 ,False
47.2,1,4.0108989633704475,-1.4083398585621567,-1.5781919271681843,4.030614681229593,3.09970269376339,1.6575525904883368,4.5080856650144225,TRACKING distance=4.508 heading_error=3.050 linear=0.052 angular=0.550 ,False
47.2,1,4.0108989633704475,-1.4083398585621567,-1.5781919271681843,4.030614681229593,3.09970269376339,1.6575525904883368,4.5080856650144225,TRACKING distance=4.508 heading_error=3.050 linear=0.035 angular=0.550 ,False
47.300000000000004,1,4.0108989633704475,-1.4083398585621567,-1.5781919271681843,4.028551025836712,3.121666852850465,1.6864075943577408,4.530041103649359,TRACKING distance=4.530 heading_error=3.022 linear=0.000 angular=0.550 ,False
47.300000000000004,1,4.0108989633704475,-1.4083398585621567,-1.5781919271681843,4.028551025836712,3.121666852850465,1.6864075943577408,4.530041103649359,TRACKING distance=4.530 heading_error=3.022 linear=0.000 angular=0.550 ,False
47.400000000000006,1,4.0108989633704475,-1.4083398585621567,-1.5781919271681843,4.026586951203948,3.136841283063222,1.7150844177426103,4.545208215599066,TRACKING distance=4.545 heading_error=2.994 linear=0.000 angular=0.550 ,False
47.400000000000006,1,4.0108989633704475,-1.4083398585621567,-1.5781919271681843,4.026586951203948,3.136841283063222,1.7150844177426103,4.545208215599066,TRACKING distance=4.545 heading_error=2.994 linear=0.000 angular=0.550 ,False
47.5,1,4.0108989633704475,-1.4083398585621567,-1.5781919271681843,4.025685717894709,3.1390023343575435,1.7460608988511963,4.547366234164246,TRACKING distance=4.547 heading_error=2.963 linear=0.000 angular=0.550 ,False
47.5,1,4.0108989633704475,-1.4083398585621567,-1.5781919271681843,4.025685717894709,3.1390023343575435,1.7460608988511963,4.547366234164246,TRACKING distance=4.547 heading_error=2.963 linear=0.000 angular=0.550 ,False
47.5,1,4.0108989633704475,-1.4083398585621567,-1.5781919271681843,4.025453841968085,3.1381472692181327,1.778894983881836,4.5465104253221345,TRACKING distance=4.547 heading_error=2.930 linear=0.000 angular=0.550 ,False
47.5,1,4.0108989633704475,-1.4083398585621567,-1.5781919271681843,4.025453841968085,3.1381472692181327,1.778894983881836,4.5465104253221345,TRACKING distance=4.547 heading_error=2.930 linear=0.000 angular=0.550 ,False
47.7,1,4.0108989633704475,-1.4083398585621567,-1.5781919271681843,4.025216351448447,3.1376140319158994,1.8127077874143698,4.545976436581469,TRACKING distance=4.546 heading_error=2.897 linear=0.000 angular=0.550 ,False
47.7,1,4.0108989633704475,-1.4083398585621567,-1.5781919271681843,4.025216351448447,3.1376140319158994,1.8127077874143698,4.545976436581469,TRACKING distance=4.546 heading_error=2.897 linear=0.000 angular=0.550 ,False
47.800000000000004,1,4.0108989633704475,-1.4083398585621567,-1.5781919271681843,4.025174861112882,3.137192344129837,1.8457817059758865,4.545554620391914,TRACKING distance=4.546 heading_error=2.863 linear=0.000 angular=0.550 ,False
47.800000000000004,1,4.0108989633704475,-1.4083398585621567,-1.5781919271681843,4.025174861112882,3.137192344129837,1.8457817059758865,4.545554620391914,TRACKING distance=4.546 heading_error=2.863 linear=0.000 angular=0.550 ,False
47.900000000000006,1,4.0108989633704475,-1.4083398585621567,-1.5781919271681843,4.0250508730830274,3.137161386886556,1.876372720190033,4.545523275589326,TRACKING distance=4.546 heading_error=2.833 linear=0.000 angular=0.550 ,False
47.900000000000006,1,4.0108989633704475,-1.4083398585621567,-1.5781919271681843,4.0250508730830274,3.137161386886556,1.876372720190033,4.545523275589326,TRACKING distance=4.546 heading_error=2.833 linear=0.000 angular=0.550 ,False
48.0,1,4.0108989633704475,-1.4083398585621567,-1.5781919271681843,4.0249597095395915,3.1369906803456917,1.9045414084192391,4.54535228695325,TRACKING distance=4.545 heading_error=2.805 linear=0.000 angular=0.550 ,False
48.0,1,4.0108989633704475,-1.4083398585621567,-1.5781919271681843,4.0249597095395915,3.1369906803456917,1.9045414084192391,4.54535228695325,TRACKING distance=4.545 heading_error=2.805 linear=0.000 angular=0.550 ,False
48.1,1,4.0108989633704475,-1.4083398585621567,-1.5781919271681843,4.024954475874671,3.136532317106148,1.9270590681844215,4.544893909718433,TRACKING distance=4.545 heading_error=2.782 linear=0.000 angular=0.550 ,False
48.1,1,4.0108989633704475,-1.4083398585621567,-1.5781919271681843,4.024954475874671,3.136532317106148,1.9270590681844215,4.544893909718433,TRACKING distance=4.545 heading_error=2.782 linear=0.000 angular=0.550 ,False
48.2,1,4.0108989633704475,-1.4083398585621567,-1.5781919271681843,4.024368450670725,3.1366986953254146,1.9537127544502961,4.545058512650036,TRACKING distance=4.545 heading_error=2.756 linear=0.000 angular=0.550 ,False
48.2,1,4.0108989633704475,-1.4083398585621567,-1.5781919271681843,4.024368450670725,3.1366986953254146,1.9537127544502961,4.545058512650036,TRACKING distance=4.545 heading_error=2.756 linear=0.000 angular=0.550 ,False
48.300000000000004,1,4.0108989633704475,-1.4083398585621567,-1.5781919271681843,4.024554356054689,3.136028598511331,1.9816861636867507,4.544388973601824,TRACKING distance=4.544 heading_error=2.728 linear=0.000 angular=0.550 ,False
48.300000000000004,1,4.0108989633704475,-1.4083398585621567,-1.5781919271681843,4.024554356054689,3.136028598511331,1.9816861636867507,4.544388973601824,TRACKING distance=4.544 heading_error=2.728 linear=0.000 angular=0.550 ,False
48.400000000000006,1,4.0108989633704475,-1.4083398585621567,-1.5781919271681843,4.025134635857547,3.136181441033008,2.0053825449730596,4.544543596099094,TRACKING distance=4.545 heading_error=2.704 linear=0.000 angular=0.550 ,False
48.400000000000006,1,4.0108989633704475,-1.4083398585621567,-1.5781919271681843,4.025134635857547,3.136181441033008,2.0053825449730596,4.544543596099094,TRACKING distance=4.545 heading_error=2.704 linear=0.000 angular=0.550 ,False
48.5,1,4.0108989633704475,-1.4083398585621567,-1.5781919271681843,4.02529260254712,3.136469382534042,2.0307339627251992,4.544832033728216,TRACKING distance=4.545 heading_error=2.678 linear=0.000 angular=0.550 ,False
48.5,1,4.0108989633704475,-1.4083398585621567,-1.5781919271681843,4.02529260254712,3.136469382534042,2.0307339627251992,4.544832033728216,TRACKING distance=4.545 heading_error=2.678 linear=0.000 angular=0.550 ,False
48.6,1,4.0108989633704475,-1.4083398585621567,-1.5781919271681843,4.024480604062793,3.137006191004868,2.062785199577275,4.545366340712094,TRACKING distance=4.545 heading_error=2.647 linear=0.000 angular=0.550 ,False
48.6,1,4.0108989633704475,-1.4083398585621567,-1.5781919271681843,4.024480604062793,3.137006191004868,2.062785199577275,4.545366340712094,TRACKING distance=4.545 heading_error=2.647 linear=0.000 angular=0.550 ,False
48.7,1,4.0108989633704475,-1.4083398585621567,-1.5781919271681843,4.025390832851692,3.1370343230744813,2.096071024864671,4.545397283557291,TRACKING distance=4.545 heading_error=2.613 linear=0.000 angular=0.550 ,False
48.7,1,4.0108989633704475,-1.4083398585621567,-1.5781919271681843,4.025390832851692,3.1370343230744813,2.096071024864671,4.545397283557291,TRACKING distance=4.545 heading_error=2.613 linear=0.000 angular=0.550 ,False
48.800000000000004,1,4.0108989633704475,-1.4083398585621567,-1.5781919271681843,4.0249446620628815,3.136347571204071,2.1316693512595863,4.544709134359087,TRACKING distance=4.545 heading_error=2.578 linear=0.000 angular=0.550 ,False
48.800000000000004,1,4.0108989633704475,-1.4083398585621567,-1.5781919271681843,4.0249446620628815,3.136347571204071,2.1316693512595863,4.544709134359087,TRACKING distance=4.545 heading_error=2.578 linear=0.000 angular=0.550 ,False
48.900000000000006,1,4.0108989633704475,-1.4083398585621567,-1.5781919271681843,4.025528784870471,3.1364468666599685,2.165468832926226,4.5448102721051375,TRACKING distance=4.545 heading_error=2.544 linear=0.000 angular=0.550 ,False
48.900000000000006,1,4.0108989633704475,-1.4083398585621567,-1.5781919271681843,4.025528784870471,3.1364468666599685,2.165468832926226,4.5448102721051375,TRACKING distance=4.545 heading_error=2.544 linear=0.000 angular=0.550 ,False
49.0,1,4.0108989633704475,-1.4083398585621567,-1.5781919271681843,4.025212471399483,3.1366381023444,2.1963397342181072,4.545000499630162,TRACKING distance=4.545 heading_error=2.513 linear=0.000 angular=0.550 ,False
49.0,1,4.0108989633704475,-1.4083398585621567,-1.5781919271681843,4.024935501099612,3.1365178671962313,2.199046458481184,4.544879401235761,TRACKING distance=4.545 heading_error=2.513 linear=0.000 angular=0.550 ,False
49.1,1,4.0108989633704475,-1.4083398585621567,-1.5781919271681843,4.025451494090977,3.135815637987029,2.2246731248285863,4.544178798525488,TRACKING distance=4.544 heading_error=2.485 linear=0.000 angular=0.550 ,False
49.1,1,4.0108989633704475,-1.4083398585621567,-1.5781919271681843,4.025451494090977,3.135815637987029,2.2246731248285863,4.544178798525488,TRACKING distance=4.544 heading_error=2.485 linear=0.000 angular=0.550 ,False
49.2,1,4.0108989633704475,-1.4083398585621567,-1.5781919271681843,4.025533251365774,3.1363907752534352,2.249985686009863,4.544754195369316,TRACKING distance=4.545 heading_error=2.459 linear=0.000 angular=0.550 ,False
49.2,1,4.0108989633704475,-1.4083398585621567,-1.5781919271681843,4.025533251365774,3.1363907752534352,2.249985686009863,4.544754195369316,TRACKING distance=4.545 heading_error=2.459 linear=0.000 angular=0.550 ,False
49.300000000000004,1,4.0108989633704475,-1.4083398585621567,-1.5781919271681843,4.025535471293538,3.136754874304736,2.27656066008158,4.54511829968138,TRACKING distance=4.545 heading_error=2.433 linear=0.000 angular=0.550 ,False
49.300000000000004,1,4.0108989633704475,-1.4083398585621567,-1.5781919271681843,4.025535471293538,3.136754874304736,2.27656066008158,4.54511829968138,TRACKING distance=4.545 heading_error=2.433 linear=0.000 angular=0.550 ,False
49.400000000000006,1,4.0108989633704475,-1.4083398585621567,-1.5781919271681843,4.025589068000988,3.1370403554014423,2.301723222396172,4.545403952198949,TRACKING distance=4.545 heading_error=2.407 linear=0.000 angular=0.550 ,False
49.400000000000006,1,4.0108989633704475,-1.4083398585621567,-1.5781919271681843,4.025589068000988,3.1370403554014423,2.301723222396172,4.545403952198949,TRACKING distance=4.545 heading_error=2.407 linear=0.000 angular=0.550 ,False
49.5,1,4.0108989633704475,-1.4083398585621567,-1.5781919271681843,4.025517996495313,3.1369071162740387,2.32911460844354,4.54527048462323,TRACKING distance=4.545 heading_error=2.380 linear=0.000 angular=0.550 ,False
49.5,1,4.0108989633704475,-1.4083398585621567,-1.5781919271681843,4.025517996495313,3.1369071162740387,2.32911460844354,4.54527048462323,TRACKING distance=4.545 heading_error=2.380 linear=0.000 angular=0.550 ,False
49.6,1,4.0108989633704475,-1.4083398585621567,-1.5781919271681843,4.025628893392553,3.1377870344579892,2.3563897556123425,4.546150756219976,TRACKING distance=4.546 heading_error=2.353 linear=0.000 angular=0.550 ,False
49.6,1,4.0108989633704475,-1.4083398585621567,-1.5781919271681843,4.025628893392553,3.1377870344579892,2.3563897556123425,4.546150756219976,TRACKING distance=4.546 heading_error=2.353 linear=0.000 angular=0.550 ,False
49.7,1,4.0108989633704475,-1.4083398585621567,-1.5781919271681843,4.025884853479862,3.1384198048398586,2.381706338796854,4.546784359703238,TRACKING distance=4.547 heading_error=2.327 linear=0.000 angular=0.550 ,False
49.7,1,4.0108989633704475,-1.4083398585621567,-1.5781919271681843,4.025884853479862,3.1384198048398586,2.381706338796854,4.546784359703238,TRACKING distance=4.547 heading_error=2.327 linear=0.000 angular=0.550 ,False
49.800000000000004,1,4.0108989633704475,-1.4083398585621567,-1.5781919271681843,4.026593437283242,3.1384852588940624,2.4098309711920542,4.546852204024468,TRACKING distance=4.547 heading_error=2.299 linear=0.000 angular=0.550 ,False
49.800000000000004,1,4.0108989633704475,-1.4083398585621567,-1.5781919271681843,4.026593437283242,3.1384852588940624,2.4098309711920542,4.546852204024468,TRACKING distance=4.547 heading_error=2.299 linear=0.000 angular=0.550 ,False
49.900000000000006,1,4.0108989633704475,-1.4083398585621567,-1.5781919271681843,4.026641417734191,3.1386622850963732,2.438181954474662,4.547029395034153,TRACKING distance=4.547 heading_error=2.271 linear=0.000 angular=0.550 ,False
49.900000000000006,1,4.0108989633704475,-1.4083398585621567,-1.5781919271681843,4.026641417734191,3.1386622850963732,2.438181954474662,4.547029395034153,TRACKING distance=4.547 heading_error=2.271 linear=0.000 angular=0.550 ,False
50.0,1,4.0108989633704475,-1.4083398585621567,-1.5781919271681843,4.027214271695952,3.138428419325378,2.4663123919275507,4.54679755015441,TRACKING distance=4.547 heading_error=2.242 linear=0.000 angular=0.550 ,False
50.0,1,4.0108989633704475,-1.4083398585621567,-1.5781919271681843,4.027214271695952,3.138428419325378,2.4663123919275507,4.54679755015441,TRACKING distance=4.547 heading_error=2.242 linear=0.000 angular=0.550 ,False
50.1,1,4.0108989633704475,-1.4083398585621567,-1.5781919271681843,4.027367341193825,3.1384917496530553,2.495318028857034,4.546861431903667,TRACKING distance=4.547 heading_error=2.213 linear=0.000 angular=0.550 ,False
50.1,1,4.0108989633704475,-1.4083398585621567,-1.5781919271681843,4.027367341193825,3.1384917496530553,2.495318028857034,4.546861431903667,TRACKING distance=4.547 heading_error=2.213 linear=0.000 angular=0.550 ,False
50.2,1,4.0108989633704475,-1.4083398585621567,-1.5781919271681843,4.027798047720412,3.1381138679871365,2.524635561364462,4.546485133232685,TRACKING distance=4.546 heading_error=2.184 linear=0.000 angular=0.550 ,False
50.2,1,4.0108989633704475,-1.4083398585621567,-1.5781919271681843,4.027798047720412,3.1381138679871365,2.524635561364462,4.546485133232685,TRACKING distance=4.546 heading_error=2.184 linear=0.000 angular=0.550 ,False
50.300000000000004,1,4.0108989633704475,-1.4083398585621567,-1.5781919271681843,4.027981321781211,3.13859354966955,2.5534674514536024,4.546965496445127,TRACKING distance=4.547 heading_error=2.155 linear=0.000 angular=0.550 ,False
50.300000000000004,1,4.0108989633704475,-1.4083398585621567,-1.5781919271681843,4.027981321781211,3.13859354966955,2.5534674514536024,4.546965496445127,TRACKING distance=4.547 heading_error=2.155 linear=0.000 angular=0.550 ,False
50.400000000000006,1,4.0108989633704475,-1.4083398585621567,-1.5781919271681843,4.028112586277032,3.138003084694576,2.580452765638508,4.546375530740269,TRACKING distance=4.546 heading_error=2.128 linear=0.000 angular=0.550 ,False
50.400000000000006,1,4.0108989633704475,-1.4083398585621567,-1.5781919271681843,4.028112586277032,3.138003084694576,2.580452765638508,4.546375530740269,TRACKING distance=4.546 heading_error=2.128 linear=0.000 angular=0.550 ,False
50.5,1,4.0108989633704475,-1.4083398585621567,-1.5781919271681843,4.028462484934685,3.1377152791280194,2.610542805576885,4.546089065582525,TRACKING distance=4.546 heading_error=2.098 linear=0.000 angular=0.550 ,False
50.5,1,4.0108989633704475,-1.4083398585621567,-1.5781919271681843,4.028462484934685,3.1377152791280194,2.610542805576885,4.546089065582525,TRACKING distance=4.546 heading_error=2.098 linear=0.000 angular=0.550 ,False
50.6,1,4.0108989633704475,-1.4083398585621567,-1.5781919271681843,4.0284470816910805,3.1371847106649993,2.6403494356223067,4.545558441589363,TRACKING distance=4.546 heading_error=2.068 linear=0.000 angular=0.550 ,False
50.6,1,4.0108989633704475,-1.4083398585621567,-1.5781919271681843,4.0284470816910805,3.1371847106649993,2.6403494356223067,4.545558441589363,TRACKING distance=4.546 heading_error=2.068 linear=0.000 angular=0.550 ,False
50.7,1,4.0108989633704475,-1.4083398585621567,-1.5781919271681843,4.029087801183603,3.1370146600867392,2.6683700849649594,4.545390911024367,TRACKING distance=4.545 heading_error=2.040 linear=0.000 angular=0.550 ,False
50.7,1,4.0108989633704475,-1.4083398585621567,-1.5781919271681843,4.029087801183603,3.1370146600867392,2.6683700849649594,4.545390911024367,TRACKING distance=4.545 heading_error=2.040 linear=0.000 angular=0.550 ,False
50.800000000000004,1,4.0108989633704475,-1.4083398585621567,-1.5781919271681843,4.028600568655582,3.137345905586001,2.696626031026956,4.545720230415516,TRACKING distance=4.546 heading_error=2.012 linear=0.000 angular=0.550 ,False
50.800000000000004,1,4.0108989633704475,-1.4083398585621567,-1.5781919271681843,4.028625226882433,3.137439701875611,2.6999253214339034,4.545814122081091,TRACKING distance=4.546 heading_error=2.012 linear=0.000 angular=0.550 ,False
50.900000000000006,1,4.0108989633704475,-1.4083398585621567,-1.5781919271681843,4.028322510513315,3.1369284574728957,2.724877922483155,4.545301711080042,TRACKING distance=4.545 heading_error=1.984 linear=0.000 angular=0.550 ,False
50.900000000000006,1,4.0108989633704475,-1.4083398585621567,-1.5781919271681843,4.028322510513315,3.1369284574728957,2.724877922483155,4.545301711080042,TRACKING distance=4.545 heading_error=1.984 linear=0.000 angular=0.550 ,False
51.0,1,4.0108989633704475,-1.4083398585621567,-1.5781919271681843,4.028445901690315,3.137489448322693,2.7537884588033426,4.545863172421448,TRACKING distance=4.546 heading_error=1.955 linear=0.000 angular=0.550 ,False
51.0,1,4.0108989633704475,-1.4083398585621567,-1.5781919271681843,4.0283089348375025,3.1374745916327873,2.756279989857062,4.545847789214642,TRACKING distance=4.546 heading_error=1.955 linear=0.000 angular=0.550 ,False
51.1,1,4.0108989633704475,-1.4083398585621567,-1.5781919271681843,4.028575863320947,3.1379463660783897,2.7774891279345204,4.5463205902298895,TRACKING distance=4.546 heading_error=1.931 linear=0.000 angular=0.550 ,False
51.1,1,4.0108989633704475,-1.4083398585621567,-1.5781919271681843,4.028575863320947,3.1379463660783897,2.7774891279345204,4.5463205902298895,TRACKING distance=4.546 heading_error=1.931 linear=0.000 angular=0.550 ,False
51.2,1,4.0108989633704475,-1.4083398585621567,-1.5781919271681843,4.0290936325695235,3.1381410801699055,2.802428988851805,4.546517345423993,TRACKING distance=4.547 heading_error=1.906 linear=0.000 angular=0.550 ,False
51.2,1,4.0108989633704475,-1.4083398585621567,-1.5781919271681843,4.0290936325695235,3.1381410801699055,2.802428988851805,4.546517345423993,TRACKING distance=4.547 heading_error=1.906 linear=0.000 angular=0.550 ,False
51.300000000000004,1,4.0108989633704475,-1.4083398585621567,-1.5781919271681843,4.029444183845053,3.1383457603953557,2.829256265767317,4.546723440329037,TRACKING distance=4.547 heading_error=1.879 linear=0.000 angular=0.550 ,False
51.300000000000004,1,4.0108989633704475,-1.4083398585621567,-1.5781919271681843,4.029444183845053,3.1383457603953557,2.829256265767317,4.546723440329037,TRACKING distance=4.547 heading_error=1.879 linear=0.000 angular=0.550 ,False
51.400000000000006,1,4.0108989633704475,-1.4083398585621567,-1.5781919271681843,4.029203231872557,3.138483762813801,2.8578339556606944,4.546860465216387,TRACKING distance=4.547 heading_error=1.851 linear=0.000 angular=0.550 ,False
51.400000000000006,1,4.0108989633704475,-1.4083398585621567,-1.5781919271681843,4.029203231872557,3.138483762813801,2.8578339556606944,4.546860465216387,TRACKING distance=4.547 heading_error=1.851 linear=0.000 angular=0.550 ,False
51.5,1,4.0108989633704475,-1.4083398585621567,-1.5781919271681843,4.029447116600606,3.1386082783933063,2.885124143349696,4.546985968105796,TRACKING distance=4.547 heading_error=1.823 linear=0.000 angular=0.550 ,False
51.5,1,4.0108989633704475,-1.4083398585621567,-1.5781919271681843,4.029447116600606,3.1386082783933063,2.885124143349696,4.546985968105796,TRACKING distance=4.547 heading_error=1.823 linear=0.000 angular=0.550 ,False
51.6,1,4.0108989633704475,-1.4083398585621567,-1.5781919271681843,4.029290131012132,3.13838925850696,2.910213456970621,4.546766312342358,TRACKING distance=4.547 heading_error=1.798 linear=0.000 angular=0.550 ,False
51.6,1,4.0108989633704475,-1.4083398585621567,-1.5781919271681843,4.029163557955334,3.1386199456100723,2.9124972134753473,4.546996487372,TRACKING distance=4.547 heading_error=1.798 linear=0.000 angular=0.550 ,False
51.7,1,4.0108989633704475,-1.4083398585621567,-1.5781919271681843,4.029538960677039,3.1380921402321627,2.935974197321562,4.546470209861767,TRACKING distance=4.546 heading_error=1.772 linear=0.000 angular=0.550 ,False
51.7,1,4.0108989633704475,-1.4083398585621567,-1.5781919271681843,4.029538960677039,3.1380921402321627,2.935974197321562,4.546470209861767,TRACKING distance=4.546 heading_error=1.772 linear=0.000 angular=0.550 ,False
51.800000000000004,1,4.0108989633704475,-1.4083398585621567,-1.5781919271681843,4.029588373061612,3.1385728665228116,2.960005524500352,4.546951134944626,TRACKING distance=4.547 heading_error=1.748 linear=0.000 angular=0.550 ,False
51.800000000000004,1,4.0108989633704475,-1.4083398585621567,-1.5781919271681843,4.029588373061612,3.1385728665228116,2.960005524500352,4.546951134944626,TRACKING distance=4.547 heading_error=1.748 linear=0.000 angular=0.550 ,False
51.900000000000006,1,4.0108989633704475,-1.4083398585621567,-1.5781919271681843,4.0297810610818665,3.139350167867357,2.9774984783917566,4.547729225679609,TRACKING distance=4.548 heading_error=1.731 linear=0.000 angular=0.550 ,False
51.900000000000006,1,4.0108989633704475,-1.4083398585621567,-1.5781919271681843,4.0297810610818665,3.139350167867357,2.9774984783917566,4.547729225679609,TRACKING distance=4.548 heading_error=1.731 linear=0.000 angular=0.550 ,False
52.0,1,4.0108989633704475,-1.4083398585621567,-1.5781919271681843,4.029773591128731,3.1390768054222953,2.9995421892253886,4.547455834580089,TRACKING distance=4.547 heading_error=1.709 linear=0.000 angular=0.550 ,False
52.0,1,4.0108989633704475,-1.4083398585621567,-1.5781919271681843,4.029773591128731,3.1390768054222953,2.9995421892253886,4.547455834580089,TRACKING distance=4.547 heading_error=1.709 linear=0.000 angular=0.550 ,False
52.1,1,4.0108989633704475,-1.4083398585621567,-1.5781919271681843,4.029668784428638,3.1394238844179685,3.0204731250115815,4.547802476817474,TRACKING distance=4.548 heading_error=1.688 linear=0.000 angular=0.550 ,False
52.1,1,4.0108989633704475,-1.4083398585621567,-1.5781919271681843,4.029668784428638,3.1394238844179685,3.0204731250115815,4.547802476817474,TRACKING distance=4.548 heading_error=1.688 linear=0.000 angular=0.550 ,False
52.2,1,4.0108989633704475,-1.4083398585621567,-1.5781919271681843,4.029782446172606,3.1391723778485634,3.0425954094493295,4.547551442944649,TRACKING distance=4.548 heading_error=1.666 linear=0.000 angular=0.550 ,False
52.2,1,4.0108989633704475,-1.4083398585621567,-1.5781919271681843,4.029782446172606,3.1391723778485634,3.0425954094493295,4.547551442944649,TRACKING distance=4.548 heading_error=1.666 linear=0.000 angular=0.550 ,False
52.300000000000004,1,4.0108989633704475,-1.4083398585621567,-1.5781919271681843,4.029903287941021,3.1384276996230556,3.068063600109779,4.546807274617861,TRACKING distance=4.547 heading_error=1.640 linear=0.000 angular=0.550 ,False
52.300000000000004,1,4.0108989633704475,-1.4083398585621567,-1.5781919271681843,4.029903287941021,3.1384276996230556,3.068063600109779,4.546807274617861,TRACKING distance=4.547 heading_error=1.640 linear=0.000 angular=0.550 ,False
52.400000000000006,1,4.0108989633704475,-1.4083398585621567,-1.5781919271681843,4.030108236462464,3.1385074586997175,3.0989735235427647,4.546887894226581,TRACKING distance=4.547 heading_error=1.609 linear=0.000 angular=0.550 ,False
52.400000000000006,1,4.0108989633704475,-1.4083398585621567,-1.5781919271681843,4.030108236462464,3.1385074586997175,3.0989735235427647,4.546887894226581,TRACKING distance=4.547 heading_error=1.609 linear=0.000 angular=0.550 ,False
52.5,1,4.0108989633704475,-1.4083398585621567,-1.5781919271681843,4.03035904171771,3.1388109220102915,3.136666799762423,4.547192421254009,TRACKING distance=4.547 heading_error=1.571 linear=0.000 angular=0.550 ,False
52.5,1,4.0108989633704475,-1.4083398585621567,-1.5781919271681843,4.03035904171771,3.1388109220102915,3.136666799762423,4.547192421254009,TRACKING distance=4.547 heading_error=1.571 linear=0.000 angular=0.550 ,False
52.6,1,4.0108989633704475,-1.4083398585621567,-1.5781919271681843,4.030152925031247,3.139861094273406,-3.1105650402751954,4.54824170668336,TRACKING distance=4.548 heading_error=1.536 linear=0.000 angular=0.550 ,False
52.6,1,4.0108989633704475,-1.4083398585621567,-1.5781919271681843,4.030152925031247,3.139861094273406,-3.1105650402751954,4.54824170668336,TRACKING distance=4.548 heading_error=1.536 linear=0.000 angular=0.550 ,False
52.7,1,4.0108989633704475,-1.4083398585621567,-1.5781919271681843,4.030399702665682,3.13909710712108,-3.0764345535238884,4.547478777926888,TRACKING distance=4.547 heading_error=1.501 linear=0.000 angular=0.550 ,False
52.7,1,4.0108989633704475,-1.4083398585621567,-1.5781919271681843,4.030399702665682,3.13909710712108,-3.0764345535238884,4.547478777926888,TRACKING distance=4.547 heading_error=1.501 linear=0.000 angular=0.550 ,False
52.800000000000004,1,4.0108989633704475,-1.4083398585621567,-1.5781919271681843,4.03086376537139,3.1388823925398723,-3.0401852344047104,4.54726607911131,TRACKING distance=4.547 heading_error=1.465 linear=0.000 angular=0.550 ,False
52.800000000000004,1,4.0108989633704475,-1.4083398585621567,-1.5781919271681843,4.03086376537139,3.1388823925398723,-3.0401852344047104,4.54726607911131,TRACKING distance=4.547 heading_error=1.465 linear=0.000 angular=0.550 ,False
52.900000000000006,1,4.0108989633704475,-1.4083398585621567,-1.5781919271681843,4.031168351543485,3.1397423807228555,-3.0051422750600723,4.548127406240582,TRACKING distance=4.548 heading_error=1.430 linear=0.000 angular=0.550 ,False
52.900000000000006,1,4.0108989633704475,-1.4083398585621567,-1.5781919271681843,4.031168351543485,3.1397423807228555,-3.0051422750600723,4.548127406240582,TRACKING distance=4.548 heading_error=1.430 linear=0.000 angular=0.550 ,False
53.0,1,4.0108989633704475,-1.4083398585621567,-1.5781919271681843,4.031835689278464,3.1384895874429097,-2.9702884933769065,4.546877649283131,TRACKING distance=4.547 heading_error=1.395 linear=0.000 angular=0.550 ,False
53.0,1,4.0108989633704475,-1.4083398585621567,-1.5781919271681843,4.031835689278464,3.1384895874429097,-2.9702884933769065,4.546877649283131,TRACKING distance=4.547 heading_error=1.395 linear=0.000 angular=0.550 ,False
53.1,1,4.0108989633704475,-1.4083398585621567,-1.5781919271681843,4.0324160801999795,3.1382912477634344,-2.937151149666021,4.546682021356247,TRACKING distance=4.547 heading_error=1.362 linear=0.000 angular=0.550 ,False
53.1,1,4.0108989633704475,-1.4083398585621567,-1.5781919271681843,4.0324160801999795,3.1382912477634344,-2.937151149666021,4.546682021356247,TRACKING distance=4.547 heading_error=1.362 linear=0.000 angular=0.550 ,False
53.2,1,4.0108989633704475,-1.4083398585621567,-1.5781919271681843,4.032277795690448,3.137660976941559,-2.908295456348281,4.546051105175991,TRACKING distance=4.546 heading_error=1.333 linear=0.000 angular=0.550 ,False
53.2,1,4.0108989633704475,-1.4083398585621567,-1.5781919271681843,4.032277795690448,3.137660976941559,-2.908295456348281,4.546051105175991,TRACKING distance=4.546 heading_error=1.333 linear=0.000 angular=0.550 ,False
53.300000000000004,1,4.0108989633704475,-1.4083398585621567,-1.5781919271681843,4.032272541283805,3.137808702991103,-2.8759542172094803,4.546198804885856,TRACKING distance=4.546 heading_error=1.300 linear=0.000 angular=0.550 ,False
53.300000000000004,1,4.0108989633704475,-1.4083398585621567,-1.5781919271681843,4.032272541283805,3.137808702991103,-2.8759542172094803,4.546198804885856,TRACKING distance=4.546 heading_error=1.300 linear=0.000 angular=0.550 ,False
53.400000000000006,1,4.0108989633704475,-1.4083398585621567,-1.5781919271681843,4.032731850211391,3.137628253869939,-2.8423758200149742,4.546020540450432,TRACKING distance=4.546 heading_error=1.267 linear=0.000 angular=0.550 ,False
53.400000000000006,1,4.0108989633704475,-1.4083398585621567,-1.5781919271681843,4.032731850211391,3.137628253869939,-2.8423758200149742,4.546020540450432,TRACKING distance=4.546 heading_error=1.267 linear=0.000 angular=0.550 ,False
53.5,1,4.0108989633704475,-1.4083398585621567,-1.5781919271681843,4.032603569089111,3.136493270479969,-2.808935329826551,4.544884955722008,TRACKING distance=4.545 heading_error=1.233 linear=0.000 angular=0.550 ,False
53.5,1,4.0108989633704475,-1.4083398585621567,-1.5781919271681843,4.032603569089111,3.136493270479969,-2.808935329826551,4.544884955722008,TRACKING distance=4.545 heading_error=1.233 linear=0.000 angular=0.550 ,False
53.6,1,4.0108989633704475,-1.4083398585621567,-1.5781919271681843,4.0335073487268005,3.1364831237451587,-2.780158836229368,4.544879215072408,TRACKING distance=4.545 heading_error=1.204 linear=0.000 angular=0.550 ,False
53.6,1,4.0108989633704475,-1.4083398585621567,-1.5781919271681843,4.0335073487268005,3.1364831237451587,-2.780158836229368,4.544879215072408,TRACKING distance=4.545 heading_error=1.204 linear=0.000 angular=0.550 ,False
53.7,1,4.0108989633704475,-1.4083398585621567,-1.5781919271681843,4.033379752825739,3.1368950207470006,-2.756112888502255,4.5452904741042754,TRACKING distance=4.545 heading_error=1.180 linear=0.000 angular=0.550 ,False
53.7,1,4.0108989633704475,-1.4083398585621567,-1.5781919271681843,4.033379752825739,3.1368950207470006,-2.756112888502255,4.5452904741042754,TRACKING distance=4.545 heading_error=1.180 linear=0.000 angular=0.550 ,False
53.800000000000004,1,4.0108989633704475,-1.4083398585621567,-1.5781919271681843,4.0336849674247635,3.1366880027250557,-2.7301281935851205,4.545084978507858,TRACKING distance=4.545 heading_error=1.154 linear=0.000 angular=0.550 ,False
53.800000000000004,1,4.0108989633704475,-1.4083398585621567,-1.5781919271681843,4.0336849674247635,3.1366880027250557,-2.7301281935851205,4.545084978507858,TRACKING distance=4.545 heading_error=1.154 linear=0.000 angular=0.550 ,False
53.900000000000006,1,4.0108989633704475,-1.4083398585621567,-1.5781919271681843,4.0340504682882345,3.136151190634674,-2.704830421930795,4.544550020454178,TRACKING distance=4.545 heading_error=1.129 linear=0.000 angular=0.550 ,False
53.900000000000006,1,4.0108989633704475,-1.4083398585621567,-1.5781919271681843,4.0340504682882345,3.136151190634674,-2.704830421930795,4.544550020454178,TRACKING distance=4.545 heading_error=1.129 linear=0.000 angular=0.550 ,False
54.0,1,4.0108989633704475,-1.4083398585621567,-1.5781919271681843,4.034125231960293,3.1365419927060993,-2.6781067049225307,4.544941198908978,TRACKING distance=4.545 heading_error=1.102 linear=0.000 angular=0.550 ,False
54.0,1,4.0108989633704475,-1.4083398585621567,-1.5781919271681843,4.034125231960293,3.1365419927060993,-2.6781067049225307,4.544941198908978,TRACKING distance=4.545 heading_error=1.102 linear=0.000 angular=0.550 ,False
54.1,1,4.0108989633704475,-1.4083398585621567,-1.5781919271681843,4.03460575475125,3.1367592498916212,-2.6563033221207566,4.545160934183178,TRACKING distance=4.545 heading_error=1.080 linear=0.000 angular=0.550 ,False
54.1,1,4.0108989633704475,-1.4083398585621567,-1.5781919271681843,4.03460575475125,3.1367592498916212,-2.6563033221207566,4.545160934183178,TRACKING distance=4.545 heading_error=1.080 linear=0.000 angular=0.550 ,False
54.2,1,4.0108989633704475,-1.4083398585621567,-1.5781919271681843,4.0349633040196675,3.1362401266732074,-2.6316289906239976,4.5446436972212405,TRACKING distance=4.545 heading_error=1.056 linear=0.000 angular=0.550 ,False
54.2,1,4.0108989633704475,-1.4083398585621567,-1.5781919271681843,4.0349633040196675,3.1362401266732074,-2.6316289906239976,4.5446436972212405,TRACKING distance=4.545 heading_error=1.056 linear=0.000 angular=0.550 ,False
54.300000000000004,1,4.0108989633704475,-1.4083398585621567,-1.5781919271681843,4.035342962350841,3.1361198240342234,-2.608748884317285,4.54452542250895,TRACKING distance=4.545 heading_error=1.033 linear=0.000 angular=0.550 ,False
54.300000000000004,1,4.0108989633704475,-1.4083398585621567,-1.5781919271681843,4.035342962350841,3.1361198240342234,-2.608748884317285,4.54452542250895,TRACKING distance=4.545 heading_error=1.033 linear=0.000 angular=0.550 ,False
54.400000000000006,1,4.0108989633704475,-1.4083398585621567,-1.5781919271681843,4.034957606036509,3.135916028613841,-2.5846242905223766,4.544319573535806,TRACKING distance=4.544 heading_error=1.009 linear=0.000 angular=0.550 ,False
54.400000000000006,1,4.104093930305702,-1.431685418679323,-1.5556612398247953,4.034957606036509,3.135916028613841,-2.5846242905223766,4.568124649421036,OBJECT_GOAL_PUBLISHED,
54.400000000000006,1,4.0108989633704475,-1.4083398585621567,-1.5781919271681843,4.034957606036509,3.135916028613841,-2.5846242905223766,4.544319573535806,TRACKING distance=4.544 heading_error=1.009 linear=0.000 angular=0.550 ,False
54.5,1,4.0108989633704475,-1.4083398585621567,-1.5781919271681843,4.03587172121568,3.136348382772793,-2.558391050258136,4.544756852633873,TRACKING distance=4.545 heading_error=0.982 linear=0.000 angular=0.550 ,False
54.5,1,4.0108989633704475,-1.4083398585621567,-1.5781919271681843,4.03587172121568,3.136348382772793,-2.558391050258136,4.544756852633873,TRACKING distance=4.545 heading_error=0.982 linear=0.000 angular=0.550 ,False
54.6,1,4.0108989633704475,-1.4083398585621567,-1.5781919271681843,4.035556397577521,3.1354830078814295,-2.5365351624261834,4.543889768763903,TRACKING distance=4.544 heading_error=0.960 linear=0.000 angular=0.550 ,False
54.6,1,4.0108989633704475,-1.4083398585621567,-1.5781919271681843,4.035556397577521,3.1354830078814295,-2.5365351624261834,4.543889768763903,TRACKING distance=4.544 heading_error=0.960 linear=0.000 angular=0.550 ,False
54.7,1,4.0108989633704475,-1.4083398585621567,-1.5781919271681843,4.036180974560788,3.135773974576856,-2.5111070370638764,4.544184163149109,TRACKING distance=4.544 heading_error=0.935 linear=0.000 angular=0.550 ,False
54.7,1,4.0108989633704475,-1.4083398585621567,-1.5781919271681843,4.036180974560788,3.135773974576856,-2.5111070370638764,4.544184163149109,TRACKING distance=4.544 heading_error=0.935 linear=0.000 angular=0.550 ,False
54.800000000000004,1,4.0108989633704475,-1.4083398585621567,-1.5781919271681843,4.036109323664754,3.1359306414183488,-2.4822014166020576,4.5443404295078125,TRACKING distance=4.544 heading_error=0.906 linear=0.000 angular=0.550 ,False
54.800000000000004,1,4.0108989633704475,-1.4083398585621567,-1.5781919271681843,4.036109323664754,3.1359306414183488,-2.4822014166020576,4.5443404295078125,TRACKING distance=4.544 heading_error=0.906 linear=0.000 angular=0.550 ,False
54.900000000000006,1,4.0108989633704475,-1.4083398585621567,-1.5781919271681843,4.03646015082871,3.1365450592398694,-2.456482608329624,4.544956797414978,TRACKING distance=4.545 heading_error=0.880 linear=0.000 angular=0.550 ,False
54.900000000000006,1,4.0108989633704475,-1.4083398585621567,-1.5781919271681843,4.036441589987302,3.1366562945533194,-2.4532831951994325,4.545067926622106,TRACKING distance=4.545 heading_error=0.880 linear=0.000 angular=0.550 ,False
55.0,1,4.0108989633704475,-1.4083398585621567,-1.5781919271681843,4.036604500269718,3.1357374368912834,-2.428633344865109,4.544150002110706,TRACKING distance=4.544 heading_error=0.852 linear=0.000 angular=0.550 ,False
55.0,1,4.0108989633704475,-1.4083398585621567,-1.5781919271681843,4.036604500269718,3.1357374368912834,-2.428633344865109,4.544150002110706,TRACKING distance=4.544 heading_error=0.852 linear=0.000 angular=0.550 ,False
55.1,1,4.0108989633704475,-1.4083398585621567,-1.5781919271681843,4.036941894072553,3.1361690642556685,-2.402945954375387,4.54458354349553,TRACKING distance=4.545 heading_error=0.826 linear=0.000 angular=0.550 ,False
55.1,1,4.0108989633704475,-1.4083398585621567,-1.5781919271681843,4.036941894072553,3.1361690642556685,-2.402945954375387,4.54458354349553,TRACKING distance=4.545 heading_error=0.826 linear=0.000 angular=0.550 ,False
55.2,1,4.0108989633704475,-1.4083398585621567,-1.5781919271681843,4.03693756429623,3.136547774993845,-2.376191886189057,4.544962223208071,TRACKING distance=4.545 heading_error=0.800 linear=0.000 angular=0.550 ,False
55.2,1,4.0108989633704475,-1.4083398585621567,-1.5781919271681843,4.03693756429623,3.136547774993845,-2.376191886189057,4.544962223208071,TRACKING distance=4.545 heading_error=0.800 linear=0.000 angular=0.550 ,False
55.300000000000004,1,4.0108989633704475,-1.4083398585621567,-1.5781919271681843,4.0371283218034755,3.137047530033761,-2.3495121356202957,4.545463066800854,TRACKING distance=4.545 heading_error=0.773 linear=0.000 angular=0.550 ,False
55.300000000000004,1,4.0108989633704475,-1.4083398585621567,-1.5781919271681843,4.0371283218034755,3.137047530033761,-2.3495121356202957,4.545463066800854,TRACKING distance=4.545 heading_error=0.773 linear=0.000 angular=0.550 ,False
55.400000000000006,1,4.0108989633704475,-1.4083398585621567,-1.5781919271681843,4.037770001730982,3.1371378676264636,-2.3229596286836554,4.545557150886945,TRACKING distance=4.546 heading_error=0.746 linear=0.000 angular=0.550 ,False
55.400000000000006,1,4.0108989633704475,-1.4083398585621567,-1.5781919271681843,4.037770001730982,3.1371378676264636,-2.3229596286836554,4.545557150886945,TRACKING distance=4.546 heading_error=0.746 linear=0.000 angular=0.550 ,False
55.5,1,4.0108989633704475,-1.4083398585621567,-1.5781919271681843,4.037971039605659,3.137787571088011,-2.2955113207656015,4.546208035707267,TRACKING distance=4.546 heading_error=0.719 linear=0.000 angular=0.550 ,False
55.5,1,4.0108989633704475,-1.4083398585621567,-1.5781919271681843,4.037971039605659,3.137787571088011,-2.2955113207656015,4.546208035707267,TRACKING distance=4.546 heading_error=0.719 linear=0.000 angular=0.550 ,False
55.6,1,4.0108989633704475,-1.4083398585621567,-1.5781919271681843,4.038488077946005,3.1380997916646645,-2.266471975245767,4.546523358831189,TRACKING distance=4.547 heading_error=0.690 linear=0.035 angular=0.550 ,False
55.6,1,4.0108989633704475,-1.4083398585621567,-1.5781919271681843,4.038488077946005,3.1380997916646645,-2.266471975245767,4.546523358831189,TRACKING distance=4.547 heading_error=0.690 linear=0.053 angular=0.550 ,False
55.7,1,4.0108989633704475,-1.4083398585621567,-1.5781919271681843,4.038917578668039,3.137830707223623,-2.2369039040651675,4.5462569060734115,TRACKING distance=4.546 heading_error=0.660 linear=0.088 angular=0.550 ,False
55.7,1,4.0108989633704475,-1.4083398585621567,-1.5781919271681843,4.038917578668039,3.137830707223623,-2.2369039040651675,4.5462569060734115,TRACKING distance=4.546 heading_error=0.660 linear=0.105 angular=0.550 ,False
55.800000000000004,1,4.0108989633704475,-1.4083398585621567,-1.5781919271681843,4.0367310325590555,3.1350369569110104,-2.2055280614071493,4.54345025098522,TRACKING distance=4.543 heading_error=0.629 linear=0.140 angular=0.550 ,False
55.800000000000004,1,4.0108989633704475,-1.4083398585621567,-1.5781919271681843,4.0367310325590555,3.1350369569110104,-2.2055280614071493,4.54345025098522,TRACKING distance=4.543 heading_error=0.629 linear=0.158 angular=0.550 ,False
55.900000000000006,1,4.0108989633704475,-1.4083398585621567,-1.5781919271681843,4.032534785862276,3.1286286893577433,-2.170094270082991,4.537020135907411,TRACKING distance=4.537 heading_error=0.595 linear=0.193 angular=0.550 ,False
55.900000000000006,1,4.0108989633704475,-1.4083398585621567,-1.5781919271681843,4.032534785862276,3.1286286893577433,-2.170094270082991,4.537020135907411,TRACKING distance=4.537 heading_error=0.595 linear=0.210 angular=0.550 ,False
56.0,1,4.0108989633704475,-1.4083398585621567,-1.5781919271681843,4.025242774432667,3.117229045501493,-2.133680966409973,4.525591635393504,TRACKING distance=4.526 heading_error=0.560 linear=0.245 angular=0.550 ,False
56.0,1,4.0108989633704475,-1.4083398585621567,-1.5781919271681843,4.025242774432667,3.117229045501493,-2.133680966409973,4.525591635393504,TRACKING distance=4.526 heading_error=0.560 linear=0.262 angular=0.550 ,False
56.0,1,4.0108989633704475,-1.4083398585621567,-1.5781919271681843,4.014801648769958,3.0979832818524247,-2.1022190884640337,4.506324830367787,TRACKING distance=4.506 heading_error=0.531 linear=0.298 angular=0.550 ,False
56.0,1,4.0108989633704475,-1.4083398585621567,-1.5781919271681843,4.014801648769958,3.0979832818524247,-2.1022190884640337,4.506324830367787,TRACKING distance=4.506 heading_error=0.531 linear=0.315 angular=0.550 ,False
56.2,1,4.0108989633704475,-1.4083398585621567,-1.5781919271681843,4.000247286251718,3.072223947478933,-2.073164026893748,4.480576467178175,TRACKING distance=4.481 heading_error=0.505 linear=0.350 angular=0.550 ,False
56.2,1,4.0108989633704475,-1.4083398585621567,-1.5781919271681843,4.000247286251718,3.072223947478933,-2.073164026893748,4.480576467178175,TRACKING distance=4.481 heading_error=0.505 linear=0.350 angular=0.550 ,False
56.300000000000004,1,4.0108989633704475,-1.4083398585621567,-1.5781919271681843,3.9834706800551305,3.039391646909018,-2.0429938172683997,4.447816077074963,TRACKING distance=4.448 heading_error=0.478 linear=0.350 angular=0.550 ,False
56.300000000000004,1,4.0108989633704475,-1.4083398585621567,-1.5781919271681843,3.9834706800551305,3.039391646909018,-2.0429938172683997,4.447816077074963,TRACKING distance=4.448 heading_error=0.478 linear=0.350 angular=0.550 ,False
56.400000000000006,1,4.0108989633704475,-1.4083398585621567,-1.5781919271681843,3.966581076498901,3.005347353842201,-2.017380801306937,4.4139097050164615,TRACKING distance=4.414 heading_error=0.457 linear=0.350 angular=0.548 ,False
56.400000000000006,1,4.0108989633704475,-1.4083398585621567,-1.5781919271681843,3.966581076498901,3.005347353842201,-2.017380801306937,4.4139097050164615,TRACKING distance=4.414 heading_error=0.457 linear=0.350 angular=0.548 ,False
56.5,1,4.0108989633704475,-1.4083398585621567,-1.5781919271681843,3.950535363659146,2.9704203241059233,-1.9893504666370982,4.379176235491043,TRACKING distance=4.379 heading_error=0.432 linear=0.350 angular=0.519 ,False
56.5,1,4.0108989633704475,-1.4083398585621567,-1.5781919271681843,3.950535363659146,2.9704203241059233,-1.9893504666370982,4.379176235491043,TRACKING distance=4.379 heading_error=0.432 linear=0.350 angular=0.519 ,False
56.6,1,4.0108989633704475,-1.4083398585621567,-1.5781919271681843,3.9361153104090794,2.934914294898279,-1.958677337041501,4.343897931156023,TRACKING distance=4.344 heading_error=0.405 linear=0.350 angular=0.486 ,False
56.6,1,4.0108989633704475,-1.4083398585621567,-1.5781919271681843,3.9361153104090794,2.934914294898279,-1.958677337041501,4.343897931156023,TRACKING distance=4.344 heading_error=0.405 linear=0.350 angular=0.486 ,False
56.7,1,4.0108989633704475,-1.4083398585621567,-1.5781919271681843,3.9227352376178017,2.899290364200719,-1.9301347276532816,4.308532346240276,TRACKING distance=4.309 heading_error=0.380 linear=0.350 angular=0.456 ,False
56.7,1,4.0108989633704475,-1.4083398585621567,-1.5781919271681843,3.9227352376178017,2.899290364200719,-1.9301347276532816,4.308532346240276,TRACKING distance=4.309 heading_error=0.380 linear=0.350 angular=0.456 ,False
56.800000000000004,1,4.0108989633704475,-1.4083398585621567,-1.5781919271681843,3.910159857016118,2.8634703370671497,-1.8999810261008672,4.2729978604056855,TRACKING distance=4.273 heading_error=0.353 linear=0.350 angular=0.423 ,False
56.800000000000004,1,4.0108989633704475,-1.4083398585621567,-1.5781919271681843,3.910159857016118,2.8634703370671497,-1.8999810261008672,4.2729978604056855,TRACKING distance=4.273 heading_error=0.353 linear=0.350 angular=0.423 ,False
56.900000000000006,1,4.0108989633704475,-1.4083398585621567,-1.5781919271681843,3.8987308662058306,2.8269306000242658,-1.8736405823529048,4.23675554397423,TRACKING distance=4.237 heading_error=0.329 linear=0.350 angular=0.395 ,False
56.900000000000006,1,4.0108989633704475,-1.4083398585621567,-1.5781919271681843,3.8987308662058306,2.8269306000242658,-1.8736405823529048,4.23675554397423,TRACKING distance=4.237 heading_error=0.329 linear=0.350 angular=0.395 ,False
57.0,1,4.0108989633704475,-1.4083398585621567,-1.5781919271681843,3.8882768424426226,2.790447367493782,-1.8457464488545952,4.200577383435682,TRACKING distance=4.201 heading_error=0.304 linear=0.350 angular=0.365 ,False
57.0,1,4.0108989633704475,-1.4083398585621567,-1.5781919271681843,3.8882768424426226,2.790447367493782,-1.8457464488545952,4.200577383435682,TRACKING distance=4.201 heading_error=0.304 linear=0.350 angular=0.365 ,False
57.1,1,4.0108989633704475,-1.4083398585621567,-1.5781919271681843,3.8787306861168926,2.7534815481799146,-1.8151247726670323,4.163919532739403,TRACKING distance=4.164 heading_error=0.276 linear=0.350 angular=0.331 ,False
57.1,1,4.0108989633704475,-1.4083398585621567,-1.5781919271681843,3.8787306861168926,2.7534815481799146,-1.8151247726670323,4.163919532739403,TRACKING distance=4.164 heading_error=0.276 linear=0.350 angular=0.331 ,False
57.2,1,4.0108989633704475,-1.4083398585621567,-1.5781919271681843,3.8704892950662173,2.7162982474381296,-1.78813115693198,4.127027305509734,TRACKING distance=4.127 heading_error=0.251 linear=0.350 angular=0.302 ,False
57.2,1,4.0108989633704475,-1.4083398585621567,-1.5781919271681843,3.8704892950662173,2.7162982474381296,-1.78813115693198,4.127027305509734,TRACKING distance=4.127 heading_error=0.251 linear=0.350 angular=0.302 ,False
57.300000000000004,1,4.0108989633704475,-1.4083398585621567,-1.5781919271681843,3.862625381555078,2.679165503943582,-1.7600588910417398,4.090193778242974,TRACKING distance=4.090 heading_error=0.226 linear=0.350 angular=0.271 ,False
57.300000000000004,1,4.0108989633704475,-1.4083398585621567,-1.5781919271681843,3.862625381555078,2.679165503943582,-1.7600588910417398,4.090193778242974,TRACKING distance=4.090 heading_error=0.226 linear=0.350 angular=0.271 ,False
57.400000000000006,1,4.0108989633704475,-1.4083398585621567,-1.5781919271681843,3.8565414412766685,2.6416325670032883,-1.730648792054594,4.052912889819788,TRACKING distance=4.053 heading_error=0.198 linear=0.350 angular=0.238 ,False
57.400000000000006,1,4.0108989633704475,-1.4083398585621567,-1.5781919271681843,3.8565414412766685,2.6416325670032883,-1.730648792054594,4.052912889819788,TRACKING distance=4.053 heading_error=0.198 linear=0.350 angular=0.238 ,False
57.50000000000001,1,4.0108989633704475,-1.4083398585621567,-1.5781919271681843,3.8515402428969137,2.6037306933390796,-1.7056792418481501,4.015234154470204,TRACKING distance=4.015 heading_error=0.175 linear=0.350 angular=0.209 ,False
57.50000000000001,1,4.0108989633704475,-1.4083398585621567,-1.5781919271681843,3.8515402428969137,2.6037306933390796,-1.7056792418481501,4.015234154470204,TRACKING distance=4.015 heading_error=0.175 linear=0.350 angular=0.209 ,False
57.6,1,4.0108989633704475,-1.4083398585621567,-1.5781919271681843,3.84740839952944,2.5656858990025744,-1.6844960821807333,3.9773873191145195,TRACKING distance=3.977 heading_error=0.155 linear=0.350 angular=0.186 ,False
57.6,1,4.0108989633704475,-1.4083398585621567,-1.5781919271681843,3.84740839952944,2.5656858990025744,-1.6844960821807333,3.9773873191145195,TRACKING distance=3.977 heading_error=0.155 linear=0.350 angular=0.186 ,False
57.7,1,4.0108989633704475,-1.4083398585621567,-1.5781919271681843,3.844075587954691,2.527625521816392,-1.6671701015463956,3.9394991450847607,TRACKING distance=3.939 heading_error=0.139 linear=0.350 angular=0.166 ,False
57.7,1,4.0108989633704475,-1.4083398585621567,-1.5781919271681843,3.844075587954691,2.527625521816392,-1.6671701015463956,3.9394991450847607,TRACKING distance=3.939 heading_error=0.139 linear=0.350 angular=0.166 ,False
57.800000000000004,1,4.0108989633704475,-1.4083398585621567,-1.5781919271681843,3.840950234201799,2.4895821709517647,-1.6520670867488718,3.901625138159222,TRACKING distance=3.902 heading_error=0.125 linear=0.350 angular=0.150 ,False
57.800000000000004,1,4.0108989633704475,-1.4083398585621567,-1.5781919271681843,3.840950234201799,2.4895821709517647,-1.6520670867488718,3.901625138159222,TRACKING distance=3.902 heading_error=0.125 linear=0.350 angular=0.150 ,False
57.900000000000006,1,4.0108989633704475,-1.4083398585621567,-1.5781919271681843,3.8385051960855483,2.451398259432697,-1.6384451323417601,3.863586151556755,TRACKING distance=3.864 heading_error=0.112 linear=0.350 angular=0.135 ,False
57.900000000000006,1,4.0108989633704475,-1.4083398585621567,-1.5781919271681843,3.8385051960855483,2.451398259432697,-1.6384451323417601,3.863586151556755,TRACKING distance=3.864 heading_error=0.112 linear=0.350 angular=0.135 ,False
58.00000000000001,1,4.0108989633704475,-1.4083398585621567,-1.5781919271681843,3.8365634093189818,2.4130225836733343,-1.6269386474946406,3.825337083229977,TRACKING distance=3.825 heading_error=0.102 linear=0.350 angular=0.122 ,False
58.00000000000001,1,4.0108989633704475,-1.4083398585621567,-1.5781919271681843,3.8365634093189818,2.4130225836733343,-1.6269386474946406,3.825337083229977,TRACKING distance=3.825 heading_error=0.102 linear=0.350 angular=0.122 ,False
58.1,1,4.0108989633704475,-1.4083398585621567,-1.5781919271681843,3.8350018572975104,2.3748494873370447,-1.6163278929958256,3.7872762533052775,TRACKING distance=3.787 heading_error=0.092 linear=0.350 angular=0.110 ,False
58.1,1,4.0108989633704475,-1.4083398585621567,-1.5781919271681843,3.8350018572975104,2.3748494873370447,-1.6163278929958256,3.7872762533052775,TRACKING distance=3.787 heading_error=0.092 linear=0.350 angular=0.110 ,False
58.2,1,4.0108989633704475,-1.4083398585621567,-1.5781919271681843,3.8338386939395486,2.3365221768727165,-1.6077251540824775,3.7490454789789314,TRACKING distance=3.749 heading_error=0.084 linear=0.350 angular=0.101 ,False
58.2,1,4.0108989633704475,-1.4083398585621567,-1.5781919271681843,3.8338386939395486,2.3365221768727165,-1.6077251540824775,3.7490454789789314,TRACKING distance=3.749 heading_error=0.084 linear=0.350 angular=0.101 ,False
58.300000000000004,1,4.0108989633704475,-1.4083398585621567,-1.5781919271681843,3.8326952774064056,2.2983178813891123,-1.5993335710366967,3.710938985598095,TRACKING distance=3.711 heading_error=0.077 linear=0.350 angular=0.092 ,False
58.300000000000004,1,4.0108989633704475,-1.4083398585621567,-1.5781919271681843,3.8326952774064056,2.2983178813891123,-1.5993335710366967,3.710938985598095,TRACKING distance=3.711 heading_error=0.077 linear=0.350 angular=0.092 ,False
58.400000000000006,1,4.0108989633704475,-1.4083398585621567,-1.5781919271681843,3.832048863678399,2.2596937952219207,-1.593480769876303,3.6723913521644755,TRACKING distance=3.672 heading_error=0.071 linear=0.350 angular=0.086 ,False
58.400000000000006,1,4.0108989633704475,-1.4083398585621567,-1.5781919271681843,3.832048863678399,2.2596937952219207,-1.593480769876303,3.6723913521644755,TRACKING distance=3.672 heading_error=0.071 linear=0.350 angular=0.086 ,False
58.50000000000001,1,4.0108989633704475,-1.4083398585621567,-1.5781919271681843,3.8314465538436964,2.221458366491828,-1.5870144104346267,3.6342314623438634,TRACKING distance=3.634 heading_error=0.066 linear=0.350 angular=0.079 ,False
58.50000000000001,1,4.0108989633704475,-1.4083398585621567,-1.5781919271681843,3.8314465538436964,2.221458366491828,-1.5870144104346267,3.6342314623438634,TRACKING distance=3.634 heading_error=0.066 linear=0.350 angular=0.079 ,False
58.6,1,4.0108989633704475,-1.4083398585621567,-1.5781919271681843,3.831062327129904,2.1830726314646616,-1.5825073154970064,3.5959122471571723,TRACKING distance=3.596 heading_error=0.062 linear=0.350 angular=0.074 ,False
58.6,1,4.0108989633704475,-1.4083398585621567,-1.5781919271681843,3.831062327129904,2.1830726314646616,-1.5825073154970064,3.5959122471571723,TRACKING distance=3.596 heading_error=0.062 linear=0.350 angular=0.074 ,False
58.7,1,4.0108989633704475,-1.4083398585621567,-1.5781919271681843,3.830957822540934,2.1445645594929528,-1.57792289292124,3.5574581681305184,TRACKING distance=3.557 heading_error=0.058 linear=0.350 angular=0.069 ,False
58.7,1,4.0108989633704475,-1.4083398585621567,-1.5781919271681843,3.830957822540934,2.1445645594929528,-1.57792289292124,3.5574581681305184,TRACKING distance=3.557 heading_error=0.058 linear=0.350 angular=0.069 ,False
58.800000000000004,1,4.0108989633704475,-1.4083398585621567,-1.5781919271681843,3.8308459877335057,2.106430055809435,-1.5734453977231213,3.519378727134578,TRACKING distance=3.519 heading_error=0.054 linear=0.350 angular=0.065 ,False
58.800000000000004,1,4.0108989633704475,-1.4083398585621567,-1.5781919271681843,3.8308459877335057,2.106430055809435,-1.5734453977231213,3.519378727134578,TRACKING distance=3.519 heading_error=0.054 linear=0.350 angular=0.065 ,False
58.900000000000006,1,4.0108989633704475,-1.4083398585621567,-1.5781919271681843,3.830989695152191,2.0680135194537446,-1.5700644424096242,3.481005623901432,TRACKING distance=3.481 heading_error=0.051 linear=0.350 angular=0.061 ,False
58.900000000000006,1,4.0108989633704475,-1.4083398585621567,-1.5781919271681843,3.830989695152191,2.0680135194537446,-1.5700644424096242,3.481005623901432,TRACKING distance=3.481 heading_error=0.051 linear=0.350 angular=0.061 ,False
59.00000000000001,1,4.0108989633704475,-1.4083398585621567,-1.5781919271681843,3.8312793547202575,2.0294820108813667,-1.5667758027880814,3.4425110616867753,TRACKING distance=3.443 heading_error=0.048 linear=0.350 angular=0.058 ,False
59.00000000000001,1,4.0108989633704475,-1.4083398585621567,-1.5781919271681843,3.8312793547202575,2.0294820108813667,-1.5667758027880814,3.4425110616867753,TRACKING distance=3.443 heading_error=0.048 linear=0.350 angular=0.058 ,False
59.1,1,4.0108989633704475,-1.4083398585621567,-1.5781919271681843,3.8317230507502624,1.9911480897413463,-1.5620246795733246,3.404206562229154,TRACKING distance=3.404 heading_error=0.044 linear=0.350 angular=0.053 ,False
59.1,1,4.0108989633704475,-1.4083398585621567,-1.5781919271681843,3.8317230507502624,1.9911480897413463,-1.5620246795733246,3.404206562229154,TRACKING distance=3.404 heading_error=0.044 linear=0.350 angular=0.053 ,False
59.2,1,4.0108989633704475,-1.4083398585621567,-1.5781919271681843,3.8322433940837075,1.9528646934313687,-1.557710556618581,3.3659491756084443,TRACKING distance=3.366 heading_error=0.040 linear=0.350 angular=0.048 ,False
59.2,1,4.0108989633704475,-1.4083398585621567,-1.5781919271681843,3.8322433940837075,1.9528646934313687,-1.557710556618581,3.3659491756084443,TRACKING distance=3.366 heading_error=0.040 linear=0.350 angular=0.048 ,False
59.300000000000004,1,4.0108989633704475,-1.4083398585621567,-1.5781919271681843,3.832874163328238,1.9145196348543507,-1.5549525417694074,3.3276249852437214,TRACKING distance=3.328 heading_error=0.038 linear=0.350 angular=0.045 ,False
59.300000000000004,1,4.0108989633704475,-1.4083398585621567,-1.5781919271681843,3.832874163328238,1.9145196348543507,-1.5549525417694074,3.3276249852437214,TRACKING distance=3.328 heading_error=0.038 linear=0.350 angular=0.045 ,False
59.400000000000006,1,4.0108989633704475,-1.4083398585621567,-1.5781919271681843,3.833664679825657,1.8760435841477616,-1.5529659921898507,3.289161989019497,TRACKING distance=3.289 heading_error=0.036 linear=0.350 angular=0.043 ,False
59.400000000000006,1,4.0108989633704475,-1.4083398585621567,-1.5781919271681843,3.833664679825657,1.8760435841477616,-1.5529659921898507,3.289161989019497,TRACKING distance=3.289 heading_error=0.036 linear=0.350 angular=0.043 ,False
59.50000000000001,1,4.0108989633704475,-1.4083398585621567,-1.5781919271681843,3.8346107702254137,1.8376650702515367,-1.5499247390294721,3.250788446658,TRACKING distance=3.251 heading_error=0.033 linear=0.350 angular=0.040 ,False
59.50000000000001,1,4.0108989633704475,-1.4083398585621567,-1.5781919271681843,3.8346107702254137,1.8376650702515367,-1.5499247390294721,3.250788446658,TRACKING distance=3.251 heading_error=0.033 linear=0.350 angular=0.040 ,False
59.6,1,4.0108989633704475,-1.4083398585621567,-1.5781919271681843,3.835578741918729,1.7993219766986508,-1.5466107548919392,3.2124494750016863,TRACKING distance=3.212 heading_error=0.030 linear=0.350 angular=0.037 ,False
59.6,1,4.0108989633704475,-1.4083398585621567,-1.5781919271681843,3.835578741918729,1.7993219766986508,-1.5466107548919392,3.2124494750016863,TRACKING distance=3.212 heading_error=0.030 linear=0.350 angular=0.037 ,False
59.7,1,4.0108989633704475,-1.4083398585621567,-1.5781919271681843,3.836623916741434,1.7610451153919284,-1.5436861599830933,3.1741727906658586,TRACKING distance=3.174 heading_error=0.028 linear=0.350 angular=0.033 ,False
59.7,1,4.0108989633704475,-1.4083398585621567,-1.5781919271681843,3.836623916741434,1.7610451153919284,-1.5436861599830933,3.1741727906658586,TRACKING distance=3.174 heading_error=0.028 linear=0.350 angular=0.033 ,False
59.800000000000004,1,4.0108989633704475,-1.4083398585621567,-1.5781919271681843,3.837788044148112,1.7226720407420377,-1.542077187159944,3.135793823569793,TRACKING distance=3.136 heading_error=0.027 linear=0.350 angular=0.032 ,False
59.800000000000004,1,4.0108989633704475,-1.4083398585621567,-1.5781919271681843,3.837788044148112,1.7226720407420377,-1.542077187159944,3.135793823569793,TRACKING distance=3.136 heading_error=0.027 linear=0.350 angular=0.032 ,False
59.900000000000006,1,4.0108989633704475,-1.4083398585621567,-1.5781919271681843,3.8390391258118406,1.6842659963714202,-1.5410100259157111,3.097377403180812,TRACKING distance=3.097 heading_error=0.026 linear=0.350 angular=0.031 ,False
59.900000000000006,1,4.0108989633704475,-1.4083398585621567,-1.5781919271681843,3.8390391258118406,1.6842659963714202,-1.5410100259157111,3.097377403180812,TRACKING distance=3.097 heading_error=0.026 linear=0.350 angular=0.031 ,False
60.00000000000001,1,4.0108989633704475,-1.4083398585621567,-1.5781919271681843,3.8402874265871305,1.6458223825453717,-1.5400102717612298,3.0589238780150327,TRACKING distance=3.059 heading_error=0.025 linear=0.350 angular=0.030 ,False
60.00000000000001,1,4.0108989633704475,-1.4083398585621567,-1.5781919271681843,3.8402874265871305,1.6458223825453717,-1.5400102717612298,3.0589238780150327,TRACKING distance=3.059 heading_error=0.025 linear=0.350 angular=0.030 ,False
60.1,1,4.0108989633704475,-1.4083398585621567,-1.5781919271681843,3.841609617377245,1.6074422224929399,-1.5383130648545182,3.0205298282056106,TRACKING distance=3.021 heading_error=0.024 linear=0.350 angular=0.028 ,False
60.1,1,4.0108989633704475,-1.4083398585621567,-1.5781919271681843,3.841609617377245,1.6074422224929399,-1.5383130648545182,3.0205298282056106,TRACKING distance=3.021 heading_error=0.024 linear=0.350 angular=0.028 ,False
60.2,1,4.0108989633704475,-1.4083398585621567,-1.5781919271681843,3.8430862455041743,1.5690977303380564,-1.5358260769055323,2.9821629237976888,TRACKING distance=2.982 heading_error=0.021 linear=0.350 angular=0.026 ,False
60.2,1,4.0108989633704475,-1.4083398585621567,-1.5781919271681843,3.8430862455041743,1.5690977303380564,-1.5358260769055323,2.9821629237976888,TRACKING distance=2.982 heading_error=0.021 linear=0.350 angular=0.026 ,False
60.300000000000004,1,4.0108989633704475,-1.4083398585621567,-1.5781919271681843,3.8445993599124337,1.5307651100361976,-1.5337863994296712,2.943805967544367,TRACKING distance=2.944 heading_error=0.020 linear=0.350 angular=0.023 ,False
60.300000000000004,1,4.0108989633704475,-1.4083398585621567,-1.5781919271681843,3.8445993599124337,1.5307651100361976,-1.5337863994296712,2.943805967544367,TRACKING distance=2.944 heading_error=0.020 linear=0.350 angular=0.023 ,False
60.400000000000006,1,4.0108989633704475,-1.4083398585621567,-1.5781919271681843,3.846114651067328,1.492462400939883,-1.5317817063236132,2.905478896552744,TRACKING distance=2.905 heading_error=0.018 linear=0.350 angular=0.021 ,False
60.400000000000006,1,4.0108989633704475,-1.4083398585621567,-1.5781919271681843,3.846114651067328,1.492462400939883,-1.5317817063236132,2.905478896552744,TRACKING distance=2.905 heading_error=0.018 linear=0.350 angular=0.021 ,False
60.50000000000001,1,4.0108989633704475,-1.4083398585621567,-1.5781919271681843,3.847688283359594,1.4541645748938692,-1.5303662559764912,2.8671535287851277,TRACKING distance=2.867 heading_error=0.017 linear=0.350 angular=0.020 ,False
60.50000000000001,1,4.0108989633704475,-1.4083398585621567,-1.5781919271681843,3.847688283359594,1.4541645748938692,-1.5303662559764912,2.8671535287851277,TRACKING distance=2.867 heading_error=0.017 linear=0.350 angular=0.020 ,False
60.6,1,4.0108989633704475,-1.4083398585621567,-1.5781919271681843,3.8493230902396456,1.4158300557254169,-1.5293079229875566,2.828788162366539,TRACKING distance=2.829 heading_error=0.016 linear=0.350 angular=0.019 ,False
60.6,1,4.0108989633704475,-1.4083398585621567,-1.5781919271681843,3.8493230902396456,1.4158300557254169,-1.5293079229875566,2.828788162366539,TRACKING distance=2.829 heading_error=0.016 linear=0.350 angular=0.019 ,False
60.7,1,4.0108989633704475,-1.4083398585621567,-1.5781919271681843,3.8510165543659083,1.3774844967854478,-1.5286073725236011,2.790408522700035,TRACKING distance=2.790 heading_error=0.015 linear=0.350 angular=0.018 ,False
60.7,1,4.0108989633704475,-1.4083398585621567,-1.5781919271681843,3.8510165543659083,1.3774844967854478,-1.5286073725236011,2.790408522700035,TRACKING distance=2.790 heading_error=0.015 linear=0.350 angular=0.018 ,False
60.800000000000004,1,4.0108989633704475,-1.4083398585621567,-1.5781919271681843,3.8527344106193566,1.3391343566971163,-1.5280972011250127,2.7520229994063476,TRACKING distance=2.752 heading_error=0.015 linear=0.350 angular=0.018 ,False
60.800000000000004,1,4.0108989633704475,-1.4083398585621567,-1.5781919271681843,3.8527344106193566,1.3391343566971163,-1.5280972011250127,2.7520229994063476,TRACKING distance=2.752 heading_error=0.015 linear=0.350 angular=0.018 ,False
60.900000000000006,1,4.0108989633704475,-1.4083398585621567,-1.5781919271681843,3.854466689902382,1.3007608302955795,-1.5275600698454623,2.7136133841341237,TRACKING distance=2.714 heading_error=0.014 linear=0.350 angular=0.017 ,False
60.900000000000006,1,4.0108989633704475,-1.4083398585621567,-1.5781919271681843,3.854466689902382,1.3007608302955795,-1.5275600698454623,2.7136133841341237,TRACKING distance=2.714 heading_error=0.014 linear=0.350 angular=0.017 ,False
61.00000000000001,1,4.0108989633704475,-1.4083398585621567,-1.5781919271681843,3.856222814039484,1.2623800400759482,-1.5269261055418406,2.6751952243067016,TRACKING distance=2.675 heading_error=0.014 linear=0.350 angular=0.017 ,False
61.00000000000001,1,4.0108989633704475,-1.4083398585621567,-1.5781919271681843,3.856222814039484,1.2623800400759482,-1.5269261055418406,2.6751952243067016,TRACKING distance=2.675 heading_error=0.014 linear=0.350 angular=0.017 ,False
61.1,1,4.0108989633704475,-1.4083398585621567,-1.5781919271681843,3.8580011388736675,1.2240030613273711,-1.5260479312288457,2.6367796632688845,TRACKING distance=2.637 heading_error=0.013 linear=0.350 angular=0.016 ,False
61.1,1,4.0108989633704475,-1.4083398585621567,-1.5781919271681843,3.8580011388736675,1.2240030613273711,-1.5260479312288457,2.6367796632688845,TRACKING distance=2.637 heading_error=0.013 linear=0.350 angular=0.016 ,False
61.2,1,4.0108989633704475,-1.4083398585621567,-1.5781919271681843,3.8598274173516636,1.1856447519297233,-1.5251591089845764,2.598380028303253,TRACKING distance=2.598 heading_error=0.013 linear=0.350 angular=0.015 ,False
61.2,1,4.0108989633704475,-1.4083398585621567,-1.5781919271681843,3.8598274173516636,1.1856447519297233,-1.5251591089845764,2.598380028303253,TRACKING distance=2.598 heading_error=0.013 linear=0.350 angular=0.015 ,False
61.300000000000004,1,4.0108989633704475,-1.4083398585621567,-1.5781919271681843,3.8617109240653593,1.1473252975923227,-1.523842412882488,2.560015910390753,TRACKING distance=2.560 heading_error=0.011 linear=0.350 angular=0.014 ,False
61.300000000000004,1,4.0108989633704475,-1.4083398585621567,-1.5781919271681843,3.8617109240653593,1.1473252975923227,-1.523842412882488,2.560015910390753,TRACKING distance=2.560 heading_error=0.011 linear=0.350 angular=0.014 ,False
61.400000000000006,1,4.0108989633704475,-1.4083398585621567,-1.5781919271681843,3.8636470658374,1.109009792176319,-1.5228723898613248,2.5216527091176153,TRACKING distance=2.522 heading_error=0.011 linear=0.350 angular=0.013 ,False
61.400000000000006,1,4.0108989633704475,-1.4083398585621567,-1.5781919271681843,3.8636470658374,1.109009792176319,-1.5228723898613248,2.5216527091176153,TRACKING distance=2.522 heading_error=0.011 linear=0.350 angular=0.013 ,False
61.50000000000001,1,4.0108989633704475,-1.4083398585621567,-1.5781919271681843,3.865602195081216,1.07069684963452,-1.5220316176366568,2.483290992103404,TRACKING distance=2.483 heading_error=0.010 linear=0.350 angular=0.012 ,False
61.50000000000001,1,4.0108989633704475,-1.4083398585621567,-1.5781919271681843,3.8657983517740164,1.0668619836317892,-1.5219598584672913,2.479451218936554,TRACKING distance=2.483 heading_error=0.010 linear=0.350 angular=0.012 ,False
61.6,1,4.0108989633704475,-1.4083398585621567,-1.5781919271681843,3.8675387021157768,1.032380858778227,-1.521277214712521,2.4449273577269253,TRACKING distance=2.445 heading_error=0.009 linear=0.350 angular=0.011 ,False
61.6,1,4.0108989633704475,-1.4083398585621567,-1.5781919271681843,3.8675387021157768,1.032380858778227,-1.521277214712521,2.4449273577269253,TRACKING distance=2.445 heading_error=0.009 linear=0.350 angular=0.011 ,False
61.7,1,4.0108989633704475,-1.4083398585621567,-1.5781919271681843,3.869503102290475,0.9940674160462026,-1.5205020009752321,2.4065646682816797,TRACKING distance=2.407 heading_error=0.008 linear=0.350 angular=0.010 ,False
61.7,1,4.0108989633704475,-1.4083398585621567,-1.5781919271681843,3.869503102290475,0.9940674160462026,-1.5205020009752321,2.4065646682816797,TRACKING distance=2.407 heading_error=0.008 linear=0.350 angular=0.010 ,False
61.800000000000004,1,4.0108989633704475,-1.4083398585621567,-1.5781919271681843,3.8714807975505185,0.9557534627525667,-1.5196830045342387,2.3682007214012653,TRACKING distance=2.368 heading_error=0.008 linear=0.350 angular=0.009 ,False
61.800000000000004,1,4.0108989633704475,-1.4083398585621567,-1.5781919271681843,3.8714807975505185,0.9557534627525667,-1.5196830045342387,2.3682007214012653,TRACKING distance=2.368 heading_error=0.008 linear=0.350 angular=0.009 ,False
61.900000000000006,1,4.0108989633704475,-1.4083398585621567,-1.5781919271681843,3.873498701587498,0.9174547057936032,-1.5190210377983964,2.3298496062031178,TRACKING distance=2.330 heading_error=0.007 linear=0.350 angular=0.009 ,False
61.900000000000006,1,4.0108989633704475,-1.4083398585621567,-1.5781919271681843,3.873498701587498,0.9174547057936032,-1.5190210377983964,2.3298496062031178,TRACKING distance=2.330 heading_error=0.007 linear=0.350 angular=0.009 ,False
62.00000000000001,1,4.0108989633704475,-1.4083398585621567,-1.5781919271681843,3.8755426456292352,0.879163845890918,-1.5184973296327489,2.2915048615787397,TRACKING distance=2.292 heading_error=0.007 linear=0.350 angular=0.008 ,False
62.00000000000001,1,4.0108989633704475,-1.4083398585621567,-1.5781919271681843,3.8755426456292352,0.879163845890918,-1.5184973296327489,2.2915048615787397,TRACKING distance=2.292 heading_error=0.007 linear=0.350 angular=0.008 ,False
62.1,1,4.0108989633704475,-1.4083398585621567,-1.5781919271681843,3.8776244841535967,0.8408670507869256,-1.5180460973683099,2.2531519717662576,TRACKING distance=2.253 heading_error=0.006 linear=0.350 angular=0.008 ,False
62.1,1,4.0108989633704475,-1.4083398585621567,-1.5781919271681843,3.8776244841535967,0.8408670507869256,-1.5180460973683099,2.2531519717662576,TRACKING distance=2.253 heading_error=0.006 linear=0.350 angular=0.008 ,False
62.2,1,4.0108989633704475,-1.4083398585621567,-1.5781919271681843,3.879745594524963,0.8025664867529052,-1.5174689007412927,2.214793009270601,TRACKING distance=2.215 heading_error=0.006 linear=0.350 angular=0.007 ,False
62.2,1,4.0108989633704475,-1.4083398585621567,-1.5781919271681843,3.879745594524963,0.8025664867529052,-1.5174689007412927,2.214793009270601,TRACKING distance=2.215 heading_error=0.006 linear=0.350 angular=0.007 ,False
62.300000000000004,1,4.0108989633704475,-1.4083398585621567,-1.5781919271681843,3.8818665946896003,0.7642571702536025,-1.5170061158711785,2.176425326489851,TRACKING distance=2.176 heading_error=0.006 linear=0.350 angular=0.007 ,False
62.300000000000004,1,4.0108989633704475,-1.4083398585621567,-1.5781919271681843,3.8818665946896003,0.7642571702536025,-1.5170061158711785,2.176425326489851,TRACKING distance=2.176 heading_error=0.006 linear=0.350 angular=0.007 ,False
62.400000000000006,1,4.0108989633704475,-1.4083398585621567,-1.5781919271681843,3.8840142682417267,0.7259412377442823,-1.5167249962088172,2.138049467133285,TRACKING distance=2.138 heading_error=0.005 linear=0.350 angular=0.006 ,False
62.400000000000006,1,4.0108989633704475,-1.4083398585621567,-1.5781919271681843,3.8840142682417267,0.7259412377442823,-1.5167249962088172,2.138049467133285,TRACKING distance=2.138 heading_error=0.005 linear=0.350 angular=0.006 ,False
62.50000000000001,1,4.0108989633704475,-1.4083398585621567,-1.5781919271681843,3.8861774601868895,0.6876262852433411,-1.5165088366465729,2.0996736721060385,TRACKING distance=2.100 heading_error=0.005 linear=0.350 angular=0.006 ,False
62.50000000000001,1,4.0108989633704475,-1.4083398585621567,-1.5781919271681843,3.8861774601868895,0.6876262852433411,-1.5165088366465729,2.0996736721060385,TRACKING distance=2.100 heading_error=0.005 linear=0.350 angular=0.006 ,False
62.6,1,4.0108989633704475,-1.4083398585621567,-1.5781919271681843,3.888350084360454,0.6493114158464152,-1.5163084382429368,2.0612974057185016,TRACKING distance=2.061 heading_error=0.005 linear=0.350 angular=0.006 ,False
62.6,1,4.0108989633704475,-1.4083398585621567,-1.5781919271681843,3.888350084360454,0.6493114158464152,-1.5163084382429368,2.0612974057185016,TRACKING distance=2.061 heading_error=0.005 linear=0.350 angular=0.006 ,False
62.7,1,4.0108989633704475,-1.4083398585621567,-1.5781919271681843,3.8905403861842998,0.6109969450690773,-1.5160882216041573,2.022920491171584,TRACKING distance=2.023 heading_error=0.005 linear=0.350 angular=0.006 ,False
62.7,1,4.0108989633704475,-1.4083398585621567,-1.5781919271681843,3.8905403861842998,0.6109969450690773,-1.5160882216041573,2.022920491171584,TRACKING distance=2.023 heading_error=0.005 linear=0.350 angular=0.006 ,False
62.800000000000004,1,4.0108989633704475,-1.4083398585621567,-1.5781919271681843,3.892733594997564,0.5726769375371188,-1.5159240126873301,1.984537880895736,TRACKING distance=1.985 heading_error=0.005 linear=0.350 angular=0.006 ,False
62.800000000000004,1,4.0108989633704475,-1.4083398585621567,-1.5781919271681843,3.892733594997564,0.5726769375371188,-1.5159240126873301,1.984537880895736,TRACKING distance=1.985 heading_error=0.005 linear=0.350 angular=0.006 ,False
62.900000000000006,1,4.0108989633704475,-1.4083398585621567,-1.5781919271681843,3.894946270497187,0.534353491056644,-1.515732143227407,1.9461506821512247,TRACKING distance=1.946 heading_error=0.005 linear=0.350 angular=0.005 ,False
62.900000000000006,1,4.0108989633704475,-1.4083398585621567,-1.5781919271681843,3.894946270497187,0.534353491056644,-1.515732143227407,1.9461506821512247,TRACKING distance=1.946 heading_error=0.005 linear=0.350 angular=0.005 ,False
63.00000000000001,1,4.0108989633704475,-1.4083398585621567,-1.5781919271681843,3.897157321629286,0.49603093036321166,-1.5155491141839434,1.9077644673224743,TRACKING distance=1.908 heading_error=0.004 linear=0.350 angular=0.005 ,False
63.00000000000001,1,4.0108989633704475,-1.4083398585621567,-1.5781919271681843,3.897157321629286,0.49603093036321166,-1.5155491141839434,1.9077644673224743,TRACKING distance=1.908 heading_error=0.004 linear=0.350 angular=0.005 ,False
63.1,1,4.0108989633704475,-1.4083398585621567,-1.5781919271681843,3.8993709524327955,0.45770767844072624,-1.5154192739909618,1.8693774117545754,TRACKING distance=1.869 heading_error=0.004 linear=0.350 angular=0.005 ,False
63.1,1,4.0108989633704475,-1.4083398585621567,-1.5781919271681843,3.8993709524327955,0.45770767844072624,-1.5154192739909618,1.8693774117545754,TRACKING distance=1.869 heading_error=0.004 linear=0.350 angular=0.005 ,False
63.2,1,4.0108989633704475,-1.4083398585621567,-1.5781919271681843,3.901589749188338,0.4193862553168917,-1.515267626987601,1.8309918764594557,TRACKING distance=1.831 heading_error=0.004 linear=0.350 angular=0.005 ,False
63.2,1,4.0108989633704475,-1.4083398585621567,-1.5781919271681843,3.901589749188338,0.4193862553168917,-1.515267626987601,1.8309918764594557,TRACKING distance=1.831 heading_error=0.004 linear=0.350 angular=0.005 ,False
63.300000000000004,1,4.0108989633704475,-1.4083398585621567,-1.5781919271681843,3.903801626135937,0.38106539056575134,-1.5151129460025938,1.7926073148487465,TRACKING distance=1.793 heading_error=0.004 linear=0.350 angular=0.005 ,False
63.300000000000004,1,4.0108989633704475,-1.4083398585621567,-1.5781919271681843,3.903801626135937,0.38106539056575134,-1.5151129460025938,1.7926073148487465,TRACKING distance=1.793 heading_error=0.004 linear=0.350 angular=0.005 ,False
63.400000000000006,1,4.0108989633704475,-1.4083398585621567,-1.5781919271681843,3.9060369229250083,0.34274235215522714,-1.514935478592654,1.7542191870508261,TRACKING distance=1.754 heading_error=0.004 linear=0.350 angular=0.005 ,False
63.400000000000006,1,4.0108989633704475,-1.4083398585621567,-1.5781919271681843,3.9060369229250083,0.34274235215522714,-1.514935478592654,1.7542191870508261,TRACKING distance=1.754 heading_error=0.004 linear=0.350 angular=0.005 ,False
63.50000000000001,1,4.0108989633704475,-1.4083398585621567,-1.5781919271681843,3.908259801897319,0.3044179913198182,-1.5147344391326973,1.715830483993169,TRACKING distance=1.716 heading_error=0.004 linear=0.350 angular=0.005 ,False
63.50000000000001,1,4.0108989633704475,-1.4083398585621567,-1.5781919271681843,3.908259801897319,0.3044179913198182,-1.5147344391326973,1.715830483993169,TRACKING distance=1.716 heading_error=0.004 linear=0.350 angular=0.005 ,False
63.6,1,4.0108989633704475,-1.4083398585621567,-1.5781919271681843,3.910490493117443,0.2660972809611902,-1.5145331206619144,1.6774449603828068,TRACKING distance=1.677 heading_error=0.004 linear=0.350 angular=0.004 ,False
63.6,1,4.0108989633704475,-1.4083398585621567,-1.5781919271681843,3.910490493117443,0.2660972809611902,-1.5145331206619144,1.6774449603828068,TRACKING distance=1.677 heading_error=0.004 linear=0.350 angular=0.004 ,False
63.7,1,4.0108989633704475,-1.4083398585621567,-1.5781919271681843,3.912739828865934,0.22777849069366288,-1.5143630020180439,1.6390602394232687,TRACKING distance=1.639 heading_error=0.003 linear=0.350 angular=0.004 ,False
63.7,1,4.0108989633704475,-1.4083398585621567,-1.5781919271681843,3.912739828865934,0.22777849069366288,-1.5143630020180439,1.6390602394232687,TRACKING distance=1.639 heading_error=0.003 linear=0.350 angular=0.004 ,False
63.800000000000004,1,4.0108989633704475,-1.4083398585621567,-1.5781919271681843,3.9149972175893617,0.1894606827316504,-1.514179998584886,1.6006760180007205,TRACKING distance=1.601 heading_error=0.003 linear=0.350 angular=0.004 ,False
63.800000000000004,1,4.0108989633704475,-1.4083398585621567,-1.5781919271681843,3.9149972175893617,0.1894606827316504,-1.514179998584886,1.6006760180007205,TRACKING distance=1.601 heading_error=0.003 linear=0.350 angular=0.004 ,False
63.900000000000006,1,4.0108989633704475,-1.4083398585621567,-1.5781919271681843,3.9172311110266547,0.1511435136165399,-1.5139067002690396,1.562293843892543,TRACKING distance=1.562 heading_error=0.003 linear=0.350 angular=0.004 ,False
63.900000000000006,1,4.0108989633704475,-1.4083398585621567,-1.5781919271681843,3.9172311110266547,0.1511435136165399,-1.5139067002690396,1.562293843892543,TRACKING distance=1.562 heading_error=0.003 linear=0.350 angular=0.004 ,False
64.0,1,4.0108989633704475,-1.4083398585621567,-1.5781919271681843,3.9194830224634107,0.1128313241906826,-1.5136384153240128,1.5239155624540328,TRACKING distance=1.524 heading_error=0.003 linear=0.350 angular=0.003 ,False
64.0,1,4.0108989633704475,-1.4083398585621567,-1.5781919271681843,3.9194830224634107,0.1128313241906826,-1.5136384153240128,1.5239155624540328,TRACKING distance=1.524 heading_error=0.003 linear=0.350 angular=0.003 ,False
64.10000000000001,1,4.0108989633704475,-1.4083398585621567,-1.5781919271681843,3.921745038071127,0.07452161094198144,-1.5133829566088164,1.4855391479648892,TRACKING distance=1.486 heading_error=0.003 linear=0.350 angular=0.003 ,False
64.10000000000001,1,4.0108989633704475,-1.4083398585621567,-1.5781919271681843,3.921745038071127,0.07452161094198144,-1.5133829566088164,1.4855391479648892,TRACKING distance=1.486 heading_error=0.003 linear=0.350 angular=0.003 ,False
64.2,1,4.0108989633704475,-1.4083398585621567,-1.5781919271681843,3.9240104206450668,0.03621203589756415,-1.513157491825703,1.4471626704154958,TRACKING distance=1.447 heading_error=0.002 linear=0.350 angular=0.003 ,False
64.2,1,4.0108989633704475,-1.4083398585621567,-1.5781919271681843,3.9240104206450668,0.03621203589756415,-1.513157491825703,1.4471626704154958,TRACKING distance=1.447 heading_error=0.002 linear=0.350 angular=0.003 ,False
64.3,1,4.0108989633704475,-1.4083398585621567,-1.5781919271681843,3.926273236649924,-0.0020975759269370345,-1.5129624592723712,1.4087863113666634,TRACKING distance=1.409 heading_error=0.002 linear=0.350 angular=0.003 ,False
64.3,1,4.0108989633704475,-1.4083398585621567,-1.5781919271681843,3.926273236649924,-0.0020975759269370345,-1.5129624592723712,1.4087863113666634,TRACKING distance=1.409 heading_error=0.002 linear=0.350 angular=0.003 ,False
64.4,1,4.0108989633704475,-1.4083398585621567,-1.5781919271681843,3.9285718333296167,-0.04040530705782989,-1.5127775180517047,1.3704096809130122,TRACKING distance=1.370 heading_error=0.002 linear=0.350 angular=0.003 ,False
64.4,1,4.0108989633704475,-1.4083398585621567,-1.5781919271681843,3.9285718333296167,-0.04040530705782989,-1.5127775180517047,1.3704096809130122,TRACKING distance=1.370 heading_error=0.002 linear=0.350 angular=0.003 ,False
64.5,1,4.0108989633704475,-1.4083398585621567,-1.5781919271681843,3.93085397731878,-0.07871274376739956,-1.5126166435331225,1.3320343329619706,TRACKING distance=1.332 heading_error=0.002 linear=0.350 angular=0.002 ,False
64.5,1,4.0108989633704475,-1.4083398585621567,-1.5781919271681843,3.93085397731878,-0.07871274376739956,-1.5126166435331225,1.3320343329619706,TRACKING distance=1.332 heading_error=0.002 linear=0.350 angular=0.002 ,False
64.60000000000001,1,4.0108989633704475,-1.4083398585621567,-1.5781919271681843,3.9331281752705647,-0.11701823776146447,-1.5124527658492166,1.2936614023108997,TRACKING distance=1.294 heading_error=0.002 linear=0.350 angular=0.002 ,False
64.60000000000001,1,4.0108989633704475,-1.4083398585621567,-1.5781919271681843,3.9331281752705647,-0.11701823776146447,-1.5124527658492166,1.2936614023108997,TRACKING distance=1.294 heading_error=0.002 linear=0.350 angular=0.002 ,False
64.7,1,4.0108989633704475,-1.4083398585621567,-1.5781919271681843,3.93543484236267,-0.15531839575982093,-1.5122301478078308,1.255291846465507,TRACKING distance=1.255 heading_error=0.002 linear=0.350 angular=0.002 ,False
64.7,1,4.0108989633704475,-1.4083398585621567,-1.5781919271681843,3.93543484236267,-0.15531839575982093,-1.5122301478078308,1.255291846465507,TRACKING distance=1.255 heading_error=0.002 linear=0.350 angular=0.002 ,False
64.8,1,4.0108989633704475,-1.4083398585621567,-1.5781919271681843,3.9377354641941755,-0.19361953967235956,-1.5120435537528907,1.2169216699259844,TRACKING distance=1.217 heading_error=0.001 linear=0.350 angular=0.002 ,False
64.8,1,4.0108989633704475,-1.4083398585621567,-1.5781919271681843,3.9377354641941755,-0.19361953967235956,-1.5120435537528907,1.2169216699259844,TRACKING distance=1.217 heading_error=0.001 linear=0.350 angular=0.002 ,False
64.9,1,4.0108989633704475,-1.4083398585621567,-1.5781919271681843,3.94004823501442,-0.23192027171377333,-1.5118885707222363,1.1785511741240176,TRACKING distance=1.179 heading_error=0.001 linear=0.350 angular=0.001 ,False
64.9,1,4.0108989633704475,-1.4083398585621567,-1.5781919271681843,3.94004823501442,-0.23192027171377333,-1.5118885707222363,1.1785511741240176,TRACKING distance=1.179 heading_error=0.001 linear=0.350 angular=0.001 ,False
65.0,1,4.0108989633704475,-1.4083398585621567,-1.5781919271681843,3.94236310278013,-0.2702178765244391,-1.511745457880136,1.1401836738807998,TRACKING distance=1.140 heading_error=0.001 linear=0.350 angular=0.001 ,False
65.0,1,4.0108989633704475,-1.4083398585621567,-1.5781919271681843,3.94236310278013,-0.2702178765244391,-1.511745457880136,1.1401836738807998,TRACKING distance=1.140 heading_error=0.001 linear=0.350 angular=0.001 ,False
65.10000000000001,1,4.0108989633704475,-1.4083398585621567,-1.5781919271681843,3.944685800904294,-0.30851923572634066,-1.5116613036907336,1.1018119555072596,TRACKING distance=1.102 heading_error=0.001 linear=0.350 angular=0.001 ,False
65.10000000000001,1,4.0108989633704475,-1.4083398585621567,-1.5781919271681843,3.944685800904294,-0.30851923572634066,-1.5116613036907336,1.1018119555072596,TRACKING distance=1.102 heading_error=0.001 linear=0.350 angular=0.001 ,False
65.2,1,4.0108989633704475,-1.4083398585621567,-1.5781919271681843,3.947021330575995,-0.3468124547764701,-1.5115383839781187,1.0634475920135429,TRACKING distance=1.063 heading_error=0.001 linear=0.350 angular=0.001 ,False
65.2,1,4.0108989633704475,-1.4083398585621567,-1.5781919271681843,3.947021330575995,-0.3468124547764701,-1.5115383839781187,1.0634475920135429,TRACKING distance=1.063 heading_error=0.001 linear=0.350 angular=0.001 ,False
65.3,1,4.0108989633704475,-1.4083398585621567,-1.5781919271681843,3.949349550640817,-0.3851078997564303,-1.5114404636772845,1.0250814463879279,TRACKING distance=1.025 heading_error=0.001 linear=0.350 angular=0.001 ,False
65.3,1,4.0108989633704475,-1.4083398585621567,-1.5781919271681843,3.949349550640817,-0.3851078997564303,-1.5114404636772845,1.0250814463879279,TRACKING distance=1.025 heading_error=0.001 linear=0.350 angular=0.001 ,False
65.4,1,4.0108989633704475,-1.4083398585621567,-1.5781919271681843,3.951689491455576,-0.4234028081552372,-1.5113404348448665,0.986715133576414,TRACKING distance=0.987 heading_error=0.001 linear=0.345 angular=0.001 ,False
65.4,1,4.0108989633704475,-1.4083398585621567,-1.5781919271681843,3.9519217989363344,-0.4272331278676311,-1.5113365687304199,0.9828777761953867,TRACKING distance=0.987 heading_error=0.001 linear=0.345 angular=0.001 ,False
65.5,1,4.0108989633704475,-1.4083398585621567,-1.5781919271681843,3.9540313792749955,-0.46169664588351744,-1.51124890073668,0.9483497742032677,TRACKING distance=0.948 heading_error=0.000 linear=0.332 angular=0.001 ,False
65.5,1,4.0108989633704475,-1.4083398585621567,-1.5781919271681843,3.9540313792749955,-0.46169664588351744,-1.51124890073668,0.9483497742032677,TRACKING distance=0.948 heading_error=0.000 linear=0.332 angular=0.001 ,False
65.60000000000001,1,4.0108989633704475,-1.4083398585621567,-1.5781919271681843,3.956368326669087,-0.49999218587046196,-1.511213877701961,0.909983013480732,TRACKING distance=0.910 heading_error=0.000 linear=0.318 angular=0.000 ,False
65.60000000000001,1,4.0108989633704475,-1.4083398585621567,-1.5781919271681843,3.956368326669087,-0.49999218587046196,-1.511213877701961,0.909983013480732,TRACKING distance=0.910 heading_error=0.000 linear=0.318 angular=0.000 ,False
65.7,1,4.0108989633704475,-1.4083398585621567,-1.5781919271681843,3.958724581874766,-0.5382866939745704,-1.5112173918455283,0.8716161284036285,TRACKING distance=0.872 heading_error=0.000 linear=0.305 angular=0.000 ,False
65.7,1,4.0108989633704475,-1.4083398585621567,-1.5781919271681843,3.958724581874766,-0.5382866939745704,-1.5112173918455283,0.8716161284036285,TRACKING distance=0.872 heading_error=0.000 linear=0.305 angular=0.000 ,False
65.8,1,4.0108989633704475,-1.4083398585621567,-1.5781919271681843,3.9610752984694746,-0.5765823583404527,-1.5112038958359602,0.8332484243964836,TRACKING distance=0.833 heading_error=0.000 linear=0.292 angular=0.000 ,False
65.8,1,4.0108989633704475,-1.4083398585621567,-1.5781919271681843,3.9610752984694746,-0.5765823583404527,-1.5112038958359602,0.8332484243964836,TRACKING distance=0.833 heading_error=0.000 linear=0.292 angular=0.000 ,False
65.9,1,4.0108989633704475,-1.4083398585621567,-1.5781919271681843,3.963429013538493,-0.6148757817473888,-1.511209722968621,0.7948827821336679,TRACKING distance=0.795 heading_error=0.000 linear=0.278 angular=0.000 ,False
65.9,1,4.0108989633704475,-1.4083398585621567,-1.5781919271681843,3.963429013538493,-0.6148757817473888,-1.511209722968621,0.7948827821336679,TRACKING distance=0.795 heading_error=0.000 linear=0.278 angular=0.000 ,False
66.0,1,4.0108989633704475,-1.4083398585621567,-1.5781919271681843,3.965768224625678,-0.6531703968273208,-1.5112168032748596,0.7565168203791178,TRACKING distance=0.757 heading_error=0.000 linear=0.265 angular=0.000 ,False
66.0,1,4.0108989633704475,-1.4083398585621567,-1.5781919271681843,3.965768224625678,-0.6531703968273208,-1.5112168032748596,0.7565168203791178,TRACKING distance=0.757 heading_error=0.000 linear=0.265 angular=0.000 ,False
66.10000000000001,1,4.0108989633704475,-1.4083398585621567,-1.5781919271681843,3.9681175427155617,-0.6914651486625257,-1.5111670379092417,0.718150123335595,TRACKING distance=0.718 heading_error=-0.000 linear=0.251 angular=-0.000 ,False
66.10000000000001,1,4.0108989633704475,-1.4083398585621567,-1.5781919271681843,3.9681175427155617,-0.6914651486625257,-1.5111670379092417,0.718150123335595,TRACKING distance=0.718 heading_error=-0.000 linear=0.251 angular=-0.000 ,False
66.2,1,4.0108989633704475,-1.4083398585621567,-1.5781919271681843,3.9704687319986736,-0.7297595343165244,-1.5111812632452926,0.6797836862282609,TRACKING distance=0.680 heading_error=-0.000 linear=0.238 angular=-0.000 ,False
66.2,1,4.0108989633704475,-1.4083398585621567,-1.5781919271681843,3.9704687319986736,-0.7297595343165244,-1.5111812632452926,0.6797836862282609,TRACKING distance=0.680 heading_error=-0.000 linear=0.238 angular=-0.000 ,False
66.3,1,4.0108989633704475,-1.4083398585621567,-1.5781919271681843,3.9728238837735956,-0.7680533096658674,-1.511204410923986,0.6414176302408805,TRACKING distance=0.641 heading_error=-0.000 linear=0.224 angular=-0.000 ,False
66.3,1,4.0108989633704475,-1.4083398585621567,-1.5781919271681843,3.9728238837735956,-0.7680533096658674,-1.511204410923986,0.6414176302408805,TRACKING distance=0.641 heading_error=-0.000 linear=0.224 angular=-0.000 ,False
66.4,1,4.0108989633704475,-1.4083398585621567,-1.5781919271681843,3.9751673538273034,-0.8060528109532216,-1.5111957708872836,0.6033460330838609,TRACKING distance=0.603 heading_error=-0.000 linear=0.211 angular=-0.000 ,False
66.4,1,4.0108989633704475,-1.4083398585621567,-1.5781919271681843,3.9751673538273034,-0.8060528109532216,-1.5111957708872836,0.6033460330838609,TRACKING distance=0.603 heading_error=-0.000 linear=0.211 angular=-0.000 ,False
66.5,1,4.0108989633704475,-1.4083398585621567,-1.5781919271681843,3.9774887237452994,-0.8440152035953513,-1.5112109357313959,0.5653127986479819,TRACKING distance=0.565 heading_error=-0.000 linear=0.198 angular=-0.001 ,False
66.5,1,4.0108989633704475,-1.4083398585621567,-1.5781919271681843,3.9774887237452994,-0.8440152035953513,-1.5112109357313959,0.5653127986479819,TRACKING distance=0.565 heading_error=-0.000 linear=0.198 angular=-0.001 ,False
66.60000000000001,1,4.0108989633704475,-1.4083398585621567,-1.5781919271681843,3.9797075980556738,-0.8792112451182481,-1.50716822181254,0.5300471590672597,TRACKING distance=0.530 heading_error=-0.005 linear=0.186 angular=-0.006 ,False
66.60000000000001,1,4.0108989633704475,-1.4083398585621567,-1.5781919271681843,3.9797075980556738,-0.8792112451182481,-1.50716822181254,0.5300471590672597,TRACKING distance=0.530 heading_error=-0.005 linear=0.186 angular=-0.006 ,False
66.7,1,4.0108989633704475,-1.4083398585621567,-1.5781919271681843,3.981755968679923,-0.9097709652697624,-1.50517127549442,0.49941991900437327,TRACKING distance=0.499 heading_error=-0.007 linear=0.175 angular=-0.009 ,False
66.7,1,4.0108989633704475,-1.4083398585621567,-1.5781919271681843,3.981755968679923,-0.9097709652697624,-1.50517127549442,0.49941991900437327,TRACKING distance=0.499 heading_error=-0.007 linear=0.175 angular=-0.009 ,False
66.8,1,4.0108989633704475,-1.4083398585621567,-1.5781919271681843,3.9837573668447646,-0.9393641663314444,-1.505288308941493,0.46976043486572894,TRACKING distance=0.470 heading_error=-0.008 linear=0.164 angular=-0.009 ,False
66.8,1,4.0108989633704475,-1.4083398585621567,-1.5781919271681843,3.9837573668447646,-0.9393641663314444,-1.505288308941493,0.46976043486572894,TRACKING distance=0.470 heading_error=-0.008 linear=0.164 angular=-0.009 ,False
66.9,1,4.0108989633704475,-1.4083398585621567,-1.5781919271681843,3.9856537633621416,-0.9675118186609256,-1.5053987701233316,0.4415503152378229,TRACKING distance=0.442 heading_error=-0.008 linear=0.155 angular=-0.010 ,False
66.9,1,4.0108989633704475,-1.4083398585621567,-1.5781919271681843,3.9856537633621416,-0.9675118186609256,-1.5053987701233316,0.4415503152378229,TRACKING distance=0.442 heading_error=-0.008 linear=0.155 angular=-0.010 ,False
67.0,1,4.0108989633704475,-1.4083398585621567,-1.5781919271681843,3.987515184260916,-0.9954143674135746,-1.505922089281342,0.41358706745465473,TRACKING distance=0.414 heading_error=-0.008 linear=0.145 angular=-0.010 ,False
67.0,1,4.0108989633704475,-1.4083398585621567,-1.5781919271681843,3.987697574076017,-0.9981988513290942,-1.5059909248792784,0.41079672622763524,TRACKING distance=0.414 heading_error=-0.008 linear=0.145 angular=-0.010 ,False
67.10000000000001,1,4.0108989633704475,-1.4083398585621567,-1.5781919271681843,3.989195339526688,-1.0206755337872115,-1.505976664624113,0.3882713947629487,TRACKING distance=0.388 heading_error=-0.009 linear=0.136 angular=-0.011 ,False
67.10000000000001,1,4.0108989633704475,-1.4083398585621567,-1.5781919271681843,3.989195339526688,-1.0206755337872115,-1.505976664624113,0.3882713947629487,TRACKING distance=0.388 heading_error=-0.009 linear=0.136 angular=-0.011 ,False
67.2,1,4.0108989633704475,-1.4083398585621567,-1.5781919271681843,3.9907309374093183,-1.043942517082351,-1.5068341607162492,0.36495502702212346,TRACKING distance=0.365 heading_error=-0.009 linear=0.128 angular=-0.010 ,False
67.2,1,4.0108989633704475,-1.4083398585621567,-1.5781919271681843,3.9907309374093183,-1.043942517082351,-1.5068341607162492,0.36495502702212346,TRACKING distance=0.365 heading_error=-0.009 linear=0.128 angular=-0.010 ,False
67.3,1,4.0108989633704475,-1.4083398585621567,-1.5781919271681843,3.992160585425345,-1.0657856803410402,-1.5077389107819354,0.3430663082040526,TRACKING distance=0.343 heading_error=-0.008 linear=0.120 angular=-0.010 ,False
67.3,1,4.0108989633704475,-1.4083398585621567,-1.5781919271681843,3.992160585425345,-1.0657856803410402,-1.5077389107819354,0.3430663082040526,TRACKING distance=0.343 heading_error=-0.008 linear=0.120 angular=-0.010 ,False
67.4,1,4.0108989633704475,-1.4083398585621567,-1.5781919271681843,3.9935470030625098,-1.0874853894259662,-1.5086762223098387,0.3213233276486394,TRACKING distance=0.321 heading_error=-0.008 linear=0.112 angular=-0.010 ,False
67.4,1,4.0108989633704475,-1.4083398585621567,-1.5781919271681843,3.9935470030625098,-1.0874853894259662,-1.5086762223098387,0.3213233276486394,TRACKING distance=0.321 heading_error=-0.008 linear=0.112 angular=-0.010 ,False
67.5,1,4.0108989633704475,-1.4083398585621567,-1.5781919271681843,3.994847166994127,-1.1080133860031023,-1.5097313140842237,0.3007551334336146,TRACKING distance=0.301 heading_error=-0.008 linear=0.105 angular=-0.009 ,False
67.5,1,4.0108989633704475,-1.4083398585621567,-1.5781919271681843,3.994847166994127,-1.1080133860031023,-1.5097313140842237,0.3007551334336146,TRACKING distance=0.301 heading_error=-0.008 linear=0.105 angular=-0.009 ,False
67.60000000000001,1,4.0108989633704475,-1.4083398585621567,-1.5781919271681843,3.996081912513501,-1.1275391490123405,-1.5093608501429403,0.2811913645185029,TRACKING distance=0.281 heading_error=-0.009 linear=0.098 angular=-0.010 ,False
67.60000000000001,1,4.0108989633704475,-1.4083398585621567,-1.5781919271681843,3.996081912513501,-1.1275391490123405,-1.5093608501429403,0.2811913645185029,TRACKING distance=0.281 heading_error=-0.009 linear=0.098 angular=-0.010 ,False
67.7,1,4.0108989633704475,-1.4083398585621567,-1.5781919271681843,3.9972197502113627,-1.1454762853936458,-1.5097984705397818,0.26321926025951975,TRACKING distance=0.263 heading_error=-0.009 linear=0.092 angular=-0.011 ,False
67.7,1,4.0108989633704475,-1.4083398585621567,-1.5781919271681843,3.9972197502113627,-1.1454762853936458,-1.5097984705397818,0.26321926025951975,TRACKING distance=0.263 heading_error=-0.009 linear=0.092 angular=-0.011 ,False
67.8,1,4.0108989633704475,-1.4083398585621567,-1.5781919271681843,3.9982490765570495,-1.1616802948708895,-1.5106411639726134,0.2469837241535524,ARRIVED distance=0.247 yaw_error=-0.068,True
67.8,1,4.0108989633704475,-1.4083398585621567,-1.5781919271681843,3.9982490765570495,-1.1616802948708895,-1.5106411639726134,0.2469837241535524,ARRIVED distance=0.247 yaw_error=-0.068,True
67.9,1,4.0108989633704475,-1.4083398585621567,-1.5781919271681843,3.999183221077373,-1.1764899000589086,-1.5117353613050932,0.23214577720784757,ARRIVED distance=0.232 yaw_error=-0.066,True
67.9,1,4.0108989633704475,-1.4083398585621567,-1.5781919271681843,3.999183221077373,-1.1764899000589086,-1.5117353613050932,0.23214577720784757,ARRIVED distance=0.232 yaw_error=-0.066,True
68.0,1,4.0108989633704475,-1.4083398585621567,-1.5781919271681843,3.999680946091182,-1.1852204212311928,-1.511973967022578,0.22340126952764583,ARRIVED distance=0.223 yaw_error=-0.066,True
68.0,1,4.0108989633704475,-1.4083398585621567,-1.5781919271681843,3.999680946091182,-1.1852204212311928,-1.511973967022578,0.22340126952764583,ARRIVED distance=0.223 yaw_error=-0.066,True
68.10000000000001,1,4.0108989633704475,-1.4083398585621567,-1.5781919271681843,3.999680055697547,-1.1852414947803342,-1.5118987955044012,0.22338026728316773,ARRIVED distance=0.223 yaw_error=-0.066,True
68.10000000000001,1,4.0108989633704475,-1.4083398585621567,-1.5781919271681843,3.999680055697547,-1.1852414947803342,-1.5118987955044012,0.22338026728316773,ARRIVED distance=0.223 yaw_error=-0.066,True
68.2,1,4.0108989633704475,-1.4083398585621567,-1.5781919271681843,3.9996822641616054,-1.1852478973937324,-1.5119066598249624,0.22337376184125876,ARRIVED distance=0.223 yaw_error=-0.066,True
68.2,1,4.0108989633704475,-1.4083398585621567,-1.5781919271681843,3.9996822641616054,-1.1852478973937324,-1.5119066598249624,0.22337376184125876,ARRIVED distance=0.223 yaw_error=-0.066,True
68.3,1,4.0108989633704475,-1.4083398585621567,-1.5781919271681843,3.9996810418944033,-1.1852535540515996,-1.5119122587300107,0.22336817370077525,ARRIVED distance=0.223 yaw_error=-0.066,True
68.3,1,4.0108989633704475,-1.4083398585621567,-1.5781919271681843,3.9996810418944033,-1.1852535540515996,-1.5119122587300107,0.22336817370077525,ARRIVED distance=0.223 yaw_error=-0.066,True
68.4,1,4.0108989633704475,-1.4083398585621567,-1.5781919271681843,3.999681657410942,-1.185261162878741,-1.511913581075274,0.22336054356309917,ARRIVED distance=0.223 yaw_error=-0.066,True
68.4,1,4.0108989633704475,-1.4083398585621567,-1.5781919271681843,3.999681657410942,-1.185261162878741,-1.511913581075274,0.22336054356309917,ARRIVED distance=0.223 yaw_error=-0.066,True
68.5,1,4.0108989633704475,-1.4083398585621567,-1.5781919271681843,3.9999014924437772,-1.184773851510155,-1.508148058037687,0.22383633278795173,ARRIVED distance=0.224 yaw_error=-0.070,True
68.5,1,4.0108989633704475,-1.4083398585621567,-1.5781919271681843,3.9999014924437772,-1.184773851510155,-1.508148058037687,0.22383633278795173,ARRIVED distance=0.224 yaw_error=-0.070,True
68.60000000000001,1,4.0108989633704475,-1.4083398585621567,-1.5781919271681843,4.0002964230983755,-1.1843545365878925,-1.5002806146810634,0.22423612180051572,ARRIVED distance=0.224 yaw_error=-0.078,True
68.60000000000001,1,4.0108989633704475,-1.4083398585621567,-1.5781919271681843,4.0002964230983755,-1.1843545365878925,-1.5002806146810634,0.22423612180051572,ARRIVED distance=0.224 yaw_error=-0.078,True
68.7,1,4.0108989633704475,-1.4083398585621567,-1.5781919271681843,4.000755400290178,-1.1843720045847634,-1.4875621728895063,0.22419743862765776,ARRIVED distance=0.224 yaw_error=-0.091,True
68.7,1,4.0108989633704475,-1.4083398585621567,-1.5781919271681843,4.000755400290178,-1.1843720045847634,-1.4875621728895063,0.22419743862765776,ARRIVED distance=0.224 yaw_error=-0.091,True
68.80000000000001,1,4.0108989633704475,-1.4083398585621567,-1.5781919271681843,4.000523669383547,-1.1846303319897729,-1.4759534277252462,0.22394999219592468,ARRIVED distance=0.224 yaw_error=-0.102,True
68.80000000000001,1,4.0108989633704475,-1.4083398585621567,-1.5781919271681843,4.000523669383547,-1.1846303319897729,-1.4759534277252462,0.22394999219592468,ARRIVED distance=0.224 yaw_error=-0.102,True
68.9,1,4.0108989633704475,-1.4083398585621567,-1.5781919271681843,4.001322185764116,-1.1841547935619463,-1.4641136307277807,0.2243895230140429,ARRIVED distance=0.224 yaw_error=-0.114,True
68.9,1,4.0108989633704475,-1.4083398585621567,-1.5781919271681843,4.001322185764116,-1.1841547935619463,-1.4641136307277807,0.2243895230140429,ARRIVED distance=0.224 yaw_error=-0.114,True
69.0,1,4.0108989633704475,-1.4083398585621567,-1.5781919271681843,4.002027332200863,-1.1836856451133426,-1.4520443510887107,0.2248293162821843,ARRIVED distance=0.225 yaw_error=-0.126,True
69.0,1,4.0108989633704475,-1.4083398585621567,-1.5781919271681843,4.002027332200863,-1.1836856451133426,-1.4520443510887107,0.2248293162821843,ARRIVED distance=0.225 yaw_error=-0.126,True
69.10000000000001,1,4.0108989633704475,-1.4083398585621567,-1.5781919271681843,4.002719487301412,-1.183440169493925,-1.4414167377628244,0.22504838140220262,ARRIVED distance=0.225 yaw_error=-0.137,True
69.10000000000001,1,4.0108989633704475,-1.4083398585621567,-1.5781919271681843,4.002719487301412,-1.183440169493925,-1.4414167377628244,0.22504838140220262,ARRIVED distance=0.225 yaw_error=-0.137,True
69.2,1,4.0108989633704475,-1.4083398585621567,-1.5781919271681843,4.00349765141,-1.183474421956398,-1.4304737932165652,0.22498720852224993,ARRIVED distance=0.225 yaw_error=-0.148,True
69.2,1,4.0108989633704475,-1.4083398585621567,-1.5781919271681843,4.00349765141,-1.183474421956398,-1.4304737932165652,0.22498720852224993,ARRIVED distance=0.225 yaw_error=-0.148,True
69.30000000000001,1,4.0108989633704475,-1.4083398585621567,-1.5781919271681843,4.00382044514418,-1.1832836811716607,-1.4169839639370787,0.22516746745900482,ARRIVED distance=0.225 yaw_error=-0.161,True
69.30000000000001,1,4.0108989633704475,-1.4083398585621567,-1.5781919271681843,4.00382044514418,-1.1832836811716607,-1.4169839639370787,0.22516746745900482,ARRIVED distance=0.225 yaw_error=-0.161,True
69.4,1,4.0108989633704475,-1.4083398585621567,-1.5781919271681843,4.004561262643239,-1.1830581282365056,-1.4068384406640986,0.22537085984888786,ARRIVED distance=0.225 yaw_error=-0.171,True
69.4,1,4.0108989633704475,-1.4083398585621567,-1.5781919271681843,4.004561262643239,-1.1830581282365056,-1.4068384406640986,0.22537085984888786,ARRIVED distance=0.225 yaw_error=-0.171,True
69.5,1,4.0108989633704475,-1.4083398585621567,-1.5781919271681843,4.004905884724783,-1.182980958615125,-1.3970675438757114,0.22543857428796293,ARRIVED distance=0.225 yaw_error=-0.181,True
69.5,1,4.0108989633704475,-1.4083398585621567,-1.5781919271681843,4.004905884724783,-1.182980958615125,-1.3970675438757114,0.22543857428796293,ARRIVED distance=0.225 yaw_error=-0.181,True
69.60000000000001,1,4.0108989633704475,-1.4083398585621567,-1.5781919271681843,4.004764497227713,-1.1826044508702114,-1.3892248837994567,0.22581874581332953,ARRIVED distance=0.226 yaw_error=-0.189,True
69.60000000000001,1,4.0108989633704475,-1.4083398585621567,-1.5781919271681843,4.004764497227713,-1.1826044508702114,-1.3892248837994567,0.22581874581332953,ARRIVED distance=0.226 yaw_error=-0.189,True
69.7,1,4.0108989633704475,-1.4083398585621567,-1.5781919271681843,4.004010836705514,-1.182614388955592,-1.3778991700461722,0.22583054248275705,ARRIVED distance=0.226 yaw_error=-0.200,True
69.7,1,4.0108989633704475,-1.4083398585621567,-1.5781919271681843,4.004010836705514,-1.182614388955592,-1.3778991700461722,0.22583054248275705,ARRIVED distance=0.226 yaw_error=-0.200,True
69.80000000000001,1,4.0108989633704475,-1.4083398585621567,-1.5781919271681843,4.003611959587961,-1.182865803313222,-1.3663838779587403,0.22559177736461414,ARRIVED distance=0.226 yaw_error=-0.212,True
69.80000000000001,1,4.0108989633704475,-1.4083398585621567,-1.5781919271681843,4.003611959587961,-1.182865803313222,-1.3663838779587403,0.22559177736461414,ARRIVED distance=0.226 yaw_error=-0.212,True
69.9,1,4.0108989633704475,-1.4083398585621567,-1.5781919271681843,4.004395954348238,-1.1825170034376056,-1.354606251178791,0.22591646912730143,ARRIVED distance=0.226 yaw_error=-0.224,True
69.9,1,4.0108989633704475,-1.4083398585621567,-1.5781919271681843,4.004395954348238,-1.1825170034376056,-1.354606251178791,0.22591646912730143,ARRIVED distance=0.226 yaw_error=-0.224,True
70.0,1,4.0108989633704475,-1.4083398585621567,-1.5781919271681843,4.004531504045937,-1.1822739344604958,-1.3427525445625228,0.22615558047102713,ARRIVED distance=0.226 yaw_error=-0.235,True
70.0,1,4.0108989633704475,-1.4083398585621567,-1.5781919271681843,4.004531504045937,-1.1822739344604958,-1.3427525445625228,0.22615558047102713,ARRIVED distance=0.226 yaw_error=-0.235,True
70.10000000000001,1,4.0108989633704475,-1.4083398585621567,-1.5781919271681843,4.005272276412042,-1.1818094521935263,-1.3335302684819854,0.22660027496820193,ARRIVED distance=0.227 yaw_error=-0.245,True
70.10000000000001,1,4.0108989633704475,-1.4083398585621567,-1.5781919271681843,4.005272276412042,-1.1818094521935263,-1.3335302684819854,0.22660027496820193,ARRIVED distance=0.227 yaw_error=-0.245,True
70.2,1,4.0108989633704475,-1.4083398585621567,-1.5781919271681843,4.005405433003526,-1.1814657576831737,-1.3253022632699605,0.22694060131571703,ARRIVED distance=0.227 yaw_error=-0.252,True
70.2,1,4.0108989633704475,-1.4083398585621567,-1.5781919271681843,4.005405433003526,-1.1814657576831737,-1.3253022632699605,0.22694060131571703,ARRIVED distance=0.227 yaw_error=-0.252,True
70.30000000000001,1,4.0108989633704475,-1.4083398585621567,-1.5781919271681843,4.00595979548631,-1.1809849669194052,-1.314479326582587,0.2274085357528933,ARRIVED distance=0.227 yaw_error=-0.264,True
70.30000000000001,1,4.0108989633704475,-1.4083398585621567,-1.5781919271681843,4.00595979548631,-1.1809849669194052,-1.314479326582587,0.2274085357528933,ARRIVED distance=0.227 yaw_error=-0.264,True
70.4,1,4.0108989633704475,-1.4083398585621567,-1.5781919271681843,4.005489848111907,-1.181236111118399,-1.303916371403753,0.22716815496648782,ARRIVED distance=0.227 yaw_error=-0.274,True
70.4,1,4.0108989633704475,-1.4083398585621567,-1.5781919271681843,4.005489848111907,-1.181236111118399,-1.303916371403753,0.22716815496648782,ARRIVED distance=0.227 yaw_error=-0.274,True
70.5,1,4.0108989633704475,-1.4083398585621567,-1.5781919271681843,4.005182220598947,-1.181371324103875,-1.293939775129052,0.22704051793029303,ARRIVED distance=0.227 yaw_error=-0.284,True
70.5,1,4.0108989633704475,-1.4083398585621567,-1.5781919271681843,4.005182220598947,-1.181371324103875,-1.293939775129052,0.22704051793029303,ARRIVED distance=0.227 yaw_error=-0.284,True
70.60000000000001,1,4.0108989633704475,-1.4083398585621567,-1.5781919271681843,4.005730031611111,-1.1814499740125572,-1.2882872056586292,0.2269487553754443,ARRIVED distance=0.227 yaw_error=-0.290,True
70.60000000000001,1,4.0108989633704475,-1.4083398585621567,-1.5781919271681843,4.005730031611111,-1.1814499740125572,-1.2882872056586292,0.2269487553754443,ARRIVED distance=0.227 yaw_error=-0.290,True
70.7,1,4.0108989633704475,-1.4083398585621567,-1.5781919271681843,4.006027032148968,-1.181159238950642,-1.2794141860887247,0.22723285334849483,ARRIVED distance=0.227 yaw_error=-0.299,True
70.7,1,4.0108989633704475,-1.4083398585621567,-1.5781919271681843,4.006027032148968,-1.181159238950642,-1.2794141860887247,0.22723285334849483,ARRIVED distance=0.227 yaw_error=-0.299,True
70.80000000000001,1,4.0108989633704475,-1.4083398585621567,-1.5781919271681843,4.005765888690635,-1.181158648695678,-1.2683497565942274,0.22723919242081805,ARRIVED distance=0.227 yaw_error=-0.310,True
70.80000000000001,1,4.0108989633704475,-1.4083398585621567,-1.5781919271681843,4.005765888690635,-1.181158648695678,-1.2683497565942274,0.22723919242081805,ARRIVED distance=0.227 yaw_error=-0.310,True
70.9,1,4.0108989633704475,-1.4083398585621567,-1.5781919271681843,4.0054286676581095,-1.1811220727168978,-1.2556895352368398,0.22728362532220034,ARRIVED distance=0.227 yaw_error=-0.323,True
70.9,1,4.0108989633704475,-1.4083398585621567,-1.5781919271681843,4.0054286676581095,-1.1811220727168978,-1.2556895352368398,0.22728362532220034,ARRIVED distance=0.227 yaw_error=-0.323,True
71.0,1,4.0108989633704475,-1.4083398585621567,-1.5781919271681843,4.0052283756397795,-1.181501731526278,-1.2479061494222765,0.22690899374497409,ARRIVED distance=0.227 yaw_error=-0.330,True
71.0,1,4.0108989633704475,-1.4083398585621567,-1.5781919271681843,4.0052283756397795,-1.181501731526278,-1.2479061494222765,0.22690899374497409,ARRIVED distance=0.227 yaw_error=-0.330,True
71.10000000000001,1,4.0108989633704475,-1.4083398585621567,-1.5781919271681843,4.005479386669625,-1.1813940906548517,-1.2365822311888144,0.22701046976439754,ARRIVED distance=0.227 yaw_error=-0.342,True
71.10000000000001,1,4.0108989633704475,-1.4083398585621567,-1.5781919271681843,4.005479386669625,-1.1813940906548517,-1.2365822311888144,0.22701046976439754,ARRIVED distance=0.227 yaw_error=-0.342,True
71.2,1,4.0108989633704475,-1.4083398585621567,-1.5781919271681843,4.005522163131077,-1.1815729601938567,-1.2265664419466384,0.22683063324073535,ARRIVED distance=0.227 yaw_error=-0.352,True
71.2,1,4.0108989633704475,-1.4083398585621567,-1.5781919271681843,4.005522163131077,-1.1815729601938567,-1.2265664419466384,0.22683063324073535,ARRIVED distance=0.227 yaw_error=-0.352,True
71.30000000000001,1,4.0108989633704475,-1.4083398585621567,-1.5781919271681843,4.005594980274388,-1.1814861663578913,-1.2244334778695205,0.22691568897586364,ARRIVED distance=0.227 yaw_error=-0.354,True
71.30000000000001,1,4.0108989633704475,-1.4083398585621567,-1.5781919271681843,4.005594980274388,-1.1814861663578913,-1.2244334778695205,0.22691568897586364,ARRIVED distance=0.227 yaw_error=-0.354,True
71.4,1,4.0108989633704475,-1.4083398585621567,-1.5781919271681843,4.005811438682217,-1.181391724417337,-1.2183273493894853,0.22700515082100758,ARRIVED distance=0.227 yaw_error=-0.360,True
71.4,1,4.0108989633704475,-1.4083398585621567,-1.5781919271681843,4.005811438682217,-1.181391724417337,-1.2183273493894853,0.22700515082100758,ARRIVED distance=0.227 yaw_error=-0.360,True
71.5,1,4.0108989633704475,-1.4083398585621567,-1.5781919271681843,4.004945881135697,-1.1814373287349387,-1.209571421646517,0.2269806098108058,ARRIVED distance=0.227 yaw_error=-0.369,True
71.5,1,4.0108989633704475,-1.4083398585621567,-1.5781919271681843,4.004945881135697,-1.1814373287349387,-1.209571421646517,0.2269806098108058,ARRIVED distance=0.227 yaw_error=-0.369,True
71.60000000000001,1,4.0108989633704475,-1.4083398585621567,-1.5781919271681843,4.005329231321146,-1.1813206365064899,-1.1979237801750349,0.22708753620104558,ARRIVED distance=0.227 yaw_error=-0.380,True
71.60000000000001,1,4.0108989633704475,-1.4083398585621567,-1.5781919271681843,4.005242956090028,-1.1813037137374516,-1.1967645436460477,0.22710658615553325,ARRIVED distance=0.227 yaw_error=-0.380,True
71.7,1,4.0108989633704475,-1.4083398585621567,-1.5781919271681843,4.004890591061389,-1.1817889916103341,-1.1876042111217,0.22663052719002064,ARRIVED distance=0.227 yaw_error=-0.391,True
71.7,1,4.0108989633704475,-1.4083398585621567,-1.5781919271681843,4.004890591061389,-1.1817889916103341,-1.1876042111217,0.22663052719002064,ARRIVED distance=0.227 yaw_error=-0.391,True
71.80000000000001,1,4.0108989633704475,-1.4083398585621567,-1.5781919271681843,4.004445701535306,-1.1822142551229946,-1.1798410210701273,0.22621766756608136,ARRIVED distance=0.226 yaw_error=-0.398,True
71.80000000000001,1,4.0108989633704475,-1.4083398585621567,-1.5781919271681843,4.004445701535306,-1.1822142551229946,-1.1798410210701273,0.22621766756608136,ARRIVED distance=0.226 yaw_error=-0.398,True
71.9,1,4.0108989633704475,-1.4083398585621567,-1.5781919271681843,4.004055854895071,-1.1820268656286852,-1.173862890721273,0.22641642807912876,ARRIVED distance=0.226 yaw_error=-0.404,True
71.9,1,4.0108989633704475,-1.4083398585621567,-1.5781919271681843,4.004055854895071,-1.1820268656286852,-1.173862890721273,0.22641642807912876,ARRIVED distance=0.226 yaw_error=-0.404,True
72.0,1,4.0108989633704475,-1.4083398585621567,-1.5781919271681843,4.003990527386955,-1.1822962835487576,-1.1620038504099097,0.22614911959275058,ARRIVED distance=0.226 yaw_error=-0.416,True
72.0,1,4.0108989633704475,-1.4083398585621567,-1.5781919271681843,4.003990527386955,-1.1822962835487576,-1.1620038504099097,0.22614911959275058,ARRIVED distance=0.226 yaw_error=-0.416,True
72.10000000000001,1,4.0108989633704475,-1.4083398585621567,-1.5781919271681843,4.004268394700344,-1.1819420346285225,-1.1487158039058412,0.2264948986683227,ARRIVED distance=0.226 yaw_error=-0.429,True
72.10000000000001,1,4.0108989633704475,-1.4083398585621567,-1.5781919271681843,4.004268394700344,-1.1819420346285225,-1.1487158039058412,0.2264948986683227,ARRIVED distance=0.226 yaw_error=-0.429,True
72.2,1,4.0108989633704475,-1.4083398585621567,-1.5781919271681843,4.003759233340428,-1.1822454753773666,-1.1404440408310212,0.22620708621219687,ARRIVED distance=0.226 yaw_error=-0.438,True
72.2,1,4.0108989633704475,-1.4083398585621567,-1.5781919271681843,4.003759233340428,-1.1822454753773666,-1.1404440408310212,0.22620708621219687,ARRIVED distance=0.226 yaw_error=-0.438,True
72.30000000000001,1,4.0108989633704475,-1.4083398585621567,-1.5781919271681843,4.003560158398387,-1.1822873007494485,-1.1322555055038526,0.22617165373248194,ARRIVED distance=0.226 yaw_error=-0.446,True
72.30000000000001,1,4.0108989633704475,-1.4083398585621567,-1.5781919271681843,4.003560158398387,-1.1822873007494485,-1.1322555055038526,0.22617165373248194,ARRIVED distance=0.226 yaw_error=-0.446,True
72.4,1,4.0108989633704475,-1.4083398585621567,-1.5781919271681843,4.003873133527948,-1.1820199599726164,-1.1220127031660432,0.2264289265587671,ALIGN_YAW distance=0.226 yaw_error=-0.456,False
72.4,1,4.0108989633704475,-1.4083398585621567,-1.5781919271681843,4.003873133527948,-1.1820199599726164,-1.1220127031660432,0.2264289265587671,ALIGN_YAW distance=0.226 yaw_error=-0.456,False
72.5,1,4.0108989633704475,-1.4083398585621567,-1.5781919271681843,4.003923809064657,-1.1817593378405442,-1.111770574890105,0.2266878584046059,ALIGN_YAW distance=0.227 yaw_error=-0.466,False
72.5,1,4.0108989633704475,-1.4083398585621567,-1.5781919271681843,4.003923809064657,-1.1817593378405442,-1.111770574890105,0.2266878584046059,ALIGN_YAW distance=0.227 yaw_error=-0.466,False
72.60000000000001,1,4.0108989633704475,-1.4083398585621567,-1.5781919271681843,4.0037853856672285,-1.1819800244418066,-1.10495112343976,0.22647158208201784,ALIGN_YAW distance=0.226 yaw_error=-0.473,False
72.60000000000001,1,4.0108989633704475,-1.4083398585621567,-1.5781919271681843,4.0037853856672285,-1.1819800244418066,-1.10495112343976,0.22647158208201784,ALIGN_YAW distance=0.226 yaw_error=-0.473,False
72.7,1,4.0108989633704475,-1.4083398585621567,-1.5781919271681843,4.003477402229918,-1.1820515795806625,-1.0942499224199798,0.22640994848762533,ALIGN_YAW distance=0.226 yaw_error=-0.484,False
72.7,1,4.0108989633704475,-1.4083398585621567,-1.5781919271681843,4.003477402229918,-1.1820515795806625,-1.0942499224199798,0.22640994848762533,ALIGN_YAW distance=0.226 yaw_error=-0.484,False
72.80000000000001,1,4.0108989633704475,-1.4083398585621567,-1.5781919271681843,4.003957129709114,-1.1816107721428475,-1.0823318775233899,0.22683533164636457,ALIGN_YAW distance=0.227 yaw_error=-0.496,False
72.80000000000001,1,4.0108989633704475,-1.4083398585621567,-1.5781919271681843,4.003957129709114,-1.1816107721428475,-1.0823318775233899,0.22683533164636457,ALIGN_YAW distance=0.227 yaw_error=-0.496,False
72.9,1,4.0108989633704475,-1.4083398585621567,-1.5781919271681843,4.004146949390768,-1.1814002745845478,-1.0754299583919569,0.22704000631763557,ALIGN_YAW distance=0.227 yaw_error=-0.503,False
72.9,1,4.0108989633704475,-1.4083398585621567,-1.5781919271681843,4.004146949390768,-1.1814002745845478,-1.0754299583919569,0.22704000631763557,ALIGN_YAW distance=0.227 yaw_error=-0.503,False
73.0,1,4.0108989633704475,-1.4083398585621567,-1.5781919271681843,4.0042118559168225,-1.1816246559817412,-1.0670423140243241,0.22681380135956275,ALIGN_YAW distance=0.227 yaw_error=-0.511,False
73.0,1,4.0108989633704475,-1.4083398585621567,-1.5781919271681843,4.0042118559168225,-1.1816246559817412,-1.0670423140243241,0.22681380135956275,ALIGN_YAW distance=0.227 yaw_error=-0.511,False
73.10000000000001,1,4.0108989633704475,-1.4083398585621567,-1.5781919271681843,4.003994262413539,-1.1817911435772686,-1.0605783150937118,0.22665391052573616,ALIGN_YAW distance=0.227 yaw_error=-0.518,False
73.10000000000001,1,4.0108989633704475,-1.4083398585621567,-1.5781919271681843,4.003994262413539,-1.1817911435772686,-1.0605783150937118,0.22665391052573616,ALIGN_YAW distance=0.227 yaw_error=-0.518,False
73.2,1,4.0108989633704475,-1.4083398585621567,-1.5781919271681843,4.0034960459648525,-1.1819043060298893,-1.0499447220505345,0.22655653298174233,ALIGN_YAW distance=0.227 yaw_error=-0.528,False
73.2,1,4.0108989633704475,-1.4083398585621567,-1.5781919271681843,4.0034960459648525,-1.1819043060298893,-1.0499447220505345,0.22655653298174233,ALIGN_YAW distance=0.227 yaw_error=-0.528,False
73.30000000000001,1,4.0108989633704475,-1.4083398585621567,-1.5781919271681843,4.003815381721681,-1.1816737505563044,-1.0407910554719393,0.22677676611040964,ALIGN_YAW distance=0.227 yaw_error=-0.537,False
73.30000000000001,1,4.0108989633704475,-1.4083398585621567,-1.5781919271681843,4.003815381721681,-1.1816737505563044,-1.0407910554719393,0.22677676611040964,ALIGN_YAW distance=0.227 yaw_error=-0.537,False
73.4,1,4.0108989633704475,-1.4083398585621567,-1.5781919271681843,4.003974297008273,-1.1814672671081314,-1.029705935783858,0.2269782451189816,ALIGN_YAW distance=0.227 yaw_error=-0.548,False
73.4,1,4.0108989633704475,-1.4083398585621567,-1.5781919271681843,4.003974297008273,-1.1814672671081314,-1.029705935783858,0.2269782451189816,ALIGN_YAW distance=0.227 yaw_error=-0.548,False
73.5,1,4.0108989633704475,-1.4083398585621567,-1.5781919271681843,4.004144192557747,-1.1813373583072573,-1.0240251195791579,0.227102976754396,ALIGN_YAW distance=0.227 yaw_error=-0.554,False
73.5,1,4.0108989633704475,-1.4083398585621567,-1.5781919271681843,4.004144192557747,-1.1813373583072573,-1.0240251195791579,0.227102976754396,ALIGN_YAW distance=0.227 yaw_error=-0.554,False
73.60000000000001,1,4.0108989633704475,-1.4083398585621567,-1.5781919271681843,4.004215038725947,-1.1812380095812878,-1.0139881530045227,0.2272001863097448,ALIGN_YAW distance=0.227 yaw_error=-0.564,False
73.60000000000001,1,4.0108989633704475,-1.4083398585621567,-1.5781919271681843,4.004215038725947,-1.1812380095812878,-1.0139881530045227,0.2272001863097448,ALIGN_YAW distance=0.227 yaw_error=-0.564,False
73.7,1,4.0108989633704475,-1.4083398585621567,-1.5781919271681843,4.0038438870545825,-1.1813081139885733,-1.0047766622882701,0.22714133737817851,ALIGN_YAW distance=0.227 yaw_error=-0.573,False
73.7,1,4.0108989633704475,-1.4083398585621567,-1.5781919271681843,4.0038438870545825,-1.1813081139885733,-1.0047766622882701,0.22714133737817851,ALIGN_YAW distance=0.227 yaw_error=-0.573,False
73.80000000000001,1,4.0108989633704475,-1.4083398585621567,-1.5781919271681843,4.0039540449788396,-1.1813327880466675,-0.9990590432691469,0.22711328000689518,ALIGN_YAW distance=0.227 yaw_error=-0.579,False
73.80000000000001,1,4.0108989633704475,-1.4083398585621567,-1.5781919271681843,4.0039540449788396,-1.1813327880466675,-0.9990590432691469,0.22711328000689518,ALIGN_YAW distance=0.227 yaw_error=-0.579,False
73.9,1,4.0108989633704475,-1.4083398585621567,-1.5781919271681843,4.003571392924383,-1.181290151313428,-0.9946363851100123,0.22716791774010578,ALIGN_YAW distance=0.227 yaw_error=-0.584,False
73.9,1,4.0108989633704475,-1.4083398585621567,-1.5781919271681843,4.00347632189078,-1.1814119663439528,-0.9936475258625135,0.22704925428887104,ALIGN_YAW distance=0.227 yaw_error=-0.584,False
74.0,1,4.0108989633704475,-1.4083398585621567,-1.5781919271681843,4.003453171369727,-1.1813583066579878,-0.9846436741965953,0.22710364313093465,ALIGN_YAW distance=0.227 yaw_error=-0.594,False
74.0,1,4.0108989633704475,-1.4083398585621567,-1.5781919271681843,4.003453171369727,-1.1813583066579878,-0.9846436741965953,0.22710364313093465,ALIGN_YAW distance=0.227 yaw_error=-0.594,False
74.10000000000001,1,4.0108989633704475,-1.4083398585621567,-1.5781919271681843,4.003454322428791,-1.1810983484222246,-0.982248590625531,0.22736342408009924,ALIGN_YAW distance=0.227 yaw_error=-0.596,False
74.10000000000001,1,4.0108989633704475,-1.4083398585621567,-1.5781919271681843,4.003454322428791,-1.1810983484222246,-0.982248590625531,0.22736342408009924,ALIGN_YAW distance=0.227 yaw_error=-0.596,False
74.2,1,4.0108989633704475,-1.4083398585621567,-1.5781919271681843,4.003699129971353,-1.1810389952123628,-0.9733503645387586,0.2274148633676709,ALIGN_YAW distance=0.227 yaw_error=-0.605,False
74.2,1,4.0108989633704475,-1.4083398585621567,-1.5781919271681843,4.003699129971353,-1.1810389952123628,-0.9733503645387586,0.2274148633676709,ALIGN_YAW distance=0.227 yaw_error=-0.605,False
74.30000000000001,1,4.0108989633704475,-1.4083398585621567,-1.5781919271681843,4.003738099015485,-1.1808291987317097,-0.9689308484391874,0.227623325506846,ALIGN_YAW distance=0.228 yaw_error=-0.609,False
74.30000000000001,1,4.0108989633704475,-1.4083398585621567,-1.5781919271681843,4.003738099015485,-1.1808291987317097,-0.9689308484391874,0.227623325506846,ALIGN_YAW distance=0.228 yaw_error=-0.609,False
74.4,1,4.0108989633704475,-1.4083398585621567,-1.5781919271681843,4.003776759874668,-1.1806857525550951,-0.9600972371244195,0.2277654885282442,ALIGN_YAW distance=0.228 yaw_error=-0.618,False
74.4,1,4.0108989633704475,-1.4083398585621567,-1.5781919271681843,4.003776759874668,-1.1806857525550951,-0.9600972371244195,0.2277654885282442,ALIGN_YAW distance=0.228 yaw_error=-0.618,False
74.5,1,4.0108989633704475,-1.4083398585621567,-1.5781919271681843,4.0040752443269545,-1.180501891030267,-0.9514079911467082,0.2279401293994697,ALIGN_YAW distance=0.228 yaw_error=-0.627,False
74.5,1,4.0108989633704475,-1.4083398585621567,-1.5781919271681843,4.0040752443269545,-1.180501891030267,-0.9514079911467082,0.2279401293994697,ALIGN_YAW distance=0.228 yaw_error=-0.627,False
74.60000000000001,1,4.0108989633704475,-1.4083398585621567,-1.5781919271681843,4.003802077432458,-1.1803850487501701,-0.9493586564149145,0.22806525624574164,ALIGN_YAW distance=0.228 yaw_error=-0.629,False
74.60000000000001,1,4.0108989633704475,-1.4083398585621567,-1.5781919271681843,4.003802077432458,-1.1803850487501701,-0.9493586564149145,0.22806525624574164,ALIGN_YAW distance=0.228 yaw_error=-0.629,False
74.7,1,4.0108989633704475,-1.4083398585621567,-1.5781919271681843,4.003771444957481,-1.1801313311301451,-0.939423089736984,0.22831980534201224,ALIGN_YAW distance=0.228 yaw_error=-0.639,False
74.7,1,4.0108989633704475,-1.4083398585621567,-1.5781919271681843,4.003771444957481,-1.1801313311301451,-0.939423089736984,0.22831980534201224,ALIGN_YAW distance=0.228 yaw_error=-0.639,False
74.80000000000001,1,4.0108989633704475,-1.4083398585621567,-1.5781919271681843,4.003165623620124,-1.1804916019415759,-0.9280240180058816,0.22797945650591414,ALIGN_YAW distance=0.228 yaw_error=-0.650,False
74.80000000000001,1,4.0108989633704475,-1.4083398585621567,-1.5781919271681843,4.003165623620124,-1.1804916019415759,-0.9280240180058816,0.22797945650591414,ALIGN_YAW distance=0.228 yaw_error=-0.650,False
74.9,1,4.0108989633704475,-1.4083398585621567,-1.5781919271681843,4.002494196093879,-1.1811535711529246,-0.9190521579729038,0.22734170162942713,ALIGN_YAW distance=0.227 yaw_error=-0.659,False
74.9,1,4.0108989633704475,-1.4083398585621567,-1.5781919271681843,4.002494196093879,-1.1811535711529246,-0.9190521579729038,0.22734170162942713,ALIGN_YAW distance=0.227 yaw_error=-0.659,False
75.0,1,4.0108989633704475,-1.4083398585621567,-1.5781919271681843,4.002811670983314,-1.1809206833148103,-0.9051679531301622,0.22756292661226316,ALIGN_YAW distance=0.228 yaw_error=-0.672,False
75.0,1,4.0108989633704475,-1.4083398585621567,-1.5781919271681843,4.002811670983314,-1.1809206833148103,-0.9051679531301622,0.22756292661226316,ALIGN_YAW distance=0.228 yaw_error=-0.672,False
75.10000000000001,1,4.0108989633704475,-1.4083398585621567,-1.5781919271681843,4.002922874186208,-1.1807222270814737,-0.8962683685317547,0.22775733612674473,ALIGN_YAW distance=0.228 yaw_error=-0.682,False
75.10000000000001,1,4.0108989633704475,-1.4083398585621567,-1.5781919271681843,4.002922874186208,-1.1807222270814737,-0.8962683685317547,0.22775733612674473,ALIGN_YAW distance=0.228 yaw_error=-0.682,False
75.2,1,4.0108989633704475,-1.4083398585621567,-1.5781919271681843,4.002855084778569,-1.1807952648149957,-0.8857266268720286,0.22768672804175785,ALIGN_YAW distance=0.228 yaw_error=-0.692,False
75.2,1,4.0108989633704475,-1.4083398585621567,-1.5781919271681843,4.002855084778569,-1.1807952648149957,-0.8857266268720286,0.22768672804175785,ALIGN_YAW distance=0.228 yaw_error=-0.692,False
75.30000000000001,1,4.0108989633704475,-1.4083398585621567,-1.5781919271681843,4.00277239093905,-1.1808751201701273,-0.8815896487890389,0.2276098600483668,ALIGN_YAW distance=0.228 yaw_error=-0.697,False
75.30000000000001,1,4.0108989633704475,-1.4083398585621567,-1.5781919271681843,4.00277239093905,-1.1808751201701273,-0.8815896487890389,0.2276098600483668,ALIGN_YAW distance=0.228 yaw_error=-0.697,False
75.4,1,4.0108989633704475,-1.4083398585621567,-1.5781919271681843,4.00280366777104,-1.1806226879313078,-0.8736051318776601,0.22786101819082824,ALIGN_YAW distance=0.228 yaw_error=-0.705,False
75.4,1,4.0108989633704475,-1.4083398585621567,-1.5781919271681843,4.00280366777104,-1.1806226879313078,-0.8736051318776601,0.22786101819082824,ALIGN_YAW distance=0.228 yaw_error=-0.705,False
75.5,1,4.0108989633704475,-1.4083398585621567,-1.5781919271681843,4.002622553106129,-1.1809205617002414,-0.8643286384940037,0.22756984763371285,ALIGN_YAW distance=0.228 yaw_error=-0.714,False
75.5,1,4.0108989633704475,-1.4083398585621567,-1.5781919271681843,4.002622553106129,-1.1809205617002414,-0.8643286384940037,0.22756984763371285,ALIGN_YAW distance=0.228 yaw_error=-0.714,False
75.60000000000001,1,4.0108989633704475,-1.4083398585621567,-1.5781919271681843,4.002797384864481,-1.1808315778725689,-0.856026017045759,0.22765248374797192,ALIGN_YAW distance=0.228 yaw_error=-0.722,False
75.60000000000001,1,4.0108989633704475,-1.4083398585621567,-1.5781919271681843,4.002797384864481,-1.1808315778725689,-0.856026017045759,0.22765248374797192,ALIGN_YAW distance=0.228 yaw_error=-0.722,False
75.7,1,4.0108989633704475,-1.4083398585621567,-1.5781919271681843,4.002828044409946,-1.1807569543923642,-0.8470378194698663,0.2277259712971359,ALIGN_YAW distance=0.228 yaw_error=-0.731,False
75.7,1,4.0108989633704475,-1.4083398585621567,-1.5781919271681843,4.002828044409946,-1.1807569543923642,-0.8470378194698663,0.2277259712971359,ALIGN_YAW distance=0.228 yaw_error=-0.731,False
75.80000000000001,1,4.0108989633704475,-1.4083398585621567,-1.5781919271681843,4.002327745944978,-1.1811203720680505,-0.8385441038244774,0.22738109158590994,ALIGN_YAW distance=0.227 yaw_error=-0.740,False
75.80000000000001,1,4.0108989633704475,-1.4083398585621567,-1.5781919271681843,4.002327745944978,-1.1811203720680505,-0.8385441038244774,0.22738109158590994,ALIGN_YAW distance=0.227 yaw_error=-0.740,False
75.9,1,4.0108989633704475,-1.4083398585621567,-1.5781919271681843,4.002729301591838,-1.1810811119869684,-0.8307573499617242,0.22740554361866935,ALIGN_YAW distance=0.227 yaw_error=-0.747,False
75.9,1,4.0108989633704475,-1.4083398585621567,-1.5781919271681843,4.002729301591838,-1.1810811119869684,-0.8307573499617242,0.22740554361866935,ALIGN_YAW distance=0.227 yaw_error=-0.747,False
76.0,1,4.0108989633704475,-1.4083398585621567,-1.5781919271681843,4.002876819655789,-1.1805387196987482,-0.821895501644505,0.2279423472223723,ALIGN_YAW distance=0.228 yaw_error=-0.756,False
76.0,1,4.0108989633704475,-1.4083398585621567,-1.5781919271681843,4.002876819655789,-1.1805387196987482,-0.821895501644505,0.2279423472223723,ALIGN_YAW distance=0.228 yaw_error=-0.756,False
76.10000000000001,1,4.0108989633704475,-1.4083398585621567,-1.5781919271681843,4.002950055750847,-1.1802962683561309,-0.8124641769781624,0.22818208555098882,ALIGN_YAW distance=0.228 yaw_error=-0.766,False
76.10000000000001,1,4.0108989633704475,-1.4083398585621567,-1.5781919271681843,4.002950055750847,-1.1802962683561309,-0.8124641769781624,0.22818208555098882,ALIGN_YAW distance=0.228 yaw_error=-0.766,False
76.2,1,4.0108989633704475,-1.4083398585621567,-1.5781919271681843,4.003528493317968,-1.1798916727741549,-0.8017609869629369,0.22856705234706054,ALIGN_YAW distance=0.229 yaw_error=-0.776,False
76.2,1,4.0108989633704475,-1.4083398585621567,-1.5781919271681843,4.003528493317968,-1.1798916727741549,-0.8017609869629369,0.22856705234706054,ALIGN_YAW distance=0.229 yaw_error=-0.776,False
76.30000000000001,1,4.0108989633704475,-1.4083398585621567,-1.5781919271681843,4.003662662511992,-1.1793481217257173,-0.7938141137073101,0.22910604441935437,ALIGN_YAW distance=0.229 yaw_error=-0.784,False
76.30000000000001,1,4.0108989633704475,-1.4083398585621567,-1.5781919271681843,4.003662662511992,-1.1793481217257173,-0.7938141137073101,0.22910604441935437,ALIGN_YAW distance=0.229 yaw_error=-0.784,False
76.4,1,4.0108989633704475,-1.4083398585621567,-1.5781919271681843,4.003675294154541,-1.1796950374244244,-0.7832887276996386,0.2287589028432477,ALIGN_YAW distance=0.229 yaw_error=-0.795,False
76.4,1,4.0108989633704475,-1.4083398585621567,-1.5781919271681843,4.003675294154541,-1.1796950374244244,-0.7832887276996386,0.2287589028432477,ALIGN_YAW distance=0.229 yaw_error=-0.795,False
76.5,1,4.0108989633704475,-1.4083398585621567,-1.5781919271681843,4.003201773553233,-1.180096997996176,-0.7726061827618669,0.22837261247886964,ALIGN_YAW distance=0.228 yaw_error=-0.806,False
76.5,1,4.0108989633704475,-1.4083398585621567,-1.5781919271681843,4.003201773553233,-1.180096997996176,-0.7726061827618669,0.22837261247886964,ALIGN_YAW distance=0.228 yaw_error=-0.806,False
76.60000000000001,1,4.0108989633704475,-1.4083398585621567,-1.5781919271681843,4.002577059197648,-1.1803433740220504,-0.7640158648707073,0.2281483093334426,ALIGN_YAW distance=0.228 yaw_error=-0.814,False
76.60000000000001,1,4.0108989633704475,-1.4083398585621567,-1.5781919271681843,4.002577059197648,-1.1803433740220504,-0.7640158648707073,0.2281483093334426,ALIGN_YAW distance=0.228 yaw_error=-0.814,False
76.7,1,4.0108989633704475,-1.4083398585621567,-1.5781919271681843,4.00252366686007,-1.1804727553880643,-0.7525853406016423,0.228020968993181,ALIGN_YAW distance=0.228 yaw_error=-0.826,False
76.7,1,4.0108989633704475,-1.4083398585621567,-1.5781919271681843,4.00253800963623,-1.1805417359557722,-0.7514252341807236,0.22795150846252177,ALIGN_YAW distance=0.228 yaw_error=-0.826,False
76.80000000000001,1,4.0108989633704475,-1.4083398585621567,-1.5781919271681843,4.002240808517565,-1.1806585569863337,-0.7426791450510617,0.22784586617430072,ALIGN_YAW distance=0.228 yaw_error=-0.836,False
76.80000000000001,1,4.0108989633704475,-1.4083398585621567,-1.5781919271681843,4.002240808517565,-1.1806585569863337,-0.7426791450510617,0.22784586617430072,ALIGN_YAW distance=0.228 yaw_error=-0.836,False
76.9,1,4.0108989633704475,-1.4083398585621567,-1.5781919271681843,4.002220348450799,-1.1802358119375695,-0.7325246288126774,0.22826908341568153,ALIGN_YAW distance=0.228 yaw_error=-0.846,False
76.9,1,4.0108989633704475,-1.4083398585621567,-1.5781919271681843,4.002220348450799,-1.1802358119375695,-0.7325246288126774,0.22826908341568153,ALIGN_YAW distance=0.228 yaw_error=-0.846,False
77.0,1,4.0108989633704475,-1.4083398585621567,-1.5781919271681843,4.002476622165541,-1.1799642918688222,-0.7230212250127886,0.22853081913359855,ALIGN_YAW distance=0.229 yaw_error=-0.855,False
77.0,1,4.0108989633704475,-1.4083398585621567,-1.5781919271681843,4.002476622165541,-1.1799642918688222,-0.7230212250127886,0.22853081913359855,ALIGN_YAW distance=0.229 yaw_error=-0.855,False
77.10000000000001,1,4.0108989633704475,-1.4083398585621567,-1.5781919271681843,4.002306547120556,-1.1802410458184398,-0.7118774539473285,0.2282605922889552,ALIGN_YAW distance=0.228 yaw_error=-0.866,False
77.10000000000001,1,4.0108989633704475,-1.4083398585621567,-1.5781919271681843,4.002306547120556,-1.1802410458184398,-0.7118774539473285,0.2282605922889552,ALIGN_YAW distance=0.228 yaw_error=-0.866,False
77.2,1,4.0108989633704475,-1.4083398585621567,-1.5781919271681843,4.002775281117289,-1.1797481164226342,-0.7003819181748672,0.228736046104964,ALIGN_YAW distance=0.229 yaw_error=-0.878,False
77.2,1,4.0108989633704475,-1.4083398585621567,-1.5781919271681843,4.002775281117289,-1.1797481164226342,-0.7003819181748672,0.228736046104964,ALIGN_YAW distance=0.229 yaw_error=-0.878,False
77.30000000000001,1,4.0108989633704475,-1.4083398585621567,-1.5781919271681843,4.002744102385225,-1.179416450715994,-0.6882280603045255,0.22906861072086854,ALIGN_YAW distance=0.229 yaw_error=-0.890,False
77.30000000000001,1,4.0108989633704475,-1.4083398585621567,-1.5781919271681843,4.002744102385225,-1.179416450715994,-0.6882280603045255,0.22906861072086854,ALIGN_YAW distance=0.229 yaw_error=-0.890,False
77.4,1,4.0108989633704475,-1.4083398585621567,-1.5781919271681843,4.00287154756766,-1.1791039161800794,-0.6800173792834387,0.2293764518957208,ALIGN_YAW distance=0.229 yaw_error=-0.898,False
77.4,1,4.0108989633704475,-1.4083398585621567,-1.5781919271681843,4.00287154756766,-1.1791039161800794,-0.6800173792834387,0.2293764518957208,ALIGN_YAW distance=0.229 yaw_error=-0.898,False
77.5,1,4.0108989633704475,-1.4083398585621567,-1.5781919271681843,4.002941783907462,-1.1792729372571624,-0.6682057312151433,0.22920508533004802,ALIGN_YAW distance=0.229 yaw_error=-0.910,False
77.5,1,4.0108989633704475,-1.4083398585621567,-1.5781919271681843,4.002941783907462,-1.1792729372571624,-0.6682057312151433,0.22920508533004802,ALIGN_YAW distance=0.229 yaw_error=-0.910,False
77.60000000000001,1,4.0108989633704475,-1.4083398585621567,-1.5781919271681843,4.003052396688041,-1.1789585843024133,-0.6543557895452868,0.22951544085251668,ALIGN_YAW distance=0.230 yaw_error=-0.924,False
77.60000000000001,1,4.0108989633704475,-1.4083398585621567,-1.5781919271681843,4.003052396688041,-1.1789585843024133,-0.6543557895452868,0.22951544085251668,ALIGN_YAW distance=0.230 yaw_error=-0.924,False
77.7,1,4.0108989633704475,-1.4083398585621567,-1.5781919271681843,4.003148117692985,-1.1786936626928968,-0.6422457955937715,0.22977695899706382,ALIGN_YAW distance=0.230 yaw_error=-0.936,False
77.7,1,4.0108989633704475,-1.4083398585621567,-1.5781919271681843,4.003148117692985,-1.1786936626928968,-0.6422457955937715,0.22977695899706382,ALIGN_YAW distance=0.230 yaw_error=-0.936,False
77.80000000000001,1,4.0108989633704475,-1.4083398585621567,-1.5781919271681843,4.002898357656846,-1.179102700622945,-0.6324179975396769,0.22937673001381714,ALIGN_YAW distance=0.229 yaw_error=-0.946,False
77.80000000000001,1,4.0108989633704475,-1.4083398585621567,-1.5781919271681843,4.002898357656846,-1.179102700622945,-0.6324179975396769,0.22937673001381714,ALIGN_YAW distance=0.229 yaw_error=-0.946,False
77.9,1,4.0108989633704475,-1.4083398585621567,-1.5781919271681843,4.00306837696548,-1.17868166555412,-0.6247082312824088,0.22979165280567165,ALIGN_YAW distance=0.230 yaw_error=-0.953,False
77.9,1,4.0108989633704475,-1.4083398585621567,-1.5781919271681843,4.00306837696548,-1.17868166555412,-0.6247082312824088,0.22979165280567165,ALIGN_YAW distance=0.230 yaw_error=-0.953,False
78.0,1,4.0108989633704475,-1.4083398585621567,-1.5781919271681843,4.003265336149728,-1.1785635341358425,-0.6154106728098214,0.22990309160907715,ALIGN_YAW distance=0.230 yaw_error=-0.963,False
78.0,1,4.0108989633704475,-1.4083398585621567,-1.5781919271681843,4.003265336149728,-1.1785635341358425,-0.6154106728098214,0.22990309160907715,ALIGN_YAW distance=0.230 yaw_error=-0.963,False
78.10000000000001,1,4.0108989633704475,-1.4083398585621567,-1.5781919271681843,4.003330890804045,-1.1782405591365104,-0.6051981719397453,0.23022372449107756,ALIGN_YAW distance=0.230 yaw_error=-0.973,False
78.10000000000001,1,4.0108989633704475,-1.4083398585621567,-1.5781919271681843,4.003330890804045,-1.1782405591365104,-0.6051981719397453,0.23022372449107756,ALIGN_YAW distance=0.230 yaw_error=-0.973,False
78.2,1,4.0108989633704475,-1.4083398585621567,-1.5781919271681843,4.003159680909835,-1.178275959156837,-0.5962895863941683,0.23019403620117138,ALIGN_YAW distance=0.230 yaw_error=-0.982,False
78.2,1,4.0108989633704475,-1.4083398585621567,-1.5781919271681843,4.003159680909835,-1.178275959156837,-0.5962895863941683,0.23019403620117138,ALIGN_YAW distance=0.230 yaw_error=-0.982,False
78.30000000000001,1,4.0108989633704475,-1.4083398585621567,-1.5781919271681843,4.0030439125864845,-1.1784061806808859,-0.5863097065795333,0.23006781184430528,ALIGN_YAW distance=0.230 yaw_error=-0.992,False
78.30000000000001,1,4.0108989633704475,-1.4083398585621567,-1.5781919271681843,4.0030439125864845,-1.1784061806808859,-0.5863097065795333,0.23006781184430528,ALIGN_YAW distance=0.230 yaw_error=-0.992,False
78.4,1,4.0108989633704475,-1.4083398585621567,-1.5781919271681843,4.003269632971495,-1.1780586156399682,-0.5759228299608172,0.2304075899881,ALIGN_YAW distance=0.230 yaw_error=-1.002,False
78.4,1,4.0108989633704475,-1.4083398585621567,-1.5781919271681843,4.003269632971495,-1.1780586156399682,-0.5759228299608172,0.2304075899881,ALIGN_YAW distance=0.230 yaw_error=-1.002,False
78.5,1,4.0108989633704475,-1.4083398585621567,-1.5781919271681843,4.003088841317012,-1.1780173992096068,-0.5641233183525538,0.23045484002011452,ALIGN_YAW distance=0.230 yaw_error=-1.014,False
78.5,1,4.0108989633704475,-1.4083398585621567,-1.5781919271681843,4.003088841317012,-1.1780173992096068,-0.5641233183525538,0.23045484002011452,ALIGN_YAW distance=0.230 yaw_error=-1.014,False
78.60000000000001,1,4.0108989633704475,-1.4083398585621567,-1.5781919271681843,4.003477541159026,-1.1780137851920538,-0.5561940373097104,0.23044560655766516,ALIGN_YAW distance=0.230 yaw_error=-1.022,False
78.60000000000001,1,4.0108989633704475,-1.4083398585621567,-1.5781919271681843,4.003477541159026,-1.1780137851920538,-0.5561940373097104,0.23044560655766516,ALIGN_YAW distance=0.230 yaw_error=-1.022,False
78.7,1,4.0108989633704475,-1.4083398585621567,-1.5781919271681843,4.003790247832629,-1.1772704426783809,-0.5437256780663277,0.23117873776250916,ALIGN_YAW distance=0.231 yaw_error=-1.034,False
78.7,1,4.0108989633704475,-1.4083398585621567,-1.5781919271681843,4.003790247832629,-1.1772704426783809,-0.5437256780663277,0.23117873776250916,ALIGN_YAW distance=0.231 yaw_error=-1.034,False
78.80000000000001,1,4.0108989633704475,-1.4083398585621567,-1.5781919271681843,4.003407328805276,-1.177385793431171,-0.5362317185173856,0.23107553914031168,ALIGN_YAW distance=0.231 yaw_error=-1.042,False
78.80000000000001,1,4.0108989633704475,-1.4083398585621567,-1.5781919271681843,4.003407328805276,-1.177385793431171,-0.5362317185173856,0.23107553914031168,ALIGN_YAW distance=0.231 yaw_error=-1.042,False
78.9,1,4.0108989633704475,-1.4083398585621567,-1.5781919271681843,4.003416111677242,-1.1774874783187463,-0.5278019702401929,0.2309736230254672,ALIGN_YAW distance=0.231 yaw_error=-1.050,False
78.9,1,4.0108989633704475,-1.4083398585621567,-1.5781919271681843,4.003416111677242,-1.1774874783187463,-0.5278019702401929,0.2309736230254672,ALIGN_YAW distance=0.231 yaw_error=-1.050,False
79.0,1,4.0108989633704475,-1.4083398585621567,-1.5781919271681843,4.003435737613728,-1.1777269194071676,-0.5177424998530074,0.2307336721079056,ALIGN_YAW distance=0.231 yaw_error=-1.059,False
79.0,1,4.0108989633704475,-1.4083398585621567,-1.5781919271681843,4.003435737613728,-1.1777269194071676,-0.5177424998530074,0.2307336721079056,ALIGN_YAW distance=0.231 yaw_error=-1.059,False
79.10000000000001,1,4.0108989633704475,-1.4083398585621567,-1.5781919271681843,4.003841755571033,-1.1771631830962357,-0.5093180790066124,0.23128436925438756,ALIGN_YAW distance=0.231 yaw_error=-1.069,False
79.10000000000001,1,4.0108989633704475,-1.4083398585621567,-1.5781919271681843,4.003841755571033,-1.1771631830962357,-0.5093180790066124,0.23128436925438756,ALIGN_YAW distance=0.231 yaw_error=-1.069,False
79.2,1,4.0108989633704475,-1.4083398585621567,-1.5781919271681843,4.003731047568138,-1.177101289709133,-0.49714748135670245,0.23134963743681022,ALIGN_YAW distance=0.231 yaw_error=-1.081,False
79.2,1,4.0108989633704475,-1.4083398585621567,-1.5781919271681843,4.003731047568138,-1.177101289709133,-0.49714748135670245,0.23134963743681022,ALIGN_YAW distance=0.231 yaw_error=-1.081,False
79.30000000000001,1,4.0108989633704475,-1.4083398585621567,-1.5781919271681843,4.0039368758589085,-1.1768439069659613,-0.48936554222436396,0.23160061802151213,ALIGN_YAW distance=0.232 yaw_error=-1.089,False
79.30000000000001,1,4.0108989633704475,-1.4083398585621567,-1.5781919271681843,4.0039368758589085,-1.1768439069659613,-0.48936554222436396,0.23160061802151213,ALIGN_YAW distance=0.232 yaw_error=-1.089,False
79.4,1,4.0108989633704475,-1.4083398585621567,-1.5781919271681843,4.003980934701699,-1.1769543684867143,-0.4820939393836088,0.23148888556065556,ALIGN_YAW distance=0.231 yaw_error=-1.096,False
79.4,1,4.0108989633704475,-1.4083398585621567,-1.5781919271681843,4.003980934701699,-1.1769543684867143,-0.4820939393836088,0.23148888556065556,ALIGN_YAW distance=0.231 yaw_error=-1.096,False
79.5,1,4.0108989633704475,-1.4083398585621567,-1.5781919271681843,4.004334231255478,-1.1764236983768215,-0.47248863224557347,0.23200905383810216,ALIGN_YAW distance=0.232 yaw_error=-1.106,False
79.5,1,4.0108989633704475,-1.4083398585621567,-1.5781919271681843,4.004334231255478,-1.1764236983768215,-0.47248863224557347,0.23200905383810216,ALIGN_YAW distance=0.232 yaw_error=-1.106,False
79.60000000000001,1,4.0108989633704475,-1.4083398585621567,-1.5781919271681843,4.004103960954536,-1.1761160288324948,-0.4619157391069295,0.2323232212934025,ALIGN_YAW distance=0.232 yaw_error=-1.116,False
79.60000000000001,1,4.0108989633704475,-1.4083398585621567,-1.5781919271681843,4.004103960954536,-1.1761160288324948,-0.4619157391069295,0.2323232212934025,ALIGN_YAW distance=0.232 yaw_error=-1.116,False
79.7,1,4.0108989633704475,-1.4083398585621567,-1.5781919271681843,4.003989745930796,-1.1763341108807142,-0.4547848233057637,0.2321086044136528,ALIGN_YAW distance=0.232 yaw_error=-1.123,False
79.7,1,4.0108989633704475,-1.4083398585621567,-1.5781919271681843,4.003989745930796,-1.1763341108807142,-0.4547848233057637,0.2321086044136528,ALIGN_YAW distance=0.232 yaw_error=-1.123,False
79.80000000000001,1,4.0108989633704475,-1.4083398585621567,-1.5781919271681843,4.003648470857893,-1.17647833439823,-0.4470033886532409,0.23197486077007098,ALIGN_YAW distance=0.232 yaw_error=-1.131,False
79.80000000000001,1,4.0108989633704475,-1.4083398585621567,-1.5781919271681843,4.003648470857893,-1.17647833439823,-0.4470033886532409,0.23197486077007098,ALIGN_YAW distance=0.232 yaw_error=-1.131,False
79.9,1,4.0108989633704475,-1.4083398585621567,-1.5781919271681843,4.003429624251119,-1.1763642736256368,-0.43587779665468257,0.23209580572151686,ALIGN_YAW distance=0.232 yaw_error=-1.142,False
79.9,1,4.0108989633704475,-1.4083398585621567,-1.5781919271681843,4.003429624251119,-1.1763642736256368,-0.43587779665468257,0.23209580572151686,ALIGN_YAW distance=0.232 yaw_error=-1.142,False
80.0,1,4.0108989633704475,-1.4083398585621567,-1.5781919271681843,4.003528509350729,-1.1767038538742016,-0.42703126669597813,0.23175323570611725,ALIGN_YAW distance=0.232 yaw_error=-1.151,False
80.0,1,4.0108989633704475,-1.4083398585621567,-1.5781919271681843,4.003528509350729,-1.1767038538742016,-0.42703126669597813,0.23175323570611725,ALIGN_YAW distance=0.232 yaw_error=-1.151,False
80.0,1,4.0108989633704475,-1.4083398585621567,-1.5781919271681843,4.003242599425358,-1.176960409624241,-0.41951398668512824,0.2315060891200774,ALIGN_YAW distance=0.232 yaw_error=-1.159,False
80.10000000000001,1,4.0108989633704475,-1.4083398585621567,-1.5781919271681843,4.003242599425358,-1.176960409624241,-0.41951398668512824,0.2315060891200774,ALIGN_YAW distance=0.232 yaw_error=-1.159,False
80.2,1,4.0108989633704475,-1.4083398585621567,-1.5781919271681843,4.003591741588808,-1.176602616180091,-0.4099887372431363,0.23185242072708728,ALIGN_YAW distance=0.232 yaw_error=-1.168,False
80.2,1,4.0108989633704475,-1.4083398585621567,-1.5781919271681843,4.003591741588808,-1.176602616180091,-0.4099887372431363,0.23185242072708728,ALIGN_YAW distance=0.232 yaw_error=-1.168,False
80.30000000000001,1,4.0108989633704475,-1.4083398585621567,-1.5781919271681843,4.003527856702455,-1.1767361232737452,-0.40056033311093353,0.23172100339212998,ALIGN_YAW distance=0.232 yaw_error=-1.178,False
80.30000000000001,1,4.0108989633704475,-1.4083398585621567,-1.5781919271681843,4.003527856702455,-1.1767361232737452,-0.40056033311093353,0.23172100339212998,ALIGN_YAW distance=0.232 yaw_error=-1.178,False
80.4,1,4.0,4.0,1.5707963267948963,4.003833522181663,-1.1767177839466973,-0.395362781301464,5.176719203368319,ALIGN_YAW distance=0.232 yaw_error=-1.183,False
80.4,1,4.0,4.0,1.5707963267948963,4.003833522181663,-1.1767177839466973,-0.395362781301464,5.176719203368319,ALIGN_YAW distance=0.232 yaw_error=-1.183,False
80.4,1,4.0,4.0,1.5707963267948963,4.003833522181663,-1.1767177839466973,-0.395362781301464,5.176719203368319,GOAL_RECEIVED frame=odom x=4.000 y=4.000,False
80.5,1,4.0,4.0,1.5707963267948963,4.0035372241460765,-1.1768347905786707,-0.3856179987881629,5.176835999034581,TRACKING distance=5.177 heading_error=1.957 linear=0.000 angular=-0.430 ,False
80.5,1,4.0,4.0,1.5707963267948963,4.0035372241460765,-1.1768347905786707,-0.3856179987881629,5.176835999034581,TRACKING distance=5.177 heading_error=1.957 linear=0.000 angular=-0.370 ,False
80.60000000000001,1,4.0,4.0,1.5707963267948963,4.003502728860726,-1.177143558696994,-0.3763279195226868,5.177144743627248,TRACKING distance=5.177 heading_error=1.948 linear=0.000 angular=-0.250 ,False
80.60000000000001,1,4.0,4.0,1.5707963267948963,4.003502728860726,-1.177143558696994,-0.3763279195226868,5.177144743627248,TRACKING distance=5.177 heading_error=1.948 linear=0.000 angular=-0.190 ,False
80.7,1,4.0,4.0,1.5707963267948963,4.0031970060540765,-1.1776044946095257,-0.3735166607539191,5.177605481634195,TRACKING distance=5.178 heading_error=1.945 linear=0.000 angular=-0.070 ,False
80.7,1,4.0,4.0,1.5707963267948963,4.0031970060540765,-1.1776044946095257,-0.3735166607539191,5.177605481634195,TRACKING distance=5.178 heading_error=1.945 linear=0.000 angular=-0.010 ,False
80.80000000000001,1,4.0,4.0,1.5707963267948963,4.003071512829999,-1.177737711436742,-0.3819941434531974,5.177738622470746,TRACKING distance=5.178 heading_error=1.953 linear=0.000 angular=0.110 ,False
80.80000000000001,1,4.0,4.0,1.5707963267948963,4.003071512829999,-1.177737711436742,-0.3819941434531974,5.177738622470746,TRACKING distance=5.178 heading_error=1.953 linear=0.000 angular=0.170 ,False
80.9,1,4.0,4.0,1.5707963267948963,4.003427477586726,-1.1778371619901062,-0.3936397120966801,5.177838296402116,TRACKING distance=5.178 heading_error=1.965 linear=0.000 angular=0.290 ,False
80.9,1,4.0,4.0,1.5707963267948963,4.003427477586726,-1.1778371619901062,-0.3936397120966801,5.177838296402116,TRACKING distance=5.178 heading_error=1.965 linear=0.000 angular=0.350 ,False
81.0,1,4.0,4.0,1.5707963267948963,4.00332321459118,-1.1784332043787311,-0.39682301712772355,5.1784342707006905,TRACKING distance=5.178 heading_error=1.968 linear=0.000 angular=0.470 ,False
81.0,1,4.0,4.0,1.5707963267948963,4.00332321459118,-1.1784332043787311,-0.39682301712772355,5.1784342707006905,TRACKING distance=5.178 heading_error=1.968 linear=0.000 angular=0.530 ,False
81.10000000000001,1,4.0,4.0,1.5707963267948963,4.003220789040781,-1.1783191739075602,-0.390831685734009,5.178320175533831,TRACKING distance=5.178 heading_error=1.962 linear=0.000 angular=0.550 ,False
81.10000000000001,1,4.0,4.0,1.5707963267948963,4.003220789040781,-1.1783191739075602,-0.390831685734009,5.178320175533831,TRACKING distance=5.178 heading_error=1.962 linear=0.000 angular=0.550 ,False
81.2,1,4.0,4.0,1.5707963267948963,4.002281341102269,-1.1776364948622071,-0.383449077333218,5.177636997458032,TRACKING distance=5.178 heading_error=1.955 linear=0.000 angular=0.550 ,False
81.2,1,4.0,4.0,1.5707963267948963,4.002281341102269,-1.1776364948622071,-0.383449077333218,5.177636997458032,TRACKING distance=5.178 heading_error=1.955 linear=0.000 angular=0.550 ,False
81.30000000000001,1,4.0,4.0,1.5707963267948963,4.0023278397248365,-1.1773115379684347,-0.3698236472275629,5.177312061293859,TRACKING distance=5.177 heading_error=1.941 linear=0.000 angular=0.550 ,False
81.30000000000001,1,4.0,4.0,1.5707963267948963,4.0023278397248365,-1.1773115379684347,-0.3698236472275629,5.177312061293859,TRACKING distance=5.177 heading_error=1.941 linear=0.000 angular=0.550 ,False
81.4,1,4.0,4.0,1.5707963267948963,4.0024150061014065,-1.1773048896108342,-0.3471204777342199,5.177305452862784,TRACKING distance=5.177 heading_error=1.918 linear=0.000 angular=0.550 ,False
81.4,1,4.0,4.0,1.5707963267948963,4.002488526807277,-1.1773025406452937,-0.34485163180244904,5.177303138714005,TRACKING distance=5.177 heading_error=1.918 linear=0.000 angular=0.550 ,False
81.5,1,4.0,4.0,1.5707963267948963,4.00227875449854,-1.1767745160625998,-0.3224149421850438,5.176775017602873,TRACKING distance=5.177 heading_error=1.894 linear=0.000 angular=0.550 ,False
81.5,1,4.0,4.0,1.5707963267948963,4.00227875449854,-1.1767745160625998,-0.3224149421850438,5.176775017602873,TRACKING distance=5.177 heading_error=1.894 linear=0.000 angular=0.550 ,False
81.60000000000001,1,4.0,4.0,1.5707963267948963,4.0014598415300595,-1.1769844062396984,-0.2993892659061871,5.176984612067753,TRACKING distance=5.177 heading_error=1.870 linear=0.000 angular=0.550 ,False
81.60000000000001,1,4.0,4.0,1.5707963267948963,4.0014598415300595,-1.1769844062396984,-0.2993892659061871,5.176984612067753,TRACKING distance=5.177 heading_error=1.870 linear=0.000 angular=0.550 ,False
81.7,1,4.0,4.0,1.5707963267948963,4.001493858254889,-1.176348521084145,-0.27583025661550264,5.176348736642702,TRACKING distance=5.176 heading_error=1.847 linear=0.000 angular=0.550 ,False
81.7,1,4.0,4.0,1.5707963267948963,4.001493858254889,-1.176348521084145,-0.27583025661550264,5.176348736642702,TRACKING distance=5.176 heading_error=1.847 linear=0.000 angular=0.550 ,False
81.80000000000001,1,4.0,4.0,1.5707963267948963,4.00068226889315,-1.1764933778974802,-0.25195433259726635,5.1764934228594655,TRACKING distance=5.176 heading_error=1.823 linear=0.000 angular=0.550 ,False
81.80000000000001,1,4.0,4.0,1.5707963267948963,4.00068226889315,-1.1764933778974802,-0.25195433259726635,5.1764934228594655,TRACKING distance=5.176 heading_error=1.823 linear=0.000 angular=0.550 ,False
81.9,1,4.0,4.0,1.5707963267948963,4.0011985992158525,-1.1764993057152415,-0.22991337899692732,5.176499444480841,TRACKING distance=5.176 heading_error=1.801 linear=0.000 angular=0.550 ,False
81.9,1,4.0,4.0,1.5707963267948963,4.0011985992158525,-1.1764993057152415,-0.22991337899692732,5.176499444480841,TRACKING distance=5.176 heading_error=1.801 linear=0.000 angular=0.550 ,False
82.0,1,4.0,4.0,1.5707963267948963,4.001038584884878,-1.1759196744579328,-0.20887911752579594,5.175919778657632,TRACKING distance=5.176 heading_error=1.780 linear=0.000 angular=0.550 ,False
82.0,1,4.0,4.0,1.5707963267948963,4.001038584884878,-1.1759196744579328,-0.20887911752579594,5.175919778657632,TRACKING distance=5.176 heading_error=1.780 linear=0.000 angular=0.550 ,False
82.10000000000001,1,4.0,4.0,1.5707963267948963,4.001056931627309,-1.1754244484300318,-0.1871163626749097,5.175424556353978,TRACKING distance=5.175 heading_error=1.756 linear=0.000 angular=0.550 ,False
82.10000000000001,1,4.0,4.0,1.5707963267948963,4.001056931627309,-1.1754244484300318,-0.1871163626749097,5.175424556353978,TRACKING distance=5.175 heading_error=1.756 linear=0.000 angular=0.550 ,False
82.2,1,4.0,4.0,1.5707963267948963,4.000997844950447,-1.1756175760910577,-0.16075534487347848,5.175617672281949,TRACKING distance=5.176 heading_error=1.732 linear=0.000 angular=0.550 ,False
82.2,1,4.0,4.0,1.5707963267948963,4.001204623298088,-1.175443599780679,-0.15835815534204792,5.175443739973229,TRACKING distance=5.176 heading_error=1.732 linear=0.000 angular=0.550 ,False
82.30000000000001,1,4.0,4.0,1.5707963267948963,4.001335371369098,-1.1758638188172819,-0.13749319962705128,5.175863991079993,TRACKING distance=5.176 heading_error=1.709 linear=0.000 angular=0.550 ,False
82.30000000000001,1,4.0,4.0,1.5707963267948963,4.001335371369098,-1.1758638188172819,-0.13749319962705128,5.175863991079993,TRACKING distance=5.176 heading_error=1.709 linear=0.000 angular=0.550 ,False
82.4,1,4.0,4.0,1.5707963267948963,4.001747423886959,-1.1752227473275232,-0.11105696853044915,5.175223042338028,TRACKING distance=5.175 heading_error=1.682 linear=0.000 angular=0.550 ,False
82.4,1,4.0,4.0,1.5707963267948963,4.001747423886959,-1.1752227473275232,-0.11105696853044915,5.175223042338028,TRACKING distance=5.175 heading_error=1.682 linear=0.000 angular=0.550 ,False
82.5,1,4.0,4.0,1.5707963267948963,4.000675755312743,-1.1743495543874243,-0.08225970378616983,5.174349598513284,TRACKING distance=5.174 heading_error=1.653 linear=0.000 angular=0.550 ,False
82.5,1,4.0,4.0,1.5707963267948963,4.000675755312743,-1.1743495543874243,-0.08225970378616983,5.174349598513284,TRACKING distance=5.174 heading_error=1.653 linear=0.000 angular=0.550 ,False
82.60000000000001,1,4.0,4.0,1.5707963267948963,4.00101372240187,-1.1737332122897866,-0.058784634550249876,5.1737333116023185,TRACKING distance=5.174 heading_error=1.630 linear=0.000 angular=0.550 ,False
82.60000000000001,1,4.0,4.0,1.5707963267948963,4.00101372240187,-1.1737332122897866,-0.058784634550249876,5.1737333116023185,TRACKING distance=5.174 heading_error=1.630 linear=0.000 angular=0.550 ,False
82.7,1,4.0,4.0,1.5707963267948963,4.0010939379037325,-1.1744448278816302,-0.03933965172564961,5.174444943517236,TRACKING distance=5.174 heading_error=1.610 linear=0.000 angular=0.550 ,False
82.7,1,4.0,4.0,1.5707963267948963,4.0010939379037325,-1.1744448278816302,-0.03933965172564961,5.174444943517236,TRACKING distance=5.174 heading_error=1.610 linear=0.000 angular=0.550 ,False
82.80000000000001,1,4.0,4.0,1.5707963267948963,4.000826745354976,-1.1747570118869712,-0.020066024257988757,5.17475707792948,TRACKING distance=5.175 heading_error=1.591 linear=0.000 angular=0.550 ,False
82.80000000000001,1,4.0,4.0,1.5707963267948963,4.000826745354976,-1.1747570118869712,-0.020066024257988757,5.17475707792948,TRACKING distance=5.175 heading_error=1.591 linear=0.000 angular=0.550 ,False
82.9,1,4.0,4.0,1.5707963267948963,4.000869592933334,-1.1740700662915897,0.0012170823232776039,5.174070139366737,TRACKING distance=5.174 heading_error=1.570 linear=0.000 angular=0.550 ,False
82.9,1,4.0,4.0,1.5707963267948963,4.000869592933334,-1.1740700662915897,0.0012170823232776039,5.174070139366737,TRACKING distance=5.174 heading_error=1.570 linear=0.000 angular=0.550 ,False
83.0,1,4.0,4.0,1.5707963267948963,4.000042493382356,-1.1745395172592208,0.02443174295381544,5.174539517433699,TRACKING distance=5.175 heading_error=1.546 linear=0.000 angular=0.550 ,False
83.0,1,4.0,4.0,1.5707963267948963,4.000042493382356,-1.1745395172592208,0.02443174295381544,5.174539517433699,TRACKING distance=5.175 heading_error=1.546 linear=0.000 angular=0.550 ,False
83.10000000000001,1,4.0,4.0,1.5707963267948963,4.000418604295709,-1.1744091873884481,0.04948932427086631,5.1744092043207734,TRACKING distance=5.174 heading_error=1.521 linear=0.000 angular=0.550 ,False
83.10000000000001,1,4.0,4.0,1.5707963267948963,4.000418604295709,-1.1744091873884481,0.04948932427086631,5.1744092043207734,TRACKING distance=5.174 heading_error=1.521 linear=0.000 angular=0.550 ,False
83.2,1,4.0,4.0,1.5707963267948963,3.9996807155739305,-1.1745159231719562,0.06634220290060304,5.174515933022398,TRACKING distance=5.175 heading_error=1.504 linear=0.000 angular=0.550 ,False
83.2,1,4.0,4.0,1.5707963267948963,3.9996807155739305,-1.1745159231719562,0.06634220290060304,5.174515933022398,TRACKING distance=5.175 heading_error=1.504 linear=0.000 angular=0.550 ,False
83.30000000000001,1,4.0,4.0,1.5707963267948963,3.999480536137128,-1.1743365118909415,0.08864399526740686,5.1743365379660435,TRACKING distance=5.174 heading_error=1.482 linear=0.000 angular=0.550 ,False
83.30000000000001,1,4.0,4.0,1.5707963267948963,3.999480536137128,-1.1743365118909415,0.08864399526740686,5.1743365379660435,TRACKING distance=5.174 heading_error=1.482 linear=0.000 angular=0.550 ,False
83.4,1,4.0,4.0,1.5707963267948963,3.999409839235776,-1.1754145581587128,0.11727023600085759,5.175414591807199,TRACKING distance=5.175 heading_error=1.453 linear=0.000 angular=0.550 ,False
83.4,1,4.0,4.0,1.5707963267948963,3.999409839235776,-1.1754145581587128,0.11727023600085759,5.175414591807199,TRACKING distance=5.175 heading_error=1.453 linear=0.000 angular=0.550 ,False
83.5,1,4.0,4.0,1.5707963267948963,3.9994095073049114,-1.174785405234574,0.14604150858290751,5.174785438925016,TRACKING distance=5.175 heading_error=1.425 linear=0.000 angular=0.550 ,False
83.5,1,4.0,4.0,1.5707963267948963,3.9994095073049114,-1.174785405234574,0.14604150858290751,5.174785438925016,TRACKING distance=5.175 heading_error=1.425 linear=0.000 angular=0.550 ,False
83.60000000000001,1,4.0,4.0,1.5707963267948963,3.998802172200526,-1.1747074325573499,0.1741440086457684,5.174707571192378,TRACKING distance=5.175 heading_error=1.396 linear=0.000 angular=0.550 ,False
83.60000000000001,1,4.0,4.0,1.5707963267948963,3.998802172200526,-1.1747074325573499,0.1741440086457684,5.174707571192378,TRACKING distance=5.175 heading_error=1.396 linear=0.000 angular=0.550 ,False
83.7,1,4.0,4.0,1.5707963267948963,3.998824388922441,-1.1750578846573478,0.20139423269526865,5.175058018188356,TRACKING distance=5.175 heading_error=1.369 linear=0.000 angular=0.550 ,False
83.7,1,4.0,4.0,1.5707963267948963,3.998824388922441,-1.1750578846573478,0.20139423269526865,5.175058018188356,TRACKING distance=5.175 heading_error=1.369 linear=0.000 angular=0.550 ,False
83.80000000000001,1,4.0,4.0,1.5707963267948963,3.998717338325112,-1.1757388263978674,0.22770785384763625,5.175738985333722,TRACKING distance=5.176 heading_error=1.343 linear=0.000 angular=0.550 ,False
83.80000000000001,1,4.0,4.0,1.5707963267948963,3.998717338325112,-1.1757388263978674,0.22770785384763625,5.175738985333722,TRACKING distance=5.176 heading_error=1.343 linear=0.000 angular=0.550 ,False
83.9,1,4.0,4.0,1.5707963267948963,3.9979363973684343,-1.1747777792948293,0.261622810408457,5.174778190757489,TRACKING distance=5.175 heading_error=1.309 linear=0.000 angular=0.550 ,False
83.9,1,4.0,4.0,1.5707963267948963,3.9979363973684343,-1.1747777792948293,0.261622810408457,5.174778190757489,TRACKING distance=5.175 heading_error=1.309 linear=0.000 angular=0.550 ,False
84.0,1,4.0,4.0,1.5707963267948963,3.99796293885864,-1.175210475952353,0.305709417826295,5.175210876865316,TRACKING distance=5.175 heading_error=1.265 linear=0.000 angular=0.550 ,False
84.0,1,4.0,4.0,1.5707963267948963,3.99796293885864,-1.175210475952353,0.305709417826295,5.175210876865316,TRACKING distance=5.175 heading_error=1.265 linear=0.000 angular=0.550 ,False
84.10000000000001,1,4.0,4.0,1.5707963267948963,3.9978474265657793,-1.1758359777516487,0.35472629956918683,5.175836425367474,TRACKING distance=5.176 heading_error=1.216 linear=0.000 angular=0.550 ,False
84.10000000000001,1,4.0,4.0,1.5707963267948963,3.9978474265657793,-1.1758359777516487,0.35472629956918683,5.175836425367474,TRACKING distance=5.176 heading_error=1.216 linear=0.000 angular=0.550 ,False
84.2,1,4.0,4.0,1.5707963267948963,3.99726140940785,-1.174385057516132,0.40627797732071824,5.174385782228134,TRACKING distance=5.174 heading_error=1.164 linear=0.000 angular=0.550 ,False
84.2,1,4.0,4.0,1.5707963267948963,3.99726140940785,-1.174385057516132,0.40627797732071824,5.174385782228134,TRACKING distance=5.174 heading_error=1.164 linear=0.000 angular=0.550 ,False
84.30000000000001,1,4.0,4.0,1.5707963267948963,3.997487935108907,-1.1743159159205985,0.454446887736866,5.174316525708418,TRACKING distance=5.174 heading_error=1.116 linear=0.000 angular=0.550 ,False
84.30000000000001,1,4.0,4.0,1.5707963267948963,3.997487935108907,-1.1743159159205985,0.454446887736866,5.174316525708418,TRACKING distance=5.174 heading_error=1.116 linear=0.000 angular=0.550 ,False
84.4,1,4.0,4.0,1.5707963267948963,3.9973932657014104,-1.1752491876413536,0.5022897974134586,5.1752498441375945,TRACKING distance=5.175 heading_error=1.068 linear=0.000 angular=0.550 ,False
84.4,1,4.0,4.0,1.5707963267948963,3.9973932657014104,-1.1752491876413536,0.5022897974134586,5.1752498441375945,TRACKING distance=5.175 heading_error=1.068 linear=0.000 angular=0.550 ,False
84.5,1,4.0,4.0,1.5707963267948963,3.99763409241456,-1.1758482573174767,0.5511118548516941,5.175848798051877,TRACKING distance=5.176 heading_error=1.019 linear=0.000 angular=0.550 ,False
84.5,1,4.0,4.0,1.5707963267948963,3.99763409241456,-1.1758482573174767,0.5511118548516941,5.175848798051877,TRACKING distance=5.176 heading_error=1.019 linear=0.000 angular=0.550 ,False
84.60000000000001,1,4.0,4.0,1.5707963267948963,3.996461840962461,-1.1739068934058814,0.6007219557518402,5.173908103184891,TRACKING distance=5.174 heading_error=0.969 linear=0.000 angular=0.550 ,False
84.60000000000001,1,4.0,4.0,1.5707963267948963,3.996461840962461,-1.1739068934058814,0.6007219557518402,5.173908103184891,TRACKING distance=5.174 heading_error=0.969 linear=0.000 angular=0.550 ,False
84.7,1,4.0,4.0,1.5707963267948963,3.9964658886014717,-1.1749621479068935,0.6492543595267782,5.174963354673394,TRACKING distance=5.175 heading_error=0.921 linear=0.000 angular=0.550 ,False
84.7,1,4.0,4.0,1.5707963267948963,3.9964658886014717,-1.1749621479068935,0.6492543595267782,5.174963354673394,TRACKING distance=5.175 heading_error=0.921 linear=0.000 angular=0.550 ,False
84.80000000000001,1,4.0,4.0,1.5707963267948963,3.99661034809367,-1.1756280856730084,0.6964873397256904,5.175629195657982,TRACKING distance=5.176 heading_error=0.874 linear=0.000 angular=0.550 ,False
84.80000000000001,1,4.0,4.0,1.5707963267948963,3.99661034809367,-1.1756280856730084,0.6964873397256904,5.175629195657982,TRACKING distance=5.176 heading_error=0.874 linear=0.000 angular=0.550 ,False
84.9,1,4.0,4.0,1.5707963267948963,3.9966077220284406,-1.1762169933795432,0.7434344493972916,5.17621810495858,TRACKING distance=5.176 heading_error=0.827 linear=0.000 angular=0.550 ,False
84.9,1,4.0,4.0,1.5707963267948963,3.9966077220284406,-1.1762169933795432,0.7434344493972916,5.17621810495858,TRACKING distance=5.176 heading_error=0.827 linear=0.000 angular=0.550 ,False
85.0,1,4.0,4.0,1.5707963267948963,3.995119444516663,-1.1748815495826463,0.7876116153755017,5.174883851066873,TRACKING distance=5.175 heading_error=0.782 linear=0.000 angular=0.550 ,False
85.0,1,4.0,4.0,1.5707963267948963,3.995119444516663,-1.1748815495826463,0.7876116153755017,5.174883851066873,TRACKING distance=5.175 heading_error=0.782 linear=0.000 angular=0.550 ,False
85.10000000000001,1,4.0,4.0,1.5707963267948963,3.9955524268232905,-1.175889546357065,0.8309157821212494,5.1758914572270065,TRACKING distance=5.176 heading_error=0.739 linear=0.000 angular=0.550 ,False
85.10000000000001,1,4.0,4.0,1.5707963267948963,3.9955524268232905,-1.175889546357065,0.8309157821212494,5.1758914572270065,TRACKING distance=5.176 heading_error=0.739 linear=0.000 angular=0.550 ,False
85.30000000000001,1,4.0,4.0,1.5707963267948963,3.995288159720338,-1.1775396433055856,0.9104168141910607,5.177541787319515,TRACKING distance=5.178 heading_error=0.659 linear=0.070 angular=0.550 ,False
85.30000000000001,1,4.0,4.0,1.5707963267948963,3.995288159720338,-1.1775396433055856,0.9104168141910607,5.177541787319515,TRACKING distance=5.178 heading_error=0.659 linear=0.088 angular=0.550 ,False
85.4,1,4.0,4.0,1.5707963267948963,3.9935644629107205,-1.1763910240690971,0.9521375157926859,5.176395024551425,TRACKING distance=5.176 heading_error=0.617 linear=0.122 angular=0.550 ,False
85.4,1,4.0,4.0,1.5707963267948963,3.9935644629107205,-1.1763910240690971,0.9521375157926859,5.176395024551425,TRACKING distance=5.176 heading_error=0.617 linear=0.140 angular=0.550 ,False
85.5,1,4.0,4.0,1.5707963267948963,3.9941631029977915,-1.1774904730742701,0.9940733461553529,5.177493763216083,TRACKING distance=5.177 heading_error=0.576 linear=0.175 angular=0.550 ,False
85.5,1,4.0,4.0,1.5707963267948963,3.9941631029977915,-1.1774904730742701,0.9940733461553529,5.177493763216083,TRACKING distance=5.177 heading_error=0.576 linear=0.192 angular=0.550 ,False
85.60000000000001,1,4.0,4.0,1.5707963267948963,3.997184054273279,-1.172935190866091,1.0322593550377064,5.172935957311973,TRACKING distance=5.173 heading_error=0.538 linear=0.227 angular=0.550 ,False
85.60000000000001,1,4.0,4.0,1.5707963267948963,3.997184054273279,-1.172935190866091,1.0322593550377064,5.172935957311973,TRACKING distance=5.173 heading_error=0.538 linear=0.245 angular=0.550 ,False
85.7,1,4.0,4.0,1.5707963267948963,4.00665123960665,-1.1554619424911088,1.0631199618927318,5.155466232986353,TRACKING distance=5.155 heading_error=0.509 linear=0.280 angular=0.550 ,False
85.7,1,4.0,4.0,1.5707963267948963,4.00665123960665,-1.1554619424911088,1.0631199618927318,5.155466232986353,TRACKING distance=5.155 heading_error=0.509 linear=0.297 angular=0.550 ,False
85.80000000000001,1,4.0,4.0,1.5707963267948963,4.021865311786438,-1.1253559242827296,1.0987198125817927,5.125402563939694,TRACKING distance=5.125 heading_error=0.476 linear=0.333 angular=0.550 ,False
85.80000000000001,1,4.0,4.0,1.5707963267948963,4.021865311786438,-1.1253559242827296,1.0987198125817927,5.125402563939694,TRACKING distance=5.125 heading_error=0.476 linear=0.350 angular=0.550 ,False
85.9,1,4.0,4.0,1.5707963267948963,4.0384188581742615,-1.0908158184245922,1.1317908679245348,5.090960784153171,TRACKING distance=5.091 heading_error=0.447 linear=0.350 angular=0.536 ,False
85.9,1,4.0,4.0,1.5707963267948963,4.0384188581742615,-1.0908158184245922,1.1317908679245348,5.090960784153171,TRACKING distance=5.091 heading_error=0.447 linear=0.350 angular=0.536 ,False
86.0,1,4.0,4.0,1.5707963267948963,4.054210281541138,-1.056459586598545,1.1623595208424555,5.056750172346771,TRACKING distance=5.057 heading_error=0.419 linear=0.350 angular=0.503 ,False
86.0,1,4.0,4.0,1.5707963267948963,4.054210281541138,-1.056459586598545,1.1623595208424555,5.056750172346771,TRACKING distance=5.057 heading_error=0.419 linear=0.350 angular=0.503 ,False
86.10000000000001,1,4.0,4.0,1.5707963267948963,4.068418753231073,-1.0210682488189444,1.1904864045968306,5.021534375575999,TRACKING distance=5.022 heading_error=0.394 linear=0.350 angular=0.473 ,False
86.10000000000001,1,4.0,4.0,1.5707963267948963,4.068418753231073,-1.0210682488189444,1.1904864045968306,5.021534375575999,TRACKING distance=5.022 heading_error=0.394 linear=0.350 angular=0.473 ,False
86.2,1,4.0,4.0,1.5707963267948963,4.082407688876943,-0.9851216502653896,1.2143181577339086,4.985802733274829,TRACKING distance=4.986 heading_error=0.373 linear=0.350 angular=0.448 ,False
86.2,1,4.0,4.0,1.5707963267948963,4.082407688876943,-0.9851216502653896,1.2143181577339086,4.985802733274829,TRACKING distance=4.986 heading_error=0.373 linear=0.350 angular=0.448 ,False
86.30000000000001,1,4.0,4.0,1.5707963267948963,4.094614955312562,-0.9493655314393097,1.2406050793532655,4.950269806138683,TRACKING distance=4.950 heading_error=0.349 linear=0.350 angular=0.419 ,False
86.30000000000001,1,4.0,4.0,1.5707963267948963,4.094614955312562,-0.9493655314393097,1.2406050793532655,4.950269806138683,TRACKING distance=4.950 heading_error=0.349 linear=0.350 angular=0.419 ,False
86.4,1,4.0,4.0,1.5707963267948963,4.10677293955884,-0.9130266425509302,1.2717139412359957,4.91418673343182,TRACKING distance=4.914 heading_error=0.321 linear=0.350 angular=0.385 ,False
86.4,1,4.0,4.0,1.5707963267948963,4.108111998975796,-0.909596489393704,1.2750159302799262,4.91078668779143,TRACKING distance=4.914 heading_error=0.321 linear=0.350 angular=0.385 ,False
86.5,1,4.0,4.0,1.5707963267948963,4.116920564185568,-0.8763863149156114,1.3026461194755856,4.877787809102168,TRACKING distance=4.878 heading_error=0.292 linear=0.350 angular=0.351 ,False
86.5,1,4.0,4.0,1.5707963267948963,4.116920564185568,-0.8763863149156114,1.3026461194755856,4.877787809102168,TRACKING distance=4.878 heading_error=0.292 linear=0.350 angular=0.351 ,False
86.60000000000001,1,4.0,4.0,1.5707963267948963,4.126166041051881,-0.8392423924485181,1.3343894924751294,4.840886778554685,TRACKING distance=4.841 heading_error=0.262 linear=0.350 angular=0.315 ,False
86.60000000000001,1,4.0,4.0,1.5707963267948963,4.126166041051881,-0.8392423924485181,1.3343894924751294,4.840886778554685,TRACKING distance=4.841 heading_error=0.262 linear=0.350 angular=0.315 ,False
86.7,1,4.0,4.0,1.5707963267948963,4.134337405252304,-0.8021660780413306,1.3663345226305281,4.804044710401931,TRACKING distance=4.804 heading_error=0.232 linear=0.350 angular=0.279 ,False
86.7,1,4.0,4.0,1.5707963267948963,4.134337405252304,-0.8021660780413306,1.3663345226305281,4.804044710401931,TRACKING distance=4.804 heading_error=0.232 linear=0.350 angular=0.279 ,False
86.80000000000001,1,4.0,4.0,1.5707963267948963,4.141755324705805,-0.7652286787553106,1.3929149626435884,4.767336670816792,TRACKING distance=4.767 heading_error=0.208 linear=0.350 angular=0.249 ,False
86.80000000000001,1,4.0,4.0,1.5707963267948963,4.141755324705805,-0.7652286787553106,1.3929149626435884,4.767336670816792,TRACKING distance=4.767 heading_error=0.208 linear=0.350 angular=0.249 ,False
86.9,1,4.0,4.0,1.5707963267948963,4.1483109106324845,-0.7279356139786808,1.4203672100705138,4.730261229164897,TRACKING distance=4.730 heading_error=0.182 linear=0.350 angular=0.218 ,False
86.9,1,4.0,4.0,1.5707963267948963,4.1483109106324845,-0.7279356139786808,1.4203672100705138,4.730261229164897,TRACKING distance=4.730 heading_error=0.182 linear=0.350 angular=0.218 ,False
87.0,1,4.0,4.0,1.5707963267948963,4.15352063927931,-0.6901661137767522,1.4494411511124685,4.692677994653421,TRACKING distance=4.693 heading_error=0.154 linear=0.350 angular=0.185 ,False
87.0,1,4.0,4.0,1.5707963267948963,4.15352063927931,-0.6901661137767522,1.4494411511124685,4.692677994653421,TRACKING distance=4.693 heading_error=0.154 linear=0.350 angular=0.185 ,False
87.10000000000001,1,4.0,4.0,1.5707963267948963,4.157455537177534,-0.6523456732956262,1.4720256862955146,4.655009399563055,TRACKING distance=4.655 heading_error=0.133 linear=0.350 angular=0.159 ,False
87.10000000000001,1,4.0,4.0,1.5707963267948963,4.157455537177534,-0.6523456732956262,1.4720256862955146,4.655009399563055,TRACKING distance=4.655 heading_error=0.133 linear=0.350 angular=0.159 ,False
87.2,1,4.0,4.0,1.5707963267948963,4.1609719938462915,-0.6145077966810449,1.4897440355128646,4.617314607911508,TRACKING distance=4.617 heading_error=0.116 linear=0.350 angular=0.139 ,False
87.2,1,4.0,4.0,1.5707963267948963,4.1609719938462915,-0.6145077966810449,1.4897440355128646,4.617314607911508,TRACKING distance=4.617 heading_error=0.116 linear=0.350 angular=0.139 ,False
87.30000000000001,1,4.0,4.0,1.5707963267948963,4.1634391549559435,-0.5762497221964596,1.5064564778262577,4.57916737816777,TRACKING distance=4.579 heading_error=0.100 linear=0.350 angular=0.120 ,False
87.30000000000001,1,4.0,4.0,1.5707963267948963,4.1634391549559435,-0.5762497221964596,1.5064564778262577,4.57916737816777,TRACKING distance=4.579 heading_error=0.100 linear=0.350 angular=0.120 ,False
87.4,1,4.0,4.0,1.5707963267948963,4.1652689846320055,-0.538045127577184,1.5221928668811073,4.541053558064286,TRACKING distance=4.541 heading_error=0.085 linear=0.350 angular=0.102 ,False
87.4,1,4.0,4.0,1.5707963267948963,4.1652689846320055,-0.538045127577184,1.5221928668811073,4.541053558064286,TRACKING distance=4.541 heading_error=0.085 linear=0.350 angular=0.102 ,False
87.5,1,4.0,4.0,1.5707963267948963,4.166865324211447,-0.49980332115072024,1.5346124773941126,4.5028961752924355,TRACKING distance=4.503 heading_error=0.073 linear=0.350 angular=0.088 ,False
87.5,1,4.0,4.0,1.5707963267948963,4.166865324211447,-0.49980332115072024,1.5346124773941126,4.5028961752924355,TRACKING distance=4.503 heading_error=0.073 linear=0.350 angular=0.088 ,False
87.60000000000001,1,4.0,4.0,1.5707963267948963,4.167980264339719,-0.4616010105865017,1.5438855346790326,4.464762137771074,TRACKING distance=4.465 heading_error=0.065 linear=0.350 angular=0.077 ,False
87.60000000000001,1,4.0,4.0,1.5707963267948963,4.167980264339719,-0.4616010105865017,1.5438855346790326,4.464762137771074,TRACKING distance=4.465 heading_error=0.065 linear=0.350 angular=0.077 ,False
87.7,1,4.0,4.0,1.5707963267948963,4.168882042328778,-0.423385292221393,1.5526287759368496,4.426608022816305,TRACKING distance=4.427 heading_error=0.056 linear=0.350 angular=0.068 ,False
87.7,1,4.0,4.0,1.5707963267948963,4.168882042328778,-0.423385292221393,1.5526287759368496,4.426608022816305,TRACKING distance=4.427 heading_error=0.056 linear=0.350 angular=0.068 ,False
87.80000000000001,1,4.0,4.0,1.5707963267948963,4.169406205883434,-0.38504918525639886,1.5596809122046895,4.38832027314662,TRACKING distance=4.388 heading_error=0.050 linear=0.350 angular=0.060 ,False
87.80000000000001,1,4.0,4.0,1.5707963267948963,4.169406205883434,-0.38504918525639886,1.5596809122046895,4.38832027314662,TRACKING distance=4.388 heading_error=0.050 linear=0.350 angular=0.060 ,False
87.9,1,4.0,4.0,1.5707963267948963,4.169526151283165,-0.3466775900490444,1.5659109970445613,4.349982205458253,TRACKING distance=4.350 heading_error=0.044 linear=0.350 angular=0.053 ,False
87.9,1,4.0,4.0,1.5707963267948963,4.169526151283165,-0.3466775900490444,1.5659109970445613,4.349982205458253,TRACKING distance=4.350 heading_error=0.044 linear=0.350 angular=0.053 ,False
88.0,1,4.0,4.0,1.5707963267948963,4.169533569849681,-0.30451526173136056,1.5720070079649853,4.307852512538489,TRACKING distance=4.312 heading_error=0.039 linear=0.350 angular=0.046 ,False
88.0,1,4.0,4.0,1.5707963267948963,4.169533569849681,-0.30451526173136056,1.5720070079649853,4.307852512538489,TRACKING distance=4.312 heading_error=0.039 linear=0.350 angular=0.046 ,False
88.10000000000001,1,4.0,4.0,1.5707963267948963,4.169427935064482,-0.2700796998537773,1.5764985463133394,4.273439653052742,TRACKING distance=4.273 heading_error=0.034 linear=0.350 angular=0.041 ,False
88.10000000000001,1,4.0,4.0,1.5707963267948963,4.169427935064482,-0.2700796998537773,1.5764985463133394,4.273439653052742,TRACKING distance=4.273 heading_error=0.034 linear=0.350 angular=0.041 ,False
88.2,1,4.0,4.0,1.5707963267948963,4.169076469841879,-0.23173110144706752,1.5805249395047007,4.23510743282961,TRACKING distance=4.235 heading_error=0.030 linear=0.350 angular=0.036 ,False
88.2,1,4.0,4.0,1.5707963267948963,4.169076469841879,-0.23173110144706752,1.5805249395047007,4.23510743282961,TRACKING distance=4.235 heading_error=0.030 linear=0.350 angular=0.036 ,False
88.30000000000001,1,4.0,4.0,1.5707963267948963,4.16848109076382,-0.1933239214685137,1.584374362115704,4.196707207836286,TRACKING distance=4.197 heading_error=0.027 linear=0.350 angular=0.032 ,False
88.30000000000001,1,4.0,4.0,1.5707963267948963,4.16848109076382,-0.1933239214685137,1.584374362115704,4.196707207836286,TRACKING distance=4.197 heading_error=0.027 linear=0.350 angular=0.032 ,False
88.4,1,4.0,4.0,1.5707963267948963,4.1677157495195365,-0.15501618538770337,1.5885051692111458,4.158399701023301,TRACKING distance=4.158 heading_error=0.023 linear=0.350 angular=0.027 ,False
88.4,1,4.0,4.0,1.5707963267948963,4.1677157495195365,-0.15501618538770337,1.5885051692111458,4.158399701023301,TRACKING distance=4.158 heading_error=0.023 linear=0.350 angular=0.027 ,False
88.5,1,4.0,4.0,1.5707963267948963,4.166933150440986,-0.1166980956639782,1.5914730172583877,4.120081296231857,TRACKING distance=4.120 heading_error=0.020 linear=0.350 angular=0.024 ,False
88.5,1,4.0,4.0,1.5707963267948963,4.166933150440986,-0.1166980956639782,1.5914730172583877,4.120081296231857,TRACKING distance=4.120 heading_error=0.020 linear=0.350 angular=0.024 ,False
88.60000000000001,1,4.0,4.0,1.5707963267948963,4.166080942998695,-0.07836644908159893,1.5938867320283021,4.081746657084659,TRACKING distance=4.082 heading_error=0.018 linear=0.350 angular=0.021 ,False
88.60000000000001,1,4.0,4.0,1.5707963267948963,4.166080942998695,-0.07836644908159893,1.5938867320283021,4.081746657084659,TRACKING distance=4.082 heading_error=0.018 linear=0.350 angular=0.021 ,False
88.7,1,4.0,4.0,1.5707963267948963,4.165136416009031,-0.04005615434284494,1.5959531630383785,4.04342970337507,TRACKING distance=4.043 heading_error=0.016 linear=0.350 angular=0.019 ,False
88.7,1,4.0,4.0,1.5707963267948963,4.165136416009031,-0.04005615434284494,1.5959531630383785,4.04342970337507,TRACKING distance=4.043 heading_error=0.016 linear=0.350 angular=0.019 ,False
88.80000000000001,1,4.0,4.0,1.5707963267948963,4.164079177762432,-0.0017454894424111052,1.5976647123118497,4.005107856081765,TRACKING distance=4.005 heading_error=0.014 linear=0.350 angular=0.017 ,False
88.80000000000001,1,4.0,4.0,1.5707963267948963,4.163982452454775,0.002087971782571714,1.597827503846379,4.00127365098648,TRACKING distance=4.005 heading_error=0.014 linear=0.350 angular=0.017 ,False
88.9,1,4.0,4.0,1.5707963267948963,4.162977846219527,0.03659423712131731,1.5993111994494225,3.966755225568917,TRACKING distance=3.967 heading_error=0.013 linear=0.350 angular=0.015 ,False
88.9,1,4.0,4.0,1.5707963267948963,4.162977846219527,0.03659423712131731,1.5993111994494225,3.966755225568917,TRACKING distance=3.967 heading_error=0.013 linear=0.350 angular=0.015 ,False
89.0,1,4.0,4.0,1.5707963267948963,4.161793256239468,0.07494310296540692,1.6008996960686717,3.9283900904471536,TRACKING distance=3.928 heading_error=0.011 linear=0.350 angular=0.013 ,False
89.0,1,4.0,4.0,1.5707963267948963,4.161793256239468,0.07494310296540692,1.6008996960686717,3.9283900904471536,TRACKING distance=3.928 heading_error=0.011 linear=0.350 angular=0.013 ,False
89.10000000000001,1,4.0,4.0,1.5707963267948963,4.160520944281385,0.11329600435283418,1.6024403016009259,3.890017342292015,TRACKING distance=3.890 heading_error=0.010 linear=0.350 angular=0.012 ,False
89.10000000000001,1,4.0,4.0,1.5707963267948963,4.160520944281385,0.11329600435283418,1.6024403016009259,3.890017342292015,TRACKING distance=3.890 heading_error=0.010 linear=0.350 angular=0.012 ,False
89.2,1,4.0,4.0,1.5707963267948963,4.159175313311495,0.1516428956799464,1.6038528489823973,3.8516475932694623,TRACKING distance=3.852 heading_error=0.008 linear=0.350 angular=0.010 ,False
89.2,1,4.0,4.0,1.5707963267948963,4.159175313311495,0.1516428956799464,1.6038528489823973,3.8516475932694623,TRACKING distance=3.852 heading_error=0.008 linear=0.350 angular=0.010 ,False
89.30000000000001,1,4.0,4.0,1.5707963267948963,4.15778347408119,0.18998906446401645,1.6051724541538248,3.8132766689026,TRACKING distance=3.813 heading_error=0.007 linear=0.350 angular=0.008 ,False
89.30000000000001,1,4.0,4.0,1.5707963267948963,4.15778347408119,0.18998906446401645,1.6051724541538248,3.8132766689026,TRACKING distance=3.813 heading_error=0.007 linear=0.350 angular=0.008 ,False
89.4,1,4.0,4.0,1.5707963267948963,4.156342141826167,0.2283290529099639,1.6064110843172899,3.774909879511542,TRACKING distance=3.775 heading_error=0.006 linear=0.350 angular=0.007 ,False
89.4,1,4.0,4.0,1.5707963267948963,4.156342141826167,0.2283290529099639,1.6064110843172899,3.774909879511542,TRACKING distance=3.775 heading_error=0.006 linear=0.350 angular=0.007 ,False
89.5,1,4.0,4.0,1.5707963267948963,4.154885958622588,0.2666691667208503,1.6075812642303664,3.7365423550243917,TRACKING distance=3.737 heading_error=0.005 linear=0.350 angular=0.006 ,False
89.5,1,4.0,4.0,1.5707963267948963,4.154885958622588,0.2666691667208503,1.6075812642303664,3.7365423550243917,TRACKING distance=3.737 heading_error=0.005 linear=0.350 angular=0.006 ,False
89.60000000000001,1,4.0,4.0,1.5707963267948963,4.153371869156292,0.30500247400190544,1.608635995057904,3.69817923408,TRACKING distance=3.698 heading_error=0.004 linear=0.350 angular=0.004 ,False
89.60000000000001,1,4.0,4.0,1.5707963267948963,4.153371869156292,0.30500247400190544,1.608635995057904,3.69817923408,TRACKING distance=3.698 heading_error=0.004 linear=0.350 angular=0.004 ,False
89.7,1,4.0,4.0,1.5707963267948963,4.151834271494068,0.3433263472894523,1.609496304842866,3.659824565252771,TRACKING distance=3.660 heading_error=0.003 linear=0.350 angular=0.003 ,False
89.7,1,4.0,4.0,1.5707963267948963,4.151834271494068,0.3433263472894523,1.609496304842866,3.659824565252771,TRACKING distance=3.660 heading_error=0.003 linear=0.350 angular=0.003 ,False
89.80000000000001,1,4.0,4.0,1.5707963267948963,4.150294273337227,0.3816542591835759,1.6101060726934455,3.6214657624617024,TRACKING distance=3.621 heading_error=0.002 linear=0.350 angular=0.003 ,False
89.80000000000001,1,4.0,4.0,1.5707963267948963,4.150294273337227,0.3816542591835759,1.6101060726934455,3.6214657624617024,TRACKING distance=3.621 heading_error=0.002 linear=0.350 angular=0.003 ,False
89.9,1,4.0,4.0,1.5707963267948963,4.148681877171549,0.4199731613408766,1.610638560926313,3.5831129574880687,TRACKING distance=3.583 heading_error=0.002 linear=0.350 angular=0.002 ,False
89.9,1,4.0,4.0,1.5707963267948963,4.148681877171549,0.4199731613408766,1.610638560926313,3.5831129574880687,TRACKING distance=3.583 heading_error=0.002 linear=0.350 angular=0.002 ,False
90.0,1,4.0,4.0,1.5707963267948963,4.147084771467205,0.45829852859127534,1.6110138345100087,3.5447543275347426,TRACKING distance=3.545 heading_error=0.001 linear=0.350 angular=0.002 ,False
90.0,1,4.0,4.0,1.5707963267948963,4.147084771467205,0.45829852859127534,1.6110138345100087,3.5447543275347426,TRACKING distance=3.545 heading_error=0.001 linear=0.350 angular=0.002 ,False
90.10000000000001,1,4.0,4.0,1.5707963267948963,4.145482634531563,0.4966235885131921,1.6112657572036573,3.5063957959010317,TRACKING distance=3.506 heading_error=0.001 linear=0.350 angular=0.001 ,False
90.10000000000001,1,4.0,4.0,1.5707963267948963,4.145482634531563,0.4966235885131921,1.6112657572036573,3.5063957959010317,TRACKING distance=3.506 heading_error=0.001 linear=0.350 angular=0.001 ,False
90.2,1,4.0,4.0,1.5707963267948963,4.1438730549871785,0.5349557221296201,1.6113399759130134,3.4680298879268046,TRACKING distance=3.468 heading_error=0.001 linear=0.350 angular=0.001 ,False
90.2,1,4.0,4.0,1.5707963267948963,4.1438730549871785,0.5349557221296201,1.6113399759130134,3.4680298879268046,TRACKING distance=3.468 heading_error=0.001 linear=0.350 angular=0.001 ,False
90.30000000000001,1,4.0,4.0,1.5707963267948963,4.142261783998974,0.5732842209832918,1.6113536920424003,3.4296675415189526,TRACKING distance=3.430 heading_error=0.001 linear=0.350 angular=0.001 ,False
90.30000000000001,1,4.0,4.0,1.5707963267948963,4.142261783998974,0.5732842209832918,1.6113536920424003,3.4296675415189526,TRACKING distance=3.430 heading_error=0.001 linear=0.350 angular=0.001 ,False
90.4,1,4.0,4.0,1.5707963267948963,4.140655580468466,0.6116128309175515,1.6113345267752774,3.3913052944138617,TRACKING distance=3.391 heading_error=0.001 linear=0.350 angular=0.001 ,False
90.4,1,4.0,4.0,1.5707963267948963,4.140655580468466,0.6116128309175515,1.6113345267752774,3.3913052944138617,TRACKING distance=3.391 heading_error=0.001 linear=0.350 angular=0.001 ,False
90.5,1,4.0,4.0,1.5707963267948963,4.139044035955917,0.64994045485777,1.6113075470437561,3.352943811031356,TRACKING distance=3.353 heading_error=0.001 linear=0.350 angular=0.001 ,False
90.5,1,4.0,4.0,1.5707963267948963,4.139044035955917,0.64994045485777,1.6113075470437561,3.352943811031356,TRACKING distance=3.353 heading_error=0.001 linear=0.350 angular=0.001 ,False
90.60000000000001,1,4.0,4.0,1.5707963267948963,4.137434029991073,0.6882715438601218,1.6113030590457595,3.3145789294880594,TRACKING distance=3.315 heading_error=0.001 linear=0.350 angular=0.001 ,False
90.60000000000001,1,4.0,4.0,1.5707963267948963,4.137434029991073,0.6882715438601218,1.6113030590457595,3.3145789294880594,TRACKING distance=3.315 heading_error=0.001 linear=0.350 angular=0.001 ,False
90.7,1,4.0,4.0,1.5707963267948963,4.135834374591216,0.7266063788206398,1.6112763482769907,3.2762107344458644,TRACKING distance=3.276 heading_error=0.001 linear=0.350 angular=0.001 ,False
90.7,1,4.0,4.0,1.5707963267948963,4.135834374591216,0.7266063788206398,1.6112763482769907,3.2762107344458644,TRACKING distance=3.276 heading_error=0.001 linear=0.350 angular=0.001 ,False
90.80000000000001,1,4.0,4.0,1.5707963267948963,4.1342274031810495,0.7649345529813457,1.6112572715054327,3.23784889120211,TRACKING distance=3.238 heading_error=0.001 linear=0.350 angular=0.001 ,False
90.80000000000001,1,4.0,4.0,1.5707963267948963,4.1342274031810495,0.7649345529813457,1.6112572715054327,3.23784889120211,TRACKING distance=3.238 heading_error=0.001 linear=0.350 angular=0.001 ,False
90.9,1,4.0,4.0,1.5707963267948963,4.1326048638505135,0.8032609882275894,1.6111961363721683,3.199488140203752,TRACKING distance=3.199 heading_error=0.001 linear=0.350 angular=0.001 ,False
90.9,1,4.0,4.0,1.5707963267948963,4.1326048638505135,0.8032609882275894,1.6111961363721683,3.199488140203752,TRACKING distance=3.199 heading_error=0.001 linear=0.350 angular=0.001 ,False
91.0,1,4.0,4.0,1.5707963267948963,4.1309990262173395,0.8415912215029584,1.61119406944781,3.161124286856982,TRACKING distance=3.161 heading_error=0.001 linear=0.350 angular=0.001 ,False
91.0,1,4.0,4.0,1.5707963267948963,4.1309990262173395,0.8415912215029584,1.61119406944781,3.161124286856982,TRACKING distance=3.161 heading_error=0.001 linear=0.350 angular=0.001 ,False
91.10000000000001,1,4.0,4.0,1.5707963267948963,4.1293840783792115,0.8799214319402163,1.6111879667306095,3.1227600789372256,TRACKING distance=3.123 heading_error=0.001 linear=0.350 angular=0.001 ,False
91.10000000000001,1,4.0,4.0,1.5707963267948963,4.1293840783792115,0.8799214319402163,1.6111879667306095,3.1227600789372256,TRACKING distance=3.123 heading_error=0.001 linear=0.350 angular=0.001 ,False
91.2,1,4.0,4.0,1.5707963267948963,4.127770289099836,0.9182533622280489,1.611171723472249,3.0843942008432355,TRACKING distance=3.084 heading_error=0.001 linear=0.350 angular=0.001 ,False
91.2,1,4.0,4.0,1.5707963267948963,4.127770289099836,0.9182533622280489,1.611171723472249,3.0843942008432355,TRACKING distance=3.084 heading_error=0.001 linear=0.350 angular=0.001 ,False
91.30000000000001,1,4.0,4.0,1.5707963267948963,4.126168801822209,0.9565880012473373,1.6111791049394568,3.046026126070643,TRACKING distance=3.046 heading_error=0.001 linear=0.350 angular=0.001 ,False
91.30000000000001,1,4.0,4.0,1.5707963267948963,4.126168801822209,0.9565880012473373,1.6111791049394568,3.046026126070643,TRACKING distance=3.046 heading_error=0.001 linear=0.350 angular=0.001 ,False
91.4,1,4.0,4.0,1.5707963267948963,4.124560029813415,0.994916689329237,1.6112400277694563,3.0076636954784477,TRACKING distance=3.008 heading_error=0.001 linear=0.350 angular=0.001 ,False
91.4,1,4.0,4.0,1.5707963267948963,4.124560029813415,0.994916689329237,1.6112400277694563,3.0076636954784477,TRACKING distance=3.008 heading_error=0.001 linear=0.350 angular=0.001 ,False
91.5,1,4.0,4.0,1.5707963267948963,4.122943049988088,1.0332477353097922,1.6112978446931028,2.9692985692895304,TRACKING distance=2.969 heading_error=0.001 linear=0.350 angular=0.001 ,False
91.5,1,4.0,4.0,1.5707963267948963,4.122943049988088,1.0332477353097922,1.6112978446931028,2.9692985692895304,TRACKING distance=2.969 heading_error=0.001 linear=0.350 angular=0.001 ,False
91.60000000000001,1,4.0,4.0,1.5707963267948963,4.121323249546414,1.071575332930464,1.6114139123235682,2.930936772020479,TRACKING distance=2.931 heading_error=0.001 linear=0.350 angular=0.001 ,False
91.60000000000001,1,4.0,4.0,1.5707963267948963,4.121323249546414,1.071575332930464,1.6114139123235682,2.930936772020479,TRACKING distance=2.931 heading_error=0.001 linear=0.350 angular=0.001 ,False
91.7,1,4.0,4.0,1.5707963267948963,4.119693307166382,1.1099051762030623,1.6114993852115527,2.8925723116835433,TRACKING distance=2.893 heading_error=0.001 linear=0.350 angular=0.001 ,False
91.7,1,4.0,4.0,1.5707963267948963,4.119693307166382,1.1099051762030623,1.6114993852115527,2.8925723116835433,TRACKING distance=2.893 heading_error=0.001 linear=0.350 angular=0.001 ,False
91.80000000000001,1,4.0,4.0,1.5707963267948963,4.118079936714405,1.1482374691286428,1.6115640687794897,2.8542060899550137,TRACKING distance=2.854 heading_error=0.001 linear=0.350 angular=0.001 ,False
91.80000000000001,1,4.0,4.0,1.5707963267948963,4.118079936714405,1.1482374691286428,1.6115640687794897,2.8542060899550137,TRACKING distance=2.854 heading_error=0.001 linear=0.350 angular=0.001 ,False
91.9,1,4.0,4.0,1.5707963267948963,4.116460646951367,1.1865685761198919,1.6117038877033052,2.8158408085622284,TRACKING distance=2.816 heading_error=0.000 linear=0.350 angular=0.001 ,False
91.9,1,4.0,4.0,1.5707963267948963,4.116460646951367,1.1865685761198919,1.6117038877033052,2.8158408085622284,TRACKING distance=2.816 heading_error=0.000 linear=0.350 angular=0.001 ,False
92.0,1,4.0,4.0,1.5707963267948963,4.11483060611699,1.2248942921245958,1.6118516751837342,2.777480469415374,TRACKING distance=2.777 heading_error=0.000 linear=0.350 angular=0.000 ,False
92.0,1,4.0,4.0,1.5707963267948963,4.11483060611699,1.2248942921245958,1.6118516751837342,2.777480469415374,TRACKING distance=2.777 heading_error=0.000 linear=0.350 angular=0.000 ,False
92.10000000000001,1,4.0,4.0,1.5707963267948963,4.113187607121668,1.2632230973825398,1.6119381351703737,2.739116508859444,TRACKING distance=2.739 heading_error=0.000 linear=0.350 angular=0.000 ,False
92.10000000000001,1,4.0,4.0,1.5707963267948963,4.113187607121668,1.2632230973825398,1.6119381351703737,2.739116508859444,TRACKING distance=2.739 heading_error=0.000 linear=0.350 angular=0.000 ,False
92.2,1,4.0,4.0,1.5707963267948963,4.111555898940777,1.3015576799499446,1.6119728389353838,2.7007472434912545,TRACKING distance=2.701 heading_error=0.000 linear=0.350 angular=0.000 ,False
92.2,1,4.0,4.0,1.5707963267948963,4.111555898940777,1.3015576799499446,1.6119728389353838,2.7007472434912545,TRACKING distance=2.701 heading_error=0.000 linear=0.350 angular=0.000 ,False
92.30000000000001,1,4.0,4.0,1.5707963267948963,4.109916877637158,1.339886731704268,1.612050135958813,2.662383203100655,TRACKING distance=2.662 heading_error=0.000 linear=0.350 angular=0.000 ,False
92.30000000000001,1,4.0,4.0,1.5707963267948963,4.109916877637158,1.339886731704268,1.612050135958813,2.662383203100655,TRACKING distance=2.662 heading_error=0.000 linear=0.350 angular=0.000 ,False
92.4,1,4.0,4.0,1.5707963267948963,4.108274895261287,1.3782157719154755,1.6120974607478669,2.624019053203808,TRACKING distance=2.624 heading_error=-0.000 linear=0.350 angular=-0.000 ,False
92.4,1,4.0,4.0,1.5707963267948963,4.108274895261287,1.3782157719154755,1.6120974607478669,2.624019053203808,TRACKING distance=2.624 heading_error=-0.000 linear=0.350 angular=-0.000 ,False
92.5,1,4.0,4.0,1.5707963267948963,4.106641304618679,1.4165468232337395,1.6121131894447818,2.5856532413288638,TRACKING distance=2.586 heading_error=-0.000 linear=0.350 angular=-0.000 ,False
92.5,1,4.0,4.0,1.5707963267948963,4.106641304618679,1.4165468232337395,1.6121131894447818,2.5856532413288638,TRACKING distance=2.586 heading_error=-0.000 linear=0.350 angular=-0.000 ,False
92.60000000000001,1,4.0,4.0,1.5707963267948963,4.105013650417382,1.4548778236902578,1.612114878027663,2.54728772601715,TRACKING distance=2.547 heading_error=-0.000 linear=0.350 angular=-0.000 ,False
92.60000000000001,1,4.0,4.0,1.5707963267948963,4.105013650417382,1.4548778236902578,1.612114878027663,2.54728772601715,TRACKING distance=2.547 heading_error=-0.000 linear=0.350 angular=-0.000 ,False
92.7,1,4.0,4.0,1.5707963267948963,4.103372127010463,1.4932082523473054,1.6120526063435832,2.5089222113772913,TRACKING distance=2.509 heading_error=-0.000 linear=0.350 angular=-0.000 ,False
92.7,1,4.0,4.0,1.5707963267948963,4.103372127010463,1.4932082523473054,1.6120526063435832,2.5089222113772913,TRACKING distance=2.509 heading_error=-0.000 linear=0.350 angular=-0.000 ,False
92.80000000000001,1,4.0,4.0,1.5707963267948963,4.101722584987776,1.5315409079515074,1.6120550346802418,2.4705541429836066,TRACKING distance=2.471 heading_error=-0.000 linear=0.350 angular=-0.000 ,False
92.80000000000001,1,4.0,4.0,1.5707963267948963,4.101722584987776,1.5315409079515074,1.6120550346802418,2.4705541429836066,TRACKING distance=2.471 heading_error=-0.000 linear=0.350 angular=-0.000 ,False
92.9,1,4.0,4.0,1.5707963267948963,4.1000970757092725,1.5698715946104589,1.6120644348511295,2.432189032794668,TRACKING distance=2.432 heading_error=-0.000 linear=0.350 angular=-0.000 ,False
92.9,1,4.0,4.0,1.5707963267948963,4.1000970757092725,1.5698715946104589,1.6120644348511295,2.432189032794668,TRACKING distance=2.432 heading_error=-0.000 linear=0.350 angular=-0.000 ,False
93.0,1,4.0,4.0,1.5707963267948963,4.098471081989336,1.6081995885221956,1.6120650755713697,2.3938265940400836,TRACKING distance=2.394 heading_error=-0.000 linear=0.350 angular=-0.000 ,False
93.0,1,4.0,4.0,1.5707963267948963,4.098471081989336,1.6081995885221956,1.6120650755713697,2.3938265940400836,TRACKING distance=2.394 heading_error=-0.000 linear=0.350 angular=-0.000 ,False
93.10000000000001,1,4.0,4.0,1.5707963267948963,4.096834689438289,1.646527879942166,1.6120768413137672,2.3554634314648415,TRACKING distance=2.355 heading_error=-0.000 linear=0.350 angular=-0.000 ,False
93.10000000000001,1,4.0,4.0,1.5707963267948963,4.096834689438289,1.646527879942166,1.6120768413137672,2.3554634314648415,TRACKING distance=2.355 heading_error=-0.000 linear=0.350 angular=-0.000 ,False
93.2,1,4.0,4.0,1.5707963267948963,4.095188531147844,1.6848589776151546,1.6121356030241287,2.3170970652933884,TRACKING distance=2.317 heading_error=-0.000 linear=0.350 angular=-0.000 ,False
93.2,1,4.0,4.0,1.5707963267948963,4.095188531147844,1.6848589776151546,1.6121356030241287,2.3170970652933884,TRACKING distance=2.317 heading_error=-0.000 linear=0.350 angular=-0.000 ,False
93.30000000000001,1,4.0,4.0,1.5707963267948963,4.093557518907615,1.723191894528004,1.6122133281921003,2.278729505335622,TRACKING distance=2.279 heading_error=-0.000 linear=0.350 angular=-0.000 ,False
93.30000000000001,1,4.0,4.0,1.5707963267948963,4.093557518907615,1.723191894528004,1.6122133281921003,2.278729505335622,TRACKING distance=2.279 heading_error=-0.000 linear=0.350 angular=-0.000 ,False
93.4,1,4.0,4.0,1.5707963267948963,4.091911780501602,1.7615209454950247,1.6122189224038723,2.240365205240535,TRACKING distance=2.240 heading_error=-0.000 linear=0.350 angular=-0.000 ,False
93.4,1,4.0,4.0,1.5707963267948963,4.091911780501602,1.7615209454950247,1.6122189224038723,2.240365205240535,TRACKING distance=2.240 heading_error=-0.000 linear=0.350 angular=-0.000 ,False
93.5,1,4.0,4.0,1.5707963267948963,4.090256896930973,1.7998499935319838,1.6122336320012849,2.202000535514199,TRACKING distance=2.202 heading_error=-0.000 linear=0.350 angular=-0.001 ,False
93.5,1,4.0,4.0,1.5707963267948963,4.090256896930973,1.7998499935319838,1.6122336320012849,2.202000535514199,TRACKING distance=2.202 heading_error=-0.000 linear=0.350 angular=-0.001 ,False
93.60000000000001,1,4.0,4.0,1.5707963267948963,4.088624122176949,1.838181569173853,1.612225006967972,2.163634248871851,TRACKING distance=2.164 heading_error=-0.000 linear=0.350 angular=-0.001 ,False
93.60000000000001,1,4.0,4.0,1.5707963267948963,4.088624122176949,1.838181569173853,1.612225006967972,2.163634248871851,TRACKING distance=2.164 heading_error=-0.000 linear=0.350 angular=-0.001 ,False
93.7,1,4.0,4.0,1.5707963267948963,4.08697081905774,1.8765096734449749,1.6122728557528803,2.125270592263569,TRACKING distance=2.125 heading_error=-0.001 linear=0.350 angular=-0.001 ,False
93.7,1,4.0,4.0,1.5707963267948963,4.08697081905774,1.8765096734449749,1.6122728557528803,2.125270592263569,TRACKING distance=2.125 heading_error=-0.001 linear=0.350 angular=-0.001 ,False
93.80000000000001,1,4.0,4.0,1.5707963267948963,4.085347862741971,1.9148441884207612,1.612336904117928,2.086901774458323,TRACKING distance=2.087 heading_error=-0.001 linear=0.350 angular=-0.001 ,False
93.80000000000001,1,4.0,4.0,1.5707963267948963,4.085347862741971,1.9148441884207612,1.612336904117928,2.086901774458323,TRACKING distance=2.087 heading_error=-0.001 linear=0.350 angular=-0.001 ,False
93.80000000000001,1,4.0,4.0,1.5707963267948963,4.083701848262018,1.9531679649917024,1.612414362397066,2.048542745206623,TRACKING distance=2.049 heading_error=-0.001 linear=0.350 angular=-0.001 ,False
93.9,1,4.0,4.0,1.5707963267948963,4.083701848262018,1.9531679649917024,1.612414362397066,2.048542745206623,TRACKING distance=2.049 heading_error=-0.001 linear=0.350 angular=-0.001 ,False
94.0,1,4.0,4.0,1.5707963267948963,4.0820479805078875,1.9914954280233144,1.612417770698802,2.0101797150395964,TRACKING distance=2.010 heading_error=-0.001 linear=0.350 angular=-0.001 ,False
94.0,1,4.0,4.0,1.5707963267948963,4.0820479805078875,1.9914954280233144,1.612417770698802,2.0101797150395964,TRACKING distance=2.010 heading_error=-0.001 linear=0.350 angular=-0.001 ,False
94.10000000000001,1,4.0,4.0,1.5707963267948963,4.080403637501303,2.029825531971416,1.612364100322036,1.971814438377799,TRACKING distance=1.972 heading_error=-0.001 linear=0.350 angular=-0.001 ,False
94.10000000000001,1,4.0,4.0,1.5707963267948963,4.080403637501303,2.029825531971416,1.612364100322036,1.971814438377799,TRACKING distance=1.972 heading_error=-0.001 linear=0.350 angular=-0.001 ,False
94.2,1,4.0,4.0,1.5707963267948963,4.078742960200921,2.0681539295194833,1.612290926899459,1.9334502046373518,TRACKING distance=1.933 heading_error=-0.001 linear=0.350 angular=-0.001 ,False
94.2,1,4.0,4.0,1.5707963267948963,4.078742960200921,2.0681539295194833,1.612290926899459,1.9334502046373518,TRACKING distance=1.933 heading_error=-0.001 linear=0.350 angular=-0.001 ,False
94.30000000000001,1,4.0,4.0,1.5707963267948963,4.077103649524408,2.1064854498177685,1.612287108407012,1.8950837249371864,TRACKING distance=1.895 heading_error=-0.001 linear=0.350 angular=-0.001 ,False
94.30000000000001,1,4.0,4.0,1.5707963267948963,4.077103649524408,2.1064854498177685,1.612287108407012,1.8950837249371864,TRACKING distance=1.895 heading_error=-0.001 linear=0.350 angular=-0.001 ,False
94.4,1,4.0,4.0,1.5707963267948963,4.075465102486785,2.1448144705845724,1.6122661879547844,1.8567197769845996,TRACKING distance=1.857 heading_error=-0.001 linear=0.350 angular=-0.001 ,False
94.4,1,4.0,4.0,1.5707963267948963,4.075465102486785,2.1448144705845724,1.6122661879547844,1.8567197769845996,TRACKING distance=1.857 heading_error=-0.001 linear=0.350 angular=-0.001 ,False
94.5,1,4.0,4.0,1.5707963267948963,4.0738063552933275,2.183141003830912,1.6122858306100178,1.818357497865101,TRACKING distance=1.818 heading_error=-0.001 linear=0.350 angular=-0.001 ,False
94.5,1,4.0,4.0,1.5707963267948963,4.0738063552933275,2.183141003830912,1.6122858306100178,1.818357497865101,TRACKING distance=1.818 heading_error=-0.001 linear=0.350 angular=-0.001 ,False
94.60000000000001,1,4.0,4.0,1.5707963267948963,4.072163292662705,2.2214664080710764,1.6122779253870725,1.77999698831979,TRACKING distance=1.780 heading_error=-0.001 linear=0.350 angular=-0.001 ,False
94.60000000000001,1,4.0,4.0,1.5707963267948963,4.072163292662705,2.2214664080710764,1.6122779253870725,1.77999698831979,TRACKING distance=1.780 heading_error=-0.001 linear=0.350 angular=-0.001 ,False
94.7,1,4.0,4.0,1.5707963267948963,4.070512569171126,2.259795642761243,1.6122414202481252,1.7416323456355158,TRACKING distance=1.742 heading_error=-0.001 linear=0.350 angular=-0.001 ,False
94.7,1,4.0,4.0,1.5707963267948963,4.070512569171126,2.259795642761243,1.6122414202481252,1.7416323456355158,TRACKING distance=1.742 heading_error=-0.001 linear=0.350 angular=-0.001 ,False
94.80000000000001,1,4.0,4.0,1.5707963267948963,4.068869555432031,2.2981262415500807,1.6121681499013134,1.7032666571520325,TRACKING distance=1.703 heading_error=-0.001 linear=0.350 angular=-0.001 ,False
94.80000000000001,1,4.0,4.0,1.5707963267948963,4.068707570931212,2.301959151259035,1.6121528605521689,1.6994303322867355,TRACKING distance=1.703 heading_error=-0.001 linear=0.350 angular=-0.001 ,False
94.9,1,4.0,4.0,1.5707963267948963,4.067225719101437,2.33645432380089,1.612065557896723,1.6649034548914419,TRACKING distance=1.665 heading_error=-0.001 linear=0.350 angular=-0.001 ,False
94.9,1,4.0,4.0,1.5707963267948963,4.067225719101437,2.33645432380089,1.612065557896723,1.6649034548914419,TRACKING distance=1.665 heading_error=-0.001 linear=0.350 angular=-0.001 ,False
95.0,1,4.0,4.0,1.5707963267948963,4.065603109138095,2.3747841902087288,1.611996243177782,1.6265393313179004,TRACKING distance=1.627 heading_error=-0.001 linear=0.350 angular=-0.001 ,False
95.0,1,4.0,4.0,1.5707963267948963,4.065603109138095,2.3747841902087288,1.611996243177782,1.6265393313179004,TRACKING distance=1.627 heading_error=-0.001 linear=0.350 angular=-0.001 ,False
95.10000000000001,1,4.0,4.0,1.5707963267948963,4.063977746453476,2.413112396968897,1.6118990630784205,1.5881767586434028,TRACKING distance=1.588 heading_error=-0.001 linear=0.350 angular=-0.001 ,False
95.10000000000001,1,4.0,4.0,1.5707963267948963,4.063977746453476,2.413112396968897,1.6118990630784205,1.5881767586434028,TRACKING distance=1.588 heading_error=-0.001 linear=0.350 angular=-0.001 ,False
95.2,1,4.0,4.0,1.5707963267948963,4.062336556165842,2.4514394997024604,1.6118468727868223,1.5498146564400477,TRACKING distance=1.550 heading_error=-0.001 linear=0.350 angular=-0.001 ,False
95.2,1,4.0,4.0,1.5707963267948963,4.062336556165842,2.4514394997024604,1.6118468727868223,1.5498146564400477,TRACKING distance=1.550 heading_error=-0.001 linear=0.350 angular=-0.001 ,False
95.30000000000001,1,4.0,4.0,1.5707963267948963,4.060706248795286,2.4897689723217318,1.6117264708410632,1.511450629562525,TRACKING distance=1.511 heading_error=-0.001 linear=0.350 angular=-0.001 ,False
95.30000000000001,1,4.0,4.0,1.5707963267948963,4.060706248795286,2.4897689723217318,1.6117264708410632,1.511450629562525,TRACKING distance=1.511 heading_error=-0.001 linear=0.350 angular=-0.001 ,False
95.4,1,4.0,4.0,1.5707963267948963,4.059087924823756,2.528095307744083,1.611691342927135,1.4730902232874141,TRACKING distance=1.473 heading_error=-0.001 linear=0.350 angular=-0.001 ,False
95.4,1,4.0,4.0,1.5707963267948963,4.059087924823756,2.528095307744083,1.611691342927135,1.4730902232874141,TRACKING distance=1.473 heading_error=-0.001 linear=0.350 angular=-0.001 ,False
95.5,1,4.0,4.0,1.5707963267948963,4.05747153313499,2.5664184301611783,1.6115771591448707,1.4347331091539035,TRACKING distance=1.435 heading_error=-0.001 linear=0.350 angular=-0.001 ,False
95.5,1,4.0,4.0,1.5707963267948963,4.05747153313499,2.5664184301611783,1.6115771591448707,1.4347331091539035,TRACKING distance=1.435 heading_error=-0.001 linear=0.350 angular=-0.001 ,False
95.60000000000001,1,4.0,4.0,1.5707963267948963,4.055860804843077,2.6047432972366793,1.6114087296364619,1.3963744827673161,TRACKING distance=1.396 heading_error=-0.001 linear=0.350 angular=-0.001 ,False
95.60000000000001,1,4.0,4.0,1.5707963267948963,4.055860804843077,2.6047432972366793,1.6114087296364619,1.3963744827673161,TRACKING distance=1.396 heading_error=-0.001 linear=0.350 angular=-0.001 ,False
95.7,1,4.0,4.0,1.5707963267948963,4.054283690210163,2.6430669190256832,1.6111870432946136,1.3580184480577886,TRACKING distance=1.358 heading_error=-0.000 linear=0.350 angular=-0.000 ,False
95.7,1,4.0,4.0,1.5707963267948963,4.054283690210163,2.6430669190256832,1.6111870432946136,1.3580184480577886,TRACKING distance=1.358 heading_error=-0.000 linear=0.350 angular=-0.000 ,False
95.80000000000001,1,4.0,4.0,1.5707963267948963,4.052680891336062,2.681395769399563,1.6111478966596382,1.3196561647904095,TRACKING distance=1.320 heading_error=-0.000 linear=0.350 angular=-0.001 ,False
95.80000000000001,1,4.0,4.0,1.5707963267948963,4.052680891336062,2.681395769399563,1.6111478966596382,1.3196561647904095,TRACKING distance=1.320 heading_error=-0.000 linear=0.350 angular=-0.001 ,False
95.9,1,4.0,4.0,1.5707963267948963,4.0510895422953075,2.719720926652123,1.6110194040792796,1.2812980320692147,TRACKING distance=1.281 heading_error=-0.000 linear=0.350 angular=-0.000 ,False
95.9,1,4.0,4.0,1.5707963267948963,4.0510895422953075,2.719720926652123,1.6110194040792796,1.2812980320692147,TRACKING distance=1.281 heading_error=-0.000 linear=0.350 angular=-0.000 ,False
96.0,1,4.0,4.0,1.5707963267948963,4.049493732929947,2.75804897383254,1.610907448874104,1.2429368370909875,TRACKING distance=1.243 heading_error=-0.000 linear=0.350 angular=-0.000 ,False
96.0,1,4.0,4.0,1.5707963267948963,4.049493732929947,2.75804897383254,1.610907448874104,1.2429368370909875,TRACKING distance=1.243 heading_error=-0.000 linear=0.350 angular=-0.000 ,False
96.10000000000001,1,4.0,4.0,1.5707963267948963,4.047892308627816,2.796372925859849,1.610762408871666,1.2045795145314744,TRACKING distance=1.205 heading_error=-0.000 linear=0.350 angular=-0.000 ,False
96.10000000000001,1,4.0,4.0,1.5707963267948963,4.047892308627816,2.796372925859849,1.610762408871666,1.2045795145314744,TRACKING distance=1.205 heading_error=-0.000 linear=0.350 angular=-0.000 ,False
96.2,1,4.0,4.0,1.5707963267948963,4.04630440406628,2.8346996109385514,1.6106665936625277,1.166220002650742,TRACKING distance=1.166 heading_error=-0.000 linear=0.350 angular=-0.000 ,False
96.2,1,4.0,4.0,1.5707963267948963,4.04630440406628,2.8346996109385514,1.6106665936625277,1.166220002650742,TRACKING distance=1.166 heading_error=-0.000 linear=0.350 angular=-0.000 ,False
96.30000000000001,1,4.0,4.0,1.5707963267948963,4.044733844954551,2.8730252937912155,1.61055450480179,1.1278621836548977,TRACKING distance=1.128 heading_error=-0.000 linear=0.350 angular=-0.000 ,False
96.30000000000001,1,4.0,4.0,1.5707963267948963,4.044733844954551,2.8730252937912155,1.61055450480179,1.1278621836548977,TRACKING distance=1.128 heading_error=-0.000 linear=0.350 angular=-0.000 ,False
96.4,1,4.0,4.0,1.5707963267948963,4.043165359012887,2.9113535607287013,1.6104833764115571,1.089501866889997,TRACKING distance=1.090 heading_error=-0.000 linear=0.350 angular=-0.000 ,False
96.4,1,4.0,4.0,1.5707963267948963,4.043165359012887,2.9113535607287013,1.6104833764115571,1.089501866889997,TRACKING distance=1.090 heading_error=-0.000 linear=0.350 angular=-0.000 ,False
96.5,1,4.0,4.0,1.5707963267948963,4.041606475563786,2.949677796338608,1.610452555675464,1.0511459605178355,TRACKING distance=1.051 heading_error=-0.000 linear=0.350 angular=-0.000 ,False
96.5,1,4.0,4.0,1.5707963267948963,4.041606475563786,2.949677796338608,1.610452555675464,1.0511459605178355,TRACKING distance=1.051 heading_error=-0.000 linear=0.350 angular=-0.000 ,False
96.60000000000001,1,4.0,4.0,1.5707963267948963,4.040036201403027,2.988004774977181,1.6104509552162063,1.0127868644940896,TRACKING distance=1.013 heading_error=-0.000 linear=0.350 angular=-0.000 ,False
96.60000000000001,1,4.0,4.0,1.5707963267948963,4.040036201403027,2.988004774977181,1.6104509552162063,1.0127868644940896,TRACKING distance=1.013 heading_error=-0.000 linear=0.350 angular=-0.000 ,False
96.7,1,4.0,4.0,1.5707963267948963,4.038469693686097,3.0263256639144553,1.610306564483232,0.9744340049915788,TRACKING distance=0.974 heading_error=-0.000 linear=0.341 angular=-0.000 ,False
96.7,1,4.0,4.0,1.5707963267948963,4.038469693686097,3.0263256639144553,1.610306564483232,0.9744340049915788,TRACKING distance=0.974 heading_error=-0.000 linear=0.341 angular=-0.000 ,False
96.80000000000001,1,4.0,4.0,1.5707963267948963,4.036897505676788,3.064653330743944,1.6102060882460472,0.9360741517708767,TRACKING distance=0.936 heading_error=0.000 linear=0.328 angular=0.000 ,False
96.80000000000001,1,4.0,4.0,1.5707963267948963,4.036897505676788,3.064653330743944,1.6102060882460472,0.9360741517708767,TRACKING distance=0.936 heading_error=0.000 linear=0.328 angular=0.000 ,False
96.9,1,4.0,4.0,1.5707963267948963,4.035344915796156,3.102981874023233,1.6101515997157414,0.8977141980627844,TRACKING distance=0.898 heading_error=0.000 linear=0.314 angular=0.000 ,False
96.9,1,4.0,4.0,1.5707963267948963,4.035344915796156,3.102981874023233,1.6101515997157414,0.8977141980627844,TRACKING distance=0.898 heading_error=0.000 linear=0.314 angular=0.000 ,False
97.0,1,4.0,4.0,1.5707963267948963,4.033792658688039,3.1413065801335147,1.6100353675302084,0.8593580936392037,TRACKING distance=0.859 heading_error=0.000 linear=0.301 angular=0.000 ,False
97.0,1,4.0,4.0,1.5707963267948963,4.033792658688039,3.1413065801335147,1.6100353675302084,0.8593580936392037,TRACKING distance=0.859 heading_error=0.000 linear=0.301 angular=0.000 ,False
97.10000000000001,1,4.0,4.0,1.5707963267948963,4.032244203434962,3.1796328625886643,1.6099590734874538,0.8210005656512208,TRACKING distance=0.821 heading_error=0.000 linear=0.287 angular=0.000 ,False
97.10000000000001,1,4.0,4.0,1.5707963267948963,4.032244203434962,3.1796328625886643,1.6099590734874538,0.8210005656512208,TRACKING distance=0.821 heading_error=0.000 linear=0.287 angular=0.000 ,False
97.2,1,4.0,4.0,1.5707963267948963,4.0306812342018565,3.217958752089967,1.6099801751650105,0.7826428633577583,TRACKING distance=0.783 heading_error=0.000 linear=0.274 angular=0.000 ,False
97.2,1,4.0,4.0,1.5707963267948963,4.0306812342018565,3.217958752089967,1.6099801751650105,0.7826428633577583,TRACKING distance=0.783 heading_error=0.000 linear=0.274 angular=0.000 ,False
97.30000000000001,1,4.0,4.0,1.5707963267948963,4.029142540853624,3.256278819360017,1.6100718710228532,0.7442919334642389,TRACKING distance=0.744 heading_error=-0.000 linear=0.261 angular=-0.000 ,False
97.30000000000001,1,4.0,4.0,1.5707963267948963,4.029142540853624,3.256278819360017,1.6100718710228532,0.7442919334642389,TRACKING distance=0.744 heading_error=-0.000 linear=0.261 angular=-0.000 ,False
97.4,1,4.0,4.0,1.5707963267948963,4.027411990403358,3.29842847560997,1.6102390388866412,0.702106844470857,TRACKING distance=0.706 heading_error=-0.000 linear=0.247 angular=-0.000 ,False
97.4,1,4.0,4.0,1.5707963267948963,4.027411990403358,3.29842847560997,1.6102390388866412,0.702106844470857,TRACKING distance=0.706 heading_error=-0.000 linear=0.247 angular=-0.000 ,False
97.5,1,4.0,4.0,1.5707963267948963,4.0260123020991365,3.3329215780245205,1.6102048448950572,0.6675853959800144,TRACKING distance=0.668 heading_error=-0.000 linear=0.234 angular=-0.001 ,False
97.5,1,4.0,4.0,1.5707963267948963,4.0260123020991365,3.3329215780245205,1.6102048448950572,0.6675853959800144,TRACKING distance=0.668 heading_error=-0.000 linear=0.234 angular=-0.001 ,False
97.60000000000001,1,4.0,4.0,1.5707963267948963,4.024450206169205,3.3712461075959896,1.6101796280886636,0.6292291075553565,TRACKING distance=0.629 heading_error=-0.001 linear=0.220 angular=-0.001 ,False
97.60000000000001,1,4.0,4.0,1.5707963267948963,4.024450206169205,3.3712461075959896,1.6101796280886636,0.6292291075553565,TRACKING distance=0.629 heading_error=-0.001 linear=0.220 angular=-0.001 ,False
97.7,1,4.0,4.0,1.5707963267948963,4.022901601138538,3.409567628099633,1.6101042519221684,0.5908763568823868,TRACKING distance=0.591 heading_error=-0.001 linear=0.207 angular=-0.001 ,False
97.7,1,4.0,4.0,1.5707963267948963,4.022901601138538,3.409567628099633,1.6101042519221684,0.5908763568823868,TRACKING distance=0.591 heading_error=-0.001 linear=0.207 angular=-0.001 ,False
97.80000000000001,1,4.0,4.0,1.5707963267948963,4.02138702331455,3.4469895497455076,1.6100945870884034,0.553423854615008,TRACKING distance=0.553 heading_error=-0.001 linear=0.194 angular=-0.001 ,False
97.80000000000001,1,4.0,4.0,1.5707963267948963,4.021233249463153,3.4507199107157978,1.6101029141917362,0.5496903377055355,TRACKING distance=0.553 heading_error=-0.001 linear=0.194 angular=-0.001 ,False
97.9,1,4.0,4.0,1.5707963267948963,4.019959907546938,3.4813750859464103,1.6132270251512293,0.5190088625316293,TRACKING distance=0.519 heading_error=-0.004 linear=0.182 angular=-0.005 ,False
97.9,1,4.0,4.0,1.5707963267948963,4.019959907546938,3.4813750859464103,1.6132270251512293,0.5190088625316293,TRACKING distance=0.519 heading_error=-0.004 linear=0.182 angular=-0.005 ,False
98.0,1,4.0,4.0,1.5707963267948963,4.018498034504007,3.5144093090465605,1.6138385671579318,0.4859428941976107,TRACKING distance=0.486 heading_error=-0.005 linear=0.170 angular=-0.006 ,False
98.0,1,4.0,4.0,1.5707963267948963,4.018498034504007,3.5144093090465605,1.6138385671579318,0.4859428941976107,TRACKING distance=0.486 heading_error=-0.005 linear=0.170 angular=-0.006 ,False
98.10000000000001,1,4.0,4.0,1.5707963267948963,4.017155206918764,3.5442807002994257,1.613956879792376,0.45604208275553637,TRACKING distance=0.456 heading_error=-0.006 linear=0.160 angular=-0.007 ,False
98.10000000000001,1,4.0,4.0,1.5707963267948963,4.0170216549028295,3.547181200004137,1.613945039938509,0.4531386127503641,TRACKING distance=0.456 heading_error=-0.006 linear=0.160 angular=-0.007 ,False
98.2,1,4.0,4.0,1.5707963267948963,4.015848662550164,3.573305585774967,1.613885029493589,0.42698864532382225,TRACKING distance=0.427 heading_error=-0.006 linear=0.149 angular=-0.007 ,False
98.2,1,4.0,4.0,1.5707963267948963,4.015848662550164,3.573305585774967,1.613885029493589,0.42698864532382225,TRACKING distance=0.427 heading_error=-0.006 linear=0.149 angular=-0.007 ,False
98.30000000000001,1,4.0,4.0,1.5707963267948963,4.014623591059206,3.6007201233590194,1.613902057926828,0.3995475807784395,TRACKING distance=0.400 heading_error=-0.006 linear=0.140 angular=-0.008 ,False
98.30000000000001,1,4.0,4.0,1.5707963267948963,4.014623591059206,3.6007201233590194,1.613902057926828,0.3995475807784395,TRACKING distance=0.400 heading_error=-0.006 linear=0.140 angular=-0.008 ,False
98.4,1,4.0,4.0,1.5707963267948963,4.013468664545999,3.626485600818488,1.6138081986226283,0.37375715554431665,TRACKING distance=0.374 heading_error=-0.007 linear=0.131 angular=-0.008 ,False
98.4,1,4.0,4.0,1.5707963267948963,4.013468664545999,3.626485600818488,1.6138081986226283,0.37375715554431665,TRACKING distance=0.374 heading_error=-0.007 linear=0.131 angular=-0.008 ,False
98.5,1,4.0,4.0,1.5707963267948963,4.012440156834724,3.649495381616959,1.6136506525048202,0.350725312759022,TRACKING distance=0.351 heading_error=-0.007 linear=0.123 angular=-0.009 ,False
98.5,1,4.0,4.0,1.5707963267948963,4.012440156834724,3.649495381616959,1.6136506525048202,0.350725312759022,TRACKING distance=0.351 heading_error=-0.007 linear=0.123 angular=-0.009 ,False
98.60000000000001,1,4.0,4.0,1.5707963267948963,4.011489678401556,3.6705588799051965,1.6133116907569804,0.32964141778467393,TRACKING distance=0.330 heading_error=-0.008 linear=0.115 angular=-0.009 ,False
98.60000000000001,1,4.0,4.0,1.5707963267948963,4.011489678401556,3.6705588799051965,1.6133116907569804,0.32964141778467393,TRACKING distance=0.330 heading_error=-0.008 linear=0.115 angular=-0.009 ,False
98.7,1,4.0,4.0,1.5707963267948963,4.010612315513714,3.690318777814111,1.612925427892693,0.30986300297891106,TRACKING distance=0.310 heading_error=-0.008 linear=0.108 angular=-0.009 ,False
98.7,1,4.0,4.0,1.5707963267948963,4.010612315513714,3.690318777814111,1.612925427892693,0.30986300297891106,TRACKING distance=0.310 heading_error=-0.008 linear=0.108 angular=-0.009 ,False
98.80000000000001,1,4.0,4.0,1.5707963267948963,4.009751313241817,3.709922144719573,1.6126028754332882,0.29024171001775817,TRACKING distance=0.290 heading_error=-0.008 linear=0.102 angular=-0.010 ,False
98.80000000000001,1,4.0,4.0,1.5707963267948963,4.009751313241817,3.709922144719573,1.6126028754332882,0.29024171001775817,TRACKING distance=0.290 heading_error=-0.008 linear=0.102 angular=-0.010 ,False
98.9,1,4.0,4.0,1.5707963267948963,4.008942333556795,3.728483280866991,1.6124002438474445,0.27166393595432237,TRACKING distance=0.272 heading_error=-0.009 linear=0.095 angular=-0.010 ,False
98.9,1,4.0,4.0,1.5707963267948963,4.008942333556795,3.728483280866991,1.6124002438474445,0.27166393595432237,TRACKING distance=0.272 heading_error=-0.009 linear=0.095 angular=-0.010 ,False
99.0,1,4.0,4.0,1.5707963267948963,4.008165071511443,3.746213087521281,1.612449261581964,0.25391822569139855,TRACKING distance=0.254 heading_error=-0.009 linear=0.089 angular=-0.011 ,False
99.0,1,4.0,4.0,1.5707963267948963,4.008165071511443,3.746213087521281,1.612449261581964,0.25391822569139855,TRACKING distance=0.254 heading_error=-0.009 linear=0.089 angular=-0.011 ,False
99.10000000000001,1,4.0,4.0,1.5707963267948963,4.007519655990504,3.7614909428162693,1.6119828262366214,0.2386275666910419,ARRIVED distance=0.239 yaw_error=-0.041,True
99.10000000000001,1,4.0,4.0,1.5707963267948963,4.007519655990504,3.7614909428162693,1.6119828262366214,0.2386275666910419,ARRIVED distance=0.239 yaw_error=-0.041,True
99.2,1,4.0,4.0,1.5707963267948963,4.006906004507009,3.7758124203715306,1.6115277870192728,0.2242939226950256,ARRIVED distance=0.224 yaw_error=-0.041,True
99.2,1,4.0,4.0,1.5707963267948963,4.006906004507009,3.7758124203715306,1.6115277870192728,0.2242939226950256,ARRIVED distance=0.224 yaw_error=-0.041,True
99.2,1,4.0,4.0,1.5707963267948963,4.006906004507009,3.7758124203715306,1.6115277870192728,0.2242939226950256,GOAL_RECEIVED frame=odom x=4.000 y=4.000,False
99.30000000000001,1,4.0,4.0,1.5707963267948963,4.006306687484949,3.7900381078312178,1.6110501937522768,0.21005658873296063,ARRIVED distance=0.210 yaw_error=-0.040,True
99.30000000000001,1,4.0,4.0,1.5707963267948963,4.006306687484949,3.7900381078312178,1.6110501937522768,0.21005658873296063,ARRIVED distance=0.210 yaw_error=-0.040,True
99.4,1,4.0,4.0,1.5707963267948963,4.0059002261045,3.7996132962619718,1.610982847199996,0.20047354863691252,ARRIVED distance=0.200 yaw_error=-0.040,True
99.4,1,4.0,4.0,1.5707963267948963,4.0059002261045,3.7996132962619718,1.610982847199996,0.20047354863691252,ARRIVED distance=0.200 yaw_error=-0.040,True
99.5,1,4.0,4.0,1.5707963267948963,4.005894593421343,3.799706950904817,1.6110273405927917,0.20037976880775232,ARRIVED distance=0.200 yaw_error=-0.040,True
99.5,1,4.0,4.0,1.5707963267948963,4.005894593421343,3.799706950904817,1.6110273405927917,0.20037976880775232,ARRIVED distance=0.200 yaw_error=-0.040,True
99.60000000000001,1,4.0,4.0,1.5707963267948963,4.005894312573518,3.799707595020447,1.6110158099466307,0.20037911670932093,ARRIVED distance=0.200 yaw_error=-0.040,True
99.60000000000001,1,4.0,4.0,1.5707963267948963,4.005894312573518,3.799707595020447,1.6110158099466307,0.20037911670932093,ARRIVED distance=0.200 yaw_error=-0.040,True
99.7,1,4.0,4.0,1.5707963267948963,4.005894317265537,3.7997089127960435,1.6110144895803888,0.20037779964200056,ARRIVED distance=0.200 yaw_error=-0.040,True
99.7,1,4.0,4.0,1.5707963267948963,4.005894317265537,3.7997089127960435,1.6110144895803888,0.20037779964200056,ARRIVED distance=0.200 yaw_error=-0.040,True
99.80000000000001,1,4.0,4.0,1.5707963267948963,4.005894187226258,3.7997103923904256,1.6110136549497436,0.20037631686268578,ARRIVED distance=0.200 yaw_error=-0.040,True
99.80000000000001,1,4.0,4.0,1.5707963267948963,4.005894187226258,3.7997103923904256,1.6110136549497436,0.20037631686268578,ARRIVED distance=0.200 yaw_error=-0.040,True
99.9,1,4.0,4.0,1.5707963267948963,4.0058941436707105,3.7997118677488757,1.6110134191347318,0.20037484086145854,ARRIVED distance=0.200 yaw_error=-0.040,True
99.9,1,4.0,4.0,1.5707963267948963,4.0058941436707105,3.7997118677488757,1.6110134191347318,0.20037484086145854,ARRIVED distance=0.200 yaw_error=-0.040,True
100.0,1,4.0,4.0,1.5707963267948963,4.005894346421315,3.7997133423603113,1.6110122912103453,0.2003733728523137,ARRIVED distance=0.200 yaw_error=-0.040,True
100.0,1,4.0,-4.0,-1.5707963267948963,4.005894346421315,3.7997133423603113,1.6110122912103453,7.799715569577726,ARRIVED distance=0.200 yaw_error=-0.040,True
100.0,1,4.0,-4.0,-1.5707963267948963,4.005894314115945,3.799713503281111,1.611012516144377,7.799715730474067,GOAL_RECEIVED frame=odom x=4.000 y=-4.000,False
100.10000000000001,1,4.0,-4.0,-1.5707963267948963,4.005894371871611,3.799714801438093,1.6110122182963054,7.799717028674324,TRACKING distance=7.800 heading_error=3.101 linear=0.000 angular=0.120 ,False
100.10000000000001,1,4.0,-4.0,-1.5707963267948963,4.005894371871611,3.799714801438093,1.6110122182963054,7.799717028674324,TRACKING distance=7.800 heading_error=3.101 linear=0.000 angular=0.180 ,False
100.2,1,4.0,-4.0,-1.5707963267948963,4.005894194188986,3.7997162979774406,1.6110120141020874,7.799718525078968,TRACKING distance=7.800 heading_error=3.101 linear=0.000 angular=0.300 ,False
100.2,1,4.0,-4.0,-1.5707963267948963,4.005894243921462,3.799716450967129,1.6110119885036946,7.7997186781061965,TRACKING distance=7.800 heading_error=3.101 linear=0.000 angular=0.360 ,False
100.30000000000001,1,4.0,-4.0,-1.5707963267948963,4.0057260475661804,3.7998291163046507,1.6145076606818252,7.799831218120974,TRACKING distance=7.800 heading_error=3.097 linear=0.000 angular=0.480 ,False
100.30000000000001,1,4.0,-4.0,-1.5707963267948963,4.0057260475661804,3.7998291163046507,1.6145076606818252,7.799831218120974,TRACKING distance=7.800 heading_error=3.097 linear=0.000 angular=0.540 ,False
100.4,1,4.0,-4.0,-1.5707963267948963,4.005353239816135,3.8000287035326075,1.6215322969265746,7.800030540524126,TRACKING distance=7.800 heading_error=3.090 linear=0.000 angular=0.550 ,False
100.4,1,4.0,-4.0,-1.5707963267948963,4.005353239816135,3.8000287035326075,1.6215322969265746,7.800030540524126,TRACKING distance=7.800 heading_error=3.090 linear=0.000 angular=0.550 ,False
100.5,1,4.0,-4.0,-1.5707963267948963,4.005072898728608,3.800400707138402,1.6296510343782522,7.800402356688198,TRACKING distance=7.800 heading_error=3.082 linear=0.000 angular=0.550 ,False
100.5,1,4.0,-4.0,-1.5707963267948963,4.005072898728608,3.800400707138402,1.6296510343782522,7.800402356688198,TRACKING distance=7.800 heading_error=3.082 linear=0.000 angular=0.550 ,False
100.60000000000001,1,4.0,-4.0,-1.5707963267948963,4.005448034847255,3.8001789482880763,1.6429564981223614,7.800180850877765,TRACKING distance=7.800 heading_error=3.069 linear=0.000 angular=0.550 ,False
100.60000000000001,1,4.0,-4.0,-1.5707963267948963,4.005448034847255,3.8001789482880763,1.6429564981223614,7.800180850877765,TRACKING distance=7.800 heading_error=3.069 linear=0.000 angular=0.550 ,False
100.7,1,4.0,-4.0,-1.5707963267948963,4.00544806060649,3.7998213583782694,1.6582559023082477,7.799823261073176,TRACKING distance=7.800 heading_error=3.053 linear=0.000 angular=0.550 ,False
100.7,1,4.0,-4.0,-1.5707963267948963,4.00544806060649,3.7998213583782694,1.6582559023082477,7.799823261073176,TRACKING distance=7.800 heading_error=3.053 linear=0.000 angular=0.550 ,False
100.80000000000001,1,4.0,-4.0,-1.5707963267948963,4.006193423007426,3.7998117982620268,1.6779994082914804,7.799814257198441,TRACKING distance=7.800 heading_error=3.034 linear=0.000 angular=0.550 ,False
100.80000000000001,1,4.0,-4.0,-1.5707963267948963,4.006193423007426,3.7998117982620268,1.6779994082914804,7.799814257198441,TRACKING distance=7.800 heading_error=3.034 linear=0.000 angular=0.550 ,False
100.9,1,4.0,-4.0,-1.5707963267948963,4.006861556167548,3.8002717256970264,1.699012032012386,7.800274743601119,TRACKING distance=7.800 heading_error=3.012 linear=0.000 angular=0.550 ,False
100.9,1,4.0,-4.0,-1.5707963267948963,4.006861556167548,3.8002717256970264,1.699012032012386,7.800274743601119,TRACKING distance=7.800 heading_error=3.012 linear=0.000 angular=0.550 ,False
101.0,1,4.0,-4.0,-1.5707963267948963,4.006534746206297,3.8006358037375096,1.7211634408088368,7.800638540879812,TRACKING distance=7.801 heading_error=2.990 linear=0.000 angular=0.550 ,False
101.0,1,4.0,-4.0,-1.5707963267948963,4.006534746206297,3.8006358037375096,1.7211634408088368,7.800638540879812,TRACKING distance=7.801 heading_error=2.990 linear=0.000 angular=0.550 ,False
101.10000000000001,1,4.0,-4.0,-1.5707963267948963,4.0053538090792795,3.79985041710526,1.7408807744686456,7.7998522545294895,TRACKING distance=7.800 heading_error=2.971 linear=0.000 angular=0.550 ,False
101.10000000000001,1,4.0,-4.0,-1.5707963267948963,4.0053538090792795,3.79985041710526,1.7408807744686456,7.7998522545294895,TRACKING distance=7.800 heading_error=2.971 linear=0.000 angular=0.550 ,False
101.2,1,4.0,-4.0,-1.5707963267948963,4.004432499433696,3.799215550178495,1.768748763334369,7.799216809731428,TRACKING distance=7.799 heading_error=2.943 linear=0.000 angular=0.550 ,False
101.2,1,4.0,-4.0,-1.5707963267948963,4.004432499433696,3.799215550178495,1.768748763334369,7.799216809731428,TRACKING distance=7.799 heading_error=2.943 linear=0.000 angular=0.550 ,False
101.30000000000001,1,4.0,-4.0,-1.5707963267948963,4.005290840478347,3.7993698066951485,1.7960734072507154,7.799371601262559,TRACKING distance=7.799 heading_error=2.916 linear=0.000 angular=0.550 ,False
101.30000000000001,1,4.0,-4.0,-1.5707963267948963,4.005290840478347,3.7993698066951485,1.7960734072507154,7.799371601262559,TRACKING distance=7.799 heading_error=2.916 linear=0.000 angular=0.550 ,False
101.4,1,4.0,-4.0,-1.5707963267948963,4.0052636491994305,3.799031374238079,1.8226874241329665,7.7990331504842825,TRACKING distance=7.799 heading_error=2.889 linear=0.000 angular=0.550 ,False
101.4,1,4.0,-4.0,-1.5707963267948963,4.0052636491994305,3.799031374238079,1.8226874241329665,7.7990331504842825,TRACKING distance=7.799 heading_error=2.889 linear=0.000 angular=0.550 ,False
101.5,1,4.0,-4.0,-1.5707963267948963,4.004492586337369,3.798910495689286,1.8473399004517723,7.798911789673256,TRACKING distance=7.799 heading_error=2.864 linear=0.000 angular=0.550 ,False
101.5,1,4.0,-4.0,-1.5707963267948963,4.004492586337369,3.798910495689286,1.8473399004517723,7.798911789673256,TRACKING distance=7.799 heading_error=2.864 linear=0.000 angular=0.550 ,False
101.60000000000001,1,4.0,-4.0,-1.5707963267948963,4.004262681015019,3.798636933723381,1.8688349017676114,7.798638098699276,TRACKING distance=7.799 heading_error=2.843 linear=0.000 angular=0.550 ,False
101.60000000000001,1,4.0,-4.0,-1.5707963267948963,4.004262681015019,3.798636933723381,1.8688349017676114,7.798638098699276,TRACKING distance=7.799 heading_error=2.843 linear=0.000 angular=0.550 ,False
101.7,1,4.0,-4.0,-1.5707963267948963,4.004242133981595,3.797765905875283,1.8892051492627593,7.797767059776259,TRACKING distance=7.798 heading_error=2.823 linear=0.000 angular=0.550 ,False
101.7,1,4.0,-4.0,-1.5707963267948963,4.004242133981595,3.797765905875283,1.8892051492627593,7.797767059776259,TRACKING distance=7.798 heading_error=2.823 linear=0.000 angular=0.550 ,False
101.80000000000001,1,4.0,-4.0,-1.5707963267948963,4.004627454303726,3.7971829065007285,1.915490381919571,7.797184279646113,TRACKING distance=7.797 heading_error=2.796 linear=0.000 angular=0.550 ,False
101.80000000000001,1,4.0,-4.0,-1.5707963267948963,4.004627454303726,3.7971829065007285,1.915490381919571,7.797184279646113,TRACKING distance=7.797 heading_error=2.796 linear=0.000 angular=0.550 ,False
101.9,1,4.0,-4.0,-1.5707963267948963,4.005074988323059,3.797116182657569,1.9421884461593708,7.797117834262031,TRACKING distance=7.797 heading_error=2.770 linear=0.000 angular=0.550 ,False
101.9,1,4.0,-4.0,-1.5707963267948963,4.005074988323059,3.797116182657569,1.9421884461593708,7.797117834262031,TRACKING distance=7.797 heading_error=2.770 linear=0.000 angular=0.550 ,False
101.9,1,4.0,-4.0,-1.5707963267948963,4.004141683302369,3.796369979494198,1.9677385630646764,7.796371079592026,TRACKING distance=7.796 heading_error=2.744 linear=0.000 angular=0.550 ,False
102.0,1,4.0,-4.0,-1.5707963267948963,4.004141683302369,3.796369979494198,1.9677385630646764,7.796371079592026,TRACKING distance=7.796 heading_error=2.744 linear=0.000 angular=0.550 ,False
102.10000000000001,1,4.0,-4.0,-1.5707963267948963,4.00411284475094,3.795739605419612,1.9925699923050455,7.795740690338532,TRACKING distance=7.796 heading_error=2.719 linear=0.000 angular=0.550 ,False
102.10000000000001,1,4.0,-4.0,-1.5707963267948963,4.00411284475094,3.795739605419612,1.9925699923050455,7.795740690338532,TRACKING distance=7.796 heading_error=2.719 linear=0.000 angular=0.550 ,False
102.2,1,4.0,-4.0,-1.5707963267948963,4.0036366626195194,3.795554114042933,2.021016784124466,7.795554962302985,TRACKING distance=7.796 heading_error=2.691 linear=0.000 angular=0.550 ,False
102.2,1,4.0,-4.0,-1.5707963267948963,4.0036366626195194,3.795554114042933,2.021016784124466,7.795554962302985,TRACKING distance=7.796 heading_error=2.691 linear=0.000 angular=0.550 ,False
102.30000000000001,1,4.0,-4.0,-1.5707963267948963,4.0037534432596615,3.7949956716100246,2.047274670213309,7.794996575288236,TRACKING distance=7.795 heading_error=2.665 linear=0.000 angular=0.550 ,False
102.30000000000001,1,4.0,-4.0,-1.5707963267948963,4.0037534432596615,3.7949956716100246,2.047274670213309,7.794996575288236,TRACKING distance=7.795 heading_error=2.665 linear=0.000 angular=0.550 ,False
102.4,1,4.0,-4.0,-1.5707963267948963,4.00371033678925,3.7952712458042277,2.072553141883502,7.795272128813804,TRACKING distance=7.795 heading_error=2.639 linear=0.000 angular=0.550 ,False
102.4,1,4.0,-4.0,-1.5707963267948963,4.00371033678925,3.7952712458042277,2.072553141883502,7.795272128813804,TRACKING distance=7.795 heading_error=2.639 linear=0.000 angular=0.550 ,False
102.5,1,4.0,-4.0,-1.5707963267948963,4.003447302546402,3.795065210794898,2.0944581698916798,7.795065973065254,TRACKING distance=7.795 heading_error=2.617 linear=0.000 angular=0.550 ,False
102.5,1,4.0,-4.0,-1.5707963267948963,4.003447302546402,3.795065210794898,2.0944581698916798,7.795065973065254,TRACKING distance=7.795 heading_error=2.617 linear=0.000 angular=0.550 ,False
102.60000000000001,1,4.0,-4.0,-1.5707963267948963,4.0032731140694455,3.7951393974627683,2.117009637643967,7.795140084639398,TRACKING distance=7.795 heading_error=2.595 linear=0.000 angular=0.550 ,False
102.60000000000001,1,4.0,-4.0,-1.5707963267948963,4.0032731140694455,3.7951393974627683,2.117009637643967,7.795140084639398,TRACKING distance=7.795 heading_error=2.595 linear=0.000 angular=0.550 ,False
102.7,1,4.0,-4.0,-1.5707963267948963,4.002950108515487,3.795227837929936,2.144216908326663,7.795228396165059,TRACKING distance=7.795 heading_error=2.568 linear=0.000 angular=0.550 ,False
102.7,1,4.0,-4.0,-1.5707963267948963,4.002950108515487,3.795227837929936,2.144216908326663,7.795228396165059,TRACKING distance=7.795 heading_error=2.568 linear=0.000 angular=0.550 ,False
102.80000000000001,1,4.0,-4.0,-1.5707963267948963,4.00366749326482,3.79580296301641,2.171331176056303,7.79580382569253,TRACKING distance=7.796 heading_error=2.541 linear=0.000 angular=0.550 ,False
102.80000000000001,1,4.0,-4.0,-1.5707963267948963,4.00366749326482,3.79580296301641,2.171331176056303,7.79580382569253,TRACKING distance=7.796 heading_error=2.541 linear=0.000 angular=0.550 ,False
102.9,1,4.0,-4.0,-1.5707963267948963,4.004031570869699,3.796397544900026,2.19774059896952,7.796398587276489,TRACKING distance=7.796 heading_error=2.514 linear=0.000 angular=0.550 ,False
102.9,1,4.0,-4.0,-1.5707963267948963,4.004031570869699,3.796397544900026,2.19774059896952,7.796398587276489,TRACKING distance=7.796 heading_error=2.514 linear=0.000 angular=0.550 ,False
103.0,1,4.0,-4.0,-1.5707963267948963,4.004119963827227,3.7963249853847656,2.233487673337959,7.796326073981046,TRACKING distance=7.796 heading_error=2.478 linear=0.000 angular=0.550 ,False
103.0,1,4.0,-4.0,-1.5707963267948963,4.004119963827227,3.7963249853847656,2.233487673337959,7.796326073981046,TRACKING distance=7.796 heading_error=2.478 linear=0.000 angular=0.550 ,False
103.10000000000001,1,4.0,-4.0,-1.5707963267948963,4.0047833556011225,3.796358968651458,2.269354602229175,7.796360436034421,TRACKING distance=7.796 heading_error=2.442 linear=0.000 angular=0.550 ,False
103.10000000000001,1,4.0,-4.0,-1.5707963267948963,4.0047833556011225,3.796358968651458,2.269354602229175,7.796360436034421,TRACKING distance=7.796 heading_error=2.442 linear=0.000 angular=0.550 ,False
103.2,1,4.0,-4.0,-1.5707963267948963,4.004462702306041,3.7960135381016338,2.3018451431990643,7.796014815402535,TRACKING distance=7.796 heading_error=2.410 linear=0.000 angular=0.550 ,False
103.2,1,4.0,-4.0,-1.5707963267948963,4.004462702306041,3.7960135381016338,2.3018451431990643,7.796014815402535,TRACKING distance=7.796 heading_error=2.410 linear=0.000 angular=0.550 ,False
103.30000000000001,1,4.0,-4.0,-1.5707963267948963,4.004112519886327,3.7963056378455007,2.3408710970377933,7.796306722514281,TRACKING distance=7.796 heading_error=2.371 linear=0.000 angular=0.550 ,False
103.30000000000001,1,4.0,-4.0,-1.5707963267948963,4.004112519886327,3.7963056378455007,2.3408710970377933,7.796306722514281,TRACKING distance=7.796 heading_error=2.371 linear=0.000 angular=0.550 ,False
103.4,1,4.0,-4.0,-1.5707963267948963,4.00487466944476,3.7966771983503076,2.3740776270967845,7.796678722230242,TRACKING distance=7.797 heading_error=2.338 linear=0.000 angular=0.550 ,False
103.4,1,4.0,-4.0,-1.5707963267948963,4.00487466944476,3.7966771983503076,2.3740776270967845,7.796678722230242,TRACKING distance=7.797 heading_error=2.338 linear=0.000 angular=0.550 ,False
103.5,1,4.0,-4.0,-1.5707963267948963,4.004875118638975,3.7963643485159397,2.404423570832109,7.796365872737895,TRACKING distance=7.796 heading_error=2.307 linear=0.000 angular=0.550 ,False
103.5,1,4.0,-4.0,-1.5707963267948963,4.004875118638975,3.7963643485159397,2.404423570832109,7.796365872737895,TRACKING distance=7.796 heading_error=2.307 linear=0.000 angular=0.550 ,False
103.60000000000001,1,4.0,-4.0,-1.5707963267948963,4.0049334351736885,3.7959671725751543,2.4409616367050075,7.7959687335604455,TRACKING distance=7.796 heading_error=2.271 linear=0.000 angular=0.550 ,False
103.60000000000001,1,4.0,-4.0,-1.5707963267948963,4.0049334351736885,3.7959671725751543,2.4409616367050075,7.7959687335604455,TRACKING distance=7.796 heading_error=2.271 linear=0.000 angular=0.550 ,False
103.7,1,4.0,-4.0,-1.5707963267948963,4.004475510571478,3.795619670014072,2.4745034750813946,7.795620954722285,TRACKING distance=7.796 heading_error=2.237 linear=0.000 angular=0.550 ,False
103.7,1,4.0,-4.0,-1.5707963267948963,4.004475510571478,3.795619670014072,2.4745034750813946,7.795620954722285,TRACKING distance=7.796 heading_error=2.237 linear=0.000 angular=0.550 ,False
103.80000000000001,1,4.0,-4.0,-1.5707963267948963,4.005728920839672,3.7960572812650164,2.508281618889963,7.796059386209116,TRACKING distance=7.796 heading_error=2.203 linear=0.000 angular=0.550 ,False
103.80000000000001,1,4.0,-4.0,-1.5707963267948963,4.005728920839672,3.7960572812650164,2.508281618889963,7.796059386209116,TRACKING distance=7.796 heading_error=2.203 linear=0.000 angular=0.550 ,False
103.9,1,4.0,-4.0,-1.5707963267948963,4.005518059352652,3.7955861332132876,2.544844333589977,7.795588086175815,TRACKING distance=7.796 heading_error=2.167 linear=0.000 angular=0.550 ,False
103.9,1,4.0,-4.0,-1.5707963267948963,4.005518059352652,3.7955861332132876,2.544844333589977,7.795588086175815,TRACKING distance=7.796 heading_error=2.167 linear=0.000 angular=0.550 ,False
104.0,1,4.0,-4.0,-1.5707963267948963,4.006041701760367,3.7958907000644078,2.578467735721312,7.795893041179496,TRACKING distance=7.796 heading_error=2.133 linear=0.000 angular=0.550 ,False
104.0,1,4.0,-4.0,-1.5707963267948963,4.006041701760367,3.7958907000644078,2.578467735721312,7.795893041179496,TRACKING distance=7.796 heading_error=2.133 linear=0.000 angular=0.550 ,False
104.10000000000001,1,4.0,-4.0,-1.5707963267948963,4.005982872592477,3.79555897629328,2.6118169816601644,7.7955612721362915,TRACKING distance=7.796 heading_error=2.100 linear=0.000 angular=0.550 ,False
104.10000000000001,1,4.0,-4.0,-1.5707963267948963,4.005982872592477,3.79555897629328,2.6118169816601644,7.7955612721362915,TRACKING distance=7.796 heading_error=2.100 linear=0.000 angular=0.550 ,False
104.2,1,4.0,-4.0,-1.5707963267948963,4.006281194384893,3.795743539799186,2.6464605153453142,7.795746070243928,TRACKING distance=7.796 heading_error=2.065 linear=0.000 angular=0.550 ,False
104.2,1,4.0,-4.0,-1.5707963267948963,4.006281194384893,3.795743539799186,2.6464605153453142,7.795746070243928,TRACKING distance=7.796 heading_error=2.065 linear=0.000 angular=0.550 ,False
104.30000000000001,1,4.0,-4.0,-1.5707963267948963,4.005865445967572,3.795263744127683,2.6803508603306816,7.795265950817068,TRACKING distance=7.795 heading_error=2.031 linear=0.000 angular=0.550 ,False
104.30000000000001,1,4.0,-4.0,-1.5707963267948963,4.005865445967572,3.795263744127683,2.6803508603306816,7.795265950817068,TRACKING distance=7.795 heading_error=2.031 linear=0.000 angular=0.550 ,False
104.4,1,4.0,-4.0,-1.5707963267948963,4.0059778712720355,3.795241491658863,2.7108715366881584,7.795243783758456,TRACKING distance=7.795 heading_error=2.001 linear=0.000 angular=0.550 ,False
104.4,1,4.0,-4.0,-1.5707963267948963,4.0059778712720355,3.795241491658863,2.7108715366881584,7.795243783758456,TRACKING distance=7.795 heading_error=2.001 linear=0.000 angular=0.550 ,False
104.5,1,4.0,-4.0,-1.5707963267948963,4.006548132784004,3.7959895185856247,2.738798756061318,7.795992268591592,TRACKING distance=7.796 heading_error=1.973 linear=0.000 angular=0.550 ,False
104.5,1,4.0,-4.0,-1.5707963267948963,4.006548132784004,3.7959895185856247,2.738798756061318,7.795992268591592,TRACKING distance=7.796 heading_error=1.973 linear=0.000 angular=0.550 ,False
104.60000000000001,1,4.0,-4.0,-1.5707963267948963,4.00649823959147,3.795585719350456,2.767313910330017,7.7955884277492835,TRACKING distance=7.796 heading_error=1.944 linear=0.000 angular=0.550 ,False
104.60000000000001,1,4.0,-4.0,-1.5707963267948963,4.00649823959147,3.795585719350456,2.767313910330017,7.7955884277492835,TRACKING distance=7.796 heading_error=1.944 linear=0.000 angular=0.550 ,False
104.7,1,4.0,-4.0,-1.5707963267948963,4.007385914064528,3.7949213026793904,2.7907604433973052,7.794924801862526,TRACKING distance=7.795 heading_error=1.921 linear=0.000 angular=0.550 ,False
104.7,1,4.0,-4.0,-1.5707963267948963,4.007385914064528,3.7949213026793904,2.7907604433973052,7.794924801862526,TRACKING distance=7.795 heading_error=1.921 linear=0.000 angular=0.550 ,False
104.80000000000001,1,4.0,-4.0,-1.5707963267948963,4.006305093819356,3.794542739437338,2.8117625440289657,7.794545289567788,TRACKING distance=7.795 heading_error=1.900 linear=0.000 angular=0.550 ,False
104.80000000000001,1,4.0,-4.0,-1.5707963267948963,4.006305093819356,3.794542739437338,2.8117625440289657,7.794545289567788,TRACKING distance=7.795 heading_error=1.900 linear=0.000 angular=0.550 ,False
104.9,1,4.0,-4.0,-1.5707963267948963,4.0071683387975705,3.7946443577939535,2.833545907303952,7.794647653971937,TRACKING distance=7.795 heading_error=1.878 linear=0.000 angular=0.550 ,False
104.9,1,4.0,-4.0,-1.5707963267948963,4.0071683387975705,3.7946443577939535,2.833545907303952,7.794647653971937,TRACKING distance=7.795 heading_error=1.878 linear=0.000 angular=0.550 ,False
105.0,1,4.0,-4.0,-1.5707963267948963,4.006686771335949,3.7944561421334257,2.852439969275567,7.794459010383747,TRACKING distance=7.794 heading_error=1.859 linear=0.000 angular=0.550 ,False
105.0,1,4.0,-4.0,-1.5707963267948963,4.006686771335949,3.7944561421334257,2.852439969275567,7.794459010383747,TRACKING distance=7.794 heading_error=1.859 linear=0.000 angular=0.550 ,False
105.10000000000001,1,4.0,-4.0,-1.5707963267948963,4.007329743265206,3.7941322334108127,2.8722537392040106,7.794135679921781,TRACKING distance=7.794 heading_error=1.839 linear=0.000 angular=0.550 ,False
105.10000000000001,1,4.0,-4.0,-1.5707963267948963,4.007329743265206,3.7941322334108127,2.8722537392040106,7.794135679921781,TRACKING distance=7.794 heading_error=1.839 linear=0.000 angular=0.550 ,False
105.2,1,4.0,-4.0,-1.5707963267948963,4.007457591569346,3.7938748926087524,2.893666452717109,7.793878460516888,TRACKING distance=7.794 heading_error=1.818 linear=0.000 angular=0.550 ,False
105.2,1,4.0,-4.0,-1.5707963267948963,4.007457591569346,3.7938748926087524,2.893666452717109,7.793878460516888,TRACKING distance=7.794 heading_error=1.818 linear=0.000 angular=0.550 ,False
105.30000000000001,1,4.0,-4.0,-1.5707963267948963,4.0072534831627316,3.7943057423144246,2.9171952788997793,7.794309117406982,TRACKING distance=7.794 heading_error=1.794 linear=0.000 angular=0.550 ,False
105.30000000000001,1,4.0,-4.0,-1.5707963267948963,4.0072534831627316,3.7943057423144246,2.9171952788997793,7.794309117406982,TRACKING distance=7.794 heading_error=1.794 linear=0.000 angular=0.550 ,False
105.4,1,4.0,-4.0,-1.5707963267948963,4.007906321549428,3.7936891593670685,2.937685782520304,7.793693169656874,TRACKING distance=7.794 heading_error=1.774 linear=0.000 angular=0.550 ,False
105.4,1,4.0,-4.0,-1.5707963267948963,4.007906321549428,3.7936891593670685,2.937685782520304,7.793693169656874,TRACKING distance=7.794 heading_error=1.774 linear=0.000 angular=0.550 ,False
105.5,1,4.0,-4.0,-1.5707963267948963,4.008113794814371,3.7931003526256974,2.9601750943009746,7.793104576467652,TRACKING distance=7.793 heading_error=1.751 linear=0.000 angular=0.550 ,False
105.5,1,4.0,-4.0,-1.5707963267948963,4.008113794814371,3.7931003526256974,2.9601750943009746,7.793104576467652,TRACKING distance=7.793 heading_error=1.751 linear=0.000 angular=0.550 ,False
105.60000000000001,1,4.0,-4.0,-1.5707963267948963,4.009059769678468,3.7931132878047262,2.9805987689197226,7.7931185539542005,TRACKING distance=7.793 heading_error=1.731 linear=0.000 angular=0.550 ,False
105.60000000000001,1,4.0,-4.0,-1.5707963267948963,4.009059769678468,3.7931132878047262,2.9805987689197226,7.7931185539542005,TRACKING distance=7.793 heading_error=1.731 linear=0.000 angular=0.550 ,False
105.60000000000001,1,4.0857421933625515,-1.4389300017528632,-1.5561471813472325,4.00909287471221,3.793036322105045,2.993239908225485,5.232527757406816,OBJECT_GOAL_PUBLISHED,
105.7,1,4.0,-4.0,-1.5707963267948963,4.009240784636016,3.7933228544164823,3.0050057969967843,7.79332833295704,TRACKING distance=7.793 heading_error=1.706 linear=0.000 angular=0.550 ,False
105.7,1,4.0,-4.0,-1.5707963267948963,4.009240784636016,3.7933228544164823,3.0050057969967843,7.79332833295704,TRACKING distance=7.793 heading_error=1.706 linear=0.000 angular=0.550 ,False
105.80000000000001,1,4.0,-4.0,-1.5707963267948963,4.009887676817675,3.7925308170830774,3.0297036364558307,7.792537090148645,TRACKING distance=7.793 heading_error=1.681 linear=0.000 angular=0.550 ,False
105.80000000000001,1,4.0857421933625515,-1.4389300017528632,-1.5561471813472325,4.00960304625682,3.792570781969778,3.031727713958857,5.232054818119989,TRACKING distance=7.793 heading_error=1.681 linear=0.000 angular=0.550 ,False
105.80000000000001,1,4.0857421933625515,-1.4389300017528632,-1.5561471813472325,4.00960304625682,3.792570781969778,3.031727713958857,5.232054818119989,GOAL_RECEIVED frame=odom x=4.086 y=-1.439,False
105.9,1,4.0857421933625515,-1.4389300017528632,-1.5561471813472325,4.0093865316540915,3.79199450759491,3.0520735854200947,5.231481760416467,TRACKING distance=5.231 heading_error=1.675 linear=0.000 angular=0.550 ,False
105.9,1,4.0857421933625515,-1.4389300017528632,-1.5561471813472325,4.0093865316540915,3.79199450759491,3.0520735854200947,5.231481760416467,TRACKING distance=5.231 heading_error=1.675 linear=0.000 angular=0.550 ,False
106.0,1,4.0857421933625515,-1.4389300017528632,-1.5561471813472325,4.009608966348698,3.792421082023157,3.0729061472586605,5.231905047875018,TRACKING distance=5.232 heading_error=1.654 linear=0.000 angular=0.550 ,False
106.0,1,4.0857421933625515,-1.4389300017528632,-1.5561471813472325,4.009843078259667,3.7923117120223204,3.0749562090229277,5.23179228788901,TRACKING distance=5.232 heading_error=1.654 linear=0.000 angular=0.550 ,False
106.10000000000001,1,4.0857421933625515,-1.4389300017528632,-1.5561471813472325,4.009894251352399,3.7925172455200435,3.0934834556794195,5.231997057654606,TRACKING distance=5.232 heading_error=1.633 linear=0.000 angular=0.550 ,False
106.10000000000001,1,4.0857421933625515,-1.4389300017528632,-1.5561471813472325,4.009894251352399,3.7925172455200435,3.0934834556794195,5.231997057654606,TRACKING distance=5.232 heading_error=1.633 linear=0.000 angular=0.550 ,False
106.2,1,4.0857421933625515,-1.4389300017528632,-1.5561471813472325,4.009755924088583,3.7917660870809047,3.1145169840311464,5.231247985601433,TRACKING distance=5.231 heading_error=1.612 linear=0.000 angular=0.550 ,False
106.2,1,4.0857421933625515,-1.4389300017528632,-1.5561471813472325,4.009755924088583,3.7917660870809047,3.1145169840311464,5.231247985601433,TRACKING distance=5.231 heading_error=1.612 linear=0.000 angular=0.550 ,False
106.30000000000001,1,4.0857421933625515,-1.4389300017528632,-1.5561471813472325,4.010253849393937,3.791853270221356,3.133255264333624,5.231327950763596,TRACKING distance=5.231 heading_error=1.594 linear=0.000 angular=0.550 ,False
106.30000000000001,1,4.0857421933625515,-1.4389300017528632,-1.5561471813472325,4.010027027477832,3.791676841610533,3.135337346774568,5.231154818602193,TRACKING distance=5.231 heading_error=1.594 linear=0.000 angular=0.550 ,False
106.4,1,4.0857421933625515,-1.4389300017528632,-1.5561471813472325,4.0097645002246995,3.7919006883361948,-3.124552132726803,5.231382448094587,TRACKING distance=5.231 heading_error=1.568 linear=0.000 angular=0.550 ,False
106.4,1,4.0857421933625515,-1.4389300017528632,-1.5561471813472325,4.0097645002246995,3.7919006883361948,-3.124552132726803,5.231382448094587,TRACKING distance=5.231 heading_error=1.568 linear=0.000 angular=0.550 ,False
106.5,1,4.0857421933625515,-1.4389300017528632,-1.5561471813472325,4.009186357876715,3.7910444731807527,-3.0969792996889693,5.2305347531972375,TRACKING distance=5.231 heading_error=1.541 linear=0.000 angular=0.550 ,False
106.5,1,4.0857421933625515,-1.4389300017528632,-1.5561471813472325,4.009186357876715,3.7910444731807527,-3.0969792996889693,5.2305347531972375,TRACKING distance=5.231 heading_error=1.541 linear=0.000 angular=0.550 ,False
106.60000000000001,1,4.0857421933625515,-1.4389300017528632,-1.5561471813472325,4.009472287771723,3.790271214628625,-3.0653444655507656,5.229757399717933,TRACKING distance=5.230 heading_error=1.509 linear=0.000 angular=0.550 ,False
106.60000000000001,1,4.0857421933625515,-1.4389300017528632,-1.5561471813472325,4.009472287771723,3.790271214628625,-3.0653444655507656,5.229757399717933,TRACKING distance=5.230 heading_error=1.509 linear=0.000 angular=0.550 ,False
106.7,1,4.0857421933625515,-1.4389300017528632,-1.5561471813472325,4.009767182854893,3.790592878673743,-3.0314507367375345,5.2300747374322505,TRACKING distance=5.230 heading_error=1.475 linear=0.000 angular=0.550 ,False
106.7,1,4.0857421933625515,-1.4389300017528632,-1.5561471813472325,4.009767182854893,3.790592878673743,-3.0314507367375345,5.2300747374322505,TRACKING distance=5.230 heading_error=1.475 linear=0.000 angular=0.550 ,False
106.80000000000001,1,4.0857421933625515,-1.4389300017528632,-1.5561471813472325,4.009898096676836,3.7915504762645895,-2.9983141680215444,5.231030334257655,TRACKING distance=5.231 heading_error=1.442 linear=0.000 angular=0.550 ,False
106.80000000000001,1,4.0857421933625515,-1.4389300017528632,-1.5561471813472325,4.009898096676836,3.7915504762645895,-2.9983141680215444,5.231030334257655,TRACKING distance=5.231 heading_error=1.442 linear=0.000 angular=0.550 ,False
106.9,1,4.0857421933625515,-1.4389300017528632,-1.5561471813472325,4.009737266543757,3.790100947314659,-2.9654445281276156,5.229583292692327,TRACKING distance=5.230 heading_error=1.409 linear=0.000 angular=0.550 ,False
106.9,1,4.0857421933625515,-1.4389300017528632,-1.5561471813472325,4.009737266543757,3.790100947314659,-2.9654445281276156,5.229583292692327,TRACKING distance=5.230 heading_error=1.409 linear=0.000 angular=0.550 ,False
107.0,1,4.0857421933625515,-1.4389300017528632,-1.5561471813472325,4.009406170170737,3.7894922603635237,-2.9303244626194034,5.228979493116317,TRACKING distance=5.229 heading_error=1.374 linear=0.000 angular=0.550 ,False
107.0,1,4.0857421933625515,-1.4389300017528632,-1.5561471813472325,4.009304452875894,3.7891719279902025,-2.9270624787559028,5.228660680896578,TRACKING distance=5.229 heading_error=1.374 linear=0.000 angular=0.550 ,False
107.10000000000001,1,4.0857421933625515,-1.4389300017528632,-1.5561471813472325,4.009483904760733,3.78933340701157,-2.897466258275992,5.228819522416658,TRACKING distance=5.229 heading_error=1.341 linear=0.000 angular=0.550 ,False
107.10000000000001,1,4.0857421933625515,-1.4389300017528632,-1.5561471813472325,4.009483904760733,3.78933340701157,-2.897466258275992,5.228819522416658,TRACKING distance=5.229 heading_error=1.341 linear=0.000 angular=0.550 ,False
107.2,1,4.0857421933625515,-1.4389300017528632,-1.5561471813472325,4.009608539654498,3.789568530545862,-2.861450109670278,5.2290528048086165,TRACKING distance=5.229 heading_error=1.305 linear=0.000 angular=0.550 ,False
107.2,1,4.0857421933625515,-1.4389300017528632,-1.5561471813472325,4.009608539654498,3.789568530545862,-2.861450109670278,5.2290528048086165,TRACKING distance=5.229 heading_error=1.305 linear=0.000 angular=0.550 ,False
107.30000000000001,1,4.0857421933625515,-1.4389300017528632,-1.5561471813472325,4.010075843086226,3.7880900340010046,-2.8265343168746013,5.227567680167948,TRACKING distance=5.228 heading_error=1.270 linear=0.000 angular=0.550 ,False
107.30000000000001,1,4.0857421933625515,-1.4389300017528632,-1.5561471813472325,4.010075843086226,3.7880900340010046,-2.8265343168746013,5.227567680167948,TRACKING distance=5.228 heading_error=1.270 linear=0.000 angular=0.550 ,False
107.4,1,4.0857421933625515,-1.4389300017528632,-1.5561471813472325,4.010543204766484,3.7883211045523737,-2.789775233443424,5.22779198287912,TRACKING distance=5.228 heading_error=1.233 linear=0.000 angular=0.550 ,False
107.4,1,4.0857421933625515,-1.4389300017528632,-1.5561471813472325,4.010543204766484,3.7883211045523737,-2.789775233443424,5.22779198287912,TRACKING distance=5.228 heading_error=1.233 linear=0.000 angular=0.550 ,False
107.5,1,4.0857421933625515,-1.4389300017528632,-1.5561471813472325,4.010988929634555,3.7889866651539705,-2.7550747720818,5.228451082926974,TRACKING distance=5.228 heading_error=1.199 linear=0.000 angular=0.550 ,False
107.5,1,4.0857421933625515,-1.4389300017528632,-1.5561471813472325,4.010988929634555,3.7889866651539705,-2.7550747720818,5.228451082926974,TRACKING distance=5.228 heading_error=1.199 linear=0.000 angular=0.550 ,False
107.60000000000001,1,4.0857421933625515,-1.4389300017528632,-1.5561471813472325,4.0111039569197455,3.78842619819061,-2.7262267549271852,5.227889029754435,TRACKING distance=5.228 heading_error=1.170 linear=0.000 angular=0.550 ,False
107.60000000000001,1,4.0857421933625515,-1.4389300017528632,-1.5561471813472325,4.011157928999516,3.78871893118225,-2.7232556436947277,5.228180962677956,TRACKING distance=5.228 heading_error=1.170 linear=0.000 angular=0.550 ,False
107.7,1,4.0857421933625515,-1.4389300017528632,-1.5561471813472325,4.011012266608593,3.7878861092102647,-2.6976111349678398,5.227350305821906,TRACKING distance=5.227 heading_error=1.141 linear=0.000 angular=0.550 ,False
107.7,1,4.0857421933625515,-1.4389300017528632,-1.5561471813472325,4.011012266608593,3.7878861092102647,-2.6976111349678398,5.227350305821906,TRACKING distance=5.227 heading_error=1.141 linear=0.000 angular=0.550 ,False
107.80000000000001,1,4.0857421933625515,-1.4389300017528632,-1.5561471813472325,4.011088547581159,3.787930393381897,-2.6726558293576193,5.22739349552497,TRACKING distance=5.227 heading_error=1.116 linear=0.000 angular=0.550 ,False
107.80000000000001,1,4.0857421933625515,-1.4389300017528632,-1.5561471813472325,4.011088547581159,3.787930393381897,-2.6726558293576193,5.22739349552497,TRACKING distance=5.227 heading_error=1.116 linear=0.000 angular=0.550 ,False
107.9,1,4.0857421933625515,-1.4389300017528632,-1.5561471813472325,4.011128604488258,3.7884692797970456,-2.649054652497403,5.2279317551392355,TRACKING distance=5.228 heading_error=1.093 linear=0.000 angular=0.550 ,False
107.9,1,4.0857421933625515,-1.4389300017528632,-1.5561471813472325,4.011128604488258,3.7884692797970456,-2.649054652497403,5.2279317551392355,TRACKING distance=5.228 heading_error=1.093 linear=0.000 angular=0.550 ,False
108.0,1,4.0857421933625515,-1.4389300017528632,-1.5561471813472325,4.011976909914511,3.7879967065330846,-2.622233126974785,5.227447190630924,TRACKING distance=5.227 heading_error=1.066 linear=0.000 angular=0.550 ,False
108.0,1,4.0857421933625515,-1.4389300017528632,-1.5561471813472325,4.011976909914511,3.7879967065330846,-2.622233126974785,5.227447190630924,TRACKING distance=5.227 heading_error=1.066 linear=0.000 angular=0.550 ,False
108.10000000000001,1,4.0857421933625515,-1.4389300017528632,-1.5561471813472325,4.012671580272362,3.787922804124468,-2.5965518859443617,5.227363538994117,TRACKING distance=5.227 heading_error=1.040 linear=0.000 angular=0.550 ,False
108.10000000000001,1,4.0857421933625515,-1.4389300017528632,-1.5561471813472325,4.012671580272362,3.787922804124468,-2.5965518859443617,5.227363538994117,TRACKING distance=5.227 heading_error=1.040 linear=0.000 angular=0.550 ,False
108.2,1,4.0857421933625515,-1.4389300017528632,-1.5561471813472325,4.012094841012562,3.7885414203581633,-2.5716728391118204,5.2279901875860135,TRACKING distance=5.228 heading_error=1.015 linear=0.000 angular=0.550 ,False
108.2,1,4.0857421933625515,-1.4389300017528632,-1.5561471813472325,4.012094841012562,3.7885414203581633,-2.5716728391118204,5.2279901875860135,TRACKING distance=5.228 heading_error=1.015 linear=0.000 angular=0.550 ,False
108.30000000000001,1,4.0857421933625515,-1.4389300017528632,-1.5561471813472325,4.012688494338057,3.7886481988249985,-2.5449899948417576,5.228088626457859,TRACKING distance=5.228 heading_error=0.988 linear=0.000 angular=0.550 ,False
108.30000000000001,1,4.0857421933625515,-1.4389300017528632,-1.5561471813472325,4.012688494338057,3.7886481988249985,-2.5449899948417576,5.228088626457859,TRACKING distance=5.228 heading_error=0.988 linear=0.000 angular=0.550 ,False
108.4,1,4.0857421933625515,-1.4389300017528632,-1.5561471813472325,4.012895355268943,3.7879928028482746,-2.519161655456092,5.227430407674468,TRACKING distance=5.227 heading_error=0.962 linear=0.000 angular=0.550 ,False
108.4,1,4.0857421933625515,-1.4389300017528632,-1.5561471813472325,4.012895355268943,3.7879928028482746,-2.519161655456092,5.227430407674468,TRACKING distance=5.227 heading_error=0.962 linear=0.000 angular=0.550 ,False
108.5,1,4.0857421933625515,-1.4389300017528632,-1.5561471813472325,4.013242706904468,3.7882198939899645,-2.493224703901097,5.22765264799613,TRACKING distance=5.228 heading_error=0.936 linear=0.000 angular=0.550 ,False
108.5,1,4.0857421933625515,-1.4389300017528632,-1.5561471813472325,4.013242706904468,3.7882198939899645,-2.493224703901097,5.22765264799613,TRACKING distance=5.228 heading_error=0.936 linear=0.000 angular=0.550 ,False
108.60000000000001,1,4.0857421933625515,-1.4389300017528632,-1.5561471813472325,4.012697189384282,3.7888783723856,-2.4696899096643268,5.228318656061281,TRACKING distance=5.228 heading_error=0.913 linear=0.000 angular=0.550 ,False
108.60000000000001,1,4.0857421933625515,-1.4389300017528632,-1.5561471813472325,4.012697189384282,3.7888783723856,-2.4696899096643268,5.228318656061281,TRACKING distance=5.228 heading_error=0.913 linear=0.000 angular=0.550 ,False
108.7,1,4.0857421933625515,-1.4389300017528632,-1.5561471813472325,4.012818068581531,3.7891908351303023,-2.4412744747818347,5.228629401002428,TRACKING distance=5.229 heading_error=0.884 linear=0.000 angular=0.550 ,False
108.7,1,4.0857421933625515,-1.4389300017528632,-1.5561471813472325,4.012818068581531,3.7891908351303023,-2.4412744747818347,5.228629401002428,TRACKING distance=5.229 heading_error=0.884 linear=0.000 angular=0.550 ,False
108.7,1,4.0857421933625515,-1.4389300017528632,-1.5561471813472325,4.013327872972079,3.788822514758408,-2.411119209452799,5.228254030523722,TRACKING distance=5.228 heading_error=0.854 linear=0.000 angular=0.550 ,False
108.80000000000001,1,4.0857421933625515,-1.4389300017528632,-1.5561471813472325,4.013327872972079,3.788822514758408,-2.411119209452799,5.228254030523722,TRACKING distance=5.228 heading_error=0.854 linear=0.000 angular=0.550 ,False
108.9,1,4.0857421933625515,-1.4389300017528632,-1.5561471813472325,4.012931939642668,3.789369305870571,-2.3813970764282626,5.228806267509099,TRACKING distance=5.229 heading_error=0.825 linear=0.000 angular=0.550 ,False
108.9,1,4.0857421933625515,-1.4389300017528632,-1.5561471813472325,4.012931939642668,3.789369305870571,-2.3813970764282626,5.228806267509099,TRACKING distance=5.229 heading_error=0.825 linear=0.000 angular=0.550 ,False
109.0,1,4.0857421933625515,-1.4389300017528632,-1.5561471813472325,4.012709437830434,3.789053537886908,-2.350154327469929,5.228493633363724,TRACKING distance=5.228 heading_error=0.793 linear=0.000 angular=0.550 ,False
109.0,1,4.0857421933625515,-1.4389300017528632,-1.5561471813472325,4.012709437830434,3.789053537886908,-2.350154327469929,5.228493633363724,TRACKING distance=5.228 heading_error=0.793 linear=0.000 angular=0.550 ,False
109.10000000000001,1,4.0857421933625515,-1.4389300017528632,-1.5561471813472325,4.0124402713828,3.7897903586517736,-2.320888692692593,5.229234148427083,TRACKING distance=5.229 heading_error=0.764 linear=0.000 angular=0.550 ,False
109.10000000000001,1,4.0857421933625515,-1.4389300017528632,-1.5561471813472325,4.0124402713828,3.7897903586517736,-2.320888692692593,5.229234148427083,TRACKING distance=5.229 heading_error=0.764 linear=0.000 angular=0.550 ,False
109.2,1,4.0857421933625515,-1.4389300017528632,-1.5561471813472325,4.012723208150299,3.7893374814717458,-2.2921578391794593,5.228777356930128,TRACKING distance=5.229 heading_error=0.735 linear=0.000 angular=0.550 ,False
109.2,1,4.0857421933625515,-1.4389300017528632,-1.5561471813472325,4.012723208150299,3.7893374814717458,-2.2921578391794593,5.228777356930128,TRACKING distance=5.229 heading_error=0.735 linear=0.000 angular=0.550 ,False
109.30000000000001,1,4.0857421933625515,-1.4389300017528632,-1.5561471813472325,4.011917450630266,3.7893348300733396,-2.2644381849022435,5.228786020134135,TRACKING distance=5.229 heading_error=0.708 linear=0.000 angular=0.550 ,False
109.30000000000001,1,4.0857421933625515,-1.4389300017528632,-1.5561471813472325,4.011917450630266,3.7893348300733396,-2.2644381849022435,5.228786020134135,TRACKING distance=5.229 heading_error=0.708 linear=0.000 angular=0.550 ,False
109.4,1,4.0857421933625515,-1.4389300017528632,-1.5561471813472325,4.0117638852067365,3.789675765274489,-2.238311505809055,5.229129091643204,TRACKING distance=5.229 heading_error=0.682 linear=0.035 angular=0.550 ,False
109.4,1,4.0857421933625515,-1.4389300017528632,-1.5561471813472325,4.0117638852067365,3.789675765274489,-2.238311505809055,5.229129091643204,TRACKING distance=5.229 heading_error=0.682 linear=0.052 angular=0.550 ,False
109.5,1,4.0857421933625515,-1.4389300017528632,-1.5561471813472325,4.01151365920792,3.790328986329268,-2.208997748201075,5.229785792909735,TRACKING distance=5.230 heading_error=0.652 linear=0.087 angular=0.550 ,False
109.5,1,4.0857421933625515,-1.4389300017528632,-1.5561471813472325,4.01151365920792,3.790328986329268,-2.208997748201075,5.229785792909735,TRACKING distance=5.230 heading_error=0.652 linear=0.105 angular=0.550 ,False
109.60000000000001,1,4.0857421933625515,-1.4389300017528632,-1.5561471813472325,4.012582958601535,3.7901860315374614,-2.1763396197509066,5.229627784388174,TRACKING distance=5.230 heading_error=0.620 linear=0.140 angular=0.550 ,False
109.60000000000001,1,4.0857421933625515,-1.4389300017528632,-1.5561471813472325,4.012582958601535,3.7901860315374614,-2.1763396197509066,5.229627784388174,TRACKING distance=5.230 heading_error=0.620 linear=0.157 angular=0.550 ,False
109.7,1,4.0857421933625515,-1.4389300017528632,-1.5561471813472325,4.008814490879149,3.7845358819310335,-2.1510014189227347,5.224032322777011,TRACKING distance=5.224 heading_error=0.595 linear=0.192 angular=0.550 ,False
109.7,1,4.0857421933625515,-1.4389300017528632,-1.5561471813472325,4.008814490879149,3.7845358819310335,-2.1510014189227347,5.224032322777011,TRACKING distance=5.224 heading_error=0.595 linear=0.210 angular=0.550 ,False
109.80000000000001,1,4.0857421933625515,-1.4389300017528632,-1.5561471813472325,3.99989757120369,3.7702520060287346,-2.1269981792274693,5.209889297225913,TRACKING distance=5.210 heading_error=0.573 linear=0.245 angular=0.550 ,False
109.80000000000001,1,4.0857421933625515,-1.4389300017528632,-1.5561471813472325,3.99989757120369,3.7702520060287346,-2.1269981792274693,5.209889297225913,TRACKING distance=5.210 heading_error=0.573 linear=0.262 angular=0.550 ,False
109.9,1,4.0857421933625515,-1.4389300017528632,-1.5561471813472325,3.988810603154426,3.750727316573818,-2.0984666499468254,5.190562475767145,TRACKING distance=5.191 heading_error=0.546 linear=0.297 angular=0.550 ,False
109.9,1,4.0857421933625515,-1.4389300017528632,-1.5561471813472325,3.988810603154426,3.750727316573818,-2.0984666499468254,5.190562475767145,TRACKING distance=5.191 heading_error=0.546 linear=0.315 angular=0.550 ,False
110.0,1,4.0857421933625515,-1.4389300017528632,-1.5561471813472325,3.9708260793675025,3.7191583929051384,-2.068430395947104,5.159368333464988,TRACKING distance=5.159 heading_error=0.520 linear=0.350 angular=0.550 ,False
110.0,1,4.0857421933625515,-1.4389300017528632,-1.5561471813472325,3.9708260793675025,3.7191583929051384,-2.068430395947104,5.159368333464988,TRACKING distance=5.159 heading_error=0.520 linear=0.350 angular=0.550 ,False
110.10000000000001,1,4.0857421933625515,-1.4389300017528632,-1.5561471813472325,3.9533265601786725,3.685402349760221,-2.038514372347197,5.126042913268977,TRACKING distance=5.126 heading_error=0.494 linear=0.350 angular=0.550 ,False
110.10000000000001,1,4.0857421933625515,-1.4389300017528632,-1.5561471813472325,3.9533265601786725,3.685402349760221,-2.038514372347197,5.126042913268977,TRACKING distance=5.126 heading_error=0.494 linear=0.350 angular=0.550 ,False
110.2,1,4.0857421933625515,-1.4389300017528632,-1.5561471813472325,3.9369691546186614,3.6513105829242165,-2.0080543381102927,5.0924142238186745,TRACKING distance=5.092 heading_error=0.466 linear=0.350 angular=0.550 ,False
110.2,1,4.0857421933625515,-1.4389300017528632,-1.5561471813472325,3.9369691546186614,3.6513105829242165,-2.0080543381102927,5.0924142238186745,TRACKING distance=5.092 heading_error=0.466 linear=0.350 angular=0.550 ,False
110.30000000000001,1,4.0857421933625515,-1.4389300017528632,-1.5561471813472325,3.9222338625840445,3.6162398481675635,-1.9759922461483577,5.057813478745384,TRACKING distance=5.058 heading_error=0.438 linear=0.350 angular=0.525 ,False
110.30000000000001,1,4.0857421933625515,-1.4389300017528632,-1.5561471813472325,3.9222338625840445,3.6162398481675635,-1.9759922461483577,5.057813478745384,TRACKING distance=5.058 heading_error=0.438 linear=0.350 angular=0.525 ,False
110.4,1,4.0857421933625515,-1.4389300017528632,-1.5561471813472325,3.9076710825399545,3.5812625088328387,-1.944959398080532,5.023349695556777,TRACKING distance=5.023 heading_error=0.410 linear=0.350 angular=0.492 ,False
110.4,1,4.0857421933625515,-1.4389300017528632,-1.5561471813472325,3.9076710825399545,3.5812625088328387,-1.944959398080532,5.023349695556777,TRACKING distance=5.023 heading_error=0.410 linear=0.350 angular=0.492 ,False
110.5,1,4.0857421933625515,-1.4389300017528632,-1.5561471813472325,3.8948300183085447,3.5451746098738997,-1.916769393222624,4.987759641183907,TRACKING distance=4.988 heading_error=0.384 linear=0.350 angular=0.461 ,False
110.5,1,4.0857421933625515,-1.4389300017528632,-1.5561471813472325,3.8948300183085447,3.5451746098738997,-1.916769393222624,4.987759641183907,TRACKING distance=4.988 heading_error=0.384 linear=0.350 angular=0.461 ,False
110.60000000000001,1,4.0857421933625515,-1.4389300017528632,-1.5561471813472325,3.8825669651589476,3.508893820681816,-1.8883495322230504,4.951993613809261,TRACKING distance=4.952 heading_error=0.359 linear=0.350 angular=0.430 ,False
110.60000000000001,1,4.0857421933625515,-1.4389300017528632,-1.5561471813472325,3.8825669651589476,3.508893820681816,-1.8883495322230504,4.951993613809261,TRACKING distance=4.952 heading_error=0.359 linear=0.350 angular=0.430 ,False
110.7,1,4.0857421933625515,-1.4389300017528632,-1.5561471813472325,3.871451823526365,3.4725898057160127,-1.8619331176276075,4.9161923458875805,TRACKING distance=4.916 heading_error=0.335 linear=0.350 angular=0.402 ,False
110.7,1,4.0857421933625515,-1.4389300017528632,-1.5561471813472325,3.871451823526365,3.4725898057160127,-1.8619331176276075,4.9161923458875805,TRACKING distance=4.916 heading_error=0.335 linear=0.350 angular=0.402 ,False
110.80000000000001,1,4.0857421933625515,-1.4389300017528632,-1.5561471813472325,3.8615035927237713,3.4355553066325384,-1.835297058912661,4.879640352698297,TRACKING distance=4.880 heading_error=0.310 linear=0.350 angular=0.373 ,False
110.80000000000001,1,4.0857421933625515,-1.4389300017528632,-1.5561471813472325,3.8615035927237713,3.4355553066325384,-1.835297058912661,4.879640352698297,TRACKING distance=4.880 heading_error=0.310 linear=0.350 angular=0.373 ,False
110.9,1,4.0857421933625515,-1.4389300017528632,-1.5561471813472325,3.852068821453269,3.3987165083765203,-1.808752452535836,4.843286797383205,TRACKING distance=4.843 heading_error=0.286 linear=0.350 angular=0.343 ,False
110.9,1,4.0857421933625515,-1.4389300017528632,-1.5561471813472325,3.852068821453269,3.3987165083765203,-1.808752452535836,4.843286797383205,TRACKING distance=4.843 heading_error=0.286 linear=0.350 angular=0.343 ,False
111.0,1,4.0857421933625515,-1.4389300017528632,-1.5561471813472325,3.8431366134737535,3.3573653206670193,-1.7787034090439764,4.802427124617304,TRACKING distance=4.806 heading_error=0.261 linear=0.350 angular=0.313 ,False
111.0,1,4.0857421933625515,-1.4389300017528632,-1.5561471813472325,3.8431366134737535,3.3573653206670193,-1.7787034090439764,4.802427124617304,TRACKING distance=4.806 heading_error=0.261 linear=0.350 angular=0.313 ,False
111.10000000000001,1,4.0857421933625515,-1.4389300017528632,-1.5561471813472325,3.836823741843704,3.3237508953357064,-1.7545916246504227,4.7691812424145645,TRACKING distance=4.769 heading_error=0.236 linear=0.350 angular=0.283 ,False
111.10000000000001,1,4.0857421933625515,-1.4389300017528632,-1.5561471813472325,3.836823741843704,3.3237508953357064,-1.7545916246504227,4.7691812424145645,TRACKING distance=4.769 heading_error=0.236 linear=0.350 angular=0.283 ,False
111.2,1,4.0857421933625515,-1.4389300017528632,-1.5561471813472325,3.8307070677804105,3.285952601803532,-1.7310087049750766,4.731760616585602,TRACKING distance=4.732 heading_error=0.214 linear=0.350 angular=0.257 ,False
111.2,1,4.0857421933625515,-1.4389300017528632,-1.5561471813472325,3.8307070677804105,3.285952601803532,-1.7310087049750766,4.731760616585602,TRACKING distance=4.732 heading_error=0.214 linear=0.350 angular=0.257 ,False
111.30000000000001,1,4.0857421933625515,-1.4389300017528632,-1.5561471813472325,3.8253420422429976,3.248149737841116,-1.7085865864369154,4.694307693794204,TRACKING distance=4.694 heading_error=0.193 linear=0.350 angular=0.232 ,False
111.30000000000001,1,4.0857421933625515,-1.4389300017528632,-1.5561471813472325,3.8253420422429976,3.248149737841116,-1.7085865864369154,4.694307693794204,TRACKING distance=4.694 heading_error=0.193 linear=0.350 angular=0.232 ,False
111.4,1,4.0857421933625515,-1.4389300017528632,-1.5561471813472325,3.8207411061296908,3.2102139240757825,-1.6837245485645271,4.656690328903565,TRACKING distance=4.657 heading_error=0.170 linear=0.350 angular=0.204 ,False
111.4,1,4.0857421933625515,-1.4389300017528632,-1.5561471813472325,3.8207411061296908,3.2102139240757825,-1.6837245485645271,4.656690328903565,TRACKING distance=4.657 heading_error=0.170 linear=0.350 angular=0.204 ,False
111.5,1,4.0857421933625515,-1.4389300017528632,-1.5561471813472325,3.8172237563118356,3.1724027601230755,-1.659760370325974,4.6191440756688396,TRACKING distance=4.619 heading_error=0.147 linear=0.350 angular=0.177 ,False
111.5,1,4.0857421933625515,-1.4389300017528632,-1.5561471813472325,3.8172237563118356,3.1724027601230755,-1.659760370325974,4.6191440756688396,TRACKING distance=4.619 heading_error=0.147 linear=0.350 angular=0.177 ,False
111.60000000000001,1,4.0857421933625515,-1.4389300017528632,-1.5561471813472325,3.81430326651271,3.134378532423158,-1.6382186990918763,4.581356790272574,TRACKING distance=4.581 heading_error=0.127 linear=0.350 angular=0.152 ,False
111.60000000000001,1,4.0857421933625515,-1.4389300017528632,-1.5561471813472325,3.81430326651271,3.134378532423158,-1.6382186990918763,4.581356790272574,TRACKING distance=4.581 heading_error=0.127 linear=0.350 angular=0.152 ,False
111.7,1,4.0857421933625515,-1.4389300017528632,-1.5561471813472325,3.8122922477578283,3.0962558103776265,-1.619672543901352,4.543422192940131,TRACKING distance=4.543 heading_error=0.109 linear=0.350 angular=0.131 ,False
111.7,1,4.0857421933625515,-1.4389300017528632,-1.5561471813472325,3.8122922477578283,3.0962558103776265,-1.619672543901352,4.543422192940131,TRACKING distance=4.543 heading_error=0.109 linear=0.350 angular=0.131 ,False
111.80000000000001,1,4.0857421933625515,-1.4389300017528632,-1.5561471813472325,3.8112844410073885,3.0578736063895735,-1.6040794356705799,4.505171444909803,TRACKING distance=4.505 heading_error=0.094 linear=0.350 angular=0.113 ,False
111.80000000000001,1,4.0857421933625515,-1.4389300017528632,-1.5561471813472325,3.8112844410073885,3.0578736063895735,-1.6040794356705799,4.505171444909803,TRACKING distance=4.505 heading_error=0.094 linear=0.350 angular=0.113 ,False
111.9,1,4.0857421933625515,-1.4389300017528632,-1.5561471813472325,3.8104097090525118,3.0195980107610088,-1.5914856815910774,4.46702138066153,TRACKING distance=4.467 heading_error=0.082 linear=0.350 angular=0.099 ,False
111.9,1,4.0857421933625515,-1.4389300017528632,-1.5561471813472325,3.8104097090525118,3.0195980107610088,-1.5914856815910774,4.46702138066153,TRACKING distance=4.467 heading_error=0.082 linear=0.350 angular=0.099 ,False
112.0,1,4.0857421933625515,-1.4389300017528632,-1.5561471813472325,3.8100158488484084,2.9813859820775286,-1.5815926012976067,4.428907135396448,TRACKING distance=4.429 heading_error=0.073 linear=0.350 angular=0.088 ,False
112.0,1,4.0857421933625515,-1.4389300017528632,-1.5561471813472325,3.8099622512085407,2.9776211521006895,-1.5805803053318008,4.425152954542884,TRACKING distance=4.429 heading_error=0.073 linear=0.350 angular=0.088 ,False
112.10000000000001,1,4.0857421933625515,-1.4389300017528632,-1.5561471813472325,3.809962585612471,2.943075247798638,-1.573049612456207,4.390674708874218,TRACKING distance=4.391 heading_error=0.065 linear=0.350 angular=0.078 ,False
112.10000000000001,1,4.0857421933625515,-1.4389300017528632,-1.5561471813472325,3.809962585612471,2.943075247798638,-1.573049612456207,4.390674708874218,TRACKING distance=4.391 heading_error=0.065 linear=0.350 angular=0.078 ,False
112.2,1,4.0857421933625515,-1.4389300017528632,-1.5561471813472325,3.8103844524691612,2.9046715495397737,-1.5655340265099018,4.352320797214023,TRACKING distance=4.352 heading_error=0.058 linear=0.350 angular=0.070 ,False
112.2,1,4.0857421933625515,-1.4389300017528632,-1.5561471813472325,3.8104608602612333,2.9008906541861017,-1.5647223717011407,4.348542645308719,TRACKING distance=4.352 heading_error=0.058 linear=0.350 angular=0.070 ,False
112.30000000000001,1,4.0857421933625515,-1.4389300017528632,-1.5561471813472325,3.8108437965043573,2.866451150870342,-1.558431865281871,4.314148351408227,TRACKING distance=4.314 heading_error=0.051 linear=0.350 angular=0.062 ,False
112.30000000000001,1,4.0857421933625515,-1.4389300017528632,-1.5561471813472325,3.8108437965043573,2.866451150870342,-1.558431865281871,4.314148351408227,TRACKING distance=4.314 heading_error=0.051 linear=0.350 angular=0.062 ,False
112.4,1,4.0857421933625515,-1.4389300017528632,-1.5561471813472325,3.811592640642543,2.828025094904109,-1.5535740509660998,4.275753006681219,TRACKING distance=4.276 heading_error=0.047 linear=0.350 angular=0.056 ,False
112.4,1,4.0857421933625515,-1.4389300017528632,-1.5561471813472325,3.811592640642543,2.828025094904109,-1.5535740509660998,4.275753006681219,TRACKING distance=4.276 heading_error=0.047 linear=0.350 angular=0.056 ,False
112.5,1,4.0857421933625515,-1.4389300017528632,-1.5561471813472325,3.812593136460164,2.7896515296194004,-1.5486983057906247,4.237394503081966,TRACKING distance=4.237 heading_error=0.042 linear=0.350 angular=0.051 ,False
112.5,1,4.0857421933625515,-1.4389300017528632,-1.5561471813472325,3.812593136460164,2.7896515296194004,-1.5486983057906247,4.237394503081966,TRACKING distance=4.237 heading_error=0.042 linear=0.350 angular=0.051 ,False
112.60000000000001,1,4.0857421933625515,-1.4389300017528632,-1.5561471813472325,3.813656819895569,2.7513829562437224,-1.5437037928498716,4.1991371895198615,TRACKING distance=4.199 heading_error=0.038 linear=0.350 angular=0.045 ,False
112.60000000000001,1,4.0857421933625515,-1.4389300017528632,-1.5561471813472325,3.813656819895569,2.7513829562437224,-1.5437037928498716,4.1991371895198615,TRACKING distance=4.199 heading_error=0.038 linear=0.350 angular=0.045 ,False
112.7,1,4.0857421933625515,-1.4389300017528632,-1.5561471813472325,3.814837076653235,2.7131001067665004,-1.539497990222694,4.160858517699276,TRACKING distance=4.161 heading_error=0.034 linear=0.350 angular=0.041 ,False
112.7,1,4.0857421933625515,-1.4389300017528632,-1.5561471813472325,3.814837076653235,2.7131001067665004,-1.539497990222694,4.160858517699276,TRACKING distance=4.161 heading_error=0.034 linear=0.350 angular=0.041 ,False
112.80000000000001,1,4.0857421933625515,-1.4389300017528632,-1.5561471813472325,3.8162677832369187,2.6747070464484293,-1.53661415183486,4.1224539078135,TRACKING distance=4.122 heading_error=0.031 linear=0.350 angular=0.037 ,False
112.80000000000001,1,4.0857421933625515,-1.4389300017528632,-1.5561471813472325,3.8162677832369187,2.6747070464484293,-1.53661415183486,4.1224539078135,TRACKING distance=4.122 heading_error=0.031 linear=0.350 angular=0.037 ,False
112.9,1,4.0857421933625515,-1.4389300017528632,-1.5561471813472325,3.817781323262641,2.6363080596526607,-1.5340579679101725,4.084038232562588,TRACKING distance=4.084 heading_error=0.029 linear=0.350 angular=0.035 ,False
112.9,1,4.0857421933625515,-1.4389300017528632,-1.5561471813472325,3.817781323262641,2.6363080596526607,-1.5340579679101725,4.084038232562588,TRACKING distance=4.084 heading_error=0.029 linear=0.350 angular=0.035 ,False
113.0,1,4.0857421933625515,-1.4389300017528632,-1.5561471813472325,3.8194706396725016,2.597975602034559,-1.5307579517658607,4.045677618668448,TRACKING distance=4.046 heading_error=0.026 linear=0.350 angular=0.031 ,False
113.0,1,4.0857421933625515,-1.4389300017528632,-1.5561471813472325,3.8194706396725016,2.597975602034559,-1.5307579517658607,4.045677618668448,TRACKING distance=4.046 heading_error=0.026 linear=0.350 angular=0.031 ,False
113.10000000000001,1,4.0857421933625515,-1.4389300017528632,-1.5561471813472325,3.821229344309704,2.559638185191949,-1.5279794999171477,4.007307648903585,TRACKING distance=4.007 heading_error=0.023 linear=0.350 angular=0.028 ,False
113.10000000000001,1,4.0857421933625515,-1.4389300017528632,-1.5561471813472325,3.821229344309704,2.559638185191949,-1.5279794999171477,4.007307648903585,TRACKING distance=4.007 heading_error=0.023 linear=0.350 angular=0.028 ,False
113.2,1,4.0857421933625515,-1.4389300017528632,-1.5561471813472325,3.8229589895600196,2.5213185995459746,-1.5255078827898498,3.968957545286939,TRACKING distance=3.969 heading_error=0.021 linear=0.350 angular=0.025 ,False
113.2,1,4.0857421933625515,-1.4389300017528632,-1.5561471813472325,3.8229589895600196,2.5213185995459746,-1.5255078827898498,3.968957545286939,TRACKING distance=3.969 heading_error=0.021 linear=0.350 angular=0.025 ,False
113.30000000000001,1,4.0857421933625515,-1.4389300017528632,-1.5561471813472325,3.8248107422657647,2.483063840313183,-1.5235110963236163,3.930664182981734,TRACKING distance=3.931 heading_error=0.019 linear=0.350 angular=0.023 ,False
113.30000000000001,1,4.0857421933625515,-1.4389300017528632,-1.5561471813472325,3.8248107422657647,2.483063840313183,-1.5235110963236163,3.930664182981734,TRACKING distance=3.931 heading_error=0.019 linear=0.350 angular=0.023 ,False
113.4,1,4.0857421933625515,-1.4389300017528632,-1.5561471813472325,3.8267450619784102,2.444764801722184,-1.5222435758542554,3.892321266365907,TRACKING distance=3.892 heading_error=0.018 linear=0.350 angular=0.022 ,False
113.4,1,4.0857421933625515,-1.4389300017528632,-1.5561471813472325,3.8267450619784102,2.444764801722184,-1.5222435758542554,3.892321266365907,TRACKING distance=3.892 heading_error=0.018 linear=0.350 angular=0.022 ,False
113.5,1,4.0857421933625515,-1.4389300017528632,-1.5561471813472325,3.8287548899150954,2.4064238982649377,-1.5214286771144108,3.8539316406126494,TRACKING distance=3.854 heading_error=0.017 linear=0.350 angular=0.021 ,False
113.5,1,4.0857421933625515,-1.4389300017528632,-1.5561471813472325,3.8287548899150954,2.4064238982649377,-1.5214286771144108,3.8539316406126494,TRACKING distance=3.854 heading_error=0.017 linear=0.350 angular=0.021 ,False
113.60000000000001,1,4.0857421933625515,-1.4389300017528632,-1.5561471813472325,3.8307729245136475,2.368053434228588,-1.5204784732477796,3.8155120508123783,TRACKING distance=3.816 heading_error=0.017 linear=0.350 angular=0.020 ,False
113.60000000000001,1,4.0857421933625515,-1.4389300017528632,-1.5561471813472325,3.8307729245136475,2.368053434228588,-1.5204784732477796,3.8155120508123783,TRACKING distance=3.816 heading_error=0.017 linear=0.350 angular=0.020 ,False
113.7,1,4.0857421933625515,-1.4389300017528632,-1.5561471813472325,3.832811135620812,2.329696098721185,-1.5193297165812547,3.7771042883596144,TRACKING distance=3.777 heading_error=0.016 linear=0.350 angular=0.019 ,False
113.7,1,4.0857421933625515,-1.4389300017528632,-1.5561471813472325,3.832811135620812,2.329696098721185,-1.5193297165812547,3.7771042883596144,TRACKING distance=3.777 heading_error=0.016 linear=0.350 angular=0.019 ,False
113.80000000000001,1,4.0857421933625515,-1.4389300017528632,-1.5561471813472325,3.8349129527943435,2.2913686048067694,-1.5177368076690951,3.7387221081573796,TRACKING distance=3.739 heading_error=0.014 linear=0.350 angular=0.017 ,False
113.80000000000001,1,4.0857421933625515,-1.4389300017528632,-1.5561471813472325,3.8349129527943435,2.2913686048067694,-1.5177368076690951,3.7387221081573796,TRACKING distance=3.739 heading_error=0.014 linear=0.350 angular=0.017 ,False
113.9,1,4.0857421933625515,-1.4389300017528632,-1.5561471813472325,3.837083902954062,2.253079848320414,-1.5161618975405982,3.700373991696917,TRACKING distance=3.700 heading_error=0.013 linear=0.350 angular=0.015 ,False
113.9,1,4.0857421933625515,-1.4389300017528632,-1.5561471813472325,3.837083902954062,2.253079848320414,-1.5161618975405982,3.700373991696917,TRACKING distance=3.700 heading_error=0.013 linear=0.350 angular=0.015 ,False
114.0,1,4.0857421933625515,-1.4389300017528632,-1.5561471813472325,3.839342853997573,2.2147840773747256,-1.5148050514335691,3.662012999219782,TRACKING distance=3.662 heading_error=0.011 linear=0.350 angular=0.014 ,False
114.0,1,4.0857421933625515,-1.4389300017528632,-1.5561471813472325,3.839342853997573,2.2147840773747256,-1.5148050514335691,3.662012999219782,TRACKING distance=3.662 heading_error=0.011 linear=0.350 angular=0.014 ,False
114.10000000000001,1,4.0857421933625515,-1.4389300017528632,-1.5561471813472325,3.8416489585067803,2.176485867426554,-1.5137714190074134,3.6236464251381806,TRACKING distance=3.624 heading_error=0.010 linear=0.350 angular=0.012 ,False
114.10000000000001,1,4.0857421933625515,-1.4389300017528632,-1.5561471813472325,3.8416489585067803,2.176485867426554,-1.5137714190074134,3.6236464251381806,TRACKING distance=3.624 heading_error=0.010 linear=0.350 angular=0.012 ,False
114.2,1,4.0857421933625515,-1.4389300017528632,-1.5561471813472325,3.8439601516220163,2.138185533012171,-1.512880989311552,3.5852774097363174,TRACKING distance=3.585 heading_error=0.010 linear=0.350 angular=0.011 ,False
114.2,1,4.0857421933625515,-1.4389300017528632,-1.5561471813472325,3.8439601516220163,2.138185533012171,-1.512880989311552,3.5852774097363174,TRACKING distance=3.585 heading_error=0.010 linear=0.350 angular=0.011 ,False
114.30000000000001,1,4.0857421933625515,-1.4389300017528632,-1.5561471813472325,3.846262311197925,2.099872880132342,-1.5120545443136901,3.546896735288556,TRACKING distance=3.547 heading_error=0.009 linear=0.350 angular=0.011 ,False
114.30000000000001,1,4.0857421933625515,-1.4389300017528632,-1.5561471813472325,3.846262311197925,2.099872880132342,-1.5120545443136901,3.546896735288556,TRACKING distance=3.547 heading_error=0.009 linear=0.350 angular=0.011 ,False
114.4,1,4.0857421933625515,-1.4389300017528632,-1.5561471813472325,3.848576891348659,2.0615723293405885,-1.5113456058515597,3.508527319327873,TRACKING distance=3.509 heading_error=0.008 linear=0.350 angular=0.010 ,False
114.4,1,4.0857421933625515,-1.4389300017528632,-1.5561471813472325,3.848576891348659,2.0615723293405885,-1.5113456058515597,3.508527319327873,TRACKING distance=3.509 heading_error=0.008 linear=0.350 angular=0.010 ,False
114.50000000000001,1,4.0857421933625515,-1.4389300017528632,-1.5561471813472325,3.8509275858577654,2.0232912815011637,-1.5105247593767503,3.470174939987145,TRACKING distance=3.470 heading_error=0.007 linear=0.350 angular=0.009 ,False
114.50000000000001,1,4.0857421933625515,-1.4389300017528632,-1.5561471813472325,3.8509275858577654,2.0232912815011637,-1.5105247593767503,3.470174939987145,TRACKING distance=3.470 heading_error=0.007 linear=0.350 angular=0.009 ,False
114.60000000000001,1,4.0857421933625515,-1.4389300017528632,-1.5561471813472325,3.85332129918934,1.9850187269046509,-1.5098527193085325,3.4318281379643243,TRACKING distance=3.432 heading_error=0.007 linear=0.350 angular=0.008 ,False
114.60000000000001,1,4.0857421933625515,-1.4389300017528632,-1.5561471813472325,3.85332129918934,1.9850187269046509,-1.5098527193085325,3.4318281379643243,TRACKING distance=3.432 heading_error=0.007 linear=0.350 angular=0.008 ,False
114.7,1,4.0857421933625515,-1.4389300017528632,-1.5561471813472325,3.8557338725961072,1.9467438035494191,-1.5093615162394698,3.3934777063555077,TRACKING distance=3.393 heading_error=0.006 linear=0.350 angular=0.008 ,False
114.7,1,4.0857421933625515,-1.4389300017528632,-1.5561471813472325,3.8557338725961072,1.9467438035494191,-1.5093615162394698,3.3934777063555077,TRACKING distance=3.393 heading_error=0.006 linear=0.350 angular=0.008 ,False
114.80000000000001,1,4.0857421933625515,-1.4389300017528632,-1.5561471813472325,3.8581851775119094,1.9084623798727844,-1.5090016372132595,3.3551181725877073,TRACKING distance=3.355 heading_error=0.006 linear=0.350 angular=0.007 ,False
114.80000000000001,1,4.0857421933625515,-1.4389300017528632,-1.5561471813472325,3.8584291852149923,1.904623530731101,-1.508974392825763,3.3512716136205807,TRACKING distance=3.355 heading_error=0.006 linear=0.350 angular=0.007 ,False
114.9,1,4.0857421933625515,-1.4389300017528632,-1.5561471813472325,3.860655334116,1.8701608145505635,-1.508820830166086,3.3167372709862257,TRACKING distance=3.317 heading_error=0.006 linear=0.350 angular=0.007 ,False
114.9,1,4.0857421933625515,-1.4389300017528632,-1.5561471813472325,3.860655334116,1.8701608145505635,-1.508820830166086,3.3167372709862257,TRACKING distance=3.317 heading_error=0.006 linear=0.350 angular=0.007 ,False
115.00000000000001,1,4.0857421933625515,-1.4389300017528632,-1.5561471813472325,3.8631206423548203,1.831864220710711,-1.5086943628145961,3.2783616641051343,TRACKING distance=3.278 heading_error=0.006 linear=0.350 angular=0.007 ,False
115.00000000000001,1,4.0857421933625515,-1.4389300017528632,-1.5561471813472325,3.8633657519438827,1.8280405869962655,-1.5086696998698346,3.274530212022766,TRACKING distance=3.278 heading_error=0.006 linear=0.350 angular=0.007 ,False
115.10000000000001,1,4.0857421933625515,-1.4389300017528632,-1.5561471813472325,3.865595876911461,1.793573300966375,-1.5085415608315478,3.2399910497928492,TRACKING distance=3.240 heading_error=0.006 linear=0.350 angular=0.007 ,False
115.10000000000001,1,4.0857421933625515,-1.4389300017528632,-1.5561471813472325,3.865595876911461,1.793573300966375,-1.5085415608315478,3.2399910497928492,TRACKING distance=3.240 heading_error=0.006 linear=0.350 angular=0.007 ,False
115.2,1,4.0857421933625515,-1.4389300017528632,-1.5561471813472325,3.868094800428359,1.7552770535482156,-1.5085171227337568,3.201613515055532,TRACKING distance=3.202 heading_error=0.006 linear=0.350 angular=0.007 ,False
115.2,1,4.0857421933625515,-1.4389300017528632,-1.5561471813472325,3.868094800428359,1.7552770535482156,-1.5085171227337568,3.201613515055532,TRACKING distance=3.202 heading_error=0.006 linear=0.350 angular=0.007 ,False
115.30000000000001,1,4.0857421933625515,-1.4389300017528632,-1.5561471813472325,3.8705895000506962,1.7169767049566298,-1.5084562669635246,3.1632321797321965,TRACKING distance=3.163 heading_error=0.006 linear=0.350 angular=0.007 ,False
115.30000000000001,1,4.0857421933625515,-1.4389300017528632,-1.5561471813472325,3.8705895000506962,1.7169767049566298,-1.5084562669635246,3.1632321797321965,TRACKING distance=3.163 heading_error=0.006 linear=0.350 angular=0.007 ,False
115.4,1,4.0857421933625515,-1.4389300017528632,-1.5561471813472325,3.8730746041351796,1.678672085449446,-1.5083737215676833,3.124847240688091,TRACKING distance=3.125 heading_error=0.006 linear=0.350 angular=0.007 ,False
115.4,1,4.0857421933625515,-1.4389300017528632,-1.5561471813472325,3.8730746041351796,1.678672085449446,-1.5083737215676833,3.124847240688091,TRACKING distance=3.125 heading_error=0.006 linear=0.350 angular=0.007 ,False
115.50000000000001,1,4.0857421933625515,-1.4389300017528632,-1.5561471813472325,3.87555557652864,1.6403568719397215,-1.5083530034021324,3.0864520188059847,TRACKING distance=3.086 heading_error=0.006 linear=0.350 angular=0.007 ,False
115.50000000000001,1,4.0857421933625515,-1.4389300017528632,-1.5561471813472325,3.87555557652864,1.6403568719397215,-1.5083530034021324,3.0864520188059847,TRACKING distance=3.086 heading_error=0.006 linear=0.350 angular=0.007 ,False
115.60000000000001,1,4.0857421933625515,-1.4389300017528632,-1.5561471813472325,3.8780415235218495,1.6020509677045796,-1.5081685421559026,3.0480657513995006,TRACKING distance=3.048 heading_error=0.006 linear=0.350 angular=0.007 ,False
115.60000000000001,1,4.0857421933625515,-1.4389300017528632,-1.5561471813472325,3.8780415235218495,1.6020509677045796,-1.5081685421559026,3.0480657513995006,TRACKING distance=3.048 heading_error=0.006 linear=0.350 angular=0.007 ,False
115.7,1,4.0857421933625515,-1.4389300017528632,-1.5561471813472325,3.8805537625674327,1.5637460065567566,-1.5079899890030988,3.009678637830018,TRACKING distance=3.010 heading_error=0.005 linear=0.350 angular=0.007 ,False
115.7,1,4.0857421933625515,-1.4389300017528632,-1.5561471813472325,3.8805537625674327,1.5637460065567566,-1.5079899890030988,3.009678637830018,TRACKING distance=3.010 heading_error=0.005 linear=0.350 angular=0.007 ,False
115.80000000000001,1,4.0857421933625515,-1.4389300017528632,-1.5561471813472325,3.883031438099274,1.5254450012229999,-1.5077155443599615,2.9712978323566888,TRACKING distance=2.971 heading_error=0.005 linear=0.350 angular=0.006 ,False
115.80000000000001,1,4.0857421933625515,-1.4389300017528632,-1.5561471813472325,3.883031438099274,1.5254450012229999,-1.5077155443599615,2.9712978323566888,TRACKING distance=2.971 heading_error=0.005 linear=0.350 angular=0.006 ,False
115.9,1,4.0857421933625515,-1.4389300017528632,-1.5561471813472325,3.8855364505836265,1.4871418882240026,-1.5074026352119527,2.9329130646431456,TRACKING distance=2.933 heading_error=0.005 linear=0.350 angular=0.006 ,False
115.9,1,4.0857421933625515,-1.4389300017528632,-1.5561471813472325,3.8855364505836265,1.4871418882240026,-1.5074026352119527,2.9329130646431456,TRACKING distance=2.933 heading_error=0.005 linear=0.350 angular=0.006 ,False
116.00000000000001,1,4.0857421933625515,-1.4389300017528632,-1.5561471813472325,3.8880313432207205,1.4488391069879307,-1.5070803973267506,2.8945293236831104,TRACKING distance=2.895 heading_error=0.005 linear=0.350 angular=0.006 ,False
116.00000000000001,1,4.0857421933625515,-1.4389300017528632,-1.5561471813472325,3.8880313432207205,1.4488391069879307,-1.5070803973267506,2.8945293236831104,TRACKING distance=2.895 heading_error=0.005 linear=0.350 angular=0.006 ,False
116.10000000000001,1,4.0857421933625515,-1.4389300017528632,-1.5561471813472325,3.8905434384741557,1.4105426730566364,-1.5066932503256756,2.8561507450406016,TRACKING distance=2.856 heading_error=0.004 linear=0.350 angular=0.005 ,False
116.10000000000001,1,4.0857421933625515,-1.4389300017528632,-1.5561471813472325,3.8905434384741557,1.4105426730566364,-1.5066932503256756,2.8561507450406016,TRACKING distance=2.856 heading_error=0.004 linear=0.350 angular=0.005 ,False
116.2,1,4.0857421933625515,-1.4389300017528632,-1.5561471813472325,3.8930909267805585,1.3722433560936318,-1.5062770023887992,2.8177668743850304,TRACKING distance=2.818 heading_error=0.004 linear=0.350 angular=0.005 ,False
116.2,1,4.0857421933625515,-1.4389300017528632,-1.5561471813472325,3.8930909267805585,1.3722433560936318,-1.5062770023887992,2.8177668743850304,TRACKING distance=2.818 heading_error=0.004 linear=0.350 angular=0.005 ,False
116.30000000000001,1,4.0857421933625515,-1.4389300017528632,-1.5561471813472325,3.8956449338433967,1.3339500477133792,-1.5058910723157732,2.779388554485429,TRACKING distance=2.779 heading_error=0.004 linear=0.350 angular=0.004 ,False
116.30000000000001,1,4.0857421933625515,-1.4389300017528632,-1.5561471813472325,3.8956449338433967,1.3339500477133792,-1.5058910723157732,2.779388554485429,TRACKING distance=2.779 heading_error=0.004 linear=0.350 angular=0.004 ,False
116.4,1,4.0857421933625515,-1.4389300017528632,-1.5561471813472325,3.898196021007999,1.2956586274991748,-1.5055275861000497,2.741012319928421,TRACKING distance=2.741 heading_error=0.003 linear=0.350 angular=0.004 ,False
116.4,1,4.0857421933625515,-1.4389300017528632,-1.5561471813472325,3.898196021007999,1.2956586274991748,-1.5055275861000497,2.741012319928421,TRACKING distance=2.741 heading_error=0.003 linear=0.350 angular=0.004 ,False
116.50000000000001,1,4.0857421933625515,-1.4389300017528632,-1.5561471813472325,3.9007676669325835,1.2573696280524178,-1.505202831110046,2.7026370953415273,TRACKING distance=2.703 heading_error=0.003 linear=0.350 angular=0.003 ,False
116.50000000000001,1,4.0857421933625515,-1.4389300017528632,-1.5561471813472325,3.9007676669325835,1.2573696280524178,-1.505202831110046,2.7026370953415273,TRACKING distance=2.703 heading_error=0.003 linear=0.350 angular=0.003 ,False
116.60000000000001,1,4.0857421933625515,-1.4389300017528632,-1.5561471813472325,3.9033511749663385,1.219090050244269,-1.5048512171971642,2.664270459320984,TRACKING distance=2.664 heading_error=0.003 linear=0.350 angular=0.003 ,False
116.60000000000001,1,4.0857421933625515,-1.4389300017528632,-1.5561471813472325,3.9033511749663385,1.219090050244269,-1.5048512171971642,2.664270459320984,TRACKING distance=2.664 heading_error=0.003 linear=0.350 angular=0.003 ,False
116.60000000000001,1,4.0857421933625515,-1.4389300017528632,-1.5561471813472325,3.9059418601540403,1.1808093996650575,-1.5045582016608103,2.625902262302125,TRACKING distance=2.626 heading_error=0.002 linear=0.350 angular=0.003 ,False
116.60000000000001,1,4.0857421933625515,-1.4389300017528632,-1.5561471813472325,3.9059418601540403,1.1808093996650575,-1.5045582016608103,2.625902262302125,TRACKING distance=2.626 heading_error=0.002 linear=0.350 angular=0.003 ,False
116.80000000000001,1,4.0857421933625515,-1.4389300017528632,-1.5561471813472325,3.9085547802352325,1.1425287059961642,-1.504281081264563,2.5875325001213088,TRACKING distance=2.588 heading_error=0.002 linear=0.350 angular=0.002 ,False
116.80000000000001,1,4.0857421933625515,-1.4389300017528632,-1.5561471813472325,3.9085547802352325,1.1425287059961642,-1.504281081264563,2.5875325001213088,TRACKING distance=2.588 heading_error=0.002 linear=0.350 angular=0.002 ,False
116.9,1,4.0857421933625515,-1.4389300017528632,-1.5561471813472325,3.9111862938849695,1.104246519078098,-1.5039972827565393,2.5491599750012357,TRACKING distance=2.549 heading_error=0.002 linear=0.350 angular=0.002 ,False
116.9,1,4.0857421933625515,-1.4389300017528632,-1.5561471813472325,3.9111862938849695,1.104246519078098,-1.5039972827565393,2.5491599750012357,TRACKING distance=2.549 heading_error=0.002 linear=0.350 angular=0.002 ,False
117.00000000000001,1,4.0857421933625515,-1.4389300017528632,-1.5561471813472325,3.913821520090186,1.065964960572082,-1.5037938046169235,2.5107878226125186,TRACKING distance=2.511 heading_error=0.002 linear=0.350 angular=0.002 ,False
117.00000000000001,1,4.0857421933625515,-1.4389300017528632,-1.5561471813472325,3.913821520090186,1.065964960572082,-1.5037938046169235,2.5107878226125186,TRACKING distance=2.511 heading_error=0.002 linear=0.350 angular=0.002 ,False
117.10000000000001,1,4.0857421933625515,-1.4389300017528632,-1.5561471813472325,3.916455677268904,1.0276852091704056,-1.5036895838714353,2.4724175463074936,TRACKING distance=2.472 heading_error=0.001 linear=0.350 angular=0.002 ,False
117.10000000000001,1,4.0857421933625515,-1.4389300017528632,-1.5561471813472325,3.916455677268904,1.0276852091704056,-1.5036895838714353,2.4724175463074936,TRACKING distance=2.472 heading_error=0.001 linear=0.350 angular=0.002 ,False
117.2,1,4.0857421933625515,-1.4389300017528632,-1.5561471813472325,3.9190968493696396,0.9894021959014846,-1.5036668839429213,2.4340435355266985,TRACKING distance=2.434 heading_error=0.001 linear=0.350 angular=0.002 ,False
117.2,1,4.0857421933625515,-1.4389300017528632,-1.5561471813472325,3.9190968493696396,0.9894021959014846,-1.5036668839429213,2.4340435355266985,TRACKING distance=2.434 heading_error=0.001 linear=0.350 angular=0.002 ,False
117.30000000000001,1,4.0857421933625515,-1.4389300017528632,-1.5561471813472325,3.921739972100546,0.9511201463505368,-1.503691863063357,2.3956703527463783,TRACKING distance=2.396 heading_error=0.001 linear=0.350 angular=0.002 ,False
117.30000000000001,1,4.0857421933625515,-1.4389300017528632,-1.5561471813472325,3.921739972100546,0.9511201463505368,-1.503691863063357,2.3956703527463783,TRACKING distance=2.396 heading_error=0.001 linear=0.350 angular=0.002 ,False
117.4,1,4.0857421933625515,-1.4389300017528632,-1.5561471813472325,3.924382107400858,0.9128389519260521,-1.5036966755969365,2.357298090787329,TRACKING distance=2.357 heading_error=0.001 linear=0.350 angular=0.002 ,False
117.4,1,4.0857421933625515,-1.4389300017528632,-1.5561471813472325,3.924382107400858,0.9128389519260521,-1.5036966755969365,2.357298090787329,TRACKING distance=2.357 heading_error=0.001 linear=0.350 angular=0.002 ,False
117.50000000000001,1,4.0857421933625515,-1.4389300017528632,-1.5561471813472325,3.927041307102666,0.8745535461931478,-1.5037404513688335,2.3189204595924666,TRACKING distance=2.319 heading_error=0.001 linear=0.350 angular=0.002 ,False
117.50000000000001,1,4.0857421933625515,-1.4389300017528632,-1.5561471813472325,3.927041307102666,0.8745535461931478,-1.5037404513688335,2.3189204595924666,TRACKING distance=2.319 heading_error=0.001 linear=0.350 angular=0.002 ,False
117.60000000000001,1,4.0857421933625515,-1.4389300017528632,-1.5561471813472325,3.9296934523187836,0.8362690365695884,-1.5037526353963706,2.280544205571283,TRACKING distance=2.281 heading_error=0.001 linear=0.350 angular=0.002 ,False
117.60000000000001,1,4.0857421933625515,-1.4389300017528632,-1.5561471813472325,3.9296934523187836,0.8362690365695884,-1.5037526353963706,2.280544205571283,TRACKING distance=2.281 heading_error=0.001 linear=0.350 angular=0.002 ,False
117.7,1,4.0857421933625515,-1.4389300017528632,-1.5561471813472325,3.932329753039902,0.7979851321647744,-1.503827827757166,2.242169639700688,TRACKING distance=2.242 heading_error=0.002 linear=0.350 angular=0.002 ,False
117.7,1,4.0857421933625515,-1.4389300017528632,-1.5561471813472325,3.932329753039902,0.7979851321647744,-1.503827827757166,2.242169639700688,TRACKING distance=2.242 heading_error=0.002 linear=0.350 angular=0.002 ,False
117.80000000000001,1,4.0857421933625515,-1.4389300017528632,-1.5561471813472325,3.93498043367081,0.7597057177752378,-1.5038805207993744,2.2037985695998175,TRACKING distance=2.204 heading_error=0.002 linear=0.350 angular=0.002 ,False
117.80000000000001,1,4.0857421933625515,-1.4389300017528632,-1.5561471813472325,3.93498043367081,0.7597057177752378,-1.5038805207993744,2.2037985695998175,TRACKING distance=2.204 heading_error=0.002 linear=0.350 angular=0.002 ,False
117.9,1,4.0857421933625515,-1.4389300017528632,-1.5561471813472325,3.9376284056869784,0.7214256720478013,-1.5039146540282051,2.16542705520697,TRACKING distance=2.165 heading_error=0.002 linear=0.350 angular=0.002 ,False
117.9,1,4.0857421933625515,-1.4389300017528632,-1.5561471813472325,3.9376284056869784,0.7214256720478013,-1.5039146540282051,2.16542705520697,TRACKING distance=2.165 heading_error=0.002 linear=0.350 angular=0.002 ,False
118.00000000000001,1,4.0857421933625515,-1.4389300017528632,-1.5561471813472325,3.9402698419392563,0.6831420081794698,-1.5039914919148398,2.127052378378792,TRACKING distance=2.127 heading_error=0.002 linear=0.350 angular=0.002 ,False
118.00000000000001,1,4.0857421933625515,-1.4389300017528632,-1.5561471813472325,3.9402698419392563,0.6831420081794698,-1.5039914919148398,2.127052378378792,TRACKING distance=2.127 heading_error=0.002 linear=0.350 angular=0.002 ,False
118.10000000000001,1,4.0857421933625515,-1.4389300017528632,-1.5561471813472325,3.9431884927768874,0.6410292815308651,-1.5040323878753339,2.0848386454756707,TRACKING distance=2.089 heading_error=0.002 linear=0.350 angular=0.002 ,False
118.10000000000001,1,4.0857421933625515,-1.4389300017528632,-1.5561471813472325,3.9431884927768874,0.6410292815308651,-1.5040323878753339,2.0848386454756707,TRACKING distance=2.089 heading_error=0.002 linear=0.350 angular=0.002 ,False
118.2,1,4.0857421933625515,-1.4389300017528632,-1.5561471813472325,3.945580523302651,0.6065743648291623,-1.5040572051840562,2.0503008090180606,TRACKING distance=2.050 heading_error=0.002 linear=0.350 angular=0.002 ,False
118.2,1,4.0857421933625515,-1.4389300017528632,-1.5561471813472325,3.945580523302651,0.6065743648291623,-1.5040572051840562,2.0503008090180606,TRACKING distance=2.050 heading_error=0.002 linear=0.350 angular=0.002 ,False
118.30000000000001,1,4.0857421933625515,-1.4389300017528632,-1.5561471813472325,3.948230140874957,0.5682895697304919,-1.5041540031147695,2.0119244450836553,TRACKING distance=2.012 heading_error=0.002 linear=0.350 angular=0.002 ,False
118.30000000000001,1,4.0857421933625515,-1.4389300017528632,-1.5561471813472325,3.948230140874957,0.5682895697304919,-1.5041540031147695,2.0119244450836553,TRACKING distance=2.012 heading_error=0.002 linear=0.350 angular=0.002 ,False
118.4,1,4.0857421933625515,-1.4389300017528632,-1.5561471813472325,3.9508799383174393,0.5300077915528416,-1.5042580699910189,1.9735510790814084,TRACKING distance=1.974 heading_error=0.002 linear=0.350 angular=0.002 ,False
118.4,1,4.0857421933625515,-1.4389300017528632,-1.5561471813472325,3.9508799383174393,0.5300077915528416,-1.5042580699910189,1.9735510790814084,TRACKING distance=1.974 heading_error=0.002 linear=0.350 angular=0.002 ,False
118.50000000000001,1,4.0857421933625515,-1.4389300017528632,-1.5561471813472325,3.9535235217724454,0.4917246687060864,-1.5043437439889038,1.9351767964922502,TRACKING distance=1.935 heading_error=0.002 linear=0.350 angular=0.002 ,False
118.50000000000001,1,4.0857421933625515,-1.4389300017528632,-1.5561471813472325,3.9535235217724454,0.4917246687060864,-1.5043437439889038,1.9351767964922502,TRACKING distance=1.935 heading_error=0.002 linear=0.350 angular=0.002 ,False
118.60000000000001,1,4.0857421933625515,-1.4389300017528632,-1.5561471813472325,3.9561787653191547,0.45344072345838526,-1.5043983174174391,1.8968008971747412,TRACKING distance=1.897 heading_error=0.002 linear=0.350 angular=0.002 ,False
118.60000000000001,1,4.0857421933625515,-1.4389300017528632,-1.5561471813472325,3.9561787653191547,0.45344072345838526,-1.5043983174174391,1.8968008971747412,TRACKING distance=1.897 heading_error=0.002 linear=0.350 angular=0.002 ,False
118.7,1,4.0857421933625515,-1.4389300017528632,-1.5561471813472325,3.95881151760087,0.41515343361260154,-1.5044741715917214,1.8584231976990389,TRACKING distance=1.858 heading_error=0.002 linear=0.350 angular=0.002 ,False
118.7,1,4.0857421933625515,-1.4389300017528632,-1.5561471813472325,3.95881151760087,0.41515343361260154,-1.5044741715917214,1.8584231976990389,TRACKING distance=1.858 heading_error=0.002 linear=0.350 angular=0.002 ,False
118.80000000000001,1,4.0857421933625515,-1.4389300017528632,-1.5561471813472325,3.9614602450985203,0.3768655647824415,-1.504569114196537,1.8200438297232218,TRACKING distance=1.820 heading_error=0.002 linear=0.350 angular=0.003 ,False
118.80000000000001,1,4.0857421933625515,-1.4389300017528632,-1.5561471813472325,3.9614602450985203,0.3768655647824415,-1.504569114196537,1.8200438297232218,TRACKING distance=1.820 heading_error=0.002 linear=0.350 angular=0.003 ,False
118.9,1,4.0857421933625515,-1.4389300017528632,-1.5561471813472325,3.9641013054828727,0.3385787141761767,-1.5046547106176986,1.7816660014738623,TRACKING distance=1.782 heading_error=0.002 linear=0.350 angular=0.003 ,False
118.9,1,4.0857421933625515,-1.4389300017528632,-1.5561471813472325,3.9641013054828727,0.3385787141761767,-1.5046547106176986,1.7816660014738623,TRACKING distance=1.782 heading_error=0.002 linear=0.350 angular=0.003 ,False
119.00000000000001,1,4.0857421933625515,-1.4389300017528632,-1.5561471813472325,3.9667230151537405,0.3002949816772954,-1.5047957882210088,1.7432926053216473,TRACKING distance=1.743 heading_error=0.002 linear=0.350 angular=0.003 ,False
119.00000000000001,1,4.0857421933625515,-1.4389300017528632,-1.5561471813472325,3.9667230151537405,0.3002949816772954,-1.5047957882210088,1.7432926053216473,TRACKING distance=1.743 heading_error=0.002 linear=0.350 angular=0.003 ,False
119.10000000000001,1,4.0857421933625515,-1.4389300017528632,-1.5561471813472325,3.96933656654417,0.262007792619418,-1.5049232897937688,1.7049163176763313,TRACKING distance=1.705 heading_error=0.002 linear=0.350 angular=0.003 ,False
119.10000000000001,1,4.0857421933625515,-1.4389300017528632,-1.5561471813472325,3.96933656654417,0.262007792619418,-1.5049232897937688,1.7049163176763313,TRACKING distance=1.705 heading_error=0.002 linear=0.350 angular=0.003 ,False
119.2,1,4.0857421933625515,-1.4389300017528632,-1.5561471813472325,3.9719429423935604,0.2237179581841591,-1.505047270616649,1.6665378808187485,TRACKING distance=1.667 heading_error=0.003 linear=0.350 angular=0.003 ,False
119.2,1,4.0857421933625515,-1.4389300017528632,-1.5561471813472325,3.9719429423935604,0.2237179581841591,-1.505047270616649,1.6665378808187485,TRACKING distance=1.667 heading_error=0.003 linear=0.350 angular=0.003 ,False
119.30000000000001,1,4.0857421933625515,-1.4389300017528632,-1.5561471813472325,3.974547811113973,0.18542630237981758,-1.5052256316926012,1.6281577298957324,TRACKING distance=1.628 heading_error=0.003 linear=0.350 angular=0.003 ,False
119.30000000000001,1,4.0857421933625515,-1.4389300017528632,-1.5561471813472325,3.974547811113973,0.18542630237981758,-1.5052256316926012,1.6281577298957324,TRACKING distance=1.628 heading_error=0.003 linear=0.350 angular=0.003 ,False
119.4,1,4.0857421933625515,-1.4389300017528632,-1.5561471813472325,3.9771553515674047,0.1471379243947743,-1.5053939540053767,1.589780666810775,TRACKING distance=1.590 heading_error=0.003 linear=0.350 angular=0.004 ,False
119.4,1,4.0857421933625515,-1.4389300017528632,-1.5561471813472325,3.9771553515674047,0.1471379243947743,-1.5053939540053767,1.589780666810775,TRACKING distance=1.590 heading_error=0.003 linear=0.350 angular=0.004 ,False
119.50000000000001,1,4.0857421933625515,-1.4389300017528632,-1.5561471813472325,3.9797349479163744,0.10885053036059157,-1.50550593544721,1.5514064946610528,TRACKING distance=1.551 heading_error=0.003 linear=0.350 angular=0.004 ,False
119.50000000000001,1,4.0857421933625515,-1.4389300017528632,-1.5561471813472325,3.9797349479163744,0.10885053036059157,-1.50550593544721,1.5514064946610528,TRACKING distance=1.551 heading_error=0.003 linear=0.350 angular=0.004 ,False
119.60000000000001,1,4.0857421933625515,-1.4389300017528632,-1.5561471813472325,3.9823398797245693,0.07056271769631246,-1.5055617238325256,1.5130301743639336,TRACKING distance=1.513 heading_error=0.003 linear=0.350 angular=0.004 ,False
119.60000000000001,1,4.0857421933625515,-1.4389300017528632,-1.5561471813472325,3.9823398797245693,0.07056271769631246,-1.5055617238325256,1.5130301743639336,TRACKING distance=1.513 heading_error=0.003 linear=0.350 angular=0.004 ,False
119.7,1,4.0857421933625515,-1.4389300017528632,-1.5561471813472325,3.984912857842504,0.032270734578349565,-1.5056402047822888,1.474651878065775,TRACKING distance=1.475 heading_error=0.003 linear=0.350 angular=0.004 ,False
119.7,1,4.0857421933625515,-1.4389300017528632,-1.5561471813472325,3.984912857842504,0.032270734578349565,-1.5056402047822888,1.474651878065775,TRACKING distance=1.475 heading_error=0.003 linear=0.350 angular=0.004 ,False
119.80000000000001,1,4.0857421933625515,-1.4389300017528632,-1.5561471813472325,3.987501171826554,-0.006020555239564218,-1.5057000385322163,1.4362732261723343,TRACKING distance=1.436 heading_error=0.003 linear=0.350 angular=0.004 ,False
119.80000000000001,1,4.0857421933625515,-1.4389300017528632,-1.5561471813472325,3.987501171826554,-0.006020555239564218,-1.5057000385322163,1.4362732261723343,TRACKING distance=1.436 heading_error=0.003 linear=0.350 angular=0.004 ,False
119.9,1,4.0857421933625515,-1.4389300017528632,-1.5561471813472325,3.9900654858146343,-0.044313023641460676,-1.5057578487275,1.3978950418410496,TRACKING distance=1.398 heading_error=0.003 linear=0.350 angular=0.004 ,False
119.9,1,4.0857421933625515,-1.4389300017528632,-1.5561471813472325,3.9900654858146343,-0.044313023641460676,-1.5057578487275,1.3978950418410496,TRACKING distance=1.398 heading_error=0.003 linear=0.350 angular=0.004 ,False
120.00000000000001,1,4.0857421933625515,-1.4389300017528632,-1.5561471813472325,3.9926214433094307,-0.08260362824261569,-1.5057690528790373,1.3595192920918464,TRACKING distance=1.360 heading_error=0.004 linear=0.350 angular=0.004 ,False
120.00000000000001,1,4.0857421933625515,-1.4389300017528632,-1.5561471813472325,3.9928796048721926,-0.08643343244908673,-1.5057679294224873,1.355680799568842,TRACKING distance=1.360 heading_error=0.004 linear=0.350 angular=0.004 ,False
120.10000000000001,1,4.0857421933625515,-1.4389300017528632,-1.5561471813472325,3.995177474856328,-0.12089546275106194,-1.5057449328899353,1.321142314150827,TRACKING distance=1.321 heading_error=0.004 linear=0.350 angular=0.004 ,False
120.10000000000001,1,4.0857421933625515,-1.4389300017528632,-1.5561471813472325,3.995177474856328,-0.12089546275106194,-1.5057449328899353,1.321142314150827,TRACKING distance=1.321 heading_error=0.004 linear=0.350 angular=0.004 ,False
120.2,1,4.0857421933625515,-1.4389300017528632,-1.5561471813472325,3.997714506215819,-0.1591890777351695,-1.5056871125330629,1.28276486789671,TRACKING distance=1.283 heading_error=0.004 linear=0.350 angular=0.004 ,False
120.2,1,4.0857421933625515,-1.4389300017528632,-1.5561471813472325,3.997714506215819,-0.1591890777351695,-1.5056871125330629,1.28276486789671,TRACKING distance=1.283 heading_error=0.004 linear=0.350 angular=0.004 ,False
120.30000000000001,1,4.0857421933625515,-1.4389300017528632,-1.5561471813472325,4.000263431989728,-0.19747936837643854,-1.505567053608566,1.2443899283410156,TRACKING distance=1.244 heading_error=0.004 linear=0.350 angular=0.004 ,False
120.30000000000001,1,4.0857421933625515,-1.4389300017528632,-1.5561471813472325,4.000263431989728,-0.19747936837643854,-1.505567053608566,1.2443899283410156,TRACKING distance=1.244 heading_error=0.004 linear=0.350 angular=0.004 ,False
120.4,1,4.0857421933625515,-1.4389300017528632,-1.5561471813472325,4.0028078157977705,-0.2357711889389824,-1.5054575195534163,1.2060137809468698,TRACKING distance=1.206 heading_error=0.003 linear=0.350 angular=0.004 ,False
120.4,1,4.0857421933625515,-1.4389300017528632,-1.5561471813472325,4.0028078157977705,-0.2357711889389824,-1.5054575195534163,1.2060137809468698,TRACKING distance=1.206 heading_error=0.003 linear=0.350 angular=0.004 ,False
120.50000000000001,1,4.0857421933625515,-1.4389300017528632,-1.5561471813472325,4.005358146547041,-0.27405469101877883,-1.5053733949314811,1.167645530347403,TRACKING distance=1.168 heading_error=0.003 linear=0.350 angular=0.004 ,False
120.50000000000001,1,4.0857421933625515,-1.4389300017528632,-1.5561471813472325,4.005358146547041,-0.27405469101877883,-1.5053733949314811,1.167645530347403,TRACKING distance=1.168 heading_error=0.003 linear=0.350 angular=0.004 ,False
120.60000000000001,1,4.0857421933625515,-1.4389300017528632,-1.5561471813472325,4.007925963655767,-0.31233766775750704,-1.5052681491024849,1.1292766058955102,TRACKING distance=1.129 heading_error=0.003 linear=0.350 angular=0.004 ,False
120.60000000000001,1,4.0857421933625515,-1.4389300017528632,-1.5561471813472325,4.007925963655767,-0.31233766775750704,-1.5052681491024849,1.1292766058955102,TRACKING distance=1.129 heading_error=0.003 linear=0.350 angular=0.004 ,False
120.7,1,4.0857421933625515,-1.4389300017528632,-1.5561471813472325,4.010501026702974,-0.35061756860779064,-1.505141068227615,1.0909102553823768,TRACKING distance=1.091 heading_error=0.003 linear=0.350 angular=0.004 ,False
120.7,1,4.0857421933625515,-1.4389300017528632,-1.5561471813472325,4.010501026702974,-0.35061756860779064,-1.505141068227615,1.0909102553823768,TRACKING distance=1.091 heading_error=0.003 linear=0.350 angular=0.004 ,False
120.80000000000001,1,4.0857421933625515,-1.4389300017528632,-1.5561471813472325,4.013086923292813,-0.388896770218039,-1.5050732872919304,1.0525438592269551,TRACKING distance=1.053 heading_error=0.003 linear=0.350 angular=0.004 ,False
120.80000000000001,1,4.0857421933625515,-1.4389300017528632,-1.5561471813472325,4.013086923292813,-0.388896770218039,-1.5050732872919304,1.0525438592269551,TRACKING distance=1.053 heading_error=0.003 linear=0.350 angular=0.004 ,False
120.9,1,4.0857421933625515,-1.4389300017528632,-1.5561471813472325,4.015673934079907,-0.42717342690239124,-1.5049931327664612,1.0141799286675213,TRACKING distance=1.014 heading_error=0.003 linear=0.350 angular=0.004 ,False
120.9,1,4.0857421933625515,-1.4389300017528632,-1.5561471813472325,4.015673934079907,-0.42717342690239124,-1.5049931327664612,1.0141799286675213,TRACKING distance=1.014 heading_error=0.003 linear=0.350 angular=0.004 ,False
121.00000000000001,1,4.0857421933625515,-1.4389300017528632,-1.5561471813472325,4.018257525920699,-0.46544441192585073,-1.5048891332009207,0.9758218966289821,TRACKING distance=0.976 heading_error=0.003 linear=0.342 angular=0.004 ,False
121.00000000000001,1,4.0857421933625515,-1.4389300017528632,-1.5561471813472325,4.018257525920699,-0.46544441192585073,-1.5048891332009207,0.9758218966289821,TRACKING distance=0.976 heading_error=0.003 linear=0.342 angular=0.004 ,False
121.10000000000001,1,4.0857421933625515,-1.4389300017528632,-1.5561471813472325,4.020845148396844,-0.5037151643826495,-1.5047748386569009,0.9374638224927276,TRACKING distance=0.937 heading_error=0.003 linear=0.328 angular=0.004 ,False
121.10000000000001,1,4.0857421933625515,-1.4389300017528632,-1.5561471813472325,4.020845148396844,-0.5037151643826495,-1.5047748386569009,0.9374638224927276,TRACKING distance=0.937 heading_error=0.003 linear=0.328 angular=0.004 ,False
121.2,1,4.0857421933625515,-1.4389300017528632,-1.5561471813472325,4.02345174207454,-0.5419896470631257,-1.5046140456555428,0.8991007174908806,TRACKING distance=0.899 heading_error=0.003 linear=0.315 angular=0.004 ,False
121.2,1,4.0857421933625515,-1.4389300017528632,-1.5561471813472325,4.02345174207454,-0.5419896470631257,-1.5046140456555428,0.8991007174908806,TRACKING distance=0.899 heading_error=0.003 linear=0.315 angular=0.004 ,False
121.30000000000001,1,4.0857421933625515,-1.4389300017528632,-1.5561471813472325,4.026064818884506,-0.5802632327650802,-1.5045467453371677,0.8607380607295763,TRACKING distance=0.861 heading_error=0.003 linear=0.301 angular=0.004 ,False
121.30000000000001,1,4.0857421933625515,-1.4389300017528632,-1.5561471813472325,4.026064818884506,-0.5802632327650802,-1.5045467453371677,0.8607380607295763,TRACKING distance=0.861 heading_error=0.003 linear=0.301 angular=0.004 ,False
121.4,1,4.0857421933625515,-1.4389300017528632,-1.5561471813472325,4.028692762094549,-0.6185446803186361,-1.5044819046598874,0.8223665321696542,TRACKING distance=0.822 heading_error=0.003 linear=0.288 angular=0.004 ,False
121.4,1,4.0857421933625515,-1.4389300017528632,-1.5561471813472325,4.028692762094549,-0.6185446803186361,-1.5044819046598874,0.8223665321696542,TRACKING distance=0.822 heading_error=0.003 linear=0.288 angular=0.004 ,False
121.50000000000001,1,4.0857421933625515,-1.4389300017528632,-1.5561471813472325,4.031317998128485,-0.6568247706146259,-1.5044136812130795,0.7839965469315994,TRACKING distance=0.784 heading_error=0.003 linear=0.274 angular=0.004 ,False
121.50000000000001,1,4.0857421933625515,-1.4389300017528632,-1.5561471813472325,4.031317998128485,-0.6568247706146259,-1.5044136812130795,0.7839965469315994,TRACKING distance=0.784 heading_error=0.003 linear=0.274 angular=0.004 ,False
121.60000000000001,1,4.0857421933625515,-1.4389300017528632,-1.5561471813472325,4.033946116253456,-0.6951030617311001,-1.5044034210975037,0.7456281582035585,TRACKING distance=0.746 heading_error=0.003 linear=0.261 angular=0.004 ,False
121.60000000000001,1,4.0857421933625515,-1.4389300017528632,-1.5561471813472325,4.033946116253456,-0.6951030617311001,-1.5044034210975037,0.7456281582035585,TRACKING distance=0.746 heading_error=0.003 linear=0.261 angular=0.004 ,False
121.7,1,4.0857421933625515,-1.4389300017528632,-1.5561471813472325,4.036583183117766,-0.7333814272904836,-1.5044746675950913,0.7072590750313091,TRACKING distance=0.707 heading_error=0.003 linear=0.248 angular=0.004 ,False
121.7,1,4.0857421933625515,-1.4389300017528632,-1.5561471813472325,4.036842249757887,-0.7372148734505992,-1.504478729176608,0.7034168932950091,TRACKING distance=0.707 heading_error=0.003 linear=0.248 angular=0.004 ,False
121.80000000000001,1,4.0857421933625515,-1.4389300017528632,-1.5561471813472325,4.039221589128394,-0.7716652927432343,-1.5044630028200932,0.6688844134138693,TRACKING distance=0.669 heading_error=0.003 linear=0.234 angular=0.004 ,False
121.80000000000001,1,4.0857421933625515,-1.4389300017528632,-1.5561471813472325,4.039221589128394,-0.7716652927432343,-1.5044630028200932,0.6688844134138693,TRACKING distance=0.669 heading_error=0.003 linear=0.234 angular=0.004 ,False
121.9,1,4.0857421933625515,-1.4389300017528632,-1.5561471813472325,4.041862355085642,-0.809949214663534,-1.5044554921416453,0.6305095326279532,TRACKING distance=0.631 heading_error=0.003 linear=0.221 angular=0.004 ,False
121.9,1,4.0857421933625515,-1.4389300017528632,-1.5561471813472325,4.042130819913145,-0.8137746325541284,-1.5044536878546886,0.6266747063127329,TRACKING distance=0.631 heading_error=0.003 linear=0.221 angular=0.004 ,False
122.00000000000001,1,4.0857421933625515,-1.4389300017528632,-1.5561471813472325,4.0445088495943615,-0.848234936204267,-1.5044687291756111,0.592132459084761,TRACKING distance=0.592 heading_error=0.003 linear=0.207 angular=0.004 ,False
122.00000000000001,1,4.0857421933625515,-1.4389300017528632,-1.5561471813472325,4.0445088495943615,-0.848234936204267,-1.5044687291756111,0.592132459084761,TRACKING distance=0.592 heading_error=0.003 linear=0.207 angular=0.004 ,False
122.10000000000001,1,4.0857421933625515,-1.4389300017528632,-1.5561471813472325,4.047089961468486,-0.8856774437439304,-1.5046087181949583,0.5546011070795118,TRACKING distance=0.555 heading_error=0.004 linear=0.194 angular=0.004 ,False
122.10000000000001,1,4.0857421933625515,-1.4389300017528632,-1.5561471813472325,4.047089961468486,-0.8856774437439304,-1.5046087181949583,0.5546011070795118,TRACKING distance=0.555 heading_error=0.004 linear=0.194 angular=0.004 ,False
122.2,1,4.0857421933625515,-1.4389300017528632,-1.5561471813472325,4.049639541316026,-0.9204507036073982,-1.500365866306712,0.5197347247300362,TRACKING distance=0.520 heading_error=-0.001 linear=0.182 angular=-0.001 ,False
122.2,1,4.0857421933625515,-1.4389300017528632,-1.5561471813472325,4.049639541316026,-0.9204507036073982,-1.500365866306712,0.5197347247300362,TRACKING distance=0.520 heading_error=-0.001 linear=0.182 angular=-0.001 ,False
122.30000000000001,1,4.0857421933625515,-1.4389300017528632,-1.5561471813472325,4.051953635345564,-0.9517099524569984,-1.4992455107166374,0.4883902569551652,TRACKING distance=0.488 heading_error=-0.002 linear=0.171 angular=-0.003 ,False
122.30000000000001,1,4.0857421933625515,-1.4389300017528632,-1.5561471813472325,4.051953635345564,-0.9517099524569984,-1.4992455107166374,0.4883902569551652,TRACKING distance=0.488 heading_error=-0.002 linear=0.171 angular=-0.003 ,False
122.4,1,4.0857421933625515,-1.4389300017528632,-1.5561471813472325,4.0541343320272,-0.9810576238067383,-1.4992833392829046,0.45896205876328583,TRACKING distance=0.459 heading_error=-0.003 linear=0.161 angular=-0.003 ,False
122.4,1,4.0857421933625515,-1.4389300017528632,-1.5561471813472325,4.0541343320272,-0.9810576238067383,-1.4992833392829046,0.45896205876328583,TRACKING distance=0.459 heading_error=-0.003 linear=0.161 angular=-0.003 ,False
122.50000000000001,1,4.0857421933625515,-1.4389300017528632,-1.5561471813472325,4.056269449456405,-1.0100689930697457,-1.499540355397773,0.42987254785815093,TRACKING distance=0.430 heading_error=-0.003 linear=0.150 angular=-0.003 ,False
122.50000000000001,1,4.0857421933625515,-1.4389300017528632,-1.5561471813472325,4.056269449456405,-1.0100689930697457,-1.499540355397773,0.42987254785815093,TRACKING distance=0.430 heading_error=-0.003 linear=0.150 angular=-0.003 ,False
122.60000000000001,1,4.0857421933625515,-1.4389300017528632,-1.5561471813472325,4.058217582224096,-1.0364998703511765,-1.4996716393380403,0.4033703197786149,TRACKING distance=0.403 heading_error=-0.003 linear=0.141 angular=-0.003 ,False
122.60000000000001,1,4.0857421933625515,-1.4389300017528632,-1.5561471813472325,4.058217582224096,-1.0364998703511765,-1.4996716393380403,0.4033703197786149,TRACKING distance=0.403 heading_error=-0.003 linear=0.141 angular=-0.003 ,False
122.7,1,4.0857421933625515,-1.4389300017528632,-1.5561471813472325,4.06009931574195,-1.0621205642580194,-1.4999905897940071,0.3776809623979554,TRACKING distance=0.378 heading_error=-0.003 linear=0.132 angular=-0.003 ,False
122.7,1,4.0857421933625515,-1.4389300017528632,-1.5561471813472325,4.06009931574195,-1.0621205642580194,-1.4999905897940071,0.3776809623979554,TRACKING distance=0.378 heading_error=-0.003 linear=0.132 angular=-0.003 ,False
122.80000000000001,1,4.0857421933625515,-1.4389300017528632,-1.5561471813472325,4.061780133806038,-1.0852391876809582,-1.500066068865072,0.3545015828695788,TRACKING distance=0.355 heading_error=-0.003 linear=0.124 angular=-0.004 ,False
122.80000000000001,1,4.0857421933625515,-1.4389300017528632,-1.5561471813472325,4.061780133806038,-1.0852391876809582,-1.500066068865072,0.3545015828695788,TRACKING distance=0.355 heading_error=-0.003 linear=0.124 angular=-0.004 ,False
122.9,1,4.0857421933625515,-1.4389300017528632,-1.5561471813472325,4.063341175810254,-1.1064774647630704,-1.5003086025700578,0.3332063849003016,TRACKING distance=0.333 heading_error=-0.003 linear=0.117 angular=-0.004 ,False
122.9,1,4.0857421933625515,-1.4389300017528632,-1.5561471813472325,4.063495458578028,-1.1085836368256066,-1.5003257752662198,0.33109460585945094,TRACKING distance=0.333 heading_error=-0.003 linear=0.117 angular=-0.004 ,False
123.00000000000001,1,4.0857421933625515,-1.4389300017528632,-1.5561471813472325,4.06480557329912,-1.1264069929047567,-1.5005844922297933,0.3132235194220801,TRACKING distance=0.313 heading_error=-0.003 linear=0.110 angular=-0.004 ,False
123.00000000000001,1,4.0857421933625515,-1.4389300017528632,-1.5561471813472325,4.06480557329912,-1.1264069929047567,-1.5005844922297933,0.3132235194220801,TRACKING distance=0.313 heading_error=-0.003 linear=0.110 angular=-0.004 ,False
123.10000000000001,1,4.0857421933625515,-1.4389300017528632,-1.5561471813472325,4.066252207960171,-1.1461996917144222,-1.5006924948009297,0.2933784142471747,TRACKING distance=0.293 heading_error=-0.004 linear=0.103 angular=-0.004 ,False
123.10000000000001,1,4.0857421933625515,-1.4389300017528632,-1.5561471813472325,4.066252207960171,-1.1461996917144222,-1.5006924948009297,0.2933784142471747,TRACKING distance=0.293 heading_error=-0.004 linear=0.103 angular=-0.004 ,False
123.2,1,4.0857421933625515,-1.4389300017528632,-1.5561471813472325,4.0676117936411575,-1.1649051762845424,-1.5004110237533081,0.27462395446683313,TRACKING distance=0.275 heading_error=-0.004 linear=0.096 angular=-0.005 ,False
123.2,1,4.0857421933625515,-1.4389300017528632,-1.5561471813472325,4.0676117936411575,-1.1649051762845424,-1.5004110237533081,0.27462395446683313,TRACKING distance=0.275 heading_error=-0.004 linear=0.096 angular=-0.005 ,False
123.30000000000001,1,4.0857421933625515,-1.4389300017528632,-1.5561471813472325,4.068822473078485,-1.1814012331476635,-1.5007360691519378,0.2580839855430816,TRACKING distance=0.258 heading_error=-0.004 linear=0.090 angular=-0.005 ,False
123.30000000000001,1,4.0857421933625515,-1.4389300017528632,-1.5561471813472325,4.068822473078485,-1.1814012331476635,-1.5007360691519378,0.2580839855430816,TRACKING distance=0.258 heading_error=-0.004 linear=0.090 angular=-0.005 ,False
123.4,1,4.0857421933625515,-1.4389300017528632,-1.5561471813472325,4.069988988543802,-1.1977793475036809,-1.50114798064586,0.24166464678738214,ARRIVED distance=0.242 yaw_error=-0.055,True
123.4,1,4.0857421933625515,-1.4389300017528632,-1.5561471813472325,4.069988988543802,-1.1977793475036809,-1.50114798064586,0.24166464678738214,ARRIVED distance=0.242 yaw_error=-0.055,True
123.50000000000001,1,4.0857421933625515,-1.4389300017528632,-1.5561471813472325,4.071050674983566,-1.2125637496122212,-1.5011942680453494,0.22684250223553953,ARRIVED distance=0.227 yaw_error=-0.055,True
123.50000000000001,1,4.0857421933625515,-1.4389300017528632,-1.5561471813472325,4.071050674983566,-1.2125637496122212,-1.5011942680453494,0.22684250223553953,ARRIVED distance=0.227 yaw_error=-0.055,True
123.50000000000001,1,4.0857421933625515,-1.4389300017528632,-1.5561471813472325,4.071582289217142,-1.2201113245989175,-1.5014375652255245,0.2192763470071725,ARRIVED distance=0.219 yaw_error=-0.055,True
123.50000000000001,1,4.0857421933625515,-1.4389300017528632,-1.5561471813472325,4.071582289217142,-1.2201113245989175,-1.5014375652255245,0.2192763470071725,ARRIVED distance=0.219 yaw_error=-0.055,True
123.7,1,4.0857421933625515,-1.4389300017528632,-1.5561471813472325,4.071591582345475,-1.2202948798423565,-1.5014211764533443,0.21909257478285007,ARRIVED distance=0.219 yaw_error=-0.055,True
123.7,1,4.0857421933625515,-1.4389300017528632,-1.5561471813472325,4.071591582345475,-1.2202948798423565,-1.5014211764533443,0.21909257478285007,ARRIVED distance=0.219 yaw_error=-0.055,True
123.80000000000001,1,4.0857421933625515,-1.4389300017528632,-1.5561471813472325,4.071590496486061,-1.2202933827012477,-1.5014266090091046,0.21909413893302884,ARRIVED distance=0.219 yaw_error=-0.055,True
123.80000000000001,1,4.0857421933625515,-1.4389300017528632,-1.5561471813472325,4.071590496486061,-1.2202933827012477,-1.5014266090091046,0.21909413893302884,ARRIVED distance=0.219 yaw_error=-0.055,True
123.9,1,4.0857421933625515,-1.4389300017528632,-1.5561471813472325,4.071590412793281,-1.2202920420107293,-1.5014270087092731,0.21909548222974332,ARRIVED distance=0.219 yaw_error=-0.055,True
123.9,1,4.0857421933625515,-1.4389300017528632,-1.5561471813472325,4.071590412793281,-1.2202920420107293,-1.5014270087092731,0.21909548222974332,ARRIVED distance=0.219 yaw_error=-0.055,True
124.00000000000001,1,4.0857421933625515,-1.4389300017528632,-1.5561471813472325,4.071590331262521,-1.2202907436765047,-1.5014271939390331,0.219096783118965,ARRIVED distance=0.219 yaw_error=-0.055,True
124.00000000000001,1,4.0857421933625515,-1.4389300017528632,-1.5561471813472325,4.071590323086698,-1.2202906131411828,-1.5014272084637676,0.21909691390979014,ARRIVED distance=0.219 yaw_error=-0.055,True
124.10000000000001,1,4.0857421933625515,-1.4389300017528632,-1.5561471813472325,4.071590250779792,-1.2202894257326589,-1.501427324673647,0.21909810350916434,ARRIVED distance=0.219 yaw_error=-0.055,True
124.10000000000001,1,4.0857421933625515,-1.4389300017528632,-1.5561471813472325,4.071590250779792,-1.2202894257326589,-1.501427324673647,0.21909810350916434,ARRIVED distance=0.219 yaw_error=-0.055,True
124.2,1,4.0857421933625515,-1.4389300017528632,-1.5561471813472325,4.07159016641601,-1.2202880754522318,-1.501427441029721,0.21909945641910286,ARRIVED distance=0.219 yaw_error=-0.055,True
124.2,1,4.0857421933625515,-1.4389300017528632,-1.5561471813472325,4.07159016641601,-1.2202880754522318,-1.501427441029721,0.21909945641910286,ARRIVED distance=0.219 yaw_error=-0.055,True
124.30000000000001,1,4.0857421933625515,-1.4389300017528632,-1.5561471813472325,4.07159008184631,-1.2202866940723092,-1.5014275496838785,0.2191008403768949,ARRIVED distance=0.219 yaw_error=-0.055,True
124.30000000000001,1,4.0857421933625515,-1.4389300017528632,-1.5561471813472325,4.07159008184631,-1.2202866940723092,-1.5014275496838785,0.2191008403768949,ARRIVED distance=0.219 yaw_error=-0.055,True
124.4,1,4.0857421933625515,-1.4389300017528632,-1.5561471813472325,4.071589994435752,-1.2202852890595528,-1.5014276627526961,0.21910224810166593,ARRIVED distance=0.219 yaw_error=-0.055,True
124.4,1,4.0857421933625515,-1.4389300017528632,-1.5561471813472325,4.071589994435752,-1.2202852890595528,-1.5014276627526961,0.21910224810166593,ARRIVED distance=0.219 yaw_error=-0.055,True
124.50000000000001,1,4.0857421933625515,-1.4389300017528632,-1.5561471813472325,4.071589906002076,-1.2202838553723712,-1.5014278048775975,0.21910368450706855,ARRIVED distance=0.219 yaw_error=-0.055,True
124.50000000000001,1,4.0857421933625515,-1.4389300017528632,-1.5561471813472325,4.071589906002076,-1.2202838553723712,-1.5014278048775975,0.21910368450706855,ARRIVED distance=0.219 yaw_error=-0.055,True
124.60000000000001,1,4.0857421933625515,-1.4389300017528632,-1.5561471813472325,4.071589815208653,-1.2202823902097777,-1.5014279497632899,0.21910515247457552,ARRIVED distance=0.219 yaw_error=-0.055,True
124.60000000000001,1,4.0857421933625515,-1.4389300017528632,-1.5561471813472325,4.071589815208653,-1.2202823902097777,-1.5014279497632899,0.21910515247457552,ARRIVED distance=0.219 yaw_error=-0.055,True
124.7,1,4.0857421933625515,-1.4389300017528632,-1.5561471813472325,4.071589720617917,-1.2202808891241155,-1.5014281098389746,0.21910665653541073,ARRIVED distance=0.219 yaw_error=-0.055,True
124.7,1,4.0857421933625515,-1.4389300017528632,-1.5561471813472325,4.071589720617917,-1.2202808891241155,-1.5014281098389746,0.21910665653541073,ARRIVED distance=0.219 yaw_error=-0.055,True
124.80000000000001,1,4.0857421933625515,-1.4389300017528632,-1.5561471813472325,4.071589623962119,-1.220279348584632,-1.5014282818295743,0.21910820010106477,ARRIVED distance=0.219 yaw_error=-0.055,True
124.80000000000001,1,4.0857421933625515,-1.4389300017528632,-1.5561471813472325,4.071589623962119,-1.220279348584632,-1.5014282818295743,0.21910820010106477,ARRIVED distance=0.219 yaw_error=-0.055,True
124.9,1,4.0857421933625515,-1.4389300017528632,-1.5561471813472325,4.071589527728274,-1.2202778104264718,-1.5014284545938679,0.21910974126311356,ARRIVED distance=0.219 yaw_error=-0.055,True
124.9,1,4.0857421933625515,-1.4389300017528632,-1.5561471813472325,4.071589527728274,-1.2202778104264718,-1.5014284545938679,0.21910974126311356,ARRIVED distance=0.219 yaw_error=-0.055,True
125.00000000000001,1,4.0857421933625515,-1.4389300017528632,-1.5561471813472325,4.071589432499728,-1.220276277676972,-1.5014286092061224,0.21911127696286253,ARRIVED distance=0.219 yaw_error=-0.055,True
125.00000000000001,1,4.0857421933625515,-1.4389300017528632,-1.5561471813472325,4.071589432499728,-1.220276277676972,-1.5014286092061224,0.21911127696286253,ARRIVED distance=0.219 yaw_error=-0.055,True
125.10000000000001,1,4.0857421933625515,-1.4389300017528632,-1.5561471813472325,4.071589338888263,-1.2202747617652607,-1.50142876715899,0.2191127957555342,ARRIVED distance=0.219 yaw_error=-0.055,True
125.10000000000001,1,4.0857421933625515,-1.4389300017528632,-1.5561471813472325,4.071589338888263,-1.2202747617652607,-1.50142876715899,0.2191127957555342,ARRIVED distance=0.219 yaw_error=-0.055,True
125.2,1,4.0857421933625515,-1.4389300017528632,-1.5561471813472325,4.071589246982873,-1.2202732726659848,-1.501428922805467,0.21911428768156263,ARRIVED distance=0.219 yaw_error=-0.055,True
125.2,1,4.0857421933625515,-1.4389300017528632,-1.5561471813472325,4.071589246982873,-1.2202732726659848,-1.501428922805467,0.21911428768156263,ARRIVED distance=0.219 yaw_error=-0.055,True
125.30000000000001,1,4.0857421933625515,-1.4389300017528632,-1.5561471813472325,4.071589156872766,-1.2202718059658264,-1.5014290986072119,0.21911575713928777,ARRIVED distance=0.219 yaw_error=-0.055,True
125.30000000000001,1,4.0857421933625515,-1.4389300017528632,-1.5561471813472325,4.071589148097422,-1.22027166071308,-1.5014291151138421,0.2191159026555284,ARRIVED distance=0.219 yaw_error=-0.055,True
125.4,1,4.0857421933625515,-1.4389300017528632,-1.5561471813472325,4.071589067530552,-1.2202703698712942,-1.5014292284661623,0.21911719600569846,ARRIVED distance=0.219 yaw_error=-0.055,True
125.4,1,4.0857421933625515,-1.4389300017528632,-1.5561471813472325,4.071589067530552,-1.2202703698712942,-1.5014292284661623,0.21911719600569846,ARRIVED distance=0.219 yaw_error=-0.055,True
125.50000000000001,1,4.0857421933625515,-1.4389300017528632,-1.5561471813472325,4.071588979467333,-1.2202689669726297,-1.5014293256455689,0.21911860166294947,ARRIVED distance=0.219 yaw_error=-0.055,True
125.50000000000001,1,4.0857421933625515,-1.4389300017528632,-1.5561471813472325,4.071588979467333,-1.2202689669726297,-1.5014293256455689,0.21911860166294947,ARRIVED distance=0.219 yaw_error=-0.055,True
125.60000000000001,1,4.0857421933625515,-1.4389300017528632,-1.5561471813472325,4.0715888925843755,-1.2202675816578772,-1.5014293938076955,0.21911998969677246,ARRIVED distance=0.219 yaw_error=-0.055,True
125.60000000000001,1,4.0857421933625515,-1.4389300017528632,-1.5561471813472325,4.0715888925843755,-1.2202675816578772,-1.5014293938076955,0.21911998969677246,ARRIVED distance=0.219 yaw_error=-0.055,True
125.7,1,4.0857421933625515,-1.4389300017528632,-1.5561471813472325,4.071588806187721,-1.2202662083707525,-1.5014294613739374,0.2191213656966729,ARRIVED distance=0.219 yaw_error=-0.055,True
125.7,1,4.0857421933625515,-1.4389300017528632,-1.5561471813472325,4.071588806187721,-1.2202662083707525,-1.5014294613739374,0.2191213656966729,ARRIVED distance=0.219 yaw_error=-0.055,True
125.80000000000001,1,4.0857421933625515,-1.4389300017528632,-1.5561471813472325,4.071588720973796,-1.2202648469038295,-1.5014295298474902,0.21912272982466047,ARRIVED distance=0.219 yaw_error=-0.055,True
125.80000000000001,1,4.0857421933625515,-1.4389300017528632,-1.5561471813472325,4.071588712727508,-1.220264711406578,-1.5014295365018282,0.2191228655716051,ARRIVED distance=0.219 yaw_error=-0.055,True
125.9,1,4.0857421933625515,-1.4389300017528632,-1.5561471813472325,4.07158863637486,-1.220263496764654,-1.5014295975155714,0.21912408260883237,ARRIVED distance=0.219 yaw_error=-0.055,True
125.9,1,4.0857421933625515,-1.4389300017528632,-1.5561471813472325,4.071588627950378,-1.2202633622977117,-1.5014296044586384,0.21912421733912912,ARRIVED distance=0.219 yaw_error=-0.055,True
126.00000000000001,1,4.0857421933625515,-1.4389300017528632,-1.5561471813472325,4.071588552290042,-1.2202621570627858,-1.501429666290039,0.2191254249442844,ARRIVED distance=0.219 yaw_error=-0.055,True
126.00000000000001,1,4.0857421933625515,-1.4389300017528632,-1.5561471813472325,4.071588552290042,-1.2202621570627858,-1.501429666290039,0.2191254249442844,ARRIVED distance=0.219 yaw_error=-0.055,True
126.10000000000001,1,4.0857421933625515,-1.4389300017528632,-1.5561471813472325,4.071588468945673,-1.2202608287282077,-1.5014297355694648,0.21912675588835717,ARRIVED distance=0.219 yaw_error=-0.055,True
126.10000000000001,1,4.0857421933625515,-1.4389300017528632,-1.5561471813472325,4.071588468945673,-1.2202608287282077,-1.5014297355694648,0.21912675588835717,ARRIVED distance=0.219 yaw_error=-0.055,True
126.2,1,4.0857421933625515,-1.4389300017528632,-1.5561471813472325,4.071588386761627,-1.2202595127973668,-1.5014298040536322,0.21912807437964735,ARRIVED distance=0.219 yaw_error=-0.055,True
126.2,1,4.0857421933625515,-1.4389300017528632,-1.5561471813472325,4.071588386761627,-1.2202595127973668,-1.5014298040536322,0.21912807437964735,ARRIVED distance=0.219 yaw_error=-0.055,True
126.30000000000001,1,4.0857421933625515,-1.4389300017528632,-1.5561471813472325,4.071588304564335,-1.2202582077841635,-1.5014298706560425,0.21912938197695386,ARRIVED distance=0.219 yaw_error=-0.055,True
126.30000000000001,1,4.0857421933625515,-1.4389300017528632,-1.5561471813472325,4.071588304564335,-1.2202582077841635,-1.5014298706560425,0.21912938197695386,ARRIVED distance=0.219 yaw_error=-0.055,True
126.4,1,4.0857421933625515,-1.4389300017528632,-1.5561471813472325,4.071588222207116,-1.220256912757576,-1.5014299425122515,0.21913067961882865,ARRIVED distance=0.219 yaw_error=-0.055,True
126.4,1,4.0857421933625515,-1.4389300017528632,-1.5561471813472325,4.071588222207116,-1.220256912757576,-1.5014299425122515,0.21913067961882865,ARRIVED distance=0.219 yaw_error=-0.055,True
126.50000000000001,1,4.0857421933625515,-1.4389300017528632,-1.5561471813472325,4.0715881403474805,-1.220255634942085,-1.5014300226291013,0.2191319600534076,ARRIVED distance=0.219 yaw_error=-0.055,True
126.50000000000001,1,4.0857421933625515,-1.4389300017528632,-1.5561471813472325,4.0715881403474805,-1.220255634942085,-1.5014300226291013,0.2191319600534076,ARRIVED distance=0.219 yaw_error=-0.055,True
126.60000000000001,1,4.0857421933625515,-1.4389300017528632,-1.5561471813472325,4.071588060747922,-1.2202543779480775,-1.501430108170352,0.2191332195640011,ARRIVED distance=0.219 yaw_error=-0.055,True
126.60000000000001,1,4.0857421933625515,-1.4389300017528632,-1.5561471813472325,4.071588060747922,-1.2202543779480775,-1.501430108170352,0.2191332195640011,ARRIVED distance=0.219 yaw_error=-0.055,True
126.7,1,4.0857421933625515,-1.4389300017528632,-1.5561471813472325,4.0715879819395555,-1.220253142910485,-1.5014301986257117,0.21913445711292479,ARRIVED distance=0.219 yaw_error=-0.055,True
126.7,1,4.0857421933625515,-1.4389300017528632,-1.5561471813472325,4.0715879819395555,-1.220253142910485,-1.5014301986257117,0.21913445711292479,ARRIVED distance=0.219 yaw_error=-0.055,True
126.80000000000001,1,4.0857421933625515,-1.4389300017528632,-1.5561471813472325,4.071587904818329,-1.220251929917116,-1.5014303004979503,0.21913567255468325,ARRIVED distance=0.219 yaw_error=-0.055,True
126.80000000000001,1,4.0857421933625515,-1.4389300017528632,-1.5561471813472325,4.071587904818329,-1.220251929917116,-1.5014303004979503,0.21913567255468325,ARRIVED distance=0.219 yaw_error=-0.055,True
126.9,1,4.0857421933625515,-1.4389300017528632,-1.5561471813472325,4.071587829429601,-1.2202507404879321,-1.5014304082394025,0.21913686436955881,ARRIVED distance=0.219 yaw_error=-0.055,True
126.9,1,4.0857421933625515,-1.4389300017528632,-1.5561471813472325,4.071587829429601,-1.2202507404879321,-1.5014304082394025,0.21913686436955881,ARRIVED distance=0.219 yaw_error=-0.055,True
126.9,1,4.0857421933625515,-1.4389300017528632,-1.5561471813472325,4.071587755173361,-1.2202495761528684,-1.5014305097683884,0.2191380310695669,ARRIVED distance=0.219 yaw_error=-0.055,True
126.9,1,4.0857421933625515,-1.4389300017528632,-1.5561471813472325,4.071587755173361,-1.2202495761528684,-1.5014305097683884,0.2191380310695669,ARRIVED distance=0.219 yaw_error=-0.055,True
127.10000000000001,1,4.0857421933625515,-1.4389300017528632,-1.5561471813472325,4.071587683015707,-1.2202484363329578,-1.501430614462359,0.21913917317006404,ARRIVED distance=0.219 yaw_error=-0.055,True
127.10000000000001,1,4.0857421933625515,-1.4389300017528632,-1.5561471813472325,4.071587683015707,-1.2202484363329578,-1.501430614462359,0.21913917317006404,ARRIVED distance=0.219 yaw_error=-0.055,True
127.2,1,4.0857421933625515,-1.4389300017528632,-1.5561471813472325,4.071587612466233,-1.2202473223294699,-1.5014307198560557,0.2191402894041738,ARRIVED distance=0.219 yaw_error=-0.055,True
127.2,1,4.0857421933625515,-1.4389300017528632,-1.5561471813472325,4.071587612466233,-1.2202473223294699,-1.5014307198560557,0.2191402894041738,ARRIVED distance=0.219 yaw_error=-0.055,True
127.30000000000001,1,4.0857421933625515,-1.4389300017528632,-1.5561471813472325,4.071587544229532,-1.2202462345196754,-1.5014308207019615,0.21914137934990272,ARRIVED distance=0.219 yaw_error=-0.055,True
127.30000000000001,1,4.0857421933625515,-1.4389300017528632,-1.5561471813472325,4.071587544229532,-1.2202462345196754,-1.5014308207019615,0.21914137934990272,ARRIVED distance=0.219 yaw_error=-0.055,True
127.4,1,4.0857421933625515,-1.4389300017528632,-1.5561471813472325,4.071587476873103,-1.2202451704138002,-1.5014309201499956,0.219142445584353,ARRIVED distance=0.219 yaw_error=-0.055,True
127.4,1,4.0857421933625515,-1.4389300017528632,-1.5561471813472325,4.071587476873103,-1.2202451704138002,-1.5014309201499956,0.219142445584353,ARRIVED distance=0.219 yaw_error=-0.055,True
127.50000000000001,1,4.0857421933625515,-1.4389300017528632,-1.5561471813472325,4.071587411891122,-1.2202441281215441,-1.5014310127614374,0.2191434898973665,ARRIVED distance=0.219 yaw_error=-0.055,True
127.50000000000001,1,4.0857421933625515,-1.4389300017528632,-1.5561471813472325,4.071587411891122,-1.2202441281215441,-1.5014310127614374,0.2191434898973665,ARRIVED distance=0.219 yaw_error=-0.055,True
127.60000000000001,1,4.0857421933625515,-1.4389300017528632,-1.5561471813472325,4.071587348070269,-1.2202431062871835,-1.5014311018394395,0.21914451372020613,ARRIVED distance=0.219 yaw_error=-0.055,True
127.60000000000001,1,4.0857421933625515,-1.4389300017528632,-1.5561471813472325,4.071587348070269,-1.2202431062871835,-1.5014311018394395,0.21914451372020613,ARRIVED distance=0.219 yaw_error=-0.055,True
127.7,1,4.0857421933625515,-1.4389300017528632,-1.5561471813472325,4.071587285610224,-1.2202421057299564,-1.501431188771687,0.2191455162224466,ARRIVED distance=0.219 yaw_error=-0.055,True
127.7,1,4.0857421933625515,-1.4389300017528632,-1.5561471813472325,4.071587285610224,-1.2202421057299564,-1.501431188771687,0.2191455162224466,ARRIVED distance=0.219 yaw_error=-0.055,True
127.80000000000001,1,4.0857421933625515,-1.4389300017528632,-1.5561471813472325,4.071587224643491,-1.220241126439252,-1.5014312691930025,0.2191464974061181,ARRIVED distance=0.219 yaw_error=-0.055,True
127.80000000000001,1,4.0857421933625515,-1.4389300017528632,-1.5561471813472325,4.071587224643491,-1.220241126439252,-1.5014312691930025,0.2191464974061181,ARRIVED distance=0.219 yaw_error=-0.055,True
127.9,1,4.0857421933625515,-1.4389300017528632,-1.5561471813472325,4.071587164895184,-1.2202401652446178,-1.5014313484551323,0.21914746045280817,ARRIVED distance=0.219 yaw_error=-0.055,True
127.9,1,4.0857421933625515,-1.4389300017528632,-1.5561471813472325,4.071587164895184,-1.2202401652446178,-1.5014313484551323,0.21914746045280817,ARRIVED distance=0.219 yaw_error=-0.055,True
128.0,1,4.0857421933625515,-1.4389300017528632,-1.5561471813472325,4.071587106029655,-1.2202392194581455,-1.501431428564331,0.21914840806649163,ARRIVED distance=0.219 yaw_error=-0.055,True
128.0,1,4.0857421933625515,-1.4389300017528632,-1.5561471813472325,4.071587106029655,-1.2202392194581455,-1.501431428564331,0.21914840806649163,ARRIVED distance=0.219 yaw_error=-0.055,True
128.1,1,4.0857421933625515,-1.4389300017528632,-1.5561471813472325,4.071587048402832,-1.2202382903212003,-1.5014315052589347,0.21914933898540598,ARRIVED distance=0.219 yaw_error=-0.055,True
128.1,1,4.0857421933625515,-1.4389300017528632,-1.5561471813472325,4.071587048402832,-1.2202382903212003,-1.5014315052589347,0.21914933898540598,ARRIVED distance=0.219 yaw_error=-0.055,True
128.20000000000002,1,4.0857421933625515,-1.4389300017528632,-1.5561471813472325,4.071586991519109,-1.2202373754105604,-1.5014315875023132,0.2191502556597246,ARRIVED distance=0.219 yaw_error=-0.055,True
128.20000000000002,1,4.0857421933625515,-1.4389300017528632,-1.5561471813472325,4.071586991519109,-1.2202373754105604,-1.5014315875023132,0.2191502556597246,ARRIVED distance=0.219 yaw_error=-0.055,True
128.3,1,4.0857421933625515,-1.4389300017528632,-1.5561471813472325,4.071586935736122,-1.2202364761439306,-1.501431668572878,0.21915115665160304,ARRIVED distance=0.219 yaw_error=-0.055,True
128.3,1,4.0857421933625515,-1.4389300017528632,-1.5561471813472325,4.071586935736122,-1.2202364761439306,-1.501431668572878,0.21915115665160304,ARRIVED distance=0.219 yaw_error=-0.055,True
128.4,1,4.0857421933625515,-1.4389300017528632,-1.5561471813472325,4.071586880847298,-1.220235591482603,-1.501431750260876,0.2191520430109228,ARRIVED distance=0.219 yaw_error=-0.055,True
128.4,1,4.0857421933625515,-1.4389300017528632,-1.5561471813472325,4.071586880847298,-1.220235591482603,-1.501431750260876,0.2191520430109228,ARRIVED distance=0.219 yaw_error=-0.055,True
128.5,1,4.0857421933625515,-1.4389300017528632,-1.5561471813472325,4.071586827311167,-1.220234719989088,-1.5014318333526027,0.21915291614255503,ARRIVED distance=0.219 yaw_error=-0.055,True
128.5,1,4.0857421933625515,-1.4389300017528632,-1.5561471813472325,4.071586827311167,-1.220234719989088,-1.5014318333526027,0.21915291614255503,ARRIVED distance=0.219 yaw_error=-0.055,True
128.6,1,4.0857421933625515,-1.4389300017528632,-1.5561471813472325,4.071586773875602,-1.220233868138955,-1.501431892853016,0.21915376966532857,ARRIVED distance=0.219 yaw_error=-0.055,True
128.6,1,4.0857421933625515,-1.4389300017528632,-1.5561471813472325,4.071586773875602,-1.220233868138955,-1.501431892853016,0.21915376966532857,ARRIVED distance=0.219 yaw_error=-0.055,True
128.70000000000002,1,4.0857421933625515,-1.4389300017528632,-1.5561471813472325,4.071586722486314,-1.2202330342821488,-1.5014319480824767,0.21915460510017745,ARRIVED distance=0.219 yaw_error=-0.055,True
128.70000000000002,1,4.0857421933625515,-1.4389300017528632,-1.5561471813472325,4.071586722486314,-1.2202330342821488,-1.5014319480824767,0.21915460510017745,ARRIVED distance=0.219 yaw_error=-0.055,True
128.8,1,4.0,-4.0,-1.5707963267948963,4.071586673066487,-1.2202322241937416,-1.5014320061966875,2.7806893999818825,ARRIVED distance=0.219 yaw_error=-0.055,True
128.8,1,4.0,-4.0,-1.5707963267948963,4.071586673066487,-1.2202322241937416,-1.5014320061966875,2.7806893999818825,ARRIVED distance=0.219 yaw_error=-0.055,True
128.8,1,4.0,-4.0,-1.5707963267948963,4.071586673066487,-1.2202322241937416,-1.5014320061966875,2.7806893999818825,GOAL_RECEIVED frame=odom x=4.000 y=-4.000,False
128.9,1,4.0,-4.0,-1.5707963267948963,4.0715866256922535,-1.2202314398315495,-1.5014320773803838,2.780690182864496,TRACKING distance=2.781 heading_error=-0.095 linear=0.035 angular=-0.114 ,False
128.9,1,4.0,-4.0,-1.5707963267948963,4.0715866256922535,-1.2202314398315495,-1.5014320773803838,2.780690182864496,TRACKING distance=2.781 heading_error=-0.095 linear=0.052 angular=-0.114 ,False
129.0,1,4.0,-4.0,-1.5707963267948963,4.071586578614962,-1.220230685275492,-1.501432160452384,2.7806909359584995,TRACKING distance=2.781 heading_error=-0.095 linear=0.087 angular=-0.114 ,False
129.0,1,4.0,-4.0,-1.5707963267948963,4.071586578614962,-1.220230685275492,-1.501432160452384,2.7806909359584995,TRACKING distance=2.781 heading_error=-0.095 linear=0.105 angular=-0.114 ,False
129.1,1,4.0,-4.0,-1.5707963267948963,4.071959811075323,-1.2259006926683678,-1.502762494821191,2.775032464917814,TRACKING distance=2.775 heading_error=-0.094 linear=0.140 angular=-0.113 ,False
129.1,1,4.0,-4.0,-1.5707963267948963,4.071959811075323,-1.2259006926683678,-1.502762494821191,2.775032464917814,TRACKING distance=2.775 heading_error=-0.094 linear=0.157 angular=-0.113 ,False
129.20000000000002,1,4.0,-4.0,-1.5707963267948963,4.072471722223008,-1.234490870131383,-1.5096090587700917,2.766458548019226,TRACKING distance=2.766 heading_error=-0.087 linear=0.193 angular=-0.105 ,False
129.20000000000002,1,4.0,-4.0,-1.5707963267948963,4.072471722223008,-1.234490870131383,-1.5096090587700917,2.766458548019226,TRACKING distance=2.766 heading_error=-0.087 linear=0.210 angular=-0.105 ,False
129.3,1,4.0,-4.0,-1.5707963267948963,4.07333813739684,-1.2497749362399764,-1.5150217319898465,2.751202715855497,TRACKING distance=2.751 heading_error=-0.082 linear=0.245 angular=-0.099 ,False
129.3,1,4.0,-4.0,-1.5707963267948963,4.07333813739684,-1.2497749362399764,-1.5150217319898465,2.751202715855497,TRACKING distance=2.751 heading_error=-0.082 linear=0.262 angular=-0.099 ,False
129.4,1,4.0,-4.0,-1.5707963267948963,4.074838096663686,-1.2798188633653507,-1.5209901756001518,2.7212104212675685,TRACKING distance=2.721 heading_error=-0.077 linear=0.297 angular=-0.093 ,False
129.4,1,4.0,-4.0,-1.5707963267948963,4.074838096663686,-1.2798188633653507,-1.5209901756001518,2.7212104212675685,TRACKING distance=2.721 heading_error=-0.077 linear=0.315 angular=-0.093 ,False
129.5,1,4.0,-4.0,-1.5707963267948963,4.076568912033576,-1.3133932414593141,-1.5289243824560024,2.68769765288555,TRACKING distance=2.688 heading_error=-0.070 linear=0.350 angular=-0.084 ,False
129.5,1,4.0,-4.0,-1.5707963267948963,4.076568912033576,-1.3133932414593141,-1.5289243824560024,2.68769765288555,TRACKING distance=2.688 heading_error=-0.070 linear=0.350 angular=-0.084 ,False
129.6,1,4.0,-4.0,-1.5707963267948963,4.078020066314978,-1.3505817528191937,-1.5376858680016707,2.6505667656639798,TRACKING distance=2.651 heading_error=-0.063 linear=0.350 angular=-0.075 ,False
129.6,1,4.0,-4.0,-1.5707963267948963,4.078020066314978,-1.3505817528191937,-1.5376858680016707,2.6505667656639798,TRACKING distance=2.651 heading_error=-0.063 linear=0.350 angular=-0.075 ,False
129.70000000000002,1,4.0,-4.0,-1.5707963267948963,4.079292522035725,-1.3888707295313825,-1.5451892990370153,2.6123329365049854,TRACKING distance=2.612 heading_error=-0.056 linear=0.350 angular=-0.067 ,False
129.70000000000002,1,4.0,-4.0,-1.5707963267948963,4.079292522035725,-1.3888707295313825,-1.5451892990370153,2.6123329365049854,TRACKING distance=2.612 heading_error=-0.056 linear=0.350 angular=-0.067 ,False
129.8,1,4.0,-4.0,-1.5707963267948963,4.0802543819579205,-1.4273743994859607,-1.5505386240587842,2.573877084525147,TRACKING distance=2.574 heading_error=-0.051 linear=0.350 angular=-0.062 ,False
129.8,1,4.0,-4.0,-1.5707963267948963,4.0802543819579205,-1.4273743994859607,-1.5505386240587842,2.573877084525147,TRACKING distance=2.574 heading_error=-0.051 linear=0.350 angular=-0.062 ,False
129.9,1,4.0,-4.0,-1.5707963267948963,4.081091560734835,-1.4656934557856316,-1.555697169748425,2.5356035773105754,TRACKING distance=2.536 heading_error=-0.047 linear=0.350 angular=-0.057 ,False
129.9,1,4.0,-4.0,-1.5707963267948963,4.081091560734835,-1.4656934557856316,-1.555697169748425,2.5356035773105754,TRACKING distance=2.536 heading_error=-0.047 linear=0.350 angular=-0.057 ,False
130.0,1,4.0,-4.0,-1.5707963267948963,4.081746046726435,-1.5041229534184917,-1.560592439181668,2.497215378738453,TRACKING distance=2.497 heading_error=-0.043 linear=0.350 angular=-0.052 ,False
130.0,1,4.0,-4.0,-1.5707963267948963,4.081813819838547,-1.507937496899817,-1.5610457748256825,2.493405105568392,TRACKING distance=2.497 heading_error=-0.043 linear=0.350 angular=-0.052 ,False
130.1,1,4.0,-4.0,-1.5707963267948963,4.082179187557864,-1.5425236769793593,-1.564644238835212,2.458849994829843,TRACKING distance=2.459 heading_error=-0.040 linear=0.350 angular=-0.047 ,False
130.1,1,4.0,-4.0,-1.5707963267948963,4.082179187557864,-1.5425236769793593,-1.564644238835212,2.458849994829843,TRACKING distance=2.459 heading_error=-0.040 linear=0.350 angular=-0.047 ,False
130.20000000000002,1,4.0,-4.0,-1.5707963267948963,4.082395947840662,-1.5809569398921923,-1.5677261066154617,2.4204459132309295,TRACKING distance=2.420 heading_error=-0.037 linear=0.350 angular=-0.045 ,False
130.20000000000002,1,4.0,-4.0,-1.5707963267948963,4.082395947840662,-1.5809569398921923,-1.5677261066154617,2.4204459132309295,TRACKING distance=2.420 heading_error=-0.037 linear=0.350 angular=-0.045 ,False
130.3,1,4.0,-4.0,-1.5707963267948963,4.082479045673084,-1.619354876902825,-1.5716788693061823,2.3820734655130824,TRACKING distance=2.382 heading_error=-0.034 linear=0.350 angular=-0.040 ,False
130.3,1,4.0,-4.0,-1.5707963267948963,4.082479045673084,-1.619354876902825,-1.5716788693061823,2.3820734655130824,TRACKING distance=2.382 heading_error=-0.034 linear=0.350 angular=-0.040 ,False
130.4,1,4.0,-4.0,-1.5707963267948963,4.082589403683787,-1.657758719374572,-1.5762317586164536,2.343696914335702,TRACKING distance=2.344 heading_error=-0.030 linear=0.350 angular=-0.036 ,False
130.4,1,4.0,-4.0,-1.5707963267948963,4.082589403683787,-1.657758719374572,-1.5762317586164536,2.343696914335702,TRACKING distance=2.344 heading_error=-0.030 linear=0.350 angular=-0.036 ,False
130.5,1,4.0,-4.0,-1.5707963267948963,4.082459739830441,-1.696121042185368,-1.580138229098701,2.3053541725630664,TRACKING distance=2.305 heading_error=-0.026 linear=0.350 angular=-0.032 ,False
130.5,1,4.0,-4.0,-1.5707963267948963,4.082459739830441,-1.696121042185368,-1.580138229098701,2.3053541725630664,TRACKING distance=2.305 heading_error=-0.026 linear=0.350 angular=-0.032 ,False
130.6,1,4.0,-4.0,-1.5707963267948963,4.082123313357482,-1.734485498656011,-1.582879629545939,2.2670024689877852,TRACKING distance=2.267 heading_error=-0.024 linear=0.350 angular=-0.029 ,False
130.6,1,4.0,-4.0,-1.5707963267948963,4.082123313357482,-1.734485498656011,-1.582879629545939,2.2670024689877852,TRACKING distance=2.267 heading_error=-0.024 linear=0.350 angular=-0.029 ,False
130.70000000000002,1,4.0,-4.0,-1.5707963267948963,4.081696226823254,-1.772906680337873,-1.5850767621897877,2.2285912429067896,TRACKING distance=2.229 heading_error=-0.022 linear=0.350 angular=-0.027 ,False
130.70000000000002,1,4.0,-4.0,-1.5707963267948963,4.081696226823254,-1.772906680337873,-1.5850767621897877,2.2285912429067896,TRACKING distance=2.229 heading_error=-0.022 linear=0.350 angular=-0.027 ,False
130.8,1,4.0,-4.0,-1.5707963267948963,4.08117093745854,-1.811354171291613,-1.5871553173661925,2.1901505164281563,TRACKING distance=2.190 heading_error=-0.021 linear=0.350 angular=-0.025 ,False
130.8,1,4.0,-4.0,-1.5707963267948963,4.08117093745854,-1.811354171291613,-1.5871553173661925,2.1901505164281563,TRACKING distance=2.190 heading_error=-0.021 linear=0.350 angular=-0.025 ,False
130.9,1,4.0,-4.0,-1.5707963267948963,4.080575935380578,-1.8497523377839946,-1.5895192205710458,2.151756838080886,TRACKING distance=2.152 heading_error=-0.019 linear=0.350 angular=-0.022 ,False
130.9,1,4.0,-4.0,-1.5707963267948963,4.080575935380578,-1.8497523377839946,-1.5895192205710458,2.151756838080886,TRACKING distance=2.152 heading_error=-0.019 linear=0.350 angular=-0.022 ,False
131.0,1,4.0,-4.0,-1.5707963267948963,4.079866251615347,-1.8881404310419678,-1.5919035689961873,2.1133692193146687,TRACKING distance=2.113 heading_error=-0.017 linear=0.350 angular=-0.020 ,False
131.0,1,4.0,-4.0,-1.5707963267948963,4.079866251615347,-1.8881404310419678,-1.5919035689961873,2.1133692193146687,TRACKING distance=2.113 heading_error=-0.017 linear=0.350 angular=-0.020 ,False
131.1,1,4.0,-4.0,-1.5707963267948963,4.079143641894884,-1.9265145072540286,-1.5940820018696538,2.074995374616625,TRACKING distance=2.075 heading_error=-0.015 linear=0.350 angular=-0.018 ,False
131.1,1,4.0,-4.0,-1.5707963267948963,4.079143641894884,-1.9265145072540286,-1.5940820018696538,2.074995374616625,TRACKING distance=2.075 heading_error=-0.015 linear=0.350 angular=-0.018 ,False
131.20000000000002,1,4.0,-4.0,-1.5707963267948963,4.078338352836134,-1.9648805906129274,-1.5965919557483448,2.0366266000396505,TRACKING distance=2.037 heading_error=-0.013 linear=0.350 angular=-0.015 ,False
131.20000000000002,1,4.0,-4.0,-1.5707963267948963,4.078338352836134,-1.9648805906129274,-1.5965919557483448,2.0366266000396505,TRACKING distance=2.037 heading_error=-0.013 linear=0.350 angular=-0.015 ,False
131.3,1,4.0,-4.0,-1.5707963267948963,4.077409680015347,-2.0032375634800377,-1.5984296104923177,1.998262366771995,TRACKING distance=1.998 heading_error=-0.011 linear=0.350 angular=-0.013 ,False
131.3,1,4.0,-4.0,-1.5707963267948963,4.077409680015347,-2.0032375634800377,-1.5984296104923177,1.998262366771995,TRACKING distance=1.998 heading_error=-0.011 linear=0.350 angular=-0.013 ,False
131.4,1,4.0,-4.0,-1.5707963267948963,4.076407072589635,-2.0415953371677866,-1.5998467713490592,1.959894605366491,TRACKING distance=1.960 heading_error=-0.010 linear=0.350 angular=-0.012 ,False
131.4,1,4.0,-4.0,-1.5707963267948963,4.076407072589635,-2.0415953371677866,-1.5998467713490592,1.959894605366491,TRACKING distance=1.960 heading_error=-0.010 linear=0.350 angular=-0.012 ,False
131.5,1,4.0,-4.0,-1.5707963267948963,4.075361165618583,-2.079956478577301,-1.6009596175734475,1.9215219044915075,TRACKING distance=1.922 heading_error=-0.009 linear=0.350 angular=-0.011 ,False
131.5,1,4.0,-4.0,-1.5707963267948963,4.075361165618583,-2.079956478577301,-1.6009596175734475,1.9215219044915075,TRACKING distance=1.922 heading_error=-0.009 linear=0.350 angular=-0.011 ,False
131.6,1,4.0,-4.0,-1.5707963267948963,4.074287012009173,-2.1183196887048856,-1.6018211331133727,1.8831461318944236,TRACKING distance=1.883 heading_error=-0.008 linear=0.350 angular=-0.010 ,False
131.6,1,4.0,-4.0,-1.5707963267948963,4.074287012009173,-2.1183196887048856,-1.6018211331133727,1.8831461318944236,TRACKING distance=1.883 heading_error=-0.008 linear=0.350 angular=-0.010 ,False
131.70000000000002,1,4.0,-4.0,-1.5707963267948963,4.073156198132336,-2.1566723081990062,-1.6024913961925744,1.8447787966814766,TRACKING distance=1.845 heading_error=-0.008 linear=0.350 angular=-0.010 ,False
131.70000000000002,1,4.0,-4.0,-1.5707963267948963,4.0730436693580865,-2.1605101130330415,-1.6025566638446036,1.8409395486780675,TRACKING distance=1.845 heading_error=-0.008 linear=0.350 angular=-0.010 ,False
131.8,1,4.0,-4.0,-1.5707963267948963,4.071999398527781,-2.1950355200610896,-1.6031330013390008,1.8063999244988647,TRACKING distance=1.806 heading_error=-0.008 linear=0.350 angular=-0.009 ,False
131.8,1,4.0,-4.0,-1.5707963267948963,4.071999398527781,-2.1950355200610896,-1.6031330013390008,1.8063999244988647,TRACKING distance=1.806 heading_error=-0.008 linear=0.350 angular=-0.009 ,False
131.9,1,4.0,-4.0,-1.5707963267948963,4.070826845951532,-2.23340204609567,-1.6036528282752973,1.7680171868074157,TRACKING distance=1.768 heading_error=-0.007 linear=0.350 angular=-0.009 ,False
131.9,1,4.0,-4.0,-1.5707963267948963,4.070826845951532,-2.23340204609567,-1.6036528282752973,1.7680171868074157,TRACKING distance=1.768 heading_error=-0.007 linear=0.350 angular=-0.009 ,False
132.0,1,4.0,-4.0,-1.5707963267948963,4.0696443143000485,-2.27177566052461,-1.604081658448747,1.7296270401648652,TRACKING distance=1.730 heading_error=-0.007 linear=0.350 angular=-0.008 ,False
132.0,1,4.0,-4.0,-1.5707963267948963,4.0696443143000485,-2.27177566052461,-1.604081658448747,1.7296270401648652,TRACKING distance=1.730 heading_error=-0.007 linear=0.350 angular=-0.008 ,False
132.1,1,4.0,-4.0,-1.5707963267948963,4.0684240608724584,-2.3101489127940296,-1.604502807961633,1.6912358052730194,TRACKING distance=1.691 heading_error=-0.007 linear=0.350 angular=-0.008 ,False
132.1,1,4.0,-4.0,-1.5707963267948963,4.0684240608724584,-2.3101489127940296,-1.604502807961633,1.6912358052730194,TRACKING distance=1.691 heading_error=-0.007 linear=0.350 angular=-0.008 ,False
132.20000000000002,1,4.0,-4.0,-1.5707963267948963,4.0671909060818825,-2.3485219696786426,-1.6048991116936882,1.652844306791845,TRACKING distance=1.653 heading_error=-0.007 linear=0.350 angular=-0.008 ,False
132.20000000000002,1,4.0,-4.0,-1.5707963267948963,4.0671909060818825,-2.3485219696786426,-1.6048991116936882,1.652844306791845,TRACKING distance=1.653 heading_error=-0.007 linear=0.350 angular=-0.008 ,False
132.3,1,4.0,-4.0,-1.5707963267948963,4.065952854904586,-2.386887800299458,-1.6053205594130147,1.6144598935535024,TRACKING distance=1.614 heading_error=-0.006 linear=0.350 angular=-0.008 ,False
132.3,1,4.0,-4.0,-1.5707963267948963,4.065952854904586,-2.386887800299458,-1.6053205594130147,1.6144598935535024,TRACKING distance=1.614 heading_error=-0.006 linear=0.350 angular=-0.008 ,False
132.4,1,4.0,-4.0,-1.5707963267948963,4.064690241490113,-2.4252616352699987,-1.6058028608490897,1.576066541963431,TRACKING distance=1.576 heading_error=-0.006 linear=0.350 angular=-0.007 ,False
132.4,1,4.0,-4.0,-1.5707963267948963,4.064690241490113,-2.4252616352699987,-1.6058028608490897,1.576066541963431,TRACKING distance=1.576 heading_error=-0.006 linear=0.350 angular=-0.007 ,False
132.5,1,4.0,-4.0,-1.5707963267948963,4.063397580499023,-2.4636315637610373,-1.6063441122519573,1.53767591679277,TRACKING distance=1.538 heading_error=-0.006 linear=0.350 angular=-0.007 ,False
132.5,1,4.0,-4.0,-1.5707963267948963,4.063397580499023,-2.4636315637610373,-1.6063441122519573,1.53767591679277,TRACKING distance=1.538 heading_error=-0.006 linear=0.350 angular=-0.007 ,False
132.6,1,4.0,-4.0,-1.5707963267948963,4.062086928439899,-2.502000956088736,-1.6068266668338353,1.4992851370710516,TRACKING distance=1.499 heading_error=-0.005 linear=0.350 angular=-0.006 ,False
132.6,1,4.0,-4.0,-1.5707963267948963,4.062086928439899,-2.502000956088736,-1.6068266668338353,1.4992851370710516,TRACKING distance=1.499 heading_error=-0.005 linear=0.350 angular=-0.006 ,False
132.70000000000002,1,4.0,-4.0,-1.5707963267948963,4.0607609399820825,-2.540372709725711,-1.6072464357006702,1.4608914122346566,TRACKING distance=1.461 heading_error=-0.005 linear=0.350 angular=-0.006 ,False
132.70000000000002,1,4.0,-4.0,-1.5707963267948963,4.0607609399820825,-2.540372709725711,-1.6072464357006702,1.4608914122346566,TRACKING distance=1.461 heading_error=-0.005 linear=0.350 angular=-0.006 ,False
132.8,1,4.0,-4.0,-1.5707963267948963,4.059415559484944,-2.5787064848464,-1.6075632238276474,1.4225348730089487,TRACKING distance=1.423 heading_error=-0.005 linear=0.350 angular=-0.006 ,False
132.8,1,4.0,-4.0,-1.5707963267948963,4.059415559484944,-2.5787064848464,-1.6075632238276474,1.4225348730089487,TRACKING distance=1.423 heading_error=-0.005 linear=0.350 angular=-0.006 ,False
132.9,1,4.0,-4.0,-1.5707963267948963,4.0580590780854,-2.617077807301622,-1.6077312232042487,1.3841404002505728,TRACKING distance=1.384 heading_error=-0.005 linear=0.350 angular=-0.006 ,False
132.9,1,4.0,-4.0,-1.5707963267948963,4.0580590780854,-2.617077807301622,-1.6077312232042487,1.3841404002505728,TRACKING distance=1.384 heading_error=-0.005 linear=0.350 angular=-0.006 ,False
133.0,1,4.0,-4.0,-1.5707963267948963,4.056703877667645,-2.6554421393601055,-1.6081392739335514,1.3457530123878887,TRACKING distance=1.346 heading_error=-0.005 linear=0.350 angular=-0.006 ,False
133.0,1,4.0,-4.0,-1.5707963267948963,4.056703877667645,-2.6554421393601055,-1.6081392739335514,1.3457530123878887,TRACKING distance=1.346 heading_error=-0.005 linear=0.350 angular=-0.006 ,False
133.1,1,4.0,-4.0,-1.5707963267948963,4.055302804863317,-2.6938088906581292,-1.608635152220745,1.307361317444224,TRACKING distance=1.307 heading_error=-0.004 linear=0.350 angular=-0.005 ,False
133.1,1,4.0,-4.0,-1.5707963267948963,4.055302804863317,-2.6938088906581292,-1.608635152220745,1.307361317444224,TRACKING distance=1.307 heading_error=-0.004 linear=0.350 angular=-0.005 ,False
133.20000000000002,1,4.0,-4.0,-1.5707963267948963,4.053885895179608,-2.7321693024579043,-1.6091194729287157,1.2689753217968365,TRACKING distance=1.269 heading_error=-0.004 linear=0.350 angular=-0.005 ,False
133.20000000000002,1,4.0,-4.0,-1.5707963267948963,4.053885895179608,-2.7321693024579043,-1.6091194729287157,1.2689753217968365,TRACKING distance=1.269 heading_error=-0.004 linear=0.350 angular=-0.005 ,False
133.3,1,4.0,-4.0,-1.5707963267948963,4.052459523488285,-2.7705245656182136,-1.609540281443433,1.2305941025995941,TRACKING distance=1.231 heading_error=-0.004 linear=0.350 angular=-0.005 ,False
133.3,1,4.0,-4.0,-1.5707963267948963,4.052459523488285,-2.7705245656182136,-1.609540281443433,1.2305941025995941,TRACKING distance=1.231 heading_error=-0.004 linear=0.350 angular=-0.005 ,False
133.4,1,4.0,-4.0,-1.5707963267948963,4.051019120571325,-2.8088758733435935,-1.6099126396778003,1.1922162705511357,TRACKING distance=1.192 heading_error=-0.004 linear=0.350 angular=-0.004 ,False
133.4,1,4.0,-4.0,-1.5707963267948963,4.051019120571325,-2.8088758733435935,-1.6099126396778003,1.1922162705511357,TRACKING distance=1.192 heading_error=-0.004 linear=0.350 angular=-0.004 ,False
133.5,1,4.0,-4.0,-1.5707963267948963,4.049568124825106,-2.847228101439676,-1.6102402268120448,1.15383709816813,TRACKING distance=1.154 heading_error=-0.004 linear=0.350 angular=-0.004 ,False
133.5,1,4.0,-4.0,-1.5707963267948963,4.049568124825106,-2.847228101439676,-1.6102402268120448,1.15383709816813,TRACKING distance=1.154 heading_error=-0.004 linear=0.350 angular=-0.004 ,False
133.6,1,4.0,-4.0,-1.5707963267948963,4.048104444050051,-2.885569946234968,-1.6105502780865963,1.115467786299585,TRACKING distance=1.115 heading_error=-0.003 linear=0.350 angular=-0.004 ,False
133.6,1,4.0,-4.0,-1.5707963267948963,4.047955192190754,-2.8894059787379427,-1.6105803311031366,1.1116288861490957,TRACKING distance=1.115 heading_error=-0.003 linear=0.350 angular=-0.004 ,False
133.70000000000002,1,4.0,-4.0,-1.5707963267948963,4.046629361144498,-2.923910242012603,-1.6108474190452815,1.0770995611205672,TRACKING distance=1.077 heading_error=-0.003 linear=0.350 angular=-0.004 ,False
133.70000000000002,1,4.0,-4.0,-1.5707963267948963,4.046629361144498,-2.923910242012603,-1.6108474190452815,1.0770995611205672,TRACKING distance=1.077 heading_error=-0.003 linear=0.350 angular=-0.004 ,False
133.70000000000002,1,4.0,-4.0,-1.5707963267948963,4.045155191387388,-2.962239977871431,-1.6109911613764938,1.0387419577727282,TRACKING distance=1.039 heading_error=-0.003 linear=0.350 angular=-0.004 ,False
133.8,1,4.0,-4.0,-1.5707963267948963,4.045155191387388,-2.962239977871431,-1.6109911613764938,1.0387419577727282,TRACKING distance=1.039 heading_error=-0.003 linear=0.350 angular=-0.004 ,False
133.9,1,4.0,-4.0,-1.5707963267948963,4.043663257851472,-3.0005732964426928,-1.6113006706608106,1.0003800357212402,TRACKING distance=1.000 heading_error=-0.003 linear=0.350 angular=-0.004 ,False
133.9,1,4.0,-4.0,-1.5707963267948963,4.043663257851472,-3.0005732964426928,-1.6113006706608106,1.0003800357212402,TRACKING distance=1.000 heading_error=-0.003 linear=0.350 angular=-0.004 ,False
134.0,1,4.0,-4.0,-1.5707963267948963,4.042165377332609,-3.0389059435508967,-1.6117016816619831,0.9620185571949189,TRACKING distance=0.962 heading_error=-0.003 linear=0.337 angular=-0.004 ,False
134.0,1,4.0,-4.0,-1.5707963267948963,4.042165377332609,-3.0389059435508967,-1.6117016816619831,0.9620185571949189,TRACKING distance=0.962 heading_error=-0.003 linear=0.337 angular=-0.004 ,False
134.1,1,4.0,-4.0,-1.5707963267948963,4.040669608193744,-3.0772385633984514,-1.6121753003418018,0.9236572339940756,TRACKING distance=0.924 heading_error=-0.003 linear=0.323 angular=-0.003 ,False
134.1,1,4.0,-4.0,-1.5707963267948963,4.040669608193744,-3.0772385633984514,-1.6121753003418018,0.9236572339940756,TRACKING distance=0.924 heading_error=-0.003 linear=0.323 angular=-0.003 ,False
134.20000000000002,1,4.0,-4.0,-1.5707963267948963,4.039142600209148,-3.115573124372874,-1.6126678517584374,0.885292630423801,TRACKING distance=0.885 heading_error=-0.002 linear=0.310 angular=-0.003 ,False
134.20000000000002,1,4.0,-4.0,-1.5707963267948963,4.039142600209148,-3.115573124372874,-1.6126678517584374,0.885292630423801,TRACKING distance=0.885 heading_error=-0.002 linear=0.310 angular=-0.003 ,False
134.20000000000002,1,4.0,-4.0,-1.5707963267948963,4.037576394095796,-3.153898843153716,-1.6131148536529674,0.8469351527772728,TRACKING distance=0.847 heading_error=-0.002 linear=0.296 angular=-0.002 ,False
134.20000000000002,1,4.0,-4.0,-1.5707963267948963,4.037576394095796,-3.153898843153716,-1.6131148536529674,0.8469351527772728,TRACKING distance=0.847 heading_error=-0.002 linear=0.296 angular=-0.002 ,False
134.4,1,4.0,-4.0,-1.5707963267948963,4.036022136821344,-3.192225587673728,-1.6135057540828994,0.8085772044463223,TRACKING distance=0.809 heading_error=-0.002 linear=0.283 angular=-0.002 ,False
134.4,1,4.0,-4.0,-1.5707963267948963,4.036022136821344,-3.192225587673728,-1.6135057540828994,0.8085772044463223,TRACKING distance=0.809 heading_error=-0.002 linear=0.283 angular=-0.002 ,False
134.5,1,4.0,-4.0,-1.5707963267948963,4.034437042814798,-3.2305544449840524,-1.613886893800173,0.7702157957687105,TRACKING distance=0.770 heading_error=-0.002 linear=0.270 angular=-0.002 ,False
134.5,1,4.0,-4.0,-1.5707963267948963,4.034437042814798,-3.2305544449840524,-1.613886893800173,0.7702157957687105,TRACKING distance=0.770 heading_error=-0.002 linear=0.270 angular=-0.002 ,False
134.6,1,4.0,-4.0,-1.5707963267948963,4.032849464043614,-3.268882631220285,-1.614148833149956,0.7318549680225765,TRACKING distance=0.732 heading_error=-0.002 linear=0.256 angular=-0.002 ,False
134.6,1,4.0,-4.0,-1.5707963267948963,4.032849464043614,-3.268882631220285,-1.614148833149956,0.7318549680225765,TRACKING distance=0.732 heading_error=-0.002 linear=0.256 angular=-0.002 ,False
134.70000000000002,1,4.0,-4.0,-1.5707963267948963,4.0312541368639625,-3.3072137932721977,-1.6144329706262406,0.6934908429845404,TRACKING distance=0.693 heading_error=-0.001 linear=0.243 angular=-0.002 ,False
134.70000000000002,1,4.0,-4.0,-1.5707963267948963,4.0312541368639625,-3.3072137932721977,-1.6144329706262406,0.6934908429845404,TRACKING distance=0.693 heading_error=-0.001 linear=0.243 angular=-0.002 ,False
134.8,1,4.0,-4.0,-1.5707963267948963,4.0296492627057825,-3.345543660671705,-1.6147438265372218,0.6551276050251499,TRACKING distance=0.655 heading_error=-0.001 linear=0.229 angular=-0.002 ,False
134.8,1,4.0,-4.0,-1.5707963267948963,4.0296492627057825,-3.345543660671705,-1.6147438265372218,0.6551276050251499,TRACKING distance=0.655 heading_error=-0.001 linear=0.229 angular=-0.002 ,False
134.9,1,4.0,-4.0,-1.5707963267948963,4.028043104471114,-3.383866549626869,-1.614982586285656,0.6167713063827444,TRACKING distance=0.617 heading_error=-0.001 linear=0.216 angular=-0.002 ,False
134.9,1,4.0,-4.0,-1.5707963267948963,4.028043104471114,-3.383866549626869,-1.614982586285656,0.6167713063827444,TRACKING distance=0.617 heading_error=-0.001 linear=0.216 angular=-0.002 ,False
135.0,1,4.0,-4.0,-1.5707963267948963,4.026466804969395,-3.4207869933823387,-1.6153944349744767,0.5798173840101373,TRACKING distance=0.580 heading_error=-0.001 linear=0.203 angular=-0.001 ,False
135.0,1,4.0,-4.0,-1.5707963267948963,4.026466804969395,-3.4207869933823387,-1.6153944349744767,0.5798173840101373,TRACKING distance=0.580 heading_error=-0.001 linear=0.203 angular=-0.001 ,False
135.1,1,4.0,-4.0,-1.5707963267948963,4.024901573967732,-3.4574015511910776,-1.6155510344115203,0.5431695545922278,TRACKING distance=0.543 heading_error=-0.001 linear=0.190 angular=-0.001 ,False
135.1,1,4.0,-4.0,-1.5707963267948963,4.024901573967732,-3.4574015511910776,-1.6155510344115203,0.5431695545922278,TRACKING distance=0.543 heading_error=-0.001 linear=0.190 angular=-0.001 ,False
135.20000000000002,1,4.0,-4.0,-1.5707963267948963,4.023452039399424,-3.4905928614650628,-1.616618024123088,0.5099466942165082,TRACKING distance=0.510 heading_error=-0.000 linear=0.178 angular=-0.000 ,False
135.20000000000002,1,4.0,-4.0,-1.5707963267948963,4.023452039399424,-3.4905928614650628,-1.616618024123088,0.5099466942165082,TRACKING distance=0.510 heading_error=-0.000 linear=0.178 angular=-0.000 ,False
135.3,1,4.0,-4.0,-1.5707963267948963,4.022014827637898,-3.5230102576447213,-1.6170655919231745,0.4774975046511568,TRACKING distance=0.477 heading_error=0.000 linear=0.167 angular=0.000 ,False
135.3,1,4.0,-4.0,-1.5707963267948963,4.022014827637898,-3.5230102576447213,-1.6170655919231745,0.4774975046511568,TRACKING distance=0.477 heading_error=0.000 linear=0.167 angular=0.000 ,False
135.4,1,4.0,-4.0,-1.5707963267948963,4.0206942232772125,-3.552316571421748,-1.6172794858140451,0.4481614698974311,TRACKING distance=0.448 heading_error=0.000 linear=0.157 angular=0.000 ,False
135.4,1,4.0,-4.0,-1.5707963267948963,4.0206942232772125,-3.552316571421748,-1.6172794858140451,0.4481614698974311,TRACKING distance=0.448 heading_error=0.000 linear=0.157 angular=0.000 ,False
135.5,1,4.0,-4.0,-1.5707963267948963,4.0194859090481625,-3.5795232055788087,-1.617169020424783,0.4209280642795798,TRACKING distance=0.421 heading_error=0.000 linear=0.147 angular=0.000 ,False
135.5,1,4.0,-4.0,-1.5707963267948963,4.0194859090481625,-3.5795232055788087,-1.617169020424783,0.4209280642795798,TRACKING distance=0.421 heading_error=0.000 linear=0.147 angular=0.000 ,False
135.6,1,4.0,-4.0,-1.5707963267948963,4.018291276589146,-3.6062127997981848,-1.6170382359350457,0.39421178298225074,TRACKING distance=0.394 heading_error=-0.000 linear=0.138 angular=-0.000 ,False
135.6,1,4.0,-4.0,-1.5707963267948963,4.018291276589146,-3.6062127997981848,-1.6170382359350457,0.39421178298225074,TRACKING distance=0.394 heading_error=-0.000 linear=0.138 angular=-0.000 ,False
135.70000000000002,1,4.0,-4.0,-1.5707963267948963,4.017214667762858,-3.630299249344227,-1.6169147757290008,0.3701013237231497,TRACKING distance=0.370 heading_error=-0.000 linear=0.130 angular=-0.000 ,False
135.70000000000002,1,4.0,-4.0,-1.5707963267948963,4.017214667762858,-3.630299249344227,-1.6169147757290008,0.3701013237231497,TRACKING distance=0.370 heading_error=-0.000 linear=0.130 angular=-0.000 ,False
135.8,1,4.0,-4.0,-1.5707963267948963,4.016178568902425,-3.6538268554862574,-1.6167889670652194,0.34655099491166236,TRACKING distance=0.347 heading_error=-0.001 linear=0.121 angular=-0.001 ,False
135.8,1,4.0,-4.0,-1.5707963267948963,4.016178568902425,-3.6538268554862574,-1.6167889670652194,0.34655099491166236,TRACKING distance=0.347 heading_error=-0.001 linear=0.121 angular=-0.001 ,False
135.9,1,4.0,-4.0,-1.5707963267948963,4.015192302378761,-3.676029168902356,-1.6167974805343432,0.32432684972673165,TRACKING distance=0.324 heading_error=-0.001 linear=0.114 angular=-0.001 ,False
135.9,1,4.0,-4.0,-1.5707963267948963,4.015192302378761,-3.676029168902356,-1.6167974805343432,0.32432684972673165,TRACKING distance=0.324 heading_error=-0.001 linear=0.114 angular=-0.001 ,False
136.0,1,4.0,-4.0,-1.5707963267948963,4.014302313434692,-3.696086701910596,-1.6170314786158573,0.3042496490140343,TRACKING distance=0.304 heading_error=-0.001 linear=0.106 angular=-0.001 ,False
136.0,1,4.0,-4.0,-1.5707963267948963,4.014302313434692,-3.696086701910596,-1.6170314786158573,0.3042496490140343,TRACKING distance=0.304 heading_error=-0.001 linear=0.106 angular=-0.001 ,False
136.1,1,4.0,-4.0,-1.5707963267948963,4.013485526553374,-3.7143519806723915,-1.6169273222036342,0.2859661699785616,TRACKING distance=0.286 heading_error=-0.001 linear=0.100 angular=-0.001 ,False
136.1,1,4.0,-4.0,-1.5707963267948963,4.013485526553374,-3.7143519806723915,-1.6169273222036342,0.2859661699785616,TRACKING distance=0.286 heading_error=-0.001 linear=0.100 angular=-0.001 ,False
136.20000000000002,1,4.0,-4.0,-1.5707963267948963,4.012668248037962,-3.732477561650539,-1.6168954511441003,0.26782221627190045,TRACKING distance=0.268 heading_error=-0.001 linear=0.094 angular=-0.001 ,False
136.20000000000002,1,4.0,-4.0,-1.5707963267948963,4.012668248037962,-3.732477561650539,-1.6168954511441003,0.26782221627190045,TRACKING distance=0.268 heading_error=-0.001 linear=0.094 angular=-0.001 ,False
136.3,1,4.0,-4.0,-1.5707963267948963,4.011923064532528,-3.749128351233848,-1.6167756308521233,0.25115482002640194,TRACKING distance=0.251 heading_error=-0.002 linear=0.088 angular=-0.002 ,False
136.3,1,4.0,-4.0,-1.5707963267948963,4.011923064532528,-3.749128351233848,-1.6167756308521233,0.25115482002640194,TRACKING distance=0.251 heading_error=-0.002 linear=0.088 angular=-0.002 ,False
136.4,1,4.0,-4.0,-1.5707963267948963,4.0112530908846615,-3.764205906872755,-1.6166597877949482,0.23606246293758412,ARRIVED distance=0.236 yaw_error=0.046,True
136.4,1,4.0,-4.0,-1.5707963267948963,4.0112530908846615,-3.764205906872755,-1.6166597877949482,0.23606246293758412,ARRIVED distance=0.236 yaw_error=0.046,True
136.5,1,4.0,-4.0,-1.5707963267948963,4.010588007444574,-3.779176239290789,-1.6165981126809172,0.22107745067149026,ARRIVED distance=0.221 yaw_error=0.046,True
136.5,1,4.0,-4.0,-1.5707963267948963,4.010588007444574,-3.779176239290789,-1.6165981126809172,0.22107745067149026,ARRIVED distance=0.221 yaw_error=0.046,True
136.6,1,4.0,-4.0,-1.5707963267948963,4.010118393169467,-3.789205448097706,-1.6167831872751388,0.2110372597244876,ARRIVED distance=0.211 yaw_error=0.046,True
136.6,1,4.0,-4.0,-1.5707963267948963,4.010118393169467,-3.789205448097706,-1.6167831872751388,0.2110372597244876,ARRIVED distance=0.211 yaw_error=0.046,True
136.6,1,4.0,-4.0,-1.5707963267948963,4.010111690085639,-3.7893635422404905,-1.616800253682453,0.21087902601695982,GOAL_RECEIVED frame=odom x=4.000 y=-4.000,False
136.70000000000002,1,4.0,-4.0,-1.5707963267948963,4.010105257765415,-3.78937469133229,-1.6167102155650235,0.21086758140091982,ARRIVED distance=0.211 yaw_error=0.046,True
136.70000000000002,1,4.0,-4.0,-1.5707963267948963,4.010105257765415,-3.78937469133229,-1.6167102155650235,0.21086758140091982,ARRIVED distance=0.211 yaw_error=0.046,True
136.8,1,4.0,-4.0,-1.5707963267948963,4.010108758483187,-3.7893747677324616,-1.6167032803885244,0.21086767287999814,ARRIVED distance=0.211 yaw_error=0.046,True
