time_sec,trial_id,goal_x,goal_y,goal_yaw,robot_x,robot_y,robot_yaw,target_error_m,nav_state,nav_success
1.9000000000000001,1,nan,nan,nan,1.3969267968650826e-19,3.8163251738441098e-25,-3.887871057083844e-24,nan,IDLE_NO_GOAL,False
1.9000000000000001,1,nan,nan,nan,1.3969267968650826e-19,3.8163251738441098e-25,-3.887871057083844e-24,nan,IDLE_NO_GOAL,False
1.9000000000000001,1,1.0,0.0,0.0,1.3969267968650826e-19,3.8163251738441098e-25,-3.887871057083844e-24,1.0,GOAL_RECEIVED frame=odom x=1.000 y=0.000,False
2.0,1,1.0,0.0,0.0,-2.225241114925336e-19,1.5677490144636132e-23,6.224933615469759e-24,1.0,TRACKING distance=1.000 heading_error=0.000 linear=0.350 angular=0.000 ,False
2.0,1,1.0,0.0,0.0,-2.225241114925336e-19,1.5677490144636132e-23,6.224933615469759e-24,1.0,TRACKING distance=1.000 heading_error=0.000 linear=0.350 angular=0.000 ,False
2.1,1,1.0,0.0,0.0,1.2328211728493797e-05,3.241906906896924e-06,-5.013840889863002e-05,0.9999876717935265,TRACKING distance=1.000 heading_error=0.000 linear=0.350 angular=0.000 ,False
2.1,1,1.0,0.0,0.0,1.2328211728493797e-05,3.241906906896924e-06,-5.013840889863002e-05,0.9999876717935265,TRACKING distance=1.000 heading_error=0.000 linear=0.350 angular=0.000 ,False
2.2,1,1.0,0.0,0.0,1.4589839767972537e-05,3.6880448128254616e-06,-6.18666310071346e-05,0.9999854101670329,TRACKING distance=1.000 heading_error=0.000 linear=0.350 angular=0.000 ,False
2.2,1,1.0,0.0,0.0,1.4481766794768801e-05,3.6974445437183202e-06,-6.315218763107117e-05,0.9999855182400409,TRACKING distance=1.000 heading_error=0.000 linear=0.350 angular=0.000 ,False
2.3000000000000003,1,1.0,0.0,0.0,0.008728891617025574,2.8000153174171246e-06,-6.379951508986225e-05,0.991271108386929,TRACKING distance=0.993 heading_error=0.000 linear=0.350 angular=0.000 ,False
2.3000000000000003,1,1.0,0.0,0.0,0.008728891617025574,2.8000153174171246e-06,-6.379951508986225e-05,0.991271108386929,TRACKING distance=0.993 heading_error=0.000 linear=0.350 angular=0.000 ,False
2.4000000000000004,1,1.0,0.0,0.0,0.02581697143821947,2.9808859357096696e-06,-7.71564503588212e-05,0.9741830285663411,TRACKING distance=0.974 heading_error=0.000 linear=0.350 angular=0.000 ,False
2.4000000000000004,1,1.0,0.0,0.0,0.027732383898867164,2.7375998960609723e-06,-7.577001915516647e-05,0.972267616104987,TRACKING distance=0.974 heading_error=0.000 linear=0.350 angular=0.000 ,False
2.5,1,1.0,0.0,0.0,0.04691017901196558,2.1638405432905943e-06,-7.973827518288398e-05,0.9530898209904908,TRACKING distance=0.955 heading_error=0.000 linear=0.350 angular=0.000 ,False
2.5,1,1.0,0.0,0.0,0.04691017901196558,2.1638405432905943e-06,-7.973827518288398e-05,0.9530898209904908,TRACKING distance=0.955 heading_error=0.000 linear=0.350 angular=0.000 ,False
2.6,1,1.0,0.0,0.0,0.06608707354364918,1.0997295959340121e-06,-7.856730632349055e-05,0.9339129264569983,TRACKING distance=0.934 heading_error=0.000 linear=0.350 angular=0.000 ,False
2.6,1,1.0,0.0,0.0,0.06608707354364918,1.0997295959340121e-06,-7.856730632349055e-05,0.9339129264569983,TRACKING distance=0.934 heading_error=0.000 linear=0.350 angular=0.000 ,False
2.7,1,1.0,0.0,0.0,0.08334768280265785,-1.45243350560748e-06,-8.09378176523099e-05,0.9166523171984928,TRACKING distance=0.917 heading_error=0.000 linear=0.350 angular=0.000 ,False
2.7,1,1.0,0.0,0.0,0.08334768280265785,-1.45243350560748e-06,-8.09378176523099e-05,0.9166523171984928,TRACKING distance=0.917 heading_error=0.000 linear=0.350 angular=0.000 ,False
2.8000000000000003,1,1.0,0.0,0.0,0.10444359433406382,-3.0168208960603617e-06,-8.415125418789801e-05,0.8955564056710175,TRACKING distance=0.897 heading_error=0.000 linear=0.350 angular=0.000 ,False
2.8000000000000003,1,1.0,0.0,0.0,0.10444359433406382,-3.0168208960603617e-06,-8.415125418789801e-05,0.8955564056710175,TRACKING distance=0.897 heading_error=0.000 linear=0.350 angular=0.000 ,False
2.9000000000000004,1,1.0,0.0,0.0,0.12170031582808823,-4.531704484174981e-06,-8.072749874841746e-05,0.8782996841836027,TRACKING distance=0.878 heading_error=0.000 linear=0.350 angular=0.000 ,False
2.9000000000000004,1,1.0,0.0,0.0,0.12361997516396968,-4.695605473527765e-06,-8.337173901257309e-05,0.8763800248486097,TRACKING distance=0.878 heading_error=0.000 linear=0.350 angular=0.000 ,False
3.0,1,1.0,0.0,0.0,0.1427942792987504,-6.527795196783913e-06,-8.626915524813212e-05,0.8572057207261048,TRACKING distance=0.859 heading_error=0.000 linear=0.350 angular=0.000 ,False
3.0,1,1.0,0.0,0.0,0.1427942792987504,-6.527795196783913e-06,-8.626915524813212e-05,0.8572057207261048,TRACKING distance=0.859 heading_error=0.000 linear=0.350 angular=0.000 ,False
3.1,1,1.0,0.0,0.0,0.16196968232220288,-8.331974668658747e-06,-8.822326179395038e-05,0.8380303177192168,TRACKING distance=0.840 heading_error=0.000 linear=0.350 angular=0.000 ,False
3.1,1,1.0,0.0,0.0,0.16196968232220288,-8.331974668658747e-06,-8.822326179395038e-05,0.8380303177192168,TRACKING distance=0.838 heading_error=0.000 linear=0.350 angular=0.000 ,False
3.2,1,1.0,0.0,0.0,0.1792262318657629,-9.58806302851227e-06,-8.853924086782414e-05,0.8207737681902397,TRACKING distance=0.821 heading_error=0.000 linear=0.350 angular=0.000 ,False
3.2,1,1.0,0.0,0.0,0.1811441344849684,-9.797224402411613e-06,-8.937972825026429e-05,0.8188558655736411,TRACKING distance=0.821 heading_error=0.000 linear=0.350 angular=0.000 ,False
3.3000000000000003,1,1.0,0.0,0.0,0.20031928559274906,-1.0712253961220812e-05,-0.00010080667712852472,0.7996807144789998,TRACKING distance=0.802 heading_error=0.000 linear=0.350 angular=0.000 ,False
3.3000000000000003,1,1.0,0.0,0.0,0.20031928559274906,-1.0712253961220812e-05,-0.00010080667712852472,0.7996807144789998,TRACKING distance=0.802 heading_error=0.000 linear=0.350 angular=0.000 ,False
3.4000000000000004,1,1.0,0.0,0.0,0.2175808498476618,-1.0851985757725462e-05,-0.00012284883871007353,0.7824191502275956,TRACKING distance=0.782 heading_error=0.000 linear=0.350 angular=0.000 ,False
3.4000000000000004,1,1.0,0.0,0.0,0.21949639612253988,-1.090637355407598e-05,-0.00012217826619259875,0.7805036039536603,TRACKING distance=0.782 heading_error=0.000 linear=0.350 angular=0.000 ,False
3.5,1,1.0,0.0,0.0,0.23675816336819827,-1.2885156691994411e-05,-0.0001227584064846507,0.7632418367405662,TRACKING distance=0.763 heading_error=0.000 linear=0.350 angular=0.000 ,False
3.5,1,1.0,0.0,0.0,0.23675816336819827,-1.2885156691994411e-05,-0.0001227584064846507,0.7632418367405662,TRACKING distance=0.763 heading_error=0.000 linear=0.350 angular=0.000 ,False
3.6,1,1.0,0.0,0.0,0.2578514728287985,-1.4050119144007957e-05,-0.00013154096181630998,0.7421485273041977,TRACKING distance=0.744 heading_error=0.000 linear=0.350 angular=0.000 ,False
3.6,1,1.0,0.0,0.0,0.2578514728287985,-1.4050119144007957e-05,-0.00013154096181630998,0.7421485273041977,TRACKING distance=0.744 heading_error=0.000 linear=0.350 angular=0.000 ,False
3.7,1,1.0,0.0,0.0,0.27511177219443533,-1.6686178071001316e-05,-0.00014085390081548896,0.7248882279976139,TRACKING distance=0.725 heading_error=0.000 linear=0.350 angular=0.000 ,False
3.7,1,1.0,0.0,0.0,0.27511177219443533,-1.6686178071001316e-05,-0.00014085390081548896,0.7248882279976139,TRACKING distance=0.725 heading_error=0.000 linear=0.350 angular=0.000 ,False
3.8000000000000003,1,1.0,0.0,0.0,0.2942878384251655,-1.7932744851424785e-05,-0.00013797897802827425,0.7057121618026776,TRACKING distance=0.706 heading_error=0.000 linear=0.350 angular=0.000 ,False
3.8000000000000003,1,1.0,0.0,0.0,0.29620673298880806,-1.8219669306848198e-05,-0.00013846893336630448,0.7037932672470256,TRACKING distance=0.706 heading_error=0.000 linear=0.350 angular=0.000 ,False
3.9000000000000004,1,1.0,0.0,0.0,0.3153811546612114,-2.0819410160581472e-05,-0.00013362494924388702,0.68461884565535,TRACKING distance=0.685 heading_error=0.000 linear=0.350 angular=0.000 ,False
3.9000000000000004,1,1.0,0.0,0.0,0.3153811546612114,-2.0819410160581472e-05,-0.00013362494924388702,0.68461884565535,TRACKING distance=0.685 heading_error=0.000 linear=0.350 angular=0.000 ,False
4.0,1,1.0,0.0,0.0,0.3345583089396635,-2.5102558580337852e-05,-0.00013699544129304372,0.6654416915338103,TRACKING distance=0.667 heading_error=0.000 linear=0.350 angular=0.000 ,False
4.0,1,1.0,0.0,0.0,0.3345583089396635,-2.5102558580337852e-05,-0.00013699544129304372,0.6654416915338103,TRACKING distance=0.667 heading_error=0.000 linear=0.350 angular=0.000 ,False
4.1000000000000005,1,1.0,0.0,0.0,0.3518158588271687,-2.7097593667611122e-05,-0.0001376241381892452,0.6481841417392441,TRACKING distance=0.648 heading_error=0.000 linear=0.350 angular=0.000 ,False
4.1000000000000005,1,1.0,0.0,0.0,0.35373516374836517,-2.7625756159819385e-05,-0.00013948926647958478,0.6462648368420911,TRACKING distance=0.648 heading_error=0.000 linear=0.350 angular=0.000 ,False
4.2,1,1.0,0.0,0.0,0.372906978008833,-3.121827220981643e-05,-0.00011943114187897034,0.6270930227682292,TRACKING distance=0.629 heading_error=0.000 linear=0.346 angular=0.000 ,False
4.2,1,1.0,0.0,0.0,0.372906978008833,-3.121827220981643e-05,-0.00011943114187897034,0.6270930227682292,TRACKING distance=0.629 heading_error=0.000 linear=0.346 angular=0.000 ,False
4.5,1,1.0,0.0,0.0,0.4304322402764471,-3.8896484982473684e-05,-0.00013870693262400444,0.5695677610516974,TRACKING distance=0.571 heading_error=0.000 linear=0.314 angular=0.000 ,False
4.5,1,1.0,0.0,0.0,0.4304322402764471,-3.8896484982473684e-05,-0.00013870693262400444,0.5695677610516974,TRACKING distance=0.571 heading_error=0.000 linear=0.314 angular=0.000 ,False
4.6000000000000005,1,1.0,0.0,0.0,0.44960484030467535,-4.040847748801381e-05,-0.00013737803296270116,0.5503951611786636,TRACKING distance=0.552 heading_error=0.000 linear=0.304 angular=0.000 ,False
4.6000000000000005,1,1.0,0.0,0.0,0.44960484030467535,-4.040847748801381e-05,-0.00013737803296270116,0.5503951611786636,TRACKING distance=0.552 heading_error=0.000 linear=0.304 angular=0.000 ,False
4.7,1,1.0,0.0,0.0,0.4687816741545066,-4.444253994955759e-05,-0.00014672463743134465,0.531218327704559,TRACKING distance=0.533 heading_error=0.000 linear=0.293 angular=0.000 ,False
4.7,1,1.0,0.0,0.0,0.4687816741545066,-4.444253994955759e-05,-0.00014672463743134465,0.531218327704559,TRACKING distance=0.533 heading_error=0.000 linear=0.293 angular=0.000 ,False
4.800000000000001,1,1.0,0.0,0.0,0.4860394733015212,-4.703014876745971e-05,-0.00014615610541966257,0.5139605288502344,TRACKING distance=0.514 heading_error=0.000 linear=0.283 angular=0.000 ,False
4.800000000000001,1,1.0,0.0,0.0,0.4860394733015212,-4.703014876745971e-05,-0.00014615610541966257,0.5139605288502344,TRACKING distance=0.514 heading_error=0.000 linear=0.283 angular=0.000 ,False
4.9,1,1.0,0.0,0.0,0.5071295554936751,-5.10477329131836e-05,-0.00013419626702656983,0.4928704471498908,TRACKING distance=0.495 heading_error=0.000 linear=0.272 angular=0.000 ,False
4.9,1,1.0,0.0,0.0,0.5071295554936751,-5.10477329131836e-05,-0.00013419626702656983,0.4928704471498908,TRACKING distance=0.495 heading_error=0.000 linear=0.272 angular=0.000 ,False
5.0,1,1.0,0.0,0.0,0.5263056328339071,-5.3171135762020694e-05,-0.00014467170955177253,0.4736943701502636,TRACKING distance=0.476 heading_error=0.000 linear=0.262 angular=0.000 ,False
5.0,1,1.0,0.0,0.0,0.5263056328339071,-5.3171135762020694e-05,-0.00014467170955177253,0.4736943701502636,TRACKING distance=0.476 heading_error=0.000 linear=0.262 angular=0.000 ,False
5.1000000000000005,1,1.0,0.0,0.0,0.5454812419574714,-5.448319165650313e-05,-0.00014099277897028684,0.45451876130798036,TRACKING distance=0.456 heading_error=0.000 linear=0.251 angular=0.000 ,False
5.1000000000000005,1,1.0,0.0,0.0,0.5454812419574714,-5.448319165650313e-05,-0.00014099277897028684,0.45451876130798036,TRACKING distance=0.456 heading_error=0.000 linear=0.251 angular=0.000 ,False
5.2,1,1.0,0.0,0.0,0.5646575661295569,-5.732059548374679e-05,-0.00013959647769296184,0.4353424376440825,TRACKING distance=0.437 heading_error=0.000 linear=0.240 angular=0.000 ,False
5.2,1,1.0,0.0,0.0,0.5646575661295569,-5.732059548374679e-05,-0.00013959647769296184,0.4353424376440825,TRACKING distance=0.437 heading_error=0.000 linear=0.240 angular=0.000 ,False
5.300000000000001,1,1.0,0.0,0.0,0.5819145484610931,-5.997288059457996e-05,-0.00013745775947723748,0.4180854558403557,TRACKING distance=0.418 heading_error=0.000 linear=0.230 angular=0.000 ,False
5.300000000000001,1,1.0,0.0,0.0,0.5838321461130789,-6.167445464406802e-05,-0.0001384338502200078,0.41616785845687804,TRACKING distance=0.418 heading_error=0.000 linear=0.230 angular=0.000 ,False
5.4,1,1.0,0.0,0.0,0.6030087158788853,-6.428773796560184e-05,-0.00013688239127135585,0.39699128932640937,TRACKING distance=0.399 heading_error=0.000 linear=0.219 angular=0.000 ,False
5.4,1,1.0,0.0,0.0,0.6030087158788853,-6.428773796560184e-05,-0.00013688239127135585,0.39699128932640937,TRACKING distance=0.399 heading_error=0.000 linear=0.219 angular=0.000 ,False
5.5,1,1.0,0.0,0.0,0.6202703793073632,-6.7319345874108e-05,-0.0001352321969002555,0.3797296266599015,TRACKING distance=0.380 heading_error=0.000 linear=0.209 angular=0.000 ,False
5.5,1,1.0,0.0,0.0,0.6221853212267834,-6.747853975815947e-05,-0.00013569828541383256,0.377814684799125,TRACKING distance=0.380 heading_error=0.000 linear=0.209 angular=0.000 ,False
5.6000000000000005,1,1.0,0.0,0.0,0.6394432420868693,-6.929078473092259e-05,-0.00012876817337488235,0.3605567645711848,TRACKING distance=0.361 heading_error=0.000 linear=0.198 angular=0.000 ,False
5.6000000000000005,1,1.0,0.0,0.0,0.6394432420868693,-6.929078473092259e-05,-0.00012876817337488235,0.3605567645711848,TRACKING distance=0.361 heading_error=0.000 linear=0.198 angular=0.000 ,False
5.7,1,1.0,0.0,0.0,0.6605359076017581,-7.281779281513592e-05,-0.00013526557337808405,0.3394641002082445,TRACKING distance=0.341 heading_error=0.000 linear=0.188 angular=0.000 ,False
5.7,1,1.0,0.0,0.0,0.6605359076017581,-7.281779281513592e-05,-0.00013526557337808405,0.3394641002082445,TRACKING distance=0.341 heading_error=0.000 linear=0.188 angular=0.000 ,False
5.800000000000001,1,1.0,0.0,0.0,0.6797121743434575,-7.592358406193387e-05,-0.0001347171383633503,0.3202878346553087,TRACKING distance=0.320 heading_error=0.000 linear=0.176 angular=0.000 ,False
5.800000000000001,1,1.0,0.0,0.0,0.6797121743434575,-7.592358406193387e-05,-0.0001347171383633503,0.3202878346553087,TRACKING distance=0.320 heading_error=0.000 linear=0.176 angular=0.000 ,False
5.9,1,1.0,0.0,0.0,0.6988870429850997,-7.805374314831518e-05,-0.00013582769580538617,0.30111296713134755,TRACKING distance=0.303 heading_error=0.000 linear=0.167 angular=0.000 ,False
5.9,1,1.0,0.0,0.0,0.6988870429850997,-7.805374314831518e-05,-0.00013582769580538617,0.30111296713134755,TRACKING distance=0.303 heading_error=0.000 linear=0.167 angular=0.000 ,False
6.0,1,1.0,0.0,0.0,0.7180600892497592,-8.212413073334756e-05,-0.00013480320581676968,0.2819399227108971,TRACKING distance=0.284 heading_error=0.000 linear=0.156 angular=0.001 ,False
6.0,1,1.0,0.0,0.0,0.7180600892497592,-8.212413073334756e-05,-0.00013480320581676968,0.2819399227108971,TRACKING distance=0.284 heading_error=0.000 linear=0.156 angular=0.001 ,False
6.1000000000000005,1,1.0,0.0,0.0,0.7372346056440413,-8.443765462516293e-05,-0.00013433986603409904,0.2627654079226564,TRACKING distance=0.265 heading_error=0.000 linear=0.146 angular=0.001 ,False
6.1000000000000005,1,1.0,0.0,0.0,0.7372346056440413,-8.443765462516293e-05,-0.00013433986603409904,0.2627654079226564,TRACKING distance=0.263 heading_error=0.000 linear=0.145 angular=0.001 ,False
6.2,1,1.0,0.0,0.0,0.754490046272873,-8.759530589877603e-05,-0.0001348786989349601,0.24550996935365715,ARRIVED distance=0.246 yaw_error=0.000,True
6.2,1,1.0,0.0,0.0,0.7564088911192808,-8.813753327851595e-05,-0.0001342569510138762,0.24359112482593281,ARRIVED distance=0.246 yaw_error=0.000,True
6.300000000000001,1,1.0,0.0,0.0,0.775580191552274,-9.035319219663482e-05,-0.00013480393597600023,0.22441982663618065,ARRIVED distance=0.226 yaw_error=0.000,True
6.300000000000001,1,1.0,0.0,0.0,0.775580191552274,-9.035319219663482e-05,-0.00013480393597600023,0.22441982663618065,ARRIVED distance=0.226 yaw_error=0.000,True
6.4,1,1.0,0.0,0.0,0.794754919921042,-9.157796792811953e-05,-0.0001321753117784952,0.20524510050946917,ARRIVED distance=0.207 yaw_error=0.000,True
6.4,1,1.0,0.0,0.0,0.794754919921042,-9.157796792811953e-05,-0.0001321753117784952,0.20524510050946917,ARRIVED distance=0.207 yaw_error=0.000,True
6.5,1,1.0,0.0,0.0,0.8061525376073659,-8.945025064908022e-05,-8.329911499668088e-05,0.19384748303088956,ARRIVED distance=0.194 yaw_error=0.000,True
6.5,1,1.0,0.0,0.0,0.8061525376073659,-8.945025064908022e-05,-8.329911499668088e-05,0.19384748303088956,ARRIVED distance=0.194 yaw_error=0.000,True
6.6000000000000005,1,1.0,0.0,0.0,0.8064646261530853,-9.029588241025775e-05,-3.1759426589032306e-05,0.19353539491114125,ARRIVED distance=0.194 yaw_error=0.000,True
6.6000000000000005,1,1.0,0.0,0.0,0.8064646261530853,-9.029588241025775e-05,-3.1759426589032306e-05,0.19353539491114125,ARRIVED distance=0.194 yaw_error=0.000,True
6.7,1,1.0,0.0,0.0,0.8064687391789565,-8.728957151141066e-05,-2.0065711248141304e-05,0.19353128050641344,ARRIVED distance=0.194 yaw_error=0.000,True
6.7,1,1.0,0.0,0.0,0.8064687391789565,-8.728957151141066e-05,-2.0065711248141304e-05,0.19353128050641344,ARRIVED distance=0.194 yaw_error=0.000,True
6.800000000000001,1,1.0,0.0,0.0,0.8064698944306543,-8.758096876610129e-05,-1.865896603384338e-05,0.1935301253864839,ARRIVED distance=0.194 yaw_error=0.000,True
6.800000000000001,1,2.0,0.0,0.0,0.8064700639321706,-8.756607590076649e-05,-1.854721757576809e-05,1.193529939280073,ARRIVED distance=0.194 yaw_error=0.000,True
6.800000000000001,1,2.0,0.0,0.0,0.8064700639321706,-8.756607590076649e-05,-1.854721757576809e-05,1.193529939280073,GOAL_RECEIVED frame=odom x=2.000 y=0.000,False
6.9,1,2.0,0.0,0.0,0.8064716461787234,-8.757841392031884e-05,-1.8494587973176562e-05,1.1935283570344297,TRACKING distance=1.194 heading_error=0.000 linear=0.350 angular=0.000 ,False
6.9,1,2.0,0.0,0.0,0.8064716461787234,-8.757841392031884e-05,-1.8494587973176562e-05,1.1935283570344297,TRACKING distance=1.194 heading_error=0.000 linear=0.350 angular=0.000 ,False
7.0,1,2.0,0.0,0.0,0.8064732317374967,-8.757984567460949e-05,-1.847387713943689e-05,1.1935267714757656,TRACKING distance=1.194 heading_error=0.000 linear=0.350 angular=0.000 ,False
7.0,1,2.0,0.0,0.0,0.8064732317374967,-8.757984567460949e-05,-1.847387713943689e-05,1.1935267714757656,TRACKING distance=1.194 heading_error=0.000 linear=0.350 angular=0.000 ,False
7.1000000000000005,1,2.0,0.0,0.0,0.8064747958543464,-8.758335384668473e-05,-1.8451137775590507e-05,1.1935252073591776,TRACKING distance=1.194 heading_error=0.000 linear=0.350 angular=0.000 ,False
7.1000000000000005,1,2.0,0.0,0.0,0.8064747958543464,-8.758335384668473e-05,-1.8451137775590507e-05,1.1935252073591776,TRACKING distance=1.194 heading_error=0.000 linear=0.350 angular=0.000 ,False
7.2,1,2.0,0.0,0.0,0.8121555600295293,-8.409301650804888e-05,-3.258550549384047e-05,1.1878444429471382,TRACKING distance=1.188 heading_error=0.000 linear=0.350 angular=0.000 ,False
7.2,1,2.0,0.0,0.0,0.8135788017530927,-8.385259471059405e-05,-3.303752753115812e-05,1.1864212012101287,TRACKING distance=1.188 heading_error=0.000 linear=0.350 angular=0.000 ,False
7.300000000000001,1,2.0,0.0,0.0,0.8322513451660263,-7.340781652631353e-05,-2.0485121439033713e-05,1.16774865714128,TRACKING distance=1.170 heading_error=0.000 linear=0.350 angular=0.000 ,False
7.300000000000001,1,2.0,0.0,0.0,0.8322513451660263,-7.340781652631353e-05,-2.0485121439033713e-05,1.16774865714128,TRACKING distance=1.170 heading_error=0.000 linear=0.350 angular=0.000 ,False
7.4,1,2.0,0.0,0.0,0.8514290248889063,-7.040944676399559e-05,-1.1324415682992144e-05,1.148570977269206,TRACKING distance=1.150 heading_error=0.000 linear=0.350 angular=0.000 ,False
7.4,1,2.0,0.0,0.0,0.8514290248889063,-7.040944676399559e-05,-1.1324415682992144e-05,1.148570977269206,TRACKING distance=1.150 heading_error=0.000 linear=0.350 angular=0.000 ,False
7.500000000000001,1,2.0,0.0,0.0,0.8686888363332532,-6.529011282872106e-05,3.6024574954059574e-06,1.1313111655507548,TRACKING distance=1.131 heading_error=0.000 linear=0.350 angular=0.000 ,False
7.500000000000001,1,2.0,0.0,0.0,0.8686888363332532,-6.529011282872106e-05,3.6024574954059574e-06,1.1313111655507548,TRACKING distance=1.131 heading_error=0.000 linear=0.350 angular=0.000 ,False
7.6000000000000005,1,2.0,0.0,0.0,0.8897871515301413,-6.316457640938528e-05,2.161023990632799e-05,1.1102128502667048,TRACKING distance=1.112 heading_error=0.000 linear=0.350 angular=0.000 ,False
7.6000000000000005,1,2.0,0.0,0.0,0.8897871515301413,-6.316457640938528e-05,2.161023990632799e-05,1.1102128502667048,TRACKING distance=1.110 heading_error=0.000 linear=0.350 angular=0.000 ,False
7.7,1,2.0,0.0,0.0,0.9089612593406349,-6.203585532401109e-05,3.248375564554163e-05,1.0910387424230272,TRACKING distance=1.093 heading_error=0.000 linear=0.350 angular=0.000 ,False
7.7,1,2.0,0.0,0.0,0.9089612593406349,-6.203585532401109e-05,3.248375564554163e-05,1.0910387424230272,TRACKING distance=1.093 heading_error=0.000 linear=0.350 angular=0.000 ,False
7.800000000000001,1,2.0,0.0,0.0,0.9281354679972358,-6.164230407645879e-05,3.852415592123605e-05,1.0718645337752708,TRACKING distance=1.074 heading_error=0.000 linear=0.350 angular=0.000 ,False
7.800000000000001,1,2.0,0.0,0.0,0.9281354679972358,-6.164230407645879e-05,3.852415592123605e-05,1.0718645337752708,TRACKING distance=1.074 heading_error=0.000 linear=0.350 angular=0.000 ,False
7.9,1,2.0,0.0,0.0,0.9453943072645956,-6.155853071321062e-05,4.572571877946716e-05,1.054605694532025,TRACKING distance=1.055 heading_error=0.000 linear=0.350 angular=0.000 ,False
7.9,1,2.0,0.0,0.0,0.9473094229273633,-6.0805062914281354e-05,4.570093261061608e-05,1.0526905788287346,TRACKING distance=1.055 heading_error=0.000 linear=0.350 angular=0.000 ,False
8.0,1,2.0,0.0,0.0,0.9664832673628652,-5.896573629424943e-05,4.782808988726026e-05,1.0335167343192353,TRACKING distance=1.035 heading_error=0.000 linear=0.350 angular=0.000 ,False
8.0,1,2.0,0.0,0.0,0.9664832673628652,-5.896573629424943e-05,4.782808988726026e-05,1.0335167343192353,TRACKING distance=1.034 heading_error=0.000 linear=0.350 angular=0.000 ,False
8.0,1,2.0,0.0,0.0,0.9837481055923059,-5.659226849888824e-05,4.805744749246573e-05,1.016251895983428,TRACKING distance=1.016 heading_error=0.000 linear=0.350 angular=0.000 ,False
8.0,1,2.0,0.0,0.0,0.9856639717362629,-5.701757527514168e-05,4.849263682149064e-05,1.0143360298662654,TRACKING distance=1.016 heading_error=0.000 linear=0.350 angular=0.000 ,False
8.200000000000001,1,2.0,0.0,0.0,1.0048441622952613,-5.322054398884944e-05,5.839897257241781e-05,0.9951558391278457,TRACKING distance=0.997 heading_error=-0.000 linear=0.350 angular=-0.000 ,False
8.200000000000001,1,2.0,0.0,0.0,1.0048441622952613,-5.322054398884944e-05,5.839897257241781e-05,0.9951558391278457,TRACKING distance=0.995 heading_error=-0.000 linear=0.350 angular=-0.000 ,False
8.3,1,2.0,0.0,0.0,1.0240198855464833,-4.67374593073331e-05,6.834508703615748e-05,0.9759801155725918,TRACKING distance=0.978 heading_error=-0.000 linear=0.350 angular=-0.000 ,False
8.3,1,2.0,0.0,0.0,1.0240198855464833,-4.67374593073331e-05,6.834508703615748e-05,0.9759801155725918,TRACKING distance=0.978 heading_error=-0.000 linear=0.350 angular=-0.000 ,False
8.4,1,2.0,0.0,0.0,1.0431963405508882,-4.5705632774833274e-05,6.472660944106787e-05,0.9568036605407699,TRACKING distance=0.959 heading_error=-0.000 linear=0.350 angular=-0.000 ,False
8.4,1,2.0,0.0,0.0,1.0431963405508882,-4.5705632774833274e-05,6.472660944106787e-05,0.9568036605407699,TRACKING distance=0.959 heading_error=-0.000 linear=0.350 angular=-0.000 ,False
8.5,1,2.0,0.0,0.0,1.060458150370291,-3.914344055121701e-05,7.631725701315703e-05,0.9395418504451112,TRACKING distance=0.940 heading_error=-0.000 linear=0.350 angular=-0.000 ,False
8.5,1,2.0,0.0,0.0,1.0623759427283503,-3.896871639026999e-05,7.801385287171933e-05,0.9376240580814417,TRACKING distance=0.940 heading_error=-0.000 linear=0.350 angular=-0.000 ,False
8.600000000000001,1,2.0,0.0,0.0,1.0815536273286028,-2.728371803267678e-05,8.57642268204209e-05,0.9184463730766474,TRACKING distance=0.920 heading_error=-0.000 linear=0.350 angular=-0.000 ,False
8.600000000000001,1,2.0,0.0,0.0,1.0815536273286028,-2.728371803267678e-05,8.57642268204209e-05,0.9184463730766474,TRACKING distance=0.920 heading_error=-0.000 linear=0.350 angular=-0.000 ,False
8.700000000000001,1,2.0,0.0,0.0,1.0988127782239132,-2.4418078347673254e-05,9.407305017519445e-05,0.9011872221068963,TRACKING distance=0.901 heading_error=-0.000 linear=0.350 angular=-0.000 ,False
8.700000000000001,1,2.0,0.0,0.0,1.1007317198046906,-2.3691318036861187e-05,9.500207785430193e-05,0.8992682805073845,TRACKING distance=0.901 heading_error=-0.000 linear=0.350 angular=-0.000 ,False
8.8,1,2.0,0.0,0.0,1.1199071643565228,-2.074696193456717e-05,0.00010498487394014963,0.8800928358880176,TRACKING distance=0.882 heading_error=-0.000 linear=0.350 angular=-0.000 ,False
8.8,1,2.0,0.0,0.0,1.1199071643565228,-2.074696193456717e-05,0.00010498487394014963,0.8800928358880176,TRACKING distance=0.882 heading_error=-0.000 linear=0.350 angular=-0.000 ,False
8.9,1,2.0,0.0,0.0,1.1390833528061428,-1.7955544879382387e-05,9.474836192053392e-05,0.8609166473811004,TRACKING distance=0.863 heading_error=-0.000 linear=0.350 angular=-0.000 ,False
8.9,1,2.0,0.0,0.0,1.1390833528061428,-1.7955544879382387e-05,9.474836192053392e-05,0.8609166473811004,TRACKING distance=0.863 heading_error=-0.000 linear=0.350 angular=-0.000 ,False
9.0,1,2.0,0.0,0.0,1.1563394398114406,-1.5975198145193797e-05,8.286265607332222e-05,0.8436605603398092,TRACKING distance=0.844 heading_error=-0.000 linear=0.350 angular=-0.000 ,False
9.0,1,2.0,0.0,0.0,1.158256046023575,-1.7056918804773635e-05,8.339814307560727e-05,0.841743954149244,TRACKING distance=0.844 heading_error=-0.000 linear=0.350 angular=-0.000 ,False
9.100000000000001,1,2.0,0.0,0.0,1.1774326346214905,-1.4601373430296842e-05,8.157835189455401e-05,0.8225673655081038,TRACKING distance=0.824 heading_error=-0.000 linear=0.350 angular=-0.000 ,False
9.100000000000001,1,2.0,0.0,0.0,1.1774326346214905,-1.4601373430296842e-05,8.157835189455401e-05,0.8225673655081038,TRACKING distance=0.824 heading_error=-0.000 linear=0.350 angular=-0.000 ,False
9.100000000000001,1,2.0942310110064546,-0.28947483376319966,-0.31070602511235007,1.1927782147761021,-1.2795651711003623e-05,7.912110740796752e-05,0.9467868901390525,OBJECT_GOAL_PUBLISHED,
9.200000000000001,1,2.0942310110064546,-0.28947483376319966,-0.31070602511235007,1.1966144055345755,-9.67294878481515e-06,7.676956782428284e-05,0.9431360717013076,TRACKING distance=0.805 heading_error=-0.000 linear=0.350 angular=-0.000 ,False
9.200000000000001,1,2.0942310110064546,-0.28947483376319966,-0.31070602511235007,1.1966144055345755,-9.67294878481515e-06,7.676956782428284e-05,0.9431360717013076,TRACKING distance=0.805 heading_error=-0.000 linear=0.350 angular=-0.000 ,False
9.200000000000001,1,2.0942310110064546,-0.28947483376319966,-0.31070602511235007,1.1966144055345755,-9.67294878481515e-06,7.676956782428284e-05,0.9431360717013076,GOAL_RECEIVED frame=odom x=2.094 y=-0.289,False
9.3,1,2.0942310110064546,-0.28947483376319966,-0.31070602511235007,1.2157991424489307,-7.132035012061408e-06,7.820028036479505e-05,0.9248968039955927,TRACKING distance=0.927 heading_error=-0.318 linear=0.350 angular=-0.381 ,False
9.3,1,2.0942310110064546,-0.28947483376319966,-0.31070602511235007,1.2157991424489307,-7.132035012061408e-06,7.820028036479505e-05,0.9248968039955927,TRACKING distance=0.925 heading_error=-0.318 linear=0.350 angular=-0.382 ,False
9.4,1,2.0942310110064546,-0.28947483376319966,-0.31070602511235007,1.2330608833462544,-7.1803601745851275e-06,6.162666381120392e-05,0.9085183053416916,TRACKING distance=0.909 heading_error=-0.324 linear=0.350 angular=-0.389 ,False
9.4,1,2.0942310110064546,-0.28947483376319966,-0.31070602511235007,1.2330608833462544,-7.1803601745851275e-06,6.162666381120392e-05,0.9085183053416916,TRACKING distance=0.909 heading_error=-0.324 linear=0.350 angular=-0.389 ,False
9.5,1,2.0942310110064546,-0.28947483376319966,-0.31070602511235007,1.254413899160014,1.1480029729087422e-05,-0.005038729992856316,0.8883102539223078,TRACKING distance=0.890 heading_error=-0.327 linear=0.350 angular=-0.392 ,False
9.5,1,2.0942310110064546,-0.28947483376319966,-0.31070602511235007,1.254413899160014,1.1480029729087422e-05,-0.005038729992856316,0.8883102539223078,TRACKING distance=0.890 heading_error=-0.327 linear=0.350 angular=-0.392 ,False
9.600000000000001,1,2.0942310110064546,-0.28947483376319966,-0.31070602511235007,1.2735965025215483,-0.00036434967409295754,-0.018856417875919212,0.8700723352265036,TRACKING distance=0.872 heading_error=-0.321 linear=0.350 angular=-0.385 ,False
9.600000000000001,1,2.0942310110064546,-0.28947483376319966,-0.31070602511235007,1.2735965025215483,-0.00036434967409295754,-0.018856417875919212,0.8700723352265036,TRACKING distance=0.872 heading_error=-0.321 linear=0.350 angular=-0.385 ,False
9.700000000000001,1,2.0942310110064546,-0.28947483376319966,-0.31070602511235007,1.293218886116954,-0.0013299496986926638,-0.042077820798093586,0.8512625320267192,TRACKING distance=0.853 heading_error=-0.305 linear=0.350 angular=-0.366 ,False
9.700000000000001,1,2.0942310110064546,-0.28947483376319966,-0.31070602511235007,1.293218886116954,-0.0013299496986926638,-0.042077820798093586,0.8512625320267192,TRACKING distance=0.853 heading_error=-0.305 linear=0.350 angular=-0.366 ,False
9.8,1,2.0942310110064546,-0.28947483376319966,-0.31070602511235007,1.3128852453078073,-0.0020719170393893728,-0.06819324382797867,0.8325272620860886,TRACKING distance=0.835 heading_error=-0.287 linear=0.350 angular=-0.344 ,False
9.8,1,2.0942310110064546,-0.28947483376319966,-0.31070602511235007,1.3128852453078073,-0.0020719170393893728,-0.06819324382797867,0.8325272620860886,TRACKING distance=0.835 heading_error=-0.287 linear=0.350 angular=-0.344 ,False
9.9,1,2.0942310110064546,-0.28947483376319966,-0.31070602511235007,1.3321724938589736,-0.003661397823388639,-0.09768550029878194,0.8138934228268084,TRACKING distance=0.814 heading_error=-0.261 linear=0.350 angular=-0.313 ,False
9.9,1,2.0942310110064546,-0.28947483376319966,-0.31070602511235007,1.3321724938589736,-0.003661397823388639,-0.09768550029878194,0.8138934228268084,TRACKING distance=0.814 heading_error=-0.261 linear=0.350 angular=-0.313 ,False
10.0,1,2.0942310110064546,-0.28947483376319966,-0.31070602511235007,1.3496608226269062,-0.0055644712156495205,-0.126149550965343,0.7968625097125837,TRACKING distance=0.797 heading_error=-0.238 linear=0.350 angular=-0.286 ,False
10.0,1,2.0942310110064546,-0.28947483376319966,-0.31070602511235007,1.3517216902631501,-0.006094012861557502,-0.1293925210142766,0.7947482501053852,TRACKING distance=0.797 heading_error=-0.238 linear=0.350 angular=-0.286 ,False
10.100000000000001,1,2.0942310110064546,-0.28947483376319966,-0.31070602511235007,1.3691962606729378,-0.008509912414666277,-0.15833807968873778,0.7775710104032767,TRACKING distance=0.778 heading_error=-0.211 linear=0.350 angular=-0.254 ,False
10.100000000000001,1,2.0942310110064546,-0.28947483376319966,-0.31070602511235007,1.3708810067433186,-0.00894941369314661,-0.16150752640123897,0.7758413110765362,TRACKING distance=0.778 heading_error=-0.211 linear=0.350 angular=-0.254 ,False
10.200000000000001,1,2.0942310110064546,-0.28947483376319966,-0.31070602511235007,1.3881142977377237,-0.011896334559727228,-0.188396763701964,0.7587164397701471,TRACKING distance=0.759 heading_error=-0.186 linear=0.350 angular=-0.223 ,False
10.200000000000001,1,2.0942310110064546,-0.28947483376319966,-0.31070602511235007,1.3899158851692284,-0.011979175795794389,-0.19120001158385383,0.7570096674903637,TRACKING distance=0.759 heading_error=-0.186 linear=0.350 angular=-0.223 ,False
10.3,1,2.0942310110064546,-0.28947483376319966,-0.31070602511235007,1.4092542315955845,-0.015889110406973814,-0.21866395839349162,0.7375922561662623,TRACKING distance=0.740 heading_error=-0.163 linear=0.350 angular=-0.196 ,False
10.3,1,2.0942310110064546,-0.28947483376319966,-0.31070602511235007,1.4092542315955845,-0.015889110406973814,-0.21866395839349162,0.7375922561662623,TRACKING distance=0.740 heading_error=-0.163 linear=0.350 angular=-0.196 ,False
10.4,1,2.0942310110064546,-0.28947483376319966,-0.31070602511235007,1.4284215807360672,-0.020979522348111918,-0.24338460664398254,0.7179080231400558,TRACKING distance=0.720 heading_error=-0.142 linear=0.350 angular=-0.171 ,False
10.4,1,2.0942310110064546,-0.28947483376319966,-0.31070602511235007,1.4284215807360672,-0.020979522348111918,-0.24338460664398254,0.7179080231400558,TRACKING distance=0.720 heading_error=-0.142 linear=0.350 angular=-0.171 ,False
10.5,1,2.0942310110064546,-0.28947483376319966,-0.31070602511235007,1.445317646440486,-0.02508738869078504,-0.26351079819148887,0.7007062692913806,TRACKING distance=0.701 heading_error=-0.123 linear=0.350 angular=-0.148 ,False
10.5,1,2.0942310110064546,-0.28947483376319966,-0.31070602511235007,1.4471156791531548,-0.025367380525366506,-0.2657963783620755,0.6989356190489798,TRACKING distance=0.701 heading_error=-0.123 linear=0.350 angular=-0.148 ,False
10.600000000000001,1,2.0942310110064546,-0.28947483376319966,-0.31070602511235007,1.4658038055104443,-0.030906767689645336,-0.2871482404495842,0.6795426383977261,TRACKING distance=0.681 heading_error=-0.105 linear=0.350 angular=-0.126 ,False
10.600000000000001,1,2.0942310110064546,-0.28947483376319966,-0.31070602511235007,1.4658038055104443,-0.030906767689645336,-0.2871482404495842,0.6795426383977261,TRACKING distance=0.681 heading_error=-0.105 linear=0.350 angular=-0.126 ,False
10.700000000000001,1,2.0942310110064546,-0.28947483376319966,-0.31070602511235007,1.4841818350242086,-0.03734296482438933,-0.308407408118731,0.6600988383955805,TRACKING distance=0.662 heading_error=-0.085 linear=0.350 angular=-0.102 ,False
10.700000000000001,1,2.0942310110064546,-0.28947483376319966,-0.31070602511235007,1.4841818350242086,-0.03734296482438933,-0.308407408118731,0.6600988383955805,TRACKING distance=0.660 heading_error=-0.084 linear=0.350 angular=-0.100 ,False
10.8,1,2.0942310110064546,-0.28947483376319966,-0.31070602511235007,1.5027660523726063,-0.043077460508049316,-0.3248099151971017,0.6407358760353424,TRACKING distance=0.643 heading_error=-0.071 linear=0.350 angular=-0.086 ,False
10.8,1,2.0942310110064546,-0.28947483376319966,-0.31070602511235007,1.5027660523726063,-0.043077460508049316,-0.3248099151971017,0.6407358760353424,TRACKING distance=0.643 heading_error=-0.071 linear=0.350 angular=-0.086 ,False
10.9,1,2.0942310110064546,-0.28947483376319966,-0.31070602511235007,1.521071607149015,-0.04923972562422906,-0.33797679585993656,0.6214697172129616,TRACKING distance=0.623 heading_error=-0.060 linear=0.343 angular=-0.072 ,False
10.9,1,2.0942310110064546,-0.28947483376319966,-0.31070602511235007,1.521071607149015,-0.04923972562422906,-0.33797679585993656,0.6214697172129616,TRACKING distance=0.623 heading_error=-0.060 linear=0.343 angular=-0.072 ,False
11.0,1,2.0942310110064546,-0.28947483376319966,-0.31070602511235007,1.5393126174843519,-0.05570667610553765,-0.34718736255801785,0.602147801626651,TRACKING distance=0.604 heading_error=-0.052 linear=0.332 angular=-0.062 ,False
11.0,1,2.0942310110064546,-0.28947483376319966,-0.31070602511235007,1.5393126174843519,-0.05570667610553765,-0.34718736255801785,0.602147801626651,TRACKING distance=0.604 heading_error=-0.052 linear=0.332 angular=-0.062 ,False
11.100000000000001,1,2.0942310110064546,-0.28947483376319966,-0.31070602511235007,1.5555037193610628,-0.06166908263774958,-0.3541421797045366,0.5849124336252475,TRACKING distance=0.585 heading_error=-0.046 linear=0.322 angular=-0.055 ,False
11.100000000000001,1,2.0942310110064546,-0.28947483376319966,-0.31070602511235007,1.5572366712969337,-0.062351491766478966,-0.3547706513415256,0.583050540999512,TRACKING distance=0.585 heading_error=-0.046 linear=0.322 angular=-0.055 ,False
11.200000000000001,1,2.0942310110064546,-0.28947483376319966,-0.31070602511235007,1.575347712109422,-0.06901703485870266,-0.35913015496140444,0.5637743511122895,TRACKING distance=0.564 heading_error=-0.043 linear=0.310 angular=-0.051 ,False
11.200000000000001,1,2.0942310110064546,-0.28947483376319966,-0.31070602511235007,1.575347712109422,-0.06901703485870266,-0.35913015496140444,0.5637743511122895,TRACKING distance=0.564 heading_error=-0.043 linear=0.310 angular=-0.051 ,False
11.3,1,2.0942310110064546,-0.28947483376319966,-0.31070602511235007,1.5915627908191414,-0.07505952861688572,-0.362511112361274,0.5464881175901889,TRACKING distance=0.546 heading_error=-0.041 linear=0.301 angular=-0.049 ,False
11.3,1,2.0942310110064546,-0.28947483376319966,-0.31070602511235007,1.5933591389438893,-0.0757372489087612,-0.36312046762561057,0.5445699104824532,TRACKING distance=0.546 heading_error=-0.041 linear=0.301 angular=-0.049 ,False
11.4,1,2.0942310110064546,-0.28947483376319966,-0.31070602511235007,1.6113188738410178,-0.08260695324392876,-0.36895265372998926,0.5253555483786433,TRACKING distance=0.527 heading_error=-0.036 linear=0.290 angular=-0.043 ,False
11.4,1,2.0942310110064546,-0.28947483376319966,-0.31070602511235007,1.6113188738410178,-0.08260695324392876,-0.36895265372998926,0.5253555483786433,TRACKING distance=0.527 heading_error=-0.036 linear=0.290 angular=-0.043 ,False
11.5,1,2.0942310110064546,-0.28947483376319966,-0.31070602511235007,1.6292204792946061,-0.08955722173625108,-0.37334705660908596,0.5061638531162548,TRACKING distance=0.508 heading_error=-0.033 linear=0.279 angular=-0.039 ,False
11.5,1,2.0942310110064546,-0.28947483376319966,-0.31070602511235007,1.6292204792946061,-0.08955722173625108,-0.37334705660908596,0.5061638531162548,TRACKING distance=0.506 heading_error=-0.033 linear=0.278 angular=-0.039 ,False
11.600000000000001,1,2.0942310110064546,-0.28947483376319966,-0.31070602511235007,1.6453753044971937,-0.09594798649474517,-0.37611725642481963,0.48879861485032405,TRACKING distance=0.489 heading_error=-0.031 linear=0.269 angular=-0.037 ,False
11.600000000000001,1,2.0942310110064546,-0.28947483376319966,-0.31070602511235007,1.6471271651752524,-0.09661434726438844,-0.3763601412670407,0.4869260890624054,TRACKING distance=0.489 heading_error=-0.031 linear=0.269 angular=-0.037 ,False
11.700000000000001,1,2.0942310110064546,-0.28947483376319966,-0.31070602511235007,1.6650100010731517,-0.10368059932214899,-0.3787650589014401,0.4677073582056419,TRACKING distance=0.470 heading_error=-0.030 linear=0.258 angular=-0.036 ,False
11.700000000000001,1,2.0942310110064546,-0.28947483376319966,-0.31070602511235007,1.6650100010731517,-0.10368059932214899,-0.3787650589014401,0.4677073582056419,TRACKING distance=0.470 heading_error=-0.030 linear=0.258 angular=-0.036 ,False
11.8,1,2.0942310110064546,-0.28947483376319966,-0.31070602511235007,1.682884102440602,-0.11078127281749194,-0.3814517544408063,0.4484837431949359,TRACKING distance=0.450 heading_error=-0.029 linear=0.248 angular=-0.034 ,False
11.8,1,2.0942310110064546,-0.28947483376319966,-0.31070602511235007,1.682884102440602,-0.11078127281749194,-0.3814517544408063,0.4484837431949359,TRACKING distance=0.448 heading_error=-0.028 linear=0.247 angular=-0.034 ,False
11.9,1,2.0942310110064546,-0.28947483376319966,-0.31070602511235007,1.700727568438599,-0.1179348076235226,-0.3849491989010831,0.4292679115433097,TRACKING distance=0.431 heading_error=-0.026 linear=0.237 angular=-0.032 ,False
11.9,1,2.0942310110064546,-0.28947483376319966,-0.31070602511235007,1.700727568438599,-0.1179348076235226,-0.3849491989010831,0.4292679115433097,TRACKING distance=0.431 heading_error=-0.026 linear=0.237 angular=-0.032 ,False
12.0,1,2.0942310110064546,-0.28947483376319966,-0.31070602511235007,1.7185031681221699,-0.1252374326660214,-0.3885891433576679,0.4100552838796656,TRACKING distance=0.412 heading_error=-0.024 linear=0.227 angular=-0.029 ,False
12.0,1,2.0942310110064546,-0.28947483376319966,-0.31070602511235007,1.7185031681221699,-0.1252374326660214,-0.3885891433576679,0.4100552838796656,TRACKING distance=0.412 heading_error=-0.024 linear=0.227 angular=-0.029 ,False
12.100000000000001,1,2.0942310110064546,-0.28947483376319966,-0.31070602511235007,1.7345393935674538,-0.13177632455245342,-0.3912902871615377,0.3927427650042408,TRACKING distance=0.393 heading_error=-0.022 linear=0.216 angular=-0.026 ,False
12.100000000000001,1,2.0942310110064546,-0.28947483376319966,-0.31070602511235007,1.7363181503556537,-0.1324878726274174,-0.39152881353369995,0.39082799514094074,TRACKING distance=0.393 heading_error=-0.022 linear=0.216 angular=-0.026 ,False
12.200000000000001,1,2.0942310110064546,-0.28947483376319966,-0.31070602511235007,1.7540417568813294,-0.13982633271453004,-0.3934500234843276,0.37164956947146155,TRACKING distance=0.374 heading_error=-0.021 linear=0.205 angular=-0.025 ,False
12.200000000000001,1,2.0942310110064546,-0.28947483376319966,-0.31070602511235007,1.7540417568813294,-0.13982633271453004,-0.3934500234843276,0.37164956947146155,TRACKING distance=0.374 heading_error=-0.021 linear=0.205 angular=-0.025 ,False
12.3,1,2.0942310110064546,-0.28947483376319966,-0.31070602511235007,1.7717928720671827,-0.14719046427072072,-0.3943900799969151,0.3524360867511916,TRACKING distance=0.352 heading_error=-0.021 linear=0.194 angular=-0.025 ,False
12.3,1,2.0942310110064546,-0.28947483376319966,-0.31070602511235007,1.7717928720671827,-0.14719046427072072,-0.3943900799969151,0.3524360867511916,TRACKING distance=0.352 heading_error=-0.021 linear=0.194 angular=-0.025 ,False
12.4,1,2.0942310110064546,-0.28947483376319966,-0.31070602511235007,1.7877367921911693,-0.15380798963848621,-0.39529746691619705,0.335177861383999,TRACKING distance=0.335 heading_error=-0.021 linear=0.184 angular=-0.026 ,False
12.4,1,2.0942310110064546,-0.28947483376319966,-0.31070602511235007,1.7895029757174237,-0.15454682488875796,-0.39541368445161185,0.3332637740138197,TRACKING distance=0.335 heading_error=-0.021 linear=0.184 angular=-0.026 ,False
12.5,1,2.0942310110064546,-0.28947483376319966,-0.31070602511235007,1.80725267770773,-0.16195269821032499,-0.39655253744888047,0.3140357604459715,TRACKING distance=0.316 heading_error=-0.022 linear=0.174 angular=-0.026 ,False
12.5,1,2.0942310110064546,-0.28947483376319966,-0.31070602511235007,1.80725267770773,-0.16195269821032499,-0.39655253744888047,0.3140357604459715,TRACKING distance=0.314 heading_error=-0.022 linear=0.173 angular=-0.026 ,False
12.600000000000001,1,2.0942310110064546,-0.28947483376319966,-0.31070602511235007,1.824967649412567,-0.16936423588732144,-0.3979458049292837,0.2948377750881687,TRACKING distance=0.297 heading_error=-0.022 linear=0.163 angular=-0.026 ,False
12.600000000000001,1,2.0942310110064546,-0.28947483376319966,-0.31070602511235007,1.824967649412567,-0.16936423588732144,-0.3979458049292837,0.2948377750881687,TRACKING distance=0.297 heading_error=-0.022 linear=0.163 angular=-0.026 ,False
12.700000000000001,1,2.0942310110064546,-0.28947483376319966,-0.31070602511235007,1.8426728288883119,-0.17681573324247793,-0.4004211274835865,0.2756330747945949,TRACKING distance=0.278 heading_error=-0.021 linear=0.153 angular=-0.025 ,False
12.700000000000001,1,2.0942310110064546,-0.28947483376319966,-0.31070602511235007,1.8426728288883119,-0.17681573324247793,-0.4004211274835865,0.2756330747945949,TRACKING distance=0.278 heading_error=-0.021 linear=0.153 angular=-0.025 ,False
12.8,1,2.0942310110064546,-0.28947483376319966,-0.31070602511235007,1.860341480621501,-0.18429885573367433,-0.40264647216736743,0.25644940783351655,TRACKING distance=0.258 heading_error=-0.020 linear=0.142 angular=-0.024 ,False
12.8,1,2.0942310110064546,-0.28947483376319966,-0.31070602511235007,1.860341480621501,-0.18429885573367433,-0.40264647216736743,0.25644940783351655,TRACKING distance=0.256 heading_error=-0.020 linear=0.141 angular=-0.024 ,False
12.9,1,2.0942310110064546,-0.28947483376319966,-0.31070602511235007,1.8780189808813719,-0.19182780839424618,-0.40580834172936875,0.23723950668936808,ARRIVED distance=0.239 yaw_error=0.095,True
12.9,1,2.0942310110064546,-0.28947483376319966,-0.31070602511235007,1.8780189808813719,-0.19182780839424618,-0.40580834172936875,0.23723950668936808,ARRIVED distance=0.239 yaw_error=0.095,True
13.0,1,2.0942310110064546,-0.28947483376319966,-0.31070602511235007,1.8939290797745103,-0.19863353941496922,-0.40835335955756197,0.219938637838167,ARRIVED distance=0.220 yaw_error=0.098,True
13.0,1,2.0942310110064546,-0.28947483376319966,-0.31070602511235007,1.8956755416375546,-0.19940851296724685,-0.4086240992719469,0.21802801782803896,ARRIVED distance=0.220 yaw_error=0.098,True
13.100000000000001,1,2.0942310110064546,-0.28947483376319966,-0.31070602511235007,1.9115541343541511,-0.2062639945301051,-0.4107959249547819,0.2007358588526644,ARRIVED distance=0.201 yaw_error=0.100,True
13.100000000000001,1,2.0942310110064546,-0.28947483376319966,-0.31070602511235007,1.913307462600586,-0.2070486185097222,-0.4110222946403926,0.19881501786530942,ARRIVED distance=0.201 yaw_error=0.100,True
13.200000000000001,1,2.0942310110064546,-0.28947483376319966,-0.31070602511235007,1.9232822097531233,-0.21138196261864128,-0.41900738734768,0.18794145145111435,ARRIVED distance=0.188 yaw_error=0.107,True
13.200000000000001,1,2.0942310110064546,-0.28947483376319966,-0.31070602511235007,1.9232822097531233,-0.21138196261864128,-0.41900738734768,0.18794145145111435,ARRIVED distance=0.188 yaw_error=0.107,True
13.3,1,2.0942310110064546,-0.28947483376319966,-0.31070602511235007,1.9240351672926006,-0.21224057943801083,-0.42572468711872624,0.18690038859948516,ARRIVED distance=0.187 yaw_error=0.115,True
13.3,1,2.0942310110064546,-0.28947483376319966,-0.31070602511235007,1.9240351672926006,-0.21224057943801083,-0.42572468711872624,0.18690038859948516,ARRIVED distance=0.187 yaw_error=0.115,True
13.4,1,2.0942310110064546,-0.28947483376319966,-0.31070602511235007,1.9240372625096138,-0.2122317517099568,-0.42526427236915765,0.18690212880673643,ARRIVED distance=0.187 yaw_error=0.115,True
13.4,1,2.0942310110064546,-0.28947483376319966,-0.31070602511235007,1.9240361158901917,-0.21223121777153867,-0.42526340960777514,0.1869033935890488,ARRIVED distance=0.187 yaw_error=0.115,True
13.5,1,2.0942310110064546,-0.28947483376319966,-0.31070602511235007,1.924029063683571,-0.21222960937016605,-0.4252666189754191,0.1869104800807909,ARRIVED distance=0.187 yaw_error=0.115,True
13.5,1,2.0942310110064546,-0.28947483376319966,-0.31070602511235007,1.924029063683571,-0.21222960937016605,-0.4252666189754191,0.1869104800807909,ARRIVED distance=0.187 yaw_error=0.115,True
13.600000000000001,1,2.0942310110064546,-0.28947483376319966,-0.31070602511235007,1.9238228803332427,-0.21235440747718795,-0.41788473574190543,0.1870467619342143,ARRIVED distance=0.187 yaw_error=0.109,True
13.600000000000001,1,2.0942310110064546,-0.28947483376319966,-0.31070602511235007,1.9238228803332427,-0.21235440747718795,-0.41788473574190543,0.1870467619342143,ARRIVED distance=0.187 yaw_error=0.109,True
13.700000000000001,1,2.0942310110064546,-0.28947483376319966,-0.31070602511235007,1.9242225711928698,-0.21170445508738714,-0.3960339912265144,0.1869521366746809,ARRIVED distance=0.187 yaw_error=0.088,True
13.700000000000001,1,2.0942310110064546,-0.28947483376319966,-0.31070602511235007,1.9242225711928698,-0.21170445508738714,-0.3960339912265144,0.1869521366746809,ARRIVED distance=0.187 yaw_error=0.088,True
13.8,1,2.0942310110064546,-0.28947483376319966,-0.31070602511235007,1.92458690942309,-0.21097085345928274,-0.37696352756635065,0.186927783182663,ARRIVED distance=0.187 yaw_error=0.068,True
13.8,1,2.0942310110064546,-0.28947483376319966,-0.31070602511235007,1.92458690942309,-0.21097085345928274,-0.37696352756635065,0.186927783182663,ARRIVED distance=0.187 yaw_error=0.068,True
13.9,1,2.0942310110064546,-0.28947483376319966,-0.31070602511235007,1.9242775945161807,-0.21034477346042277,-0.35424546448603345,0.18747194515510204,ARRIVED distance=0.187 yaw_error=0.046,True
13.9,1,2.0942310110064546,-0.28947483376319966,-0.31070602511235007,1.9242775945161807,-0.21034477346042277,-0.35424546448603345,0.18747194515510204,ARRIVED distance=0.187 yaw_error=0.046,True
14.0,1,2.0942310110064546,-0.28947483376319966,-0.31070602511235007,1.9242694896698536,-0.2103998794771233,-0.32832564261778474,0.18745604052789805,ARRIVED distance=0.187 yaw_error=0.020,True
14.0,1,2.0942310110064546,-0.28947483376319966,-0.31070602511235007,1.9242694896698536,-0.2103998794771233,-0.32832564261778474,0.18745604052789805,ARRIVED distance=0.187 yaw_error=0.020,True
14.100000000000001,1,2.0942310110064546,-0.28947483376319966,-0.31070602511235007,1.9242204598113473,-0.21042441591876987,-0.30676295023232786,0.18749014928535088,ARRIVED distance=0.187 yaw_error=-0.004,True
14.100000000000001,1,2.0942310110064546,-0.28947483376319966,-0.31070602511235007,1.9245225837346445,-0.20997434147701852,-0.30453890418546814,0.18740671962556843,ARRIVED distance=0.187 yaw_error=-0.004,True
14.200000000000001,1,2.0942310110064546,-0.28947483376319966,-0.31070602511235007,1.9248625370376227,-0.20968932940992496,-0.27735928522432823,0.18722020905724177,ARRIVED distance=0.187 yaw_error=-0.033,True
14.200000000000001,1,2.0942310110064546,-0.28947483376319966,-0.31070602511235007,1.9248625370376227,-0.20968932940992496,-0.27735928522432823,0.18722020905724177,ARRIVED distance=0.187 yaw_error=-0.033,True
14.3,1,2.0942310110064546,-0.28947483376319966,-0.31070602511235007,1.9245874616771028,-0.21016415450810036,-0.2534129801372963,0.18726750298160502,ARRIVED distance=0.187 yaw_error=-0.057,True
14.3,1,2.0942310110064546,-0.28947483376319966,-0.31070602511235007,1.9245874616771028,-0.21016415450810036,-0.2534129801372963,0.18726750298160502,ARRIVED distance=0.187 yaw_error=-0.057,True
14.4,1,2.0942310110064546,-0.28947483376319966,-0.31070602511235007,1.924161193349563,-0.210038881303791,-0.22755869195708425,0.18770672183217565,ARRIVED distance=0.188 yaw_error=-0.081,True
14.4,1,2.0942310110064546,-0.28947483376319966,-0.31070602511235007,1.924161193349563,-0.210038881303791,-0.22755869195708425,0.18770672183217565,ARRIVED distance=0.188 yaw_error=-0.081,True
14.500000000000002,1,2.0942310110064546,-0.28947483376319966,-0.31070602511235007,1.924078462060608,-0.21081530218437425,-0.20796427600501435,0.18745455934964336,ARRIVED distance=0.188 yaw_error=-0.101,True
14.500000000000002,1,2.0942310110064546,-0.28947483376319966,-0.31070602511235007,1.924078462060608,-0.21081530218437425,-0.20796427600501435,0.18745455934964336,ARRIVED distance=0.188 yaw_error=-0.101,True
14.600000000000001,1,2.0942310110064546,-0.28947483376319966,-0.31070602511235007,1.9237348461916013,-0.21098445309725608,-0.18768211669001464,0.18769571671633412,ARRIVED distance=0.188 yaw_error=-0.121,True
14.600000000000001,1,2.0942310110064546,-0.28947483376319966,-0.31070602511235007,1.9237348461916013,-0.21098445309725608,-0.18768211669001464,0.18769571671633412,ARRIVED distance=0.188 yaw_error=-0.121,True
14.700000000000001,1,2.0942310110064546,-0.28947483376319966,-0.31070602511235007,1.9236816587680103,-0.21046824512897677,-0.16788881976040593,0.18796042827300177,ARRIVED distance=0.188 yaw_error=-0.141,True
14.700000000000001,1,2.0942310110064546,-0.28947483376319966,-0.31070602511235007,1.9236816587680103,-0.21046824512897677,-0.16788881976040593,0.18796042827300177,ARRIVED distance=0.188 yaw_error=-0.141,True
14.8,1,2.0942310110064546,-0.28947483376319966,-0.31070602511235007,1.9231447415535796,-0.21082034160039398,-0.15098497466608646,0.1883004002456994,ARRIVED distance=0.188 yaw_error=-0.158,True
14.8,1,2.0942310110064546,-0.28947483376319966,-0.31070602511235007,1.9231447415535796,-0.21082034160039398,-0.15098497466608646,0.1883004002456994,ARRIVED distance=0.188 yaw_error=-0.158,True
14.9,1,2.0942310110064546,-0.28947483376319966,-0.31070602511235007,1.923124784793129,-0.21052031108247982,-0.1371640104755819,0.18844404288994135,ARRIVED distance=0.188 yaw_error=-0.174,True
14.9,1,2.0942310110064546,-0.28947483376319966,-0.31070602511235007,1.9228631109984078,-0.21048310375753115,-0.13571083454873514,0.188697245773372,ARRIVED distance=0.188 yaw_error=-0.174,True
15.000000000000002,1,2.0942310110064546,-0.28947483376319966,-0.31070602511235007,1.9229623568533902,-0.21144659732756715,-0.11950600189284728,0.1882056257837606,ARRIVED distance=0.188 yaw_error=-0.190,True
15.000000000000002,1,2.0942310110064546,-0.28947483376319966,-0.31070602511235007,1.9229623568533902,-0.21144659732756715,-0.11950600189284728,0.1882056257837606,ARRIVED distance=0.188 yaw_error=-0.190,True
15.100000000000001,1,2.0942310110064546,-0.28947483376319966,-0.31070602511235007,1.9230797206935557,-0.21109644834277722,-0.10321007767001178,0.18824435045143448,ARRIVED distance=0.188 yaw_error=-0.206,True
15.100000000000001,1,2.0942310110064546,-0.28947483376319966,-0.31070602511235007,1.9230797206935557,-0.21109644834277722,-0.10321007767001178,0.18824435045143448,ARRIVED distance=0.188 yaw_error=-0.206,True
15.200000000000001,1,2.0942310110064546,-0.28947483376319966,-0.31070602511235007,1.9230151150442927,-0.21119240645923013,-0.08871391232597589,0.18826317073375537,ARRIVED distance=0.188 yaw_error=-0.221,True
15.200000000000001,1,2.0942310110064546,-0.28947483376319966,-0.31070602511235007,1.9230151150442927,-0.21119240645923013,-0.08871391232597589,0.18826317073375537,ARRIVED distance=0.188 yaw_error=-0.221,True
15.3,1,2.0942310110064546,-0.28947483376319966,-0.31070602511235007,1.9233609124446671,-0.21118710282094924,-0.07539114814623434,0.18795094944852275,ARRIVED distance=0.188 yaw_error=-0.235,True
15.3,1,2.0942310110064546,-0.28947483376319966,-0.31070602511235007,1.9233259489926973,-0.21121588790658502,-0.07379253973569778,0.18797074992805338,ARRIVED distance=0.188 yaw_error=-0.235,True
15.4,1,2.0942310110064546,-0.28947483376319966,-0.31070602511235007,1.9234208195009124,-0.21128266590709177,-0.061714435378948364,0.18785669175251052,ARRIVED distance=0.188 yaw_error=-0.249,True
15.4,1,2.0942310110064546,-0.28947483376319966,-0.31070602511235007,1.923319115942421,-0.21127877400501466,-0.06011482613615593,0.1879507904641129,ARRIVED distance=0.188 yaw_error=-0.249,True
15.500000000000002,1,2.0942310110064546,-0.28947483376319966,-0.31070602511235007,1.9228950818989554,-0.21177516073799768,-0.04128105277440753,0.18813091131271673,ARRIVED distance=0.188 yaw_error=-0.269,True
15.500000000000002,1,2.0942310110064546,-0.28947483376319966,-0.31070602511235007,1.923006366136488,-0.21155041513490258,-0.03871902574422194,0.18812255056054356,ARRIVED distance=0.188 yaw_error=-0.269,True
15.600000000000001,1,2.0942310110064546,-0.28947483376319966,-0.31070602511235007,1.9227879300274593,-0.21157785273855215,-0.015598695443458998,0.18831003602656082,ARRIVED distance=0.188 yaw_error=-0.295,True
15.600000000000001,1,2.0942310110064546,-0.28947483376319966,-0.31070602511235007,1.9227879300274593,-0.21157785273855215,-0.015598695443458998,0.18831003602656082,ARRIVED distance=0.188 yaw_error=-0.295,True
15.700000000000001,1,2.0942310110064546,-0.28947483376319966,-0.31070602511235007,1.92274590076605,-0.2117235034013196,0.01469721648151559,0.188288110105779,ARRIVED distance=0.188 yaw_error=-0.322,True
15.700000000000001,1,2.0942310110064546,-0.28947483376319966,-0.31070602511235007,1.92274590076605,-0.2117235034013196,0.01469721648151559,0.188288110105779,ARRIVED distance=0.188 yaw_error=-0.322,True
15.8,1,2.0942310110064546,-0.28947483376319966,-0.31070602511235007,1.9226789563561038,-0.21131695092379624,0.04116534437687263,0.18851727269588553,ARRIVED distance=0.189 yaw_error=-0.352,True
15.8,1,2.0942310110064546,-0.28947483376319966,-0.31070602511235007,1.9226789563561038,-0.21131695092379624,0.04116534437687263,0.18851727269588553,ARRIVED distance=0.189 yaw_error=-0.352,True
15.9,1,2.0942310110064546,-0.28947483376319966,-0.31070602511235007,1.9225547524615498,-0.21108864014282752,0.07369297089978073,0.18872501979935638,ARRIVED distance=0.189 yaw_error=-0.381,True
15.9,1,2.0942310110064546,-0.28947483376319966,-0.31070602511235007,1.9225547524615498,-0.21108864014282752,0.07369297089978073,0.18872501979935638,ARRIVED distance=0.189 yaw_error=-0.381,True
16.0,1,2.0942310110064546,-0.28947483376319966,-0.31070602511235007,1.9225868383035427,-0.21210199255314602,0.10074678951280763,0.1882771323867644,ARRIVED distance=0.188 yaw_error=-0.409,True
16.0,1,2.0942310110064546,-0.28947483376319966,-0.31070602511235007,1.9225868383035427,-0.21210199255314602,0.10074678951280763,0.1882771323867644,ARRIVED distance=0.188 yaw_error=-0.409,True
16.1,1,2.0942310110064546,-0.28947483376319966,-0.31070602511235007,1.9223013270948557,-0.21050473326792776,0.12595259905897915,0.18919855438711908,ARRIVED distance=0.189 yaw_error=-0.434,True
16.1,1,2.0942310110064546,-0.28947483376319966,-0.31070602511235007,1.9223013270948557,-0.21050473326792776,0.12595259905897915,0.18919855438711908,ARRIVED distance=0.189 yaw_error=-0.437,True
16.2,1,2.0942310110064546,-0.28947483376319966,-0.31070602511235007,1.9220144354367033,-0.21002952504758177,0.14464870642079344,0.18965786558403452,ALIGN_YAW distance=0.190 yaw_error=-0.454,False
16.2,1,2.0942310110064546,-0.28947483376319966,-0.31070602511235007,1.9220144354367033,-0.21002952504758177,0.14464870642079344,0.18965786558403452,ALIGN_YAW distance=0.190 yaw_error=-0.454,False
16.3,1,2.0942310110064546,-0.28947483376319966,-0.31070602511235007,1.9216001524840938,-0.20976868628496506,0.1605624155027288,0.1901433229434824,ALIGN_YAW distance=0.190 yaw_error=-0.471,False
16.3,1,2.0942310110064546,-0.28947483376319966,-0.31070602511235007,1.9216001524840938,-0.20976868628496506,0.1605624155027288,0.1901433229434824,ALIGN_YAW distance=0.190 yaw_error=-0.471,False
16.400000000000002,1,2.0942310110064546,-0.28947483376319966,-0.31070602511235007,1.9220831296252026,-0.20986975948707,0.1798795202078218,0.1896624921131264,ALIGN_YAW distance=0.190 yaw_error=-0.491,False
16.400000000000002,1,2.0942310110064546,-0.28947483376319966,-0.31070602511235007,1.9220468490531195,-0.20974503677062145,0.18178558210890097,0.1897477961823274,ALIGN_YAW distance=0.190 yaw_error=-0.491,False
16.5,1,2.0942310110064546,-0.28947483376319966,-0.31070602511235007,1.921382840940831,-0.20926504331988194,0.20107867256931283,0.19055209360696018,ALIGN_YAW distance=0.191 yaw_error=-0.512,False
16.5,1,2.0942310110064546,-0.28947483376319966,-0.31070602511235007,1.921382840940831,-0.20926504331988194,0.20107867256931283,0.19055209360696018,ALIGN_YAW distance=0.191 yaw_error=-0.512,False
16.6,1,2.0942310110064546,-0.28947483376319966,-0.31070602511235007,1.9210926713363161,-0.20790073116328903,0.22609418763408592,0.1913928391521297,ALIGN_YAW distance=0.191 yaw_error=-0.535,False
16.6,1,2.0942310110064546,-0.28947483376319966,-0.31070602511235007,1.9210926713363161,-0.20790073116328903,0.22609418763408592,0.1913928391521297,ALIGN_YAW distance=0.191 yaw_error=-0.535,False
16.7,1,2.0942310110064546,-0.28947483376319966,-0.31070602511235007,1.9211206720811995,-0.20756911389309587,0.24487978273388503,0.19150910263028387,ALIGN_YAW distance=0.192 yaw_error=-0.554,False
16.7,1,2.0942310110064546,-0.28947483376319966,-0.31070602511235007,1.9211206720811995,-0.20756911389309587,0.24487978273388503,0.19150910263028387,ALIGN_YAW distance=0.192 yaw_error=-0.556,False
16.8,1,2.0942310110064546,-0.28947483376319966,-0.31070602511235007,1.9206048630311003,-0.20721048732935604,0.26362303143275734,0.19212876399682335,ALIGN_YAW distance=0.192 yaw_error=-0.572,False
16.8,1,2.0942310110064546,-0.28947483376319966,-0.31070602511235007,1.9206048630311003,-0.20721048732935604,0.26362303143275734,0.19212876399682335,ALIGN_YAW distance=0.192 yaw_error=-0.572,False
16.900000000000002,1,2.0942310110064546,-0.28947483376319966,-0.31070602511235007,1.920203129172694,-0.20705928296727882,0.28265428995665526,0.19255655446787667,ALIGN_YAW distance=0.193 yaw_error=-0.593,False
16.900000000000002,1,2.0942310110064546,-0.28947483376319966,-0.31070602511235007,1.920203129172694,-0.20705928296727882,0.28265428995665526,0.19255655446787667,ALIGN_YAW distance=0.193 yaw_error=-0.593,False
17.0,1,2.0942310110064546,-0.28947483376319966,-0.31070602511235007,1.9197561515813044,-0.20708537399177163,0.30426567122132525,0.19294947435236426,ALIGN_YAW distance=0.193 yaw_error=-0.613,False
17.0,1,2.0942310110064546,-0.28947483376319966,-0.31070602511235007,1.9197561515813044,-0.20708537399177163,0.30426567122132525,0.19294947435236426,ALIGN_YAW distance=0.193 yaw_error=-0.613,False
17.1,1,2.0942310110064546,-0.28947483376319966,-0.31070602511235007,1.9197399843173204,-0.20665102452544332,0.32103235361665833,0.19314994634138627,ALIGN_YAW distance=0.193 yaw_error=-0.630,False
17.1,1,2.0942310110064546,-0.28947483376319966,-0.31070602511235007,1.9197399843173204,-0.20665102452544332,0.32103235361665833,0.19314994634138627,ALIGN_YAW distance=0.193 yaw_error=-0.630,False
17.200000000000003,1,2.0942310110064546,-0.28947483376319966,-0.31070602511235007,1.920004033324234,-0.20704583183250588,0.3339439879798309,0.1927422634285778,ALIGN_YAW distance=0.193 yaw_error=-0.643,False
17.200000000000003,1,2.0942310110064546,-0.28947483376319966,-0.31070602511235007,1.920004033324234,-0.20704583183250588,0.3339439879798309,0.1927422634285778,ALIGN_YAW distance=0.193 yaw_error=-0.643,False
17.3,1,2.0942310110064546,-0.28947483376319966,-0.31070602511235007,1.9203518683847685,-0.2071594355492405,0.34727923139018435,0.1923792634926523,ALIGN_YAW distance=0.192 yaw_error=-0.658,False
17.3,1,2.0942310110064546,-0.28947483376319966,-0.31070602511235007,1.9203271887406625,-0.20715260814969025,0.3487144008312772,0.19240449118618239,ALIGN_YAW distance=0.192 yaw_error=-0.658,False
17.400000000000002,1,2.0942310110064546,-0.28947483376319966,-0.31070602511235007,1.9203029540652887,-0.20732538388385444,0.3647193041662032,0.1923525438012414,ALIGN_YAW distance=0.192 yaw_error=-0.674,False
17.400000000000002,1,2.0942310110064546,-0.28947483376319966,-0.31070602511235007,1.9203029540652887,-0.20732538388385444,0.3647193041662032,0.1923525438012414,ALIGN_YAW distance=0.192 yaw_error=-0.674,False
17.5,1,2.0942310110064546,-0.28947483376319966,-0.31070602511235007,1.9203788761279486,-0.20766907609841162,0.3763504196737699,0.1921373123287725,ALIGN_YAW distance=0.192 yaw_error=-0.687,False
17.5,1,2.0942310110064546,-0.28947483376319966,-0.31070602511235007,1.9203687721626286,-0.20767928055272278,0.37787783942233133,0.19214211048282873,ALIGN_YAW distance=0.192 yaw_error=-0.687,False
17.6,1,2.0942310110064546,-0.28947483376319966,-0.31070602511235007,1.9202734668398387,-0.20672983576726664,0.39908128279637944,0.1926342697077212,ALIGN_YAW distance=0.193 yaw_error=-0.707,False
17.6,1,2.0942310110064546,-0.28947483376319966,-0.31070602511235007,1.9202734668398387,-0.20672983576726664,0.39908128279637944,0.1926342697077212,ALIGN_YAW distance=0.193 yaw_error=-0.707,False
17.700000000000003,1,2.0942310110064546,-0.28947483376319966,-0.31070602511235007,1.9203304951639641,-0.20763523141952148,0.41725626812353556,0.1921954992242421,ALIGN_YAW distance=0.192 yaw_error=-0.727,False
17.700000000000003,1,2.0942310110064546,-0.28947483376319966,-0.31070602511235007,1.9203304951639641,-0.20763523141952148,0.41725626812353556,0.1921954992242421,ALIGN_YAW distance=0.192 yaw_error=-0.727,False
17.8,1,2.0942310110064546,-0.28947483376319966,-0.31070602511235007,1.9205595940095583,-0.20748171796185066,0.4334391867128933,0.1920537219647754,ALIGN_YAW distance=0.192 yaw_error=-0.742,False
17.8,1,2.0942310110064546,-0.28947483376319966,-0.31070602511235007,1.9205595940095583,-0.20748171796185066,0.4334391867128933,0.1920537219647754,ALIGN_YAW distance=0.192 yaw_error=-0.742,False
17.900000000000002,1,2.0942310110064546,-0.28947483376319966,-0.31070602511235007,1.9206332275341929,-0.20712258845993878,0.44929590456037166,0.1921407888319675,ALIGN_YAW distance=0.192 yaw_error=-0.758,False
17.900000000000002,1,2.0942310110064546,-0.28947483376319966,-0.31070602511235007,1.9206332275341929,-0.20712258845993878,0.44929590456037166,0.1921407888319675,ALIGN_YAW distance=0.192 yaw_error=-0.758,False
18.0,1,2.0942310110064546,-0.28947483376319966,-0.31070602511235007,1.9207905327738313,-0.2066613946339257,0.47410955900993157,0.1921969437581645,ALIGN_YAW distance=0.192 yaw_error=-0.783,False
18.0,1,2.0942310110064546,-0.28947483376319966,-0.31070602511235007,1.9207905327738313,-0.2066613946339257,0.47410955900993157,0.1921969437581645,ALIGN_YAW distance=0.192 yaw_error=-0.783,False
18.1,1,2.0942310110064546,-0.28947483376319966,-0.31070602511235007,1.9205114989733632,-0.20635063316277344,0.49791128598986734,0.19258271362319956,ALIGN_YAW distance=0.193 yaw_error=-0.806,False
18.1,1,2.0942310110064546,-0.28947483376319966,-0.31070602511235007,1.9205114989733632,-0.20635063316277344,0.49791128598986734,0.19258271362319956,ALIGN_YAW distance=0.193 yaw_error=-0.806,False
18.200000000000003,1,2.0942310110064546,-0.28947483376319966,-0.31070602511235007,1.9204341530707272,-0.20555186380606763,0.5231393363769836,0.19299847852964308,ALIGN_YAW distance=0.193 yaw_error=-0.832,False
18.200000000000003,1,2.0942310110064546,-0.28947483376319966,-0.31070602511235007,1.9204341530707272,-0.20555186380606763,0.5231393363769836,0.19299847852964308,ALIGN_YAW distance=0.193 yaw_error=-0.832,False
18.3,1,2.0942310110064546,-0.28947483376319966,-0.31070602511235007,1.9197917556564317,-0.20526217354376264,0.542494692642534,0.1937029322140087,ALIGN_YAW distance=0.194 yaw_error=-0.852,False
18.3,1,2.0942310110064546,-0.28947483376319966,-0.31070602511235007,1.9197917556564317,-0.20526217354376264,0.542494692642534,0.1937029322140087,ALIGN_YAW distance=0.194 yaw_error=-0.852,False
18.400000000000002,1,2.0942310110064546,-0.28947483376319966,-0.31070602511235007,1.919574772897292,-0.20554567210365157,0.5584960603514789,0.19377540010878325,ALIGN_YAW distance=0.194 yaw_error=-0.867,False
18.400000000000002,1,2.0942310110064546,-0.28947483376319966,-0.31070602511235007,1.919574772897292,-0.20554567210365157,0.5584960603514789,0.19377540010878325,ALIGN_YAW distance=0.194 yaw_error=-0.869,False
18.5,1,2.0942310110064546,-0.28947483376319966,-0.31070602511235007,1.919723795492915,-0.20578182981057977,0.5812685110289542,0.19353885185383896,ALIGN_YAW distance=0.194 yaw_error=-0.890,False
18.5,1,2.0942310110064546,-0.28947483376319966,-0.31070602511235007,1.919723795492915,-0.20578182981057977,0.5812685110289542,0.19353885185383896,ALIGN_YAW distance=0.194 yaw_error=-0.890,False
18.6,1,2.0942310110064546,-0.28947483376319966,-0.31070602511235007,1.9193456009851138,-0.205263201370447,0.6035949946619402,0.1941043679791483,ALIGN_YAW distance=0.194 yaw_error=-0.912,False
18.6,1,2.0942310110064546,-0.28947483376319966,-0.31070602511235007,1.9193456009851138,-0.205263201370447,0.6035949946619402,0.1941043679791483,ALIGN_YAW distance=0.194 yaw_error=-0.912,False
18.700000000000003,1,2.0942310110064546,-0.28947483376319966,-0.31070602511235007,1.9188591642214292,-0.20485922781368335,0.6254439773163895,0.19471796377066558,ALIGN_YAW distance=0.195 yaw_error=-0.936,False
18.700000000000003,1,2.0942310110064546,-0.28947483376319966,-0.31070602511235007,1.9188368578485553,-0.20487829054501558,0.6279573897441164,0.19472977195704494,ALIGN_YAW distance=0.195 yaw_error=-0.936,False
18.8,1,2.0942310110064546,-0.28947483376319966,-0.31070602511235007,1.918596147947578,-0.20466665580069926,0.6528853989954709,0.19503854021969477,ALIGN_YAW distance=0.195 yaw_error=-0.961,False
18.8,1,2.0942310110064546,-0.28947483376319966,-0.31070602511235007,1.918596147947578,-0.20466665580069926,0.6528853989954709,0.19503854021969477,ALIGN_YAW distance=0.195 yaw_error=-0.961,False
18.900000000000002,1,2.0942310110064546,-0.28947483376319966,-0.31070602511235007,1.9183015718344274,-0.20459159752464484,0.6763933044074043,0.19533645681673026,ALIGN_YAW distance=0.195 yaw_error=-0.985,False
18.900000000000002,1,2.0942310110064546,-0.28947483376319966,-0.31070602511235007,1.9183015718344274,-0.20459159752464484,0.6763933044074043,0.19533645681673026,ALIGN_YAW distance=0.195 yaw_error=-0.985,False
19.0,1,2.0942310110064546,-0.28947483376319966,-0.31070602511235007,1.9179359298507304,-0.2043657730699057,0.6964915527966343,0.19576390845045516,ALIGN_YAW distance=0.196 yaw_error=-1.007,False
19.0,1,2.0942310110064546,-0.28947483376319966,-0.31070602511235007,1.9181321133007232,-0.20438364816950644,0.6986439915529193,0.19557947652786575,ALIGN_YAW distance=0.196 yaw_error=-1.007,False
19.1,1,2.0942310110064546,-0.28947483376319966,-0.31070602511235007,1.9176770478450662,-0.20415183801820008,0.7185368886373235,0.19609006989364378,ALIGN_YAW distance=0.196 yaw_error=-1.029,False
19.1,1,2.0942310110064546,-0.28947483376319966,-0.31070602511235007,1.9176033271440756,-0.20420828538174077,0.7208231731634163,0.19613190199321523,ALIGN_YAW distance=0.196 yaw_error=-1.029,False
19.200000000000003,1,2.0942310110064546,-0.28947483376319966,-0.31070602511235007,1.917531193125715,-0.2042973617253295,0.7406168376729896,0.1961581692967404,ALIGN_YAW distance=0.196 yaw_error=-1.051,False
19.200000000000003,1,2.0942310110064546,-0.28947483376319966,-0.31070602511235007,1.917531193125715,-0.2042973617253295,0.7406168376729896,0.1961581692967404,ALIGN_YAW distance=0.196 yaw_error=-1.051,False
19.3,1,2.0942310110064546,-0.28947483376319966,-0.31070602511235007,1.917445257388441,-0.20466476328017436,0.7648785129996372,0.19607639005659172,ALIGN_YAW distance=0.196 yaw_error=-1.073,False
19.3,1,2.0942310110064546,-0.28947483376319966,-0.31070602511235007,1.917445257388441,-0.20466476328017436,0.7648785129996372,0.19607639005659172,ALIGN_YAW distance=0.196 yaw_error=-1.073,False
19.400000000000002,1,2.0942310110064546,-0.28947483376319966,-0.31070602511235007,1.917432792695396,-0.205023832115935,0.7841246050867543,0.1959325947288787,ALIGN_YAW distance=0.196 yaw_error=-1.095,False
19.400000000000002,1,2.0942310110064546,-0.28947483376319966,-0.31070602511235007,1.917220224426893,-0.20500900703087938,0.7862026768527716,0.19613080954069775,ALIGN_YAW distance=0.196 yaw_error=-1.095,False
19.5,1,2.0942310110064546,-0.28947483376319966,-0.31070602511235007,1.9171610180523437,-0.20472760286560981,0.80871709752982,0.1963055667819389,ALIGN_YAW distance=0.196 yaw_error=-1.117,False
19.5,1,2.0942310110064546,-0.28947483376319966,-0.31070602511235007,1.9171610180523437,-0.20472760286560981,0.80871709752982,0.1963055667819389,ALIGN_YAW distance=0.196 yaw_error=-1.119,False
19.6,1,2.0942310110064546,-0.28947483376319966,-0.31070602511235007,1.9166827228533128,-0.2051216191850757,0.8288126745408242,0.19656769682675254,ALIGN_YAW distance=0.197 yaw_error=-1.140,False
19.6,1,2.0942310110064546,-0.28947483376319966,-0.31070602511235007,1.9166827228533128,-0.2051216191850757,0.8288126745408242,0.19656769682675254,ALIGN_YAW distance=0.197 yaw_error=-1.140,False
19.700000000000003,1,2.0942310110064546,-0.28947483376319966,-0.31070602511235007,1.916880119292293,-0.20524899023458,0.8547894387141283,0.19633474351198202,ALIGN_YAW distance=0.196 yaw_error=-1.163,False
19.700000000000003,1,2.0942310110064546,-0.28947483376319966,-0.31070602511235007,1.916880119292293,-0.20524899023458,0.8547894387141283,0.19633474351198202,ALIGN_YAW distance=0.196 yaw_error=-1.163,False
19.8,1,2.0942310110064546,-0.28947483376319966,-0.31070602511235007,1.916590847056952,-0.2056519246517831,0.8769854182507163,0.19642379677601943,ALIGN_YAW distance=0.197 yaw_error=-1.185,False
19.8,1,2.0942310110064546,-0.28947483376319966,-0.31070602511235007,1.916590847056952,-0.2056519246517831,0.8769854182507163,0.19642379677601943,ALIGN_YAW distance=0.197 yaw_error=-1.185,False
19.900000000000002,1,2.0942310110064546,-0.28947483376319966,-0.31070602511235007,1.9162476450429988,-0.2059620284929766,0.8957817313355427,0.19660230721887173,ALIGN_YAW distance=0.197 yaw_error=-1.205,False
19.900000000000002,1,2.0942310110064546,-0.28947483376319966,-0.31070602511235007,1.9162476450429988,-0.2059620284929766,0.8957817313355427,0.19660230721887173,ALIGN_YAW distance=0.197 yaw_error=-1.205,False
20.0,1,2.0942310110064546,-0.28947483376319966,-0.31070602511235007,1.9156826491314412,-0.20658996027546803,0.9183918240283304,0.1968487230878779,ALIGN_YAW distance=0.197 yaw_error=-1.227,False
20.0,1,2.0942310110064546,-0.28947483376319966,-0.31070602511235007,1.9156826491314412,-0.20658996027546803,0.9183918240283304,0.1968487230878779,ALIGN_YAW distance=0.197 yaw_error=-1.227,False
20.1,1,2.0942310110064546,-0.28947483376319966,-0.31070602511235007,1.9158004013362555,-0.20679901258337632,0.9382146980582511,0.1966539444685437,ALIGN_YAW distance=0.197 yaw_error=-1.249,False
20.1,1,2.0942310110064546,-0.28947483376319966,-0.31070602511235007,1.9158004013362555,-0.20679901258337632,0.9382146980582511,0.1966539444685437,ALIGN_YAW distance=0.197 yaw_error=-1.249,False
20.200000000000003,1,2.0942310110064546,-0.28947483376319966,-0.31070602511235007,1.9148975505672352,-0.20632820627589826,0.9604726870637329,0.19767106944522037,ALIGN_YAW distance=0.197 yaw_error=-1.270,False
20.200000000000003,1,2.0942310110064546,-0.28947483376319966,-0.31070602511235007,1.9148975505672352,-0.20632820627589826,0.9604726870637329,0.19767106944522037,ALIGN_YAW distance=0.197 yaw_error=-1.270,False
20.3,1,2.0942310110064546,-0.28947483376319966,-0.31070602511235007,1.9144036824701807,-0.20661879758927934,0.9792341348791681,0.1979974515465969,ALIGN_YAW distance=0.198 yaw_error=-1.287,False
20.3,1,2.0942310110064546,-0.28947483376319966,-0.31070602511235007,1.9144036824701807,-0.20661879758927934,0.9792341348791681,0.1979974515465969,ALIGN_YAW distance=0.198 yaw_error=-1.287,False
20.400000000000002,1,2.0942310110064546,-0.28947483376319966,-0.31070602511235007,1.9138304404157966,-0.20630318175478563,1.0001177360334983,0.1986501688074885,ALIGN_YAW distance=0.199 yaw_error=-1.311,False
20.400000000000002,1,2.0942310110064546,-0.28947483376319966,-0.31070602511235007,1.9137715671042463,-0.20631598663163117,1.0025534307781876,0.19869827565871281,ALIGN_YAW distance=0.199 yaw_error=-1.311,False
20.5,1,2.0942310110064546,-0.28947483376319966,-0.31070602511235007,1.9143203329732634,-0.20687904015356182,1.026932711963012,0.19796443416020076,ALIGN_YAW distance=0.198 yaw_error=-1.335,False
20.5,1,2.0942310110064546,-0.28947483376319966,-0.31070602511235007,1.9143203329732634,-0.20687904015356182,1.026932711963012,0.19796443416020076,ALIGN_YAW distance=0.198 yaw_error=-1.338,False
20.6,1,2.0942310110064546,-0.28947483376319966,-0.31070602511235007,1.9136574907673103,-0.2063157732298733,1.049240992172836,0.19880197574556974,ALIGN_YAW distance=0.199 yaw_error=-1.357,False
20.6,1,2.0942310110064546,-0.28947483376319966,-0.31070602511235007,1.9136574907673103,-0.2063157732298733,1.049240992172836,0.19880197574556974,ALIGN_YAW distance=0.199 yaw_error=-1.357,False
20.700000000000003,1,2.0942310110064546,-0.28947483376319966,-0.31070602511235007,1.9131971567874115,-0.2058304611632657,1.0720326432837906,0.1994232620358977,ALIGN_YAW distance=0.199 yaw_error=-1.381,False
20.700000000000003,1,2.0942310110064546,-0.28947483376319966,-0.31070602511235007,1.9131971567874115,-0.2058304611632657,1.0720326432837906,0.1994232620358977,ALIGN_YAW distance=0.199 yaw_error=-1.381,False
20.8,1,2.0942310110064546,-0.28947483376319966,-0.31070602511235007,1.9133068422393338,-0.20574352339677301,1.0940228527903788,0.19936019457191667,ALIGN_YAW distance=0.199 yaw_error=-1.405,False
20.8,1,2.0942310110064546,-0.28947483376319966,-0.31070602511235007,1.9133068422393338,-0.20574352339677301,1.0940228527903788,0.19936019457191667,ALIGN_YAW distance=0.199 yaw_error=-1.405,False
20.900000000000002,1,2.0942310110064546,-0.28947483376319966,-0.31070602511235007,1.9123417838169312,-0.2051506979338644,1.1142116651411296,0.20048503897040856,ALIGN_YAW distance=0.200 yaw_error=-1.425,False
20.900000000000002,1,2.0942310110064546,-0.28947483376319966,-0.31070602511235007,1.9122339086250275,-0.2050317722216753,1.1162342494868251,0.200632938267228,ALIGN_YAW distance=0.200 yaw_error=-1.425,False
21.0,1,2.0942310110064546,-0.28947483376319966,-0.31070602511235007,1.9120661682599804,-0.20509625387260674,1.1397371922117034,0.20075800028193355,ALIGN_YAW distance=0.201 yaw_error=-1.448,False
21.0,1,2.0942310110064546,-0.28947483376319966,-0.31070602511235007,1.9120661682599804,-0.20509625387260674,1.1397371922117034,0.20075800028193355,ALIGN_YAW distance=0.201 yaw_error=-1.448,False
21.1,1,2.0942310110064546,-0.28947483376319966,-0.31070602511235007,1.9111803986993616,-0.20509685914895373,1.1609350257251063,0.20156182492229024,ALIGN_YAW distance=0.201 yaw_error=-1.469,False
21.1,1,2.0942310110064546,-0.28947483376319966,-0.31070602511235007,1.9111803986993616,-0.20509685914895373,1.1609350257251063,0.20156182492229024,ALIGN_YAW distance=0.201 yaw_error=-1.469,False
21.200000000000003,1,2.0942310110064546,-0.28947483376319966,-0.31070602511235007,1.9120776910560968,-0.2058096678736684,1.1812000896964103,0.20044872649198894,ALIGN_YAW distance=0.200 yaw_error=-1.492,False
21.200000000000003,1,2.0942310110064546,-0.28947483376319966,-0.31070602511235007,1.9121402097030469,-0.20574689670765847,1.1830950045594386,0.20041813132272682,ALIGN_YAW distance=0.200 yaw_error=-1.492,False
21.3,1,2.0942310110064546,-0.28947483376319966,-0.31070602511235007,1.9112455020945733,-0.20550262653105653,1.2053445808125,0.20133312707842732,ALIGN_YAW distance=0.202 yaw_error=-1.513,False
21.3,1,2.0942310110064546,-0.28947483376319966,-0.31070602511235007,1.9112455020945733,-0.20550262653105653,1.2053445808125,0.20133312707842732,ALIGN_YAW distance=0.202 yaw_error=-1.513,False
21.400000000000002,1,2.0942310110064546,-0.28947483376319966,-0.31070602511235007,1.9106695031117742,-0.2048353642927523,1.2253166073897865,0.20213526899778675,ALIGN_YAW distance=0.202 yaw_error=-1.535,False
21.400000000000002,1,2.0942310110064546,-0.28947483376319966,-0.31070602511235007,1.9106695031117742,-0.2048353642927523,1.2253166073897865,0.20213526899778675,ALIGN_YAW distance=0.202 yaw_error=-1.535,False
21.5,1,2.0942310110064546,-0.28947483376319966,-0.31070602511235007,1.9102887632943402,-0.2053093433394199,1.2425345466739763,0.20228341571087885,ALIGN_YAW distance=0.202 yaw_error=-1.551,False
21.5,1,2.0942310110064546,-0.28947483376319966,-0.31070602511235007,1.9102887632943402,-0.2053093433394199,1.2425345466739763,0.20228341571087885,ALIGN_YAW distance=0.202 yaw_error=-1.551,False
21.6,1,2.0942310110064546,-0.28947483376319966,-0.31070602511235007,1.9095273407991147,-0.20513934527642227,1.2582853485973744,0.20304659663822278,ALIGN_YAW distance=0.203 yaw_error=-1.568,False
21.6,1,2.0942310110064546,-0.28947483376319966,-0.31070602511235007,1.9095273407991147,-0.20513934527642227,1.2582853485973744,0.20304659663822278,ALIGN_YAW distance=0.203 yaw_error=-1.569,False
21.700000000000003,1,2.0942310110064546,-0.28947483376319966,-0.31070602511235007,1.910012776970412,-0.2049992632695514,1.273725623593083,0.20266346429878643,ALIGN_YAW distance=0.203 yaw_error=-1.584,False
21.700000000000003,1,2.0942310110064546,-0.28947483376319966,-0.31070602511235007,1.9100305365709889,-0.20506288650049093,1.2755722102075542,0.20262080747774397,ALIGN_YAW distance=0.203 yaw_error=-1.584,False
21.8,1,2.0942310110064546,-0.28947483376319966,-0.31070602511235007,1.9095666018277828,-0.20529681534970642,1.2939690751708333,0.20294551682983863,ALIGN_YAW distance=0.203 yaw_error=-1.603,False
21.8,1,2.0942310110064546,-0.28947483376319966,-0.31070602511235007,1.9095666018277828,-0.20529681534970642,1.2939690751708333,0.20294551682983863,ALIGN_YAW distance=0.203 yaw_error=-1.603,False
21.900000000000002,1,2.0942310110064546,-0.28947483376319966,-0.31070602511235007,1.9093379121557679,-0.20521915404711183,1.3116507133007522,0.20318582029026971,ALIGN_YAW distance=0.203 yaw_error=-1.622,False
21.900000000000002,1,2.0942310110064546,-0.28947483376319966,-0.31070602511235007,1.9093379121557679,-0.20521915404711183,1.3116507133007522,0.20318582029026971,ALIGN_YAW distance=0.203 yaw_error=-1.622,False
22.0,1,2.0942310110064546,-0.28947483376319966,-0.31070602511235007,1.9088248408271689,-0.2054924345358732,1.3276476667311758,0.20353990105266412,ALIGN_YAW distance=0.204 yaw_error=-1.637,False
22.0,1,2.0942310110064546,-0.28947483376319966,-0.31070602511235007,1.9088248408271689,-0.2054924345358732,1.3276476667311758,0.20353990105266412,ALIGN_YAW distance=0.204 yaw_error=-1.637,False
22.1,1,2.0942310110064546,-0.28947483376319966,-0.31070602511235007,1.9085747886235043,-0.20543759033175657,1.343050341447433,0.20379031182336202,ALIGN_YAW distance=0.204 yaw_error=-1.654,False
22.1,1,2.0942310110064546,-0.28947483376319966,-0.31070602511235007,1.9085747886235043,-0.20543759033175657,1.343050341447433,0.20379031182336202,ALIGN_YAW distance=0.204 yaw_error=-1.654,False
22.200000000000003,1,2.0942310110064546,-0.28947483376319966,-0.31070602511235007,1.9081363904468973,-0.20508996275784125,1.3566544487817185,0.20433309632997923,ALIGN_YAW distance=0.204 yaw_error=-1.667,False
22.200000000000003,1,2.0942310110064546,-0.28947483376319966,-0.31070602511235007,1.9080218264632125,-0.20488275121080934,1.3582337094989707,0.20452305698578244,ALIGN_YAW distance=0.204 yaw_error=-1.667,False
22.3,1,2.0942310110064546,-0.28947483376319966,-0.31070602511235007,1.908195891777163,-0.2049447170162124,1.3732405083318806,0.20433894935600505,ALIGN_YAW distance=0.204 yaw_error=-1.684,False
22.3,1,2.0942310110064546,-0.28947483376319966,-0.31070602511235007,1.9081118013028726,-0.20482436375997445,1.3752534893485593,0.20446530828591156,ALIGN_YAW distance=0.204 yaw_error=-1.684,False
22.400000000000002,1,2.0942310110064546,-0.28947483376319966,-0.31070602511235007,1.907239466846368,-0.2049321339294587,1.394700902565458,0.20521526668976572,ALIGN_YAW distance=0.205 yaw_error=-1.705,False
22.400000000000002,1,2.0942310110064546,-0.28947483376319966,-0.31070602511235007,1.9073552629678365,-0.20521270038806771,1.396813248873751,0.20499427388569075,ALIGN_YAW distance=0.205 yaw_error=-1.705,False
22.5,1,2.0942310110064546,-0.28947483376319966,-0.31070602511235007,1.9072813212873574,-0.2052009780443066,1.4147958558776874,0.20506649956488632,ALIGN_YAW distance=0.205 yaw_error=-1.726,False
22.5,1,2.0942310110064546,-0.28947483376319966,-0.31070602511235007,1.9074413994664494,-0.2053344491764921,1.4168348798167638,0.2048657201624154,ALIGN_YAW distance=0.205 yaw_error=-1.726,False
22.6,1,2.0942310110064546,-0.28947483376319966,-0.31070602511235007,1.906839202586318,-0.2050845569402916,1.4373675953198477,0.20551741698750564,ALIGN_YAW distance=0.206 yaw_error=-1.746,False
22.6,1,2.0942310110064546,-0.28947483376319966,-0.31070602511235007,1.906839202586318,-0.2050845569402916,1.4373675953198477,0.20551741698750564,ALIGN_YAW distance=0.206 yaw_error=-1.748,False
22.700000000000003,1,2.0942310110064546,-0.28947483376319966,-0.31070602511235007,1.9064447081133153,-0.2050666454342003,1.456683512464645,0.20588452542932326,ALIGN_YAW distance=0.206 yaw_error=-1.765,False
22.700000000000003,1,2.0942310110064546,-0.28947483376319966,-0.31070602511235007,1.9064447081133153,-0.2050666454342003,1.456683512464645,0.20588452542932326,ALIGN_YAW distance=0.206 yaw_error=-1.765,False
22.8,1,2.0942310110064546,-0.28947483376319966,-0.31070602511235007,1.906306953882442,-0.20506485239079394,1.4740270396120805,0.20601091282075093,ALIGN_YAW distance=0.206 yaw_error=-1.783,False
22.8,1,2.0942310110064546,-0.28947483376319966,-0.31070602511235007,1.906306953882442,-0.20506485239079394,1.4740270396120805,0.20601091282075093,ALIGN_YAW distance=0.206 yaw_error=-1.783,False
22.900000000000002,1,2.0942310110064546,-0.28947483376319966,-0.31070602511235007,1.9062347847288394,-0.20523368362720978,1.4886803508437003,0.20600765148619762,ALIGN_YAW distance=0.206 yaw_error=-1.798,False
22.900000000000002,1,2.0942310110064546,-0.28947483376319966,-0.31070602511235007,1.9062347847288394,-0.20523368362720978,1.4886803508437003,0.20600765148619762,ALIGN_YAW distance=0.206 yaw_error=-1.798,False
23.0,1,2.0942310110064546,-0.28947483376319966,-0.31070602511235007,1.9066097924614256,-0.20544508374253956,1.5077411473533702,0.20557898855879256,ALIGN_YAW distance=0.206 yaw_error=-1.816,False
23.0,1,2.0942310110064546,-0.28947483376319966,-0.31070602511235007,1.9066097924614256,-0.20544508374253956,1.5077411473533702,0.20557898855879256,ALIGN_YAW distance=0.206 yaw_error=-1.816,False
23.1,1,2.0942310110064546,-0.28947483376319966,-0.31070602511235007,1.906095796558234,-0.2054855464780891,1.5256412110599813,0.2060316948776057,ALIGN_YAW distance=0.206 yaw_error=-1.836,False
23.1,1,2.0942310110064546,-0.28947483376319966,-0.31070602511235007,1.9060022474204,-0.20539559590007878,1.5271887063739276,0.20615379133253436,ALIGN_YAW distance=0.206 yaw_error=-1.836,False
23.200000000000003,1,2.0942310110064546,-0.28947483376319966,-0.31070602511235007,1.9062650404358648,-0.20502765883157467,1.5388141751454003,0.20606438665251284,ALIGN_YAW distance=0.206 yaw_error=-1.850,False
23.200000000000003,1,2.0942310110064546,-0.28947483376319966,-0.31070602511235007,1.9062650404358648,-0.20502765883157467,1.5388141751454003,0.20606438665251284,ALIGN_YAW distance=0.206 yaw_error=-1.850,False
23.3,1,2.0942310110064546,-0.28947483376319966,-0.31070602511235007,1.9061572872960588,-0.20478309552214682,1.55342839864541,0.2062629779591706,ALIGN_YAW distance=0.206 yaw_error=-1.864,False
23.3,1,2.0942310110064546,-0.28947483376319966,-0.31070602511235007,1.9061572872960588,-0.20478309552214682,1.55342839864541,0.2062629779591706,ALIGN_YAW distance=0.206 yaw_error=-1.864,False
23.400000000000002,1,2.0942310110064546,-0.28947483376319966,-0.31070602511235007,1.9058987006448451,-0.20470060198005066,1.5715172641515975,0.20653263543702885,ALIGN_YAW distance=0.207 yaw_error=-1.882,False
23.400000000000002,1,2.0942310110064546,-0.28947483376319966,-0.31070602511235007,1.9058987006448451,-0.20470060198005066,1.5715172641515975,0.20653263543702885,ALIGN_YAW distance=0.207 yaw_error=-1.882,False
23.5,1,2.0942310110064546,-0.28947483376319966,-0.31070602511235007,1.9049304813182137,-0.20486031482801678,1.5918187012527965,0.2073506868927156,ALIGN_YAW distance=0.207 yaw_error=-1.903,False
23.5,1,2.0942310110064546,-0.28947483376319966,-0.31070602511235007,1.9049304813182137,-0.20486031482801678,1.5918187012527965,0.2073506868927156,ALIGN_YAW distance=0.207 yaw_error=-1.903,False
23.6,1,2.0942310110064546,-0.28947483376319966,-0.31070602511235007,1.9046559724435315,-0.20512086467532128,1.6154992702867315,0.20749527066179732,ALIGN_YAW distance=0.207 yaw_error=-1.924,False
23.6,1,2.0942310110064546,-0.28947483376319966,-0.31070602511235007,1.9046559724435315,-0.20512086467532128,1.6154992702867315,0.20749527066179732,ALIGN_YAW distance=0.207 yaw_error=-1.924,False
23.700000000000003,1,2.0942310110064546,-0.28947483376319966,-0.31070602511235007,1.9058255041693004,-0.204690238641502,1.6389467570275795,0.20660363640680468,ALIGN_YAW distance=0.206 yaw_error=-1.947,False
23.700000000000003,1,2.0942310110064546,-0.28947483376319966,-0.31070602511235007,1.9058255041693004,-0.204690238641502,1.6389467570275795,0.20660363640680468,ALIGN_YAW distance=0.206 yaw_error=-1.947,False
23.8,1,2.0942310110064546,-0.28947483376319966,-0.31070602511235007,1.9060246472252678,-0.2045492783549301,1.6616764651551426,0.20647998772069776,ALIGN_YAW distance=0.206 yaw_error=-1.970,False
23.8,1,2.0942310110064546,-0.28947483376319966,-0.31070602511235007,1.9060246472252678,-0.2045492783549301,1.6616764651551426,0.20647998772069776,ALIGN_YAW distance=0.206 yaw_error=-1.970,False
23.900000000000002,1,2.0942310110064546,-0.28947483376319966,-0.31070602511235007,1.9060990948184937,-0.20448523418903014,1.6877618499663307,0.20643848944499574,ALIGN_YAW distance=0.206 yaw_error=-1.998,False
23.900000000000002,1,2.0942310110064546,-0.28947483376319966,-0.31070602511235007,1.9060225938857158,-0.20451804998855735,1.691089456958853,0.2064947054634218,ALIGN_YAW distance=0.206 yaw_error=-1.998,False
24.0,1,2.0942310110064546,-0.28947483376319966,-0.31070602511235007,1.9064226760132181,-0.20460237028012637,1.720718306879162,0.20609538022628585,ALIGN_YAW distance=0.206 yaw_error=-2.029,False
24.0,1,2.0942310110064546,-0.28947483376319966,-0.31070602511235007,1.9064226760132181,-0.20460237028012637,1.720718306879162,0.20609538022628585,ALIGN_YAW distance=0.206 yaw_error=-2.031,False
24.1,1,2.0942310110064546,-0.28947483376319966,-0.31070602511235007,1.9069669608774418,-0.20460781827558658,1.741763517005315,0.20559726357249064,ALIGN_YAW distance=0.206 yaw_error=-2.052,False
24.1,1,2.0942310110064546,-0.28947483376319966,-0.31070602511235007,1.9068155201387103,-0.20482641656751874,1.7436770243874038,0.20564513305918916,ALIGN_YAW distance=0.206 yaw_error=-2.052,False
24.200000000000003,1,2.0942310110064546,-0.28947483376319966,-0.31070602511235007,1.9067546882738007,-0.20478586466088386,1.7609575880612574,0.2057172648879311,ALIGN_YAW distance=0.206 yaw_error=-2.070,False
24.200000000000003,1,2.0942310110064546,-0.28947483376319966,-0.31070602511235007,1.9067546882738007,-0.20478586466088386,1.7609575880612574,0.2057172648879311,ALIGN_YAW distance=0.206 yaw_error=-2.072,False
24.3,1,2.0942310110064546,-0.28947483376319966,-0.31070602511235007,1.9056960580437405,-0.204752513707222,1.7794745881462226,0.20669615382082057,ALIGN_YAW distance=0.207 yaw_error=-2.088,False
24.3,1,2.0942310110064546,-0.28947483376319966,-0.31070602511235007,1.9056960580437405,-0.204752513707222,1.7794745881462226,0.20669615382082057,ALIGN_YAW distance=0.207 yaw_error=-2.088,False
24.400000000000002,1,2.0942310110064546,-0.28947483376319966,-0.31070602511235007,1.905742461806194,-0.20497617789267805,1.799028362706384,0.20656223281022087,ALIGN_YAW distance=0.206 yaw_error=-2.108,False
24.400000000000002,1,2.0942310110064546,-0.28947483376319966,-0.31070602511235007,1.905742461806194,-0.20497617789267805,1.799028362706384,0.20656223281022087,ALIGN_YAW distance=0.206 yaw_error=-2.108,False
24.5,1,2.0942310110064546,-0.28947483376319966,-0.31070602511235007,1.9044401073028034,-0.20501624778881375,1.8186819131020968,0.2077350232229542,ALIGN_YAW distance=0.208 yaw_error=-2.129,False
24.5,1,2.0942310110064546,-0.28947483376319966,-0.31070602511235007,1.9044401073028034,-0.20501624778881375,1.8186819131020968,0.2077350232229542,ALIGN_YAW distance=0.208 yaw_error=-2.129,False
24.6,1,2.0942310110064546,-0.28947483376319966,-0.31070602511235007,1.905154843802164,-0.2054937307779566,1.8357228506836256,0.2068879471194078,ALIGN_YAW distance=0.207 yaw_error=-2.146,False
24.6,1,2.0942310110064546,-0.28947483376319966,-0.31070602511235007,1.9051415194151695,-0.20545228759090348,1.8375298474102908,0.20691694975406513,ALIGN_YAW distance=0.207 yaw_error=-2.146,False
24.700000000000003,1,2.0942310110064546,-0.28947483376319966,-0.31070602511235007,1.9048848908658713,-0.205489760318838,1.854094145292931,0.20713629757661262,ALIGN_YAW distance=0.207 yaw_error=-2.165,False
24.700000000000003,1,2.0942310110064546,-0.28947483376319966,-0.31070602511235007,1.904915355458521,-0.20552159072891157,1.8561273932697542,0.20709554425800206,ALIGN_YAW distance=0.207 yaw_error=-2.165,False
24.8,1,2.0942310110064546,-0.28947483376319966,-0.31070602511235007,1.90429637073391,-0.20559062287695035,1.87635816149092,0.20763363988397848,ALIGN_YAW distance=0.208 yaw_error=-2.185,False
24.8,1,2.0942310110064546,-0.28947483376319966,-0.31070602511235007,1.90429637073391,-0.20559062287695035,1.87635816149092,0.20763363988397848,ALIGN_YAW distance=0.208 yaw_error=-2.185,False
24.900000000000002,1,2.0942310110064546,-0.28947483376319966,-0.31070602511235007,1.9042423893642277,-0.2060563286627669,1.893472763357725,0.20749535741000125,ALIGN_YAW distance=0.208 yaw_error=-2.203,False
24.900000000000002,1,2.0942310110064546,-0.28947483376319966,-0.31070602511235007,1.9042423893642277,-0.2060563286627669,1.893472763357725,0.20749535741000125,ALIGN_YAW distance=0.208 yaw_error=-2.203,False
25.0,1,2.0942310110064546,-0.28947483376319966,-0.31070602511235007,1.9048448016667041,-0.20644470941136997,1.8954101548415299,0.20678766365032536,ALIGN_YAW distance=0.207 yaw_error=-2.206,False
25.0,1,2.0942310110064546,-0.28947483376319966,-0.31070602511235007,1.9048448016667041,-0.20644470941136997,1.8954101548415299,0.20678766365032536,ALIGN_YAW distance=0.207 yaw_error=-2.206,False
25.1,1,2.0942310110064546,-0.28947483376319966,-0.31070602511235007,1.9050571691016467,-0.2064356375146916,1.9027825138457972,0.20659683098882106,ALIGN_YAW distance=0.207 yaw_error=-2.212,False
25.1,1,2.0942310110064546,-0.28947483376319966,-0.31070602511235007,1.9050571691016467,-0.2064356375146916,1.9027825138457972,0.20659683098882106,ALIGN_YAW distance=0.207 yaw_error=-2.212,False
25.200000000000003,1,2.0942310110064546,-0.28947483376319966,-0.31070602511235007,1.9051467089158673,-0.20626402926285128,1.914717018169599,0.20658390857634495,ALIGN_YAW distance=0.207 yaw_error=-2.224,False
25.200000000000003,1,2.0942310110064546,-0.28947483376319966,-0.31070602511235007,1.9051467089158673,-0.20626402926285128,1.914717018169599,0.20658390857634495,ALIGN_YAW distance=0.207 yaw_error=-2.224,False
25.3,1,2.0942310110064546,-0.28947483376319966,-0.31070602511235007,1.9049894133797893,-0.206259574223925,1.9342005103561144,0.20672968265946118,ALIGN_YAW distance=0.207 yaw_error=-2.243,False
25.3,1,2.0942310110064546,-0.28947483376319966,-0.31070602511235007,1.9049894133797893,-0.206259574223925,1.9342005103561144,0.20672968265946118,ALIGN_YAW distance=0.207 yaw_error=-2.243,False
25.400000000000002,1,2.0942310110064546,-0.28947483376319966,-0.31070602511235007,1.9044943907442875,-0.20605753621518016,1.9476608420211716,0.20726415657012337,ALIGN_YAW distance=0.207 yaw_error=-2.257,False
25.400000000000002,1,2.0,0.0,0.0,1.9044943907442875,-0.20605753621518016,1.9476608420211716,0.22711457379563982,ALIGN_YAW distance=0.207 yaw_error=-2.257,False
25.400000000000002,1,2.0,0.0,0.0,1.9044943907442875,-0.20605753621518016,1.9476608420211716,0.22711457379563982,GOAL_RECEIVED frame=odom x=2.000 y=0.000,False
25.5,1,2.0,0.0,0.0,1.9045295280214258,-0.2059608959746364,1.9558005006619776,0.22701211793753812,ALIGN_YAW distance=0.227 yaw_error=-1.955,False
25.5,1,2.0,0.0,0.0,1.9045295280214258,-0.2059608959746364,1.9558005006619776,0.22701211793753812,ALIGN_YAW distance=0.227 yaw_error=-1.956,False
25.6,1,2.0,0.0,0.0,1.9044761592276367,-0.20633353439767255,1.9706973657900533,0.22737267112152978,ALIGN_YAW distance=0.227 yaw_error=-1.969,False
25.6,1,2.0,0.0,0.0,1.9044761592276367,-0.20633353439767255,1.9706973657900533,0.22737267112152978,ALIGN_YAW distance=0.227 yaw_error=-1.969,False
25.700000000000003,1,2.0,0.0,0.0,1.904805385636902,-0.20635490860162384,1.978442557606339,0.227253961258596,ALIGN_YAW distance=0.227 yaw_error=-1.978,False
25.700000000000003,1,2.0,0.0,0.0,1.904805385636902,-0.20635490860162384,1.978442557606339,0.227253961258596,ALIGN_YAW distance=0.227 yaw_error=-1.978,False
25.8,1,2.0,0.0,0.0,1.9047952788107334,-0.2063541727718853,1.9717515946185744,0.22725752695366347,ALIGN_YAW distance=0.227 yaw_error=-1.973,False
25.8,1,2.0,0.0,0.0,1.9047952788107334,-0.2063541727718853,1.9717515946185744,0.22725752695366347,ALIGN_YAW distance=0.227 yaw_error=-1.973,False
25.900000000000002,1,2.0,0.0,0.0,1.9045558794535162,-0.20570781603407678,1.9522862453355294,0.22677143939306224,ALIGN_YAW distance=0.227 yaw_error=-1.955,False
25.900000000000002,1,2.0,0.0,0.0,1.9045558794535162,-0.20570781603407678,1.9522862453355294,0.22677143939306224,ALIGN_YAW distance=0.227 yaw_error=-1.955,False
26.0,1,2.0,0.0,0.0,1.9043998461085012,-0.20467986595580395,1.9241182172688256,0.22590537167531924,ALIGN_YAW distance=0.226 yaw_error=-1.927,False
26.0,1,2.0,0.0,0.0,1.9043998461085012,-0.20467986595580395,1.9241182172688256,0.22590537167531924,ALIGN_YAW distance=0.226 yaw_error=-1.924,False
26.1,1,2.0,0.0,0.0,1.9040244186369966,-0.20478023683769808,1.8960617493692298,0.22615538379015038,ALIGN_YAW distance=0.226 yaw_error=-1.896,False
26.1,1,2.0,0.0,0.0,1.9040244186369966,-0.20478023683769808,1.8960617493692298,0.22615538379015038,ALIGN_YAW distance=0.226 yaw_error=-1.896,False
26.200000000000003,1,2.0,0.0,0.0,1.9035780502295745,-0.20500788159243188,1.870069447887665,0.22655115076412,ALIGN_YAW distance=0.227 yaw_error=-1.872,False
26.200000000000003,1,2.0,0.0,0.0,1.9035780502295745,-0.20500788159243188,1.870069447887665,0.22655115076412,ALIGN_YAW distance=0.227 yaw_error=-1.872,False
26.3,1,2.0,0.0,0.0,1.9040044906609481,-0.20455644345326948,1.8427621198373298,0.2259612275845452,ALIGN_YAW distance=0.226 yaw_error=-1.845,False
26.3,1,2.0,0.0,0.0,1.9040044906609481,-0.20455644345326948,1.8427621198373298,0.2259612275845452,ALIGN_YAW distance=0.226 yaw_error=-1.843,False
26.400000000000002,1,2.0,0.0,0.0,1.9036236004349762,-0.2039332649139557,1.8139211504359591,0.2255597192133,ALIGN_YAW distance=0.226 yaw_error=-1.817,False
26.400000000000002,1,2.0,0.0,0.0,1.9036236004349762,-0.2039332649139557,1.8139211504359591,0.2255597192133,ALIGN_YAW distance=0.226 yaw_error=-1.817,False
26.5,1,2.0,0.0,0.0,1.903680516370752,-0.20388011031243125,1.7902773530552447,0.22548734400762743,ALIGN_YAW distance=0.225 yaw_error=-1.790,False
26.5,1,2.0,0.0,0.0,1.903882979409188,-0.203779969866874,1.787645420401169,0.22531035876363661,ALIGN_YAW distance=0.225 yaw_error=-1.790,False
26.6,1,2.0,0.0,0.0,1.9038095360337244,-0.20317326154475726,1.7610769024076232,0.22479319287910324,ALIGN_YAW distance=0.225 yaw_error=-1.764,False
26.6,1,2.0,0.0,0.0,1.9038095360337244,-0.20317326154475726,1.7610769024076232,0.22479319287910324,ALIGN_YAW distance=0.225 yaw_error=-1.764,False
26.700000000000003,1,2.0,0.0,0.0,1.903240980555572,-0.20313744069246142,1.7316035287774731,0.22500472807239075,ALIGN_YAW distance=0.225 yaw_error=-1.734,False
26.700000000000003,1,2.0,0.0,0.0,1.903240980555572,-0.20313744069246142,1.7316035287774731,0.22500472807239075,ALIGN_YAW distance=0.225 yaw_error=-1.734,False
26.8,1,2.0,0.0,0.0,1.9032016282790791,-0.20274789990249345,1.7013360453272464,0.22467005960450778,ALIGN_YAW distance=0.225 yaw_error=-1.704,False
26.8,1,2.0,0.0,0.0,1.9032016282790791,-0.20274789990249345,1.7013360453272464,0.22467005960450778,ALIGN_YAW distance=0.225 yaw_error=-1.704,False
26.900000000000002,1,2.0,0.0,0.0,1.902753343941622,-0.20284523044879677,1.671782964260382,0.2249513272473891,ALIGN_YAW distance=0.225 yaw_error=-1.675,False
26.900000000000002,1,2.0,0.0,0.0,1.902753343941622,-0.20284523044879677,1.671782964260382,0.2249513272473891,ALIGN_YAW distance=0.225 yaw_error=-1.675,False
27.0,1,2.0,0.0,0.0,1.9029373516515675,-0.20281863777053766,1.6430384241132194,0.22484785418479766,ALIGN_YAW distance=0.225 yaw_error=-1.646,False
27.0,1,2.0,0.0,0.0,1.9029373516515675,-0.20281863777053766,1.6430384241132194,0.22484785418479766,ALIGN_YAW distance=0.225 yaw_error=-1.646,False
27.1,1,2.0,0.0,0.0,1.902600134559331,-0.2021137137724288,1.6197899317063524,0.22435838982026876,ALIGN_YAW distance=0.224 yaw_error=-1.620,False
27.1,1,2.0,0.0,0.0,1.902412321044397,-0.20235713449657064,1.6173381024423747,0.22465921963187935,ALIGN_YAW distance=0.224 yaw_error=-1.620,False
27.200000000000003,1,2.0,0.0,0.0,1.9022626062790913,-0.2025060223477003,1.5932779352716908,0.22485837146622586,ALIGN_YAW distance=0.225 yaw_error=-1.596,False
27.200000000000003,1,2.0,0.0,0.0,1.9022626062790913,-0.2025060223477003,1.5932779352716908,0.22485837146622586,ALIGN_YAW distance=0.225 yaw_error=-1.593,False
27.3,1,2.0,0.0,0.0,1.9027354017080216,-0.2017907475572375,1.570183817980822,0.2240087227779505,ALIGN_YAW distance=0.224 yaw_error=-1.573,False
27.3,1,2.0,0.0,0.0,1.9027354017080216,-0.2017907475572375,1.570183817980822,0.2240087227779505,ALIGN_YAW distance=0.224 yaw_error=-1.573,False
27.400000000000002,1,2.0,0.0,0.0,1.902973376738399,-0.20214451126353022,1.5468014809699782,0.22422437212649332,ALIGN_YAW distance=0.224 yaw_error=-1.549,False
27.400000000000002,1,2.0,0.0,0.0,1.902973376738399,-0.20214451126353022,1.5468014809699782,0.22422437212649332,ALIGN_YAW distance=0.224 yaw_error=-1.549,False
27.5,1,2.0,0.0,0.0,1.9028637250167573,-0.20111981088187156,1.527894907751643,0.22334868310957182,ALIGN_YAW distance=0.223 yaw_error=-1.528,False
27.5,1,2.0,0.0,0.0,1.9028637250167573,-0.20111981088187156,1.527894907751643,0.22334868310957182,ALIGN_YAW distance=0.223 yaw_error=-1.528,False
27.6,1,2.0,0.0,0.0,1.9030987888880204,-0.2006586296528809,1.5134164672704606,0.22283117010225578,ALIGN_YAW distance=0.223 yaw_error=-1.513,False
27.6,1,2.0,0.0,0.0,1.9030987888880204,-0.2006586296528809,1.5134164672704606,0.22283117010225578,ALIGN_YAW distance=0.223 yaw_error=-1.513,False
27.700000000000003,1,2.0,0.0,0.0,1.9036673751646092,-0.20065924584980763,1.4953294043825227,0.2225850568944144,ALIGN_YAW distance=0.223 yaw_error=-1.495,False
27.700000000000003,1,2.0,0.0,0.0,1.9038422752080966,-0.20031504034520606,1.4935833148748605,0.2221990626120123,ALIGN_YAW distance=0.223 yaw_error=-1.495,False
27.8,1,2.0,0.0,0.0,1.9038687066554612,-0.20008281792964444,1.4742522613783973,0.22197828630467673,ALIGN_YAW distance=0.222 yaw_error=-1.476,False
27.8,1,2.0,0.0,0.0,1.9038687066554612,-0.20008281792964444,1.4742522613783973,0.22197828630467673,ALIGN_YAW distance=0.222 yaw_error=-1.476,False
27.900000000000002,1,2.0,0.0,0.0,1.9031134890464978,-0.20023703319420527,1.457625190649165,0.2224451965477348,ALIGN_YAW distance=0.222 yaw_error=-1.458,False
27.900000000000002,1,2.0,0.0,0.0,1.903327490994974,-0.19988349769973876,1.4557608889453235,0.22203375115060392,ALIGN_YAW distance=0.222 yaw_error=-1.458,False
28.0,1,2.0,0.0,0.0,1.9034368508220219,-0.19903466213063267,1.4376335749436642,0.22122214741888654,ALIGN_YAW distance=0.221 yaw_error=-1.440,False
28.0,1,2.0,0.0,0.0,1.9034368508220219,-0.19903466213063267,1.4376335749436642,0.22122214741888654,ALIGN_YAW distance=0.221 yaw_error=-1.438,False
28.1,1,2.0,0.0,0.0,1.9043187131965402,-0.19939809655001695,1.412864065313262,0.22116624867310972,ALIGN_YAW distance=0.222 yaw_error=-1.416,False
28.1,1,2.0,0.0,0.0,1.9043187131965402,-0.19939809655001695,1.412864065313262,0.22116624867310972,ALIGN_YAW distance=0.222 yaw_error=-1.416,False
28.200000000000003,1,2.0,0.0,0.0,1.9031887296986922,-0.19834086881632826,1.3854918989850287,0.2207068696261374,ALIGN_YAW distance=0.221 yaw_error=-1.385,False
28.200000000000003,1,2.0,0.0,0.0,1.9031887296986922,-0.19834086881632826,1.3854918989850287,0.2207068696261374,ALIGN_YAW distance=0.221 yaw_error=-1.385,False
28.3,1,2.0,0.0,0.0,1.9036470387911986,-0.19836209406423566,1.3446107877276767,0.22052531259529704,ALIGN_YAW distance=0.220 yaw_error=-1.349,False
28.3,1,2.0,0.0,0.0,1.9036470387911986,-0.19836209406423566,1.3446107877276767,0.22052531259529704,ALIGN_YAW distance=0.220 yaw_error=-1.349,False
28.400000000000002,1,2.0,0.0,0.0,1.9045755992161195,-0.19820796143165856,1.2989197850143133,0.21998229983309225,ALIGN_YAW distance=0.220 yaw_error=-1.304,False
28.400000000000002,1,2.0,0.0,0.0,1.9045755992161195,-0.19820796143165856,1.2989197850143133,0.21998229983309225,ALIGN_YAW distance=0.220 yaw_error=-1.304,False
28.5,1,2.0,0.0,0.0,1.9036204904325287,-0.19792464282634398,1.2484595955753464,0.22014353068487416,ALIGN_YAW distance=0.220 yaw_error=-1.254,False
28.5,1,2.0,0.0,0.0,1.9036204904325287,-0.19792464282634398,1.2484595955753464,0.22014353068487416,ALIGN_YAW distance=0.220 yaw_error=-1.254,False
28.6,1,2.0,0.0,0.0,1.9038432961055292,-0.19744730353518872,1.2000781343844196,0.2196168239847892,ALIGN_YAW distance=0.220 yaw_error=-1.205,False
28.6,1,2.0,0.0,0.0,1.9038432961055292,-0.19744730353518872,1.2000781343844196,0.2196168239847892,ALIGN_YAW distance=0.220 yaw_error=-1.200,False
28.700000000000003,1,2.0,0.0,0.0,1.9050792089609911,-0.19743573577513335,1.1513137134148985,0.2190680860658153,ALIGN_YAW distance=0.219 yaw_error=-1.156,False
28.700000000000003,1,2.0,0.0,0.0,1.9050792089609911,-0.19743573577513335,1.1513137134148985,0.2190680860658153,ALIGN_YAW distance=0.219 yaw_error=-1.151,False
28.8,1,2.0,0.0,0.0,1.9061877195228327,-0.1973666020529835,1.1003084550084847,0.2185276174177247,ALIGN_YAW distance=0.219 yaw_error=-1.100,False
28.8,1,2.0,0.0,0.0,1.9061877195228327,-0.1973666020529835,1.1003084550084847,0.2185276174177247,ALIGN_YAW distance=0.219 yaw_error=-1.100,False
28.900000000000002,1,2.0,0.0,0.0,1.9049942640705808,-0.19653401121504543,1.05079735165693,0.21829271042287723,ALIGN_YAW distance=0.218 yaw_error=-1.056,False
28.900000000000002,1,2.0,0.0,0.0,1.9049942640705808,-0.19653401121504543,1.05079735165693,0.21829271042287723,ALIGN_YAW distance=0.218 yaw_error=-1.056,False
29.000000000000004,1,2.0,0.0,0.0,1.9055158972386956,-0.19655971168325154,1.0090888265406517,0.21808935309091018,ALIGN_YAW distance=0.218 yaw_error=-1.009,False
29.000000000000004,1,2.0,0.0,0.0,1.9052029965121726,-0.19629921593757052,1.0044907251235722,0.21799049072832535,ALIGN_YAW distance=0.218 yaw_error=-1.009,False
29.1,1,2.0,0.0,0.0,1.906362603283863,-0.1964277225682604,0.9589015167824734,0.21760471561326217,ALIGN_YAW distance=0.218 yaw_error=-0.963,False
29.1,1,2.0,0.0,0.0,1.906362603283863,-0.1964277225682604,0.9589015167824734,0.21760471561326217,ALIGN_YAW distance=0.218 yaw_error=-0.959,False
29.200000000000003,1,2.0,0.0,0.0,1.906805219015109,-0.19649970909480077,0.9178391557777656,0.2174796608355897,ALIGN_YAW distance=0.217 yaw_error=-0.918,False
29.200000000000003,1,2.0,0.0,0.0,1.906805219015109,-0.19649970909480077,0.9178391557777656,0.2174796608355897,ALIGN_YAW distance=0.217 yaw_error=-0.918,False
29.3,1,2.0,0.0,0.0,1.9061912731260695,-0.196002617503396,0.8685473402357095,0.21729496843206067,ALIGN_YAW distance=0.217 yaw_error=-0.869,False
29.3,1,2.0,0.0,0.0,1.9061912731260695,-0.196002617503396,0.8685473402357095,0.21729496843206067,ALIGN_YAW distance=0.217 yaw_error=-0.869,False
29.400000000000002,1,2.0,0.0,0.0,1.906405348186065,-0.19601283783404902,0.8317127599181642,0.21721185843302598,ALIGN_YAW distance=0.217 yaw_error=-0.832,False
29.400000000000002,1,2.0,0.0,0.0,1.906405348186065,-0.19601283783404902,0.8317127599181642,0.21721185843302598,ALIGN_YAW distance=0.217 yaw_error=-0.832,False
29.500000000000004,1,2.0,0.0,0.0,1.90756117509985,-0.19587913808711516,0.7860802032766347,0.21659541335557342,ALIGN_YAW distance=0.217 yaw_error=-0.790,False
29.500000000000004,1,2.0,0.0,0.0,1.90756117509985,-0.19587913808711516,0.7860802032766347,0.21659541335557342,ALIGN_YAW distance=0.217 yaw_error=-0.790,False
29.6,1,2.0,0.0,0.0,1.9079727913324795,-0.19643773754875687,0.7441881116711814,0.21692577502088045,ALIGN_YAW distance=0.217 yaw_error=-0.744,False
29.6,1,2.0,0.0,0.0,1.9079727913324795,-0.19643773754875687,0.7441881116711814,0.21692577502088045,ALIGN_YAW distance=0.217 yaw_error=-0.744,False
29.700000000000003,1,2.0,0.0,0.0,1.907767265890484,-0.19514072454632364,0.7031281123660629,0.21583970815811632,ALIGN_YAW distance=0.216 yaw_error=-0.707,False
29.700000000000003,1,2.0,0.0,0.0,1.907767265890484,-0.19514072454632364,0.7031281123660629,0.21583970815811632,ALIGN_YAW distance=0.216 yaw_error=-0.707,False
29.8,1,2.0,0.0,0.0,1.9080798754791832,-0.1947005310408818,0.6651276938339492,0.2153081653805165,ALIGN_YAW distance=0.215 yaw_error=-0.669,False
29.8,1,2.0,0.0,0.0,1.9080798754791832,-0.1947005310408818,0.6651276938339492,0.2153081653805165,ALIGN_YAW distance=0.215 yaw_error=-0.669,False
29.900000000000002,1,2.0,0.0,0.0,1.9088314941750406,-0.19586846517220685,0.6327116096896087,0.21604664335108673,ALIGN_YAW distance=0.216 yaw_error=-0.633,False
29.900000000000002,1,2.0,0.0,0.0,1.908771937730254,-0.19545514087239854,0.6291825966055822,0.21569717531516677,ALIGN_YAW distance=0.216 yaw_error=-0.633,False
30.000000000000004,1,2.0,0.0,0.0,1.9094262183300188,-0.1955854139966852,0.5936186886558551,0.21553947224175937,ALIGN_YAW distance=0.215 yaw_error=-0.597,False
30.000000000000004,1,2.0,0.0,0.0,1.9094262183300188,-0.1955854139966852,0.5936186886558551,0.21553947224175937,ALIGN_YAW distance=0.215 yaw_error=-0.597,False
30.1,1,2.0,0.0,0.0,1.909526385852159,-0.19441874887429555,0.5582331421508296,0.2144390933827571,ALIGN_YAW distance=0.214 yaw_error=-0.562,False
30.1,1,2.0,0.0,0.0,1.909526385852159,-0.19441874887429555,0.5582331421508296,0.2144390933827571,ALIGN_YAW distance=0.214 yaw_error=-0.562,False
30.200000000000003,1,2.0,0.0,0.0,1.909926643269464,-0.19416514302108603,0.5269789998616878,0.2140404456104154,ALIGN_YAW distance=0.214 yaw_error=-0.530,False
30.200000000000003,1,2.0,0.0,0.0,1.909926643269464,-0.19416514302108603,0.5269789998616878,0.2140404456104154,ALIGN_YAW distance=0.214 yaw_error=-0.530,False
30.3,1,2.0,0.0,0.0,1.9103819463802507,-0.19356366745682366,0.5015242069743249,0.21330327914480843,ALIGN_YAW distance=0.213 yaw_error=-0.504,False
30.3,1,2.0,0.0,0.0,1.9103819463802507,-0.19356366745682366,0.5015242069743249,0.21330327914480843,ALIGN_YAW distance=0.213 yaw_error=-0.504,False
30.400000000000002,1,2.0,0.0,0.0,1.9105163957011098,-0.19446476868493517,0.4748292768932087,0.21406508752714842,ALIGN_YAW distance=0.214 yaw_error=-0.478,False
30.400000000000002,1,2.0,0.0,0.0,1.9105163957011098,-0.19446476868493517,0.4748292768932087,0.21406508752714842,ALIGN_YAW distance=0.214 yaw_error=-0.478,False
30.500000000000004,1,2.0,0.0,0.0,1.91071195418679,-0.19427875307467996,0.44892273339073563,0.21381437982837903,ARRIVED distance=0.214 yaw_error=-0.449,True
30.500000000000004,1,2.0,0.0,0.0,1.91071195418679,-0.19427875307467996,0.44892273339073563,0.21381437982837903,ARRIVED distance=0.214 yaw_error=-0.449,True
30.6,1,2.0,0.0,0.0,1.911704153021157,-0.19366822157525593,0.42336327038615595,0.21284627467220021,ARRIVED distance=0.213 yaw_error=-0.426,True
30.6,1,2.0,0.0,0.0,1.911704153021157,-0.19366822157525593,0.42336327038615595,0.21284627467220021,ARRIVED distance=0.213 yaw_error=-0.426,True
30.6,1,2.0,0.0,0.0,1.911704153021157,-0.19366822157525593,0.42336327038615595,0.21284627467220021,GOAL_RECEIVED frame=odom x=2.000 y=0.000,False
30.700000000000003,1,2.0,0.0,0.0,1.9114418900752246,-0.19377000308744927,0.3983318716490918,0.21304777147381454,ARRIVED distance=0.213 yaw_error=-0.398,True
30.700000000000003,1,2.0,0.0,0.0,1.9114418900752246,-0.19377000308744927,0.3983318716490918,0.21304777147381454,ARRIVED distance=0.213 yaw_error=-0.398,True
30.8,1,2.0,0.0,0.0,1.9116774580457252,-0.19391414230118337,0.38137888463197805,0.2130811253998538,ARRIVED distance=0.213 yaw_error=-0.381,True
30.8,1,2.0,0.0,0.0,1.911675571787276,-0.1938897860802656,0.38071735250357375,0.21305974224464788,ARRIVED distance=0.213 yaw_error=-0.381,True
30.900000000000002,1,2.0,0.0,0.0,1.9116051902434628,-0.193614786465592,0.3795603302444273,0.21283873691133198,ARRIVED distance=0.213 yaw_error=-0.380,True
30.900000000000002,1,2.0,0.0,0.0,1.9116051828944582,-0.1936144639195452,0.3795762945862189,0.2128384465503708,ARRIVED distance=0.213 yaw_error=-0.380,True
31.000000000000004,1,2.0,0.0,0.0,1.9116022619209305,-0.19361313928632823,0.379614454983154,0.21283845470638738,ARRIVED distance=0.213 yaw_error=-0.380,True
31.000000000000004,1,2.0,0.0,0.0,1.9116022619209305,-0.19361313928632823,0.379614454983154,0.21283845470638738,ARRIVED distance=0.213 yaw_error=-0.380,True
31.1,1,2.0,0.0,0.0,1.9116003065721419,-0.19361833751827545,0.37959404324200335,0.21284399550252794,ARRIVED distance=0.213 yaw_error=-0.380,True
31.1,1,2.0,0.0,0.0,1.9116003065721419,-0.19361833751827545,0.37959404324200335,0.21284399550252794,ARRIVED distance=0.213 yaw_error=-0.380,True
31.200000000000003,1,2.0,0.0,0.0,1.911597694148532,-0.19361771387837987,0.3795957920500642,0.21284451321879705,ARRIVED distance=0.213 yaw_error=-0.380,True
31.200000000000003,1,2.0,0.0,0.0,1.911597694148532,-0.19361771387837987,0.3795957920500642,0.21284451321879705,ARRIVED distance=0.213 yaw_error=-0.380,True
31.3,1,2.0,0.0,0.0,1.9115943525504824,-0.19361923935739778,0.3795902980533976,0.21284728880186773,ARRIVED distance=0.213 yaw_error=-0.380,True
31.3,1,2.0,0.0,0.0,1.9115943525504824,-0.19361923935739778,0.3795902980533976,0.21284728880186773,ARRIVED distance=0.213 yaw_error=-0.380,True
31.400000000000002,1,2.0,0.0,0.0,1.9115917679419765,-0.1936204328174364,0.3795878255195643,0.21284944796742306,ARRIVED distance=0.213 yaw_error=-0.380,True
31.400000000000002,1,2.0,2.0,1.5707963267948963,1.9115914999734058,-0.193620598675058,0.37958746363678353,2.1954014197427476,ARRIVED distance=0.213 yaw_error=-0.380,True
31.400000000000002,1,2.0,2.0,1.5707963267948963,1.9115914999734058,-0.193620598675058,0.37958746363678353,2.1954014197427476,GOAL_RECEIVED frame=odom x=2.000 y=2.000,False
31.500000000000004,1,2.0,2.0,1.5707963267948963,1.9115887007040333,-0.193622068581627,0.3795863762888173,2.1954030011848706,TRACKING distance=2.195 heading_error=1.151 linear=0.000 angular=0.550 ,False
31.500000000000004,1,2.0,2.0,1.5707963267948963,1.9115887007040333,-0.193622068581627,0.3795863762888173,2.1954030011848706,TRACKING distance=2.195 heading_error=1.151 linear=0.000 angular=0.550 ,False
31.6,1,2.0,2.0,1.5707963267948963,1.911585494783446,-0.1936229380426375,0.37958561001689645,2.1954039990488083,TRACKING distance=2.195 heading_error=1.151 linear=0.000 angular=0.550 ,False
31.6,1,2.0,2.0,1.5707963267948963,1.911585494783446,-0.1936229380426375,0.37958561001689645,2.1954039990488083,TRACKING distance=2.195 heading_error=1.151 linear=0.000 angular=0.550 ,False
31.700000000000003,1,2.0,2.0,1.5707963267948963,1.9115823736539137,-0.1936240412038596,0.37958497346855985,2.1954052270130515,TRACKING distance=2.195 heading_error=1.151 linear=0.000 angular=0.550 ,False
31.700000000000003,1,2.0,2.0,1.5707963267948963,1.9115823736539137,-0.1936240412038596,0.37958497346855985,2.1954052270130515,TRACKING distance=2.195 heading_error=1.151 linear=0.000 angular=0.550 ,False
31.8,1,2.0,2.0,1.5707963267948963,1.91270316580048,-0.1930421495332413,0.38454121598953633,2.1947789426023383,TRACKING distance=2.195 heading_error=1.146 linear=0.000 angular=0.550 ,False
31.8,1,2.0,2.0,1.5707963267948963,1.91270316580048,-0.1930421495332413,0.38454121598953633,2.1947789426023383,TRACKING distance=2.195 heading_error=1.146 linear=0.000 angular=0.550 ,False
31.900000000000002,1,2.0,2.0,1.5707963267948963,1.9121083423274876,-0.19232756346579483,0.3993710835697365,2.194088669361448,TRACKING distance=2.194 heading_error=1.131 linear=0.000 angular=0.550 ,False
31.900000000000002,1,2.0,2.0,1.5707963267948963,1.9119619939689265,-0.1924709558219784,0.40144511227573804,2.1942378135992615,TRACKING distance=2.194 heading_error=1.131 linear=0.000 angular=0.550 ,False
32.0,1,2.0,2.0,1.5707963267948963,1.91134045550605,-0.19259576485687277,0.4210208314902629,2.1943875461955598,TRACKING distance=2.194 heading_error=1.109 linear=0.000 angular=0.550 ,False
32.0,1,2.0,2.0,1.5707963267948963,1.91134045550605,-0.19259576485687277,0.4210208314902629,2.1943875461955598,TRACKING distance=2.194 heading_error=1.109 linear=0.000 angular=0.550 ,False
32.1,1,2.0,2.0,1.5707963267948963,1.9112777407650745,-0.1926759341484829,0.44374312181880243,2.1944701846864247,TRACKING distance=2.194 heading_error=1.089 linear=0.000 angular=0.550 ,False
32.1,1,2.0,2.0,1.5707963267948963,1.9112777407650745,-0.1926759341484829,0.44374312181880243,2.1944701846864247,TRACKING distance=2.194 heading_error=1.089 linear=0.000 angular=0.550 ,False
32.2,1,2.0,2.0,1.5707963267948963,1.9115374978132464,-0.19296680313916512,0.465335826200953,2.194750330667147,TRACKING distance=2.195 heading_error=1.065 linear=0.000 angular=0.550 ,False
32.2,1,2.0,2.0,1.5707963267948963,1.9116375504669958,-0.1930620671068118,0.4678959711721228,2.1948414869120447,TRACKING distance=2.195 heading_error=1.065 linear=0.000 angular=0.550 ,False
32.300000000000004,1,2.0,2.0,1.5707963267948963,1.9120407303999114,-0.1928578254067129,0.4881888491251618,2.194621214596277,TRACKING distance=2.195 heading_error=1.043 linear=0.000 angular=0.550 ,False
32.300000000000004,1,2.0,2.0,1.5707963267948963,1.9120407303999114,-0.1928578254067129,0.4881888491251618,2.194621214596277,TRACKING distance=2.195 heading_error=1.043 linear=0.000 angular=0.550 ,False
32.4,1,2.0,2.0,1.5707963267948963,1.9127437507789777,-0.19284155759228552,0.5142894026015566,2.194576895379126,TRACKING distance=2.195 heading_error=1.019 linear=0.000 angular=0.550 ,False
32.4,1,2.0,2.0,1.5707963267948963,1.9127437507789777,-0.19284155759228552,0.5142894026015566,2.194576895379126,TRACKING distance=2.195 heading_error=1.017 linear=0.000 angular=0.550 ,False
32.5,1,2.0,2.0,1.5707963267948963,1.9126952509651025,-0.19290178027977584,0.5404163420356881,2.194638999279439,TRACKING distance=2.195 heading_error=0.994 linear=0.000 angular=0.550 ,False
32.5,1,2.0,2.0,1.5707963267948963,1.9126952509651025,-0.19290178027977584,0.5404163420356881,2.194638999279439,TRACKING distance=2.195 heading_error=0.994 linear=0.000 angular=0.550 ,False
32.6,1,2.0,2.0,1.5707963267948963,1.9125465357510294,-0.19253524940017344,0.5628664597950407,2.1942786806309327,TRACKING distance=2.194 heading_error=0.968 linear=0.000 angular=0.550 ,False
32.6,1,2.0,2.0,1.5707963267948963,1.9125465357510294,-0.19253524940017344,0.5628664597950407,2.1942786806309327,TRACKING distance=2.194 heading_error=0.968 linear=0.000 angular=0.550 ,False
32.7,1,2.0,2.0,1.5707963267948963,1.9128126300254324,-0.19257532750034964,0.5909581186865415,2.194308137943791,TRACKING distance=2.195 heading_error=0.943 linear=0.000 angular=0.550 ,False
32.7,1,2.0,2.0,1.5707963267948963,1.9128126300254324,-0.19257532750034964,0.5909581186865415,2.194308137943791,TRACKING distance=2.194 heading_error=0.940 linear=0.000 angular=0.550 ,False
32.800000000000004,1,2.0,2.0,1.5707963267948963,1.9125680031793453,-0.19263659817949103,0.6136656989020849,2.1943790934440153,TRACKING distance=2.194 heading_error=0.917 linear=0.000 angular=0.550 ,False
32.800000000000004,1,2.0,2.0,1.5707963267948963,1.9125660690511843,-0.192696528160462,0.6162479783929389,2.194439052898965,TRACKING distance=2.194 heading_error=0.917 linear=0.000 angular=0.550 ,False
32.9,1,2.0,2.0,1.5707963267948963,1.9125946622853027,-0.1927393417434624,0.6425193685769603,2.194480693442203,TRACKING distance=2.194 heading_error=0.891 linear=0.000 angular=0.550 ,False
32.9,1,2.0,2.0,1.5707963267948963,1.9125946622853027,-0.1927393417434624,0.6425193685769603,2.194480693442203,TRACKING distance=2.194 heading_error=0.891 linear=0.000 angular=0.550 ,False
33.0,1,2.0,2.0,1.5707963267948963,1.9117852735699732,-0.1925682151550023,0.6678708667267921,2.1943420918505656,TRACKING distance=2.194 heading_error=0.865 linear=0.000 angular=0.550 ,False
33.0,1,2.0,2.0,1.5707963267948963,1.9117852735699732,-0.1925682151550023,0.6678708667267921,2.1943420918505656,TRACKING distance=2.194 heading_error=0.865 linear=0.000 angular=0.550 ,False
33.1,1,2.0,2.0,1.5707963267948963,1.911118749695087,-0.1926020143213206,0.691087306888148,2.1944027592631388,TRACKING distance=2.194 heading_error=0.839 linear=0.000 angular=0.550 ,False
33.1,1,2.0,2.0,1.5707963267948963,1.9110739368206302,-0.19254419883764773,0.6936883069356251,2.194346806812725,TRACKING distance=2.194 heading_error=0.839 linear=0.000 angular=0.550 ,False
33.2,1,2.0,2.0,1.5707963267948963,1.910686930502707,-0.19232307057236314,0.7187231630174922,2.1941415793304824,TRACKING distance=2.194 heading_error=0.814 linear=0.000 angular=0.550 ,False
33.2,1,2.0,2.0,1.5707963267948963,1.910686930502707,-0.19232307057236314,0.7187231630174922,2.1941415793304824,TRACKING distance=2.194 heading_error=0.811 linear=0.000 angular=0.550 ,False
33.300000000000004,1,2.0,2.0,1.5707963267948963,1.9106071878462327,-0.19227865939347227,0.7454217122234508,2.1941004524170715,TRACKING distance=2.194 heading_error=0.787 linear=0.000 angular=0.550 ,False
33.300000000000004,1,2.0,2.0,1.5707963267948963,1.9106071878462327,-0.19227865939347227,0.7454217122234508,2.1941004524170715,TRACKING distance=2.194 heading_error=0.785 linear=0.000 angular=0.550 ,False
33.4,1,2.0,2.0,1.5707963267948963,1.9097017595700982,-0.19155238541601535,0.7717394789438963,2.1934118697242804,TRACKING distance=2.194 heading_error=0.760 linear=0.000 angular=0.550 ,False
33.4,1,2.0,2.0,1.5707963267948963,1.9097017595700982,-0.19155238541601535,0.7717394789438963,2.1934118697242804,TRACKING distance=2.193 heading_error=0.758 linear=0.000 angular=0.550 ,False
33.5,1,2.0,2.0,1.5707963267948963,1.9091296713524537,-0.1920578419430419,0.7946638484683468,2.193940518576677,TRACKING distance=2.194 heading_error=0.735 linear=0.000 angular=0.550 ,False
33.5,1,2.0,2.0,1.5707963267948963,1.9091413595421025,-0.19213770071455613,0.797365129545226,2.1940198247600127,TRACKING distance=2.194 heading_error=0.735 linear=0.000 angular=0.550 ,False
33.6,1,2.0,2.0,1.5707963267948963,1.9084890604127724,-0.19171564571833896,0.8242149778383812,2.193625246880308,TRACKING distance=2.194 heading_error=0.705 linear=0.000 angular=0.550 ,False
33.6,1,2.0,2.0,1.5707963267948963,1.9084890604127724,-0.19171564571833896,0.8242149778383812,2.193625246880308,TRACKING distance=2.194 heading_error=0.705 linear=0.000 angular=0.550 ,False
33.7,1,2.0,2.0,1.5707963267948963,1.9081049803526342,-0.1918025378199615,0.8511352647797499,2.193728118849283,TRACKING distance=2.194 heading_error=0.680 linear=0.350 angular=0.550 ,False
33.7,1,2.0,2.0,1.5707963267948963,1.9081049803526342,-0.1918025378199615,0.8511352647797499,2.193728118849283,TRACKING distance=2.194 heading_error=0.680 linear=0.350 angular=0.550 ,False
33.800000000000004,1,2.0,2.0,1.5707963267948963,1.907706906453136,-0.19153934229011166,0.8757586599645885,2.1934818676984373,TRACKING distance=2.193 heading_error=0.653 linear=0.350 angular=0.550 ,False
33.800000000000004,1,2.0,2.0,1.5707963267948963,1.9076678992422202,-0.191176300841392,0.8786583377867123,2.1931207896965708,TRACKING distance=2.193 heading_error=0.653 linear=0.350 angular=0.550 ,False
33.9,1,2.0,2.0,1.5707963267948963,1.9073533627821329,-0.1915033645307787,0.9032544005312111,2.1934608262144786,TRACKING distance=2.193 heading_error=0.625 linear=0.350 angular=0.550 ,False
33.9,1,2.0,2.0,1.5707963267948963,1.907417328811046,-0.19153606045533056,0.9061099815565795,2.193490792157686,TRACKING distance=2.193 heading_error=0.625 linear=0.350 angular=0.550 ,False
34.0,1,2.0,2.0,1.5707963267948963,1.9126042332184088,-0.18508192893265127,0.9332081898202123,2.1868289956462936,TRACKING distance=2.187 heading_error=0.598 linear=0.350 angular=0.550 ,False
34.0,1,2.0,2.0,1.5707963267948963,1.9126042332184088,-0.18508192893265127,0.9332081898202123,2.1868289956462936,TRACKING distance=2.187 heading_error=0.598 linear=0.350 angular=0.550 ,False
34.1,1,2.0,2.0,1.5707963267948963,1.9226763283096662,-0.16975862435673394,0.9589990251175611,2.1711359787388034,TRACKING distance=2.172 heading_error=0.579 linear=0.350 angular=0.550 ,False
34.1,1,2.0,2.0,1.5707963267948963,1.9226763283096662,-0.16975862435673394,0.9589990251175611,2.1711359787388034,TRACKING distance=2.172 heading_error=0.579 linear=0.350 angular=0.550 ,False
34.2,1,2.0,2.0,1.5707963267948963,1.9332147497706815,-0.1537754660298367,0.9908343194053425,2.1548106709686197,TRACKING distance=2.157 heading_error=0.552 linear=0.350 angular=0.550 ,False
34.2,1,2.0,2.0,1.5707963267948963,1.9332147497706815,-0.1537754660298367,0.9908343194053425,2.1548106709686197,TRACKING distance=2.157 heading_error=0.552 linear=0.350 angular=0.550 ,False
34.300000000000004,1,2.0,2.0,1.5707963267948963,1.943670924670092,-0.13832850658005402,1.0276345802829703,2.13907030430989,TRACKING distance=2.141 heading_error=0.520 linear=0.350 angular=0.550 ,False
34.300000000000004,1,2.0,2.0,1.5707963267948963,1.943670924670092,-0.13832850658005402,1.0276345802829703,2.13907030430989,TRACKING distance=2.141 heading_error=0.520 linear=0.350 angular=0.550 ,False
34.400000000000006,1,2.0,2.0,1.5707963267948963,1.9517096209787401,-0.12368489938098991,1.0622977443076163,2.12423386484748,TRACKING distance=2.124 heading_error=0.486 linear=0.350 angular=0.550 ,False
34.400000000000006,1,2.0,2.0,1.5707963267948963,1.953004778457826,-0.12208921547893904,1.0662058191262451,2.1226095235110525,TRACKING distance=2.124 heading_error=0.486 linear=0.350 angular=0.550 ,False
34.5,1,2.0,2.0,1.5707963267948963,1.9596065923942942,-0.10626546899928865,1.1023926102721788,2.1066527604892067,TRACKING distance=2.107 heading_error=0.449 linear=0.350 angular=0.539 ,False
34.5,1,2.0,2.0,1.5707963267948963,1.9602489088688817,-0.10451237688044107,1.1064719128447391,2.1048877627296614,TRACKING distance=2.107 heading_error=0.449 linear=0.350 angular=0.539 ,False
34.6,1,2.0,2.0,1.5707963267948963,1.9689451332589563,-0.08791145881820493,1.1474187249698355,2.088142395674363,TRACKING distance=2.090 heading_error=0.412 linear=0.350 angular=0.495 ,False
34.6,1,2.0,2.0,1.5707963267948963,1.9689451332589563,-0.08791145881820493,1.1474187249698355,2.088142395674363,TRACKING distance=2.090 heading_error=0.412 linear=0.350 angular=0.495 ,False
34.7,1,2.0,2.0,1.5707963267948963,1.9775705196593565,-0.07103720252295118,1.1886193944696029,2.071158655396163,TRACKING distance=2.071 heading_error=0.371 linear=0.350 angular=0.446 ,False
34.7,1,2.0,2.0,1.5707963267948963,1.9775705196593565,-0.07103720252295118,1.1886193944696029,2.071158655396163,TRACKING distance=2.071 heading_error=0.371 linear=0.350 angular=0.446 ,False
34.800000000000004,1,2.0,2.0,1.5707963267948963,1.9816798285703772,-0.05477335205788659,1.225404791094119,2.054855020922015,TRACKING distance=2.055 heading_error=0.336 linear=0.350 angular=0.404 ,False
34.800000000000004,1,2.0,2.0,1.5707963267948963,1.9826386541704673,-0.05314386018167095,1.229443513526812,2.0532172624763083,TRACKING distance=2.055 heading_error=0.336 linear=0.350 angular=0.404 ,False
34.900000000000006,1,2.0,2.0,1.5707963267948963,1.9875003210466666,-0.036670318267224486,1.2660360282947398,2.0367086751140073,TRACKING distance=2.037 heading_error=0.299 linear=0.350 angular=0.358 ,False
34.900000000000006,1,2.0,2.0,1.5707963267948963,1.9877090870413736,-0.03478659709651943,1.2701899620475579,2.034823717736991,TRACKING distance=2.037 heading_error=0.299 linear=0.350 angular=0.358 ,False
35.0,1,2.0,2.0,1.5707963267948963,1.994018899105174,-0.019138369690291552,1.3067975526857725,2.0191472282930443,TRACKING distance=2.019 heading_error=0.261 linear=0.350 angular=0.313 ,False
35.0,1,2.0,2.0,1.5707963267948963,1.9941316182807267,-0.01739503910338156,1.3108730079264246,2.017403574325905,TRACKING distance=2.019 heading_error=0.261 linear=0.350 angular=0.313 ,False
35.1,1,2.0,2.0,1.5707963267948963,1.9986511502875486,0.0009706016301562898,1.3518666544843196,1.9990298534395243,TRACKING distance=2.001 heading_error=0.222 linear=0.350 angular=0.266 ,False
35.1,1,2.0,2.0,1.5707963267948963,1.9986511502875486,0.0009706016301562898,1.3518666544843196,1.9990298534395243,TRACKING distance=2.001 heading_error=0.222 linear=0.350 angular=0.266 ,False
35.2,1,2.0,2.0,1.5707963267948963,2.0008449454281143,0.019590671803875137,1.3927635810946961,1.9804095084449083,TRACKING distance=1.982 heading_error=0.182 linear=0.350 angular=0.218 ,False
35.2,1,2.0,2.0,1.5707963267948963,2.0008449454281143,0.019590671803875137,1.3927635810946961,1.9804095084449083,TRACKING distance=1.982 heading_error=0.182 linear=0.350 angular=0.218 ,False
35.300000000000004,1,2.0,2.0,1.5707963267948963,2.0040004760586196,0.03612298434690864,1.4277349877410925,1.9638810901933925,TRACKING distance=1.964 heading_error=0.145 linear=0.350 angular=0.174 ,False
35.300000000000004,1,2.0,2.0,1.5707963267948963,2.00394382785697,0.03803660992771268,1.4315697446696958,1.9619673538981497,TRACKING distance=1.964 heading_error=0.145 linear=0.350 angular=0.174 ,False
35.400000000000006,1,2.0,2.0,1.5707963267948963,2.0068967534100515,0.0565667398837943,1.4676604342889898,1.943445497494978,TRACKING distance=1.945 heading_error=0.110 linear=0.350 angular=0.132 ,False
35.400000000000006,1,2.0,2.0,1.5707963267948963,2.0068967534100515,0.0565667398837943,1.4676604342889898,1.943445497494978,TRACKING distance=1.945 heading_error=0.110 linear=0.350 angular=0.132 ,False
35.5,1,2.0,2.0,1.5707963267948963,2.0086210196737646,0.07514988976710993,1.4986869683969013,1.9248694160497706,TRACKING distance=1.927 heading_error=0.079 linear=0.350 angular=0.095 ,False
35.5,1,2.0,2.0,1.5707963267948963,2.0086210196737646,0.07514988976710993,1.4986869683969013,1.9248694160497706,TRACKING distance=1.927 heading_error=0.079 linear=0.350 angular=0.095 ,False
35.6,1,2.0,2.0,1.5707963267948963,2.0088141033690947,0.09429389284388578,1.5251422303933284,1.905726490152853,TRACKING distance=1.908 heading_error=0.052 linear=0.350 angular=0.063 ,False
35.6,1,2.0,2.0,1.5707963267948963,2.0088141033690947,0.09429389284388578,1.5251422303933284,1.905726490152853,TRACKING distance=1.906 heading_error=0.050 linear=0.350 angular=0.060 ,False
35.7,1,2.0,2.0,1.5707963267948963,2.0094930584545634,0.11329159109913799,1.546030725096136,1.886732291125597,TRACKING distance=1.889 heading_error=0.032 linear=0.350 angular=0.038 ,False
35.7,1,2.0,2.0,1.5707963267948963,2.0094930584545634,0.11329159109913799,1.546030725096136,1.886732291125597,TRACKING distance=1.887 heading_error=0.030 linear=0.350 angular=0.036 ,False
35.800000000000004,1,2.0,2.0,1.5707963267948963,2.009829517670969,0.13044772108986685,1.5597117735676822,1.8695781189871998,TRACKING distance=1.870 heading_error=0.016 linear=0.350 angular=0.020 ,False
35.800000000000004,1,2.0,2.0,1.5707963267948963,2.0099014428557247,0.13234659419918993,1.5608715385631622,1.8676796520736607,TRACKING distance=1.870 heading_error=0.016 linear=0.350 angular=0.020 ,False
35.900000000000006,1,2.0,2.0,1.5707963267948963,2.0100166804827833,0.14945789457727424,1.5689456261755086,1.8505692145473156,TRACKING distance=1.851 heading_error=0.007 linear=0.350 angular=0.009 ,False
35.900000000000006,1,2.0,2.0,1.5707963267948963,2.0099523664666683,0.15135373167388427,1.5696276863657315,1.8486730578970312,TRACKING distance=1.851 heading_error=0.007 linear=0.350 angular=0.009 ,False
36.0,1,2.0,2.0,1.5707963267948963,2.00987602993727,0.17051312300150057,1.5749900572779867,1.829513533450093,TRACKING distance=1.831 heading_error=0.002 linear=0.350 angular=0.002 ,False
36.0,1,2.0,2.0,1.5707963267948963,2.00987602993727,0.17051312300150057,1.5749900572779867,1.829513533450093,TRACKING distance=1.831 heading_error=0.002 linear=0.350 angular=0.002 ,False
36.1,1,2.0,2.0,1.5707963267948963,2.009715996976017,0.18964813647403173,1.5783673727748102,1.8103779357827978,TRACKING distance=1.812 heading_error=-0.002 linear=0.350 angular=-0.002 ,False
36.1,1,2.0,2.0,1.5707963267948963,2.009715996976017,0.18964813647403173,1.5783673727748102,1.8103779357827978,TRACKING distance=1.812 heading_error=-0.002 linear=0.350 angular=-0.002 ,False
36.2,1,2.0,2.0,1.5707963267948963,2.0095166917213083,0.20690554806784145,1.579566390721931,1.79311970625812,TRACKING distance=1.793 heading_error=-0.003 linear=0.350 angular=-0.004 ,False
36.2,1,2.0,2.0,1.5707963267948963,2.009506710232218,0.20882416911923787,1.5796129602738855,1.791201059253491,TRACKING distance=1.793 heading_error=-0.003 linear=0.350 angular=-0.004 ,False
36.300000000000004,1,2.0,2.0,1.5707963267948963,2.0093265230288173,0.22609015090442505,1.5795956852471207,1.7739343665282807,TRACKING distance=1.774 heading_error=-0.004 linear=0.350 angular=-0.004 ,False
36.300000000000004,1,2.0,2.0,1.5707963267948963,2.0093087566367362,0.22801019005547282,1.5795707628445346,1.7720142605231382,TRACKING distance=1.774 heading_error=-0.004 linear=0.350 angular=-0.004 ,False
36.400000000000006,1,2.0,2.0,1.5707963267948963,2.0091107090383797,0.24719570195709598,1.5792448449605943,1.75282797566015,TRACKING distance=1.755 heading_error=-0.003 linear=0.350 angular=-0.004 ,False
36.400000000000006,1,2.0,2.0,1.5707963267948963,2.0091107090383797,0.24719570195709598,1.5792448449605943,1.75282797566015,TRACKING distance=1.755 heading_error=-0.003 linear=0.350 angular=-0.004 ,False
36.5,1,2.0,2.0,1.5707963267948963,2.008957054515386,0.264466426529338,1.5788584947052247,1.7355566869075287,TRACKING distance=1.736 heading_error=-0.003 linear=0.350 angular=-0.003 ,False
36.5,1,2.0,2.0,1.5707963267948963,2.008937044330011,0.2663862614349622,1.5788105632363256,1.7336367743281187,TRACKING distance=1.736 heading_error=-0.003 linear=0.350 angular=-0.003 ,False
36.6,1,2.0,2.0,1.5707963267948963,2.008763919680329,0.2855765013361775,1.5782874667750855,1.7144458985511515,TRACKING distance=1.714 heading_error=-0.002 linear=0.350 angular=-0.003 ,False
36.6,1,2.0,2.0,1.5707963267948963,2.008763919680329,0.2855765013361775,1.5782874667750855,1.7144458985511515,TRACKING distance=1.714 heading_error=-0.002 linear=0.350 angular=-0.003 ,False
36.7,1,2.0,2.0,1.5707963267948963,2.008597172391297,0.3047659940741325,1.5777633775428725,1.695255805541037,TRACKING distance=1.697 heading_error=-0.002 linear=0.350 angular=-0.002 ,False
36.7,1,2.0,2.0,1.5707963267948963,2.008597172391297,0.3047659940741325,1.5777633775428725,1.695255805541037,TRACKING distance=1.695 heading_error=-0.002 linear=0.350 angular=-0.002 ,False
36.800000000000004,1,2.0,2.0,1.5707963267948963,2.0084241322884084,0.3239549519414794,1.5772774495364958,1.676066218598269,TRACKING distance=1.678 heading_error=-0.001 linear=0.350 angular=-0.002 ,False
36.800000000000004,1,2.0,2.0,1.5707963267948963,2.0084241322884084,0.3239549519414794,1.5772774495364958,1.676066218598269,TRACKING distance=1.678 heading_error=-0.001 linear=0.350 angular=-0.002 ,False
36.900000000000006,1,2.0,2.0,1.5707963267948963,2.0082632094338946,0.34314493433401694,1.5768195141384842,1.6568756710306232,TRACKING distance=1.659 heading_error=-0.001 linear=0.350 angular=-0.001 ,False
36.900000000000006,1,2.0,2.0,1.5707963267948963,2.0082632094338946,0.34314493433401694,1.5768195141384842,1.6568756710306232,TRACKING distance=1.659 heading_error=-0.001 linear=0.350 angular=-0.001 ,False
37.0,1,2.0,2.0,1.5707963267948963,2.0081183267616995,0.3623330626249322,1.5764118396949278,1.6376870595449071,TRACKING distance=1.640 heading_error=-0.001 linear=0.350 angular=-0.001 ,False
37.0,1,2.0,2.0,1.5707963267948963,2.0081183267616995,0.3623330626249322,1.5764118396949278,1.6376870595449071,TRACKING distance=1.640 heading_error=-0.001 linear=0.350 angular=-0.001 ,False
37.1,1,2.0,2.0,1.5707963267948963,2.00799368761103,0.3796037387441111,1.5761406400545608,1.6204159782394414,TRACKING distance=1.620 heading_error=-0.000 linear=0.350 angular=-0.000 ,False
37.1,1,2.0,2.0,1.5707963267948963,2.0079820363198797,0.3815225374768602,1.5761159499712616,1.6184971453787471,TRACKING distance=1.620 heading_error=-0.000 linear=0.350 angular=-0.000 ,False
37.2,1,2.0,2.0,1.5707963267948963,2.007864876935051,0.4007130609856577,1.5759336407189264,1.5993062776063465,TRACKING distance=1.601 heading_error=-0.000 linear=0.350 angular=-0.000 ,False
37.2,1,2.0,2.0,1.5707963267948963,2.007864876935051,0.4007130609856577,1.5759336407189264,1.5993062776063465,TRACKING distance=1.601 heading_error=-0.000 linear=0.350 angular=-0.000 ,False
37.300000000000004,1,2.0,2.0,1.5707963267948963,2.007739901143257,0.4199025975171829,1.5757736063383214,1.5801163588174933,TRACKING distance=1.580 heading_error=-0.000 linear=0.350 angular=-0.000 ,False
37.300000000000004,1,2.0,2.0,1.5707963267948963,2.007739901143257,0.4199025975171829,1.5757736063383214,1.5801163588174933,TRACKING distance=1.580 heading_error=-0.000 linear=0.350 angular=-0.000 ,False
37.400000000000006,1,2.0,2.0,1.5707963267948963,2.0076201144595704,0.43909093021761303,1.5756739317519137,1.5609276697763077,TRACKING distance=1.563 heading_error=-0.000 linear=0.350 angular=-0.000 ,False
37.400000000000006,1,2.0,2.0,1.5707963267948963,2.0076201144595704,0.43909093021761303,1.5756739317519137,1.5609276697763077,TRACKING distance=1.563 heading_error=-0.000 linear=0.350 angular=-0.000 ,False
37.5,1,2.0,2.0,1.5707963267948963,2.007493005104416,0.45827930567331354,1.5756085556863404,1.5417389028109316,TRACKING distance=1.544 heading_error=0.000 linear=0.350 angular=0.000 ,False
37.5,1,2.0,2.0,1.5707963267948963,2.007493005104416,0.45827930567331354,1.5756085556863404,1.5417389028109316,TRACKING distance=1.542 heading_error=0.000 linear=0.350 angular=0.000 ,False
37.6,1,2.0,2.0,1.5707963267948963,2.0073725704385037,0.4774687362956367,1.5755961392522533,1.522549113740531,TRACKING distance=1.524 heading_error=0.000 linear=0.350 angular=0.000 ,False
37.6,1,2.0,2.0,1.5707963267948963,2.0073725704385037,0.4774687362956367,1.5755961392522533,1.522549113740531,TRACKING distance=1.523 heading_error=0.000 linear=0.350 angular=0.000 ,False
37.7,1,2.0,2.0,1.5707963267948963,2.007253954474461,0.4966573931348326,1.5755903972100287,1.5033601077159373,TRACKING distance=1.503 heading_error=0.000 linear=0.350 angular=0.000 ,False
37.7,1,2.0,2.0,1.5707963267948963,2.007253954474461,0.4966573931348326,1.5755903972100287,1.5033601077159373,TRACKING distance=1.503 heading_error=0.000 linear=0.350 angular=0.000 ,False
37.800000000000004,1,2.0,2.0,1.5707963267948963,2.007141329658898,0.5158472329789686,1.5756041993345073,1.4841699479660277,TRACKING distance=1.486 heading_error=0.000 linear=0.350 angular=0.000 ,False
37.800000000000004,1,2.0,2.0,1.5707963267948963,2.007141329658898,0.5158472329789686,1.5756041993345073,1.4841699479660277,TRACKING distance=1.486 heading_error=0.000 linear=0.350 angular=0.000 ,False
37.900000000000006,1,2.0,2.0,1.5707963267948963,2.007025439803714,0.5350361552901836,1.5756135261200641,1.4649806903544504,TRACKING distance=1.467 heading_error=-0.000 linear=0.350 angular=-0.000 ,False
37.900000000000006,1,2.0,2.0,1.5707963267948963,2.007025439803714,0.5350361552901836,1.5756135261200641,1.4649806903544504,TRACKING distance=1.467 heading_error=-0.000 linear=0.350 angular=-0.000 ,False
38.0,1,2.0,2.0,1.5707963267948963,2.006911610309704,0.554223720212099,1.5756066973630762,1.4457928003536387,TRACKING distance=1.448 heading_error=-0.000 linear=0.350 angular=-0.000 ,False
38.0,1,2.0,2.0,1.5707963267948963,2.006911610309704,0.554223720212099,1.5756066973630762,1.4457928003536387,TRACKING distance=1.448 heading_error=-0.000 linear=0.350 angular=-0.000 ,False
38.1,1,2.0,2.0,1.5707963267948963,2.00679012587764,0.5734139788352641,1.5755978556760972,1.4266021805647384,TRACKING distance=1.429 heading_error=-0.000 linear=0.350 angular=-0.000 ,False
38.1,1,2.0,2.0,1.5707963267948963,2.00679012587764,0.5734139788352641,1.5755978556760972,1.4266021805647384,TRACKING distance=1.429 heading_error=-0.000 linear=0.350 angular=-0.000 ,False
38.2,1,2.0,2.0,1.5707963267948963,2.0066698379532957,0.5926045612426336,1.575601274167139,1.407411243302171,TRACKING distance=1.409 heading_error=-0.000 linear=0.350 angular=-0.000 ,False
38.2,1,2.0,2.0,1.5707963267948963,2.0066698379532957,0.5926045612426336,1.575601274167139,1.407411243302171,TRACKING distance=1.409 heading_error=-0.000 linear=0.350 angular=-0.000 ,False
38.300000000000004,1,2.0,2.0,1.5707963267948963,2.006559756454082,0.6117936353588808,1.5755822037914846,1.388221863116573,TRACKING distance=1.390 heading_error=-0.000 linear=0.350 angular=-0.000 ,False
38.300000000000004,1,2.0,2.0,1.5707963267948963,2.006559756454082,0.6117936353588808,1.5755822037914846,1.388221863116573,TRACKING distance=1.390 heading_error=-0.000 linear=0.350 angular=-0.000 ,False
38.400000000000006,1,2.0,2.0,1.5707963267948963,2.006442341509244,0.6309826499267822,1.575585098982168,1.3690325082209032,TRACKING distance=1.369 heading_error=-0.000 linear=0.350 angular=-0.000 ,False
38.400000000000006,1,2.0,2.0,1.5707963267948963,2.006442341509244,0.6309826499267822,1.575585098982168,1.3690325082209032,TRACKING distance=1.369 heading_error=-0.000 linear=0.350 angular=-0.000 ,False
38.5,1,2.0,2.0,1.5707963267948963,2.006334791070078,0.6501712139770748,1.5755710917945782,1.3498436506329263,TRACKING distance=1.352 heading_error=-0.000 linear=0.350 angular=-0.000 ,False
38.5,1,2.0,2.0,1.5707963267948963,2.006334791070078,0.6501712139770748,1.5755710917945782,1.3498436506329263,TRACKING distance=1.352 heading_error=-0.000 linear=0.350 angular=-0.000 ,False
38.6,1,2.0,2.0,1.5707963267948963,2.006224030181246,0.6693604221945229,1.5755652500982866,1.3306541340912128,TRACKING distance=1.333 heading_error=-0.000 linear=0.350 angular=-0.000 ,False
38.6,1,2.0,2.0,1.5707963267948963,2.006224030181246,0.6693604221945229,1.5755652500982866,1.3306541340912128,TRACKING distance=1.331 heading_error=-0.000 linear=0.350 angular=-0.000 ,False
38.7,1,2.0,2.0,1.5707963267948963,2.006127938898521,0.6866304210509966,1.5755551978156543,1.3133838747844542,TRACKING distance=1.313 heading_error=-0.000 linear=0.350 angular=-0.000 ,False
38.7,1,2.0,2.0,1.5707963267948963,2.006117684704081,0.6885494390279197,1.5755544028795465,1.3114648298525289,TRACKING distance=1.313 heading_error=-0.000 linear=0.350 angular=-0.000 ,False
38.800000000000004,1,2.0,2.0,1.5707963267948963,2.0060094153855936,0.707738257087083,1.5755087858129118,1.2922757156542122,TRACKING distance=1.294 heading_error=-0.000 linear=0.350 angular=-0.000 ,False
38.800000000000004,1,2.0,2.0,1.5707963267948963,2.0060094153855936,0.707738257087083,1.5755087858129118,1.2922757156542122,TRACKING distance=1.294 heading_error=-0.000 linear=0.350 angular=-0.000 ,False
38.900000000000006,1,2.0,2.0,1.5707963267948963,2.005891441358583,0.7269279208669865,1.5754860672271482,1.2730857110773552,TRACKING distance=1.275 heading_error=-0.000 linear=0.350 angular=-0.000 ,False
38.900000000000006,1,2.0,2.0,1.5707963267948963,2.005891441358583,0.7269279208669865,1.5754860672271482,1.2730857110773552,TRACKING distance=1.275 heading_error=-0.000 linear=0.350 angular=-0.000 ,False
39.0,1,2.0,2.0,1.5707963267948963,2.0057692777796627,0.7461174279645323,1.5754630624357362,1.253895844566198,TRACKING distance=1.256 heading_error=-0.000 linear=0.350 angular=-0.000 ,False
39.0,1,2.0,2.0,1.5707963267948963,2.0057692777796627,0.7461174279645323,1.5754630624357362,1.253895844566198,TRACKING distance=1.256 heading_error=-0.000 linear=0.350 angular=-0.000 ,False
39.1,1,2.0,2.0,1.5707963267948963,2.0056672063776806,0.7633894408696439,1.575452359600847,1.2366235450535539,TRACKING distance=1.237 heading_error=-0.000 linear=0.350 angular=-0.000 ,False
39.1,1,2.0,2.0,1.5707963267948963,2.0056576568812825,0.7653078115449014,1.5754514551576746,1.2347051507600617,TRACKING distance=1.237 heading_error=-0.000 linear=0.350 angular=-0.000 ,False
39.2,1,2.0,2.0,1.5707963267948963,2.0055485058750793,0.7844976738974087,1.575444511121535,1.2155149899027393,TRACKING distance=1.217 heading_error=-0.000 linear=0.350 angular=-0.000 ,False
39.2,1,2.0,2.0,1.5707963267948963,2.0055485058750793,0.7844976738974087,1.575444511121535,1.2155149899027393,TRACKING distance=1.217 heading_error=-0.000 linear=0.350 angular=-0.000 ,False
39.300000000000004,1,2.0,2.0,1.5707963267948963,2.0054407223612674,0.8036885467011182,1.5754355118011665,1.1963238252053223,TRACKING distance=1.198 heading_error=-0.000 linear=0.350 angular=-0.000 ,False
39.300000000000004,1,2.0,2.0,1.5707963267948963,2.0054407223612674,0.8036885467011182,1.5754355118011665,1.1963238252053223,TRACKING distance=1.196 heading_error=-0.000 linear=0.350 angular=-0.000 ,False
39.400000000000006,1,2.0,2.0,1.5707963267948963,2.005326544849501,0.8228786801939076,1.5754457700618307,1.1771333712124852,TRACKING distance=1.179 heading_error=-0.000 linear=0.350 angular=-0.000 ,False
39.400000000000006,1,2.0,2.0,1.5707963267948963,2.005326544849501,0.8228786801939076,1.5754457700618307,1.1771333712124852,TRACKING distance=1.177 heading_error=-0.000 linear=0.350 angular=-0.000 ,False
39.5,1,2.0,2.0,1.5707963267948963,2.0052131746203585,0.8420685215978742,1.575438523914734,1.1579432135748953,TRACKING distance=1.160 heading_error=-0.000 linear=0.350 angular=-0.000 ,False
39.5,1,2.0,2.0,1.5707963267948963,2.0052131746203585,0.8420685215978742,1.575438523914734,1.1579432135748953,TRACKING distance=1.160 heading_error=-0.000 linear=0.350 angular=-0.000 ,False
39.6,1,2.0,2.0,1.5707963267948963,2.0051060862113026,0.8612586802091863,1.57542159296617,1.1387527675115972,TRACKING distance=1.141 heading_error=-0.000 linear=0.350 angular=-0.000 ,False
39.6,1,2.0,2.0,1.5707963267948963,2.0051060862113026,0.8612586802091863,1.57542159296617,1.1387527675115972,TRACKING distance=1.139 heading_error=-0.000 linear=0.350 angular=-0.000 ,False
39.7,1,2.0,2.0,1.5707963267948963,2.0049925150118373,0.8804482381041684,1.5754111530953911,1.1195628936197397,TRACKING distance=1.121 heading_error=-0.000 linear=0.350 angular=-0.000 ,False
39.7,1,2.0,2.0,1.5707963267948963,2.0049925150118373,0.8804482381041684,1.5754111530953911,1.1195628936197397,TRACKING distance=1.121 heading_error=-0.000 linear=0.350 angular=-0.000 ,False
39.800000000000004,1,2.0,2.0,1.5707963267948963,2.004895757160807,0.8996384156340883,1.575386287959313,1.100372475476571,TRACKING distance=1.102 heading_error=-0.000 linear=0.350 angular=-0.000 ,False
39.800000000000004,1,2.0,2.0,1.5707963267948963,2.004895757160807,0.8996384156340883,1.575386287959313,1.100372475476571,TRACKING distance=1.102 heading_error=-0.000 linear=0.350 angular=-0.000 ,False
39.900000000000006,1,2.0,2.0,1.5707963267948963,2.0047754978705368,0.9188293936390511,1.5753856702841553,1.0811811529243438,TRACKING distance=1.083 heading_error=-0.000 linear=0.350 angular=-0.000 ,False
39.900000000000006,1,2.0,2.0,1.5707963267948963,2.0047754978705368,0.9188293936390511,1.5753856702841553,1.0811811529243438,TRACKING distance=1.083 heading_error=-0.000 linear=0.350 angular=-0.000 ,False
40.0,1,2.0,2.0,1.5707963267948963,2.0046811663763338,0.9361021282323948,1.5753799604170962,1.0639081703184172,TRACKING distance=1.064 heading_error=-0.000 linear=0.350 angular=-0.000 ,False
40.0,1,2.0,2.0,1.5707963267948963,2.004672028425283,0.938019527480719,1.5753801305275932,1.0619907494238743,TRACKING distance=1.064 heading_error=-0.000 linear=0.350 angular=-0.000 ,False
40.1,1,2.0,2.0,1.5707963267948963,2.004573171888219,0.9552920070331004,1.5753734371564883,1.0447180023671683,TRACKING distance=1.045 heading_error=-0.000 linear=0.350 angular=-0.000 ,False
40.1,1,2.0,2.0,1.5707963267948963,2.004573171888219,0.9552920070331004,1.5753734371564883,1.0447180023671683,TRACKING distance=1.045 heading_error=-0.000 linear=0.350 angular=-0.000 ,False
40.2,1,2.0,2.0,1.5707963267948963,2.0044483530906887,0.9764015269195397,1.5753709843523016,1.0236081388587477,TRACKING distance=1.026 heading_error=-0.000 linear=0.350 angular=-0.000 ,False
40.2,1,2.0,2.0,1.5707963267948963,2.0044483530906887,0.9764015269195397,1.5753709843523016,1.0236081388587477,TRACKING distance=1.024 heading_error=-0.000 linear=0.350 angular=-0.000 ,False
40.300000000000004,1,2.0,2.0,1.5707963267948963,2.0043365211626374,0.9955930765484996,1.575336057706874,1.0044162848605664,TRACKING distance=1.006 heading_error=-0.000 linear=0.350 angular=-0.000 ,False
40.300000000000004,1,2.0,2.0,1.5707963267948963,2.0043365211626374,0.9955930765484996,1.575336057706874,1.0044162848605664,TRACKING distance=1.006 heading_error=-0.000 linear=0.350 angular=-0.000 ,False
40.400000000000006,1,2.0,2.0,1.5707963267948963,2.004232897045074,1.0147832399914702,1.5753145472208898,0.9852258531012568,TRACKING distance=0.987 heading_error=-0.000 linear=0.350 angular=-0.000 ,False
40.400000000000006,1,2.0,2.0,1.5707963267948963,2.004232897045074,1.0147832399914702,1.5753145472208898,0.9852258531012568,TRACKING distance=0.987 heading_error=-0.000 linear=0.350 angular=-0.000 ,False
40.5,1,2.0,2.0,1.5707963267948963,2.0041298185234457,1.0339735456393304,1.5752832819938152,0.9660352819259157,TRACKING distance=0.968 heading_error=-0.000 linear=0.350 angular=-0.000 ,False
40.5,1,2.0,2.0,1.5707963267948963,2.0041298185234457,1.0339735456393304,1.5752832819938152,0.9660352819259157,TRACKING distance=0.968 heading_error=-0.000 linear=0.350 angular=-0.000 ,False
40.6,1,2.0,2.0,1.5707963267948963,2.0040290883178153,1.0531637706015786,1.5752618664544802,0.9468448018836523,TRACKING distance=0.949 heading_error=-0.000 linear=0.350 angular=-0.000 ,False
40.6,1,2.0,2.0,1.5707963267948963,2.0040290883178153,1.0531637706015786,1.5752618664544802,0.9468448018836523,TRACKING distance=0.949 heading_error=-0.000 linear=0.350 angular=-0.000 ,False
40.7,1,2.0,2.0,1.5707963267948963,2.003938148454965,1.0704358931339695,1.5752426838820495,0.9295724489177238,TRACKING distance=0.930 heading_error=-0.000 linear=0.350 angular=-0.000 ,False
40.7,1,2.0,2.0,1.5707963267948963,2.003938148454965,1.0704358931339695,1.5752426838820495,0.9295724489177238,TRACKING distance=0.930 heading_error=-0.000 linear=0.350 angular=-0.000 ,False
40.800000000000004,1,2.0,2.0,1.5707963267948963,2.0038195982644766,1.091546621845982,1.5752185297645536,0.9084614078816718,TRACKING distance=0.910 heading_error=-0.000 linear=0.350 angular=-0.000 ,False
40.800000000000004,1,2.0,2.0,1.5707963267948963,2.0038195982644766,1.091546621845982,1.5752185297645536,0.9084614078816718,TRACKING distance=0.910 heading_error=-0.000 linear=0.350 angular=-0.000 ,False
40.900000000000006,1,2.0,2.0,1.5707963267948963,2.003718337451891,1.108819172433234,1.5751919799133365,0.8911885846755401,TRACKING distance=0.891 heading_error=-0.000 linear=0.350 angular=-0.000 ,False
40.900000000000006,1,2.0,2.0,1.5707963267948963,2.003718337451891,1.108819172433234,1.5751919799133365,0.8911885846755401,TRACKING distance=0.891 heading_error=-0.000 linear=0.350 angular=-0.000 ,False
41.0,1,2.0,2.0,1.5707963267948963,2.003621267961338,1.1280117600453143,1.5751600333423885,0.8719957592792056,TRACKING distance=0.872 heading_error=-0.000 linear=0.350 angular=-0.000 ,False
41.0,1,2.0,2.0,1.5707963267948963,2.0036132742679844,1.1299297260718,1.5751587537938918,0.8700777765949598,TRACKING distance=0.872 heading_error=-0.000 linear=0.350 angular=-0.000 ,False
41.1,1,2.0,2.0,1.5707963267948963,2.003526412363388,1.147203506181103,1.5751445549463483,0.8528037848496925,TRACKING distance=0.853 heading_error=-0.000 linear=0.350 angular=-0.000 ,False
41.1,1,2.0,2.0,1.5707963267948963,2.00351876269524,1.149121325578461,1.5751416364879878,0.8508859502167496,TRACKING distance=0.853 heading_error=-0.000 linear=0.350 angular=-0.000 ,False
41.2,1,2.0,2.0,1.5707963267948963,2.003411752330265,1.1683125341100344,1.5751346923269238,0.8316944637139505,TRACKING distance=0.834 heading_error=-0.000 linear=0.350 angular=-0.000 ,False
41.2,1,2.0,2.0,1.5707963267948963,2.003411752330265,1.1683125341100344,1.5751346923269238,0.8316944637139505,TRACKING distance=0.834 heading_error=-0.000 linear=0.350 angular=-0.000 ,False
41.300000000000004,1,2.0,2.0,1.5707963267948963,2.0033108330231824,1.1875043945658164,1.5751346382689633,0.8125023510520865,TRACKING distance=0.814 heading_error=-0.000 linear=0.350 angular=-0.000 ,False
41.300000000000004,1,2.0,2.0,1.5707963267948963,2.0033108330231824,1.1875043945658164,1.5751346382689633,0.8125023510520865,TRACKING distance=0.814 heading_error=-0.000 linear=0.350 angular=-0.000 ,False
41.400000000000006,1,2.0,2.0,1.5707963267948963,2.003219006790616,1.2047747378033116,1.5751163848152312,0.7952317773080436,TRACKING distance=0.795 heading_error=-0.000 linear=0.350 angular=-0.000 ,False
41.400000000000006,1,2.0,2.0,1.5707963267948963,2.0032112193049283,1.2066952217388642,1.5751130687181696,0.7933112775836318,TRACKING distance=0.795 heading_error=-0.000 linear=0.350 angular=-0.000 ,False
41.5,1,2.0,2.0,1.5707963267948963,2.0031037600443007,1.225886046652357,1.5751079056496717,0.7741201754856474,TRACKING distance=0.776 heading_error=-0.000 linear=0.350 angular=-0.000 ,False
41.5,1,2.0,2.0,1.5707963267948963,2.0031037600443007,1.225886046652357,1.5751079056496717,0.7741201754856474,TRACKING distance=0.774 heading_error=-0.000 linear=0.350 angular=-0.000 ,False
41.6,1,2.0,2.0,1.5707963267948963,2.0029988964201517,1.2450775704855,1.575079593225098,0.7549283859836071,TRACKING distance=0.757 heading_error=-0.000 linear=0.350 angular=-0.000 ,False
41.6,1,2.0,2.0,1.5707963267948963,2.0029988964201517,1.2450775704855,1.575079593225098,0.7549283859836071,TRACKING distance=0.757 heading_error=-0.000 linear=0.350 angular=-0.000 ,False
41.7,1,2.0,2.0,1.5707963267948963,2.002914066190481,1.2623497308864509,1.575057297199817,0.7376560250584645,TRACKING distance=0.738 heading_error=-0.000 linear=0.350 angular=-0.000 ,False
41.7,1,2.0,2.0,1.5707963267948963,2.002900014107972,1.2642692183328907,1.575055489411404,0.7357364971063499,TRACKING distance=0.738 heading_error=-0.000 linear=0.350 angular=-0.000 ,False
41.800000000000004,1,2.0,2.0,1.5707963267948963,2.0028078136269083,1.2834606339102888,1.5750092322918021,0.7165448673834798,TRACKING distance=0.718 heading_error=-0.000 linear=0.350 angular=-0.000 ,False
41.800000000000004,1,2.0,2.0,1.5707963267948963,2.0028078136269083,1.2834606339102888,1.5750092322918021,0.7165448673834798,TRACKING distance=0.718 heading_error=-0.000 linear=0.350 angular=-0.000 ,False
41.900000000000006,1,2.0,2.0,1.5707963267948963,2.0027155052182435,1.3026522498923447,1.5749577328493338,0.6973530372406785,TRACKING distance=0.699 heading_error=-0.000 linear=0.350 angular=-0.000 ,False
41.900000000000006,1,2.0,2.0,1.5707963267948963,2.0027155052182435,1.3026522498923447,1.5749577328493338,0.6973530372406785,TRACKING distance=0.699 heading_error=-0.000 linear=0.350 angular=-0.000 ,False
42.0,1,2.0,2.0,1.5707963267948963,2.0026205677250846,1.3218446388302416,1.5749264930594669,0.6781604244266154,TRACKING distance=0.680 heading_error=-0.000 linear=0.350 angular=-0.000 ,False
42.0,1,2.0,2.0,1.5707963267948963,2.0026205677250846,1.3218446388302416,1.5749264930594669,0.6781604244266154,TRACKING distance=0.680 heading_error=-0.000 linear=0.350 angular=-0.000 ,False
42.1,1,2.0,2.0,1.5707963267948963,2.002520848070445,1.3391189904109164,1.5749273673710178,0.6608858173016582,TRACKING distance=0.661 heading_error=-0.000 linear=0.350 angular=-0.000 ,False
42.1,1,2.0,2.0,1.5707963267948963,2.002509744271864,1.3410367778269283,1.5749278369570259,0.6589680014940233,TRACKING distance=0.661 heading_error=-0.000 linear=0.350 angular=-0.000 ,False
42.2,1,2.0,2.0,1.5707963267948963,2.0024212837873243,1.3583107766843523,1.5749002438746453,0.641693791410372,TRACKING distance=0.642 heading_error=-0.000 linear=0.350 angular=-0.000 ,False
42.2,1,2.0,2.0,1.5707963267948963,2.0024212837873243,1.3583107766843523,1.5749002438746453,0.641693791410372,TRACKING distance=0.642 heading_error=-0.000 linear=0.350 angular=-0.000 ,False
42.300000000000004,1,2.0,2.0,1.5707963267948963,2.0023091402926245,1.3794215775216399,1.5748992598611438,0.6205827185594367,TRACKING distance=0.623 heading_error=-0.000 linear=0.342 angular=-0.000 ,False
42.300000000000004,1,2.0,2.0,1.5707963267948963,2.0023091402926245,1.3794215775216399,1.5748992598611438,0.6205827185594367,TRACKING distance=0.623 heading_error=-0.000 linear=0.342 angular=-0.000 ,False
42.400000000000006,1,2.0,2.0,1.5707963267948963,2.0022349173544938,1.396694250541194,1.5748703963930528,0.6033098890169406,TRACKING distance=0.603 heading_error=-0.000 linear=0.332 angular=-0.000 ,False
42.400000000000006,1,2.0,2.0,1.5707963267948963,2.0022349173544938,1.396694250541194,1.5748703963930528,0.6033098890169406,TRACKING distance=0.603 heading_error=-0.000 linear=0.332 angular=-0.000 ,False
42.5,1,2.0,2.0,1.5707963267948963,2.0021492781658874,1.4158858608244163,1.5748379181743821,0.5841180933522497,TRACKING distance=0.584 heading_error=-0.000 linear=0.321 angular=-0.000 ,False
42.5,1,2.0,2.0,1.5707963267948963,2.002133304007688,1.4178064461714222,1.5748331561781443,0.5821974622974051,TRACKING distance=0.584 heading_error=-0.000 linear=0.321 angular=-0.000 ,False
42.6,1,2.0,2.0,1.5707963267948963,2.002041741575165,1.4369979137074596,1.5747968468840607,0.5630057884945882,TRACKING distance=0.565 heading_error=-0.000 linear=0.311 angular=-0.000 ,False
42.6,1,2.0,2.0,1.5707963267948963,2.002041741575165,1.4369979137074596,1.5747968468840607,0.5630057884945882,TRACKING distance=0.565 heading_error=-0.000 linear=0.311 angular=-0.000 ,False
42.7,1,2.0,2.0,1.5707963267948963,2.001948921531602,1.4561883824961435,1.5747603955140976,0.5438151097820813,TRACKING distance=0.546 heading_error=-0.000 linear=0.300 angular=-0.000 ,False
42.7,1,2.0,2.0,1.5707963267948963,2.001948921531602,1.4561883824961435,1.5747603955140976,0.5438151097820813,TRACKING distance=0.546 heading_error=-0.000 linear=0.300 angular=-0.000 ,False
42.800000000000004,1,2.0,2.0,1.5707963267948963,2.0018620302045713,1.4753795922261284,1.5747145031012326,0.5246237122064786,TRACKING distance=0.527 heading_error=-0.000 linear=0.290 angular=-0.000 ,False
42.800000000000004,1,2.0,2.0,1.5707963267948963,2.0018620302045713,1.4753795922261284,1.5747145031012326,0.5246237122064786,TRACKING distance=0.527 heading_error=-0.000 linear=0.290 angular=-0.000 ,False
42.900000000000006,1,2.0,2.0,1.5707963267948963,2.001770477181867,1.4945717359129844,1.5746622911029557,0.505431365001684,TRACKING distance=0.507 heading_error=-0.000 linear=0.279 angular=-0.000 ,False
42.900000000000006,1,2.0,2.0,1.5707963267948963,2.001770477181867,1.4945717359129844,1.5746622911029557,0.505431365001684,TRACKING distance=0.507 heading_error=-0.000 linear=0.279 angular=-0.000 ,False
43.0,1,2.0,2.0,1.5707963267948963,2.0016734690811426,1.5137644460168826,1.574640983131232,0.4862384337503922,TRACKING distance=0.488 heading_error=-0.000 linear=0.268 angular=-0.000 ,False
43.0,1,2.0,2.0,1.5707963267948963,2.0016734690811426,1.5137644460168826,1.574640983131232,0.4862384337503922,TRACKING distance=0.488 heading_error=-0.000 linear=0.268 angular=-0.000 ,False
43.1,1,2.0,2.0,1.5707963267948963,2.0015841557459164,1.5329570932574161,1.5745879752212684,0.4670455933717705,TRACKING distance=0.467 heading_error=-0.000 linear=0.257 angular=-0.000 ,False
43.1,1,2.0,2.0,1.5707963267948963,2.0015841557459164,1.5329570932574161,1.5745879752212684,0.4670455933717705,TRACKING distance=0.467 heading_error=-0.000 linear=0.257 angular=-0.000 ,False
43.2,1,2.0,2.0,1.5707963267948963,2.001502450138379,1.5521499205615106,1.574543833224634,0.44785259964577584,TRACKING distance=0.450 heading_error=-0.000 linear=0.247 angular=-0.000 ,False
43.2,1,2.0,2.0,1.5707963267948963,2.001502450138379,1.5521499205615106,1.574543833224634,0.44785259964577584,TRACKING distance=0.450 heading_error=-0.000 linear=0.247 angular=-0.000 ,False
43.300000000000004,1,2.0,2.0,1.5707963267948963,2.00142211761193,1.5694243756594521,1.5745227687147185,0.43057797283971083,TRACKING distance=0.431 heading_error=-0.000 linear=0.237 angular=-0.001 ,False
43.300000000000004,1,2.0,2.0,1.5707963267948963,2.0014127243067903,1.5713430302971543,1.574520215070268,0.42865929765350175,TRACKING distance=0.431 heading_error=-0.000 linear=0.237 angular=-0.001 ,False
43.400000000000006,1,2.0,2.0,1.5707963267948963,2.001325078348979,1.5905372861019196,1.574469448162116,0.4094648579614766,TRACKING distance=0.411 heading_error=-0.000 linear=0.226 angular=-0.001 ,False
43.400000000000006,1,2.0,2.0,1.5707963267948963,2.001325078348979,1.5905372861019196,1.574469448162116,0.4094648579614766,TRACKING distance=0.411 heading_error=-0.000 linear=0.226 angular=-0.001 ,False
43.5,1,2.0,2.0,1.5707963267948963,2.0012463988688363,1.607808186022016,1.574430349254333,0.3921937945218944,TRACKING distance=0.392 heading_error=-0.000 linear=0.216 angular=-0.001 ,False
43.5,1,2.0,2.0,1.5707963267948963,2.001233568114628,1.6097287337616721,1.574427113006281,0.3902732157624466,TRACKING distance=0.392 heading_error=-0.000 linear=0.216 angular=-0.001 ,False
43.6,1,2.0,2.0,1.5707963267948963,2.0011479420588034,1.6289205111296083,1.5743991274372369,0.3710812644573713,TRACKING distance=0.373 heading_error=-0.001 linear=0.205 angular=-0.001 ,False
43.6,1,2.0,2.0,1.5707963267948963,2.0011479420588034,1.6289205111296083,1.5743991274372369,0.3710812644573713,TRACKING distance=0.373 heading_error=-0.001 linear=0.205 angular=-0.001 ,False
43.7,1,2.0,2.0,1.5707963267948963,2.0010718698198517,1.648111642391701,1.57435880252694,0.3518899900894835,TRACKING distance=0.354 heading_error=-0.001 linear=0.195 angular=-0.001 ,False
43.7,1,2.0,2.0,1.5707963267948963,2.0010718698198517,1.648111642391701,1.57435880252694,0.3518899900894835,TRACKING distance=0.354 heading_error=-0.001 linear=0.195 angular=-0.001 ,False
43.800000000000004,1,2.0,2.0,1.5707963267948963,2.0009856288575802,1.6673011812742604,1.574315434595246,0.33270027869803087,TRACKING distance=0.335 heading_error=-0.001 linear=0.184 angular=-0.001 ,False
43.800000000000004,1,2.0,2.0,1.5707963267948963,2.0009856288575802,1.6673011812742604,1.574315434595246,0.33270027869803087,TRACKING distance=0.335 heading_error=-0.001 linear=0.184 angular=-0.001 ,False
43.900000000000006,1,2.0,2.0,1.5707963267948963,2.000913251648841,1.684567155040848,1.5742534324393829,0.3154341669946337,TRACKING distance=0.315 heading_error=-0.001 linear=0.173 angular=-0.001 ,False
43.900000000000006,1,2.0,2.0,1.5707963267948963,2.000905237757814,1.6864868547777845,1.5742451961972346,0.3135144521111015,TRACKING distance=0.315 heading_error=-0.001 linear=0.173 angular=-0.001 ,False
44.0,1,2.0,2.0,1.5707963267948963,2.0008232964316925,1.705668220416576,1.5741465495099503,0.29433293103178193,TRACKING distance=0.294 heading_error=-0.001 linear=0.162 angular=-0.001 ,False
44.0,1,2.0,2.0,1.5707963267948963,2.0008232964316925,1.705668220416576,1.5741465495099503,0.29433293103178193,TRACKING distance=0.294 heading_error=-0.001 linear=0.162 angular=-0.001 ,False
44.1,1,2.0,2.0,1.5707963267948963,2.000742710581058,1.7248499540666455,1.5740940505065077,0.27515104832824877,TRACKING distance=0.277 heading_error=-0.001 linear=0.152 angular=-0.001 ,False
44.1,1,2.0,2.0,1.5707963267948963,2.000742710581058,1.7248499540666455,1.5740940505065077,0.27515104832824877,TRACKING distance=0.277 heading_error=-0.001 linear=0.152 angular=-0.001 ,False
44.2,1,2.0,2.0,1.5707963267948963,2.000668744113771,1.7421241193383203,1.5740159665800562,0.25787674778026526,TRACKING distance=0.258 heading_error=-0.001 linear=0.142 angular=-0.001 ,False
44.2,1,2.0,2.0,1.5707963267948963,2.0006589607097385,1.7440397472317175,1.5740090525822246,0.2559611010025157,TRACKING distance=0.258 heading_error=-0.001 linear=0.142 angular=-0.001 ,False
44.300000000000004,1,2.0,2.0,1.5707963267948963,2.0005743772428177,1.7632296122125775,1.573927102983312,0.23677108447237286,ARRIVED distance=0.239 yaw_error=-0.003,True
44.300000000000004,1,2.0,2.0,1.5707963267948963,2.0005743772428177,1.7632296122125775,1.573927102983312,0.23677108447237286,ARRIVED distance=0.237 yaw_error=-0.003,True
44.400000000000006,1,2.0,2.0,1.5707963267948963,2.0004923941046187,1.7824221683935708,1.573841421555744,0.21757838876715196,ARRIVED distance=0.219 yaw_error=-0.003,True
44.400000000000006,1,2.0,2.0,1.5707963267948963,2.0004923941046187,1.7824221683935708,1.573841421555744,0.21757838876715196,ARRIVED distance=0.218 yaw_error=-0.003,True
44.5,1,2.0,2.0,1.5707963267948963,2.0004276523424265,1.7996902103785686,1.5737850731805731,0.2003102461301171,ARRIVED distance=0.200 yaw_error=-0.003,True
44.5,1,2.0,2.0,1.5707963267948963,2.0004276523424265,1.7996902103785686,1.5737850731805731,0.2003102461301171,ARRIVED distance=0.200 yaw_error=-0.003,True
44.6,1,2.0,2.0,1.5707963267948963,2.000473010116409,1.813714170021454,1.5825407538978724,0.18628643050250854,ARRIVED distance=0.187 yaw_error=-0.010,True
44.6,1,2.0,2.0,1.5707963267948963,2.000473010116409,1.813714170021454,1.5825407538978724,0.18628643050250854,ARRIVED distance=0.187 yaw_error=-0.010,True
44.7,1,2.0,2.0,1.5707963267948963,2.0005858899018407,1.8145147348448045,1.591640490019357,0.18548619047430526,ARRIVED distance=0.185 yaw_error=-0.021,True
44.7,1,2.0,2.0,1.5707963267948963,2.0005858899018407,1.8145147348448045,1.591640490019357,0.18548619047430526,ARRIVED distance=0.185 yaw_error=-0.021,True
44.800000000000004,1,2.0,2.0,1.5707963267948963,2.000565056320936,1.8145197946312663,1.591680759917322,0.1854810660748785,ARRIVED distance=0.185 yaw_error=-0.021,True
44.800000000000004,1,2.0,2.0,1.5707963267948963,2.0005640512904304,1.8145208193477333,1.5916773796830546,0.18548003830411078,ARRIVED distance=0.185 yaw_error=-0.021,True
44.900000000000006,1,2.0,2.0,1.5707963267948963,2.0005677488558886,1.8145258356893175,1.5916697504962984,0.18547503326730913,ARRIVED distance=0.185 yaw_error=-0.021,True
44.900000000000006,1,2.0,2.0,1.5707963267948963,2.0005677488558886,1.8145258356893175,1.5916697504962984,0.18547503326730913,ARRIVED distance=0.185 yaw_error=-0.021,True
45.0,1,2.0,2.0,1.5707963267948963,2.0005674826026523,1.8145268615174963,1.5916686220810017,0.18547400662910773,ARRIVED distance=0.185 yaw_error=-0.021,True
45.0,1,2.0,2.0,1.5707963267948963,2.0005674826026523,1.8145268615174963,1.5916686220810017,0.18547400662910773,ARRIVED distance=0.185 yaw_error=-0.021,True
45.0,1,1.0,2.0,3.141592653589793,2.0005674826026523,1.8145268615174963,1.5916686220810017,1.0176126828712184,GOAL_RECEIVED frame=odom x=1.000 y=2.000,False
45.1,1,1.0,2.0,3.141592653589793,2.0005655997899625,1.8145306566326211,1.5916711477786465,1.0176101398925692,TRACKING distance=1.018 heading_error=1.367 linear=0.000 angular=0.550 ,False
45.1,1,1.0,2.0,3.141592653589793,2.00056550887058,1.8145311830270958,1.5916707046465268,1.0176099545556594,TRACKING distance=1.018 heading_error=1.367 linear=0.000 angular=0.550 ,False
45.2,1,1.0,2.0,3.141592653589793,2.000566331238131,1.8145364656696883,1.5916702804134701,1.0176098003525833,TRACKING distance=1.018 heading_error=1.367 linear=0.000 angular=0.550 ,False
45.2,1,1.0,2.0,3.141592653589793,2.000566331238131,1.8145364656696883,1.5916702804134701,1.0176098003525833,TRACKING distance=1.018 heading_error=1.367 linear=0.000 angular=0.550 ,False
45.300000000000004,1,1.0,2.0,3.141592653589793,2.0005692520638543,1.8145379929628898,1.5916683869061246,1.0176123939053876,TRACKING distance=1.018 heading_error=1.367 linear=0.000 angular=0.550 ,False
45.300000000000004,1,1.0,2.0,3.141592653589793,2.0005692520638543,1.8145379929628898,1.5916683869061246,1.0176123939053876,TRACKING distance=1.018 heading_error=1.367 linear=0.000 angular=0.550 ,False
45.400000000000006,1,1.0,2.0,3.141592653589793,2.0004560211300504,1.8134154886191813,1.5968516859254873,1.0177062592431034,TRACKING distance=1.018 heading_error=1.361 linear=0.000 angular=0.550 ,False
45.400000000000006,1,1.0,2.0,3.141592653589793,2.0004560211300504,1.8134154886191813,1.5968516859254873,1.0177062592431034,TRACKING distance=1.018 heading_error=1.361 linear=0.000 angular=0.550 ,False
45.5,1,1.0,2.0,3.141592653589793,2.000751178882208,1.8135065557715597,1.603236911171095,1.0179797280763085,TRACKING distance=1.018 heading_error=1.354 linear=0.000 angular=0.550 ,False
45.5,1,1.0,2.0,3.141592653589793,2.000657691587351,1.81390309285518,1.6041605029191957,1.0178152457994494,TRACKING distance=1.018 heading_error=1.354 linear=0.000 angular=0.550 ,False
45.6,1,1.0,2.0,3.141592653589793,2.001037600384577,1.8127241873419702,1.617380494129102,1.0184048838209867,TRACKING distance=1.019 heading_error=1.341 linear=0.000 angular=0.550 ,False
45.6,1,1.0,2.0,3.141592653589793,2.001037600384577,1.8127241873419702,1.617380494129102,1.0184048838209867,TRACKING distance=1.018 heading_error=1.339 linear=0.000 angular=0.550 ,False
45.7,1,1.0,2.0,3.141592653589793,2.000934916957298,1.8128237941338174,1.6320426024134183,1.0182856377396141,TRACKING distance=1.018 heading_error=1.325 linear=0.000 angular=0.550 ,False
45.7,1,1.0,2.0,3.141592653589793,2.000857608237554,1.812871897621517,1.6339675335282007,1.0182008046877438,TRACKING distance=1.018 heading_error=1.325 linear=0.000 angular=0.550 ,False
45.800000000000004,1,1.0,2.0,3.141592653589793,2.0004658910397697,1.812833142792223,1.6519341493928201,1.017822888115136,TRACKING distance=1.018 heading_error=1.305 linear=0.000 angular=0.550 ,False
45.800000000000004,1,1.0,2.0,3.141592653589793,2.000603600031482,1.8130819660440742,1.6539542127415807,1.0179125285671216,TRACKING distance=1.018 heading_error=1.305 linear=0.000 angular=0.550 ,False
45.900000000000006,1,1.0,2.0,3.141592653589793,2.0006159045707164,1.81256179390508,1.6743201344135188,1.0180202697313814,TRACKING distance=1.018 heading_error=1.282 linear=0.000 angular=0.550 ,False
45.900000000000006,1,1.0,2.0,3.141592653589793,2.000355425462105,1.812823988879936,1.6768205796624784,1.0177159900435324,TRACKING distance=1.018 heading_error=1.282 linear=0.000 angular=0.550 ,False
46.0,1,1.0,2.0,3.141592653589793,1.9996649506334996,1.8122568794273053,1.7037042008660497,1.0171418253358038,TRACKING distance=1.017 heading_error=1.255 linear=0.000 angular=0.550 ,False
46.0,1,1.0,2.0,3.141592653589793,1.9996649506334996,1.8122568794273053,1.7037042008660497,1.0171418253358038,TRACKING distance=1.017 heading_error=1.252 linear=0.000 angular=0.550 ,False
46.1,1,1.0,2.0,3.141592653589793,1.999475929792806,1.812169984229753,1.7329133280042803,1.0169720984665436,TRACKING distance=1.017 heading_error=1.226 linear=0.000 angular=0.550 ,False
46.1,1,1.0,2.0,3.141592653589793,1.999475929792806,1.812169984229753,1.7329133280042803,1.0169720984665436,TRACKING distance=1.017 heading_error=1.226 linear=0.000 angular=0.550 ,False
46.2,1,1.0,2.0,3.141592653589793,1.9990783526852036,1.8121811733978581,1.7620786738657515,1.0165792966760565,TRACKING distance=1.016 heading_error=1.197 linear=0.000 angular=0.550 ,False
46.2,1,1.0,2.0,3.141592653589793,1.9990783526852036,1.8121811733978581,1.7620786738657515,1.0165792966760565,TRACKING distance=1.016 heading_error=1.197 linear=0.000 angular=0.550 ,False
46.300000000000004,1,1.0,2.0,3.141592653589793,1.998369779783587,1.8117739056829116,1.7869021435433425,1.0159583061164437,TRACKING distance=1.016 heading_error=1.168 linear=0.000 angular=0.550 ,False
46.300000000000004,1,1.0,2.0,3.141592653589793,1.9982877376500081,1.8118868412127789,1.7895582656383702,1.015856765322394,TRACKING distance=1.016 heading_error=1.168 linear=0.000 angular=0.550 ,False
46.400000000000006,1,1.0,2.0,3.141592653589793,1.9973330976933446,1.8124234226607159,1.8194811366800057,1.0148193337342972,TRACKING distance=1.015 heading_error=1.139 linear=0.000 angular=0.550 ,False
46.400000000000006,1,1.0,2.0,3.141592653589793,1.9973330976933446,1.8124234226607159,1.8194811366800057,1.0148193337342972,TRACKING distance=1.015 heading_error=1.136 linear=0.000 angular=0.550 ,False
46.5,1,1.0,2.0,3.141592653589793,1.9979353383816447,1.8122202242377417,1.8463560296394206,1.0154487597984507,TRACKING distance=1.015 heading_error=1.109 linear=0.000 angular=0.550 ,False
46.5,1,1.0,2.0,3.141592653589793,1.997799011413816,1.8120253795555057,1.8490662248565377,1.0153508384344991,TRACKING distance=1.015 heading_error=1.109 linear=0.000 angular=0.550 ,False
46.6,1,1.0,2.0,3.141592653589793,1.9974113539658847,1.8121715958434699,1.8773898822614496,1.0149428153487505,TRACKING distance=1.015 heading_error=1.081 linear=0.000 angular=0.550 ,False
46.6,1,1.0,2.0,3.141592653589793,1.9974113539658847,1.8121715958434699,1.8773898822614496,1.0149428153487505,TRACKING distance=1.015 heading_error=1.081 linear=0.000 angular=0.550 ,False
46.7,1,1.0,2.0,3.141592653589793,1.9979582472279407,1.8118491106180705,1.9058894432640356,1.0155399649376062,TRACKING distance=1.015 heading_error=1.052 linear=0.000 angular=0.550 ,False
46.7,1,1.0,2.0,3.141592653589793,1.9979582472279407,1.8118491106180705,1.9058894432640356,1.0155399649376062,TRACKING distance=1.016 heading_error=1.049 linear=0.000 angular=0.550 ,False
46.800000000000004,1,1.0,2.0,3.141592653589793,1.997248910436376,1.8118952011019838,1.934163130988058,1.0148343730555258,TRACKING distance=1.015 heading_error=1.024 linear=0.000 angular=0.550 ,False
46.800000000000004,1,1.0,2.0,3.141592653589793,1.997248910436376,1.8118952011019838,1.934163130988058,1.0148343730555258,TRACKING distance=1.015 heading_error=1.021 linear=0.000 angular=0.550 ,False
46.900000000000006,1,1.0,2.0,3.141592653589793,1.9973850910445115,1.811443563637736,1.9582113264514347,1.0150519935114186,TRACKING distance=1.015 heading_error=0.999 linear=0.000 angular=0.550 ,False
46.900000000000006,1,1.0,2.0,3.141592653589793,1.9973850910445115,1.811443563637736,1.9582113264514347,1.0150519935114186,TRACKING distance=1.015 heading_error=0.999 linear=0.000 angular=0.550 ,False
47.0,1,1.0,2.0,3.141592653589793,1.9974019471420836,1.8108369492383898,1.982854789392277,1.0151814142980846,TRACKING distance=1.015 heading_error=0.971 linear=0.000 angular=0.550 ,False
47.0,1,1.0,2.0,3.141592653589793,1.9974019471420836,1.8108369492383898,1.982854789392277,1.0151814142980846,TRACKING distance=1.015 heading_error=0.971 linear=0.000 angular=0.550 ,False
47.1,1,1.0,2.0,3.141592653589793,1.997106854987015,1.8107495090014571,2.0114602718533643,1.0149077931542776,TRACKING distance=1.015 heading_error=0.943 linear=0.000 angular=0.550 ,False
47.1,1,1.0,2.0,3.141592653589793,1.9973762488777116,1.810870015619943,2.0148855157762813,1.015150005081503,TRACKING distance=1.015 heading_error=0.943 linear=0.000 angular=0.550 ,False
47.2,1,1.0,2.0,3.141592653589793,1.9974403294129357,1.810857590605716,2.0482786027461986,1.0152152785349817,TRACKING distance=1.015 heading_error=0.909 linear=0.000 angular=0.550 ,False
47.2,1,1.0,2.0,3.141592653589793,1.9974403294129357,1.810857590605716,2.0482786027461986,1.0152152785349817,TRACKING distance=1.015 heading_error=0.909 linear=0.000 angular=0.550 ,False
47.300000000000004,1,1.0,2.0,3.141592653589793,1.9975206596753208,1.8107236180295772,2.0756021266230227,1.015319169153671,TRACKING distance=1.015 heading_error=0.878 linear=0.000 angular=0.550 ,False
47.300000000000004,1,1.0,2.0,3.141592653589793,1.9979187714566549,1.8105766392049187,2.078661634658532,1.01573770435111,TRACKING distance=1.015 heading_error=0.878 linear=0.000 angular=0.550 ,False
47.400000000000006,1,1.0,2.0,3.141592653589793,1.9974301697023058,1.809968690191817,2.106520288706863,1.0153712829008825,TRACKING distance=1.016 heading_error=0.849 linear=0.000 angular=0.550 ,False
47.400000000000006,1,1.0,2.0,3.141592653589793,1.9974301697023058,1.809968690191817,2.106520288706863,1.0153712829008825,TRACKING distance=1.016 heading_error=0.849 linear=0.000 angular=0.550 ,False
47.5,1,1.0,2.0,3.141592653589793,1.9974159547484314,1.8090798082702737,2.1293899599387225,1.0155240550557334,TRACKING distance=1.015 heading_error=0.825 linear=0.000 angular=0.550 ,False
47.5,1,1.0,2.0,3.141592653589793,1.9974159547484314,1.8090798082702737,2.1293899599387225,1.0155240550557334,TRACKING distance=1.016 heading_error=0.823 linear=0.000 angular=0.550 ,False
47.6,1,1.0,2.0,3.141592653589793,1.9976117638037514,1.8091996983214425,2.1554679732393778,1.0156938448175514,TRACKING distance=1.016 heading_error=0.797 linear=0.000 angular=0.550 ,False
47.6,1,1.0,2.0,3.141592653589793,1.9976117638037514,1.8091996983214425,2.1554679732393778,1.0156938448175514,TRACKING distance=1.016 heading_error=0.797 linear=0.000 angular=0.550 ,False
47.7,1,1.0,2.0,3.141592653589793,1.9974232093877404,1.8089434014380803,2.185627041900746,1.0155568337022753,TRACKING distance=1.016 heading_error=0.767 linear=0.000 angular=0.550 ,False
47.7,1,1.0,2.0,3.141592653589793,1.997149492564688,1.8089169516711092,2.1892152496189476,1.0152929832716642,TRACKING distance=1.016 heading_error=0.767 linear=0.000 angular=0.550 ,False
47.800000000000004,1,1.0,2.0,3.141592653589793,1.9977940658659854,1.8084746926046078,2.219626155937446,1.0160093214386736,TRACKING distance=1.016 heading_error=0.735 linear=0.000 angular=0.550 ,False
47.800000000000004,1,1.0,2.0,3.141592653589793,1.9977940658659854,1.8084746926046078,2.219626155937446,1.0160093214386736,TRACKING distance=1.016 heading_error=0.735 linear=0.000 angular=0.550 ,False
47.900000000000006,1,1.0,2.0,3.141592653589793,1.9979530907511616,1.8083081529908944,2.247977761948857,1.0161968980220115,TRACKING distance=1.016 heading_error=0.704 linear=0.000 angular=0.550 ,False
47.900000000000006,1,1.0,2.0,3.141592653589793,1.9979530907511616,1.8083081529908944,2.247977761948857,1.0161968980220115,TRACKING distance=1.016 heading_error=0.704 linear=0.000 angular=0.550 ,False
48.0,1,1.0,2.0,3.141592653589793,1.998259168486564,1.8085120504185095,2.27405577051557,1.0164590509717593,TRACKING distance=1.016 heading_error=0.678 linear=0.350 angular=0.550 ,False
48.0,1,1.0,2.0,3.141592653589793,1.9986207224468997,1.8085032500712372,2.2768646440001024,1.016815790855771,TRACKING distance=1.016 heading_error=0.678 linear=0.350 angular=0.550 ,False
48.1,1,1.0,2.0,3.141592653589793,1.998860456834678,1.8084229281170008,2.3070803179812023,1.0170663629769914,TRACKING distance=1.017 heading_error=0.645 linear=0.350 angular=0.550 ,False
48.1,1,1.0,2.0,3.141592653589793,1.998860456834678,1.8084229281170008,2.3070803179812023,1.0170663629769914,TRACKING distance=1.017 heading_error=0.645 linear=0.350 angular=0.550 ,False
48.2,1,1.0,2.0,3.141592653589793,1.9986386477148264,1.8078842828197965,2.344893127467586,1.0169501450402378,TRACKING distance=1.017 heading_error=0.610 linear=0.350 angular=0.550 ,False
48.2,1,1.0,2.0,3.141592653589793,1.9986386477148264,1.8078842828197965,2.344893127467586,1.0169501450402378,TRACKING distance=1.017 heading_error=0.610 linear=0.350 angular=0.550 ,False
48.300000000000004,1,1.0,2.0,3.141592653589793,1.9938853927480216,1.8131685507578656,2.3687413078603843,1.0112933127158537,TRACKING distance=1.012 heading_error=0.588 linear=0.350 angular=0.550 ,False
48.300000000000004,1,1.0,2.0,3.141592653589793,1.9938853927480216,1.8131685507578656,2.3687413078603843,1.0112933127158537,TRACKING distance=1.012 heading_error=0.588 linear=0.350 angular=0.550 ,False
48.400000000000006,1,1.0,2.0,3.141592653589793,1.9804534867774246,1.8259977116116544,2.3888779564409446,0.9957739884624375,TRACKING distance=0.997 heading_error=0.579 linear=0.350 angular=0.550 ,False
48.400000000000006,1,1.0,2.0,3.141592653589793,1.9804534867774246,1.8259977116116544,2.3888779564409446,0.9957739884624375,TRACKING distance=0.997 heading_error=0.579 linear=0.350 angular=0.550 ,False
48.5,1,1.0,2.0,3.141592653589793,1.9681593845734642,1.8375742292810475,2.4119562489081305,0.9816897294620712,TRACKING distance=0.982 heading_error=0.563 linear=0.350 angular=0.550 ,False
48.5,1,1.0,2.0,3.141592653589793,1.9667638574953892,1.8384863543655796,2.414302944274292,0.9801627486726305,TRACKING distance=0.982 heading_error=0.563 linear=0.350 angular=0.550 ,False
48.6,1,1.0,2.0,3.141592653589793,1.9525416904493313,1.850584055394324,2.437028520388243,0.9641891912620034,TRACKING distance=0.966 heading_error=0.550 linear=0.350 angular=0.550 ,False
48.6,1,1.0,2.0,3.141592653589793,1.9525416904493313,1.850584055394324,2.437028520388243,0.9641891912620034,TRACKING distance=0.964 heading_error=0.549 linear=0.350 angular=0.550 ,False
48.7,1,1.0,2.0,3.141592653589793,1.9377271583795974,1.8628512346528243,2.45544392197176,0.9477035440468339,TRACKING distance=0.949 heading_error=0.541 linear=0.350 angular=0.550 ,False
48.7,1,1.0,2.0,3.141592653589793,1.9377271583795974,1.8628512346528243,2.45544392197176,0.9477035440468339,TRACKING distance=0.949 heading_error=0.541 linear=0.350 angular=0.550 ,False
48.800000000000004,1,1.0,2.0,3.141592653589793,1.9226530975942553,1.8747073741229938,2.4728296698034193,0.9311213565370681,TRACKING distance=0.931 heading_error=0.534 linear=0.350 angular=0.550 ,False
48.800000000000004,1,1.0,2.0,3.141592653589793,1.9226530975942553,1.8747073741229938,2.4728296698034193,0.9311213565370681,TRACKING distance=0.931 heading_error=0.534 linear=0.350 angular=0.550 ,False
48.900000000000006,1,1.0,2.0,3.141592653589793,1.9091064361641177,1.8851581157805912,2.4861052548462528,0.9163313650891183,TRACKING distance=0.916 heading_error=0.530 linear=0.350 angular=0.550 ,False
48.900000000000006,1,1.0,2.0,3.141592653589793,1.9091064361641177,1.8851581157805912,2.4861052548462528,0.9163313650891183,TRACKING distance=0.916 heading_error=0.530 linear=0.350 angular=0.550 ,False
49.0,1,1.0,2.0,3.141592653589793,1.8928839070969694,1.8974745411639733,2.503451576457727,0.8987508783096055,TRACKING distance=0.900 heading_error=0.525 linear=0.350 angular=0.550 ,False
49.0,1,1.0,2.0,3.141592653589793,1.8928839070969694,1.8974745411639733,2.503451576457727,0.8987508783096055,TRACKING distance=0.900 heading_error=0.525 linear=0.350 angular=0.550 ,False
49.1,1,1.0,2.0,3.141592653589793,1.8771511900741276,1.9085210399447596,2.524007395342239,0.8819085045407186,TRACKING distance=0.884 heading_error=0.515 linear=0.350 angular=0.550 ,False
49.1,1,1.0,2.0,3.141592653589793,1.8771511900741276,1.9085210399447596,2.524007395342239,0.8819085045407186,TRACKING distance=0.884 heading_error=0.515 linear=0.350 angular=0.550 ,False
49.2,1,1.0,2.0,3.141592653589793,1.8612432332574413,1.9196239633110441,2.5427783169707636,0.864985672774732,TRACKING distance=0.867 heading_error=0.506 linear=0.350 angular=0.550 ,False
49.2,1,1.0,2.0,3.141592653589793,1.8612432332574413,1.9196239633110441,2.5427783169707636,0.864985672774732,TRACKING distance=0.867 heading_error=0.506 linear=0.350 angular=0.550 ,False
49.300000000000004,1,1.0,2.0,3.141592653589793,1.8471981741826513,1.9287045866462906,2.5600230910479786,0.8501927912560152,TRACKING distance=0.850 heading_error=0.498 linear=0.350 angular=0.550 ,False
49.300000000000004,1,1.0,2.0,3.141592653589793,1.8471981741826513,1.9287045866462906,2.5600230910479786,0.8501927912560152,TRACKING distance=0.850 heading_error=0.498 linear=0.350 angular=0.550 ,False
49.400000000000006,1,1.0,2.0,3.141592653589793,1.8304258885016327,1.9393361784930938,2.580860543413308,0.8326387305029401,TRACKING distance=0.834 heading_error=0.489 linear=0.350 angular=0.550 ,False
49.400000000000006,1,1.0,2.0,3.141592653589793,1.8304258885016327,1.9393361784930938,2.580860543413308,0.8326387305029401,TRACKING distance=0.834 heading_error=0.489 linear=0.350 angular=0.550 ,False
49.5,1,1.0,2.0,3.141592653589793,1.814946821084014,1.9490244098479907,2.602171545404983,0.8165395471049064,TRACKING distance=0.818 heading_error=0.478 linear=0.350 angular=0.550 ,False
49.5,1,1.0,2.0,3.141592653589793,1.814946821084014,1.9490244098479907,2.602171545404983,0.8165395471049064,TRACKING distance=0.818 heading_error=0.478 linear=0.350 angular=0.550 ,False
49.6,1,1.0,2.0,3.141592653589793,1.798985984294516,1.9584190003184399,2.6244843732275114,0.8000672363205448,TRACKING distance=0.801 heading_error=0.466 linear=0.350 angular=0.550 ,False
49.6,1,1.0,2.0,3.141592653589793,1.798985984294516,1.9584190003184399,2.6244843732275114,0.8000672363205448,TRACKING distance=0.800 heading_error=0.465 linear=0.350 angular=0.550 ,False
49.7,1,1.0,2.0,3.141592653589793,1.7822943476800412,1.9672559391331992,2.6458045101420975,0.7829793228011772,TRACKING distance=0.785 heading_error=0.455 linear=0.350 angular=0.546 ,False
49.7,1,1.0,2.0,3.141592653589793,1.7822943476800412,1.9672559391331992,2.6458045101420975,0.7829793228011772,TRACKING distance=0.785 heading_error=0.455 linear=0.350 angular=0.546 ,False
49.800000000000004,1,1.0,2.0,3.141592653589793,1.7669151268828132,1.975370483386861,2.662680509236221,0.7673105140230246,TRACKING distance=0.767 heading_error=0.447 linear=0.350 angular=0.536 ,False
49.800000000000004,1,1.0,2.0,3.141592653589793,1.7652567211546342,1.9760844933092874,2.66484439031051,0.765630329031325,TRACKING distance=0.767 heading_error=0.447 linear=0.350 angular=0.536 ,False
49.900000000000006,1,1.0,2.0,3.141592653589793,1.7480470593669395,1.9842303344056507,2.6873681443919804,0.7482132619651185,TRACKING distance=0.748 heading_error=0.433 linear=0.350 angular=0.520 ,False
49.900000000000006,1,1.0,2.0,3.141592653589793,1.7480470593669395,1.9842303344056507,2.6873681443919804,0.7482132619651185,TRACKING distance=0.748 heading_error=0.433 linear=0.350 angular=0.520 ,False
50.0,1,1.0,2.0,3.141592653589793,1.7308196529209317,1.9923745637001873,2.7131540378114423,0.7308594340734978,TRACKING distance=0.733 heading_error=0.419 linear=0.350 angular=0.503 ,False
50.0,1,1.0,2.0,3.141592653589793,1.7308196529209317,1.9923745637001873,2.7131540378114423,0.7308594340734978,TRACKING distance=0.733 heading_error=0.419 linear=0.350 angular=0.503 ,False
50.1,1,1.0,2.0,3.141592653589793,1.7135559614787157,2.000042123903176,2.7378223167548,0.7135559627220822,TRACKING distance=0.715 heading_error=0.405 linear=0.350 angular=0.486 ,False
50.1,1,1.0,2.0,3.141592653589793,1.7135559614787157,2.000042123903176,2.7378223167548,0.7135559627220822,TRACKING distance=0.715 heading_error=0.405 linear=0.350 angular=0.486 ,False
50.2,1,1.0,2.0,3.141592653589793,1.6962135849458384,2.0070938356591035,2.7625155078685393,0.6962497241417727,TRACKING distance=0.698 heading_error=0.391 linear=0.350 angular=0.469 ,False
50.2,1,1.0,2.0,3.141592653589793,1.6962135849458384,2.0070938356591035,2.7625155078685393,0.6962497241417727,TRACKING distance=0.698 heading_error=0.391 linear=0.350 angular=0.469 ,False
50.300000000000004,1,1.0,2.0,3.141592653589793,1.6804521312493064,2.012716364344274,2.782653306809663,0.6805709432850183,TRACKING distance=0.681 heading_error=0.378 linear=0.350 angular=0.453 ,False
50.300000000000004,1,1.0,2.0,3.141592653589793,1.6785747457026912,2.013613772380547,2.784816324539678,0.6787112937795431,TRACKING distance=0.681 heading_error=0.378 linear=0.350 angular=0.453 ,False
50.400000000000006,1,1.0,2.0,3.141592653589793,1.660935192997313,2.0199701583869096,2.808100795762167,0.6612368233608846,TRACKING distance=0.663 heading_error=0.365 linear=0.350 angular=0.438 ,False
50.400000000000006,1,1.0,2.0,3.141592653589793,1.660935192997313,2.0199701583869096,2.808100795762167,0.6612368233608846,TRACKING distance=0.663 heading_error=0.365 linear=0.350 angular=0.438 ,False
50.5,1,1.0,2.0,3.141592653589793,1.6446083757298113,2.0249404085423968,2.8310902781592637,0.6450906773774423,TRACKING distance=0.645 heading_error=0.349 linear=0.350 angular=0.419 ,False
50.5,1,1.0,2.0,3.141592653589793,1.6446083757298113,2.0249404085423968,2.8310902781592637,0.6450906773774423,TRACKING distance=0.645 heading_error=0.349 linear=0.350 angular=0.419 ,False
50.6,1,1.0,2.0,3.141592653589793,1.6262310386472993,2.0303237927740576,2.858813717942079,0.626964788623316,TRACKING distance=0.627 heading_error=0.331 linear=0.345 angular=0.397 ,False
50.6,1,1.0,2.0,3.141592653589793,1.6262310386472993,2.0303237927740576,2.858813717942079,0.626964788623316,TRACKING distance=0.627 heading_error=0.331 linear=0.345 angular=0.397 ,False
50.7,1,1.0,2.0,3.141592653589793,1.607590720836475,2.035156085734385,2.886533117156802,0.6086069621773569,TRACKING distance=0.609 heading_error=0.313 linear=0.335 angular=0.375 ,False
50.7,1,1.0,2.0,3.141592653589793,1.6060953618029865,2.035763990197686,2.889073460271982,0.6071496113759386,TRACKING distance=0.609 heading_error=0.313 linear=0.335 angular=0.375 ,False
50.800000000000004,1,1.0,2.0,3.141592653589793,1.587813824792987,2.0398430371191814,2.9135360532762062,0.5891625923500582,TRACKING distance=0.591 heading_error=0.297 linear=0.325 angular=0.356 ,False
50.800000000000004,1,1.0,2.0,3.141592653589793,1.587813824792987,2.0398430371191814,2.9135360532762062,0.5891625923500582,TRACKING distance=0.591 heading_error=0.297 linear=0.325 angular=0.356 ,False
50.900000000000006,1,1.0,2.0,3.141592653589793,1.5710068687960448,2.0434359601721557,2.9360239793024934,0.5726565522617729,TRACKING distance=0.573 heading_error=0.281 linear=0.315 angular=0.338 ,False
50.900000000000006,1,1.0,2.0,3.141592653589793,1.569312841609078,2.043996003985205,2.938770054975897,0.5710102976196395,TRACKING distance=0.573 heading_error=0.281 linear=0.315 angular=0.338 ,False
51.0,1,1.0,2.0,3.141592653589793,1.5520563042288114,2.046875641673713,2.962419929520743,0.5540428582890463,TRACKING distance=0.554 heading_error=0.264 linear=0.305 angular=0.317 ,False
51.0,1,1.0,2.0,3.141592653589793,1.5520563042288114,2.046875641673713,2.962419929520743,0.5540428582890463,TRACKING distance=0.554 heading_error=0.264 linear=0.305 angular=0.317 ,False
51.1,1,1.0,2.0,3.141592653589793,1.5336740645955875,2.0496638136249588,2.990063722438657,0.5359799451525682,TRACKING distance=0.536 heading_error=0.244 linear=0.295 angular=0.293 ,False
51.1,1,1.0,2.0,3.141592653589793,1.5336740645955875,2.0496638136249588,2.990063722438657,0.5359799451525682,TRACKING distance=0.536 heading_error=0.244 linear=0.295 angular=0.293 ,False
51.2,1,1.0,2.0,3.141592653589793,1.512675876445668,2.052271535721635,3.017360964547431,0.5153337440300528,TRACKING distance=0.517 heading_error=0.227 linear=0.285 angular=0.273 ,False
51.2,1,1.0,2.0,3.141592653589793,1.512675876445668,2.052271535721635,3.017360964547431,0.5153337440300528,TRACKING distance=0.517 heading_error=0.227 linear=0.285 angular=0.273 ,False
51.300000000000004,1,1.0,2.0,3.141592653589793,1.4935057127637363,2.0543981106925604,3.0356513393072677,0.49649475624357153,TRACKING distance=0.499 heading_error=0.216 linear=0.274 angular=0.260 ,False
51.300000000000004,1,1.0,2.0,3.141592653589793,1.4935057127637363,2.0543981106925604,3.0356513393072677,0.49649475624357153,TRACKING distance=0.499 heading_error=0.216 linear=0.274 angular=0.260 ,False
51.400000000000006,1,1.0,2.0,3.141592653589793,1.4748379185486216,2.0563629267131773,3.0509182877709535,0.4781713379106514,TRACKING distance=0.480 heading_error=0.209 linear=0.264 angular=0.251 ,False
51.400000000000006,1,1.0,2.0,3.141592653589793,1.4748379185486216,2.0563629267131773,3.0509182877709535,0.4781713379106514,TRACKING distance=0.480 heading_error=0.209 linear=0.264 angular=0.251 ,False
51.5,1,1.0,2.0,3.141592653589793,1.4556134090995103,2.057704374979339,3.064215860621959,0.4592530603523877,TRACKING distance=0.461 heading_error=0.204 linear=0.254 angular=0.245 ,False
51.5,1,1.0,2.0,3.141592653589793,1.4556134090995103,2.057704374979339,3.064215860621959,0.4592530603523877,TRACKING distance=0.461 heading_error=0.204 linear=0.254 angular=0.245 ,False
51.6,1,1.0,2.0,3.141592653589793,1.4384640084004234,2.0586132915265787,3.0741658858287884,0.44236433469047465,TRACKING distance=0.442 heading_error=0.200 linear=0.243 angular=0.240 ,False
51.6,1,1.0,2.0,3.141592653589793,1.4365482179921347,2.058760729400638,3.0753387770730174,0.44048515293004303,TRACKING distance=0.442 heading_error=0.200 linear=0.243 angular=0.240 ,False
51.7,1,1.0,2.0,3.141592653589793,1.4174488599776434,2.059513149681257,3.090888661876649,0.42166973531618057,TRACKING distance=0.424 heading_error=0.194 linear=0.233 angular=0.232 ,False
51.7,1,1.0,2.0,3.141592653589793,1.4174488599776434,2.059513149681257,3.090888661876649,0.42166973531618057,TRACKING distance=0.422 heading_error=0.192 linear=0.232 angular=0.231 ,False
51.800000000000004,1,1.0,2.0,3.141592653589793,1.4005815577594922,2.060207068651665,3.109540946159976,0.40508082592570055,TRACKING distance=0.405 heading_error=0.181 linear=0.223 angular=0.217 ,False
51.800000000000004,1,1.0,2.0,3.141592653589793,1.4005815577594922,2.060207068651665,3.109540946159976,0.40508082592570055,TRACKING distance=0.405 heading_error=0.181 linear=0.223 angular=0.217 ,False
51.900000000000006,1,1.0,2.0,3.141592653589793,1.3798851459415458,2.0606717649972732,3.1281527089180474,0.3846996064137756,TRACKING distance=0.386 heading_error=0.173 linear=0.213 angular=0.207 ,False
51.900000000000006,1,1.0,2.0,3.141592653589793,1.3798851459415458,2.0606717649972732,3.1281527089180474,0.3846996064137756,TRACKING distance=0.385 heading_error=0.172 linear=0.212 angular=0.206 ,False
51.900000000000006,1,1.0,2.0,3.141592653589793,1.3625363182793158,2.0605542907033185,3.1371662736279977,0.36755870849988487,TRACKING distance=0.368 heading_error=0.170 linear=0.202 angular=0.204 ,False
51.900000000000006,1,1.0,2.0,3.141592653589793,1.3604014940545093,2.060568898426925,3.138041212952064,0.3654556448782446,TRACKING distance=0.368 heading_error=0.170 linear=0.202 angular=0.204 ,False
52.1,1,1.0,2.0,3.141592653589793,1.3415919770920663,2.0605561196632562,-3.1352542590479087,0.34691803418435513,TRACKING distance=0.349 heading_error=0.169 linear=0.192 angular=0.203 ,False
52.1,1,1.0,2.0,3.141592653589793,1.3415919770920663,2.0605561196632562,-3.1352542590479087,0.34691803418435513,TRACKING distance=0.349 heading_error=0.169 linear=0.192 angular=0.203 ,False
52.2,1,1.0,2.0,3.141592653589793,1.3243955995573302,2.0600363987143218,-3.125258924083225,0.32990434095771576,TRACKING distance=0.330 heading_error=0.167 linear=0.181 angular=0.200 ,False
52.2,1,1.0,2.0,3.141592653589793,1.3223659975364164,2.0600441281235766,-3.124271538227576,0.32791025249261313,TRACKING distance=0.330 heading_error=0.167 linear=0.181 angular=0.200 ,False
52.300000000000004,1,1.0,2.0,3.141592653589793,1.3029699246404958,2.0593513877149845,-3.113711606921547,0.3087286226775258,TRACKING distance=0.311 heading_error=0.166 linear=0.171 angular=0.199 ,False
52.300000000000004,1,1.0,2.0,3.141592653589793,1.3029699246404958,2.0593513877149845,-3.113711606921547,0.3087286226775258,TRACKING distance=0.311 heading_error=0.166 linear=0.171 angular=0.199 ,False
52.400000000000006,1,1.0,2.0,3.141592653589793,1.2841136415859256,2.058702528815339,-3.106099465431213,0.29011471562906194,TRACKING distance=0.292 heading_error=0.168 linear=0.161 angular=0.202 ,False
52.400000000000006,1,1.0,2.0,3.141592653589793,1.2841136415859256,2.058702528815339,-3.106099465431213,0.29011471562906194,TRACKING distance=0.292 heading_error=0.168 linear=0.161 angular=0.202 ,False
52.5,1,1.0,2.0,3.141592653589793,1.266954002668193,2.0579532115182566,-3.1010922190021346,0.27317213303309207,TRACKING distance=0.273 heading_error=0.173 linear=0.150 angular=0.208 ,False
52.5,1,1.0,2.0,3.141592653589793,1.2649656120436659,2.057928084678643,-3.1003627292474514,0.2712239638383941,TRACKING distance=0.273 heading_error=0.173 linear=0.150 angular=0.208 ,False
52.6,1,1.0,2.0,3.141592653589793,1.246072519208197,2.0570503411735186,-3.0956918155538626,0.25259933914696475,TRACKING distance=0.255 heading_error=0.181 linear=0.140 angular=0.217 ,False
52.6,1,1.0,2.0,3.141592653589793,1.246072519208197,2.0570503411735186,-3.0956918155538626,0.25259933914696475,TRACKING distance=0.255 heading_error=0.181 linear=0.140 angular=0.217 ,False
52.7,1,1.0,2.0,3.141592653589793,1.2269240520965443,2.0560183683339326,-3.0901849923404443,0.23373613971893883,ARRIVED distance=0.236 yaw_error=-0.051,True
52.7,1,1.0,2.0,3.141592653589793,1.2269240520965443,2.0560183683339326,-3.0901849923404443,0.23373613971893883,ARRIVED distance=0.236 yaw_error=-0.051,True
52.800000000000004,1,1.0,2.0,3.141592653589793,1.2081742748842752,2.0549764292489736,-3.0858166882514024,0.21531125492310238,ARRIVED distance=0.217 yaw_error=-0.055,True
52.800000000000004,1,1.0,2.0,3.141592653589793,1.2081742748842752,2.0549764292489736,-3.0858166882514024,0.21531125492310238,ARRIVED distance=0.217 yaw_error=-0.055,True
52.900000000000006,1,1.0,2.0,3.141592653589793,1.1906779289987377,2.053911107562088,-3.081293444675304,0.19815266873251713,ARRIVED distance=0.198 yaw_error=-0.060,True
52.900000000000006,1,1.0,2.0,3.141592653589793,1.1885345604071256,2.053784327374831,-3.0809487985045405,0.19605620199083498,ARRIVED distance=0.198 yaw_error=-0.060,True
53.1,1,1.0,2.0,3.141592653589793,1.1766791439156938,2.0531304861104056,-3.0668022675029714,0.1844949008756352,ARRIVED distance=0.184 yaw_error=-0.075,True
53.1,1,1.0,2.0,3.141592653589793,1.176680851434,2.0531452673774866,-3.0665914701411836,0.18450079324509067,ARRIVED distance=0.184 yaw_error=-0.075,True
53.2,1,1.0,2.0,3.141592653589793,1.1766769839095699,2.053125807855001,-3.0671925544689818,0.18449148517920527,ARRIVED distance=0.184 yaw_error=-0.074,True
53.2,1,1.0,2.0,3.141592653589793,1.176676647331758,2.053125349626551,-3.067172608946219,0.18449103090755842,ARRIVED distance=0.184 yaw_error=-0.074,True
53.300000000000004,1,1.0,2.0,3.141592653589793,1.176674484450227,2.0531293614965045,-3.06716203473546,0.18449011493513623,ARRIVED distance=0.184 yaw_error=-0.074,True
53.300000000000004,1,1.0,2.0,3.141592653589793,1.176674484450227,2.0531293614965045,-3.06716203473546,0.18449011493513623,ARRIVED distance=0.184 yaw_error=-0.074,True
53.400000000000006,1,1.0,0.0,0.0,1.1766752237508775,2.0531294683865173,-3.0671762154064246,2.060717047205784,ARRIVED distance=0.184 yaw_error=-0.074,True
53.400000000000006,1,1.0,0.0,0.0,1.1766752237508775,2.0531294683865173,-3.0671762154064246,2.060717047205784,ARRIVED distance=0.184 yaw_error=-0.074,True
53.400000000000006,1,1.0,0.0,0.0,1.1766752237508775,2.0531294683865173,-3.0671762154064246,2.060717047205784,GOAL_RECEIVED frame=odom x=1.000 y=0.000,False
53.5,1,1.0,0.0,0.0,1.1766752226575368,2.0531296639623604,-3.0671689353653946,2.0607172419677777,TRACKING distance=2.061 heading_error=1.411 linear=0.000 angular=0.550 ,False
53.5,1,1.0,0.0,0.0,1.1766752226575368,2.0531296639623604,-3.0671689353653946,2.0607172419677777,TRACKING distance=2.061 heading_error=1.411 linear=0.000 angular=0.550 ,False
53.6,1,1.0,0.0,0.0,1.17667640786232,2.0531311587937235,-3.0671875244488445,2.060718832908748,TRACKING distance=2.061 heading_error=1.411 linear=0.000 angular=0.550 ,False
53.6,1,1.0,0.0,0.0,1.17667640786232,2.0531311587937235,-3.0671875244488445,2.060718832908748,TRACKING distance=2.061 heading_error=1.411 linear=0.000 angular=0.550 ,False
53.7,1,1.0,0.0,0.0,1.176660837241476,2.0532064523445888,-3.063066732274348,2.060792514389625,TRACKING distance=2.061 heading_error=1.407 linear=0.000 angular=0.550 ,False
53.7,1,1.0,0.0,0.0,1.176660837241476,2.0532064523445888,-3.063066732274348,2.060792514389625,TRACKING distance=2.061 heading_error=1.407 linear=0.000 angular=0.550 ,False
53.800000000000004,1,1.0,0.0,0.0,1.176174641911169,2.053342117119813,-3.054687227287908,2.0608860605066464,TRACKING distance=2.061 heading_error=1.399 linear=0.000 angular=0.550 ,False
53.800000000000004,1,1.0,0.0,0.0,1.176174641911169,2.053342117119813,-3.054687227287908,2.0608860605066464,TRACKING distance=2.061 heading_error=1.399 linear=0.000 angular=0.550 ,False
53.900000000000006,1,1.0,0.0,0.0,1.1768588275716807,2.053349091674012,-3.039248465023683,2.06095160961351,TRACKING distance=2.061 heading_error=1.385 linear=0.000 angular=0.550 ,False
53.900000000000006,1,1.0,0.0,0.0,1.1768588275716807,2.053349091674012,-3.039248465023683,2.06095160961351,TRACKING distance=2.061 heading_error=1.385 linear=0.000 angular=0.550 ,False
54.0,1,1.0,0.0,0.0,1.177423959523605,2.0537121682681456,-3.0218462305652682,2.061361911820843,TRACKING distance=2.061 heading_error=1.365 linear=0.000 angular=0.550 ,False
54.0,1,1.0,0.0,0.0,1.1772561225336953,2.053862706186294,-3.0198329613079045,2.061497453027427,TRACKING distance=2.061 heading_error=1.365 linear=0.000 angular=0.550 ,False
54.1,1,1.0,0.0,0.0,1.176717071882798,2.0536467988334834,-2.9998902506072085,2.0612360606815137,TRACKING distance=2.061 heading_error=1.343 linear=0.000 angular=0.550 ,False
54.1,1,1.0,0.0,0.0,1.176701277532202,2.0535525981307674,-2.99743972012046,2.0611408527248054,TRACKING distance=2.061 heading_error=1.343 linear=0.000 angular=0.550 ,False
54.2,1,1.0,0.0,0.0,1.17702317140193,2.053538370903261,-2.973470888738893,2.0611542989269913,TRACKING distance=2.061 heading_error=1.317 linear=0.000 angular=0.550 ,False
54.2,1,1.0,0.0,0.0,1.17702317140193,2.053538370903261,-2.973470888738893,2.0611542989269913,TRACKING distance=2.061 heading_error=1.317 linear=0.000 angular=0.550 ,False
54.300000000000004,1,1.0,0.0,0.0,1.176786334813228,2.053211134631943,-2.9520543927303273,2.060807941452402,TRACKING distance=2.061 heading_error=1.295 linear=0.000 angular=0.550 ,False
54.300000000000004,1,1.0,0.0,0.0,1.1767943688417268,2.053059004363694,-2.949715133206502,2.0606570612920985,TRACKING distance=2.061 heading_error=1.295 linear=0.000 angular=0.550 ,False
54.400000000000006,1,1.0,0.0,0.0,1.1769231951951982,2.052283538079415,-2.9262861453627504,2.0598955162021784,TRACKING distance=2.060 heading_error=1.269 linear=0.000 angular=0.550 ,False
54.400000000000006,1,1.0,0.0,0.0,1.1769231951951982,2.052283538079415,-2.9262861453627504,2.0598955162021784,TRACKING distance=2.060 heading_error=1.269 linear=0.000 angular=0.550 ,False
54.5,1,1.0,0.0,0.0,1.1767063225213952,2.0521469286969847,-2.9072344917010957,2.059740794706825,TRACKING distance=2.060 heading_error=1.251 linear=0.000 angular=0.550 ,False
54.5,1,1.0,0.0,0.0,1.1767689639019279,2.0518504689735266,-2.905486897825999,2.059450803885794,TRACKING distance=2.060 heading_error=1.251 linear=0.000 angular=0.550 ,False
54.6,1,1.0,0.0,0.0,1.1775558239659025,2.0510487300888998,-2.8889060624540557,2.058719739018281,TRACKING distance=2.059 heading_error=1.232 linear=0.000 angular=0.550 ,False
54.6,1,1.0,0.0,0.0,1.1775558239659025,2.0510487300888998,-2.8889060624540557,2.058719739018281,TRACKING distance=2.059 heading_error=1.232 linear=0.000 angular=0.550 ,False
