time_sec,trial_id,goal_x,goal_y,goal_yaw,robot_x,robot_y,robot_yaw,target_error_m,nav_state,nav_success
1.9000000000000001,1,nan,nan,nan,1.3969267968650826e-19,3.8163251738441098e-25,-3.887871057083844e-24,nan,IDLE_NO_GOAL,False
1.9000000000000001,1,4.0,0.0,0.0,1.3969267968650826e-19,3.8163251738441098e-25,-3.887871057083844e-24,4.0,IDLE_NO_GOAL,False
1.9000000000000001,1,4.0,0.0,0.0,1.3969267968650826e-19,3.8163251738441098e-25,-3.887871057083844e-24,4.0,GOAL_RECEIVED frame=odom x=4.000 y=0.000,False
2.0,1,4.0,0.0,0.0,-2.225241114925336e-19,1.5677490144636132e-23,6.224933615469759e-24,4.0,TRACKING distance=4.000 heading_error=0.000 linear=0.350 angular=0.000 ,False
2.0,1,4.0,0.0,0.0,-2.225241114925336e-19,1.5677490144636132e-23,6.224933615469759e-24,4.0,TRACKING distance=4.000 heading_error=0.000 linear=0.350 angular=0.000 ,False
2.1,1,4.0,0.0,0.0,1.2328211728493797e-05,3.241906906896924e-06,-5.013840889863002e-05,3.9999876717895853,TRACKING distance=4.000 heading_error=0.000 linear=0.350 angular=0.000 ,False
2.1,1,4.0,0.0,0.0,1.2328211728493797e-05,3.241906906896924e-06,-5.013840889863002e-05,3.9999876717895853,TRACKING distance=4.000 heading_error=0.000 linear=0.350 angular=0.000 ,False
2.2,1,4.0,0.0,0.0,1.4481766794768801e-05,3.6974445437183202e-06,-6.315218763107117e-05,3.999985518234914,TRACKING distance=4.000 heading_error=0.000 linear=0.350 angular=0.000 ,False
2.2,1,4.0,0.0,0.0,1.4481766794768801e-05,3.6974445437183202e-06,-6.315218763107117e-05,3.999985518234914,TRACKING distance=4.000 heading_error=0.000 linear=0.350 angular=0.000 ,False
2.3000000000000003,1,4.0,0.0,0.0,0.007139116905942613,4.314014384134216e-06,-6.407864398553756e-05,3.992860883096388,TRACKING distance=3.994 heading_error=0.000 linear=0.350 angular=0.000 ,False
2.3000000000000003,1,4.0,0.0,0.0,0.007139116905942613,4.314014384134216e-06,-6.407864398553756e-05,3.992860883096388,TRACKING distance=3.994 heading_error=0.000 linear=0.350 angular=0.000 ,False
2.4000000000000004,1,4.0,0.0,0.0,0.025819699201368413,3.201587111826971e-06,-7.449329749073839e-05,3.974180300799921,TRACKING distance=3.976 heading_error=0.000 linear=0.350 angular=0.000 ,False
2.4000000000000004,1,4.0,0.0,0.0,0.025819699201368413,3.201587111826971e-06,-7.449329749073839e-05,3.974180300799921,TRACKING distance=3.976 heading_error=0.000 linear=0.350 angular=0.000 ,False
2.5,1,4.0,0.0,0.0,0.044998043361326547,3.4159365974801032e-06,-7.611662954781232e-05,3.9550019566401486,TRACKING distance=3.957 heading_error=0.000 linear=0.350 angular=0.000 ,False
2.5,1,4.0,0.0,0.0,0.044998043361326547,3.4159365974801032e-06,-7.611662954781232e-05,3.9550019566401486,TRACKING distance=3.957 heading_error=0.000 linear=0.350 angular=0.000 ,False
2.6,1,4.0,0.0,0.0,0.06417404944601213,2.3249234702102172e-06,-8.280637188983248e-05,3.9358259505546744,TRACKING distance=3.938 heading_error=0.000 linear=0.350 angular=0.000 ,False
2.6,1,4.0,0.0,0.0,0.06417404944601213,2.3249234702102172e-06,-8.280637188983248e-05,3.9358259505546744,TRACKING distance=3.938 heading_error=0.000 linear=0.350 angular=0.000 ,False
2.7,1,4.0,0.0,0.0,0.0833514954056579,-8.084330371215921e-07,-8.015937045801912e-05,3.9166485045944257,TRACKING distance=3.919 heading_error=0.000 linear=0.350 angular=0.000 ,False
2.7,1,4.0,0.0,0.0,0.0833514954056579,-8.084330371215921e-07,-8.015937045801912e-05,3.9166485045944257,TRACKING distance=3.919 heading_error=0.000 linear=0.350 angular=0.000 ,False
2.8000000000000003,1,4.0,0.0,0.0,0.10252820528297571,-2.2139413155034113e-06,-8.279362236359885e-05,3.897471794717653,TRACKING distance=3.899 heading_error=0.000 linear=0.350 angular=0.000 ,False
2.8000000000000003,1,4.0,0.0,0.0,0.10252820528297571,-2.2139413155034113e-06,-8.279362236359885e-05,3.897471794717653,TRACKING distance=3.899 heading_error=0.000 linear=0.350 angular=0.000 ,False
2.9000000000000004,1,4.0,0.0,0.0,0.12170396890979462,-3.907689824888941e-06,-7.931129810012529e-05,3.878296031092174,TRACKING distance=3.880 heading_error=0.000 linear=0.350 angular=0.000 ,False
2.9000000000000004,1,4.0,0.0,0.0,0.12170396890979462,-3.907689824888941e-06,-7.931129810012529e-05,3.878296031092174,TRACKING distance=3.880 heading_error=0.000 linear=0.350 angular=0.000 ,False
3.0,1,4.0,0.0,0.0,0.1408793683704688,-5.338942022102636e-06,-8.420550728726979e-05,3.8591206316332243,TRACKING distance=3.861 heading_error=0.000 linear=0.350 angular=0.000 ,False
3.0,1,4.0,0.0,0.0,0.1408793683704688,-5.338942022102636e-06,-8.420550728726979e-05,3.8591206316332243,TRACKING distance=3.861 heading_error=0.000 linear=0.350 angular=0.000 ,False
3.1,1,4.0,0.0,0.0,0.1600553286943754,-6.933987533048346e-06,-8.657299856383048e-05,3.8399446713118848,TRACKING distance=3.842 heading_error=0.000 linear=0.350 angular=0.000 ,False
3.1,1,4.0,0.0,0.0,0.1600553286943754,-6.933987533048346e-06,-8.657299856383048e-05,3.8399446713118848,TRACKING distance=3.840 heading_error=0.000 linear=0.350 angular=0.000 ,False
3.2,1,4.0,0.0,0.0,0.179230597263238,-8.907986481753572e-06,-8.714813378726905e-05,3.820769402747146,TRACKING distance=3.823 heading_error=0.000 linear=0.350 angular=0.000 ,False
3.2,1,4.0,0.0,0.0,0.179230597263238,-8.907986481753572e-06,-8.714813378726905e-05,3.820769402747146,TRACKING distance=3.821 heading_error=0.000 linear=0.350 angular=0.000 ,False
3.3000000000000003,1,4.0,0.0,0.0,0.19840734307474625,-7.697018694412249e-06,-0.00010016262083614819,3.8015926569330456,TRACKING distance=3.804 heading_error=0.000 linear=0.350 angular=0.000 ,False
3.3000000000000003,1,4.0,0.0,0.0,0.19840734307474625,-7.697018694412249e-06,-0.00010016262083614819,3.8015926569330456,TRACKING distance=3.804 heading_error=0.000 linear=0.350 angular=0.000 ,False
3.4000000000000004,1,4.0,0.0,0.0,0.2175849437959857,-1.0853853542533655e-05,-0.00011227600979211588,3.782415056219587,TRACKING distance=3.784 heading_error=0.000 linear=0.350 angular=0.000 ,False
3.4000000000000004,1,4.0,0.0,0.0,0.2175849437959857,-1.0853853542533655e-05,-0.00011227600979211588,3.782415056219587,TRACKING distance=3.782 heading_error=0.000 linear=0.350 angular=0.000 ,False
3.5,1,4.0,0.0,0.0,0.23676143277619938,-1.2822210576246639e-05,-0.00011213334335683102,3.763238567245645,TRACKING distance=3.765 heading_error=0.000 linear=0.350 angular=0.000 ,False
3.5,1,4.0,0.0,0.0,0.23676143277619938,-1.2822210576246639e-05,-0.00011213334335683102,3.763238567245645,TRACKING distance=3.765 heading_error=0.000 linear=0.350 angular=0.000 ,False
3.6,1,4.0,0.0,0.0,0.25593652407231304,-1.5832386719671043e-05,-0.00010909678541665092,3.744063475961162,TRACKING distance=3.746 heading_error=0.000 linear=0.350 angular=0.000 ,False
3.6,1,4.0,0.0,0.0,0.25593652407231304,-1.5832386719671043e-05,-0.00010909678541665092,3.744063475961162,TRACKING distance=3.746 heading_error=0.000 linear=0.350 angular=0.000 ,False
3.7,1,4.0,0.0,0.0,0.2751115534685854,-1.7511837975683e-05,-0.00011809484850823808,3.724888446572579,TRACKING distance=3.727 heading_error=0.000 linear=0.350 angular=0.000 ,False
3.7,1,4.0,0.0,0.0,0.2751115534685854,-1.7511837975683e-05,-0.00011809484850823808,3.724888446572579,TRACKING distance=3.727 heading_error=0.000 linear=0.350 angular=0.000 ,False
3.8000000000000003,1,4.0,0.0,0.0,0.2942867708389656,-1.851014410986329e-05,-0.00011513492581757144,3.7057132292072636,TRACKING distance=3.708 heading_error=0.000 linear=0.350 angular=0.000 ,False
3.8000000000000003,1,4.0,0.0,0.0,0.2942867708389656,-1.851014410986329e-05,-0.00011513492581757144,3.7057132292072636,TRACKING distance=3.708 heading_error=0.000 linear=0.350 angular=0.000 ,False
3.9000000000000004,1,4.0,0.0,0.0,0.31346285471079327,-2.0936572578158017e-05,-0.00011613585653534403,3.6865371453486584,TRACKING distance=3.688 heading_error=0.000 linear=0.350 angular=0.000 ,False
3.9000000000000004,1,4.0,0.0,0.0,0.31346285471079327,-2.0936572578158017e-05,-0.00011613585653534403,3.6865371453486584,TRACKING distance=3.687 heading_error=0.000 linear=0.350 angular=0.000 ,False
4.0,1,4.0,0.0,0.0,0.3326392953810034,-2.4675900164440634e-05,-0.00011272499765100716,3.6673607047020127,TRACKING distance=3.669 heading_error=0.000 linear=0.350 angular=0.000 ,False
4.0,1,4.0,0.0,0.0,0.3326392953810034,-2.4675900164440634e-05,-0.00011272499765100716,3.6673607047020127,TRACKING distance=3.669 heading_error=0.000 linear=0.350 angular=0.000 ,False
4.1000000000000005,1,4.0,0.0,0.0,0.3518162116492256,-2.661690803607554e-05,-0.00011318531057202375,3.648183788447872,TRACKING distance=3.650 heading_error=0.000 linear=0.350 angular=0.000 ,False
4.1000000000000005,1,4.0,0.0,0.0,0.3518162116492256,-2.661690803607554e-05,-0.00011318531057202375,3.648183788447872,TRACKING distance=3.650 heading_error=0.000 linear=0.350 angular=0.000 ,False
4.2,1,4.0,0.0,0.0,0.37099297483847626,-2.9540196901537574e-05,-0.00011268787419275505,3.6290070252817523,TRACKING distance=3.631 heading_error=0.000 linear=0.350 angular=0.000 ,False
4.2,1,4.0,0.0,0.0,0.37099297483847626,-2.9540196901537574e-05,-0.00011268787419275505,3.6290070252817523,TRACKING distance=3.631 heading_error=0.000 linear=0.350 angular=0.000 ,False
4.300000000000001,1,4.0,0.0,0.0,0.3901680154806087,-3.0003993903788654e-05,-0.00010931260845376803,3.609831984644084,TRACKING distance=3.612 heading_error=0.000 linear=0.350 angular=0.000 ,False
4.300000000000001,1,4.0,0.0,0.0,0.3901680154806087,-3.0003993903788654e-05,-0.00010931260845376803,3.609831984644084,TRACKING distance=3.612 heading_error=0.000 linear=0.350 angular=0.000 ,False
4.4,1,4.0,0.0,0.0,0.4093448605202688,-3.421498090712209e-05,-0.0001114112586999065,3.5906551396427466,TRACKING distance=3.593 heading_error=0.000 linear=0.350 angular=0.000 ,False
4.4,1,4.0,0.0,0.0,0.4093448605202688,-3.421498090712209e-05,-0.0001114112586999065,3.5906551396427466,TRACKING distance=3.593 heading_error=0.000 linear=0.350 angular=0.000 ,False
4.5,1,4.0,0.0,0.0,0.42852051503154465,-3.692437075663602e-05,-0.00011130286239170029,3.5714794851593297,TRACKING distance=3.573 heading_error=0.000 linear=0.350 angular=0.000 ,False
4.5,1,4.0,0.0,0.0,0.42852051503154465,-3.692437075663602e-05,-0.00011130286239170029,3.5714794851593297,TRACKING distance=3.573 heading_error=0.000 linear=0.350 angular=0.000 ,False
4.6000000000000005,1,4.0,0.0,0.0,0.4476946864759365,-3.868156033493941e-05,-0.00011267945732632294,3.552305313734668,TRACKING distance=3.554 heading_error=0.000 linear=0.350 angular=0.000 ,False
4.6000000000000005,1,4.0,0.0,0.0,0.4476946864759365,-3.868156033493941e-05,-0.00011267945732632294,3.552305313734668,TRACKING distance=3.554 heading_error=0.000 linear=0.350 angular=0.000 ,False
4.7,1,4.0,0.0,0.0,0.466869868077791,-4.0553825136448815e-05,-0.0001303490591589515,3.5331301321549504,TRACKING distance=3.535 heading_error=0.000 linear=0.350 angular=0.000 ,False
4.7,1,4.0,0.0,0.0,0.466869868077791,-4.0553825136448815e-05,-0.0001303490591589515,3.5331301321549504,TRACKING distance=3.535 heading_error=0.000 linear=0.350 angular=0.000 ,False
4.800000000000001,1,4.0,0.0,0.0,0.48604531472087303,-4.264506562252669e-05,-0.00012976922391556866,3.5139546855378954,TRACKING distance=3.516 heading_error=0.000 linear=0.350 angular=0.000 ,False
4.800000000000001,1,4.0,0.0,0.0,0.48604531472087303,-4.264506562252669e-05,-0.00012976922391556866,3.5139546855378954,TRACKING distance=3.516 heading_error=0.000 linear=0.350 angular=0.000 ,False
4.9,1,4.0,0.0,0.0,0.5052200662417864,-4.6072119128036254e-05,-0.00013119218421328249,3.494779934061901,TRACKING distance=3.497 heading_error=0.000 linear=0.350 angular=0.000 ,False
4.9,1,4.0,0.0,0.0,0.5052200662417864,-4.6072119128036254e-05,-0.00013119218421328249,3.494779934061901,TRACKING distance=3.497 heading_error=0.000 linear=0.350 angular=0.000 ,False
5.0,1,4.0,0.0,0.0,0.5243940081219827,-4.8317398923072674e-05,-0.00013139652788678326,3.4756059922138682,TRACKING distance=3.478 heading_error=0.000 linear=0.350 angular=0.000 ,False
5.0,1,4.0,0.0,0.0,0.5243940081219827,-4.8317398923072674e-05,-0.00013139652788678326,3.4756059922138682,TRACKING distance=3.478 heading_error=0.000 linear=0.350 angular=0.000 ,False
5.1000000000000005,1,4.0,0.0,0.0,0.5435694422409204,-4.987455110888205e-05,-0.00013052468769457593,3.4564305581189116,TRACKING distance=3.458 heading_error=0.000 linear=0.350 angular=0.000 ,False
5.1000000000000005,1,4.0,0.0,0.0,0.5435694422409204,-4.987455110888205e-05,-0.00013052468769457593,3.4564305581189116,TRACKING distance=3.458 heading_error=0.000 linear=0.350 angular=0.000 ,False
5.2,1,4.0,0.0,0.0,0.5627463271174794,-5.3053472532825546e-05,-0.0001310207449109796,3.4372536732919565,TRACKING distance=3.439 heading_error=0.000 linear=0.350 angular=0.000 ,False
5.2,1,4.0,0.0,0.0,0.5627463271174794,-5.3053472532825546e-05,-0.0001310207449109796,3.4372536732919565,TRACKING distance=3.439 heading_error=0.000 linear=0.350 angular=0.000 ,False
5.300000000000001,1,4.0,0.0,0.0,0.5819221074563945,-5.4766221968997196e-05,-0.00012827116724026594,3.418077892982352,TRACKING distance=3.420 heading_error=0.000 linear=0.350 angular=0.000 ,False
5.300000000000001,1,4.0,0.0,0.0,0.5819221074563945,-5.4766221968997196e-05,-0.00012827116724026594,3.418077892982352,TRACKING distance=3.420 heading_error=0.000 linear=0.350 angular=0.000 ,False
5.4,1,4.0,0.0,0.0,0.6011003420236481,-5.762313293944501e-05,-0.0001289360881571361,3.3988996584648077,TRACKING distance=3.401 heading_error=0.000 linear=0.350 angular=0.000 ,False
5.4,1,4.0,0.0,0.0,0.6011003420236481,-5.762313293944501e-05,-0.0001289360881571361,3.3988996584648077,TRACKING distance=3.401 heading_error=0.000 linear=0.350 angular=0.000 ,False
5.5,1,4.0,0.0,0.0,0.6202781624421871,-6.190943103941454e-05,-0.0001283958876308594,3.3797218381248384,TRACKING distance=3.382 heading_error=0.000 linear=0.350 angular=0.000 ,False
5.5,1,4.0,0.0,0.0,0.6202781624421871,-6.190943103941454e-05,-0.0001283958876308594,3.3797218381248384,TRACKING distance=3.380 heading_error=0.000 linear=0.350 angular=0.000 ,False
5.6000000000000005,1,4.0,0.0,0.0,0.6394503156457436,-6.3842201033523e-05,-0.00012103913758665049,3.360549684960679,TRACKING distance=3.361 heading_error=0.000 linear=0.350 angular=0.000 ,False
5.6000000000000005,1,4.0,0.0,0.0,0.6394503156457436,-6.3842201033523e-05,-0.00012103913758665049,3.360549684960679,TRACKING distance=3.361 heading_error=0.000 linear=0.350 angular=0.000 ,False
5.7,1,4.0,0.0,0.0,0.6586259265606415,-6.747119317234438e-05,-0.0001277103902870914,3.3413740741205697,TRACKING distance=3.343 heading_error=0.000 linear=0.350 angular=0.000 ,False
5.7,1,4.0,0.0,0.0,0.6586259265606415,-6.747119317234438e-05,-0.0001277103902870914,3.3413740741205697,TRACKING distance=3.343 heading_error=0.000 linear=0.350 angular=0.000 ,False
5.800000000000001,1,4.0,0.0,0.0,0.6778007978114347,-7.012937072114319e-05,-0.00012849822617777462,3.3221992029287573,TRACKING distance=3.324 heading_error=0.000 linear=0.350 angular=0.000 ,False
5.800000000000001,1,4.0,0.0,0.0,0.6778007978114347,-7.012937072114319e-05,-0.00012849822617777462,3.3221992029287573,TRACKING distance=3.324 heading_error=0.000 linear=0.350 angular=0.000 ,False
5.9,1,4.0,0.0,0.0,0.6969746499029749,-7.244007749889512e-05,-0.0001307269968850061,3.3030253508913825,TRACKING distance=3.305 heading_error=0.000 linear=0.350 angular=0.000 ,False
5.9,1,4.0,0.0,0.0,0.6969746499029749,-7.244007749889512e-05,-0.0001307269968850061,3.3030253508913825,TRACKING distance=3.305 heading_error=0.000 linear=0.350 angular=0.000 ,False
6.0,1,4.0,0.0,0.0,0.7161458961875742,-7.586785403200597e-05,-0.00012982566978307592,3.283854104688825,TRACKING distance=3.286 heading_error=0.000 linear=0.350 angular=0.000 ,False
6.0,1,4.0,0.0,0.0,0.7161458961875742,-7.586785403200597e-05,-0.00012982566978307592,3.283854104688825,TRACKING distance=3.286 heading_error=0.000 linear=0.350 angular=0.000 ,False
6.1000000000000005,1,4.0,0.0,0.0,0.7353206377251791,-7.823930458185423e-05,-0.00012905995941579998,3.2646793632123385,TRACKING distance=3.267 heading_error=0.000 linear=0.350 angular=0.000 ,False
6.1000000000000005,1,4.0,0.0,0.0,0.7353206377251791,-7.823930458185423e-05,-0.00012905995941579998,3.2646793632123385,TRACKING distance=3.267 heading_error=0.000 linear=0.350 angular=0.000 ,False
6.2,1,4.0,0.0,0.0,0.7544952418780946,-8.156259331102436e-05,-0.0001304424427736114,3.245504759146778,TRACKING distance=3.246 heading_error=0.000 linear=0.350 angular=0.000 ,False
6.2,1,4.0,0.0,0.0,0.7544952418780946,-8.156259331102436e-05,-0.0001304424427736114,3.245504759146778,TRACKING distance=3.246 heading_error=0.000 linear=0.350 angular=0.000 ,False
6.300000000000001,1,4.0,0.0,0.0,0.7736701686055925,-8.312984128249213e-05,-0.00012994963237965323,3.226329832465372,TRACKING distance=3.228 heading_error=0.000 linear=0.350 angular=0.000 ,False
6.300000000000001,1,4.0,0.0,0.0,0.7736701686055925,-8.312984128249213e-05,-0.00012994963237965323,3.226329832465372,TRACKING distance=3.228 heading_error=0.000 linear=0.350 angular=0.000 ,False
6.4,1,4.0,0.0,0.0,0.7928455086232495,-8.512379367536002e-05,-0.0001301629883711522,3.2071544925064215,TRACKING distance=3.209 heading_error=0.000 linear=0.350 angular=0.000 ,False
6.4,1,4.0,0.0,0.0,0.7928455086232495,-8.512379367536002e-05,-0.0001301629883711522,3.2071544925064215,TRACKING distance=3.209 heading_error=0.000 linear=0.350 angular=0.000 ,False
6.5,1,4.0,0.0,0.0,0.8120232545497839,-8.723350781569685e-05,-0.0001294680127631321,3.187976746643714,TRACKING distance=3.190 heading_error=0.000 linear=0.350 angular=0.000 ,False
6.5,1,4.0,0.0,0.0,0.8120232545497839,-8.723350781569685e-05,-0.0001294680127631321,3.187976746643714,TRACKING distance=3.188 heading_error=0.000 linear=0.350 angular=0.000 ,False
6.6000000000000005,1,4.0,0.0,0.0,0.8312007457234095,-9.053320965880759e-05,-0.00012681025658236705,3.168799255569866,TRACKING distance=3.171 heading_error=0.000 linear=0.350 angular=0.000 ,False
6.6000000000000005,1,4.0,0.0,0.0,0.8312007457234095,-9.053320965880759e-05,-0.00012681025658236705,3.168799255569866,TRACKING distance=3.169 heading_error=0.000 linear=0.350 angular=0.000 ,False
6.7,1,4.0,0.0,0.0,0.8503756510335843,-9.287880508295709e-05,-0.00012733270175182464,3.1496243503358605,TRACKING distance=3.152 heading_error=0.000 linear=0.350 angular=0.000 ,False
6.7,1,4.0,0.0,0.0,0.8503756510335843,-9.287880508295709e-05,-0.00012733270175182464,3.1496243503358605,TRACKING distance=3.152 heading_error=0.000 linear=0.350 angular=0.000 ,False
6.800000000000001,1,4.0,0.0,0.0,0.8695525880425051,-9.766109499998042e-05,-0.00012689162623103587,3.1304474134808697,TRACKING distance=3.132 heading_error=0.000 linear=0.350 angular=0.000 ,False
6.800000000000001,1,4.0,0.0,0.0,0.8695525880425051,-9.766109499998042e-05,-0.00012689162623103587,3.1304474134808697,TRACKING distance=3.132 heading_error=0.000 linear=0.350 angular=0.000 ,False
6.9,1,4.0,0.0,0.0,0.8887283250306146,-9.961856188596292e-05,-0.00012918824969826258,3.111271676564209,TRACKING distance=3.113 heading_error=0.000 linear=0.350 angular=0.000 ,False
6.9,1,4.0,0.0,0.0,0.8887283250306146,-9.961856188596292e-05,-0.00012918824969826258,3.111271676564209,TRACKING distance=3.113 heading_error=0.000 linear=0.350 angular=0.000 ,False
7.0,1,4.0,0.0,0.0,0.9079004377526217,-0.00010263422532175619,-0.00012919755747785465,3.0920995639507165,TRACKING distance=3.094 heading_error=0.000 linear=0.350 angular=0.000 ,False
7.0,1,4.0,0.0,0.0,0.9079004377526217,-0.00010263422532175619,-0.00012919755747785465,3.0920995639507165,TRACKING distance=3.094 heading_error=0.000 linear=0.350 angular=0.000 ,False
7.1000000000000005,1,4.0,0.0,0.0,0.9270761405280292,-0.00010508355615944563,-0.00012614103645166541,3.072923861268721,TRACKING distance=3.075 heading_error=0.000 linear=0.350 angular=0.000 ,False
7.1000000000000005,1,4.0,0.0,0.0,0.9270761405280292,-0.00010508355615944563,-0.00012614103645166541,3.072923861268721,TRACKING distance=3.075 heading_error=0.000 linear=0.350 angular=0.000 ,False
7.2,1,4.0,0.0,0.0,0.9462509925390731,-0.0001075378058178635,-0.00012695810153779056,3.0537490093543993,TRACKING distance=3.056 heading_error=0.000 linear=0.350 angular=0.000 ,False
7.2,1,4.0,0.0,0.0,0.9462509925390731,-0.0001075378058178635,-0.00012695810153779056,3.0537490093543993,TRACKING distance=3.056 heading_error=0.000 linear=0.350 angular=0.000 ,False
7.300000000000001,1,4.0,0.0,0.0,0.965425786381928,-0.00010965350055435177,-0.0001260043593028104,3.0345742155992212,TRACKING distance=3.036 heading_error=0.000 linear=0.350 angular=0.000 ,False
7.300000000000001,1,4.0,0.0,0.0,0.965425786381928,-0.00010965350055435177,-0.0001260043593028104,3.0345742155992212,TRACKING distance=3.036 heading_error=0.000 linear=0.350 angular=0.000 ,False
7.4,1,4.0,0.0,0.0,0.984600549495238,-0.00011128775599107456,-0.00012556125203756692,3.015399452558381,TRACKING distance=3.017 heading_error=0.000 linear=0.350 angular=0.000 ,False
7.4,1,4.0,0.0,0.0,0.984600549495238,-0.00011128775599107456,-0.00012556125203756692,3.015399452558381,TRACKING distance=3.017 heading_error=0.000 linear=0.350 angular=0.000 ,False
7.500000000000001,1,4.0,0.0,0.0,1.0037767857764275,-0.0001156470645650454,-0.00012668573044219617,2.996223216455423,TRACKING distance=2.998 heading_error=0.000 linear=0.350 angular=0.000 ,False
7.500000000000001,1,4.0,0.0,0.0,1.0037767857764275,-0.0001156470645650454,-0.00012668573044219617,2.996223216455423,TRACKING distance=2.998 heading_error=0.000 linear=0.350 angular=0.000 ,False
7.6000000000000005,1,4.0,0.0,0.0,1.0229520205901004,-0.00011830186731033135,-0.00012598643813221166,2.977047981760438,TRACKING distance=2.979 heading_error=0.000 linear=0.350 angular=0.000 ,False
7.6000000000000005,1,4.0,0.0,0.0,1.0229520205901004,-0.00011830186731033135,-0.00012598643813221166,2.977047981760438,TRACKING distance=2.979 heading_error=0.000 linear=0.350 angular=0.000 ,False
7.7,1,4.0,0.0,0.0,1.0421269649499494,-0.00012052592680272434,-0.00012668132823074406,2.9578730375056157,TRACKING distance=2.960 heading_error=0.000 linear=0.350 angular=0.000 ,False
7.7,1,4.0,0.0,0.0,1.0421269649499494,-0.00012052592680272434,-0.00012668132823074406,2.9578730375056157,TRACKING distance=2.958 heading_error=0.000 linear=0.350 angular=0.000 ,False
7.800000000000001,1,4.0,0.0,0.0,1.06130285535023,-0.00012125896120358933,-0.00012568764653053194,2.938697147151514,TRACKING distance=2.941 heading_error=0.000 linear=0.350 angular=0.000 ,False
7.800000000000001,1,4.0,0.0,0.0,1.06130285535023,-0.00012125896120358933,-0.00012568764653053194,2.938697147151514,TRACKING distance=2.939 heading_error=0.000 linear=0.350 angular=0.000 ,False
7.9,1,4.0,0.0,0.0,1.0785599512214177,-0.0001249422786821226,-0.0001247885529600132,2.921440051450308,TRACKING distance=2.921 heading_error=0.000 linear=0.350 angular=0.000 ,False
7.9,1,4.0,0.0,0.0,1.080479424773926,-0.00012467839167363003,-0.00012391888938927977,2.9195205778882753,TRACKING distance=2.921 heading_error=0.000 linear=0.350 angular=0.000 ,False
8.0,1,4.0,0.0,0.0,1.0996557536701739,-0.00012720174139169477,-0.00012354963692867547,2.900344249119199,TRACKING distance=2.902 heading_error=0.000 linear=0.350 angular=0.000 ,False
8.0,1,4.0,0.0,0.0,1.0996557536701739,-0.00012720174139169477,-0.00012354963692867547,2.900344249119199,TRACKING distance=2.902 heading_error=0.000 linear=0.350 angular=0.000 ,False
8.1,1,4.0,0.0,0.0,1.1188310988655137,-0.0001317475171651232,-0.00012282478354338878,2.8811689041467026,TRACKING distance=2.883 heading_error=0.000 linear=0.350 angular=0.000 ,False
8.1,1,4.0,0.0,0.0,1.1188310988655137,-0.0001317475171651232,-0.00012282478354338878,2.8811689041467026,TRACKING distance=2.883 heading_error=0.000 linear=0.350 angular=0.000 ,False
8.200000000000001,1,4.0,0.0,0.0,1.1380068788814086,-0.0001337952097155225,-0.00012129539082623557,2.861993124245985,TRACKING distance=2.864 heading_error=0.000 linear=0.350 angular=0.000 ,False
8.200000000000001,1,4.0,0.0,0.0,1.1380068788814086,-0.0001337952097155225,-0.00012129539082623557,2.861993124245985,TRACKING distance=2.864 heading_error=0.000 linear=0.350 angular=0.000 ,False
8.3,1,4.0,0.0,0.0,1.1571827248531092,-0.0001358766094239479,-0.00012286266450773142,2.8428172783941013,TRACKING distance=2.845 heading_error=0.000 linear=0.350 angular=0.000 ,False
8.3,1,4.0,0.0,0.0,1.1571827248531092,-0.0001358766094239479,-0.00012286266450773142,2.8428172783941013,TRACKING distance=2.845 heading_error=0.000 linear=0.350 angular=0.000 ,False
8.4,1,4.0,0.0,0.0,1.1763576235850701,-0.00013732859700653528,-0.00012312512571645255,2.8236423797544363,TRACKING distance=2.826 heading_error=0.000 linear=0.350 angular=0.000 ,False
8.4,1,4.0,0.0,0.0,1.1763576235850701,-0.00013732859700653528,-0.00012312512571645255,2.8236423797544363,TRACKING distance=2.826 heading_error=0.000 linear=0.350 angular=0.000 ,False
8.5,1,4.0,0.0,0.0,1.1955345763638967,-0.0001416506965107219,-0.00012424738944153777,2.8044654272134197,TRACKING distance=2.806 heading_error=0.000 linear=0.350 angular=0.000 ,False
8.5,1,4.0,0.0,0.0,1.1955345763638967,-0.0001416506965107219,-0.00012424738944153777,2.8044654272134197,TRACKING distance=2.806 heading_error=0.000 linear=0.350 angular=0.000 ,False
8.600000000000001,1,4.0,0.0,0.0,1.214710281557317,-0.00014315607814810224,-0.0001245842639504727,2.7852897221215933,TRACKING distance=2.787 heading_error=0.000 linear=0.350 angular=0.000 ,False
8.600000000000001,1,4.0,0.0,0.0,1.214710281557317,-0.00014315607814810224,-0.0001245842639504727,2.7852897221215933,TRACKING distance=2.787 heading_error=0.000 linear=0.350 angular=0.000 ,False
8.700000000000001,1,4.0,0.0,0.0,1.2338854529113978,-0.00014659972152633442,-0.0001246363921713499,2.7661145509733793,TRACKING distance=2.768 heading_error=0.000 linear=0.350 angular=0.000 ,False
8.700000000000001,1,4.0,0.0,0.0,1.2338854529113978,-0.00014659972152633442,-0.0001246363921713499,2.7661145509733793,TRACKING distance=2.768 heading_error=0.000 linear=0.350 angular=0.000 ,False
8.8,1,4.0,0.0,0.0,1.2530591577762291,-0.00014991120065198209,-0.0001247436406531615,2.7469408463143887,TRACKING distance=2.749 heading_error=0.000 linear=0.350 angular=0.000 ,False
8.8,1,4.0,0.0,0.0,1.2530591577762291,-0.00014991120065198209,-0.0001247436406531615,2.7469408463143887,TRACKING distance=2.749 heading_error=0.000 linear=0.350 angular=0.000 ,False
8.9,1,4.0,0.0,0.0,1.2722330178353072,-0.00015234216191337683,-0.0001238780089107966,2.727766986418746,TRACKING distance=2.730 heading_error=0.000 linear=0.350 angular=0.000 ,False
8.9,1,4.0,0.0,0.0,1.2722330178353072,-0.00015234216191337683,-0.0001238780089107966,2.727766986418746,TRACKING distance=2.730 heading_error=0.000 linear=0.350 angular=0.000 ,False
9.0,1,4.0,0.0,0.0,1.291406955052377,-0.0001545825431298236,-0.00012436632846475436,2.7085930493587256,TRACKING distance=2.711 heading_error=0.000 linear=0.350 angular=0.000 ,False
9.0,1,4.0,0.0,0.0,1.291406955052377,-0.0001545825431298236,-0.00012436632846475436,2.7085930493587256,TRACKING distance=2.711 heading_error=0.000 linear=0.350 angular=0.000 ,False
9.100000000000001,1,4.0,0.0,0.0,1.3105811323331367,-0.0001554962178996422,-0.00012134295024840296,2.6894188721620864,TRACKING distance=2.691 heading_error=0.000 linear=0.350 angular=0.000 ,False
9.100000000000001,1,4.0,0.0,0.0,1.3105811323331367,-0.0001554962178996422,-0.00012134295024840296,2.6894188721620864,TRACKING distance=2.689 heading_error=0.000 linear=0.350 angular=0.000 ,False
9.200000000000001,1,4.0,0.0,0.0,1.329758350787051,-0.00015847985011031577,-0.0001211654341748181,2.6702416539158684,TRACKING distance=2.672 heading_error=0.000 linear=0.350 angular=0.000 ,False
9.200000000000001,1,4.0,0.0,0.0,1.329758350787051,-0.00015847985011031577,-0.0001211654341748181,2.6702416539158684,TRACKING distance=2.672 heading_error=0.000 linear=0.350 angular=0.000 ,False
9.3,1,4.0,0.0,0.0,1.3489359066145616,-0.00016090390366743884,-0.00012234188194108027,2.651064098268396,TRACKING distance=2.653 heading_error=0.000 linear=0.350 angular=0.000 ,False
9.3,1,4.0,0.0,0.0,1.3489359066145616,-0.00016090390366743884,-0.00012234188194108027,2.651064098268396,TRACKING distance=2.653 heading_error=0.000 linear=0.350 angular=0.000 ,False
9.4,1,4.0,0.0,0.0,1.3681132028934273,-0.00016441947960426783,-0.00012078512493708145,2.631886802242387,TRACKING distance=2.634 heading_error=0.000 linear=0.350 angular=0.000 ,False
9.4,1,4.0,0.0,0.0,1.3681132028934273,-0.00016441947960426783,-0.00012078512493708145,2.631886802242387,TRACKING distance=2.632 heading_error=0.000 linear=0.350 angular=0.000 ,False
9.5,1,4.0,0.0,0.0,1.387291145187506,-0.0001664498325208922,-0.0001218282289657448,2.612708860114567,TRACKING distance=2.615 heading_error=0.000 linear=0.350 angular=0.000 ,False
9.5,1,4.0,0.0,0.0,1.387291145187506,-0.0001664498325208922,-0.0001218282289657448,2.612708860114567,TRACKING distance=2.615 heading_error=0.000 linear=0.350 angular=0.000 ,False
9.600000000000001,1,4.0,0.0,0.0,1.4064675485832885,-0.00016857957316064842,-0.00012171932144449295,2.593532456895547,TRACKING distance=2.595 heading_error=0.000 linear=0.350 angular=0.000 ,False
9.600000000000001,1,4.0,0.0,0.0,1.4064675485832885,-0.00016857957316064842,-0.00012171932144449295,2.593532456895547,TRACKING distance=2.595 heading_error=0.000 linear=0.350 angular=0.000 ,False
9.700000000000001,1,4.0,0.0,0.0,1.4256432922400213,-0.0001712521605544688,-0.00012145429722702928,2.5743567134560235,TRACKING distance=2.576 heading_error=0.000 linear=0.350 angular=0.000 ,False
9.700000000000001,1,4.0,0.0,0.0,1.4256432922400213,-0.0001712521605544688,-0.00012145429722702928,2.5743567134560235,TRACKING distance=2.576 heading_error=0.000 linear=0.350 angular=0.000 ,False
9.8,1,4.0,0.0,0.0,1.4448161994421131,-0.00017548975837249645,-0.00012119715176041874,2.5551838065841963,TRACKING distance=2.557 heading_error=0.000 linear=0.350 angular=0.000 ,False
9.8,1,4.0,0.0,0.0,1.4448161994421131,-0.00017548975837249645,-0.00012119715176041874,2.5551838065841963,TRACKING distance=2.557 heading_error=0.000 linear=0.350 angular=0.000 ,False
9.9,1,4.0,0.0,0.0,1.4639900170685372,-0.00017658297911223405,-0.0001219330285617506,2.5360099890792203,TRACKING distance=2.538 heading_error=0.000 linear=0.350 angular=0.000 ,False
9.9,1,4.0,0.0,0.0,1.4639900170685372,-0.00017658297911223405,-0.0001219330285617506,2.5360099890792203,TRACKING distance=2.536 heading_error=0.000 linear=0.350 angular=0.000 ,False
10.0,1,4.0,0.0,0.0,1.4831638827392741,-0.00018016949713126241,-0.00012134937372103007,2.5168361237095067,TRACKING distance=2.519 heading_error=0.000 linear=0.350 angular=0.000 ,False
10.0,1,4.0,0.0,0.0,1.4831638827392741,-0.00018016949713126241,-0.00012134937372103007,2.5168361237095067,TRACKING distance=2.519 heading_error=0.000 linear=0.350 angular=0.000 ,False
10.100000000000001,1,4.0,0.0,0.0,1.5023367311052083,-0.00018325503944562345,-0.00011439495865337786,2.4976632756175574,TRACKING distance=2.498 heading_error=0.000 linear=0.350 angular=0.000 ,False
10.100000000000001,1,4.0,0.0,0.0,1.5023367311052083,-0.00018325503944562345,-0.00011439495865337786,2.4976632756175574,TRACKING distance=2.498 heading_error=0.000 linear=0.350 angular=0.000 ,False
10.100000000000001,1,1.5023367311052083,-0.00018325503944562345,-3.004035658259596,1.5023367311052083,-0.00018325503944562345,-0.00011439495865337786,0.0,OBJECT_GOAL_PUBLISHED,
10.200000000000001,1,1.5023367311052083,-0.00018325503944562345,-3.004035658259596,1.5215106156096814,-0.00018562786158429913,-0.00012026332941695682,0.019173884651294812,TRACKING distance=2.480 heading_error=0.000 linear=0.350 angular=0.000 ,False
10.200000000000001,1,1.5023367311052083,-0.00018325503944562345,-3.004035658259596,1.5215106156096814,-0.00018562786158429913,-0.00012026332941695682,0.019173884651294812,TRACKING distance=2.480 heading_error=0.000 linear=0.350 angular=0.000 ,False
10.200000000000001,1,1.5023367311052083,-0.00018325503944562345,-3.004035658259596,1.5215106156096814,-0.00018562786158429913,-0.00012026332941695682,0.019173884651294812,GOAL_RECEIVED frame=odom x=1.502 y=-0.000,False
10.3,1,1.5023367311052083,-0.00018325503944562345,-3.004035658259596,1.540684844134559,-0.0001878673112672686,-0.00012038102856781016,0.03834811330671846,ALIGN_YAW distance=0.036 yaw_error=-3.004,False
10.3,1,1.5023367311052083,-0.00018325503944562345,-3.004035658259596,1.540684844134559,-0.0001878673112672686,-0.00012038102856781016,0.03834811330671846,ALIGN_YAW distance=0.036 yaw_error=-3.004,False
10.4,1,1.5023367311052083,-0.00018325503944562345,-3.004035658259596,1.5598586478756997,-0.000189844229778761,-0.0001086085108793192,0.05752191714789047,ALIGN_YAW distance=0.056 yaw_error=-3.004,False
10.4,1,1.5023367311052083,-0.00018325503944562345,-3.004035658259596,1.5598586478756997,-0.000189844229778761,-0.0001086085108793192,0.05752191714789047,ALIGN_YAW distance=0.056 yaw_error=-3.004,False
10.5,1,1.5023367311052083,-0.00018325503944562345,-3.004035658259596,1.5790370123200643,-0.0001917496670469458,-0.00011818043716480542,0.07670028168525002,ALIGN_YAW distance=0.075 yaw_error=-3.004,False
10.5,1,1.5023367311052083,-0.00018325503944562345,-3.004035658259596,1.5790370123200643,-0.0001917496670469458,-0.00011818043716480542,0.07670028168525002,ALIGN_YAW distance=0.075 yaw_error=-3.004,False
10.600000000000001,1,1.5023367311052083,-0.00018325503944562345,-3.004035658259596,1.5901474605376757,-0.00019662950208737981,-7.793141516956692e-05,0.08781073045100048,ALIGN_YAW distance=0.087 yaw_error=-3.004,False
10.600000000000001,1,1.5023367311052083,-0.00018325503944562345,-3.004035658259596,1.5901474605376757,-0.00019662950208737981,-7.793141516956692e-05,0.08781073045100048,ALIGN_YAW distance=0.088 yaw_error=-3.004,False
10.700000000000001,1,1.5023367311052083,-0.00018325503944562345,-3.004035658259596,1.592303218029713,-4.750641071732696e-05,-0.0052790863978608256,0.08996658933863881,ALIGN_YAW distance=0.090 yaw_error=-3.000,False
10.700000000000001,1,1.5023367311052083,-0.00018325503944562345,-3.004035658259596,1.592303218029713,-4.750641071732696e-05,-0.0052790863978608256,0.08996658933863881,ALIGN_YAW distance=0.090 yaw_error=-3.000,False
10.8,1,1.5023367311052083,-0.00018325503944562345,-3.004035658259596,1.5920212315282423,-0.0005859703791904412,-0.016663261378133412,0.08968540458610895,ALIGN_YAW distance=0.089 yaw_error=-2.989,False
10.8,1,1.5023367311052083,-0.00018325503944562345,-3.004035658259596,1.5920212315282423,-0.0005859703791904412,-0.016663261378133412,0.08968540458610895,ALIGN_YAW distance=0.089 yaw_error=-2.989,False
10.9,1,1.5023367311052083,-0.00018325503944562345,-3.004035658259596,1.5918042668421117,-0.00024130369715150255,-0.030229994278465115,0.08946755456857397,ALIGN_YAW distance=0.089 yaw_error=-2.975,False
10.9,1,1.5023367311052083,-0.00018325503944562345,-3.004035658259596,1.5918042668421117,-0.00024130369715150255,-0.030229994278465115,0.08946755456857397,ALIGN_YAW distance=0.089 yaw_error=-2.975,False
11.0,1,1.5023367311052083,-0.00018325503944562345,-3.004035658259596,1.5913770208682556,0.0002916954155758537,-0.04324831772075598,0.08904155647236946,ALIGN_YAW distance=0.089 yaw_error=-2.961,False
11.0,1,1.5023367311052083,-0.00018325503944562345,-3.004035658259596,1.5915794371059457,0.0005060137834131928,-0.04500496952044601,0.0892453677556669,ALIGN_YAW distance=0.089 yaw_error=-2.961,False
11.100000000000001,1,1.5023367311052083,-0.00018325503944562345,-3.004035658259596,1.591817517216043,0.0008222803788496014,-0.06562417034984327,0.08948643575699272,ALIGN_YAW distance=0.089 yaw_error=-2.938,False
11.100000000000001,1,1.5023367311052083,-0.00018325503944562345,-3.004035658259596,1.591817517216043,0.0008222803788496014,-0.06562417034984327,0.08948643575699272,ALIGN_YAW distance=0.089 yaw_error=-2.938,False
11.200000000000001,1,1.5023367311052083,-0.00018325503944562345,-3.004035658259596,1.5921039997245565,0.0016765135727248425,-0.0871228336102529,0.08978653158836819,ALIGN_YAW distance=0.090 yaw_error=-2.919,False
11.200000000000001,1,1.5023367311052083,-0.00018325503944562345,-3.004035658259596,1.5921039997245565,0.0016765135727248425,-0.0871228336102529,0.08978653158836819,ALIGN_YAW distance=0.090 yaw_error=-2.919,False
11.3,1,1.5023367311052083,-0.00018325503944562345,-3.004035658259596,1.5921879431156578,0.0015554034974017393,-0.10716618728585083,0.08986803232103452,ALIGN_YAW distance=0.090 yaw_error=-2.899,False
11.3,1,1.5023367311052083,-0.00018325503944562345,-3.004035658259596,1.5921879431156578,0.0015554034974017393,-0.10716618728585083,0.08986803232103452,ALIGN_YAW distance=0.090 yaw_error=-2.899,False
11.4,1,1.5023367311052083,-0.00018325503944562345,-3.004035658259596,1.5918267682613718,0.0015853824922337865,-0.1268389626684769,0.08950751269547154,ALIGN_YAW distance=0.089 yaw_error=-2.879,False
11.4,1,1.5023367311052083,-0.00018325503944562345,-3.004035658259596,1.5918267682613718,0.0015853824922337865,-0.1268389626684769,0.08950751269547154,ALIGN_YAW distance=0.089 yaw_error=-2.879,False
11.5,1,1.5023367311052083,-0.00018325503944562345,-3.004035658259596,1.5911367490442079,0.0005130031860308572,-0.14527273161659413,0.08880274748836996,ALIGN_YAW distance=0.089 yaw_error=-2.860,False
11.5,1,1.5023367311052083,-0.00018325503944562345,-3.004035658259596,1.5911367490442079,0.0005130031860308572,-0.14527273161659413,0.08880274748836996,ALIGN_YAW distance=0.089 yaw_error=-2.860,False
11.600000000000001,1,1.5023367311052083,-0.00018325503944562345,-3.004035658259596,1.5916459796155629,0.00041834505163425783,-0.16333264031971467,0.08931127472023823,ALIGN_YAW distance=0.089 yaw_error=-2.842,False
11.600000000000001,1,1.5023367311052083,-0.00018325503944562345,-3.004035658259596,1.5916459796155629,0.00041834505163425783,-0.16333264031971467,0.08931127472023823,ALIGN_YAW distance=0.089 yaw_error=-2.842,False
11.700000000000001,1,1.5023367311052083,-0.00018325503944562345,-3.004035658259596,1.592219726881964,-0.00017928001197351873,-0.18108677757393954,0.08988299586465247,ALIGN_YAW distance=0.090 yaw_error=-2.825,False
11.700000000000001,1,1.5023367311052083,-0.00018325503944562345,-3.004035658259596,1.592219726881964,-0.00017928001197351873,-0.18108677757393954,0.08988299586465247,ALIGN_YAW distance=0.090 yaw_error=-2.825,False
11.8,1,1.5023367311052083,-0.00018325503944562345,-3.004035658259596,1.5919405336728178,0.00014090839692542986,-0.19781508767390296,0.0896043889355239,ALIGN_YAW distance=0.089 yaw_error=-2.808,False
11.8,1,1.5023367311052083,-0.00018325503944562345,-3.004035658259596,1.5919405336728178,0.00014090839692542986,-0.19781508767390296,0.0896043889355239,ALIGN_YAW distance=0.089 yaw_error=-2.808,False
11.9,1,1.5023367311052083,-0.00018325503944562345,-3.004035658259596,1.5920894405814825,-6.835996607108125e-05,-0.22313419246081662,0.08975278301651916,ALIGN_YAW distance=0.090 yaw_error=-2.784,False
11.9,1,1.5023367311052083,-0.00018325503944562345,-3.004035658259596,1.5920894405814825,-6.835996607108125e-05,-0.22313419246081662,0.08975278301651916,ALIGN_YAW distance=0.090 yaw_error=-2.784,False
12.0,1,1.5023367311052083,-0.00018325503944562345,-3.004035658259596,1.5925500642597217,0.00015377694172886037,-0.24864721635569137,0.09021396271865882,ALIGN_YAW distance=0.090 yaw_error=-2.758,False
12.0,1,1.5023367311052083,-0.00018325503944562345,-3.004035658259596,1.5925500642597217,0.00015377694172886037,-0.24864721635569137,0.09021396271865882,ALIGN_YAW distance=0.090 yaw_error=-2.758,False
12.100000000000001,1,1.5023367311052083,-0.00018325503944562345,-3.004035658259596,1.592888504435924,0.00026701734835470184,-0.27062618833455726,0.09055289282270632,ALIGN_YAW distance=0.091 yaw_error=-2.733,False
12.100000000000001,1,1.5023367311052083,-0.00018325503944562345,-3.004035658259596,1.592888504435924,0.00026701734835470184,-0.27062618833455726,0.09055289282270632,ALIGN_YAW distance=0.091 yaw_error=-2.733,False
12.200000000000001,1,1.5023367311052083,-0.00018325503944562345,-3.004035658259596,1.5926320233587505,8.197916360459632e-05,-0.29908123093302513,0.09029568180336797,ALIGN_YAW distance=0.090 yaw_error=-2.708,False
12.200000000000001,1,1.5023367311052083,-0.00018325503944562345,-3.004035658259596,1.5926320233587505,8.197916360459632e-05,-0.29908123093302513,0.09029568180336797,ALIGN_YAW distance=0.090 yaw_error=-2.708,False
12.3,1,1.5023367311052083,-0.00018325503944562345,-3.004035658259596,1.5927447378511481,-0.0002426126718043862,-0.32796194412100665,0.0904080262316484,ALIGN_YAW distance=0.090 yaw_error=-2.678,False
12.3,1,1.5023367311052083,-0.00018325503944562345,-3.004035658259596,1.5927447378511481,-0.0002426126718043862,-0.32796194412100665,0.0904080262316484,ALIGN_YAW distance=0.090 yaw_error=-2.678,False
12.4,1,1.5023367311052083,-0.00018325503944562345,-3.004035658259596,1.5929813697056678,0.0006921264270160491,-0.35124362377677815,0.09064886540779069,ALIGN_YAW distance=0.091 yaw_error=-2.655,False
12.4,1,1.5023367311052083,-0.00018325503944562345,-3.004035658259596,1.5929813697056678,0.0006921264270160491,-0.35124362377677815,0.09064886540779069,ALIGN_YAW distance=0.091 yaw_error=-2.655,False
12.5,1,1.5023367311052083,-0.00018325503944562345,-3.004035658259596,1.5934009586086118,0.0010262644179611087,-0.3801956279391851,0.09107225959703356,ALIGN_YAW distance=0.091 yaw_error=-2.627,False
12.5,1,1.5023367311052083,-0.00018325503944562345,-3.004035658259596,1.5934009586086118,0.0010262644179611087,-0.3801956279391851,0.09107225959703356,ALIGN_YAW distance=0.091 yaw_error=-2.624,False
12.600000000000001,1,1.5023367311052083,-0.00018325503944562345,-3.004035658259596,1.5935546371620277,0.0005910841888104859,-0.4118386259373228,0.09122119263982002,ALIGN_YAW distance=0.091 yaw_error=-2.596,False
12.600000000000001,1,1.5023367311052083,-0.00018325503944562345,-3.004035658259596,1.5935546371620277,0.0005910841888104859,-0.4118386259373228,0.09122119263982002,ALIGN_YAW distance=0.091 yaw_error=-2.596,False
12.700000000000001,1,1.5023367311052083,-0.00018325503944562345,-3.004035658259596,1.5935729572389354,-0.00029940559269240924,-0.4424192646044269,0.0912363000678766,ALIGN_YAW distance=0.091 yaw_error=-2.565,False
12.700000000000001,1,1.5023367311052083,-0.00018325503944562345,-3.004035658259596,1.5935729572389354,-0.00029940559269240924,-0.4424192646044269,0.0912363000678766,ALIGN_YAW distance=0.091 yaw_error=-2.565,False
12.8,1,1.5023367311052083,-0.00018325503944562345,-3.004035658259596,1.5942573042913477,0.00021874133218469235,-0.4722123716632237,0.0919214522075844,ALIGN_YAW distance=0.092 yaw_error=-2.534,False
12.8,1,1.5023367311052083,-0.00018325503944562345,-3.004035658259596,1.5942573042913477,0.00021874133218469235,-0.4722123716632237,0.0919214522075844,ALIGN_YAW distance=0.092 yaw_error=-2.534,False
12.9,1,1.5023367311052083,-0.00018325503944562345,-3.004035658259596,1.5947571814137866,0.0002287218469101099,-0.49953621491537603,0.09242136852587336,ALIGN_YAW distance=0.092 yaw_error=-2.504,False
12.9,1,1.5023367311052083,-0.00018325503944562345,-3.004035658259596,1.5947571814137866,0.0002287218469101099,-0.49953621491537603,0.09242136852587336,ALIGN_YAW distance=0.092 yaw_error=-2.504,False
13.0,1,1.5023367311052083,-0.00018325503944562345,-3.004035658259596,1.595349417685139,-0.0005167544608325034,-0.5272006911693481,0.09301328446345984,ALIGN_YAW distance=0.093 yaw_error=-2.480,False
13.0,1,1.5023367311052083,-0.00018325503944562345,-3.004035658259596,1.595349417685139,-0.0005167544608325034,-0.5272006911693481,0.09301328446345984,ALIGN_YAW distance=0.093 yaw_error=-2.480,False
13.100000000000001,1,1.5023367311052083,-0.00018325503944562345,-3.004035658259596,1.5951570225260348,-0.0013795780381060253,-0.5546803867217592,0.09282800056106066,ALIGN_YAW distance=0.093 yaw_error=-2.452,False
13.100000000000001,1,1.5023367311052083,-0.00018325503944562345,-3.004035658259596,1.5951570225260348,-0.0013795780381060253,-0.5546803867217592,0.09282800056106066,ALIGN_YAW distance=0.093 yaw_error=-2.452,False
13.200000000000001,1,1.5023367311052083,-0.00018325503944562345,-3.004035658259596,1.5951280944609263,-0.0016078166191669696,-0.5823950746784058,0.09280229786544786,ALIGN_YAW distance=0.093 yaw_error=-2.424,False
13.200000000000001,1,1.5023367311052083,-0.00018325503944562345,-3.004035658259596,1.5951280944609263,-0.0016078166191669696,-0.5823950746784058,0.09280229786544786,ALIGN_YAW distance=0.093 yaw_error=-2.422,False
13.3,1,1.5023367311052083,-0.00018325503944562345,-3.004035658259596,1.5956366928278967,-0.001979885220506902,-0.6117278800336096,0.09331725851878965,ALIGN_YAW distance=0.093 yaw_error=-2.395,False
13.3,1,1.5023367311052083,-0.00018325503944562345,-3.004035658259596,1.5956366928278967,-0.001979885220506902,-0.6117278800336096,0.09331725851878965,ALIGN_YAW distance=0.093 yaw_error=-2.395,False
13.4,1,1.5023367311052083,-0.00018325503944562345,-3.004035658259596,1.5960366287825867,-0.003148086889016854,-0.6416634235133636,0.0937467922259072,ALIGN_YAW distance=0.093 yaw_error=-2.365,False
13.4,1,1.5023367311052083,-0.00018325503944562345,-3.004035658259596,1.5960366287825867,-0.003148086889016854,-0.6416634235133636,0.0937467922259072,ALIGN_YAW distance=0.094 yaw_error=-2.362,False
13.5,1,1.5023367311052083,-0.00018325503944562345,-3.004035658259596,1.5961908709184103,-0.0038281942679533353,-0.6718159939334417,0.09392489096110565,ALIGN_YAW distance=0.094 yaw_error=-2.335,False
13.5,1,1.5023367311052083,-0.00018325503944562345,-3.004035658259596,1.5961908709184103,-0.0038281942679533353,-0.6718159939334417,0.09392489096110565,ALIGN_YAW distance=0.094 yaw_error=-2.335,False
13.600000000000001,1,1.5023367311052083,-0.00018325503944562345,-3.004035658259596,1.5971109841443816,-0.00408528428255613,-0.7042152861211808,0.0948545458654847,ALIGN_YAW distance=0.095 yaw_error=-2.303,False
13.600000000000001,1,1.5023367311052083,-0.00018325503944562345,-3.004035658259596,1.5971109841443816,-0.00408528428255613,-0.7042152861211808,0.0948545458654847,ALIGN_YAW distance=0.095 yaw_error=-2.303,False
13.700000000000001,1,1.5023367311052083,-0.00018325503944562345,-3.004035658259596,1.5969782136441053,-0.005234212851197419,-0.73430229733387,0.09477616995836269,ALIGN_YAW distance=0.095 yaw_error=-2.270,False
13.700000000000001,1,1.5023367311052083,-0.00018325503944562345,-3.004035658259596,1.5969782136441053,-0.005234212851197419,-0.73430229733387,0.09477616995836269,ALIGN_YAW distance=0.095 yaw_error=-2.270,False
13.8,1,1.5023367311052083,-0.00018325503944562345,-3.004035658259596,1.5970602335985782,-0.005672069173815659,-0.7648786519699178,0.09488239565490068,ALIGN_YAW distance=0.095 yaw_error=-2.242,False
13.8,1,1.5023367311052083,-0.00018325503944562345,-3.004035658259596,1.5970602335985782,-0.005672069173815659,-0.7648786519699178,0.09488239565490068,ALIGN_YAW distance=0.095 yaw_error=-2.242,False
13.9,1,1.5023367311052083,-0.00018325503944562345,-3.004035658259596,1.597790709899635,-0.005922232734154573,-0.7930842612348515,0.0956263453901027,ALIGN_YAW distance=0.096 yaw_error=-2.214,False
13.9,1,1.5023367311052083,-0.00018325503944562345,-3.004035658259596,1.597790709899635,-0.005922232734154573,-0.7930842612348515,0.0956263453901027,ALIGN_YAW distance=0.096 yaw_error=-2.211,False
14.0,1,1.5023367311052083,-0.00018325503944562345,-3.004035658259596,1.5979071058601915,-0.005885183779166657,-0.8234281705543671,0.09574031816408794,ALIGN_YAW distance=0.096 yaw_error=-2.183,False
14.0,1,1.5023367311052083,-0.00018325503944562345,-3.004035658259596,1.5979071058601915,-0.005885183779166657,-0.8234281705543671,0.09574031816408794,ALIGN_YAW distance=0.096 yaw_error=-2.183,False
14.100000000000001,1,1.5023367311052083,-0.00018325503944562345,-3.004035658259596,1.5987447642760606,-0.006090808917816752,-0.8527958545458288,0.09658886091417593,ALIGN_YAW distance=0.096 yaw_error=-2.154,False
14.100000000000001,1,1.5023367311052083,-0.00018325503944562345,-3.004035658259596,1.5987447642760606,-0.006090808917816752,-0.8527958545458288,0.09658886091417593,ALIGN_YAW distance=0.096 yaw_error=-2.154,False
14.200000000000001,1,1.5023367311052083,-0.00018325503944562345,-3.004035658259596,1.5980896542609977,-0.007186512356601241,-0.8820501807055607,0.09600868661703903,ALIGN_YAW distance=0.096 yaw_error=-2.125,False
14.200000000000001,1,1.5023367311052083,-0.00018325503944562345,-3.004035658259596,1.5980896542609977,-0.007186512356601241,-0.8820501807055607,0.09600868661703903,ALIGN_YAW distance=0.096 yaw_error=-2.125,False
14.3,1,1.5023367311052083,-0.00018325503944562345,-3.004035658259596,1.598383413646245,-0.006679291938125002,-0.9110473936015882,0.09626610889886263,ALIGN_YAW distance=0.096 yaw_error=-2.096,False
14.3,1,1.5023367311052083,-0.00018325503944562345,-3.004035658259596,1.598383413646245,-0.006679291938125002,-0.9110473936015882,0.09626610889886263,ALIGN_YAW distance=0.096 yaw_error=-2.096,False
14.4,1,1.5023367311052083,-0.00018325503944562345,-3.004035658259596,1.5987597543727976,-0.007327504377608545,-0.9396600086621808,0.09668732964906993,ALIGN_YAW distance=0.097 yaw_error=-2.064,False
14.4,1,1.5023367311052083,-0.00018325503944562345,-3.004035658259596,1.5987597543727976,-0.007327504377608545,-0.9396600086621808,0.09668732964906993,ALIGN_YAW distance=0.097 yaw_error=-2.064,False
14.500000000000002,1,1.5023367311052083,-0.00018325503944562345,-3.004035658259596,1.5993413840549697,-0.0074037185193873796,-0.9671226377599982,0.09727300646514858,ALIGN_YAW distance=0.097 yaw_error=-2.040,False
14.500000000000002,1,1.5023367311052083,-0.00018325503944562345,-3.004035658259596,1.5993413840549697,-0.0074037185193873796,-0.9671226377599982,0.09727300646514858,ALIGN_YAW distance=0.097 yaw_error=-2.040,False
14.600000000000001,1,1.5023367311052083,-0.00018325503944562345,-3.004035658259596,1.5993179811027063,-0.008146988566342455,-0.9946113601656089,0.097307676484256,ALIGN_YAW distance=0.097 yaw_error=-2.012,False
14.600000000000001,1,1.5023367311052083,-0.00018325503944562345,-3.004035658259596,1.5993179811027063,-0.008146988566342455,-0.9946113601656089,0.097307676484256,ALIGN_YAW distance=0.097 yaw_error=-2.012,False
14.700000000000001,1,1.5023367311052083,-0.00018325503944562345,-3.004035658259596,1.5994221547628211,-0.00798862733285358,-1.0228396177092114,0.0973986823494901,ALIGN_YAW distance=0.097 yaw_error=-1.981,False
14.700000000000001,1,1.5023367311052083,-0.00018325503944562345,-3.004035658259596,1.5994221547628211,-0.00798862733285358,-1.0228396177092114,0.0973986823494901,ALIGN_YAW distance=0.097 yaw_error=-1.981,False
14.8,1,1.5023367311052083,-0.00018325503944562345,-3.004035658259596,1.599824876749844,-0.008274854838285038,-1.051144907305061,0.09782337414204378,ALIGN_YAW distance=0.098 yaw_error=-1.955,False
14.8,1,1.5023367311052083,-0.00018325503944562345,-3.004035658259596,1.599824876749844,-0.008274854838285038,-1.051144907305061,0.09782337414204378,ALIGN_YAW distance=0.098 yaw_error=-1.955,False
14.9,1,1.5023367311052083,-0.00018325503944562345,-3.004035658259596,1.5992253923605642,-0.00842230912680424,-1.0806055410957043,0.09723833962028312,ALIGN_YAW distance=0.097 yaw_error=-1.926,False
14.9,1,1.5023367311052083,-0.00018325503944562345,-3.004035658259596,1.5992253923605642,-0.00842230912680424,-1.0806055410957043,0.09723833962028312,ALIGN_YAW distance=0.097 yaw_error=-1.926,False
15.000000000000002,1,1.5023367311052083,-0.00018325503944562345,-3.004035658259596,1.5992670199286316,-0.008537445101488225,-1.109574064533331,0.097289636565181,ALIGN_YAW distance=0.097 yaw_error=-1.897,False
15.000000000000002,1,1.5023367311052083,-0.00018325503944562345,-3.004035658259596,1.5992670199286316,-0.008537445101488225,-1.109574064533331,0.097289636565181,ALIGN_YAW distance=0.097 yaw_error=-1.897,False
15.100000000000001,1,1.5023367311052083,-0.00018325503944562345,-3.004035658259596,1.599588183610963,-0.008313037389824198,-1.1405722431419174,0.09759066746130808,ALIGN_YAW distance=0.098 yaw_error=-1.867,False
15.100000000000001,1,1.5023367311052083,-0.00018325503944562345,-3.004035658259596,1.599588183610963,-0.008313037389824198,-1.1405722431419174,0.09759066746130808,ALIGN_YAW distance=0.098 yaw_error=-1.867,False
15.200000000000001,1,1.5023367311052083,-0.00018325503944562345,-3.004035658259596,1.5995256876364694,-0.008368670687132942,-1.1679041148588116,0.09753304209836158,ALIGN_YAW distance=0.097 yaw_error=-1.838,False
15.200000000000001,1,1.5023367311052083,-0.00018325503944562345,-3.004035658259596,1.5995256876364694,-0.008368670687132942,-1.1679041148588116,0.09753304209836158,ALIGN_YAW distance=0.097 yaw_error=-1.838,False
15.3,1,1.5023367311052083,-0.00018325503944562345,-3.004035658259596,1.599190781069678,-0.008946862018849006,-1.1905254553749265,0.09724971877496322,ALIGN_YAW distance=0.097 yaw_error=-1.816,False
15.3,1,1.5023367311052083,-0.00018325503944562345,-3.004035658259596,1.599190781069678,-0.008946862018849006,-1.1905254553749265,0.09724971877496322,ALIGN_YAW distance=0.097 yaw_error=-1.816,False
15.4,1,1.5023367311052083,-0.00018325503944562345,-3.004035658259596,1.5991941337527218,-0.008450382101109913,-1.2116590245909662,0.09720957688147944,ALIGN_YAW distance=0.097 yaw_error=-1.792,False
15.4,1,1.5023367311052083,-0.00018325503944562345,-3.004035658259596,1.5991941337527218,-0.008450382101109913,-1.2116590245909662,0.09720957688147944,ALIGN_YAW distance=0.097 yaw_error=-1.792,False
15.500000000000002,1,1.5023367311052083,-0.00018325503944562345,-3.004035658259596,1.5990868512996557,-0.008724147944092974,-1.243277924455646,0.09712637442656177,ALIGN_YAW distance=0.097 yaw_error=-1.761,False
15.500000000000002,1,1.5023367311052083,-0.00018325503944562345,-3.004035658259596,1.5990868512996557,-0.008724147944092974,-1.243277924455646,0.09712637442656177,ALIGN_YAW distance=0.097 yaw_error=-1.761,False
15.600000000000001,1,1.5023367311052083,-0.00018325503944562345,-3.004035658259596,1.5987444818035275,-0.008659991343369604,-1.2741844956253825,0.09677969545868352,ALIGN_YAW distance=0.097 yaw_error=-1.733,False
15.600000000000001,1,1.5023367311052083,-0.00018325503944562345,-3.004035658259596,1.5987444818035275,-0.008659991343369604,-1.2741844956253825,0.09677969545868352,ALIGN_YAW distance=0.097 yaw_error=-1.730,False
15.700000000000001,1,1.5023367311052083,-0.00018325503944562345,-3.004035658259596,1.5984977643593066,-0.009617302456761057,-1.3015445258327798,0.09662269695660516,ALIGN_YAW distance=0.097 yaw_error=-1.705,False
15.700000000000001,1,1.5023367311052083,-0.00018325503944562345,-3.004035658259596,1.5984977643593066,-0.009617302456761057,-1.3015445258327798,0.09662269695660516,ALIGN_YAW distance=0.097 yaw_error=-1.702,False
15.8,1,1.5023367311052083,-0.00018325503944562345,-3.004035658259596,1.5993192943740877,-0.009012463345886935,-1.3275531679696169,0.0973836356762302,ALIGN_YAW distance=0.097 yaw_error=-1.679,False
15.8,1,1.5023367311052083,-0.00018325503944562345,-3.004035658259596,1.5993192943740877,-0.009012463345886935,-1.3275531679696169,0.0973836356762302,ALIGN_YAW distance=0.097 yaw_error=-1.676,False
15.9,1,1.5023367311052083,-0.00018325503944562345,-3.004035658259596,1.5999507782138678,-0.00940631123993086,-1.3511965122735754,0.0980487988636725,ALIGN_YAW distance=0.098 yaw_error=-1.655,False
15.9,1,1.5023367311052083,-0.00018325503944562345,-3.004035658259596,1.5999507782138678,-0.00940631123993086,-1.3511965122735754,0.0980487988636725,ALIGN_YAW distance=0.098 yaw_error=-1.655,False
16.0,1,1.5023367311052083,-0.00018325503944562345,-3.004035658259596,1.6002026969139274,-0.009798666213485177,-1.3743763513604923,0.09833719233189048,ALIGN_YAW distance=0.098 yaw_error=-1.632,False
16.0,1,1.5023367311052083,-0.00018325503944562345,-3.004035658259596,1.6002026969139274,-0.009798666213485177,-1.3743763513604923,0.09833719233189048,ALIGN_YAW distance=0.098 yaw_error=-1.632,False
16.1,1,1.5023367311052083,-0.00018325503944562345,-3.004035658259596,1.5997995872361457,-0.010596868840923784,-1.3900094534405292,0.09801760901800319,ALIGN_YAW distance=0.098 yaw_error=-1.614,False
16.1,1,1.5023367311052083,-0.00018325503944562345,-3.004035658259596,1.5996947158445471,-0.010461907893651924,-1.3919722638684568,0.0978990699496304,ALIGN_YAW distance=0.098 yaw_error=-1.614,False
16.2,1,1.5023367311052083,-0.00018325503944562345,-3.004035658259596,1.6003730010768054,-0.010006611331506016,-1.413441183683443,0.09852719705129458,ALIGN_YAW distance=0.099 yaw_error=-1.593,False
16.2,1,1.5023367311052083,-0.00018325503944562345,-3.004035658259596,1.6003730010768054,-0.010006611331506016,-1.413441183683443,0.09852719705129458,ALIGN_YAW distance=0.099 yaw_error=-1.593,False
16.3,1,1.5023367311052083,-0.00018325503944562345,-3.004035658259596,1.599837784642163,-0.010294270941997566,-1.4413112174046303,0.09802391587463626,ALIGN_YAW distance=0.098 yaw_error=-1.566,False
16.3,1,1.5023367311052083,-0.00018325503944562345,-3.004035658259596,1.599837784642163,-0.010294270941997566,-1.4413112174046303,0.09802391587463626,ALIGN_YAW distance=0.098 yaw_error=-1.563,False
16.400000000000002,1,1.5023367311052083,-0.00018325503944562345,-3.004035658259596,1.6005926053235118,-0.010381632168520318,-1.4672014245234977,0.09878372191039328,ALIGN_YAW distance=0.099 yaw_error=-1.539,False
16.400000000000002,1,1.5023367311052083,-0.00018325503944562345,-3.004035658259596,1.6005926053235118,-0.010381632168520318,-1.4672014245234977,0.09878372191039328,ALIGN_YAW distance=0.099 yaw_error=-1.539,False
16.5,1,1.5023367311052083,-0.00018325503944562345,-3.004035658259596,1.6006806663833157,-0.0102095764937738,-1.4922212555197851,0.0988537137789477,ALIGN_YAW distance=0.099 yaw_error=-1.512,False
16.5,1,1.5023367311052083,-0.00018325503944562345,-3.004035658259596,1.6006806663833157,-0.0102095764937738,-1.4922212555197851,0.0988537137789477,ALIGN_YAW distance=0.099 yaw_error=-1.512,False
16.6,1,1.5023367311052083,-0.00018325503944562345,-3.004035658259596,1.6000644548984355,-0.010340398091617726,-1.5184693328063743,0.09825413758609662,ALIGN_YAW distance=0.098 yaw_error=-1.488,False
16.6,1,1.5023367311052083,-0.00018325503944562345,-3.004035658259596,1.6000644548984355,-0.010340398091617726,-1.5184693328063743,0.09825413758609662,ALIGN_YAW distance=0.098 yaw_error=-1.488,False
16.7,1,1.5023367311052083,-0.00018325503944562345,-3.004035658259596,1.6003133891676178,-0.010772446441770571,-1.5488554328959696,0.09854722979177745,ALIGN_YAW distance=0.099 yaw_error=-1.458,False
16.7,1,1.5023367311052083,-0.00018325503944562345,-3.004035658259596,1.6003133891676178,-0.010772446441770571,-1.5488554328959696,0.09854722979177745,ALIGN_YAW distance=0.099 yaw_error=-1.458,False
16.8,1,1.5023367311052083,-0.00018325503944562345,-3.004035658259596,1.5999189689414248,-0.010521908499713264,-1.5722830419727374,0.09812838985989446,ALIGN_YAW distance=0.098 yaw_error=-1.432,False
16.8,1,1.5023367311052083,-0.00018325503944562345,-3.004035658259596,1.599941037493606,-0.01057368106982022,-1.574717982031873,0.09815580257250671,ALIGN_YAW distance=0.098 yaw_error=-1.432,False
16.900000000000002,1,1.5023367311052083,-0.00018325503944562345,-3.004035658259596,1.5999642622626604,-0.010453076254262872,-1.596574023913114,0.09816620634252707,ALIGN_YAW distance=0.098 yaw_error=-1.409,False
16.900000000000002,1,1.5023367311052083,-0.00018325503944562345,-3.004035658259596,1.5999642622626604,-0.010453076254262872,-1.596574023913114,0.09816620634252707,ALIGN_YAW distance=0.098 yaw_error=-1.409,False
17.0,1,1.5023367311052083,-0.00018325503944562345,-3.004035658259596,1.5997848293750594,-0.010364215727148657,-1.613252201311465,0.09797848650053294,ALIGN_YAW distance=0.098 yaw_error=-1.391,False
17.0,1,1.5023367311052083,-0.00018325503944562345,-3.004035658259596,1.5997848293750594,-0.010364215727148657,-1.613252201311465,0.09797848650053294,ALIGN_YAW distance=0.098 yaw_error=-1.391,False
17.1,1,1.5023367311052083,-0.00018325503944562345,-3.004035658259596,1.600320921422552,-0.009461474356559165,-1.6267853365053506,0.09842249186970373,ALIGN_YAW distance=0.098 yaw_error=-1.379,False
17.1,1,1.5023367311052083,-0.00018325503944562345,-3.004035658259596,1.600320921422552,-0.009461474356559165,-1.6267853365053506,0.09842249186970373,ALIGN_YAW distance=0.098 yaw_error=-1.379,False
17.200000000000003,1,1.5023367311052083,-0.00018325503944562345,-3.004035658259596,1.5996614823344755,-0.0100927699552163,-1.6401102458299983,0.09782793919788267,ALIGN_YAW distance=0.098 yaw_error=-1.365,False
17.200000000000003,1,1.5023367311052083,-0.00018325503944562345,-3.004035658259596,1.5996614823344755,-0.0100927699552163,-1.6401102458299983,0.09782793919788267,ALIGN_YAW distance=0.098 yaw_error=-1.364,False
17.3,1,1.5023367311052083,-0.00018325503944562345,-3.004035658259596,1.5994874617046915,-0.008861380372659246,-1.6541471843019213,0.0975375533592694,ALIGN_YAW distance=0.098 yaw_error=-1.350,False
17.3,1,1.5023367311052083,-0.00018325503944562345,-3.004035658259596,1.5994155234381333,-0.00885533049472041,-1.655647276578499,0.09746536212173618,ALIGN_YAW distance=0.098 yaw_error=-1.350,False
17.400000000000002,1,1.5023367311052083,-0.00018325503944562345,-3.004035658259596,1.5994148953161644,-0.00875645498780381,-1.6715980436058997,0.09745598865089769,ALIGN_YAW distance=0.098 yaw_error=-1.334,False
17.400000000000002,1,1.5023367311052083,-0.00018325503944562345,-3.004035658259596,1.5994148953161644,-0.00875645498780381,-1.6715980436058997,0.09745598865089769,ALIGN_YAW distance=0.097 yaw_error=-1.332,False
17.5,1,1.5023367311052083,-0.00018325503944562345,-3.004035658259596,1.5993503889506555,-0.008444607207504022,-1.6897158220974315,0.09736477673264696,ALIGN_YAW distance=0.097 yaw_error=-1.316,False
17.5,1,1.5023367311052083,-0.00018325503944562345,-3.004035658259596,1.5993503889506555,-0.008444607207504022,-1.6897158220974315,0.09736477673264696,ALIGN_YAW distance=0.097 yaw_error=-1.316,False
17.6,1,1.5023367311052083,-0.00018325503944562345,-3.004035658259596,1.599063910612058,-0.008858982437577555,-1.706781925677009,0.09711547508629635,ALIGN_YAW distance=0.097 yaw_error=-1.299,False
17.6,1,1.5023367311052083,-0.00018325503944562345,-3.004035658259596,1.599063910612058,-0.008858982437577555,-1.706781925677009,0.09711547508629635,ALIGN_YAW distance=0.097 yaw_error=-1.299,False
17.700000000000003,1,1.5023367311052083,-0.00018325503944562345,-3.004035658259596,1.5986050364735056,-0.00807076966500952,-1.7258776278073649,0.09659088727955774,ALIGN_YAW distance=0.097 yaw_error=-1.280,False
17.700000000000003,1,1.5023367311052083,-0.00018325503944562345,-3.004035658259596,1.5986050364735056,-0.00807076966500952,-1.7258776278073649,0.09659088727955774,ALIGN_YAW distance=0.097 yaw_error=-1.280,False
17.8,1,1.5023367311052083,-0.00018325503944562345,-3.004035658259596,1.5990562348453485,-0.007469264345519534,-1.7446342690872658,0.09699354790576126,ALIGN_YAW distance=0.097 yaw_error=-1.261,False
17.8,1,1.5023367311052083,-0.00018325503944562345,-3.004035658259596,1.5990562348453485,-0.007469264345519534,-1.7446342690872658,0.09699354790576126,ALIGN_YAW distance=0.097 yaw_error=-1.259,False
17.900000000000002,1,1.5023367311052083,-0.00018325503944562345,-3.004035658259596,1.5983296370270037,-0.00789293315235672,-1.7671358597672622,0.0963020099682004,ALIGN_YAW distance=0.096 yaw_error=-1.239,False
17.900000000000002,1,1.5023367311052083,-0.00018325503944562345,-3.004035658259596,1.5983296370270037,-0.00789293315235672,-1.7671358597672622,0.0963020099682004,ALIGN_YAW distance=0.096 yaw_error=-1.239,False
18.0,1,1.5023367311052083,-0.00018325503944562345,-3.004035658259596,1.5978185584138174,-0.008148764371760457,-1.7909917709565042,0.09581350993004194,ALIGN_YAW distance=0.096 yaw_error=-1.215,False
18.0,1,1.5023367311052083,-0.00018325503944562345,-3.004035658259596,1.5978185584138174,-0.008148764371760457,-1.7909917709565042,0.09581350993004194,ALIGN_YAW distance=0.096 yaw_error=-1.213,False
18.1,1,1.5023367311052083,-0.00018325503944562345,-3.004035658259596,1.5980329221993157,-0.008305668975463715,-1.8140907862105975,0.09604027591624228,ALIGN_YAW distance=0.096 yaw_error=-1.190,False
18.1,1,1.5023367311052083,-0.00018325503944562345,-3.004035658259596,1.5980329221993157,-0.008305668975463715,-1.8140907862105975,0.09604027591624228,ALIGN_YAW distance=0.096 yaw_error=-1.190,False
18.200000000000003,1,1.5023367311052083,-0.00018325503944562345,-3.004035658259596,1.597999120359135,-0.008726565974171553,-1.8376109141400814,0.09604311989672772,ALIGN_YAW distance=0.096 yaw_error=-1.169,False
18.200000000000003,1,1.5023367311052083,-0.00018325503944562345,-3.004035658259596,1.597999120359135,-0.008726565974171553,-1.8376109141400814,0.09604311989672772,ALIGN_YAW distance=0.096 yaw_error=-1.169,False
18.3,1,1.5023367311052083,-0.00018325503944562345,-3.004035658259596,1.5972493339241896,-0.009638956525614164,-1.8641578402296157,0.09538245365091645,ALIGN_YAW distance=0.095 yaw_error=-1.143,False
18.3,1,1.5023367311052083,-0.00018325503944562345,-3.004035658259596,1.5972493339241896,-0.009638956525614164,-1.8641578402296157,0.09538245365091645,ALIGN_YAW distance=0.095 yaw_error=-1.143,False
18.400000000000002,1,1.5023367311052083,-0.00018325503944562345,-3.004035658259596,1.5958975573286416,-0.009556114230404214,-1.8892797820965277,0.09402913746826046,ALIGN_YAW distance=0.094 yaw_error=-1.117,False
18.400000000000002,1,1.5023367311052083,-0.00018325503944562345,-3.004035658259596,1.5958975573286416,-0.009556114230404214,-1.8892797820965277,0.09402913746826046,ALIGN_YAW distance=0.094 yaw_error=-1.117,False
18.5,1,1.5023367311052083,-0.00018325503944562345,-3.004035658259596,1.5963712136641202,-0.009309633309237604,-1.9088092819183806,0.0944763181461134,ALIGN_YAW distance=0.094 yaw_error=-1.095,False
18.5,1,1.5023367311052083,-0.00018325503944562345,-3.004035658259596,1.5965116062472111,-0.009409894889513146,-1.9109088066104933,0.09462577868073097,ALIGN_YAW distance=0.094 yaw_error=-1.095,False
18.6,1,1.5023367311052083,-0.00018325503944562345,-3.004035658259596,1.596193531939719,-0.01002742305329642,-1.931962391447205,0.09437164143308052,ALIGN_YAW distance=0.094 yaw_error=-1.074,False
18.6,1,1.5023367311052083,-0.00018325503944562345,-3.004035658259596,1.596193531939719,-0.01002742305329642,-1.931962391447205,0.09437164143308052,ALIGN_YAW distance=0.094 yaw_error=-1.074,False
18.700000000000003,1,1.5023367311052083,-0.00018325503944562345,-3.004035658259596,1.5959511955507362,-0.010195597424356561,-1.9527786057000975,0.0941483667062562,ALIGN_YAW distance=0.094 yaw_error=-1.051,False
18.700000000000003,1,1.5023367311052083,-0.00018325503944562345,-3.004035658259596,1.595766749263649,-0.009944763228162559,-1.955756833501256,0.0939385721373544,ALIGN_YAW distance=0.094 yaw_error=-1.051,False
18.8,1,1.5023367311052083,-0.00018325503944562345,-3.004035658259596,1.5964417358637537,-0.011154086422296197,-1.9843958181633472,0.09474234038610614,ALIGN_YAW distance=0.095 yaw_error=-1.022,False
18.8,1,1.5023367311052083,-0.00018325503944562345,-3.004035658259596,1.5964417358637537,-0.011154086422296197,-1.9843958181633472,0.09474234038610614,ALIGN_YAW distance=0.095 yaw_error=-1.020,False
18.900000000000002,1,1.5023367311052083,-0.00018325503944562345,-3.004035658259596,1.5962209506149907,-0.011303152127191097,-2.0095564112374094,0.09454046109578196,ALIGN_YAW distance=0.095 yaw_error=-0.997,False
18.900000000000002,1,1.5023367311052083,-0.00018325503944562345,-3.004035658259596,1.5962209506149907,-0.011303152127191097,-2.0095564112374094,0.09454046109578196,ALIGN_YAW distance=0.095 yaw_error=-0.994,False
19.0,1,1.5023367311052083,-0.00018325503944562345,-3.004035658259596,1.5962918312228327,-0.011797532024152175,-2.0292299347858775,0.0946702290479447,ALIGN_YAW distance=0.095 yaw_error=-0.976,False
19.0,1,1.5023367311052083,-0.00018325503944562345,-3.004035658259596,1.5962918312228327,-0.011797532024152175,-2.0292299347858775,0.0946702290479447,ALIGN_YAW distance=0.095 yaw_error=-0.976,False
19.1,1,1.5023367311052083,-0.00018325503944562345,-3.004035658259596,1.595380107412554,-0.011077360951629363,-2.049162140954876,0.09367898066426758,ALIGN_YAW distance=0.094 yaw_error=-0.957,False
19.1,1,1.5023367311052083,-0.00018325503944562345,-3.004035658259596,1.595380107412554,-0.011077360951629363,-2.049162140954876,0.09367898066426758,ALIGN_YAW distance=0.094 yaw_error=-0.957,False
19.200000000000003,1,1.5023367311052083,-0.00018325503944562345,-3.004035658259596,1.5957078792556711,-0.011871089704927177,-2.0740488525940575,0.09409982351791803,ALIGN_YAW distance=0.094 yaw_error=-0.930,False
19.200000000000003,1,1.5023367311052083,-0.00018325503944562345,-3.004035658259596,1.5957078792556711,-0.011871089704927177,-2.0740488525940575,0.09409982351791803,ALIGN_YAW distance=0.094 yaw_error=-0.930,False
19.3,1,1.5023367311052083,-0.00018325503944562345,-3.004035658259596,1.5949556442334016,-0.0127884276899448,-2.097627834153396,0.09347274173039284,ALIGN_YAW distance=0.093 yaw_error=-0.909,False
19.3,1,1.5023367311052083,-0.00018325503944562345,-3.004035658259596,1.5949556442334016,-0.0127884276899448,-2.097627834153396,0.09347274173039284,ALIGN_YAW distance=0.093 yaw_error=-0.909,False
19.400000000000002,1,1.5023367311052083,-0.00018325503944562345,-3.004035658259596,1.5949448667866708,-0.01242382667111209,-2.1155261828887584,0.09341358781390495,ALIGN_YAW distance=0.093 yaw_error=-0.890,False
19.400000000000002,1,1.5023367311052083,-0.00018325503944562345,-3.004035658259596,1.5949448667866708,-0.01242382667111209,-2.1155261828887584,0.09341358781390495,ALIGN_YAW distance=0.093 yaw_error=-0.889,False
19.5,1,1.5023367311052083,-0.00018325503944562345,-3.004035658259596,1.5949310967605481,-0.012502413762498608,-2.1336887606285617,0.09341026829400798,ALIGN_YAW distance=0.093 yaw_error=-0.873,False
19.5,1,1.5023367311052083,-0.00018325503944562345,-3.004035658259596,1.5949310967605481,-0.012502413762498608,-2.1336887606285617,0.09341026829400798,ALIGN_YAW distance=0.093 yaw_error=-0.873,False
19.6,1,1.5023367311052083,-0.00018325503944562345,-3.004035658259596,1.594950987683782,-0.013148878988499561,-2.1600652363872532,0.0935174204412748,ALIGN_YAW distance=0.093 yaw_error=-0.847,False
19.6,1,1.5023367311052083,-0.00018325503944562345,-3.004035658259596,1.594950987683782,-0.013148878988499561,-2.1600652363872532,0.0935174204412748,ALIGN_YAW distance=0.093 yaw_error=-0.847,False
19.700000000000003,1,1.5023367311052083,-0.00018325503944562345,-3.004035658259596,1.5945724676753716,-0.014183731130626098,-2.183505919446739,0.09329225279421807,ALIGN_YAW distance=0.093 yaw_error=-0.823,False
19.700000000000003,1,1.5023367311052083,-0.00018325503944562345,-3.004035658259596,1.5945724676753716,-0.014183731130626098,-2.183505919446739,0.09329225279421807,ALIGN_YAW distance=0.093 yaw_error=-0.823,False
19.8,1,1.5023367311052083,-0.00018325503944562345,-3.004035658259596,1.594006202766488,-0.0138871309150759,-2.2063511486504783,0.09268812355783702,ALIGN_YAW distance=0.093 yaw_error=-0.798,False
19.8,1,1.5023367311052083,-0.00018325503944562345,-3.004035658259596,1.594006202766488,-0.0138871309150759,-2.2063511486504783,0.09268812355783702,ALIGN_YAW distance=0.093 yaw_error=-0.798,False
19.900000000000002,1,1.5023367311052083,-0.00018325503944562345,-3.004035658259596,1.5935579341061286,-0.015224149011927016,-2.2332893183622295,0.09245288729091448,ALIGN_YAW distance=0.093 yaw_error=-0.773,False
19.900000000000002,1,1.5023367311052083,-0.00018325503944562345,-3.004035658259596,1.5935579341061286,-0.015224149011927016,-2.2332893183622295,0.09245288729091448,ALIGN_YAW distance=0.093 yaw_error=-0.773,False
20.0,1,1.5023367311052083,-0.00018325503944562345,-3.004035658259596,1.5938279987273136,-0.015680667592208156,-2.2563748537516206,0.09279451409932715,ALIGN_YAW distance=0.093 yaw_error=-0.750,False
20.0,1,1.5023367311052083,-0.00018325503944562345,-3.004035658259596,1.5938279987273136,-0.015680667592208156,-2.2563748537516206,0.09279451409932715,ALIGN_YAW distance=0.093 yaw_error=-0.750,False
20.1,1,1.5023367311052083,-0.00018325503944562345,-3.004035658259596,1.5929797361728295,-0.016177730949422056,-2.2841783990273177,0.09204334645873989,ALIGN_YAW distance=0.092 yaw_error=-0.723,False
20.1,1,1.5023367311052083,-0.00018325503944562345,-3.004035658259596,1.5929797361728295,-0.016177730949422056,-2.2841783990273177,0.09204334645873989,ALIGN_YAW distance=0.092 yaw_error=-0.723,False
20.200000000000003,1,1.5023367311052083,-0.00018325503944562345,-3.004035658259596,1.591980147948592,-0.015677568650396847,-2.312048293721822,0.09097261092016191,ALIGN_YAW distance=0.091 yaw_error=-0.695,False
20.200000000000003,1,1.5023367311052083,-0.00018325503944562345,-3.004035658259596,1.591980147948592,-0.015677568650396847,-2.312048293721822,0.09097261092016191,ALIGN_YAW distance=0.091 yaw_error=-0.692,False
20.3,1,1.5023367311052083,-0.00018325503944562345,-3.004035658259596,1.5912072054930642,-0.015948077280853446,-2.3393665765911873,0.09025791288427701,ALIGN_YAW distance=0.091 yaw_error=-0.667,False
20.3,1,1.5023367311052083,-0.00018325503944562345,-3.004035658259596,1.5912072054930642,-0.015948077280853446,-2.3393665765911873,0.09025791288427701,ALIGN_YAW distance=0.091 yaw_error=-0.667,False
20.400000000000002,1,1.5023367311052083,-0.00018325503944562345,-3.004035658259596,1.5917378811826275,-0.01654811827863701,-2.3658043156517015,0.09088660178487626,ALIGN_YAW distance=0.091 yaw_error=-0.641,False
20.400000000000002,1,1.5023367311052083,-0.00018325503944562345,-3.004035658259596,1.5917378811826275,-0.01654811827863701,-2.3658043156517015,0.09088660178487626,ALIGN_YAW distance=0.091 yaw_error=-0.641,False
20.5,1,1.5023367311052083,-0.00018325503944562345,-3.004035658259596,1.5914683763830875,-0.01761795613572029,-2.391334899643099,0.09082080704474128,ALIGN_YAW distance=0.091 yaw_error=-0.615,False
20.5,1,1.5023367311052083,-0.00018325503944562345,-3.004035658259596,1.5914683763830875,-0.01761795613572029,-2.391334899643099,0.09082080704474128,ALIGN_YAW distance=0.091 yaw_error=-0.615,False
20.6,1,1.5023367311052083,-0.00018325503944562345,-3.004035658259596,1.5907906222980737,-0.01743726997547372,-2.418514884296776,0.0901209847847434,ALIGN_YAW distance=0.090 yaw_error=-0.588,False
20.6,1,1.5023367311052083,-0.00018325503944562345,-3.004035658259596,1.5907906222980737,-0.01743726997547372,-2.418514884296776,0.0901209847847434,ALIGN_YAW distance=0.090 yaw_error=-0.588,False
20.700000000000003,1,1.5023367311052083,-0.00018325503944562345,-3.004035658259596,1.5902628155252585,-0.017476425190767215,-2.4428129843009625,0.08961054656302661,ALIGN_YAW distance=0.090 yaw_error=-0.561,False
20.700000000000003,1,1.5023367311052083,-0.00018325503944562345,-3.004035658259596,1.5902628155252585,-0.017476425190767215,-2.4428129843009625,0.08961054656302661,ALIGN_YAW distance=0.090 yaw_error=-0.561,False
20.8,1,1.5023367311052083,-0.00018325503944562345,-3.004035658259596,1.5908741384552152,-0.0176527012057965,-2.4672154798516277,0.09024441284434229,ALIGN_YAW distance=0.091 yaw_error=-0.539,False
20.8,1,1.5023367311052083,-0.00018325503944562345,-3.004035658259596,1.5908741384552152,-0.0176527012057965,-2.4672154798516277,0.09024441284434229,ALIGN_YAW distance=0.091 yaw_error=-0.539,False
20.900000000000002,1,1.5023367311052083,-0.00018325503944562345,-3.004035658259596,1.5917537884367765,-0.01724150753574652,-2.498810593069202,0.09102963319746223,ALIGN_YAW distance=0.091 yaw_error=-0.509,False
20.900000000000002,1,1.5023367311052083,-0.00018325503944562345,-3.004035658259596,1.5917537884367765,-0.01724150753574652,-2.498810593069202,0.09102963319746223,ALIGN_YAW distance=0.091 yaw_error=-0.509,False
21.0,1,1.5023367311052083,-0.00018325503944562345,-3.004035658259596,1.5907119260121851,-0.01656388651742544,-2.5333729987419984,0.08988047709299019,ALIGN_YAW distance=0.090 yaw_error=-0.475,False
21.0,1,1.5023367311052083,-0.00018325503944562345,-3.004035658259596,1.5907119260121851,-0.01656388651742544,-2.5333729987419984,0.08988047709299019,ALIGN_YAW distance=0.090 yaw_error=-0.471,False
21.1,1,1.5023367311052083,-0.00018325503944562345,-3.004035658259596,1.5909694032331108,-0.01605107855303604,-2.570785342574011,0.09004187021375509,ARRIVED distance=0.090 yaw_error=-0.433,True
21.1,1,1.5023367311052083,-0.00018325503944562345,-3.004035658259596,1.5909694032331108,-0.01605107855303604,-2.570785342574011,0.09004187021375509,ARRIVED distance=0.090 yaw_error=-0.433,True
21.200000000000003,1,1.5023367311052083,-0.00018325503944562345,-3.004035658259596,1.5910713415953035,-0.01613351897249699,-2.6045846380331423,0.09015676357524663,ARRIVED distance=0.090 yaw_error=-0.403,True
21.200000000000003,1,1.5023367311052083,-0.00018325503944562345,-3.004035658259596,1.5910713415953035,-0.01613351897249699,-2.6045846380331423,0.09015676357524663,ARRIVED distance=0.090 yaw_error=-0.403,True
21.3,1,1.5023367311052083,-0.00018325503944562345,-3.004035658259596,1.5911760008210254,-0.0167648133516072,-2.638754347079583,0.09037346911400113,ARRIVED distance=0.090 yaw_error=-0.368,True
21.3,1,1.5023367311052083,-0.00018325503944562345,-3.004035658259596,1.5911760008210254,-0.0167648133516072,-2.638754347079583,0.09037346911400113,ARRIVED distance=0.090 yaw_error=-0.368,True
21.400000000000002,1,1.5023367311052083,-0.00018325503944562345,-3.004035658259596,1.5911977355184388,-0.016024136629168205,-2.6625009621791764,0.09026190577905935,ARRIVED distance=0.090 yaw_error=-0.342,True
21.400000000000002,1,1.5023367311052083,-0.00018325503944562345,-3.004035658259596,1.5911977355184388,-0.016024136629168205,-2.6625009621791764,0.09026190577905935,ARRIVED distance=0.090 yaw_error=-0.342,True
21.5,1,1.5023367311052083,-0.00018325503944562345,-3.004035658259596,1.5912422267499495,-0.016257226649045078,-2.665075581925394,0.09034688549774872,ARRIVED distance=0.090 yaw_error=-0.339,True
21.5,1,1.5023367311052083,-0.00018325503944562345,-3.004035658259596,1.591244388575724,-0.01625784695226065,-2.66506054608619,0.09034912319473873,ARRIVED distance=0.090 yaw_error=-0.339,True
21.6,1,1.5023367311052083,-0.00018325503944562345,-3.004035658259596,1.5912435482286191,-0.016251921961285373,-2.6652063541210556,0.09034724228033,ARRIVED distance=0.090 yaw_error=-0.339,True
21.6,1,1.5023367311052083,-0.00018325503944562345,-3.004035658259596,1.5912435482286191,-0.016251921961285373,-2.6652063541210556,0.09034724228033,ARRIVED distance=0.090 yaw_error=-0.339,True
21.700000000000003,1,1.5023367311052083,-0.00018325503944562345,-3.004035658259596,1.5912458864270684,-0.016256276290721194,-2.6652053528085946,0.09035031772047408,ARRIVED distance=0.090 yaw_error=-0.339,True
21.700000000000003,1,1.5023367311052083,-0.00018325503944562345,-3.004035658259596,1.5912458864270684,-0.016256276290721194,-2.6652053528085946,0.09035031772047408,ARRIVED distance=0.090 yaw_error=-0.339,True
21.8,1,1.5023367311052083,-0.00018325503944562345,-3.004035658259596,1.5912459709540472,-0.016253953430338475,-2.665201144442992,0.09034998769933182,ARRIVED distance=0.090 yaw_error=-0.339,True
21.8,1,1.5023367311052083,-0.00018325503944562345,-3.004035658259596,1.5912459709540472,-0.016253953430338475,-2.665201144442992,0.09034998769933182,ARRIVED distance=0.090 yaw_error=-0.339,True
21.900000000000002,1,1.5023367311052083,-0.00018325503944562345,-3.004035658259596,1.5912468137583058,-0.01625374236827597,-2.6652052283138667,0.09035077952273976,ARRIVED distance=0.090 yaw_error=-0.339,True
21.900000000000002,1,1.5023367311052083,-0.00018325503944562345,-3.004035658259596,1.5912468137583058,-0.01625374236827597,-2.6652052283138667,0.09035077952273976,ARRIVED distance=0.090 yaw_error=-0.339,True
22.0,1,1.5023367311052083,-0.00018325503944562345,-3.004035658259596,1.591247460539574,-0.01625246777150407,-2.6652034846892505,0.0903511892914485,ARRIVED distance=0.090 yaw_error=-0.339,True
22.0,1,1.5023367311052083,-0.00018325503944562345,-3.004035658259596,1.591247460539574,-0.01625246777150407,-2.6652034846892505,0.0903511892914485,ARRIVED distance=0.090 yaw_error=-0.339,True
22.1,1,1.5023367311052083,-0.00018325503944562345,-3.004035658259596,1.5912483927207697,-0.01625257275552017,-2.6652051048761543,0.09035212528269738,ARRIVED distance=0.090 yaw_error=-0.339,True
22.1,1,1.5023367311052083,-0.00018325503944562345,-3.004035658259596,1.5912483927207697,-0.01625257275552017,-2.6652051048761543,0.09035212528269738,ARRIVED distance=0.090 yaw_error=-0.339,True
22.200000000000003,1,1.5023367311052083,-0.00018325503944562345,-3.004035658259596,1.5912488293328897,-0.016251202744098976,-2.6652049431002056,0.09035231128581242,ARRIVED distance=0.090 yaw_error=-0.339,True
22.200000000000003,1,1.5023367311052083,-0.00018325503944562345,-3.004035658259596,1.5912488293328897,-0.016251202744098976,-2.6652049431002056,0.09035231128581242,ARRIVED distance=0.090 yaw_error=-0.339,True
22.3,1,1.5023367311052083,-0.00018325503944562345,-3.004035658259596,1.591249959639519,-0.016251803092509207,-2.6652052153293875,0.09035353034014885,ARRIVED distance=0.090 yaw_error=-0.339,True
22.3,1,1.5023367311052083,-0.00018325503944562345,-3.004035658259596,1.591249959639519,-0.016251803092509207,-2.6652052153293875,0.09035353034014885,ARRIVED distance=0.090 yaw_error=-0.339,True
22.400000000000002,1,1.5023367311052083,-0.00018325503944562345,-3.004035658259596,1.5912501926645743,-0.016250035415083634,-2.665205667608939,0.09035344530292055,ARRIVED distance=0.090 yaw_error=-0.339,True
22.400000000000002,1,1.5023367311052083,-0.00018325503944562345,-3.004035658259596,1.5912501926645743,-0.016250035415083634,-2.665205667608939,0.09035344530292055,ARRIVED distance=0.090 yaw_error=-0.339,True
22.5,1,1.5023367311052083,-0.00018325503944562345,-3.004035658259596,1.5912515045816915,-0.01625109876145197,-2.665205157293633,0.09035492540115977,ARRIVED distance=0.090 yaw_error=-0.339,True
22.5,1,1.5023367311052083,-0.00018325503944562345,-3.004035658259596,1.5912515045816915,-0.01625109876145197,-2.665205157293633,0.09035492540115977,ARRIVED distance=0.090 yaw_error=-0.339,True
22.6,1,1.5023367311052083,-0.00018325503944562345,-3.004035658259596,1.5912515570284835,-0.01624892428410342,-2.665206254210121,0.09035459034960584,ARRIVED distance=0.090 yaw_error=-0.339,True
22.6,1,1.5023367311052083,-0.00018325503944562345,-3.004035658259596,1.5912515570284835,-0.01624892428410342,-2.665206254210121,0.09035459034960584,ARRIVED distance=0.090 yaw_error=-0.339,True
22.700000000000003,1,1.5023367311052083,-0.00018325503944562345,-3.004035658259596,1.5912529788541865,-0.01625015102798418,-2.6652049649332445,0.09035620764764417,ARRIVED distance=0.090 yaw_error=-0.339,True
22.700000000000003,1,1.5023367311052083,-0.00018325503944562345,-3.004035658259596,1.5912529788541865,-0.01625015102798418,-2.6652049649332445,0.09035620764764417,ARRIVED distance=0.090 yaw_error=-0.339,True
22.8,1,1.5023367311052083,-0.00018325503944562345,-3.004035658259596,1.5912530720152298,-0.01624812495259557,-2.665204805668709,0.09035593907515765,ARRIVED distance=0.090 yaw_error=-0.339,True
22.8,1,1.5023367311052083,-0.00018325503944562345,-3.004035658259596,1.5912530720152298,-0.01624812495259557,-2.665204805668709,0.09035593907515765,ARRIVED distance=0.090 yaw_error=-0.339,True
22.900000000000002,1,1.5023367311052083,-0.00018325503944562345,-3.004035658259596,1.5912543596713526,-0.01624907049305444,-2.6652050065925947,0.09035737433113156,ARRIVED distance=0.090 yaw_error=-0.339,True
22.900000000000002,1,1.5023367311052083,-0.00018325503944562345,-3.004035658259596,1.5912543596713526,-0.01624907049305444,-2.6652050065925947,0.09035737433113156,ARRIVED distance=0.090 yaw_error=-0.339,True
23.0,1,1.5023367311052083,-0.00018325503944562345,-3.004035658259596,1.591254702511975,-0.016247929074052758,-2.6652053395974358,0.09035750876896044,ARRIVED distance=0.090 yaw_error=-0.339,True
23.0,1,1.5023367311052083,-0.00018325503944562345,-3.004035658259596,1.5912549144201134,-0.016248257390286694,-2.6652057645605454,0.09035777567290816,ARRIVED distance=0.090 yaw_error=-0.339,True
23.1,1,1.5023367311052083,-0.00018325503944562345,-3.004035658259596,1.591255667699121,-0.01624790950718203,-2.665205337364369,0.09035845510056062,ARRIVED distance=0.090 yaw_error=-0.339,True
23.1,1,1.5023367311052083,-0.00018325503944562345,-3.004035658259596,1.591255667699121,-0.01624790950718203,-2.665205337364369,0.09035845510056062,ARRIVED distance=0.090 yaw_error=-0.339,True
23.200000000000003,1,1.5023367311052083,-0.00018325503944562345,-3.004035658259596,1.591256555742756,-0.016247885786035615,-2.665205509616564,0.09035932477944118,ARRIVED distance=0.090 yaw_error=-0.339,True
23.200000000000003,1,1.5023367311052083,-0.00018325503944562345,-3.004035658259596,1.591256555742756,-0.016247885786035615,-2.665205509616564,0.09035932477944118,ARRIVED distance=0.090 yaw_error=-0.339,True
23.3,1,1.5023367311052083,-0.00018325503944562345,-3.004035658259596,1.5912570119085074,-0.01624673747365362,-2.6652058548268207,0.09035956953223982,ARRIVED distance=0.090 yaw_error=-0.339,True
23.3,1,1.5023367311052083,-0.00018325503944562345,-3.004035658259596,1.5912570119085074,-0.01624673747365362,-2.6652058548268207,0.09035956953223982,ARRIVED distance=0.090 yaw_error=-0.339,True
23.400000000000002,1,1.5023367311052083,-0.00018325503944562345,-3.004035658259596,1.5912580283936415,-0.01624707297295692,-2.6652055104116665,0.09036062946913839,ARRIVED distance=0.090 yaw_error=-0.339,True
23.400000000000002,1,1.5023367311052083,-0.00018325503944562345,-3.004035658259596,1.5912580283936415,-0.01624707297295692,-2.6652055104116665,0.09036062946913839,ARRIVED distance=0.090 yaw_error=-0.339,True
23.5,1,1.5023367311052083,-0.00018325503944562345,-3.004035658259596,1.5912582886967908,-0.0162454962069491,-2.665206678633286,0.09036060533128452,ARRIVED distance=0.090 yaw_error=-0.339,True
23.5,1,1.5023367311052083,-0.00018325503944562345,-3.004035658259596,1.5912582886967908,-0.0162454962069491,-2.665206678633286,0.09036060533128452,ARRIVED distance=0.090 yaw_error=-0.339,True
23.6,1,4.0,0.0,0.0,1.5912595760155892,-0.01624640725895307,-2.6652051769872096,2.4087952125254284,ARRIVED distance=0.090 yaw_error=-0.339,True
23.6,1,4.0,0.0,0.0,1.5912595760155892,-0.01624640725895307,-2.6652051769872096,2.4087952125254284,ARRIVED distance=0.090 yaw_error=-0.339,True
23.6,1,4.0,0.0,0.0,1.5912595760155892,-0.01624640725895307,-2.6652051769872096,2.4087952125254284,GOAL_RECEIVED frame=odom x=4.000 y=0.000,False
23.700000000000003,1,4.0,0.0,0.0,1.591259656094938,-0.01624461496235831,-2.665205579333715,2.4087951203602085,TRACKING distance=2.409 heading_error=2.672 linear=0.000 angular=0.550 ,False
23.700000000000003,1,4.0,0.0,0.0,1.591259656094938,-0.01624461496235831,-2.665205579333715,2.4087951203602085,TRACKING distance=2.409 heading_error=2.672 linear=0.000 angular=0.550 ,False
23.8,1,4.0,0.0,0.0,1.5912609566273792,-0.016245228168250792,-2.6652053863295517,2.408793823992806,TRACKING distance=2.409 heading_error=2.672 linear=0.000 angular=0.550 ,False
23.8,1,4.0,0.0,0.0,1.5912609566273792,-0.016245228168250792,-2.6652053863295517,2.408793823992806,TRACKING distance=2.409 heading_error=2.672 linear=0.000 angular=0.550 ,False
23.900000000000002,1,4.0,0.0,0.0,1.5911225084108478,-0.016062637294746062,-2.659812133896559,2.4089310446340524,TRACKING distance=2.409 heading_error=2.667 linear=0.000 angular=0.550 ,False
23.900000000000002,1,4.0,0.0,0.0,1.5911225084108478,-0.016062637294746062,-2.659812133896559,2.4089310446340524,TRACKING distance=2.409 heading_error=2.667 linear=0.000 angular=0.550 ,False
24.0,1,4.0,0.0,0.0,1.5905476595200465,-0.015940609672800015,-2.646688746682957,2.4095050703580325,TRACKING distance=2.409 heading_error=2.655 linear=0.000 angular=0.550 ,False
24.0,1,4.0,0.0,0.0,1.5905476595200465,-0.015940609672800015,-2.646688746682957,2.4095050703580325,TRACKING distance=2.409 heading_error=2.655 linear=0.000 angular=0.550 ,False
24.1,1,4.0,0.0,0.0,1.5904881275507143,-0.015720079496963135,-2.6271703859510973,2.4095631521861907,TRACKING distance=2.409 heading_error=2.636 linear=0.000 angular=0.550 ,False
24.1,1,4.0,0.0,0.0,1.5904881275507143,-0.015720079496963135,-2.6271703859510973,2.4095631521861907,TRACKING distance=2.409 heading_error=2.636 linear=0.000 angular=0.550 ,False
24.200000000000003,1,4.0,0.0,0.0,1.5907783315023096,-0.01546538735026706,-2.6026451404320317,2.40927130605183,TRACKING distance=2.409 heading_error=2.612 linear=0.000 angular=0.550 ,False
24.200000000000003,1,4.0,0.0,0.0,1.5907783315023096,-0.01546538735026706,-2.6026451404320317,2.40927130605183,TRACKING distance=2.409 heading_error=2.612 linear=0.000 angular=0.550 ,False
24.3,1,4.0,0.0,0.0,1.590459248660508,-0.015490569265561837,-2.5791025084111565,2.4095905440762864,TRACKING distance=2.410 heading_error=2.588 linear=0.000 angular=0.550 ,False
24.3,1,4.0,0.0,0.0,1.590459248660508,-0.015490569265561837,-2.5791025084111565,2.4095905440762864,TRACKING distance=2.410 heading_error=2.588 linear=0.000 angular=0.550 ,False
24.400000000000002,1,4.0,0.0,0.0,1.5902581154184992,-0.014987596599817663,-2.559277080811064,2.409788492452863,TRACKING distance=2.410 heading_error=2.565 linear=0.000 angular=0.550 ,False
24.400000000000002,1,4.0,0.0,0.0,1.5901227333661194,-0.015318793860998,-2.556919745966199,2.4099259543986284,TRACKING distance=2.410 heading_error=2.565 linear=0.000 angular=0.550 ,False
24.5,1,4.0,0.0,0.0,1.590864861132133,-0.015085328433445537,-2.5300387247291756,2.4091823684523845,TRACKING distance=2.409 heading_error=2.539 linear=0.000 angular=0.550 ,False
24.5,1,4.0,0.0,0.0,1.590864861132133,-0.015085328433445537,-2.5300387247291756,2.4091823684523845,TRACKING distance=2.409 heading_error=2.539 linear=0.000 angular=0.550 ,False
24.6,1,4.0,0.0,0.0,1.5911136994911546,-0.015625338358422888,-2.503427348900364,2.408936977170222,TRACKING distance=2.409 heading_error=2.513 linear=0.000 angular=0.550 ,False
24.6,1,4.0,0.0,0.0,1.5911136994911546,-0.015625338358422888,-2.503427348900364,2.408936977170222,TRACKING distance=2.409 heading_error=2.513 linear=0.000 angular=0.550 ,False
24.700000000000003,1,4.0,0.0,0.0,1.592479658838479,-0.01593400326960712,-2.4777176923177655,2.407573069621498,TRACKING distance=2.408 heading_error=2.487 linear=0.000 angular=0.550 ,False
24.700000000000003,1,4.0,0.0,0.0,1.592479658838479,-0.01593400326960712,-2.4777176923177655,2.407573069621498,TRACKING distance=2.408 heading_error=2.487 linear=0.000 angular=0.550 ,False
24.8,1,4.0,0.0,0.0,1.5933897754800745,-0.015775003617326262,-2.451041074760872,2.40666192546917,TRACKING distance=2.407 heading_error=2.460 linear=0.000 angular=0.550 ,False
24.8,1,4.0,0.0,0.0,1.5933897754800745,-0.015775003617326262,-2.451041074760872,2.40666192546917,TRACKING distance=2.407 heading_error=2.460 linear=0.000 angular=0.550 ,False
24.900000000000002,1,4.0,0.0,0.0,1.5937260645221332,-0.016164727019431127,-2.424616025464213,2.406328230096583,TRACKING distance=2.406 heading_error=2.434 linear=0.000 angular=0.550 ,False
24.900000000000002,1,4.0,0.0,0.0,1.5937260645221332,-0.016164727019431127,-2.424616025464213,2.406328230096583,TRACKING distance=2.406 heading_error=2.434 linear=0.000 angular=0.550 ,False
25.0,1,4.0,0.0,0.0,1.594020764743352,-0.01588274342180288,-2.3975688135831503,2.4060316585666053,TRACKING distance=2.406 heading_error=2.407 linear=0.000 angular=0.550 ,False
25.0,1,4.0,0.0,0.0,1.594020764743352,-0.01588274342180288,-2.3975688135831503,2.4060316585666053,TRACKING distance=2.406 heading_error=2.407 linear=0.000 angular=0.550 ,False
25.1,1,4.0,0.0,0.0,1.594364268685502,-0.01589059636065229,-2.3707859431953713,2.405688213969079,TRACKING distance=2.406 heading_error=2.380 linear=0.000 angular=0.550 ,False
25.1,1,4.0,0.0,0.0,1.594364268685502,-0.01589059636065229,-2.3707859431953713,2.405688213969079,TRACKING distance=2.406 heading_error=2.380 linear=0.000 angular=0.550 ,False
25.200000000000003,1,4.0,0.0,0.0,1.594337351009276,-0.015553790071261807,-2.345128508371856,2.4057129299096864,TRACKING distance=2.406 heading_error=2.354 linear=0.000 angular=0.550 ,False
25.200000000000003,1,4.0,0.0,0.0,1.594337351009276,-0.015553790071261807,-2.345128508371856,2.4057129299096864,TRACKING distance=2.406 heading_error=2.352 linear=0.000 angular=0.550 ,False
25.3,1,4.0,0.0,0.0,1.595035047519856,-0.014975681464436267,-2.3186587698579606,2.4050115787025113,TRACKING distance=2.405 heading_error=2.328 linear=0.000 angular=0.550 ,False
25.3,1,4.0,0.0,0.0,1.595035047519856,-0.014975681464436267,-2.3186587698579606,2.4050115787025113,TRACKING distance=2.405 heading_error=2.328 linear=0.000 angular=0.550 ,False
25.400000000000002,1,4.0,0.0,0.0,1.5950321010203388,-0.014677077081601299,-2.2923784049077875,2.4050126843146393,TRACKING distance=2.405 heading_error=2.301 linear=0.000 angular=0.550 ,False
25.400000000000002,1,4.0,0.0,0.0,1.5950321010203388,-0.014677077081601299,-2.2923784049077875,2.4050126843146393,TRACKING distance=2.405 heading_error=2.301 linear=0.000 angular=0.550 ,False
25.5,1,4.0,0.0,0.0,1.5952402914437163,-0.014078346708112472,-2.265157511814865,2.4048009181098,TRACKING distance=2.405 heading_error=2.274 linear=0.000 angular=0.550 ,False
25.5,1,4.0,0.0,0.0,1.5952402914437163,-0.014078346708112472,-2.265157511814865,2.4048009181098,TRACKING distance=2.405 heading_error=2.271 linear=0.000 angular=0.550 ,False
25.6,1,4.0,0.0,0.0,1.5958794593501207,-0.013965789928402673,-2.2363300956880847,2.4041611046814215,TRACKING distance=2.404 heading_error=2.245 linear=0.000 angular=0.550 ,False
25.6,1,4.0,0.0,0.0,1.5958794593501207,-0.013965789928402673,-2.2363300956880847,2.4041611046814215,TRACKING distance=2.404 heading_error=2.245 linear=0.000 angular=0.550 ,False
25.700000000000003,1,4.0,0.0,0.0,1.5965570620157052,-0.013343784865927001,-2.2088097675581864,2.4034799796838597,TRACKING distance=2.404 heading_error=2.217 linear=0.000 angular=0.550 ,False
25.700000000000003,1,4.0,0.0,0.0,1.5965570620157052,-0.013343784865927001,-2.2088097675581864,2.4034799796838597,TRACKING distance=2.403 heading_error=2.214 linear=0.000 angular=0.550 ,False
25.8,1,4.0,0.0,0.0,1.5967143731386952,-0.013369175811560467,-2.1808246739974217,2.4033228120957895,TRACKING distance=2.403 heading_error=2.189 linear=0.000 angular=0.550 ,False
25.8,1,4.0,0.0,0.0,1.5967143731386952,-0.013369175811560467,-2.1808246739974217,2.4033228120957895,TRACKING distance=2.403 heading_error=2.189 linear=0.000 angular=0.550 ,False
25.900000000000002,1,4.0,0.0,0.0,1.5970129590980506,-0.012281994623305995,-2.151715290813788,2.4030184281720843,TRACKING distance=2.403 heading_error=2.160 linear=0.000 angular=0.550 ,False
25.900000000000002,1,4.0,0.0,0.0,1.5970129590980506,-0.012281994623305995,-2.151715290813788,2.4030184281720843,TRACKING distance=2.403 heading_error=2.160 linear=0.000 angular=0.550 ,False
26.0,1,4.0,0.0,0.0,1.5974867979488865,-0.012149323480775753,-2.123983252919029,2.402543920949404,TRACKING distance=2.402 heading_error=2.132 linear=0.000 angular=0.550 ,False
26.0,1,4.0,0.0,0.0,1.5974867979488865,-0.012149323480775753,-2.123983252919029,2.402543920949404,TRACKING distance=2.402 heading_error=2.132 linear=0.000 angular=0.550 ,False
26.1,1,4.0,0.0,0.0,1.59758711171752,-0.011566514999659348,-2.0954125774567665,2.402440731850633,TRACKING distance=2.403 heading_error=2.103 linear=0.000 angular=0.550 ,False
26.1,1,4.0,0.0,0.0,1.59758711171752,-0.011566514999659348,-2.0954125774567665,2.402440731850633,TRACKING distance=2.403 heading_error=2.103 linear=0.000 angular=0.550 ,False
26.200000000000003,1,4.0,0.0,0.0,1.5981471576757227,-0.011770293131033994,-2.0657967386107243,2.401881682344407,TRACKING distance=2.402 heading_error=2.073 linear=0.000 angular=0.550 ,False
26.200000000000003,1,4.0,0.0,0.0,1.5981471576757227,-0.011770293131033994,-2.0657967386107243,2.401881682344407,TRACKING distance=2.402 heading_error=2.073 linear=0.000 angular=0.550 ,False
26.3,1,4.0,0.0,0.0,1.5980862739682689,-0.010347832589534792,-2.0379629838716515,2.4019360159960415,TRACKING distance=2.402 heading_error=2.045 linear=0.000 angular=0.550 ,False
26.3,1,4.0,0.0,0.0,1.5980862739682689,-0.010347832589534792,-2.0379629838716515,2.4019360159960415,TRACKING distance=2.402 heading_error=2.045 linear=0.000 angular=0.550 ,False
26.400000000000002,1,4.0,0.0,0.0,1.5987367866279079,-0.010641615492111827,-2.012652235427262,2.4012867933410926,TRACKING distance=2.401 heading_error=2.017 linear=0.000 angular=0.550 ,False
26.400000000000002,1,4.0,0.0,0.0,1.5987796487754806,-0.010648279651662703,-2.0096781737580085,2.401243961157288,TRACKING distance=2.401 heading_error=2.017 linear=0.000 angular=0.550 ,False
26.5,1,4.0,0.0,0.0,1.5988268729107904,-0.010197158334727343,-1.9798303738879155,2.4011947793324633,TRACKING distance=2.401 heading_error=1.987 linear=0.000 angular=0.550 ,False
26.5,1,4.0,0.0,0.0,1.5988268729107904,-0.010197158334727343,-1.9798303738879155,2.4011947793324633,TRACKING distance=2.401 heading_error=1.987 linear=0.000 angular=0.550 ,False
26.6,1,4.0,0.0,0.0,1.598896386554114,-0.010125692571142146,-1.9499030214947841,2.401124963876919,TRACKING distance=2.401 heading_error=1.957 linear=0.000 angular=0.550 ,False
26.6,1,4.0,0.0,0.0,1.598896386554114,-0.010125692571142146,-1.9499030214947841,2.401124963876919,TRACKING distance=2.401 heading_error=1.957 linear=0.000 angular=0.550 ,False
26.700000000000003,1,4.0,0.0,0.0,1.5995285785995326,-0.009664495961446216,-1.9204124394313489,2.4004908763506205,TRACKING distance=2.401 heading_error=1.928 linear=0.000 angular=0.550 ,False
26.700000000000003,1,4.0,0.0,0.0,1.5995285785995326,-0.009664495961446216,-1.9204124394313489,2.4004908763506205,TRACKING distance=2.401 heading_error=1.928 linear=0.000 angular=0.550 ,False
26.8,1,4.0,0.0,0.0,1.6000302466032166,-0.00928078707479646,-1.8935408305979637,2.399987697932668,TRACKING distance=2.400 heading_error=1.900 linear=0.000 angular=0.550 ,False
26.8,1,4.0,0.0,0.0,1.6000302466032166,-0.00928078707479646,-1.8935408305979637,2.399987697932668,TRACKING distance=2.400 heading_error=1.900 linear=0.000 angular=0.550 ,False
26.900000000000002,1,4.0,0.0,0.0,1.5994753464644715,-0.009252165144833135,-1.8652809827998247,2.4005424834382203,TRACKING distance=2.400 heading_error=1.872 linear=0.000 angular=0.550 ,False
26.900000000000002,1,4.0,0.0,0.0,1.5994753464644715,-0.009252165144833135,-1.8652809827998247,2.4005424834382203,TRACKING distance=2.400 heading_error=1.872 linear=0.000 angular=0.550 ,False
27.0,1,4.0,0.0,0.0,1.6002865764158323,-0.008930846774703603,-1.8397915588655824,2.3997300421826955,TRACKING distance=2.400 heading_error=1.846 linear=0.000 angular=0.550 ,False
27.0,1,4.0,0.0,0.0,1.6002865764158323,-0.008930846774703603,-1.8397915588655824,2.3997300421826955,TRACKING distance=2.400 heading_error=1.846 linear=0.000 angular=0.550 ,False
27.1,1,4.0,0.0,0.0,1.6004827210660064,-0.008475164603736185,-1.8146258434613318,2.3995322461508737,TRACKING distance=2.399 heading_error=1.821 linear=0.000 angular=0.550 ,False
27.1,1,4.0,0.0,0.0,1.6004827210660064,-0.008475164603736185,-1.8146258434613318,2.3995322461508737,TRACKING distance=2.399 heading_error=1.821 linear=0.000 angular=0.550 ,False
27.200000000000003,1,4.0,0.0,0.0,1.6003223100304464,-0.008307034688094713,-1.7867266339079924,2.39969206827937,TRACKING distance=2.400 heading_error=1.793 linear=0.000 angular=0.550 ,False
27.200000000000003,1,4.0,0.0,0.0,1.6003223100304464,-0.008307034688094713,-1.7867266339079924,2.39969206827937,TRACKING distance=2.400 heading_error=1.793 linear=0.000 angular=0.550 ,False
27.3,1,4.0,0.0,0.0,1.6007470577000729,-0.008577842970935034,-1.7605678890735523,2.3992682760635358,TRACKING distance=2.399 heading_error=1.766 linear=0.000 angular=0.550 ,False
27.3,1,4.0,0.0,0.0,1.6007470577000729,-0.008577842970935034,-1.7605678890735523,2.3992682760635358,TRACKING distance=2.399 heading_error=1.766 linear=0.000 angular=0.550 ,False
27.400000000000002,1,4.0,0.0,0.0,1.601211571954202,-0.007924741672034975,-1.7343601537573874,2.39880151827053,TRACKING distance=2.399 heading_error=1.740 linear=0.000 angular=0.550 ,False
27.400000000000002,1,4.0,0.0,0.0,1.601211571954202,-0.007924741672034975,-1.7343601537573874,2.39880151827053,TRACKING distance=2.399 heading_error=1.738 linear=0.000 angular=0.550 ,False
27.5,1,4.0,0.0,0.0,1.6018416431575837,-0.007611744343444095,-1.7087486988336404,2.39817043663395,TRACKING distance=2.398 heading_error=1.712 linear=0.000 angular=0.550 ,False
27.5,1,4.0,0.0,0.0,1.601717633827131,-0.00741239604373073,-1.7062968265567964,2.3982938209299633,TRACKING distance=2.398 heading_error=1.712 linear=0.000 angular=0.550 ,False
27.6,1,4.0,0.0,0.0,1.6014431629889385,-0.007133119590683838,-1.680746053653662,2.3985674436562343,TRACKING distance=2.398 heading_error=1.686 linear=0.000 angular=0.550 ,False
27.6,1,4.0,0.0,0.0,1.6014431629889385,-0.007133119590683838,-1.680746053653662,2.3985674436562343,TRACKING distance=2.398 heading_error=1.686 linear=0.000 angular=0.550 ,False
27.700000000000003,1,4.0,0.0,0.0,1.6020195687959302,-0.007722877968645382,-1.657336889593317,2.397992867229128,TRACKING distance=2.398 heading_error=1.663 linear=0.000 angular=0.550 ,False
27.700000000000003,1,4.0,0.0,0.0,1.6020195687959302,-0.007722877968645382,-1.657336889593317,2.397992867229128,TRACKING distance=2.398 heading_error=1.663 linear=0.000 angular=0.550 ,False
27.8,1,4.0,0.0,0.0,1.6020269692953437,-0.00718267085260864,-1.6336467092372675,2.397983787840829,TRACKING distance=2.398 heading_error=1.637 linear=0.000 angular=0.550 ,False
27.8,1,4.0,0.0,0.0,1.6020269692953437,-0.00718267085260864,-1.6336467092372675,2.397983787840829,TRACKING distance=2.398 heading_error=1.637 linear=0.000 angular=0.550 ,False
27.900000000000002,1,4.0,0.0,0.0,1.602071882917417,-0.00750010296473452,-1.6138346860475978,2.397939846251299,TRACKING distance=2.398 heading_error=1.617 linear=0.000 angular=0.550 ,False
27.900000000000002,1,4.0,0.0,0.0,1.602071882917417,-0.00750010296473452,-1.6138346860475978,2.397939846251299,TRACKING distance=2.398 heading_error=1.617 linear=0.000 angular=0.550 ,False
28.0,1,4.0,0.0,0.0,1.6025726453025881,-0.007690228482464046,-1.5914143055145558,2.3974396886398504,TRACKING distance=2.397 heading_error=1.597 linear=0.000 angular=0.550 ,False
28.0,1,4.0,0.0,0.0,1.6025726453025881,-0.007690228482464046,-1.5914143055145558,2.3974396886398504,TRACKING distance=2.397 heading_error=1.597 linear=0.000 angular=0.550 ,False
28.1,1,4.0,0.0,0.0,1.603374157479104,-0.007864435447791494,-1.565575768761602,2.3966387459072562,TRACKING distance=2.397 heading_error=1.572 linear=0.000 angular=0.550 ,False
28.1,1,4.0,0.0,0.0,1.603374157479104,-0.007864435447791494,-1.565575768761602,2.3966387459072562,TRACKING distance=2.397 heading_error=1.572 linear=0.000 angular=0.550 ,False
28.200000000000003,1,4.0,0.0,0.0,1.6028527403592956,-0.007336185392450291,-1.5419493771345705,2.397158485377855,TRACKING distance=2.397 heading_error=1.545 linear=0.000 angular=0.550 ,False
28.200000000000003,1,4.0,0.0,0.0,1.6028527403592956,-0.007336185392450291,-1.5419493771345705,2.397158485377855,TRACKING distance=2.397 heading_error=1.545 linear=0.000 angular=0.550 ,False
28.3,1,4.0,0.0,0.0,1.6028155968858384,-0.007661671614824744,-1.5182925333842263,2.3971966468660293,TRACKING distance=2.397 heading_error=1.521 linear=0.000 angular=0.550 ,False
28.3,1,4.0,0.0,0.0,1.602898691835884,-0.007593451243551174,-1.5158913915117873,2.3971133352647103,TRACKING distance=2.397 heading_error=1.521 linear=0.000 angular=0.550 ,False
28.400000000000002,1,4.0,0.0,0.0,1.6027525871644168,-0.0066441327343552785,-1.4935900995435754,2.3972566201486836,TRACKING distance=2.397 heading_error=1.499 linear=0.000 angular=0.550 ,False
28.400000000000002,1,4.0,0.0,0.0,1.6027525871644168,-0.0066441327343552785,-1.4935900995435754,2.3972566201486836,TRACKING distance=2.397 heading_error=1.496 linear=0.000 angular=0.550 ,False
28.5,1,4.0,0.0,0.0,1.6032332846160702,-0.006897852660166159,-1.4678979042182387,2.3967766413129934,TRACKING distance=2.397 heading_error=1.474 linear=0.000 angular=0.550 ,False
28.5,1,4.0,0.0,0.0,1.6032332846160702,-0.006897852660166159,-1.4678979042182387,2.3967766413129934,TRACKING distance=2.397 heading_error=1.474 linear=0.000 angular=0.550 ,False
28.6,1,4.0,0.0,0.0,1.602725961010188,-0.006356267107145062,-1.4429949163203208,2.397282465656908,TRACKING distance=2.397 heading_error=1.448 linear=0.000 angular=0.550 ,False
28.6,1,4.0,0.0,0.0,1.602725961010188,-0.006356267107145062,-1.4429949163203208,2.397282465656908,TRACKING distance=2.397 heading_error=1.448 linear=0.000 angular=0.550 ,False
28.700000000000003,1,4.0,0.0,0.0,1.6032857982285065,-0.006625135004349324,-1.4182050271198636,2.396723358543283,TRACKING distance=2.397 heading_error=1.423 linear=0.000 angular=0.550 ,False
28.700000000000003,1,4.0,0.0,0.0,1.6032857982285065,-0.006625135004349324,-1.4182050271198636,2.396723358543283,TRACKING distance=2.397 heading_error=1.423 linear=0.000 angular=0.550 ,False
28.8,1,4.0,0.0,0.0,1.6033331279885197,-0.005758017285068157,-1.3985387393651711,2.3966737888499448,TRACKING distance=2.397 heading_error=1.403 linear=0.000 angular=0.550 ,False
28.8,1,4.0,0.0,0.0,1.6033331279885197,-0.005758017285068157,-1.3985387393651711,2.3966737888499448,TRACKING distance=2.397 heading_error=1.403 linear=0.000 angular=0.550 ,False
28.900000000000002,1,4.0,0.0,0.0,1.6028357473001877,-0.006295909402906497,-1.3741128869685908,2.397172520470118,TRACKING distance=2.397 heading_error=1.379 linear=0.000 angular=0.550 ,False
28.900000000000002,1,4.0,0.0,0.0,1.6028357473001877,-0.006295909402906497,-1.3741128869685908,2.397172520470118,TRACKING distance=2.397 heading_error=1.377 linear=0.000 angular=0.550 ,False
29.000000000000004,1,4.0,0.0,0.0,1.603026224003452,-0.005876904247382776,-1.3514144857173442,2.3969809804874718,TRACKING distance=2.397 heading_error=1.356 linear=0.000 angular=0.550 ,False
29.000000000000004,1,4.0,0.0,0.0,1.603026224003452,-0.005876904247382776,-1.3514144857173442,2.3969809804874718,TRACKING distance=2.397 heading_error=1.356 linear=0.000 angular=0.550 ,False
29.1,1,4.0,0.0,0.0,1.6031780568306604,-0.006092901107050597,-1.3281802333535002,2.396829687462576,TRACKING distance=2.397 heading_error=1.333 linear=0.000 angular=0.550 ,False
29.1,1,4.0,0.0,0.0,1.6031780568306604,-0.006092901107050597,-1.3281802333535002,2.396829687462576,TRACKING distance=2.397 heading_error=1.333 linear=0.000 angular=0.550 ,False
29.200000000000003,1,4.0,0.0,0.0,1.6037301802657298,-0.005240887820459293,-1.3069900966619004,2.3962755509069606,TRACKING distance=2.396 heading_error=1.309 linear=0.000 angular=0.550 ,False
29.200000000000003,1,4.0,0.0,0.0,1.6037301802657298,-0.005240887820459293,-1.3069900966619004,2.3962755509069606,TRACKING distance=2.396 heading_error=1.309 linear=0.000 angular=0.550 ,False
29.3,1,4.0,0.0,0.0,1.60359083642979,-0.004745222512519033,-1.2893738071703515,2.39641386166496,TRACKING distance=2.396 heading_error=1.291 linear=0.000 angular=0.550 ,False
29.3,1,4.0,0.0,0.0,1.60359083642979,-0.004745222512519033,-1.2893738071703515,2.39641386166496,TRACKING distance=2.396 heading_error=1.291 linear=0.000 angular=0.550 ,False
29.400000000000002,1,4.0,0.0,0.0,1.6039923335909423,-0.004606071147631419,-1.2702235151284895,2.3960120937471068,TRACKING distance=2.396 heading_error=1.274 linear=0.000 angular=0.550 ,False
29.400000000000002,1,4.0,0.0,0.0,1.6039923335909423,-0.004606071147631419,-1.2702235151284895,2.3960120937471068,TRACKING distance=2.396 heading_error=1.274 linear=0.000 angular=0.550 ,False
29.500000000000004,1,4.0,0.0,0.0,1.6041710799145443,-0.004922720951471783,-1.245792651380709,2.395833977449065,TRACKING distance=2.396 heading_error=1.251 linear=0.000 angular=0.550 ,False
29.500000000000004,1,4.0,0.0,0.0,1.6041710799145443,-0.004922720951471783,-1.245792651380709,2.395833977449065,TRACKING distance=2.396 heading_error=1.251 linear=0.000 angular=0.550 ,False
29.6,1,4.0,0.0,0.0,1.60350573873904,-0.0047086935988962745,-1.2171151534288533,2.396498887137677,TRACKING distance=2.396 heading_error=1.219 linear=0.000 angular=0.550 ,False
29.6,1,4.0,0.0,0.0,1.60350573873904,-0.0047086935988962745,-1.2171151534288533,2.396498887137677,TRACKING distance=2.396 heading_error=1.219 linear=0.000 angular=0.550 ,False
29.700000000000003,1,4.0,0.0,0.0,1.6041972026125777,-0.004680850531507703,-1.1849307080628328,2.3958073700385634,TRACKING distance=2.396 heading_error=1.190 linear=0.000 angular=0.550 ,False
29.700000000000003,1,4.0,0.0,0.0,1.6041972026125777,-0.004680850531507703,-1.1849307080628328,2.3958073700385634,TRACKING distance=2.396 heading_error=1.190 linear=0.000 angular=0.550 ,False
29.8,1,4.0,0.0,0.0,1.6044161756947948,-0.004593582061807166,-1.1521152548377058,2.395588228445972,TRACKING distance=2.395 heading_error=1.157 linear=0.000 angular=0.550 ,False
29.8,1,4.0,0.0,0.0,1.6044161756947948,-0.004593582061807166,-1.1521152548377058,2.395588228445972,TRACKING distance=2.396 heading_error=1.154 linear=0.000 angular=0.550 ,False
29.900000000000002,1,4.0,0.0,0.0,1.6050676679720715,-0.004388488384794686,-1.1210453084164955,2.3949363527707863,TRACKING distance=2.395 heading_error=1.126 linear=0.000 angular=0.550 ,False
29.900000000000002,1,4.0,0.0,0.0,1.6050676679720715,-0.004388488384794686,-1.1210453084164955,2.3949363527707863,TRACKING distance=2.395 heading_error=1.126 linear=0.000 angular=0.550 ,False
30.000000000000004,1,4.0,0.0,0.0,1.6045586664985367,-0.004120086183875524,-1.0906248085093568,2.39544487671026,TRACKING distance=2.396 heading_error=1.095 linear=0.000 angular=0.550 ,False
30.000000000000004,1,4.0,0.0,0.0,1.6045586664985367,-0.004120086183875524,-1.0906248085093568,2.39544487671026,TRACKING distance=2.396 heading_error=1.095 linear=0.000 angular=0.550 ,False
30.1,1,4.0,0.0,0.0,1.6046297902060114,-0.0037047658574849394,-1.0617516812149168,2.3953730747544433,TRACKING distance=2.395 heading_error=1.066 linear=0.000 angular=0.550 ,False
30.1,1,4.0,0.0,0.0,1.6046297902060114,-0.0037047658574849394,-1.0617516812149168,2.3953730747544433,TRACKING distance=2.395 heading_error=1.066 linear=0.000 angular=0.550 ,False
30.200000000000003,1,4.0,0.0,0.0,1.6049386379273611,-0.0031673295608034106,-1.0278610114845599,2.3950634563764255,TRACKING distance=2.395 heading_error=1.032 linear=0.000 angular=0.550 ,False
30.200000000000003,1,4.0,0.0,0.0,1.6049386379273611,-0.0031673295608034106,-1.0278610114845599,2.3950634563764255,TRACKING distance=2.395 heading_error=1.032 linear=0.000 angular=0.550 ,False
30.3,1,4.0,0.0,0.0,1.6046642361168237,-0.002398573677311779,-0.9917123170350106,2.395336964790859,TRACKING distance=2.395 heading_error=0.993 linear=0.000 angular=0.550 ,False
30.3,1,4.0,0.0,0.0,1.6046642361168237,-0.002398573677311779,-0.9917123170350106,2.395336964790859,TRACKING distance=2.395 heading_error=0.993 linear=0.000 angular=0.550 ,False
30.400000000000002,1,4.0,0.0,0.0,1.6039270278634117,-0.002897167164157495,-0.9592181616290409,2.3960747236639013,TRACKING distance=2.396 heading_error=0.963 linear=0.000 angular=0.550 ,False
30.400000000000002,1,4.0,0.0,0.0,1.6039270278634117,-0.002897167164157495,-0.9592181616290409,2.3960747236639013,TRACKING distance=2.396 heading_error=0.963 linear=0.000 angular=0.550 ,False
30.500000000000004,1,4.0,0.0,0.0,1.6039496021728892,-0.0028284154045934745,-0.9289785455550299,2.396052067226661,TRACKING distance=2.396 heading_error=0.930 linear=0.000 angular=0.550 ,False
30.500000000000004,1,4.0,0.0,0.0,1.6039496021728892,-0.0028284154045934745,-0.9289785455550299,2.396052067226661,TRACKING distance=2.396 heading_error=0.930 linear=0.000 angular=0.550 ,False
30.6,1,4.0,0.0,0.0,1.6038894042127994,-0.0024142482874267694,-0.894810420068654,2.396111812048529,TRACKING distance=2.396 heading_error=0.899 linear=0.000 angular=0.550 ,False
30.6,1,4.0,0.0,0.0,1.6038894042127994,-0.0024142482874267694,-0.894810420068654,2.396111812048529,TRACKING distance=2.396 heading_error=0.899 linear=0.000 angular=0.550 ,False
30.700000000000003,1,4.0,0.0,0.0,1.6034858515164672,-0.00196189212558171,-0.8658211674243479,2.396514951529088,TRACKING distance=2.396 heading_error=0.869 linear=0.000 angular=0.550 ,False
30.700000000000003,1,4.0,0.0,0.0,1.6034858515164672,-0.00196189212558171,-0.8658211674243479,2.396514951529088,TRACKING distance=2.396 heading_error=0.869 linear=0.000 angular=0.550 ,False
30.8,1,4.0,0.0,0.0,1.6031047758427714,-0.0027263482282597483,-0.8368602073172345,2.396896774698984,TRACKING distance=2.397 heading_error=0.841 linear=0.000 angular=0.550 ,False
30.8,1,4.0,0.0,0.0,1.6031047758427714,-0.0027263482282597483,-0.8368602073172345,2.396896774698984,TRACKING distance=2.397 heading_error=0.841 linear=0.000 angular=0.550 ,False
30.900000000000002,1,4.0,0.0,0.0,1.6037896077391562,-0.0014919992602725753,-0.7983118133014606,2.396210856757113,TRACKING distance=2.396 heading_error=0.803 linear=0.000 angular=0.550 ,False
30.900000000000002,1,4.0,0.0,0.0,1.6037896077391562,-0.0014919992602725753,-0.7983118133014606,2.396210856757113,TRACKING distance=2.396 heading_error=0.803 linear=0.000 angular=0.550 ,False
31.000000000000004,1,4.0,0.0,0.0,1.6035625054423688,-0.0008239480579852729,-0.7578233713738957,2.396437636203383,TRACKING distance=2.397 heading_error=0.763 linear=0.000 angular=0.550 ,False
31.000000000000004,1,4.0,0.0,0.0,1.6035625054423688,-0.0008239480579852729,-0.7578233713738957,2.396437636203383,TRACKING distance=2.397 heading_error=0.763 linear=0.000 angular=0.550 ,False
31.1,1,4.0,0.0,0.0,1.6034328785972431,-0.0012850222274727746,-0.7207212992174605,2.3965674659126166,TRACKING distance=2.397 heading_error=0.721 linear=0.000 angular=0.550 ,False
31.1,1,4.0,0.0,0.0,1.6035614226155324,-0.0009217526553577572,-0.716633874827366,2.3964387546533397,TRACKING distance=2.397 heading_error=0.721 linear=0.000 angular=0.550 ,False
31.200000000000003,1,4.0,0.0,0.0,1.602874931877891,-0.001225112435646693,-0.6813203234016346,2.3971253811847024,TRACKING distance=2.397 heading_error=0.685 linear=0.350 angular=0.550 ,False
31.200000000000003,1,4.0,0.0,0.0,1.602874931877891,-0.001225112435646693,-0.6813203234016346,2.3971253811847024,TRACKING distance=2.397 heading_error=0.685 linear=0.350 angular=0.550 ,False
31.3,1,4.0,0.0,0.0,1.6033219981433335,-0.0004776142896124784,-0.6465685570524622,2.396678049446582,TRACKING distance=2.397 heading_error=0.650 linear=0.350 angular=0.550 ,False
31.3,1,4.0,0.0,0.0,1.6033219981433335,-0.0004776142896124784,-0.6465685570524622,2.396678049446582,TRACKING distance=2.397 heading_error=0.650 linear=0.350 angular=0.550 ,False
31.400000000000002,1,4.0,0.0,0.0,1.6092399639813346,-0.004070567650058925,-0.6170033540649719,2.390763501341144,TRACKING distance=2.392 heading_error=0.621 linear=0.350 angular=0.550 ,False
31.400000000000002,1,4.0,0.0,0.0,1.6092399639813346,-0.004070567650058925,-0.6170033540649719,2.390763501341144,TRACKING distance=2.391 heading_error=0.619 linear=0.350 angular=0.550 ,False
31.500000000000004,1,4.0,0.0,0.0,1.6234554672604147,-0.01433393527878953,-0.5904151818698438,2.3765877593295373,TRACKING distance=2.378 heading_error=0.598 linear=0.350 angular=0.550 ,False
31.500000000000004,1,4.0,0.0,0.0,1.6234554672604147,-0.01433393527878953,-0.5904151818698438,2.3765877593295373,TRACKING distance=2.377 heading_error=0.596 linear=0.350 angular=0.550 ,False
31.6,1,4.0,0.0,0.0,1.6378499181923099,-0.023437413283810386,-0.5659723673812564,2.362266352748037,TRACKING distance=2.362 heading_error=0.576 linear=0.350 angular=0.550 ,False
31.6,1,4.0,0.0,0.0,1.639056670824047,-0.024456621818204346,-0.5634472531529743,2.3610699968300795,TRACKING distance=2.362 heading_error=0.576 linear=0.350 angular=0.550 ,False
31.700000000000003,1,4.0,0.0,0.0,1.6553181018431458,-0.03413673330387583,-0.5368192205040938,2.344930387048854,TRACKING distance=2.346 heading_error=0.554 linear=0.350 angular=0.550 ,False
31.700000000000003,1,4.0,0.0,0.0,1.6553181018431458,-0.03413673330387583,-0.5368192205040938,2.344930387048854,TRACKING distance=2.346 heading_error=0.554 linear=0.350 angular=0.550 ,False
31.8,1,4.0,0.0,0.0,1.6720984021266498,-0.043717604141359265,-0.5090283470871871,2.3283120663461667,TRACKING distance=2.330 heading_error=0.530 linear=0.350 angular=0.550 ,False
31.8,1,4.0,0.0,0.0,1.6720984021266498,-0.043717604141359265,-0.5090283470871871,2.3283120663461667,TRACKING distance=2.328 heading_error=0.528 linear=0.350 angular=0.550 ,False
31.900000000000002,1,4.0,0.0,0.0,1.6887728973952756,-0.05265690266406327,-0.47987690491670476,2.3118268683473686,TRACKING distance=2.313 heading_error=0.505 linear=0.350 angular=0.550 ,False
31.900000000000002,1,4.0,0.0,0.0,1.6887728973952756,-0.05265690266406327,-0.47987690491670476,2.3118268683473686,TRACKING distance=2.312 heading_error=0.503 linear=0.350 angular=0.550 ,False
32.0,1,4.0,0.0,0.0,1.7054752818850707,-0.061334976258000516,-0.4509781538826265,2.295344344832157,TRACKING distance=2.297 heading_error=0.480 linear=0.350 angular=0.550 ,False
32.0,1,4.0,0.0,0.0,1.7054752818850707,-0.061334976258000516,-0.4509781538826265,2.295344344832157,TRACKING distance=2.295 heading_error=0.478 linear=0.350 angular=0.550 ,False
32.1,1,4.0,0.0,0.0,1.722528216608241,-0.06883056790400285,-0.425142201905145,2.2785116570304456,TRACKING distance=2.280 heading_error=0.457 linear=0.350 angular=0.549 ,False
32.1,1,4.0,0.0,0.0,1.722528216608241,-0.06883056790400285,-0.425142201905145,2.2785116570304456,TRACKING distance=2.280 heading_error=0.457 linear=0.350 angular=0.549 ,False
32.2,1,4.0,0.0,0.0,1.7403973242531174,-0.07623588506660205,-0.3995195851037907,2.260888356910699,TRACKING distance=2.263 heading_error=0.436 linear=0.350 angular=0.523 ,False
32.2,1,4.0,0.0,0.0,1.7403973242531174,-0.07623588506660205,-0.3995195851037907,2.260888356910699,TRACKING distance=2.263 heading_error=0.436 linear=0.350 angular=0.523 ,False
32.300000000000004,1,4.0,0.0,0.0,1.757383445902898,-0.08434986098529014,-0.36862152350147726,2.2442022876199457,TRACKING distance=2.246 heading_error=0.409 linear=0.350 angular=0.491 ,False
32.300000000000004,1,4.0,0.0,0.0,1.757383445902898,-0.08434986098529014,-0.36862152350147726,2.2442022876199457,TRACKING distance=2.246 heading_error=0.409 linear=0.350 angular=0.491 ,False
32.4,1,4.0,0.0,0.0,1.775183199197475,-0.08988412283406785,-0.33414291000594143,2.2266317505754816,TRACKING distance=2.228 heading_error=0.378 linear=0.350 angular=0.453 ,False
32.4,1,4.0,0.0,0.0,1.775183199197475,-0.08988412283406785,-0.33414291000594143,2.2266317505754816,TRACKING distance=2.227 heading_error=0.375 linear=0.350 angular=0.449 ,False
32.5,1,4.0,0.0,0.0,1.7934565589270393,-0.09500513728905295,-0.297870627954014,2.2085877690174356,TRACKING distance=2.210 heading_error=0.344 linear=0.350 angular=0.413 ,False
32.5,1,4.0,0.0,0.0,1.7934565589270393,-0.09500513728905295,-0.297870627954014,2.2085877690174356,TRACKING distance=2.210 heading_error=0.344 linear=0.350 angular=0.413 ,False
32.6,1,4.0,0.0,0.0,1.811107030697581,-0.10058312754520841,-0.2640485298794553,2.191202728322584,TRACKING distance=2.193 heading_error=0.313 linear=0.350 angular=0.376 ,False
32.6,1,4.0,0.0,0.0,1.811107030697581,-0.10058312754520841,-0.2640485298794553,2.191202728322584,TRACKING distance=2.193 heading_error=0.313 linear=0.350 angular=0.376 ,False
32.7,1,4.0,0.0,0.0,1.8290140705290796,-0.10528545253098472,-0.2298580986324934,2.173537423757726,TRACKING distance=2.175 heading_error=0.282 linear=0.350 angular=0.338 ,False
32.7,1,4.0,0.0,0.0,1.8290140705290796,-0.10528545253098472,-0.2298580986324934,2.173537423757726,TRACKING distance=2.175 heading_error=0.282 linear=0.350 angular=0.338 ,False
32.800000000000004,1,4.0,0.0,0.0,1.8477958862622332,-0.10917486337264376,-0.1952141586757706,2.1549713914533073,TRACKING distance=2.157 heading_error=0.249 linear=0.350 angular=0.299 ,False
32.800000000000004,1,4.0,0.0,0.0,1.8477958862622332,-0.10917486337264376,-0.1952141586757706,2.1549713914533073,TRACKING distance=2.157 heading_error=0.249 linear=0.350 angular=0.299 ,False
32.9,1,4.0,0.0,0.0,1.8662239775874911,-0.11253710934778943,-0.16334163989250497,2.136741611614026,TRACKING distance=2.137 heading_error=0.216 linear=0.350 angular=0.259 ,False
32.9,1,4.0,0.0,0.0,1.8662239775874911,-0.11253710934778943,-0.16334163989250497,2.136741611614026,TRACKING distance=2.137 heading_error=0.216 linear=0.350 angular=0.259 ,False
33.0,1,4.0,0.0,0.0,1.8847175728363994,-0.11522403626170072,-0.13333530978139027,2.1184183546220448,TRACKING distance=2.120 heading_error=0.191 linear=0.350 angular=0.229 ,False
33.0,1,4.0,0.0,0.0,1.8847175728363994,-0.11522403626170072,-0.13333530978139027,2.1184183546220448,TRACKING distance=2.120 heading_error=0.191 linear=0.350 angular=0.229 ,False
33.1,1,4.0,0.0,0.0,1.9034197898286864,-0.11716897053181229,-0.10491635195473918,2.0998516960341447,TRACKING distance=2.102 heading_error=0.163 linear=0.350 angular=0.196 ,False
33.1,1,4.0,0.0,0.0,1.9034197898286864,-0.11716897053181229,-0.10491635195473918,2.0998516960341447,TRACKING distance=2.102 heading_error=0.163 linear=0.350 angular=0.196 ,False
33.2,1,4.0,0.0,0.0,1.922427571253362,-0.1188913276170346,-0.08000660254369535,2.0809714905473227,TRACKING distance=2.083 heading_error=0.139 linear=0.350 angular=0.167 ,False
33.2,1,4.0,0.0,0.0,1.922427571253362,-0.1188913276170346,-0.08000660254369535,2.0809714905473227,TRACKING distance=2.083 heading_error=0.139 linear=0.350 angular=0.167 ,False
33.300000000000004,1,4.0,0.0,0.0,1.9410348962789727,-0.12006256968262234,-0.05684364369093724,2.0624626830514377,TRACKING distance=2.064 heading_error=0.117 linear=0.350 angular=0.141 ,False
33.300000000000004,1,4.0,0.0,0.0,1.9410348962789727,-0.12006256968262234,-0.05684364369093724,2.0624626830514377,TRACKING distance=2.064 heading_error=0.117 linear=0.350 angular=0.141 ,False
33.4,1,4.0,0.0,0.0,1.9600793869745132,-0.12084577784104,-0.038762964175447154,2.043496956070227,TRACKING distance=2.045 heading_error=0.099 linear=0.350 angular=0.119 ,False
33.4,1,4.0,0.0,0.0,1.9600793869745132,-0.12084577784104,-0.038762964175447154,2.043496956070227,TRACKING distance=2.043 heading_error=0.098 linear=0.350 angular=0.118 ,False
33.5,1,4.0,0.0,0.0,1.977309265866708,-0.12134917380930926,-0.025594550002450714,2.026327571724986,TRACKING distance=2.026 heading_error=0.086 linear=0.350 angular=0.103 ,False
33.5,1,4.0,0.0,0.0,1.9791788716134422,-0.1212499133099522,-0.024121514009315972,2.024455377233885,TRACKING distance=2.026 heading_error=0.086 linear=0.350 angular=0.103 ,False
33.6,1,4.0,0.0,0.0,1.998289816107155,-0.12158296726097667,-0.011427706068880002,2.0053992316315252,TRACKING distance=2.007 heading_error=0.073 linear=0.350 angular=0.088 ,False
33.6,1,4.0,0.0,0.0,1.998289816107155,-0.12158296726097667,-0.011427706068880002,2.0053992316315252,TRACKING distance=2.007 heading_error=0.073 linear=0.350 angular=0.088 ,False
33.7,1,4.0,0.0,0.0,2.0173839044135327,-0.12156762762227162,0.0004711362670535541,1.986339666462973,TRACKING distance=1.988 heading_error=0.062 linear=0.350 angular=0.074 ,False
33.7,1,4.0,0.0,0.0,2.0173839044135327,-0.12156762762227162,0.0004711362670535541,1.986339666462973,TRACKING distance=1.988 heading_error=0.062 linear=0.350 angular=0.074 ,False
33.800000000000004,1,4.0,0.0,0.0,2.0363116948122277,-0.12149033239960488,0.009498273934952192,1.9674429244066503,TRACKING distance=1.969 heading_error=0.053 linear=0.350 angular=0.064 ,False
33.800000000000004,1,4.0,0.0,0.0,2.0363116948122277,-0.12149033239960488,0.009498273934952192,1.9674429244066503,TRACKING distance=1.969 heading_error=0.053 linear=0.350 angular=0.064 ,False
33.9,1,4.0,0.0,0.0,2.0553108647329252,-0.12103705326546665,0.01812035272922026,1.9484521551962704,TRACKING distance=1.950 heading_error=0.045 linear=0.350 angular=0.054 ,False
33.9,1,4.0,0.0,0.0,2.0553108647329252,-0.12103705326546665,0.01812035272922026,1.9484521551962704,TRACKING distance=1.950 heading_error=0.045 linear=0.350 angular=0.054 ,False
34.0,1,4.0,0.0,0.0,2.074397976310133,-0.12074901458282052,0.025246883412344403,1.9293842225335092,TRACKING distance=1.931 heading_error=0.038 linear=0.350 angular=0.046 ,False
34.0,1,4.0,0.0,0.0,2.074397976310133,-0.12074901458282052,0.025246883412344403,1.9293842225335092,TRACKING distance=1.931 heading_error=0.038 linear=0.350 angular=0.046 ,False
34.1,1,4.0,0.0,0.0,2.091555400751216,-0.1202141944207767,0.03049429874299965,1.91222703697602,TRACKING distance=1.912 heading_error=0.032 linear=0.350 angular=0.039 ,False
34.1,1,4.0,0.0,0.0,2.0934485461224543,-0.1201434848883033,0.031089171831571515,1.9103331916824586,TRACKING distance=1.912 heading_error=0.032 linear=0.350 angular=0.039 ,False
34.2,1,4.0,0.0,0.0,2.11256888611611,-0.11949366923084709,0.03651026271072319,1.8912099160704592,TRACKING distance=1.893 heading_error=0.027 linear=0.350 angular=0.033 ,False
34.2,1,4.0,0.0,0.0,2.11256888611611,-0.11949366923084709,0.03651026271072319,1.8912099160704592,TRACKING distance=1.893 heading_error=0.027 linear=0.350 angular=0.033 ,False
34.300000000000004,1,4.0,0.0,0.0,2.131660147187451,-0.11854707721749708,0.042307691074105085,1.8720970100730436,TRACKING distance=1.872 heading_error=0.021 linear=0.350 angular=0.025 ,False
34.300000000000004,1,4.0,0.0,0.0,2.131660147187451,-0.11854707721749708,0.042307691074105085,1.8720970100730436,TRACKING distance=1.872 heading_error=0.021 linear=0.350 angular=0.025 ,False
34.400000000000006,1,4.0,0.0,0.0,2.150790105880336,-0.11769853835292497,0.046608111567972454,1.8529517474668558,TRACKING distance=1.855 heading_error=0.017 linear=0.350 angular=0.021 ,False
34.400000000000006,1,4.0,0.0,0.0,2.150790105880336,-0.11769853835292497,0.046608111567972454,1.8529517474668558,TRACKING distance=1.853 heading_error=0.017 linear=0.350 angular=0.020 ,False
34.5,1,4.0,0.0,0.0,2.168013894370923,-0.11690132204903904,0.049164329105041614,1.8357121262100997,TRACKING distance=1.836 heading_error=0.015 linear=0.350 angular=0.017 ,False
34.5,1,4.0,0.0,0.0,2.169927426295415,-0.11681313300758933,0.04942574624323198,1.83379686254197,TRACKING distance=1.836 heading_error=0.015 linear=0.350 angular=0.017 ,False
34.6,1,4.0,0.0,0.0,2.189031367843453,-0.11580770400430627,0.051275974906585295,1.814667686096191,TRACKING distance=1.817 heading_error=0.013 linear=0.350 angular=0.015 ,False
34.6,1,4.0,0.0,0.0,2.189031367843453,-0.11580770400430627,0.051275974906585295,1.814667686096191,TRACKING distance=1.817 heading_error=0.013 linear=0.350 angular=0.015 ,False
34.7,1,4.0,0.0,0.0,2.2062262170397844,-0.11489426445810018,0.05258297474594734,1.7974496033104157,TRACKING distance=1.797 heading_error=0.011 linear=0.350 angular=0.014 ,False
34.7,1,4.0,0.0,0.0,2.208126554573679,-0.11476441693435911,0.05272851278557236,1.7955448520764603,TRACKING distance=1.797 heading_error=0.011 linear=0.350 angular=0.014 ,False
34.800000000000004,1,4.0,0.0,0.0,2.2272637588396877,-0.11370392951184388,0.05407670427962729,1.776379003565857,TRACKING distance=1.778 heading_error=0.010 linear=0.350 angular=0.012 ,False
34.800000000000004,1,4.0,0.0,0.0,2.2272637588396877,-0.11370392951184388,0.05407670427962729,1.776379003565857,TRACKING distance=1.778 heading_error=0.010 linear=0.350 angular=0.012 ,False
34.900000000000006,1,4.0,0.0,0.0,2.246394847693234,-0.11264805774750794,0.055296899084270525,1.7572195694081951,TRACKING distance=1.759 heading_error=0.009 linear=0.350 angular=0.011 ,False
34.900000000000006,1,4.0,0.0,0.0,2.246394847693234,-0.11264805774750794,0.055296899084270525,1.7572195694081951,TRACKING distance=1.759 heading_error=0.009 linear=0.350 angular=0.011 ,False
35.0,1,4.0,0.0,0.0,2.265516431975982,-0.11156685714070001,0.05656141166229886,1.7380680111427118,TRACKING distance=1.740 heading_error=0.008 linear=0.350 angular=0.009 ,False
35.0,1,4.0,0.0,0.0,2.265516431975982,-0.11156685714070001,0.05656141166229886,1.7380680111427118,TRACKING distance=1.738 heading_error=0.008 linear=0.350 angular=0.009 ,False
35.1,1,4.0,0.0,0.0,2.2846366994344574,-0.11047934976132827,0.057633742711622,1.7189173742942963,TRACKING distance=1.721 heading_error=0.007 linear=0.350 angular=0.008 ,False
35.1,1,4.0,0.0,0.0,2.2846366994344574,-0.11047934976132827,0.057633742711622,1.7189173742942963,TRACKING distance=1.721 heading_error=0.007 linear=0.350 angular=0.008 ,False
35.2,1,4.0,0.0,0.0,2.3037589153777733,-0.10932365349361427,0.05874677782817783,1.6997604179335333,TRACKING distance=1.702 heading_error=0.006 linear=0.350 angular=0.007 ,False
35.2,1,4.0,0.0,0.0,2.3037589153777733,-0.10932365349361427,0.05874677782817783,1.6997604179335333,TRACKING distance=1.700 heading_error=0.006 linear=0.350 angular=0.007 ,False
35.2,1,0.25605234309348957,-0.5971280839558717,-2.9084999813214476,2.3133075114473143,-0.10871933341657225,0.059239004782341745,2.11443655268298,OBJECT_GOAL_PUBLISHED,
35.300000000000004,1,4.0,0.0,0.0,2.320968499173807,-0.10826721330305072,0.059589698561902736,1.6825185200297401,TRACKING distance=1.683 heading_error=0.005 linear=0.350 angular=0.006 ,False
35.300000000000004,1,4.0,0.0,0.0,2.3228906552912583,-0.10815488201403675,0.059651153526075175,1.680593119292369,TRACKING distance=1.683 heading_error=0.005 linear=0.350 angular=0.006 ,False
35.400000000000006,1,4.0,0.0,0.0,2.3420128353353356,-0.10697805354712477,0.060316761734320636,1.6614348443840656,TRACKING distance=1.663 heading_error=0.004 linear=0.350 angular=0.005 ,False
35.400000000000006,1,4.0,0.0,0.0,2.3420128353353356,-0.10697805354712477,0.060316761734320636,1.6614348443840656,TRACKING distance=1.663 heading_error=0.004 linear=0.350 angular=0.005 ,False
35.5,1,4.0,0.0,0.0,2.3592265290100367,-0.10589671312603773,0.06099645049271708,1.6441872451017707,TRACKING distance=1.644 heading_error=0.003 linear=0.350 angular=0.004 ,False
35.5,1,4.0,0.0,0.0,2.3611454168381436,-0.10578825310991026,0.06106237516798512,1.64226535591745,TRACKING distance=1.644 heading_error=0.003 linear=0.350 angular=0.004 ,False
35.6,1,4.0,0.0,0.0,2.38027119507121,-0.10459025192843797,0.06177807828823922,1.6231021293543118,TRACKING distance=1.623 heading_error=0.003 linear=0.350 angular=0.003 ,False
35.6,1,4.0,0.0,0.0,2.38027119507121,-0.10459025192843797,0.06177807828823922,1.6231021293543118,TRACKING distance=1.623 heading_error=0.003 linear=0.350 angular=0.003 ,False
35.7,1,4.0,0.0,0.0,2.3994008188828007,-0.10337474352996281,0.06244669880995888,1.6039339376024608,TRACKING distance=1.606 heading_error=0.002 linear=0.350 angular=0.003 ,False
35.7,1,4.0,0.0,0.0,2.3994008188828007,-0.10337474352996281,0.06244669880995888,1.6039339376024608,TRACKING distance=1.604 heading_error=0.002 linear=0.350 angular=0.002 ,False
35.800000000000004,1,4.0,0.0,0.0,2.4185325791114183,-0.10216028424176359,0.06296975085574562,1.5847636817545827,TRACKING distance=1.587 heading_error=0.002 linear=0.350 angular=0.002 ,False
35.800000000000004,1,4.0,0.0,0.0,2.4185325791114183,-0.10216028424176359,0.06296975085574562,1.5847636817545827,TRACKING distance=1.587 heading_error=0.002 linear=0.350 angular=0.002 ,False
35.900000000000006,1,4.0,0.0,0.0,2.4376667034372335,-0.10094050383110047,0.0633960249569609,1.5655907239321385,TRACKING distance=1.566 heading_error=0.001 linear=0.350 angular=0.001 ,False
35.900000000000006,1,4.0,0.0,0.0,2.4376667034372335,-0.10094050383110047,0.0633960249569609,1.5655907239321385,TRACKING distance=1.566 heading_error=0.001 linear=0.350 angular=0.001 ,False
36.0,1,4.0,0.0,0.0,2.4568036011381644,-0.09971035836005587,0.06369465189682724,1.5464143303217377,TRACKING distance=1.548 heading_error=0.001 linear=0.350 angular=0.001 ,False
36.0,1,4.0,0.0,0.0,2.4568036011381644,-0.09971035836005587,0.06369465189682724,1.5464143303217377,TRACKING distance=1.548 heading_error=0.001 linear=0.350 angular=0.001 ,False
36.1,1,4.0,0.0,0.0,2.475936711294807,-0.09845575700521397,0.06390961910475057,1.527240139619948,TRACKING distance=1.529 heading_error=0.001 linear=0.350 angular=0.001 ,False
36.1,1,4.0,0.0,0.0,2.475936711294807,-0.09845575700521397,0.06390961910475057,1.527240139619948,TRACKING distance=1.529 heading_error=0.001 linear=0.350 angular=0.001 ,False
36.2,1,4.0,0.0,0.0,2.4950826338336034,-0.09721013583750342,0.06402743719752042,1.5080537422448679,TRACKING distance=1.510 heading_error=0.000 linear=0.350 angular=0.001 ,False
36.2,1,4.0,0.0,0.0,2.4950826338336034,-0.09721013583750342,0.06402743719752042,1.5080537422448679,TRACKING distance=1.510 heading_error=0.000 linear=0.350 angular=0.001 ,False
36.300000000000004,1,4.0,0.0,0.0,2.5142254988216384,-0.0959624197158935,0.06415646397263684,1.4888702610870896,TRACKING distance=1.491 heading_error=0.000 linear=0.350 angular=0.000 ,False
36.300000000000004,1,4.0,0.0,0.0,2.5142254988216384,-0.0959624197158935,0.06415646397263684,1.4888702610870896,TRACKING distance=1.491 heading_error=0.000 linear=0.350 angular=0.000 ,False
36.400000000000006,1,4.0,0.0,0.0,2.533366650304679,-0.09471426053511996,0.064236214348862,1.4696884614050802,TRACKING distance=1.472 heading_error=0.000 linear=0.350 angular=0.000 ,False
36.400000000000006,1,4.0,0.0,0.0,2.533366650304679,-0.09471426053511996,0.064236214348862,1.4696884614050802,TRACKING distance=1.472 heading_error=0.000 linear=0.350 angular=0.000 ,False
36.5,1,4.0,0.0,0.0,2.552501910140308,-0.09345808361193485,0.06430570724014308,1.450512024610576,TRACKING distance=1.451 heading_error=0.000 linear=0.350 angular=0.000 ,False
36.5,1,4.0,0.0,0.0,2.552501910140308,-0.09345808361193485,0.06430570724014308,1.450512024610576,TRACKING distance=1.451 heading_error=0.000 linear=0.350 angular=0.000 ,False
36.6,1,4.0,0.0,0.0,2.571646389756548,-0.09219487992647485,0.06426282597799612,1.431325934852073,TRACKING distance=1.433 heading_error=0.000 linear=0.350 angular=0.000 ,False
36.6,1,4.0,0.0,0.0,2.571646389756548,-0.09219487992647485,0.06426282597799612,1.431325934852073,TRACKING distance=1.433 heading_error=0.000 linear=0.350 angular=0.000 ,False
36.7,1,4.0,0.0,0.0,2.5907899349590706,-0.09093422816251721,0.06431061294347307,1.4121409424218863,TRACKING distance=1.414 heading_error=0.000 linear=0.350 angular=0.000 ,False
36.7,1,4.0,0.0,0.0,2.5907899349590706,-0.09093422816251721,0.06431061294347307,1.4121409424218863,TRACKING distance=1.414 heading_error=0.000 linear=0.350 angular=0.000 ,False
36.800000000000004,1,4.0,0.0,0.0,2.6099288878471776,-0.08968035881966314,0.06436393928960116,1.3929609698766898,TRACKING distance=1.393 heading_error=0.000 linear=0.350 angular=0.000 ,False
36.800000000000004,1,4.0,0.0,0.0,2.6099288878471776,-0.08968035881966314,0.06436393928960116,1.3929609698766898,TRACKING distance=1.393 heading_error=0.000 linear=0.350 angular=0.000 ,False
36.900000000000006,1,4.0,0.0,0.0,2.6290733231703682,-0.08841784154704885,0.06438897321485375,1.3737749699084552,TRACKING distance=1.376 heading_error=0.000 linear=0.350 angular=0.000 ,False
36.900000000000006,1,4.0,0.0,0.0,2.6290733231703682,-0.08841784154704885,0.06438897321485375,1.3737749699084552,TRACKING distance=1.376 heading_error=0.000 linear=0.350 angular=0.000 ,False
37.0,1,4.0,0.0,0.0,2.6482181251453434,-0.08716705871422907,0.0644078350489547,1.354589359662352,TRACKING distance=1.357 heading_error=-0.000 linear=0.350 angular=-0.000 ,False
37.0,1,4.0,0.0,0.0,2.6482181251453434,-0.08716705871422907,0.0644078350489547,1.354589359662352,TRACKING distance=1.357 heading_error=-0.000 linear=0.350 angular=-0.000 ,False
37.1,1,4.0,0.0,0.0,2.667359979451324,-0.08591378306824636,0.06438652431542173,1.3354065307946767,TRACKING distance=1.337 heading_error=-0.000 linear=0.350 angular=-0.000 ,False
37.1,1,4.0,0.0,0.0,2.667359979451324,-0.08591378306824636,0.06438652431542173,1.3354065307946767,TRACKING distance=1.337 heading_error=-0.000 linear=0.350 angular=-0.000 ,False
37.2,1,4.0,0.0,0.0,2.686502607360394,-0.0846652968388829,0.06437725532726418,1.3162232382692,TRACKING distance=1.318 heading_error=-0.000 linear=0.350 angular=-0.000 ,False
37.2,1,4.0,0.0,0.0,2.686502607360394,-0.0846652968388829,0.06437725532726418,1.3162232382692,TRACKING distance=1.318 heading_error=-0.000 linear=0.350 angular=-0.000 ,False
37.300000000000004,1,4.0,0.0,0.0,2.703730357214318,-0.08353326350243147,0.0643869906729017,1.2989583491856413,TRACKING distance=1.299 heading_error=-0.000 linear=0.350 angular=-0.000 ,False
37.300000000000004,1,4.0,0.0,0.0,2.7056458939039825,-0.08340994968716849,0.06437953611341679,1.2970388474037455,TRACKING distance=1.299 heading_error=-0.000 linear=0.350 angular=-0.000 ,False
37.400000000000006,1,4.0,0.0,0.0,2.724788011460853,-0.08216374902604787,0.06436119918367592,1.2778562115386773,TRACKING distance=1.280 heading_error=-0.000 linear=0.350 angular=-0.000 ,False
37.400000000000006,1,4.0,0.0,0.0,2.724788011460853,-0.08216374902604787,0.06436119918367592,1.2778562115386773,TRACKING distance=1.280 heading_error=-0.000 linear=0.350 angular=-0.000 ,False
37.5,1,4.0,0.0,0.0,2.743924729987698,-0.0809001246686276,0.06436674850088131,1.2586778436549508,TRACKING distance=1.261 heading_error=-0.000 linear=0.350 angular=-0.000 ,False
37.5,1,4.0,0.0,0.0,2.743924729987698,-0.0809001246686276,0.06436674850088131,1.2586778436549508,TRACKING distance=1.261 heading_error=-0.000 linear=0.350 angular=-0.000 ,False
37.6,1,4.0,0.0,0.0,2.763067168812092,-0.0796306026869754,0.06436512013247414,1.2394933891533368,TRACKING distance=1.241 heading_error=-0.000 linear=0.350 angular=-0.000 ,False
37.6,1,4.0,0.0,0.0,2.763067168812092,-0.0796306026869754,0.06436512013247414,1.2394933891533368,TRACKING distance=1.241 heading_error=-0.000 linear=0.350 angular=-0.000 ,False
37.7,1,4.0,0.0,0.0,2.7822128460448905,-0.07837493735947454,0.06447418537266028,1.220306593911623,TRACKING distance=1.222 heading_error=-0.000 linear=0.350 angular=-0.000 ,False
37.7,1,4.0,0.0,0.0,2.7822128460448905,-0.07837493735947454,0.06447418537266028,1.220306593911623,TRACKING distance=1.222 heading_error=-0.000 linear=0.350 angular=-0.000 ,False
37.800000000000004,1,4.0,0.0,0.0,2.801356602448536,-0.077112325592845,0.06456995731782134,1.2011212700023481,TRACKING distance=1.203 heading_error=-0.000 linear=0.350 angular=-0.000 ,False
37.800000000000004,1,4.0,0.0,0.0,2.801356602448536,-0.077112325592845,0.06456995731782134,1.2011212700023481,TRACKING distance=1.203 heading_error=-0.000 linear=0.350 angular=-0.000 ,False
37.900000000000006,1,4.0,0.0,0.0,2.820493969208418,-0.07584932540137601,0.06463822945029733,1.1819422984382768,TRACKING distance=1.184 heading_error=-0.000 linear=0.350 angular=-0.000 ,False
37.900000000000006,1,4.0,0.0,0.0,2.820493969208418,-0.07584932540137601,0.06463822945029733,1.1819422984382768,TRACKING distance=1.184 heading_error=-0.000 linear=0.350 angular=-0.000 ,False
38.0,1,4.0,0.0,0.0,2.839638538378638,-0.0745751581412848,0.06482268191628451,1.162755423908167,TRACKING distance=1.165 heading_error=-0.001 linear=0.350 angular=-0.001 ,False
38.0,1,4.0,0.0,0.0,2.839638538378638,-0.0745751581412848,0.06482268191628451,1.162755423908167,TRACKING distance=1.165 heading_error=-0.001 linear=0.350 angular=-0.001 ,False
38.1,1,4.0,0.0,0.0,2.858776018334283,-0.07327411408663195,0.06505589717087344,1.1435739032192598,TRACKING distance=1.145 heading_error=-0.001 linear=0.350 angular=-0.001 ,False
38.1,1,4.0,0.0,0.0,2.858776018334283,-0.07327411408663195,0.06505589717087344,1.1435739032192598,TRACKING distance=1.145 heading_error=-0.001 linear=0.350 angular=-0.001 ,False
38.2,1,4.0,0.0,0.0,2.8779121709807614,-0.07200769875747534,0.06530876225004455,1.1243959288050875,TRACKING distance=1.126 heading_error=-0.001 linear=0.350 angular=-0.001 ,False
38.2,1,4.0,0.0,0.0,2.8779121709807614,-0.07200769875747534,0.06530876225004455,1.1243959288050875,TRACKING distance=1.126 heading_error=-0.001 linear=0.350 angular=-0.001 ,False
38.300000000000004,1,4.0,0.0,0.0,2.8970561432381743,-0.07073178259955298,0.06539801724743276,1.1052095440405685,TRACKING distance=1.107 heading_error=-0.001 linear=0.350 angular=-0.002 ,False
38.300000000000004,1,4.0,0.0,0.0,2.8970561432381743,-0.07073178259955298,0.06539801724743276,1.1052095440405685,TRACKING distance=1.107 heading_error=-0.001 linear=0.350 angular=-0.002 ,False
38.400000000000006,1,4.0,0.0,0.0,2.9161951817121716,-0.0694543858918543,0.06540480178592094,1.0860279903683547,TRACKING distance=1.088 heading_error=-0.001 linear=0.350 angular=-0.002 ,False
38.400000000000006,1,4.0,0.0,0.0,2.9161951817121716,-0.0694543858918543,0.06540480178592094,1.0860279903683547,TRACKING distance=1.088 heading_error=-0.001 linear=0.350 angular=-0.002 ,False
38.5,1,4.0,0.0,0.0,2.93532980678638,-0.06818318402841991,0.06542430490805304,1.0668512393496015,TRACKING distance=1.069 heading_error=-0.001 linear=0.350 angular=-0.002 ,False
38.5,1,4.0,0.0,0.0,2.93532980678638,-0.06818318402841991,0.06542430490805304,1.0668512393496015,TRACKING distance=1.069 heading_error=-0.001 linear=0.350 angular=-0.002 ,False
38.6,1,4.0,0.0,0.0,2.9544759877721662,-0.06690911250153332,0.06546944618741975,1.0476627746945724,TRACKING distance=1.050 heading_error=-0.002 linear=0.350 angular=-0.002 ,False
38.6,1,4.0,0.0,0.0,2.9544759877721662,-0.06690911250153332,0.06546944618741975,1.0476627746945724,TRACKING distance=1.048 heading_error=-0.002 linear=0.350 angular=-0.002 ,False
38.7,1,4.0,0.0,0.0,2.973607431466064,-0.0656067371385023,0.06559565238002385,1.0284872136782504,TRACKING distance=1.030 heading_error=-0.002 linear=0.350 angular=-0.002 ,False
38.7,1,4.0,0.0,0.0,2.973607431466064,-0.0656067371385023,0.06559565238002385,1.0284872136782504,TRACKING distance=1.030 heading_error=-0.002 linear=0.350 angular=-0.002 ,False
38.800000000000004,1,4.0,0.0,0.0,2.992751927865637,-0.06430765819761727,0.06573329158519182,1.0092988426235574,TRACKING distance=1.011 heading_error=-0.002 linear=0.350 angular=-0.002 ,False
38.800000000000004,1,4.0,0.0,0.0,2.992751927865637,-0.06430765819761727,0.06573329158519182,1.0092988426235574,TRACKING distance=1.011 heading_error=-0.002 linear=0.350 angular=-0.002 ,False
38.900000000000006,1,4.0,0.0,0.0,3.01189104678066,-0.06301880687850973,0.06576815530435458,0.9901164948896723,TRACKING distance=0.992 heading_error=-0.002 linear=0.350 angular=-0.002 ,False
38.900000000000006,1,4.0,0.0,0.0,3.01189104678066,-0.06301880687850973,0.06576815530435458,0.9901164948896723,TRACKING distance=0.992 heading_error=-0.002 linear=0.350 angular=-0.002 ,False
39.0,1,4.0,0.0,0.0,3.031037067663354,-0.061733394375563105,0.0657488992164689,0.9709274824741343,TRACKING distance=0.973 heading_error=-0.002 linear=0.350 angular=-0.003 ,False
39.0,1,4.0,0.0,0.0,3.031037067663354,-0.061733394375563105,0.0657488992164689,0.9709274824741343,TRACKING distance=0.971 heading_error=-0.002 linear=0.350 angular=-0.003 ,False
39.1,1,4.0,0.0,0.0,3.050179956477205,-0.06042925722502137,0.06570445867913446,0.9517404111449781,TRACKING distance=0.954 heading_error=-0.002 linear=0.350 angular=-0.003 ,False
39.1,1,4.0,0.0,0.0,3.050179956477205,-0.06042925722502137,0.06570445867913446,0.9517404111449781,TRACKING distance=0.954 heading_error=-0.002 linear=0.350 angular=-0.003 ,False
39.2,1,4.0,0.0,0.0,3.0693164872135954,-0.059134516890069225,0.06580063524983425,0.9325602887000194,TRACKING distance=0.934 heading_error=-0.002 linear=0.350 angular=-0.003 ,False
39.2,1,4.0,0.0,0.0,3.0693164872135954,-0.059134516890069225,0.06580063524983425,0.9325602887000194,TRACKING distance=0.934 heading_error=-0.002 linear=0.350 angular=-0.003 ,False
39.300000000000004,1,4.0,0.0,0.0,3.088459170285673,-0.05783822563520316,0.06582053345851203,0.9133739346953758,TRACKING distance=0.915 heading_error=-0.002 linear=0.350 angular=-0.003 ,False
39.300000000000004,1,4.0,0.0,0.0,3.088459170285673,-0.05783822563520316,0.06582053345851203,0.9133739346953758,TRACKING distance=0.915 heading_error=-0.002 linear=0.350 angular=-0.003 ,False
39.400000000000006,1,4.0,0.0,0.0,3.1076033951211843,-0.05654739213395698,0.06570247428111331,0.8941863944147151,TRACKING distance=0.894 heading_error=-0.002 linear=0.350 angular=-0.003 ,False
39.400000000000006,1,4.0,0.0,0.0,3.1076033951211843,-0.05654739213395698,0.06570247428111331,0.8941863944147151,TRACKING distance=0.894 heading_error=-0.002 linear=0.350 angular=-0.003 ,False
39.5,1,4.0,0.0,0.0,3.1267542347812176,-0.05526974655102672,0.06553161383959931,0.874993092176362,TRACKING distance=0.877 heading_error=-0.002 linear=0.350 angular=-0.003 ,False
39.5,1,4.0,0.0,0.0,3.1267542347812176,-0.05526974655102672,0.06553161383959931,0.874993092176362,TRACKING distance=0.877 heading_error=-0.002 linear=0.350 angular=-0.003 ,False
39.6,1,4.0,0.0,0.0,3.1459018033973547,-0.053982944983420135,0.06534339010136697,0.8558024817614015,TRACKING distance=0.858 heading_error=-0.002 linear=0.350 angular=-0.003 ,False
39.6,1,4.0,0.0,0.0,3.1459018033973547,-0.053982944983420135,0.06534339010136697,0.8558024817614015,TRACKING distance=0.858 heading_error=-0.002 linear=0.350 angular=-0.003 ,False
39.7,1,4.0,0.0,0.0,3.165049626488531,-0.05269811513232601,0.06514941470343524,0.8366117484027112,TRACKING distance=0.839 heading_error=-0.002 linear=0.350 angular=-0.003 ,False
39.7,1,4.0,0.0,0.0,3.165049626488531,-0.05269811513232601,0.06514941470343524,0.8366117484027112,TRACKING distance=0.839 heading_error=-0.002 linear=0.350 angular=-0.003 ,False
39.800000000000004,1,4.0,0.0,0.0,3.1841965080564405,-0.05142207542046708,0.06493732793039175,0.8174225145589358,TRACKING distance=0.819 heading_error=-0.002 linear=0.350 angular=-0.002 ,False
39.800000000000004,1,4.0,0.0,0.0,3.1841965080564405,-0.05142207542046708,0.06493732793039175,0.8174225145589358,TRACKING distance=0.819 heading_error=-0.002 linear=0.350 angular=-0.002 ,False
39.900000000000006,1,4.0,0.0,0.0,3.203343936006841,-0.050147147359079,0.0647594627092979,0.7982328110804048,TRACKING distance=0.798 heading_error=-0.002 linear=0.350 angular=-0.002 ,False
39.900000000000006,1,4.0,0.0,0.0,3.203343936006841,-0.050147147359079,0.0647594627092979,0.7982328110804048,TRACKING distance=0.798 heading_error=-0.002 linear=0.350 angular=-0.002 ,False
40.0,1,4.0,0.0,0.0,3.222487927167037,-0.04886964532027604,0.0646828882409691,0.779046382210161,TRACKING distance=0.781 heading_error=-0.002 linear=0.350 angular=-0.002 ,False
40.0,1,4.0,0.0,0.0,3.222487927167037,-0.04886964532027604,0.0646828882409691,0.779046382210161,TRACKING distance=0.779 heading_error=-0.002 linear=0.350 angular=-0.002 ,False
40.1,1,4.0,0.0,0.0,3.24162924531025,-0.04757701801033788,0.06470538867242134,0.7598616809732263,TRACKING distance=0.762 heading_error=-0.002 linear=0.350 angular=-0.002 ,False
40.1,1,4.0,0.0,0.0,3.24162924531025,-0.04757701801033788,0.06470538867242134,0.7598616809732263,TRACKING distance=0.760 heading_error=-0.002 linear=0.350 angular=-0.002 ,False
40.2,1,4.0,0.0,0.0,3.260771291275276,-0.04629731209939163,0.06472550066496446,0.7406770719486674,TRACKING distance=0.743 heading_error=-0.002 linear=0.350 angular=-0.003 ,False
40.2,1,4.0,0.0,0.0,3.260771291275276,-0.04629731209939163,0.06472550066496446,0.7406770719486674,TRACKING distance=0.743 heading_error=-0.002 linear=0.350 angular=-0.003 ,False
40.300000000000004,1,4.0,0.0,0.0,3.2799088251428343,-0.04500696496713677,0.06470956892126199,0.7214963111497703,TRACKING distance=0.723 heading_error=-0.002 linear=0.350 angular=-0.003 ,False
40.300000000000004,1,4.0,0.0,0.0,3.2799088251428343,-0.04500696496713677,0.06470956892126199,0.7214963111497703,TRACKING distance=0.723 heading_error=-0.002 linear=0.350 angular=-0.003 ,False
40.400000000000006,1,4.0,0.0,0.0,3.29904739018034,-0.04372977842534264,0.06470561084329875,0.7023153527683431,TRACKING distance=0.704 heading_error=-0.002 linear=0.350 angular=-0.003 ,False
40.400000000000006,1,4.0,0.0,0.0,3.29904739018034,-0.04372977842534264,0.06470561084329875,0.7023153527683431,TRACKING distance=0.704 heading_error=-0.002 linear=0.350 angular=-0.003 ,False
40.5,1,4.0,0.0,0.0,3.31627019745983,-0.04256380555900068,0.06473289735163734,0.685053370494069,TRACKING distance=0.685 heading_error=-0.003 linear=0.350 angular=-0.003 ,False
40.5,1,4.0,0.0,0.0,3.31627019745983,-0.04256380555900068,0.06473289735163734,0.685053370494069,TRACKING distance=0.685 heading_error=-0.003 linear=0.350 angular=-0.003 ,False
40.6,1,4.0,0.0,0.0,3.337320209914862,-0.04115737647297091,0.0647622698154123,0.6639566505619328,TRACKING distance=0.666 heading_error=-0.003 linear=0.350 angular=-0.003 ,False
40.6,1,4.0,0.0,0.0,3.337320209914862,-0.04115737647297091,0.0647622698154123,0.6639566505619328,TRACKING distance=0.666 heading_error=-0.003 linear=0.350 angular=-0.003 ,False
40.7,1,4.0,0.0,0.0,3.356459100300955,-0.03985718584605917,0.06475919611723585,0.6447739796618838,TRACKING distance=0.647 heading_error=-0.003 linear=0.350 angular=-0.003 ,False
40.7,1,4.0,0.0,0.0,3.356459100300955,-0.03985718584605917,0.06475919611723585,0.6447739796618838,TRACKING distance=0.647 heading_error=-0.003 linear=0.350 angular=-0.003 ,False
40.800000000000004,1,4.0,0.0,0.0,3.375599450878621,-0.03857283461235089,0.06468795671414196,0.6255908481692419,TRACKING distance=0.628 heading_error=-0.003 linear=0.345 angular=-0.004 ,False
40.800000000000004,1,4.0,0.0,0.0,3.375599450878621,-0.03857283461235089,0.06468795671414196,0.6255908481692419,TRACKING distance=0.626 heading_error=-0.003 linear=0.344 angular=-0.004 ,False
40.900000000000006,1,4.0,0.0,0.0,3.3947367746829755,-0.03729171355432111,0.064584868059482,0.606410952919705,TRACKING distance=0.608 heading_error=-0.003 linear=0.335 angular=-0.004 ,False
40.900000000000006,1,4.0,0.0,0.0,3.3947367746829755,-0.03729171355432111,0.064584868059482,0.606410952919705,TRACKING distance=0.606 heading_error=-0.003 linear=0.334 angular=-0.004 ,False
41.0,1,4.0,0.0,0.0,3.4138742951224,-0.03601304097039991,0.06442664684322848,0.5872310286745746,TRACKING distance=0.589 heading_error=-0.003 linear=0.324 angular=-0.004 ,False
41.0,1,4.0,0.0,0.0,3.4138742951224,-0.03601304097039991,0.06442664684322848,0.5872310286745746,TRACKING distance=0.587 heading_error=-0.003 linear=0.323 angular=-0.004 ,False
41.1,1,4.0,0.0,0.0,3.433012304611663,-0.03474001793499265,0.06421400636123976,0.5680509797262047,TRACKING distance=0.570 heading_error=-0.003 linear=0.313 angular=-0.004 ,False
41.1,1,4.0,0.0,0.0,3.433012304611663,-0.03474001793499265,0.06421400636123976,0.5680509797262047,TRACKING distance=0.568 heading_error=-0.003 linear=0.312 angular=-0.004 ,False
41.2,1,4.0,0.0,0.0,3.4521518717129838,-0.03347358458986641,0.06396638098631177,0.548869795609926,TRACKING distance=0.551 heading_error=-0.003 linear=0.303 angular=-0.004 ,False
41.2,1,4.0,0.0,0.0,3.4521518717129838,-0.03347358458986641,0.06396638098631177,0.548869795609926,TRACKING distance=0.551 heading_error=-0.003 linear=0.303 angular=-0.004 ,False
41.300000000000004,1,4.0,0.0,0.0,3.4712904666214217,-0.03221383658315202,0.0637091458673438,0.5296900055247409,TRACKING distance=0.530 heading_error=-0.003 linear=0.291 angular=-0.003 ,False
41.300000000000004,1,4.0,0.0,0.0,3.4712904666214217,-0.03221383658315202,0.0637091458673438,0.5296900055247409,TRACKING distance=0.530 heading_error=-0.003 linear=0.291 angular=-0.003 ,False
41.400000000000006,1,4.0,0.0,0.0,3.4904260556739284,-0.030951997788829917,0.06344260006170206,0.5105131055155686,TRACKING distance=0.512 heading_error=-0.003 linear=0.282 angular=-0.003 ,False
41.400000000000006,1,4.0,0.0,0.0,3.4904260556739284,-0.030951997788829917,0.06344260006170206,0.5105131055155686,TRACKING distance=0.512 heading_error=-0.003 linear=0.282 angular=-0.003 ,False
41.5,1,4.0,0.0,0.0,3.5095623981706203,-0.02970323489459435,0.0631352311516102,0.49133626311453604,TRACKING distance=0.493 heading_error=-0.003 linear=0.271 angular=-0.003 ,False
41.5,1,4.0,0.0,0.0,3.5095623981706203,-0.02970323489459435,0.0631352311516102,0.49133626311453604,TRACKING distance=0.493 heading_error=-0.003 linear=0.271 angular=-0.003 ,False
41.6,1,4.0,0.0,0.0,3.528699148268244,-0.028459125965097875,0.06284555341445511,0.472159310713848,TRACKING distance=0.474 heading_error=-0.003 linear=0.261 angular=-0.003 ,False
41.6,1,4.0,0.0,0.0,3.528699148268244,-0.028459125965097875,0.06284555341445511,0.472159310713848,TRACKING distance=0.474 heading_error=-0.003 linear=0.261 angular=-0.003 ,False
41.7,1,4.0,0.0,0.0,3.5478387105242604,-0.02723209498159946,0.06256312355000183,0.45298059417313946,TRACKING distance=0.455 heading_error=-0.002 linear=0.250 angular=-0.003 ,False
41.7,1,4.0,0.0,0.0,3.5478387105242604,-0.02723209498159946,0.06256312355000183,0.45298059417313946,TRACKING distance=0.453 heading_error=-0.002 linear=0.249 angular=-0.003 ,False
41.800000000000004,1,4.0,0.0,0.0,3.566979451734956,-0.026001706075171143,0.062269208898721964,0.4338005116854738,TRACKING distance=0.436 heading_error=-0.002 linear=0.240 angular=-0.003 ,False
41.800000000000004,1,4.0,0.0,0.0,3.566979451734956,-0.026001706075171143,0.062269208898721964,0.4338005116854738,TRACKING distance=0.436 heading_error=-0.002 linear=0.240 angular=-0.003 ,False
41.900000000000006,1,4.0,0.0,0.0,3.586121008154394,-0.024784857198068656,0.06195980612235127,0.4146204397246521,TRACKING distance=0.417 heading_error=-0.002 linear=0.229 angular=-0.003 ,False
41.900000000000006,1,4.0,0.0,0.0,3.586121008154394,-0.024784857198068656,0.06195980612235127,0.4146204397246521,TRACKING distance=0.415 heading_error=-0.002 linear=0.228 angular=-0.003 ,False
42.0,1,4.0,0.0,0.0,3.6052582003572344,-0.023559806525247275,0.061724630784057426,0.3954442474846693,TRACKING distance=0.397 heading_error=-0.002 linear=0.219 angular=-0.003 ,False
42.0,1,4.0,0.0,0.0,3.6052582003572344,-0.023559806525247275,0.061724630784057426,0.3954442474846693,TRACKING distance=0.395 heading_error=-0.002 linear=0.217 angular=-0.003 ,False
42.1,1,4.0,0.0,0.0,3.62248909268196,-0.02247852699484943,0.061566784208394704,0.3781795464061321,TRACKING distance=0.378 heading_error=-0.002 linear=0.208 angular=-0.003 ,False
42.1,1,4.0,0.0,0.0,3.624401487928493,-0.022358932954762645,0.06155607481444419,0.37626342388439193,TRACKING distance=0.378 heading_error=-0.002 linear=0.208 angular=-0.003 ,False
42.2,1,4.0,0.0,0.0,3.6435419874425397,-0.02115901131389028,0.06146677889426066,0.3570854498242625,TRACKING distance=0.359 heading_error=-0.002 linear=0.197 angular=-0.003 ,False
42.2,1,4.0,0.0,0.0,3.6435419874425397,-0.02115901131389028,0.06146677889426066,0.3570854498242625,TRACKING distance=0.357 heading_error=-0.002 linear=0.196 angular=-0.003 ,False
42.300000000000004,1,4.0,0.0,0.0,3.6626873698375486,-0.01996588879996113,0.06129055388057481,0.33790301446226123,TRACKING distance=0.340 heading_error=-0.002 linear=0.187 angular=-0.003 ,False
42.300000000000004,1,4.0,0.0,0.0,3.6626873698375486,-0.01996588879996113,0.06129055388057481,0.33790301446226123,TRACKING distance=0.338 heading_error=-0.002 linear=0.186 angular=-0.003 ,False
42.400000000000006,1,4.0,0.0,0.0,3.6799122022226025,-0.018882768003791343,0.061137377545917346,0.3206442845482656,TRACKING distance=0.321 heading_error=-0.002 linear=0.176 angular=-0.003 ,False
42.400000000000006,1,4.0,0.0,0.0,3.6799122022226025,-0.018882768003791343,0.061137377545917346,0.3206442845482656,TRACKING distance=0.321 heading_error=-0.002 linear=0.176 angular=-0.003 ,False
42.5,1,4.0,0.0,0.0,3.7009727209091134,-0.0175655109998396,0.06091724175994299,0.2995427529037958,TRACKING distance=0.301 heading_error=-0.002 linear=0.166 angular=-0.003 ,False
42.5,1,4.0,0.0,0.0,3.7009727209091134,-0.0175655109998396,0.06091724175994299,0.2995427529037958,TRACKING distance=0.300 heading_error=-0.002 linear=0.165 angular=-0.003 ,False
42.6,1,4.0,0.0,0.0,3.7201092452923454,-0.016363349954019446,0.06075550966913101,0.28036867477044963,TRACKING distance=0.282 heading_error=-0.002 linear=0.155 angular=-0.003 ,False
42.6,1,4.0,0.0,0.0,3.7201092452923454,-0.016363349954019446,0.06075550966913101,0.28036867477044963,TRACKING distance=0.282 heading_error=-0.002 linear=0.155 angular=-0.003 ,False
42.7,1,4.0,0.0,0.0,3.739256777163266,-0.015158357114423928,0.06068735918978471,0.26118346817073856,TRACKING distance=0.263 heading_error=-0.003 linear=0.145 angular=-0.003 ,False
42.7,1,4.0,0.0,0.0,3.739256777163266,-0.015158357114423928,0.06068735918978471,0.26118346817073856,TRACKING distance=0.263 heading_error=-0.003 linear=0.145 angular=-0.003 ,False
42.800000000000004,1,4.0,0.0,0.0,3.758393668569666,-0.013951403889801752,0.060608791697002305,0.24200880367813213,ARRIVED distance=0.244 yaw_error=-0.061,True
42.800000000000004,1,4.0,0.0,0.0,3.758393668569666,-0.013951403889801752,0.060608791697002305,0.24200880367813213,ARRIVED distance=0.244 yaw_error=-0.061,True
42.900000000000006,1,4.0,0.0,0.0,3.775616665468907,-0.012868119891720632,0.06058059838279323,0.2247520173988214,ARRIVED distance=0.225 yaw_error=-0.061,True
42.900000000000006,1,4.0,0.0,0.0,3.7775345815792365,-0.012750537586264524,0.06058673829042074,0.2228305154189258,ARRIVED distance=0.225 yaw_error=-0.061,True
43.0,1,4.0,0.0,0.0,3.7915475972775745,-0.012201335819810939,0.06726862786388466,0.20880918752904543,ARRIVED distance=0.210 yaw_error=-0.066,True
43.0,1,4.0,0.0,0.0,3.7915475972775745,-0.012201335819810939,0.06726862786388466,0.20880918752904543,ARRIVED distance=0.209 yaw_error=-0.067,True
43.0,1,4.0,0.0,0.0,3.7915475972775745,-0.012201335819810939,0.06726862786388466,0.20880918752904543,GOAL_RECEIVED frame=odom x=4.000 y=0.000,False
43.1,1,4.0,0.0,0.0,3.7924310955605773,-0.011827538400595987,0.07747702619011308,0.2079056053953326,ARRIVED distance=0.208 yaw_error=-0.077,True
43.1,1,4.0,0.0,0.0,3.7924310955605773,-0.011827538400595987,0.07747702619011308,0.2079056053953326,ARRIVED distance=0.208 yaw_error=-0.077,True
43.2,1,4.0,0.0,0.0,3.792437673074503,-0.01181339546824021,0.07749352364095567,0.20789823441101177,ARRIVED distance=0.208 yaw_error=-0.077,True
43.2,1,4.0,0.0,0.0,3.792437673074503,-0.01181339546824021,0.07749352364095567,0.20789823441101177,ARRIVED distance=0.208 yaw_error=-0.077,True
43.300000000000004,1,4.0,0.0,0.0,3.7924406246379703,-0.011818004937268606,0.07750011101970523,0.2078955495949186,ARRIVED distance=0.208 yaw_error=-0.078,True
43.300000000000004,1,4.0,0.0,0.0,3.7924406246379703,-0.011818004937268606,0.07750011101970523,0.2078955495949186,ARRIVED distance=0.208 yaw_error=-0.078,True
43.400000000000006,1,4.0,0.0,0.0,3.792441221908864,-0.011816813295328321,0.07749806361311722,0.20789488555311342,ARRIVED distance=0.208 yaw_error=-0.077,True
43.400000000000006,1,4.0,0.0,0.0,3.792441221908864,-0.011816813295328321,0.07749806361311722,0.20789488555311342,ARRIVED distance=0.208 yaw_error=-0.077,True
43.5,1,4.0,0.0,0.0,3.7924395375021014,-0.011817507644346303,0.07748942086661144,0.2078966067045486,ARRIVED distance=0.208 yaw_error=-0.077,True
43.5,1,4.0,0.0,0.0,3.7924395375021014,-0.011817507644346303,0.07748942086661144,0.2078966067045486,ARRIVED distance=0.208 yaw_error=-0.077,True
43.6,1,4.0,0.0,0.0,3.7924375773570254,-0.011818385852476824,0.07748579327911032,0.2078986136018681,ARRIVED distance=0.208 yaw_error=-0.077,True
43.6,1,4.0,0.0,0.0,3.7924375773570254,-0.011818385852476824,0.07748579327911032,0.2078986136018681,ARRIVED distance=0.208 yaw_error=-0.077,True
43.7,1,4.0,0.0,0.0,3.792435261828917,-0.011818296595593783,0.07748782097424828,0.2079009203116996,ARRIVED distance=0.208 yaw_error=-0.077,True
43.7,1,4.0,0.0,0.0,3.792435261828917,-0.011818296595593783,0.07748782097424828,0.2079009203116996,ARRIVED distance=0.208 yaw_error=-0.077,True
43.800000000000004,1,4.0,0.0,0.0,3.792432849143277,-0.011818254914016637,0.07748804671349722,0.20790332672660713,ARRIVED distance=0.208 yaw_error=-0.077,True
43.800000000000004,1,11.0,0.0,0.0,3.792432849143277,-0.011818254914016637,0.07748804671349722,7.207576840052288,ARRIVED distance=0.208 yaw_error=-0.077,True
43.800000000000004,1,11.0,0.0,0.0,3.792432849143277,-0.011818254914016637,0.07748804671349722,7.207576840052288,GOAL_RECEIVED frame=odom x=11.000 y=0.000,False
43.900000000000006,1,11.0,0.0,0.0,3.7924305207343827,-0.011818468040629875,0.07748692297056986,7.207579168807517,TRACKING distance=7.208 heading_error=-0.076 linear=0.350 angular=-0.091 ,False
43.900000000000006,1,11.0,0.0,0.0,3.7924305207343827,-0.011818468040629875,0.07748692297056986,7.207579168807517,TRACKING distance=7.208 heading_error=-0.076 linear=0.350 angular=-0.091 ,False
44.0,1,11.0,0.0,0.0,3.792428216921083,-0.011818719571636351,0.07748855099287515,7.207581473030167,TRACKING distance=7.208 heading_error=-0.076 linear=0.350 angular=-0.091 ,False
44.0,1,11.0,0.0,0.0,3.792428216921083,-0.011818719571636351,0.07748855099287515,7.207581473030167,TRACKING distance=7.208 heading_error=-0.076 linear=0.350 angular=-0.091 ,False
44.1,1,11.0,0.0,0.0,3.7924259147809116,-0.011818838750213539,0.0774884023394993,7.207583775362668,TRACKING distance=7.208 heading_error=-0.076 linear=0.350 angular=-0.091 ,False
44.1,1,11.0,0.0,0.0,3.7924259147809116,-0.011818838750213539,0.0774884023394993,7.207583775362668,TRACKING distance=7.208 heading_error=-0.076 linear=0.350 angular=-0.091 ,False
44.2,1,11.0,0.0,0.0,3.799541154697602,-0.01124127029294556,0.07756000691106489,7.200467620165467,TRACKING distance=7.202 heading_error=-0.076 linear=0.350 angular=-0.091 ,False
44.2,1,11.0,0.0,0.0,3.799541154697602,-0.01124127029294556,0.07756000691106489,7.200467620165467,TRACKING distance=7.202 heading_error=-0.076 linear=0.350 angular=-0.091 ,False
44.300000000000004,1,11.0,0.0,0.0,3.81840085638817,-0.00977703412249635,0.07559300392035004,7.1816057988393105,TRACKING distance=7.184 heading_error=-0.075 linear=0.350 angular=-0.090 ,False
44.300000000000004,1,11.0,0.0,0.0,3.81840085638817,-0.00977703412249635,0.07559300392035004,7.1816057988393105,TRACKING distance=7.184 heading_error=-0.075 linear=0.350 angular=-0.090 ,False
44.400000000000006,1,11.0,0.0,0.0,3.8374233784410476,-0.008342883800573412,0.07164078339506381,7.162581480403065,TRACKING distance=7.164 heading_error=-0.071 linear=0.350 angular=-0.085 ,False
44.400000000000006,1,11.0,0.0,0.0,3.8374233784410476,-0.008342883800573412,0.07164078339506381,7.162581480403065,TRACKING distance=7.164 heading_error=-0.071 linear=0.350 angular=-0.085 ,False
44.5,1,11.0,0.0,0.0,3.856790273397538,-0.007082075945870227,0.06518692840989021,7.143213237334283,TRACKING distance=7.145 heading_error=-0.065 linear=0.350 angular=-0.078 ,False
44.5,1,11.0,0.0,0.0,3.856790273397538,-0.007082075945870227,0.06518692840989021,7.143213237334283,TRACKING distance=7.143 heading_error=-0.064 linear=0.350 angular=-0.077 ,False
44.6,1,11.0,0.0,0.0,3.876008956719629,-0.0058174023684500545,0.05932612336865947,7.123993418505472,TRACKING distance=7.126 heading_error=-0.059 linear=0.350 angular=-0.071 ,False
44.6,1,11.0,0.0,0.0,3.876008956719629,-0.0058174023684500545,0.05932612336865947,7.123993418505472,TRACKING distance=7.124 heading_error=-0.059 linear=0.350 angular=-0.070 ,False
44.7,1,11.0,0.0,0.0,3.8951936298764127,-0.004626803007057094,0.05494449330206758,7.104807876660336,TRACKING distance=7.107 heading_error=-0.055 linear=0.350 angular=-0.066 ,False
44.7,1,11.0,0.0,0.0,3.8951936298764127,-0.004626803007057094,0.05494449330206758,7.104807876660336,TRACKING distance=7.105 heading_error=-0.054 linear=0.350 angular=-0.065 ,False
44.800000000000004,1,11.0,0.0,0.0,3.912520656594071,-0.003766065522466733,0.04797184693741052,7.087480343990752,TRACKING distance=7.087 heading_error=-0.047 linear=0.350 angular=-0.057 ,False
44.800000000000004,1,11.0,0.0,0.0,3.912520656594071,-0.003766065522466733,0.04797184693741052,7.087480343990752,TRACKING distance=7.087 heading_error=-0.047 linear=0.350 angular=-0.057 ,False
44.900000000000006,1,11.0,0.0,0.0,3.9336236105209275,-0.0028372069796105633,0.042856499111061375,7.066376959059766,TRACKING distance=7.066 heading_error=-0.042 linear=0.350 angular=-0.051 ,False
44.900000000000006,1,11.0,0.0,0.0,3.9336236105209275,-0.0028372069796105633,0.042856499111061375,7.066376959059766,TRACKING distance=7.066 heading_error=-0.042 linear=0.350 angular=-0.051 ,False
45.0,1,11.0,0.0,0.0,3.952848626176427,-0.0019790553543527246,0.03954117592862953,7.047151651713163,TRACKING distance=7.049 heading_error=-0.040 linear=0.350 angular=-0.048 ,False
45.0,1,11.0,0.0,0.0,3.952848626176427,-0.0019790553543527246,0.03954117592862953,7.047151651713163,TRACKING distance=7.049 heading_error=-0.040 linear=0.350 angular=-0.048 ,False
45.1,1,11.0,0.0,0.0,3.972105644235696,-0.0012019491390298084,0.03458522995536559,7.027894458546279,TRACKING distance=7.030 heading_error=-0.035 linear=0.350 angular=-0.042 ,False
45.1,1,11.0,0.0,0.0,3.972105644235696,-0.0012019491390298084,0.03458522995536559,7.027894458546279,TRACKING distance=7.030 heading_error=-0.035 linear=0.350 angular=-0.042 ,False
45.2,1,11.0,0.0,0.0,3.9913414797811546,-0.0005269642073095374,0.02927557121342345,7.008658540029432,TRACKING distance=7.011 heading_error=-0.030 linear=0.350 angular=-0.036 ,False
45.2,1,11.0,0.0,0.0,3.9913414797811546,-0.0005269642073095374,0.02927557121342345,7.008658540029432,TRACKING distance=7.011 heading_error=-0.030 linear=0.350 angular=-0.036 ,False
45.300000000000004,1,11.0,0.0,0.0,4.010530994923432,-5.5520741934274865e-05,0.025463683613253133,6.9894690052970825,TRACKING distance=6.991 heading_error=-0.026 linear=0.350 angular=-0.031 ,False
45.300000000000004,1,11.0,0.0,0.0,4.010530994923432,-5.5520741934274865e-05,0.025463683613253133,6.9894690052970825,TRACKING distance=6.991 heading_error=-0.026 linear=0.350 angular=-0.031 ,False
45.400000000000006,1,11.0,0.0,0.0,4.029713452297603,0.00045554724244988015,0.02328498761865709,6.9702865625886785,TRACKING distance=6.972 heading_error=-0.023 linear=0.350 angular=-0.028 ,False
45.400000000000006,1,11.0,0.0,0.0,4.029713452297603,0.00045554724244988015,0.02328498761865709,6.9702865625886785,TRACKING distance=6.972 heading_error=-0.023 linear=0.350 angular=-0.028 ,False
45.5,1,11.0,0.0,0.0,4.048974059105261,0.000919827763763492,0.02191389748865587,6.951026001755043,TRACKING distance=6.953 heading_error=-0.022 linear=0.350 angular=-0.027 ,False
45.5,1,11.0,0.0,0.0,4.048974059105261,0.000919827763763492,0.02191389748865587,6.951026001755043,TRACKING distance=6.953 heading_error=-0.022 linear=0.350 angular=-0.027 ,False
45.6,1,11.0,0.0,0.0,4.068185620125814,0.0013840051894045506,0.020355556675849106,6.931814518039335,TRACKING distance=6.934 heading_error=-0.021 linear=0.350 angular=-0.025 ,False
45.6,1,11.0,0.0,0.0,4.068185620125814,0.0013840051894045506,0.020355556675849106,6.931814518039335,TRACKING distance=6.932 heading_error=-0.021 linear=0.350 angular=-0.025 ,False
45.7,1,11.0,0.0,0.0,4.08738927501569,0.0017734355026959286,0.017440823773822244,6.912610952472415,TRACKING distance=6.915 heading_error=-0.018 linear=0.350 angular=-0.022 ,False
45.7,1,11.0,0.0,0.0,4.08738927501569,0.0017734355026959286,0.017440823773822244,6.912610952472415,TRACKING distance=6.913 heading_error=-0.018 linear=0.350 angular=-0.021 ,False
45.800000000000004,1,11.0,0.0,0.0,4.106581899959492,0.002056920043843094,0.014555112478301293,6.893418406921645,TRACKING distance=6.895 heading_error=-0.015 linear=0.350 angular=-0.018 ,False
45.800000000000004,1,11.0,0.0,0.0,4.106581899959492,0.002056920043843094,0.014555112478301293,6.893418406921645,TRACKING distance=6.895 heading_error=-0.015 linear=0.350 angular=-0.018 ,False
45.900000000000006,1,11.0,0.0,0.0,4.125780435673989,0.0023226318414758516,0.011775059801365544,6.874219956706445,TRACKING distance=6.876 heading_error=-0.012 linear=0.350 angular=-0.015 ,False
45.900000000000006,1,11.0,0.0,0.0,4.125780435673989,0.0023226318414758516,0.011775059801365544,6.874219956706445,TRACKING distance=6.876 heading_error=-0.012 linear=0.350 angular=-0.015 ,False
46.0,1,11.0,0.0,0.0,4.144987001002586,0.0025640040200356484,0.009388696856886303,6.855013478509005,TRACKING distance=6.857 heading_error=-0.010 linear=0.350 angular=-0.012 ,False
46.0,1,11.0,0.0,0.0,4.144987001002586,0.0025640040200356484,0.009388696856886303,6.855013478509005,TRACKING distance=6.857 heading_error=-0.010 linear=0.350 angular=-0.012 ,False
46.1,1,11.0,0.0,0.0,4.164192946501703,0.0027665756216308794,0.0075759272836894405,6.835807613340046,TRACKING distance=6.838 heading_error=-0.008 linear=0.350 angular=-0.010 ,False
46.1,1,11.0,0.0,0.0,4.164192946501703,0.0027665756216308794,0.0075759272836894405,6.835807613340046,TRACKING distance=6.836 heading_error=-0.008 linear=0.350 angular=-0.010 ,False
46.2,1,11.0,0.0,0.0,4.183386096388908,0.002920251325835712,0.006345149092547344,6.816614529131881,TRACKING distance=6.819 heading_error=-0.007 linear=0.350 angular=-0.008 ,False
46.2,1,11.0,0.0,0.0,4.183386096388908,0.002920251325835712,0.006345149092547344,6.816614529131881,TRACKING distance=6.819 heading_error=-0.007 linear=0.350 angular=-0.008 ,False
46.300000000000004,1,11.0,0.0,0.0,4.202580615070256,0.003050782435956897,0.005799107576221572,6.797420069547867,TRACKING distance=6.799 heading_error=-0.006 linear=0.350 angular=-0.008 ,False
46.300000000000004,1,11.0,0.0,0.0,4.202580615070256,0.003050782435956897,0.005799107576221572,6.797420069547867,TRACKING distance=6.799 heading_error=-0.006 linear=0.350 angular=-0.008 ,False
46.400000000000006,1,11.0,0.0,0.0,4.221758908574189,0.003180695845070826,0.0054650290785175195,6.7782418376979905,TRACKING distance=6.778 heading_error=-0.006 linear=0.350 angular=-0.007 ,False
46.400000000000006,1,11.0,0.0,0.0,4.221758908574189,0.003180695845070826,0.0054650290785175195,6.7782418376979905,TRACKING distance=6.778 heading_error=-0.006 linear=0.350 angular=-0.007 ,False
46.5,1,11.0,0.0,0.0,4.240932759314982,0.0033285164114785566,0.005216872076631244,6.759068060252306,TRACKING distance=6.759 heading_error=-0.006 linear=0.350 angular=-0.007 ,False
46.5,1,11.0,0.0,0.0,4.240932759314982,0.0033285164114785566,0.005216872076631244,6.759068060252306,TRACKING distance=6.759 heading_error=-0.006 linear=0.350 angular=-0.007 ,False
46.6,1,11.0,0.0,0.0,4.260113001287375,0.0034461431970264724,0.0049344770030989695,6.739887879729039,TRACKING distance=6.742 heading_error=-0.005 linear=0.350 angular=-0.007 ,False
46.6,1,11.0,0.0,0.0,4.260113001287375,0.0034461431970264724,0.0049344770030989695,6.739887879729039,TRACKING distance=6.742 heading_error=-0.005 linear=0.350 angular=-0.007 ,False
46.7,1,11.0,0.0,0.0,4.27738181033925,0.003558734812613658,0.004780692977899008,6.722619131599755,TRACKING distance=6.723 heading_error=-0.005 linear=0.350 angular=-0.006 ,False
46.7,1,11.0,0.0,0.0,4.27738181033925,0.003558734812613658,0.004780692977899008,6.722619131599755,TRACKING distance=6.723 heading_error=-0.005 linear=0.350 angular=-0.006 ,False
46.800000000000004,1,11.0,0.0,0.0,4.298490640702116,0.0036645617717016754,0.004655428407180906,6.701510361237242,TRACKING distance=6.703 heading_error=-0.005 linear=0.350 angular=-0.006 ,False
46.800000000000004,1,11.0,0.0,0.0,4.298490640702116,0.0036645617717016754,0.004655428407180906,6.701510361237242,TRACKING distance=6.703 heading_error=-0.005 linear=0.350 angular=-0.006 ,False
46.900000000000006,1,11.0,0.0,0.0,4.317682085340643,0.003803377877591874,0.004519128298736113,6.682318997044414,TRACKING distance=6.684 heading_error=-0.005 linear=0.350 angular=-0.006 ,False
46.900000000000006,1,11.0,0.0,0.0,4.317682085340643,0.003803377877591874,0.004519128298736113,6.682318997044414,TRACKING distance=6.682 heading_error=-0.005 linear=0.350 angular=-0.006 ,False
47.0,1,11.0,0.0,0.0,4.336858420355848,0.0039123919300804106,0.004360840956144916,6.663142728262196,TRACKING distance=6.665 heading_error=-0.005 linear=0.350 angular=-0.006 ,False
47.0,1,11.0,0.0,0.0,4.336858420355848,0.0039123919300804106,0.004360840956144916,6.663142728262196,TRACKING distance=6.665 heading_error=-0.005 linear=0.350 angular=-0.006 ,False
47.1,1,11.0,0.0,0.0,4.3560563667780405,0.004030060641029486,0.0041075473887353725,6.643944855492058,TRACKING distance=6.646 heading_error=-0.005 linear=0.350 angular=-0.006 ,False
47.1,1,11.0,0.0,0.0,4.3560563667780405,0.004030060641029486,0.0041075473887353725,6.643944855492058,TRACKING distance=6.646 heading_error=-0.005 linear=0.350 angular=-0.006 ,False
47.2,1,11.0,0.0,0.0,4.375235045485806,0.004138773049659661,0.004024095070833974,6.624766247348038,TRACKING distance=6.627 heading_error=-0.005 linear=0.350 angular=-0.006 ,False
47.2,1,11.0,0.0,0.0,4.375235045485806,0.004138773049659661,0.004024095070833974,6.624766247348038,TRACKING distance=6.625 heading_error=-0.005 linear=0.350 angular=-0.006 ,False
47.300000000000004,1,11.0,0.0,0.0,4.394428182944199,0.0042385735258660085,0.0038863366933185074,6.605573176930781,TRACKING distance=6.607 heading_error=-0.005 linear=0.350 angular=-0.005 ,False
47.300000000000004,1,11.0,0.0,0.0,4.394428182944199,0.0042385735258660085,0.0038863366933185074,6.605573176930781,TRACKING distance=6.607 heading_error=-0.005 linear=0.350 angular=-0.005 ,False
47.400000000000006,1,11.0,0.0,0.0,4.4136094132787775,0.0043319937903941634,0.003825080947615451,6.586392011338235,TRACKING distance=6.588 heading_error=-0.005 linear=0.350 angular=-0.005 ,False
47.400000000000006,1,11.0,0.0,0.0,4.4136094132787775,0.0043319937903941634,0.003825080947615451,6.586392011338235,TRACKING distance=6.588 heading_error=-0.005 linear=0.350 angular=-0.005 ,False
47.5,1,11.0,0.0,0.0,4.432787333980754,0.004437140477399889,0.0036606928589851804,6.567214164997151,TRACKING distance=6.569 heading_error=-0.004 linear=0.350 angular=-0.005 ,False
47.5,1,11.0,0.0,0.0,4.432787333980754,0.004437140477399889,0.0036606928589851804,6.567214164997151,TRACKING distance=6.569 heading_error=-0.004 linear=0.350 angular=-0.005 ,False
47.6,1,11.0,0.0,0.0,4.451975814704768,0.004532024266762918,0.003515359342744068,6.548025753649358,TRACKING distance=6.550 heading_error=-0.004 linear=0.350 angular=-0.005 ,False
47.6,1,11.0,0.0,0.0,4.451975814704768,0.004532024266762918,0.003515359342744068,6.548025753649358,TRACKING distance=6.550 heading_error=-0.004 linear=0.350 angular=-0.005 ,False
47.7,1,11.0,0.0,0.0,4.47115790942663,0.004623016314673786,0.003111069072824494,6.528843727331992,TRACKING distance=6.531 heading_error=-0.004 linear=0.350 angular=-0.005 ,False
47.7,1,11.0,0.0,0.0,4.47115790942663,0.004623016314673786,0.003111069072824494,6.528843727331992,TRACKING distance=6.529 heading_error=-0.004 linear=0.350 angular=-0.005 ,False
47.800000000000004,1,11.0,0.0,0.0,4.490339154999356,0.004710889929289794,0.0026934850135844988,6.509662549581078,TRACKING distance=6.512 heading_error=-0.003 linear=0.350 angular=-0.004 ,False
47.800000000000004,1,11.0,0.0,0.0,4.490339154999356,0.004710889929289794,0.0026934850135844988,6.509662549581078,TRACKING distance=6.510 heading_error=-0.003 linear=0.350 angular=-0.004 ,False
47.900000000000006,1,11.0,0.0,0.0,4.509522705506629,0.004779107079102763,0.002320557948134729,6.490479053983494,TRACKING distance=6.492 heading_error=-0.003 linear=0.350 angular=-0.004 ,False
47.900000000000006,1,11.0,0.0,0.0,4.509522705506629,0.004779107079102763,0.002320557948134729,6.490479053983494,TRACKING distance=6.490 heading_error=-0.003 linear=0.350 angular=-0.004 ,False
48.0,1,11.0,0.0,0.0,4.528703713216149,0.004836217426194675,0.0018529961998201012,6.471298093917591,TRACKING distance=6.473 heading_error=-0.003 linear=0.350 angular=-0.003 ,False
48.0,1,11.0,0.0,0.0,4.528703713216149,0.004836217426194675,0.0018529961998201012,6.471298093917591,TRACKING distance=6.473 heading_error=-0.003 linear=0.350 angular=-0.003 ,False
48.1,1,11.0,0.0,0.0,4.547884550186385,0.004882648183034252,0.0013919545755693994,6.452117297289071,TRACKING distance=6.454 heading_error=-0.002 linear=0.350 angular=-0.003 ,False
48.1,1,11.0,0.0,0.0,4.547884550186385,0.004882648183034252,0.0013919545755693994,6.452117297289071,TRACKING distance=6.454 heading_error=-0.002 linear=0.350 angular=-0.003 ,False
48.2,1,11.0,0.0,0.0,4.567067977578966,0.004920915785101635,0.0009544438528570531,6.432933904565019,TRACKING distance=6.435 heading_error=-0.002 linear=0.350 angular=-0.002 ,False
48.2,1,11.0,0.0,0.0,4.567067977578966,0.004920915785101635,0.0009544438528570531,6.432933904565019,TRACKING distance=6.435 heading_error=-0.002 linear=0.350 angular=-0.002 ,False
48.2,1,11.0,0.0,0.0,4.586253718082084,0.004942486961631244,0.0006035680860146163,6.413748186278696,TRACKING distance=6.416 heading_error=-0.001 linear=0.350 angular=-0.002 ,False
48.2,1,11.0,0.0,0.0,4.586253718082084,0.004942486961631244,0.0006035680860146163,6.413748186278696,TRACKING distance=6.416 heading_error=-0.001 linear=0.350 angular=-0.002 ,False
48.400000000000006,1,11.0,0.0,0.0,4.605434520996479,0.004965414370818508,0.00031674604578130585,6.394567406838668,TRACKING distance=6.396 heading_error=-0.001 linear=0.350 angular=-0.001 ,False
48.400000000000006,1,11.0,0.0,0.0,4.605434520996479,0.004965414370818508,0.00031674604578130585,6.394567406838668,TRACKING distance=6.396 heading_error=-0.001 linear=0.350 angular=-0.001 ,False
48.5,1,11.0,0.0,0.0,4.624616842904056,0.004976734452409607,8.532435614593417e-05,6.375385099558179,TRACKING distance=6.377 heading_error=-0.001 linear=0.350 angular=-0.001 ,False
48.5,1,11.0,0.0,0.0,4.624616842904056,0.004976734452409607,8.532435614593417e-05,6.375385099558179,TRACKING distance=6.377 heading_error=-0.001 linear=0.350 angular=-0.001 ,False
48.6,1,11.0,0.0,0.0,4.643798757330461,0.00498002879454976,-8.171666471081391e-05,6.3562031935740215,TRACKING distance=6.358 heading_error=-0.001 linear=0.350 angular=-0.001 ,False
48.6,1,11.0,0.0,0.0,4.643798757330461,0.00498002879454976,-8.171666471081391e-05,6.3562031935740215,TRACKING distance=6.358 heading_error=-0.001 linear=0.350 angular=-0.001 ,False
48.7,1,11.0,0.0,0.0,4.662979992958196,0.004982936184994415,-0.00017281122538708314,6.337021966136865,TRACKING distance=6.339 heading_error=-0.001 linear=0.350 angular=-0.001 ,False
48.7,1,11.0,0.0,0.0,4.662979992958196,0.004982936184994415,-0.00017281122538708314,6.337021966136865,TRACKING distance=6.339 heading_error=-0.001 linear=0.350 angular=-0.001 ,False
48.800000000000004,1,11.0,0.0,0.0,4.682160382550501,0.0049805835915763715,-0.0002566085402522794,6.31784158063712,TRACKING distance=6.320 heading_error=-0.001 linear=0.350 angular=-0.001 ,False
48.800000000000004,1,11.0,0.0,0.0,4.682160382550501,0.0049805835915763715,-0.0002566085402522794,6.31784158063712,TRACKING distance=6.320 heading_error=-0.001 linear=0.350 angular=-0.001 ,False
48.900000000000006,1,11.0,0.0,0.0,4.701341357922178,0.004978278097029672,-0.00028238826841003997,6.298660609421216,TRACKING distance=6.301 heading_error=-0.001 linear=0.350 angular=-0.001 ,False
48.900000000000006,1,11.0,0.0,0.0,4.701341357922178,0.004978278097029672,-0.00028238826841003997,6.298660609421216,TRACKING distance=6.301 heading_error=-0.001 linear=0.350 angular=-0.001 ,False
49.0,1,11.0,0.0,0.0,4.7205214613403,0.004973977084477526,-0.0002988292449008341,6.279480508603861,TRACKING distance=6.281 heading_error=-0.000 linear=0.350 angular=-0.001 ,False
49.0,1,11.0,0.0,0.0,4.7205214613403,0.004973977084477526,-0.0002988292449008341,6.279480508603861,TRACKING distance=6.281 heading_error=-0.000 linear=0.350 angular=-0.001 ,False
49.1,1,11.0,0.0,0.0,4.739703757334641,0.004978129573671022,-0.00030194408356763,6.260298221946305,TRACKING distance=6.262 heading_error=-0.000 linear=0.350 angular=-0.001 ,False
49.1,1,11.0,0.0,0.0,4.739703757334641,0.004978129573671022,-0.00030194408356763,6.260298221946305,TRACKING distance=6.262 heading_error=-0.000 linear=0.350 angular=-0.001 ,False
49.2,1,11.0,0.0,0.0,4.758885595653857,0.00497824733171991,-0.00029530986878218644,6.241116389804263,TRACKING distance=6.243 heading_error=-0.001 linear=0.350 angular=-0.001 ,False
49.2,1,11.0,0.0,0.0,4.758885595653857,0.00497824733171991,-0.00029530986878218644,6.241116389804263,TRACKING distance=6.243 heading_error=-0.001 linear=0.350 angular=-0.001 ,False
49.300000000000004,1,11.0,0.0,0.0,4.77806969656766,0.004979708181616916,-0.0003101378511066704,6.2219322961812455,TRACKING distance=6.224 heading_error=-0.000 linear=0.350 angular=-0.001 ,False
49.300000000000004,1,11.0,0.0,0.0,4.77806969656766,0.004979708181616916,-0.0003101378511066704,6.2219322961812455,TRACKING distance=6.224 heading_error=-0.000 linear=0.350 angular=-0.001 ,False
49.400000000000006,1,11.0,0.0,0.0,4.797250931224557,0.0049759147697672566,-0.00032700425703551596,6.202751064642399,TRACKING distance=6.203 heading_error=-0.000 linear=0.350 angular=-0.001 ,False
49.400000000000006,1,11.0,0.0,0.0,4.797250931224557,0.0049759147697672566,-0.00032700425703551596,6.202751064642399,TRACKING distance=6.203 heading_error=-0.000 linear=0.350 angular=-0.001 ,False
49.5,1,11.0,0.0,0.0,4.816431700320204,0.004969941876706225,-0.00035679096626178966,6.183570296934218,TRACKING distance=6.185 heading_error=-0.000 linear=0.350 angular=-0.001 ,False
49.5,1,11.0,0.0,0.0,4.816431700320204,0.004969941876706225,-0.00035679096626178966,6.183570296934218,TRACKING distance=6.185 heading_error=-0.000 linear=0.350 angular=-0.001 ,False
49.6,1,11.0,0.0,0.0,4.8356129604420826,0.004962206822767048,-0.0003644660710746077,6.164389036795632,TRACKING distance=6.166 heading_error=-0.000 linear=0.350 angular=-0.001 ,False
49.6,1,11.0,0.0,0.0,4.8356129604420826,0.004962206822767048,-0.0003644660710746077,6.164389036795632,TRACKING distance=6.164 heading_error=-0.000 linear=0.350 angular=-0.001 ,False
49.7,1,11.0,0.0,0.0,4.854795299528516,0.004961445114788022,-0.0003712130698963482,6.145206703328575,TRACKING distance=6.147 heading_error=-0.000 linear=0.350 angular=-0.001 ,False
49.7,1,11.0,0.0,0.0,4.854795299528516,0.004961445114788022,-0.0003712130698963482,6.145206703328575,TRACKING distance=6.147 heading_error=-0.000 linear=0.350 angular=-0.001 ,False
49.800000000000004,1,11.0,0.0,0.0,4.873976851390083,0.004957275156263213,-0.000379554221090716,6.126025154362455,TRACKING distance=6.128 heading_error=-0.000 linear=0.350 angular=-0.001 ,False
49.800000000000004,1,11.0,0.0,0.0,4.873976851390083,0.004957275156263213,-0.000379554221090716,6.126025154362455,TRACKING distance=6.128 heading_error=-0.000 linear=0.350 angular=-0.001 ,False
49.900000000000006,1,11.0,0.0,0.0,4.893157485311586,0.004953187770247846,-0.00036832319447360946,6.106844523424106,TRACKING distance=6.109 heading_error=-0.000 linear=0.350 angular=-0.001 ,False
49.900000000000006,1,11.0,0.0,0.0,4.893157485311586,0.004953187770247846,-0.00036832319447360946,6.106844523424106,TRACKING distance=6.109 heading_error=-0.000 linear=0.350 angular=-0.001 ,False
50.0,1,11.0,0.0,0.0,4.912340349189618,0.004951707136596729,-0.0003545742539892071,6.087661664671284,TRACKING distance=6.090 heading_error=-0.000 linear=0.350 angular=-0.001 ,False
50.0,1,11.0,0.0,0.0,4.912340349189618,0.004951707136596729,-0.0003545742539892071,6.087661664671284,TRACKING distance=6.090 heading_error=-0.000 linear=0.350 angular=-0.001 ,False
50.1,1,11.0,0.0,0.0,4.931522679346199,0.00494266227950575,-0.00035492822001654477,6.0684793335068665,TRACKING distance=6.070 heading_error=-0.000 linear=0.350 angular=-0.001 ,False
50.1,1,11.0,0.0,0.0,4.931522679346199,0.00494266227950575,-0.00035492822001654477,6.0684793335068665,TRACKING distance=6.070 heading_error=-0.000 linear=0.350 angular=-0.001 ,False
50.2,1,11.0,0.0,0.0,4.950706153301232,0.004944245653329873,-0.000377772061878029,6.0492958672289,TRACKING distance=6.051 heading_error=-0.000 linear=0.350 angular=-0.001 ,False
50.2,1,11.0,0.0,0.0,4.950706153301232,0.004944245653329873,-0.000377772061878029,6.0492958672289,TRACKING distance=6.051 heading_error=-0.000 linear=0.350 angular=-0.001 ,False
50.300000000000004,1,11.0,0.0,0.0,4.969891678342474,0.004943596919666865,-0.0003764936548969699,6.0301103480843405,TRACKING distance=6.032 heading_error=-0.000 linear=0.350 angular=-0.001 ,False
50.300000000000004,1,11.0,0.0,0.0,4.969891678342474,0.004943596919666865,-0.0003764936548969699,6.0301103480843405,TRACKING distance=6.032 heading_error=-0.000 linear=0.350 angular=-0.001 ,False
50.400000000000006,1,11.0,0.0,0.0,4.989077119657484,0.004943582537155487,-0.00036111138796437775,6.010924913225375,TRACKING distance=6.013 heading_error=-0.000 linear=0.350 angular=-0.001 ,False
50.400000000000006,1,11.0,0.0,0.0,4.989077119657484,0.004943582537155487,-0.00036111138796437775,6.010924913225375,TRACKING distance=6.013 heading_error=-0.000 linear=0.350 angular=-0.001 ,False
50.5,1,11.0,0.0,0.0,5.008258722591015,0.004943844604627678,-0.000384489520123858,5.991743317016019,TRACKING distance=5.994 heading_error=-0.000 linear=0.350 angular=-0.001 ,False
50.5,1,11.0,0.0,0.0,5.008258722591015,0.004943844604627678,-0.000384489520123858,5.991743317016019,TRACKING distance=5.994 heading_error=-0.000 linear=0.350 angular=-0.001 ,False
50.6,1,11.0,0.0,0.0,5.027437940194565,0.00493914167339355,-0.0003994667324079475,5.972564102071054,TRACKING distance=5.974 heading_error=-0.000 linear=0.350 angular=-0.001 ,False
50.6,1,11.0,0.0,0.0,5.027437940194565,0.00493914167339355,-0.0003994667324079475,5.972564102071054,TRACKING distance=5.974 heading_error=-0.000 linear=0.350 angular=-0.001 ,False
50.7,1,11.0,0.0,0.0,5.046617931772272,0.004936779561882285,-0.00044624792746297863,5.95338411511368,TRACKING distance=5.953 heading_error=-0.000 linear=0.350 angular=-0.000 ,False
50.7,1,11.0,0.0,0.0,5.046617931772272,0.004936779561882285,-0.00044624792746297863,5.95338411511368,TRACKING distance=5.953 heading_error=-0.000 linear=0.350 angular=-0.000 ,False
50.800000000000004,1,11.0,0.0,0.0,5.06579403231517,0.00492790203049236,-0.000467331095911436,5.934208013806448,TRACKING distance=5.936 heading_error=-0.000 linear=0.350 angular=-0.000 ,False
50.800000000000004,1,11.0,0.0,0.0,5.06579403231517,0.00492790203049236,-0.000467331095911436,5.934208013806448,TRACKING distance=5.936 heading_error=-0.000 linear=0.350 angular=-0.000 ,False
50.900000000000006,1,11.0,0.0,0.0,5.084975608138656,0.00491606435885971,-0.0005880658403491499,5.915026434767933,TRACKING distance=5.917 heading_error=-0.000 linear=0.350 angular=-0.000 ,False
50.900000000000006,1,11.0,0.0,0.0,5.084975608138656,0.00491606435885971,-0.0005880658403491499,5.915026434767933,TRACKING distance=5.917 heading_error=-0.000 linear=0.350 angular=-0.000 ,False
51.0,1,11.0,0.0,0.0,5.104148210711698,0.004917482326440504,-0.0005219560829190523,5.8958538400206715,TRACKING distance=5.898 heading_error=-0.000 linear=0.350 angular=-0.000 ,False
51.0,1,11.0,0.0,0.0,5.104148210711698,0.004917482326440504,-0.0005219560829190523,5.8958538400206715,TRACKING distance=5.898 heading_error=-0.000 linear=0.350 angular=-0.000 ,False
51.1,1,11.0,0.0,0.0,5.123324977531091,0.004912828864802109,-0.0005257058941257468,5.876677076001148,TRACKING distance=5.877 heading_error=-0.000 linear=0.350 angular=-0.000 ,False
51.1,1,11.0,0.0,0.0,5.123324977531091,0.004912828864802109,-0.0005257058941257468,5.876677076001148,TRACKING distance=5.877 heading_error=-0.000 linear=0.350 angular=-0.000 ,False
51.2,1,11.0,0.0,0.0,5.1425005512404685,0.0049076822821360454,-0.0004586339570573016,5.857501504700071,TRACKING distance=5.859 heading_error=-0.000 linear=0.350 angular=-0.000 ,False
51.2,1,11.0,0.0,0.0,5.1425005512404685,0.0049076822821360454,-0.0004586339570573016,5.857501504700071,TRACKING distance=5.859 heading_error=-0.000 linear=0.350 angular=-0.000 ,False
51.300000000000004,1,11.0,0.0,0.0,5.161685099152025,0.004910198794331064,-0.0004425048422792386,5.838316965660198,TRACKING distance=5.840 heading_error=-0.000 linear=0.350 angular=-0.000 ,False
51.300000000000004,1,11.0,0.0,0.0,5.161685099152025,0.004910198794331064,-0.0004425048422792386,5.838316965660198,TRACKING distance=5.840 heading_error=-0.000 linear=0.350 angular=-0.000 ,False
51.400000000000006,1,11.0,0.0,0.0,5.180866412011013,0.004900429645755958,-0.00044087034031480016,5.819135651372315,TRACKING distance=5.821 heading_error=-0.000 linear=0.350 angular=-0.000 ,False
51.400000000000006,1,11.0,0.0,0.0,5.180866412011013,0.004900429645755958,-0.00044087034031480016,5.819135651372315,TRACKING distance=5.819 heading_error=-0.000 linear=0.350 angular=-0.000 ,False
51.5,1,11.0,0.0,0.0,5.20004144544177,0.0048886674416979675,-0.0004874892229328697,5.799960614837186,TRACKING distance=5.802 heading_error=-0.000 linear=0.350 angular=-0.000 ,False
51.5,1,11.0,0.0,0.0,5.20004144544177,0.0048886674416979675,-0.0004874892229328697,5.799960614837186,TRACKING distance=5.800 heading_error=-0.000 linear=0.350 angular=-0.000 ,False
51.6,1,11.0,0.0,0.0,5.217294427634173,0.004885592824987386,-0.00048773896976389634,5.782707636193277,TRACKING distance=5.783 heading_error=-0.000 linear=0.350 angular=-0.000 ,False
51.6,1,11.0,0.0,0.0,5.219213745498133,0.0048839461889242895,-0.0004901205304644288,5.780788317623133,TRACKING distance=5.783 heading_error=-0.000 linear=0.350 angular=-0.000 ,False
51.7,1,11.0,0.0,0.0,5.23839097636749,0.00489495485805252,-0.00042427467245970303,5.76161110296301,TRACKING distance=5.764 heading_error=-0.000 linear=0.350 angular=-0.001 ,False
51.7,1,11.0,0.0,0.0,5.23839097636749,0.00489495485805252,-0.00042427467245970303,5.76161110296301,TRACKING distance=5.762 heading_error=-0.000 linear=0.350 angular=-0.001 ,False
51.800000000000004,1,11.0,0.0,0.0,5.257568637743188,0.004896901524718987,-0.0003700003562971365,5.742433450191231,TRACKING distance=5.744 heading_error=-0.000 linear=0.350 angular=-0.001 ,False
51.800000000000004,1,11.0,0.0,0.0,5.257568637743188,0.004896901524718987,-0.0003700003562971365,5.742433450191231,TRACKING distance=5.744 heading_error=-0.000 linear=0.350 angular=-0.001 ,False
51.900000000000006,1,11.0,0.0,0.0,5.276741308052432,0.004900724593400775,-0.00029559381527115573,5.723260790148823,TRACKING distance=5.725 heading_error=-0.001 linear=0.350 angular=-0.001 ,False
51.900000000000006,1,11.0,0.0,0.0,5.276741308052432,0.004900724593400775,-0.00029559381527115573,5.723260790148823,TRACKING distance=5.725 heading_error=-0.001 linear=0.350 angular=-0.001 ,False
52.0,1,11.0,0.0,0.0,5.295917901115593,0.004899331051232387,-0.00031331866613345383,5.70408420294251,TRACKING distance=5.706 heading_error=-0.001 linear=0.350 angular=-0.001 ,False
52.0,1,11.0,0.0,0.0,5.295917901115593,0.004899331051232387,-0.00031331866613345383,5.70408420294251,TRACKING distance=5.706 heading_error=-0.001 linear=0.350 angular=-0.001 ,False
52.1,1,11.0,0.0,0.0,5.313179159968226,0.0048976807441145085,-0.0002908998674926135,5.686822949054803,TRACKING distance=5.687 heading_error=-0.001 linear=0.350 angular=-0.001 ,False
52.1,1,11.0,0.0,0.0,5.3150940325836915,0.004897110969552027,-0.00029023519662801613,5.684908076658883,TRACKING distance=5.687 heading_error=-0.001 linear=0.350 angular=-0.001 ,False
52.2,1,11.0,0.0,0.0,5.334270324031298,0.004899323933932441,-0.00028755359706649034,5.665731794263423,TRACKING distance=5.668 heading_error=-0.001 linear=0.350 angular=-0.001 ,False
52.2,1,11.0,0.0,0.0,5.334270324031298,0.004899323933932441,-0.00028755359706649034,5.665731794263423,TRACKING distance=5.668 heading_error=-0.001 linear=0.350 angular=-0.001 ,False
52.300000000000004,1,11.0,0.0,0.0,5.353446999944011,0.004893864421160623,-0.0003051371291166411,5.64655512081041,TRACKING distance=5.648 heading_error=-0.001 linear=0.350 angular=-0.001 ,False
52.300000000000004,1,11.0,0.0,0.0,5.353446999944011,0.004893864421160623,-0.0003051371291166411,5.64655512081041,TRACKING distance=5.648 heading_error=-0.001 linear=0.350 angular=-0.001 ,False
52.400000000000006,1,11.0,0.0,0.0,5.3726296855077305,0.004900807178752723,-0.000406965265503867,5.627372448518032,TRACKING distance=5.629 heading_error=-0.000 linear=0.350 angular=-0.001 ,False
52.400000000000006,1,11.0,0.0,0.0,5.3726296855077305,0.004900807178752723,-0.000406965265503867,5.627372448518032,TRACKING distance=5.629 heading_error=-0.000 linear=0.350 angular=-0.001 ,False
52.5,1,11.0,0.0,0.0,5.391807436809333,0.00489936152516253,-0.0004568989896026763,5.6081947032508115,TRACKING distance=5.610 heading_error=-0.000 linear=0.350 angular=-0.001 ,False
52.5,1,11.0,0.0,0.0,5.391807436809333,0.00489936152516253,-0.0004568989896026763,5.6081947032508115,TRACKING distance=5.610 heading_error=-0.000 linear=0.350 angular=-0.001 ,False
52.6,1,11.0,0.0,0.0,5.410980983955161,0.004894908118906022,-0.00047057305499710773,5.589021159544514,TRACKING distance=5.591 heading_error=-0.000 linear=0.350 angular=-0.000 ,False
52.6,1,11.0,0.0,0.0,5.410980983955161,0.004894908118906022,-0.00047057305499710773,5.589021159544514,TRACKING distance=5.591 heading_error=-0.000 linear=0.350 angular=-0.000 ,False
52.7,1,11.0,0.0,0.0,5.4301568359023715,0.0048889682046050435,-0.0004838670313597438,5.569845309759975,TRACKING distance=5.572 heading_error=-0.000 linear=0.350 angular=-0.000 ,False
52.7,1,11.0,0.0,0.0,5.4301568359023715,0.0048889682046050435,-0.0004838670313597438,5.569845309759975,TRACKING distance=5.572 heading_error=-0.000 linear=0.350 angular=-0.000 ,False
52.800000000000004,1,11.0,0.0,0.0,5.449332601666908,0.004885595473859385,-0.0004786598444176308,5.550669548438367,TRACKING distance=5.553 heading_error=-0.000 linear=0.350 angular=-0.000 ,False
52.800000000000004,1,11.0,0.0,0.0,5.449332601666908,0.004885595473859385,-0.0004786598444176308,5.550669548438367,TRACKING distance=5.553 heading_error=-0.000 linear=0.350 angular=-0.000 ,False
52.900000000000006,1,11.0,0.0,0.0,5.468514058991745,0.00488215350387136,-0.0005322448845763211,5.531488095530426,TRACKING distance=5.533 heading_error=-0.000 linear=0.350 angular=-0.000 ,False
52.900000000000006,1,11.0,0.0,0.0,5.468514058991745,0.00488215350387136,-0.0005322448845763211,5.531488095530426,TRACKING distance=5.533 heading_error=-0.000 linear=0.350 angular=-0.000 ,False
53.0,1,11.0,0.0,0.0,5.487693899812906,0.0048793420363994425,-0.0005635832950097628,5.512308259716482,TRACKING distance=5.512 heading_error=-0.000 linear=0.350 angular=-0.000 ,False
53.0,1,11.0,0.0,0.0,5.487693899812906,0.0048793420363994425,-0.0005635832950097628,5.512308259716482,TRACKING distance=5.512 heading_error=-0.000 linear=0.350 angular=-0.000 ,False
53.1,1,11.0,0.0,0.0,5.506874783041442,0.004873922453897597,-0.0005447342386559066,5.493127379217242,TRACKING distance=5.495 heading_error=-0.000 linear=0.350 angular=-0.000 ,False
53.1,1,11.0,0.0,0.0,5.506874783041442,0.004873922453897597,-0.0005447342386559066,5.493127379217242,TRACKING distance=5.495 heading_error=-0.000 linear=0.350 angular=-0.000 ,False
53.2,1,11.0,0.0,0.0,5.526056401695989,0.004869127330018945,-0.000610368383367029,5.4739457638722016,TRACKING distance=5.476 heading_error=-0.000 linear=0.350 angular=-0.000 ,False
53.2,1,11.0,0.0,0.0,5.526056401695989,0.004869127330018945,-0.000610368383367029,5.4739457638722016,TRACKING distance=5.476 heading_error=-0.000 linear=0.350 angular=-0.000 ,False
53.300000000000004,1,11.0,0.0,0.0,5.545236002963195,0.004867674124213595,-0.0006057217025903364,5.454766168922396,TRACKING distance=5.457 heading_error=-0.000 linear=0.350 angular=-0.000 ,False
53.300000000000004,1,11.0,0.0,0.0,5.545236002963195,0.004867674124213595,-0.0006057217025903364,5.454766168922396,TRACKING distance=5.457 heading_error=-0.000 linear=0.350 angular=-0.000 ,False
53.400000000000006,1,11.0,0.0,0.0,5.562499356910977,0.004858263790902832,-0.000637545589799716,5.4375028134540395,TRACKING distance=5.438 heading_error=-0.000 linear=0.350 angular=-0.000 ,False
53.400000000000006,1,11.0,0.0,0.0,5.562499356910977,0.004858263790902832,-0.000637545589799716,5.4375028134540395,TRACKING distance=5.438 heading_error=-0.000 linear=0.350 angular=-0.000 ,False
53.5,1,11.0,0.0,0.0,5.583600918535961,0.0048464467672645365,-0.0006919477073892683,5.4164012496980645,TRACKING distance=5.418 heading_error=-0.000 linear=0.350 angular=-0.000 ,False
53.5,1,11.0,0.0,0.0,5.583600918535961,0.0048464467672645365,-0.0006919477073892683,5.4164012496980645,TRACKING distance=5.418 heading_error=-0.000 linear=0.350 angular=-0.000 ,False
53.6,1,11.0,0.0,0.0,5.602781969123907,0.004836453938748194,-0.0007690945229425552,5.39722019785192,TRACKING distance=5.399 heading_error=-0.000 linear=0.350 angular=-0.000 ,False
53.6,1,11.0,0.0,0.0,5.602781969123907,0.004836453938748194,-0.0007690945229425552,5.39722019785192,TRACKING distance=5.399 heading_error=-0.000 linear=0.350 angular=-0.000 ,False
53.7,1,11.0,0.0,0.0,5.621961195123987,0.00483567939516106,-0.0008008878614369246,5.378040978883242,TRACKING distance=5.380 heading_error=-0.000 linear=0.350 angular=-0.000 ,False
53.7,1,11.0,0.0,0.0,5.621961195123987,0.00483567939516106,-0.0008008878614369246,5.378040978883242,TRACKING distance=5.380 heading_error=-0.000 linear=0.350 angular=-0.000 ,False
53.800000000000004,1,11.0,0.0,0.0,5.641139047704422,0.004822959351687766,-0.0008317220680863469,5.358863122619869,TRACKING distance=5.361 heading_error=-0.000 linear=0.350 angular=-0.000 ,False
53.800000000000004,1,11.0,0.0,0.0,5.641139047704422,0.004822959351687766,-0.0008317220680863469,5.358863122619869,TRACKING distance=5.361 heading_error=-0.000 linear=0.350 angular=-0.000 ,False
53.900000000000006,1,11.0,0.0,0.0,5.660317563973652,0.004815619399511289,-0.0008462769809685799,5.339684607521167,TRACKING distance=5.342 heading_error=-0.000 linear=0.350 angular=-0.000 ,False
53.900000000000006,1,11.0,0.0,0.0,5.660317563973652,0.004815619399511289,-0.0008462769809685799,5.339684607521167,TRACKING distance=5.342 heading_error=-0.000 linear=0.350 angular=-0.000 ,False
54.0,1,11.0,0.0,0.0,5.679493469370747,0.0048027189159809,-0.0008779048337903078,5.320508698289809,TRACKING distance=5.322 heading_error=-0.000 linear=0.350 angular=-0.000 ,False
54.0,1,11.0,0.0,0.0,5.679493469370747,0.0048027189159809,-0.0008779048337903078,5.320508698289809,TRACKING distance=5.321 heading_error=-0.000 linear=0.350 angular=-0.000 ,False
54.1,1,11.0,0.0,0.0,5.6967571551348435,0.004800208025178624,-0.0008919160894361628,5.303245017308795,TRACKING distance=5.303 heading_error=-0.000 linear=0.350 angular=-0.000 ,False
54.1,1,11.0,0.0,0.0,5.6967571551348435,0.004800208025178624,-0.0008919160894361628,5.303245017308795,TRACKING distance=5.303 heading_error=-0.000 linear=0.350 angular=-0.000 ,False
54.2,1,11.0,0.0,0.0,5.71784701333782,0.0047862595045644616,-0.0008943312526030746,5.2821551551222194,TRACKING distance=5.284 heading_error=-0.000 linear=0.350 angular=-0.000 ,False
54.2,1,11.0,0.0,0.0,5.71784701333782,0.0047862595045644616,-0.0008943312526030746,5.2821551551222194,TRACKING distance=5.284 heading_error=-0.000 linear=0.350 angular=-0.000 ,False
54.300000000000004,1,11.0,0.0,0.0,5.7370247741237455,0.004796122013055375,-0.0008233822615896007,5.262977411216352,TRACKING distance=5.265 heading_error=-0.000 linear=0.350 angular=-0.000 ,False
54.300000000000004,1,11.0,0.0,0.0,5.7370247741237455,0.004796122013055375,-0.0008233822615896007,5.262977411216352,TRACKING distance=5.265 heading_error=-0.000 linear=0.350 angular=-0.000 ,False
54.400000000000006,1,11.0,0.0,0.0,5.756204887802927,0.004786486996792363,-0.0007656299189948688,5.243797296726838,TRACKING distance=5.246 heading_error=-0.000 linear=0.350 angular=-0.000 ,False
54.400000000000006,1,11.0,0.0,0.0,5.756204887802927,0.004786486996792363,-0.0007656299189948688,5.243797296726838,TRACKING distance=5.244 heading_error=-0.000 linear=0.350 angular=-0.000 ,False
54.5,1,11.0,0.0,0.0,5.775386677712959,0.004776414895863727,-0.0007715949110111743,5.224615505619384,TRACKING distance=5.227 heading_error=-0.000 linear=0.350 angular=-0.000 ,False
54.5,1,11.0,0.0,0.0,5.775386677712959,0.004776414895863727,-0.0007715949110111743,5.224615505619384,TRACKING distance=5.227 heading_error=-0.000 linear=0.350 angular=-0.000 ,False
54.6,1,11.0,0.0,0.0,5.794569059375755,0.004763546975359868,-0.0007957170579612822,5.205433120210843,TRACKING distance=5.207 heading_error=-0.000 linear=0.350 angular=-0.000 ,False
54.6,1,11.0,0.0,0.0,5.794569059375755,0.004763546975359868,-0.0007957170579612822,5.205433120210843,TRACKING distance=5.207 heading_error=-0.000 linear=0.350 angular=-0.000 ,False
54.7,1,11.0,0.0,0.0,5.813746655246803,0.004749900596096434,-0.0008355829530383177,5.186255519883242,TRACKING distance=5.186 heading_error=-0.000 linear=0.350 angular=-0.000 ,False
54.7,1,11.0,0.0,0.0,5.813746655246803,0.004749900596096434,-0.0008355829530383177,5.186255519883242,TRACKING distance=5.186 heading_error=-0.000 linear=0.350 angular=-0.000 ,False
54.800000000000004,1,11.0,0.0,0.0,5.832928615332262,0.004735856315116791,-0.0008827703720776776,5.167073554981312,TRACKING distance=5.169 heading_error=-0.000 linear=0.350 angular=-0.000 ,False
54.800000000000004,1,11.0,0.0,0.0,5.832928615332262,0.004735856315116791,-0.0008827703720776776,5.167073554981312,TRACKING distance=5.169 heading_error=-0.000 linear=0.350 angular=-0.000 ,False
54.900000000000006,1,11.0,0.0,0.0,5.852108178801237,0.004721300019192905,-0.0009374229522001382,5.147893986227667,TRACKING distance=5.150 heading_error=0.000 linear=0.350 angular=0.000 ,False
54.900000000000006,1,11.0,0.0,0.0,5.852108178801237,0.004721300019192905,-0.0009374229522001382,5.147893986227667,TRACKING distance=5.150 heading_error=0.000 linear=0.350 angular=0.000 ,False
55.0,1,11.0,0.0,0.0,5.871293046943011,0.004709024531781809,-0.0010061136801173497,5.128709114898909,TRACKING distance=5.131 heading_error=0.000 linear=0.350 angular=0.000 ,False
55.0,1,11.0,0.0,0.0,5.871293046943011,0.004709024531781809,-0.0010061136801173497,5.128709114898909,TRACKING distance=5.131 heading_error=0.000 linear=0.350 angular=0.000 ,False
55.1,1,11.0,0.0,0.0,5.890472416006445,0.004691302030168671,-0.0010441739337931379,5.109529737647659,TRACKING distance=5.110 heading_error=0.000 linear=0.350 angular=0.000 ,False
55.1,1,11.0,0.0,0.0,5.890472416006445,0.004691302030168671,-0.0010441739337931379,5.109529737647659,TRACKING distance=5.110 heading_error=0.000 linear=0.350 angular=0.000 ,False
55.2,1,11.0,0.0,0.0,5.909659880824196,0.004676469590769533,-0.0011256204536156053,5.0903422672997705,TRACKING distance=5.092 heading_error=0.000 linear=0.350 angular=0.000 ,False
55.2,1,11.0,0.0,0.0,5.909659880824196,0.004676469590769533,-0.0011256204536156053,5.0903422672997705,TRACKING distance=5.092 heading_error=0.000 linear=0.350 angular=0.000 ,False
55.300000000000004,1,11.0,0.0,0.0,5.928845756872229,0.00464829029707917,-0.0011740093902005524,5.071156373470994,TRACKING distance=5.073 heading_error=0.000 linear=0.350 angular=0.000 ,False
55.300000000000004,1,11.0,0.0,0.0,5.928845756872229,0.00464829029707917,-0.0011740093902005524,5.071156373470994,TRACKING distance=5.073 heading_error=0.000 linear=0.350 angular=0.000 ,False
55.400000000000006,1,11.0,0.0,0.0,5.948027921474981,0.004635875868818686,-0.0012247152274826732,5.051974205549892,TRACKING distance=5.054 heading_error=0.000 linear=0.350 angular=0.000 ,False
55.400000000000006,1,11.0,0.0,0.0,5.948027921474981,0.004635875868818686,-0.0012247152274826732,5.051974205549892,TRACKING distance=5.054 heading_error=0.000 linear=0.350 angular=0.000 ,False
